# Blender 4.0.1
# www.blender.org
mtllib building_block_2x3.mtl
o building_block_2x3
v -0.285477 1.468482 -0.971445
v -0.283839 1.476638 -0.975373
v -0.283019 1.468482 -1.004184
v -0.281947 1.476638 -1.004184
v -0.283839 1.476638 -1.032996
v -0.278805 1.484239 -1.004184
v -0.280725 1.484239 -1.033405
v -0.273808 1.490765 -1.004184
v -0.275770 1.490765 -1.034056
v -0.267295 1.495773 -1.004184
v -0.269313 1.495773 -1.034904
v -0.259711 1.498921 -1.004184
v -0.261794 1.498921 -1.035892
v -0.251572 1.499995 -1.004184
v -0.254020 1.499995 -1.039123
v -0.289484 1.476638 -0.947054
v -0.292798 1.468482 -0.939437
v -0.298785 1.476638 -0.919713
v -0.304818 1.468482 -0.908875
v -0.311582 1.476638 -0.893817
v -0.321268 1.468482 -0.880442
v -0.327657 1.476638 -0.869810
v -0.341781 1.468482 -0.854774
v -0.346734 1.476638 -0.848101
v -0.365898 1.468482 -0.832443
v -0.368488 1.476638 -0.829064
v -0.393081 1.468482 -0.813949
v -0.392545 1.476638 -0.813023
v -0.418496 1.476638 -0.800252
v -0.417293 1.484239 -0.797356
v -0.445081 1.484239 -0.787943
v -0.443788 1.490765 -0.783126
v -0.473210 1.490765 -0.777286
v -0.472360 1.495773 -0.770842
v -0.503144 1.495773 -0.768829
v -0.503144 1.498921 -0.761260
v -0.534918 1.498921 -0.763339
v -0.529440 1.499995 -0.754514
v -0.564005 1.499995 -0.760595
v -0.566149 1.498921 -0.769538
v -0.597385 1.499995 -0.771418
v -0.596302 1.498921 -0.779752
v -0.628930 1.499995 -0.786772
v -0.624861 1.498921 -0.793806
v -0.651337 1.498921 -0.811460
v -0.621068 1.495773 -0.800360
v -0.646720 1.495773 -0.817464
v -0.617812 1.490765 -0.805989
v -0.642755 1.490765 -0.822620
v -0.615313 1.484239 -0.810308
v -0.639713 1.484239 -0.826577
v -0.613743 1.476638 -0.813023
v -0.637800 1.476638 -0.829064
v -0.613207 1.468482 -0.813949
v -0.640390 1.468482 -0.832443
v -0.422723 1.468482 -0.799704
v -0.445894 1.476638 -0.790971
v -0.473862 1.484239 -0.782230
v -0.503144 1.490765 -0.775328
v -0.533928 1.495773 -0.770842
v -0.454161 1.468482 -0.790026
v -0.474272 1.476638 -0.785338
v -0.503144 1.484239 -0.780315
v -0.533078 1.490765 -0.777286
v -0.564186 1.495773 -0.776848
v -0.486694 1.468482 -0.785133
v -0.503144 1.476638 -0.783450
v -0.532426 1.484239 -0.782230
v -0.562501 1.490765 -0.783126
v -0.593399 1.495773 -0.786744
v -0.519594 1.468482 -0.785133
v -0.532016 1.476638 -0.785338
v -0.561207 1.484239 -0.787943
v -0.590907 1.490765 -0.792748
v -0.552127 1.468482 -0.790026
v -0.560394 1.476638 -0.790971
v -0.588995 1.484239 -0.797356
v -0.583565 1.468482 -0.799704
v -0.587792 1.476638 -0.800252
v -0.659554 1.476638 -0.848101
v -0.664507 1.468482 -0.854774
v -0.678631 1.476638 -0.869810
v -0.685020 1.468482 -0.880442
v -0.694706 1.476638 -0.893817
v -0.701470 1.468482 -0.908875
v -0.707503 1.476638 -0.919713
v -0.713490 1.468482 -0.939437
v -0.716804 1.476638 -0.947054
v -0.720811 1.468482 -0.971445
v -0.722449 1.476638 -0.975373
v -0.723270 1.468482 -1.004184
v -0.724341 1.476638 -1.004184
v -0.722449 1.476638 -1.032996
v -0.725563 1.484239 -1.033405
v -0.719838 1.484239 -1.062126
v -0.724666 1.490765 -1.063417
v -0.715023 1.490765 -1.091764
v -0.721040 1.495773 -1.094251
v -0.707395 1.495773 -1.121862
v -0.713963 1.498921 -1.125646
v -0.696272 1.498921 -1.152067
v -0.706670 1.499995 -1.151745
v -0.684110 1.499995 -1.178575
v -0.675277 1.498921 -1.175958
v -0.658027 1.499995 -1.202011
v -0.651337 1.498921 -1.196909
v -0.628930 1.499995 -1.221596
v -0.624861 1.498921 -1.214563
v -0.596302 1.498921 -1.228617
v -0.621068 1.495773 -1.208008
v -0.593399 1.495773 -1.221624
v -0.617812 1.490765 -1.202380
v -0.590907 1.490765 -1.215620
v -0.615313 1.484239 -1.198061
v -0.588995 1.484239 -1.211013
v -0.613743 1.476638 -1.195346
v -0.587792 1.476638 -1.208116
v -0.613207 1.468482 -1.194420
v -0.583565 1.468482 -1.208665
v -0.720811 1.468482 -1.036924
v -0.716804 1.476638 -1.061315
v -0.710406 1.484239 -1.089855
v -0.701755 1.490765 -1.118613
v -0.690255 1.495773 -1.147460
v -0.713490 1.468482 -1.068932
v -0.707503 1.476638 -1.088656
v -0.697427 1.484239 -1.116119
v -0.685088 1.490765 -1.143503
v -0.669914 1.495773 -1.170606
v -0.701470 1.468482 -1.099493
v -0.694706 1.476638 -1.114552
v -0.681124 1.484239 -1.140467
v -0.665309 1.490765 -1.166010
v -0.646720 1.495773 -1.190904
v -0.685020 1.468482 -1.127926
v -0.678631 1.476638 -1.138559
v -0.661775 1.484239 -1.162484
v -0.642755 1.490765 -1.185748
v -0.664507 1.468482 -1.153594
v -0.659554 1.476638 -1.160267
v -0.639713 1.484239 -1.181792
v -0.640390 1.468482 -1.175925
v -0.637800 1.476638 -1.179305
v -0.560394 1.476638 -1.217397
v -0.552127 1.468482 -1.218342
v -0.532016 1.476638 -1.223030
v -0.519594 1.468482 -1.223235
v -0.503144 1.476638 -1.224919
v -0.486694 1.468482 -1.223235
v -0.474272 1.476638 -1.223030
v -0.454161 1.468482 -1.218342
v -0.445894 1.476638 -1.217397
v -0.422723 1.468482 -1.208665
v -0.418496 1.476638 -1.208116
v -0.393081 1.468482 -1.194420
v -0.392545 1.476638 -1.195346
v -0.368488 1.476638 -1.179305
v -0.366575 1.484239 -1.181792
v -0.344513 1.484239 -1.162484
v -0.340979 1.490765 -1.166010
v -0.321200 1.490765 -1.143503
v -0.316033 1.495773 -1.147460
v -0.298893 1.495773 -1.121862
v -0.292325 1.498921 -1.125646
v -0.278241 1.498921 -1.097147
v -0.273322 1.499995 -1.106294
v -0.261317 1.499995 -1.073382
v -0.268006 1.498921 -1.067058
v -0.365898 1.468482 -1.175925
v -0.346734 1.476638 -1.160267
v -0.325164 1.484239 -1.140467
v -0.304533 1.490765 -1.118613
v -0.285248 1.495773 -1.094251
v -0.341781 1.468482 -1.153594
v -0.327657 1.476638 -1.138559
v -0.308861 1.484239 -1.116119
v -0.291265 1.490765 -1.091764
v -0.275332 1.495773 -1.065099
v -0.321268 1.468482 -1.127926
v -0.311582 1.476638 -1.114552
v -0.295882 1.484239 -1.089855
v -0.281622 1.490765 -1.063417
v -0.304818 1.468482 -1.099493
v -0.298785 1.476638 -1.088656
v -0.286450 1.484239 -1.062126
v -0.292798 1.468482 -1.068932
v -0.289484 1.476638 -1.061315
v -0.285477 1.468482 -1.036924
v -0.289799 1.499995 -1.137218
v -0.310016 1.498921 -1.152067
v -0.336374 1.495773 -1.170606
v -0.363533 1.490765 -1.185748
v -0.390975 1.484239 -1.198061
v -0.310429 1.499995 -1.165553
v -0.331011 1.498921 -1.175958
v -0.359568 1.495773 -1.190904
v -0.388476 1.490765 -1.202380
v -0.417293 1.484239 -1.211013
v -0.334810 1.499995 -1.190748
v -0.354951 1.498921 -1.196909
v -0.385220 1.495773 -1.208008
v -0.415381 1.490765 -1.215620
v -0.445081 1.484239 -1.220426
v -0.362467 1.499995 -1.212311
v -0.381427 1.498921 -1.214563
v -0.412889 1.495773 -1.221624
v -0.443788 1.490765 -1.225243
v -0.473862 1.484239 -1.226138
v -0.392862 1.499995 -1.229823
v -0.409986 1.498921 -1.228617
v -0.442102 1.495773 -1.231520
v -0.473210 1.490765 -1.231083
v -0.503144 1.484239 -1.228054
v -0.425404 1.499995 -1.242943
v -0.440139 1.498921 -1.238831
v -0.472360 1.495773 -1.237526
v -0.503144 1.490765 -1.233041
v -0.532426 1.484239 -1.226138
v -0.459459 1.499995 -1.251416
v -0.471370 1.498921 -1.245030
v -0.503144 1.495773 -1.239540
v -0.533078 1.490765 -1.231083
v -0.561207 1.484239 -1.220426
v -0.494364 1.499995 -1.255077
v -0.503144 1.498921 -1.247108
v -0.533928 1.495773 -1.237526
v -0.562501 1.490765 -1.225243
v -0.529440 1.499995 -1.253855
v -0.534918 1.498921 -1.245030
v -0.564186 1.495773 -1.231520
v -0.564005 1.499995 -1.247773
v -0.566149 1.498921 -1.238831
v -0.597385 1.499995 -1.236950
v -0.725269 1.499995 -1.122043
v -0.728047 1.498921 -1.097147
v -0.730956 1.495773 -1.065099
v -0.730518 1.490765 -1.034056
v -0.727483 1.484239 -1.004184
v -0.739544 1.499995 -1.090047
v -0.738282 1.498921 -1.067058
v -0.736975 1.495773 -1.034904
v -0.732480 1.490765 -1.004184
v -0.725563 1.484239 -0.974963
v -0.749219 1.499995 -1.056380
v -0.744494 1.498921 -1.035892
v -0.738993 1.495773 -1.004184
v -0.730518 1.490765 -0.974313
v -0.719838 1.484239 -0.946243
v -0.754103 1.499995 -1.021696
v -0.746577 1.498921 -1.004184
v -0.736975 1.495773 -0.973464
v -0.724666 1.490765 -0.944952
v -0.710406 1.484239 -0.918513
v -0.754103 1.499995 -0.986672
v -0.744494 1.498921 -0.972476
v -0.730956 1.495773 -0.943270
v -0.715023 1.490765 -0.916605
v -0.697427 1.484239 -0.892250
v -0.749219 1.499995 -0.951989
v -0.738282 1.498921 -0.941311
v -0.721040 1.495773 -0.914118
v -0.701755 1.490765 -0.889756
v -0.681124 1.484239 -0.867901
v -0.739544 1.499995 -0.918322
v -0.728047 1.498921 -0.911221
v -0.707395 1.495773 -0.886506
v -0.685088 1.490765 -0.864865
v -0.661775 1.484239 -0.845885
v -0.725269 1.499995 -0.886325
v -0.713963 1.498921 -0.882722
v -0.690255 1.495773 -0.860909
v -0.665309 1.490765 -0.842358
v -0.706670 1.499995 -0.856623
v -0.696272 1.498921 -0.856301
v -0.669914 1.495773 -0.837763
v -0.684110 1.499995 -0.829793
v -0.675277 1.498921 -0.832411
v -0.658027 1.499995 -0.806357
v -0.494364 1.499995 -0.753291
v -0.471370 1.498921 -0.763339
v -0.442102 1.495773 -0.776848
v -0.415381 1.490765 -0.792748
v -0.390975 1.484239 -0.810308
v -0.459459 1.499995 -0.756952
v -0.440139 1.498921 -0.769538
v -0.412889 1.495773 -0.786744
v -0.388476 1.490765 -0.805989
v -0.366575 1.484239 -0.826577
v -0.425404 1.499995 -0.765425
v -0.409986 1.498921 -0.779752
v -0.385220 1.495773 -0.800360
v -0.363533 1.490765 -0.822620
v -0.344513 1.484239 -0.845885
v -0.392862 1.499995 -0.778546
v -0.381427 1.498921 -0.793806
v -0.359568 1.495773 -0.817464
v -0.340979 1.490765 -0.842358
v -0.325164 1.484239 -0.867901
v -0.362467 1.499995 -0.796058
v -0.354951 1.498921 -0.811460
v -0.336374 1.495773 -0.837763
v -0.321200 1.490765 -0.864865
v -0.308861 1.484239 -0.892250
v -0.334810 1.499995 -0.817621
v -0.331011 1.498921 -0.832411
v -0.316033 1.495773 -0.860909
v -0.304533 1.490765 -0.889756
v -0.295882 1.484239 -0.918513
v -0.310429 1.499995 -0.842815
v -0.310016 1.498921 -0.856301
v -0.298893 1.495773 -0.886506
v -0.291265 1.490765 -0.916605
v -0.286450 1.484239 -0.946243
v -0.289799 1.499995 -0.871150
v -0.292325 1.498921 -0.882722
v -0.285248 1.495773 -0.914118
v -0.281622 1.490765 -0.944952
v -0.280725 1.484239 -0.974963
v -0.273322 1.499995 -0.902075
v -0.278241 1.498921 -0.911221
v -0.275332 1.495773 -0.943270
v -0.275770 1.490765 -0.974313
v -0.261317 1.499995 -0.934987
v -0.268006 1.498921 -0.941311
v -0.269313 1.495773 -0.973464
v -0.254020 1.499995 -0.969245
v -0.261794 1.498921 -0.972476
v -0.238234 1.499995 -0.968632
v -0.235849 1.499995 -1.004184
v -0.238234 1.499995 -1.039737
v -0.245346 1.499995 -1.074655
v -0.257059 1.499995 -1.108315
v -0.273163 1.499995 -1.140118
v -0.293371 1.499995 -1.169494
v -0.317322 1.499995 -1.195921
v -0.344590 1.499995 -1.218926
v -0.374687 1.499995 -1.238099
v -0.407076 1.499995 -1.253097
v -0.441180 1.499995 -1.263654
v -0.476389 1.499995 -1.269581
v -0.512076 1.499995 -1.270772
v -0.547603 1.499995 -1.267205
v -0.582337 1.499995 -1.258945
v -0.615658 1.499995 -1.246138
v -0.646971 1.499995 -1.229014
v -0.675717 1.499995 -1.207878
v -0.701384 1.499995 -1.183107
v -0.723513 1.499995 -1.155143
v -0.741710 1.499995 -1.124485
v -0.755650 1.499995 -1.091680
v -0.765083 1.499995 -1.057314
v -0.769842 1.499995 -1.022000
v -0.769842 1.499995 -0.986368
v -0.765083 1.499995 -0.951054
v -0.755650 1.499995 -0.916688
v -0.741710 1.499995 -0.883883
v -0.723513 1.499995 -0.853226
v -0.701384 1.499995 -0.825262
v -0.675717 1.499995 -0.800490
v -0.646971 1.499995 -0.779354
v -0.615658 1.499995 -0.762230
v -0.582337 1.499995 -0.749424
v -0.547603 1.499995 -0.741163
v -0.512076 1.499995 -0.737597
v -0.476389 1.499995 -0.738787
v -0.441180 1.499995 -0.744714
v -0.407076 1.499995 -0.755271
v -0.374687 1.499995 -0.770270
v -0.344590 1.499995 -0.789443
v -0.317322 1.499995 -0.812448
v -0.293371 1.499995 -0.838874
v -0.273163 1.499995 -0.868251
v -0.257059 1.499995 -0.900053
v -0.245346 1.499995 -0.933714
v -0.285477 1.210080 -0.971445
v -0.283019 1.210080 -1.004184
v -0.285477 1.210080 -1.036924
v -0.292798 1.210080 -1.068932
v -0.304818 1.210080 -1.099493
v -0.321268 1.210080 -1.127926
v -0.341781 1.210080 -1.153594
v -0.365898 1.210080 -1.175925
v -0.393081 1.210080 -1.194420
v -0.422723 1.210080 -1.208665
v -0.454161 1.210080 -1.218342
v -0.486694 1.210080 -1.223235
v -0.519594 1.210080 -1.223235
v -0.552127 1.210080 -1.218342
v -0.583565 1.210080 -1.208665
v -0.613207 1.210080 -1.194420
v -0.640390 1.210080 -1.175925
v -0.664507 1.210080 -1.153594
v -0.685020 1.210080 -1.127926
v -0.701470 1.210080 -1.099493
v -0.713490 1.210080 -1.068932
v -0.720811 1.210080 -1.036924
v -0.723270 1.210080 -1.004184
v -0.720811 1.210080 -0.971445
v -0.713490 1.210080 -0.939437
v -0.701470 1.210080 -0.908875
v -0.685020 1.210080 -0.880442
v -0.664507 1.210080 -0.854774
v -0.640390 1.210080 -0.832443
v -0.613207 1.210080 -0.813949
v -0.583565 1.210080 -0.799704
v -0.552127 1.210080 -0.790026
v -0.519594 1.210080 -0.785133
v -0.486694 1.210080 -0.785133
v -0.454161 1.210080 -0.790026
v -0.422723 1.210080 -0.799704
v -0.393081 1.210080 -0.813949
v -0.365898 1.210080 -0.832443
v -0.341781 1.210080 -0.854774
v -0.321268 1.210080 -0.880442
v -0.304818 1.210080 -0.908875
v -0.292798 1.210080 -0.939437
v -0.206855 1.468482 -1.042307
v -0.206085 1.476638 -1.023216
v -0.204402 1.468482 -1.004184
v -0.206085 1.476638 -0.985152
v -0.206855 1.468482 -0.966062
v -0.210963 1.476638 -0.947401
v -0.214173 1.468482 -0.928566
v -0.220638 1.476638 -0.910582
v -0.226235 1.468482 -0.892311
v -0.234952 1.476638 -0.875300
v -0.242845 1.468482 -0.857893
v -0.253670 1.476638 -0.842134
v -0.263728 1.468482 -0.825877
v -0.276484 1.476638 -0.811629
v -0.288543 1.468482 -0.796789
v -0.303020 1.476638 -0.784286
v -0.316882 1.468482 -0.771107
v -0.332842 1.476638 -0.760554
v -0.348279 1.468482 -0.749252
v -0.365460 1.476638 -0.740822
v -0.382218 1.468482 -0.731582
v -0.400339 1.476638 -0.725414
v -0.418144 1.468482 -0.718389
v -0.436906 1.476638 -0.714584
v -0.455465 1.468482 -0.709888
v -0.474561 1.476638 -0.708509
v -0.493569 1.468482 -0.706220
v -0.512685 1.476638 -0.707289
v -0.531830 1.468482 -0.707445
v -0.550652 1.476638 -0.710944
v -0.569620 1.468482 -0.713542
v -0.587839 1.476638 -0.719414
v -0.606319 1.468482 -0.724411
v -0.623636 1.476638 -0.732560
v -0.641324 1.468482 -0.739874
v -0.657454 1.476638 -0.750166
v -0.674059 1.468482 -0.759677
v -0.688738 1.476638 -0.771943
v -0.703988 1.468482 -0.783495
v -0.716975 1.476638 -0.797533
v -0.730620 1.468482 -0.810936
v -0.741701 1.476638 -0.826517
v -0.753516 1.468482 -0.841551
v -0.762510 1.476638 -0.858418
v -0.772301 1.468482 -0.874836
v -0.779060 1.476638 -0.892712
v -0.786667 1.468482 -0.910245
v -0.791079 1.476638 -0.928837
v -0.796377 1.468482 -0.947197
v -0.798370 1.476638 -0.966199
v -0.801272 1.468482 -0.985084
v -0.800814 1.476638 -1.004184
v -0.801272 1.468482 -1.023285
v -0.798370 1.476638 -1.042170
v -0.796377 1.468482 -1.061172
v -0.791079 1.476638 -1.079532
v -0.786667 1.468482 -1.098123
v -0.779060 1.476638 -1.115656
v -0.772301 1.468482 -1.133532
v -0.762510 1.476638 -1.149951
v -0.753516 1.468482 -1.166818
v -0.741701 1.476638 -1.181852
v -0.730620 1.468482 -1.197432
v -0.716975 1.476638 -1.210835
v -0.703988 1.468482 -1.224874
v -0.688738 1.476638 -1.236426
v -0.674059 1.468482 -1.248692
v -0.657454 1.476638 -1.258203
v -0.641324 1.468482 -1.268495
v -0.623636 1.476638 -1.275809
v -0.606319 1.468482 -1.283958
v -0.587839 1.476638 -1.288955
v -0.569620 1.468482 -1.294827
v -0.550652 1.476638 -1.297425
v -0.531830 1.468482 -1.300924
v -0.512685 1.476638 -1.301080
v -0.493569 1.468482 -1.302148
v -0.474561 1.476638 -1.299860
v -0.455465 1.468482 -1.298480
v -0.436906 1.476638 -1.293784
v -0.418144 1.468482 -1.289980
v -0.400339 1.476638 -1.282954
v -0.382218 1.468482 -1.276786
v -0.365460 1.476638 -1.267547
v -0.348279 1.468482 -1.259117
v -0.332842 1.476638 -1.247815
v -0.316882 1.468482 -1.237262
v -0.303020 1.476638 -1.224082
v -0.288543 1.468482 -1.211579
v -0.276484 1.476638 -1.196739
v -0.263728 1.468482 -1.182491
v -0.253670 1.476638 -1.166234
v -0.242845 1.468482 -1.150476
v -0.234952 1.476638 -1.133069
v -0.226235 1.468482 -1.116058
v -0.220638 1.476638 -1.097787
v -0.214173 1.468482 -1.079803
v -0.210963 1.476638 -1.060968
v -0.228276 1.498921 -0.986574
v -0.228276 1.498921 -1.021795
v -0.232789 1.498921 -1.056726
v -0.241742 1.498921 -1.090794
v -0.254986 1.498921 -1.123441
v -0.272306 1.498921 -1.154129
v -0.293416 1.498921 -1.182355
v -0.317969 1.498921 -1.207656
v -0.345564 1.498921 -1.229615
v -0.375745 1.498921 -1.247874
v -0.408019 1.498921 -1.262130
v -0.441854 1.498921 -1.272151
v -0.476696 1.498921 -1.277773
v -0.511972 1.498921 -1.278901
v -0.547103 1.498921 -1.275519
v -0.512215 1.495773 -1.286466
v -0.548314 1.495773 -1.282991
v -0.512424 1.490765 -1.292962
v -0.549353 1.490765 -1.289407
v -0.512584 1.484239 -1.297946
v -0.550151 1.484239 -1.294330
v -0.232789 1.498921 -0.951643
v -0.241742 1.498921 -0.917574
v -0.254986 1.498921 -0.884928
v -0.272306 1.498921 -0.854239
v -0.293416 1.498921 -0.826013
v -0.317969 1.498921 -0.800713
v -0.345564 1.498921 -0.778753
v -0.375745 1.498921 -0.760495
v -0.408019 1.498921 -0.746238
v -0.441854 1.498921 -0.736217
v -0.476696 1.498921 -0.730596
v -0.511972 1.498921 -0.729467
v -0.547103 1.498921 -0.732849
v -0.548314 1.495773 -0.725378
v -0.583671 1.495773 -0.733431
v -0.585524 1.490765 -0.727200
v -0.620341 1.490765 -0.739987
v -0.622364 1.484239 -0.735427
v -0.655826 1.484239 -0.752847
v -0.581513 1.498921 -0.740686
v -0.617705 1.495773 -0.745930
v -0.653235 1.490765 -0.757111
v -0.686780 1.484239 -0.774394
v -0.614635 1.498921 -0.752850
v -0.649859 1.495773 -0.762669
v -0.683664 1.490765 -0.778293
v -0.714719 1.484239 -0.799714
v -0.645927 1.498921 -0.769141
v -0.679603 1.495773 -0.783374
v -0.711129 1.490765 -0.803184
v -0.739183 1.484239 -0.828392
v -0.674874 1.498921 -0.789291
v -0.706450 1.495773 -0.807705
v -0.735178 1.490765 -0.831375
v -0.759772 1.484239 -0.859956
v -0.701002 1.498921 -0.812970
v -0.729959 1.495773 -0.835262
v -0.755418 1.490765 -0.862403
v -0.776148 1.484239 -0.893888
v -0.723881 1.498921 -0.839789
v -0.749743 1.495773 -0.865593
v -0.771515 1.490765 -0.895760
v -0.788040 1.484239 -0.929632
v -0.743135 1.498921 -0.869306
v -0.765479 1.495773 -0.898199
v -0.783206 1.490765 -0.930897
v -0.795255 1.484239 -0.966600
v -0.758449 1.498921 -0.901039
v -0.776906 1.495773 -0.932545
v -0.790298 1.490765 -0.967237
v -0.797673 1.484239 -1.004184
v -0.769570 1.498921 -0.934465
v -0.783839 1.495773 -0.968068
v -0.792675 1.490765 -1.004184
v -0.795255 1.484239 -1.041769
v -0.776317 1.498921 -0.969036
v -0.786163 1.495773 -1.004184
v -0.790298 1.490765 -1.041131
v -0.788040 1.484239 -1.078737
v -0.778578 1.498921 -1.004184
v -0.783839 1.495773 -1.040300
v -0.783206 1.490765 -1.077472
v -0.776148 1.484239 -1.114480
v -0.776317 1.498921 -1.039332
v -0.776906 1.495773 -1.075823
v -0.771515 1.490765 -1.112609
v -0.759772 1.484239 -1.148412
v -0.769570 1.498921 -1.073903
v -0.765479 1.495773 -1.110170
v -0.755418 1.490765 -1.145965
v -0.739183 1.484239 -1.179977
v -0.758449 1.498921 -1.107329
v -0.749743 1.495773 -1.142776
v -0.735178 1.490765 -1.176994
v -0.714719 1.484239 -1.208654
v -0.743135 1.498921 -1.139062
v -0.729959 1.495773 -1.173107
v -0.711129 1.490765 -1.205185
v -0.686780 1.484239 -1.233975
v -0.723881 1.498921 -1.168580
v -0.706450 1.495773 -1.200664
v -0.683664 1.490765 -1.230076
v -0.655826 1.484239 -1.255522
v -0.701002 1.498921 -1.195398
v -0.679603 1.495773 -1.224994
v -0.653235 1.490765 -1.251257
v -0.622364 1.484239 -1.272942
v -0.674874 1.498921 -1.219077
v -0.649859 1.495773 -1.245700
v -0.620341 1.490765 -1.268382
v -0.586946 1.484239 -1.285949
v -0.645927 1.498921 -1.239227
v -0.617705 1.495773 -1.262439
v -0.585524 1.490765 -1.281168
v -0.614635 1.498921 -1.255518
v -0.583671 1.495773 -1.274938
v -0.581513 1.498921 -1.267682
v -0.209220 1.484239 -1.023015
v -0.209220 1.484239 -0.985353
v -0.214047 1.484239 -0.948000
v -0.223620 1.484239 -0.911570
v -0.237783 1.484239 -0.876660
v -0.256303 1.484239 -0.843845
v -0.278876 1.484239 -0.813662
v -0.305132 1.484239 -0.786607
v -0.334639 1.484239 -0.763125
v -0.366913 1.484239 -0.743601
v -0.401424 1.484239 -0.728356
v -0.437605 1.484239 -0.717640
v -0.474862 1.484239 -0.711630
v -0.512584 1.484239 -0.710422
v -0.550151 1.484239 -0.714039
v -0.586946 1.484239 -0.722419
v -0.214208 1.490765 -1.022696
v -0.214208 1.490765 -0.985673
v -0.218952 1.490765 -0.948954
v -0.228363 1.490765 -0.913141
v -0.242285 1.490765 -0.878824
v -0.260491 1.490765 -0.846565
v -0.282682 1.490765 -0.816894
v -0.308492 1.490765 -0.790299
v -0.337498 1.490765 -0.767215
v -0.369225 1.490765 -0.748023
v -0.403150 1.490765 -0.733036
v -0.438717 1.490765 -0.722502
v -0.475342 1.490765 -0.716593
v -0.512424 1.490765 -0.715407
v -0.549353 1.490765 -0.718962
v -0.214047 1.484239 -1.060368
v -0.223620 1.484239 -1.096799
v -0.237783 1.484239 -1.131708
v -0.256303 1.484239 -1.164524
v -0.278876 1.484239 -1.194707
v -0.305132 1.484239 -1.221762
v -0.334639 1.484239 -1.245244
v -0.366913 1.484239 -1.264767
v -0.401424 1.484239 -1.280012
v -0.437605 1.484239 -1.290728
v -0.474862 1.484239 -1.296739
v -0.220707 1.495773 -1.022279
v -0.220707 1.495773 -0.986089
v -0.225345 1.495773 -0.950196
v -0.234544 1.495773 -0.915189
v -0.248153 1.495773 -0.881644
v -0.265950 1.495773 -0.850111
v -0.287641 1.495773 -0.821107
v -0.312870 1.495773 -0.795110
v -0.341224 1.495773 -0.772546
v -0.372237 1.495773 -0.753785
v -0.405399 1.495773 -0.739136
v -0.440166 1.495773 -0.728839
v -0.475968 1.495773 -0.723063
v -0.512215 1.495773 -0.721903
v -0.218952 1.490765 -1.059415
v -0.228363 1.490765 -1.095227
v -0.242285 1.490765 -1.129544
v -0.260491 1.490765 -1.161803
v -0.282682 1.490765 -1.191474
v -0.308492 1.490765 -1.218070
v -0.337498 1.490765 -1.241153
v -0.369225 1.490765 -1.260346
v -0.403150 1.490765 -1.275332
v -0.438717 1.490765 -1.285866
v -0.475342 1.490765 -1.291775
v -0.225345 1.495773 -1.058173
v -0.234544 1.495773 -1.093179
v -0.248153 1.495773 -1.126725
v -0.265950 1.495773 -1.158258
v -0.287641 1.495773 -1.187261
v -0.312870 1.495773 -1.213259
v -0.341224 1.495773 -1.235823
v -0.372237 1.495773 -1.254584
v -0.405399 1.495773 -1.269233
v -0.440166 1.495773 -1.279530
v -0.475968 1.495773 -1.285306
v -0.206855 1.210080 -1.042307
v -0.204402 1.210080 -1.004184
v -0.206855 1.210080 -0.966062
v -0.214173 1.210080 -0.928565
v -0.226235 1.210080 -0.892311
v -0.242845 1.210080 -0.857893
v -0.263728 1.210080 -0.825877
v -0.288543 1.210080 -0.796789
v -0.316882 1.210080 -0.771107
v -0.348279 1.210080 -0.749252
v -0.382218 1.210080 -0.731582
v -0.418144 1.210080 -0.718389
v -0.455465 1.210080 -0.709888
v -0.493569 1.210080 -0.706220
v -0.531830 1.210080 -0.707445
v -0.569620 1.210080 -0.713541
v -0.606319 1.210080 -0.724411
v -0.641324 1.210080 -0.739874
v -0.674059 1.210080 -0.759677
v -0.703988 1.210080 -0.783495
v -0.730620 1.210080 -0.810936
v -0.753516 1.210080 -0.841551
v -0.772301 1.210080 -0.874836
v -0.786667 1.210080 -0.910245
v -0.796377 1.210080 -0.947197
v -0.801272 1.210080 -0.985084
v -0.801272 1.210080 -1.023285
v -0.796377 1.210080 -1.061172
v -0.786667 1.210080 -1.098123
v -0.772301 1.210080 -1.133532
v -0.753516 1.210080 -1.166818
v -0.730620 1.210080 -1.197432
v -0.703988 1.210080 -1.224874
v -0.674059 1.210080 -1.248692
v -0.641324 1.210080 -1.268495
v -0.606319 1.210080 -1.283958
v -0.569620 1.210080 -1.294827
v -0.531830 1.210080 -1.300924
v -0.493569 1.210080 -1.302148
v -0.455465 1.210080 -1.298480
v -0.418144 1.210080 -1.289980
v -0.382218 1.210080 -1.276786
v -0.348279 1.210080 -1.259117
v -0.316882 1.210080 -1.237262
v -0.288543 1.210080 -1.211579
v -0.263728 1.210080 -1.182491
v -0.242845 1.210080 -1.150476
v -0.226235 1.210080 -1.116058
v -0.214173 1.210080 -1.079803
v 0.720811 1.468482 -0.971445
v 0.722449 1.476638 -0.975373
v 0.723270 1.468482 -1.004184
v 0.724341 1.476638 -1.004184
v 0.722449 1.476638 -1.032996
v 0.727483 1.484239 -1.004184
v 0.725563 1.484239 -1.033405
v 0.732480 1.490765 -1.004184
v 0.730518 1.490765 -1.034056
v 0.738993 1.495773 -1.004184
v 0.736975 1.495773 -1.034904
v 0.746577 1.498921 -1.004184
v 0.744494 1.498921 -1.035892
v 0.754716 1.499995 -1.004184
v 0.752268 1.499995 -1.039123
v 0.716804 1.476638 -0.947054
v 0.713490 1.468482 -0.939437
v 0.707503 1.476638 -0.919713
v 0.701470 1.468482 -0.908875
v 0.694706 1.476638 -0.893817
v 0.685020 1.468482 -0.880442
v 0.678631 1.476638 -0.869810
v 0.664507 1.468482 -0.854774
v 0.659554 1.476638 -0.848101
v 0.640390 1.468482 -0.832443
v 0.637800 1.476638 -0.829064
v 0.613207 1.468482 -0.813949
v 0.613743 1.476638 -0.813023
v 0.587792 1.476638 -0.800252
v 0.588995 1.484239 -0.797356
v 0.561207 1.484239 -0.787943
v 0.562501 1.490765 -0.783126
v 0.533078 1.490765 -0.777286
v 0.533928 1.495773 -0.770842
v 0.503144 1.495773 -0.768829
v 0.503144 1.498921 -0.761260
v 0.471370 1.498921 -0.763339
v 0.476848 1.499995 -0.754514
v 0.442283 1.499995 -0.760595
v 0.440139 1.498921 -0.769538
v 0.408903 1.499995 -0.771418
v 0.409986 1.498921 -0.779752
v 0.377358 1.499995 -0.786772
v 0.381427 1.498921 -0.793806
v 0.354951 1.498921 -0.811460
v 0.385220 1.495773 -0.800360
v 0.359568 1.495773 -0.817464
v 0.388476 1.490765 -0.805989
v 0.363533 1.490765 -0.822620
v 0.390975 1.484239 -0.810308
v 0.366575 1.484239 -0.826577
v 0.392545 1.476638 -0.813023
v 0.368488 1.476638 -0.829064
v 0.393081 1.468482 -0.813949
v 0.365898 1.468482 -0.832443
v 0.583565 1.468482 -0.799704
v 0.560394 1.476638 -0.790971
v 0.532426 1.484239 -0.782230
v 0.503144 1.490765 -0.775328
v 0.472360 1.495773 -0.770842
v 0.552127 1.468482 -0.790026
v 0.532016 1.476638 -0.785338
v 0.503144 1.484239 -0.780315
v 0.473210 1.490765 -0.777286
v 0.442102 1.495773 -0.776848
v 0.519594 1.468482 -0.785133
v 0.503144 1.476638 -0.783450
v 0.473862 1.484239 -0.782230
v 0.443788 1.490765 -0.783126
v 0.412889 1.495773 -0.786744
v 0.486694 1.468482 -0.785133
v 0.474272 1.476638 -0.785338
v 0.445081 1.484239 -0.787943
v 0.415381 1.490765 -0.792748
v 0.454161 1.468482 -0.790026
v 0.445894 1.476638 -0.790971
v 0.417293 1.484239 -0.797356
v 0.422723 1.468482 -0.799704
v 0.418496 1.476638 -0.800252
v 0.346734 1.476638 -0.848101
v 0.341781 1.468482 -0.854774
v 0.327657 1.476638 -0.869810
v 0.321268 1.468482 -0.880442
v 0.311582 1.476638 -0.893817
v 0.304818 1.468482 -0.908875
v 0.298785 1.476638 -0.919713
v 0.292798 1.468482 -0.939437
v 0.289484 1.476638 -0.947054
v 0.285477 1.468482 -0.971445
v 0.283839 1.476638 -0.975373
v 0.283019 1.468482 -1.004184
v 0.281947 1.476638 -1.004184
v 0.283839 1.476638 -1.032996
v 0.280725 1.484239 -1.033405
v 0.286450 1.484239 -1.062126
v 0.281622 1.490765 -1.063417
v 0.291265 1.490765 -1.091764
v 0.285248 1.495773 -1.094251
v 0.298893 1.495773 -1.121862
v 0.292325 1.498921 -1.125646
v 0.310016 1.498921 -1.152067
v 0.299618 1.499995 -1.151745
v 0.322178 1.499995 -1.178575
v 0.331011 1.498921 -1.175958
v 0.348261 1.499995 -1.202011
v 0.354951 1.498921 -1.196909
v 0.377358 1.499995 -1.221596
v 0.381427 1.498921 -1.214563
v 0.409986 1.498921 -1.228617
v 0.385220 1.495773 -1.208008
v 0.412889 1.495773 -1.221624
v 0.388476 1.490765 -1.202380
v 0.415381 1.490765 -1.215620
v 0.390975 1.484239 -1.198061
v 0.417293 1.484239 -1.211013
v 0.392545 1.476638 -1.195346
v 0.418496 1.476638 -1.208116
v 0.393081 1.468482 -1.194420
v 0.422723 1.468482 -1.208665
v 0.285477 1.468482 -1.036924
v 0.289484 1.476638 -1.061315
v 0.295882 1.484239 -1.089855
v 0.304533 1.490765 -1.118613
v 0.316033 1.495773 -1.147460
v 0.292798 1.468482 -1.068932
v 0.298785 1.476638 -1.088656
v 0.308861 1.484239 -1.116119
v 0.321200 1.490765 -1.143503
v 0.336374 1.495773 -1.170606
v 0.304818 1.468482 -1.099493
v 0.311582 1.476638 -1.114552
v 0.325164 1.484239 -1.140467
v 0.340979 1.490765 -1.166010
v 0.359568 1.495773 -1.190904
v 0.321268 1.468482 -1.127926
v 0.327657 1.476638 -1.138559
v 0.344513 1.484239 -1.162484
v 0.363533 1.490765 -1.185748
v 0.341781 1.468482 -1.153594
v 0.346734 1.476638 -1.160267
v 0.366575 1.484239 -1.181792
v 0.365898 1.468482 -1.175925
v 0.368488 1.476638 -1.179305
v 0.445894 1.476638 -1.217397
v 0.454161 1.468482 -1.218342
v 0.474272 1.476638 -1.223030
v 0.486694 1.468482 -1.223235
v 0.503144 1.476638 -1.224919
v 0.519594 1.468482 -1.223235
v 0.532016 1.476638 -1.223030
v 0.552127 1.468482 -1.218342
v 0.560394 1.476638 -1.217397
v 0.583565 1.468482 -1.208665
v 0.587792 1.476638 -1.208116
v 0.613207 1.468482 -1.194420
v 0.613743 1.476638 -1.195346
v 0.637800 1.476638 -1.179305
v 0.639713 1.484239 -1.181792
v 0.661775 1.484239 -1.162484
v 0.665309 1.490765 -1.166010
v 0.685088 1.490765 -1.143503
v 0.690255 1.495773 -1.147460
v 0.707395 1.495773 -1.121862
v 0.713963 1.498921 -1.125646
v 0.728047 1.498921 -1.097147
v 0.732966 1.499995 -1.106294
v 0.744971 1.499995 -1.073382
v 0.738282 1.498921 -1.067058
v 0.640390 1.468482 -1.175925
v 0.659554 1.476638 -1.160267
v 0.681124 1.484239 -1.140467
v 0.701755 1.490765 -1.118613
v 0.721040 1.495773 -1.094251
v 0.664507 1.468482 -1.153594
v 0.678631 1.476638 -1.138559
v 0.697427 1.484239 -1.116119
v 0.715023 1.490765 -1.091764
v 0.730956 1.495773 -1.065099
v 0.685020 1.468482 -1.127926
v 0.694706 1.476638 -1.114552
v 0.710406 1.484239 -1.089855
v 0.724666 1.490765 -1.063417
v 0.701470 1.468482 -1.099493
v 0.707503 1.476638 -1.088656
v 0.719838 1.484239 -1.062126
v 0.713490 1.468482 -1.068932
v 0.716804 1.476638 -1.061315
v 0.720811 1.468482 -1.036924
v 0.716489 1.499995 -1.137218
v 0.696272 1.498921 -1.152067
v 0.669914 1.495773 -1.170606
v 0.642755 1.490765 -1.185748
v 0.615313 1.484239 -1.198061
v 0.695859 1.499995 -1.165553
v 0.675277 1.498921 -1.175958
v 0.646720 1.495773 -1.190904
v 0.617812 1.490765 -1.202380
v 0.588995 1.484239 -1.211013
v 0.671479 1.499995 -1.190748
v 0.651337 1.498921 -1.196909
v 0.621068 1.495773 -1.208008
v 0.590907 1.490765 -1.215620
v 0.561207 1.484239 -1.220426
v 0.643821 1.499995 -1.212311
v 0.624861 1.498921 -1.214563
v 0.593399 1.495773 -1.221624
v 0.562501 1.490765 -1.225243
v 0.532426 1.484239 -1.226138
v 0.613426 1.499995 -1.229823
v 0.596302 1.498921 -1.228617
v 0.564186 1.495773 -1.231520
v 0.533078 1.490765 -1.231083
v 0.503144 1.484239 -1.228054
v 0.580884 1.499995 -1.242943
v 0.566149 1.498921 -1.238831
v 0.533928 1.495773 -1.237526
v 0.503144 1.490765 -1.233041
v 0.473862 1.484239 -1.226138
v 0.546829 1.499995 -1.251416
v 0.534918 1.498921 -1.245030
v 0.503144 1.495773 -1.239540
v 0.473210 1.490765 -1.231083
v 0.445081 1.484239 -1.220426
v 0.511924 1.499995 -1.255077
v 0.503144 1.498921 -1.247108
v 0.472360 1.495773 -1.237526
v 0.443788 1.490765 -1.225243
v 0.476848 1.499995 -1.253855
v 0.471370 1.498921 -1.245030
v 0.442102 1.495773 -1.231520
v 0.442283 1.499995 -1.247773
v 0.440139 1.498921 -1.238831
v 0.408903 1.499995 -1.236950
v 0.281019 1.499995 -1.122043
v 0.278241 1.498921 -1.097147
v 0.275332 1.495773 -1.065099
v 0.275770 1.490765 -1.034056
v 0.278805 1.484239 -1.004184
v 0.266744 1.499995 -1.090047
v 0.268006 1.498921 -1.067058
v 0.269313 1.495773 -1.034904
v 0.273808 1.490765 -1.004184
v 0.280725 1.484239 -0.974963
v 0.257069 1.499995 -1.056380
v 0.261794 1.498921 -1.035892
v 0.267295 1.495773 -1.004184
v 0.275770 1.490765 -0.974313
v 0.286450 1.484239 -0.946243
v 0.252185 1.499995 -1.021696
v 0.259711 1.498921 -1.004184
v 0.269313 1.495773 -0.973464
v 0.281622 1.490765 -0.944952
v 0.295882 1.484239 -0.918513
v 0.252185 1.499995 -0.986672
v 0.261794 1.498921 -0.972476
v 0.275332 1.495773 -0.943270
v 0.291265 1.490765 -0.916605
v 0.308861 1.484239 -0.892250
v 0.257069 1.499995 -0.951989
v 0.268006 1.498921 -0.941311
v 0.285248 1.495773 -0.914118
v 0.304533 1.490765 -0.889756
v 0.325164 1.484239 -0.867901
v 0.266744 1.499995 -0.918322
v 0.278241 1.498921 -0.911221
v 0.298893 1.495773 -0.886506
v 0.321200 1.490765 -0.864865
v 0.344513 1.484239 -0.845885
v 0.281019 1.499995 -0.886325
v 0.292325 1.498921 -0.882722
v 0.316033 1.495773 -0.860909
v 0.340979 1.490765 -0.842358
v 0.299618 1.499995 -0.856623
v 0.310016 1.498921 -0.856301
v 0.336374 1.495773 -0.837763
v 0.322178 1.499995 -0.829793
v 0.331011 1.498921 -0.832411
v 0.348261 1.499995 -0.806357
v 0.511924 1.499995 -0.753291
v 0.534918 1.498921 -0.763339
v 0.564186 1.495773 -0.776848
v 0.590907 1.490765 -0.792748
v 0.615313 1.484239 -0.810308
v 0.546829 1.499995 -0.756952
v 0.566149 1.498921 -0.769538
v 0.593399 1.495773 -0.786744
v 0.617812 1.490765 -0.805989
v 0.639713 1.484239 -0.826577
v 0.580884 1.499995 -0.765425
v 0.596302 1.498921 -0.779752
v 0.621068 1.495773 -0.800360
v 0.642755 1.490765 -0.822620
v 0.661775 1.484239 -0.845885
v 0.613426 1.499995 -0.778546
v 0.624861 1.498921 -0.793806
v 0.646720 1.495773 -0.817464
v 0.665309 1.490765 -0.842358
v 0.681124 1.484239 -0.867901
v 0.643821 1.499995 -0.796058
v 0.651337 1.498921 -0.811460
v 0.669914 1.495773 -0.837763
v 0.685088 1.490765 -0.864865
v 0.697427 1.484239 -0.892250
v 0.671479 1.499995 -0.817621
v 0.675277 1.498921 -0.832411
v 0.690255 1.495773 -0.860909
v 0.701755 1.490765 -0.889756
v 0.710406 1.484239 -0.918513
v 0.695859 1.499995 -0.842815
v 0.696272 1.498921 -0.856301
v 0.707395 1.495773 -0.886506
v 0.715023 1.490765 -0.916605
v 0.719838 1.484239 -0.946243
v 0.716489 1.499995 -0.871150
v 0.713963 1.498921 -0.882722
v 0.721040 1.495773 -0.914118
v 0.724666 1.490765 -0.944952
v 0.725563 1.484239 -0.974963
v 0.732966 1.499995 -0.902075
v 0.728047 1.498921 -0.911221
v 0.730956 1.495773 -0.943270
v 0.730518 1.490765 -0.974313
v 0.744971 1.499995 -0.934987
v 0.738282 1.498921 -0.941311
v 0.736975 1.495773 -0.973464
v 0.752268 1.499995 -0.969245
v 0.744494 1.498921 -0.972476
v 0.768054 1.499995 -0.968632
v 0.770439 1.499995 -1.004184
v 0.768054 1.499995 -1.039737
v 0.760942 1.499995 -1.074655
v 0.749229 1.499995 -1.108315
v 0.733125 1.499995 -1.140118
v 0.712917 1.499995 -1.169494
v 0.688966 1.499995 -1.195921
v 0.661698 1.499995 -1.218926
v 0.631601 1.499995 -1.238099
v 0.599212 1.499995 -1.253097
v 0.565108 1.499995 -1.263654
v 0.529899 1.499995 -1.269581
v 0.494212 1.499995 -1.270772
v 0.458685 1.499995 -1.267205
v 0.423951 1.499995 -1.258945
v 0.390630 1.499995 -1.246138
v 0.359317 1.499995 -1.229014
v 0.330571 1.499995 -1.207878
v 0.304904 1.499995 -1.183107
v 0.282775 1.499995 -1.155143
v 0.264578 1.499995 -1.124485
v 0.250638 1.499995 -1.091680
v 0.241205 1.499995 -1.057314
v 0.236446 1.499995 -1.022000
v 0.236446 1.499995 -0.986368
v 0.241205 1.499995 -0.951054
v 0.250638 1.499995 -0.916688
v 0.264578 1.499995 -0.883883
v 0.282775 1.499995 -0.853226
v 0.304904 1.499995 -0.825262
v 0.330571 1.499995 -0.800490
v 0.359317 1.499995 -0.779354
v 0.390630 1.499995 -0.762230
v 0.423951 1.499995 -0.749424
v 0.458685 1.499995 -0.741163
v 0.494212 1.499995 -0.737597
v 0.529899 1.499995 -0.738787
v 0.565108 1.499995 -0.744714
v 0.599212 1.499995 -0.755271
v 0.631601 1.499995 -0.770270
v 0.661698 1.499995 -0.789443
v 0.688966 1.499995 -0.812448
v 0.712917 1.499995 -0.838874
v 0.733125 1.499995 -0.868251
v 0.749229 1.499995 -0.900053
v 0.760942 1.499995 -0.933714
v 0.720811 1.210080 -0.971445
v 0.723270 1.210080 -1.004184
v 0.720811 1.210080 -1.036924
v 0.713490 1.210080 -1.068932
v 0.701470 1.210080 -1.099493
v 0.685020 1.210080 -1.127926
v 0.664507 1.210080 -1.153594
v 0.640390 1.210080 -1.175925
v 0.613207 1.210080 -1.194420
v 0.583565 1.210080 -1.208665
v 0.552127 1.210080 -1.218342
v 0.519594 1.210080 -1.223235
v 0.486694 1.210080 -1.223235
v 0.454161 1.210080 -1.218342
v 0.422723 1.210080 -1.208665
v 0.393081 1.210080 -1.194420
v 0.365898 1.210080 -1.175925
v 0.341781 1.210080 -1.153594
v 0.321268 1.210080 -1.127926
v 0.304818 1.210080 -1.099493
v 0.292798 1.210080 -1.068932
v 0.285477 1.210080 -1.036924
v 0.283019 1.210080 -1.004184
v 0.285477 1.210080 -0.971445
v 0.292798 1.210080 -0.939437
v 0.304818 1.210080 -0.908875
v 0.321268 1.210080 -0.880442
v 0.341781 1.210080 -0.854774
v 0.365898 1.210080 -0.832443
v 0.393081 1.210080 -0.813949
v 0.422723 1.210080 -0.799704
v 0.454161 1.210080 -0.790026
v 0.486694 1.210080 -0.785133
v 0.519594 1.210080 -0.785133
v 0.552127 1.210080 -0.790026
v 0.583565 1.210080 -0.799704
v 0.613207 1.210080 -0.813949
v 0.640390 1.210080 -0.832443
v 0.664507 1.210080 -0.854774
v 0.685020 1.210080 -0.880442
v 0.701470 1.210080 -0.908875
v 0.713490 1.210080 -0.939437
v 0.799433 1.468482 -1.042307
v 0.800203 1.476638 -1.023216
v 0.801886 1.468482 -1.004184
v 0.800203 1.476638 -0.985152
v 0.799433 1.468482 -0.966062
v 0.795325 1.476638 -0.947401
v 0.792115 1.468482 -0.928566
v 0.785650 1.476638 -0.910582
v 0.780053 1.468482 -0.892311
v 0.771336 1.476638 -0.875300
v 0.763443 1.468482 -0.857893
v 0.752618 1.476638 -0.842134
v 0.742560 1.468482 -0.825877
v 0.729804 1.476638 -0.811629
v 0.717745 1.468482 -0.796789
v 0.703268 1.476638 -0.784286
v 0.689406 1.468482 -0.771107
v 0.673446 1.476638 -0.760554
v 0.658010 1.468482 -0.749252
v 0.640828 1.476638 -0.740822
v 0.624070 1.468482 -0.731582
v 0.605949 1.476638 -0.725414
v 0.588144 1.468482 -0.718389
v 0.569382 1.476638 -0.714584
v 0.550823 1.468482 -0.709888
v 0.531727 1.476638 -0.708509
v 0.512719 1.468482 -0.706220
v 0.493603 1.476638 -0.707289
v 0.474458 1.468482 -0.707445
v 0.455636 1.476638 -0.710944
v 0.436668 1.468482 -0.713542
v 0.418449 1.476638 -0.719414
v 0.399969 1.468482 -0.724411
v 0.382652 1.476638 -0.732560
v 0.364965 1.468482 -0.739874
v 0.348834 1.476638 -0.750166
v 0.332229 1.468482 -0.759677
v 0.317550 1.476638 -0.771943
v 0.302300 1.468482 -0.783495
v 0.289313 1.476638 -0.797533
v 0.275668 1.468482 -0.810936
v 0.264587 1.476638 -0.826517
v 0.252772 1.468482 -0.841551
v 0.243778 1.476638 -0.858418
v 0.233987 1.468482 -0.874836
v 0.227228 1.476638 -0.892712
v 0.219621 1.468482 -0.910245
v 0.215209 1.476638 -0.928837
v 0.209911 1.468482 -0.947197
v 0.207918 1.476638 -0.966199
v 0.205016 1.468482 -0.985084
v 0.205474 1.476638 -1.004184
v 0.205016 1.468482 -1.023285
v 0.207918 1.476638 -1.042170
v 0.209911 1.468482 -1.061172
v 0.215209 1.476638 -1.079532
v 0.219621 1.468482 -1.098123
v 0.227228 1.476638 -1.115656
v 0.233987 1.468482 -1.133532
v 0.243778 1.476638 -1.149951
v 0.252772 1.468482 -1.166818
v 0.264587 1.476638 -1.181852
v 0.275668 1.468482 -1.197432
v 0.289313 1.476638 -1.210835
v 0.302300 1.468482 -1.224874
v 0.317550 1.476638 -1.236426
v 0.332229 1.468482 -1.248692
v 0.348834 1.476638 -1.258203
v 0.364965 1.468482 -1.268495
v 0.382652 1.476638 -1.275809
v 0.399969 1.468482 -1.283958
v 0.418449 1.476638 -1.288955
v 0.436668 1.468482 -1.294827
v 0.455636 1.476638 -1.297425
v 0.474458 1.468482 -1.300924
v 0.493603 1.476638 -1.301080
v 0.512719 1.468482 -1.302148
v 0.531727 1.476638 -1.299860
v 0.550823 1.468482 -1.298480
v 0.569382 1.476638 -1.293784
v 0.588144 1.468482 -1.289980
v 0.605949 1.476638 -1.282954
v 0.624070 1.468482 -1.276786
v 0.640828 1.476638 -1.267547
v 0.658010 1.468482 -1.259117
v 0.673446 1.476638 -1.247815
v 0.689406 1.468482 -1.237262
v 0.703268 1.476638 -1.224082
v 0.717745 1.468482 -1.211579
v 0.729804 1.476638 -1.196739
v 0.742560 1.468482 -1.182491
v 0.752618 1.476638 -1.166234
v 0.763443 1.468482 -1.150476
v 0.771336 1.476638 -1.133069
v 0.780053 1.468482 -1.116058
v 0.785650 1.476638 -1.097787
v 0.792115 1.468482 -1.079803
v 0.795325 1.476638 -1.060968
v 0.778012 1.498921 -0.986574
v 0.778012 1.498921 -1.021795
v 0.773499 1.498921 -1.056726
v 0.764546 1.498921 -1.090794
v 0.751302 1.498921 -1.123441
v 0.733982 1.498921 -1.154129
v 0.712872 1.498921 -1.182355
v 0.688319 1.498921 -1.207656
v 0.660725 1.498921 -1.229615
v 0.630543 1.498921 -1.247874
v 0.598269 1.498921 -1.262130
v 0.564434 1.498921 -1.272151
v 0.529592 1.498921 -1.277773
v 0.494316 1.498921 -1.278901
v 0.459185 1.498921 -1.275519
v 0.494073 1.495773 -1.286466
v 0.457974 1.495773 -1.282991
v 0.493864 1.490765 -1.292962
v 0.456935 1.490765 -1.289407
v 0.493704 1.484239 -1.297946
v 0.456137 1.484239 -1.294330
v 0.773499 1.498921 -0.951643
v 0.764546 1.498921 -0.917574
v 0.751302 1.498921 -0.884928
v 0.733982 1.498921 -0.854239
v 0.712872 1.498921 -0.826013
v 0.688319 1.498921 -0.800713
v 0.660725 1.498921 -0.778753
v 0.630543 1.498921 -0.760495
v 0.598269 1.498921 -0.746238
v 0.564434 1.498921 -0.736217
v 0.529592 1.498921 -0.730596
v 0.494316 1.498921 -0.729467
v 0.459185 1.498921 -0.732849
v 0.457974 1.495773 -0.725378
v 0.422617 1.495773 -0.733431
v 0.420764 1.490765 -0.727200
v 0.385947 1.490765 -0.739987
v 0.383924 1.484239 -0.735427
v 0.350463 1.484239 -0.752847
v 0.424775 1.498921 -0.740686
v 0.388583 1.495773 -0.745930
v 0.353053 1.490765 -0.757111
v 0.319508 1.484239 -0.774394
v 0.391653 1.498921 -0.752850
v 0.356429 1.495773 -0.762669
v 0.322624 1.490765 -0.778293
v 0.291570 1.484239 -0.799714
v 0.360361 1.498921 -0.769141
v 0.326685 1.495773 -0.783374
v 0.295159 1.490765 -0.803184
v 0.267105 1.484239 -0.828392
v 0.331414 1.498921 -0.789291
v 0.299838 1.495773 -0.807705
v 0.271110 1.490765 -0.831375
v 0.246516 1.484239 -0.859956
v 0.305286 1.498921 -0.812970
v 0.276329 1.495773 -0.835262
v 0.250870 1.490765 -0.862403
v 0.230140 1.484239 -0.893888
v 0.282407 1.498921 -0.839789
v 0.256545 1.495773 -0.865593
v 0.234773 1.490765 -0.895760
v 0.218248 1.484239 -0.929632
v 0.263153 1.498921 -0.869306
v 0.240809 1.495773 -0.898199
v 0.223082 1.490765 -0.930897
v 0.211033 1.484239 -0.966600
v 0.247839 1.498921 -0.901039
v 0.229382 1.495773 -0.932545
v 0.215990 1.490765 -0.967237
v 0.208615 1.484239 -1.004184
v 0.236718 1.498921 -0.934465
v 0.222449 1.495773 -0.968068
v 0.213613 1.490765 -1.004184
v 0.211033 1.484239 -1.041769
v 0.229971 1.498921 -0.969036
v 0.220126 1.495773 -1.004184
v 0.215990 1.490765 -1.041131
v 0.218248 1.484239 -1.078737
v 0.227710 1.498921 -1.004184
v 0.222449 1.495773 -1.040300
v 0.223082 1.490765 -1.077472
v 0.230140 1.484239 -1.114480
v 0.229971 1.498921 -1.039332
v 0.229382 1.495773 -1.075823
v 0.234773 1.490765 -1.112609
v 0.246516 1.484239 -1.148412
v 0.236718 1.498921 -1.073903
v 0.240809 1.495773 -1.110170
v 0.250870 1.490765 -1.145965
v 0.267105 1.484239 -1.179977
v 0.247839 1.498921 -1.107329
v 0.256545 1.495773 -1.142776
v 0.271110 1.490765 -1.176994
v 0.291570 1.484239 -1.208654
v 0.263153 1.498921 -1.139062
v 0.276329 1.495773 -1.173107
v 0.295159 1.490765 -1.205185
v 0.319508 1.484239 -1.233975
v 0.282407 1.498921 -1.168580
v 0.299838 1.495773 -1.200664
v 0.322624 1.490765 -1.230076
v 0.350463 1.484239 -1.255522
v 0.305286 1.498921 -1.195398
v 0.326685 1.495773 -1.224994
v 0.353053 1.490765 -1.251257
v 0.383924 1.484239 -1.272942
v 0.331414 1.498921 -1.219077
v 0.356429 1.495773 -1.245700
v 0.385947 1.490765 -1.268382
v 0.419342 1.484239 -1.285949
v 0.360361 1.498921 -1.239227
v 0.388583 1.495773 -1.262439
v 0.420764 1.490765 -1.281168
v 0.391653 1.498921 -1.255518
v 0.422617 1.495773 -1.274938
v 0.424775 1.498921 -1.267682
v 0.797068 1.484239 -1.023015
v 0.797068 1.484239 -0.985353
v 0.792241 1.484239 -0.948000
v 0.782668 1.484239 -0.911570
v 0.768505 1.484239 -0.876660
v 0.749985 1.484239 -0.843845
v 0.727412 1.484239 -0.813662
v 0.701156 1.484239 -0.786607
v 0.671649 1.484239 -0.763125
v 0.639375 1.484239 -0.743601
v 0.604864 1.484239 -0.728356
v 0.568683 1.484239 -0.717640
v 0.531426 1.484239 -0.711630
v 0.493704 1.484239 -0.710422
v 0.456137 1.484239 -0.714039
v 0.419342 1.484239 -0.722419
v 0.792080 1.490765 -1.022696
v 0.792080 1.490765 -0.985673
v 0.787336 1.490765 -0.948954
v 0.777925 1.490765 -0.913141
v 0.764003 1.490765 -0.878824
v 0.745797 1.490765 -0.846565
v 0.723606 1.490765 -0.816894
v 0.697796 1.490765 -0.790299
v 0.668790 1.490765 -0.767215
v 0.637063 1.490765 -0.748023
v 0.603138 1.490765 -0.733036
v 0.567571 1.490765 -0.722502
v 0.530946 1.490765 -0.716593
v 0.493864 1.490765 -0.715407
v 0.456935 1.490765 -0.718962
v 0.792241 1.484239 -1.060368
v 0.782668 1.484239 -1.096799
v 0.768505 1.484239 -1.131708
v 0.749985 1.484239 -1.164524
v 0.727412 1.484239 -1.194707
v 0.701156 1.484239 -1.221762
v 0.671649 1.484239 -1.245244
v 0.639375 1.484239 -1.264767
v 0.604864 1.484239 -1.280012
v 0.568683 1.484239 -1.290728
v 0.531426 1.484239 -1.296739
v 0.785581 1.495773 -1.022279
v 0.785581 1.495773 -0.986089
v 0.780943 1.495773 -0.950196
v 0.771744 1.495773 -0.915189
v 0.758135 1.495773 -0.881644
v 0.740339 1.495773 -0.850111
v 0.718647 1.495773 -0.821107
v 0.693418 1.495773 -0.795110
v 0.665064 1.495773 -0.772546
v 0.634051 1.495773 -0.753785
v 0.600889 1.495773 -0.739136
v 0.566122 1.495773 -0.728839
v 0.530320 1.495773 -0.723063
v 0.494073 1.495773 -0.721903
v 0.787336 1.490765 -1.059415
v 0.777925 1.490765 -1.095227
v 0.764003 1.490765 -1.129544
v 0.745797 1.490765 -1.161803
v 0.723606 1.490765 -1.191474
v 0.697796 1.490765 -1.218070
v 0.668790 1.490765 -1.241153
v 0.637063 1.490765 -1.260346
v 0.603138 1.490765 -1.275332
v 0.567571 1.490765 -1.285866
v 0.530946 1.490765 -1.291775
v 0.780943 1.495773 -1.058173
v 0.771744 1.495773 -1.093179
v 0.758135 1.495773 -1.126725
v 0.740339 1.495773 -1.158258
v 0.718647 1.495773 -1.187261
v 0.693418 1.495773 -1.213259
v 0.665064 1.495773 -1.235823
v 0.634051 1.495773 -1.254584
v 0.600889 1.495773 -1.269233
v 0.566122 1.495773 -1.279530
v 0.530320 1.495773 -1.285306
v 0.799433 1.210080 -1.042307
v 0.801886 1.210080 -1.004184
v 0.799433 1.210080 -0.966062
v 0.792115 1.210080 -0.928565
v 0.780053 1.210080 -0.892311
v 0.763443 1.210080 -0.857893
v 0.742560 1.210080 -0.825877
v 0.717745 1.210080 -0.796789
v 0.689406 1.210080 -0.771107
v 0.658010 1.210080 -0.749252
v 0.624070 1.210080 -0.731582
v 0.588144 1.210080 -0.718389
v 0.550823 1.210080 -0.709888
v 0.512719 1.210080 -0.706220
v 0.474458 1.210080 -0.707445
v 0.436668 1.210080 -0.713541
v 0.399969 1.210080 -0.724411
v 0.364965 1.210080 -0.739874
v 0.332229 1.210080 -0.759677
v 0.302300 1.210080 -0.783495
v 0.275668 1.210080 -0.810936
v 0.252772 1.210080 -0.841551
v 0.233987 1.210080 -0.874836
v 0.219621 1.210080 -0.910245
v 0.209911 1.210080 -0.947197
v 0.205016 1.210080 -0.985084
v 0.205016 1.210080 -1.023285
v 0.209911 1.210080 -1.061172
v 0.219621 1.210080 -1.098123
v 0.233987 1.210080 -1.133532
v 0.252772 1.210080 -1.166818
v 0.275668 1.210080 -1.197432
v 0.302300 1.210080 -1.224874
v 0.332229 1.210080 -1.248692
v 0.364965 1.210080 -1.268495
v 0.399969 1.210080 -1.283958
v 0.436668 1.210080 -1.294827
v 0.474458 1.210080 -1.300924
v 0.512719 1.210080 -1.302148
v 0.550823 1.210080 -1.298480
v 0.588144 1.210080 -1.289980
v 0.624070 1.210080 -1.276786
v 0.658010 1.210080 -1.259117
v 0.689406 1.210080 -1.237262
v 0.717745 1.210080 -1.211579
v 0.742560 1.210080 -1.182491
v 0.763443 1.210080 -1.150476
v 0.780053 1.210080 -1.116058
v 0.792115 1.210080 -1.079803
v -0.285477 1.468482 0.032739
v -0.283839 1.476638 0.028811
v -0.283019 1.468482 -0.000000
v -0.281947 1.476638 -0.000000
v -0.283839 1.476638 -0.028812
v -0.278805 1.484239 -0.000000
v -0.280725 1.484239 -0.029221
v -0.273808 1.490765 -0.000000
v -0.275770 1.490765 -0.029872
v -0.267295 1.495773 -0.000000
v -0.269313 1.495773 -0.030720
v -0.259711 1.498921 -0.000000
v -0.261794 1.498921 -0.031708
v -0.251572 1.499995 -0.000000
v -0.254020 1.499995 -0.034939
v -0.289484 1.476638 0.057130
v -0.292798 1.468482 0.064747
v -0.298785 1.476638 0.084471
v -0.304818 1.468482 0.095309
v -0.311582 1.476638 0.110367
v -0.321268 1.468482 0.123742
v -0.327657 1.476638 0.134374
v -0.341781 1.468482 0.149410
v -0.346734 1.476638 0.156083
v -0.365898 1.468482 0.171741
v -0.368488 1.476638 0.175120
v -0.393081 1.468482 0.190236
v -0.392545 1.476638 0.191162
v -0.418496 1.476638 0.203932
v -0.417293 1.484239 0.206828
v -0.445081 1.484239 0.216241
v -0.443788 1.490765 0.221058
v -0.473210 1.490765 0.226898
v -0.472360 1.495773 0.233342
v -0.503144 1.495773 0.235355
v -0.503144 1.498921 0.242924
v -0.534918 1.498921 0.240846
v -0.529440 1.499995 0.249671
v -0.564005 1.499995 0.243589
v -0.566149 1.498921 0.234646
v -0.597385 1.499995 0.232766
v -0.596302 1.498921 0.224432
v -0.628930 1.499995 0.217412
v -0.624861 1.498921 0.210378
v -0.651337 1.498921 0.192724
v -0.621068 1.495773 0.203824
v -0.646720 1.495773 0.186720
v -0.617812 1.490765 0.198195
v -0.642755 1.490765 0.181564
v -0.615313 1.484239 0.193876
v -0.639713 1.484239 0.177607
v -0.613743 1.476638 0.191162
v -0.637800 1.476638 0.175120
v -0.613207 1.468482 0.190236
v -0.640390 1.468482 0.171741
v -0.422723 1.468482 0.204480
v -0.445894 1.476638 0.213213
v -0.473862 1.484239 0.221954
v -0.503144 1.490765 0.228856
v -0.533928 1.495773 0.233342
v -0.454161 1.468482 0.214158
v -0.474272 1.476638 0.218846
v -0.503144 1.484239 0.223869
v -0.533078 1.490765 0.226898
v -0.564186 1.495773 0.227336
v -0.486694 1.468482 0.219051
v -0.503144 1.476638 0.220734
v -0.532426 1.484239 0.221954
v -0.562501 1.490765 0.221058
v -0.593399 1.495773 0.217440
v -0.519594 1.468482 0.219051
v -0.532016 1.476638 0.218846
v -0.561207 1.484239 0.216241
v -0.590907 1.490765 0.211436
v -0.552127 1.468482 0.214158
v -0.560394 1.476638 0.213213
v -0.588995 1.484239 0.206828
v -0.583565 1.468482 0.204480
v -0.587792 1.476638 0.203932
v -0.659554 1.476638 0.156083
v -0.664507 1.468482 0.149410
v -0.678631 1.476638 0.134374
v -0.685020 1.468482 0.123742
v -0.694706 1.476638 0.110367
v -0.701470 1.468482 0.095309
v -0.707503 1.476638 0.084471
v -0.713490 1.468482 0.064747
v -0.716804 1.476638 0.057130
v -0.720811 1.468482 0.032739
v -0.722449 1.476638 0.028811
v -0.723270 1.468482 -0.000000
v -0.724341 1.476638 -0.000000
v -0.722449 1.476638 -0.028812
v -0.725563 1.484239 -0.029221
v -0.719838 1.484239 -0.057942
v -0.724666 1.490765 -0.059233
v -0.715023 1.490765 -0.087580
v -0.721040 1.495773 -0.090067
v -0.707395 1.495773 -0.117678
v -0.713963 1.498921 -0.121462
v -0.696272 1.498921 -0.147883
v -0.706670 1.499995 -0.147561
v -0.684110 1.499995 -0.174391
v -0.675277 1.498921 -0.171773
v -0.658027 1.499995 -0.197827
v -0.651337 1.498921 -0.192725
v -0.628930 1.499995 -0.217412
v -0.624861 1.498921 -0.210379
v -0.596302 1.498921 -0.224433
v -0.621068 1.495773 -0.203824
v -0.593399 1.495773 -0.217440
v -0.617812 1.490765 -0.198196
v -0.590907 1.490765 -0.211436
v -0.615313 1.484239 -0.193877
v -0.588995 1.484239 -0.206829
v -0.613743 1.476638 -0.191162
v -0.587792 1.476638 -0.203932
v -0.613207 1.468482 -0.190236
v -0.583565 1.468482 -0.204481
v -0.720811 1.468482 -0.032740
v -0.716804 1.476638 -0.057130
v -0.710406 1.484239 -0.085671
v -0.701755 1.490765 -0.114428
v -0.690255 1.495773 -0.143276
v -0.713490 1.468482 -0.064748
v -0.707503 1.476638 -0.084472
v -0.697427 1.484239 -0.111935
v -0.685088 1.490765 -0.139319
v -0.669914 1.495773 -0.166422
v -0.701470 1.468482 -0.095309
v -0.694706 1.476638 -0.110367
v -0.681124 1.484239 -0.136283
v -0.665309 1.490765 -0.161826
v -0.646720 1.495773 -0.186720
v -0.685020 1.468482 -0.123742
v -0.678631 1.476638 -0.134375
v -0.661775 1.484239 -0.158300
v -0.642755 1.490765 -0.181564
v -0.664507 1.468482 -0.149411
v -0.659554 1.476638 -0.156083
v -0.639713 1.484239 -0.177608
v -0.640390 1.468482 -0.171741
v -0.637800 1.476638 -0.175121
v -0.560394 1.476638 -0.213213
v -0.552127 1.468482 -0.214158
v -0.532016 1.476638 -0.218846
v -0.519594 1.468482 -0.219051
v -0.503144 1.476638 -0.220735
v -0.486694 1.468482 -0.219051
v -0.474272 1.476638 -0.218846
v -0.454161 1.468482 -0.214158
v -0.445894 1.476638 -0.213213
v -0.422723 1.468482 -0.204481
v -0.418496 1.476638 -0.203932
v -0.393081 1.468482 -0.190236
v -0.392545 1.476638 -0.191162
v -0.368488 1.476638 -0.175121
v -0.366575 1.484239 -0.177608
v -0.344513 1.484239 -0.158300
v -0.340979 1.490765 -0.161826
v -0.321200 1.490765 -0.139319
v -0.316033 1.495773 -0.143276
v -0.298893 1.495773 -0.117678
v -0.292325 1.498921 -0.121462
v -0.278241 1.498921 -0.092963
v -0.273322 1.499995 -0.102110
v -0.261317 1.499995 -0.069198
v -0.268006 1.498921 -0.062874
v -0.365898 1.468482 -0.171741
v -0.346734 1.476638 -0.156083
v -0.325164 1.484239 -0.136283
v -0.304533 1.490765 -0.114428
v -0.285248 1.495773 -0.090067
v -0.341781 1.468482 -0.149411
v -0.327657 1.476638 -0.134375
v -0.308861 1.484239 -0.111935
v -0.291265 1.490765 -0.087580
v -0.275332 1.495773 -0.060915
v -0.321268 1.468482 -0.123742
v -0.311582 1.476638 -0.110367
v -0.295882 1.484239 -0.085671
v -0.281622 1.490765 -0.059233
v -0.304818 1.468482 -0.095309
v -0.298785 1.476638 -0.084472
v -0.286450 1.484239 -0.057942
v -0.292798 1.468482 -0.064748
v -0.289484 1.476638 -0.057130
v -0.285477 1.468482 -0.032740
v -0.289799 1.499995 -0.133034
v -0.310016 1.498921 -0.147883
v -0.336374 1.495773 -0.166422
v -0.363533 1.490765 -0.181564
v -0.390975 1.484239 -0.193877
v -0.310429 1.499995 -0.161369
v -0.331011 1.498921 -0.171773
v -0.359568 1.495773 -0.186720
v -0.388476 1.490765 -0.198196
v -0.417293 1.484239 -0.206829
v -0.334810 1.499995 -0.186564
v -0.354951 1.498921 -0.192725
v -0.385220 1.495773 -0.203824
v -0.415381 1.490765 -0.211436
v -0.445081 1.484239 -0.216242
v -0.362467 1.499995 -0.208127
v -0.381427 1.498921 -0.210379
v -0.412889 1.495773 -0.217440
v -0.443788 1.490765 -0.221059
v -0.473862 1.484239 -0.221954
v -0.392862 1.499995 -0.225639
v -0.409986 1.498921 -0.224433
v -0.442102 1.495773 -0.227336
v -0.473210 1.490765 -0.226899
v -0.503144 1.484239 -0.223870
v -0.425404 1.499995 -0.238759
v -0.440139 1.498921 -0.234647
v -0.472360 1.495773 -0.233342
v -0.503144 1.490765 -0.228857
v -0.532426 1.484239 -0.221954
v -0.459459 1.499995 -0.247232
v -0.471370 1.498921 -0.240846
v -0.503144 1.495773 -0.235356
v -0.533078 1.490765 -0.226899
v -0.561207 1.484239 -0.216242
v -0.494364 1.499995 -0.250893
v -0.503144 1.498921 -0.242924
v -0.533928 1.495773 -0.233342
v -0.562501 1.490765 -0.221059
v -0.529440 1.499995 -0.249671
v -0.534918 1.498921 -0.240846
v -0.564186 1.495773 -0.227336
v -0.564005 1.499995 -0.243589
v -0.566149 1.498921 -0.234647
v -0.597385 1.499995 -0.232766
v -0.725269 1.499995 -0.117859
v -0.728047 1.498921 -0.092963
v -0.730956 1.495773 -0.060915
v -0.730518 1.490765 -0.029872
v -0.727483 1.484239 -0.000000
v -0.739544 1.499995 -0.085863
v -0.738282 1.498921 -0.062874
v -0.736975 1.495773 -0.030720
v -0.732480 1.490765 -0.000000
v -0.725563 1.484239 0.029221
v -0.749219 1.499995 -0.052196
v -0.744494 1.498921 -0.031708
v -0.738993 1.495773 -0.000000
v -0.730518 1.490765 0.029872
v -0.719838 1.484239 0.057942
v -0.754103 1.499995 -0.017512
v -0.746577 1.498921 -0.000000
v -0.736975 1.495773 0.030720
v -0.724666 1.490765 0.059232
v -0.710406 1.484239 0.085671
v -0.754103 1.499995 0.017512
v -0.744494 1.498921 0.031708
v -0.730956 1.495773 0.060914
v -0.715023 1.490765 0.087579
v -0.697427 1.484239 0.111935
v -0.749219 1.499995 0.052195
v -0.738282 1.498921 0.062873
v -0.721040 1.495773 0.090067
v -0.701755 1.490765 0.114428
v -0.681124 1.484239 0.136283
v -0.739544 1.499995 0.085863
v -0.728047 1.498921 0.092963
v -0.707395 1.495773 0.117678
v -0.685088 1.490765 0.139319
v -0.661775 1.484239 0.158299
v -0.725269 1.499995 0.117859
v -0.713963 1.498921 0.121462
v -0.690255 1.495773 0.143275
v -0.665309 1.490765 0.161826
v -0.706670 1.499995 0.147561
v -0.696272 1.498921 0.147883
v -0.669914 1.495773 0.166421
v -0.684110 1.499995 0.174391
v -0.675277 1.498921 0.171773
v -0.658027 1.499995 0.197827
v -0.494364 1.499995 0.250893
v -0.471370 1.498921 0.240846
v -0.442102 1.495773 0.227336
v -0.415381 1.490765 0.211436
v -0.390975 1.484239 0.193876
v -0.459459 1.499995 0.247232
v -0.440139 1.498921 0.234646
v -0.412889 1.495773 0.217440
v -0.388476 1.490765 0.198195
v -0.366575 1.484239 0.177607
v -0.425404 1.499995 0.238759
v -0.409986 1.498921 0.224432
v -0.385220 1.495773 0.203824
v -0.363533 1.490765 0.181564
v -0.344513 1.484239 0.158299
v -0.392862 1.499995 0.225639
v -0.381427 1.498921 0.210378
v -0.359568 1.495773 0.186720
v -0.340979 1.490765 0.161826
v -0.325164 1.484239 0.136283
v -0.362467 1.499995 0.208126
v -0.354951 1.498921 0.192724
v -0.336374 1.495773 0.166421
v -0.321200 1.490765 0.139319
v -0.308861 1.484239 0.111935
v -0.334810 1.499995 0.186563
v -0.331011 1.498921 0.171773
v -0.316033 1.495773 0.143275
v -0.304533 1.490765 0.114428
v -0.295882 1.484239 0.085671
v -0.310429 1.499995 0.161369
v -0.310016 1.498921 0.147883
v -0.298893 1.495773 0.117678
v -0.291265 1.490765 0.087579
v -0.286450 1.484239 0.057942
v -0.289799 1.499995 0.133034
v -0.292325 1.498921 0.121462
v -0.285248 1.495773 0.090067
v -0.281622 1.490765 0.059232
v -0.280725 1.484239 0.029221
v -0.273322 1.499995 0.102109
v -0.278241 1.498921 0.092963
v -0.275332 1.495773 0.060914
v -0.275770 1.490765 0.029872
v -0.261317 1.499995 0.069197
v -0.268006 1.498921 0.062873
v -0.269313 1.495773 0.030720
v -0.254020 1.499995 0.034939
v -0.261794 1.498921 0.031708
v -0.238234 1.499995 0.035552
v -0.235849 1.499995 -0.000000
v -0.238234 1.499995 -0.035553
v -0.245346 1.499995 -0.070471
v -0.257059 1.499995 -0.104131
v -0.273163 1.499995 -0.135933
v -0.293371 1.499995 -0.165310
v -0.317322 1.499995 -0.191737
v -0.344590 1.499995 -0.214742
v -0.374687 1.499995 -0.233915
v -0.407076 1.499995 -0.248913
v -0.441180 1.499995 -0.259470
v -0.476389 1.499995 -0.265397
v -0.512076 1.499995 -0.266588
v -0.547603 1.499995 -0.263021
v -0.582337 1.499995 -0.254761
v -0.615658 1.499995 -0.241954
v -0.646971 1.499995 -0.224830
v -0.675717 1.499995 -0.203694
v -0.701384 1.499995 -0.178923
v -0.723513 1.499995 -0.150959
v -0.741710 1.499995 -0.120301
v -0.755650 1.499995 -0.087496
v -0.765083 1.499995 -0.053130
v -0.769842 1.499995 -0.017816
v -0.769842 1.499995 0.017816
v -0.765083 1.499995 0.053130
v -0.755650 1.499995 0.087496
v -0.741710 1.499995 0.120301
v -0.723513 1.499995 0.150959
v -0.701384 1.499995 0.178923
v -0.675717 1.499995 0.203694
v -0.646971 1.499995 0.224830
v -0.615658 1.499995 0.241954
v -0.582337 1.499995 0.254760
v -0.547603 1.499995 0.263021
v -0.512076 1.499995 0.266587
v -0.476389 1.499995 0.265397
v -0.441180 1.499995 0.259470
v -0.407076 1.499995 0.248913
v -0.374687 1.499995 0.233914
v -0.344590 1.499995 0.214741
v -0.317322 1.499995 0.191736
v -0.293371 1.499995 0.165310
v -0.273163 1.499995 0.135933
v -0.257059 1.499995 0.104131
v -0.245346 1.499995 0.070470
v -0.285477 1.210080 0.032739
v -0.283019 1.210080 -0.000000
v -0.285477 1.210080 -0.032740
v -0.292798 1.210080 -0.064748
v -0.304818 1.210080 -0.095309
v -0.321268 1.210080 -0.123742
v -0.341781 1.210080 -0.149410
v -0.365898 1.210080 -0.171741
v -0.393081 1.210080 -0.190236
v -0.422723 1.210080 -0.204481
v -0.454161 1.210080 -0.214158
v -0.486694 1.210080 -0.219051
v -0.519594 1.210080 -0.219051
v -0.552127 1.210080 -0.214158
v -0.583565 1.210080 -0.204481
v -0.613207 1.210080 -0.190236
v -0.640390 1.210080 -0.171741
v -0.664507 1.210080 -0.149410
v -0.685020 1.210080 -0.123742
v -0.701470 1.210080 -0.095309
v -0.713490 1.210080 -0.064748
v -0.720811 1.210080 -0.032740
v -0.723270 1.210080 -0.000000
v -0.720811 1.210080 0.032739
v -0.713490 1.210080 0.064747
v -0.701470 1.210080 0.095309
v -0.685020 1.210080 0.123742
v -0.664507 1.210080 0.149410
v -0.640390 1.210080 0.171741
v -0.613207 1.210080 0.190236
v -0.583565 1.210080 0.204480
v -0.552127 1.210080 0.214158
v -0.519594 1.210080 0.219051
v -0.486694 1.210080 0.219051
v -0.454161 1.210080 0.214158
v -0.422723 1.210080 0.204480
v -0.393081 1.210080 0.190236
v -0.365898 1.210080 0.171741
v -0.341781 1.210080 0.149410
v -0.321268 1.210080 0.123742
v -0.304818 1.210080 0.095309
v -0.292798 1.210080 0.064747
v -0.206855 1.468482 -0.038123
v -0.206085 1.476638 -0.019032
v -0.204402 1.468482 -0.000000
v -0.206085 1.476638 0.019032
v -0.206855 1.468482 0.038122
v -0.210963 1.476638 0.056783
v -0.214173 1.468482 0.075619
v -0.220638 1.476638 0.093602
v -0.226235 1.468482 0.111873
v -0.234952 1.476638 0.128884
v -0.242845 1.468482 0.146291
v -0.253670 1.476638 0.162050
v -0.263728 1.468482 0.178307
v -0.276484 1.476638 0.192555
v -0.288543 1.468482 0.207395
v -0.303020 1.476638 0.219898
v -0.316882 1.468482 0.233077
v -0.332842 1.476638 0.243630
v -0.348279 1.468482 0.254933
v -0.365460 1.476638 0.263362
v -0.382218 1.468482 0.272602
v -0.400339 1.476638 0.278770
v -0.418144 1.468482 0.285795
v -0.436906 1.476638 0.289600
v -0.455465 1.468482 0.294296
v -0.474561 1.476638 0.295675
v -0.493569 1.468482 0.297964
v -0.512685 1.476638 0.296895
v -0.531830 1.468482 0.296739
v -0.550652 1.476638 0.293240
v -0.569620 1.468482 0.290643
v -0.587839 1.476638 0.284770
v -0.606319 1.468482 0.279773
v -0.623636 1.476638 0.271624
v -0.641324 1.468482 0.264310
v -0.657454 1.476638 0.254018
v -0.674059 1.468482 0.244507
v -0.688738 1.476638 0.232241
v -0.703988 1.468482 0.220689
v -0.716975 1.476638 0.206651
v -0.730620 1.468482 0.193248
v -0.741701 1.476638 0.177667
v -0.753516 1.468482 0.162633
v -0.762510 1.476638 0.145766
v -0.772301 1.468482 0.129348
v -0.779060 1.476638 0.111472
v -0.786667 1.468482 0.093939
v -0.791079 1.476638 0.075347
v -0.796377 1.468482 0.056987
v -0.798370 1.476638 0.037985
v -0.801272 1.468482 0.019100
v -0.800814 1.476638 -0.000000
v -0.801272 1.468482 -0.019101
v -0.798370 1.476638 -0.037986
v -0.796377 1.468482 -0.056988
v -0.791079 1.476638 -0.075348
v -0.786667 1.468482 -0.093939
v -0.779060 1.476638 -0.111472
v -0.772301 1.468482 -0.129348
v -0.762510 1.476638 -0.145767
v -0.753516 1.468482 -0.162633
v -0.741701 1.476638 -0.177668
v -0.730620 1.468482 -0.193248
v -0.716975 1.476638 -0.206651
v -0.703988 1.468482 -0.220690
v -0.688738 1.476638 -0.232242
v -0.674059 1.468482 -0.244508
v -0.657454 1.476638 -0.254019
v -0.641324 1.468482 -0.264311
v -0.623636 1.476638 -0.271625
v -0.606319 1.468482 -0.279774
v -0.587839 1.476638 -0.284770
v -0.569620 1.468482 -0.290643
v -0.550652 1.476638 -0.293240
v -0.531830 1.468482 -0.296740
v -0.512685 1.476638 -0.296895
v -0.493569 1.468482 -0.297964
v -0.474561 1.476638 -0.295675
v -0.455465 1.468482 -0.294296
v -0.436906 1.476638 -0.289600
v -0.418144 1.468482 -0.285796
v -0.400339 1.476638 -0.278770
v -0.382218 1.468482 -0.272602
v -0.365460 1.476638 -0.263363
v -0.348279 1.468482 -0.254933
v -0.332842 1.476638 -0.243631
v -0.316882 1.468482 -0.233078
v -0.303020 1.476638 -0.219898
v -0.288543 1.468482 -0.207395
v -0.276484 1.476638 -0.192555
v -0.263728 1.468482 -0.178307
v -0.253670 1.476638 -0.162050
v -0.242845 1.468482 -0.146291
v -0.234952 1.476638 -0.128884
v -0.226235 1.468482 -0.111874
v -0.220638 1.476638 -0.093602
v -0.214173 1.468482 -0.075619
v -0.210963 1.476638 -0.056783
v -0.228276 1.498921 0.017610
v -0.228276 1.498921 -0.017610
v -0.232789 1.498921 -0.052542
v -0.241742 1.498921 -0.086610
v -0.254986 1.498921 -0.119257
v -0.272306 1.498921 -0.149945
v -0.293416 1.498921 -0.178171
v -0.317969 1.498921 -0.203472
v -0.345564 1.498921 -0.225431
v -0.375745 1.498921 -0.243689
v -0.408019 1.498921 -0.257946
v -0.441854 1.498921 -0.267967
v -0.476696 1.498921 -0.273588
v -0.511972 1.498921 -0.274717
v -0.547103 1.498921 -0.271335
v -0.512215 1.495773 -0.282282
v -0.548314 1.495773 -0.278807
v -0.512424 1.490765 -0.288778
v -0.549353 1.490765 -0.285223
v -0.512584 1.484239 -0.293762
v -0.550151 1.484239 -0.290146
v -0.232789 1.498921 0.052541
v -0.241742 1.498921 0.086610
v -0.254986 1.498921 0.119256
v -0.272306 1.498921 0.149945
v -0.293416 1.498921 0.178171
v -0.317969 1.498921 0.203471
v -0.345564 1.498921 0.225431
v -0.375745 1.498921 0.243689
v -0.408019 1.498921 0.257946
v -0.441854 1.498921 0.267967
v -0.476696 1.498921 0.273588
v -0.511972 1.498921 0.274717
v -0.547103 1.498921 0.271335
v -0.548314 1.495773 0.278806
v -0.583671 1.495773 0.270753
v -0.585524 1.490765 0.276984
v -0.620341 1.490765 0.264197
v -0.622364 1.484239 0.268758
v -0.655826 1.484239 0.251337
v -0.581513 1.498921 0.263498
v -0.617705 1.495773 0.258254
v -0.653235 1.490765 0.247073
v -0.686780 1.484239 0.229790
v -0.614635 1.498921 0.251334
v -0.649859 1.495773 0.241515
v -0.683664 1.490765 0.225891
v -0.714719 1.484239 0.204470
v -0.645927 1.498921 0.235043
v -0.679603 1.495773 0.220810
v -0.711129 1.490765 0.201001
v -0.739183 1.484239 0.175792
v -0.674874 1.498921 0.214893
v -0.706450 1.495773 0.196479
v -0.735178 1.490765 0.172809
v -0.759772 1.484239 0.144228
v -0.701002 1.498921 0.191214
v -0.729959 1.495773 0.168922
v -0.755418 1.490765 0.141781
v -0.776148 1.484239 0.110296
v -0.723881 1.498921 0.164395
v -0.749743 1.495773 0.138592
v -0.771515 1.490765 0.108424
v -0.788040 1.484239 0.074552
v -0.743135 1.498921 0.134878
v -0.765479 1.495773 0.105985
v -0.783206 1.490765 0.073287
v -0.795255 1.484239 0.037585
v -0.758449 1.498921 0.103145
v -0.776906 1.495773 0.071639
v -0.790298 1.490765 0.036947
v -0.797673 1.484239 -0.000000
v -0.769570 1.498921 0.069719
v -0.783839 1.495773 0.036116
v -0.792675 1.490765 -0.000000
v -0.795255 1.484239 -0.037585
v -0.776317 1.498921 0.035148
v -0.786163 1.495773 -0.000000
v -0.790298 1.490765 -0.036947
v -0.788040 1.484239 -0.074553
v -0.778578 1.498921 -0.000000
v -0.783839 1.495773 -0.036116
v -0.783206 1.490765 -0.073288
v -0.776148 1.484239 -0.110296
v -0.776317 1.498921 -0.035148
v -0.776906 1.495773 -0.071639
v -0.771515 1.490765 -0.108425
v -0.759772 1.484239 -0.144228
v -0.769570 1.498921 -0.069719
v -0.765479 1.495773 -0.105986
v -0.755418 1.490765 -0.141781
v -0.739183 1.484239 -0.175793
v -0.758449 1.498921 -0.103145
v -0.749743 1.495773 -0.138592
v -0.735178 1.490765 -0.172810
v -0.714719 1.484239 -0.204470
v -0.743135 1.498921 -0.134878
v -0.729959 1.495773 -0.168923
v -0.711129 1.490765 -0.201001
v -0.686780 1.484239 -0.229791
v -0.723881 1.498921 -0.164396
v -0.706450 1.495773 -0.196480
v -0.683664 1.490765 -0.225892
v -0.655826 1.484239 -0.251338
v -0.701002 1.498921 -0.191214
v -0.679603 1.495773 -0.220810
v -0.653235 1.490765 -0.247073
v -0.622364 1.484239 -0.268758
v -0.674874 1.498921 -0.214893
v -0.649859 1.495773 -0.241515
v -0.620341 1.490765 -0.264198
v -0.586946 1.484239 -0.281765
v -0.645927 1.498921 -0.235043
v -0.617705 1.495773 -0.258255
v -0.585524 1.490765 -0.276984
v -0.614635 1.498921 -0.251334
v -0.583671 1.495773 -0.270754
v -0.581513 1.498921 -0.263498
v -0.209220 1.484239 -0.018831
v -0.209220 1.484239 0.018831
v -0.214047 1.484239 0.056184
v -0.223620 1.484239 0.092614
v -0.237783 1.484239 0.127524
v -0.256303 1.484239 0.160340
v -0.278876 1.484239 0.190523
v -0.305132 1.484239 0.217577
v -0.334639 1.484239 0.241059
v -0.366913 1.484239 0.260583
v -0.401424 1.484239 0.275828
v -0.437605 1.484239 0.286544
v -0.474862 1.484239 0.292555
v -0.512584 1.484239 0.293762
v -0.550151 1.484239 0.290145
v -0.586946 1.484239 0.281765
v -0.214208 1.490765 -0.018512
v -0.214208 1.490765 0.018511
v -0.218952 1.490765 0.055231
v -0.228363 1.490765 0.091043
v -0.242285 1.490765 0.125360
v -0.260491 1.490765 0.157619
v -0.282682 1.490765 0.187290
v -0.308492 1.490765 0.213885
v -0.337498 1.490765 0.236969
v -0.369225 1.490765 0.256161
v -0.403150 1.490765 0.271148
v -0.438717 1.490765 0.281682
v -0.475342 1.490765 0.287591
v -0.512424 1.490765 0.288777
v -0.549353 1.490765 0.285222
v -0.214047 1.484239 -0.056184
v -0.223620 1.484239 -0.092615
v -0.237783 1.484239 -0.127524
v -0.256303 1.484239 -0.160340
v -0.278876 1.484239 -0.190523
v -0.305132 1.484239 -0.217577
v -0.334639 1.484239 -0.241059
v -0.366913 1.484239 -0.260583
v -0.401424 1.484239 -0.275828
v -0.437605 1.484239 -0.286544
v -0.474862 1.484239 -0.292555
v -0.220707 1.495773 -0.018095
v -0.220707 1.495773 0.018095
v -0.225345 1.495773 0.053988
v -0.234544 1.495773 0.088995
v -0.248153 1.495773 0.122540
v -0.265950 1.495773 0.154073
v -0.287641 1.495773 0.183077
v -0.312870 1.495773 0.209074
v -0.341224 1.495773 0.231638
v -0.372237 1.495773 0.250399
v -0.405399 1.495773 0.265048
v -0.440166 1.495773 0.275346
v -0.475968 1.495773 0.281122
v -0.512215 1.495773 0.282281
v -0.218952 1.490765 -0.055231
v -0.228363 1.490765 -0.091043
v -0.242285 1.490765 -0.125360
v -0.260491 1.490765 -0.157619
v -0.282682 1.490765 -0.187290
v -0.308492 1.490765 -0.213886
v -0.337498 1.490765 -0.236969
v -0.369225 1.490765 -0.256162
v -0.403150 1.490765 -0.271148
v -0.438717 1.490765 -0.281682
v -0.475342 1.490765 -0.287591
v -0.225345 1.495773 -0.053988
v -0.234544 1.495773 -0.088995
v -0.248153 1.495773 -0.122541
v -0.265950 1.495773 -0.154074
v -0.287641 1.495773 -0.183077
v -0.312870 1.495773 -0.209075
v -0.341224 1.495773 -0.231639
v -0.372237 1.495773 -0.250400
v -0.405399 1.495773 -0.265049
v -0.440166 1.495773 -0.275346
v -0.475968 1.495773 -0.281122
v -0.206855 1.210080 -0.038123
v -0.204402 1.210080 -0.000000
v -0.206855 1.210080 0.038122
v -0.214173 1.210080 0.075619
v -0.226235 1.210080 0.111873
v -0.242845 1.210080 0.146291
v -0.263728 1.210080 0.178307
v -0.288543 1.210080 0.207395
v -0.316882 1.210080 0.233077
v -0.348279 1.210080 0.254933
v -0.382218 1.210080 0.272602
v -0.418144 1.210080 0.285795
v -0.455465 1.210080 0.294296
v -0.493569 1.210080 0.297964
v -0.531830 1.210080 0.296739
v -0.569620 1.210080 0.290643
v -0.606319 1.210080 0.279773
v -0.641324 1.210080 0.264310
v -0.674059 1.210080 0.244507
v -0.703988 1.210080 0.220689
v -0.730620 1.210080 0.193248
v -0.753516 1.210080 0.162633
v -0.772301 1.210080 0.129348
v -0.786667 1.210080 0.093939
v -0.796377 1.210080 0.056988
v -0.801272 1.210080 0.019100
v -0.801272 1.210080 -0.019101
v -0.796377 1.210080 -0.056988
v -0.786667 1.210080 -0.093939
v -0.772301 1.210080 -0.129348
v -0.753516 1.210080 -0.162633
v -0.730620 1.210080 -0.193248
v -0.703988 1.210080 -0.220690
v -0.674059 1.210080 -0.244508
v -0.641324 1.210080 -0.264311
v -0.606319 1.210080 -0.279774
v -0.569620 1.210080 -0.290643
v -0.531830 1.210080 -0.296740
v -0.493569 1.210080 -0.297964
v -0.455465 1.210080 -0.294296
v -0.418144 1.210080 -0.285795
v -0.382218 1.210080 -0.272602
v -0.348279 1.210080 -0.254933
v -0.316882 1.210080 -0.233078
v -0.288543 1.210080 -0.207395
v -0.263728 1.210080 -0.178307
v -0.242845 1.210080 -0.146291
v -0.226235 1.210080 -0.111874
v -0.214173 1.210080 -0.075619
v 0.799433 1.468482 -0.038123
v 0.800203 1.476638 -0.019032
v 0.801886 1.468482 -0.000000
v 0.800203 1.476638 0.019032
v 0.799433 1.468482 0.038122
v 0.795325 1.476638 0.056783
v 0.792115 1.468482 0.075619
v 0.785650 1.476638 0.093602
v 0.780053 1.468482 0.111873
v 0.771336 1.476638 0.128884
v 0.763443 1.468482 0.146291
v 0.752618 1.476638 0.162050
v 0.742560 1.468482 0.178307
v 0.729804 1.476638 0.192555
v 0.717745 1.468482 0.207395
v 0.703268 1.476638 0.219898
v 0.689406 1.468482 0.233077
v 0.673446 1.476638 0.243630
v 0.658010 1.468482 0.254933
v 0.640828 1.476638 0.263362
v 0.624070 1.468482 0.272602
v 0.605949 1.476638 0.278770
v 0.588144 1.468482 0.285795
v 0.569382 1.476638 0.289600
v 0.550823 1.468482 0.294296
v 0.531727 1.476638 0.295675
v 0.512719 1.468482 0.297964
v 0.493603 1.476638 0.296895
v 0.474458 1.468482 0.296739
v 0.455636 1.476638 0.293240
v 0.436668 1.468482 0.290643
v 0.418449 1.476638 0.284770
v 0.399969 1.468482 0.279773
v 0.382652 1.476638 0.271624
v 0.364965 1.468482 0.264310
v 0.348834 1.476638 0.254018
v 0.332229 1.468482 0.244507
v 0.317550 1.476638 0.232241
v 0.302300 1.468482 0.220689
v 0.289313 1.476638 0.206651
v 0.275668 1.468482 0.193248
v 0.264587 1.476638 0.177667
v 0.252772 1.468482 0.162633
v 0.243778 1.476638 0.145766
v 0.233987 1.468482 0.129348
v 0.227228 1.476638 0.111472
v 0.219621 1.468482 0.093939
v 0.215209 1.476638 0.075347
v 0.209911 1.468482 0.056987
v 0.207918 1.476638 0.037985
v 0.205016 1.468482 0.019100
v 0.205474 1.476638 -0.000000
v 0.205016 1.468482 -0.019101
v 0.207918 1.476638 -0.037986
v 0.209911 1.468482 -0.056988
v 0.215209 1.476638 -0.075348
v 0.219621 1.468482 -0.093939
v 0.227228 1.476638 -0.111472
v 0.233987 1.468482 -0.129348
v 0.243778 1.476638 -0.145767
v 0.252772 1.468482 -0.162633
v 0.264587 1.476638 -0.177668
v 0.275668 1.468482 -0.193248
v 0.289313 1.476638 -0.206651
v 0.302300 1.468482 -0.220690
v 0.317550 1.476638 -0.232242
v 0.332229 1.468482 -0.244508
v 0.348834 1.476638 -0.254019
v 0.364965 1.468482 -0.264311
v 0.382652 1.476638 -0.271625
v 0.399969 1.468482 -0.279774
v 0.418449 1.476638 -0.284770
v 0.436668 1.468482 -0.290643
v 0.455636 1.476638 -0.293240
v 0.474458 1.468482 -0.296740
v 0.493603 1.476638 -0.296895
v 0.512719 1.468482 -0.297964
v 0.531727 1.476638 -0.295675
v 0.550823 1.468482 -0.294296
v 0.569382 1.476638 -0.289600
v 0.588144 1.468482 -0.285796
v 0.605949 1.476638 -0.278770
v 0.624070 1.468482 -0.272602
v 0.640828 1.476638 -0.263363
v 0.658010 1.468482 -0.254933
v 0.673446 1.476638 -0.243631
v 0.689406 1.468482 -0.233078
v 0.703268 1.476638 -0.219898
v 0.717745 1.468482 -0.207395
v 0.729804 1.476638 -0.192555
v 0.742560 1.468482 -0.178307
v 0.752618 1.476638 -0.162050
v 0.763443 1.468482 -0.146291
v 0.771336 1.476638 -0.128884
v 0.780053 1.468482 -0.111874
v 0.785650 1.476638 -0.093602
v 0.792115 1.468482 -0.075619
v 0.795325 1.476638 -0.056783
v 0.768054 1.499995 0.035552
v 0.778012 1.498921 0.017610
v 0.770439 1.499995 -0.000000
v 0.778012 1.498921 -0.017610
v 0.768054 1.499995 -0.035553
v 0.773499 1.498921 -0.052542
v 0.760942 1.499995 -0.070471
v 0.764546 1.498921 -0.086610
v 0.749229 1.499995 -0.104131
v 0.751302 1.498921 -0.119257
v 0.733125 1.499995 -0.135933
v 0.733982 1.498921 -0.149945
v 0.712917 1.499995 -0.165310
v 0.712872 1.498921 -0.178171
v 0.688966 1.499995 -0.191737
v 0.688319 1.498921 -0.203472
v 0.661698 1.499995 -0.214742
v 0.660725 1.498921 -0.225431
v 0.631601 1.499995 -0.233915
v 0.630543 1.498921 -0.243689
v 0.599212 1.499995 -0.248913
v 0.598269 1.498921 -0.257946
v 0.565108 1.499995 -0.259470
v 0.564434 1.498921 -0.267967
v 0.529899 1.499995 -0.265397
v 0.529592 1.498921 -0.273588
v 0.494212 1.499995 -0.266588
v 0.494316 1.498921 -0.274717
v 0.459185 1.498921 -0.271335
v 0.494073 1.495773 -0.282282
v 0.457974 1.495773 -0.278807
v 0.493864 1.490765 -0.288778
v 0.456935 1.490765 -0.285223
v 0.493704 1.484239 -0.293762
v 0.456137 1.484239 -0.290146
v 0.773499 1.498921 0.052541
v 0.760942 1.499995 0.070470
v 0.764546 1.498921 0.086610
v 0.749229 1.499995 0.104131
v 0.751302 1.498921 0.119256
v 0.733125 1.499995 0.135933
v 0.733982 1.498921 0.149945
v 0.712917 1.499995 0.165310
v 0.712872 1.498921 0.178171
v 0.688966 1.499995 0.191736
v 0.688319 1.498921 0.203471
v 0.661698 1.499995 0.214741
v 0.660725 1.498921 0.225431
v 0.631601 1.499995 0.233914
v 0.630543 1.498921 0.243689
v 0.599212 1.499995 0.248913
v 0.598269 1.498921 0.257946
v 0.565108 1.499995 0.259470
v 0.564434 1.498921 0.267967
v 0.529899 1.499995 0.265397
v 0.529592 1.498921 0.273588
v 0.494212 1.499995 0.266587
v 0.494316 1.498921 0.274717
v 0.459185 1.498921 0.271335
v 0.457974 1.495773 0.278806
v 0.422617 1.495773 0.270753
v 0.420764 1.490765 0.276984
v 0.385947 1.490765 0.264197
v 0.383924 1.484239 0.268758
v 0.350463 1.484239 0.251337
v 0.458685 1.499995 0.263021
v 0.424775 1.498921 0.263498
v 0.388583 1.495773 0.258254
v 0.353053 1.490765 0.247073
v 0.319508 1.484239 0.229790
v 0.423951 1.499995 0.254760
v 0.391653 1.498921 0.251334
v 0.356429 1.495773 0.241515
v 0.322624 1.490765 0.225891
v 0.291570 1.484239 0.204470
v 0.390630 1.499995 0.241954
v 0.360361 1.498921 0.235043
v 0.326685 1.495773 0.220810
v 0.295159 1.490765 0.201001
v 0.267105 1.484239 0.175792
v 0.359317 1.499995 0.224830
v 0.331414 1.498921 0.214893
v 0.299838 1.495773 0.196479
v 0.271110 1.490765 0.172809
v 0.246516 1.484239 0.144228
v 0.330571 1.499995 0.203694
v 0.305286 1.498921 0.191214
v 0.276329 1.495773 0.168922
v 0.250870 1.490765 0.141781
v 0.230140 1.484239 0.110296
v 0.304904 1.499995 0.178923
v 0.282407 1.498921 0.164395
v 0.256545 1.495773 0.138592
v 0.234773 1.490765 0.108424
v 0.218248 1.484239 0.074552
v 0.282775 1.499995 0.150959
v 0.263153 1.498921 0.134878
v 0.240809 1.495773 0.105985
v 0.223082 1.490765 0.073287
v 0.211033 1.484239 0.037585
v 0.264578 1.499995 0.120301
v 0.247839 1.498921 0.103145
v 0.229382 1.495773 0.071639
v 0.215990 1.490765 0.036947
v 0.208615 1.484239 -0.000000
v 0.250638 1.499995 0.087496
v 0.236718 1.498921 0.069719
v 0.222449 1.495773 0.036116
v 0.213613 1.490765 -0.000000
v 0.211033 1.484239 -0.037585
v 0.241205 1.499995 0.053130
v 0.229971 1.498921 0.035148
v 0.220126 1.495773 -0.000000
v 0.215990 1.490765 -0.036947
v 0.218248 1.484239 -0.074553
v 0.236446 1.499995 0.017816
v 0.227710 1.498921 -0.000000
v 0.222449 1.495773 -0.036116
v 0.223082 1.490765 -0.073288
v 0.230140 1.484239 -0.110296
v 0.236446 1.499995 -0.017816
v 0.229971 1.498921 -0.035148
v 0.229382 1.495773 -0.071639
v 0.234773 1.490765 -0.108425
v 0.246516 1.484239 -0.144228
v 0.241205 1.499995 -0.053130
v 0.236718 1.498921 -0.069719
v 0.240809 1.495773 -0.105986
v 0.250870 1.490765 -0.141781
v 0.267105 1.484239 -0.175793
v 0.250638 1.499995 -0.087496
v 0.247839 1.498921 -0.103145
v 0.256545 1.495773 -0.138592
v 0.271110 1.490765 -0.172810
v 0.291570 1.484239 -0.204470
v 0.264578 1.499995 -0.120301
v 0.263153 1.498921 -0.134878
v 0.276329 1.495773 -0.168923
v 0.295159 1.490765 -0.201001
v 0.319508 1.484239 -0.229791
v 0.282775 1.499995 -0.150959
v 0.282407 1.498921 -0.164396
v 0.299838 1.495773 -0.196480
v 0.322624 1.490765 -0.225892
v 0.350463 1.484239 -0.251338
v 0.304904 1.499995 -0.178923
v 0.305286 1.498921 -0.191214
v 0.326685 1.495773 -0.220810
v 0.353053 1.490765 -0.247073
v 0.383924 1.484239 -0.268758
v 0.330571 1.499995 -0.203694
v 0.331414 1.498921 -0.214893
v 0.356429 1.495773 -0.241515
v 0.385947 1.490765 -0.264198
v 0.419342 1.484239 -0.281765
v 0.359317 1.499995 -0.224830
v 0.360361 1.498921 -0.235043
v 0.388583 1.495773 -0.258255
v 0.420764 1.490765 -0.276984
v 0.390630 1.499995 -0.241954
v 0.391653 1.498921 -0.251334
v 0.422617 1.495773 -0.270754
v 0.423951 1.499995 -0.254761
v 0.424775 1.498921 -0.263498
v 0.458685 1.499995 -0.263021
v 0.797068 1.484239 -0.018831
v 0.797068 1.484239 0.018831
v 0.792241 1.484239 0.056184
v 0.782668 1.484239 0.092614
v 0.768505 1.484239 0.127524
v 0.749985 1.484239 0.160340
v 0.727412 1.484239 0.190523
v 0.701156 1.484239 0.217577
v 0.671649 1.484239 0.241059
v 0.639375 1.484239 0.260583
v 0.604864 1.484239 0.275828
v 0.568683 1.484239 0.286544
v 0.531426 1.484239 0.292555
v 0.493704 1.484239 0.293762
v 0.456137 1.484239 0.290145
v 0.419342 1.484239 0.281765
v 0.792080 1.490765 -0.018512
v 0.792080 1.490765 0.018511
v 0.787336 1.490765 0.055231
v 0.777925 1.490765 0.091043
v 0.764003 1.490765 0.125360
v 0.745797 1.490765 0.157619
v 0.723606 1.490765 0.187290
v 0.697796 1.490765 0.213885
v 0.668790 1.490765 0.236969
v 0.637063 1.490765 0.256161
v 0.603138 1.490765 0.271148
v 0.567571 1.490765 0.281682
v 0.530946 1.490765 0.287591
v 0.493864 1.490765 0.288777
v 0.456935 1.490765 0.285222
v 0.792241 1.484239 -0.056184
v 0.782668 1.484239 -0.092615
v 0.768505 1.484239 -0.127524
v 0.749985 1.484239 -0.160340
v 0.727412 1.484239 -0.190523
v 0.701156 1.484239 -0.217577
v 0.671649 1.484239 -0.241059
v 0.639375 1.484239 -0.260583
v 0.604864 1.484239 -0.275828
v 0.568683 1.484239 -0.286544
v 0.531426 1.484239 -0.292555
v 0.785581 1.495773 -0.018095
v 0.785581 1.495773 0.018095
v 0.780943 1.495773 0.053988
v 0.771744 1.495773 0.088995
v 0.758135 1.495773 0.122540
v 0.740339 1.495773 0.154073
v 0.718647 1.495773 0.183077
v 0.693418 1.495773 0.209074
v 0.665064 1.495773 0.231638
v 0.634051 1.495773 0.250399
v 0.600889 1.495773 0.265048
v 0.566122 1.495773 0.275346
v 0.530320 1.495773 0.281122
v 0.494073 1.495773 0.282281
v 0.787336 1.490765 -0.055231
v 0.777925 1.490765 -0.091043
v 0.764003 1.490765 -0.125360
v 0.745797 1.490765 -0.157619
v 0.723606 1.490765 -0.187290
v 0.697796 1.490765 -0.213886
v 0.668790 1.490765 -0.236969
v 0.637063 1.490765 -0.256162
v 0.603138 1.490765 -0.271148
v 0.567571 1.490765 -0.281682
v 0.530946 1.490765 -0.287591
v 0.780943 1.495773 -0.053988
v 0.771744 1.495773 -0.088995
v 0.758135 1.495773 -0.122541
v 0.740339 1.495773 -0.154074
v 0.718647 1.495773 -0.183077
v 0.693418 1.495773 -0.209075
v 0.665064 1.495773 -0.231639
v 0.634051 1.495773 -0.250400
v 0.600889 1.495773 -0.265049
v 0.566122 1.495773 -0.275346
v 0.530320 1.495773 -0.281122
v 0.752268 1.499995 0.034939
v 0.754716 1.499995 -0.000000
v 0.744971 1.499995 0.069197
v 0.732966 1.499995 0.102109
v 0.716489 1.499995 0.133034
v 0.695859 1.499995 0.161369
v 0.671479 1.499995 0.186563
v 0.643821 1.499995 0.208126
v 0.613426 1.499995 0.225639
v 0.580884 1.499995 0.238759
v 0.546829 1.499995 0.247232
v 0.511924 1.499995 0.250893
v 0.476848 1.499995 0.249671
v 0.442283 1.499995 0.243589
v 0.408903 1.499995 0.232766
v 0.377358 1.499995 0.217412
v 0.348261 1.499995 0.197827
v 0.322178 1.499995 0.174391
v 0.299618 1.499995 0.147561
v 0.281019 1.499995 0.117859
v 0.266744 1.499995 0.085863
v 0.257069 1.499995 0.052195
v 0.252185 1.499995 0.017512
v 0.252185 1.499995 -0.017512
v 0.257069 1.499995 -0.052196
v 0.266744 1.499995 -0.085863
v 0.281019 1.499995 -0.117859
v 0.299618 1.499995 -0.147561
v 0.322178 1.499995 -0.174391
v 0.348261 1.499995 -0.197827
v 0.377358 1.499995 -0.217412
v 0.408903 1.499995 -0.232766
v 0.442283 1.499995 -0.243589
v 0.476848 1.499995 -0.249671
v 0.511924 1.499995 -0.250893
v 0.546829 1.499995 -0.247232
v 0.580884 1.499995 -0.238759
v 0.613426 1.499995 -0.225639
v 0.643821 1.499995 -0.208127
v 0.671479 1.499995 -0.186564
v 0.695859 1.499995 -0.161369
v 0.716489 1.499995 -0.133034
v 0.732966 1.499995 -0.102110
v 0.744971 1.499995 -0.069198
v 0.752268 1.499995 -0.034939
v 0.799433 1.210080 -0.038123
v 0.801886 1.210080 -0.000000
v 0.799433 1.210080 0.038122
v 0.792115 1.210080 0.075619
v 0.780053 1.210080 0.111873
v 0.763443 1.210080 0.146291
v 0.742560 1.210080 0.178307
v 0.717745 1.210080 0.207395
v 0.689406 1.210080 0.233077
v 0.658010 1.210080 0.254933
v 0.624070 1.210080 0.272602
v 0.588144 1.210080 0.285795
v 0.550823 1.210080 0.294296
v 0.512719 1.210080 0.297964
v 0.474458 1.210080 0.296739
v 0.436668 1.210080 0.290643
v 0.399969 1.210080 0.279773
v 0.364965 1.210080 0.264310
v 0.332229 1.210080 0.244507
v 0.302300 1.210080 0.220689
v 0.275668 1.210080 0.193248
v 0.252772 1.210080 0.162633
v 0.233987 1.210080 0.129348
v 0.219621 1.210080 0.093939
v 0.209911 1.210080 0.056988
v 0.205016 1.210080 0.019100
v 0.205016 1.210080 -0.019101
v 0.209911 1.210080 -0.056988
v 0.219621 1.210080 -0.093939
v 0.233987 1.210080 -0.129348
v 0.252772 1.210080 -0.162633
v 0.275668 1.210080 -0.193248
v 0.302300 1.210080 -0.220690
v 0.332229 1.210080 -0.244508
v 0.364965 1.210080 -0.264311
v 0.399969 1.210080 -0.279774
v 0.436668 1.210080 -0.290643
v 0.474458 1.210080 -0.296740
v 0.512719 1.210080 -0.297964
v 0.550823 1.210080 -0.294296
v 0.588144 1.210080 -0.285795
v 0.624070 1.210080 -0.272602
v 0.658010 1.210080 -0.254933
v 0.689406 1.210080 -0.233078
v 0.717745 1.210080 -0.207395
v 0.742560 1.210080 -0.178307
v 0.763443 1.210080 -0.146291
v 0.780053 1.210080 -0.111874
v 0.792115 1.210080 -0.075619
v 0.720811 1.468482 0.032739
v 0.722449 1.476638 0.028811
v 0.723270 1.468482 -0.000000
v 0.724341 1.476638 -0.000000
v 0.722449 1.476638 -0.028812
v 0.727483 1.484239 -0.000000
v 0.725563 1.484239 -0.029221
v 0.732480 1.490765 -0.000000
v 0.730518 1.490765 -0.029872
v 0.738993 1.495773 -0.000000
v 0.736975 1.495773 -0.030720
v 0.746577 1.498921 -0.000000
v 0.744494 1.498921 -0.031708
v 0.716804 1.476638 0.057130
v 0.713490 1.468482 0.064747
v 0.707503 1.476638 0.084471
v 0.701470 1.468482 0.095309
v 0.694706 1.476638 0.110367
v 0.685020 1.468482 0.123742
v 0.678631 1.476638 0.134374
v 0.664507 1.468482 0.149410
v 0.659554 1.476638 0.156083
v 0.640390 1.468482 0.171741
v 0.637800 1.476638 0.175120
v 0.613207 1.468482 0.190236
v 0.613743 1.476638 0.191162
v 0.587792 1.476638 0.203932
v 0.588995 1.484239 0.206828
v 0.561207 1.484239 0.216241
v 0.562501 1.490765 0.221058
v 0.533078 1.490765 0.226898
v 0.533928 1.495773 0.233342
v 0.503144 1.495773 0.235355
v 0.503144 1.498921 0.242924
v 0.471370 1.498921 0.240846
v 0.440139 1.498921 0.234646
v 0.409986 1.498921 0.224432
v 0.381427 1.498921 0.210378
v 0.354951 1.498921 0.192724
v 0.385220 1.495773 0.203824
v 0.359568 1.495773 0.186720
v 0.388476 1.490765 0.198195
v 0.363533 1.490765 0.181564
v 0.390975 1.484239 0.193876
v 0.366575 1.484239 0.177607
v 0.392545 1.476638 0.191162
v 0.368488 1.476638 0.175120
v 0.393081 1.468482 0.190236
v 0.365898 1.468482 0.171741
v 0.583565 1.468482 0.204480
v 0.560394 1.476638 0.213213
v 0.532426 1.484239 0.221954
v 0.503144 1.490765 0.228856
v 0.472360 1.495773 0.233342
v 0.552127 1.468482 0.214158
v 0.532016 1.476638 0.218846
v 0.503144 1.484239 0.223869
v 0.473210 1.490765 0.226898
v 0.442102 1.495773 0.227336
v 0.519594 1.468482 0.219051
v 0.503144 1.476638 0.220734
v 0.473862 1.484239 0.221954
v 0.443788 1.490765 0.221058
v 0.412889 1.495773 0.217440
v 0.486694 1.468482 0.219051
v 0.474272 1.476638 0.218846
v 0.445081 1.484239 0.216241
v 0.415381 1.490765 0.211436
v 0.454161 1.468482 0.214158
v 0.445894 1.476638 0.213213
v 0.417293 1.484239 0.206828
v 0.422723 1.468482 0.204480
v 0.418496 1.476638 0.203932
v 0.346734 1.476638 0.156083
v 0.341781 1.468482 0.149410
v 0.327657 1.476638 0.134374
v 0.321268 1.468482 0.123742
v 0.311582 1.476638 0.110367
v 0.304818 1.468482 0.095309
v 0.298785 1.476638 0.084471
v 0.292798 1.468482 0.064747
v 0.289484 1.476638 0.057130
v 0.285477 1.468482 0.032739
v 0.283839 1.476638 0.028811
v 0.283019 1.468482 -0.000000
v 0.281947 1.476638 -0.000000
v 0.283839 1.476638 -0.028812
v 0.280725 1.484239 -0.029221
v 0.286450 1.484239 -0.057942
v 0.281622 1.490765 -0.059233
v 0.291265 1.490765 -0.087580
v 0.285248 1.495773 -0.090067
v 0.298893 1.495773 -0.117678
v 0.292325 1.498921 -0.121462
v 0.310016 1.498921 -0.147883
v 0.331011 1.498921 -0.171773
v 0.354951 1.498921 -0.192725
v 0.381427 1.498921 -0.210379
v 0.409986 1.498921 -0.224433
v 0.385220 1.495773 -0.203824
v 0.412889 1.495773 -0.217440
v 0.388476 1.490765 -0.198196
v 0.415381 1.490765 -0.211436
v 0.390975 1.484239 -0.193877
v 0.417293 1.484239 -0.206829
v 0.392545 1.476638 -0.191162
v 0.418496 1.476638 -0.203932
v 0.393081 1.468482 -0.190236
v 0.422723 1.468482 -0.204481
v 0.285477 1.468482 -0.032740
v 0.289484 1.476638 -0.057130
v 0.295882 1.484239 -0.085671
v 0.304533 1.490765 -0.114428
v 0.316033 1.495773 -0.143276
v 0.292798 1.468482 -0.064748
v 0.298785 1.476638 -0.084472
v 0.308861 1.484239 -0.111935
v 0.321200 1.490765 -0.139319
v 0.336374 1.495773 -0.166422
v 0.304818 1.468482 -0.095309
v 0.311582 1.476638 -0.110367
v 0.325164 1.484239 -0.136283
v 0.340979 1.490765 -0.161826
v 0.359568 1.495773 -0.186720
v 0.321268 1.468482 -0.123742
v 0.327657 1.476638 -0.134375
v 0.344513 1.484239 -0.158300
v 0.363533 1.490765 -0.181564
v 0.341781 1.468482 -0.149411
v 0.346734 1.476638 -0.156083
v 0.366575 1.484239 -0.177608
v 0.365898 1.468482 -0.171741
v 0.368488 1.476638 -0.175121
v 0.445894 1.476638 -0.213213
v 0.454161 1.468482 -0.214158
v 0.474272 1.476638 -0.218846
v 0.486694 1.468482 -0.219051
v 0.503144 1.476638 -0.220735
v 0.519594 1.468482 -0.219051
v 0.532016 1.476638 -0.218846
v 0.552127 1.468482 -0.214158
v 0.560394 1.476638 -0.213213
v 0.583565 1.468482 -0.204481
v 0.587792 1.476638 -0.203932
v 0.613207 1.468482 -0.190236
v 0.613743 1.476638 -0.191162
v 0.637800 1.476638 -0.175121
v 0.639713 1.484239 -0.177608
v 0.661775 1.484239 -0.158300
v 0.665309 1.490765 -0.161826
v 0.685088 1.490765 -0.139319
v 0.690255 1.495773 -0.143276
v 0.707395 1.495773 -0.117678
v 0.713963 1.498921 -0.121462
v 0.728047 1.498921 -0.092963
v 0.738282 1.498921 -0.062874
v 0.640390 1.468482 -0.171741
v 0.659554 1.476638 -0.156083
v 0.681124 1.484239 -0.136283
v 0.701755 1.490765 -0.114428
v 0.721040 1.495773 -0.090067
v 0.664507 1.468482 -0.149411
v 0.678631 1.476638 -0.134375
v 0.697427 1.484239 -0.111935
v 0.715023 1.490765 -0.087580
v 0.730956 1.495773 -0.060915
v 0.685020 1.468482 -0.123742
v 0.694706 1.476638 -0.110367
v 0.710406 1.484239 -0.085671
v 0.724666 1.490765 -0.059233
v 0.701470 1.468482 -0.095309
v 0.707503 1.476638 -0.084472
v 0.719838 1.484239 -0.057942
v 0.713490 1.468482 -0.064748
v 0.716804 1.476638 -0.057130
v 0.720811 1.468482 -0.032740
v 0.696272 1.498921 -0.147883
v 0.669914 1.495773 -0.166422
v 0.642755 1.490765 -0.181564
v 0.615313 1.484239 -0.193877
v 0.675277 1.498921 -0.171773
v 0.646720 1.495773 -0.186720
v 0.617812 1.490765 -0.198196
v 0.588995 1.484239 -0.206829
v 0.651337 1.498921 -0.192725
v 0.621068 1.495773 -0.203824
v 0.590907 1.490765 -0.211436
v 0.561207 1.484239 -0.216242
v 0.624861 1.498921 -0.210379
v 0.593399 1.495773 -0.217440
v 0.562501 1.490765 -0.221059
v 0.532426 1.484239 -0.221954
v 0.596302 1.498921 -0.224433
v 0.564186 1.495773 -0.227336
v 0.533078 1.490765 -0.226899
v 0.503144 1.484239 -0.223870
v 0.566149 1.498921 -0.234647
v 0.533928 1.495773 -0.233342
v 0.503144 1.490765 -0.228857
v 0.473862 1.484239 -0.221954
v 0.534918 1.498921 -0.240846
v 0.503144 1.495773 -0.235356
v 0.473210 1.490765 -0.226899
v 0.445081 1.484239 -0.216242
v 0.503144 1.498921 -0.242924
v 0.472360 1.495773 -0.233342
v 0.443788 1.490765 -0.221059
v 0.471370 1.498921 -0.240846
v 0.442102 1.495773 -0.227336
v 0.440139 1.498921 -0.234647
v 0.278241 1.498921 -0.092963
v 0.275332 1.495773 -0.060915
v 0.275770 1.490765 -0.029872
v 0.278805 1.484239 -0.000000
v 0.268006 1.498921 -0.062874
v 0.269313 1.495773 -0.030720
v 0.273808 1.490765 -0.000000
v 0.280725 1.484239 0.029221
v 0.261794 1.498921 -0.031708
v 0.267295 1.495773 -0.000000
v 0.275770 1.490765 0.029872
v 0.286450 1.484239 0.057942
v 0.259711 1.498921 -0.000000
v 0.269313 1.495773 0.030720
v 0.281622 1.490765 0.059232
v 0.295882 1.484239 0.085671
v 0.261794 1.498921 0.031708
v 0.275332 1.495773 0.060914
v 0.291265 1.490765 0.087579
v 0.308861 1.484239 0.111935
v 0.268006 1.498921 0.062873
v 0.285248 1.495773 0.090067
v 0.304533 1.490765 0.114428
v 0.325164 1.484239 0.136283
v 0.278241 1.498921 0.092963
v 0.298893 1.495773 0.117678
v 0.321200 1.490765 0.139319
v 0.344513 1.484239 0.158299
v 0.292325 1.498921 0.121462
v 0.316033 1.495773 0.143275
v 0.340979 1.490765 0.161826
v 0.310016 1.498921 0.147883
v 0.336374 1.495773 0.166421
v 0.331011 1.498921 0.171773
v 0.534918 1.498921 0.240846
v 0.564186 1.495773 0.227336
v 0.590907 1.490765 0.211436
v 0.615313 1.484239 0.193876
v 0.566149 1.498921 0.234646
v 0.593399 1.495773 0.217440
v 0.617812 1.490765 0.198195
v 0.639713 1.484239 0.177607
v 0.596302 1.498921 0.224432
v 0.621068 1.495773 0.203824
v 0.642755 1.490765 0.181564
v 0.661775 1.484239 0.158299
v 0.624861 1.498921 0.210378
v 0.646720 1.495773 0.186720
v 0.665309 1.490765 0.161826
v 0.681124 1.484239 0.136283
v 0.651337 1.498921 0.192724
v 0.669914 1.495773 0.166421
v 0.685088 1.490765 0.139319
v 0.697427 1.484239 0.111935
v 0.675277 1.498921 0.171773
v 0.690255 1.495773 0.143275
v 0.701755 1.490765 0.114428
v 0.710406 1.484239 0.085671
v 0.696272 1.498921 0.147883
v 0.707395 1.495773 0.117678
v 0.715023 1.490765 0.087579
v 0.719838 1.484239 0.057942
v 0.713963 1.498921 0.121462
v 0.721040 1.495773 0.090067
v 0.724666 1.490765 0.059232
v 0.725563 1.484239 0.029221
v 0.728047 1.498921 0.092963
v 0.730956 1.495773 0.060914
v 0.730518 1.490765 0.029872
v 0.738282 1.498921 0.062873
v 0.736975 1.495773 0.030720
v 0.744494 1.498921 0.031708
v 0.720811 1.210080 0.032739
v 0.723270 1.210080 -0.000000
v 0.720811 1.210080 -0.032740
v 0.713490 1.210080 -0.064748
v 0.701470 1.210080 -0.095309
v 0.685020 1.210080 -0.123742
v 0.664507 1.210080 -0.149410
v 0.640390 1.210080 -0.171741
v 0.613207 1.210080 -0.190236
v 0.583565 1.210080 -0.204481
v 0.552127 1.210080 -0.214158
v 0.519594 1.210080 -0.219051
v 0.486694 1.210080 -0.219051
v 0.454161 1.210080 -0.214158
v 0.422723 1.210080 -0.204481
v 0.393081 1.210080 -0.190236
v 0.365898 1.210080 -0.171741
v 0.341781 1.210080 -0.149410
v 0.321268 1.210080 -0.123742
v 0.304818 1.210080 -0.095309
v 0.292798 1.210080 -0.064748
v 0.285477 1.210080 -0.032740
v 0.283019 1.210080 -0.000000
v 0.285477 1.210080 0.032739
v 0.292798 1.210080 0.064747
v 0.304818 1.210080 0.095309
v 0.321268 1.210080 0.123742
v 0.341781 1.210080 0.149410
v 0.365898 1.210080 0.171741
v 0.393081 1.210080 0.190236
v 0.422723 1.210080 0.204480
v 0.454161 1.210080 0.214158
v 0.486694 1.210080 0.219051
v 0.519594 1.210080 0.219051
v 0.552127 1.210080 0.214158
v 0.583565 1.210080 0.204480
v 0.613207 1.210080 0.190236
v 0.640390 1.210080 0.171741
v 0.664507 1.210080 0.149410
v 0.685020 1.210080 0.123742
v 0.701470 1.210080 0.095309
v 0.713490 1.210080 0.064747
v 0.720811 1.468482 1.036923
v 0.722449 1.476639 1.032996
v 0.723270 1.468482 1.004184
v 0.724341 1.476639 1.004184
v 0.722449 1.476639 0.975372
v 0.727483 1.484239 1.004184
v 0.725563 1.484239 0.974963
v 0.732480 1.490765 1.004184
v 0.730518 1.490765 0.974312
v 0.738993 1.495773 1.004184
v 0.736975 1.495773 0.973464
v 0.746577 1.498921 1.004184
v 0.744494 1.498921 0.972476
v 0.754716 1.499995 1.004184
v 0.752268 1.499995 0.969245
v 0.716804 1.476639 1.061314
v 0.713490 1.468482 1.068931
v 0.707503 1.476639 1.088655
v 0.701470 1.468482 1.099493
v 0.694706 1.476639 1.114551
v 0.685020 1.468482 1.127926
v 0.678631 1.476639 1.138559
v 0.664507 1.468482 1.153594
v 0.659554 1.476639 1.160267
v 0.640390 1.468482 1.175925
v 0.637800 1.476639 1.179304
v 0.613207 1.468482 1.194420
v 0.613743 1.476639 1.195346
v 0.587792 1.476639 1.208116
v 0.588995 1.484239 1.211012
v 0.561207 1.484239 1.220425
v 0.562501 1.490765 1.225242
v 0.533078 1.490765 1.231083
v 0.533928 1.495773 1.237526
v 0.503144 1.495773 1.239540
v 0.503144 1.498921 1.247108
v 0.471370 1.498921 1.245030
v 0.476848 1.499995 1.253855
v 0.442283 1.499995 1.247773
v 0.440139 1.498921 1.238831
v 0.408903 1.499995 1.236950
v 0.409986 1.498921 1.228617
v 0.377358 1.499995 1.221596
v 0.381427 1.498921 1.214562
v 0.354951 1.498921 1.196909
v 0.385220 1.495773 1.208008
v 0.359568 1.495773 1.190904
v 0.388476 1.490765 1.202379
v 0.363533 1.490765 1.185748
v 0.390975 1.484239 1.198061
v 0.366575 1.484239 1.181792
v 0.392545 1.476639 1.195346
v 0.368488 1.476639 1.179304
v 0.393081 1.468482 1.194420
v 0.365898 1.468482 1.175925
v 0.583565 1.468482 1.208665
v 0.560394 1.476639 1.217397
v 0.532426 1.484239 1.226138
v 0.503144 1.490765 1.233040
v 0.472360 1.495773 1.237526
v 0.552127 1.468482 1.218342
v 0.532016 1.476639 1.223030
v 0.503144 1.484239 1.228054
v 0.473210 1.490765 1.231083
v 0.442102 1.495773 1.231520
v 0.519594 1.468482 1.223235
v 0.503144 1.476639 1.224918
v 0.473862 1.484239 1.226138
v 0.443788 1.490765 1.225242
v 0.412889 1.495773 1.221624
v 0.486694 1.468482 1.223235
v 0.474272 1.476639 1.223030
v 0.445081 1.484239 1.220425
v 0.415381 1.490765 1.215620
v 0.454161 1.468482 1.218342
v 0.445894 1.476639 1.217397
v 0.417293 1.484239 1.211012
v 0.422723 1.468482 1.208665
v 0.418496 1.476639 1.208116
v 0.346734 1.476639 1.160267
v 0.341781 1.468482 1.153594
v 0.327657 1.476639 1.138559
v 0.321268 1.468482 1.127926
v 0.311582 1.476639 1.114551
v 0.304818 1.468482 1.099493
v 0.298785 1.476639 1.088655
v 0.292798 1.468482 1.068931
v 0.289484 1.476639 1.061314
v 0.285477 1.468482 1.036923
v 0.283839 1.476639 1.032996
v 0.283019 1.468482 1.004184
v 0.281947 1.476639 1.004184
v 0.283839 1.476639 0.975372
v 0.280725 1.484239 0.974963
v 0.286450 1.484239 0.946242
v 0.281622 1.490765 0.944952
v 0.291265 1.490765 0.916604
v 0.285248 1.495773 0.914117
v 0.298893 1.495773 0.886506
v 0.292325 1.498921 0.882722
v 0.310016 1.498921 0.856301
v 0.299618 1.499995 0.856623
v 0.322178 1.499995 0.829793
v 0.331011 1.498921 0.832411
v 0.348261 1.499995 0.806357
v 0.354951 1.498921 0.811459
v 0.377358 1.499995 0.786772
v 0.381427 1.498921 0.793805
v 0.409986 1.498921 0.779751
v 0.385220 1.495773 0.800360
v 0.412889 1.495773 0.786744
v 0.388476 1.490765 0.805988
v 0.415381 1.490765 0.792748
v 0.390975 1.484239 0.810307
v 0.417293 1.484239 0.797356
v 0.392545 1.476639 0.813022
v 0.418496 1.476639 0.800252
v 0.393081 1.468482 0.813948
v 0.422723 1.468482 0.799703
v 0.285477 1.468482 0.971444
v 0.289484 1.476639 0.947054
v 0.295882 1.484239 0.918513
v 0.304533 1.490765 0.889756
v 0.316033 1.495773 0.860909
v 0.292798 1.468482 0.939436
v 0.298785 1.476639 0.919712
v 0.308861 1.484239 0.892249
v 0.321200 1.490765 0.864865
v 0.336374 1.495773 0.837762
v 0.304818 1.468482 0.908875
v 0.311582 1.476639 0.893817
v 0.325164 1.484239 0.867901
v 0.340979 1.490765 0.842358
v 0.359568 1.495773 0.817464
v 0.321268 1.468482 0.880442
v 0.327657 1.476639 0.869809
v 0.344513 1.484239 0.845884
v 0.363533 1.490765 0.822620
v 0.341781 1.468482 0.854774
v 0.346734 1.476639 0.848101
v 0.366575 1.484239 0.826576
v 0.365898 1.468482 0.832443
v 0.368488 1.476639 0.829063
v 0.445894 1.476639 0.790971
v 0.454161 1.468482 0.790026
v 0.474272 1.476639 0.785338
v 0.486694 1.468482 0.785133
v 0.503144 1.476639 0.783449
v 0.519594 1.468482 0.785133
v 0.532016 1.476639 0.785338
v 0.552127 1.468482 0.790026
v 0.560394 1.476639 0.790971
v 0.583565 1.468482 0.799703
v 0.587792 1.476639 0.800252
v 0.613207 1.468482 0.813948
v 0.613743 1.476639 0.813022
v 0.637800 1.476639 0.829063
v 0.639713 1.484239 0.826576
v 0.661775 1.484239 0.845884
v 0.665309 1.490765 0.842358
v 0.685088 1.490765 0.864865
v 0.690255 1.495773 0.860909
v 0.707395 1.495773 0.886506
v 0.713963 1.498921 0.882722
v 0.728047 1.498921 0.911221
v 0.732966 1.499995 0.902074
v 0.744971 1.499995 0.934986
v 0.738282 1.498921 0.941311
v 0.640390 1.468482 0.832443
v 0.659554 1.476639 0.848101
v 0.681124 1.484239 0.867901
v 0.701755 1.490765 0.889756
v 0.721040 1.495773 0.914117
v 0.664507 1.468482 0.854774
v 0.678631 1.476639 0.869809
v 0.697427 1.484239 0.892249
v 0.715023 1.490765 0.916604
v 0.730956 1.495773 0.943269
v 0.685020 1.468482 0.880442
v 0.694706 1.476639 0.893817
v 0.710406 1.484239 0.918513
v 0.724666 1.490765 0.944952
v 0.701470 1.468482 0.908875
v 0.707503 1.476639 0.919712
v 0.719838 1.484239 0.946242
v 0.713490 1.468482 0.939436
v 0.716804 1.476639 0.947054
v 0.720811 1.468482 0.971444
v 0.716489 1.499995 0.871150
v 0.696272 1.498921 0.856301
v 0.669914 1.495773 0.837762
v 0.642755 1.490765 0.822620
v 0.615313 1.484239 0.810307
v 0.695859 1.499995 0.842815
v 0.675277 1.498921 0.832411
v 0.646720 1.495773 0.817464
v 0.617812 1.490765 0.805988
v 0.588995 1.484239 0.797356
v 0.671479 1.499995 0.817620
v 0.651337 1.498921 0.811459
v 0.621068 1.495773 0.800360
v 0.590907 1.490765 0.792748
v 0.561207 1.484239 0.787943
v 0.643821 1.499995 0.796057
v 0.624861 1.498921 0.793805
v 0.593399 1.495773 0.786744
v 0.562501 1.490765 0.783126
v 0.532426 1.484239 0.782230
v 0.613426 1.499995 0.778545
v 0.596302 1.498921 0.779751
v 0.564186 1.495773 0.776848
v 0.533078 1.490765 0.777285
v 0.503144 1.484239 0.780314
v 0.580884 1.499995 0.765425
v 0.566149 1.498921 0.769537
v 0.533928 1.495773 0.770842
v 0.503144 1.490765 0.775328
v 0.473862 1.484239 0.782230
v 0.546829 1.499995 0.756952
v 0.534918 1.498921 0.763338
v 0.503144 1.495773 0.768828
v 0.473210 1.490765 0.777285
v 0.445081 1.484239 0.787943
v 0.511924 1.499995 0.753291
v 0.503144 1.498921 0.761260
v 0.472360 1.495773 0.770842
v 0.443788 1.490765 0.783126
v 0.476848 1.499995 0.754513
v 0.471370 1.498921 0.763338
v 0.442102 1.495773 0.776848
v 0.442283 1.499995 0.760595
v 0.440139 1.498921 0.769537
v 0.408903 1.499995 0.771418
v 0.281019 1.499995 0.886325
v 0.278241 1.498921 0.911221
v 0.275332 1.495773 0.943269
v 0.275770 1.490765 0.974312
v 0.278805 1.484239 1.004184
v 0.266744 1.499995 0.918321
v 0.268006 1.498921 0.941311
v 0.269313 1.495773 0.973464
v 0.273808 1.490765 1.004184
v 0.280725 1.484239 1.033405
v 0.257069 1.499995 0.951989
v 0.261794 1.498921 0.972476
v 0.267295 1.495773 1.004184
v 0.275770 1.490765 1.034056
v 0.286450 1.484239 1.062126
v 0.252185 1.499995 0.986672
v 0.259711 1.498921 1.004184
v 0.269313 1.495773 1.034904
v 0.281622 1.490765 1.063416
v 0.295882 1.484239 1.089855
v 0.252185 1.499995 1.021696
v 0.261794 1.498921 1.035892
v 0.275332 1.495773 1.065099
v 0.291265 1.490765 1.091764
v 0.308861 1.484239 1.116119
v 0.257069 1.499995 1.056379
v 0.268006 1.498921 1.067057
v 0.285248 1.495773 1.094251
v 0.304533 1.490765 1.118612
v 0.325164 1.484239 1.140467
v 0.266744 1.499995 1.090047
v 0.278241 1.498921 1.097147
v 0.298893 1.495773 1.121862
v 0.321200 1.490765 1.143503
v 0.344513 1.484239 1.162484
v 0.281019 1.499995 1.122043
v 0.292325 1.498921 1.125646
v 0.316033 1.495773 1.147460
v 0.340979 1.490765 1.166010
v 0.299618 1.499995 1.151745
v 0.310016 1.498921 1.152067
v 0.336374 1.495773 1.170606
v 0.322178 1.499995 1.178575
v 0.331011 1.498921 1.175957
v 0.348261 1.499995 1.202011
v 0.511924 1.499995 1.255077
v 0.534918 1.498921 1.245030
v 0.564186 1.495773 1.231520
v 0.590907 1.490765 1.215620
v 0.615313 1.484239 1.198061
v 0.546829 1.499995 1.251416
v 0.566149 1.498921 1.238831
v 0.593399 1.495773 1.221624
v 0.617812 1.490765 1.202379
v 0.639713 1.484239 1.181792
v 0.580884 1.499995 1.242943
v 0.596302 1.498921 1.228617
v 0.621068 1.495773 1.208008
v 0.642755 1.490765 1.185748
v 0.661775 1.484239 1.162484
v 0.613426 1.499995 1.229823
v 0.624861 1.498921 1.214562
v 0.646720 1.495773 1.190904
v 0.665309 1.490765 1.166010
v 0.681124 1.484239 1.140467
v 0.643821 1.499995 1.212311
v 0.651337 1.498921 1.196909
v 0.669914 1.495773 1.170606
v 0.685088 1.490765 1.143503
v 0.697427 1.484239 1.116119
v 0.671479 1.499995 1.190748
v 0.675277 1.498921 1.175957
v 0.690255 1.495773 1.147460
v 0.701755 1.490765 1.118612
v 0.710406 1.484239 1.089855
v 0.695859 1.499995 1.165553
v 0.696272 1.498921 1.152067
v 0.707395 1.495773 1.121862
v 0.715023 1.490765 1.091764
v 0.719838 1.484239 1.062126
v 0.716489 1.499995 1.137218
v 0.713963 1.498921 1.125646
v 0.721040 1.495773 1.094251
v 0.724666 1.490765 1.063416
v 0.725563 1.484239 1.033405
v 0.732966 1.499995 1.106294
v 0.728047 1.498921 1.097147
v 0.730956 1.495773 1.065099
v 0.730518 1.490765 1.034056
v 0.744971 1.499995 1.073382
v 0.738282 1.498921 1.067057
v 0.736975 1.495773 1.034904
v 0.752268 1.499995 1.039123
v 0.744494 1.498921 1.035892
v 0.768054 1.499995 1.039737
v 0.770439 1.499995 1.004184
v 0.768054 1.499995 0.968632
v 0.760942 1.499995 0.933713
v 0.749229 1.499995 0.900053
v 0.733125 1.499995 0.868251
v 0.712917 1.499995 0.838874
v 0.688966 1.499995 0.812448
v 0.661698 1.499995 0.789442
v 0.631601 1.499995 0.770269
v 0.599212 1.499995 0.755271
v 0.565108 1.499995 0.744714
v 0.529899 1.499995 0.738787
v 0.494212 1.499995 0.737597
v 0.458685 1.499995 0.741163
v 0.423951 1.499995 0.749423
v 0.390630 1.499995 0.762230
v 0.359317 1.499995 0.779354
v 0.330571 1.499995 0.800490
v 0.304904 1.499995 0.825261
v 0.282775 1.499995 0.853225
v 0.264578 1.499995 0.883883
v 0.250638 1.499995 0.916688
v 0.241205 1.499995 0.951054
v 0.236446 1.499995 0.986368
v 0.236446 1.499995 1.022000
v 0.241205 1.499995 1.057314
v 0.250638 1.499995 1.091680
v 0.264578 1.499995 1.124485
v 0.282775 1.499995 1.155143
v 0.304904 1.499995 1.183107
v 0.330571 1.499995 1.207878
v 0.359317 1.499995 1.229014
v 0.390630 1.499995 1.246138
v 0.423951 1.499995 1.258945
v 0.458685 1.499995 1.267205
v 0.494212 1.499995 1.270772
v 0.529899 1.499995 1.269581
v 0.565108 1.499995 1.263654
v 0.599212 1.499995 1.253097
v 0.631601 1.499995 1.238099
v 0.661698 1.499995 1.218925
v 0.688966 1.499995 1.195920
v 0.712917 1.499995 1.169494
v 0.733125 1.499995 1.140117
v 0.749229 1.499995 1.108315
v 0.760942 1.499995 1.074655
v 0.720811 1.210080 1.036923
v 0.723270 1.210080 1.004184
v 0.720811 1.210080 0.971445
v 0.713490 1.210080 0.939437
v 0.701470 1.210080 0.908875
v 0.685020 1.210080 0.880442
v 0.664507 1.210080 0.854774
v 0.640390 1.210080 0.832443
v 0.613207 1.210080 0.813948
v 0.583565 1.210080 0.799703
v 0.552127 1.210080 0.790026
v 0.519594 1.210080 0.785133
v 0.486694 1.210080 0.785133
v 0.454161 1.210080 0.790026
v 0.422723 1.210080 0.799703
v 0.393081 1.210080 0.813948
v 0.365898 1.210080 0.832443
v 0.341781 1.210080 0.854774
v 0.321268 1.210080 0.880442
v 0.304818 1.210080 0.908875
v 0.292798 1.210080 0.939437
v 0.285477 1.210080 0.971445
v 0.283019 1.210080 1.004184
v 0.285477 1.210080 1.036923
v 0.292798 1.210080 1.068931
v 0.304818 1.210080 1.099493
v 0.321268 1.210080 1.127926
v 0.341781 1.210080 1.153594
v 0.365898 1.210080 1.175925
v 0.393081 1.210080 1.194420
v 0.422723 1.210080 1.208665
v 0.454161 1.210080 1.218342
v 0.486694 1.210080 1.223235
v 0.519594 1.210080 1.223235
v 0.552127 1.210080 1.218342
v 0.583565 1.210080 1.208665
v 0.613207 1.210080 1.194420
v 0.640390 1.210080 1.175925
v 0.664507 1.210080 1.153594
v 0.685020 1.210080 1.127926
v 0.701470 1.210080 1.099493
v 0.713490 1.210080 1.068931
v -0.285477 1.468482 1.036923
v -0.283839 1.476639 1.032996
v -0.283019 1.468482 1.004184
v -0.281947 1.476639 1.004184
v -0.283839 1.476639 0.975372
v -0.278805 1.484239 1.004184
v -0.280725 1.484239 0.974963
v -0.273808 1.490765 1.004184
v -0.275770 1.490765 0.974312
v -0.267295 1.495773 1.004184
v -0.269313 1.495773 0.973464
v -0.259711 1.498921 1.004184
v -0.261794 1.498921 0.972476
v -0.251572 1.499995 1.004184
v -0.254020 1.499995 0.969245
v -0.289484 1.476639 1.061314
v -0.292798 1.468482 1.068931
v -0.298785 1.476639 1.088655
v -0.304818 1.468482 1.099493
v -0.311582 1.476639 1.114551
v -0.321268 1.468482 1.127926
v -0.327657 1.476639 1.138559
v -0.341781 1.468482 1.153594
v -0.346734 1.476639 1.160267
v -0.365898 1.468482 1.175925
v -0.368488 1.476639 1.179304
v -0.393081 1.468482 1.194420
v -0.392545 1.476639 1.195346
v -0.418496 1.476639 1.208116
v -0.417293 1.484239 1.211012
v -0.445081 1.484239 1.220425
v -0.443788 1.490765 1.225242
v -0.473210 1.490765 1.231083
v -0.472360 1.495773 1.237526
v -0.503144 1.495773 1.239540
v -0.503144 1.498921 1.247108
v -0.534918 1.498921 1.245030
v -0.529440 1.499995 1.253855
v -0.564005 1.499995 1.247773
v -0.566149 1.498921 1.238831
v -0.597385 1.499995 1.236950
v -0.596302 1.498921 1.228617
v -0.628930 1.499995 1.221596
v -0.624861 1.498921 1.214562
v -0.651337 1.498921 1.196909
v -0.621068 1.495773 1.208008
v -0.646720 1.495773 1.190904
v -0.617812 1.490765 1.202379
v -0.642755 1.490765 1.185748
v -0.615313 1.484239 1.198061
v -0.639713 1.484239 1.181792
v -0.613743 1.476639 1.195346
v -0.637800 1.476639 1.179304
v -0.613207 1.468482 1.194420
v -0.640390 1.468482 1.175925
v -0.422723 1.468482 1.208665
v -0.445894 1.476639 1.217397
v -0.473862 1.484239 1.226138
v -0.503144 1.490765 1.233040
v -0.533928 1.495773 1.237526
v -0.454161 1.468482 1.218342
v -0.474272 1.476639 1.223030
v -0.503144 1.484239 1.228054
v -0.533078 1.490765 1.231083
v -0.564186 1.495773 1.231520
v -0.486694 1.468482 1.223235
v -0.503144 1.476639 1.224918
v -0.532426 1.484239 1.226138
v -0.562501 1.490765 1.225242
v -0.593399 1.495773 1.221624
v -0.519594 1.468482 1.223235
v -0.532016 1.476639 1.223030
v -0.561207 1.484239 1.220425
v -0.590907 1.490765 1.215620
v -0.552127 1.468482 1.218342
v -0.560394 1.476639 1.217397
v -0.588995 1.484239 1.211012
v -0.583565 1.468482 1.208665
v -0.587792 1.476639 1.208116
v -0.659554 1.476639 1.160267
v -0.664507 1.468482 1.153594
v -0.678631 1.476639 1.138559
v -0.685020 1.468482 1.127926
v -0.694706 1.476639 1.114551
v -0.701470 1.468482 1.099493
v -0.707503 1.476639 1.088655
v -0.713490 1.468482 1.068931
v -0.716804 1.476639 1.061314
v -0.720811 1.468482 1.036923
v -0.722449 1.476639 1.032996
v -0.723270 1.468482 1.004184
v -0.724341 1.476639 1.004184
v -0.722449 1.476639 0.975372
v -0.725563 1.484239 0.974963
v -0.719838 1.484239 0.946242
v -0.724666 1.490765 0.944952
v -0.715023 1.490765 0.916604
v -0.721040 1.495773 0.914117
v -0.707395 1.495773 0.886506
v -0.713963 1.498921 0.882722
v -0.696272 1.498921 0.856301
v -0.706670 1.499995 0.856623
v -0.684110 1.499995 0.829793
v -0.675277 1.498921 0.832411
v -0.658027 1.499995 0.806357
v -0.651337 1.498921 0.811459
v -0.628930 1.499995 0.786772
v -0.624861 1.498921 0.793805
v -0.596302 1.498921 0.779751
v -0.621068 1.495773 0.800360
v -0.593399 1.495773 0.786744
v -0.617812 1.490765 0.805988
v -0.590907 1.490765 0.792748
v -0.615313 1.484239 0.810307
v -0.588995 1.484239 0.797356
v -0.613743 1.476639 0.813022
v -0.587792 1.476639 0.800252
v -0.613207 1.468482 0.813948
v -0.583565 1.468482 0.799703
v -0.720811 1.468482 0.971444
v -0.716804 1.476639 0.947054
v -0.710406 1.484239 0.918513
v -0.701755 1.490765 0.889756
v -0.690255 1.495773 0.860909
v -0.713490 1.468482 0.939436
v -0.707503 1.476639 0.919712
v -0.697427 1.484239 0.892249
v -0.685088 1.490765 0.864865
v -0.669914 1.495773 0.837762
v -0.701470 1.468482 0.908875
v -0.694706 1.476639 0.893817
v -0.681124 1.484239 0.867901
v -0.665309 1.490765 0.842358
v -0.646720 1.495773 0.817464
v -0.685020 1.468482 0.880442
v -0.678631 1.476639 0.869809
v -0.661775 1.484239 0.845884
v -0.642755 1.490765 0.822620
v -0.664507 1.468482 0.854774
v -0.659554 1.476639 0.848101
v -0.639713 1.484239 0.826576
v -0.640390 1.468482 0.832443
v -0.637800 1.476639 0.829063
v -0.560394 1.476639 0.790971
v -0.552127 1.468482 0.790026
v -0.532016 1.476639 0.785338
v -0.519594 1.468482 0.785133
v -0.503144 1.476639 0.783449
v -0.486694 1.468482 0.785133
v -0.474272 1.476639 0.785338
v -0.454161 1.468482 0.790026
v -0.445894 1.476639 0.790971
v -0.422723 1.468482 0.799703
v -0.418496 1.476639 0.800252
v -0.393081 1.468482 0.813948
v -0.392545 1.476639 0.813022
v -0.368488 1.476639 0.829063
v -0.366575 1.484239 0.826576
v -0.344513 1.484239 0.845884
v -0.340979 1.490765 0.842358
v -0.321200 1.490765 0.864865
v -0.316033 1.495773 0.860909
v -0.298893 1.495773 0.886506
v -0.292325 1.498921 0.882722
v -0.278241 1.498921 0.911221
v -0.273322 1.499995 0.902074
v -0.261317 1.499995 0.934986
v -0.268006 1.498921 0.941311
v -0.365898 1.468482 0.832443
v -0.346734 1.476639 0.848101
v -0.325164 1.484239 0.867901
v -0.304533 1.490765 0.889756
v -0.285248 1.495773 0.914117
v -0.341781 1.468482 0.854774
v -0.327657 1.476639 0.869809
v -0.308861 1.484239 0.892249
v -0.291265 1.490765 0.916604
v -0.275332 1.495773 0.943269
v -0.321268 1.468482 0.880442
v -0.311582 1.476639 0.893817
v -0.295882 1.484239 0.918513
v -0.281622 1.490765 0.944952
v -0.304818 1.468482 0.908875
v -0.298785 1.476639 0.919712
v -0.286450 1.484239 0.946242
v -0.292798 1.468482 0.939436
v -0.289484 1.476639 0.947054
v -0.285477 1.468482 0.971444
v -0.289799 1.499995 0.871150
v -0.310016 1.498921 0.856301
v -0.336374 1.495773 0.837762
v -0.363533 1.490765 0.822620
v -0.390975 1.484239 0.810307
v -0.310429 1.499995 0.842815
v -0.331011 1.498921 0.832411
v -0.359568 1.495773 0.817464
v -0.388476 1.490765 0.805988
v -0.417293 1.484239 0.797356
v -0.334810 1.499995 0.817620
v -0.354951 1.498921 0.811459
v -0.385220 1.495773 0.800360
v -0.415381 1.490765 0.792748
v -0.445081 1.484239 0.787943
v -0.362467 1.499995 0.796057
v -0.381427 1.498921 0.793805
v -0.412889 1.495773 0.786744
v -0.443788 1.490765 0.783126
v -0.473862 1.484239 0.782230
v -0.392862 1.499995 0.778545
v -0.409986 1.498921 0.779751
v -0.442102 1.495773 0.776848
v -0.473210 1.490765 0.777285
v -0.503144 1.484239 0.780314
v -0.425404 1.499995 0.765425
v -0.440139 1.498921 0.769537
v -0.472360 1.495773 0.770842
v -0.503144 1.490765 0.775328
v -0.532426 1.484239 0.782230
v -0.459459 1.499995 0.756952
v -0.471370 1.498921 0.763338
v -0.503144 1.495773 0.768828
v -0.533078 1.490765 0.777285
v -0.561207 1.484239 0.787943
v -0.494364 1.499995 0.753291
v -0.503144 1.498921 0.761260
v -0.533928 1.495773 0.770842
v -0.562501 1.490765 0.783126
v -0.529440 1.499995 0.754513
v -0.534918 1.498921 0.763338
v -0.564186 1.495773 0.776848
v -0.564005 1.499995 0.760595
v -0.566149 1.498921 0.769537
v -0.597385 1.499995 0.771418
v -0.725269 1.499995 0.886325
v -0.728047 1.498921 0.911221
v -0.730956 1.495773 0.943269
v -0.730518 1.490765 0.974312
v -0.727483 1.484239 1.004184
v -0.739544 1.499995 0.918321
v -0.738282 1.498921 0.941311
v -0.736975 1.495773 0.973464
v -0.732480 1.490765 1.004184
v -0.725563 1.484239 1.033405
v -0.749219 1.499995 0.951989
v -0.744494 1.498921 0.972476
v -0.738993 1.495773 1.004184
v -0.730518 1.490765 1.034056
v -0.719838 1.484239 1.062126
v -0.754103 1.499995 0.986672
v -0.746577 1.498921 1.004184
v -0.736975 1.495773 1.034904
v -0.724666 1.490765 1.063416
v -0.710406 1.484239 1.089855
v -0.754103 1.499995 1.021696
v -0.744494 1.498921 1.035892
v -0.730956 1.495773 1.065099
v -0.715023 1.490765 1.091764
v -0.697427 1.484239 1.116119
v -0.749219 1.499995 1.056379
v -0.738282 1.498921 1.067057
v -0.721040 1.495773 1.094251
v -0.701755 1.490765 1.118612
v -0.681124 1.484239 1.140467
v -0.739544 1.499995 1.090047
v -0.728047 1.498921 1.097147
v -0.707395 1.495773 1.121862
v -0.685088 1.490765 1.143503
v -0.661775 1.484239 1.162484
v -0.725269 1.499995 1.122043
v -0.713963 1.498921 1.125646
v -0.690255 1.495773 1.147460
v -0.665309 1.490765 1.166010
v -0.706670 1.499995 1.151745
v -0.696272 1.498921 1.152067
v -0.669914 1.495773 1.170606
v -0.684110 1.499995 1.178575
v -0.675277 1.498921 1.175957
v -0.658027 1.499995 1.202011
v -0.494364 1.499995 1.255077
v -0.471370 1.498921 1.245030
v -0.442102 1.495773 1.231520
v -0.415381 1.490765 1.215620
v -0.390975 1.484239 1.198061
v -0.459459 1.499995 1.251416
v -0.440139 1.498921 1.238831
v -0.412889 1.495773 1.221624
v -0.388476 1.490765 1.202379
v -0.366575 1.484239 1.181792
v -0.425404 1.499995 1.242943
v -0.409986 1.498921 1.228617
v -0.385220 1.495773 1.208008
v -0.363533 1.490765 1.185748
v -0.344513 1.484239 1.162484
v -0.392862 1.499995 1.229823
v -0.381427 1.498921 1.214562
v -0.359568 1.495773 1.190904
v -0.340979 1.490765 1.166010
v -0.325164 1.484239 1.140467
v -0.362467 1.499995 1.212311
v -0.354951 1.498921 1.196909
v -0.336374 1.495773 1.170606
v -0.321200 1.490765 1.143503
v -0.308861 1.484239 1.116119
v -0.334810 1.499995 1.190748
v -0.331011 1.498921 1.175957
v -0.316033 1.495773 1.147460
v -0.304533 1.490765 1.118612
v -0.295882 1.484239 1.089855
v -0.310429 1.499995 1.165553
v -0.310016 1.498921 1.152067
v -0.298893 1.495773 1.121862
v -0.291265 1.490765 1.091764
v -0.286450 1.484239 1.062126
v -0.289799 1.499995 1.137218
v -0.292325 1.498921 1.125646
v -0.285248 1.495773 1.094251
v -0.281622 1.490765 1.063416
v -0.280725 1.484239 1.033405
v -0.273322 1.499995 1.106294
v -0.278241 1.498921 1.097147
v -0.275332 1.495773 1.065099
v -0.275770 1.490765 1.034056
v -0.261317 1.499995 1.073382
v -0.268006 1.498921 1.067057
v -0.269313 1.495773 1.034904
v -0.254020 1.499995 1.039123
v -0.261794 1.498921 1.035892
v -0.238234 1.499995 1.039737
v -0.235849 1.499995 1.004184
v -0.238234 1.499995 0.968632
v -0.245346 1.499995 0.933713
v -0.257059 1.499995 0.900053
v -0.273163 1.499995 0.868251
v -0.293371 1.499995 0.838874
v -0.317322 1.499995 0.812448
v -0.344590 1.499995 0.789442
v -0.374687 1.499995 0.770269
v -0.407076 1.499995 0.755271
v -0.441180 1.499995 0.744714
v -0.476389 1.499995 0.738787
v -0.512076 1.499995 0.737597
v -0.547603 1.499995 0.741163
v -0.582337 1.499995 0.749423
v -0.615658 1.499995 0.762230
v -0.646971 1.499995 0.779354
v -0.675717 1.499995 0.800490
v -0.701384 1.499995 0.825261
v -0.723513 1.499995 0.853225
v -0.741710 1.499995 0.883883
v -0.755650 1.499995 0.916688
v -0.765083 1.499995 0.951054
v -0.769842 1.499995 0.986368
v -0.769842 1.499995 1.022000
v -0.765083 1.499995 1.057314
v -0.755650 1.499995 1.091680
v -0.741710 1.499995 1.124485
v -0.723513 1.499995 1.155143
v -0.701384 1.499995 1.183107
v -0.675717 1.499995 1.207878
v -0.646971 1.499995 1.229014
v -0.615658 1.499995 1.246138
v -0.582337 1.499995 1.258945
v -0.547603 1.499995 1.267205
v -0.512076 1.499995 1.270772
v -0.476389 1.499995 1.269581
v -0.441180 1.499995 1.263654
v -0.407076 1.499995 1.253097
v -0.374687 1.499995 1.238099
v -0.344590 1.499995 1.218925
v -0.317322 1.499995 1.195920
v -0.293371 1.499995 1.169494
v -0.273163 1.499995 1.140117
v -0.257059 1.499995 1.108315
v -0.245346 1.499995 1.074655
v -0.285477 1.210080 1.036923
v -0.283019 1.210080 1.004184
v -0.285477 1.210080 0.971445
v -0.292798 1.210080 0.939437
v -0.304818 1.210080 0.908875
v -0.321268 1.210080 0.880442
v -0.341781 1.210080 0.854774
v -0.365898 1.210080 0.832443
v -0.393081 1.210080 0.813948
v -0.422723 1.210080 0.799703
v -0.454161 1.210080 0.790026
v -0.486694 1.210080 0.785133
v -0.519594 1.210080 0.785133
v -0.552127 1.210080 0.790026
v -0.583565 1.210080 0.799703
v -0.613207 1.210080 0.813948
v -0.640390 1.210080 0.832443
v -0.664507 1.210080 0.854774
v -0.685020 1.210080 0.880442
v -0.701470 1.210080 0.908875
v -0.713490 1.210080 0.939437
v -0.720811 1.210080 0.971445
v -0.723270 1.210080 1.004184
v -0.720811 1.210080 1.036923
v -0.713490 1.210080 1.068931
v -0.701470 1.210080 1.099493
v -0.685020 1.210080 1.127926
v -0.664507 1.210080 1.153594
v -0.640390 1.210080 1.175925
v -0.613207 1.210080 1.194420
v -0.583565 1.210080 1.208665
v -0.552127 1.210080 1.218342
v -0.519594 1.210080 1.223235
v -0.486694 1.210080 1.223235
v -0.454161 1.210080 1.218342
v -0.422723 1.210080 1.208665
v -0.393081 1.210080 1.194420
v -0.365898 1.210080 1.175925
v -0.341781 1.210080 1.153594
v -0.321268 1.210080 1.127926
v -0.304818 1.210080 1.099493
v -0.292798 1.210080 1.068931
v -0.206855 1.468482 0.966062
v -0.206085 1.476639 0.985152
v -0.204402 1.468482 1.004184
v -0.206085 1.476639 1.023216
v -0.206855 1.468482 1.042306
v -0.210963 1.476639 1.060967
v -0.214173 1.468482 1.079803
v -0.220638 1.476639 1.097786
v -0.226235 1.468482 1.116058
v -0.234952 1.476639 1.133068
v -0.242845 1.468482 1.150475
v -0.253670 1.476639 1.166234
v -0.263728 1.468482 1.182491
v -0.276484 1.476639 1.196739
v -0.288543 1.468482 1.211579
v -0.303020 1.476639 1.224082
v -0.316882 1.468482 1.237261
v -0.332842 1.476639 1.247815
v -0.348279 1.468482 1.259117
v -0.365460 1.476639 1.267546
v -0.382218 1.468482 1.276786
v -0.400339 1.476639 1.282954
v -0.418144 1.468482 1.289979
v -0.436906 1.476639 1.293784
v -0.455465 1.468482 1.298480
v -0.474561 1.476639 1.299859
v -0.493569 1.468482 1.302148
v -0.512685 1.476639 1.301079
v -0.531830 1.468482 1.300924
v -0.550652 1.476639 1.297424
v -0.569620 1.468482 1.294827
v -0.587839 1.476639 1.288954
v -0.606319 1.468482 1.283958
v -0.623636 1.476639 1.275808
v -0.641324 1.468482 1.268494
v -0.657454 1.476639 1.258202
v -0.674059 1.468482 1.248691
v -0.688738 1.476639 1.236425
v -0.703988 1.468482 1.224874
v -0.716975 1.476639 1.210835
v -0.730620 1.468482 1.197432
v -0.741701 1.476639 1.181852
v -0.753516 1.468482 1.166817
v -0.762510 1.476639 1.149951
v -0.772301 1.468482 1.133532
v -0.779060 1.476639 1.115656
v -0.786667 1.468482 1.098123
v -0.791079 1.476639 1.079532
v -0.796377 1.468482 1.061172
v -0.798370 1.476639 1.042170
v -0.801272 1.468482 1.023284
v -0.800814 1.476639 1.004184
v -0.801272 1.468482 0.985084
v -0.798370 1.476639 0.966198
v -0.796377 1.468482 0.947196
v -0.791079 1.476639 0.928836
v -0.786667 1.468482 0.910245
v -0.779060 1.476639 0.892712
v -0.772301 1.468482 0.874836
v -0.762510 1.476639 0.858417
v -0.753516 1.468482 0.841551
v -0.741701 1.476639 0.826516
v -0.730620 1.468482 0.810936
v -0.716975 1.476639 0.797533
v -0.703988 1.468482 0.783494
v -0.688738 1.476639 0.771943
v -0.674059 1.468482 0.759677
v -0.657454 1.476639 0.750166
v -0.641324 1.468482 0.739873
v -0.623636 1.476639 0.732560
v -0.606319 1.468482 0.724410
v -0.587839 1.476639 0.719414
v -0.569620 1.468482 0.713541
v -0.550652 1.476639 0.710944
v -0.531830 1.468482 0.707444
v -0.512685 1.476639 0.707289
v -0.493569 1.468482 0.706220
v -0.474561 1.476639 0.708509
v -0.455465 1.468482 0.709888
v -0.436906 1.476639 0.714584
v -0.418144 1.468482 0.718389
v -0.400339 1.476639 0.725414
v -0.382218 1.468482 0.731582
v -0.365460 1.476639 0.740822
v -0.348279 1.468482 0.749251
v -0.332842 1.476639 0.760554
v -0.316882 1.468482 0.771107
v -0.303020 1.476639 0.784286
v -0.288543 1.468482 0.796789
v -0.276484 1.476639 0.811629
v -0.263728 1.468482 0.825877
v -0.253670 1.476639 0.842134
v -0.242845 1.468482 0.857893
v -0.234952 1.476639 0.875300
v -0.226235 1.468482 0.892310
v -0.220638 1.476639 0.910582
v -0.214173 1.468482 0.928565
v -0.210963 1.476639 0.947401
v -0.228276 1.498921 1.021794
v -0.228276 1.498921 0.986574
v -0.232789 1.498921 0.951642
v -0.241742 1.498921 0.917574
v -0.254986 1.498921 0.884927
v -0.272306 1.498921 0.854239
v -0.293416 1.498921 0.826013
v -0.317969 1.498921 0.800712
v -0.345564 1.498921 0.778753
v -0.375745 1.498921 0.760495
v -0.408019 1.498921 0.746238
v -0.441854 1.498921 0.736217
v -0.476696 1.498921 0.730596
v -0.511972 1.498921 0.729467
v -0.547103 1.498921 0.732849
v -0.512215 1.495773 0.721902
v -0.548314 1.495773 0.725377
v -0.512424 1.490765 0.715406
v -0.549353 1.490765 0.718961
v -0.512584 1.484239 0.710422
v -0.550151 1.484239 0.714038
v -0.232789 1.498921 1.056726
v -0.241742 1.498921 1.090794
v -0.254986 1.498921 1.123441
v -0.272306 1.498921 1.154129
v -0.293416 1.498921 1.182355
v -0.317969 1.498921 1.207656
v -0.345564 1.498921 1.229615
v -0.375745 1.498921 1.247873
v -0.408019 1.498921 1.262130
v -0.441854 1.498921 1.272151
v -0.476696 1.498921 1.277772
v -0.511972 1.498921 1.278901
v -0.547103 1.498921 1.275519
v -0.548314 1.495773 1.282991
v -0.583671 1.495773 1.274938
v -0.585524 1.490765 1.281168
v -0.620341 1.490765 1.268381
v -0.622364 1.484239 1.272942
v -0.655826 1.484239 1.255522
v -0.581513 1.498921 1.267682
v -0.617705 1.495773 1.262439
v -0.653235 1.490765 1.251257
v -0.686780 1.484239 1.233974
v -0.614635 1.498921 1.255518
v -0.649859 1.495773 1.245699
v -0.683664 1.490765 1.230075
v -0.714719 1.484239 1.208654
v -0.645927 1.498921 1.239227
v -0.679603 1.495773 1.224994
v -0.711129 1.490765 1.205185
v -0.739183 1.484239 1.179976
v -0.674874 1.498921 1.219077
v -0.706450 1.495773 1.200663
v -0.735178 1.490765 1.176994
v -0.759772 1.484239 1.148412
v -0.701002 1.498921 1.195398
v -0.729959 1.495773 1.173106
v -0.755418 1.490765 1.145965
v -0.776148 1.484239 1.114480
v -0.723881 1.498921 1.168580
v -0.749743 1.495773 1.142776
v -0.771515 1.490765 1.112608
v -0.788040 1.484239 1.078736
v -0.743135 1.498921 1.139062
v -0.765479 1.495773 1.110169
v -0.783206 1.490765 1.077471
v -0.795255 1.484239 1.041769
v -0.758449 1.498921 1.107329
v -0.776906 1.495773 1.075823
v -0.790298 1.490765 1.041131
v -0.797673 1.484239 1.004184
v -0.769570 1.498921 1.073903
v -0.783839 1.495773 1.040300
v -0.792675 1.490765 1.004184
v -0.795255 1.484239 0.966599
v -0.776317 1.498921 1.039332
v -0.786163 1.495773 1.004184
v -0.790298 1.490765 0.967237
v -0.788040 1.484239 0.929632
v -0.778578 1.498921 1.004184
v -0.783839 1.495773 0.968068
v -0.783206 1.490765 0.930897
v -0.776148 1.484239 0.893888
v -0.776317 1.498921 0.969036
v -0.776906 1.495773 0.932545
v -0.771515 1.490765 0.895760
v -0.759772 1.484239 0.859956
v -0.769570 1.498921 0.934465
v -0.765479 1.495773 0.898198
v -0.755418 1.490765 0.862403
v -0.739183 1.484239 0.828391
v -0.758449 1.498921 0.901039
v -0.749743 1.495773 0.865592
v -0.735178 1.490765 0.831374
v -0.714719 1.484239 0.799714
v -0.743135 1.498921 0.869306
v -0.729959 1.495773 0.835261
v -0.711129 1.490765 0.803183
v -0.686780 1.484239 0.774394
v -0.723881 1.498921 0.839788
v -0.706450 1.495773 0.807705
v -0.683664 1.490765 0.778293
v -0.655826 1.484239 0.752846
v -0.701002 1.498921 0.812970
v -0.679603 1.495773 0.783374
v -0.653235 1.490765 0.757111
v -0.622364 1.484239 0.735426
v -0.674874 1.498921 0.789291
v -0.649859 1.495773 0.762669
v -0.620341 1.490765 0.739986
v -0.586946 1.484239 0.722419
v -0.645927 1.498921 0.769141
v -0.617705 1.495773 0.745929
v -0.585524 1.490765 0.727200
v -0.614635 1.498921 0.752850
v -0.583671 1.495773 0.733431
v -0.581513 1.498921 0.740686
v -0.209220 1.484239 0.985353
v -0.209220 1.484239 1.023015
v -0.214047 1.484239 1.060368
v -0.223620 1.484239 1.096798
v -0.237783 1.484239 1.131708
v -0.256303 1.484239 1.164524
v -0.278876 1.484239 1.194707
v -0.305132 1.484239 1.221761
v -0.334639 1.484239 1.245243
v -0.366913 1.484239 1.264767
v -0.401424 1.484239 1.280012
v -0.437605 1.484239 1.290728
v -0.474862 1.484239 1.296739
v -0.512584 1.484239 1.297946
v -0.550151 1.484239 1.294329
v -0.586946 1.484239 1.285949
v -0.214208 1.490765 0.985672
v -0.214208 1.490765 1.022696
v -0.218952 1.490765 1.059415
v -0.228363 1.490765 1.095227
v -0.242285 1.490765 1.129544
v -0.260491 1.490765 1.161803
v -0.282682 1.490765 1.191474
v -0.308492 1.490765 1.218070
v -0.337498 1.490765 1.241153
v -0.369225 1.490765 1.260346
v -0.403150 1.490765 1.275332
v -0.438717 1.490765 1.285866
v -0.475342 1.490765 1.291775
v -0.512424 1.490765 1.292962
v -0.549353 1.490765 1.289406
v -0.214047 1.484239 0.948000
v -0.223620 1.484239 0.911570
v -0.237783 1.484239 0.876660
v -0.256303 1.484239 0.843844
v -0.278876 1.484239 0.813661
v -0.305132 1.484239 0.786607
v -0.334639 1.484239 0.763125
v -0.366913 1.484239 0.743601
v -0.401424 1.484239 0.728356
v -0.437605 1.484239 0.717640
v -0.474862 1.484239 0.711629
v -0.220707 1.495773 0.986089
v -0.220707 1.495773 1.022279
v -0.225345 1.495773 1.058172
v -0.234544 1.495773 1.093179
v -0.248153 1.495773 1.126724
v -0.265950 1.495773 1.158258
v -0.287641 1.495773 1.187261
v -0.312870 1.495773 1.213258
v -0.341224 1.495773 1.235823
v -0.372237 1.495773 1.254583
v -0.405399 1.495773 1.269233
v -0.440166 1.495773 1.279530
v -0.475968 1.495773 1.285306
v -0.512215 1.495773 1.286466
v -0.218952 1.490765 0.948953
v -0.228363 1.490765 0.913141
v -0.242285 1.490765 0.878824
v -0.260491 1.490765 0.846565
v -0.282682 1.490765 0.816894
v -0.308492 1.490765 0.790298
v -0.337498 1.490765 0.767215
v -0.369225 1.490765 0.748022
v -0.403150 1.490765 0.733036
v -0.438717 1.490765 0.722502
v -0.475342 1.490765 0.716593
v -0.225345 1.495773 0.950196
v -0.234544 1.495773 0.915189
v -0.248153 1.495773 0.881644
v -0.265950 1.495773 0.850110
v -0.287641 1.495773 0.821107
v -0.312870 1.495773 0.795110
v -0.341224 1.495773 0.772545
v -0.372237 1.495773 0.753785
v -0.405399 1.495773 0.739135
v -0.440166 1.495773 0.728838
v -0.475968 1.495773 0.723062
v -0.206855 1.210080 0.966062
v -0.204402 1.210080 1.004184
v -0.206855 1.210080 1.042306
v -0.214173 1.210080 1.079803
v -0.226235 1.210080 1.116058
v -0.242845 1.210080 1.150475
v -0.263728 1.210080 1.182491
v -0.288543 1.210080 1.211579
v -0.316882 1.210080 1.237261
v -0.348279 1.210080 1.259117
v -0.382218 1.210080 1.276786
v -0.418144 1.210080 1.289979
v -0.455465 1.210080 1.298480
v -0.493569 1.210080 1.302148
v -0.531830 1.210080 1.300924
v -0.569620 1.210080 1.294827
v -0.606319 1.210080 1.283958
v -0.641324 1.210080 1.268494
v -0.674059 1.210080 1.248691
v -0.703988 1.210080 1.224874
v -0.730620 1.210080 1.197432
v -0.753516 1.210080 1.166817
v -0.772301 1.210080 1.133532
v -0.786667 1.210080 1.098123
v -0.796377 1.210080 1.061172
v -0.801272 1.210080 1.023284
v -0.801272 1.210080 0.985084
v -0.796377 1.210080 0.947196
v -0.786667 1.210080 0.910245
v -0.772301 1.210080 0.874836
v -0.753516 1.210080 0.841551
v -0.730620 1.210080 0.810936
v -0.703988 1.210080 0.783494
v -0.674059 1.210080 0.759677
v -0.641324 1.210080 0.739874
v -0.606319 1.210080 0.724410
v -0.569620 1.210080 0.713541
v -0.531830 1.210080 0.707444
v -0.493569 1.210080 0.706220
v -0.455465 1.210080 0.709888
v -0.418144 1.210080 0.718389
v -0.382218 1.210080 0.731582
v -0.348279 1.210080 0.749251
v -0.316882 1.210080 0.771107
v -0.288543 1.210080 0.796789
v -0.263728 1.210080 0.825877
v -0.242845 1.210080 0.857893
v -0.226235 1.210080 0.892310
v -0.214173 1.210080 0.928565
v 0.799433 1.468482 0.966062
v 0.800203 1.476639 0.985152
v 0.801886 1.468482 1.004184
v 0.800203 1.476639 1.023216
v 0.799433 1.468482 1.042306
v 0.795325 1.476639 1.060967
v 0.792115 1.468482 1.079803
v 0.785650 1.476639 1.097786
v 0.780053 1.468482 1.116058
v 0.771336 1.476639 1.133068
v 0.763443 1.468482 1.150475
v 0.752618 1.476639 1.166234
v 0.742560 1.468482 1.182491
v 0.729804 1.476639 1.196739
v 0.717745 1.468482 1.211579
v 0.703268 1.476639 1.224082
v 0.689406 1.468482 1.237261
v 0.673446 1.476639 1.247815
v 0.658010 1.468482 1.259117
v 0.640828 1.476639 1.267546
v 0.624070 1.468482 1.276786
v 0.605949 1.476639 1.282954
v 0.588144 1.468482 1.289979
v 0.569382 1.476639 1.293784
v 0.550823 1.468482 1.298480
v 0.531727 1.476639 1.299859
v 0.512719 1.468482 1.302148
v 0.493603 1.476639 1.301079
v 0.474458 1.468482 1.300924
v 0.455636 1.476639 1.297424
v 0.436668 1.468482 1.294827
v 0.418449 1.476639 1.288954
v 0.399969 1.468482 1.283958
v 0.382652 1.476639 1.275808
v 0.364965 1.468482 1.268494
v 0.348834 1.476639 1.258202
v 0.332229 1.468482 1.248691
v 0.317550 1.476639 1.236425
v 0.302300 1.468482 1.224874
v 0.289313 1.476639 1.210835
v 0.275668 1.468482 1.197432
v 0.264587 1.476639 1.181852
v 0.252772 1.468482 1.166817
v 0.243778 1.476639 1.149951
v 0.233987 1.468482 1.133532
v 0.227228 1.476639 1.115656
v 0.219621 1.468482 1.098123
v 0.215209 1.476639 1.079532
v 0.209911 1.468482 1.061172
v 0.207918 1.476639 1.042170
v 0.205016 1.468482 1.023284
v 0.205474 1.476639 1.004184
v 0.205016 1.468482 0.985084
v 0.207918 1.476639 0.966198
v 0.209911 1.468482 0.947196
v 0.215209 1.476639 0.928836
v 0.219621 1.468482 0.910245
v 0.227228 1.476639 0.892712
v 0.233987 1.468482 0.874836
v 0.243778 1.476639 0.858417
v 0.252772 1.468482 0.841551
v 0.264587 1.476639 0.826516
v 0.275668 1.468482 0.810936
v 0.289313 1.476639 0.797533
v 0.302300 1.468482 0.783494
v 0.317550 1.476639 0.771943
v 0.332229 1.468482 0.759677
v 0.348834 1.476639 0.750166
v 0.364965 1.468482 0.739873
v 0.382652 1.476639 0.732560
v 0.399969 1.468482 0.724410
v 0.418449 1.476639 0.719414
v 0.436668 1.468482 0.713541
v 0.455636 1.476639 0.710944
v 0.474458 1.468482 0.707444
v 0.493603 1.476639 0.707289
v 0.512719 1.468482 0.706220
v 0.531727 1.476639 0.708509
v 0.550823 1.468482 0.709888
v 0.569382 1.476639 0.714584
v 0.588144 1.468482 0.718389
v 0.605949 1.476639 0.725414
v 0.624070 1.468482 0.731582
v 0.640828 1.476639 0.740822
v 0.658010 1.468482 0.749251
v 0.673446 1.476639 0.760554
v 0.689406 1.468482 0.771107
v 0.703268 1.476639 0.784286
v 0.717745 1.468482 0.796789
v 0.729804 1.476639 0.811629
v 0.742560 1.468482 0.825877
v 0.752618 1.476639 0.842134
v 0.763443 1.468482 0.857893
v 0.771336 1.476639 0.875300
v 0.780053 1.468482 0.892310
v 0.785650 1.476639 0.910582
v 0.792115 1.468482 0.928565
v 0.795325 1.476639 0.947401
v 0.778012 1.498921 1.021794
v 0.778012 1.498921 0.986574
v 0.773499 1.498921 0.951642
v 0.764546 1.498921 0.917574
v 0.751302 1.498921 0.884927
v 0.733982 1.498921 0.854239
v 0.712872 1.498921 0.826013
v 0.688319 1.498921 0.800712
v 0.660725 1.498921 0.778753
v 0.630543 1.498921 0.760495
v 0.598269 1.498921 0.746238
v 0.564434 1.498921 0.736217
v 0.529592 1.498921 0.730596
v 0.494316 1.498921 0.729467
v 0.459185 1.498921 0.732849
v 0.494073 1.495773 0.721902
v 0.457974 1.495773 0.725377
v 0.493864 1.490765 0.715406
v 0.456935 1.490765 0.718961
v 0.493704 1.484239 0.710422
v 0.456137 1.484239 0.714038
v 0.773499 1.498921 1.056726
v 0.764546 1.498921 1.090794
v 0.751302 1.498921 1.123441
v 0.733982 1.498921 1.154129
v 0.712872 1.498921 1.182355
v 0.688319 1.498921 1.207656
v 0.660725 1.498921 1.229615
v 0.630543 1.498921 1.247873
v 0.598269 1.498921 1.262130
v 0.564434 1.498921 1.272151
v 0.529592 1.498921 1.277772
v 0.494316 1.498921 1.278901
v 0.459185 1.498921 1.275519
v 0.457974 1.495773 1.282991
v 0.422617 1.495773 1.274938
v 0.420764 1.490765 1.281168
v 0.385947 1.490765 1.268381
v 0.383924 1.484239 1.272942
v 0.350463 1.484239 1.255522
v 0.424775 1.498921 1.267682
v 0.388583 1.495773 1.262439
v 0.353053 1.490765 1.251257
v 0.319508 1.484239 1.233974
v 0.391653 1.498921 1.255518
v 0.356429 1.495773 1.245699
v 0.322624 1.490765 1.230075
v 0.291570 1.484239 1.208654
v 0.360361 1.498921 1.239227
v 0.326685 1.495773 1.224994
v 0.295159 1.490765 1.205185
v 0.267105 1.484239 1.179976
v 0.331414 1.498921 1.219077
v 0.299838 1.495773 1.200663
v 0.271110 1.490765 1.176994
v 0.246516 1.484239 1.148412
v 0.305286 1.498921 1.195398
v 0.276329 1.495773 1.173106
v 0.250870 1.490765 1.145965
v 0.230140 1.484239 1.114480
v 0.282407 1.498921 1.168580
v 0.256545 1.495773 1.142776
v 0.234773 1.490765 1.112608
v 0.218248 1.484239 1.078736
v 0.263153 1.498921 1.139062
v 0.240809 1.495773 1.110169
v 0.223082 1.490765 1.077471
v 0.211033 1.484239 1.041769
v 0.247839 1.498921 1.107329
v 0.229382 1.495773 1.075823
v 0.215990 1.490765 1.041131
v 0.208615 1.484239 1.004184
v 0.236718 1.498921 1.073903
v 0.222449 1.495773 1.040300
v 0.213613 1.490765 1.004184
v 0.211033 1.484239 0.966599
v 0.229971 1.498921 1.039332
v 0.220126 1.495773 1.004184
v 0.215990 1.490765 0.967237
v 0.218248 1.484239 0.929632
v 0.227710 1.498921 1.004184
v 0.222449 1.495773 0.968068
v 0.223082 1.490765 0.930897
v 0.230140 1.484239 0.893888
v 0.229971 1.498921 0.969036
v 0.229382 1.495773 0.932545
v 0.234773 1.490765 0.895760
v 0.246516 1.484239 0.859956
v 0.236718 1.498921 0.934465
v 0.240809 1.495773 0.898198
v 0.250870 1.490765 0.862403
v 0.267105 1.484239 0.828391
v 0.247839 1.498921 0.901039
v 0.256545 1.495773 0.865592
v 0.271110 1.490765 0.831374
v 0.291570 1.484239 0.799714
v 0.263153 1.498921 0.869306
v 0.276329 1.495773 0.835261
v 0.295159 1.490765 0.803183
v 0.319508 1.484239 0.774394
v 0.282407 1.498921 0.839788
v 0.299838 1.495773 0.807705
v 0.322624 1.490765 0.778293
v 0.350463 1.484239 0.752846
v 0.305286 1.498921 0.812970
v 0.326685 1.495773 0.783374
v 0.353053 1.490765 0.757111
v 0.383924 1.484239 0.735426
v 0.331414 1.498921 0.789291
v 0.356429 1.495773 0.762669
v 0.385947 1.490765 0.739986
v 0.419342 1.484239 0.722419
v 0.360361 1.498921 0.769141
v 0.388583 1.495773 0.745929
v 0.420764 1.490765 0.727200
v 0.391653 1.498921 0.752850
v 0.422617 1.495773 0.733431
v 0.424775 1.498921 0.740686
v 0.797068 1.484239 0.985353
v 0.797068 1.484239 1.023015
v 0.792241 1.484239 1.060368
v 0.782668 1.484239 1.096798
v 0.768505 1.484239 1.131708
v 0.749985 1.484239 1.164524
v 0.727412 1.484239 1.194707
v 0.701156 1.484239 1.221761
v 0.671649 1.484239 1.245243
v 0.639375 1.484239 1.264767
v 0.604864 1.484239 1.280012
v 0.568683 1.484239 1.290728
v 0.531426 1.484239 1.296739
v 0.493704 1.484239 1.297946
v 0.456137 1.484239 1.294329
v 0.419342 1.484239 1.285949
v 0.792080 1.490765 0.985672
v 0.792080 1.490765 1.022696
v 0.787336 1.490765 1.059415
v 0.777925 1.490765 1.095227
v 0.764003 1.490765 1.129544
v 0.745797 1.490765 1.161803
v 0.723606 1.490765 1.191474
v 0.697796 1.490765 1.218070
v 0.668790 1.490765 1.241153
v 0.637063 1.490765 1.260346
v 0.603138 1.490765 1.275332
v 0.567571 1.490765 1.285866
v 0.530946 1.490765 1.291775
v 0.493864 1.490765 1.292962
v 0.456935 1.490765 1.289406
v 0.792241 1.484239 0.948000
v 0.782668 1.484239 0.911570
v 0.768505 1.484239 0.876660
v 0.749985 1.484239 0.843844
v 0.727412 1.484239 0.813661
v 0.701156 1.484239 0.786607
v 0.671649 1.484239 0.763125
v 0.639375 1.484239 0.743601
v 0.604864 1.484239 0.728356
v 0.568683 1.484239 0.717640
v 0.531426 1.484239 0.711629
v 0.785581 1.495773 0.986089
v 0.785581 1.495773 1.022279
v 0.780943 1.495773 1.058172
v 0.771744 1.495773 1.093179
v 0.758135 1.495773 1.126724
v 0.740339 1.495773 1.158258
v 0.718647 1.495773 1.187261
v 0.693418 1.495773 1.213258
v 0.665064 1.495773 1.235823
v 0.634051 1.495773 1.254583
v 0.600889 1.495773 1.269233
v 0.566122 1.495773 1.279530
v 0.530320 1.495773 1.285306
v 0.494073 1.495773 1.286466
v 0.787336 1.490765 0.948953
v 0.777925 1.490765 0.913141
v 0.764003 1.490765 0.878824
v 0.745797 1.490765 0.846565
v 0.723606 1.490765 0.816894
v 0.697796 1.490765 0.790298
v 0.668790 1.490765 0.767215
v 0.637063 1.490765 0.748022
v 0.603138 1.490765 0.733036
v 0.567571 1.490765 0.722502
v 0.530946 1.490765 0.716593
v 0.780943 1.495773 0.950196
v 0.771744 1.495773 0.915189
v 0.758135 1.495773 0.881644
v 0.740339 1.495773 0.850110
v 0.718647 1.495773 0.821107
v 0.693418 1.495773 0.795110
v 0.665064 1.495773 0.772545
v 0.634051 1.495773 0.753785
v 0.600889 1.495773 0.739135
v 0.566122 1.495773 0.728838
v 0.530320 1.495773 0.723062
v 0.799433 1.210080 0.966062
v 0.801886 1.210080 1.004184
v 0.799433 1.210080 1.042306
v 0.792115 1.210080 1.079803
v 0.780053 1.210080 1.116058
v 0.763443 1.210080 1.150475
v 0.742560 1.210080 1.182491
v 0.717745 1.210080 1.211579
v 0.689406 1.210080 1.237261
v 0.658010 1.210080 1.259117
v 0.624070 1.210080 1.276786
v 0.588144 1.210080 1.289979
v 0.550823 1.210080 1.298480
v 0.512719 1.210080 1.302148
v 0.474458 1.210080 1.300924
v 0.436668 1.210080 1.294827
v 0.399969 1.210080 1.283958
v 0.364965 1.210080 1.268494
v 0.332229 1.210080 1.248691
v 0.302300 1.210080 1.224874
v 0.275668 1.210080 1.197432
v 0.252772 1.210080 1.166817
v 0.233987 1.210080 1.133532
v 0.219621 1.210080 1.098123
v 0.209911 1.210080 1.061172
v 0.205016 1.210080 1.023284
v 0.205016 1.210080 0.985084
v 0.209911 1.210080 0.947196
v 0.219621 1.210080 0.910245
v 0.233987 1.210080 0.874836
v 0.252772 1.210080 0.841551
v 0.275668 1.210080 0.810936
v 0.302300 1.210080 0.783494
v 0.332229 1.210080 0.759677
v 0.364965 1.210080 0.739874
v 0.399969 1.210080 0.724410
v 0.436668 1.210080 0.713541
v 0.474458 1.210080 0.707444
v 0.512719 1.210080 0.706220
v 0.550823 1.210080 0.709888
v 0.588144 1.210080 0.718389
v 0.624070 1.210080 0.731582
v 0.658010 1.210080 0.749251
v 0.689406 1.210080 0.771107
v 0.717745 1.210080 0.796789
v 0.742560 1.210080 0.825877
v 0.763443 1.210080 0.857893
v 0.780053 1.210080 0.892310
v 0.792115 1.210080 0.928565
v -0.999570 1.210080 -1.490697
v -0.999570 1.138899 -1.490697
v -0.999999 1.210080 -1.487448
v -0.999570 1.067718 -1.490697
v -0.999570 0.996536 -1.490697
v -0.998314 0.996536 -1.493724
v -0.998314 0.925355 -1.493724
v -0.996315 0.925355 -1.496324
v -0.996315 0.854174 -1.496324
v -0.993709 0.854174 -1.498318
v -0.993709 0.782993 -1.498318
v -0.990676 0.782993 -1.499572
v -0.990676 0.711812 -1.499572
v -0.987420 1.210080 -1.500000
v -0.990676 0.640630 -1.499572
v -0.987420 -0.000000 -1.500000
v -0.990676 0.569449 -1.499572
v -0.990676 0.498268 -1.499572
v -0.993709 0.569449 -1.498318
v -0.993709 0.498268 -1.498318
v -0.996315 0.569449 -1.496324
v -0.996315 0.498268 -1.496324
v -0.998314 0.569449 -1.493724
v -0.998314 0.498268 -1.493724
v -0.999570 0.569449 -1.490697
v -0.999570 0.498268 -1.490697
v -0.999999 -0.000000 -1.487448
v -0.999570 0.427087 -1.490697
v -0.999570 0.355906 -1.490697
v -0.998314 0.355906 -1.493724
v -0.998314 0.284725 -1.493724
v -0.996315 0.284725 -1.496324
v -0.996315 0.213543 -1.496324
v -0.993709 0.213543 -1.498318
v -0.993709 0.142362 -1.498318
v -0.990676 0.142362 -1.499572
v -0.990676 0.071181 -1.499572
v -0.990676 -0.000000 -1.499572
v -0.998314 1.138899 -1.493724
v -0.998314 1.210080 -1.493724
v -0.996315 1.138899 -1.496324
v -0.996315 1.210080 -1.496324
v -0.993709 1.138899 -1.498318
v -0.993709 1.210080 -1.498318
v -0.990676 1.138899 -1.499572
v -0.990676 1.210080 -1.499572
v -0.993709 0.071181 -1.498318
v -0.993709 -0.000000 -1.498318
v -0.996315 0.071181 -1.496324
v -0.996315 -0.000000 -1.496324
v -0.998314 0.071181 -1.493724
v -0.998314 -0.000000 -1.493724
v -0.999570 0.071181 -1.490697
v -0.999570 -0.000000 -1.490697
v -0.999570 0.640630 -1.490697
v -0.998314 0.640630 -1.493724
v -0.996315 0.640630 -1.496324
v -0.993709 0.640630 -1.498318
v -0.998314 1.067718 -1.493724
v -0.996315 1.067718 -1.496324
v -0.993709 1.067718 -1.498318
v -0.990676 1.067718 -1.499572
v -0.999570 0.925355 -1.490697
v -0.999570 0.854174 -1.490697
v -0.999570 0.782993 -1.490697
v -0.998314 0.782993 -1.493724
v -0.998314 0.711812 -1.493724
v -0.996315 0.711812 -1.496324
v -0.998314 0.854174 -1.493724
v -0.999570 0.711812 -1.490697
v -0.998314 0.427087 -1.493724
v -0.996315 0.427087 -1.496324
v -0.993709 0.427087 -1.498318
v -0.990676 0.427087 -1.499572
v -0.999570 0.284725 -1.490697
v -0.999570 0.213543 -1.490697
v -0.999570 0.142362 -1.490697
v -0.998314 0.142362 -1.493724
v -0.998314 0.213543 -1.493724
v -0.996315 0.996536 -1.496324
v -0.993709 0.925355 -1.498318
v -0.990676 0.854174 -1.499572
v -0.996315 0.782993 -1.496324
v -0.996315 0.355906 -1.496324
v -0.993709 0.284725 -1.498318
v -0.990676 0.213543 -1.499572
v -0.996315 0.142362 -1.496324
v -0.993709 0.996536 -1.498318
v -0.990676 0.996536 -1.499572
v -0.993709 0.711812 -1.498318
v -0.993709 0.355906 -1.498318
v -0.990676 0.355906 -1.499572
v -0.990676 0.925355 -1.499572
v -0.990676 0.284725 -1.499572
v 0.999999 1.210080 1.487448
v 0.999999 1.210080 -1.487448
v 0.987420 1.210080 -1.500000
v 0.987420 1.210080 1.500000
v -0.987420 1.210080 1.500000
v -0.999999 1.210080 1.487448
v -0.999570 1.210080 1.490696
v -0.998314 1.210080 1.493724
v -0.996315 1.210080 1.496323
v -0.993709 1.210080 1.498318
v -0.990676 1.210080 1.499572
v 0.990676 1.210080 1.499572
v 0.993709 1.210080 1.498318
v 0.996315 1.210080 1.496323
v 0.998314 1.210080 1.493724
v 0.999570 1.210080 1.490696
v 0.999570 1.210080 -1.490697
v 0.998314 1.210080 -1.493724
v 0.996315 1.210080 -1.496324
v 0.993709 1.210080 -1.498318
v 0.990676 1.210080 -1.499572
v -0.999999 0.000000 1.487448
v -0.990676 1.138899 1.499572
v -0.990676 1.067718 1.499572
v -0.990676 0.996537 1.499572
v -0.993709 0.996537 1.498318
v -0.993709 0.925355 1.498318
v -0.996315 0.925355 1.496323
v -0.996315 0.854174 1.496323
v -0.998314 0.854174 1.493724
v -0.998314 0.782993 1.493724
v -0.999570 0.782993 1.490696
v -0.999570 0.711812 1.490696
v -0.999570 0.640631 1.490696
v -0.999570 0.569450 1.490696
v -0.999570 0.498268 1.490697
v -0.998314 0.569450 1.493724
v -0.998314 0.498268 1.493724
v -0.996315 0.569450 1.496323
v -0.996315 0.498268 1.496324
v -0.993709 0.569450 1.498318
v -0.993709 0.498268 1.498318
v -0.990676 0.569450 1.499572
v -0.990676 0.498268 1.499572
v -0.987420 0.000000 1.500000
v -0.990676 0.427087 1.499572
v -0.990676 0.355906 1.499572
v -0.993709 0.355906 1.498318
v -0.993709 0.284725 1.498318
v -0.996315 0.284725 1.496324
v -0.996315 0.213544 1.496324
v -0.998314 0.213544 1.493724
v -0.998314 0.142363 1.493724
v -0.999570 0.142363 1.490697
v -0.999570 0.071181 1.490697
v -0.999570 0.000000 1.490697
v -0.993709 1.138899 1.498318
v -0.996315 1.138899 1.496323
v -0.998314 1.138899 1.493724
v -0.999570 1.138899 1.490696
v -0.998314 0.071181 1.493724
v -0.998314 0.000000 1.493724
v -0.996315 0.071181 1.496324
v -0.996315 0.000000 1.496324
v -0.993709 0.071181 1.498318
v -0.993709 0.000000 1.498318
v -0.990676 0.071181 1.499572
v -0.990676 0.000000 1.499572
v -0.990676 0.640631 1.499572
v -0.993709 0.640631 1.498318
v -0.996315 0.640631 1.496323
v -0.998314 0.640631 1.493724
v -0.993709 1.067718 1.498318
v -0.996315 1.067718 1.496323
v -0.998314 1.067718 1.493724
v -0.999570 1.067718 1.490696
v -0.990676 0.925355 1.499572
v -0.990676 0.854174 1.499572
v -0.990676 0.782993 1.499572
v -0.993709 0.782993 1.498318
v -0.993709 0.711812 1.498318
v -0.996315 0.711812 1.496323
v -0.993709 0.854174 1.498318
v -0.990676 0.711812 1.499572
v -0.993709 0.427087 1.498318
v -0.996315 0.427087 1.496324
v -0.998314 0.427087 1.493724
v -0.999570 0.427087 1.490697
v -0.990676 0.284725 1.499572
v -0.990676 0.213544 1.499572
v -0.990676 0.142363 1.499572
v -0.993709 0.142363 1.498318
v -0.993709 0.213544 1.498318
v -0.996315 0.996537 1.496323
v -0.998314 0.925355 1.493724
v -0.999570 0.854174 1.490696
v -0.996315 0.782993 1.496323
v -0.996315 0.355906 1.496324
v -0.998314 0.284725 1.493724
v -0.999570 0.213544 1.490697
v -0.996315 0.142363 1.496324
v -0.998314 0.996537 1.493724
v -0.999570 0.996537 1.490696
v -0.998314 0.711812 1.493724
v -0.998314 0.355906 1.493724
v -0.999570 0.355906 1.490697
v -0.999570 0.925355 1.490696
v -0.999570 0.284725 1.490697
v 0.990676 1.138899 -1.499572
v 0.990676 1.067718 -1.499572
v 0.990676 0.996536 -1.499572
v 0.993709 0.996536 -1.498318
v 0.993709 0.925355 -1.498318
v 0.996315 0.925355 -1.496324
v 0.996315 0.854174 -1.496324
v 0.998314 0.854174 -1.493724
v 0.998314 0.782993 -1.493724
v 0.999570 0.782993 -1.490697
v 0.999570 0.711812 -1.490697
v 0.999570 0.640630 -1.490697
v 0.999999 -0.000000 -1.487448
v 0.999570 0.569449 -1.490697
v 0.999570 0.498268 -1.490697
v 0.998314 0.569449 -1.493724
v 0.998314 0.498268 -1.493724
v 0.996315 0.569449 -1.496324
v 0.996315 0.498268 -1.496324
v 0.993709 0.569449 -1.498318
v 0.993709 0.498268 -1.498318
v 0.990676 0.569449 -1.499572
v 0.990676 0.498268 -1.499572
v 0.987420 -0.000000 -1.500000
v 0.990676 0.427087 -1.499572
v 0.990676 0.355906 -1.499572
v 0.993709 0.355906 -1.498318
v 0.993709 0.284725 -1.498318
v 0.996315 0.284725 -1.496324
v 0.996315 0.213543 -1.496324
v 0.998314 0.213543 -1.493724
v 0.998314 0.142362 -1.493724
v 0.999570 0.142362 -1.490697
v 0.999570 0.071181 -1.490697
v 0.999570 -0.000000 -1.490697
v 0.993709 1.138899 -1.498318
v 0.996315 1.138899 -1.496324
v 0.998314 1.138899 -1.493724
v 0.999570 1.138899 -1.490697
v 0.998314 0.071181 -1.493724
v 0.998314 -0.000000 -1.493724
v 0.996315 0.071181 -1.496324
v 0.996315 -0.000000 -1.496324
v 0.993709 0.071181 -1.498318
v 0.993709 -0.000000 -1.498318
v 0.990676 0.071181 -1.499572
v 0.990676 -0.000000 -1.499572
v 0.990676 0.640630 -1.499572
v 0.993709 0.640630 -1.498318
v 0.996315 0.640630 -1.496324
v 0.998314 0.640630 -1.493724
v 0.993709 1.067718 -1.498318
v 0.996315 1.067718 -1.496324
v 0.998314 1.067718 -1.493724
v 0.999570 1.067718 -1.490697
v 0.990676 0.925355 -1.499572
v 0.990676 0.854174 -1.499572
v 0.990676 0.782993 -1.499572
v 0.993709 0.782993 -1.498318
v 0.993709 0.711812 -1.498318
v 0.996315 0.711812 -1.496324
v 0.993709 0.854174 -1.498318
v 0.990676 0.711812 -1.499572
v 0.993709 0.427087 -1.498318
v 0.996315 0.427087 -1.496324
v 0.998314 0.427087 -1.493724
v 0.999570 0.427087 -1.490697
v 0.990676 0.284725 -1.499572
v 0.990676 0.213543 -1.499572
v 0.990676 0.142362 -1.499572
v 0.993709 0.142362 -1.498318
v 0.993709 0.213543 -1.498318
v 0.996315 0.996536 -1.496324
v 0.998314 0.925355 -1.493724
v 0.999570 0.854174 -1.490697
v 0.996315 0.782993 -1.496324
v 0.996315 0.355906 -1.496324
v 0.998314 0.284725 -1.493724
v 0.999570 0.213543 -1.490697
v 0.996315 0.142362 -1.496324
v 0.998314 0.996536 -1.493724
v 0.999570 0.996536 -1.490697
v 0.998314 0.711812 -1.493724
v 0.998314 0.355906 -1.493724
v 0.999570 0.355906 -1.490697
v 0.999570 0.925355 -1.490697
v 0.999570 0.284725 -1.490697
v 0.999999 0.000000 1.487448
v 0.999570 1.138899 1.490696
v 0.999570 1.067718 1.490696
v 0.999570 0.996537 1.490696
v 0.998314 0.996537 1.493724
v 0.998314 0.925355 1.493724
v 0.996315 0.925355 1.496323
v 0.996315 0.854174 1.496323
v 0.993709 0.854174 1.498318
v 0.993709 0.782993 1.498318
v 0.990676 0.782993 1.499572
v 0.990676 0.711812 1.499572
v 0.990676 0.640631 1.499572
v 0.987420 0.000000 1.500000
v 0.990676 0.569450 1.499572
v 0.990676 0.498268 1.499572
v 0.993709 0.569450 1.498318
v 0.993709 0.498268 1.498318
v 0.996315 0.569450 1.496323
v 0.996315 0.498268 1.496324
v 0.998314 0.569450 1.493724
v 0.998314 0.498268 1.493724
v 0.999570 0.569450 1.490696
v 0.999570 0.498268 1.490697
v 0.999570 0.427087 1.490697
v 0.999570 0.355906 1.490697
v 0.998314 0.355906 1.493724
v 0.998314 0.284725 1.493724
v 0.996315 0.284725 1.496324
v 0.996315 0.213544 1.496324
v 0.993709 0.213544 1.498318
v 0.993709 0.142363 1.498318
v 0.990676 0.142363 1.499572
v 0.990676 0.071181 1.499572
v 0.990676 0.000000 1.499572
v 0.998314 1.138899 1.493724
v 0.996315 1.138899 1.496323
v 0.993709 1.138899 1.498318
v 0.990676 1.138899 1.499572
v 0.993709 0.071181 1.498318
v 0.993709 0.000000 1.498318
v 0.996315 0.071181 1.496324
v 0.996315 0.000000 1.496324
v 0.998314 0.071181 1.493724
v 0.998314 0.000000 1.493724
v 0.999570 0.071181 1.490697
v 0.999570 0.000000 1.490697
v 0.999570 0.640631 1.490696
v 0.998314 0.640631 1.493724
v 0.996315 0.640631 1.496323
v 0.993709 0.640631 1.498318
v 0.998314 1.067718 1.493724
v 0.996315 1.067718 1.496323
v 0.993709 1.067718 1.498318
v 0.990676 1.067718 1.499572
v 0.999570 0.925355 1.490696
v 0.999570 0.854174 1.490696
v 0.999570 0.782993 1.490696
v 0.998314 0.782993 1.493724
v 0.998314 0.711812 1.493724
v 0.996315 0.711812 1.496323
v 0.998314 0.854174 1.493724
v 0.999570 0.711812 1.490696
v 0.998314 0.427087 1.493724
v 0.996315 0.427087 1.496324
v 0.993709 0.427087 1.498318
v 0.990676 0.427087 1.499572
v 0.999570 0.284725 1.490697
v 0.999570 0.213544 1.490697
v 0.999570 0.142363 1.490697
v 0.998314 0.142363 1.493724
v 0.998314 0.213544 1.493724
v 0.996315 0.996537 1.496323
v 0.993709 0.925355 1.498318
v 0.990676 0.854174 1.499572
v 0.996315 0.782993 1.496323
v 0.996315 0.355906 1.496324
v 0.993709 0.284725 1.498318
v 0.990676 0.213544 1.499572
v 0.996315 0.142363 1.496324
v 0.993709 0.996537 1.498318
v 0.990676 0.996537 1.499572
v 0.993709 0.711812 1.498318
v 0.993709 0.355906 1.498318
v 0.990676 0.355906 1.499572
v 0.990676 0.925355 1.499572
v 0.990676 0.284725 1.499572
v -0.337238 0.000000 0.542176
v -0.339622 0.000000 0.502092
v -0.339622 0.557771 0.502092
v -0.337238 0.000000 0.462008
v -0.337146 0.557771 0.461241
v -0.330121 0.000000 0.422486
v -0.329753 0.557771 0.420985
v -0.318369 0.000000 0.384082
v -0.317552 0.557771 0.381912
v -0.302147 0.000000 0.347335
v -0.300721 0.557771 0.344592
v -0.281685 0.000000 0.312760
v -0.279504 0.557771 0.309568
v -0.257268 0.000000 0.280843
v -0.254211 0.557771 0.277352
v -0.229239 0.000000 0.252031
v -0.225211 0.557771 0.248413
v -0.197993 0.000000 0.226730
v -0.192927 0.557771 0.223173
v -0.163967 0.000000 0.205295
v -0.157830 0.557771 0.202000
v -0.127639 0.000000 0.188026
v -0.120432 0.557771 0.185204
v -0.089520 0.000000 0.175165
v -0.081277 0.557771 0.173028
v -0.050144 0.000000 0.166894
v -0.040937 0.557771 0.165651
v -0.010064 0.000000 0.163329
v 0.000000 0.557771 0.163180
v 0.030157 0.000000 0.164519
v 0.040937 0.557771 0.165651
v 0.069955 0.000000 0.170447
v 0.081277 0.557771 0.173028
v 0.108771 0.000000 0.181032
v 0.120432 0.557771 0.185204
v 0.146060 0.000000 0.196123
v 0.157830 0.557771 0.202000
v 0.181298 0.000000 0.215509
v 0.192927 0.557771 0.223173
v 0.213992 0.000000 0.238919
v 0.225211 0.557771 0.248413
v 0.243681 0.000000 0.266022
v 0.254211 0.557771 0.277352
v 0.269950 0.000000 0.296440
v 0.279504 0.557771 0.309568
v 0.292430 0.000000 0.329745
v 0.300721 0.557771 0.344592
v 0.310804 0.000000 0.365469
v 0.317552 0.557771 0.381912
v 0.324815 0.000000 0.403110
v 0.329753 0.557771 0.420985
v 0.334267 0.000000 0.442142
v 0.337146 0.557771 0.461241
v 0.339026 0.000000 0.482015
v 0.339622 0.557771 0.502092
v 0.339026 0.000000 0.522169
v 0.337146 0.557771 0.542943
v 0.334267 0.000000 0.562042
v 0.329753 0.557771 0.583199
v 0.324815 0.000000 0.601074
v 0.317552 0.557771 0.622272
v 0.310804 0.000000 0.638716
v 0.300721 0.557771 0.659592
v 0.292430 0.000000 0.674439
v 0.279504 0.557771 0.694616
v 0.269950 0.000000 0.707744
v 0.254211 0.557771 0.726832
v 0.243681 0.000000 0.738162
v 0.225211 0.557771 0.755771
v 0.213992 0.000000 0.765265
v 0.192927 0.557771 0.781011
v 0.181298 0.000000 0.788675
v 0.157830 0.557771 0.802184
v 0.146060 0.000000 0.808061
v 0.120432 0.557771 0.818980
v 0.108771 0.000000 0.823152
v 0.081277 0.557771 0.831156
v 0.069955 0.000000 0.833737
v 0.040937 0.557771 0.838533
v 0.030157 0.000000 0.839665
v 0.000000 0.557771 0.841004
v -0.010064 0.000000 0.840855
v -0.040937 0.557771 0.838533
v -0.050144 0.000000 0.837290
v -0.081277 0.557771 0.831156
v -0.089520 0.000000 0.829019
v -0.120432 0.557771 0.818980
v -0.127639 0.000000 0.816158
v -0.157830 0.557771 0.802184
v -0.163967 0.000000 0.798889
v -0.192927 0.557771 0.781011
v -0.197993 0.000000 0.777454
v -0.225211 0.557771 0.755771
v -0.229239 0.000000 0.752153
v -0.254211 0.557771 0.726832
v -0.257268 0.000000 0.723341
v -0.279504 0.557771 0.694616
v -0.281685 0.000000 0.691424
v -0.300721 0.557771 0.659592
v -0.302147 0.000000 0.656849
v -0.317552 0.557771 0.622272
v -0.318369 0.000000 0.620102
v -0.329753 0.557771 0.583199
v -0.330121 0.000000 0.581698
v -0.337146 0.557771 0.542943
v -0.337238 1.115543 0.462008
v -0.339622 1.115543 0.502092
v -0.337238 1.115543 0.542176
v -0.330121 1.115543 0.581698
v -0.318369 1.115543 0.620102
v -0.302147 1.115543 0.656849
v -0.281685 1.115543 0.691424
v -0.257268 1.115543 0.723341
v -0.229239 1.115543 0.752153
v -0.197993 1.115543 0.777454
v -0.163967 1.115543 0.798889
v -0.127639 1.115543 0.816158
v -0.089520 1.115543 0.829019
v -0.050144 1.115543 0.837290
v -0.010064 1.115543 0.840855
v 0.030157 1.115543 0.839665
v 0.069955 1.115543 0.833737
v 0.108771 1.115543 0.823152
v 0.146060 1.115543 0.808061
v 0.181298 1.115543 0.788675
v 0.213992 1.115543 0.765265
v 0.243681 1.115543 0.738162
v 0.269950 1.115543 0.707744
v 0.292430 1.115543 0.674439
v 0.310804 1.115543 0.638715
v 0.324815 1.115543 0.601074
v 0.334267 1.115543 0.562042
v 0.339026 1.115543 0.522169
v 0.339026 1.115543 0.482015
v 0.334267 1.115543 0.442142
v 0.324815 1.115543 0.403110
v 0.310804 1.115543 0.365469
v 0.292430 1.115543 0.329745
v 0.269950 1.115543 0.296440
v 0.243681 1.115543 0.266022
v 0.213992 1.115543 0.238919
v 0.181298 1.115543 0.215509
v 0.146060 1.115543 0.196123
v 0.108771 1.115543 0.181032
v 0.069955 1.115543 0.170447
v 0.030157 1.115543 0.164519
v -0.010064 1.115543 0.163329
v -0.050144 1.115543 0.166894
v -0.089520 1.115543 0.175165
v -0.127639 1.115543 0.188026
v -0.163967 1.115543 0.205295
v -0.197993 1.115543 0.226730
v -0.229239 1.115543 0.252031
v -0.257268 1.115543 0.280843
v -0.281685 1.115543 0.312760
v -0.302147 1.115543 0.347335
v -0.318369 1.115543 0.384082
v -0.330121 1.115543 0.422486
v -0.412661 0.000000 0.546878
v -0.412661 0.557771 0.546878
v -0.415094 0.000000 0.502092
v -0.415094 0.557771 0.502092
v -0.412661 0.000000 0.457306
v -0.412661 0.557771 0.457306
v -0.405389 0.000000 0.413046
v -0.405389 0.557771 0.413046
v -0.393365 0.000000 0.369829
v -0.393365 0.557771 0.369829
v -0.376729 0.000000 0.328163
v -0.376729 0.557771 0.328163
v -0.355676 0.000000 0.288536
v -0.355676 0.557771 0.288536
v -0.330453 0.000000 0.251413
v -0.330453 0.557771 0.251413
v -0.301356 0.000000 0.217229
v -0.301356 0.557771 0.217229
v -0.268726 0.000000 0.186385
v -0.268726 0.557771 0.186385
v -0.232945 0.000000 0.159242
v -0.232945 0.557771 0.159242
v -0.194433 0.000000 0.136118
v -0.194433 0.557771 0.136118
v -0.153642 0.000000 0.117286
v -0.153642 0.557771 0.117286
v -0.111049 0.000000 0.102965
v -0.111049 0.557771 0.102965
v -0.067155 0.000000 0.093323
v -0.067155 0.557771 0.093323
v -0.022473 0.000000 0.088474
v -0.022473 0.557771 0.088474
v 0.022473 0.000000 0.088474
v 0.022473 0.557771 0.088474
v 0.067155 0.000000 0.093323
v 0.067155 0.557771 0.093323
v 0.111049 0.000000 0.102965
v 0.111049 0.557771 0.102965
v 0.153642 0.000000 0.117286
v 0.153642 0.557771 0.117286
v 0.194433 0.000000 0.136118
v 0.194433 0.557771 0.136118
v 0.232945 0.000000 0.159242
v 0.232945 0.557771 0.159242
v 0.268726 0.000000 0.186385
v 0.268726 0.557771 0.186385
v 0.301356 0.000000 0.217229
v 0.301356 0.557771 0.217229
v 0.330453 0.000000 0.251413
v 0.330453 0.557771 0.251413
v 0.355676 0.000000 0.288536
v 0.355676 0.557771 0.288536
v 0.376729 0.000000 0.328163
v 0.376729 0.557771 0.328163
v 0.393365 0.000000 0.369829
v 0.393365 0.557771 0.369829
v 0.405389 0.000000 0.413046
v 0.405389 0.557771 0.413046
v 0.412661 0.000000 0.457306
v 0.412661 0.557771 0.457306
v 0.415094 0.000000 0.502092
v 0.415094 0.557771 0.502092
v 0.412661 0.000000 0.546878
v 0.412661 0.557771 0.546878
v 0.405389 0.000000 0.591138
v 0.405389 0.557771 0.591138
v 0.393365 0.000000 0.634355
v 0.393365 0.557771 0.634355
v 0.376729 0.000000 0.676021
v 0.376729 0.557771 0.676021
v 0.355676 0.000000 0.715648
v 0.355676 0.557771 0.715648
v 0.330453 0.000000 0.752771
v 0.330453 0.557771 0.752771
v 0.301356 0.000000 0.786955
v 0.301356 0.557771 0.786955
v 0.268726 0.000000 0.817799
v 0.268726 0.557771 0.817799
v 0.232945 0.000000 0.844942
v 0.232945 0.557771 0.844942
v 0.194433 0.000000 0.868066
v 0.194433 0.557771 0.868066
v 0.153642 0.000000 0.886898
v 0.153642 0.557771 0.886898
v 0.111049 0.000000 0.901219
v 0.111049 0.557771 0.901219
v 0.067155 0.000000 0.910861
v 0.067155 0.557771 0.910861
v 0.022473 0.000000 0.915711
v 0.022473 0.557771 0.915710
v -0.022473 0.000000 0.915711
v -0.022473 0.557771 0.915710
v -0.067155 0.000000 0.910861
v -0.067155 0.557771 0.910861
v -0.111049 0.000000 0.901219
v -0.111049 0.557771 0.901219
v -0.153642 0.000000 0.886898
v -0.153642 0.557771 0.886898
v -0.194433 0.000000 0.868066
v -0.194433 0.557771 0.868066
v -0.232945 0.000000 0.844942
v -0.232945 0.557771 0.844942
v -0.268726 0.000000 0.817799
v -0.268726 0.557771 0.817799
v -0.301356 0.000000 0.786955
v -0.301356 0.557771 0.786955
v -0.330453 0.000000 0.752771
v -0.330453 0.557771 0.752771
v -0.355676 0.000000 0.715648
v -0.355676 0.557771 0.715648
v -0.376729 0.000000 0.676021
v -0.376729 0.557771 0.676021
v -0.393365 0.000000 0.634355
v -0.393365 0.557771 0.634355
v -0.405389 0.000000 0.591138
v -0.405389 0.557771 0.591138
v -0.412661 1.115543 0.457306
v -0.415094 1.115543 0.502092
v -0.412661 1.115543 0.546878
v -0.405389 1.115543 0.591138
v -0.393365 1.115543 0.634355
v -0.376729 1.115543 0.676021
v -0.355676 1.115543 0.715648
v -0.330453 1.115543 0.752771
v -0.301356 1.115543 0.786955
v -0.268726 1.115543 0.817799
v -0.232945 1.115543 0.844942
v -0.194433 1.115543 0.868066
v -0.153642 1.115543 0.886898
v -0.111049 1.115543 0.901219
v -0.067155 1.115543 0.910861
v -0.022473 1.115543 0.915710
v 0.022473 1.115543 0.915710
v 0.067155 1.115543 0.910861
v 0.111049 1.115543 0.901219
v 0.153642 1.115543 0.886898
v 0.194433 1.115543 0.868066
v 0.232945 1.115543 0.844942
v 0.268726 1.115543 0.817799
v 0.301356 1.115543 0.786955
v 0.330453 1.115543 0.752771
v 0.355676 1.115543 0.715648
v 0.376729 1.115543 0.676021
v 0.393365 1.115543 0.634355
v 0.405389 1.115543 0.591138
v 0.412661 1.115543 0.546878
v 0.415094 1.115543 0.502092
v 0.412661 1.115543 0.457306
v 0.405389 1.115543 0.413046
v 0.393365 1.115543 0.369829
v 0.376729 1.115543 0.328163
v 0.355676 1.115543 0.288536
v 0.330453 1.115543 0.251413
v 0.301356 1.115543 0.217229
v 0.268726 1.115543 0.186385
v 0.232945 1.115543 0.159242
v 0.194433 1.115543 0.136118
v 0.153642 1.115543 0.117286
v 0.111049 1.115543 0.102965
v 0.067155 1.115543 0.093323
v 0.022473 1.115543 0.088473
v -0.022473 1.115543 0.088473
v -0.067155 1.115543 0.093323
v -0.111049 1.115543 0.102965
v -0.153642 1.115543 0.117286
v -0.194433 1.115543 0.136118
v -0.232945 1.115543 0.159242
v -0.268726 1.115543 0.186385
v -0.301356 1.115543 0.217229
v -0.330453 1.115543 0.251413
v -0.355676 1.115543 0.288536
v -0.376729 1.115543 0.328163
v -0.393365 1.115543 0.369829
v -0.405389 1.115543 0.413046
v -0.412661 1.115543 -0.457306
v -0.792452 1.115543 -0.031381
v -0.415094 1.115542 -0.502092
v -0.792452 1.115542 -0.972803
v -0.412661 1.115542 -0.546878
v -0.405389 1.115542 -0.591139
v -0.393365 1.115542 -0.634355
v -0.376729 1.115542 -0.676021
v -0.534591 1.115542 -1.292887
v -0.355676 1.115542 -0.715648
v -0.471698 1.115542 -1.292887
v -0.330453 1.115542 -0.752771
v -0.301356 1.115542 -0.786955
v -0.268726 1.115542 -0.817800
v -0.232945 1.115542 -0.844942
v -0.194433 1.115542 -0.868066
v -0.153642 1.115542 -0.886898
v -0.111049 1.115542 -0.901220
v -0.471698 1.115542 -1.405858
v -0.067155 1.115542 -0.910861
v -0.022473 1.115542 -0.915711
v 0.471698 1.115542 -1.405858
v 0.022473 1.115542 -0.915711
v 0.067155 1.115542 -0.910861
v 0.111049 1.115542 -0.901220
v 0.471698 1.115542 -1.292887
v 0.153642 1.115542 -0.886898
v 0.194433 1.115542 -0.868066
v 0.232945 1.115542 -0.844942
v 0.268726 1.115542 -0.817800
v 0.301356 1.115542 -0.786955
v 0.330453 1.115542 -0.752771
v 0.355676 1.115542 -0.715648
v 0.534591 1.115542 -1.292887
v 0.376729 1.115542 -0.676021
v 0.792452 1.115542 -0.972803
v 0.393365 1.115542 -0.634355
v 0.405389 1.115542 -0.591139
v 0.412661 1.115542 -0.546878
v 0.415094 1.115542 -0.502092
v 0.792452 1.115543 -0.031381
v 0.412661 1.115543 -0.457306
v 0.405389 1.115543 -0.413046
v 0.393365 1.115543 -0.369829
v 0.376729 1.115543 -0.328163
v 0.355676 1.115543 -0.288536
v 0.792452 1.115543 0.031381
v 0.792452 1.115543 0.972803
v 0.534591 1.115543 1.292887
v 0.471698 1.115543 1.292887
v 0.471698 1.115543 1.405858
v -0.471698 1.115543 1.405858
v -0.471698 1.115543 1.292887
v -0.534591 1.115543 1.292887
v -0.792452 1.115543 0.972803
v -0.792452 1.115543 0.031381
v -0.355676 1.115543 -0.288536
v -0.330453 1.115543 -0.251413
v -0.405389 1.115543 -0.413046
v -0.393365 1.115543 -0.369829
v -0.376729 1.115543 -0.328163
v -0.301356 1.115543 -0.217229
v -0.268726 1.115543 -0.186385
v -0.232945 1.115543 -0.159242
v -0.194433 1.115543 -0.136119
v -0.153642 1.115543 -0.117286
v -0.111049 1.115543 -0.102965
v -0.067155 1.115543 -0.093323
v -0.022473 1.115543 -0.088474
v 0.022473 1.115543 -0.088474
v 0.067155 1.115543 -0.093323
v 0.111049 1.115543 -0.102965
v 0.153642 1.115543 -0.117286
v 0.194433 1.115543 -0.136119
v 0.232945 1.115543 -0.159242
v 0.268726 1.115543 -0.186385
v 0.301356 1.115543 -0.217229
v 0.330453 1.115543 -0.251413
v 0.534591 1.115543 1.405858
v 0.905659 1.115543 1.405858
v 0.792452 1.115543 1.035565
v 0.905659 1.115543 1.035565
v -0.534591 1.115543 1.405858
v -0.905659 1.115543 1.405858
v -0.792452 1.115543 1.035565
v -0.905659 1.115543 1.035565
v -0.905659 1.115543 0.972803
v -0.905659 1.115543 0.031381
v -0.905659 1.115543 -0.031381
v -0.905659 1.115542 -0.972803
v -0.792452 1.115542 -1.035565
v -0.905659 1.115542 -1.405858
v -0.534591 1.115542 -1.405858
v -0.905659 1.115542 -1.035565
v 0.534591 1.115542 -1.405858
v 0.905659 1.115542 -1.405858
v 0.792452 1.115542 -1.035565
v 0.905659 1.115542 -1.035565
v 0.905659 1.115542 -0.972803
v 0.905659 1.115543 -0.031381
v 0.905659 1.115543 0.031381
v 0.905659 1.115543 0.972803
v -0.337238 -0.000000 -0.462008
v -0.339622 -0.000000 -0.502092
v -0.339622 0.557771 -0.502092
v -0.337238 -0.000000 -0.542176
v -0.337146 0.557771 -0.542943
v -0.330121 -0.000000 -0.581698
v -0.329753 0.557771 -0.583199
v -0.318369 -0.000000 -0.620102
v -0.317552 0.557771 -0.622272
v -0.302147 -0.000000 -0.656849
v -0.300721 0.557771 -0.659592
v -0.281685 -0.000000 -0.691424
v -0.279504 0.557771 -0.694616
v -0.257268 -0.000000 -0.723341
v -0.254211 0.557771 -0.726832
v -0.229239 -0.000000 -0.752153
v -0.225211 0.557771 -0.755772
v -0.197993 -0.000000 -0.777454
v -0.192927 0.557771 -0.781011
v -0.163967 -0.000000 -0.798889
v -0.157830 0.557771 -0.802184
v -0.127639 -0.000000 -0.816158
v -0.120432 0.557771 -0.818980
v -0.089520 -0.000000 -0.829019
v -0.081277 0.557771 -0.831156
v -0.050144 -0.000000 -0.837290
v -0.040937 0.557771 -0.838533
v -0.010064 -0.000000 -0.840855
v 0.000000 0.557771 -0.841004
v 0.030157 -0.000000 -0.839665
v 0.040937 0.557771 -0.838533
v 0.069955 -0.000000 -0.833737
v 0.081277 0.557771 -0.831156
v 0.108771 -0.000000 -0.823152
v 0.120432 0.557771 -0.818980
v 0.146060 -0.000000 -0.808061
v 0.157830 0.557771 -0.802184
v 0.181298 -0.000000 -0.788675
v 0.192927 0.557771 -0.781011
v 0.213992 -0.000000 -0.765265
v 0.225211 0.557771 -0.755772
v 0.243681 -0.000000 -0.738162
v 0.254211 0.557771 -0.726832
v 0.269950 -0.000000 -0.707744
v 0.279504 0.557771 -0.694616
v 0.292430 -0.000000 -0.674439
v 0.300721 0.557771 -0.659592
v 0.310804 -0.000000 -0.638716
v 0.317552 0.557771 -0.622272
v 0.324815 -0.000000 -0.601074
v 0.329753 0.557771 -0.583199
v 0.334267 -0.000000 -0.562042
v 0.337146 0.557771 -0.542943
v 0.339026 -0.000000 -0.522169
v 0.339622 0.557771 -0.502092
v 0.339026 -0.000000 -0.482015
v 0.337146 0.557771 -0.461241
v 0.334267 -0.000000 -0.442142
v 0.329753 0.557771 -0.420985
v 0.324815 -0.000000 -0.403110
v 0.317552 0.557771 -0.381912
v 0.310804 -0.000000 -0.365469
v 0.300721 0.557771 -0.344592
v 0.292430 -0.000000 -0.329745
v 0.279504 0.557771 -0.309568
v 0.269950 -0.000000 -0.296440
v 0.254211 0.557771 -0.277352
v 0.243681 -0.000000 -0.266022
v 0.225211 0.557771 -0.248413
v 0.213992 -0.000000 -0.238919
v 0.192927 0.557771 -0.223173
v 0.181298 -0.000000 -0.215509
v 0.157830 0.557771 -0.202000
v 0.146060 -0.000000 -0.196123
v 0.120432 0.557771 -0.185204
v 0.108771 -0.000000 -0.181032
v 0.081277 0.557771 -0.173028
v 0.069955 -0.000000 -0.170447
v 0.040937 0.557771 -0.165651
v 0.030157 -0.000000 -0.164519
v 0.000000 0.557771 -0.163180
v -0.010064 -0.000000 -0.163329
v -0.040937 0.557771 -0.165651
v -0.050144 -0.000000 -0.166894
v -0.081277 0.557771 -0.173028
v -0.089520 -0.000000 -0.175165
v -0.120432 0.557771 -0.185204
v -0.127639 -0.000000 -0.188026
v -0.157830 0.557771 -0.202000
v -0.163967 -0.000000 -0.205295
v -0.192927 0.557771 -0.223173
v -0.197993 -0.000000 -0.226730
v -0.225211 0.557771 -0.248413
v -0.229239 -0.000000 -0.252031
v -0.254211 0.557771 -0.277352
v -0.257268 -0.000000 -0.280843
v -0.279504 0.557771 -0.309568
v -0.281685 -0.000000 -0.312760
v -0.300721 0.557771 -0.344592
v -0.302147 -0.000000 -0.347335
v -0.317552 0.557771 -0.381912
v -0.318369 -0.000000 -0.384082
v -0.329753 0.557771 -0.420985
v -0.330121 -0.000000 -0.422486
v -0.337146 0.557771 -0.461241
v -0.337238 1.115542 -0.542176
v -0.339622 1.115542 -0.502092
v -0.337238 1.115543 -0.462008
v -0.330121 1.115543 -0.422486
v -0.318369 1.115543 -0.384082
v -0.302147 1.115543 -0.347335
v -0.281685 1.115543 -0.312760
v -0.257268 1.115543 -0.280843
v -0.229239 1.115543 -0.252032
v -0.197993 1.115543 -0.226731
v -0.163967 1.115543 -0.205295
v -0.127639 1.115543 -0.188026
v -0.089520 1.115543 -0.175165
v -0.050144 1.115543 -0.166894
v -0.010064 1.115543 -0.163329
v 0.030157 1.115543 -0.164519
v 0.069955 1.115543 -0.170448
v 0.108771 1.115543 -0.181032
v 0.146060 1.115543 -0.196123
v 0.181298 1.115543 -0.215509
v 0.213992 1.115543 -0.238919
v 0.243681 1.115543 -0.266023
v 0.269950 1.115543 -0.296440
v 0.292430 1.115543 -0.329745
v 0.310804 1.115543 -0.365469
v 0.324815 1.115543 -0.403111
v 0.334267 1.115543 -0.442142
v 0.339026 1.115543 -0.482015
v 0.339026 1.115542 -0.522170
v 0.334267 1.115542 -0.562042
v 0.324815 1.115542 -0.601074
v 0.310804 1.115542 -0.638716
v 0.292430 1.115542 -0.674440
v 0.269950 1.115542 -0.707744
v 0.243681 1.115542 -0.738162
v 0.213992 1.115542 -0.765266
v 0.181298 1.115542 -0.788675
v 0.146060 1.115542 -0.808061
v 0.108771 1.115542 -0.823153
v 0.069955 1.115542 -0.833737
v 0.030157 1.115542 -0.839666
v -0.010064 1.115542 -0.840855
v -0.050144 1.115542 -0.837290
v -0.089520 1.115542 -0.829019
v -0.127639 1.115542 -0.816159
v -0.163967 1.115542 -0.798889
v -0.197993 1.115542 -0.777454
v -0.229239 1.115542 -0.752153
v -0.257268 1.115542 -0.723342
v -0.281685 1.115542 -0.691424
v -0.302147 1.115542 -0.656849
v -0.318369 1.115542 -0.620102
v -0.330121 1.115542 -0.581698
v -0.412661 -0.000000 -0.457306
v -0.412661 0.557771 -0.457306
v -0.415094 -0.000000 -0.502092
v -0.415094 0.557771 -0.502092
v -0.412661 -0.000000 -0.546878
v -0.412661 0.557771 -0.546878
v -0.405389 -0.000000 -0.591138
v -0.405389 0.557771 -0.591138
v -0.393365 -0.000000 -0.634355
v -0.393365 0.557771 -0.634355
v -0.376729 -0.000000 -0.676021
v -0.376729 0.557771 -0.676021
v -0.355676 -0.000000 -0.715648
v -0.355676 0.557771 -0.715648
v -0.330453 -0.000000 -0.752771
v -0.330453 0.557771 -0.752771
v -0.301356 -0.000000 -0.786955
v -0.301356 0.557771 -0.786955
v -0.268726 -0.000000 -0.817799
v -0.268726 0.557771 -0.817799
v -0.232945 -0.000000 -0.844942
v -0.232945 0.557771 -0.844942
v -0.194433 -0.000000 -0.868066
v -0.194433 0.557771 -0.868066
v -0.153642 -0.000000 -0.886898
v -0.153642 0.557771 -0.886898
v -0.111049 -0.000000 -0.901219
v -0.111049 0.557771 -0.901220
v -0.067155 -0.000000 -0.910861
v -0.067155 0.557771 -0.910861
v -0.022473 -0.000000 -0.915711
v -0.022473 0.557771 -0.915711
v 0.022473 -0.000000 -0.915711
v 0.022473 0.557771 -0.915711
v 0.067155 -0.000000 -0.910861
v 0.067155 0.557771 -0.910861
v 0.111049 -0.000000 -0.901219
v 0.111049 0.557771 -0.901220
v 0.153642 -0.000000 -0.886898
v 0.153642 0.557771 -0.886898
v 0.194433 -0.000000 -0.868066
v 0.194433 0.557771 -0.868066
v 0.232945 -0.000000 -0.844942
v 0.232945 0.557771 -0.844942
v 0.268726 -0.000000 -0.817799
v 0.268726 0.557771 -0.817799
v 0.301356 -0.000000 -0.786955
v 0.301356 0.557771 -0.786955
v 0.330453 -0.000000 -0.752771
v 0.330453 0.557771 -0.752771
v 0.355676 -0.000000 -0.715648
v 0.355676 0.557771 -0.715648
v 0.376729 -0.000000 -0.676021
v 0.376729 0.557771 -0.676021
v 0.393365 -0.000000 -0.634355
v 0.393365 0.557771 -0.634355
v 0.405389 -0.000000 -0.591138
v 0.405389 0.557771 -0.591138
v 0.412661 -0.000000 -0.546878
v 0.412661 0.557771 -0.546878
v 0.415094 -0.000000 -0.502092
v 0.415094 0.557771 -0.502092
v 0.412661 -0.000000 -0.457306
v 0.412661 0.557771 -0.457306
v 0.405389 -0.000000 -0.413046
v 0.405389 0.557771 -0.413046
v 0.393365 -0.000000 -0.369829
v 0.393365 0.557771 -0.369829
v 0.376729 -0.000000 -0.328163
v 0.376729 0.557771 -0.328163
v 0.355676 -0.000000 -0.288536
v 0.355676 0.557771 -0.288536
v 0.330453 -0.000000 -0.251413
v 0.330453 0.557771 -0.251413
v 0.301356 -0.000000 -0.217229
v 0.301356 0.557771 -0.217229
v 0.268726 -0.000000 -0.186385
v 0.268726 0.557771 -0.186385
v 0.232945 -0.000000 -0.159242
v 0.232945 0.557771 -0.159242
v 0.194433 -0.000000 -0.136118
v 0.194433 0.557771 -0.136119
v 0.153642 -0.000000 -0.117286
v 0.153642 0.557771 -0.117286
v 0.111049 -0.000000 -0.102965
v 0.111049 0.557771 -0.102965
v 0.067155 -0.000000 -0.093323
v 0.067155 0.557771 -0.093323
v 0.022473 -0.000000 -0.088474
v 0.022473 0.557771 -0.088474
v -0.022473 -0.000000 -0.088474
v -0.022473 0.557771 -0.088474
v -0.067155 -0.000000 -0.093323
v -0.067155 0.557771 -0.093323
v -0.111049 -0.000000 -0.102965
v -0.111049 0.557771 -0.102965
v -0.153642 -0.000000 -0.117286
v -0.153642 0.557771 -0.117286
v -0.194433 -0.000000 -0.136118
v -0.194433 0.557771 -0.136119
v -0.232945 -0.000000 -0.159242
v -0.232945 0.557771 -0.159242
v -0.268726 -0.000000 -0.186385
v -0.268726 0.557771 -0.186385
v -0.301356 -0.000000 -0.217229
v -0.301356 0.557771 -0.217229
v -0.330453 -0.000000 -0.251413
v -0.330453 0.557771 -0.251413
v -0.355676 -0.000000 -0.288536
v -0.355676 0.557771 -0.288536
v -0.376729 -0.000000 -0.328163
v -0.376729 0.557771 -0.328163
v -0.393365 -0.000000 -0.369829
v -0.393365 0.557771 -0.369829
v -0.405389 -0.000000 -0.413046
v -0.405389 0.557771 -0.413046
v 0.471698 0.000000 1.405858
v 0.471698 0.000000 1.292887
v 0.534591 0.000000 1.292887
v 0.534591 0.000000 1.405858
v -0.471698 0.000000 1.405858
v -0.534591 0.000000 1.405858
v -0.534591 0.000000 1.292887
v -0.471698 0.000000 1.292887
v -0.905659 0.000000 1.405858
v 0.534591 -0.000000 -1.405858
v 0.534591 -0.000000 -1.292887
v 0.471698 -0.000000 -1.292887
v 0.471698 -0.000000 -1.405858
v 0.905659 -0.000000 -1.405858
v -0.471698 -0.000000 -1.405858
v -0.471698 -0.000000 -1.292887
v -0.534591 -0.000000 -1.292887
v -0.534591 -0.000000 -1.405858
v -0.792452 0.000000 1.035565
v -0.905659 0.000000 1.035565
v -0.905659 0.000000 0.972803
v -0.792452 0.000000 0.972803
v -0.905659 0.000000 0.031381
v -0.792452 0.000000 0.031381
v -0.905659 -0.000000 -0.031381
v -0.792452 -0.000000 -0.031381
v -0.905659 -0.000000 -0.972803
v -0.792452 -0.000000 -0.972803
v -0.905659 -0.000000 -1.035565
v -0.792452 -0.000000 -1.035565
v -0.905659 -0.000000 -1.405858
v 0.905659 0.000000 1.035565
v 0.792452 0.000000 1.035565
v 0.792452 0.000000 0.972803
v 0.905659 0.000000 0.972803
v 0.905659 0.000000 0.031381
v 0.905659 0.000000 1.405858
v 0.792452 0.000000 0.031381
v 0.792452 -0.000000 -0.031381
v 0.905659 -0.000000 -0.031381
v 0.905659 -0.000000 -0.972803
v 0.792452 -0.000000 -0.972803
v 0.792452 -0.000000 -1.035565
v 0.905659 -0.000000 -1.035565
vn -0.9840 0.1620 -0.0739
vn -0.9894 0.1300 -0.0650
vn -0.9894 0.1300 0.0650
vn -0.9225 0.3812 0.0606
vn -0.9225 0.3813 0.0606
vn -0.7929 0.6072 0.0521
vn -0.7929 0.6071 0.0521
vn -0.6091 0.7921 0.0400
vn -0.3833 0.9233 0.0252
vn -0.1314 0.9913 0.0088
vn -0.1308 0.9914 0.0086
vn -0.1325 0.9911 0.0091
vn -0.1330 0.9911 0.0093
vn -0.9756 0.1023 -0.1945
vn -0.9581 0.1846 -0.2191
vn -0.9434 0.0836 -0.3209
vn -0.9122 0.1980 -0.3588
vn -0.8940 0.0742 -0.4418
vn -0.8477 0.2024 -0.4904
vn -0.8286 0.0742 -0.5549
vn -0.7657 0.1979 -0.6120
vn -0.7485 0.0836 -0.6578
vn -0.6678 0.1845 -0.7212
vn -0.6551 0.1021 -0.7486
vn -0.5551 0.1618 -0.8159
vn -0.5501 0.1298 -0.8250
vn -0.4378 0.1298 -0.8897
vn -0.4083 0.3807 -0.8297
vn -0.2967 0.3807 -0.8758
vn -0.2967 0.3806 -0.8758
vn -0.2551 0.6065 -0.7531
vn -0.2551 0.6064 -0.7531
vn -0.1548 0.6064 -0.7800
vn -0.1190 0.7915 -0.5994
vn -0.0399 0.7915 -0.6099
vn -0.0251 0.9230 -0.3839
vn 0.0251 0.9230 -0.3839
vn 0.0074 0.9916 -0.1290
vn 0.0082 0.9920 -0.1259
vn 0.0057 0.9907 -0.1356
vn 0.0238 0.9905 -0.1353
vn 0.0246 0.9915 -0.1276
vn 0.0241 0.9909 -0.1328
vn 0.0248 0.9918 -0.1251
vn 0.0418 0.9908 -0.1290
vn 0.0416 0.9914 -0.1241
vn 0.0417 0.9910 -0.1274
vn 0.0415 0.9916 -0.1224
vn 0.0585 0.9910 -0.1201
vn 0.0581 0.9913 -0.1184
vn 0.0583 0.9911 -0.1194
vn 0.0580 0.9913 -0.1179
vn 0.0742 0.9911 -0.1104
vn 0.0728 0.9913 -0.1092
vn 0.0733 0.9913 -0.1096
vn 0.2133 0.9231 -0.3200
vn 0.2133 0.9231 -0.3199
vn 0.3389 0.7917 -0.5083
vn 0.4410 0.6066 -0.6614
vn 0.4410 0.6066 -0.6615
vn 0.5130 0.3808 -0.7693
vn 0.5501 0.1298 -0.8250
vn 0.5551 0.1617 -0.8159
vn -0.4275 0.1618 -0.8894
vn -0.3192 0.1021 -0.9422
vn -0.1800 0.3806 -0.9070
vn -0.0519 0.6063 -0.7935
vn -0.0519 0.6064 -0.7935
vn 0.0399 0.7915 -0.6099
vn 0.0251 0.9230 -0.3840
vn 0.0749 0.9230 -0.3774
vn -0.2892 0.1843 -0.9394
vn -0.1940 0.0834 -0.9774
vn -0.0604 0.3806 -0.9228
vn -0.0603 0.3806 -0.9228
vn 0.0519 0.6064 -0.7935
vn 0.0519 0.6063 -0.7935
vn 0.1190 0.7915 -0.5994
vn 0.1190 0.7915 -0.5995
vn 0.1234 0.9230 -0.3644
vn -0.1458 0.1977 -0.9694
vn -0.0651 0.0741 -0.9951
vn 0.0603 0.3806 -0.9228
vn 0.1548 0.6064 -0.7800
vn 0.1548 0.6064 -0.7799
vn 0.1961 0.7915 -0.5788
vn 0.1698 0.9231 -0.3451
vn -0.0000 0.2021 -0.9794
vn 0.0651 0.0741 -0.9951
vn 0.1800 0.3806 -0.9070
vn 0.2551 0.6065 -0.7531
vn 0.2698 0.7916 -0.5483
vn 0.2698 0.7916 -0.5482
vn 0.1458 0.1977 -0.9694
vn 0.1940 0.0834 -0.9774
vn 0.2967 0.3806 -0.8758
vn 0.2967 0.3807 -0.8758
vn 0.3511 0.6066 -0.7133
vn 0.3511 0.6065 -0.7134
vn 0.2892 0.1843 -0.9394
vn 0.3192 0.1021 -0.9422
vn 0.4083 0.3807 -0.8297
vn 0.4274 0.1618 -0.8894
vn 0.4378 0.1298 -0.8897
vn 0.6551 0.1021 -0.7486
vn 0.6678 0.1845 -0.7212
vn 0.7485 0.0836 -0.6578
vn 0.7657 0.1979 -0.6119
vn 0.8286 0.0742 -0.5549
vn 0.8477 0.2024 -0.4904
vn 0.8940 0.0742 -0.4418
vn 0.9122 0.1980 -0.3588
vn 0.9434 0.0836 -0.3209
vn 0.9581 0.1846 -0.2191
vn 0.9756 0.1023 -0.1945
vn 0.9840 0.1620 -0.0739
vn 0.9894 0.1299 -0.0650
vn 0.9894 0.1299 0.0650
vn 0.9225 0.3813 0.0606
vn 0.9225 0.3812 0.0606
vn 0.9067 0.3812 0.1807
vn 0.9066 0.3815 0.1807
vn 0.7792 0.6072 0.1553
vn 0.7523 0.6071 0.2559
vn 0.7525 0.6069 0.2559
vn 0.5780 0.7920 0.1966
vn 0.5779 0.7920 0.1966
vn 0.5474 0.7920 0.2705
vn 0.3444 0.9232 0.1702
vn 0.3193 0.9232 0.2138
vn 0.1078 0.9916 0.0709
vn 0.1046 0.9920 0.0701
vn 0.1143 0.9908 0.0727
vn 0.1050 0.9905 0.0883
vn 0.0980 0.9915 0.0851
vn 0.1027 0.9909 0.0873
vn 0.0957 0.9919 0.0841
vn 0.0906 0.9908 0.1008
vn 0.0865 0.9914 0.0981
vn 0.0892 0.9910 0.0999
vn 0.0851 0.9916 0.0972
vn 0.0746 0.9910 0.1108
vn 0.0734 0.9913 0.1097
vn 0.0740 0.9911 0.1103
vn 0.0728 0.9913 0.1092
vn 0.0583 0.9911 0.1195
vn 0.0580 0.9913 0.1179
vn 0.0581 0.9913 0.1184
vn 0.1698 0.9231 0.3451
vn 0.1698 0.9231 0.3450
vn 0.2698 0.7916 0.5483
vn 0.3511 0.6065 0.7134
vn 0.3510 0.6065 0.7134
vn 0.4083 0.3808 0.8296
vn 0.4083 0.3807 0.8297
vn 0.4378 0.1298 0.8897
vn 0.4272 0.1621 0.8895
vn 0.9840 0.1620 0.0739
vn 0.9756 0.1023 0.1945
vn 0.8753 0.3811 0.2977
vn 0.8752 0.3812 0.2977
vn 0.7124 0.6070 0.3521
vn 0.5074 0.7919 0.3398
vn 0.5074 0.7919 0.3397
vn 0.2887 0.9232 0.2537
vn 0.9581 0.1846 0.2191
vn 0.9434 0.0836 0.3209
vn 0.8288 0.3812 0.4096
vn 0.8288 0.3811 0.4096
vn 0.6604 0.6069 0.4422
vn 0.4587 0.7918 0.4032
vn 0.4588 0.7918 0.4032
vn 0.2532 0.9232 0.2893
vn 0.9122 0.1980 0.3588
vn 0.8940 0.0743 0.4418
vn 0.7682 0.3811 0.5144
vn 0.5971 0.6068 0.5247
vn 0.4023 0.7918 0.4597
vn 0.2133 0.9231 0.3199
vn 0.8476 0.2025 0.4904
vn 0.8286 0.0742 0.5549
vn 0.6945 0.3810 0.6103
vn 0.5235 0.6067 0.5982
vn 0.3389 0.7917 0.5083
vn 0.7657 0.1980 0.6119
vn 0.7485 0.0836 0.6578
vn 0.6945 0.3809 0.6103
vn 0.6089 0.3809 0.6958
vn 0.4411 0.6066 0.6615
vn 0.4410 0.6066 0.6614
vn 0.3390 0.7916 0.5083
vn 0.6678 0.1845 0.7212
vn 0.6551 0.1022 0.7486
vn 0.5130 0.3808 0.7693
vn 0.5551 0.1618 0.8159
vn 0.5501 0.1298 0.8250
vn 0.3192 0.1020 0.9422
vn 0.2892 0.1843 0.9394
vn 0.1940 0.0834 0.9774
vn 0.1458 0.1977 0.9694
vn 0.0651 0.0741 0.9951
vn -0.0000 0.2022 0.9793
vn -0.0651 0.0741 0.9951
vn -0.1458 0.1977 0.9694
vn -0.1940 0.0834 0.9774
vn -0.2892 0.1843 0.9394
vn -0.3192 0.1020 0.9422
vn -0.4275 0.1617 0.8895
vn -0.4378 0.1298 0.8897
vn -0.5501 0.1298 0.8250
vn -0.5130 0.3808 0.7693
vn -0.6089 0.3809 0.6958
vn -0.5235 0.6067 0.5982
vn -0.5971 0.6068 0.5247
vn -0.4588 0.7918 0.4032
vn -0.4587 0.7919 0.4031
vn -0.5074 0.7919 0.3397
vn -0.5074 0.7919 0.3398
vn -0.3193 0.9232 0.2138
vn -0.3444 0.9232 0.1702
vn -0.1152 0.9916 0.0581
vn -0.1129 0.9920 0.0558
vn -0.1200 0.9908 0.0629
vn -0.1289 0.9905 0.0470
vn -0.1226 0.9915 0.0425
vn -0.1268 0.9909 0.0455
vn -0.1205 0.9919 0.0410
vn -0.1324 0.9908 0.0282
vn -0.1280 0.9914 0.0260
vn -0.1309 0.9910 0.0275
vn -0.1265 0.9916 0.0252
vn -0.5551 0.1618 0.8159
vn -0.6551 0.1022 0.7486
vn -0.6945 0.3810 0.6104
vn -0.6945 0.3810 0.6103
vn -0.6604 0.6069 0.4422
vn -0.5474 0.7920 0.2705
vn -0.3637 0.9233 0.1237
vn -0.6678 0.1845 0.7211
vn -0.7485 0.0836 0.6578
vn -0.7682 0.3811 0.5144
vn -0.7124 0.6070 0.3521
vn -0.5780 0.7920 0.1966
vn -0.3767 0.9233 0.0751
vn -0.7657 0.1980 0.6119
vn -0.8286 0.0742 0.5549
vn -0.8288 0.3811 0.4096
vn -0.8288 0.3812 0.4096
vn -0.7523 0.6071 0.2559
vn -0.5987 0.7920 0.1193
vn -0.5987 0.7921 0.1193
vn -0.8476 0.2025 0.4904
vn -0.8940 0.0743 0.4418
vn -0.8752 0.3812 0.2977
vn -0.8753 0.3812 0.2977
vn -0.7792 0.6072 0.1553
vn -0.9122 0.1980 0.3588
vn -0.9434 0.0836 0.3209
vn -0.8753 0.3811 0.2978
vn -0.9067 0.3812 0.1807
vn -0.9581 0.1846 0.2191
vn -0.9756 0.1023 0.1945
vn -0.9840 0.1620 0.0739
vn -0.1224 0.9903 0.0652
vn -0.1037 0.9922 0.0695
vn -0.2887 0.9232 0.2537
vn -0.4023 0.7918 0.4597
vn -0.4411 0.6066 0.6615
vn -0.4410 0.6066 0.6615
vn -0.4410 0.6066 0.6614
vn -0.4083 0.3807 0.8297
vn -0.4083 0.3808 0.8296
vn -0.1131 0.9902 0.0823
vn -0.0932 0.9923 0.0819
vn -0.2532 0.9232 0.2893
vn -0.3389 0.7917 0.5083
vn -0.3511 0.6065 0.7134
vn -0.2967 0.3807 0.8758
vn -0.1011 0.9900 0.0978
vn -0.0813 0.9923 0.0930
vn -0.2133 0.9231 0.3199
vn -0.2698 0.7916 0.5483
vn -0.2551 0.6064 0.7531
vn -0.1800 0.3807 0.9070
vn -0.1800 0.3806 0.9070
vn -0.0869 0.9900 0.1114
vn -0.0684 0.9924 0.1026
vn -0.1698 0.9231 0.3451
vn -0.1961 0.7915 0.5788
vn -0.1548 0.6064 0.7800
vn -0.1548 0.6064 0.7799
vn -0.0604 0.3806 0.9228
vn -0.0706 0.9899 0.1226
vn -0.0544 0.9924 0.1107
vn -0.1234 0.9231 0.3643
vn -0.1190 0.7915 0.5995
vn -0.0519 0.6062 0.7936
vn -0.0519 0.6064 0.7935
vn 0.0604 0.3806 0.9228
vn -0.0529 0.9900 0.1311
vn -0.0397 0.9923 0.1171
vn -0.0749 0.9230 0.3773
vn -0.0399 0.7915 0.6099
vn 0.0519 0.6064 0.7935
vn 0.1800 0.3806 0.9070
vn 0.1800 0.3807 0.9070
vn -0.0340 0.9900 0.1367
vn -0.0242 0.9923 0.1218
vn -0.0251 0.9230 0.3839
vn 0.0399 0.7915 0.6099
vn 0.0519 0.6064 0.7934
vn 0.1548 0.6064 0.7799
vn 0.2967 0.3807 0.8758
vn -0.0146 0.9901 0.1393
vn -0.0082 0.9922 0.1247
vn 0.0251 0.9230 0.3839
vn 0.1190 0.7915 0.5995
vn 0.2551 0.6064 0.7531
vn 0.0048 0.9903 0.1388
vn 0.0057 0.9907 0.1356
vn 0.0074 0.9916 0.1290
vn 0.0082 0.9920 0.1259
vn 0.0749 0.9230 0.3774
vn 0.0749 0.9230 0.3773
vn 0.1961 0.7915 0.5788
vn 0.0238 0.9905 0.1353
vn 0.0241 0.9909 0.1328
vn 0.0246 0.9915 0.1276
vn 0.0248 0.9918 0.1251
vn 0.1234 0.9231 0.3643
vn 0.0418 0.9908 0.1290
vn 0.0417 0.9910 0.1274
vn 0.0416 0.9914 0.1241
vn 0.0415 0.9916 0.1224
vn 0.0585 0.9910 0.1201
vn 0.1175 0.9903 0.0736
vn 0.1119 0.9922 0.0553
vn 0.3637 0.9233 0.1237
vn 0.5987 0.7920 0.1193
vn 0.5987 0.7921 0.1193
vn 0.7929 0.6072 0.0521
vn 0.7929 0.6071 0.0521
vn 0.9225 0.3813 -0.0606
vn 0.9225 0.3812 -0.0606
vn 0.1277 0.9902 0.0570
vn 0.1173 0.9923 0.0399
vn 0.3767 0.9233 0.0751
vn 0.5986 0.7921 0.1193
vn 0.6091 0.7921 0.0400
vn 0.7929 0.6071 -0.0521
vn 0.7929 0.6072 -0.0521
vn 0.9067 0.3812 -0.1807
vn 0.1351 0.9901 0.0388
vn 0.1210 0.9924 0.0241
vn 0.3833 0.9233 0.0252
vn 0.6091 0.7921 -0.0400
vn 0.7793 0.6072 -0.1553
vn 0.7792 0.6072 -0.1553
vn 0.8753 0.3811 -0.2978
vn 0.8753 0.3812 -0.2977
vn 0.8752 0.3812 -0.2977
vn 0.1397 0.9900 0.0197
vn 0.1228 0.9924 0.0081
vn 0.3833 0.9233 -0.0252
vn 0.5986 0.7921 -0.1193
vn 0.5987 0.7920 -0.1193
vn 0.7523 0.6071 -0.2559
vn 0.8752 0.3813 -0.2977
vn 0.8288 0.3812 -0.4096
vn 0.1413 0.9900 -0.0000
vn 0.1228 0.9924 -0.0081
vn 0.3767 0.9233 -0.0751
vn 0.5780 0.7920 -0.1966
vn 0.7125 0.6070 -0.3521
vn 0.7124 0.6070 -0.3521
vn 0.8288 0.3811 -0.4096
vn 0.7682 0.3811 -0.5144
vn 0.1397 0.9900 -0.0197
vn 0.1210 0.9924 -0.0241
vn 0.3637 0.9233 -0.1237
vn 0.5474 0.7920 -0.2705
vn 0.6604 0.6069 -0.4422
vn 0.6945 0.3811 -0.6103
vn 0.6945 0.3810 -0.6103
vn 0.6945 0.3809 -0.6104
vn 0.1351 0.9901 -0.0388
vn 0.1173 0.9923 -0.0399
vn 0.3444 0.9233 -0.1702
vn 0.3444 0.9232 -0.1702
vn 0.5074 0.7919 -0.3398
vn 0.5074 0.7919 -0.3397
vn 0.5971 0.6068 -0.5247
vn 0.5970 0.6068 -0.5247
vn 0.6945 0.3812 -0.6102
vn 0.6089 0.3808 -0.6958
vn 0.6089 0.3809 -0.6958
vn 0.1277 0.9902 -0.0570
vn 0.1119 0.9922 -0.0553
vn 0.3193 0.9232 -0.2138
vn 0.4588 0.7918 -0.4032
vn 0.5970 0.6069 -0.5247
vn 0.5235 0.6068 -0.5982
vn 0.5235 0.6067 -0.5982
vn 0.1175 0.9903 -0.0736
vn 0.1143 0.9908 -0.0727
vn 0.1078 0.9916 -0.0709
vn 0.1046 0.9920 -0.0701
vn 0.2887 0.9232 -0.2537
vn 0.4023 0.7917 -0.4597
vn 0.1050 0.9905 -0.0883
vn 0.1027 0.9909 -0.0873
vn 0.0980 0.9915 -0.0851
vn 0.0957 0.9919 -0.0841
vn 0.2532 0.9232 -0.2893
vn 0.2532 0.9231 -0.2893
vn 0.4023 0.7918 -0.4597
vn 0.0906 0.9908 -0.1008
vn 0.0892 0.9910 -0.0999
vn 0.0864 0.9914 -0.0981
vn 0.0851 0.9916 -0.0972
vn 0.0746 0.9910 -0.1108
vn 0.0048 0.9903 -0.1388
vn -0.0082 0.9922 -0.1247
vn -0.0749 0.9230 -0.3774
vn -0.1190 0.7915 -0.5995
vn -0.1960 0.7916 -0.5788
vn -0.1961 0.7916 -0.5788
vn -0.1961 0.7915 -0.5788
vn -0.3511 0.6065 -0.7133
vn -0.5130 0.3808 -0.7693
vn -0.0146 0.9902 -0.1392
vn -0.0242 0.9923 -0.1218
vn -0.1234 0.9230 -0.3644
vn -0.2698 0.7916 -0.5483
vn -0.2698 0.7916 -0.5482
vn -0.4410 0.6066 -0.6614
vn -0.6089 0.3809 -0.6958
vn -0.6089 0.3808 -0.6958
vn -0.0340 0.9900 -0.1367
vn -0.0397 0.9923 -0.1171
vn -0.1234 0.9230 -0.3643
vn -0.1698 0.9231 -0.3451
vn -0.3389 0.7917 -0.5083
vn -0.5235 0.6067 -0.5982
vn -0.6090 0.3808 -0.6958
vn -0.6946 0.3809 -0.6103
vn -0.6945 0.3809 -0.6103
vn -0.6945 0.3810 -0.6103
vn -0.0529 0.9900 -0.1311
vn -0.0544 0.9924 -0.1107
vn -0.2133 0.9231 -0.3199
vn -0.2133 0.9231 -0.3200
vn -0.4023 0.7918 -0.4597
vn -0.4023 0.7917 -0.4597
vn -0.5235 0.6068 -0.5982
vn -0.5970 0.6069 -0.5247
vn -0.5970 0.6068 -0.5247
vn -0.5971 0.6068 -0.5247
vn -0.6945 0.3811 -0.6103
vn -0.7682 0.3811 -0.5144
vn -0.0706 0.9899 -0.1226
vn -0.0684 0.9924 -0.1026
vn -0.2532 0.9231 -0.2893
vn -0.4588 0.7918 -0.4032
vn -0.6604 0.6069 -0.4422
vn -0.8288 0.3811 -0.4096
vn -0.8288 0.3812 -0.4096
vn -0.0869 0.9900 -0.1114
vn -0.0813 0.9923 -0.0930
vn -0.2532 0.9232 -0.2893
vn -0.2887 0.9232 -0.2537
vn -0.5074 0.7919 -0.3397
vn -0.5074 0.7919 -0.3398
vn -0.7124 0.6070 -0.3521
vn -0.7125 0.6070 -0.3521
vn -0.8752 0.3813 -0.2977
vn -0.8752 0.3812 -0.2977
vn -0.8753 0.3812 -0.2977
vn -0.1011 0.9901 -0.0978
vn -0.0932 0.9923 -0.0819
vn -0.3193 0.9232 -0.2138
vn -0.5474 0.7920 -0.2705
vn -0.7523 0.6071 -0.2559
vn -0.8753 0.3811 -0.2977
vn -0.9067 0.3812 -0.1807
vn -0.9065 0.3815 -0.1807
vn -0.1131 0.9902 -0.0823
vn -0.1037 0.9922 -0.0695
vn -0.3444 0.9232 -0.1702
vn -0.3444 0.9233 -0.1702
vn -0.5779 0.7920 -0.1966
vn -0.5780 0.7920 -0.1966
vn -0.7794 0.6070 -0.1553
vn -0.7792 0.6072 -0.1553
vn -0.7793 0.6072 -0.1553
vn -0.9225 0.3812 -0.0606
vn -0.9225 0.3813 -0.0606
vn -0.1224 0.9903 -0.0652
vn -0.1200 0.9908 -0.0629
vn -0.1152 0.9916 -0.0581
vn -0.1129 0.9920 -0.0558
vn -0.3637 0.9233 -0.1237
vn -0.5987 0.7920 -0.1193
vn -0.5986 0.7921 -0.1193
vn -0.7793 0.6071 -0.1553
vn -0.7929 0.6072 -0.0521
vn -0.7929 0.6071 -0.0521
vn -0.1289 0.9905 -0.0470
vn -0.1268 0.9909 -0.0455
vn -0.1226 0.9915 -0.0425
vn -0.1205 0.9919 -0.0410
vn -0.3767 0.9233 -0.0751
vn -0.6091 0.7921 -0.0400
vn -0.1324 0.9908 -0.0282
vn -0.1310 0.9910 -0.0275
vn -0.1280 0.9914 -0.0260
vn -0.1265 0.9916 -0.0252
vn -0.3833 0.9233 -0.0252
vn -0.1330 0.9911 -0.0093
vn -0.1325 0.9911 -0.0091
vn -0.1313 0.9913 -0.0088
vn -0.1308 0.9914 -0.0086
vn -0.0000 1.0000 -0.0000
vn -0.9972 -0.0000 -0.0749
vn -0.9972 -0.0000 0.0749
vn -0.9748 -0.0000 0.2230
vn -0.9306 -0.0000 0.3660
vn -0.8656 -0.0000 0.5008
vn -0.7812 -0.0000 0.6243
vn -0.6794 -0.0000 0.7338
vn -0.5625 -0.0000 0.8268
vn -0.4331 -0.0000 0.9013
vn -0.2942 -0.0000 0.9557
vn -0.1487 -0.0000 0.9889
vn -0.0000 -0.0000 1.0000
vn 0.1487 -0.0000 0.9889
vn 0.2942 -0.0000 0.9557
vn 0.4331 -0.0000 0.9013
vn 0.5625 -0.0000 0.8268
vn 0.6794 -0.0000 0.7338
vn 0.7812 -0.0000 0.6243
vn 0.8656 -0.0000 0.5008
vn 0.9306 -0.0000 0.3660
vn 0.9748 -0.0000 0.2230
vn 0.9972 -0.0000 0.0749
vn 0.9972 -0.0000 -0.0749
vn 0.9748 -0.0000 -0.2230
vn 0.9306 -0.0000 -0.3660
vn 0.8656 -0.0000 -0.5008
vn 0.7812 -0.0000 -0.6243
vn 0.6794 -0.0000 -0.7338
vn 0.5625 -0.0000 -0.8268
vn 0.4332 -0.0000 -0.9013
vn 0.4331 -0.0000 -0.9013
vn 0.2942 -0.0000 -0.9557
vn 0.1487 -0.0000 -0.9889
vn -0.0000 -0.0000 -1.0000
vn -0.1487 -0.0000 -0.9889
vn -0.2942 -0.0000 -0.9557
vn -0.4331 -0.0000 -0.9013
vn -0.4332 -0.0000 -0.9013
vn -0.5625 -0.0000 -0.8268
vn -0.6794 -0.0000 -0.7338
vn -0.7812 -0.0000 -0.6243
vn -0.8656 -0.0000 -0.5008
vn -0.9306 -0.0000 -0.3660
vn -0.9748 -0.0000 -0.2230
vn 0.9964 0.0560 -0.0641
vn 0.9794 0.2021 -0.0000
vn 0.9964 0.0560 0.0641
vn 0.9713 0.2021 0.1255
vn 0.9799 0.0560 0.1913
vn 0.9472 0.2020 0.2489
vn 0.9474 0.0560 0.3152
vn 0.9075 0.2020 0.3682
vn 0.8992 0.0560 0.4339
vn 0.8529 0.2019 0.4814
vn 0.8363 0.0560 0.5455
vn 0.7843 0.2020 0.5866
vn 0.7596 0.0560 0.6480
vn 0.7028 0.2019 0.6821
vn 0.6705 0.0559 0.7398
vn 0.6099 0.2018 0.7664
vn 0.5704 0.0559 0.8195
vn 0.5069 0.2017 0.8380
vn 0.4611 0.0559 0.8856
vn 0.3958 0.2018 0.8959
vn 0.3442 0.0559 0.9372
vn 0.2781 0.2017 0.9391
vn 0.2217 0.0559 0.9735
vn 0.1560 0.2018 0.9669
vn 0.0957 0.0560 0.9938
vn 0.0313 0.2017 0.9789
vn -0.0320 0.0559 0.9979
vn -0.0939 0.2017 0.9749
vn -0.1590 0.0559 0.9857
vn -0.2175 0.2017 0.9550
vn -0.2835 0.0559 0.9573
vn -0.3376 0.2017 0.9194
vn -0.4034 0.0559 0.9133
vn -0.4523 0.2018 0.8688
vn -0.5168 0.0559 0.8543
vn -0.5596 0.2018 0.8038
vn -0.6217 0.0560 0.7812
vn -0.6577 0.2019 0.7257
vn -0.7165 0.0560 0.6953
vn -0.7451 0.2020 0.6357
vn -0.7996 0.0560 0.5980
vn -0.8203 0.2020 0.5351
vn -0.8695 0.0560 0.4907
vn -0.8820 0.2020 0.4257
vn -0.9252 0.0560 0.3754
vn -0.9293 0.2021 0.3092
vn -0.9656 0.0561 0.2537
vn -0.9612 0.2022 0.1876
vn -0.9902 0.0561 0.1279
vn -0.9773 0.2021 0.0629
vn -0.9984 0.0561 -0.0000
vn -0.9773 0.2021 -0.0629
vn -0.9902 0.0561 -0.1279
vn -0.9612 0.2022 -0.1876
vn -0.9656 0.0561 -0.2538
vn -0.9293 0.2021 -0.3092
vn -0.9252 0.0560 -0.3754
vn -0.8821 0.2020 -0.4257
vn -0.8695 0.0560 -0.4907
vn -0.8203 0.2020 -0.5351
vn -0.7996 0.0560 -0.5980
vn -0.7451 0.2020 -0.6357
vn -0.7165 0.0560 -0.6953
vn -0.6577 0.2019 -0.7257
vn -0.6217 0.0560 -0.7812
vn -0.5596 0.2018 -0.8038
vn -0.5168 0.0559 -0.8543
vn -0.4523 0.2018 -0.8688
vn -0.4034 0.0559 -0.9133
vn -0.3376 0.2017 -0.9194
vn -0.2835 0.0559 -0.9573
vn -0.2175 0.2017 -0.9550
vn -0.1590 0.0559 -0.9857
vn -0.0939 0.2017 -0.9749
vn -0.0319 0.0558 -0.9979
vn 0.0313 0.2016 -0.9790
vn 0.0957 0.0558 -0.9938
vn 0.1560 0.2017 -0.9669
vn 0.2217 0.0560 -0.9735
vn 0.2781 0.2018 -0.9391
vn 0.3442 0.0560 -0.9372
vn 0.3957 0.2017 -0.8959
vn 0.4611 0.0559 -0.8856
vn 0.5069 0.2017 -0.8380
vn 0.5704 0.0559 -0.8194
vn 0.6099 0.2019 -0.7664
vn 0.6705 0.0560 -0.7398
vn 0.7028 0.2019 -0.6821
vn 0.7596 0.0560 -0.6480
vn 0.7843 0.2020 -0.5866
vn 0.8363 0.0560 -0.5455
vn 0.8529 0.2020 -0.4814
vn 0.8992 0.0560 -0.4339
vn 0.9075 0.2020 -0.3682
vn 0.9474 0.0560 -0.3152
vn 0.9472 0.2020 -0.2489
vn 0.9799 0.0560 -0.1913
vn 0.9713 0.2021 -0.1255
vn 0.1218 0.9925 0.0082
vn 0.1404 0.9901 -0.0000
vn 0.1218 0.9925 -0.0082
vn 0.1392 0.9901 -0.0180
vn 0.1197 0.9925 -0.0244
vn 0.1355 0.9901 -0.0356
vn 0.1156 0.9925 -0.0402
vn 0.1295 0.9902 -0.0526
vn 0.1095 0.9924 -0.0554
vn 0.1213 0.9902 -0.0685
vn 0.1015 0.9924 -0.0698
vn 0.1111 0.9903 -0.0831
vn 0.0918 0.9923 -0.0832
vn 0.0990 0.9904 -0.0961
vn 0.0803 0.9922 -0.0952
vn 0.0841 0.9910 -0.1042
vn 0.0816 0.9918 -0.0982
vn 0.0854 0.9906 -0.1073
vn 0.0674 0.9921 -0.1058
vn 0.0697 0.9911 -0.1138
vn 0.0682 0.9918 -0.1084
vn 0.0705 0.9907 -0.1165
vn 0.0531 0.9920 -0.1147
vn 0.0542 0.9911 -0.1213
vn 0.0535 0.9917 -0.1169
vn 0.0546 0.9908 -0.1235
vn 0.0377 0.9918 -0.1218
vn 0.0379 0.9912 -0.1266
vn 0.0378 0.9916 -0.1234
vn 0.0380 0.9910 -0.1283
vn 0.0214 0.9917 -0.1270
vn 0.0212 0.9913 -0.1298
vn 0.0213 0.9916 -0.1279
vn 0.0211 0.9912 -0.1307
vn 0.0043 0.9915 -0.1301
vn 0.0043 0.9914 -0.1307
vn 0.0043 0.9915 -0.1303
vn 0.0042 0.9914 -0.1309
vn -0.0129 0.9915 -0.1294
vn -0.0126 0.9913 -0.1312
vn -0.0127 0.9914 -0.1306
vn -0.0369 0.9230 -0.3829
vn -0.0586 0.7915 -0.6083
vn -0.0762 0.6064 -0.7915
vn -0.0886 0.3806 -0.9205
vn -0.0886 0.3807 -0.9204
vn -0.0886 0.3807 -0.9205
vn 0.1392 0.9901 0.0180
vn 0.1197 0.9925 0.0244
vn 0.1355 0.9901 0.0356
vn 0.1156 0.9925 0.0402
vn 0.1295 0.9902 0.0526
vn 0.1095 0.9924 0.0555
vn 0.1213 0.9902 0.0685
vn 0.1015 0.9924 0.0698
vn 0.1111 0.9903 0.0831
vn 0.0918 0.9923 0.0832
vn 0.0990 0.9904 0.0961
vn 0.0841 0.9910 0.1042
vn 0.0803 0.9922 0.0952
vn 0.0816 0.9918 0.0982
vn 0.0854 0.9906 0.1073
vn 0.0697 0.9911 0.1138
vn 0.0674 0.9921 0.1058
vn 0.0682 0.9918 0.1084
vn 0.0705 0.9907 0.1165
vn 0.0542 0.9911 0.1213
vn 0.0531 0.9920 0.1147
vn 0.0535 0.9917 0.1169
vn 0.0546 0.9908 0.1235
vn 0.0379 0.9912 0.1266
vn 0.0377 0.9918 0.1218
vn 0.0378 0.9916 0.1234
vn 0.0380 0.9910 0.1283
vn 0.0212 0.9913 0.1298
vn 0.0214 0.9917 0.1270
vn 0.0213 0.9916 0.1279
vn 0.0211 0.9912 0.1308
vn 0.0043 0.9915 0.1303
vn 0.0043 0.9915 0.1302
vn 0.0042 0.9914 0.1308
vn 0.0042 0.9914 0.1309
vn -0.0126 0.9913 0.1311
vn -0.0129 0.9915 0.1294
vn -0.0127 0.9914 0.1305
vn -0.0369 0.9230 0.3830
vn -0.0854 0.9230 0.3751
vn -0.1357 0.7915 0.5958
vn -0.1357 0.7916 0.5958
vn -0.2107 0.7916 0.5736
vn -0.2741 0.6065 0.7463
vn -0.2741 0.6065 0.7464
vn -0.3671 0.6065 0.7052
vn -0.4270 0.3808 0.8202
vn -0.5283 0.3808 0.7589
vn -0.0129 0.9916 0.1288
vn -0.0296 0.9911 0.1298
vn -0.0296 0.9916 0.1259
vn -0.0296 0.9913 0.1285
vn -0.1326 0.9231 0.3611
vn -0.2821 0.7916 0.5420
vn -0.2821 0.7916 0.5419
vn -0.4542 0.6066 0.6525
vn -0.4542 0.6067 0.6524
vn -0.6209 0.3809 0.6851
vn -0.0297 0.9918 0.1247
vn -0.0463 0.9909 0.1262
vn -0.0457 0.9917 0.1204
vn -0.0461 0.9912 0.1242
vn -0.1776 0.9231 0.3411
vn -0.2821 0.7917 0.5419
vn -0.3490 0.7917 0.5014
vn -0.5338 0.6068 0.5890
vn -0.7034 0.3810 0.6001
vn -0.7034 0.3810 0.6000
vn -0.0456 0.9919 0.1185
vn -0.0626 0.9908 0.1203
vn -0.0610 0.9917 0.1129
vn -0.0620 0.9911 0.1178
vn -0.2197 0.9231 0.3155
vn -0.2197 0.9231 0.3156
vn -0.4102 0.7918 0.4526
vn -0.6047 0.6069 0.5158
vn -0.7743 0.3811 0.5051
vn -0.0604 0.9920 0.1105
vn -0.0781 0.9906 0.1122
vn -0.0750 0.9918 0.1035
vn -0.0770 0.9910 0.1092
vn -0.2581 0.9232 0.2849
vn -0.2581 0.9232 0.2848
vn -0.2582 0.9232 0.2848
vn -0.4646 0.7919 0.3963
vn -0.4646 0.7918 0.3964
vn -0.6656 0.6070 0.4342
vn -0.6657 0.6069 0.4342
vn -0.8326 0.3812 0.4018
vn -0.0741 0.9922 0.1007
vn -0.0924 0.9905 0.1020
vn -0.0878 0.9918 0.0925
vn -0.0908 0.9910 0.0987
vn -0.2924 0.9232 0.2494
vn -0.5114 0.7919 0.3336
vn -0.5114 0.7920 0.3336
vn -0.7157 0.6070 0.3454
vn -0.7156 0.6071 0.3454
vn -0.8326 0.3811 0.4018
vn -0.8772 0.3812 0.2919
vn -0.8772 0.3812 0.2918
vn -0.0863 0.9923 0.0894
vn -0.1053 0.9904 0.0898
vn -0.3218 0.9232 0.2099
vn -0.3219 0.9232 0.2099
vn -0.5498 0.7920 0.2653
vn -0.5499 0.7920 0.2654
vn -0.7156 0.6071 0.3453
vn -0.7539 0.6072 0.2508
vn -0.7540 0.6071 0.2509
vn -0.9073 0.3813 0.1771
vn -0.9074 0.3813 0.1771
vn -0.9074 0.3812 0.1771
vn -0.0969 0.9923 0.0767
vn -0.1164 0.9903 0.0760
vn -0.3219 0.9232 0.2100
vn -0.3460 0.9233 0.1670
vn -0.5793 0.7920 0.1927
vn -0.5792 0.7921 0.1927
vn -0.7799 0.6072 0.1522
vn -0.7798 0.6072 0.1522
vn -0.9072 0.3815 0.1771
vn -0.9226 0.3812 0.0594
vn -0.1058 0.9924 0.0628
vn -0.1257 0.9902 0.0607
vn -0.3645 0.9233 0.1213
vn -0.5991 0.7921 0.1169
vn -0.7929 0.6072 0.0510
vn -0.9226 0.3812 -0.0594
vn -0.1128 0.9925 0.0479
vn -0.1328 0.9902 0.0442
vn -0.3770 0.9233 0.0736
vn -0.6091 0.7921 0.0392
vn -0.7929 0.6072 -0.0510
vn -0.9074 0.3812 -0.1771
vn -0.9072 0.3815 -0.1772
vn -0.9073 0.3813 -0.1771
vn -0.1179 0.9925 0.0324
vn -0.1377 0.9901 0.0269
vn -0.3832 0.9233 0.0247
vn -0.6091 0.7921 -0.0392
vn -0.7798 0.6072 -0.1522
vn -0.7799 0.6072 -0.1522
vn -0.8772 0.3812 -0.2919
vn -0.1210 0.9925 0.0163
vn -0.1401 0.9901 0.0090
vn -0.3832 0.9233 0.0246
vn -0.3832 0.9233 -0.0247
vn -0.5991 0.7921 -0.1169
vn -0.7540 0.6071 -0.2509
vn -0.7539 0.6072 -0.2509
vn -0.8326 0.3811 -0.4018
vn -0.8326 0.3812 -0.4018
vn -0.1220 0.9925 -0.0000
vn -0.1401 0.9901 -0.0090
vn -0.3770 0.9233 -0.0736
vn -0.5792 0.7921 -0.1927
vn -0.5793 0.7920 -0.1927
vn -0.7157 0.6071 -0.3454
vn -0.7157 0.6070 -0.3454
vn -0.8326 0.3813 -0.4018
vn -0.7743 0.3812 -0.5051
vn -0.7744 0.3811 -0.5051
vn -0.1210 0.9925 -0.0163
vn -0.1377 0.9901 -0.0269
vn -0.3645 0.9233 -0.1213
vn -0.5499 0.7920 -0.2654
vn -0.5498 0.7920 -0.2654
vn -0.6657 0.6069 -0.4342
vn -0.6656 0.6070 -0.4342
vn -0.7034 0.3810 -0.6001
vn -0.1179 0.9925 -0.0324
vn -0.1328 0.9902 -0.0442
vn -0.3460 0.9233 -0.1670
vn -0.5114 0.7920 -0.3336
vn -0.5114 0.7919 -0.3336
vn -0.6047 0.6069 -0.5158
vn -0.7034 0.3809 -0.6001
vn -0.6209 0.3809 -0.6851
vn -0.1128 0.9925 -0.0479
vn -0.1257 0.9902 -0.0607
vn -0.3218 0.9232 -0.2099
vn -0.4646 0.7918 -0.3964
vn -0.4646 0.7919 -0.3964
vn -0.5338 0.6067 -0.5890
vn -0.5338 0.6068 -0.5890
vn -0.6208 0.3812 -0.6850
vn -0.5283 0.3808 -0.7589
vn -0.1058 0.9924 -0.0628
vn -0.1165 0.9903 -0.0760
vn -0.2924 0.9232 -0.2494
vn -0.4102 0.7918 -0.4526
vn -0.4101 0.7918 -0.4526
vn -0.4542 0.6067 -0.6524
vn -0.4270 0.3808 -0.8202
vn -0.0969 0.9923 -0.0766
vn -0.1053 0.9904 -0.0898
vn -0.2581 0.9232 -0.2848
vn -0.3490 0.7917 -0.5013
vn -0.3490 0.7917 -0.5014
vn -0.4543 0.6063 -0.6527
vn -0.3671 0.6066 -0.7052
vn -0.3188 0.3808 -0.8680
vn -0.3188 0.3807 -0.8680
vn -0.0863 0.9923 -0.0894
vn -0.0878 0.9918 -0.0925
vn -0.0908 0.9910 -0.0987
vn -0.0924 0.9905 -0.1020
vn -0.2197 0.9231 -0.3156
vn -0.2197 0.9231 -0.3155
vn -0.2822 0.7916 -0.5420
vn -0.2821 0.7916 -0.5420
vn -0.2741 0.6065 -0.7464
vn -0.2741 0.6065 -0.7463
vn -0.2054 0.3807 -0.9016
vn -0.0741 0.9922 -0.1007
vn -0.0750 0.9918 -0.1035
vn -0.0770 0.9910 -0.1092
vn -0.0781 0.9906 -0.1122
vn -0.2196 0.9231 -0.3155
vn -0.1776 0.9231 -0.3411
vn -0.2107 0.7916 -0.5736
vn -0.1766 0.6064 -0.7753
vn -0.0604 0.9920 -0.1105
vn -0.0610 0.9917 -0.1129
vn -0.0620 0.9911 -0.1177
vn -0.0626 0.9908 -0.1203
vn -0.1326 0.9231 -0.3611
vn -0.1326 0.9231 -0.3610
vn -0.1357 0.7915 -0.5959
vn -0.0456 0.9919 -0.1185
vn -0.0457 0.9917 -0.1204
vn -0.0461 0.9912 -0.1241
vn -0.0463 0.9909 -0.1262
vn -0.0854 0.9231 -0.3751
vn -0.0297 0.9918 -0.1247
vn -0.0296 0.9916 -0.1259
vn -0.0296 0.9913 -0.1285
vn -0.0296 0.9911 -0.1298
vn -0.0129 0.9916 -0.1288
vn 0.9245 0.3813 -0.0000
vn 0.9168 0.3813 0.1185
vn 0.8941 0.3813 0.2349
vn 0.8941 0.3813 0.2350
vn 0.8567 0.3813 0.3475
vn 0.8567 0.3812 0.3475
vn 0.8051 0.3812 0.4544
vn 0.7404 0.3811 0.5537
vn 0.6635 0.3810 0.6439
vn 0.5757 0.3809 0.7235
vn 0.5758 0.3808 0.7235
vn 0.4786 0.3808 0.7912
vn 0.3737 0.3807 0.8458
vn 0.2626 0.3807 0.8866
vn 0.2626 0.3806 0.8867
vn 0.1473 0.3806 0.9129
vn 0.1473 0.3807 0.9129
vn 0.0296 0.3807 0.9242
vn 0.0296 0.3806 0.9243
vn -0.0886 0.3806 0.9205
vn -0.2054 0.3807 0.9016
vn -0.2054 0.3806 0.9017
vn -0.2053 0.3806 0.9017
vn -0.3188 0.3806 0.8680
vn -0.3188 0.3807 0.8680
vn 0.7945 0.6073 -0.0000
vn 0.7880 0.6073 0.1018
vn 0.7880 0.6072 0.1018
vn 0.7685 0.6071 0.2019
vn 0.7685 0.6072 0.2019
vn 0.7363 0.6071 0.2987
vn 0.7364 0.6071 0.2987
vn 0.7364 0.6070 0.2987
vn 0.6921 0.6070 0.3906
vn 0.6365 0.6069 0.4760
vn 0.5704 0.6068 0.5535
vn 0.4950 0.6067 0.6220
vn 0.4115 0.6066 0.6802
vn 0.3213 0.6066 0.7272
vn 0.3213 0.6065 0.7273
vn 0.2258 0.6064 0.7624
vn 0.2258 0.6065 0.7624
vn 0.1266 0.6064 0.7850
vn 0.1267 0.6064 0.7850
vn 0.0255 0.6063 0.7948
vn 0.0254 0.6063 0.7948
vn 0.0254 0.6064 0.7947
vn -0.0762 0.6064 0.7915
vn -0.1766 0.6064 0.7753
vn 0.9168 0.3813 -0.1185
vn 0.8941 0.3813 -0.2349
vn 0.8567 0.3813 -0.3476
vn 0.8566 0.3813 -0.3475
vn 0.8051 0.3812 -0.4544
vn 0.8051 0.3811 -0.4544
vn 0.7404 0.3810 -0.5537
vn 0.6635 0.3809 -0.6439
vn 0.5758 0.3808 -0.7235
vn 0.4786 0.3808 -0.7912
vn 0.4786 0.3808 -0.7911
vn 0.3736 0.3808 -0.8458
vn 0.3736 0.3807 -0.8458
vn 0.2626 0.3807 -0.8866
vn 0.2626 0.3806 -0.8867
vn 0.1473 0.3806 -0.9129
vn 0.1473 0.3807 -0.9129
vn 0.0296 0.3807 -0.9242
vn 0.6104 0.7921 -0.0000
vn 0.6054 0.7921 0.0782
vn 0.6053 0.7921 0.0782
vn 0.5904 0.7921 0.1551
vn 0.5657 0.7920 0.2295
vn 0.5657 0.7921 0.2295
vn 0.5317 0.7920 0.3001
vn 0.4890 0.7919 0.3657
vn 0.4383 0.7918 0.4254
vn 0.3804 0.7917 0.4780
vn 0.3804 0.7918 0.4780
vn 0.3804 0.7918 0.4779
vn 0.3162 0.7917 0.5227
vn 0.3162 0.7917 0.5228
vn 0.2469 0.7916 0.5589
vn 0.1735 0.7916 0.5859
vn 0.0973 0.7916 0.6033
vn 0.0195 0.7915 0.6108
vn -0.0586 0.7915 0.6083
vn 0.7880 0.6072 -0.1018
vn 0.7685 0.6071 -0.2020
vn 0.7685 0.6072 -0.2019
vn 0.7363 0.6071 -0.2987
vn 0.7364 0.6071 -0.2987
vn 0.6921 0.6070 -0.3906
vn 0.6365 0.6069 -0.4760
vn 0.6364 0.6070 -0.4760
vn 0.5704 0.6069 -0.5535
vn 0.5704 0.6068 -0.5535
vn 0.5704 0.6068 -0.5536
vn 0.4950 0.6067 -0.6220
vn 0.4115 0.6067 -0.6802
vn 0.4115 0.6066 -0.6802
vn 0.3213 0.6065 -0.7273
vn 0.2258 0.6065 -0.7624
vn 0.1266 0.6064 -0.7850
vn 0.1267 0.6064 -0.7850
vn 0.0254 0.6064 -0.7948
vn 0.3840 0.9233 -0.0000
vn 0.3809 0.9233 0.0492
vn 0.3715 0.9233 0.0976
vn 0.3560 0.9233 0.1444
vn 0.3346 0.9232 0.1888
vn 0.3078 0.9232 0.2302
vn 0.3077 0.9232 0.2302
vn 0.2758 0.9232 0.2677
vn 0.2394 0.9231 0.3008
vn 0.1990 0.9231 0.3290
vn 0.1554 0.9231 0.3518
vn 0.1092 0.9230 0.3689
vn 0.1092 0.9230 0.3688
vn 0.0613 0.9230 0.3798
vn 0.0123 0.9230 0.3846
vn 0.0123 0.9230 0.3845
vn 0.6054 0.7921 -0.0782
vn 0.6053 0.7921 -0.0782
vn 0.5903 0.7921 -0.1551
vn 0.5904 0.7921 -0.1551
vn 0.5657 0.7920 -0.2295
vn 0.5317 0.7920 -0.3001
vn 0.4890 0.7919 -0.3657
vn 0.4383 0.7918 -0.4253
vn 0.3804 0.7917 -0.4780
vn 0.3162 0.7917 -0.5228
vn 0.3162 0.7917 -0.5227
vn 0.2469 0.7916 -0.5589
vn 0.1735 0.7916 -0.5859
vn 0.1735 0.7915 -0.5860
vn 0.0973 0.7915 -0.6034
vn 0.0973 0.7915 -0.6033
vn 0.0195 0.7915 -0.6109
vn 0.0196 0.7915 -0.6108
vn 0.3809 0.9233 -0.0492
vn 0.3715 0.9233 -0.0976
vn 0.3560 0.9233 -0.1444
vn 0.3346 0.9232 -0.1888
vn 0.3077 0.9232 -0.2302
vn 0.2758 0.9232 -0.2677
vn 0.2394 0.9231 -0.3008
vn 0.2394 0.9232 -0.3008
vn 0.1990 0.9231 -0.3290
vn 0.1554 0.9231 -0.3518
vn 0.1092 0.9231 -0.3688
vn 0.0613 0.9230 -0.3798
vn 0.0123 0.9230 -0.3846
vn 0.0123 0.9230 -0.3845
vn 0.9979 -0.0000 -0.0642
vn 0.9979 -0.0000 0.0642
vn 0.9815 -0.0000 0.1915
vn 0.9815 -0.0000 0.1916
vn 0.9489 -0.0000 0.3157
vn 0.9006 -0.0000 0.4346
vn 0.8376 -0.0000 0.5463
vn 0.7608 -0.0000 0.6490
vn 0.6715 -0.0000 0.7410
vn 0.5713 -0.0000 0.8207
vn 0.4618 -0.0000 0.8870
vn 0.3447 -0.0000 0.9387
vn 0.2221 -0.0000 0.9750
vn 0.0958 -0.0000 0.9954
vn -0.0320 -0.0000 0.9995
vn -0.1593 -0.0000 0.9872
vn -0.2840 -0.0000 0.9588
vn -0.4041 -0.0000 0.9147
vn -0.5176 -0.0000 0.8556
vn -0.6227 -0.0000 0.7825
vn -0.7176 -0.0000 0.6965
vn -0.7176 -0.0000 0.6964
vn -0.8008 -0.0000 0.5989
vn -0.8709 -0.0000 0.4915
vn -0.9266 -0.0000 0.3760
vn -0.9672 -0.0000 0.2541
vn -0.9918 -0.0000 0.1281
vn -1.0000 -0.0000 -0.0000
vn -0.9918 -0.0000 -0.1281
vn -0.9672 -0.0000 -0.2542
vn -0.9266 -0.0000 -0.3759
vn -0.9266 -0.0000 -0.3760
vn -0.8709 -0.0000 -0.4915
vn -0.8008 -0.0000 -0.5989
vn -0.7176 -0.0000 -0.6964
vn -0.6227 -0.0000 -0.7825
vn -0.5176 -0.0000 -0.8556
vn -0.4041 -0.0000 -0.9147
vn -0.2840 -0.0000 -0.9588
vn -0.1593 -0.0000 -0.9872
vn -0.0320 -0.0000 -0.9995
vn 0.0958 -0.0000 -0.9954
vn 0.2221 -0.0000 -0.9750
vn 0.3447 -0.0000 -0.9387
vn 0.4618 -0.0000 -0.8870
vn 0.5713 -0.0000 -0.8207
vn 0.6715 -0.0000 -0.7410
vn 0.7608 -0.0000 -0.6490
vn 0.8376 -0.0000 -0.5463
vn 0.9006 -0.0000 -0.4346
vn 0.9489 -0.0000 -0.3157
vn 0.9815 -0.0000 -0.1916
vn -0.9894 0.1299 -0.0650
vn -0.9894 0.1299 0.0650
vn -0.1313 0.9913 0.0088
vn -0.1323 0.9912 0.0091
vn -0.7657 0.1979 -0.6119
vn -0.5551 0.1617 -0.8159
vn -0.1548 0.6064 -0.7799
vn 0.5551 0.1618 -0.8159
vn 0.1548 0.6063 -0.7800
vn 0.1961 0.7916 -0.5788
vn 0.2551 0.6064 -0.7531
vn 0.4274 0.1618 -0.8895
vn 0.7657 0.1979 -0.6120
vn 0.9894 0.1300 -0.0650
vn 0.9894 0.1300 0.0650
vn 0.0864 0.9914 0.0981
vn 0.0733 0.9913 0.1096
vn 0.0741 0.9911 0.1103
vn 0.0583 0.9911 0.1196
vn 0.4083 0.3808 0.8297
vn 0.4275 0.1617 0.8895
vn 0.8753 0.3812 0.2977
vn 0.4587 0.7919 0.4031
vn 0.5970 0.6068 0.5247
vn 0.6678 0.1845 0.7211
vn -0.4272 0.1621 0.8895
vn -0.6678 0.1845 0.7212
vn -0.8753 0.3811 0.2977
vn -0.5986 0.7921 0.1193
vn -0.9065 0.3815 0.1807
vn -0.1011 0.9901 0.0978
vn -0.2551 0.6065 0.7531
vn -0.0519 0.6064 0.7934
vn -0.0749 0.9230 0.3774
vn 0.1548 0.6064 0.7800
vn 0.0241 0.9908 0.1328
vn 0.1234 0.9230 0.3643
vn 0.7928 0.6072 0.0521
vn 0.9065 0.3815 -0.1807
vn 0.5987 0.7921 -0.1193
vn 0.7523 0.6072 -0.2559
vn -0.5130 0.3807 -0.7693
vn -0.3445 0.9232 -0.1702
vn -0.1309 0.9910 -0.0275
vn 0.5704 0.0559 0.8194
vn 0.5070 0.2018 0.8380
vn 0.4611 0.0560 0.8856
vn -0.4035 0.0559 0.9133
vn -0.4523 0.2017 0.8688
vn -0.6577 0.2018 0.7257
vn -0.7451 0.2020 0.6356
vn -0.9612 0.2021 0.1876
vn -0.9773 0.2022 -0.0629
vn -0.9612 0.2021 -0.1876
vn -0.9656 0.0560 -0.2537
vn -0.4523 0.2017 -0.8688
vn -0.4035 0.0559 -0.9133
vn 0.4610 0.0559 -0.8856
vn 0.5070 0.2018 -0.8380
vn 0.0042 0.9914 -0.1306
vn -0.0129 0.9915 -0.1295
vn -0.0127 0.9914 -0.1305
vn 0.0542 0.9911 0.1212
vn 0.0212 0.9913 0.1297
vn -0.0127 0.9914 0.1306
vn -0.3671 0.6066 0.7052
vn -0.5283 0.3809 0.7589
vn -0.3671 0.6065 0.7053
vn -0.4542 0.6067 0.6525
vn -0.5338 0.6067 0.5890
vn -0.6209 0.3810 0.6851
vn -0.0621 0.9911 0.1178
vn -0.6047 0.6068 0.5159
vn -0.7157 0.6071 0.3454
vn -0.3460 0.9232 0.1670
vn -0.3833 0.9233 0.0246
vn -0.3833 0.9233 0.0247
vn -0.3833 0.9233 -0.0247
vn -0.6047 0.6068 -0.5159
vn -0.5282 0.3809 -0.7589
vn -0.4542 0.6067 -0.6525
vn -0.3490 0.7918 -0.5013
vn -0.3491 0.7917 -0.5014
vn -0.3671 0.6065 -0.7052
vn -0.0621 0.9911 -0.1178
vn -0.0461 0.9912 -0.1242
vn 0.8566 0.3813 0.3475
vn 0.8567 0.3812 0.3476
vn 0.5758 0.3809 0.7235
vn 0.3735 0.3811 0.8457
vn 0.5704 0.6068 0.5536
vn 0.4115 0.6067 0.6802
vn 0.3212 0.6066 0.7272
vn 0.8566 0.3813 -0.3476
vn 0.7404 0.3811 -0.5537
vn 0.5903 0.7921 0.1551
vn 0.3559 0.9233 -0.1444
vn 0.3346 0.9233 -0.1888
vn -0.4082 0.3809 -0.8296
vn 0.0241 0.9908 -0.1328
vn 0.0741 0.9911 -0.1104
vn 0.5130 0.3807 -0.7694
vn 0.5501 0.1298 -0.8249
vn -0.4274 0.1618 -0.8895
vn 0.1234 0.9230 -0.3643
vn 0.4083 0.3806 -0.8297
vn 0.4083 0.3810 -0.8295
vn 0.7523 0.6072 0.2559
vn 0.1079 0.9916 0.0709
vn 0.0741 0.9911 0.1104
vn 0.7125 0.6070 0.3521
vn 0.2532 0.9231 0.2893
vn 0.8477 0.2024 0.4904
vn 0.8286 0.0742 0.5548
vn 0.7657 0.1979 0.6119
vn 0.6677 0.1845 0.7212
vn -0.4587 0.7918 0.4031
vn -0.1310 0.9910 0.0275
vn -0.6677 0.1845 0.7212
vn -0.7485 0.0835 0.6578
vn -0.7125 0.6070 0.3521
vn -0.7657 0.1979 0.6119
vn -0.8286 0.0742 0.5548
vn -0.8477 0.2024 0.4904
vn -0.7523 0.6072 0.2559
vn -0.9066 0.3815 0.1807
vn -0.2532 0.9231 0.2893
vn 0.0074 0.9916 0.1291
vn 0.9065 0.3816 -0.1806
vn 0.5779 0.7920 -0.1966
vn 0.5779 0.7921 -0.1966
vn 0.5473 0.7920 -0.2705
vn 0.6088 0.3811 -0.6957
vn -0.0749 0.9230 -0.3773
vn -0.4083 0.3806 -0.8297
vn -0.0146 0.9901 -0.1392
vn -0.0528 0.9900 -0.1311
vn -0.1011 0.9900 -0.0978
vn -0.5473 0.7920 -0.2705
vn -0.9065 0.3815 -0.1806
vn -0.5779 0.7921 -0.1966
vn -0.5987 0.7921 -0.1193
vn -0.7928 0.6072 -0.0521
vn 0.9799 0.0560 0.1912
vn 0.5704 0.0560 0.8194
vn 0.5069 0.2018 0.8380
vn -0.2175 0.2018 0.9550
vn -0.2836 0.0560 0.9573
vn -0.9656 0.0561 -0.2537
vn -0.8695 0.0559 -0.4907
vn -0.8203 0.2019 -0.5351
vn -0.3376 0.2018 -0.9194
vn -0.2835 0.0557 -0.9574
vn -0.2175 0.2018 -0.9550
vn -0.1590 0.0560 -0.9857
vn -0.0939 0.2018 -0.9749
vn -0.0319 0.0560 -0.9979
vn 0.0313 0.2017 -0.9789
vn 0.0957 0.0560 -0.9938
vn 0.1560 0.2018 -0.9669
vn 0.5704 0.0559 -0.8195
vn 0.8529 0.2019 -0.4814
vn 0.9075 0.2021 -0.3682
vn 0.0542 0.9911 -0.1212
vn 0.0043 0.9915 -0.1302
vn 0.0043 0.9914 -0.1306
vn -0.0129 0.9915 -0.1293
vn -0.0886 0.3805 -0.9205
vn -0.2741 0.6066 0.7463
vn -0.4270 0.3807 0.8202
vn -0.1326 0.9230 0.3611
vn -0.6209 0.3812 0.6850
vn -0.6209 0.3813 0.6849
vn -0.6208 0.3812 0.6850
vn -0.4101 0.7918 0.4526
vn -0.6047 0.6068 0.5158
vn -0.6656 0.6069 0.4342
vn -0.1165 0.9903 0.0760
vn -0.7800 0.6069 -0.1522
vn -0.3769 0.9233 -0.0736
vn -0.4543 0.6064 -0.6526
vn -0.3187 0.3807 -0.8680
vn -0.3188 0.3806 -0.8680
vn -0.2821 0.7916 -0.5419
vn -0.2054 0.3806 -0.9017
vn -0.2106 0.7916 -0.5736
vn -0.0458 0.9917 -0.1204
vn 0.8051 0.3811 0.4544
vn 0.7404 0.3810 0.5537
vn 0.6635 0.3809 0.6439
vn 0.4786 0.3807 0.7912
vn 0.3737 0.3807 0.8459
vn 0.3736 0.3807 0.8458
vn -0.2054 0.3806 0.9016
vn 0.6364 0.6070 0.4760
vn 0.5704 0.6069 0.5535
vn 0.4114 0.6067 0.6802
vn 0.0254 0.6064 0.7948
vn -0.1766 0.6065 0.7753
vn 0.8567 0.3812 -0.3476
vn 0.8567 0.3812 -0.3475
vn 0.6635 0.3810 -0.6439
vn 0.5758 0.3809 -0.7235
vn 0.0296 0.3806 -0.9243
vn 0.4383 0.7918 0.4253
vn 0.1736 0.7916 0.5859
vn 0.1736 0.7915 0.5859
vn 0.0973 0.7915 0.6034
vn 0.0973 0.7915 0.6033
vn 0.0195 0.7915 0.6109
vn 0.1093 0.9230 0.3689
vn 0.1093 0.9230 0.3688
vn 0.1092 0.9231 0.3688
vn 0.4383 0.7918 -0.4254
vn 0.0613 0.9231 -0.3798
vn -0.9672 -0.0000 0.2542
vn 0.5069 0.2019 0.8380
vn 0.4612 0.0557 0.8856
vn -0.2836 0.0559 0.9573
vn 0.8992 0.0560 -0.4340
vn 0.0213 0.9916 -0.1280
vn 0.0042 0.9914 -0.1308
vn -0.0886 0.3810 -0.9203
vn -0.3671 0.6066 0.7051
vn -0.4646 0.7919 0.3964
vn -0.7744 0.3811 0.5051
vn -0.0908 0.9910 0.0988
vn -0.8772 0.3812 -0.2918
vn -0.5499 0.7920 -0.2653
vn -0.6047 0.6069 -0.5159
vn -0.5339 0.6067 -0.5890
vn -0.2821 0.7917 -0.5419
vn 0.8052 0.3811 0.4544
vn 0.8941 0.3813 -0.2350
vn 0.7364 0.6070 -0.2987
vn 0.3559 0.9233 0.1444
vn 0.5317 0.7919 -0.3001
vn -0.5501 0.1298 -0.8249
vn 0.5130 0.3810 -0.7692
vn 0.0749 0.9230 -0.3773
vn 0.7525 0.6068 0.2559
vn 0.0583 0.9911 0.1194
vn 0.9065 0.3815 0.1806
vn 0.3390 0.7917 0.5083
vn 0.7485 0.0835 0.6578
vn -0.3193 0.1023 0.9421
vn -0.7793 0.6072 0.1553
vn -0.2967 0.3808 0.8758
vn 0.2967 0.3808 0.8758
vn 0.7793 0.6072 0.1553
vn 0.8752 0.3812 -0.2978
vn -0.9224 0.3814 0.0606
vn -0.9224 0.3813 0.0606
vn -0.8286 0.0742 -0.5548
vn -0.4083 0.3808 -0.8297
vn 0.0581 0.9913 -0.1183
vn 0.0583 0.9911 -0.1196
vn 0.0741 0.9911 -0.1103
vn 0.0734 0.9913 -0.1097
vn 0.4411 0.6066 -0.6615
vn 0.5130 0.3809 -0.7693
vn -0.4273 0.1620 -0.8895
vn -0.3192 0.1020 -0.9422
vn -0.1801 0.3807 -0.9070
vn -0.0519 0.6064 -0.7934
vn -0.0399 0.7915 -0.6098
vn 0.0399 0.7915 -0.6098
vn -0.2891 0.1842 -0.9394
vn -0.0604 0.3806 -0.9227
vn -0.0603 0.3807 -0.9227
vn -0.0519 0.6063 -0.7936
vn 0.0519 0.6063 -0.7936
vn 0.1234 0.9231 -0.3643
vn -0.0603 0.3808 -0.9227
vn 0.0604 0.3807 -0.9227
vn 0.1800 0.3807 -0.9070
vn 0.1801 0.3807 -0.9070
vn 0.3511 0.6065 -0.7133
vn 0.2891 0.1842 -0.9394
vn 0.3192 0.1020 -0.9422
vn 0.4083 0.3808 -0.8297
vn 0.4275 0.1616 -0.8895
vn 0.6551 0.1024 -0.7486
vn 0.6677 0.1845 -0.7212
vn 0.8286 0.0742 -0.5548
vn 0.9224 0.3813 0.0606
vn 0.9066 0.3812 0.1807
vn 0.3510 0.6066 0.7134
vn 0.4275 0.1616 0.8895
vn 0.8752 0.3813 0.2977
vn 0.7682 0.3812 0.5144
vn 0.6678 0.1840 0.7212
vn 0.6089 0.3810 0.6958
vn 0.5129 0.3809 0.7693
vn 0.5130 0.3809 0.7693
vn 0.2891 0.1842 0.9394
vn -0.2891 0.1842 0.9394
vn -0.4275 0.1616 0.8895
vn -0.5130 0.3809 0.7693
vn -0.7682 0.3812 0.5144
vn -0.8752 0.3813 0.2977
vn -0.9066 0.3812 0.1807
vn -0.4083 0.3808 0.8297
vn -0.3510 0.6065 0.7134
vn -0.3510 0.6066 0.7133
vn -0.0519 0.6063 0.7935
vn -0.0399 0.7914 0.6099
vn 0.0519 0.6063 0.7935
vn -0.0399 0.7915 0.6098
vn 0.0399 0.7915 0.6098
vn 0.2551 0.6065 0.7531
vn 0.1960 0.7916 0.5788
vn 0.1961 0.7916 0.5788
vn 0.0248 0.9919 0.1248
vn 0.9224 0.3814 0.0606
vn 0.9224 0.3814 -0.0606
vn 0.9224 0.3813 -0.0606
vn 0.9066 0.3812 -0.1807
vn 0.8288 0.3813 -0.4096
vn 0.7682 0.3812 -0.5144
vn 0.6089 0.3810 -0.6958
vn 0.4587 0.7919 -0.4031
vn -0.3510 0.6065 -0.7134
vn -0.3511 0.6065 -0.7134
vn -0.5129 0.3809 -0.7693
vn -0.1234 0.9231 -0.3643
vn -0.4411 0.6066 -0.6615
vn -0.5131 0.3807 -0.7693
vn -0.6089 0.3810 -0.6958
vn -0.7682 0.3812 -0.5144
vn -0.4587 0.7918 -0.4032
vn -0.9066 0.3812 -0.1807
vn -0.9224 0.3813 -0.0606
vn -0.9224 0.3814 -0.0606
vn -0.1324 0.9912 -0.0091
vn 0.0583 0.9911 -0.1195
vn 0.0740 0.9911 -0.1103
vn 0.5130 0.3809 -0.7692
vn -0.4273 0.1619 -0.8895
vn 0.0603 0.3806 -0.9227
vn 0.4272 0.1621 -0.8895
vn 0.1027 0.9909 0.0872
vn 0.3511 0.6065 0.7133
vn 0.8940 0.0742 0.4418
vn 0.7486 0.0831 0.6578
vn 0.3192 0.1023 0.9421
vn -0.6678 0.1842 0.7212
vn -0.1961 0.7916 0.5788
vn -0.1190 0.7915 0.5994
vn 0.0604 0.3806 0.9227
vn 0.0519 0.6063 0.7936
vn 0.4588 0.7919 -0.4031
vn 0.6090 0.3806 -0.6959
vn 0.0865 0.9914 -0.0981
vn -0.3510 0.6066 -0.7134
vn -0.4587 0.7919 -0.4032
vn 0.9713 0.2020 0.1255
vn 0.8992 0.0560 0.4340
vn 0.7843 0.2019 0.5866
vn 0.6099 0.2017 0.7664
vn 0.1560 0.2017 0.9669
vn 0.0957 0.0559 0.9938
vn -0.0319 0.0560 0.9979
vn -0.1590 0.0560 0.9857
vn -0.2835 0.0560 0.9573
vn -0.3376 0.2018 0.9194
vn -0.4035 0.0560 0.9133
vn -0.4523 0.2018 0.8687
vn -0.6217 0.0560 0.7813
vn -0.7451 0.2019 0.6356
vn -0.8203 0.2019 0.5351
vn -0.8695 0.0559 0.4907
vn -0.8821 0.2020 0.4257
vn -0.9656 0.0560 0.2538
vn -0.7451 0.2019 -0.6357
vn -0.6217 0.0560 -0.7813
vn -0.5168 0.0560 -0.8543
vn -0.4523 0.2019 -0.8687
vn -0.4034 0.0560 -0.9133
vn -0.2835 0.0560 -0.9573
vn 0.2217 0.0559 -0.9735
vn 0.2781 0.2017 -0.9391
vn 0.3442 0.0559 -0.9372
vn 0.3958 0.2018 -0.8959
vn 0.4611 0.0560 -0.8856
vn 0.5069 0.2018 -0.8380
vn 0.5704 0.0560 -0.8194
vn 0.6099 0.2018 -0.7664
vn 0.6705 0.0559 -0.7398
vn 0.7843 0.2019 -0.5866
vn 0.9799 0.0560 -0.1912
vn 0.9713 0.2020 -0.1255
vn 0.0682 0.9918 -0.1085
vn 0.0043 0.9914 -0.1305
vn -0.0126 0.9913 -0.1311
vn 0.1095 0.9924 0.0554
vn 0.0681 0.9918 0.1084
vn 0.0213 0.9916 0.1280
vn -0.0126 0.9913 0.1312
vn -0.0369 0.9230 0.3829
vn -0.0854 0.9231 0.3750
vn -0.0854 0.9231 0.3751
vn -0.1357 0.7915 0.5959
vn -0.2107 0.7915 0.5737
vn -0.2741 0.6063 0.7465
vn -0.1326 0.9231 0.3610
vn -0.7034 0.3811 0.6000
vn -0.7743 0.3812 0.5051
vn -0.4101 0.7918 0.4525
vn -0.8326 0.3813 0.4018
vn -0.2924 0.9232 0.2495
vn -0.8772 0.3813 0.2919
vn -0.8772 0.3813 0.2918
vn -0.9073 0.3813 0.1770
vn -0.9226 0.3813 0.0594
vn -0.9225 0.3813 0.0594
vn -0.9226 0.3813 -0.0594
vn -0.9074 0.3813 -0.1771
vn -0.8772 0.3813 -0.2918
vn -0.7540 0.6071 -0.2508
vn -0.7539 0.6072 -0.2508
vn -0.7156 0.6071 -0.3454
vn -0.7034 0.3811 -0.6000
vn -0.4646 0.7919 -0.3963
vn -0.4270 0.3807 -0.8202
vn -0.2582 0.9232 -0.2848
vn -0.2054 0.3806 -0.9016
vn -0.0620 0.9911 -0.1178
vn -0.1357 0.7916 -0.5958
vn -0.1357 0.7915 -0.5958
vn -0.0854 0.9230 -0.3751
vn 0.9244 0.3813 -0.0000
vn 0.9168 0.3814 0.1185
vn 0.8941 0.3814 0.2349
vn 0.8567 0.3810 0.3477
vn 0.5758 0.3810 0.7235
vn 0.5757 0.3810 0.7235
vn 0.4786 0.3809 0.7911
vn 0.3736 0.3808 0.8458
vn -0.0886 0.3807 0.9205
vn -0.2053 0.3806 0.9016
vn 0.9168 0.3814 -0.1185
vn 0.8941 0.3814 -0.2349
vn 0.8567 0.3810 -0.3477
vn 0.5757 0.3809 -0.7235
vn 0.3737 0.3808 -0.8458
vn 0.1735 0.7915 0.5859
vn 0.1735 0.7915 0.5860
vn 0.0196 0.7915 0.6109
vn -0.0586 0.7915 0.6084
vn 0.7685 0.6071 -0.2019
vn 0.0254 0.6064 -0.7947
vn 0.3346 0.9232 0.1889
vn 0.2759 0.9232 0.2677
vn 0.2394 0.9231 0.3009
vn 0.2394 0.9232 0.3008
vn 0.5657 0.7921 -0.2295
vn 0.3804 0.7918 -0.4780
vn 0.0196 0.7915 -0.6109
vn 0.2394 0.9231 -0.3009
vn -0.9266 -0.0000 0.3759
vn 0.9815 -0.0000 -0.1915
vn 0.4610 0.0560 0.8856
vn -0.0939 0.2018 0.9749
vn -0.5596 0.2018 0.8039
vn -0.7996 0.0559 0.5980
vn -0.9293 0.2020 0.3092
vn -0.9656 0.0560 -0.2538
vn -0.8821 0.2019 -0.4257
vn -0.7996 0.0559 -0.5980
vn -0.4523 0.2018 -0.8687
vn 0.4610 0.0560 -0.8856
vn 0.5069 0.2019 -0.8380
vn 0.0042 0.9914 -0.1307
vn 0.0043 0.9914 0.1306
vn -0.3671 0.6064 0.7054
vn -0.2822 0.7916 0.5420
vn -0.7033 0.3811 0.6000
vn -0.9073 0.3814 0.1771
vn -0.9073 0.3814 -0.1771
vn -0.7034 0.3811 -0.6001
vn -0.5498 0.7920 -0.2653
vn -0.6209 0.3810 -0.6851
vn -0.2924 0.9232 -0.2495
vn 0.8566 0.3813 0.3476
vn 0.7685 0.6071 0.2020
vn 0.8568 0.3810 -0.3474
vn 0.3162 0.7916 0.5228
vn 0.3346 0.9233 0.1888
vn -0.9914 -0.0000 -0.1309
vn -0.9236 -0.0000 -0.3832
vn -0.9236 -0.0000 -0.3833
vn -0.7928 -0.0000 -0.6095
vn -0.6077 -0.0000 -0.7942
vn -0.3821 -0.0000 -0.9241
vn -0.1302 -0.0000 -0.9915
vn -0.1305 -0.0000 -0.9914
vn -0.1304 -0.0000 -0.9915
vn -0.1303 -0.0000 -0.9915
vn -0.3818 -0.0000 -0.9243
vn -0.9914 -0.0000 -0.1308
vn -0.7927 -0.0000 -0.6096
vn -0.3817 -0.0000 -0.9243
vn -0.6079 -0.0000 -0.7940
vn -0.6080 -0.0000 -0.7939
vn -0.7927 -0.0000 -0.6095
vn -0.1300 -0.0000 -0.9915
vn -0.1301 -0.0000 -0.9915
vn -0.0000 1.0000 0.0001
vn -0.0000 1.0000 -0.0001
vn -0.1304 -0.0000 0.9915
vn -0.1303 -0.0000 0.9915
vn -0.3821 -0.0000 0.9241
vn -0.6079 -0.0000 0.7940
vn -0.7927 -0.0000 0.6097
vn -0.9237 -0.0000 0.3831
vn -0.9914 -0.0000 0.1310
vn -0.9914 -0.0000 0.1309
vn -0.9914 -0.0000 0.1306
vn -0.9236 -0.0000 0.3833
vn -0.7928 -0.0000 0.6095
vn -0.6077 -0.0000 0.7942
vn -0.3818 -0.0000 0.9243
vn -0.1302 -0.0000 0.9915
vn -0.9236 -0.0000 0.3832
vn -0.6078 -0.0000 0.7941
vn -0.7927 -0.0000 0.6096
vn -0.1305 -0.0000 0.9914
vn -0.1301 -0.0000 0.9915
vn -0.1300 -0.0000 0.9915
vn 0.1304 -0.0000 -0.9915
vn 0.1303 -0.0000 -0.9915
vn 0.3821 -0.0000 -0.9241
vn 0.3818 -0.0000 -0.9243
vn 0.6077 -0.0000 -0.7942
vn 0.7928 -0.0000 -0.6095
vn 0.9236 -0.0000 -0.3832
vn 0.9914 -0.0000 -0.1309
vn 0.9914 -0.0000 -0.1308
vn 0.9236 -0.0000 -0.3833
vn 0.1302 -0.0000 -0.9915
vn 0.7927 -0.0000 -0.6096
vn 0.9914 -0.0000 -0.1306
vn 0.6076 -0.0000 -0.7942
vn 0.6080 -0.0000 -0.7939
vn 0.1305 -0.0000 -0.9914
vn 0.1301 -0.0000 -0.9915
vn 0.1300 -0.0000 -0.9915
vn 1.0000 -0.0000 -0.0000
vn 0.9914 -0.0000 0.1309
vn 0.9237 -0.0000 0.3831
vn 0.7927 -0.0000 0.6097
vn 0.6079 -0.0000 0.7940
vn 0.3821 -0.0000 0.9241
vn 0.1301 -0.0000 0.9915
vn 0.1305 -0.0000 0.9914
vn 0.1304 -0.0000 0.9915
vn 0.1303 -0.0000 0.9915
vn 0.3818 -0.0000 0.9243
vn 0.6077 -0.0000 0.7942
vn 0.6079 -0.0000 0.7941
vn 0.7928 -0.0000 0.6095
vn 0.9236 -0.0000 0.3832
vn 0.9236 -0.0000 0.3833
vn 0.9914 -0.0000 0.1306
vn 0.3817 -0.0000 0.9243
vn 0.6080 -0.0000 0.7939
vn 0.7927 -0.0000 0.6095
vn 0.7927 -0.0000 0.6096
vn 0.9914 -0.0000 0.1310
vn 0.1300 -0.0000 0.9915
vn 0.9982 -0.0001 -0.0601
vn 0.9982 -0.0000 -0.0594
vn 0.9982 -0.0000 -0.0600
vn 0.9982 -0.0000 0.0600
vn 0.9982 -0.0000 0.0594
vn 0.9982 -0.0001 0.0601
vn 0.9982 -0.0000 0.0605
vn 0.9840 -0.0000 0.1783
vn 0.9842 0.0001 0.1772
vn 0.9837 -0.0001 0.1797
vn 0.9836 -0.0000 0.1806
vn 0.9558 -0.0000 0.2942
vn 0.9562 0.0002 0.2926
vn 0.9550 -0.0001 0.2965
vn 0.9545 -0.0000 0.2981
vn 0.9139 -0.0000 0.4058
vn 0.9148 0.0002 0.4039
vn 0.9125 -0.0002 0.4091
vn 0.9116 -0.0000 0.4111
vn 0.8591 -0.0000 0.5118
vn 0.8606 0.0003 0.5093
vn 0.8568 -0.0002 0.5157
vn 0.8553 -0.0000 0.5181
vn 0.7921 -0.0000 0.6104
vn 0.7942 0.0004 0.6076
vn 0.7887 -0.0002 0.6148
vn 0.7866 -0.0000 0.6175
vn 0.7168 0.0004 0.6973
vn 0.7064 -0.0000 0.7079
vn 0.7064 -0.0005 0.7079
vn 0.6293 0.0005 0.7772
vn 0.6159 -0.0000 0.7878
vn 0.6159 -0.0006 0.7878
vn 0.5330 0.0006 0.8461
vn 0.5166 -0.0000 0.8563
vn 0.5166 -0.0006 0.8563
vn 0.4293 0.0006 0.9032
vn 0.4097 -0.0000 0.9122
vn 0.4097 -0.0007 0.9122
vn 0.3197 0.0007 0.9475
vn 0.2969 -0.0000 0.9549
vn 0.2969 -0.0007 0.9549
vn 0.2056 0.0007 0.9786
vn 0.1799 -0.0000 0.9837
vn 0.1799 -0.0008 0.9837
vn 0.0886 0.0008 0.9961
vn 0.0603 -0.0000 0.9982
vn 0.0603 -0.0008 0.9982
vn -0.0296 0.0008 0.9996
vn -0.0603 -0.0000 0.9982
vn -0.0603 -0.0009 0.9982
vn -0.1473 0.0008 0.9891
vn -0.1799 -0.0000 0.9837
vn -0.1799 -0.0009 0.9837
vn -0.2631 0.0009 0.9648
vn -0.2969 -0.0000 0.9549
vn -0.2969 -0.0009 0.9549
vn -0.3751 0.0009 0.9270
vn -0.4097 -0.0000 0.9122
vn -0.4097 -0.0010 0.9122
vn -0.4820 0.0009 0.8762
vn -0.5166 -0.0000 0.8563
vn -0.5166 -0.0010 0.8563
vn -0.5822 0.0010 0.8131
vn -0.6159 -0.0000 0.7878
vn -0.6159 -0.0010 0.7878
vn -0.6742 0.0010 0.7385
vn -0.7064 -0.0000 0.7079
vn -0.7064 -0.0010 0.7079
vn -0.7568 0.0010 0.6536
vn -0.7866 -0.0000 0.6175
vn -0.7866 -0.0011 0.6175
vn -0.8289 0.0010 0.5595
vn -0.8553 -0.0000 0.5181
vn -0.8553 -0.0011 0.5181
vn -0.8893 0.0010 0.4574
vn -0.9116 -0.0000 0.4111
vn -0.9116 -0.0011 0.4111
vn -0.9372 0.0011 0.3488
vn -0.9545 -0.0000 0.2981
vn -0.9545 -0.0011 0.2981
vn -0.9719 0.0011 0.2354
vn -0.9836 -0.0000 0.1806
vn -0.9836 -0.0011 0.1806
vn -0.9930 0.0011 0.1185
vn -0.9982 -0.0000 0.0605
vn -0.9982 -0.0011 0.0605
vn -1.0000 0.0011 -0.0000
vn -0.9982 -0.0000 -0.0605
vn -0.9982 -0.0011 -0.0605
vn -0.9930 0.0011 -0.1185
vn -0.9836 -0.0000 -0.1806
vn -0.9836 -0.0011 -0.1806
vn -0.9719 0.0011 -0.2354
vn -0.9545 -0.0000 -0.2981
vn -0.9545 -0.0011 -0.2981
vn -0.9372 0.0011 -0.3488
vn -0.9116 -0.0000 -0.4111
vn -0.9116 -0.0011 -0.4111
vn -0.8893 0.0010 -0.4574
vn -0.8553 -0.0000 -0.5181
vn -0.8553 -0.0011 -0.5181
vn -0.8289 0.0010 -0.5595
vn -0.7866 -0.0000 -0.6175
vn -0.7866 -0.0011 -0.6175
vn -0.7568 0.0010 -0.6536
vn -0.7064 -0.0000 -0.7079
vn -0.7064 -0.0010 -0.7079
vn -0.6742 0.0010 -0.7385
vn -0.6159 -0.0000 -0.7878
vn -0.6159 -0.0010 -0.7878
vn -0.5822 0.0010 -0.8131
vn -0.5166 -0.0000 -0.8563
vn -0.5166 -0.0010 -0.8563
vn -0.4820 0.0009 -0.8762
vn -0.4097 -0.0000 -0.9122
vn -0.4097 -0.0010 -0.9122
vn -0.3751 0.0009 -0.9270
vn -0.2969 -0.0000 -0.9549
vn -0.2969 -0.0009 -0.9549
vn -0.2631 0.0009 -0.9648
vn -0.1799 -0.0000 -0.9837
vn -0.1799 -0.0009 -0.9837
vn -0.1473 0.0008 -0.9891
vn -0.0603 -0.0000 -0.9982
vn -0.0603 -0.0009 -0.9982
vn -0.0296 0.0008 -0.9996
vn 0.0603 -0.0000 -0.9982
vn 0.0603 -0.0008 -0.9982
vn 0.0886 0.0008 -0.9961
vn 0.1799 -0.0000 -0.9837
vn 0.1799 -0.0008 -0.9837
vn 0.2056 0.0007 -0.9786
vn 0.2969 -0.0000 -0.9549
vn 0.2969 -0.0007 -0.9549
vn 0.3197 0.0007 -0.9475
vn 0.4097 -0.0000 -0.9122
vn 0.4097 -0.0007 -0.9122
vn 0.4293 0.0006 -0.9032
vn 0.5166 -0.0000 -0.8563
vn 0.5166 -0.0006 -0.8563
vn 0.5330 0.0006 -0.8461
vn 0.6159 -0.0000 -0.7878
vn 0.6159 -0.0006 -0.7878
vn 0.6293 0.0005 -0.7772
vn 0.7064 -0.0000 -0.7079
vn 0.7064 -0.0005 -0.7079
vn 0.7168 0.0004 -0.6973
vn 0.7865 -0.0000 -0.6175
vn 0.7887 -0.0002 -0.6148
vn 0.7921 -0.0000 -0.6104
vn 0.7942 0.0004 -0.6076
vn 0.8553 -0.0000 -0.5181
vn 0.8568 -0.0002 -0.5157
vn 0.8591 -0.0000 -0.5118
vn 0.8606 0.0003 -0.5093
vn 0.9116 -0.0000 -0.4111
vn 0.9125 -0.0002 -0.4091
vn 0.9139 -0.0000 -0.4059
vn 0.9148 0.0002 -0.4039
vn 0.9545 -0.0000 -0.2981
vn 0.9550 -0.0001 -0.2965
vn 0.9558 -0.0000 -0.2941
vn 0.9562 0.0002 -0.2926
vn 0.9836 -0.0000 -0.1806
vn 0.9837 -0.0001 -0.1796
vn 0.9840 -0.0000 -0.1782
vn 0.9842 0.0001 -0.1772
vn 0.9982 -0.0000 -0.0605
vn 0.9982 0.0001 0.0601
vn 0.9982 0.0001 -0.0601
vn 0.9842 -0.0001 -0.1772
vn 0.9837 0.0001 -0.1796
vn 0.9562 -0.0002 -0.2926
vn 0.9550 0.0001 -0.2965
vn 0.9148 -0.0002 -0.4038
vn 0.9125 0.0002 -0.4091
vn 0.8606 -0.0003 -0.5093
vn 0.8568 0.0002 -0.5157
vn 0.7942 -0.0004 -0.6076
vn 0.7887 0.0002 -0.6148
vn 0.7168 -0.0004 -0.6973
vn 0.7064 0.0005 -0.7079
vn 0.6293 -0.0005 -0.7772
vn 0.6159 0.0006 -0.7878
vn 0.5330 -0.0006 -0.8461
vn 0.5166 0.0006 -0.8563
vn 0.4293 -0.0006 -0.9032
vn 0.4097 0.0007 -0.9122
vn 0.3197 -0.0007 -0.9475
vn 0.2969 0.0007 -0.9549
vn 0.2056 -0.0007 -0.9786
vn 0.1799 0.0008 -0.9837
vn 0.0886 -0.0008 -0.9961
vn 0.0603 0.0008 -0.9982
vn -0.0296 -0.0008 -0.9996
vn -0.0603 0.0009 -0.9982
vn -0.1473 -0.0008 -0.9891
vn -0.1799 0.0009 -0.9837
vn -0.2631 -0.0009 -0.9648
vn -0.2969 0.0009 -0.9549
vn -0.3751 -0.0009 -0.9270
vn -0.4097 0.0010 -0.9122
vn -0.4820 -0.0009 -0.8762
vn -0.5166 0.0010 -0.8563
vn -0.5822 -0.0010 -0.8131
vn -0.6159 0.0010 -0.7878
vn -0.6742 -0.0010 -0.7385
vn -0.7064 0.0010 -0.7079
vn -0.7568 -0.0010 -0.6536
vn -0.7866 0.0011 -0.6175
vn -0.8289 -0.0010 -0.5595
vn -0.8553 0.0011 -0.5181
vn -0.8893 -0.0010 -0.4574
vn -0.9116 0.0011 -0.4111
vn -0.9372 -0.0011 -0.3488
vn -0.9545 0.0011 -0.2981
vn -0.9719 -0.0011 -0.2354
vn -0.9836 0.0011 -0.1806
vn -0.9930 -0.0011 -0.1185
vn -0.9982 0.0011 -0.0605
vn -1.0000 -0.0011 -0.0000
vn -0.9982 0.0011 0.0605
vn -0.9930 -0.0011 0.1185
vn -0.9836 0.0011 0.1806
vn -0.9719 -0.0011 0.2354
vn -0.9545 0.0011 0.2981
vn -0.9372 -0.0011 0.3488
vn -0.9116 0.0011 0.4111
vn -0.8893 -0.0010 0.4574
vn -0.8553 0.0011 0.5181
vn -0.8289 -0.0010 0.5595
vn -0.7866 0.0011 0.6175
vn -0.7568 -0.0010 0.6536
vn -0.7064 0.0010 0.7079
vn -0.6742 -0.0010 0.7385
vn -0.6159 0.0010 0.7878
vn -0.5822 -0.0010 0.8131
vn -0.5166 0.0010 0.8563
vn -0.4820 -0.0009 0.8762
vn -0.4097 0.0010 0.9122
vn -0.3751 -0.0009 0.9270
vn -0.2969 0.0009 0.9549
vn -0.2631 -0.0009 0.9648
vn -0.1799 0.0009 0.9837
vn -0.1473 -0.0008 0.9891
vn -0.0603 0.0009 0.9982
vn -0.0296 -0.0008 0.9996
vn 0.0603 0.0008 0.9982
vn 0.0886 -0.0008 0.9961
vn 0.1799 0.0008 0.9837
vn 0.2056 -0.0007 0.9786
vn 0.2969 0.0007 0.9549
vn 0.3197 -0.0007 0.9475
vn 0.4097 0.0007 0.9122
vn 0.4293 -0.0006 0.9031
vn 0.5166 0.0006 0.8563
vn 0.5330 -0.0006 0.8461
vn 0.6159 0.0006 0.7878
vn 0.6293 -0.0005 0.7772
vn 0.7064 0.0005 0.7079
vn 0.7168 -0.0004 0.6973
vn 0.7887 0.0002 0.6148
vn 0.7942 -0.0004 0.6076
vn 0.8568 0.0002 0.5157
vn 0.8606 -0.0003 0.5093
vn 0.9125 0.0002 0.4091
vn 0.9148 -0.0002 0.4039
vn 0.9550 0.0001 0.2965
vn 0.9562 -0.0002 0.2926
vn 0.9837 0.0001 0.1796
vn 0.9842 -0.0001 0.1772
vn -0.9985 -0.0000 0.0542
vn -0.9985 -0.0000 -0.0542
vn -0.9868 -0.0000 -0.1621
vn -0.9634 -0.0000 -0.2680
vn -0.9287 -0.0000 -0.3708
vn -0.8831 -0.0000 -0.4692
vn -0.8271 -0.0000 -0.5620
vn -0.7615 -0.0000 -0.6482
vn -0.6869 -0.0000 -0.7267
vn -0.6044 -0.0000 -0.7967
vn -0.5148 -0.0000 -0.8573
vn -0.4192 -0.0000 -0.9079
vn -0.3187 -0.0000 -0.9479
vn -0.2146 -0.0000 -0.9767
vn -0.1079 -0.0000 -0.9942
vn 0.1079 -0.0000 -0.9942
vn 0.2146 -0.0000 -0.9767
vn 0.3187 -0.0000 -0.9479
vn 0.4192 -0.0000 -0.9079
vn 0.5148 -0.0000 -0.8573
vn 0.6044 -0.0000 -0.7967
vn 0.6869 -0.0000 -0.7267
vn 0.7615 -0.0000 -0.6482
vn 0.8271 -0.0000 -0.5620
vn 0.8831 -0.0000 -0.4692
vn 0.9287 -0.0000 -0.3708
vn 0.9634 -0.0000 -0.2680
vn 0.9868 -0.0000 -0.1621
vn 0.9985 -0.0000 -0.0542
vn 0.9985 -0.0000 0.0542
vn 0.9868 -0.0000 0.1621
vn 0.9634 -0.0000 0.2680
vn 0.9287 -0.0000 0.3708
vn 0.8831 -0.0000 0.4692
vn 0.8271 -0.0000 0.5620
vn 0.7615 -0.0000 0.6482
vn 0.6869 -0.0000 0.7267
vn 0.6044 -0.0000 0.7967
vn 0.5148 -0.0000 0.8573
vn 0.4192 -0.0000 0.9079
vn 0.3187 -0.0000 0.9479
vn 0.2145 -0.0000 0.9767
vn 0.2146 -0.0000 0.9767
vn 0.1079 -0.0000 0.9942
vn -0.1079 -0.0000 0.9942
vn -0.2145 -0.0000 0.9767
vn -0.3187 -0.0000 0.9479
vn -0.4192 -0.0000 0.9079
vn -0.5148 -0.0000 0.8573
vn -0.6044 -0.0000 0.7967
vn -0.6869 -0.0000 0.7267
vn -0.7615 -0.0000 0.6482
vn -0.8271 -0.0000 0.5620
vn -0.8831 -0.0000 0.4692
vn -0.9287 -0.0000 0.3708
vn -0.9634 -0.0000 0.2680
vn -0.9868 -0.0000 0.1621
vn -0.2146 -0.0000 0.9767
vn -0.2145 -0.0000 -0.9767
vn -0.0000 -1.0000 -0.0000
vn 0.9982 -0.0000 0.0598
vn 0.9837 -0.0001 0.1796
vn 0.7865 -0.0000 0.6175
vn 0.7064 -0.0000 0.7078
vn 0.7064 -0.0005 0.7078
vn -0.7064 -0.0000 0.7078
vn -0.7064 -0.0010 0.7078
vn 0.7866 -0.0000 -0.6175
vn 0.9139 -0.0000 -0.4058
vn 0.9558 -0.0000 -0.2942
vn 0.9837 -0.0001 -0.1797
vn 0.9840 -0.0000 -0.1783
vn 0.9148 -0.0002 -0.4039
vn -0.1474 -0.0008 -0.9891
vn -0.8288 -0.0010 0.5595
vn -0.7064 0.0010 0.7078
vn -0.3752 -0.0009 0.9270
vn -0.1474 -0.0008 0.9891
vn -0.0295 -0.0008 0.9996
vn 0.7064 0.0005 0.7078
vn 0.9837 0.0001 0.1797
vn 0.2145 -0.0000 -0.9767
vn 0.0001 -1.0000 -0.0000
vn -0.0002 -1.0000 -0.0000
s 1
f 1//1 2//1 3//1
f 3//2 2//2 4//2
f 3//3 4//3 5//3
f 5//4 4//5 6//5
f 5//4 6//5 7//4
f 7//6 6//7 8//7
f 7//6 8//7 9//6
f 9//8 8//8 10//8
f 9//8 10//8 11//8
f 11//9 10//9 12//9
f 11//9 12//9 13//9
f 13//10 12//11 14//12
f 13//10 14//12 15//13
f 2//14 1//14 16//14
f 16//15 1//15 17//15
f 16//16 17//16 18//16
f 18//17 17//17 19//17
f 18//18 19//18 20//18
f 20//19 19//19 21//19
f 20//20 21//20 22//20
f 22//21 21//21 23//21
f 22//22 23//22 24//22
f 24//23 23//23 25//23
f 24//24 25//24 26//24
f 26//25 25//25 27//25
f 26//26 27//26 28//26
f 28//27 27//27 29//27
f 28//28 29//28 30//28
f 30//29 29//29 31//30
f 30//31 31//32 32//32
f 32//33 31//33 33//33
f 32//34 33//34 34//34
f 34//35 33//35 35//35
f 34//36 35//36 36//36
f 36//37 35//37 37//37
f 36//38 37//39 38//40
f 38//41 37//42 39//43
f 39//43 37//42 40//44
f 39//45 40//46 41//47
f 41//47 40//46 42//48
f 41//49 42//50 43//51
f 43//51 42//50 44//52
f 43//53 44//54 45//55
f 45//56 44//57 46//57
f 45//56 46//57 47//56
f 47//58 46//58 48//58
f 47//58 48//58 49//58
f 49//59 48//59 50//59
f 49//59 50//59 51//60
f 51//61 50//61 52//61
f 51//61 52//61 53//61
f 53//62 52//62 54//62
f 53//63 54//63 55//63
f 27//64 56//64 29//64
f 29//65 56//65 57//65
f 29//29 57//30 31//30
f 31//66 57//66 58//66
f 31//33 58//33 33//33
f 33//67 58//67 59//68
f 33//35 59//35 35//35
f 35//69 59//69 60//69
f 35//37 60//70 37//37
f 37//71 60//71 40//71
f 56//72 61//72 57//72
f 57//73 61//73 62//73
f 57//66 62//66 58//66
f 58//74 62//75 63//75
f 58//67 63//68 59//68
f 59//76 63//76 64//77
f 59//69 64//69 60//69
f 60//78 64//78 65//79
f 60//71 65//71 40//71
f 40//80 65//80 42//80
f 61//81 66//81 62//81
f 62//82 66//82 67//82
f 62//75 67//75 63//75
f 63//83 67//83 68//83
f 63//76 68//77 64//77
f 64//84 68//84 69//85
f 64//78 69//79 65//79
f 65//86 69//86 70//86
f 65//80 70//80 42//80
f 42//87 70//87 44//87
f 66//88 71//88 67//88
f 67//89 71//89 72//89
f 67//83 72//83 68//83
f 68//90 72//90 73//90
f 68//84 73//85 69//85
f 69//91 73//91 74//91
f 69//86 74//86 70//86
f 70//92 74//92 46//93
f 70//87 46//87 44//87
f 71//94 75//94 72//94
f 72//95 75//95 76//95
f 72//90 76//90 73//90
f 73//96 76//96 77//97
f 73//91 77//91 74//91
f 74//98 77//98 48//99
f 74//92 48//93 46//93
f 75//100 78//100 76//100
f 76//101 78//101 79//101
f 76//96 79//97 77//97
f 77//102 79//102 50//102
f 77//98 50//99 48//99
f 78//103 54//103 79//103
f 79//104 54//104 52//104
f 79//102 52//102 50//102
f 53//105 55//105 80//105
f 80//106 55//106 81//106
f 80//107 81//107 82//107
f 82//108 81//108 83//108
f 82//109 83//109 84//109
f 84//110 83//110 85//110
f 84//111 85//111 86//111
f 86//112 85//112 87//112
f 86//113 87//113 88//113
f 88//114 87//114 89//114
f 88//115 89//115 90//115
f 90//116 89//116 91//116
f 90//117 91//117 92//117
f 92//118 91//118 93//118
f 92//119 93//120 94//120
f 94//121 93//122 95//121
f 94//123 95//123 96//123
f 96//124 95//125 97//124
f 96//126 97//127 98//126
f 98//128 97//128 99//128
f 98//129 99//129 100//129
f 100//130 99//130 101//130
f 100//131 101//132 102//133
f 102//134 101//135 103//136
f 103//136 101//135 104//137
f 103//138 104//139 105//140
f 105//140 104//139 106//141
f 105//142 106//143 107//144
f 107//144 106//143 108//145
f 107//146 108//147 109//148
f 109//149 108//150 110//149
f 109//149 110//149 111//149
f 111//151 110//151 112//151
f 111//151 112//151 113//151
f 113//152 112//153 114//152
f 113//152 114//152 115//152
f 115//154 114//155 116//155
f 115//154 116//155 117//154
f 117//156 116//156 118//156
f 117//157 118//157 119//157
f 91//158 120//158 93//158
f 93//159 120//159 121//159
f 93//122 121//121 95//121
f 95//160 121//160 122//161
f 95//125 122//124 97//124
f 97//162 122//162 123//162
f 97//128 123//128 99//128
f 99//163 123//163 124//164
f 99//130 124//130 101//130
f 101//165 124//165 104//165
f 120//166 125//166 121//166
f 121//167 125//167 126//167
f 121//160 126//161 122//161
f 122//168 126//168 127//169
f 122//162 127//162 123//162
f 123//170 127//170 128//170
f 123//163 128//164 124//164
f 124//171 128//171 129//172
f 124//165 129//165 104//165
f 104//173 129//173 106//173
f 125//174 130//174 126//174
f 126//175 130//175 131//175
f 126//168 131//169 127//169
f 127//176 131//176 132//176
f 127//170 132//170 128//170
f 128//177 132//177 133//177
f 128//171 133//172 129//172
f 129//178 133//178 134//178
f 129//173 134//173 106//173
f 106//179 134//179 108//179
f 130//180 135//180 131//180
f 131//181 135//181 136//181
f 131//176 136//176 132//176
f 132//182 136//182 137//182
f 132//177 137//177 133//177
f 133//183 137//183 138//183
f 133//178 138//178 134//178
f 134//184 138//184 110//184
f 134//179 110//179 108//179
f 135//185 139//185 136//185
f 136//186 139//186 140//186
f 136//182 140//187 137//182
f 137//188 140//188 141//188
f 137//183 141//183 138//183
f 138//189 141//189 112//190
f 138//184 112//191 110//184
f 139//192 142//192 140//192
f 140//193 142//193 143//193
f 140//188 143//188 141//188
f 141//194 143//194 114//194
f 141//189 114//190 112//190
f 142//195 118//195 143//195
f 143//196 118//196 116//196
f 143//194 116//194 114//194
f 117//197 119//197 144//197
f 144//198 119//198 145//198
f 144//199 145//199 146//199
f 146//200 145//200 147//200
f 146//201 147//201 148//201
f 148//202 147//202 149//202
f 148//203 149//203 150//203
f 150//204 149//204 151//204
f 150//205 151//205 152//205
f 152//206 151//206 153//206
f 152//207 153//207 154//207
f 154//208 153//208 155//208
f 154//209 155//209 156//209
f 156//210 155//210 157//210
f 156//211 157//211 158//211
f 158//212 157//212 159//212
f 158//213 159//213 160//213
f 160//214 159//214 161//214
f 160//215 161//216 162//216
f 162//217 161//217 163//218
f 162//219 163//219 164//219
f 164//220 163//220 165//220
f 164//221 165//222 166//223
f 166//224 165//225 167//226
f 167//226 165//225 168//227
f 167//228 168//229 15//230
f 15//230 168//229 13//231
f 155//232 169//232 157//232
f 157//233 169//233 170//233
f 157//212 170//212 159//212
f 159//234 170//234 171//235
f 159//214 171//214 161//214
f 161//236 171//236 172//236
f 161//217 172//218 163//218
f 163//237 172//237 173//237
f 163//220 173//220 165//220
f 165//238 173//238 168//238
f 169//239 174//239 170//239
f 170//240 174//240 175//240
f 170//234 175//235 171//235
f 171//241 175//241 176//241
f 171//236 176//236 172//236
f 172//242 176//242 177//242
f 172//237 177//237 173//237
f 173//243 177//243 178//243
f 173//238 178//238 168//238
f 168//244 178//244 13//244
f 174//245 179//245 175//245
f 175//246 179//246 180//246
f 175//241 180//241 176//241
f 176//247 180//247 181//248
f 176//242 181//242 177//242
f 177//249 181//249 182//249
f 177//243 182//243 178//243
f 178//250 182//250 11//251
f 178//244 11//244 13//244
f 179//252 183//252 180//252
f 180//253 183//253 184//253
f 180//247 184//248 181//248
f 181//254 184//254 185//255
f 181//249 185//249 182//249
f 182//256 185//256 9//256
f 182//250 9//251 11//251
f 183//257 186//257 184//257
f 184//258 186//258 187//258
f 184//254 187//259 185//255
f 185//260 187//260 7//260
f 185//256 7//256 9//256
f 186//261 188//261 187//261
f 187//262 188//262 5//262
f 187//260 5//260 7//260
f 188//263 3//263 5//263
f 166//223 189//264 164//221
f 164//265 189//265 190//265
f 164//219 190//219 162//219
f 162//266 190//266 191//266
f 162//216 191//215 160//215
f 160//267 191//267 192//267
f 160//213 192//213 158//213
f 158//268 192//269 193//270
f 158//211 193//211 156//211
f 156//271 193//271 154//272
f 189//273 194//273 190//273
f 190//274 194//274 195//274
f 190//266 195//266 191//266
f 191//275 195//275 196//275
f 191//267 196//267 192//267
f 192//276 196//276 197//276
f 192//269 197//270 193//270
f 193//277 197//277 198//277
f 193//271 198//272 154//272
f 154//278 198//278 152//278
f 194//279 199//279 195//279
f 195//280 199//280 200//280
f 195//275 200//275 196//275
f 196//281 200//281 201//281
f 196//276 201//276 197//276
f 197//282 201//282 202//282
f 197//277 202//277 198//277
f 198//283 202//283 203//283
f 198//278 203//278 152//278
f 152//284 203//284 150//285
f 199//286 204//286 200//286
f 200//287 204//287 205//287
f 200//281 205//281 201//281
f 201//288 205//288 206//288
f 201//282 206//282 202//282
f 202//289 206//289 207//289
f 202//283 207//283 203//283
f 203//290 207//290 208//291
f 203//284 208//285 150//285
f 150//292 208//292 148//292
f 204//293 209//293 205//293
f 205//294 209//294 210//294
f 205//288 210//288 206//288
f 206//295 210//295 211//295
f 206//289 211//289 207//289
f 207//296 211//296 212//296
f 207//290 212//291 208//291
f 208//297 212//298 213//298
f 208//292 213//292 148//292
f 148//299 213//299 146//299
f 209//300 214//300 210//300
f 210//301 214//301 215//301
f 210//295 215//295 211//295
f 211//302 215//302 216//302
f 211//296 216//296 212//296
f 212//303 216//303 217//303
f 212//298 217//298 213//298
f 213//304 217//304 218//304
f 213//299 218//299 146//299
f 146//305 218//305 144//306
f 214//307 219//307 215//307
f 215//308 219//308 220//308
f 215//302 220//302 216//302
f 216//309 220//309 221//309
f 216//303 221//303 217//303
f 217//310 221//310 222//310
f 217//304 222//311 218//304
f 218//312 222//312 223//312
f 218//305 223//306 144//306
f 144//313 223//313 117//313
f 219//314 224//314 220//314
f 220//315 224//315 225//315
f 220//309 225//309 221//309
f 221//316 225//316 226//316
f 221//310 226//310 222//310
f 222//317 226//317 227//317
f 222//312 227//312 223//312
f 223//318 227//318 115//318
f 223//313 115//313 117//313
f 224//319 228//320 225//321
f 225//321 228//320 229//322
f 225//316 229//316 226//316
f 226//323 229//323 230//324
f 226//317 230//317 227//317
f 227//325 230//325 113//325
f 227//318 113//318 115//318
f 228//326 231//327 229//328
f 229//328 231//327 232//329
f 229//323 232//324 230//324
f 230//330 232//330 111//330
f 230//325 111//325 113//325
f 231//331 233//332 232//333
f 232//333 233//332 109//334
f 232//330 109//330 111//330
f 233//335 107//146 109//148
f 102//133 234//336 100//131
f 100//337 234//337 235//337
f 100//129 235//129 98//129
f 98//338 235//338 236//338
f 98//126 236//126 96//126
f 96//339 236//339 237//340
f 96//123 237//123 94//123
f 94//341 237//341 238//342
f 94//120 238//119 92//119
f 92//343 238//343 90//344
f 234//345 239//345 235//345
f 235//346 239//346 240//346
f 235//338 240//338 236//338
f 236//347 240//347 241//347
f 236//339 241//348 237//340
f 237//349 241//349 242//349
f 237//341 242//342 238//342
f 238//350 242//350 243//351
f 238//343 243//344 90//344
f 90//352 243//352 88//352
f 239//353 244//353 240//353
f 240//354 244//354 245//354
f 240//347 245//347 241//347
f 241//355 245//355 246//355
f 241//349 246//349 242//349
f 242//356 246//356 247//356
f 242//350 247//351 243//351
f 243//357 247//358 248//358
f 243//352 248//352 88//352
f 88//359 248//360 86//361
f 244//362 249//362 245//362
f 245//363 249//363 250//363
f 245//355 250//355 246//355
f 246//364 250//364 251//364
f 246//356 251//356 247//356
f 247//365 251//365 252//366
f 247//358 252//358 248//358
f 248//367 252//367 253//367
f 248//360 253//368 86//361
f 86//369 253//369 84//369
f 249//370 254//370 250//370
f 250//371 254//371 255//371
f 250//364 255//364 251//364
f 251//372 255//372 256//372
f 251//365 256//366 252//366
f 252//373 256//373 257//373
f 252//367 257//367 253//367
f 253//374 257//374 258//375
f 253//369 258//376 84//369
f 84//377 258//377 82//377
f 254//378 259//378 255//378
f 255//379 259//379 260//379
f 255//372 260//372 256//372
f 256//380 260//380 261//380
f 256//373 261//373 257//373
f 257//381 261//381 262//381
f 257//374 262//375 258//375
f 258//382 262//382 263//382
f 258//377 263//377 82//377
f 82//383 263//384 80//385
f 259//386 264//386 260//386
f 260//387 264//387 265//387
f 260//380 265//380 261//380
f 261//388 265//388 266//389
f 261//381 266//381 262//381
f 262//390 266//390 267//391
f 262//382 267//382 263//382
f 263//392 267//392 268//393
f 263//384 268//394 80//385
f 80//395 268//395 53//396
f 264//397 269//397 265//397
f 265//398 269//398 270//398
f 265//388 270//389 266//389
f 266//399 270//399 271//399
f 266//390 271//391 267//391
f 267//400 271//400 272//400
f 267//392 272//401 268//393
f 268//402 272//402 51//403
f 268//395 51//396 53//396
f 269//404 273//405 270//406
f 270//406 273//405 274//407
f 270//399 274//399 271//399
f 271//408 274//408 275//408
f 271//400 275//400 272//400
f 272//409 275//409 49//409
f 272//402 49//403 51//403
f 273//410 276//411 274//412
f 274//412 276//411 277//413
f 274//408 277//408 275//408
f 275//414 277//414 47//415
f 275//409 47//416 49//409
f 276//417 278//418 277//419
f 277//419 278//418 45//420
f 277//414 45//415 47//415
f 278//421 43//53 45//55
f 38//40 279//422 36//38
f 36//423 279//423 280//423
f 36//36 280//36 34//36
f 34//424 280//424 281//424
f 34//34 281//425 32//34
f 32//426 281//427 282//428
f 32//32 282//31 30//31
f 30//429 282//429 283//429
f 30//28 283//28 28//28
f 28//430 283//430 26//430
f 279//431 284//431 280//431
f 280//432 284//432 285//432
f 280//424 285//424 281//424
f 281//433 285//433 286//433
f 281//427 286//428 282//428
f 282//434 286//434 287//435
f 282//429 287//429 283//429
f 283//436 287//436 288//436
f 283//430 288//430 26//430
f 26//437 288//437 24//438
f 284//439 289//439 285//439
f 285//440 289//440 290//440
f 285//433 290//441 286//433
f 286//442 290//442 291//442
f 286//434 291//435 287//435
f 287//443 291//443 292//443
f 287//436 292//436 288//436
f 288//444 292//444 293//444
f 288//437 293//445 24//438
f 24//446 293//447 22//448
f 289//449 294//449 290//449
f 290//450 294//450 295//450
f 290//442 295//442 291//442
f 291//451 295//451 296//452
f 291//443 296//443 292//443
f 292//453 296//453 297//454
f 292//444 297//455 293//444
f 293//456 297//457 298//458
f 293//447 298//459 22//448
f 22//460 298//460 20//460
f 294//461 299//461 295//461
f 295//462 299//462 300//462
f 295//451 300//452 296//452
f 296//463 300//463 301//463
f 296//453 301//454 297//454
f 297//464 301//464 302//464
f 297//457 302//458 298//458
f 298//465 302//465 303//465
f 298//460 303//460 20//460
f 20//466 303//467 18//467
f 299//468 304//468 300//468
f 300//469 304//469 305//469
f 300//463 305//470 301//463
f 301//471 305//471 306//471
f 301//464 306//464 302//464
f 302//472 306//472 307//473
f 302//465 307//465 303//465
f 303//474 307//474 308//475
f 303//467 308//467 18//467
f 18//476 308//477 16//478
f 304//479 309//479 305//479
f 305//480 309//480 310//480
f 305//471 310//471 306//471
f 306//481 310//481 311//481
f 306//472 311//473 307//473
f 307//482 311//482 312//482
f 307//474 312//475 308//475
f 308//483 312//483 313//483
f 308//477 313//484 16//478
f 16//485 313//485 2//486
f 309//487 314//487 310//487
f 310//488 314//488 315//488
f 310//481 315//481 311//481
f 311//489 315//489 316//490
f 311//482 316//482 312//482
f 312//491 316//492 317//492
f 312//483 317//483 313//483
f 313//493 317//494 318//495
f 313//485 318//485 2//486
f 2//496 318//496 4//497
f 314//498 319//499 315//500
f 315//500 319//499 320//501
f 315//489 320//490 316//490
f 316//502 320//502 321//502
f 316//492 321//492 317//492
f 317//503 321//503 322//504
f 317//494 322//505 318//495
f 318//506 322//506 6//507
f 318//496 6//497 4//497
f 319//508 323//509 320//510
f 320//510 323//509 324//511
f 320//502 324//502 321//502
f 321//512 324//512 325//512
f 321//503 325//504 322//504
f 322//513 325//513 8//513
f 322//506 8//507 6//507
f 323//514 326//515 324//516
f 324//516 326//515 327//517
f 324//512 327//512 325//512
f 325//518 327//518 10//518
f 325//513 10//513 8//513
f 326//519 14//520 327//521
f 327//521 14//520 12//522
f 327//518 12//518 10//518
f 328//523 329//523 14//523
f 14//523 329//523 330//523
f 14//523 330//523 15//523
f 15//523 330//523 331//523
f 15//523 331//523 167//523
f 167//523 331//523 332//523
f 167//523 332//523 166//523
f 166//523 332//523 333//523
f 166//523 333//523 189//523
f 189//523 333//523 334//523
f 189//523 334//523 194//523
f 194//523 334//523 335//523
f 194//523 335//523 199//523
f 199//523 335//523 336//523
f 199//523 336//523 204//523
f 204//523 336//523 337//523
f 204//523 337//523 209//523
f 209//523 337//523 338//523
f 209//523 338//523 214//523
f 214//523 338//523 339//523
f 214//523 339//523 219//523
f 219//523 339//523 340//523
f 219//523 340//523 224//523
f 224//523 340//523 341//523
f 224//523 341//523 228//523
f 228//523 341//523 342//523
f 228//523 342//523 231//523
f 231//523 342//523 343//523
f 231//523 343//523 233//523
f 233//523 343//523 344//523
f 233//523 344//523 107//523
f 107//523 344//523 345//523
f 107//523 345//523 105//523
f 105//523 345//523 346//523
f 105//523 346//523 103//523
f 103//523 346//523 347//523
f 103//523 347//523 102//523
f 102//523 347//523 348//523
f 102//523 348//523 234//523
f 234//523 348//523 349//523
f 234//523 349//523 239//523
f 239//523 349//523 350//523
f 239//523 350//523 244//523
f 244//523 350//523 351//523
f 244//523 351//523 249//523
f 249//523 351//523 352//523
f 249//523 352//523 254//523
f 254//523 352//523 353//523
f 254//523 353//523 354//523
f 254//523 354//523 259//523
f 259//523 354//523 355//523
f 259//523 355//523 264//523
f 264//523 355//523 356//523
f 264//523 356//523 269//523
f 269//523 356//523 357//523
f 269//523 357//523 273//523
f 273//523 357//523 358//523
f 273//523 358//523 276//523
f 276//523 358//523 359//523
f 276//523 359//523 278//523
f 278//523 359//523 360//523
f 278//523 360//523 43//523
f 43//523 360//523 361//523
f 43//523 361//523 41//523
f 41//523 361//523 362//523
f 41//523 362//523 39//523
f 39//523 362//523 363//523
f 39//523 363//523 38//523
f 38//523 363//523 364//523
f 38//523 364//523 279//523
f 279//523 364//523 365//523
f 279//523 365//523 284//523
f 284//523 365//523 366//523
f 284//523 366//523 289//523
f 289//523 366//523 367//523
f 289//523 367//523 294//523
f 294//523 367//523 368//523
f 294//523 368//523 299//523
f 299//523 368//523 369//523
f 299//523 369//523 304//523
f 304//523 369//523 370//523
f 304//523 370//523 309//523
f 309//523 370//523 371//523
f 309//523 371//523 314//523
f 314//523 371//523 372//523
f 314//523 372//523 319//523
f 319//523 372//523 373//523
f 319//523 373//523 323//523
f 323//523 373//523 374//523
f 323//523 374//523 326//523
f 326//523 374//523 328//523
f 326//523 328//523 14//523
f 375//524 1//524 376//524
f 376//524 1//524 3//524
f 376//525 3//525 377//525
f 377//525 3//525 188//525
f 377//526 188//526 378//526
f 378//526 188//526 186//526
f 378//527 186//527 379//527
f 379//527 186//527 183//527
f 379//528 183//528 380//528
f 380//528 183//528 179//528
f 380//529 179//529 381//529
f 381//529 179//529 174//529
f 381//530 174//530 382//530
f 382//530 174//530 169//530
f 382//531 169//531 383//531
f 383//531 169//531 155//531
f 383//532 155//532 384//532
f 384//532 155//532 153//532
f 384//533 153//533 385//533
f 385//533 153//533 151//533
f 385//534 151//534 386//534
f 386//534 151//534 149//534
f 386//535 149//535 387//535
f 387//535 149//535 147//535
f 387//536 147//536 388//536
f 388//536 147//536 145//536
f 388//537 145//537 389//537
f 389//537 145//537 119//537
f 389//538 119//538 390//538
f 390//538 119//538 118//538
f 390//539 118//539 391//539
f 391//539 118//539 142//539
f 391//540 142//540 392//540
f 392//540 142//540 139//540
f 392//541 139//541 393//541
f 393//541 139//541 135//541
f 393//542 135//542 394//542
f 394//542 135//542 130//542
f 394//543 130//543 395//543
f 395//543 130//543 125//543
f 395//544 125//544 396//544
f 396//544 125//544 120//544
f 396//545 120//545 397//545
f 397//545 120//545 91//545
f 397//546 91//546 398//546
f 398//546 91//546 89//546
f 398//547 89//547 399//547
f 399//547 89//547 87//547
f 399//548 87//548 400//548
f 400//548 87//548 85//548
f 400//549 85//549 401//549
f 401//549 85//549 83//549
f 401//550 83//550 402//550
f 402//550 83//550 81//550
f 402//551 81//551 403//551
f 403//551 81//551 55//551
f 403//552 55//552 404//552
f 404//552 55//552 54//552
f 404//553 54//554 405//554
f 405//554 54//554 78//554
f 405//555 78//555 406//555
f 406//555 78//555 75//555
f 406//556 75//556 407//556
f 407//556 75//556 71//556
f 407//557 71//557 408//557
f 408//557 71//557 66//557
f 408//558 66//558 409//558
f 409//558 66//558 61//558
f 409//559 61//559 410//559
f 410//559 61//559 56//559
f 410//560 56//561 411//560
f 411//560 56//561 27//561
f 411//562 27//562 412//562
f 412//562 27//562 25//562
f 412//563 25//563 413//563
f 413//563 25//563 23//563
f 413//564 23//564 414//564
f 414//564 23//564 21//564
f 414//565 21//565 415//565
f 415//565 21//565 19//565
f 415//566 19//566 416//566
f 416//566 19//566 17//566
f 416//567 17//567 375//567
f 375//567 17//567 1//567
f 417//568 418//568 419//568
f 419//569 418//569 420//569
f 419//570 420//570 421//570
f 421//571 420//571 422//571
f 421//572 422//572 423//572
f 423//573 422//573 424//573
f 423//574 424//574 425//574
f 425//575 424//575 426//575
f 425//576 426//576 427//576
f 427//577 426//577 428//577
f 427//578 428//578 429//578
f 429//579 428//579 430//579
f 429//580 430//580 431//580
f 431//581 430//581 432//581
f 431//582 432//582 433//582
f 433//583 432//583 434//583
f 433//584 434//584 435//584
f 435//585 434//585 436//585
f 435//586 436//586 437//586
f 437//587 436//587 438//587
f 437//588 438//588 439//588
f 439//589 438//589 440//589
f 439//590 440//590 441//590
f 441//591 440//591 442//591
f 441//592 442//592 443//592
f 443//593 442//593 444//593
f 443//594 444//594 445//594
f 445//595 444//595 446//595
f 445//596 446//596 447//596
f 447//597 446//597 448//597
f 447//598 448//598 449//598
f 449//599 448//599 450//599
f 449//600 450//600 451//600
f 451//601 450//601 452//601
f 451//602 452//602 453//602
f 453//603 452//603 454//603
f 453//604 454//604 455//604
f 455//605 454//605 456//605
f 455//606 456//606 457//606
f 457//607 456//607 458//607
f 457//608 458//608 459//608
f 459//609 458//609 460//609
f 459//610 460//610 461//610
f 461//611 460//611 462//611
f 461//612 462//612 463//612
f 463//613 462//613 464//613
f 463//614 464//614 465//614
f 465//615 464//615 466//615
f 465//616 466//616 467//616
f 467//617 466//617 468//617
f 467//618 468//618 469//618
f 469//619 468//619 470//619
f 469//620 470//620 471//620
f 471//621 470//621 472//621
f 471//622 472//622 473//622
f 473//623 472//623 474//623
f 473//624 474//624 475//624
f 475//625 474//625 476//625
f 475//626 476//626 477//626
f 477//627 476//627 478//627
f 477//628 478//628 479//628
f 479//629 478//629 480//629
f 479//630 480//630 481//630
f 481//631 480//631 482//631
f 481//632 482//632 483//632
f 483//633 482//633 484//633
f 483//634 484//634 485//634
f 485//635 484//635 486//635
f 485//636 486//636 487//636
f 487//637 486//637 488//637
f 487//638 488//638 489//638
f 489//639 488//639 490//639
f 489//640 490//640 491//640
f 491//641 490//641 492//641
f 491//642 492//642 493//642
f 493//643 492//643 494//643
f 493//644 494//644 495//644
f 495//645 494//645 496//645
f 495//646 496//646 497//646
f 497//647 496//647 498//647
f 497//648 498//648 499//648
f 499//649 498//649 500//649
f 499//650 500//650 501//650
f 501//651 500//651 502//651
f 501//652 502//652 503//652
f 503//653 502//653 504//653
f 503//654 504//654 505//654
f 505//655 504//655 506//655
f 505//656 506//656 507//656
f 507//657 506//657 508//657
f 507//658 508//658 509//658
f 509//659 508//659 510//659
f 509//660 510//660 511//660
f 511//661 510//661 512//661
f 511//662 512//662 513//662
f 513//663 512//663 514//663
f 513//664 514//664 417//664
f 417//665 514//665 418//665
f 328//666 515//666 329//666
f 329//667 515//667 516//667
f 329//668 516//668 330//668
f 330//669 516//669 517//669
f 330//670 517//670 331//670
f 331//671 517//671 518//671
f 331//672 518//672 332//672
f 332//673 518//673 519//673
f 332//674 519//674 333//674
f 333//675 519//675 520//675
f 333//676 520//676 334//676
f 334//677 520//677 521//677
f 334//678 521//678 335//678
f 335//679 521//679 522//679
f 335//680 522//681 336//682
f 336//682 522//681 523//683
f 336//684 523//685 337//686
f 337//686 523//685 524//687
f 337//688 524//689 338//690
f 338//690 524//689 525//691
f 338//692 525//693 339//694
f 339//694 525//693 526//695
f 339//696 526//697 340//698
f 340//698 526//697 527//699
f 340//700 527//701 341//702
f 341//702 527//701 528//703
f 341//704 528//705 529//706
f 529//707 528//707 530//707
f 529//707 530//707 531//707
f 531//708 530//708 532//708
f 531//708 532//708 533//708
f 533//709 532//709 534//709
f 533//709 534//709 535//709
f 535//710 534//711 492//712
f 535//710 492//712 490//710
f 515//713 328//713 536//713
f 536//714 328//714 374//714
f 536//715 374//715 537//715
f 537//716 374//716 373//716
f 537//717 373//717 538//717
f 538//718 373//718 372//718
f 538//719 372//719 539//719
f 539//720 372//720 371//720
f 539//721 371//721 540//721
f 540//722 371//722 370//722
f 540//723 370//723 541//723
f 541//724 370//725 369//726
f 541//724 369//726 542//727
f 542//728 369//729 368//730
f 542//728 368//730 543//731
f 543//732 368//733 367//734
f 543//732 367//734 544//735
f 544//736 367//737 366//738
f 544//736 366//738 545//739
f 545//740 366//741 365//742
f 545//740 365//742 546//743
f 546//744 365//745 364//746
f 546//744 364//746 547//747
f 547//748 364//749 548//750
f 547//751 548//751 549//751
f 549//752 548//752 550//752
f 549//753 550//754 551//754
f 551//755 550//755 552//755
f 551//756 552//757 553//757
f 553//758 552//758 554//758
f 553//759 554//759 452//759
f 452//760 554//760 454//760
f 364//749 363//761 548//750
f 548//762 363//763 555//764
f 548//752 555//752 550//752
f 550//765 555//765 556//765
f 550//755 556//755 552//755
f 552//766 556//766 557//767
f 552//758 557//758 554//758
f 554//768 557//768 558//769
f 554//760 558//760 454//760
f 454//770 558//770 456//770
f 363//763 362//771 555//764
f 555//772 362//773 559//774
f 555//765 559//765 556//765
f 556//775 559//775 560//775
f 556//766 560//776 557//767
f 557//777 560//777 561//777
f 557//768 561//769 558//769
f 558//778 561//778 562//778
f 558//770 562//770 456//770
f 456//779 562//779 458//780
f 362//773 361//781 559//774
f 559//782 361//783 563//784
f 559//775 563//775 560//775
f 560//785 563//786 564//786
f 560//777 564//777 561//777
f 561//787 564//787 565//787
f 561//778 565//778 562//778
f 562//788 565//788 566//788
f 562//779 566//780 458//780
f 458//789 566//789 460//789
f 361//783 360//790 563//784
f 563//791 360//792 567//793
f 563//786 567//786 564//786
f 564//794 567//795 568//796
f 564//787 568//787 565//787
f 565//797 568//797 569//798
f 565//788 569//788 566//788
f 566//799 569//799 570//800
f 566//789 570//789 460//789
f 460//801 570//801 462//801
f 360//792 359//802 567//793
f 567//803 359//804 571//805
f 567//795 571//796 568//796
f 568//806 571//806 572//806
f 568//797 572//798 569//798
f 569//807 572//807 573//808
f 569//799 573//800 570//800
f 570//809 573//809 574//810
f 570//801 574//811 462//801
f 462//812 574//812 464//813
f 359//804 358//814 571//805
f 571//815 358//815 575//815
f 571//806 575//806 572//806
f 572//816 575//816 576//817
f 572//807 576//808 573//808
f 573//818 576//818 577//819
f 573//809 577//820 574//810
f 574//821 577//821 578//822
f 574//812 578//813 464//813
f 464//823 578//824 466//825
f 358//826 357//826 575//826
f 575//827 357//827 579//827
f 575//816 579//828 576//817
f 576//829 579//829 580//829
f 576//818 580//819 577//819
f 577//830 580//830 581//831
f 577//821 581//822 578//822
f 578//832 581//832 582//833
f 578//824 582//834 466//825
f 466//835 582//835 468//835
f 357//836 356//836 579//836
f 579//837 356//837 583//837
f 579//829 583//829 580//829
f 580//838 583//838 584//838
f 580//830 584//831 581//831
f 581//839 584//839 585//839
f 581//832 585//833 582//833
f 582//840 585//840 586//840
f 582//835 586//835 468//835
f 468//841 586//841 470//841
f 356//842 355//842 583//842
f 583//843 355//843 587//843
f 583//838 587//838 584//838
f 584//844 587//844 588//844
f 584//839 588//839 585//839
f 585//845 588//845 589//845
f 585//840 589//840 586//840
f 586//846 589//846 590//846
f 586//841 590//841 470//841
f 470//847 590//848 472//849
f 355//850 354//850 587//850
f 587//851 354//851 591//851
f 587//844 591//844 588//844
f 588//852 591//852 592//852
f 588//845 592//845 589//845
f 589//853 592//853 593//853
f 589//846 593//846 590//846
f 590//854 593//854 594//855
f 590//848 594//849 472//849
f 472//856 594//856 474//856
f 354//857 353//857 591//857
f 591//858 353//858 595//858
f 591//852 595//859 592//852
f 592//860 595//860 596//860
f 592//853 596//853 593//853
f 593//861 596//861 597//861
f 593//854 597//855 594//855
f 594//862 597//862 598//863
f 594//856 598//856 474//856
f 474//864 598//865 476//865
f 353//866 352//866 595//866
f 595//867 352//867 599//867
f 595//860 599//860 596//860
f 596//868 599//868 600//868
f 596//861 600//861 597//861
f 597//869 600//869 601//870
f 597//862 601//863 598//863
f 598//871 601//871 602//872
f 598//865 602//873 476//865
f 476//874 602//874 478//875
f 352//876 351//876 599//876
f 599//877 351//877 603//877
f 599//868 603//868 600//868
f 600//878 603//878 604//878
f 600//869 604//870 601//870
f 601//879 604//879 605//880
f 601//871 605//872 602//872
f 602//881 605//881 606//882
f 602//874 606//875 478//875
f 478//883 606//883 480//883
f 351//884 350//884 603//884
f 603//885 350//885 607//885
f 603//878 607//878 604//878
f 604//886 607//886 608//886
f 604//879 608//880 605//880
f 605//887 608//888 609//888
f 605//881 609//882 606//882
f 606//889 609//889 610//889
f 606//883 610//890 480//883
f 480//891 610//891 482//891
f 350//892 349//892 607//892
f 607//893 349//893 611//893
f 607//886 611//886 608//886
f 608//894 611//894 612//894
f 608//888 612//888 609//888
f 609//895 612//895 613//896
f 609//889 613//889 610//889
f 610//897 613//897 614//898
f 610//891 614//899 482//891
f 482//900 614//900 484//900
f 349//901 348//901 611//901
f 611//902 348//902 615//902
f 611//894 615//894 612//894
f 612//903 615//903 616//903
f 612//895 616//896 613//896
f 613//904 616//904 617//905
f 613//897 617//898 614//898
f 614//906 617//906 618//906
f 614//900 618//900 484//900
f 484//907 618//907 486//907
f 348//908 347//908 615//908
f 615//909 347//909 619//909
f 615//903 619//903 616//903
f 616//910 619//910 620//910
f 616//904 620//905 617//905
f 617//911 620//912 621//912
f 617//906 621//913 618//906
f 618//914 621//914 622//914
f 618//907 622//907 486//907
f 486//915 622//915 488//916
f 347//917 346//918 619//919
f 619//919 346//918 623//920
f 619//910 623//910 620//910
f 620//921 623//921 624//922
f 620//912 624//912 621//912
f 621//923 624//923 625//924
f 621//914 625//914 622//914
f 622//925 625//925 626//926
f 622//915 626//916 488//916
f 488//927 626//927 490//927
f 346//928 345//929 623//930
f 623//930 345//929 627//931
f 623//921 627//932 624//922
f 624//933 627//933 628//933
f 624//923 628//924 625//924
f 625//934 628//934 629//934
f 625//925 629//926 626//926
f 626//935 629//935 535//935
f 626//927 535//927 490//927
f 345//936 344//937 627//938
f 627//938 344//937 630//939
f 627//933 630//933 628//933
f 628//940 630//940 631//941
f 628//934 631//934 629//934
f 629//942 631//942 533//942
f 629//935 533//935 535//935
f 344//943 343//944 630//945
f 630//945 343//944 632//946
f 630//940 632//941 631//941
f 631//947 632//947 531//947
f 631//942 531//942 533//942
f 343//948 342//949 632//950
f 632//950 342//949 529//951
f 632//947 529//947 531//947
f 342//952 341//704 529//706
f 418//953 633//953 420//953
f 420//953 633//953 634//953
f 420//954 634//954 422//954
f 422//954 634//954 635//954
f 422//955 635//955 424//956
f 424//956 635//955 636//956
f 424//957 636//957 426//958
f 426//958 636//957 637//958
f 426//959 637//959 428//959
f 428//959 637//959 638//959
f 428//960 638//960 430//960
f 430//960 638//960 639//960
f 430//961 639//961 432//961
f 432//961 639//961 640//961
f 432//962 640//962 434//963
f 434//963 640//962 641//963
f 434//964 641//964 436//964
f 436//964 641//964 642//964
f 436//965 642//965 438//965
f 438//965 642//965 643//965
f 438//966 643//966 440//967
f 440//967 643//966 644//967
f 440//968 644//968 442//969
f 442//969 644//968 645//969
f 442//970 645//970 444//971
f 444//971 645//970 646//971
f 444//972 646//972 446//972
f 446//972 646//972 647//972
f 446//973 647//973 448//974
f 448//974 647//973 648//975
f 448//976 648//976 450//977
f 450//977 648//976 553//977
f 450//759 553//759 452//759
f 633//978 649//978 634//978
f 634//978 649//978 650//978
f 634//979 650//980 635//980
f 635//980 650//980 651//980
f 635//981 651//981 636//981
f 636//981 651//981 652//982
f 636//983 652//984 637//984
f 637//984 652//984 653//985
f 637//986 653//986 638//986
f 638//986 653//986 654//986
f 638//987 654//987 639//987
f 639//987 654//987 655//987
f 639//988 655//988 640//988
f 640//988 655//988 656//988
f 640//989 656//989 641//989
f 641//989 656//989 657//989
f 641//990 657//990 642//990
f 642//990 657//990 658//990
f 642//991 658//991 643//992
f 643//992 658//991 659//992
f 643//993 659//994 644//994
f 644//994 659//994 660//994
f 644//995 660//995 645//996
f 645//996 660//995 661//996
f 645//997 661//998 646//999
f 646//999 661//998 662//999
f 646//1000 662//1000 647//1000
f 647//1000 662//1000 663//1000
f 647//1001 663//1001 648//1001
f 648//1001 663//1001 551//1001
f 648//756 551//756 553//757
f 633//1002 418//1002 664//1002
f 664//1002 418//1002 514//1002
f 664//1003 514//1003 665//1003
f 665//1003 514//1003 512//1003
f 665//1004 512//1004 666//1005
f 666//1005 512//1004 510//1005
f 666//1006 510//1006 667//1007
f 667//1007 510//1006 508//1007
f 667//1008 508//1008 668//1008
f 668//1008 508//1008 506//1008
f 668//1009 506//1009 669//1009
f 669//1009 506//1009 504//1009
f 669//1010 504//1010 670//1010
f 670//1010 504//1010 502//1010
f 670//1011 502//1011 671//1011
f 671//1011 502//1011 500//1012
f 671//1013 500//1013 672//1014
f 672//1014 500//1013 498//1014
f 672//1015 498//1015 673//1016
f 673//1016 498//1015 496//1016
f 673//1017 496//1017 674//1018
f 674//1018 496//1017 494//1018
f 674//1019 494//1019 534//1019
f 534//1019 494//1019 492//1019
f 649//1020 675//1020 650//1020
f 650//1020 675//1020 676//1020
f 650//1021 676//1021 651//1022
f 651//1022 676//1021 677//1022
f 651//1023 677//1023 652//1023
f 652//1023 677//1023 678//1023
f 652//1024 678//1024 653//1025
f 653//1025 678//1024 679//1025
f 653//1026 679//1026 654//1026
f 654//1026 679//1026 680//1026
f 654//1027 680//1027 655//1027
f 655//1027 680//1027 681//1027
f 655//1028 681//1028 656//1028
f 656//1028 681//1028 682//1028
f 656//1029 682//1029 657//1030
f 657//1030 682//1029 683//1031
f 657//1032 683//1032 658//1032
f 658//1032 683//1032 684//1033
f 658//1034 684//1034 659//1034
f 659//1034 684//1034 685//1034
f 659//1035 685//1035 660//1035
f 660//1035 685//1035 686//1035
f 660//1036 686//1036 661//1036
f 661//1036 686//1036 687//1036
f 661//1037 687//1037 662//1037
f 662//1037 687//1037 688//1037
f 662//1038 688//1038 663//1038
f 663//1038 688//1038 549//1038
f 663//753 549//753 551//754
f 649//1039 633//1039 689//1039
f 689//1039 633//1039 664//1039
f 689//1040 664//1040 690//1041
f 690//1041 664//1040 665//1041
f 690//1042 665//1042 691//1043
f 691//1043 665//1042 666//1043
f 691//1044 666//1044 692//1044
f 692//1044 666//1044 667//1044
f 692//1045 667//1045 693//1046
f 693//1046 667//1045 668//1046
f 693//1047 668//1047 694//1048
f 694//1048 668//1047 669//1049
f 694//1050 669//1050 695//1050
f 695//1050 669//1050 670//1050
f 695//1051 670//1052 696//1052
f 696//1052 670//1052 671//1052
f 696//1053 671//1053 697//1053
f 697//1053 671//1053 672//1053
f 697//1054 672//1054 698//1054
f 698//1054 672//1054 673//1054
f 698//1055 673//1055 699//1056
f 699//1056 673//1055 674//1056
f 699//1057 674//1057 532//1057
f 532//1057 674//1057 534//1057
f 675//1058 516//1058 676//1058
f 676//1058 516//1058 515//1058
f 676//1059 515//1059 677//1059
f 677//1059 515//1059 536//1059
f 677//1060 536//1060 678//1060
f 678//1060 536//1060 537//1060
f 678//1061 537//1061 679//1061
f 679//1061 537//1061 538//1061
f 679//1062 538//1062 680//1062
f 680//1062 538//1062 539//1062
f 680//1063 539//1063 681//1064
f 681//1064 539//1063 540//1064
f 681//1065 540//1065 682//1065
f 682//1065 540//1065 541//1065
f 682//1066 541//1066 683//1066
f 683//1066 541//1066 542//1066
f 683//1067 542//1067 684//1067
f 684//1067 542//1067 543//1067
f 684//1068 543//1068 685//1068
f 685//1068 543//1068 544//1068
f 685//1069 544//1069 686//1070
f 686//1070 544//1069 545//1070
f 686//1071 545//1071 687//1071
f 687//1071 545//1071 546//1071
f 687//1072 546//1072 688//1072
f 688//1072 546//1072 547//1073
f 688//751 547//751 549//751
f 675//1074 649//1074 700//1075
f 700//1075 649//1074 689//1075
f 700//1076 689//1077 701//1077
f 701//1077 689//1077 690//1077
f 701//1078 690//1078 702//1078
f 702//1078 690//1078 691//1078
f 702//1079 691//1079 703//1079
f 703//1079 691//1079 692//1079
f 703//1080 692//1080 704//1080
f 704//1080 692//1080 693//1080
f 704//1081 693//1081 705//1081
f 705//1081 693//1081 694//1081
f 705//1082 694//1082 706//1082
f 706//1082 694//1082 695//1082
f 706//1083 695//1083 707//1084
f 707//1084 695//1083 696//1084
f 707//1085 696//1085 708//1085
f 708//1085 696//1085 697//1085
f 708//1086 697//1086 709//1087
f 709//1087 697//1086 698//1087
f 709//1088 698//1088 710//1089
f 710//1089 698//1088 699//1089
f 710//1090 699//1090 530//1091
f 530//1091 699//1090 532//1091
f 516//1092 675//1092 517//1092
f 517//1092 675//1092 700//1092
f 517//1093 700//1093 518//1093
f 518//1093 700//1093 701//1093
f 518//1094 701//1094 519//1094
f 519//1094 701//1094 702//1094
f 519//1095 702//1095 520//1095
f 520//1095 702//1095 703//1095
f 520//1096 703//1096 521//1096
f 521//1096 703//1096 704//1096
f 521//1097 704//1097 522//1097
f 522//1097 704//1097 705//1097
f 522//1098 705//1098 523//1099
f 523//1099 705//1098 706//1099
f 523//1100 706//1100 524//1100
f 524//1100 706//1100 707//1100
f 524//1101 707//1101 525//1101
f 525//1101 707//1101 708//1101
f 525//1102 708//1102 526//1102
f 526//1102 708//1102 709//1102
f 526//1103 709//1103 527//1103
f 527//1103 709//1103 710//1103
f 527//1104 710//1104 528//1105
f 528//1105 710//1104 530//1105
f 711//1106 417//1106 712//1106
f 712//1106 417//1106 419//1106
f 712//1107 419//1107 713//1107
f 713//1107 419//1107 421//1107
f 713//1108 421//1109 714//1108
f 714//1108 421//1109 423//1109
f 714//1110 423//1110 715//1110
f 715//1110 423//1110 425//1110
f 715//1111 425//1111 716//1111
f 716//1111 425//1111 427//1111
f 716//1112 427//1112 717//1112
f 717//1112 427//1112 429//1112
f 717//1113 429//1113 718//1113
f 718//1113 429//1113 431//1113
f 718//1114 431//1114 719//1114
f 719//1114 431//1114 433//1114
f 719//1115 433//1115 720//1115
f 720//1115 433//1115 435//1115
f 720//1116 435//1116 721//1116
f 721//1116 435//1116 437//1116
f 721//1117 437//1117 722//1117
f 722//1117 437//1117 439//1117
f 722//1118 439//1118 723//1118
f 723//1118 439//1118 441//1118
f 723//1119 441//1119 724//1119
f 724//1119 441//1119 443//1119
f 724//1120 443//1120 725//1120
f 725//1120 443//1120 445//1120
f 725//1121 445//1121 726//1121
f 726//1121 445//1121 447//1121
f 726//1122 447//1122 727//1122
f 727//1122 447//1122 449//1122
f 727//1123 449//1123 728//1123
f 728//1123 449//1123 451//1123
f 728//1124 451//1124 729//1124
f 729//1124 451//1124 453//1124
f 729//1125 453//1125 730//1125
f 730//1125 453//1125 455//1125
f 730//1126 455//1127 731//1126
f 731//1126 455//1127 457//1127
f 731//1128 457//1128 732//1128
f 732//1128 457//1128 459//1128
f 732//1129 459//1129 733//1129
f 733//1129 459//1129 461//1129
f 733//1130 461//1130 734//1130
f 734//1130 461//1130 463//1130
f 734//1131 463//1131 735//1131
f 735//1131 463//1131 465//1131
f 735//1132 465//1132 736//1132
f 736//1132 465//1132 467//1132
f 736//1133 467//1133 737//1133
f 737//1133 467//1133 469//1133
f 737//1134 469//1134 738//1134
f 738//1134 469//1134 471//1134
f 738//1135 471//1135 739//1135
f 739//1135 471//1135 473//1135
f 739//1136 473//1137 740//1136
f 740//1136 473//1137 475//1137
f 740//1138 475//1138 741//1138
f 741//1138 475//1138 477//1138
f 741//1139 477//1139 742//1139
f 742//1139 477//1139 479//1139
f 742//1140 479//1140 743//1140
f 743//1140 479//1140 481//1140
f 743//1141 481//1141 744//1141
f 744//1141 481//1141 483//1141
f 744//1142 483//1142 745//1142
f 745//1142 483//1142 485//1142
f 745//1143 485//1143 746//1143
f 746//1143 485//1143 487//1143
f 746//1144 487//1144 747//1144
f 747//1144 487//1144 489//1144
f 747//1145 489//1145 748//1145
f 748//1145 489//1145 491//1145
f 748//1146 491//1146 749//1146
f 749//1146 491//1146 493//1146
f 749//1147 493//1147 750//1147
f 750//1147 493//1147 495//1147
f 750//1148 495//1148 751//1148
f 751//1148 495//1148 497//1148
f 751//1149 497//1149 752//1149
f 752//1149 497//1149 499//1149
f 752//1150 499//1150 753//1150
f 753//1150 499//1150 501//1150
f 753//1151 501//1151 754//1151
f 754//1151 501//1151 503//1151
f 754//1152 503//1152 755//1152
f 755//1152 503//1152 505//1152
f 755//1153 505//1153 756//1153
f 756//1153 505//1153 507//1153
f 756//1154 507//1154 757//1154
f 757//1154 507//1154 509//1154
f 757//1155 509//1155 758//1155
f 758//1155 509//1155 511//1155
f 758//1156 511//1156 759//1156
f 759//1156 511//1156 513//1156
f 759//1157 513//1157 711//1157
f 711//1157 513//1157 417//1157
f 760//1 761//1 762//1
f 762//1158 761//1158 763//1158
f 762//1159 763//1159 764//1159
f 764//4 763//5 765//5
f 764//4 765//5 766//4
f 766//6 765//7 767//7
f 766//6 767//7 768//6
f 768//8 767//8 769//8
f 768//8 769//8 770//8
f 770//9 769//9 771//9
f 770//9 771//9 772//9
f 772//1160 771//11 773//1161
f 772//1160 773//1161 774//13
f 761//14 760//14 775//14
f 775//15 760//15 776//15
f 775//16 776//16 777//16
f 777//17 776//17 778//17
f 777//18 778//18 779//18
f 779//19 778//19 780//19
f 779//20 780//20 781//20
f 781//1162 780//1162 782//1162
f 781//22 782//22 783//22
f 783//23 782//23 784//23
f 783//24 784//24 785//24
f 785//1163 784//1163 786//1163
f 785//26 786//26 787//26
f 787//27 786//27 788//27
f 787//28 788//28 789//28
f 789//29 788//29 790//30
f 789//31 790//32 791//31
f 791//1164 790//1164 792//33
f 791//425 792//425 793//425
f 793//35 792//35 794//35
f 793//36 794//36 795//36
f 795//37 794//37 796//37
f 795//38 796//39 797//40
f 797//41 796//42 798//43
f 798//43 796//42 799//44
f 798//45 799//46 800//47
f 800//47 799//46 801//48
f 800//49 801//50 802//51
f 802//51 801//50 803//52
f 802//53 803//54 804//55
f 804//56 803//57 805//57
f 804//56 805//57 806//56
f 806//58 805//58 807//58
f 806//58 807//58 808//58
f 808//59 807//59 809//59
f 808//59 809//59 810//59
f 810//61 809//61 811//61
f 810//61 811//61 812//61
f 812//62 811//62 813//62
f 812//1165 813//1165 814//1165
f 786//64 815//64 788//64
f 788//65 815//65 816//65
f 788//29 816//30 790//30
f 790//66 816//66 817//66
f 790//1164 817//33 792//33
f 792//68 817//68 818//68
f 792//35 818//35 794//35
f 794//69 818//69 819//69
f 794//37 819//70 796//37
f 796//71 819//71 799//71
f 815//72 820//72 816//72
f 816//73 820//73 821//73
f 816//66 821//66 817//66
f 817//74 821//75 822//75
f 817//68 822//68 818//68
f 818//76 822//76 823//77
f 818//69 823//69 819//69
f 819//78 823//78 824//78
f 819//71 824//71 799//71
f 799//80 824//80 801//80
f 820//81 825//81 821//81
f 821//82 825//82 826//82
f 821//75 826//75 822//75
f 822//83 826//83 827//83
f 822//76 827//77 823//77
f 823//1166 827//84 828//84
f 823//78 828//78 824//78
f 824//1167 828//1167 829//86
f 824//80 829//80 801//80
f 801//87 829//87 803//87
f 825//88 830//88 826//88
f 826//89 830//89 831//89
f 826//83 831//83 827//83
f 827//90 831//90 832//90
f 827//84 832//84 828//84
f 828//1168 832//1168 833//91
f 828//1167 833//86 829//86
f 829//92 833//92 805//93
f 829//87 805//87 803//87
f 830//94 834//94 831//94
f 831//95 834//95 835//95
f 831//90 835//90 832//90
f 832//96 835//96 836//97
f 832//1168 836//91 833//91
f 833//98 836//98 807//99
f 833//92 807//93 805//93
f 834//100 837//100 835//100
f 835//101 837//101 838//101
f 835//96 838//97 836//97
f 836//102 838//102 809//102
f 836//98 809//99 807//99
f 837//1169 813//1169 838//1169
f 838//104 813//104 811//104
f 838//102 811//102 809//102
f 812//105 814//105 839//105
f 839//106 814//106 840//106
f 839//107 840//107 841//107
f 841//1170 840//1170 842//1170
f 841//109 842//109 843//109
f 843//110 842//110 844//110
f 843//111 844//111 845//111
f 845//112 844//112 846//112
f 845//113 846//113 847//113
f 847//114 846//114 848//114
f 847//115 848//115 849//115
f 849//116 848//116 850//116
f 849//1171 850//1171 851//1171
f 851//1172 850//1172 852//1172
f 851//119 852//120 853//120
f 853//121 852//121 854//121
f 853//123 854//123 855//123
f 855//124 854//124 856//124
f 855//126 856//127 857//126
f 857//128 856//128 858//128
f 857//129 858//129 859//129
f 859//130 858//130 860//130
f 859//131 860//132 861//133
f 861//134 860//135 862//136
f 862//136 860//135 863//137
f 862//138 863//1173 864//140
f 864//140 863//1173 865//141
f 864//142 865//1174 866//1175
f 866//1175 865//1174 867//145
f 866//1176 867//147 868//148
f 868//149 867//150 869//149
f 868//149 869//149 870//149
f 870//151 869//151 871//151
f 870//151 871//151 872//151
f 872//152 871//153 873//152
f 872//152 873//152 874//152
f 874//1177 873//155 875//155
f 874//1177 875//155 876//154
f 876//156 875//156 877//156
f 876//1178 877//1178 878//1178
f 850//158 879//158 852//158
f 852//159 879//159 880//159
f 852//121 880//121 854//121
f 854//160 880//1179 881//161
f 854//124 881//124 856//124
f 856//162 881//162 882//162
f 856//128 882//128 858//128
f 858//163 882//163 883//164
f 858//130 883//130 860//130
f 860//165 883//165 863//165
f 879//166 884//166 880//166
f 880//167 884//167 885//167
f 880//1179 885//161 881//161
f 881//168 885//168 886//168
f 881//162 886//162 882//162
f 882//170 886//170 887//170
f 882//163 887//164 883//164
f 883//1180 887//171 888//172
f 883//165 888//165 863//165
f 863//173 888//173 865//173
f 884//174 889//174 885//174
f 885//175 889//175 890//175
f 885//168 890//169 886//168
f 886//176 890//176 891//176
f 886//170 891//170 887//170
f 887//177 891//177 892//177
f 887//171 892//172 888//172
f 888//178 892//178 893//178
f 888//173 893//173 865//173
f 865//179 893//179 867//179
f 889//180 894//180 890//180
f 890//181 894//181 895//181
f 890//176 895//176 891//176
f 891//182 895//182 896//182
f 891//177 896//1181 892//177
f 892//183 896//183 897//183
f 892//178 897//178 893//178
f 893//184 897//184 869//184
f 893//179 869//179 867//179
f 894//185 898//185 895//185
f 895//186 898//186 899//186
f 895//182 899//182 896//182
f 896//188 899//188 900//188
f 896//183 900//183 897//183
f 897//189 900//189 871//190
f 897//184 871//191 869//184
f 898//1182 901//1182 899//1182
f 899//193 901//193 902//193
f 899//188 902//188 900//188
f 900//194 902//194 873//194
f 900//189 873//190 871//190
f 901//195 877//195 902//195
f 902//196 877//196 875//196
f 902//194 875//194 873//194
f 876//197 878//197 903//197
f 903//198 878//198 904//198
f 903//199 904//199 905//199
f 905//200 904//200 906//200
f 905//201 906//201 907//201
f 907//202 906//202 908//202
f 907//203 908//203 909//203
f 909//204 908//204 910//204
f 909//205 910//205 911//205
f 911//206 910//206 912//206
f 911//207 912//207 913//207
f 913//1183 912//1183 914//1183
f 913//209 914//209 915//209
f 915//210 914//210 916//210
f 915//211 916//211 917//211
f 917//212 916//212 918//212
f 917//213 918//213 919//213
f 919//214 918//214 920//214
f 919//215 920//216 921//216
f 921//217 920//217 922//218
f 921//219 922//219 923//219
f 923//220 922//220 924//220
f 923//221 924//222 925//223
f 925//224 924//225 926//226
f 926//226 924//225 927//227
f 926//228 927//229 774//230
f 774//230 927//229 772//231
f 914//232 928//232 916//232
f 916//233 928//233 929//233
f 916//212 929//212 918//212
f 918//234 929//234 930//235
f 918//214 930//214 920//214
f 920//236 930//236 931//236
f 920//217 931//218 922//218
f 922//237 931//237 932//237
f 922//220 932//220 924//220
f 924//238 932//238 927//238
f 928//1184 933//1184 929//1184
f 929//240 933//240 934//240
f 929//234 934//235 930//235
f 930//241 934//241 935//241
f 930//236 935//236 931//236
f 931//242 935//242 936//242
f 931//237 936//237 932//237
f 932//243 936//243 937//243
f 932//238 937//238 927//238
f 927//244 937//244 772//244
f 933//245 938//245 934//245
f 934//246 938//246 939//246
f 934//241 939//241 935//241
f 935//247 939//247 940//248
f 935//242 940//242 936//242
f 936//249 940//249 941//249
f 936//243 941//243 937//243
f 937//250 941//250 770//251
f 937//244 770//244 772//244
f 938//252 942//252 939//252
f 939//253 942//253 943//253
f 939//247 943//248 940//248
f 940//254 943//254 944//1185
f 940//249 944//249 941//249
f 941//256 944//256 768//256
f 941//250 768//1186 770//251
f 942//257 945//257 943//257
f 943//258 945//258 946//258
f 943//254 946//259 944//1185
f 944//260 946//1187 766//260
f 944//256 766//256 768//256
f 945//261 947//261 946//261
f 946//262 947//262 764//262
f 946//1187 764//260 766//260
f 947//263 762//263 764//263
f 925//223 948//264 923//221
f 923//265 948//265 949//265
f 923//219 949//219 921//219
f 921//266 949//266 950//266
f 921//216 950//215 919//215
f 919//267 950//267 951//267
f 919//213 951//213 917//213
f 917//269 951//269 952//270
f 917//211 952//211 915//211
f 915//271 952//271 913//272
f 948//273 953//273 949//273
f 949//274 953//274 954//274
f 949//266 954//266 950//266
f 950//275 954//275 955//275
f 950//267 955//267 951//267
f 951//276 955//276 956//276
f 951//269 956//270 952//270
f 952//277 956//277 957//277
f 952//271 957//272 913//272
f 913//278 957//278 911//278
f 953//1188 958//1188 954//1188
f 954//280 958//280 959//280
f 954//275 959//275 955//275
f 955//281 959//281 960//281
f 955//276 960//276 956//276
f 956//282 960//282 961//282
f 956//277 961//277 957//277
f 957//283 961//283 962//283
f 957//278 962//278 911//278
f 911//284 962//284 909//285
f 958//286 963//286 959//286
f 959//287 963//287 964//287
f 959//281 964//281 960//281
f 960//288 964//288 965//288
f 960//282 965//282 961//282
f 961//289 965//289 966//289
f 961//283 966//1189 962//283
f 962//291 966//291 967//291
f 962//284 967//285 909//285
f 909//292 967//292 907//292
f 963//293 968//293 964//293
f 964//294 968//294 969//294
f 964//288 969//288 965//288
f 965//295 969//295 970//295
f 965//289 970//289 966//289
f 966//296 970//296 971//296
f 966//291 971//291 967//291
f 967//1190 971//298 972//298
f 967//292 972//292 907//292
f 907//299 972//299 905//299
f 968//300 973//300 969//300
f 969//301 973//301 974//301
f 969//295 974//295 970//295
f 970//302 974//302 975//1191
f 970//296 975//296 971//296
f 971//303 975//303 976//303
f 971//298 976//298 972//298
f 972//304 976//304 977//304
f 972//299 977//299 905//299
f 905//305 977//305 903//306
f 973//307 978//307 974//307
f 974//308 978//308 979//308
f 974//302 979//1191 975//1191
f 975//309 979//309 980//309
f 975//303 980//303 976//303
f 976//310 980//310 981//310
f 976//304 981//304 977//304
f 977//312 981//312 982//1192
f 977//305 982//306 903//306
f 903//313 982//313 876//313
f 978//314 983//314 979//314
f 979//315 983//315 984//315
f 979//309 984//309 980//309
f 980//316 984//316 985//316
f 980//310 985//310 981//310
f 981//317 985//317 986//317
f 981//312 986//1192 982//1192
f 982//318 986//318 874//318
f 982//313 874//313 876//313
f 983//319 987//320 984//321
f 984//321 987//320 988//322
f 984//316 988//316 985//316
f 985//324 988//324 989//324
f 985//317 989//317 986//317
f 986//325 989//325 872//325
f 986//318 872//318 874//318
f 987//326 990//1193 988//328
f 988//328 990//1193 991//329
f 988//324 991//324 989//324
f 989//1194 991//330 870//330
f 989//325 870//325 872//325
f 990//331 992//332 991//333
f 991//333 992//332 868//334
f 991//330 868//330 870//330
f 992//335 866//1176 868//148
f 861//133 993//336 859//131
f 859//337 993//337 994//337
f 859//129 994//129 857//129
f 857//338 994//338 995//338
f 857//126 995//126 855//126
f 855//339 995//339 996//340
f 855//123 996//123 853//123
f 853//1195 996//341 997//342
f 853//120 997//119 851//119
f 851//343 997//343 849//344
f 993//345 998//345 994//345
f 994//346 998//346 999//346
f 994//338 999//338 995//338
f 995//347 999//347 1000//347
f 995//339 1000//348 996//340
f 996//349 1000//349 1001//349
f 996//341 1001//342 997//342
f 997//350 1001//350 1002//351
f 997//343 1002//344 849//344
f 849//1196 1002//352 847//352
f 998//353 1003//353 999//353
f 999//354 1003//354 1004//354
f 999//347 1004//347 1000//347
f 1000//355 1004//355 1005//355
f 1000//349 1005//349 1001//349
f 1001//356 1005//356 1006//356
f 1001//350 1006//351 1002//351
f 1002//357 1006//358 1007//358
f 1002//352 1007//352 847//352
f 847//359 1007//360 845//361
f 1003//362 1008//362 1004//362
f 1004//363 1008//363 1009//363
f 1004//355 1009//355 1005//355
f 1005//364 1009//364 1010//364
f 1005//356 1010//356 1006//356
f 1006//365 1010//1197 1011//366
f 1006//358 1011//358 1007//358
f 1007//1198 1011//367 1012//367
f 1007//360 1012//368 845//361
f 845//369 1012//369 843//369
f 1008//370 1013//370 1009//370
f 1009//371 1013//371 1014//371
f 1009//364 1014//364 1010//364
f 1010//372 1014//372 1015//372
f 1010//1197 1015//366 1011//366
f 1011//373 1015//373 1016//373
f 1011//367 1016//367 1012//367
f 1012//374 1016//374 1017//375
f 1012//369 1017//376 843//369
f 843//377 1017//377 841//377
f 1013//378 1018//378 1014//378
f 1014//379 1018//379 1019//379
f 1014//372 1019//372 1015//372
f 1015//380 1019//380 1020//380
f 1015//373 1020//373 1016//373
f 1016//381 1020//381 1021//381
f 1016//374 1021//375 1017//375
f 1017//382 1021//382 1022//382
f 1017//377 1022//377 841//377
f 841//383 1022//384 839//385
f 1018//386 1023//386 1019//386
f 1019//387 1023//387 1024//387
f 1019//380 1024//380 1020//380
f 1020//388 1024//388 1025//389
f 1020//381 1025//381 1021//381
f 1021//390 1025//390 1026//390
f 1021//382 1026//382 1022//382
f 1022//392 1026//392 1027//401
f 1022//384 1027//385 839//385
f 839//395 1027//395 812//396
f 1023//397 1028//397 1024//397
f 1024//398 1028//398 1029//398
f 1024//388 1029//389 1025//389
f 1025//399 1029//399 1030//399
f 1025//390 1030//390 1026//390
f 1026//400 1030//400 1031//400
f 1026//392 1031//401 1027//401
f 1027//402 1031//402 810//403
f 1027//395 810//396 812//396
f 1028//404 1032//405 1029//406
f 1029//406 1032//405 1033//407
f 1029//399 1033//399 1030//399
f 1030//408 1033//408 1034//408
f 1030//400 1034//400 1031//400
f 1031//409 1034//409 808//409
f 1031//402 808//403 810//403
f 1032//410 1035//411 1033//412
f 1033//412 1035//411 1036//413
f 1033//408 1036//408 1034//408
f 1034//414 1036//415 806//415
f 1034//409 806//416 808//409
f 1035//417 1037//418 1036//419
f 1036//419 1037//418 804//420
f 1036//415 804//415 806//415
f 1037//421 802//53 804//55
f 797//40 1038//422 795//38
f 795//423 1038//423 1039//423
f 795//36 1039//36 793//36
f 793//424 1039//424 1040//424
f 793//425 1040//425 791//425
f 791//427 1040//428 1041//428
f 791//31 1041//31 789//31
f 789//429 1041//429 1042//429
f 789//28 1042//28 787//28
f 787//1199 1042//430 785//430
f 1038//431 1043//431 1039//431
f 1039//432 1043//432 1044//432
f 1039//424 1044//424 1040//424
f 1040//433 1044//433 1045//433
f 1040//428 1045//428 1041//428
f 1041//434 1045//434 1046//435
f 1041//429 1046//429 1042//429
f 1042//436 1046//436 1047//436
f 1042//430 1047//430 785//430
f 785//437 1047//437 783//438
f 1043//439 1048//439 1044//439
f 1044//440 1048//440 1049//440
f 1044//433 1049//441 1045//433
f 1045//442 1049//442 1050//442
f 1045//434 1050//435 1046//435
f 1046//443 1050//443 1051//443
f 1046//436 1051//436 1047//436
f 1047//444 1051//444 1052//455
f 1047//437 1052//445 783//438
f 783//446 1052//447 781//448
f 1048//449 1053//449 1049//449
f 1049//450 1053//450 1054//450
f 1049//442 1054//442 1050//442
f 1050//451 1054//452 1055//452
f 1050//443 1055//443 1051//443
f 1051//454 1055//454 1056//454
f 1051//444 1056//455 1052//455
f 1052//456 1056//457 1057//458
f 1052//447 1057//459 781//448
f 781//460 1057//460 779//460
f 1053//461 1058//461 1054//461
f 1054//462 1058//462 1059//462
f 1054//452 1059//452 1055//452
f 1055//463 1059//463 1060//463
f 1055//454 1060//454 1056//454
f 1056//464 1060//464 1061//464
f 1056//457 1061//458 1057//458
f 1057//465 1061//465 1062//465
f 1057//460 1062//460 779//460
f 779//466 1062//466 777//467
f 1058//468 1063//468 1059//468
f 1059//469 1063//469 1064//469
f 1059//463 1064//470 1060//463
f 1060//471 1064//471 1065//471
f 1060//464 1065//464 1061//464
f 1061//472 1065//472 1066//473
f 1061//465 1066//465 1062//465
f 1062//474 1066//474 1067//475
f 1062//466 1067//467 777//467
f 777//476 1067//476 775//484
f 1063//479 1068//479 1064//479
f 1064//480 1068//480 1069//480
f 1064//471 1069//471 1065//471
f 1065//481 1069//481 1070//481
f 1065//472 1070//473 1066//473
f 1066//482 1070//482 1071//482
f 1066//474 1071//475 1067//475
f 1067//483 1071//483 1072//483
f 1067//476 1072//484 775//484
f 775//485 1072//485 761//485
f 1068//487 1073//487 1069//487
f 1069//488 1073//488 1074//488
f 1069//481 1074//481 1070//481
f 1070//1200 1074//1200 1075//490
f 1070//482 1075//482 1071//482
f 1071//491 1075//492 1076//492
f 1071//483 1076//483 1072//483
f 1072//494 1076//494 1077//495
f 1072//485 1077//485 761//485
f 761//496 1077//496 763//497
f 1073//498 1078//499 1074//500
f 1074//500 1078//499 1079//501
f 1074//1200 1079//490 1075//490
f 1075//502 1079//502 1080//502
f 1075//492 1080//492 1076//492
f 1076//503 1080//503 1081//504
f 1076//494 1081//495 1077//495
f 1077//506 1081//506 765//507
f 1077//496 765//497 763//497
f 1078//508 1082//509 1079//510
f 1079//510 1082//509 1083//511
f 1079//502 1083//502 1080//502
f 1080//512 1083//512 1084//512
f 1080//503 1084//504 1081//504
f 1081//513 1084//513 767//513
f 1081//506 767//507 765//507
f 1082//514 1085//1201 1083//516
f 1083//516 1085//1201 1086//517
f 1083//512 1086//512 1084//512
f 1084//518 1086//518 769//518
f 1084//513 769//513 767//513
f 1085//519 773//520 1086//521
f 1086//521 773//520 771//522
f 1086//518 771//518 769//518
f 1087//523 1088//523 773//523
f 773//523 1088//523 1089//523
f 773//523 1089//523 774//523
f 774//523 1089//523 1090//523
f 774//523 1090//523 926//523
f 926//523 1090//523 1091//523
f 926//523 1091//523 925//523
f 925//523 1091//523 1092//523
f 925//523 1092//523 948//523
f 948//523 1092//523 1093//523
f 948//523 1093//523 953//523
f 953//523 1093//523 1094//523
f 953//523 1094//523 958//523
f 958//523 1094//523 1095//523
f 958//523 1095//523 963//523
f 963//523 1095//523 1096//523
f 963//523 1096//523 968//523
f 968//523 1096//523 1097//523
f 968//523 1097//523 973//523
f 973//523 1097//523 1098//523
f 973//523 1098//523 978//523
f 978//523 1098//523 1099//523
f 978//523 1099//523 983//523
f 983//523 1099//523 1100//523
f 983//523 1100//523 987//523
f 987//523 1100//523 1101//523
f 987//523 1101//523 990//523
f 990//523 1101//523 1102//523
f 990//523 1102//523 992//523
f 992//523 1102//523 1103//523
f 992//523 1103//523 866//523
f 866//523 1103//523 1104//523
f 866//523 1104//523 864//523
f 864//523 1104//523 1105//523
f 864//523 1105//523 862//523
f 862//523 1105//523 1106//523
f 862//523 1106//523 861//523
f 861//523 1106//523 1107//523
f 861//523 1107//523 993//523
f 993//523 1107//523 1108//523
f 993//523 1108//523 998//523
f 998//523 1108//523 1109//523
f 998//523 1109//523 1003//523
f 1003//523 1109//523 1110//523
f 1003//523 1110//523 1008//523
f 1008//523 1110//523 1111//523
f 1008//523 1111//523 1013//523
f 1013//523 1111//523 1112//523
f 1013//523 1112//523 1113//523
f 1013//523 1113//523 1018//523
f 1018//523 1113//523 1114//523
f 1018//523 1114//523 1023//523
f 1023//523 1114//523 1115//523
f 1023//523 1115//523 1028//523
f 1028//523 1115//523 1116//523
f 1028//523 1116//523 1032//523
f 1032//523 1116//523 1117//523
f 1032//523 1117//523 1035//523
f 1035//523 1117//523 1118//523
f 1035//523 1118//523 1037//523
f 1037//523 1118//523 1119//523
f 1037//523 1119//523 802//523
f 802//523 1119//523 1120//523
f 802//523 1120//523 800//523
f 800//523 1120//523 1121//523
f 800//523 1121//523 798//523
f 798//523 1121//523 1122//523
f 798//523 1122//523 797//523
f 797//523 1122//523 1123//523
f 797//523 1123//523 1038//523
f 1038//523 1123//523 1124//523
f 1038//523 1124//523 1043//523
f 1043//523 1124//523 1125//523
f 1043//523 1125//523 1048//523
f 1048//523 1125//523 1126//523
f 1048//523 1126//523 1053//523
f 1053//523 1126//523 1127//523
f 1053//523 1127//523 1058//523
f 1058//523 1127//523 1128//523
f 1058//523 1128//523 1063//523
f 1063//523 1128//523 1129//523
f 1063//523 1129//523 1068//523
f 1068//523 1129//523 1130//523
f 1068//523 1130//523 1073//523
f 1073//523 1130//523 1131//523
f 1073//523 1131//523 1078//523
f 1078//523 1131//523 1132//523
f 1078//523 1132//523 1082//523
f 1082//523 1132//523 1133//523
f 1082//523 1133//523 1085//523
f 1085//523 1133//523 1087//523
f 1085//523 1087//523 773//523
f 1134//524 760//524 1135//524
f 1135//524 760//524 762//524
f 1135//525 762//525 1136//525
f 1136//525 762//525 947//525
f 1136//526 947//526 1137//526
f 1137//526 947//526 945//526
f 1137//527 945//527 1138//527
f 1138//527 945//527 942//527
f 1138//528 942//528 1139//528
f 1139//528 942//528 938//528
f 1139//529 938//529 1140//529
f 1140//529 938//529 933//529
f 1140//530 933//530 1141//530
f 1141//530 933//530 928//530
f 1141//531 928//531 1142//531
f 1142//531 928//531 914//531
f 1142//532 914//532 1143//532
f 1143//532 914//532 912//532
f 1143//533 912//533 1144//533
f 1144//533 912//533 910//533
f 1144//534 910//534 1145//534
f 1145//534 910//534 908//534
f 1145//535 908//535 1146//535
f 1146//535 908//535 906//535
f 1146//536 906//536 1147//536
f 1147//536 906//536 904//536
f 1147//537 904//537 1148//537
f 1148//537 904//537 878//537
f 1148//538 878//538 1149//538
f 1149//538 878//538 877//538
f 1149//539 877//539 1150//539
f 1150//539 877//539 901//539
f 1150//540 901//540 1151//540
f 1151//540 901//540 898//540
f 1151//541 898//541 1152//541
f 1152//541 898//541 894//541
f 1152//542 894//542 1153//542
f 1153//542 894//542 889//542
f 1153//543 889//543 1154//543
f 1154//543 889//543 884//543
f 1154//544 884//544 1155//544
f 1155//544 884//544 879//544
f 1155//545 879//545 1156//545
f 1156//545 879//545 850//545
f 1156//546 850//546 1157//546
f 1157//546 850//546 848//546
f 1157//547 848//547 1158//547
f 1158//547 848//547 846//547
f 1158//548 846//548 1159//548
f 1159//548 846//548 844//548
f 1159//549 844//549 1160//549
f 1160//549 844//549 842//549
f 1160//550 842//550 1161//550
f 1161//550 842//550 840//550
f 1161//551 840//551 1162//551
f 1162//551 840//551 814//551
f 1162//552 814//552 1163//552
f 1163//552 814//552 813//552
f 1163//553 813//554 1164//554
f 1164//554 813//554 837//554
f 1164//555 837//555 1165//555
f 1165//555 837//555 834//555
f 1165//556 834//556 1166//556
f 1166//556 834//556 830//556
f 1166//557 830//557 1167//557
f 1167//557 830//557 825//557
f 1167//558 825//558 1168//558
f 1168//558 825//558 820//558
f 1168//559 820//559 1169//559
f 1169//559 820//559 815//559
f 1169//560 815//561 1170//560
f 1170//560 815//561 786//561
f 1170//562 786//562 1171//562
f 1171//562 786//562 784//562
f 1171//563 784//563 1172//563
f 1172//563 784//563 782//563
f 1172//564 782//564 1173//564
f 1173//564 782//564 780//564
f 1173//565 780//565 1174//565
f 1174//565 780//565 778//565
f 1174//566 778//566 1175//566
f 1175//566 778//566 776//566
f 1175//567 776//567 1134//567
f 1134//567 776//567 760//567
f 1176//568 1177//568 1178//568
f 1178//569 1177//569 1179//569
f 1178//570 1179//570 1180//570
f 1180//571 1179//571 1181//571
f 1180//572 1181//572 1182//572
f 1182//573 1181//573 1183//573
f 1182//574 1183//574 1184//574
f 1184//575 1183//575 1185//575
f 1184//576 1185//576 1186//576
f 1186//577 1185//577 1187//577
f 1186//578 1187//578 1188//578
f 1188//579 1187//579 1189//579
f 1188//580 1189//580 1190//580
f 1190//581 1189//581 1191//581
f 1190//582 1191//582 1192//582
f 1192//583 1191//583 1193//583
f 1192//1202 1193//1202 1194//1202
f 1194//1203 1193//1203 1195//1203
f 1194//1204 1195//1204 1196//1204
f 1196//587 1195//587 1197//587
f 1196//588 1197//588 1198//588
f 1198//589 1197//589 1199//589
f 1198//590 1199//590 1200//590
f 1200//591 1199//591 1201//591
f 1200//592 1201//592 1202//592
f 1202//593 1201//593 1203//593
f 1202//594 1203//594 1204//594
f 1204//595 1203//595 1205//595
f 1204//596 1205//596 1206//596
f 1206//597 1205//597 1207//597
f 1206//598 1207//598 1208//598
f 1208//599 1207//599 1209//599
f 1208//1205 1209//1205 1210//1205
f 1210//1206 1209//1206 1211//1206
f 1210//602 1211//602 1212//602
f 1212//603 1211//603 1213//603
f 1212//604 1213//604 1214//604
f 1214//1207 1213//1207 1215//1207
f 1214//606 1215//606 1216//606
f 1216//1208 1215//1208 1217//1208
f 1216//608 1217//608 1218//608
f 1218//609 1217//609 1219//609
f 1218//610 1219//610 1220//610
f 1220//611 1219//611 1221//611
f 1220//612 1221//612 1222//612
f 1222//613 1221//613 1223//613
f 1222//614 1223//614 1224//614
f 1224//1209 1223//1209 1225//1209
f 1224//616 1225//616 1226//616
f 1226//617 1225//617 1227//617
f 1226//618 1227//618 1228//618
f 1228//1210 1227//1210 1229//1210
f 1228//620 1229//620 1230//620
f 1230//1211 1229//1211 1231//1211
f 1230//1212 1231//1212 1232//1212
f 1232//623 1231//623 1233//623
f 1232//624 1233//624 1234//624
f 1234//625 1233//625 1235//625
f 1234//626 1235//626 1236//626
f 1236//627 1235//627 1237//627
f 1236//628 1237//628 1238//628
f 1238//629 1237//629 1239//629
f 1238//630 1239//630 1240//630
f 1240//631 1239//631 1241//631
f 1240//632 1241//632 1242//632
f 1242//633 1241//633 1243//633
f 1242//634 1243//634 1244//634
f 1244//1213 1243//1213 1245//1213
f 1244//1214 1245//1214 1246//1214
f 1246//637 1245//637 1247//637
f 1246//638 1247//638 1248//638
f 1248//639 1247//639 1249//639
f 1248//640 1249//640 1250//640
f 1250//641 1249//641 1251//641
f 1250//642 1251//642 1252//642
f 1252//643 1251//643 1253//643
f 1252//644 1253//644 1254//644
f 1254//645 1253//645 1255//645
f 1254//646 1255//646 1256//646
f 1256//647 1255//647 1257//647
f 1256//648 1257//648 1258//648
f 1258//649 1257//649 1259//649
f 1258//1215 1259//1215 1260//1215
f 1260//1216 1259//1216 1261//1216
f 1260//652 1261//652 1262//652
f 1262//653 1261//653 1263//653
f 1262//654 1263//654 1264//654
f 1264//655 1263//655 1265//655
f 1264//656 1265//656 1266//656
f 1266//657 1265//657 1267//657
f 1266//658 1267//658 1268//658
f 1268//659 1267//659 1269//659
f 1268//660 1269//660 1270//660
f 1270//661 1269//661 1271//661
f 1270//662 1271//662 1272//662
f 1272//663 1271//663 1273//663
f 1272//664 1273//664 1176//664
f 1176//665 1273//665 1177//665
f 1087//666 1274//666 1088//666
f 1088//667 1274//667 1275//667
f 1088//668 1275//668 1089//668
f 1089//669 1275//669 1276//669
f 1089//670 1276//670 1090//670
f 1090//671 1276//671 1277//671
f 1090//672 1277//672 1091//672
f 1091//673 1277//673 1278//673
f 1091//674 1278//674 1092//674
f 1092//675 1278//675 1279//675
f 1092//676 1279//676 1093//676
f 1093//677 1279//677 1280//677
f 1093//678 1280//678 1094//678
f 1094//679 1280//679 1281//679
f 1094//680 1281//681 1095//682
f 1095//682 1281//681 1282//683
f 1095//684 1282//685 1096//686
f 1096//686 1282//685 1283//687
f 1096//688 1283//689 1097//690
f 1097//690 1283//689 1284//691
f 1097//692 1284//693 1098//694
f 1098//694 1284//693 1285//695
f 1098//696 1285//697 1099//698
f 1099//698 1285//697 1286//699
f 1099//700 1286//1217 1100//702
f 1100//702 1286//1217 1287//703
f 1100//1218 1287//705 1288//1219
f 1288//707 1287//707 1289//707
f 1288//707 1289//707 1290//707
f 1290//708 1289//708 1291//708
f 1290//708 1291//708 1292//708
f 1292//709 1291//709 1293//709
f 1292//709 1293//709 1294//709
f 1294//710 1293//711 1251//712
f 1294//710 1251//712 1249//710
f 1274//713 1087//713 1295//713
f 1295//714 1087//714 1133//714
f 1295//715 1133//715 1296//715
f 1296//716 1133//716 1132//716
f 1296//717 1132//717 1297//717
f 1297//718 1132//718 1131//718
f 1297//719 1131//719 1298//719
f 1298//720 1131//720 1130//720
f 1298//721 1130//721 1299//721
f 1299//722 1130//722 1129//722
f 1299//723 1129//723 1300//723
f 1300//724 1129//725 1128//726
f 1300//724 1128//726 1301//727
f 1301//728 1128//729 1127//730
f 1301//728 1127//730 1302//731
f 1302//1220 1127//733 1126//734
f 1302//1220 1126//734 1303//735
f 1303//736 1126//737 1125//738
f 1303//736 1125//738 1304//739
f 1304//1221 1125//741 1124//742
f 1304//1221 1124//742 1305//743
f 1305//744 1124//745 1123//746
f 1305//744 1123//746 1306//747
f 1306//748 1123//749 1307//1222
f 1306//751 1307//751 1308//751
f 1308//752 1307//752 1309//752
f 1308//753 1309//754 1310//754
f 1310//755 1309//755 1311//755
f 1310//756 1311//757 1312//756
f 1312//1223 1311//1223 1313//758
f 1312//759 1313//759 1211//759
f 1211//1224 1313//1224 1213//760
f 1123//749 1122//761 1307//1222
f 1307//762 1122//763 1314//764
f 1307//752 1314//752 1309//752
f 1309//765 1314//765 1315//765
f 1309//755 1315//755 1311//755
f 1311//766 1315//767 1316//776
f 1311//1223 1316//1225 1313//758
f 1313//768 1316//768 1317//1226
f 1313//1224 1317//760 1213//760
f 1213//770 1317//770 1215//770
f 1122//763 1121//771 1314//764
f 1314//772 1121//773 1318//774
f 1314//765 1318//765 1315//765
f 1315//775 1318//775 1319//775
f 1315//767 1319//776 1316//776
f 1316//777 1319//777 1320//777
f 1316//768 1320//769 1317//1226
f 1317//778 1320//778 1321//1227
f 1317//770 1321//1228 1215//770
f 1215//779 1321//779 1217//780
f 1121//773 1120//781 1318//774
f 1318//782 1120//783 1322//1229
f 1318//775 1322//775 1319//775
f 1319//786 1322//786 1323//786
f 1319//777 1323//777 1320//777
f 1320//787 1323//787 1324//787
f 1320//778 1324//1227 1321//1227
f 1321//1230 1324//1230 1325//788
f 1321//779 1325//780 1217//780
f 1217//789 1325//789 1219//789
f 1120//783 1119//790 1322//1229
f 1322//791 1119//792 1326//793
f 1322//786 1326//786 1323//786
f 1323//795 1326//795 1327//796
f 1323//787 1327//787 1324//787
f 1324//797 1327//797 1328//798
f 1324//1230 1328//788 1325//788
f 1325//799 1328//799 1329//800
f 1325//789 1329//789 1219//789
f 1219//801 1329//801 1221//801
f 1119//792 1118//802 1326//793
f 1326//803 1118//804 1330//805
f 1326//795 1330//796 1327//796
f 1327//806 1330//806 1331//806
f 1327//797 1331//798 1328//798
f 1328//807 1331//807 1332//808
f 1328//799 1332//800 1329//800
f 1329//809 1332//809 1333//1231
f 1329//801 1333//801 1221//801
f 1221//813 1333//813 1223//813
f 1118//804 1117//814 1330//805
f 1330//815 1117//815 1334//815
f 1330//806 1334//806 1331//806
f 1331//816 1334//816 1335//817
f 1331//807 1335//808 1332//808
f 1332//818 1335//818 1336//819
f 1332//809 1336//810 1333//1231
f 1333//821 1336//821 1337//822
f 1333//813 1337//813 1223//813
f 1223//823 1337//823 1225//825
f 1117//826 1116//826 1334//826
f 1334//827 1116//827 1338//827
f 1334//816 1338//828 1335//817
f 1335//1232 1338//1232 1339//829
f 1335//818 1339//819 1336//819
f 1336//830 1339//830 1340//831
f 1336//821 1340//822 1337//822
f 1337//832 1340//832 1341//833
f 1337//823 1341//825 1225//825
f 1225//835 1341//835 1227//835
f 1116//836 1115//836 1338//836
f 1338//837 1115//837 1342//837
f 1338//1232 1342//829 1339//829
f 1339//838 1342//838 1343//838
f 1339//830 1343//831 1340//831
f 1340//839 1343//839 1344//839
f 1340//832 1344//833 1341//833
f 1341//840 1344//840 1345//840
f 1341//835 1345//835 1227//835
f 1227//841 1345//841 1229//841
f 1115//842 1114//842 1342//842
f 1342//843 1114//843 1346//843
f 1342//838 1346//838 1343//838
f 1343//844 1346//844 1347//844
f 1343//839 1347//839 1344//839
f 1344//845 1347//845 1348//845
f 1344//840 1348//840 1345//840
f 1345//846 1348//846 1349//846
f 1345//841 1349//841 1229//841
f 1229//847 1349//847 1231//849
f 1114//850 1113//850 1346//850
f 1346//851 1113//851 1350//851
f 1346//844 1350//844 1347//844
f 1347//1233 1350//1233 1351//1234
f 1347//845 1351//845 1348//845
f 1348//853 1351//853 1352//853
f 1348//846 1352//846 1349//846
f 1349//854 1352//854 1353//855
f 1349//847 1353//849 1231//849
f 1231//856 1353//856 1233//856
f 1113//857 1112//857 1350//857
f 1350//858 1112//858 1354//858
f 1350//1233 1354//1234 1351//1234
f 1351//1235 1354//1235 1355//1235
f 1351//853 1355//853 1352//853
f 1352//861 1355//861 1356//861
f 1352//854 1356//855 1353//855
f 1353//862 1356//862 1357//863
f 1353//856 1357//856 1233//856
f 1233//864 1357//865 1235//865
f 1112//866 1111//866 1354//866
f 1354//867 1111//867 1358//867
f 1354//1235 1358//860 1355//1235
f 1355//868 1358//868 1359//868
f 1355//861 1359//861 1356//861
f 1356//869 1359//869 1360//870
f 1356//862 1360//863 1357//863
f 1357//871 1360//871 1361//872
f 1357//865 1361//873 1235//865
f 1235//874 1361//874 1237//875
f 1111//876 1110//876 1358//876
f 1358//877 1110//877 1362//877
f 1358//868 1362//868 1359//868
f 1359//878 1362//878 1363//878
f 1359//869 1363//870 1360//870
f 1360//879 1363//879 1364//880
f 1360//871 1364//872 1361//872
f 1361//881 1364//881 1365//882
f 1361//874 1365//875 1237//875
f 1237//883 1365//883 1239//883
f 1110//884 1109//884 1362//884
f 1362//885 1109//885 1366//885
f 1362//878 1366//878 1363//878
f 1363//886 1366//886 1367//886
f 1363//879 1367//880 1364//880
f 1364//888 1367//888 1368//888
f 1364//881 1368//882 1365//882
f 1365//889 1368//889 1369//1236
f 1365//883 1369//883 1239//883
f 1239//891 1369//891 1241//891
f 1109//892 1108//892 1366//892
f 1366//893 1108//893 1370//893
f 1366//886 1370//886 1367//886
f 1367//894 1370//894 1371//894
f 1367//888 1371//888 1368//888
f 1368//895 1371//895 1372//896
f 1368//889 1372//1236 1369//1236
f 1369//897 1372//897 1373//898
f 1369//891 1373//891 1241//891
f 1241//900 1373//900 1243//1237
f 1108//901 1107//901 1370//901
f 1370//902 1107//902 1374//902
f 1370//894 1374//894 1371//894
f 1371//903 1374//903 1375//903
f 1371//895 1375//896 1372//896
f 1372//904 1375//904 1376//905
f 1372//897 1376//898 1373//898
f 1373//1238 1376//1238 1377//906
f 1373//900 1377//1237 1243//1237
f 1243//907 1377//907 1245//907
f 1107//908 1106//908 1374//908
f 1374//909 1106//909 1378//909
f 1374//903 1378//903 1375//903
f 1375//910 1378//910 1379//910
f 1375//904 1379//905 1376//905
f 1376//1239 1379//912 1380//912
f 1376//1238 1380//906 1377//906
f 1377//914 1380//914 1381//914
f 1377//907 1381//907 1245//907
f 1245//915 1381//916 1247//916
f 1106//917 1105//918 1378//919
f 1378//919 1105//918 1382//920
f 1378//910 1382//910 1379//910
f 1379//921 1382//921 1383//922
f 1379//912 1383//1240 1380//912
f 1380//923 1383//923 1384//924
f 1380//914 1384//1241 1381//914
f 1381//925 1384//925 1385//926
f 1381//916 1385//916 1247//916
f 1247//927 1385//927 1249//927
f 1105//928 1104//929 1382//930
f 1382//930 1104//929 1386//931
f 1382//921 1386//932 1383//922
f 1383//933 1386//933 1387//933
f 1383//923 1387//924 1384//924
f 1384//934 1387//934 1388//934
f 1384//925 1388//926 1385//926
f 1385//935 1388//935 1294//935
f 1385//927 1294//927 1249//927
f 1104//936 1103//937 1386//1242
f 1386//1242 1103//937 1389//939
f 1386//933 1389//933 1387//933
f 1387//940 1389//940 1390//941
f 1387//934 1390//934 1388//934
f 1388//942 1390//942 1292//942
f 1388//935 1292//935 1294//935
f 1103//943 1102//944 1389//1243
f 1389//1243 1102//944 1391//946
f 1389//940 1391//941 1390//941
f 1390//947 1391//947 1290//947
f 1390//942 1290//942 1292//942
f 1102//948 1101//949 1391//950
f 1391//950 1101//949 1288//951
f 1391//947 1288//947 1290//947
f 1101//952 1100//1218 1288//1219
f 1177//953 1392//953 1179//953
f 1179//953 1392//953 1393//953
f 1179//954 1393//954 1181//954
f 1181//954 1393//954 1394//954
f 1181//955 1394//955 1183//956
f 1183//956 1394//955 1395//956
f 1183//1244 1395//1244 1185//1245
f 1185//1245 1395//1244 1396//1245
f 1185//959 1396//959 1187//959
f 1187//959 1396//959 1397//959
f 1187//960 1397//960 1189//960
f 1189//960 1397//960 1398//960
f 1189//961 1398//961 1191//961
f 1191//961 1398//961 1399//961
f 1191//962 1399//962 1193//1246
f 1193//1246 1399//962 1400//963
f 1193//964 1400//964 1195//964
f 1195//964 1400//964 1401//964
f 1195//1247 1401//965 1197//965
f 1197//965 1401//965 1402//965
f 1197//966 1402//966 1199//967
f 1199//967 1402//966 1403//967
f 1199//968 1403//968 1201//969
f 1201//969 1403//968 1404//969
f 1201//970 1404//970 1203//971
f 1203//971 1404//970 1405//971
f 1203//972 1405//972 1205//972
f 1205//972 1405//972 1406//972
f 1205//973 1406//973 1207//974
f 1207//974 1406//973 1407//975
f 1207//976 1407//976 1209//977
f 1209//977 1407//976 1312//977
f 1209//759 1312//759 1211//759
f 1392//978 1408//978 1393//978
f 1393//978 1408//978 1409//978
f 1393//980 1409//980 1394//980
f 1394//980 1409//980 1410//980
f 1394//981 1410//981 1395//981
f 1395//981 1410//981 1411//981
f 1395//984 1411//984 1396//984
f 1396//984 1411//984 1412//984
f 1396//986 1412//986 1397//986
f 1397//986 1412//986 1413//986
f 1397//987 1413//987 1398//987
f 1398//987 1413//987 1414//987
f 1398//988 1414//988 1399//1248
f 1399//1248 1414//988 1415//1248
f 1399//989 1415//989 1400//989
f 1400//989 1415//989 1416//989
f 1400//990 1416//990 1401//990
f 1401//990 1416//990 1417//1249
f 1401//1250 1417//991 1402//992
f 1402//992 1417//991 1418//992
f 1402//993 1418//994 1403//994
f 1403//994 1418//994 1419//994
f 1403//995 1419//995 1404//996
f 1404//996 1419//995 1420//996
f 1404//997 1420//998 1405//999
f 1405//999 1420//998 1421//999
f 1405//1000 1421//1000 1406//1000
f 1406//1000 1421//1000 1422//1000
f 1406//1001 1422//1001 1407//1001
f 1407//1001 1422//1001 1310//1001
f 1407//756 1310//756 1312//756
f 1392//1002 1177//1002 1423//1002
f 1423//1002 1177//1002 1273//1002
f 1423//1003 1273//1003 1424//1003
f 1424//1003 1273//1003 1271//1003
f 1424//1004 1271//1004 1425//1251
f 1425//1251 1271//1004 1269//1251
f 1425//1006 1269//1006 1426//1007
f 1426//1007 1269//1006 1267//1007
f 1426//1252 1267//1008 1427//1008
f 1427//1008 1267//1008 1265//1008
f 1427//1009 1265//1009 1428//1009
f 1428//1009 1265//1009 1263//1009
f 1428//1010 1263//1010 1429//1010
f 1429//1010 1263//1010 1261//1010
f 1429//1011 1261//1011 1430//1012
f 1430//1012 1261//1011 1259//1012
f 1430//1013 1259//1013 1431//1014
f 1431//1014 1259//1013 1257//1014
f 1431//1015 1257//1015 1432//1016
f 1432//1016 1257//1015 1255//1016
f 1432//1017 1255//1017 1433//1018
f 1433//1018 1255//1017 1253//1018
f 1433//1019 1253//1019 1293//1019
f 1293//1019 1253//1019 1251//1019
f 1408//1020 1434//1020 1409//1020
f 1409//1020 1434//1020 1435//1020
f 1409//1021 1435//1021 1410//1022
f 1410//1022 1435//1021 1436//1022
f 1410//1253 1436//1253 1411//1023
f 1411//1023 1436//1253 1437//1023
f 1411//1024 1437//1024 1412//1025
f 1412//1025 1437//1024 1438//1025
f 1412//1026 1438//1026 1413//1026
f 1413//1026 1438//1026 1439//1026
f 1413//1027 1439//1027 1414//1027
f 1414//1027 1439//1027 1440//1027
f 1414//1028 1440//1028 1415//1028
f 1415//1028 1440//1028 1441//1028
f 1415//1029 1441//1029 1416//1031
f 1416//1031 1441//1029 1442//1031
f 1416//1032 1442//1032 1417//1032
f 1417//1032 1442//1032 1443//1032
f 1417//1034 1443//1034 1418//1034
f 1418//1034 1443//1034 1444//1034
f 1418//1035 1444//1035 1419//1035
f 1419//1035 1444//1035 1445//1035
f 1419//1036 1445//1036 1420//1036
f 1420//1036 1445//1036 1446//1036
f 1420//1037 1446//1037 1421//1037
f 1421//1037 1446//1037 1447//1037
f 1421//1038 1447//1038 1422//1038
f 1422//1038 1447//1038 1308//1038
f 1422//753 1308//753 1310//754
f 1408//1039 1392//1039 1448//1039
f 1448//1039 1392//1039 1423//1039
f 1448//1040 1423//1040 1449//1041
f 1449//1041 1423//1040 1424//1041
f 1449//1042 1424//1042 1450//1043
f 1450//1043 1424//1042 1425//1043
f 1450//1044 1425//1044 1451//1044
f 1451//1044 1425//1044 1426//1044
f 1451//1045 1426//1045 1452//1046
f 1452//1046 1426//1045 1427//1046
f 1452//1047 1427//1047 1453//1048
f 1453//1048 1427//1047 1428//1049
f 1453//1050 1428//1050 1454//1050
f 1454//1050 1428//1050 1429//1050
f 1454//1051 1429//1051 1455//1052
f 1455//1052 1429//1051 1430//1052
f 1455//1053 1430//1053 1456//1053
f 1456//1053 1430//1053 1431//1053
f 1456//1054 1431//1054 1457//1054
f 1457//1054 1431//1054 1432//1054
f 1457//1055 1432//1055 1458//1056
f 1458//1056 1432//1055 1433//1056
f 1458//1057 1433//1057 1291//1057
f 1291//1057 1433//1057 1293//1057
f 1434//1058 1275//1058 1435//1058
f 1435//1058 1275//1058 1274//1058
f 1435//1059 1274//1059 1436//1059
f 1436//1059 1274//1059 1295//1059
f 1436//1060 1295//1060 1437//1060
f 1437//1060 1295//1060 1296//1060
f 1437//1061 1296//1061 1438//1061
f 1438//1061 1296//1061 1297//1061
f 1438//1062 1297//1062 1439//1062
f 1439//1062 1297//1062 1298//1062
f 1439//1064 1298//1064 1440//1064
f 1440//1064 1298//1064 1299//1064
f 1440//1065 1299//1065 1441//1065
f 1441//1065 1299//1065 1300//1065
f 1441//1066 1300//1066 1442//1066
f 1442//1066 1300//1066 1301//1066
f 1442//1067 1301//1067 1443//1067
f 1443//1067 1301//1067 1302//1067
f 1443//1068 1302//1068 1444//1068
f 1444//1068 1302//1068 1303//1068
f 1444//1069 1303//1069 1445//1070
f 1445//1070 1303//1069 1304//1070
f 1445//1071 1304//1071 1446//1071
f 1446//1071 1304//1071 1305//1071
f 1446//1072 1305//1072 1447//1072
f 1447//1072 1305//1072 1306//1072
f 1447//751 1306//751 1308//751
f 1434//1074 1408//1074 1459//1075
f 1459//1075 1408//1074 1448//1075
f 1459//1076 1448//1076 1460//1077
f 1460//1077 1448//1076 1449//1077
f 1460//1078 1449//1078 1461//1078
f 1461//1078 1449//1078 1450//1078
f 1461//1079 1450//1079 1462//1079
f 1462//1079 1450//1079 1451//1079
f 1462//1080 1451//1080 1463//1080
f 1463//1080 1451//1080 1452//1080
f 1463//1081 1452//1081 1464//1081
f 1464//1081 1452//1081 1453//1081
f 1464//1082 1453//1082 1465//1082
f 1465//1082 1453//1082 1454//1082
f 1465//1083 1454//1083 1466//1084
f 1466//1084 1454//1083 1455//1084
f 1466//1085 1455//1085 1467//1085
f 1467//1085 1455//1085 1456//1085
f 1467//1086 1456//1086 1468//1087
f 1468//1087 1456//1086 1457//1087
f 1468//1088 1457//1088 1469//1089
f 1469//1089 1457//1088 1458//1089
f 1469//1090 1458//1090 1289//1091
f 1289//1091 1458//1090 1291//1091
f 1275//1092 1434//1092 1276//1092
f 1276//1092 1434//1092 1459//1092
f 1276//1093 1459//1093 1277//1093
f 1277//1093 1459//1093 1460//1093
f 1277//1254 1460//1094 1278//1094
f 1278//1094 1460//1094 1461//1094
f 1278//1095 1461//1095 1279//1255
f 1279//1255 1461//1095 1462//1255
f 1279//1096 1462//1096 1280//1096
f 1280//1096 1462//1096 1463//1096
f 1280//1097 1463//1097 1281//1097
f 1281//1097 1463//1097 1464//1097
f 1281//1098 1464//1098 1282//1099
f 1282//1099 1464//1098 1465//1099
f 1282//1100 1465//1100 1283//1100
f 1283//1100 1465//1100 1466//1100
f 1283//1101 1466//1101 1284//1101
f 1284//1101 1466//1101 1467//1101
f 1284//1102 1467//1102 1285//1102
f 1285//1102 1467//1102 1468//1102
f 1285//1103 1468//1103 1286//1103
f 1286//1103 1468//1103 1469//1103
f 1286//1104 1469//1104 1287//1105
f 1287//1105 1469//1104 1289//1105
f 1470//1106 1176//1106 1471//1106
f 1471//1106 1176//1106 1178//1106
f 1471//1107 1178//1107 1472//1107
f 1472//1107 1178//1107 1180//1107
f 1472//1108 1180//1109 1473//1109
f 1473//1109 1180//1109 1182//1109
f 1473//1110 1182//1110 1474//1110
f 1474//1110 1182//1110 1184//1110
f 1474//1111 1184//1111 1475//1111
f 1475//1111 1184//1111 1186//1111
f 1475//1112 1186//1112 1476//1112
f 1476//1112 1186//1112 1188//1112
f 1476//1113 1188//1113 1477//1113
f 1477//1113 1188//1113 1190//1113
f 1477//1114 1190//1114 1478//1114
f 1478//1114 1190//1114 1192//1114
f 1478//1115 1192//1115 1479//1115
f 1479//1115 1192//1115 1194//1115
f 1479//1116 1194//1116 1480//1116
f 1480//1116 1194//1116 1196//1116
f 1480//1117 1196//1117 1481//1117
f 1481//1117 1196//1117 1198//1117
f 1481//1118 1198//1118 1482//1118
f 1482//1118 1198//1118 1200//1118
f 1482//1119 1200//1119 1483//1119
f 1483//1119 1200//1119 1202//1119
f 1483//1120 1202//1120 1484//1120
f 1484//1120 1202//1120 1204//1120
f 1484//1121 1204//1121 1485//1121
f 1485//1121 1204//1121 1206//1121
f 1485//1122 1206//1122 1486//1122
f 1486//1122 1206//1122 1208//1122
f 1486//1123 1208//1123 1487//1123
f 1487//1123 1208//1123 1210//1123
f 1487//1124 1210//1124 1488//1124
f 1488//1124 1210//1124 1212//1124
f 1488//1125 1212//1125 1489//1125
f 1489//1125 1212//1125 1214//1125
f 1489//1126 1214//1127 1490//1126
f 1490//1126 1214//1127 1216//1127
f 1490//1128 1216//1128 1491//1128
f 1491//1128 1216//1128 1218//1128
f 1491//1129 1218//1129 1492//1129
f 1492//1129 1218//1129 1220//1129
f 1492//1130 1220//1130 1493//1130
f 1493//1130 1220//1130 1222//1130
f 1493//1131 1222//1131 1494//1131
f 1494//1131 1222//1131 1224//1131
f 1494//1132 1224//1132 1495//1132
f 1495//1132 1224//1132 1226//1132
f 1495//1133 1226//1133 1496//1133
f 1496//1133 1226//1133 1228//1133
f 1496//1134 1228//1134 1497//1134
f 1497//1134 1228//1134 1230//1134
f 1497//1135 1230//1135 1498//1135
f 1498//1135 1230//1135 1232//1135
f 1498//1136 1232//1137 1499//1136
f 1499//1136 1232//1137 1234//1137
f 1499//1138 1234//1138 1500//1138
f 1500//1138 1234//1138 1236//1138
f 1500//1139 1236//1139 1501//1139
f 1501//1139 1236//1139 1238//1139
f 1501//1140 1238//1140 1502//1140
f 1502//1140 1238//1140 1240//1140
f 1502//1141 1240//1141 1503//1141
f 1503//1141 1240//1141 1242//1141
f 1503//1142 1242//1142 1504//1142
f 1504//1142 1242//1142 1244//1142
f 1504//1143 1244//1143 1505//1143
f 1505//1143 1244//1143 1246//1143
f 1505//1144 1246//1144 1506//1144
f 1506//1144 1246//1144 1248//1144
f 1506//1145 1248//1145 1507//1145
f 1507//1145 1248//1145 1250//1145
f 1507//1146 1250//1146 1508//1146
f 1508//1146 1250//1146 1252//1146
f 1508//1147 1252//1147 1509//1147
f 1509//1147 1252//1147 1254//1147
f 1509//1148 1254//1148 1510//1148
f 1510//1148 1254//1148 1256//1148
f 1510//1149 1256//1149 1511//1149
f 1511//1149 1256//1149 1258//1149
f 1511//1150 1258//1150 1512//1150
f 1512//1150 1258//1150 1260//1150
f 1512//1151 1260//1151 1513//1151
f 1513//1151 1260//1151 1262//1151
f 1513//1152 1262//1152 1514//1152
f 1514//1152 1262//1152 1264//1152
f 1514//1153 1264//1153 1515//1153
f 1515//1153 1264//1153 1266//1153
f 1515//1154 1266//1154 1516//1154
f 1516//1154 1266//1154 1268//1154
f 1516//1155 1268//1155 1517//1155
f 1517//1155 1268//1155 1270//1155
f 1517//1156 1270//1156 1518//1156
f 1518//1156 1270//1156 1272//1156
f 1518//1157 1272//1157 1470//1157
f 1470//1157 1272//1157 1176//1157
f 1519//1 1520//1 1521//1
f 1521//2 1520//2 1522//2
f 1521//3 1522//3 1523//3
f 1523//4 1522//5 1524//5
f 1523//4 1524//5 1525//4
f 1525//6 1524//7 1526//7
f 1525//6 1526//7 1527//6
f 1527//8 1526//8 1528//8
f 1527//8 1528//8 1529//8
f 1529//9 1528//9 1530//9
f 1529//9 1530//9 1531//9
f 1531//1160 1530//11 1532//12
f 1531//1160 1532//12 1533//13
f 1520//14 1519//14 1534//14
f 1534//15 1519//15 1535//15
f 1534//16 1535//16 1536//16
f 1536//17 1535//17 1537//17
f 1536//18 1537//18 1538//18
f 1538//19 1537//19 1539//19
f 1538//20 1539//20 1540//20
f 1540//21 1539//21 1541//21
f 1540//22 1541//22 1542//22
f 1542//23 1541//23 1543//23
f 1542//24 1543//24 1544//24
f 1544//1163 1543//1163 1545//1163
f 1544//26 1545//26 1546//26
f 1546//27 1545//27 1547//27
f 1546//1256 1547//28 1548//28
f 1548//29 1547//29 1549//30
f 1548//31 1549//32 1550//32
f 1550//33 1549//33 1551//33
f 1550//34 1551//34 1552//34
f 1552//35 1551//35 1553//35
f 1552//36 1553//36 1554//36
f 1554//37 1553//37 1555//37
f 1554//38 1555//39 1556//40
f 1556//41 1555//42 1557//1257
f 1557//1257 1555//42 1558//44
f 1557//45 1558//46 1559//47
f 1559//47 1558//46 1560//48
f 1559//49 1560//50 1561//51
f 1561//51 1560//50 1562//52
f 1561//1258 1562//54 1563//55
f 1563//56 1562//57 1564//57
f 1563//56 1564//57 1565//56
f 1565//58 1564//58 1566//58
f 1565//58 1566//58 1567//58
f 1567//59 1566//59 1568//59
f 1567//59 1568//59 1569//60
f 1569//61 1568//1259 1570//1259
f 1569//61 1570//1259 1571//61
f 1571//1260 1570//1260 1572//1260
f 1571//63 1572//63 1573//63
f 1545//1261 1574//1261 1547//1261
f 1547//65 1574//65 1575//65
f 1547//29 1575//30 1549//30
f 1549//66 1575//66 1576//66
f 1549//33 1576//33 1551//33
f 1551//67 1576//67 1577//68
f 1551//35 1577//35 1553//35
f 1553//69 1577//69 1578//69
f 1553//37 1578//37 1555//37
f 1555//71 1578//71 1558//71
f 1574//72 1579//72 1575//72
f 1575//73 1579//73 1580//73
f 1575//66 1580//66 1576//66
f 1576//75 1580//75 1581//75
f 1576//67 1581//68 1577//68
f 1577//76 1581//76 1582//77
f 1577//69 1582//69 1578//69
f 1578//78 1582//78 1583//79
f 1578//71 1583//71 1558//71
f 1558//80 1583//80 1560//80
f 1579//81 1584//81 1580//81
f 1580//82 1584//82 1585//82
f 1580//75 1585//75 1581//75
f 1581//83 1585//83 1586//83
f 1581//76 1586//77 1582//77
f 1582//84 1586//84 1587//84
f 1582//78 1587//79 1583//79
f 1583//86 1587//86 1588//86
f 1583//80 1588//1262 1560//80
f 1560//87 1588//87 1562//87
f 1584//88 1589//88 1585//88
f 1585//89 1589//89 1590//89
f 1585//83 1590//83 1586//83
f 1586//90 1590//90 1591//90
f 1586//84 1591//85 1587//84
f 1587//91 1591//91 1592//91
f 1587//86 1592//86 1588//86
f 1588//92 1592//92 1564//93
f 1588//87 1564//87 1562//87
f 1589//94 1593//94 1590//94
f 1590//95 1593//95 1594//95
f 1590//90 1594//90 1591//90
f 1591//96 1594//96 1595//97
f 1591//91 1595//91 1592//91
f 1592//98 1595//98 1566//99
f 1592//92 1566//93 1564//93
f 1593//100 1596//100 1594//100
f 1594//101 1596//101 1597//101
f 1594//96 1597//97 1595//97
f 1595//102 1597//102 1568//1263
f 1595//98 1568//99 1566//99
f 1596//1169 1572//1169 1597//1169
f 1597//104 1572//104 1570//104
f 1597//102 1570//1264 1568//1263
f 1571//105 1573//105 1598//105
f 1598//106 1573//106 1599//106
f 1598//107 1599//107 1600//107
f 1600//108 1599//108 1601//108
f 1600//109 1601//109 1602//109
f 1602//110 1601//110 1603//110
f 1602//111 1603//111 1604//111
f 1604//112 1603//112 1605//112
f 1604//113 1605//113 1606//113
f 1606//114 1605//114 1607//114
f 1606//115 1607//115 1608//115
f 1608//116 1607//116 1609//116
f 1608//117 1609//117 1610//117
f 1610//118 1609//118 1611//118
f 1610//119 1611//120 1612//120
f 1612//121 1611//121 1613//121
f 1612//123 1613//123 1614//123
f 1614//1265 1613//124 1615//124
f 1614//126 1615//126 1616//126
f 1616//128 1615//128 1617//128
f 1616//129 1617//129 1618//129
f 1618//130 1617//130 1619//130
f 1618//1266 1619//132 1620//133
f 1620//134 1619//135 1621//136
f 1621//136 1619//135 1622//137
f 1621//138 1622//1173 1623//140
f 1623//140 1622//1173 1624//141
f 1623//142 1624//1174 1625//1267
f 1625//1267 1624//1174 1626//145
f 1625//146 1626//147 1627//148
f 1627//149 1626//150 1628//149
f 1627//149 1628//149 1629//149
f 1629//151 1628//151 1630//151
f 1629//151 1630//151 1631//151
f 1631//152 1630//153 1632//152
f 1631//152 1632//152 1633//152
f 1633//154 1632//155 1634//155
f 1633//154 1634//155 1635//154
f 1635//156 1634//156 1636//156
f 1635//1178 1636//1178 1637//1178
f 1609//158 1638//158 1611//158
f 1611//159 1638//159 1639//159
f 1611//121 1639//121 1613//121
f 1613//1179 1639//1179 1640//161
f 1613//124 1640//124 1615//124
f 1615//162 1640//162 1641//1268
f 1615//128 1641//128 1617//128
f 1617//164 1641//164 1642//164
f 1617//130 1642//130 1619//130
f 1619//165 1642//165 1622//165
f 1638//166 1643//166 1639//166
f 1639//167 1643//167 1644//167
f 1639//1179 1644//161 1640//161
f 1640//168 1644//168 1645//168
f 1640//162 1645//1268 1641//1268
f 1641//170 1645//170 1646//170
f 1641//164 1646//164 1642//164
f 1642//1180 1646//171 1647//172
f 1642//165 1647//165 1622//165
f 1622//1269 1647//1269 1624//173
f 1643//174 1648//174 1644//174
f 1644//175 1648//175 1649//175
f 1644//168 1649//168 1645//168
f 1645//176 1649//176 1650//176
f 1645//170 1650//170 1646//170
f 1646//177 1650//177 1651//177
f 1646//171 1651//172 1647//172
f 1647//178 1651//178 1652//178
f 1647//1269 1652//173 1624//173
f 1624//179 1652//179 1626//179
f 1648//1270 1653//1270 1649//1270
f 1649//1271 1653//1271 1654//1271
f 1649//176 1654//176 1650//176
f 1650//182 1654//182 1655//182
f 1650//177 1655//177 1651//177
f 1651//183 1655//183 1656//183
f 1651//178 1656//178 1652//178
f 1652//184 1656//184 1628//184
f 1652//179 1628//179 1626//179
f 1653//1272 1657//1272 1654//1272
f 1654//186 1657//186 1658//186
f 1654//182 1658//182 1655//182
f 1655//188 1658//188 1659//188
f 1655//183 1659//183 1656//183
f 1656//189 1659//189 1630//190
f 1656//184 1630//191 1628//184
f 1657//1273 1660//1273 1658//1273
f 1658//193 1660//193 1661//193
f 1658//188 1661//188 1659//188
f 1659//194 1661//194 1632//194
f 1659//189 1632//190 1630//190
f 1660//195 1636//195 1661//195
f 1661//196 1636//196 1634//196
f 1661//194 1634//194 1632//194
f 1635//197 1637//197 1662//197
f 1662//198 1637//198 1663//198
f 1662//199 1663//199 1664//199
f 1664//200 1663//200 1665//200
f 1664//201 1665//201 1666//201
f 1666//202 1665//202 1667//202
f 1666//203 1667//203 1668//203
f 1668//204 1667//204 1669//204
f 1668//205 1669//205 1670//205
f 1670//206 1669//206 1671//206
f 1670//207 1671//207 1672//207
f 1672//208 1671//208 1673//208
f 1672//209 1673//209 1674//209
f 1674//210 1673//210 1675//210
f 1674//211 1675//211 1676//211
f 1676//212 1675//212 1677//212
f 1676//213 1677//213 1678//213
f 1678//214 1677//214 1679//214
f 1678//215 1679//216 1680//1274
f 1680//217 1679//217 1681//217
f 1680//219 1681//219 1682//219
f 1682//220 1681//220 1683//220
f 1682//221 1683//222 1684//223
f 1684//224 1683//225 1685//226
f 1685//226 1683//225 1686//227
f 1685//228 1686//229 1533//1275
f 1533//1275 1686//229 1531//231
f 1673//232 1687//232 1675//232
f 1675//233 1687//233 1688//233
f 1675//212 1688//212 1677//212
f 1677//234 1688//234 1689//235
f 1677//214 1689//214 1679//214
f 1679//236 1689//236 1690//236
f 1679//217 1690//218 1681//217
f 1681//237 1690//237 1691//237
f 1681//220 1691//220 1683//220
f 1683//238 1691//238 1686//238
f 1687//1276 1692//1276 1688//1276
f 1688//1277 1692//1277 1693//1277
f 1688//234 1693//235 1689//235
f 1689//241 1693//241 1694//241
f 1689//236 1694//236 1690//236
f 1690//1278 1694//1278 1695//242
f 1690//237 1695//237 1691//237
f 1691//243 1695//243 1696//243
f 1691//238 1696//238 1686//238
f 1686//244 1696//244 1531//244
f 1692//1279 1697//1279 1693//1279
f 1693//1280 1697//1280 1698//1280
f 1693//241 1698//241 1694//241
f 1694//248 1698//248 1699//248
f 1694//1278 1699//242 1695//242
f 1695//249 1699//249 1700//249
f 1695//243 1700//243 1696//243
f 1696//250 1700//250 1529//251
f 1696//244 1529//244 1531//244
f 1697//1281 1701//1281 1698//1281
f 1698//253 1701//253 1702//253
f 1698//248 1702//248 1699//248
f 1699//254 1702//254 1703//254
f 1699//249 1703//1282 1700//249
f 1700//256 1703//256 1527//256
f 1700//250 1527//251 1529//251
f 1701//257 1704//257 1702//257
f 1702//258 1704//258 1705//258
f 1702//254 1705//254 1703//254
f 1703//260 1705//260 1525//1283
f 1703//256 1525//256 1527//256
f 1704//261 1706//261 1705//261
f 1705//262 1706//262 1523//262
f 1705//260 1523//260 1525//1283
f 1706//263 1521//263 1523//263
f 1684//223 1707//264 1682//221
f 1682//265 1707//265 1708//265
f 1682//219 1708//219 1680//219
f 1680//266 1708//266 1709//266
f 1680//1274 1709//215 1678//215
f 1678//267 1709//267 1710//267
f 1678//213 1710//213 1676//213
f 1676//269 1710//269 1711//270
f 1676//211 1711//211 1674//211
f 1674//271 1711//271 1672//272
f 1707//273 1712//273 1708//273
f 1708//274 1712//274 1713//274
f 1708//266 1713//266 1709//266
f 1709//1284 1713//1284 1714//275
f 1709//267 1714//267 1710//267
f 1710//276 1714//276 1715//276
f 1710//269 1715//270 1711//270
f 1711//277 1715//277 1716//277
f 1711//271 1716//272 1672//272
f 1672//278 1716//278 1670//278
f 1712//1188 1717//1188 1713//1188
f 1713//280 1717//280 1718//280
f 1713//1284 1718//275 1714//275
f 1714//281 1718//281 1719//281
f 1714//276 1719//276 1715//276
f 1715//282 1719//282 1720//282
f 1715//277 1720//277 1716//277
f 1716//283 1720//283 1721//283
f 1716//278 1721//278 1670//278
f 1670//284 1721//284 1668//285
f 1717//286 1722//286 1718//286
f 1718//287 1722//287 1723//287
f 1718//281 1723//281 1719//281
f 1719//288 1723//288 1724//288
f 1719//282 1724//282 1720//282
f 1720//289 1724//289 1725//289
f 1720//283 1725//283 1721//283
f 1721//290 1725//290 1726//291
f 1721//284 1726//285 1668//285
f 1668//292 1726//292 1666//292
f 1722//293 1727//293 1723//293
f 1723//294 1727//294 1728//294
f 1723//288 1728//288 1724//288
f 1724//295 1728//295 1729//295
f 1724//289 1729//289 1725//289
f 1725//296 1729//296 1730//296
f 1725//290 1730//291 1726//291
f 1726//1190 1730//298 1731//298
f 1726//292 1731//292 1666//292
f 1666//299 1731//299 1664//299
f 1727//300 1732//300 1728//300
f 1728//301 1732//301 1733//301
f 1728//295 1733//295 1729//295
f 1729//302 1733//302 1734//302
f 1729//296 1734//296 1730//296
f 1730//303 1734//303 1735//303
f 1730//298 1735//298 1731//298
f 1731//304 1735//304 1736//304
f 1731//299 1736//299 1664//299
f 1664//305 1736//305 1662//306
f 1732//307 1737//307 1733//307
f 1733//308 1737//308 1738//308
f 1733//302 1738//302 1734//302
f 1734//309 1738//309 1739//309
f 1734//303 1739//303 1735//303
f 1735//310 1739//310 1740//310
f 1735//304 1740//311 1736//304
f 1736//312 1740//312 1741//312
f 1736//305 1741//306 1662//306
f 1662//313 1741//313 1635//313
f 1737//314 1742//314 1738//314
f 1738//315 1742//315 1743//315
f 1738//309 1743//309 1739//309
f 1739//316 1743//316 1744//316
f 1739//310 1744//310 1740//310
f 1740//317 1744//317 1745//317
f 1740//312 1745//312 1741//312
f 1741//318 1745//318 1633//318
f 1741//313 1633//313 1635//313
f 1742//319 1746//320 1743//1285
f 1743//1285 1746//320 1747//322
f 1743//316 1747//316 1744//316
f 1744//323 1747//323 1748//324
f 1744//317 1748//317 1745//317
f 1745//325 1748//325 1631//325
f 1745//318 1631//318 1633//318
f 1746//326 1749//1193 1747//328
f 1747//328 1749//1193 1750//329
f 1747//323 1750//324 1748//324
f 1748//330 1750//330 1629//330
f 1748//325 1629//325 1631//325
f 1749//331 1751//332 1750//333
f 1750//333 1751//332 1627//334
f 1750//330 1627//330 1629//330
f 1751//335 1625//146 1627//148
f 1620//133 1752//336 1618//1266
f 1618//337 1752//337 1753//337
f 1618//129 1753//129 1616//129
f 1616//338 1753//338 1754//338
f 1616//126 1754//126 1614//126
f 1614//339 1754//339 1755//340
f 1614//123 1755//123 1612//123
f 1612//341 1755//341 1756//342
f 1612//120 1756//119 1610//119
f 1610//343 1756//343 1608//344
f 1752//345 1757//345 1753//345
f 1753//346 1757//346 1758//346
f 1753//338 1758//338 1754//338
f 1754//347 1758//347 1759//347
f 1754//339 1759//340 1755//340
f 1755//349 1759//349 1760//349
f 1755//341 1760//342 1756//342
f 1756//350 1760//350 1761//351
f 1756//343 1761//344 1608//344
f 1608//1196 1761//352 1606//352
f 1757//353 1762//353 1758//353
f 1758//354 1762//354 1763//354
f 1758//347 1763//347 1759//347
f 1759//355 1763//355 1764//355
f 1759//349 1764//349 1760//349
f 1760//356 1764//356 1765//356
f 1760//350 1765//351 1761//351
f 1761//357 1765//358 1766//358
f 1761//352 1766//1286 1606//352
f 1606//359 1766//361 1604//361
f 1762//362 1767//362 1763//362
f 1763//363 1767//363 1768//363
f 1763//355 1768//355 1764//355
f 1764//364 1768//364 1769//364
f 1764//356 1769//356 1765//356
f 1765//365 1769//1197 1770//366
f 1765//358 1770//358 1766//358
f 1766//367 1770//367 1771//367
f 1766//361 1771//368 1604//361
f 1604//369 1771//369 1602//369
f 1767//370 1772//370 1768//370
f 1768//371 1772//371 1773//371
f 1768//364 1773//364 1769//364
f 1769//372 1773//372 1774//372
f 1769//1197 1774//366 1770//366
f 1770//373 1774//373 1775//1287
f 1770//367 1775//367 1771//367
f 1771//374 1775//374 1776//374
f 1771//369 1776//369 1602//369
f 1602//377 1776//377 1600//377
f 1772//378 1777//378 1773//378
f 1773//379 1777//379 1778//379
f 1773//372 1778//372 1774//372
f 1774//380 1778//380 1779//380
f 1774//373 1779//1288 1775//1287
f 1775//1289 1779//1289 1780//381
f 1775//374 1780//374 1776//374
f 1776//382 1780//382 1781//382
f 1776//377 1781//377 1600//377
f 1600//383 1781//384 1598//385
f 1777//386 1782//386 1778//386
f 1778//387 1782//387 1783//387
f 1778//380 1783//380 1779//380
f 1779//389 1783//389 1784//389
f 1779//1289 1784//381 1780//381
f 1780//390 1784//390 1785//390
f 1780//382 1785//382 1781//382
f 1781//392 1785//392 1786//393
f 1781//384 1786//385 1598//385
f 1598//1290 1786//395 1571//396
f 1782//397 1787//397 1783//397
f 1783//398 1787//398 1788//398
f 1783//389 1788//389 1784//389
f 1784//399 1788//399 1789//399
f 1784//390 1789//390 1785//390
f 1785//400 1789//400 1790//400
f 1785//392 1790//401 1786//393
f 1786//402 1790//402 1569//403
f 1786//395 1569//396 1571//396
f 1787//404 1791//405 1788//406
f 1788//406 1791//405 1792//407
f 1788//399 1792//399 1789//399
f 1789//408 1792//408 1793//408
f 1789//400 1793//400 1790//400
f 1790//409 1793//409 1567//416
f 1790//402 1567//403 1569//403
f 1791//410 1794//411 1792//412
f 1792//412 1794//411 1795//413
f 1792//408 1795//408 1793//408
f 1793//414 1795//415 1565//415
f 1793//409 1565//416 1567//416
f 1794//417 1796//418 1795//419
f 1795//419 1796//418 1563//420
f 1795//415 1563//415 1565//415
f 1796//421 1561//1258 1563//55
f 1556//40 1797//422 1554//38
f 1554//423 1797//423 1798//423
f 1554//36 1798//36 1552//36
f 1552//1291 1798//1291 1799//424
f 1552//34 1799//34 1550//34
f 1550//426 1799//427 1800//428
f 1550//32 1800//31 1548//31
f 1548//429 1800//429 1801//429
f 1548//28 1801//1292 1546//1256
f 1546//1199 1801//1199 1544//430
f 1797//1293 1802//1293 1798//1293
f 1798//432 1802//432 1803//432
f 1798//1291 1803//424 1799//424
f 1799//433 1803//433 1804//433
f 1799//427 1804//428 1800//428
f 1800//434 1804//434 1805//435
f 1800//429 1805//429 1801//429
f 1801//436 1805//436 1806//436
f 1801//1199 1806//430 1544//430
f 1544//437 1806//437 1542//438
f 1802//439 1807//439 1803//439
f 1803//440 1807//440 1808//440
f 1803//433 1808//441 1804//433
f 1804//442 1808//442 1809//442
f 1804//434 1809//435 1805//435
f 1805//443 1809//443 1810//443
f 1805//436 1810//436 1806//436
f 1806//444 1810//444 1811//444
f 1806//437 1811//445 1542//438
f 1542//446 1811//447 1540//448
f 1807//1294 1812//1294 1808//1294
f 1808//450 1812//450 1813//450
f 1808//442 1813//442 1809//442
f 1809//451 1813//451 1814//452
f 1809//443 1814//443 1810//443
f 1810//453 1814//453 1815//454
f 1810//444 1815//455 1811//444
f 1811//456 1815//456 1816//458
f 1811//447 1816//459 1540//448
f 1540//460 1816//460 1538//460
f 1812//461 1817//461 1813//461
f 1813//462 1817//462 1818//462
f 1813//451 1818//452 1814//452
f 1814//463 1818//463 1819//463
f 1814//453 1819//454 1815//454
f 1815//464 1819//464 1820//464
f 1815//456 1820//458 1816//458
f 1816//465 1820//465 1821//465
f 1816//460 1821//460 1538//460
f 1538//467 1821//467 1536//467
f 1817//468 1822//468 1818//468
f 1818//469 1822//469 1823//469
f 1818//463 1823//470 1819//463
f 1819//471 1823//471 1824//471
f 1819//464 1824//464 1820//464
f 1820//472 1824//472 1825//473
f 1820//465 1825//465 1821//465
f 1821//475 1825//475 1826//475
f 1821//467 1826//467 1536//467
f 1536//476 1826//477 1534//477
f 1822//1295 1827//1295 1823//1295
f 1823//480 1827//480 1828//480
f 1823//471 1828//471 1824//471
f 1824//481 1828//481 1829//481
f 1824//472 1829//473 1825//473
f 1825//482 1829//482 1830//1296
f 1825//475 1830//475 1826//475
f 1826//483 1830//483 1831//483
f 1826//477 1831//478 1534//477
f 1534//1297 1831//485 1520//485
f 1827//487 1832//487 1828//487
f 1828//488 1832//488 1833//488
f 1828//481 1833//481 1829//481
f 1829//489 1833//489 1834//489
f 1829//482 1834//1296 1830//1296
f 1830//1298 1834//491 1835//492
f 1830//483 1835//483 1831//483
f 1831//494 1835//494 1836//494
f 1831//485 1836//485 1520//485
f 1520//496 1836//496 1522//497
f 1832//498 1837//499 1833//500
f 1833//500 1837//499 1838//501
f 1833//489 1838//489 1834//489
f 1834//502 1838//502 1839//502
f 1834//491 1839//492 1835//492
f 1835//503 1839//503 1840//1299
f 1835//494 1840//495 1836//494
f 1836//1300 1840//506 1524//507
f 1836//496 1524//497 1522//497
f 1837//508 1841//509 1838//510
f 1838//510 1841//509 1842//511
f 1838//502 1842//502 1839//502
f 1839//512 1842//512 1843//512
f 1839//503 1843//504 1840//1299
f 1840//513 1843//513 1526//513
f 1840//506 1526//507 1524//507
f 1841//514 1844//515 1842//516
f 1842//516 1844//515 1845//517
f 1842//512 1845//512 1843//512
f 1843//518 1845//518 1528//518
f 1843//513 1528//513 1526//513
f 1844//519 1532//520 1845//521
f 1845//521 1532//520 1530//522
f 1845//518 1530//518 1528//518
f 1846//523 1847//523 1532//523
f 1532//523 1847//523 1848//523
f 1532//523 1848//523 1533//523
f 1533//523 1848//523 1849//523
f 1533//523 1849//523 1685//523
f 1685//523 1849//523 1850//523
f 1685//523 1850//523 1684//523
f 1684//523 1850//523 1851//523
f 1684//523 1851//523 1707//523
f 1707//523 1851//523 1852//523
f 1707//523 1852//523 1712//523
f 1712//523 1852//523 1853//523
f 1712//523 1853//523 1717//523
f 1717//523 1853//523 1854//523
f 1717//523 1854//523 1722//523
f 1722//523 1854//523 1855//523
f 1722//523 1855//523 1727//523
f 1727//523 1855//523 1856//523
f 1727//523 1856//523 1732//523
f 1732//523 1856//523 1857//523
f 1732//523 1857//523 1737//523
f 1737//523 1857//523 1858//523
f 1737//523 1858//523 1742//523
f 1742//523 1858//523 1859//523
f 1742//523 1859//523 1746//523
f 1746//523 1859//523 1860//523
f 1746//523 1860//523 1749//523
f 1749//523 1860//523 1861//523
f 1749//523 1861//523 1751//523
f 1751//523 1861//523 1862//523
f 1751//523 1862//523 1625//523
f 1625//523 1862//523 1863//523
f 1625//523 1863//523 1623//523
f 1623//523 1863//523 1864//523
f 1623//523 1864//523 1621//523
f 1621//523 1864//523 1865//523
f 1621//523 1865//523 1620//523
f 1620//523 1865//523 1866//523
f 1620//523 1866//523 1752//523
f 1752//523 1866//523 1867//523
f 1752//523 1867//523 1757//523
f 1757//523 1867//523 1868//523
f 1757//523 1868//523 1762//523
f 1762//523 1868//523 1869//523
f 1762//523 1869//523 1767//523
f 1767//523 1869//523 1870//523
f 1767//523 1870//523 1772//523
f 1772//523 1870//523 1871//523
f 1772//523 1871//523 1872//523
f 1772//523 1872//523 1777//523
f 1777//523 1872//523 1873//523
f 1777//523 1873//523 1782//523
f 1782//523 1873//523 1874//523
f 1782//523 1874//523 1787//523
f 1787//523 1874//523 1875//523
f 1787//523 1875//523 1791//523
f 1791//523 1875//523 1876//523
f 1791//523 1876//523 1794//523
f 1794//523 1876//523 1877//523
f 1794//523 1877//523 1796//523
f 1796//523 1877//523 1878//523
f 1796//523 1878//523 1561//523
f 1561//523 1878//523 1879//523
f 1561//523 1879//523 1559//523
f 1559//523 1879//523 1880//523
f 1559//523 1880//523 1557//523
f 1557//523 1880//523 1881//523
f 1557//523 1881//523 1556//523
f 1556//523 1881//523 1882//523
f 1556//523 1882//523 1797//523
f 1797//523 1882//523 1883//523
f 1797//523 1883//523 1802//523
f 1802//523 1883//523 1884//523
f 1802//523 1884//523 1807//523
f 1807//523 1884//523 1885//523
f 1807//523 1885//523 1812//523
f 1812//523 1885//523 1886//523
f 1812//523 1886//523 1817//523
f 1817//523 1886//523 1887//523
f 1817//523 1887//523 1822//523
f 1822//523 1887//523 1888//523
f 1822//523 1888//523 1827//523
f 1827//523 1888//523 1889//523
f 1827//523 1889//523 1832//523
f 1832//523 1889//523 1890//523
f 1832//523 1890//523 1837//523
f 1837//523 1890//523 1891//523
f 1837//523 1891//523 1841//523
f 1841//523 1891//523 1892//523
f 1841//523 1892//523 1844//523
f 1844//523 1892//523 1846//523
f 1844//523 1846//523 1532//523
f 1893//524 1519//524 1894//524
f 1894//524 1519//524 1521//524
f 1894//525 1521//525 1895//525
f 1895//525 1521//525 1706//525
f 1895//526 1706//526 1896//526
f 1896//526 1706//526 1704//526
f 1896//527 1704//527 1897//527
f 1897//527 1704//527 1701//527
f 1897//528 1701//528 1898//528
f 1898//528 1701//528 1697//528
f 1898//529 1697//529 1899//529
f 1899//529 1697//529 1692//529
f 1899//530 1692//530 1900//530
f 1900//530 1692//530 1687//530
f 1900//531 1687//531 1901//531
f 1901//531 1687//531 1673//531
f 1901//532 1673//532 1902//532
f 1902//532 1673//532 1671//532
f 1902//533 1671//533 1903//533
f 1903//533 1671//533 1669//533
f 1903//534 1669//534 1904//534
f 1904//534 1669//534 1667//534
f 1904//535 1667//535 1905//535
f 1905//535 1667//535 1665//535
f 1905//536 1665//536 1906//536
f 1906//536 1665//536 1663//536
f 1906//537 1663//537 1907//537
f 1907//537 1663//537 1637//537
f 1907//538 1637//538 1908//538
f 1908//538 1637//538 1636//538
f 1908//539 1636//539 1909//539
f 1909//539 1636//539 1660//539
f 1909//540 1660//540 1910//540
f 1910//540 1660//540 1657//540
f 1910//541 1657//541 1911//541
f 1911//541 1657//541 1653//541
f 1911//542 1653//542 1912//542
f 1912//542 1653//542 1648//542
f 1912//543 1648//543 1913//543
f 1913//543 1648//543 1643//543
f 1913//544 1643//544 1914//544
f 1914//544 1643//544 1638//544
f 1914//545 1638//545 1915//545
f 1915//545 1638//545 1609//545
f 1915//546 1609//546 1916//546
f 1916//546 1609//546 1607//546
f 1916//547 1607//547 1917//547
f 1917//547 1607//547 1605//547
f 1917//548 1605//548 1918//548
f 1918//548 1605//548 1603//548
f 1918//549 1603//549 1919//549
f 1919//549 1603//549 1601//549
f 1919//550 1601//550 1920//550
f 1920//550 1601//550 1599//550
f 1920//551 1599//551 1921//551
f 1921//551 1599//551 1573//551
f 1921//552 1573//552 1922//552
f 1922//552 1573//552 1572//552
f 1922//554 1572//554 1923//554
f 1923//554 1572//554 1596//554
f 1923//555 1596//555 1924//555
f 1924//555 1596//555 1593//555
f 1924//556 1593//556 1925//556
f 1925//556 1593//556 1589//556
f 1925//557 1589//557 1926//557
f 1926//557 1589//557 1584//557
f 1926//558 1584//558 1927//558
f 1927//558 1584//558 1579//558
f 1927//559 1579//559 1928//559
f 1928//559 1579//559 1574//559
f 1928//560 1574//560 1929//560
f 1929//560 1574//560 1545//560
f 1929//562 1545//562 1930//562
f 1930//562 1545//562 1543//562
f 1930//563 1543//563 1931//563
f 1931//563 1543//563 1541//563
f 1931//564 1541//564 1932//564
f 1932//564 1541//564 1539//564
f 1932//565 1539//565 1933//565
f 1933//565 1539//565 1537//565
f 1933//566 1537//566 1934//566
f 1934//566 1537//566 1535//566
f 1934//567 1535//567 1893//567
f 1893//567 1535//567 1519//567
f 1935//568 1936//568 1937//568
f 1937//569 1936//569 1938//569
f 1937//570 1938//570 1939//570
f 1939//571 1938//571 1940//571
f 1939//1301 1940//1301 1941//1301
f 1941//573 1940//573 1942//573
f 1941//574 1942//574 1943//574
f 1943//575 1942//575 1944//575
f 1943//576 1944//576 1945//576
f 1945//577 1944//577 1946//577
f 1945//578 1946//578 1947//578
f 1947//579 1946//579 1948//579
f 1947//580 1948//580 1949//580
f 1949//581 1948//581 1950//581
f 1949//582 1950//582 1951//582
f 1951//583 1950//583 1952//583
f 1951//1302 1952//1302 1953//1302
f 1953//1303 1952//1303 1954//1303
f 1953//1204 1954//1204 1955//1204
f 1955//587 1954//587 1956//587
f 1955//588 1956//588 1957//588
f 1957//589 1956//589 1958//589
f 1957//590 1958//590 1959//590
f 1959//591 1958//591 1960//591
f 1959//592 1960//592 1961//592
f 1961//593 1960//593 1962//593
f 1961//594 1962//594 1963//594
f 1963//595 1962//595 1964//595
f 1963//596 1964//596 1965//596
f 1965//1304 1964//1304 1966//1304
f 1965//1305 1966//1305 1967//1305
f 1967//599 1966//599 1968//599
f 1967//600 1968//600 1969//600
f 1969//601 1968//601 1970//601
f 1969//602 1970//602 1971//602
f 1971//603 1970//603 1972//603
f 1971//604 1972//604 1973//604
f 1973//605 1972//605 1974//605
f 1973//606 1974//606 1975//606
f 1975//1208 1974//1208 1976//1208
f 1975//608 1976//608 1977//608
f 1977//609 1976//609 1978//609
f 1977//610 1978//610 1979//610
f 1979//611 1978//611 1980//611
f 1979//612 1980//612 1981//612
f 1981//613 1980//613 1982//613
f 1981//614 1982//614 1983//614
f 1983//615 1982//615 1984//615
f 1983//616 1984//616 1985//616
f 1985//617 1984//617 1986//617
f 1985//618 1986//618 1987//618
f 1987//1210 1986//1210 1988//1210
f 1987//620 1988//620 1989//620
f 1989//621 1988//621 1990//621
f 1989//1306 1990//1306 1991//1306
f 1991//623 1990//623 1992//623
f 1991//624 1992//624 1993//624
f 1993//625 1992//625 1994//625
f 1993//1307 1994//1307 1995//1307
f 1995//1308 1994//1308 1996//1308
f 1995//628 1996//628 1997//628
f 1997//629 1996//629 1998//629
f 1997//630 1998//630 1999//630
f 1999//631 1998//631 2000//631
f 1999//632 2000//632 2001//632
f 2001//633 2000//633 2002//633
f 2001//634 2002//634 2003//634
f 2003//635 2002//635 2004//635
f 2003//636 2004//636 2005//636
f 2005//1309 2004//1309 2006//1309
f 2005//1310 2006//1310 2007//1310
f 2007//1311 2006//1311 2008//1311
f 2007//1312 2008//1312 2009//1312
f 2009//1313 2008//1313 2010//1313
f 2009//1314 2010//1314 2011//1314
f 2011//1315 2010//1315 2012//1315
f 2011//1316 2012//1316 2013//1316
f 2013//1317 2012//1317 2014//1317
f 2013//646 2014//646 2015//646
f 2015//647 2014//647 2016//647
f 2015//648 2016//648 2017//648
f 2017//649 2016//649 2018//649
f 2017//650 2018//650 2019//650
f 2019//651 2018//651 2020//651
f 2019//1318 2020//1318 2021//1318
f 2021//653 2020//653 2022//653
f 2021//654 2022//654 2023//654
f 2023//655 2022//655 2024//655
f 2023//656 2024//656 2025//656
f 2025//657 2024//657 2026//657
f 2025//658 2026//658 2027//658
f 2027//1319 2026//1319 2028//1319
f 2027//660 2028//660 2029//660
f 2029//1320 2028//1320 2030//1320
f 2029//662 2030//662 2031//662
f 2031//663 2030//663 2032//663
f 2031//664 2032//664 1935//664
f 1935//665 2032//665 1936//665
f 1846//666 2033//666 1847//666
f 1847//667 2033//667 2034//667
f 1847//668 2034//668 1848//668
f 1848//669 2034//669 2035//669
f 1848//670 2035//670 1849//670
f 1849//671 2035//671 2036//671
f 1849//672 2036//672 1850//672
f 1850//673 2036//673 2037//673
f 1850//674 2037//674 1851//674
f 1851//675 2037//675 2038//675
f 1851//676 2038//676 1852//676
f 1852//677 2038//677 2039//677
f 1852//678 2039//678 1853//678
f 1853//679 2039//679 2040//679
f 1853//680 2040//681 1854//682
f 1854//682 2040//681 2041//683
f 1854//684 2041//685 1855//686
f 1855//686 2041//685 2042//687
f 1855//688 2042//1321 1856//690
f 1856//690 2042//1321 2043//691
f 1856//692 2043//693 1857//694
f 1857//694 2043//693 2044//695
f 1857//696 2044//697 1858//698
f 1858//698 2044//697 2045//699
f 1858//1322 2045//1323 1859//702
f 1859//702 2045//1323 2046//703
f 1859//1324 2046//705 2047//1219
f 2047//707 2046//707 2048//707
f 2047//707 2048//707 2049//707
f 2049//708 2048//708 2050//708
f 2049//708 2050//708 2051//708
f 2051//709 2050//709 2052//709
f 2051//709 2052//709 2053//709
f 2053//1325 2052//710 2010//710
f 2053//1325 2010//710 2008//1325
f 2033//713 1846//713 2054//713
f 2054//714 1846//714 1892//714
f 2054//715 1892//715 2055//715
f 2055//716 1892//716 1891//716
f 2055//717 1891//717 2056//717
f 2056//718 1891//718 1890//718
f 2056//719 1890//719 2057//719
f 2057//720 1890//720 1889//720
f 2057//721 1889//721 2058//721
f 2058//722 1889//722 1888//722
f 2058//723 1888//723 2059//723
f 2059//724 1888//725 1887//726
f 2059//724 1887//726 2060//727
f 2060//728 1887//729 1886//730
f 2060//728 1886//730 2061//731
f 2061//1220 1886//733 1885//734
f 2061//1220 1885//734 2062//735
f 2062//736 1885//737 1884//738
f 2062//736 1884//738 2063//739
f 2063//740 1884//741 1883//742
f 2063//740 1883//742 2064//743
f 2064//744 1883//745 1882//744
f 2064//744 1882//744 2065//747
f 2065//748 1882//749 2066//750
f 2065//751 2066//751 2067//751
f 2067//752 2066//752 2068//752
f 2067//753 2068//754 2069//754
f 2069//755 2068//755 2070//755
f 2069//756 2070//1326 2071//756
f 2071//1223 2070//1223 2072//1223
f 2071//1327 2072//759 1970//759
f 1970//760 2072//760 1972//760
f 1882//749 1881//761 2066//750
f 2066//762 1881//763 2073//764
f 2066//752 2073//752 2068//752
f 2068//1328 2073//765 2074//765
f 2068//755 2074//755 2070//755
f 2070//766 2074//766 2075//767
f 2070//1223 2075//758 2072//1223
f 2072//768 2075//768 2076//769
f 2072//760 2076//760 1972//760
f 1972//1329 2076//1330 1974//770
f 1881//763 1880//771 2073//764
f 2073//772 1880//773 2077//774
f 2073//765 2077//765 2074//765
f 2074//775 2077//775 2078//775
f 2074//766 2078//776 2075//767
f 2075//777 2078//777 2079//777
f 2075//768 2079//769 2076//769
f 2076//778 2079//778 2080//1227
f 2076//1330 2080//1331 1974//770
f 1974//779 2080//779 1976//780
f 1880//773 1879//781 2077//774
f 2077//782 1879//783 2081//1229
f 2077//775 2081//775 2078//775
f 2078//786 2081//786 2082//786
f 2078//777 2082//777 2079//777
f 2079//787 2082//787 2083//1332
f 2079//778 2083//1227 2080//1227
f 2080//1333 2083//1333 2084//788
f 2080//779 2084//780 1976//780
f 1976//789 2084//789 1978//789
f 1879//783 1878//790 2081//1229
f 2081//791 1878//792 2085//793
f 2081//786 2085//786 2082//786
f 2082//794 2085//795 2086//796
f 2082//787 2086//1332 2083//1332
f 2083//797 2086//797 2087//798
f 2083//1333 2087//788 2084//788
f 2084//799 2087//799 2088//1334
f 2084//789 2088//789 1978//789
f 1978//801 2088//801 1980//801
f 1878//792 1877//802 2085//793
f 2085//803 1877//804 2089//805
f 2085//795 2089//796 2086//796
f 2086//806 2089//806 2090//806
f 2086//797 2090//798 2087//798
f 2087//807 2090//807 2091//807
f 2087//799 2091//800 2088//1334
f 2088//809 2091//809 2092//810
f 2088//801 2092//811 1980//801
f 1980//812 2092//812 1982//813
f 1877//804 1876//814 2089//805
f 2089//815 1876//815 2093//815
f 2089//806 2093//806 2090//806
f 2090//816 2093//816 2094//816
f 2090//807 2094//807 2091//807
f 2091//818 2094//818 2095//819
f 2091//809 2095//820 2092//810
f 2092//821 2095//821 2096//822
f 2092//812 2096//813 1982//813
f 1982//823 2096//823 1984//825
f 1876//826 1875//826 2093//826
f 2093//1335 1875//1335 2097//1335
f 2093//816 2097//816 2094//816
f 2094//829 2097//829 2098//829
f 2094//818 2098//819 2095//819
f 2095//830 2098//830 2099//831
f 2095//821 2099//822 2096//822
f 2096//832 2099//832 2100//833
f 2096//823 2100//825 1984//825
f 1984//835 2100//835 1986//835
f 1875//836 1874//836 2097//836
f 2097//837 1874//837 2101//837
f 2097//829 2101//829 2098//829
f 2098//838 2101//838 2102//838
f 2098//830 2102//831 2099//831
f 2099//839 2102//839 2103//839
f 2099//832 2103//833 2100//833
f 2100//840 2103//840 2104//840
f 2100//835 2104//835 1986//835
f 1986//841 2104//841 1988//841
f 1874//842 1873//842 2101//842
f 2101//843 1873//843 2105//843
f 2101//838 2105//838 2102//838
f 2102//844 2105//844 2106//844
f 2102//839 2106//839 2103//839
f 2103//845 2106//845 2107//845
f 2103//840 2107//840 2104//840
f 2104//846 2107//846 2108//846
f 2104//841 2108//841 1988//841
f 1988//847 2108//847 1990//849
f 1873//850 1872//850 2105//850
f 2105//851 1872//851 2109//851
f 2105//844 2109//844 2106//844
f 2106//852 2109//852 2110//852
f 2106//845 2110//845 2107//845
f 2107//853 2110//853 2111//853
f 2107//846 2111//846 2108//846
f 2108//854 2111//1336 2112//855
f 2108//847 2112//849 1990//849
f 1990//856 2112//856 1992//856
f 1872//857 1871//857 2109//857
f 2109//858 1871//858 2113//858
f 2109//852 2113//859 2110//852
f 2110//860 2113//860 2114//860
f 2110//853 2114//853 2111//853
f 2111//861 2114//861 2115//861
f 2111//1336 2115//855 2112//855
f 2112//862 2115//862 2116//863
f 2112//856 2116//856 1992//856
f 1992//864 2116//865 1994//865
f 1871//866 1870//866 2113//866
f 2113//867 1870//867 2117//867
f 2113//860 2117//860 2114//860
f 2114//1337 2117//868 2118//868
f 2114//861 2118//861 2115//861
f 2115//869 2118//869 2119//870
f 2115//862 2119//863 2116//863
f 2116//871 2119//871 2120//872
f 2116//865 2120//873 1994//865
f 1994//874 2120//874 1996//875
f 1870//876 1869//876 2117//876
f 2117//877 1869//877 2121//877
f 2117//868 2121//868 2118//868
f 2118//878 2121//878 2122//878
f 2118//869 2122//870 2119//870
f 2119//879 2122//879 2123//880
f 2119//871 2123//872 2120//872
f 2120//881 2123//881 2124//882
f 2120//874 2124//875 1996//875
f 1996//883 2124//883 1998//883
f 1869//884 1868//884 2121//884
f 2121//885 1868//885 2125//885
f 2121//878 2125//878 2122//878
f 2122//886 2125//886 2126//886
f 2122//879 2126//880 2123//880
f 2123//887 2126//888 2127//888
f 2123//881 2127//882 2124//882
f 2124//889 2127//889 2128//889
f 2124//883 2128//890 1998//883
f 1998//891 2128//891 2000//891
f 1868//892 1867//892 2125//892
f 2125//893 1867//893 2129//893
f 2125//886 2129//886 2126//886
f 2126//894 2129//894 2130//894
f 2126//888 2130//888 2127//888
f 2127//895 2130//895 2131//896
f 2127//889 2131//889 2128//889
f 2128//897 2131//897 2132//898
f 2128//891 2132//899 2000//891
f 2000//900 2132//900 2002//900
f 1867//901 1866//901 2129//901
f 2129//902 1866//902 2133//902
f 2129//894 2133//894 2130//894
f 2130//903 2133//903 2134//903
f 2130//895 2134//896 2131//896
f 2131//904 2134//904 2135//905
f 2131//897 2135//898 2132//898
f 2132//1238 2135//1238 2136//906
f 2132//900 2136//900 2002//900
f 2002//907 2136//907 2004//907
f 1866//908 1865//908 2133//908
f 2133//909 1865//909 2137//909
f 2133//903 2137//903 2134//903
f 2134//910 2137//910 2138//910
f 2134//904 2138//905 2135//905
f 2135//911 2138//912 2139//912
f 2135//1238 2139//1338 2136//906
f 2136//914 2139//914 2140//914
f 2136//907 2140//907 2004//907
f 2004//1339 2140//1339 2006//1340
f 1865//917 1864//918 2137//919
f 2137//919 1864//918 2141//920
f 2137//910 2141//910 2138//910
f 2138//921 2141//921 2142//921
f 2138//912 2142//912 2139//912
f 2139//1341 2142//1341 2143//1341
f 2139//914 2143//914 2140//914
f 2140//925 2143//925 2144//926
f 2140//1339 2144//1340 2006//1340
f 2006//1342 2144//1342 2008//1342
f 1864//928 1863//929 2141//930
f 2141//930 1863//929 2145//931
f 2141//921 2145//921 2142//921
f 2142//933 2145//933 2146//933
f 2142//1341 2146//1341 2143//1341
f 2143//1343 2146//1343 2147//934
f 2143//925 2147//926 2144//926
f 2144//935 2147//935 2053//935
f 2144//1342 2053//1342 2008//1342
f 1863//936 1862//937 2145//1242
f 2145//1242 1862//937 2148//939
f 2145//933 2148//933 2146//933
f 2146//940 2148//940 2149//941
f 2146//1343 2149//934 2147//934
f 2147//942 2149//942 2051//942
f 2147//935 2051//935 2053//935
f 1862//943 1861//1344 2148//1243
f 2148//1243 1861//1344 2150//946
f 2148//940 2150//941 2149//941
f 2149//947 2150//947 2049//947
f 2149//942 2049//942 2051//942
f 1861//948 1860//949 2150//950
f 2150//950 1860//949 2047//951
f 2150//947 2047//947 2049//947
f 1860//952 1859//1324 2047//1219
f 1936//953 2151//953 1938//953
f 1938//953 2151//953 2152//953
f 1938//954 2152//954 1940//954
f 1940//954 2152//954 2153//954
f 1940//955 2153//955 1942//956
f 1942//956 2153//955 2154//956
f 1942//957 2154//957 1944//957
f 1944//957 2154//957 2155//957
f 1944//959 2155//959 1946//1345
f 1946//1345 2155//959 2156//1345
f 1946//1346 2156//1346 1948//1346
f 1948//1346 2156//1346 2157//1346
f 1948//1347 2157//1347 1950//961
f 1950//961 2157//1347 2158//961
f 1950//962 2158//962 1952//1246
f 1952//1246 2158//962 2159//963
f 1952//964 2159//964 1954//964
f 1954//964 2159//964 2160//1348
f 1954//1349 2160//965 1956//965
f 1956//965 2160//965 2161//1350
f 1956//966 2161//966 1958//967
f 1958//967 2161//966 2162//967
f 1958//968 2162//968 1960//968
f 1960//968 2162//968 2163//968
f 1960//971 2163//971 1962//971
f 1962//971 2163//971 2164//971
f 1962//972 2164//972 1964//972
f 1964//972 2164//972 2165//972
f 1964//973 2165//1351 1966//974
f 1966//974 2165//1351 2166//974
f 1966//976 2166//976 1968//976
f 1968//976 2166//976 2071//976
f 1968//1327 2071//1327 1970//759
f 2151//978 2167//978 2152//978
f 2152//978 2167//978 2168//978
f 2152//980 2168//980 2153//980
f 2153//980 2168//980 2169//980
f 2153//981 2169//981 2154//981
f 2154//981 2169//981 2170//981
f 2154//984 2170//984 2155//984
f 2155//984 2170//984 2171//984
f 2155//986 2171//986 2156//986
f 2156//986 2171//986 2172//986
f 2156//987 2172//987 2157//1352
f 2157//1352 2172//987 2173//1352
f 2157//1353 2173//1353 2158//988
f 2158//988 2173//1353 2174//988
f 2158//989 2174//989 2159//989
f 2159//989 2174//989 2175//989
f 2159//990 2175//990 2160//990
f 2160//990 2175//990 2176//1354
f 2160//1250 2176//991 2161//992
f 2161//992 2176//991 2177//992
f 2161//994 2177//994 2162//994
f 2162//994 2177//994 2178//994
f 2162//995 2178//995 2163//996
f 2163//996 2178//995 2179//996
f 2163//1355 2179//1355 2164//999
f 2164//999 2179//1355 2180//999
f 2164//1000 2180//1000 2165//1000
f 2165//1000 2180//1000 2181//1000
f 2165//1001 2181//1001 2166//1356
f 2166//1356 2181//1001 2069//1356
f 2166//756 2069//756 2071//756
f 2151//1002 1936//1002 2182//1002
f 2182//1002 1936//1002 2032//1002
f 2182//1003 2032//1003 2183//1003
f 2183//1003 2032//1003 2030//1003
f 2183//1357 2030//1357 2184//1358
f 2184//1358 2030//1357 2028//1358
f 2184//1006 2028//1006 2185//1007
f 2185//1007 2028//1006 2026//1007
f 2185//1008 2026//1008 2186//1008
f 2186//1008 2026//1008 2024//1008
f 2186//1009 2024//1009 2187//1359
f 2187//1359 2024//1009 2022//1359
f 2187//1360 2022//1360 2188//1360
f 2188//1360 2022//1360 2020//1360
f 2188//1012 2020//1012 2189//1012
f 2189//1012 2020//1012 2018//1012
f 2189//1013 2018//1013 2190//1014
f 2190//1014 2018//1013 2016//1014
f 2190//1015 2016//1015 2191//1016
f 2191//1016 2016//1015 2014//1016
f 2191//1017 2014//1017 2192//1017
f 2192//1017 2014//1017 2012//1017
f 2192//1361 2012//1361 2052//1361
f 2052//1361 2012//1361 2010//1361
f 2167//1020 2193//1020 2168//1020
f 2168//1020 2193//1020 2194//1020
f 2168//1021 2194//1021 2169//1022
f 2169//1022 2194//1021 2195//1022
f 2169//1253 2195//1253 2170//1023
f 2170//1023 2195//1253 2196//1023
f 2170//1024 2196//1024 2171//1025
f 2171//1025 2196//1024 2197//1025
f 2171//1026 2197//1026 2172//1026
f 2172//1026 2197//1026 2198//1026
f 2172//1027 2198//1027 2173//1027
f 2173//1027 2198//1027 2199//1027
f 2173//1362 2199//1028 2174//1028
f 2174//1028 2199//1028 2200//1028
f 2174//1029 2200//1029 2175//1030
f 2175//1030 2200//1029 2201//1031
f 2175//1032 2201//1032 2176//1033
f 2176//1033 2201//1032 2202//1033
f 2176//1034 2202//1034 2177//1034
f 2177//1034 2202//1034 2203//1034
f 2177//1035 2203//1035 2178//1363
f 2178//1363 2203//1035 2204//1364
f 2178//1365 2204//1365 2179//1366
f 2179//1366 2204//1365 2205//1366
f 2179//1367 2205//1367 2180//1037
f 2180//1037 2205//1367 2206//1037
f 2180//1038 2206//1038 2181//1038
f 2181//1038 2206//1038 2067//1038
f 2181//753 2067//753 2069//754
f 2167//1039 2151//1039 2207//1039
f 2207//1039 2151//1039 2182//1039
f 2207//1040 2182//1040 2208//1041
f 2208//1041 2182//1040 2183//1041
f 2208//1042 2183//1042 2209//1043
f 2209//1043 2183//1042 2184//1043
f 2209//1044 2184//1044 2210//1044
f 2210//1044 2184//1044 2185//1044
f 2210//1045 2185//1045 2211//1046
f 2211//1046 2185//1045 2186//1046
f 2211//1047 2186//1047 2212//1049
f 2212//1049 2186//1047 2187//1049
f 2212//1050 2187//1050 2213//1050
f 2213//1050 2187//1050 2188//1050
f 2213//1052 2188//1052 2214//1052
f 2214//1052 2188//1052 2189//1052
f 2214//1053 2189//1053 2215//1053
f 2215//1053 2189//1053 2190//1053
f 2215//1054 2190//1054 2216//1054
f 2216//1054 2190//1054 2191//1054
f 2216//1056 2191//1056 2217//1055
f 2217//1055 2191//1056 2192//1055
f 2217//1057 2192//1057 2050//1057
f 2050//1057 2192//1057 2052//1057
f 2193//1058 2034//1058 2194//1058
f 2194//1058 2034//1058 2033//1058
f 2194//1059 2033//1059 2195//1059
f 2195//1059 2033//1059 2054//1059
f 2195//1060 2054//1060 2196//1060
f 2196//1060 2054//1060 2055//1060
f 2196//1061 2055//1061 2197//1061
f 2197//1061 2055//1061 2056//1061
f 2197//1062 2056//1062 2198//1062
f 2198//1062 2056//1062 2057//1062
f 2198//1063 2057//1063 2199//1064
f 2199//1064 2057//1063 2058//1064
f 2199//1065 2058//1065 2200//1065
f 2200//1065 2058//1065 2059//1065
f 2200//1066 2059//1066 2201//1066
f 2201//1066 2059//1066 2060//1066
f 2201//1067 2060//1067 2202//1067
f 2202//1067 2060//1067 2061//1067
f 2202//1068 2061//1068 2203//1068
f 2203//1068 2061//1068 2062//1068
f 2203//1368 2062//1369 2204//1370
f 2204//1370 2062//1369 2063//1370
f 2204//1071 2063//1071 2205//1071
f 2205//1071 2063//1071 2064//1071
f 2205//1073 2064//1073 2206//1073
f 2206//1073 2064//1073 2065//1073
f 2206//751 2065//751 2067//751
f 2193//1074 2167//1074 2218//1075
f 2218//1075 2167//1074 2207//1075
f 2218//1076 2207//1076 2219//1077
f 2219//1077 2207//1076 2208//1077
f 2219//1078 2208//1078 2220//1078
f 2220//1078 2208//1078 2209//1078
f 2220//1079 2209//1079 2221//1079
f 2221//1079 2209//1079 2210//1079
f 2221//1080 2210//1080 2222//1080
f 2222//1080 2210//1080 2211//1080
f 2222//1081 2211//1081 2223//1081
f 2223//1081 2211//1081 2212//1371
f 2223//1082 2212//1082 2224//1082
f 2224//1082 2212//1082 2213//1082
f 2224//1083 2213//1083 2225//1084
f 2225//1084 2213//1083 2214//1084
f 2225//1085 2214//1085 2226//1085
f 2226//1085 2214//1085 2215//1085
f 2226//1086 2215//1086 2227//1087
f 2227//1087 2215//1086 2216//1087
f 2227//1088 2216//1088 2228//1089
f 2228//1089 2216//1088 2217//1089
f 2228//1090 2217//1090 2048//1091
f 2048//1091 2217//1090 2050//1091
f 2034//1092 2193//1092 2035//1092
f 2035//1092 2193//1092 2218//1092
f 2035//1093 2218//1093 2036//1093
f 2036//1093 2218//1093 2219//1093
f 2036//1094 2219//1094 2037//1094
f 2037//1094 2219//1094 2220//1094
f 2037//1095 2220//1095 2038//1095
f 2038//1095 2220//1095 2221//1095
f 2038//1096 2221//1096 2039//1096
f 2039//1096 2221//1096 2222//1096
f 2039//1097 2222//1097 2040//1097
f 2040//1097 2222//1097 2223//1097
f 2040//1098 2223//1098 2041//1099
f 2041//1099 2223//1098 2224//1099
f 2041//1100 2224//1100 2042//1100
f 2042//1100 2224//1100 2225//1100
f 2042//1101 2225//1101 2043//1101
f 2043//1101 2225//1101 2226//1101
f 2043//1102 2226//1102 2044//1102
f 2044//1102 2226//1102 2227//1102
f 2044//1103 2227//1103 2045//1103
f 2045//1103 2227//1103 2228//1372
f 2045//1105 2228//1105 2046//1105
f 2046//1105 2228//1105 2048//1105
f 2229//1106 1935//1106 2230//1106
f 2230//1106 1935//1106 1937//1106
f 2230//1107 1937//1107 2231//1107
f 2231//1107 1937//1107 1939//1107
f 2231//1108 1939//1108 2232//1108
f 2232//1108 1939//1108 1941//1108
f 2232//1110 1941//1110 2233//1110
f 2233//1110 1941//1110 1943//1110
f 2233//1111 1943//1111 2234//1111
f 2234//1111 1943//1111 1945//1111
f 2234//1112 1945//1112 2235//1112
f 2235//1112 1945//1112 1947//1112
f 2235//1113 1947//1113 2236//1113
f 2236//1113 1947//1113 1949//1113
f 2236//1114 1949//1114 2237//1114
f 2237//1114 1949//1114 1951//1114
f 2237//1115 1951//1115 2238//1115
f 2238//1115 1951//1115 1953//1115
f 2238//1116 1953//1116 2239//1116
f 2239//1116 1953//1116 1955//1116
f 2239//1117 1955//1117 2240//1117
f 2240//1117 1955//1117 1957//1117
f 2240//1118 1957//1118 2241//1118
f 2241//1118 1957//1118 1959//1118
f 2241//1119 1959//1119 2242//1119
f 2242//1119 1959//1119 1961//1119
f 2242//1120 1961//1120 2243//1120
f 2243//1120 1961//1120 1963//1120
f 2243//1121 1963//1121 2244//1121
f 2244//1121 1963//1121 1965//1121
f 2244//1122 1965//1122 2245//1122
f 2245//1122 1965//1122 1967//1122
f 2245//1123 1967//1123 2246//1123
f 2246//1123 1967//1123 1969//1123
f 2246//1124 1969//1124 2247//1124
f 2247//1124 1969//1124 1971//1124
f 2247//1125 1971//1125 2248//1125
f 2248//1125 1971//1125 1973//1125
f 2248//1127 1973//1127 2249//1127
f 2249//1127 1973//1127 1975//1127
f 2249//1128 1975//1128 2250//1128
f 2250//1128 1975//1128 1977//1128
f 2250//1129 1977//1129 2251//1129
f 2251//1129 1977//1129 1979//1129
f 2251//1130 1979//1130 2252//1130
f 2252//1130 1979//1130 1981//1130
f 2252//1373 1981//1131 2253//1373
f 2253//1373 1981//1131 1983//1131
f 2253//1132 1983//1132 2254//1132
f 2254//1132 1983//1132 1985//1132
f 2254//1133 1985//1133 2255//1133
f 2255//1133 1985//1133 1987//1133
f 2255//1134 1987//1134 2256//1134
f 2256//1134 1987//1134 1989//1134
f 2256//1135 1989//1135 2257//1135
f 2257//1135 1989//1135 1991//1135
f 2257//1137 1991//1137 2258//1137
f 2258//1137 1991//1137 1993//1137
f 2258//1138 1993//1138 2259//1138
f 2259//1138 1993//1138 1995//1138
f 2259//1139 1995//1139 2260//1139
f 2260//1139 1995//1139 1997//1139
f 2260//1140 1997//1140 2261//1140
f 2261//1140 1997//1140 1999//1140
f 2261//1141 1999//1141 2262//1141
f 2262//1141 1999//1141 2001//1141
f 2262//1142 2001//1142 2263//1142
f 2263//1142 2001//1142 2003//1142
f 2263//1143 2003//1143 2264//1143
f 2264//1143 2003//1143 2005//1143
f 2264//1144 2005//1144 2265//1144
f 2265//1144 2005//1144 2007//1144
f 2265//1145 2007//1145 2266//1145
f 2266//1145 2007//1145 2009//1145
f 2266//1146 2009//1146 2267//1146
f 2267//1146 2009//1146 2011//1146
f 2267//1147 2011//1147 2268//1147
f 2268//1147 2011//1147 2013//1147
f 2268//1148 2013//1148 2269//1148
f 2269//1148 2013//1148 2015//1148
f 2269//1149 2015//1149 2270//1149
f 2270//1149 2015//1149 2017//1149
f 2270//1150 2017//1150 2271//1150
f 2271//1150 2017//1150 2019//1150
f 2271//1151 2019//1151 2272//1151
f 2272//1151 2019//1151 2021//1151
f 2272//1152 2021//1152 2273//1152
f 2273//1152 2021//1152 2023//1152
f 2273//1153 2023//1153 2274//1153
f 2274//1153 2023//1153 2025//1153
f 2274//1154 2025//1154 2275//1154
f 2275//1154 2025//1154 2027//1154
f 2275//1155 2027//1155 2276//1155
f 2276//1155 2027//1155 2029//1155
f 2276//1156 2029//1156 2277//1156
f 2277//1156 2029//1156 2031//1156
f 2277//1157 2031//1157 2229//1157
f 2229//1157 2031//1157 1935//1157
f 2278//568 2279//568 2280//568
f 2280//569 2279//569 2281//569
f 2280//570 2281//570 2282//570
f 2282//571 2281//571 2283//571
f 2282//1301 2283//1301 2284//1301
f 2284//573 2283//573 2285//573
f 2284//574 2285//574 2286//574
f 2286//575 2285//575 2287//575
f 2286//576 2287//576 2288//576
f 2288//577 2287//577 2289//577
f 2288//578 2289//578 2290//578
f 2290//579 2289//579 2291//579
f 2290//580 2291//580 2292//580
f 2292//581 2291//581 2293//581
f 2292//582 2293//582 2294//582
f 2294//583 2293//583 2295//583
f 2294//1302 2295//1302 2296//1302
f 2296//1374 2295//1374 2297//1374
f 2296//1375 2297//1375 2298//1375
f 2298//587 2297//587 2299//587
f 2298//588 2299//588 2300//588
f 2300//589 2299//589 2301//589
f 2300//590 2301//590 2302//590
f 2302//591 2301//591 2303//591
f 2302//592 2303//592 2304//592
f 2304//593 2303//593 2305//593
f 2304//594 2305//594 2306//594
f 2306//595 2305//595 2307//595
f 2306//596 2307//596 2308//596
f 2308//1304 2307//1304 2309//1304
f 2308//1376 2309//1376 2310//1376
f 2310//599 2309//599 2311//599
f 2310//600 2311//600 2312//600
f 2312//1206 2311//1206 2313//1206
f 2312//602 2313//602 2314//602
f 2314//603 2313//603 2315//603
f 2314//604 2315//604 2316//604
f 2316//1207 2315//1207 2317//1207
f 2316//606 2317//606 2318//606
f 2318//1208 2317//1208 2319//1208
f 2318//608 2319//608 2320//608
f 2320//609 2319//609 2321//609
f 2320//610 2321//610 2322//610
f 2322//611 2321//611 2323//611
f 2322//612 2323//612 2324//612
f 2324//613 2323//613 2325//613
f 2324//614 2325//614 2326//614
f 2326//1209 2325//1209 2327//1209
f 2326//616 2327//616 2328//616
f 2328//617 2327//617 2329//617
f 2328//618 2329//618 2330//618
f 2330//619 2329//619 2331//619
f 2330//620 2331//620 2332//620
f 2332//1211 2331//1211 2333//1211
f 2332//1212 2333//1212 2334//1212
f 2334//623 2333//623 2335//623
f 2334//624 2335//624 2336//624
f 2336//625 2335//625 2337//625
f 2336//1307 2337//1307 2338//1307
f 2338//1308 2337//1308 2339//1308
f 2338//628 2339//628 2340//628
f 2340//629 2339//629 2341//629
f 2340//630 2341//630 2342//630
f 2342//631 2341//631 2343//631
f 2342//632 2343//632 2344//632
f 2344//633 2343//633 2345//633
f 2344//634 2345//634 2346//634
f 2346//1213 2345//1213 2347//1213
f 2346//1214 2347//1214 2348//1214
f 2348//1309 2347//1309 2349//1309
f 2348//1310 2349//1310 2350//1310
f 2350//1311 2349//1311 2351//1311
f 2350//1312 2351//1312 2352//1312
f 2352//1313 2351//1313 2353//1313
f 2352//1314 2353//1314 2354//1314
f 2354//1315 2353//1315 2355//1315
f 2354//1316 2355//1316 2356//1316
f 2356//1317 2355//1317 2357//1317
f 2356//646 2357//646 2358//646
f 2358//647 2357//647 2359//647
f 2358//648 2359//648 2360//648
f 2360//649 2359//649 2361//649
f 2360//1215 2361//1215 2362//1215
f 2362//1216 2361//1216 2363//1216
f 2362//652 2363//652 2364//652
f 2364//653 2363//653 2365//653
f 2364//654 2365//654 2366//654
f 2366//655 2365//655 2367//655
f 2366//656 2367//656 2368//656
f 2368//657 2367//657 2369//657
f 2368//658 2369//658 2370//658
f 2370//1319 2369//1319 2371//1319
f 2370//1377 2371//1377 2372//1377
f 2372//1320 2371//1320 2373//1320
f 2372//662 2373//662 2374//662
f 2374//663 2373//663 2375//663
f 2374//664 2375//664 2278//664
f 2278//665 2375//665 2279//665
f 2376//666 2377//666 2378//666
f 2378//667 2377//667 2379//667
f 2378//668 2379//668 2380//668
f 2380//669 2379//669 2381//669
f 2380//670 2381//670 2382//670
f 2382//671 2381//671 2383//671
f 2382//672 2383//672 2384//672
f 2384//673 2383//673 2385//673
f 2384//674 2385//674 2386//674
f 2386//675 2385//675 2387//675
f 2386//676 2387//676 2388//676
f 2388//677 2387//677 2389//677
f 2388//678 2389//678 2390//678
f 2390//679 2389//679 2391//679
f 2390//680 2391//681 2392//682
f 2392//682 2391//681 2393//683
f 2392//684 2393//685 2394//686
f 2394//686 2393//685 2395//687
f 2394//688 2395//1321 2396//690
f 2396//690 2395//1321 2397//691
f 2396//692 2397//693 2398//694
f 2398//694 2397//693 2399//695
f 2398//696 2399//697 2400//1378
f 2400//1378 2399//697 2401//699
f 2400//1322 2401//1379 2402//702
f 2402//702 2401//1379 2403//703
f 2402//704 2403//705 2404//706
f 2404//707 2403//707 2405//707
f 2404//707 2405//707 2406//707
f 2406//708 2405//708 2407//708
f 2406//708 2407//708 2408//708
f 2408//709 2407//709 2409//709
f 2408//709 2409//709 2410//709
f 2410//1325 2409//710 2353//710
f 2410//1325 2353//710 2351//1380
f 2377//713 2376//713 2411//713
f 2411//714 2376//714 2412//714
f 2411//715 2412//715 2413//715
f 2413//716 2412//716 2414//716
f 2413//717 2414//717 2415//717
f 2415//718 2414//718 2416//718
f 2415//719 2416//719 2417//719
f 2417//720 2416//720 2418//720
f 2417//721 2418//721 2419//721
f 2419//722 2418//722 2420//722
f 2419//723 2420//723 2421//723
f 2421//724 2420//725 2422//726
f 2421//724 2422//726 2423//727
f 2423//728 2422//729 2424//730
f 2423//728 2424//730 2425//731
f 2425//1220 2424//733 2426//734
f 2425//1220 2426//734 2427//735
f 2427//736 2426//737 2428//738
f 2427//736 2428//738 2429//739
f 2429//740 2428//741 2430//742
f 2429//740 2430//742 2431//743
f 2431//746 2430//745 2432//745
f 2431//746 2432//745 2433//747
f 2433//748 2432//749 2434//750
f 2433//751 2434//751 2435//751
f 2435//752 2434//752 2436//752
f 2435//753 2436//754 2437//754
f 2437//755 2436//755 2438//755
f 2437//756 2438//1326 2439//756
f 2439//1381 2438//1223 2440//758
f 2439//1327 2440//759 2313//759
f 2313//1224 2440//1224 2315//760
f 2432//749 2441//761 2434//750
f 2434//762 2441//763 2442//764
f 2434//752 2442//752 2436//752
f 2436//1328 2442//765 2443//765
f 2436//755 2443//755 2438//755
f 2438//767 2443//767 2444//776
f 2438//1223 2444//1225 2440//758
f 2440//768 2444//768 2445//1226
f 2440//1224 2445//760 2315//760
f 2315//770 2445//770 2317//770
f 2441//763 2446//771 2442//764
f 2442//772 2446//773 2447//774
f 2442//765 2447//765 2443//765
f 2443//775 2447//775 2448//775
f 2443//767 2448//776 2444//776
f 2444//777 2448//777 2449//777
f 2444//768 2449//769 2445//1226
f 2445//778 2449//778 2450//1227
f 2445//770 2450//770 2317//770
f 2317//779 2450//779 2319//779
f 2446//773 2451//781 2447//774
f 2447//782 2451//783 2452//1229
f 2447//775 2452//775 2448//775
f 2448//786 2452//786 2453//786
f 2448//777 2453//777 2449//777
f 2449//787 2453//787 2454//1332
f 2449//778 2454//1227 2450//1227
f 2450//1230 2454//1230 2455//788
f 2450//779 2455//780 2319//779
f 2319//789 2455//789 2321//789
f 2451//783 2456//790 2452//1229
f 2452//791 2456//792 2457//793
f 2452//786 2457//786 2453//786
f 2453//795 2457//795 2458//796
f 2453//787 2458//1332 2454//1332
f 2454//797 2458//797 2459//1382
f 2454//1230 2459//788 2455//788
f 2455//799 2459//799 2460//800
f 2455//789 2460//1383 2321//789
f 2321//801 2460//801 2323//801
f 2456//792 2461//802 2457//793
f 2457//803 2461//804 2462//1384
f 2457//795 2462//796 2458//796
f 2458//806 2462//806 2463//806
f 2458//797 2463//798 2459//1382
f 2459//807 2463//807 2464//807
f 2459//799 2464//800 2460//800
f 2460//809 2464//809 2465//1231
f 2460//801 2465//801 2323//801
f 2323//813 2465//813 2325//813
f 2461//804 2466//814 2462//1384
f 2462//815 2466//815 2467//815
f 2462//806 2467//806 2463//806
f 2463//816 2467//816 2468//816
f 2463//807 2468//807 2464//807
f 2464//818 2468//818 2469//819
f 2464//809 2469//810 2465//1231
f 2465//821 2469//821 2470//822
f 2465//813 2470//813 2325//813
f 2325//823 2470//823 2327//825
f 2466//826 2471//826 2467//826
f 2467//1335 2471//1335 2472//1335
f 2467//816 2472//816 2468//816
f 2468//829 2472//829 2473//829
f 2468//818 2473//819 2469//819
f 2469//830 2473//830 2474//831
f 2469//821 2474//822 2470//822
f 2470//832 2474//832 2475//833
f 2470//823 2475//825 2327//825
f 2327//835 2475//835 2329//835
f 2471//836 2476//836 2472//836
f 2472//837 2476//837 2477//837
f 2472//829 2477//829 2473//829
f 2473//838 2477//838 2478//838
f 2473//830 2478//831 2474//831
f 2474//839 2478//839 2479//839
f 2474//832 2479//833 2475//833
f 2475//840 2479//840 2480//840
f 2475//835 2480//835 2329//835
f 2329//841 2480//841 2331//841
f 2476//842 2481//842 2477//842
f 2477//843 2481//843 2482//843
f 2477//838 2482//838 2478//838
f 2478//844 2482//844 2483//844
f 2478//839 2483//839 2479//839
f 2479//845 2483//845 2484//845
f 2479//840 2484//840 2480//840
f 2480//846 2484//846 2485//846
f 2480//841 2485//841 2331//841
f 2331//847 2485//847 2333//849
f 2481//850 2486//850 2482//850
f 2482//851 2486//851 2487//851
f 2482//844 2487//844 2483//844
f 2483//1233 2487//1233 2488//1234
f 2483//845 2488//845 2484//845
f 2484//853 2488//853 2489//853
f 2484//846 2489//846 2485//846
f 2485//854 2489//854 2490//855
f 2485//847 2490//849 2333//849
f 2333//856 2490//856 2335//856
f 2486//857 2491//857 2487//857
f 2487//858 2491//858 2492//858
f 2487//1233 2492//1234 2488//1234
f 2488//1235 2492//1235 2493//1235
f 2488//853 2493//853 2489//853
f 2489//861 2493//861 2494//861
f 2489//854 2494//855 2490//855
f 2490//862 2494//862 2495//863
f 2490//856 2495//1385 2335//856
f 2335//865 2495//865 2337//865
f 2491//866 2496//866 2492//866
f 2492//867 2496//867 2497//867
f 2492//1235 2497//1235 2493//1235
f 2493//868 2497//868 2498//868
f 2493//861 2498//861 2494//861
f 2494//869 2498//869 2499//870
f 2494//862 2499//863 2495//863
f 2495//871 2499//871 2500//872
f 2495//865 2500//873 2337//865
f 2337//874 2500//874 2339//875
f 2496//876 2501//876 2497//876
f 2497//877 2501//877 2502//877
f 2497//868 2502//868 2498//868
f 2498//878 2502//878 2503//878
f 2498//869 2503//870 2499//870
f 2499//1386 2503//1386 2504//880
f 2499//871 2504//872 2500//872
f 2500//881 2504//881 2505//882
f 2500//874 2505//875 2339//875
f 2339//883 2505//883 2341//883
f 2501//884 2506//884 2502//884
f 2502//885 2506//885 2507//885
f 2502//878 2507//878 2503//878
f 2503//886 2507//886 2508//886
f 2503//1386 2508//880 2504//880
f 2504//888 2508//888 2509//888
f 2504//881 2509//882 2505//882
f 2505//889 2509//1387 2510//1236
f 2505//883 2510//883 2341//883
f 2341//891 2510//891 2343//891
f 2506//892 2511//892 2507//892
f 2507//893 2511//893 2512//893
f 2507//886 2512//886 2508//886
f 2508//894 2512//894 2513//894
f 2508//888 2513//888 2509//888
f 2509//895 2513//895 2514//896
f 2509//1387 2514//1236 2510//1236
f 2510//1388 2514//897 2515//898
f 2510//891 2515//891 2343//891
f 2343//900 2515//900 2345//1237
f 2511//901 2516//901 2512//901
f 2512//902 2516//902 2517//902
f 2512//894 2517//894 2513//894
f 2513//903 2517//903 2518//903
f 2513//895 2518//896 2514//896
f 2514//904 2518//904 2519//905
f 2514//897 2519//898 2515//898
f 2515//1238 2519//1238 2520//1238
f 2515//900 2520//1237 2345//1237
f 2345//907 2520//907 2347//907
f 2516//908 2521//908 2517//908
f 2517//909 2521//909 2522//909
f 2517//903 2522//903 2518//903
f 2518//910 2522//910 2523//910
f 2518//904 2523//905 2519//905
f 2519//1239 2523//911 2524//912
f 2519//1238 2524//1238 2520//1238
f 2520//914 2524//914 2525//914
f 2520//907 2525//907 2347//907
f 2347//1339 2525//1339 2349//1340
f 2521//917 2526//918 2522//919
f 2522//919 2526//918 2527//920
f 2522//910 2527//910 2523//910
f 2523//921 2527//921 2528//921
f 2523//911 2528//912 2524//912
f 2524//1389 2528//1389 2529//1341
f 2524//914 2529//1241 2525//914
f 2525//925 2529//925 2530//926
f 2525//1339 2530//1340 2349//1340
f 2349//1342 2530//1342 2351//1342
f 2526//928 2531//929 2527//930
f 2527//930 2531//929 2532//931
f 2527//921 2532//921 2528//921
f 2528//933 2532//933 2533//933
f 2528//1389 2533//1341 2529//1341
f 2529//1343 2533//1343 2534//934
f 2529//925 2534//926 2530//926
f 2530//935 2534//935 2410//935
f 2530//1342 2410//1342 2351//1342
f 2531//936 2535//937 2532//1242
f 2532//1242 2535//937 2536//939
f 2532//933 2536//933 2533//933
f 2533//940 2536//940 2537//941
f 2533//1343 2537//934 2534//934
f 2534//942 2537//942 2408//942
f 2534//935 2408//935 2410//935
f 2535//943 2538//1344 2536//1243
f 2536//1243 2538//1344 2539//946
f 2536//940 2539//941 2537//941
f 2537//947 2539//947 2406//947
f 2537//942 2406//942 2408//942
f 2538//948 2540//949 2539//950
f 2539//950 2540//949 2404//951
f 2539//947 2404//947 2406//947
f 2540//952 2402//704 2404//706
f 2279//953 2541//953 2281//953
f 2281//953 2541//953 2542//953
f 2281//954 2542//954 2283//954
f 2283//954 2542//954 2543//954
f 2283//955 2543//955 2285//956
f 2285//956 2543//955 2544//956
f 2285//1244 2544//1244 2287//1245
f 2287//1245 2544//1244 2545//1245
f 2287//959 2545//959 2289//1390
f 2289//1390 2545//959 2546//1390
f 2289//1346 2546//1346 2291//1346
f 2291//1346 2546//1346 2547//1346
f 2291//1347 2547//1347 2293//961
f 2293//961 2547//1347 2548//961
f 2293//962 2548//1246 2295//963
f 2295//963 2548//1246 2549//963
f 2295//964 2549//964 2297//964
f 2297//964 2549//964 2550//964
f 2297//1247 2550//965 2299//965
f 2299//965 2550//965 2551//965
f 2299//966 2551//966 2301//967
f 2301//967 2551//966 2552//967
f 2301//968 2552//968 2303//968
f 2303//968 2552//968 2553//968
f 2303//971 2553//971 2305//971
f 2305//971 2553//971 2554//971
f 2305//972 2554//972 2307//972
f 2307//972 2554//972 2555//972
f 2307//973 2555//1351 2309//974
f 2309//974 2555//1351 2556//974
f 2309//976 2556//976 2311//976
f 2311//976 2556//976 2439//976
f 2311//1327 2439//1327 2313//759
f 2541//978 2557//978 2542//978
f 2542//978 2557//978 2558//978
f 2542//980 2558//980 2543//980
f 2543//980 2558//980 2559//980
f 2543//981 2559//981 2544//981
f 2544//981 2559//981 2560//981
f 2544//983 2560//984 2545//985
f 2545//985 2560//984 2561//985
f 2545//986 2561//986 2546//986
f 2546//986 2561//986 2562//986
f 2546//987 2562//987 2547//1352
f 2547//1352 2562//987 2563//1352
f 2547//1353 2563//1353 2548//1248
f 2548//1248 2563//1353 2564//1248
f 2548//989 2564//989 2549//989
f 2549//989 2564//989 2565//989
f 2549//990 2565//990 2550//1249
f 2550//1249 2565//990 2566//1249
f 2550//1250 2566//1250 2551//992
f 2551//992 2566//1250 2567//992
f 2551//993 2567//994 2552//994
f 2552//994 2567//994 2568//994
f 2552//995 2568//995 2553//996
f 2553//996 2568//995 2569//996
f 2553//1355 2569//1355 2554//999
f 2554//999 2569//1355 2570//999
f 2554//1000 2570//1000 2555//1000
f 2555//1000 2570//1000 2571//1000
f 2555//1001 2571//1001 2556//1001
f 2556//1001 2571//1001 2437//1001
f 2556//756 2437//756 2439//756
f 2541//1002 2279//1002 2572//1002
f 2572//1002 2279//1002 2375//1002
f 2572//1391 2375//1003 2573//1003
f 2573//1003 2375//1003 2373//1003
f 2573//1357 2373//1357 2574//1004
f 2574//1004 2373//1357 2371//1251
f 2574//1006 2371//1006 2575//1007
f 2575//1007 2371//1006 2369//1007
f 2575//1008 2369//1008 2576//1008
f 2576//1008 2369//1008 2367//1008
f 2576//1009 2367//1009 2577//1359
f 2577//1359 2367//1009 2365//1359
f 2577//1360 2365//1360 2578//1360
f 2578//1360 2365//1360 2363//1360
f 2578//1012 2363//1012 2579//1012
f 2579//1012 2363//1012 2361//1012
f 2579//1013 2361//1013 2580//1014
f 2580//1014 2361//1013 2359//1014
f 2580//1015 2359//1015 2581//1016
f 2581//1016 2359//1015 2357//1016
f 2581//1017 2357//1017 2582//1017
f 2582//1017 2357//1017 2355//1017
f 2582//1361 2355//1361 2409//1361
f 2409//1361 2355//1361 2353//1361
f 2557//1020 2583//1020 2558//1020
f 2558//1020 2583//1020 2584//1020
f 2558//1021 2584//1021 2559//1022
f 2559//1022 2584//1021 2585//1022
f 2559//1253 2585//1253 2560//1023
f 2560//1023 2585//1253 2586//1023
f 2560//1024 2586//1024 2561//1024
f 2561//1024 2586//1024 2587//1024
f 2561//1026 2587//1026 2562//1026
f 2562//1026 2587//1026 2588//1026
f 2562//1027 2588//1027 2563//1027
f 2563//1027 2588//1027 2589//1027
f 2563//1362 2589//1362 2564//1028
f 2564//1028 2589//1362 2590//1028
f 2564//1029 2590//1029 2565//1030
f 2565//1030 2590//1029 2591//1031
f 2565//1032 2591//1032 2566//1032
f 2566//1032 2591//1032 2592//1032
f 2566//1034 2592//1034 2567//1034
f 2567//1034 2592//1034 2593//1034
f 2567//1035 2593//1035 2568//1363
f 2568//1363 2593//1035 2594//1364
f 2568//1365 2594//1365 2569//1366
f 2569//1366 2594//1365 2595//1366
f 2569//1367 2595//1367 2570//1037
f 2570//1037 2595//1367 2596//1037
f 2570//1038 2596//1038 2571//1038
f 2571//1038 2596//1038 2435//1038
f 2571//753 2435//753 2437//754
f 2557//1039 2541//1039 2597//1039
f 2597//1039 2541//1039 2572//1039
f 2597//1040 2572//1040 2598//1041
f 2598//1041 2572//1040 2573//1041
f 2598//1042 2573//1042 2599//1043
f 2599//1043 2573//1042 2574//1392
f 2599//1044 2574//1044 2600//1044
f 2600//1044 2574//1044 2575//1044
f 2600//1045 2575//1045 2601//1046
f 2601//1046 2575//1045 2576//1046
f 2601//1047 2576//1048 2602//1049
f 2602//1049 2576//1048 2577//1049
f 2602//1050 2577//1050 2603//1050
f 2603//1050 2577//1050 2578//1050
f 2603//1052 2578//1052 2604//1052
f 2604//1052 2578//1052 2579//1052
f 2604//1053 2579//1053 2605//1053
f 2605//1053 2579//1053 2580//1053
f 2605//1054 2580//1054 2606//1054
f 2606//1054 2580//1054 2581//1054
f 2606//1056 2581//1056 2607//1055
f 2607//1055 2581//1056 2582//1055
f 2607//1057 2582//1057 2407//1057
f 2407//1057 2582//1057 2409//1057
f 2583//1058 2379//1058 2584//1058
f 2584//1058 2379//1058 2377//1058
f 2584//1059 2377//1059 2585//1059
f 2585//1059 2377//1059 2411//1059
f 2585//1060 2411//1060 2586//1060
f 2586//1060 2411//1060 2413//1060
f 2586//1393 2413//1061 2587//1061
f 2587//1061 2413//1061 2415//1061
f 2587//1062 2415//1062 2588//1062
f 2588//1062 2415//1062 2417//1062
f 2588//1064 2417//1064 2589//1064
f 2589//1064 2417//1064 2419//1064
f 2589//1065 2419//1065 2590//1065
f 2590//1065 2419//1065 2421//1065
f 2590//1066 2421//1066 2591//1066
f 2591//1066 2421//1066 2423//1066
f 2591//1067 2423//1067 2592//1067
f 2592//1067 2423//1067 2425//1067
f 2592//1068 2425//1068 2593//1068
f 2593//1068 2425//1068 2427//1068
f 2593//1369 2427//1369 2594//1370
f 2594//1370 2427//1369 2429//1370
f 2594//1071 2429//1071 2595//1071
f 2595//1071 2429//1071 2431//1071
f 2595//1073 2431//1073 2596//1073
f 2596//1073 2431//1073 2433//1073
f 2596//751 2433//751 2435//751
f 2583//1074 2557//1074 2608//1075
f 2608//1075 2557//1074 2597//1075
f 2608//1076 2597//1076 2609//1077
f 2609//1077 2597//1076 2598//1077
f 2609//1078 2598//1078 2610//1078
f 2610//1078 2598//1078 2599//1078
f 2610//1079 2599//1079 2611//1079
f 2611//1079 2599//1079 2600//1394
f 2611//1080 2600//1080 2612//1080
f 2612//1080 2600//1080 2601//1080
f 2612//1081 2601//1081 2613//1081
f 2613//1081 2601//1081 2602//1371
f 2613//1082 2602//1082 2614//1082
f 2614//1082 2602//1082 2603//1082
f 2614//1083 2603//1083 2615//1084
f 2615//1084 2603//1083 2604//1084
f 2615//1085 2604//1085 2616//1085
f 2616//1085 2604//1085 2605//1085
f 2616//1086 2605//1086 2617//1087
f 2617//1087 2605//1086 2606//1087
f 2617//1088 2606//1088 2618//1089
f 2618//1089 2606//1088 2607//1089
f 2618//1090 2607//1090 2405//1091
f 2405//1091 2607//1090 2407//1091
f 2379//1092 2583//1092 2381//1092
f 2381//1092 2583//1092 2608//1092
f 2381//1093 2608//1093 2383//1093
f 2383//1093 2608//1093 2609//1093
f 2383//1254 2609//1094 2385//1094
f 2385//1094 2609//1094 2610//1094
f 2385//1095 2610//1095 2387//1255
f 2387//1255 2610//1095 2611//1255
f 2387//1096 2611//1096 2389//1096
f 2389//1096 2611//1096 2612//1096
f 2389//1097 2612//1097 2391//1097
f 2391//1097 2612//1097 2613//1097
f 2391//1098 2613//1098 2393//1099
f 2393//1099 2613//1098 2614//1099
f 2393//1100 2614//1100 2395//1100
f 2395//1100 2614//1100 2615//1100
f 2395//1101 2615//1101 2397//1101
f 2397//1101 2615//1101 2616//1101
f 2397//1102 2616//1102 2399//1102
f 2399//1102 2616//1102 2617//1102
f 2399//1103 2617//1103 2401//1103
f 2401//1103 2617//1103 2618//1372
f 2401//1105 2618//1105 2403//1105
f 2403//1105 2618//1105 2405//1105
f 2619//523 2376//523 2620//523
f 2620//523 2376//523 2378//523
f 2620//523 2378//523 2380//523
f 2376//523 2619//523 2412//523
f 2412//523 2619//523 2621//523
f 2412//523 2621//523 2414//523
f 2414//523 2621//523 2622//523
f 2414//523 2622//523 2416//523
f 2416//523 2622//523 2623//523
f 2416//523 2623//523 2418//523
f 2418//523 2623//523 2624//523
f 2418//523 2624//523 2420//523
f 2420//523 2624//523 2625//523
f 2420//523 2625//523 2422//523
f 2422//523 2625//523 2626//523
f 2422//523 2626//523 2424//523
f 2424//523 2626//523 2627//523
f 2424//523 2627//523 2426//523
f 2426//523 2627//523 2628//523
f 2426//523 2628//523 2428//523
f 2428//523 2628//523 2629//523
f 2428//523 2629//523 2430//523
f 2430//523 2629//523 2630//523
f 2430//523 2630//523 2432//523
f 2432//523 2630//523 2631//523
f 2432//523 2631//523 2441//523
f 2441//523 2631//523 2632//523
f 2441//523 2632//523 2446//523
f 2446//523 2632//523 2633//523
f 2446//523 2633//523 2451//523
f 2451//523 2633//523 2634//523
f 2451//523 2634//523 2456//523
f 2456//523 2634//523 2635//523
f 2456//523 2635//523 2461//523
f 2461//523 2635//523 2636//523
f 2461//523 2636//523 2466//523
f 2466//523 2636//523 2637//523
f 2466//523 2637//523 2471//523
f 2471//523 2637//523 2638//523
f 2471//523 2638//523 2476//523
f 2476//523 2638//523 2639//523
f 2476//523 2639//523 2481//523
f 2481//523 2639//523 2640//523
f 2481//523 2640//523 2486//523
f 2486//523 2640//523 2641//523
f 2486//523 2641//523 2491//523
f 2491//523 2641//523 2496//523
f 2496//523 2641//523 2642//523
f 2496//523 2642//523 2501//523
f 2501//523 2642//523 2643//523
f 2501//523 2643//523 2506//523
f 2506//523 2643//523 2644//523
f 2506//523 2644//523 2511//523
f 2511//523 2644//523 2645//523
f 2511//523 2645//523 2516//523
f 2516//523 2645//523 2646//523
f 2516//523 2646//523 2521//523
f 2521//523 2646//523 2647//523
f 2521//523 2647//523 2526//523
f 2526//523 2647//523 2648//523
f 2526//523 2648//523 2531//523
f 2531//523 2648//523 2649//523
f 2531//523 2649//523 2535//523
f 2535//523 2649//523 2650//523
f 2535//523 2650//523 2538//523
f 2538//523 2650//523 2651//523
f 2538//523 2651//523 2540//523
f 2540//523 2651//523 2652//523
f 2540//523 2652//523 2402//523
f 2402//523 2652//523 2653//523
f 2402//523 2653//523 2400//523
f 2400//523 2653//523 2654//523
f 2400//523 2654//523 2398//523
f 2398//523 2654//523 2655//523
f 2398//523 2655//523 2396//523
f 2396//523 2655//523 2656//523
f 2396//523 2656//523 2394//523
f 2394//523 2656//523 2657//523
f 2394//523 2657//523 2392//523
f 2392//523 2657//523 2658//523
f 2392//523 2658//523 2390//523
f 2390//523 2658//523 2659//523
f 2390//523 2659//523 2388//523
f 2388//523 2659//523 2660//523
f 2388//523 2660//523 2386//523
f 2386//523 2660//523 2661//523
f 2386//523 2661//523 2384//523
f 2384//523 2661//523 2662//523
f 2384//523 2662//523 2382//523
f 2382//523 2662//523 2663//523
f 2382//523 2663//523 2380//523
f 2380//523 2663//523 2620//523
f 2664//1106 2278//1106 2665//1106
f 2665//1106 2278//1106 2280//1106
f 2665//1107 2280//1107 2666//1107
f 2666//1107 2280//1107 2282//1107
f 2666//1108 2282//1108 2667//1108
f 2667//1108 2282//1108 2284//1108
f 2667//1110 2284//1110 2668//1110
f 2668//1110 2284//1110 2286//1110
f 2668//1111 2286//1111 2669//1111
f 2669//1111 2286//1111 2288//1111
f 2669//1112 2288//1112 2670//1112
f 2670//1112 2288//1112 2290//1112
f 2670//1113 2290//1113 2671//1113
f 2671//1113 2290//1113 2292//1113
f 2671//1114 2292//1114 2672//1114
f 2672//1114 2292//1114 2294//1114
f 2672//1115 2294//1115 2673//1115
f 2673//1115 2294//1115 2296//1115
f 2673//1116 2296//1116 2674//1116
f 2674//1116 2296//1116 2298//1116
f 2674//1117 2298//1117 2675//1117
f 2675//1117 2298//1117 2300//1117
f 2675//1118 2300//1118 2676//1118
f 2676//1118 2300//1118 2302//1118
f 2676//1119 2302//1119 2677//1119
f 2677//1119 2302//1119 2304//1119
f 2677//1120 2304//1120 2678//1120
f 2678//1120 2304//1120 2306//1120
f 2678//1121 2306//1121 2679//1121
f 2679//1121 2306//1121 2308//1121
f 2679//1122 2308//1122 2680//1122
f 2680//1122 2308//1122 2310//1122
f 2680//1123 2310//1123 2681//1123
f 2681//1123 2310//1123 2312//1123
f 2681//1124 2312//1124 2682//1124
f 2682//1124 2312//1124 2314//1124
f 2682//1125 2314//1125 2683//1125
f 2683//1125 2314//1125 2316//1125
f 2683//1127 2316//1127 2684//1127
f 2684//1127 2316//1127 2318//1127
f 2684//1128 2318//1128 2685//1128
f 2685//1128 2318//1128 2320//1128
f 2685//1129 2320//1129 2686//1129
f 2686//1129 2320//1129 2322//1129
f 2686//1130 2322//1130 2687//1130
f 2687//1130 2322//1130 2324//1130
f 2687//1373 2324//1131 2688//1373
f 2688//1373 2324//1131 2326//1131
f 2688//1132 2326//1132 2689//1132
f 2689//1132 2326//1132 2328//1132
f 2689//1133 2328//1133 2690//1133
f 2690//1133 2328//1133 2330//1133
f 2690//1134 2330//1134 2691//1134
f 2691//1134 2330//1134 2332//1134
f 2691//1135 2332//1135 2692//1135
f 2692//1135 2332//1135 2334//1135
f 2692//1137 2334//1137 2693//1137
f 2693//1137 2334//1137 2336//1137
f 2693//1138 2336//1138 2694//1138
f 2694//1138 2336//1138 2338//1138
f 2694//1139 2338//1139 2695//1139
f 2695//1139 2338//1139 2340//1139
f 2695//1140 2340//1140 2696//1140
f 2696//1140 2340//1140 2342//1140
f 2696//1141 2342//1141 2697//1141
f 2697//1141 2342//1141 2344//1141
f 2697//1142 2344//1142 2698//1142
f 2698//1142 2344//1142 2346//1142
f 2698//1143 2346//1143 2699//1143
f 2699//1143 2346//1143 2348//1143
f 2699//1144 2348//1144 2700//1144
f 2700//1144 2348//1144 2350//1144
f 2700//1145 2350//1145 2701//1145
f 2701//1145 2350//1145 2352//1145
f 2701//1146 2352//1146 2702//1146
f 2702//1146 2352//1146 2354//1146
f 2702//1147 2354//1147 2703//1147
f 2703//1147 2354//1147 2356//1147
f 2703//1148 2356//1148 2704//1148
f 2704//1148 2356//1148 2358//1148
f 2704//1149 2358//1149 2705//1149
f 2705//1149 2358//1149 2360//1149
f 2705//1150 2360//1150 2706//1150
f 2706//1150 2360//1150 2362//1150
f 2706//1151 2362//1151 2707//1151
f 2707//1151 2362//1151 2364//1151
f 2707//1152 2364//1152 2708//1152
f 2708//1152 2364//1152 2366//1152
f 2708//1153 2366//1153 2709//1153
f 2709//1153 2366//1153 2368//1153
f 2709//1154 2368//1154 2710//1154
f 2710//1154 2368//1154 2370//1154
f 2710//1155 2370//1155 2711//1155
f 2711//1155 2370//1155 2372//1155
f 2711//1156 2372//1156 2712//1156
f 2712//1156 2372//1156 2374//1156
f 2712//1157 2374//1157 2664//1157
f 2664//1157 2374//1157 2278//1157
f 2713//1 2714//1 2715//1
f 2715//1158 2714//1158 2716//1158
f 2715//1159 2716//1159 2717//1159
f 2717//4 2716//5 2718//5
f 2717//4 2718//5 2719//4
f 2719//6 2718//7 2720//7
f 2719//6 2720//7 2721//6
f 2721//8 2720//8 2722//8
f 2721//8 2722//8 2723//8
f 2723//9 2722//9 2724//9
f 2723//9 2724//9 2725//9
f 2725//1160 2724//11 2620//12
f 2725//1160 2620//12 2663//13
f 2714//14 2713//14 2726//14
f 2726//15 2713//15 2727//15
f 2726//16 2727//16 2728//16
f 2728//17 2727//17 2729//17
f 2728//18 2729//18 2730//18
f 2730//19 2729//19 2731//19
f 2730//20 2731//20 2732//20
f 2732//1162 2731//1162 2733//1162
f 2732//22 2733//22 2734//22
f 2734//23 2733//23 2735//23
f 2734//24 2735//24 2736//24
f 2736//1163 2735//1163 2737//1163
f 2736//1395 2737//1395 2738//1395
f 2738//27 2737//27 2739//27
f 2738//1292 2739//28 2740//28
f 2740//30 2739//30 2741//30
f 2740//31 2741//32 2742//31
f 2742//1164 2741//1164 2743//33
f 2742//425 2743//34 2744//425
f 2744//35 2743//35 2745//35
f 2744//36 2745//36 2746//36
f 2746//37 2745//37 2747//37
f 2746//38 2747//39 2631//40
f 2631//41 2747//42 2632//43
f 2632//43 2747//42 2748//44
f 2632//45 2748//46 2633//47
f 2633//47 2748//46 2749//48
f 2633//49 2749//50 2634//51
f 2634//51 2749//50 2750//52
f 2634//1258 2750//54 2751//55
f 2751//56 2750//57 2752//57
f 2751//56 2752//57 2753//56
f 2753//58 2752//58 2754//58
f 2753//58 2754//58 2755//58
f 2755//59 2754//59 2756//59
f 2755//59 2756//59 2757//59
f 2757//61 2756//1259 2758//1396
f 2757//61 2758//1396 2759//61
f 2759//62 2758//62 2760//62
f 2759//63 2760//63 2761//63
f 2737//1261 2762//1261 2739//1261
f 2739//65 2762//65 2763//65
f 2739//30 2763//30 2741//30
f 2741//66 2763//66 2764//66
f 2741//1164 2764//33 2743//33
f 2743//68 2764//68 2765//68
f 2743//35 2765//35 2745//35
f 2745//69 2765//69 2766//69
f 2745//37 2766//37 2747//37
f 2747//1397 2766//1397 2748//71
f 2762//72 2767//72 2763//72
f 2763//73 2767//73 2768//73
f 2763//66 2768//66 2764//66
f 2764//75 2768//75 2769//75
f 2764//68 2769//68 2765//68
f 2765//76 2769//76 2770//77
f 2765//69 2770//69 2766//69
f 2766//78 2770//78 2771//78
f 2766//1397 2771//71 2748//71
f 2748//80 2771//80 2749//80
f 2767//81 2772//81 2768//81
f 2768//82 2772//82 2773//82
f 2768//75 2773//75 2769//75
f 2769//83 2773//83 2774//83
f 2769//76 2774//77 2770//77
f 2770//1166 2774//84 2775//84
f 2770//78 2775//78 2771//78
f 2771//1167 2775//1167 2776//86
f 2771//80 2776//1262 2749//80
f 2749//87 2776//87 2750//87
f 2772//88 2777//88 2773//88
f 2773//89 2777//89 2778//89
f 2773//83 2778//83 2774//83
f 2774//90 2778//90 2779//90
f 2774//84 2779//84 2775//84
f 2775//1168 2779//1168 2780//91
f 2775//1167 2780//86 2776//86
f 2776//92 2780//92 2752//93
f 2776//87 2752//87 2750//87
f 2777//94 2781//94 2778//94
f 2778//95 2781//95 2782//95
f 2778//90 2782//90 2779//90
f 2779//96 2782//96 2783//96
f 2779//1168 2783//91 2780//91
f 2780//98 2783//98 2754//99
f 2780//92 2754//93 2752//93
f 2781//100 2784//100 2782//100
f 2782//101 2784//101 2785//101
f 2782//96 2785//97 2783//96
f 2783//102 2785//102 2756//1263
f 2783//98 2756//99 2754//99
f 2784//1169 2760//1169 2785//1169
f 2785//104 2760//104 2758//104
f 2785//102 2758//1263 2756//1263
f 2759//105 2761//105 2786//105
f 2786//106 2761//106 2787//106
f 2786//107 2787//107 2788//107
f 2788//1170 2787//1170 2789//1170
f 2788//109 2789//109 2790//109
f 2790//110 2789//110 2791//110
f 2790//111 2791//111 2792//111
f 2792//112 2791//112 2793//112
f 2792//113 2793//113 2794//113
f 2794//114 2793//114 2795//114
f 2794//115 2795//115 2796//115
f 2796//116 2795//116 2797//116
f 2796//1171 2797//1171 2798//1171
f 2798//1172 2797//1172 2799//1172
f 2798//119 2799//120 2800//120
f 2800//121 2799//121 2801//121
f 2800//123 2801//123 2802//123
f 2802//1398 2801//125 2803//124
f 2802//126 2803//127 2804//126
f 2804//128 2803//128 2805//128
f 2804//129 2805//129 2806//129
f 2806//130 2805//130 2807//130
f 2806//131 2807//132 2646//133
f 2646//134 2807//135 2647//136
f 2647//136 2807//135 2808//137
f 2647//138 2808//1173 2648//140
f 2648//140 2808//1173 2809//141
f 2648//142 2809//1174 2649//1267
f 2649//1267 2809//1174 2810//145
f 2649//1399 2810//147 2811//148
f 2811//149 2810//150 2812//149
f 2811//149 2812//149 2813//149
f 2813//151 2812//151 2814//151
f 2813//151 2814//151 2815//151
f 2815//152 2814//153 2816//152
f 2815//152 2816//152 2817//152
f 2817//154 2816//155 2818//155
f 2817//154 2818//155 2819//154
f 2819//156 2818//156 2820//156
f 2819//1178 2820//1178 2821//1178
f 2797//158 2822//158 2799//158
f 2799//159 2822//159 2823//159
f 2799//121 2823//1400 2801//121
f 2801//1179 2823//1179 2824//161
f 2801//125 2824//124 2803//124
f 2803//162 2824//162 2825//1268
f 2803//128 2825//128 2805//128
f 2805//164 2825//164 2826//164
f 2805//130 2826//130 2807//130
f 2807//165 2826//165 2808//165
f 2822//166 2827//166 2823//166
f 2823//167 2827//167 2828//167
f 2823//1179 2828//161 2824//161
f 2824//168 2828//168 2829//168
f 2824//162 2829//1268 2825//1268
f 2825//170 2829//170 2830//170
f 2825//164 2830//164 2826//164
f 2826//1180 2830//171 2831//172
f 2826//165 2831//165 2808//165
f 2808//1269 2831//1269 2809//173
f 2827//174 2832//174 2828//174
f 2828//175 2832//175 2833//175
f 2828//168 2833//168 2829//168
f 2829//176 2833//176 2834//176
f 2829//170 2834//170 2830//170
f 2830//177 2834//177 2835//177
f 2830//171 2835//172 2831//172
f 2831//178 2835//178 2836//178
f 2831//1269 2836//173 2809//173
f 2809//179 2836//179 2810//179
f 2832//1270 2837//1270 2833//1270
f 2833//1271 2837//1271 2838//1271
f 2833//176 2838//176 2834//176
f 2834//182 2838//182 2839//182
f 2834//177 2839//177 2835//177
f 2835//183 2839//183 2840//183
f 2835//178 2840//178 2836//178
f 2836//184 2840//184 2812//1401
f 2836//179 2812//179 2810//179
f 2837//1272 2841//1272 2838//1272
f 2838//1402 2841//1402 2842//1402
f 2838//182 2842//182 2839//182
f 2839//188 2842//188 2843//188
f 2839//183 2843//183 2840//183
f 2840//189 2843//189 2814//190
f 2840//184 2814//191 2812//1401
f 2841//1273 2844//1273 2842//1273
f 2842//193 2844//193 2845//193
f 2842//188 2845//188 2843//188
f 2843//194 2845//194 2816//194
f 2843//189 2816//190 2814//190
f 2844//195 2820//195 2845//195
f 2845//196 2820//196 2818//196
f 2845//194 2818//194 2816//194
f 2819//197 2821//197 2846//197
f 2846//198 2821//198 2847//198
f 2846//199 2847//199 2848//199
f 2848//200 2847//200 2849//200
f 2848//201 2849//201 2850//201
f 2850//202 2849//202 2851//202
f 2850//203 2851//203 2852//203
f 2852//204 2851//204 2853//204
f 2852//205 2853//205 2854//205
f 2854//206 2853//206 2855//206
f 2854//1403 2855//1403 2856//1403
f 2856//208 2855//208 2857//208
f 2856//209 2857//209 2858//209
f 2858//210 2857//210 2859//210
f 2858//211 2859//211 2860//211
f 2860//212 2859//212 2861//212
f 2860//213 2861//213 2862//213
f 2862//214 2861//214 2863//214
f 2862//215 2863//216 2864//216
f 2864//217 2863//217 2865//218
f 2864//219 2865//219 2866//219
f 2866//220 2865//220 2867//220
f 2866//221 2867//222 2661//223
f 2661//224 2867//225 2662//226
f 2662//226 2867//225 2868//227
f 2662//228 2868//229 2663//1275
f 2663//1275 2868//229 2725//231
f 2857//232 2869//232 2859//232
f 2859//233 2869//233 2870//233
f 2859//212 2870//212 2861//212
f 2861//234 2870//234 2871//235
f 2861//214 2871//214 2863//214
f 2863//236 2871//236 2872//236
f 2863//217 2872//218 2865//218
f 2865//237 2872//237 2873//237
f 2865//220 2873//220 2867//220
f 2867//238 2873//238 2868//238
f 2869//1276 2874//1276 2870//1276
f 2870//240 2874//240 2875//240
f 2870//234 2875//235 2871//235
f 2871//241 2875//241 2876//241
f 2871//236 2876//236 2872//236
f 2872//1278 2876//1278 2877//242
f 2872//237 2877//237 2873//237
f 2873//243 2877//243 2878//243
f 2873//238 2878//238 2868//238
f 2868//244 2878//244 2725//244
f 2874//1279 2879//1279 2875//1279
f 2875//1280 2879//1280 2880//1280
f 2875//241 2880//241 2876//241
f 2876//248 2880//248 2881//248
f 2876//1278 2881//242 2877//242
f 2877//249 2881//249 2882//249
f 2877//243 2882//243 2878//243
f 2878//250 2882//250 2723//251
f 2878//244 2723//244 2725//244
f 2879//1281 2883//1281 2880//1281
f 2880//253 2883//253 2884//253
f 2880//248 2884//248 2881//248
f 2881//254 2884//254 2885//254
f 2881//249 2885//1282 2882//249
f 2882//256 2885//256 2721//256
f 2882//250 2721//1186 2723//251
f 2883//257 2886//257 2884//257
f 2884//258 2886//258 2887//258
f 2884//254 2887//254 2885//254
f 2885//1187 2887//260 2719//260
f 2885//256 2719//1404 2721//256
f 2886//261 2888//261 2887//261
f 2887//262 2888//262 2717//262
f 2887//260 2717//260 2719//260
f 2888//263 2715//263 2717//263
f 2661//223 2660//264 2866//221
f 2866//265 2660//265 2889//265
f 2866//219 2889//219 2864//219
f 2864//266 2889//266 2890//266
f 2864//216 2890//215 2862//215
f 2862//267 2890//267 2891//267
f 2862//213 2891//213 2860//213
f 2860//269 2891//269 2892//270
f 2860//211 2892//211 2858//211
f 2858//271 2892//271 2856//272
f 2660//273 2659//273 2889//273
f 2889//274 2659//274 2893//274
f 2889//266 2893//266 2890//266
f 2890//1284 2893//1284 2894//275
f 2890//267 2894//267 2891//267
f 2891//276 2894//276 2895//276
f 2891//269 2895//270 2892//270
f 2892//277 2895//277 2896//277
f 2892//271 2896//272 2856//272
f 2856//1405 2896//278 2854//278
f 2659//1188 2658//1188 2893//1188
f 2893//280 2658//280 2897//280
f 2893//1284 2897//275 2894//275
f 2894//281 2897//281 2898//281
f 2894//276 2898//276 2895//276
f 2895//282 2898//282 2899//282
f 2895//277 2899//277 2896//277
f 2896//283 2899//283 2900//283
f 2896//278 2900//278 2854//278
f 2854//284 2900//284 2852//285
f 2658//286 2657//286 2897//286
f 2897//287 2657//287 2901//287
f 2897//281 2901//281 2898//281
f 2898//288 2901//288 2902//288
f 2898//282 2902//282 2899//282
f 2899//289 2902//289 2903//289
f 2899//283 2903//1189 2900//283
f 2900//291 2903//291 2904//291
f 2900//284 2904//285 2852//285
f 2852//292 2904//292 2850//292
f 2657//293 2656//293 2901//293
f 2901//294 2656//294 2905//294
f 2901//288 2905//288 2902//288
f 2902//295 2905//295 2906//295
f 2902//289 2906//289 2903//289
f 2903//296 2906//296 2907//296
f 2903//291 2907//291 2904//291
f 2904//1190 2907//298 2908//298
f 2904//292 2908//292 2850//292
f 2850//299 2908//299 2848//299
f 2656//300 2655//300 2905//300
f 2905//301 2655//301 2909//301
f 2905//295 2909//295 2906//295
f 2906//302 2909//302 2910//1191
f 2906//296 2910//296 2907//296
f 2907//303 2910//303 2911//303
f 2907//298 2911//298 2908//298
f 2908//304 2911//304 2912//304
f 2908//299 2912//299 2848//299
f 2848//305 2912//305 2846//306
f 2655//307 2654//307 2909//307
f 2909//308 2654//308 2913//308
f 2909//302 2913//1191 2910//1191
f 2910//309 2913//309 2914//309
f 2910//303 2914//303 2911//303
f 2911//310 2914//310 2915//310
f 2911//304 2915//304 2912//304
f 2912//312 2915//312 2916//1192
f 2912//305 2916//306 2846//306
f 2846//313 2916//313 2819//313
f 2654//314 2653//314 2913//314
f 2913//315 2653//315 2917//315
f 2913//309 2917//309 2914//309
f 2914//316 2917//316 2918//316
f 2914//310 2918//310 2915//310
f 2915//317 2918//317 2919//317
f 2915//312 2919//1192 2916//1192
f 2916//318 2919//318 2817//318
f 2916//313 2817//1406 2819//313
f 2653//319 2652//320 2917//1285
f 2917//1285 2652//320 2920//322
f 2917//316 2920//316 2918//316
f 2918//324 2920//324 2921//324
f 2918//317 2921//317 2919//317
f 2919//325 2921//325 2815//325
f 2919//318 2815//318 2817//318
f 2652//326 2651//1193 2920//328
f 2920//328 2651//1193 2922//329
f 2920//324 2922//324 2921//324
f 2921//330 2922//330 2813//330
f 2921//325 2813//325 2815//325
f 2651//331 2650//332 2922//333
f 2922//333 2650//332 2811//334
f 2922//330 2811//330 2813//330
f 2650//335 2649//1399 2811//148
f 2646//133 2645//336 2806//131
f 2806//337 2645//337 2923//337
f 2806//129 2923//129 2804//129
f 2804//338 2923//338 2924//338
f 2804//126 2924//126 2802//126
f 2802//339 2924//339 2925//340
f 2802//123 2925//1407 2800//123
f 2800//1195 2925//341 2926//342
f 2800//120 2926//119 2798//119
f 2798//343 2926//343 2796//344
f 2645//345 2644//345 2923//345
f 2923//346 2644//346 2927//346
f 2923//338 2927//338 2924//338
f 2924//347 2927//347 2928//347
f 2924//339 2928//348 2925//340
f 2925//349 2928//349 2929//349
f 2925//341 2929//342 2926//342
f 2926//350 2929//350 2930//351
f 2926//343 2930//344 2796//344
f 2796//1196 2930//352 2794//352
f 2644//353 2643//353 2927//353
f 2927//354 2643//354 2931//354
f 2927//347 2931//347 2928//347
f 2928//355 2931//355 2932//355
f 2928//349 2932//349 2929//349
f 2929//356 2932//356 2933//356
f 2929//350 2933//351 2930//351
f 2930//358 2933//358 2934//358
f 2930//352 2934//352 2794//352
f 2794//1408 2934//361 2792//361
f 2643//362 2642//362 2931//362
f 2931//363 2642//363 2935//363
f 2931//355 2935//355 2932//355
f 2932//364 2935//364 2936//364
f 2932//356 2936//356 2933//356
f 2933//1197 2936//1197 2937//366
f 2933//358 2937//358 2934//358
f 2934//367 2937//367 2938//367
f 2934//361 2938//368 2792//361
f 2792//369 2938//369 2790//369
f 2642//370 2641//370 2935//370
f 2935//371 2641//371 2939//371
f 2935//364 2939//364 2936//364
f 2936//372 2939//372 2940//372
f 2936//1197 2940//366 2937//366
f 2937//373 2940//373 2941//373
f 2937//367 2941//367 2938//367
f 2938//374 2941//374 2942//374
f 2938//369 2942//369 2790//369
f 2790//377 2942//377 2788//377
f 2641//378 2640//378 2939//378
f 2939//379 2640//379 2943//379
f 2939//372 2943//372 2940//372
f 2940//380 2943//380 2944//380
f 2940//373 2944//1287 2941//373
f 2941//1289 2944//1289 2945//381
f 2941//374 2945//374 2942//374
f 2942//382 2945//382 2946//382
f 2942//377 2946//377 2788//377
f 2788//383 2946//384 2786//385
f 2640//386 2639//386 2943//386
f 2943//387 2639//387 2947//387
f 2943//380 2947//380 2944//380
f 2944//389 2947//389 2948//389
f 2944//1289 2948//381 2945//381
f 2945//390 2948//390 2949//390
f 2945//382 2949//382 2946//382
f 2946//392 2949//392 2950//401
f 2946//384 2950//385 2786//385
f 2786//1290 2950//395 2759//396
f 2639//397 2638//397 2947//397
f 2947//398 2638//398 2951//398
f 2947//389 2951//389 2948//389
f 2948//399 2951//399 2952//399
f 2948//390 2952//390 2949//390
f 2949//400 2952//400 2953//400
f 2949//392 2953//401 2950//401
f 2950//402 2953//402 2757//403
f 2950//395 2757//396 2759//396
f 2638//404 2637//405 2951//406
f 2951//406 2637//405 2954//407
f 2951//399 2954//399 2952//399
f 2952//408 2954//408 2955//408
f 2952//400 2955//400 2953//400
f 2953//409 2955//409 2755//409
f 2953//402 2755//403 2757//403
f 2637//410 2636//411 2954//412
f 2954//412 2636//411 2956//413
f 2954//408 2956//408 2955//408
f 2955//414 2956//415 2753//415
f 2955//409 2753//416 2755//409
f 2636//417 2635//418 2956//419
f 2956//419 2635//418 2751//420
f 2956//415 2751//415 2753//415
f 2635//421 2634//1258 2751//55
f 2631//40 2630//422 2746//38
f 2746//423 2630//423 2957//423
f 2746//36 2957//36 2744//36
f 2744//424 2957//424 2958//424
f 2744//425 2958//425 2742//425
f 2742//427 2958//428 2959//428
f 2742//31 2959//31 2740//31
f 2740//429 2959//429 2960//429
f 2740//28 2960//1256 2738//1292
f 2738//1199 2960//1199 2736//430
f 2630//1293 2629//1293 2957//1293
f 2957//432 2629//432 2961//432
f 2957//424 2961//424 2958//424
f 2958//433 2961//433 2962//433
f 2958//428 2962//428 2959//428
f 2959//434 2962//434 2963//435
f 2959//429 2963//429 2960//429
f 2960//436 2963//436 2964//436
f 2960//1199 2964//430 2736//430
f 2736//437 2964//437 2734//438
f 2629//439 2628//439 2961//439
f 2961//440 2628//440 2965//440
f 2961//433 2965//441 2962//433
f 2962//442 2965//442 2966//442
f 2962//434 2966//435 2963//435
f 2963//443 2966//443 2967//443
f 2963//436 2967//436 2964//436
f 2964//444 2967//444 2968//455
f 2964//437 2968//445 2734//438
f 2734//446 2968//447 2732//448
f 2628//1294 2627//1294 2965//1294
f 2965//450 2627//450 2969//450
f 2965//442 2969//442 2966//442
f 2966//451 2969//451 2970//452
f 2966//443 2970//443 2967//443
f 2967//453 2970//454 2971//454
f 2967//444 2971//455 2968//455
f 2968//456 2971//456 2972//458
f 2968//447 2972//459 2732//448
f 2732//460 2972//460 2730//460
f 2627//461 2626//461 2969//461
f 2969//462 2626//462 2973//462
f 2969//451 2973//452 2970//452
f 2970//463 2973//463 2974//463
f 2970//454 2974//454 2971//454
f 2971//464 2974//464 2975//464
f 2971//456 2975//458 2972//458
f 2972//465 2975//465 2976//465
f 2972//460 2976//460 2730//460
f 2730//467 2976//467 2728//467
f 2626//468 2625//468 2973//468
f 2973//469 2625//469 2977//469
f 2973//463 2977//470 2974//463
f 2974//471 2977//471 2978//471
f 2974//464 2978//464 2975//464
f 2975//472 2978//472 2979//473
f 2975//465 2979//465 2976//465
f 2976//475 2979//475 2980//475
f 2976//467 2980//467 2728//467
f 2728//476 2980//477 2726//478
f 2625//479 2624//479 2977//479
f 2977//480 2624//480 2981//480
f 2977//471 2981//471 2978//471
f 2978//481 2981//481 2982//481
f 2978//472 2982//473 2979//473
f 2979//482 2982//482 2983//1296
f 2979//475 2983//475 2980//475
f 2980//483 2983//483 2984//483
f 2980//477 2984//478 2726//478
f 2726//485 2984//485 2714//485
f 2624//487 2623//487 2981//487
f 2981//488 2623//488 2985//488
f 2981//481 2985//481 2982//481
f 2982//489 2985//489 2986//489
f 2982//482 2986//1296 2983//1296
f 2983//1298 2986//491 2987//492
f 2983//483 2987//483 2984//483
f 2984//494 2987//494 2988//494
f 2984//485 2988//485 2714//485
f 2714//496 2988//496 2716//497
f 2623//498 2622//499 2985//500
f 2985//500 2622//499 2989//501
f 2985//489 2989//489 2986//489
f 2986//502 2989//502 2990//502
f 2986//491 2990//492 2987//492
f 2987//503 2990//503 2991//1299
f 2987//494 2991//494 2988//494
f 2988//506 2991//506 2718//507
f 2988//496 2718//497 2716//497
f 2622//508 2621//509 2989//510
f 2989//510 2621//509 2992//511
f 2989//502 2992//502 2990//502
f 2990//512 2992//512 2993//512
f 2990//503 2993//504 2991//1299
f 2991//513 2993//513 2720//513
f 2991//506 2720//507 2718//507
f 2621//514 2619//515 2992//516
f 2992//516 2619//515 2994//517
f 2992//512 2994//512 2993//512
f 2993//518 2994//518 2722//518
f 2993//513 2722//513 2720//513
f 2619//519 2620//520 2994//521
f 2994//521 2620//520 2724//522
f 2994//518 2724//518 2722//518
f 2995//524 2713//524 2996//524
f 2996//524 2713//524 2715//524
f 2996//525 2715//525 2997//525
f 2997//525 2715//525 2888//525
f 2997//526 2888//526 2998//526
f 2998//526 2888//526 2886//526
f 2998//527 2886//527 2999//527
f 2999//527 2886//527 2883//527
f 2999//528 2883//528 3000//528
f 3000//528 2883//528 2879//528
f 3000//529 2879//529 3001//529
f 3001//529 2879//529 2874//529
f 3001//530 2874//530 3002//530
f 3002//530 2874//530 2869//530
f 3002//531 2869//531 3003//531
f 3003//531 2869//531 2857//531
f 3003//532 2857//532 3004//532
f 3004//532 2857//532 2855//532
f 3004//533 2855//533 3005//533
f 3005//533 2855//533 2853//533
f 3005//534 2853//534 3006//534
f 3006//534 2853//534 2851//534
f 3006//535 2851//535 3007//535
f 3007//535 2851//535 2849//535
f 3007//536 2849//536 3008//536
f 3008//536 2849//536 2847//536
f 3008//537 2847//537 3009//537
f 3009//537 2847//537 2821//537
f 3009//538 2821//538 3010//538
f 3010//538 2821//538 2820//538
f 3010//539 2820//539 3011//539
f 3011//539 2820//539 2844//539
f 3011//540 2844//540 3012//540
f 3012//540 2844//540 2841//540
f 3012//541 2841//541 3013//541
f 3013//541 2841//541 2837//541
f 3013//542 2837//542 3014//542
f 3014//542 2837//542 2832//542
f 3014//543 2832//543 3015//543
f 3015//543 2832//543 2827//543
f 3015//544 2827//544 3016//544
f 3016//544 2827//544 2822//544
f 3016//545 2822//545 3017//545
f 3017//545 2822//545 2797//545
f 3017//546 2797//546 3018//546
f 3018//546 2797//546 2795//546
f 3018//547 2795//547 3019//547
f 3019//547 2795//547 2793//547
f 3019//548 2793//548 3020//548
f 3020//548 2793//548 2791//548
f 3020//549 2791//549 3021//549
f 3021//549 2791//549 2789//549
f 3021//550 2789//550 3022//550
f 3022//550 2789//550 2787//550
f 3022//551 2787//551 3023//551
f 3023//551 2787//551 2761//551
f 3023//552 2761//552 3024//552
f 3024//552 2761//552 2760//552
f 3024//554 2760//554 3025//554
f 3025//554 2760//554 2784//554
f 3025//555 2784//555 3026//555
f 3026//555 2784//555 2781//555
f 3026//556 2781//556 3027//556
f 3027//556 2781//556 2777//556
f 3027//557 2777//557 3028//557
f 3028//557 2777//557 2772//557
f 3028//558 2772//558 3029//558
f 3029//558 2772//558 2767//558
f 3029//559 2767//559 3030//559
f 3030//559 2767//559 2762//559
f 3030//560 2762//560 3031//560
f 3031//560 2762//560 2737//560
f 3031//562 2737//562 3032//562
f 3032//562 2737//562 2735//562
f 3032//563 2735//563 3033//563
f 3033//563 2735//563 2733//563
f 3033//564 2733//564 3034//564
f 3034//564 2733//564 2731//564
f 3034//565 2731//565 3035//565
f 3035//565 2731//565 2729//565
f 3035//566 2729//566 3036//566
f 3036//566 2729//566 2727//566
f 3036//567 2727//567 2995//567
f 2995//567 2727//567 2713//567
f 3037//1 3038//1 3039//1
f 3039//1158 3038//1158 3040//1158
f 3039//1159 3040//1159 3041//1159
f 3041//5 3040//1409 3042//1410
f 3041//5 3042//1410 3043//4
f 3043//6 3042//7 3044//7
f 3043//6 3044//7 3045//6
f 3045//8 3044//8 3046//8
f 3045//8 3046//8 3047//8
f 3047//9 3046//9 3048//9
f 3047//9 3048//9 3049//9
f 3049//1160 3048//11 3050//12
f 3049//1160 3050//12 3051//13
f 3038//14 3037//14 3052//14
f 3052//15 3037//15 3053//15
f 3052//16 3053//16 3054//16
f 3054//17 3053//17 3055//17
f 3054//18 3055//18 3056//18
f 3056//19 3055//19 3057//19
f 3056//1411 3057//1411 3058//1411
f 3058//1162 3057//1162 3059//1162
f 3058//22 3059//22 3060//22
f 3060//23 3059//23 3061//23
f 3060//24 3061//24 3062//24
f 3062//1163 3061//1163 3063//1163
f 3062//1395 3063//1395 3064//1395
f 3064//27 3063//27 3065//27
f 3064//28 3065//1412 3066//1412
f 3066//29 3065//29 3067//29
f 3066//31 3067//32 3068//31
f 3068//1164 3067//1164 3069//1164
f 3068//425 3069//425 3070//425
f 3070//35 3069//35 3071//35
f 3070//36 3071//36 3072//36
f 3072//37 3071//37 3073//37
f 3072//38 3073//39 3074//40
f 3074//41 3073//42 3075//43
f 3075//43 3073//42 3076//44
f 3075//45 3076//46 3077//47
f 3077//47 3076//46 3078//48
f 3077//49 3078//1413 3079//1414
f 3079//1414 3078//1413 3080//52
f 3079//1415 3080//54 3081//1416
f 3081//57 3080//57 3082//57
f 3081//57 3082//57 3083//57
f 3083//58 3082//58 3084//58
f 3083//58 3084//58 3085//58
f 3085//1417 3084//60 3086//60
f 3085//1417 3086//60 3087//1417
f 3087//1418 3086//61 3088//61
f 3087//1418 3088//61 3089//1396
f 3089//1260 3088//1260 3090//1260
f 3089//63 3090//63 3091//63
f 3063//1419 3092//1419 3065//1419
f 3065//1420 3092//1420 3093//1420
f 3065//29 3093//29 3067//29
f 3067//66 3093//66 3094//1421
f 3067//1164 3094//1164 3069//1164
f 3069//1422 3094//68 3095//67
f 3069//35 3095//1423 3071//35
f 3071//1424 3095//69 3096//69
f 3071//37 3096//37 3073//37
f 3073//1397 3096//1397 3076//1397
f 3092//1425 3097//1425 3093//1425
f 3093//73 3097//73 3098//73
f 3093//66 3098//1421 3094//1421
f 3094//74 3098//1426 3099//1427
f 3094//68 3099//1428 3095//67
f 3095//1429 3099//77 3100//76
f 3095//69 3100//69 3096//69
f 3096//79 3100//79 3101//78
f 3096//1397 3101//1397 3076//1397
f 3076//1430 3101//1430 3078//1430
f 3097//81 3102//81 3098//81
f 3098//82 3102//82 3103//82
f 3098//1426 3103//1431 3099//1427
f 3099//1432 3103//1432 3104//83
f 3099//77 3104//76 3100//76
f 3100//85 3104//85 3105//85
f 3100//79 3105//78 3101//78
f 3101//1167 3105//1167 3106//86
f 3101//1430 3106//1430 3078//1430
f 3078//87 3106//87 3080//87
f 3102//88 3107//88 3103//88
f 3103//89 3107//89 3108//89
f 3103//1432 3108//83 3104//83
f 3104//90 3108//90 3109//1433
f 3104//85 3109//84 3105//85
f 3105//1168 3109//1168 3110//91
f 3105//1167 3110//86 3106//86
f 3106//92 3110//92 3082//93
f 3106//87 3082//87 3080//87
f 3107//94 3111//94 3108//94
f 3108//95 3111//95 3112//95
f 3108//90 3112//1434 3109//1433
f 3109//97 3112//97 3113//97
f 3109//1168 3113//91 3110//91
f 3110//98 3113//1435 3084//99
f 3110//92 3084//93 3082//93
f 3111//1436 3114//1436 3112//1436
f 3112//1437 3114//1437 3115//1437
f 3112//97 3115//97 3113//97
f 3113//1438 3115//1438 3086//102
f 3113//1435 3086//99 3084//99
f 3114//1439 3090//1439 3115//1439
f 3115//104 3090//104 3088//104
f 3115//1438 3088//102 3086//102
f 3089//1440 3091//1440 3116//1440
f 3116//1441 3091//1441 3117//1441
f 3116//107 3117//107 3118//107
f 3118//108 3117//108 3119//108
f 3118//1442 3119//1442 3120//1442
f 3120//110 3119//110 3121//110
f 3120//111 3121//111 3122//111
f 3122//112 3121//112 3123//112
f 3122//113 3123//113 3124//113
f 3124//114 3123//114 3125//114
f 3124//115 3125//115 3126//115
f 3126//116 3125//116 3127//116
f 3126//1171 3127//1171 3128//1171
f 3128//1172 3127//1172 3129//1172
f 3128//1443 3129//120 3130//119
f 3130//121 3129//1444 3131//1444
f 3130//123 3131//123 3132//123
f 3132//124 3131//124 3133//124
f 3132//126 3133//126 3134//126
f 3134//128 3133//128 3135//128
f 3134//129 3135//129 3136//129
f 3136//130 3135//130 3137//130
f 3136//131 3137//132 3138//133
f 3138//134 3137//135 3139//136
f 3139//136 3137//135 3140//137
f 3139//138 3140//1173 3141//140
f 3141//140 3140//1173 3142//141
f 3141//142 3142//1174 3143//1175
f 3143//1175 3142//1174 3144//145
f 3143//146 3144//147 3145//148
f 3145//149 3144//150 3146//149
f 3145//149 3146//149 3147//149
f 3147//151 3146//151 3148//151
f 3147//151 3148//151 3149//151
f 3149//153 3148//152 3150//153
f 3149//153 3150//153 3151//1445
f 3151//1177 3150//155 3152//155
f 3151//1177 3152//155 3153//154
f 3153//156 3152//156 3154//156
f 3153//1446 3154//1446 3155//1446
f 3127//158 3156//158 3129//158
f 3129//159 3156//159 3157//159
f 3129//1444 3157//1444 3131//1444
f 3131//161 3157//161 3158//1447
f 3131//124 3158//124 3133//124
f 3133//162 3158//162 3159//1268
f 3133//128 3159//128 3135//128
f 3135//163 3159//163 3160//164
f 3135//130 3160//130 3137//130
f 3137//165 3160//165 3140//165
f 3156//166 3161//166 3157//166
f 3157//167 3161//167 3162//167
f 3157//161 3162//1447 3158//1447
f 3158//168 3162//168 3163//168
f 3158//162 3163//1268 3159//1268
f 3159//170 3163//170 3164//170
f 3159//163 3164//164 3160//164
f 3160//172 3164//172 3165//172
f 3160//165 3165//165 3140//165
f 3140//1269 3165//1269 3142//173
f 3161//174 3166//174 3162//174
f 3162//175 3166//175 3167//175
f 3162//168 3167//168 3163//168
f 3163//1448 3167//1448 3168//176
f 3163//170 3168//170 3164//170
f 3164//177 3168//177 3169//177
f 3164//172 3169//172 3165//172
f 3165//178 3169//178 3170//178
f 3165//1269 3170//173 3142//173
f 3142//179 3170//179 3144//179
f 3166//1270 3171//1270 3167//1270
f 3167//1271 3171//1271 3172//1271
f 3167//1448 3172//176 3168//176
f 3168//182 3172//182 3173//182
f 3168//177 3173//1181 3169//177
f 3169//183 3173//183 3174//183
f 3169//178 3174//178 3170//178
f 3170//184 3174//184 3146//1401
f 3170//179 3146//179 3144//179
f 3171//1272 3175//1272 3172//1272
f 3172//186 3175//186 3176//186
f 3172//182 3176//182 3173//182
f 3173//188 3176//188 3177//188
f 3173//183 3177//183 3174//183
f 3174//189 3177//189 3148//190
f 3174//184 3148//191 3146//1401
f 3175//1449 3178//1449 3176//1449
f 3176//193 3178//193 3179//193
f 3176//188 3179//1450 3177//188
f 3177//1451 3179//1452 3150//194
f 3177//189 3150//190 3148//190
f 3178//195 3154//195 3179//195
f 3179//196 3154//196 3152//196
f 3179//1452 3152//194 3150//194
f 3153//197 3155//197 3180//197
f 3180//1453 3155//1453 3181//1453
f 3180//199 3181//199 3182//199
f 3182//200 3181//200 3183//200
f 3182//201 3183//201 3184//201
f 3184//202 3183//202 3185//202
f 3184//203 3185//203 3186//203
f 3186//204 3185//204 3187//204
f 3186//205 3187//205 3188//205
f 3188//1454 3187//1454 3189//1454
f 3188//207 3189//207 3190//207
f 3190//1455 3189//1455 3191//1455
f 3190//209 3191//209 3192//209
f 3192//210 3191//210 3193//210
f 3192//211 3193//1456 3194//211
f 3194//212 3193//212 3195//212
f 3194//213 3195//213 3196//213
f 3196//214 3195//214 3197//214
f 3196//215 3197//215 3198//215
f 3198//218 3197//218 3199//218
f 3198//219 3199//219 3200//219
f 3200//220 3199//220 3201//220
f 3200//221 3201//222 3202//223
f 3202//224 3201//225 3203//226
f 3203//226 3201//225 3204//227
f 3203//228 3204//229 3051//1275
f 3051//1275 3204//229 3049//231
f 3191//232 3205//232 3193//232
f 3193//233 3205//233 3206//233
f 3193//212 3206//212 3195//212
f 3195//235 3206//235 3207//235
f 3195//214 3207//214 3197//214
f 3197//236 3207//236 3208//236
f 3197//218 3208//218 3199//218
f 3199//237 3208//237 3209//237
f 3199//220 3209//220 3201//220
f 3201//238 3209//238 3204//238
f 3205//1184 3210//1184 3206//1184
f 3206//240 3210//240 3211//240
f 3206//235 3211//235 3207//235
f 3207//241 3211//241 3212//1457
f 3207//236 3212//236 3208//236
f 3208//1278 3212//1278 3213//242
f 3208//237 3213//237 3209//237
f 3209//243 3213//243 3214//243
f 3209//238 3214//238 3204//238
f 3204//244 3214//244 3049//244
f 3210//1279 3215//1279 3211//1279
f 3211//1280 3215//1280 3216//1280
f 3211//241 3216//1457 3212//1457
f 3212//248 3216//248 3217//248
f 3212//1278 3217//242 3213//242
f 3213//249 3217//249 3218//249
f 3213//243 3218//243 3214//243
f 3214//250 3218//251 3047//251
f 3214//244 3047//244 3049//244
f 3215//1281 3219//1281 3216//1281
f 3216//253 3219//253 3220//253
f 3216//248 3220//248 3217//248
f 3217//1458 3220//1458 3221//254
f 3217//249 3221//249 3218//249
f 3218//256 3221//256 3045//256
f 3218//251 3045//1186 3047//251
f 3219//257 3222//257 3220//257
f 3220//258 3222//258 3223//258
f 3220//1458 3223//254 3221//254
f 3221//1459 3223//1459 3043//1459
f 3221//256 3043//256 3045//256
f 3222//261 3224//261 3223//261
f 3223//262 3224//262 3041//262
f 3223//1459 3041//1459 3043//1459
f 3224//263 3039//263 3041//263
f 3202//223 3225//264 3200//221
f 3200//265 3225//265 3226//265
f 3200//219 3226//219 3198//219
f 3198//266 3226//266 3227//266
f 3198//215 3227//215 3196//215
f 3196//267 3227//267 3228//267
f 3196//213 3228//213 3194//213
f 3194//269 3228//269 3229//270
f 3194//211 3229//211 3192//211
f 3192//271 3229//271 3190//1460
f 3225//273 3230//273 3226//273
f 3226//274 3230//274 3231//274
f 3226//266 3231//266 3227//266
f 3227//1284 3231//1284 3232//275
f 3227//267 3232//267 3228//267
f 3228//276 3232//276 3233//276
f 3228//269 3233//270 3229//270
f 3229//1461 3233//1461 3234//1462
f 3229//271 3234//1460 3190//1460
f 3190//278 3234//278 3188//278
f 3230//1188 3235//1188 3231//1188
f 3231//280 3235//280 3236//280
f 3231//1284 3236//275 3232//275
f 3232//281 3236//281 3237//281
f 3232//276 3237//276 3233//276
f 3233//282 3237//282 3238//282
f 3233//1461 3238//1462 3234//1462
f 3234//1189 3238//1189 3239//1189
f 3234//278 3239//278 3188//278
f 3188//285 3239//285 3186//285
f 3235//286 3240//286 3236//286
f 3236//287 3240//287 3241//287
f 3236//281 3241//281 3237//281
f 3237//288 3241//288 3242//288
f 3237//282 3242//282 3238//282
f 3238//289 3242//289 3243//289
f 3238//1189 3243//1189 3239//1189
f 3239//291 3243//291 3244//291
f 3239//285 3244//285 3186//285
f 3186//292 3244//292 3184//292
f 3240//293 3245//293 3241//293
f 3241//294 3245//294 3246//294
f 3241//288 3246//288 3242//288
f 3242//295 3246//295 3247//295
f 3242//289 3247//289 3243//289
f 3243//296 3247//296 3248//296
f 3243//291 3248//291 3244//291
f 3244//1190 3248//298 3249//1463
f 3244//292 3249//292 3184//292
f 3184//299 3249//299 3182//299
f 3245//300 3250//300 3246//300
f 3246//301 3250//301 3251//301
f 3246//295 3251//295 3247//295
f 3247//302 3251//302 3252//1191
f 3247//296 3252//296 3248//296
f 3248//1464 3252//303 3253//303
f 3248//298 3253//1463 3249//1463
f 3249//1465 3253//1465 3254//304
f 3249//299 3254//299 3182//299
f 3182//305 3254//305 3180//305
f 3250//307 3255//307 3251//307
f 3251//308 3255//308 3256//308
f 3251//302 3256//1191 3252//1191
f 3252//309 3256//309 3257//309
f 3252//303 3257//1466 3253//303
f 3253//1467 3257//310 3258//310
f 3253//1465 3258//304 3254//304
f 3254//312 3258//312 3259//312
f 3254//305 3259//305 3180//305
f 3180//313 3259//313 3153//313
f 3255//314 3260//314 3256//314
f 3256//315 3260//315 3261//315
f 3256//309 3261//309 3257//309
f 3257//316 3261//316 3262//316
f 3257//310 3262//310 3258//310
f 3258//317 3262//317 3263//317
f 3258//312 3263//1192 3259//312
f 3259//318 3263//318 3151//1468
f 3259//313 3151//313 3153//313
f 3260//319 3264//320 3261//1285
f 3261//1285 3264//320 3265//322
f 3261//316 3265//316 3262//316
f 3262//324 3265//324 3266//324
f 3262//317 3266//317 3263//317
f 3263//1469 3266//1470 3149//325
f 3263//318 3149//1468 3151//1468
f 3264//326 3267//1193 3265//328
f 3265//328 3267//1193 3268//1471
f 3265//324 3268//324 3266//324
f 3266//330 3268//330 3147//330
f 3266//1470 3147//325 3149//325
f 3267//331 3269//332 3268//333
f 3268//333 3269//332 3145//334
f 3268//330 3145//330 3147//330
f 3269//335 3143//146 3145//148
f 3138//133 3270//336 3136//131
f 3136//337 3270//337 3271//337
f 3136//129 3271//129 3134//129
f 3134//338 3271//338 3272//338
f 3134//126 3272//126 3132//126
f 3132//339 3272//339 3273//340
f 3132//123 3273//1407 3130//123
f 3130//1195 3273//341 3274//342
f 3130//119 3274//1472 3128//1443
f 3128//1473 3274//1474 3126//343
f 3270//345 3275//345 3271//345
f 3271//346 3275//346 3276//346
f 3271//338 3276//338 3272//338
f 3272//347 3276//347 3277//347
f 3272//339 3277//348 3273//340
f 3273//349 3277//349 3278//349
f 3273//341 3278//342 3274//342
f 3274//350 3278//350 3279//351
f 3274//1474 3279//344 3126//343
f 3126//1475 3279//1475 3124//1475
f 3275//353 3280//353 3276//353
f 3276//354 3280//354 3281//354
f 3276//347 3281//347 3277//347
f 3277//355 3281//355 3282//355
f 3277//349 3282//349 3278//349
f 3278//356 3282//356 3283//356
f 3278//350 3283//351 3279//351
f 3279//358 3283//358 3284//358
f 3279//1475 3284//1475 3124//1475
f 3124//361 3284//361 3122//368
f 3280//362 3285//362 3281//362
f 3281//363 3285//363 3286//363
f 3281//355 3286//355 3282//355
f 3282//364 3286//364 3287//364
f 3282//356 3287//356 3283//356
f 3283//1197 3287//1197 3288//1197
f 3283//358 3288//358 3284//358
f 3284//367 3288//367 3289//367
f 3284//361 3289//368 3122//368
f 3122//1476 3289//1476 3120//369
f 3285//370 3290//370 3286//370
f 3286//371 3290//371 3291//371
f 3286//364 3291//364 3287//364
f 3287//372 3291//372 3292//372
f 3287//1197 3292//366 3288//1197
f 3288//373 3292//373 3293//373
f 3288//367 3293//367 3289//367
f 3289//375 3293//375 3294//374
f 3289//1476 3294//369 3120//369
f 3120//1477 3294//1477 3118//377
f 3290//378 3295//378 3291//378
f 3291//379 3295//379 3296//379
f 3291//372 3296//372 3292//372
f 3292//380 3296//380 3297//380
f 3292//373 3297//373 3293//373
f 3293//381 3297//381 3298//381
f 3293//375 3298//374 3294//374
f 3294//382 3298//382 3299//382
f 3294//1477 3299//377 3118//377
f 3118//384 3299//384 3116//384
f 3295//386 3300//386 3296//386
f 3296//387 3300//387 3301//387
f 3296//380 3301//380 3297//380
f 3297//389 3301//389 3302//389
f 3297//381 3302//381 3298//381
f 3298//390 3302//391 3303//391
f 3298//382 3303//382 3299//382
f 3299//392 3303//392 3304//392
f 3299//384 3304//384 3116//384
f 3116//396 3304//396 3089//1478
f 3300//397 3305//397 3301//397
f 3301//398 3305//398 3306//398
f 3301//389 3306//389 3302//389
f 3302//399 3306//399 3307//399
f 3302//391 3307//391 3303//391
f 3303//1479 3307//1479 3308//400
f 3303//392 3308//392 3304//392
f 3304//403 3308//403 3087//403
f 3304//396 3087//1478 3089//1478
f 3305//404 3309//405 3306//406
f 3306//406 3309//405 3310//407
f 3306//399 3310//399 3307//399
f 3307//408 3310//408 3311//408
f 3307//1479 3311//400 3308//400
f 3308//416 3311//416 3085//416
f 3308//403 3085//403 3087//403
f 3309//410 3312//411 3310//412
f 3310//412 3312//411 3313//413
f 3310//408 3313//408 3311//408
f 3311//415 3313//415 3083//415
f 3311//416 3083//416 3085//416
f 3312//417 3314//418 3313//419
f 3313//419 3314//418 3081//420
f 3313//415 3081//414 3083//415
f 3314//421 3079//1415 3081//1416
f 3074//40 3315//422 3072//38
f 3072//423 3315//423 3316//423
f 3072//36 3316//36 3070//36
f 3070//424 3316//424 3317//1291
f 3070//425 3317//425 3068//425
f 3068//427 3317//428 3318//428
f 3068//31 3318//31 3066//31
f 3066//1480 3318//1480 3319//1481
f 3066//1412 3319//28 3064//28
f 3064//430 3319//430 3062//1482
f 3315//1293 3320//1293 3316//1293
f 3316//432 3320//432 3321//432
f 3316//424 3321//1291 3317//1291
f 3317//1483 3321//1483 3322//1483
f 3317//428 3322//428 3318//428
f 3318//434 3322//434 3323//435
f 3318//1480 3323//1481 3319//1481
f 3319//1484 3323//1484 3324//1484
f 3319//430 3324//1485 3062//1482
f 3062//1486 3324//1486 3060//437
f 3320//439 3325//439 3321//439
f 3321//440 3325//440 3326//440
f 3321//1483 3326//1483 3322//1483
f 3322//442 3326//442 3327//442
f 3322//434 3327//435 3323//435
f 3323//443 3327//443 3328//443
f 3323//1484 3328//1484 3324//1484
f 3324//444 3328//444 3329//444
f 3324//1486 3329//437 3060//437
f 3060//448 3329//448 3058//448
f 3325//449 3330//449 3326//449
f 3326//450 3330//450 3331//450
f 3326//442 3331//442 3327//442
f 3327//451 3331//451 3332//451
f 3327//443 3332//443 3328//443
f 3328//453 3332//453 3333//453
f 3328//444 3333//444 3329//444
f 3329//458 3333//458 3334//458
f 3329//448 3334//448 3058//448
f 3058//460 3334//460 3056//1487
f 3330//461 3335//461 3331//461
f 3331//462 3335//462 3336//462
f 3331//451 3336//451 3332//451
f 3332//470 3336//470 3337//463
f 3332//453 3337//453 3333//453
f 3333//464 3337//464 3338//1488
f 3333//458 3338//458 3334//458
f 3334//465 3338//465 3339//465
f 3334//460 3339//1487 3056//1487
f 3056//467 3339//467 3054//467
f 3335//468 3340//468 3336//468
f 3336//469 3340//469 3341//469
f 3336//470 3341//463 3337//463
f 3337//471 3341//471 3342//471
f 3337//464 3342//1488 3338//1488
f 3338//472 3342//472 3343//473
f 3338//465 3343//465 3339//465
f 3339//475 3343//475 3344//474
f 3339//467 3344//467 3054//467
f 3054//476 3344//476 3052//477
f 3340//479 3345//479 3341//479
f 3341//480 3345//480 3346//480
f 3341//471 3346//471 3342//471
f 3342//481 3346//481 3347//481
f 3342//472 3347//473 3343//473
f 3343//482 3347//482 3348//482
f 3343//475 3348//474 3344//474
f 3344//483 3348//483 3349//483
f 3344//476 3349//477 3052//477
f 3052//1489 3349//1489 3038//485
f 3345//487 3350//487 3346//487
f 3346//488 3350//488 3351//488
f 3346//481 3351//481 3347//481
f 3347//1200 3351//489 3352//489
f 3347//482 3352//482 3348//482
f 3348//492 3352//492 3353//492
f 3348//483 3353//483 3349//483
f 3349//494 3353//494 3354//494
f 3349//1489 3354//485 3038//485
f 3038//496 3354//497 3040//1490
f 3350//498 3355//499 3351//500
f 3351//500 3355//499 3356//501
f 3351//489 3356//489 3352//489
f 3352//502 3356//502 3357//502
f 3352//492 3357//492 3353//492
f 3353//503 3357//1299 3358//504
f 3353//494 3358//495 3354//494
f 3354//506 3358//506 3042//507
f 3354//497 3042//1491 3040//1490
f 3355//508 3359//509 3356//510
f 3356//510 3359//509 3360//511
f 3356//502 3360//502 3357//502
f 3357//512 3360//512 3361//512
f 3357//1299 3361//504 3358//504
f 3358//513 3361//513 3044//513
f 3358//506 3044//507 3042//507
f 3359//514 3362//515 3360//516
f 3360//516 3362//515 3363//517
f 3360//512 3363//512 3361//512
f 3361//518 3363//518 3046//518
f 3361//513 3046//513 3044//513
f 3362//519 3050//1492 3363//521
f 3363//521 3050//1492 3048//522
f 3363//518 3048//518 3046//518
f 3364//523 3365//523 3050//523
f 3050//523 3365//523 3366//523
f 3050//523 3366//523 3051//523
f 3051//523 3366//523 3367//523
f 3051//523 3367//523 3203//523
f 3203//523 3367//523 3368//523
f 3203//523 3368//523 3202//523
f 3202//523 3368//523 3369//523
f 3202//523 3369//523 3225//523
f 3225//523 3369//523 3370//523
f 3225//523 3370//523 3230//523
f 3230//523 3370//523 3371//523
f 3230//523 3371//523 3235//523
f 3235//523 3371//523 3372//523
f 3235//523 3372//523 3240//523
f 3240//523 3372//523 3373//523
f 3240//523 3373//523 3245//523
f 3245//523 3373//523 3374//523
f 3245//523 3374//523 3250//523
f 3250//523 3374//523 3375//523
f 3250//523 3375//523 3255//523
f 3255//523 3375//523 3376//523
f 3255//523 3376//523 3260//523
f 3260//523 3376//523 3377//523
f 3260//523 3377//523 3264//523
f 3264//523 3377//523 3378//523
f 3264//523 3378//523 3267//523
f 3267//523 3378//523 3379//523
f 3267//523 3379//523 3269//523
f 3269//523 3379//523 3380//523
f 3269//523 3380//523 3143//523
f 3143//523 3380//523 3381//523
f 3143//523 3381//523 3141//523
f 3141//523 3381//523 3382//523
f 3141//523 3382//523 3139//523
f 3139//523 3382//523 3383//523
f 3139//523 3383//523 3138//523
f 3138//523 3383//523 3384//523
f 3138//523 3384//523 3270//523
f 3270//523 3384//523 3385//523
f 3270//523 3385//523 3275//523
f 3275//523 3385//523 3386//523
f 3275//523 3386//523 3280//523
f 3280//523 3386//523 3387//523
f 3280//523 3387//523 3285//523
f 3285//523 3387//523 3388//523
f 3285//523 3388//523 3290//523
f 3290//523 3388//523 3389//523
f 3290//523 3389//523 3390//523
f 3290//523 3390//523 3295//523
f 3295//523 3390//523 3391//523
f 3295//523 3391//523 3300//523
f 3300//523 3391//523 3392//523
f 3300//523 3392//523 3305//523
f 3305//523 3392//523 3393//523
f 3305//523 3393//523 3309//523
f 3309//523 3393//523 3394//523
f 3309//523 3394//523 3312//523
f 3312//523 3394//523 3395//523
f 3312//523 3395//523 3314//523
f 3314//523 3395//523 3396//523
f 3314//523 3396//523 3079//523
f 3079//523 3396//523 3397//523
f 3079//523 3397//523 3077//523
f 3077//523 3397//523 3398//523
f 3077//523 3398//523 3075//523
f 3075//523 3398//523 3399//523
f 3075//523 3399//523 3074//523
f 3074//523 3399//523 3400//523
f 3074//523 3400//523 3315//523
f 3315//523 3400//523 3401//523
f 3315//523 3401//523 3320//523
f 3320//523 3401//523 3402//523
f 3320//523 3402//523 3325//523
f 3325//523 3402//523 3403//523
f 3325//523 3403//523 3330//523
f 3330//523 3403//523 3404//523
f 3330//523 3404//523 3335//523
f 3335//523 3404//523 3405//523
f 3335//523 3405//523 3340//523
f 3340//523 3405//523 3406//523
f 3340//523 3406//523 3345//523
f 3345//523 3406//523 3407//523
f 3345//523 3407//523 3350//523
f 3350//523 3407//523 3408//523
f 3350//523 3408//523 3355//523
f 3355//523 3408//523 3409//523
f 3355//523 3409//523 3359//523
f 3359//523 3409//523 3410//523
f 3359//523 3410//523 3362//523
f 3362//523 3410//523 3364//523
f 3362//523 3364//523 3050//523
f 3411//524 3037//524 3412//524
f 3412//524 3037//524 3039//524
f 3412//525 3039//525 3413//525
f 3413//525 3039//525 3224//525
f 3413//526 3224//526 3414//526
f 3414//526 3224//526 3222//526
f 3414//527 3222//527 3415//527
f 3415//527 3222//527 3219//527
f 3415//528 3219//528 3416//528
f 3416//528 3219//528 3215//528
f 3416//529 3215//529 3417//529
f 3417//529 3215//529 3210//529
f 3417//530 3210//530 3418//530
f 3418//530 3210//530 3205//530
f 3418//531 3205//531 3419//531
f 3419//531 3205//531 3191//531
f 3419//532 3191//532 3420//532
f 3420//532 3191//532 3189//532
f 3420//533 3189//533 3421//533
f 3421//533 3189//533 3187//533
f 3421//534 3187//534 3422//534
f 3422//534 3187//534 3185//534
f 3422//535 3185//535 3423//535
f 3423//535 3185//535 3183//535
f 3423//536 3183//536 3424//536
f 3424//536 3183//536 3181//536
f 3424//537 3181//537 3425//537
f 3425//537 3181//537 3155//537
f 3425//538 3155//538 3426//538
f 3426//538 3155//538 3154//538
f 3426//539 3154//539 3427//539
f 3427//539 3154//539 3178//539
f 3427//540 3178//540 3428//540
f 3428//540 3178//540 3175//540
f 3428//541 3175//541 3429//541
f 3429//541 3175//541 3171//541
f 3429//542 3171//542 3430//542
f 3430//542 3171//542 3166//542
f 3430//543 3166//543 3431//543
f 3431//543 3166//543 3161//543
f 3431//544 3161//544 3432//544
f 3432//544 3161//544 3156//544
f 3432//545 3156//545 3433//545
f 3433//545 3156//545 3127//545
f 3433//546 3127//546 3434//546
f 3434//546 3127//546 3125//546
f 3434//547 3125//547 3435//547
f 3435//547 3125//547 3123//547
f 3435//548 3123//548 3436//548
f 3436//548 3123//548 3121//548
f 3436//549 3121//549 3437//549
f 3437//549 3121//549 3119//549
f 3437//550 3119//550 3438//550
f 3438//550 3119//550 3117//550
f 3438//551 3117//551 3439//551
f 3439//551 3117//551 3091//551
f 3439//552 3091//552 3440//552
f 3440//552 3091//552 3090//552
f 3440//554 3090//554 3441//554
f 3441//554 3090//554 3114//554
f 3441//555 3114//555 3442//555
f 3442//555 3114//555 3111//555
f 3442//556 3111//556 3443//556
f 3443//556 3111//556 3107//556
f 3443//557 3107//557 3444//557
f 3444//557 3107//557 3102//557
f 3444//558 3102//558 3445//558
f 3445//558 3102//558 3097//558
f 3445//559 3097//559 3446//559
f 3446//559 3097//559 3092//559
f 3446//560 3092//560 3447//560
f 3447//560 3092//560 3063//560
f 3447//562 3063//562 3448//562
f 3448//562 3063//562 3061//562
f 3448//563 3061//563 3449//563
f 3449//563 3061//563 3059//563
f 3449//564 3059//564 3450//564
f 3450//564 3059//564 3057//564
f 3450//565 3057//565 3451//565
f 3451//565 3057//565 3055//565
f 3451//566 3055//566 3452//566
f 3452//566 3055//566 3053//566
f 3452//567 3053//567 3411//567
f 3411//567 3053//567 3037//567
f 3453//1 3454//1 3455//1
f 3455//2 3454//2 3456//2
f 3455//3 3456//3 3457//3
f 3457//5 3456//1409 3458//1410
f 3457//5 3458//1410 3459//4
f 3459//6 3458//7 3460//7
f 3459//6 3460//7 3461//6
f 3461//8 3460//8 3462//8
f 3461//8 3462//8 3463//8
f 3463//9 3462//9 3464//9
f 3463//9 3464//9 3465//9
f 3465//1160 3464//11 3466//12
f 3465//1160 3466//12 3467//13
f 3454//14 3453//14 3468//14
f 3468//15 3453//15 3469//15
f 3468//16 3469//16 3470//16
f 3470//17 3469//17 3471//17
f 3470//18 3471//18 3472//18
f 3472//19 3471//19 3473//19
f 3472//1411 3473//1411 3474//1411
f 3474//1162 3473//1162 3475//1162
f 3474//22 3475//22 3476//22
f 3476//23 3475//23 3477//23
f 3476//24 3477//24 3478//24
f 3478//1163 3477//1163 3479//1163
f 3478//1395 3479//1395 3480//1395
f 3480//27 3479//27 3481//27
f 3480//28 3481//1412 3482//1412
f 3482//29 3481//29 3483//29
f 3482//31 3483//32 3484//32
f 3484//33 3483//1164 3485//1164
f 3484//425 3485//425 3486//425
f 3486//35 3485//35 3487//35
f 3486//36 3487//36 3488//36
f 3488//37 3487//37 3489//37
f 3488//38 3489//39 3490//40
f 3490//41 3489//42 3491//43
f 3491//43 3489//42 3492//44
f 3491//45 3492//46 3493//47
f 3493//47 3492//46 3494//48
f 3493//49 3494//50 3495//1493
f 3495//1493 3494//50 3496//52
f 3495//1494 3496//54 3497//55
f 3497//57 3496//57 3498//57
f 3497//57 3498//57 3499//57
f 3499//58 3498//58 3500//58
f 3499//58 3500//58 3501//58
f 3501//60 3500//1417 3502//1417
f 3501//60 3502//1417 3503//60
f 3503//1418 3502//61 3504//61
f 3503//1418 3504//61 3505//1495
f 3505//1260 3504//1260 3506//1260
f 3505//63 3506//63 3507//63
f 3479//1496 3508//1496 3481//1496
f 3481//1420 3508//1420 3509//1420
f 3481//29 3509//29 3483//29
f 3483//66 3509//66 3510//1421
f 3483//1164 3510//1164 3485//1164
f 3485//1422 3510//68 3511//67
f 3485//35 3511//1423 3487//35
f 3487//1424 3511//69 3512//69
f 3487//37 3512//37 3489//37
f 3489//71 3512//71 3492//1397
f 3508//1425 3513//1425 3509//1425
f 3509//73 3513//73 3514//73
f 3509//66 3514//1421 3510//1421
f 3510//74 3514//1426 3515//1427
f 3510//68 3515//1428 3511//67
f 3511//1429 3515//77 3516//76
f 3511//69 3516//69 3512//69
f 3512//79 3516//79 3517//79
f 3512//71 3517//1397 3492//1397
f 3492//1430 3517//1430 3494//1430
f 3513//81 3518//81 3514//81
f 3514//82 3518//82 3519//82
f 3514//1426 3519//1427 3515//1427
f 3515//1432 3519//1432 3520//1497
f 3515//77 3520//76 3516//76
f 3516//85 3520//85 3521//85
f 3516//79 3521//79 3517//79
f 3517//86 3521//86 3522//86
f 3517//1430 3522//1430 3494//1430
f 3494//87 3522//87 3496//87
f 3518//88 3523//88 3519//88
f 3519//89 3523//89 3524//89
f 3519//1432 3524//83 3520//1497
f 3520//90 3524//90 3525//1433
f 3520//85 3525//85 3521//85
f 3521//91 3525//91 3526//91
f 3521//86 3526//86 3522//86
f 3522//92 3526//93 3498//93
f 3522//87 3498//87 3496//87
f 3523//94 3527//94 3524//94
f 3524//95 3527//95 3528//95
f 3524//90 3528//1434 3525//1433
f 3525//97 3528//97 3529//97
f 3525//91 3529//91 3526//91
f 3526//98 3529//1435 3500//99
f 3526//93 3500//93 3498//93
f 3527//1436 3530//1436 3528//1436
f 3528//1437 3530//1437 3531//1437
f 3528//97 3531//97 3529//97
f 3529//1438 3531//1438 3502//102
f 3529//1435 3502//99 3500//99
f 3530//1498 3506//1498 3531//1498
f 3531//104 3506//104 3504//104
f 3531//1438 3504//102 3502//102
f 3505//105 3507//105 3532//105
f 3532//106 3507//106 3533//106
f 3532//107 3533//107 3534//107
f 3534//108 3533//108 3535//108
f 3534//1442 3535//1442 3536//1442
f 3536//110 3535//110 3537//110
f 3536//111 3537//111 3538//111
f 3538//112 3537//112 3539//112
f 3538//113 3539//113 3540//113
f 3540//114 3539//114 3541//114
f 3540//115 3541//115 3542//115
f 3542//116 3541//116 3543//116
f 3542//117 3543//117 3544//117
f 3544//118 3543//118 3545//118
f 3544//1443 3545//120 3546//119
f 3546//121 3545//121 3547//1444
f 3546//123 3547//123 3548//123
f 3548//124 3547//124 3549//124
f 3548//126 3549//127 3550//126
f 3550//128 3549//128 3551//128
f 3550//129 3551//129 3552//129
f 3552//130 3551//130 3553//130
f 3552//131 3553//132 3554//133
f 3554//134 3553//135 3555//1499
f 3555//1499 3553//135 3556//137
f 3555//138 3556//1173 3557//140
f 3557//140 3556//1173 3558//141
f 3557//142 3558//1174 3559//1175
f 3559//1175 3558//1174 3560//145
f 3559//146 3560//147 3561//148
f 3561//149 3560//150 3562//149
f 3561//149 3562//149 3563//149
f 3563//151 3562//151 3564//151
f 3563//151 3564//151 3565//151
f 3565//153 3564//1500 3566//153
f 3565//153 3566//153 3567//153
f 3567//1177 3566//155 3568//155
f 3567//1177 3568//155 3569//1177
f 3569//156 3568//156 3570//156
f 3569//1446 3570//1446 3571//1446
f 3543//158 3572//158 3545//158
f 3545//159 3572//159 3573//159
f 3545//121 3573//1444 3547//1444
f 3547//161 3573//161 3574//1447
f 3547//124 3574//124 3549//124
f 3549//162 3574//162 3575//1268
f 3549//128 3575//128 3551//128
f 3551//163 3575//163 3576//164
f 3551//130 3576//130 3553//130
f 3553//165 3576//165 3556//165
f 3572//166 3577//166 3573//166
f 3573//167 3577//167 3578//167
f 3573//161 3578//1447 3574//1447
f 3574//168 3578//168 3579//168
f 3574//162 3579//1268 3575//1268
f 3575//170 3579//170 3580//170
f 3575//163 3580//164 3576//164
f 3576//172 3580//172 3581//172
f 3576//165 3581//165 3556//165
f 3556//1269 3581//1269 3558//173
f 3577//174 3582//174 3578//174
f 3578//1501 3582//1501 3583//1501
f 3578//168 3583//168 3579//168
f 3579//1448 3583//1448 3584//176
f 3579//170 3584//170 3580//170
f 3580//177 3584//177 3585//177
f 3580//172 3585//172 3581//172
f 3581//178 3585//178 3586//178
f 3581//1269 3586//173 3558//173
f 3558//179 3586//179 3560//179
f 3582//1270 3587//1270 3583//1270
f 3583//1271 3587//1271 3588//1271
f 3583//1448 3588//176 3584//176
f 3584//182 3588//182 3589//182
f 3584//177 3589//177 3585//177
f 3585//183 3589//183 3590//183
f 3585//178 3590//178 3586//178
f 3586//184 3590//184 3562//191
f 3586//179 3562//179 3560//179
f 3587//1272 3591//1272 3588//1272
f 3588//1502 3591//1502 3592//1502
f 3588//182 3592//182 3589//182
f 3589//188 3592//188 3593//1450
f 3589//183 3593//183 3590//183
f 3590//189 3593//189 3564//190
f 3590//184 3564//191 3562//191
f 3591//1273 3594//1273 3592//1273
f 3592//193 3594//193 3595//193
f 3592//188 3595//1450 3593//1450
f 3593//1451 3595//194 3566//194
f 3593//189 3566//190 3564//190
f 3594//195 3570//195 3595//195
f 3595//196 3570//196 3568//196
f 3595//194 3568//194 3566//194
f 3569//1503 3571//1503 3596//1503
f 3596//1453 3571//1453 3597//1453
f 3596//199 3597//199 3598//199
f 3598//200 3597//200 3599//200
f 3598//201 3599//201 3600//201
f 3600//202 3599//202 3601//202
f 3600//203 3601//203 3602//203
f 3602//204 3601//204 3603//204
f 3602//205 3603//205 3604//205
f 3604//1454 3603//1454 3605//1454
f 3604//207 3605//207 3606//207
f 3606//1455 3605//1455 3607//1455
f 3606//209 3607//209 3608//209
f 3608//210 3607//210 3609//210
f 3608//211 3609//1456 3610//1456
f 3610//212 3609//212 3611//212
f 3610//213 3611//213 3612//213
f 3612//214 3611//214 3613//214
f 3612//215 3613//215 3614//215
f 3614//218 3613//218 3615//218
f 3614//219 3615//219 3616//219
f 3616//220 3615//220 3617//220
f 3616//221 3617//222 3618//223
f 3618//224 3617//225 3619//226
f 3619//226 3617//225 3620//227
f 3619//228 3620//229 3467//1275
f 3467//1275 3620//229 3465//231
f 3607//232 3621//232 3609//232
f 3609//233 3621//233 3622//233
f 3609//212 3622//212 3611//212
f 3611//235 3622//235 3623//235
f 3611//214 3623//214 3613//214
f 3613//236 3623//236 3624//236
f 3613//218 3624//218 3615//218
f 3615//237 3624//237 3625//237
f 3615//220 3625//220 3617//220
f 3617//238 3625//238 3620//238
f 3621//1504 3626//1504 3622//1504
f 3622//240 3626//240 3627//240
f 3622//235 3627//235 3623//235
f 3623//241 3627//241 3628//1457
f 3623//236 3628//236 3624//236
f 3624//1278 3628//1278 3629//242
f 3624//237 3629//237 3625//237
f 3625//243 3629//243 3630//243
f 3625//238 3630//238 3620//238
f 3620//244 3630//244 3465//244
f 3626//1279 3631//1279 3627//1279
f 3627//1280 3631//1280 3632//1280
f 3627//241 3632//1457 3628//1457
f 3628//248 3632//248 3633//248
f 3628//1278 3633//242 3629//242
f 3629//249 3633//249 3634//249
f 3629//243 3634//243 3630//243
f 3630//250 3634//251 3463//251
f 3630//244 3463//244 3465//244
f 3631//1281 3635//1281 3632//1281
f 3632//253 3635//253 3636//253
f 3632//248 3636//248 3633//248
f 3633//1458 3636//1458 3637//254
f 3633//249 3637//249 3634//249
f 3634//256 3637//256 3461//256
f 3634//251 3461//251 3463//251
f 3635//257 3638//257 3636//257
f 3636//258 3638//258 3639//258
f 3636//1458 3639//254 3637//254
f 3637//1459 3639//1459 3459//1459
f 3637//256 3459//256 3461//256
f 3638//261 3640//261 3639//261
f 3639//262 3640//262 3457//262
f 3639//1459 3457//1459 3459//1459
f 3640//263 3455//263 3457//263
f 3618//223 3641//264 3616//221
f 3616//265 3641//265 3642//265
f 3616//219 3642//219 3614//219
f 3614//266 3642//266 3643//266
f 3614//215 3643//215 3612//215
f 3612//267 3643//267 3644//267
f 3612//213 3644//213 3610//213
f 3610//269 3644//269 3645//270
f 3610//1456 3645//211 3608//211
f 3608//271 3645//271 3606//1460
f 3641//273 3646//273 3642//273
f 3642//274 3646//274 3647//274
f 3642//266 3647//266 3643//266
f 3643//1284 3647//1284 3648//275
f 3643//267 3648//267 3644//267
f 3644//276 3648//276 3649//276
f 3644//269 3649//270 3645//270
f 3645//1461 3649//1461 3650//1462
f 3645//271 3650//1460 3606//1460
f 3606//278 3650//278 3604//278
f 3646//1188 3651//1188 3647//1188
f 3647//280 3651//280 3652//280
f 3647//1284 3652//275 3648//275
f 3648//281 3652//281 3653//281
f 3648//276 3653//276 3649//276
f 3649//282 3653//282 3654//282
f 3649//1461 3654//1462 3650//1462
f 3650//1189 3654//1189 3655//283
f 3650//278 3655//278 3604//278
f 3604//285 3655//285 3602//285
f 3651//286 3656//286 3652//286
f 3652//287 3656//287 3657//287
f 3652//281 3657//281 3653//281
f 3653//288 3657//288 3658//288
f 3653//282 3658//282 3654//282
f 3654//289 3658//289 3659//1505
f 3654//1189 3659//283 3655//283
f 3655//290 3659//291 3660//291
f 3655//285 3660//285 3602//285
f 3602//292 3660//292 3600//292
f 3656//293 3661//293 3657//293
f 3657//294 3661//294 3662//294
f 3657//288 3662//288 3658//288
f 3658//295 3662//295 3663//295
f 3658//289 3663//1505 3659//1505
f 3659//1506 3663//1506 3664//296
f 3659//291 3664//291 3660//291
f 3660//1190 3664//298 3665//1463
f 3660//292 3665//292 3600//292
f 3600//1507 3665//299 3598//299
f 3661//300 3666//300 3662//300
f 3662//301 3666//301 3667//301
f 3662//295 3667//295 3663//295
f 3663//302 3667//302 3668//302
f 3663//1506 3668//296 3664//296
f 3664//1464 3668//303 3669//303
f 3664//298 3669//1463 3665//1463
f 3665//1508 3669//1465 3670//304
f 3665//299 3670//299 3598//299
f 3598//305 3670//305 3596//305
f 3666//307 3671//307 3667//307
f 3667//308 3671//308 3672//308
f 3667//302 3672//302 3668//302
f 3668//309 3672//309 3673//309
f 3668//303 3673//1466 3669//303
f 3669//1467 3673//310 3674//310
f 3669//1465 3674//311 3670//304
f 3670//312 3674//312 3675//312
f 3670//305 3675//305 3596//305
f 3596//313 3675//313 3569//313
f 3671//314 3676//314 3672//314
f 3672//315 3676//315 3677//315
f 3672//309 3677//309 3673//309
f 3673//316 3677//316 3678//316
f 3673//310 3678//310 3674//310
f 3674//317 3678//317 3679//317
f 3674//312 3679//312 3675//312
f 3675//318 3679//1468 3567//1468
f 3675//313 3567//313 3569//313
f 3676//319 3680//320 3677//1285
f 3677//1285 3680//320 3681//322
f 3677//316 3681//316 3678//316
f 3678//323 3681//323 3682//324
f 3678//317 3682//317 3679//317
f 3679//1470 3682//325 3565//325
f 3679//1468 3565//1468 3567//1468
f 3680//326 3683//1193 3681//328
f 3681//328 3683//1193 3684//329
f 3681//323 3684//324 3682//324
f 3682//330 3684//330 3563//330
f 3682//325 3563//325 3565//325
f 3683//331 3685//332 3684//333
f 3684//333 3685//332 3561//334
f 3684//330 3561//330 3563//330
f 3685//335 3559//146 3561//148
f 3554//133 3686//336 3552//131
f 3552//337 3686//337 3687//337
f 3552//129 3687//129 3550//129
f 3550//338 3687//338 3688//338
f 3550//126 3688//126 3548//126
f 3548//339 3688//340 3689//340
f 3548//123 3689//123 3546//123
f 3546//341 3689//341 3690//342
f 3546//119 3690//1472 3544//1443
f 3544//1473 3690//1474 3542//343
f 3686//345 3691//345 3687//345
f 3687//346 3691//346 3692//346
f 3687//338 3692//338 3688//338
f 3688//347 3692//347 3693//347
f 3688//340 3693//348 3689//340
f 3689//349 3693//349 3694//349
f 3689//341 3694//342 3690//342
f 3690//350 3694//350 3695//351
f 3690//1474 3695//344 3542//343
f 3542//1475 3695//1475 3540//1475
f 3691//353 3696//353 3692//353
f 3692//354 3696//354 3697//354
f 3692//347 3697//347 3693//347
f 3693//355 3697//355 3698//355
f 3693//349 3698//349 3694//349
f 3694//356 3698//356 3699//356
f 3694//350 3699//351 3695//351
f 3695//358 3699//358 3700//358
f 3695//1475 3700//1475 3540//1475
f 3540//361 3700//361 3538//368
f 3696//362 3701//362 3697//362
f 3697//363 3701//363 3702//363
f 3697//355 3702//355 3698//355
f 3698//364 3702//364 3703//364
f 3698//356 3703//356 3699//356
f 3699//365 3703//365 3704//1197
f 3699//358 3704//358 3700//358
f 3700//367 3704//367 3705//367
f 3700//361 3705//368 3538//368
f 3538//369 3705//369 3536//369
f 3701//370 3706//370 3702//370
f 3702//371 3706//371 3707//371
f 3702//364 3707//364 3703//364
f 3703//372 3707//372 3708//372
f 3703//365 3708//366 3704//1197
f 3704//373 3708//373 3709//373
f 3704//367 3709//367 3705//367
f 3705//375 3709//375 3710//374
f 3705//369 3710//369 3536//369
f 3536//1477 3710//1477 3534//377
f 3706//378 3711//378 3707//378
f 3707//379 3711//379 3712//379
f 3707//372 3712//372 3708//372
f 3708//380 3712//380 3713//380
f 3708//373 3713//373 3709//373
f 3709//381 3713//381 3714//381
f 3709//375 3714//374 3710//374
f 3710//382 3714//382 3715//382
f 3710//1477 3715//377 3534//377
f 3534//384 3715//384 3532//384
f 3711//386 3716//386 3712//386
f 3712//387 3716//387 3717//387
f 3712//380 3717//380 3713//380
f 3713//389 3717//389 3718//389
f 3713//381 3718//381 3714//381
f 3714//390 3718//391 3719//391
f 3714//382 3719//382 3715//382
f 3715//392 3719//392 3720//392
f 3715//384 3720//384 3532//384
f 3532//396 3720//396 3505//1478
f 3716//397 3721//397 3717//397
f 3717//398 3721//398 3722//398
f 3717//389 3722//389 3718//389
f 3718//399 3722//399 3723//399
f 3718//391 3723//391 3719//391
f 3719//1479 3723//1509 3724//400
f 3719//392 3724//392 3720//392
f 3720//403 3724//403 3503//403
f 3720//396 3503//1510 3505//1478
f 3721//404 3725//405 3722//406
f 3722//406 3725//405 3726//407
f 3722//399 3726//399 3723//399
f 3723//408 3726//408 3727//408
f 3723//1509 3727//400 3724//400
f 3724//416 3727//416 3501//416
f 3724//403 3501//403 3503//403
f 3725//410 3728//411 3726//412
f 3726//412 3728//411 3729//413
f 3726//408 3729//408 3727//408
f 3727//415 3729//415 3499//414
f 3727//416 3499//416 3501//416
f 3728//417 3730//418 3729//1511
f 3729//1511 3730//418 3497//420
f 3729//415 3497//414 3499//414
f 3730//421 3495//1494 3497//55
f 3490//40 3731//422 3488//38
f 3488//423 3731//423 3732//423
f 3488//36 3732//36 3486//36
f 3486//1291 3732//1291 3733//1291
f 3486//425 3733//34 3484//425
f 3484//426 3733//427 3734//428
f 3484//32 3734//31 3482//31
f 3482//1512 3734//1480 3735//1481
f 3482//1412 3735//28 3480//28
f 3480//430 3735//430 3478//1482
f 3731//1293 3736//1293 3732//1293
f 3732//432 3736//432 3737//432
f 3732//1291 3737//1291 3733//1291
f 3733//441 3737//1483 3738//1483
f 3733//427 3738//428 3734//428
f 3734//434 3738//434 3739//435
f 3734//1480 3739//1481 3735//1481
f 3735//1484 3739//1484 3740//1484
f 3735//430 3740//1485 3478//1482
f 3478//1486 3740//1486 3476//437
f 3736//439 3741//439 3737//439
f 3737//440 3741//440 3742//440
f 3737//1483 3742//1483 3738//1483
f 3738//442 3742//442 3743//442
f 3738//434 3743//435 3739//435
f 3739//443 3743//443 3744//443
f 3739//1484 3744//1484 3740//1484
f 3740//444 3744//444 3745//444
f 3740//1486 3745//437 3476//437
f 3476//448 3745//448 3474//448
f 3741//449 3746//449 3742//449
f 3742//450 3746//450 3747//450
f 3742//442 3747//442 3743//442
f 3743//451 3747//451 3748//451
f 3743//443 3748//443 3744//443
f 3744//453 3748//453 3749//453
f 3744//444 3749//444 3745//444
f 3745//457 3749//458 3750//458
f 3745//448 3750//448 3474//448
f 3474//460 3750//460 3472//1487
f 3746//461 3751//461 3747//461
f 3747//462 3751//462 3752//462
f 3747//451 3752//451 3748//451
f 3748//470 3752//463 3753//463
f 3748//453 3753//453 3749//453
f 3749//464 3753//464 3754//1488
f 3749//458 3754//458 3750//458
f 3750//465 3754//465 3755//465
f 3750//460 3755//1487 3472//1487
f 3472//467 3755//467 3470//467
f 3751//468 3756//468 3752//468
f 3752//469 3756//469 3757//469
f 3752//463 3757//463 3753//463
f 3753//471 3757//471 3758//471
f 3753//464 3758//1513 3754//1488
f 3754//472 3758//472 3759//472
f 3754//465 3759//465 3755//465
f 3755//475 3759//475 3760//474
f 3755//467 3760//467 3470//467
f 3470//476 3760//476 3468//477
f 3756//479 3761//479 3757//479
f 3757//480 3761//480 3762//480
f 3757//471 3762//471 3758//471
f 3758//481 3762//481 3763//481
f 3758//472 3763//472 3759//472
f 3759//482 3763//482 3764//482
f 3759//475 3764//474 3760//474
f 3760//483 3764//483 3765//483
f 3760//476 3765//477 3468//477
f 3468//1489 3765//1489 3454//1489
f 3761//487 3766//487 3762//487
f 3762//488 3766//488 3767//488
f 3762//481 3767//481 3763//481
f 3763//489 3767//489 3768//489
f 3763//482 3768//482 3764//482
f 3764//491 3768//492 3769//492
f 3764//483 3769//483 3765//483
f 3765//494 3769//494 3770//494
f 3765//1489 3770//485 3454//1489
f 3454//496 3770//497 3456//1490
f 3766//498 3771//499 3767//500
f 3767//500 3771//499 3772//501
f 3767//489 3772//489 3768//489
f 3768//502 3772//502 3773//502
f 3768//492 3773//492 3769//492
f 3769//503 3773//1299 3774//1299
f 3769//494 3774//494 3770//494
f 3770//506 3774//506 3458//507
f 3770//497 3458//1491 3456//1490
f 3771//508 3775//509 3772//510
f 3772//510 3775//509 3776//511
f 3772//502 3776//502 3773//502
f 3773//512 3776//512 3777//512
f 3773//1299 3777//504 3774//1299
f 3774//513 3777//513 3460//513
f 3774//506 3460//507 3458//507
f 3775//514 3778//515 3776//516
f 3776//516 3778//515 3779//517
f 3776//512 3779//512 3777//512
f 3777//518 3779//518 3462//518
f 3777//513 3462//513 3460//513
f 3778//519 3466//520 3779//521
f 3779//521 3466//520 3464//522
f 3779//518 3464//518 3462//518
f 3780//523 3781//523 3466//523
f 3466//523 3781//523 3782//523
f 3466//523 3782//523 3467//523
f 3467//523 3782//523 3783//523
f 3467//523 3783//523 3619//523
f 3619//523 3783//523 3784//523
f 3619//523 3784//523 3618//523
f 3618//523 3784//523 3785//523
f 3618//523 3785//523 3641//523
f 3641//523 3785//523 3786//523
f 3641//523 3786//523 3646//523
f 3646//523 3786//523 3787//523
f 3646//523 3787//523 3651//523
f 3651//523 3787//523 3788//523
f 3651//523 3788//523 3656//523
f 3656//523 3788//523 3789//523
f 3656//523 3789//523 3661//523
f 3661//523 3789//523 3790//523
f 3661//523 3790//523 3666//523
f 3666//523 3790//523 3791//523
f 3666//523 3791//523 3671//523
f 3671//523 3791//523 3792//523
f 3671//523 3792//523 3676//523
f 3676//523 3792//523 3793//523
f 3676//523 3793//523 3680//523
f 3680//523 3793//523 3794//523
f 3680//523 3794//523 3683//523
f 3683//523 3794//523 3795//523
f 3683//523 3795//523 3685//523
f 3685//523 3795//523 3796//523
f 3685//523 3796//523 3559//523
f 3559//523 3796//523 3797//523
f 3559//523 3797//523 3557//523
f 3557//523 3797//523 3798//523
f 3557//523 3798//523 3555//523
f 3555//523 3798//523 3799//523
f 3555//523 3799//523 3554//523
f 3554//523 3799//523 3800//523
f 3554//523 3800//523 3686//523
f 3686//523 3800//523 3801//523
f 3686//523 3801//523 3691//523
f 3691//523 3801//523 3802//523
f 3691//523 3802//523 3696//523
f 3696//523 3802//523 3803//523
f 3696//523 3803//523 3701//523
f 3701//523 3803//523 3804//523
f 3701//523 3804//523 3706//523
f 3706//523 3804//523 3805//523
f 3706//523 3805//523 3806//523
f 3706//523 3806//523 3711//523
f 3711//523 3806//523 3807//523
f 3711//523 3807//523 3716//523
f 3716//523 3807//523 3808//523
f 3716//523 3808//523 3721//523
f 3721//523 3808//523 3809//523
f 3721//523 3809//523 3725//523
f 3725//523 3809//523 3810//523
f 3725//523 3810//523 3728//523
f 3728//523 3810//523 3811//523
f 3728//523 3811//523 3730//523
f 3730//523 3811//523 3812//523
f 3730//523 3812//523 3495//523
f 3495//523 3812//523 3813//523
f 3495//523 3813//523 3493//523
f 3493//523 3813//523 3814//523
f 3493//523 3814//523 3491//523
f 3491//523 3814//523 3815//523
f 3491//523 3815//523 3490//523
f 3490//523 3815//523 3816//523
f 3490//523 3816//523 3731//523
f 3731//523 3816//523 3817//523
f 3731//523 3817//523 3736//523
f 3736//523 3817//523 3818//523
f 3736//523 3818//523 3741//523
f 3741//523 3818//523 3819//523
f 3741//523 3819//523 3746//523
f 3746//523 3819//523 3820//523
f 3746//523 3820//523 3751//523
f 3751//523 3820//523 3821//523
f 3751//523 3821//523 3756//523
f 3756//523 3821//523 3822//523
f 3756//523 3822//523 3761//523
f 3761//523 3822//523 3823//523
f 3761//523 3823//523 3766//523
f 3766//523 3823//523 3824//523
f 3766//523 3824//523 3771//523
f 3771//523 3824//523 3825//523
f 3771//523 3825//523 3775//523
f 3775//523 3825//523 3826//523
f 3775//523 3826//523 3778//523
f 3778//523 3826//523 3780//523
f 3778//523 3780//523 3466//523
f 3827//524 3453//524 3828//524
f 3828//524 3453//524 3455//524
f 3828//525 3455//525 3829//525
f 3829//525 3455//525 3640//525
f 3829//526 3640//526 3830//526
f 3830//526 3640//526 3638//526
f 3830//527 3638//527 3831//527
f 3831//527 3638//527 3635//527
f 3831//528 3635//528 3832//528
f 3832//528 3635//528 3631//528
f 3832//529 3631//529 3833//529
f 3833//529 3631//529 3626//529
f 3833//530 3626//530 3834//530
f 3834//530 3626//530 3621//530
f 3834//531 3621//531 3835//531
f 3835//531 3621//531 3607//531
f 3835//532 3607//532 3836//532
f 3836//532 3607//532 3605//532
f 3836//533 3605//533 3837//533
f 3837//533 3605//533 3603//533
f 3837//534 3603//534 3838//534
f 3838//534 3603//534 3601//534
f 3838//535 3601//535 3839//535
f 3839//535 3601//535 3599//535
f 3839//536 3599//536 3840//536
f 3840//536 3599//536 3597//536
f 3840//537 3597//537 3841//537
f 3841//537 3597//537 3571//537
f 3841//538 3571//538 3842//538
f 3842//538 3571//538 3570//538
f 3842//539 3570//539 3843//539
f 3843//539 3570//539 3594//539
f 3843//540 3594//540 3844//540
f 3844//540 3594//540 3591//540
f 3844//541 3591//541 3845//541
f 3845//541 3591//541 3587//541
f 3845//542 3587//542 3846//542
f 3846//542 3587//542 3582//542
f 3846//543 3582//543 3847//543
f 3847//543 3582//543 3577//543
f 3847//544 3577//544 3848//544
f 3848//544 3577//544 3572//544
f 3848//545 3572//545 3849//545
f 3849//545 3572//545 3543//545
f 3849//546 3543//546 3850//546
f 3850//546 3543//546 3541//546
f 3850//547 3541//547 3851//547
f 3851//547 3541//547 3539//547
f 3851//548 3539//548 3852//548
f 3852//548 3539//548 3537//548
f 3852//549 3537//549 3853//549
f 3853//549 3537//549 3535//549
f 3853//550 3535//550 3854//550
f 3854//550 3535//550 3533//550
f 3854//551 3533//551 3855//551
f 3855//551 3533//551 3507//551
f 3855//552 3507//552 3856//552
f 3856//552 3507//552 3506//552
f 3856//554 3506//554 3857//554
f 3857//554 3506//554 3530//554
f 3857//555 3530//555 3858//555
f 3858//555 3530//555 3527//555
f 3858//556 3527//556 3859//556
f 3859//556 3527//556 3523//556
f 3859//557 3523//557 3860//557
f 3860//557 3523//557 3518//557
f 3860//558 3518//558 3861//558
f 3861//558 3518//558 3513//558
f 3861//559 3513//559 3862//559
f 3862//559 3513//559 3508//559
f 3862//560 3508//560 3863//560
f 3863//560 3508//560 3479//560
f 3863//562 3479//562 3864//562
f 3864//562 3479//562 3477//562
f 3864//563 3477//563 3865//563
f 3865//563 3477//563 3475//563
f 3865//564 3475//564 3866//564
f 3866//564 3475//564 3473//564
f 3866//565 3473//565 3867//565
f 3867//565 3473//565 3471//565
f 3867//566 3471//566 3868//566
f 3868//566 3471//566 3469//566
f 3868//567 3469//567 3827//567
f 3827//567 3469//567 3453//567
f 3869//568 3870//568 3871//568
f 3871//569 3870//569 3872//569
f 3871//570 3872//570 3873//570
f 3873//1514 3872//1514 3874//1514
f 3873//1301 3874//1301 3875//1301
f 3875//573 3874//573 3876//573
f 3875//574 3876//574 3877//574
f 3877//575 3876//575 3878//575
f 3877//1515 3878//1515 3879//1515
f 3879//577 3878//577 3880//577
f 3879//578 3880//578 3881//578
f 3881//1516 3880//1516 3882//1516
f 3881//580 3882//580 3883//580
f 3883//581 3882//581 3884//581
f 3883//582 3884//582 3885//582
f 3885//1517 3884//1517 3886//1517
f 3885//1202 3886//1202 3887//1202
f 3887//1303 3886//1303 3888//1303
f 3887//1204 3888//1204 3889//1204
f 3889//587 3888//587 3890//587
f 3889//588 3890//588 3891//588
f 3891//589 3890//589 3892//589
f 3891//590 3892//590 3893//590
f 3893//1518 3892//1518 3894//1518
f 3893//1519 3894//1519 3895//1519
f 3895//593 3894//593 3896//593
f 3895//1520 3896//1520 3897//1520
f 3897//595 3896//595 3898//595
f 3897//1521 3898//1521 3899//1521
f 3899//1304 3898//1304 3900//1304
f 3899//1522 3900//1522 3901//1522
f 3901//1523 3900//1523 3902//1523
f 3901//1524 3902//1524 3903//1524
f 3903//1525 3902//1525 3904//1525
f 3903//602 3904//602 3905//602
f 3905//603 3904//603 3906//603
f 3905//1526 3906//1526 3907//1526
f 3907//605 3906//605 3908//605
f 3907//606 3908//606 3909//606
f 3909//1527 3908//1527 3910//1527
f 3909//608 3910//608 3911//608
f 3911//1528 3910//1528 3912//1528
f 3911//1529 3912//1529 3913//1529
f 3913//1530 3912//1530 3914//1530
f 3913//612 3914//612 3915//612
f 3915//613 3914//613 3916//613
f 3915//1531 3916//1531 3917//1531
f 3917//1209 3916//1209 3918//1209
f 3917//616 3918//616 3919//616
f 3919//617 3918//617 3920//617
f 3919//618 3920//618 3921//618
f 3921//619 3920//619 3922//619
f 3921//620 3922//620 3923//620
f 3923//1211 3922//1211 3924//1211
f 3923//622 3924//622 3925//622
f 3925//623 3924//623 3926//623
f 3925//624 3926//624 3927//624
f 3927//625 3926//625 3928//625
f 3927//1307 3928//1307 3929//1307
f 3929//1308 3928//1308 3930//1308
f 3929//628 3930//628 3931//628
f 3931//1532 3930//1532 3932//1532
f 3931//630 3932//630 3933//630
f 3933//631 3932//631 3934//631
f 3933//1533 3934//1533 3935//1533
f 3935//633 3934//633 3936//633
f 3935//1534 3936//1534 3937//1534
f 3937//1535 3936//1535 3938//1535
f 3937//1536 3938//1536 3939//1536
f 3939//1309 3938//1309 3940//1309
f 3939//1537 3940//1537 3941//1537
f 3941//1311 3940//1311 3942//1311
f 3941//1312 3942//1312 3943//1312
f 3943//1313 3942//1313 3944//1313
f 3943//1314 3944//1314 3945//1314
f 3945//1315 3944//1315 3946//1315
f 3945//1316 3946//1316 3947//1316
f 3947//645 3946//645 3948//645
f 3947//1538 3948//1538 3949//1538
f 3949//1539 3948//1539 3950//1539
f 3949//1540 3950//1540 3951//1540
f 3951//1541 3950//1541 3952//1541
f 3951//1542 3952//1542 3953//1542
f 3953//1543 3952//1543 3954//1543
f 3953//1544 3954//1544 3955//1544
f 3955//1545 3954//1545 3956//1545
f 3955//1546 3956//1546 3957//1546
f 3957//655 3956//655 3958//655
f 3957//656 3958//656 3959//656
f 3959//1547 3958//1547 3960//1547
f 3959//658 3960//658 3961//658
f 3961//1319 3960//1319 3962//1319
f 3961//1377 3962//1377 3963//1377
f 3963//661 3962//661 3964//661
f 3963//662 3964//662 3965//662
f 3965//663 3964//663 3966//663
f 3965//1548 3966//1548 3869//1548
f 3869//1549 3966//1549 3870//1549
f 3780//666 3967//666 3781//666
f 3781//667 3967//667 3968//667
f 3781//668 3968//668 3782//668
f 3782//669 3968//669 3969//669
f 3782//670 3969//670 3783//670
f 3783//671 3969//671 3970//671
f 3783//672 3970//672 3784//672
f 3784//673 3970//673 3971//673
f 3784//674 3971//674 3785//674
f 3785//675 3971//675 3972//675
f 3785//676 3972//676 3786//676
f 3786//677 3972//677 3973//677
f 3786//678 3973//678 3787//678
f 3787//679 3973//679 3974//679
f 3787//680 3974//681 3788//682
f 3788//682 3974//681 3975//683
f 3788//684 3975//685 3789//1550
f 3789//1550 3975//685 3976//687
f 3789//688 3976//689 3790//690
f 3790//690 3976//689 3977//691
f 3790//692 3977//693 3791//694
f 3791//694 3977//693 3978//695
f 3791//696 3978//697 3792//698
f 3792//698 3978//697 3979//699
f 3792//1322 3979//702 3793//1551
f 3793//1551 3979//702 3980//703
f 3793//704 3980//1552 3981//1219
f 3981//707 3980//707 3982//707
f 3981//707 3982//707 3983//707
f 3983//708 3982//708 3984//708
f 3983//708 3984//708 3985//708
f 3985//709 3984//709 3986//709
f 3985//709 3986//709 3987//709
f 3987//710 3986//710 3944//710
f 3987//710 3944//710 3942//710
f 3967//713 3780//713 3988//713
f 3988//714 3780//714 3826//714
f 3988//715 3826//715 3989//715
f 3989//716 3826//716 3825//716
f 3989//717 3825//717 3990//717
f 3990//1553 3825//1553 3824//1553
f 3990//719 3824//719 3991//719
f 3991//720 3824//720 3823//720
f 3991//721 3823//721 3992//721
f 3992//722 3823//722 3822//722
f 3992//723 3822//723 3993//723
f 3993//724 3822//725 3821//726
f 3993//724 3821//726 3994//727
f 3994//728 3821//729 3820//1554
f 3994//728 3820//1554 3995//731
f 3995//732 3820//733 3819//734
f 3995//732 3819//734 3996//735
f 3996//736 3819//737 3818//738
f 3996//736 3818//738 3997//739
f 3997//740 3818//741 3817//1555
f 3997//740 3817//1555 3998//743
f 3998//744 3817//745 3816//746
f 3998//744 3816//746 3999//747
f 3999//1556 3816//749 4000//750
f 3999//1557 4000//1557 4001//1557
f 4001//1558 4000//1559 4002//1559
f 4001//1560 4002//1560 4003//1560
f 4003//755 4002//755 4004//1561
f 4003//756 4004//1562 4005//756
f 4005//1223 4004//1223 4006//1223
f 4005//759 4006//1327 3904//1327
f 3904//760 4006//760 3906//760
f 3816//749 3815//761 4000//750
f 4000//762 3815//763 4007//764
f 4000//1559 4007//1559 4002//1559
f 4002//765 4007//765 4008//1563
f 4002//755 4008//1561 4004//1561
f 4004//766 4008//766 4009//767
f 4004//1223 4009//1223 4006//1223
f 4006//769 4009//769 4010//769
f 4006//760 4010//760 3906//760
f 3906//770 4010//770 3908//770
f 3815//763 3814//771 4007//764
f 4007//772 3814//773 4011//774
f 4007//765 4011//1563 4008//1563
f 4008//775 4011//775 4012//775
f 4008//766 4012//767 4009//767
f 4009//777 4012//777 4013//777
f 4009//769 4013//769 4010//769
f 4010//778 4013//778 4014//1227
f 4010//770 4014//770 3908//770
f 3908//779 4014//779 3910//1564
f 3814//773 3813//781 4011//774
f 4011//782 3813//783 4015//784
f 4011//775 4015//775 4012//775
f 4012//785 4015//786 4016//786
f 4012//777 4016//777 4013//777
f 4013//787 4016//787 4017//1332
f 4013//778 4017//1227 4014//1227
f 4014//1333 4017//1333 4018//1333
f 4014//779 4018//1564 3910//1564
f 3910//1565 4018//1565 3912//1565
f 3813//783 3812//790 4015//784
f 4015//791 3812//792 4019//793
f 4015//786 4019//786 4016//786
f 4016//794 4019//794 4020//796
f 4016//787 4020//1566 4017//1332
f 4017//797 4020//797 4021//797
f 4017//1333 4021//1333 4018//1333
f 4018//800 4021//800 4022//800
f 4018//1565 4022//1565 3912//1565
f 3912//1567 4022//1567 3914//801
f 3812//792 3811//802 4019//793
f 4019//803 3811//804 4023//805
f 4019//794 4023//796 4020//796
f 4020//806 4023//806 4024//1568
f 4020//797 4024//1382 4021//797
f 4021//807 4024//807 4025//807
f 4021//800 4025//800 4022//800
f 4022//809 4025//809 4026//810
f 4022//1567 4026//801 3914//801
f 3914//1569 4026//1569 3916//1570
f 3811//804 3810//814 4023//805
f 4023//815 3810//815 4027//815
f 4023//806 4027//1568 4024//1568
f 4024//817 4027//817 4028//816
f 4024//807 4028//807 4025//807
f 4025//818 4028//818 4029//819
f 4025//809 4029//820 4026//810
f 4026//821 4029//821 4030//822
f 4026//1569 4030//1570 3916//1570
f 3916//1571 4030//823 3918//823
f 3810//826 3809//826 4027//826
f 4027//1335 3809//1335 4031//1335
f 4027//817 4031//816 4028//816
f 4028//829 4031//829 4032//829
f 4028//818 4032//819 4029//819
f 4029//830 4032//830 4033//831
f 4029//821 4033//822 4030//822
f 4030//832 4033//832 4034//833
f 4030//823 4034//823 3918//823
f 3918//1572 4034//1572 3920//1573
f 3809//836 3808//836 4031//836
f 4031//837 3808//837 4035//837
f 4031//829 4035//829 4032//829
f 4032//838 4035//838 4036//838
f 4032//830 4036//831 4033//831
f 4033//839 4036//839 4037//839
f 4033//832 4037//833 4034//833
f 4034//840 4037//840 4038//840
f 4034//1572 4038//1573 3920//1573
f 3920//1574 4038//1574 3922//1574
f 3808//842 3807//842 4035//842
f 4035//843 3807//843 4039//843
f 4035//838 4039//838 4036//838
f 4036//844 4039//844 4040//844
f 4036//839 4040//839 4037//839
f 4037//845 4040//845 4041//845
f 4037//840 4041//840 4038//840
f 4038//846 4041//846 4042//846
f 4038//1574 4042//1574 3922//1574
f 3922//847 4042//1575 3924//849
f 3807//850 3806//850 4039//850
f 4039//851 3806//851 4043//851
f 4039//844 4043//844 4040//844
f 4040//852 4043//852 4044//852
f 4040//845 4044//845 4041//845
f 4041//853 4044//853 4045//853
f 4041//846 4045//846 4042//846
f 4042//854 4045//854 4046//855
f 4042//1575 4046//849 3924//849
f 3924//1576 4046//1576 3926//1576
f 3806//857 3805//857 4043//857
f 4043//858 3805//858 4047//858
f 4043//852 4047//859 4044//852
f 4044//860 4047//860 4048//860
f 4044//853 4048//853 4045//853
f 4045//861 4048//861 4049//861
f 4045//854 4049//855 4046//855
f 4046//862 4049//1577 4050//1578
f 4046//1576 4050//1576 3926//1576
f 3926//865 4050//865 3928//873
f 3805//866 3804//866 4047//866
f 4047//867 3804//867 4051//867
f 4047//860 4051//860 4048//860
f 4048//868 4051//868 4052//868
f 4048//861 4052//861 4049//861
f 4049//869 4052//869 4053//870
f 4049//1577 4053//1578 4050//1578
f 4050//1579 4053//1579 4054//872
f 4050//865 4054//873 3928//873
f 3928//874 4054//874 3930//874
f 3804//876 3803//876 4051//876
f 4051//877 3803//877 4055//877
f 4051//868 4055//868 4052//868
f 4052//878 4055//878 4056//878
f 4052//869 4056//870 4053//870
f 4053//879 4056//879 4057//880
f 4053//1579 4057//872 4054//872
f 4054//881 4057//881 4058//882
f 4054//874 4058//874 3930//874
f 3930//1580 4058//1580 3932//883
f 3803//884 3802//884 4055//884
f 4055//885 3802//885 4059//885
f 4055//878 4059//878 4056//878
f 4056//886 4059//886 4060//886
f 4056//879 4060//880 4057//880
f 4057//887 4060//888 4061//888
f 4057//881 4061//882 4058//882
f 4058//889 4061//889 4062//889
f 4058//1580 4062//883 3932//883
f 3932//891 4062//891 3934//891
f 3802//892 3801//892 4059//892
f 4059//893 3801//893 4063//893
f 4059//886 4063//886 4060//886
f 4060//894 4063//894 4064//894
f 4060//888 4064//888 4061//888
f 4061//895 4064//896 4065//1581
f 4061//889 4065//889 4062//889
f 4062//898 4065//898 4066//898
f 4062//891 4066//891 3934//891
f 3934//900 4066//900 3936//900
f 3801//901 3800//901 4063//901
f 4063//902 3800//902 4067//902
f 4063//894 4067//894 4064//894
f 4064//903 4067//903 4068//903
f 4064//896 4068//1581 4065//1581
f 4065//905 4068//905 4069//904
f 4065//898 4069//898 4066//898
f 4066//906 4069//906 4070//906
f 4066//900 4070//900 3936//900
f 3936//1582 4070//1582 3938//907
f 3800//908 3799//908 4067//908
f 4067//909 3799//909 4071//909
f 4067//903 4071//903 4068//903
f 4068//1583 4071//1583 4072//910
f 4068//905 4072//904 4069//904
f 4069//912 4072//912 4073//912
f 4069//906 4073//913 4070//906
f 4070//914 4073//914 4074//914
f 4070//1582 4074//907 3938//907
f 3938//916 4074//916 3940//916
f 3799//917 3798//918 4071//919
f 4071//919 3798//918 4075//920
f 4071//1583 4075//910 4072//910
f 4072//921 4075//921 4076//921
f 4072//912 4076//912 4073//912
f 4073//1341 4076//1341 4077//1341
f 4073//914 4077//914 4074//914
f 4074//925 4077//925 4078//926
f 4074//916 4078//916 3940//916
f 3940//1584 4078//1584 3942//1584
f 3798//928 3797//929 4075//930
f 4075//930 3797//929 4079//931
f 4075//921 4079//921 4076//921
f 4076//933 4079//933 4080//933
f 4076//1341 4080//1341 4077//1341
f 4077//1343 4080//1343 4081//1343
f 4077//925 4081//926 4078//926
f 4078//935 4081//935 3987//935
f 4078//1584 3987//1584 3942//1584
f 3797//936 3796//937 4079//1585
f 4079//1585 3796//937 4082//939
f 4079//933 4082//933 4080//933
f 4080//940 4082//940 4083//940
f 4080//1343 4083//1343 4081//1343
f 4081//1586 4083//1586 3985//1587
f 4081//935 3985//935 3987//935
f 3796//943 3795//944 4082//1243
f 4082//1243 3795//944 4084//946
f 4082//940 4084//940 4083//940
f 4083//1588 4084//1588 3983//947
f 4083//1586 3983//942 3985//1587
f 3795//948 3794//949 4084//950
f 4084//950 3794//949 3981//951
f 4084//1588 3981//947 3983//947
f 3794//952 3793//704 3981//1219
f 3870//1589 4085//1589 3872//1589
f 3872//1589 4085//1589 4086//1589
f 3872//954 4086//954 3874//1590
f 3874//1590 4086//954 4087//1590
f 3874//955 4087//955 3876//1591
f 3876//1591 4087//955 4088//1591
f 3876//1244 4088//1592 3878//1244
f 3878//1244 4088//1592 4089//1244
f 3878//959 4089//959 3880//959
f 3880//959 4089//959 4090//959
f 3880//960 4090//960 3882//960
f 3882//960 4090//960 4091//960
f 3882//961 4091//961 3884//961
f 3884//961 4091//961 4092//961
f 3884//1246 4092//1593 3886//1594
f 3886//1594 4092//1593 4093//1594
f 3886//1595 4093//1595 3888//964
f 3888//964 4093//1595 4094//964
f 3888//1350 4094//1350 3890//1596
f 3890//1596 4094//1350 4095//1596
f 3890//966 4095//966 3892//966
f 3892//966 4095//966 4096//966
f 3892//969 4096//968 3894//968
f 3894//968 4096//968 4097//968
f 3894//971 4097//971 3896//971
f 3896//971 4097//971 4098//971
f 3896//972 4098//1597 3898//1597
f 3898//1597 4098//1597 4099//1597
f 3898//973 4099//973 3900//1598
f 3900//1598 4099//973 4100//1598
f 3900//977 4100//977 3902//977
f 3902//977 4100//977 4005//977
f 3902//759 4005//759 3904//1327
f 4085//978 4101//978 4086//978
f 4086//978 4101//978 4102//978
f 4086//980 4102//980 4087//980
f 4087//980 4102//980 4103//980
f 4087//981 4103//981 4088//981
f 4088//981 4103//981 4104//981
f 4088//984 4104//984 4089//984
f 4089//984 4104//984 4105//985
f 4089//986 4105//986 4090//986
f 4090//986 4105//986 4106//986
f 4090//987 4106//987 4091//1352
f 4091//1352 4106//987 4107//1352
f 4091//1353 4107//1353 4092//1248
f 4092//1248 4107//1353 4108//1248
f 4092//989 4108//989 4093//989
f 4093//989 4108//989 4109//989
f 4093//990 4109//990 4094//990
f 4094//990 4109//990 4110//990
f 4094//992 4110//992 4095//992
f 4095//992 4110//992 4111//992
f 4095//994 4111//994 4096//994
f 4096//994 4111//994 4112//994
f 4096//995 4112//995 4097//996
f 4097//996 4112//995 4113//996
f 4097//1355 4113//1355 4098//1355
f 4098//1355 4113//1355 4114//1355
f 4098//1000 4114//1000 4099//1000
f 4099//1000 4114//1000 4115//1000
f 4099//1001 4115//1001 4100//1356
f 4100//1356 4115//1001 4003//1356
f 4100//756 4003//756 4005//756
f 4085//1002 3870//1002 4116//1599
f 4116//1599 3870//1002 3966//1599
f 4116//1391 3966//1391 4117//1600
f 4117//1600 3966//1391 3964//1600
f 4117//1601 3964//1601 4118//1005
f 4118//1005 3964//1601 3962//1005
f 4118//1006 3962//1006 4119//1006
f 4119//1006 3962//1006 3960//1006
f 4119//1252 3960//1252 4120//1252
f 4120//1252 3960//1252 3958//1252
f 4120//1359 3958//1359 4121//1359
f 4121//1359 3958//1359 3956//1359
f 4121//1602 3956//1602 4122//1360
f 4122//1360 3956//1602 3954//1360
f 4122//1011 3954//1011 4123//1011
f 4123//1011 3954//1011 3952//1012
f 4123//1014 3952//1014 4124//1603
f 4124//1603 3952//1014 3950//1603
f 4124//1015 3950//1015 4125//1015
f 4125//1015 3950//1015 3948//1015
f 4125//1017 3948//1017 4126//1017
f 4126//1017 3948//1017 3946//1017
f 4126//1361 3946//1361 3986//1361
f 3986//1361 3946//1361 3944//1361
f 4101//1020 4127//1020 4102//1020
f 4102//1020 4127//1020 4128//1020
f 4102//1021 4128//1021 4103//1022
f 4103//1022 4128//1021 4129//1022
f 4103//1253 4129//1253 4104//1023
f 4104//1023 4129//1253 4130//1023
f 4104//1024 4130//1024 4105//1025
f 4105//1025 4130//1024 4131//1025
f 4105//1026 4131//1026 4106//1026
f 4106//1026 4131//1026 4132//1026
f 4106//1027 4132//1027 4107//1027
f 4107//1027 4132//1027 4133//1027
f 4107//1362 4133//1362 4108//1362
f 4108//1362 4133//1362 4134//1362
f 4108//1030 4134//1030 4109//1029
f 4109//1029 4134//1030 4135//1029
f 4109//1032 4135//1032 4110//1032
f 4110//1032 4135//1032 4136//1032
f 4110//1034 4136//1034 4111//1034
f 4111//1034 4136//1034 4137//1034
f 4111//1035 4137//1604 4112//1605
f 4112//1605 4137//1604 4138//1605
f 4112//1365 4138//1365 4113//1366
f 4113//1366 4138//1365 4139//1366
f 4113//1606 4139//1606 4114//1037
f 4114//1037 4139//1606 4140//1037
f 4114//1038 4140//1038 4115//1607
f 4115//1607 4140//1038 4001//1607
f 4115//1560 4001//1560 4003//1560
f 4101//1039 4085//1039 4141//1039
f 4141//1039 4085//1039 4116//1039
f 4141//1040 4116//1040 4142//1608
f 4142//1608 4116//1040 4117//1608
f 4142//1043 4117//1043 4143//1043
f 4143//1043 4117//1043 4118//1043
f 4143//1044 4118//1044 4144//1044
f 4144//1044 4118//1044 4119//1044
f 4144//1045 4119//1045 4145//1046
f 4145//1046 4119//1045 4120//1046
f 4145//1047 4120//1047 4146//1049
f 4146//1049 4120//1047 4121//1049
f 4146//1050 4121//1050 4147//1050
f 4147//1050 4121//1050 4122//1050
f 4147//1052 4122//1052 4148//1052
f 4148//1052 4122//1052 4123//1052
f 4148//1053 4123//1053 4149//1053
f 4149//1053 4123//1053 4124//1053
f 4149//1054 4124//1054 4150//1054
f 4150//1054 4124//1054 4125//1054
f 4150//1056 4125//1056 4151//1056
f 4151//1056 4125//1056 4126//1055
f 4151//1609 4126//1057 3984//1057
f 3984//1057 4126//1057 3986//1057
f 4127//1058 3968//1058 4128//1058
f 4128//1058 3968//1058 3967//1058
f 4128//1059 3967//1059 4129//1059
f 4129//1059 3967//1059 3988//1059
f 4129//1060 3988//1060 4130//1060
f 4130//1060 3988//1060 3989//1060
f 4130//1061 3989//1061 4131//1061
f 4131//1061 3989//1061 3990//1061
f 4131//1610 3990//1610 4132//1062
f 4132//1062 3990//1610 3991//1062
f 4132//1064 3991//1064 4133//1064
f 4133//1064 3991//1064 3992//1064
f 4133//1065 3992//1065 4134//1065
f 4134//1065 3992//1065 3993//1611
f 4134//1612 3993//1066 4135//1613
f 4135//1613 3993//1066 3994//1613
f 4135//1067 3994//1067 4136//1067
f 4136//1067 3994//1067 3995//1067
f 4136//1068 3995//1068 4137//1068
f 4137//1068 3995//1068 3996//1068
f 4137//1370 3996//1370 4138//1370
f 4138//1370 3996//1370 3997//1370
f 4138//1071 3997//1071 4139//1071
f 4139//1071 3997//1071 3998//1071
f 4139//1073 3998//1073 4140//1073
f 4140//1073 3998//1073 3999//1073
f 4140//1557 3999//1557 4001//1557
f 4127//1074 4101//1074 4152//1075
f 4152//1075 4101//1074 4141//1075
f 4152//1076 4141//1076 4153//1077
f 4153//1077 4141//1076 4142//1077
f 4153//1078 4142//1078 4154//1078
f 4154//1078 4142//1078 4143//1614
f 4154//1079 4143//1079 4155//1079
f 4155//1079 4143//1079 4144//1079
f 4155//1080 4144//1080 4156//1080
f 4156//1080 4144//1080 4145//1080
f 4156//1081 4145//1081 4157//1081
f 4157//1081 4145//1081 4146//1081
f 4157//1615 4146//1615 4158//1082
f 4158//1082 4146//1615 4147//1082
f 4158//1083 4147//1083 4159//1084
f 4159//1084 4147//1083 4148//1084
f 4159//1085 4148//1085 4160//1085
f 4160//1085 4148//1085 4149//1085
f 4160//1086 4149//1086 4161//1087
f 4161//1087 4149//1086 4150//1087
f 4161//1088 4150//1088 4162//1089
f 4162//1089 4150//1088 4151//1089
f 4162//1616 4151//1616 3982//1091
f 3982//1091 4151//1616 3984//1091
f 3968//1092 4127//1092 3969//1092
f 3969//1092 4127//1092 4152//1092
f 3969//1093 4152//1093 3970//1093
f 3970//1093 4152//1093 4153//1093
f 3970//1094 4153//1094 3971//1094
f 3971//1094 4153//1094 4154//1094
f 3971//1095 4154//1095 3972//1095
f 3972//1095 4154//1095 4155//1095
f 3972//1096 4155//1096 3973//1096
f 3973//1096 4155//1096 4156//1096
f 3973//1097 4156//1097 3974//1097
f 3974//1097 4156//1097 4157//1097
f 3974//1617 4157//1617 3975//1099
f 3975//1099 4157//1617 4158//1099
f 3975//1100 4158//1100 3976//1100
f 3976//1100 4158//1100 4159//1100
f 3976//1101 4159//1101 3977//1101
f 3977//1101 4159//1101 4160//1101
f 3977//1102 4160//1102 3978//1102
f 3978//1102 4160//1102 4161//1102
f 3978//1103 4161//1103 3979//1372
f 3979//1372 4161//1103 4162//1372
f 3979//1105 4162//1105 3980//1105
f 3980//1105 4162//1105 3982//1105
f 4163//1106 3869//1106 4164//1106
f 4164//1106 3869//1106 3871//1106
f 4164//1107 3871//1107 4165//1107
f 4165//1107 3871//1107 3873//1107
f 4165//1108 3873//1108 4166//1108
f 4166//1108 3873//1108 3875//1108
f 4166//1110 3875//1110 4167//1110
f 4167//1110 3875//1110 3877//1110
f 4167//1111 3877//1111 4168//1111
f 4168//1111 3877//1111 3879//1111
f 4168//1112 3879//1112 4169//1112
f 4169//1112 3879//1112 3881//1112
f 4169//1113 3881//1113 4170//1113
f 4170//1113 3881//1113 3883//1113
f 4170//1114 3883//1114 4171//1114
f 4171//1114 3883//1114 3885//1114
f 4171//1115 3885//1115 4172//1115
f 4172//1115 3885//1115 3887//1115
f 4172//1116 3887//1116 4173//1116
f 4173//1116 3887//1116 3889//1116
f 4173//1117 3889//1117 4174//1117
f 4174//1117 3889//1117 3891//1117
f 4174//1118 3891//1118 4175//1118
f 4175//1118 3891//1118 3893//1118
f 4175//1119 3893//1119 4176//1119
f 4176//1119 3893//1119 3895//1119
f 4176//1120 3895//1120 4177//1120
f 4177//1120 3895//1120 3897//1120
f 4177//1121 3897//1121 4178//1121
f 4178//1121 3897//1121 3899//1121
f 4178//1122 3899//1122 4179//1122
f 4179//1122 3899//1122 3901//1122
f 4179//1123 3901//1123 4180//1123
f 4180//1123 3901//1123 3903//1123
f 4180//1124 3903//1124 4181//1124
f 4181//1124 3903//1124 3905//1124
f 4181//1125 3905//1125 4182//1125
f 4182//1125 3905//1125 3907//1125
f 4182//1127 3907//1127 4183//1127
f 4183//1127 3907//1127 3909//1127
f 4183//1128 3909//1128 4184//1128
f 4184//1128 3909//1128 3911//1128
f 4184//1129 3911//1129 4185//1129
f 4185//1129 3911//1129 3913//1129
f 4185//1130 3913//1618 4186//1130
f 4186//1130 3913//1618 3915//1618
f 4186//1373 3915//1373 4187//1373
f 4187//1373 3915//1373 3917//1373
f 4187//1132 3917//1132 4188//1132
f 4188//1132 3917//1132 3919//1132
f 4188//1133 3919//1133 4189//1133
f 4189//1133 3919//1133 3921//1133
f 4189//1134 3921//1134 4190//1134
f 4190//1134 3921//1134 3923//1134
f 4190//1135 3923//1135 4191//1135
f 4191//1135 3923//1135 3925//1135
f 4191//1137 3925//1137 4192//1137
f 4192//1137 3925//1137 3927//1137
f 4192//1138 3927//1138 4193//1138
f 4193//1138 3927//1138 3929//1138
f 4193//1139 3929//1139 4194//1139
f 4194//1139 3929//1139 3931//1139
f 4194//1140 3931//1140 4195//1140
f 4195//1140 3931//1140 3933//1140
f 4195//1141 3933//1141 4196//1141
f 4196//1141 3933//1141 3935//1141
f 4196//1142 3935//1142 4197//1142
f 4197//1142 3935//1142 3937//1142
f 4197//1143 3937//1143 4198//1143
f 4198//1143 3937//1143 3939//1143
f 4198//1144 3939//1144 4199//1144
f 4199//1144 3939//1144 3941//1144
f 4199//1145 3941//1145 4200//1145
f 4200//1145 3941//1145 3943//1145
f 4200//1146 3943//1146 4201//1146
f 4201//1146 3943//1146 3945//1146
f 4201//1147 3945//1147 4202//1147
f 4202//1147 3945//1147 3947//1147
f 4202//1148 3947//1148 4203//1148
f 4203//1148 3947//1148 3949//1148
f 4203//1149 3949//1149 4204//1149
f 4204//1149 3949//1149 3951//1149
f 4204//1150 3951//1150 4205//1150
f 4205//1150 3951//1150 3953//1150
f 4205//1151 3953//1151 4206//1151
f 4206//1151 3953//1151 3955//1151
f 4206//1152 3955//1152 4207//1152
f 4207//1152 3955//1152 3957//1152
f 4207//1153 3957//1153 4208//1153
f 4208//1153 3957//1153 3959//1153
f 4208//1154 3959//1154 4209//1154
f 4209//1154 3959//1154 3961//1154
f 4209//1155 3961//1155 4210//1155
f 4210//1155 3961//1155 3963//1155
f 4210//1156 3963//1156 4211//1156
f 4211//1156 3963//1156 3965//1156
f 4211//1619 3965//1619 4163//1619
f 4163//1619 3965//1619 3869//1619
f 4212//568 4213//568 4214//568
f 4214//569 4213//569 4215//569
f 4214//570 4215//570 4216//570
f 4216//1514 4215//1514 4217//1514
f 4216//572 4217//572 4218//572
f 4218//573 4217//573 4219//573
f 4218//574 4219//574 4220//574
f 4220//575 4219//575 4221//575
f 4220//1515 4221//1515 4222//1515
f 4222//577 4221//577 4223//577
f 4222//578 4223//578 4224//578
f 4224//1516 4223//1516 4225//1516
f 4224//580 4225//580 4226//580
f 4226//581 4225//581 4227//581
f 4226//582 4227//582 4228//582
f 4228//583 4227//583 4229//583
f 4228//1202 4229//1202 4230//1202
f 4230//1303 4229//1303 4231//1303
f 4230//1620 4231//1620 4232//1620
f 4232//587 4231//587 4233//587
f 4232//588 4233//588 4234//588
f 4234//589 4233//589 4235//589
f 4234//590 4235//590 4236//590
f 4236//1518 4235//1518 4237//1518
f 4236//1519 4237//1519 4238//1519
f 4238//593 4237//593 4239//593
f 4238//1520 4239//1520 4240//1520
f 4240//1621 4239//1621 4241//1621
f 4240//1521 4241//1521 4242//1521
f 4242//1304 4241//1304 4243//1304
f 4242//1522 4243//1522 4244//1522
f 4244//1523 4243//1523 4245//1523
f 4244//1524 4245//1524 4246//1524
f 4246//1206 4245//1206 4247//1206
f 4246//602 4247//602 4248//602
f 4248//1622 4247//1622 4249//1622
f 4248//604 4249//604 4250//604
f 4250//605 4249//605 4251//605
f 4250//606 4251//606 4252//606
f 4252//1527 4251//1527 4253//1527
f 4252//1623 4253//1623 4254//1623
f 4254//1528 4253//1528 4255//1528
f 4254//1529 4255//1529 4256//1529
f 4256//1530 4255//1530 4257//1530
f 4256//612 4257//612 4258//612
f 4258//1624 4257//1624 4259//1624
f 4258//1531 4259//1531 4260//1531
f 4260//1209 4259//1209 4261//1209
f 4260//616 4261//616 4262//616
f 4262//617 4261//617 4263//617
f 4262//618 4263//618 4264//618
f 4264//619 4263//619 4265//619
f 4264//620 4265//620 4266//620
f 4266//1211 4265//1211 4267//1211
f 4266//1625 4267//1625 4268//1625
f 4268//623 4267//623 4269//623
f 4268//624 4269//624 4270//624
f 4270//1626 4269//1626 4271//1626
f 4270//1307 4271//1307 4272//1307
f 4272//1308 4271//1308 4273//1308
f 4272//1627 4273//1627 4274//1627
f 4274//1532 4273//1532 4275//1532
f 4274//630 4275//630 4276//630
f 4276//631 4275//631 4277//631
f 4276//632 4277//632 4278//632
f 4278//633 4277//633 4279//633
f 4278//1534 4279//1534 4280//1534
f 4280//1628 4279//1628 4281//1628
f 4280//1536 4281//1536 4282//1536
f 4282//1309 4281//1309 4283//1309
f 4282//1537 4283//1537 4284//1537
f 4284//1311 4283//1311 4285//1311
f 4284//1312 4285//1312 4286//1312
f 4286//1313 4285//1313 4287//1313
f 4286//1314 4287//1314 4288//1314
f 4288//1315 4287//1315 4289//1315
f 4288//1316 4289//1316 4290//1316
f 4290//645 4289//645 4291//645
f 4290//1538 4291//1538 4292//1538
f 4292//1539 4291//1539 4293//1539
f 4292//1540 4293//1540 4294//1540
f 4294//1541 4293//1541 4295//1541
f 4294//1629 4295//1629 4296//1629
f 4296//1630 4295//1630 4297//1630
f 4296//1544 4297//1544 4298//1544
f 4298//1545 4297//1545 4299//1545
f 4298//1546 4299//1546 4300//1546
f 4300//655 4299//655 4301//655
f 4300//656 4301//656 4302//656
f 4302//1547 4301//1547 4303//1547
f 4302//658 4303//658 4304//658
f 4304//1319 4303//1319 4305//1319
f 4304//1377 4305//1377 4306//1377
f 4306//661 4305//661 4307//661
f 4306//662 4307//662 4308//662
f 4308//663 4307//663 4309//663
f 4308//664 4309//664 4212//664
f 4212//1549 4309//1549 4213//1549
f 3364//666 4310//666 3365//666
f 3365//667 4310//667 4311//667
f 3365//668 4311//668 3366//668
f 3366//669 4311//669 4312//669
f 3366//670 4312//670 3367//670
f 3367//671 4312//671 4313//671
f 3367//672 4313//672 3368//672
f 3368//673 4313//673 4314//673
f 3368//674 4314//674 3369//674
f 3369//675 4314//675 4315//675
f 3369//676 4315//676 3370//676
f 3370//677 4315//677 4316//677
f 3370//678 4316//678 3371//678
f 3371//679 4316//679 4317//679
f 3371//680 4317//681 3372//682
f 3372//682 4317//681 4318//683
f 3372//684 4318//685 3373//686
f 3373//686 4318//685 4319//687
f 3373//688 4319//689 3374//690
f 3374//690 4319//689 4320//691
f 3374//692 4320//693 3375//694
f 3375//694 4320//693 4321//695
f 3375//696 4321//697 3376//1378
f 3376//1378 4321//697 4322//699
f 3376//1322 4322//1631 3377//1379
f 3377//1379 4322//1631 4323//703
f 3377//704 4323//1552 4324//1219
f 4324//707 4323//707 4325//707
f 4324//707 4325//707 4326//707
f 4326//708 4325//708 4327//708
f 4326//708 4327//708 4328//708
f 4328//709 4327//709 4329//709
f 4328//709 4329//709 4330//709
f 4330//710 4329//710 4287//710
f 4330//710 4287//710 4285//710
f 4310//713 3364//713 4331//713
f 4331//714 3364//714 3410//714
f 4331//715 3410//715 4332//715
f 4332//716 3410//716 3409//716
f 4332//717 3409//717 4333//717
f 4333//1553 3409//1553 3408//1553
f 4333//719 3408//719 4334//719
f 4334//720 3408//720 3407//720
f 4334//721 3407//721 4335//721
f 4335//722 3407//722 3406//722
f 4335//723 3406//723 4336//723
f 4336//724 3406//725 3405//726
f 4336//724 3405//726 4337//727
f 4337//728 3405//729 3404//1554
f 4337//728 3404//1554 4338//731
f 4338//1220 3404//733 3403//734
f 4338//1220 3403//734 4339//735
f 4339//736 3403//737 3402//738
f 4339//736 3402//738 4340//739
f 4340//1221 3402//741 3401//1555
f 4340//1221 3401//1555 4341//743
f 4341//1632 3401//745 3400//744
f 4341//1632 3400//744 4342//747
f 4342//1556 3400//749 4343//1222
f 4342//1557 4343//1557 4344//1557
f 4344//1558 4343//1558 4345//1559
f 4344//1560 4345//1560 4346//1560
f 4346//755 4345//755 4347//1561
f 4346//756 4347//1326 4348//756
f 4348//1633 4347//1223 4349//1223
f 4348//759 4349//1327 4247//1327
f 4247//760 4349//760 4249//760
f 3400//749 3399//761 4343//1222
f 4343//762 3399//763 4350//764
f 4343//1558 4350//1559 4345//1559
f 4345//765 4350//765 4351//1563
f 4345//755 4351//1561 4347//1561
f 4347//1634 4351//1634 4352//767
f 4347//1223 4352//1223 4349//1223
f 4349//769 4352//769 4353//769
f 4349//760 4353//760 4249//760
f 4249//770 4353//770 4251//1228
f 3399//763 3398//771 4350//764
f 4350//772 3398//773 4354//774
f 4350//765 4354//1563 4351//1563
f 4351//775 4354//775 4355//775
f 4351//1634 4355//767 4352//767
f 4352//777 4355//777 4356//777
f 4352//769 4356//769 4353//769
f 4353//778 4356//778 4357//1227
f 4353//770 4357//1228 4251//1228
f 4251//1564 4357//1564 4253//1635
f 3398//773 3397//781 4354//774
f 4354//782 3397//783 4358//1229
f 4354//775 4358//775 4355//775
f 4355//786 4358//786 4359//786
f 4355//777 4359//777 4356//777
f 4356//787 4359//787 4360//1332
f 4356//778 4360//1227 4357//1227
f 4357//1230 4360//1230 4361//1230
f 4357//1564 4361//1635 4253//1635
f 4253//1565 4361//1565 4255//1565
f 3397//783 3396//790 4358//1229
f 4358//791 3396//792 4362//793
f 4358//786 4362//786 4359//786
f 4359//794 4362//795 4363//796
f 4359//787 4363//1332 4360//1332
f 4360//797 4363//797 4364//797
f 4360//1230 4364//1230 4361//1230
f 4361//800 4364//800 4365//800
f 4361//1565 4365//1565 4255//1565
f 4255//1567 4365//1567 4257//801
f 3396//792 3395//802 4362//793
f 4362//803 3395//804 4366//805
f 4362//795 4366//796 4363//796
f 4363//806 4366//806 4367//1568
f 4363//797 4367//797 4364//797
f 4364//807 4367//807 4368//807
f 4364//800 4368//800 4365//800
f 4365//809 4368//809 4369//810
f 4365//1567 4369//801 4257//801
f 4257//1570 4369//1570 4259//1570
f 3395//804 3394//814 4366//805
f 4366//815 3394//815 4370//815
f 4366//806 4370//1568 4367//1568
f 4367//817 4370//816 4371//816
f 4367//807 4371//807 4368//807
f 4368//818 4371//818 4372//819
f 4368//809 4372//810 4369//810
f 4369//821 4372//821 4373//822
f 4369//1570 4373//1570 4259//1570
f 4259//1636 4373//823 4261//823
f 3394//826 3393//826 4370//826
f 4370//1335 3393//1335 4374//1335
f 4370//816 4374//816 4371//816
f 4371//829 4374//829 4375//829
f 4371//818 4375//819 4372//819
f 4372//830 4375//830 4376//831
f 4372//821 4376//822 4373//822
f 4373//832 4376//832 4377//833
f 4373//823 4377//825 4261//823
f 4261//1572 4377//1572 4263//1572
f 3393//836 3392//836 4374//836
f 4374//837 3392//837 4378//837
f 4374//829 4378//829 4375//829
f 4375//838 4378//838 4379//838
f 4375//830 4379//831 4376//831
f 4376//839 4379//839 4380//839
f 4376//832 4380//833 4377//833
f 4377//840 4380//840 4381//840
f 4377//1572 4381//1572 4263//1572
f 4263//1574 4381//1574 4265//1574
f 3392//842 3391//842 4378//842
f 4378//843 3391//843 4382//843
f 4378//838 4382//838 4379//838
f 4379//844 4382//844 4383//844
f 4379//839 4383//839 4380//839
f 4380//845 4383//845 4384//845
f 4380//840 4384//840 4381//840
f 4381//846 4384//846 4385//846
f 4381//1574 4385//1574 4265//1574
f 4265//847 4385//1575 4267//849
f 3391//850 3390//850 4382//850
f 4382//851 3390//851 4386//851
f 4382//844 4386//844 4383//844
f 4383//859 4386//1233 4387//1234
f 4383//845 4387//845 4384//845
f 4384//853 4387//853 4388//853
f 4384//846 4388//846 4385//846
f 4385//854 4388//854 4389//855
f 4385//1575 4389//1637 4267//849
f 4267//1576 4389//1576 4269//1576
f 3390//857 3389//857 4386//857
f 4386//858 3389//858 4390//858
f 4386//1233 4390//1234 4387//1234
f 4387//1235 4390//1235 4391//1235
f 4387//853 4391//853 4388//853
f 4388//861 4391//861 4392//861
f 4388//854 4392//855 4389//855
f 4389//862 4392//862 4393//863
f 4389//1576 4393//1576 4269//1576
f 4269//865 4393//865 4271//873
f 3389//866 3388//866 4390//866
f 4390//867 3388//867 4394//867
f 4390//1235 4394//860 4391//1235
f 4391//868 4394//868 4395//868
f 4391//861 4395//861 4392//861
f 4392//869 4395//869 4396//870
f 4392//862 4396//863 4393//863
f 4393//1579 4396//1579 4397//872
f 4393//865 4397//873 4271//873
f 4271//874 4397//874 4273//874
f 3388//876 3387//876 4394//876
f 4394//877 3387//877 4398//877
f 4394//868 4398//868 4395//868
f 4395//878 4398//878 4399//878
f 4395//869 4399//870 4396//870
f 4396//879 4399//879 4400//880
f 4396//1579 4400//872 4397//872
f 4397//881 4400//881 4401//882
f 4397//874 4401//874 4273//874
f 4273//1638 4401//1638 4275//1580
f 3387//884 3386//884 4398//884
f 4398//885 3386//885 4402//885
f 4398//878 4402//878 4399//878
f 4399//886 4402//886 4403//886
f 4399//879 4403//1639 4400//880
f 4400//888 4403//888 4404//888
f 4400//881 4404//882 4401//882
f 4401//889 4404//1387 4405//1236
f 4401//1638 4405//1580 4275//1580
f 4275//1640 4405//1640 4277//891
f 3386//892 3385//892 4402//892
f 4402//893 3385//893 4406//893
f 4402//886 4406//886 4403//886
f 4403//894 4406//894 4407//894
f 4403//888 4407//888 4404//888
f 4404//895 4407//896 4408//1581
f 4404//1387 4408//1236 4405//1236
f 4405//897 4408//897 4409//898
f 4405//1640 4409//891 4277//891
f 4277//900 4409//900 4279//900
f 3385//901 3384//901 4406//901
f 4406//902 3384//902 4410//902
f 4406//894 4410//894 4407//894
f 4407//903 4410//903 4411//903
f 4407//896 4411//1581 4408//1581
f 4408//905 4411//905 4412//904
f 4408//897 4412//898 4409//898
f 4409//906 4412//906 4413//906
f 4409//900 4413//900 4279//900
f 4279//907 4413//907 4281//907
f 3384//908 3383//908 4410//908
f 4410//909 3383//909 4414//909
f 4410//903 4414//1641 4411//903
f 4411//1583 4414//1583 4415//910
f 4411//905 4415//904 4412//904
f 4412//912 4415//912 4416//912
f 4412//906 4416//906 4413//906
f 4413//914 4416//914 4417//914
f 4413//907 4417//907 4281//907
f 4281//916 4417//916 4283//916
f 3383//917 3382//918 4414//919
f 4414//919 3382//918 4418//920
f 4414//1583 4418//910 4415//910
f 4415//921 4418//921 4419//921
f 4415//912 4419//912 4416//912
f 4416//1389 4419//1389 4420//1341
f 4416//914 4420//1241 4417//914
f 4417//925 4420//925 4421//926
f 4417//916 4421//916 4283//916
f 4283//1584 4421//1584 4285//1584
f 3382//928 3381//929 4418//930
f 4418//930 3381//929 4422//931
f 4418//921 4422//921 4419//921
f 4419//933 4422//933 4423//933
f 4419//1389 4423//1341 4420//1341
f 4420//1343 4423//1343 4424//1343
f 4420//925 4424//926 4421//926
f 4421//935 4424//935 4330//935
f 4421//1584 4330//1584 4285//1584
f 3381//936 3380//937 4422//1242
f 4422//1242 3380//937 4425//939
f 4422//933 4425//933 4423//933
f 4423//940 4425//940 4426//940
f 4423//1343 4426//1343 4424//1343
f 4424//1586 4426//1586 4328//1587
f 4424//935 4328//935 4330//935
f 3380//943 3379//944 4425//1243
f 4425//1243 3379//944 4427//946
f 4425//940 4427//940 4426//940
f 4426//1588 4427//1588 4326//947
f 4426//1586 4326//1587 4328//1587
f 3379//948 3378//949 4427//950
f 4427//950 3378//949 4324//951
f 4427//1588 4324//947 4326//947
f 3378//952 3377//704 4324//1219
f 4213//1589 4428//1589 4215//1589
f 4215//1589 4428//1589 4429//1589
f 4215//954 4429//954 4217//1590
f 4217//1590 4429//954 4430//1590
f 4217//955 4430//955 4219//1591
f 4219//1591 4430//955 4431//1591
f 4219//1592 4431//1244 4221//1642
f 4221//1642 4431//1244 4432//1642
f 4221//959 4432//959 4223//959
f 4223//959 4432//959 4433//959
f 4223//960 4433//960 4225//960
f 4225//960 4433//960 4434//960
f 4225//961 4434//961 4227//961
f 4227//961 4434//961 4435//961
f 4227//1246 4435//1246 4229//1594
f 4229//1594 4435//1246 4436//1594
f 4229//1595 4436//1595 4231//964
f 4231//964 4436//1595 4437//964
f 4231//965 4437//1350 4233//1596
f 4233//1596 4437//1350 4438//1596
f 4233//966 4438//966 4235//966
f 4235//966 4438//966 4439//966
f 4235//969 4439//968 4237//968
f 4237//968 4439//968 4440//968
f 4237//971 4440//971 4239//971
f 4239//971 4440//971 4441//971
f 4239//972 4441//972 4241//1597
f 4241//1597 4441//972 4442//1597
f 4241//973 4442//973 4243//1598
f 4243//1598 4442//973 4443//1598
f 4243//977 4443//977 4245//977
f 4245//977 4443//977 4348//977
f 4245//759 4348//759 4247//1327
f 4428//978 4444//978 4429//978
f 4429//978 4444//978 4445//978
f 4429//980 4445//980 4430//980
f 4430//980 4445//980 4446//980
f 4430//1643 4446//1643 4431//981
f 4431//981 4446//1643 4447//981
f 4431//984 4447//984 4432//984
f 4432//984 4447//984 4448//984
f 4432//986 4448//986 4433//986
f 4433//986 4448//986 4449//986
f 4433//987 4449//987 4434//1352
f 4434//1352 4449//987 4450//1352
f 4434//1353 4450//1353 4435//1248
f 4435//1248 4450//1353 4451//1248
f 4435//989 4451//989 4436//989
f 4436//989 4451//989 4452//989
f 4436//990 4452//990 4437//990
f 4437//990 4452//990 4453//990
f 4437//992 4453//992 4438//992
f 4438//992 4453//992 4454//992
f 4438//993 4454//994 4439//994
f 4439//994 4454//994 4455//994
f 4439//995 4455//995 4440//996
f 4440//996 4455//995 4456//996
f 4440//1355 4456//1355 4441//1355
f 4441//1355 4456//1355 4457//1355
f 4441//1000 4457//1000 4442//1000
f 4442//1000 4457//1000 4458//1000
f 4442//1001 4458//1001 4443//1001
f 4443//1001 4458//1001 4346//1001
f 4443//756 4346//756 4348//756
f 4428//1002 4213//1002 4459//1599
f 4459//1599 4213//1002 4309//1599
f 4459//1391 4309//1391 4460//1600
f 4460//1600 4309//1391 4307//1600
f 4460//1005 4307//1005 4461//1005
f 4461//1005 4307//1005 4305//1644
f 4461//1006 4305//1006 4462//1006
f 4462//1006 4305//1006 4303//1006
f 4462//1252 4303//1252 4463//1252
f 4463//1252 4303//1252 4301//1252
f 4463//1359 4301//1359 4464//1359
f 4464//1359 4301//1359 4299//1359
f 4464//1602 4299//1602 4465//1360
f 4465//1360 4299//1602 4297//1360
f 4465//1011 4297//1011 4466//1011
f 4466//1011 4297//1011 4295//1011
f 4466//1014 4295//1014 4467//1603
f 4467//1603 4295//1014 4293//1603
f 4467//1015 4293//1015 4468//1015
f 4468//1015 4293//1015 4291//1015
f 4468//1017 4291//1017 4469//1017
f 4469//1017 4291//1017 4289//1017
f 4469//1361 4289//1361 4329//1361
f 4329//1361 4289//1361 4287//1361
f 4444//1020 4470//1020 4445//1020
f 4445//1020 4470//1020 4471//1020
f 4445//1021 4471//1021 4446//1022
f 4446//1022 4471//1021 4472//1022
f 4446//1253 4472//1253 4447//1023
f 4447//1023 4472//1253 4473//1023
f 4447//1024 4473//1024 4448//1025
f 4448//1025 4473//1024 4474//1025
f 4448//1026 4474//1026 4449//1026
f 4449//1026 4474//1026 4475//1026
f 4449//1027 4475//1027 4450//1027
f 4450//1027 4475//1027 4476//1027
f 4450//1362 4476//1362 4451//1362
f 4451//1362 4476//1362 4477//1362
f 4451//1030 4477//1030 4452//1029
f 4452//1029 4477//1030 4478//1029
f 4452//1645 4478//1033 4453//1032
f 4453//1032 4478//1033 4479//1032
f 4453//1034 4479//1034 4454//1034
f 4454//1034 4479//1034 4480//1034
f 4454//1035 4480//1035 4455//1605
f 4455//1605 4480//1035 4481//1605
f 4455//1365 4481//1365 4456//1366
f 4456//1366 4481//1365 4482//1366
f 4456//1606 4482//1606 4457//1037
f 4457//1037 4482//1606 4483//1037
f 4457//1038 4483//1038 4458//1607
f 4458//1607 4483//1038 4344//1607
f 4458//1560 4344//1560 4346//1560
f 4444//1039 4428//1039 4484//1039
f 4484//1039 4428//1039 4459//1039
f 4484//1040 4459//1040 4485//1608
f 4485//1608 4459//1040 4460//1608
f 4485//1043 4460//1043 4486//1043
f 4486//1043 4460//1043 4461//1043
f 4486//1044 4461//1044 4487//1044
f 4487//1044 4461//1044 4462//1044
f 4487//1045 4462//1045 4488//1046
f 4488//1046 4462//1045 4463//1046
f 4488//1047 4463//1047 4489//1049
f 4489//1049 4463//1047 4464//1049
f 4489//1050 4464//1050 4490//1050
f 4490//1050 4464//1050 4465//1050
f 4490//1052 4465//1052 4491//1052
f 4491//1052 4465//1052 4466//1052
f 4491//1053 4466//1053 4492//1053
f 4492//1053 4466//1053 4467//1053
f 4492//1054 4467//1054 4493//1054
f 4493//1054 4467//1054 4468//1054
f 4493//1056 4468//1056 4494//1055
f 4494//1055 4468//1056 4469//1055
f 4494//1609 4469//1057 4327//1057
f 4327//1057 4469//1057 4329//1057
f 4470//1058 4311//1058 4471//1058
f 4471//1058 4311//1058 4310//1058
f 4471//1059 4310//1059 4472//1059
f 4472//1059 4310//1059 4331//1059
f 4472//1060 4331//1060 4473//1060
f 4473//1060 4331//1060 4332//1060
f 4473//1393 4332//1061 4474//1061
f 4474//1061 4332//1061 4333//1061
f 4474//1062 4333//1062 4475//1646
f 4475//1646 4333//1062 4334//1646
f 4475//1064 4334//1064 4476//1064
f 4476//1064 4334//1064 4335//1064
f 4476//1065 4335//1065 4477//1065
f 4477//1065 4335//1065 4336//1611
f 4477//1612 4336//1612 4478//1066
f 4478//1066 4336//1612 4337//1613
f 4478//1067 4337//1067 4479//1067
f 4479//1067 4337//1067 4338//1067
f 4479//1068 4338//1068 4480//1068
f 4480//1068 4338//1068 4339//1068
f 4480//1370 4339//1370 4481//1370
f 4481//1370 4339//1370 4340//1370
f 4481//1071 4340//1071 4482//1071
f 4482//1071 4340//1071 4341//1071
f 4482//1073 4341//1073 4483//1073
f 4483//1073 4341//1073 4342//1073
f 4483//1557 4342//1557 4344//1557
f 4470//1074 4444//1074 4495//1075
f 4495//1075 4444//1074 4484//1075
f 4495//1076 4484//1076 4496//1077
f 4496//1077 4484//1076 4485//1077
f 4496//1078 4485//1078 4497//1078
f 4497//1078 4485//1078 4486//1078
f 4497//1079 4486//1079 4498//1079
f 4498//1079 4486//1079 4487//1079
f 4498//1080 4487//1080 4499//1080
f 4499//1080 4487//1080 4488//1080
f 4499//1081 4488//1081 4500//1081
f 4500//1081 4488//1081 4489//1081
f 4500//1615 4489//1615 4501//1082
f 4501//1082 4489//1615 4490//1082
f 4501//1083 4490//1083 4502//1084
f 4502//1084 4490//1083 4491//1084
f 4502//1085 4491//1085 4503//1085
f 4503//1085 4491//1085 4492//1085
f 4503//1086 4492//1086 4504//1087
f 4504//1087 4492//1086 4493//1087
f 4504//1088 4493//1088 4505//1089
f 4505//1089 4493//1088 4494//1089
f 4505//1616 4494//1616 4325//1091
f 4325//1091 4494//1616 4327//1091
f 4311//1092 4470//1092 4312//1092
f 4312//1092 4470//1092 4495//1092
f 4312//1093 4495//1093 4313//1093
f 4313//1093 4495//1093 4496//1093
f 4313//1094 4496//1094 4314//1094
f 4314//1094 4496//1094 4497//1094
f 4314//1095 4497//1095 4315//1255
f 4315//1255 4497//1095 4498//1255
f 4315//1096 4498//1096 4316//1096
f 4316//1096 4498//1096 4499//1096
f 4316//1097 4499//1097 4317//1097
f 4317//1097 4499//1097 4500//1097
f 4317//1617 4500//1617 4318//1098
f 4318//1098 4500//1617 4501//1099
f 4318//1100 4501//1100 4319//1100
f 4319//1100 4501//1100 4502//1100
f 4319//1101 4502//1101 4320//1101
f 4320//1101 4502//1101 4503//1101
f 4320//1102 4503//1102 4321//1102
f 4321//1102 4503//1102 4504//1102
f 4321//1103 4504//1103 4322//1103
f 4322//1103 4504//1103 4505//1372
f 4322//1105 4505//1105 4323//1105
f 4323//1105 4505//1105 4325//1105
f 4506//1106 4212//1106 4507//1106
f 4507//1106 4212//1106 4214//1106
f 4507//1107 4214//1107 4508//1107
f 4508//1107 4214//1107 4216//1107
f 4508//1108 4216//1108 4509//1108
f 4509//1108 4216//1108 4218//1108
f 4509//1110 4218//1110 4510//1110
f 4510//1110 4218//1110 4220//1110
f 4510//1111 4220//1111 4511//1111
f 4511//1111 4220//1111 4222//1111
f 4511//1112 4222//1112 4512//1112
f 4512//1112 4222//1112 4224//1112
f 4512//1113 4224//1113 4513//1113
f 4513//1113 4224//1113 4226//1113
f 4513//1114 4226//1114 4514//1114
f 4514//1114 4226//1114 4228//1114
f 4514//1115 4228//1115 4515//1115
f 4515//1115 4228//1115 4230//1115
f 4515//1116 4230//1116 4516//1116
f 4516//1116 4230//1116 4232//1116
f 4516//1117 4232//1117 4517//1117
f 4517//1117 4232//1117 4234//1117
f 4517//1118 4234//1118 4518//1118
f 4518//1118 4234//1118 4236//1118
f 4518//1119 4236//1119 4519//1119
f 4519//1119 4236//1119 4238//1119
f 4519//1120 4238//1120 4520//1120
f 4520//1120 4238//1120 4240//1120
f 4520//1121 4240//1121 4521//1121
f 4521//1121 4240//1121 4242//1121
f 4521//1122 4242//1122 4522//1122
f 4522//1122 4242//1122 4244//1122
f 4522//1123 4244//1123 4523//1123
f 4523//1123 4244//1123 4246//1123
f 4523//1124 4246//1124 4524//1124
f 4524//1124 4246//1124 4248//1124
f 4524//1125 4248//1125 4525//1125
f 4525//1125 4248//1125 4250//1125
f 4525//1127 4250//1127 4526//1127
f 4526//1127 4250//1127 4252//1127
f 4526//1128 4252//1128 4527//1128
f 4527//1128 4252//1128 4254//1128
f 4527//1129 4254//1129 4528//1129
f 4528//1129 4254//1129 4256//1129
f 4528//1130 4256//1618 4529//1130
f 4529//1130 4256//1618 4258//1618
f 4529//1373 4258//1373 4530//1373
f 4530//1373 4258//1373 4260//1373
f 4530//1132 4260//1132 4531//1132
f 4531//1132 4260//1132 4262//1132
f 4531//1133 4262//1133 4532//1133
f 4532//1133 4262//1133 4264//1133
f 4532//1134 4264//1134 4533//1134
f 4533//1134 4264//1134 4266//1134
f 4533//1135 4266//1135 4534//1135
f 4534//1135 4266//1135 4268//1135
f 4534//1137 4268//1137 4535//1137
f 4535//1137 4268//1137 4270//1137
f 4535//1138 4270//1138 4536//1138
f 4536//1138 4270//1138 4272//1138
f 4536//1139 4272//1139 4537//1139
f 4537//1139 4272//1139 4274//1139
f 4537//1140 4274//1140 4538//1140
f 4538//1140 4274//1140 4276//1140
f 4538//1141 4276//1141 4539//1141
f 4539//1141 4276//1141 4278//1141
f 4539//1142 4278//1142 4540//1142
f 4540//1142 4278//1142 4280//1142
f 4540//1143 4280//1143 4541//1143
f 4541//1143 4280//1143 4282//1143
f 4541//1144 4282//1144 4542//1144
f 4542//1144 4282//1144 4284//1144
f 4542//1145 4284//1145 4543//1145
f 4543//1145 4284//1145 4286//1145
f 4543//1146 4286//1146 4544//1146
f 4544//1146 4286//1146 4288//1146
f 4544//1147 4288//1147 4545//1147
f 4545//1147 4288//1147 4290//1147
f 4545//1148 4290//1148 4546//1148
f 4546//1148 4290//1148 4292//1148
f 4546//1149 4292//1149 4547//1149
f 4547//1149 4292//1149 4294//1149
f 4547//1150 4294//1150 4548//1150
f 4548//1150 4294//1150 4296//1150
f 4548//1151 4296//1151 4549//1151
f 4549//1151 4296//1151 4298//1151
f 4549//1152 4298//1152 4550//1152
f 4550//1152 4298//1152 4300//1152
f 4550//1153 4300//1153 4551//1153
f 4551//1153 4300//1153 4302//1153
f 4551//1154 4302//1154 4552//1154
f 4552//1154 4302//1154 4304//1154
f 4552//1155 4304//1155 4553//1155
f 4553//1155 4304//1155 4306//1155
f 4553//1156 4306//1156 4554//1156
f 4554//1156 4306//1156 4308//1156
f 4554//1619 4308//1619 4506//1619
f 4506//1619 4308//1619 4212//1619
f 4555//1647 4556//1647 4557//1647
f 4557//1647 4556//1647 4558//1647
f 4557//1647 4558//1647 4559//1647
f 4559//1648 4558//1649 4560//1648
f 4559//1648 4560//1648 4561//1648
f 4561//1650 4560//1650 4562//1650
f 4561//1650 4562//1650 4563//1650
f 4563//1651 4562//1651 4564//1651
f 4563//1651 4564//1651 4565//1651
f 4565//1652 4564//1652 4566//1652
f 4565//1652 4566//1652 4567//1652
f 4567//1653 4566//1654 4568//1655
f 4567//1653 4568//1655 4569//1656
f 4569//1656 4568//1655 4570//1655
f 4569//1656 4570//1655 4571//1654
f 4571//1654 4570//1655 4572//1653
f 4571//1652 4572//1652 4573//1652
f 4573//1652 4572//1652 4574//1657
f 4573//1651 4574//1651 4575//1651
f 4575//1651 4574//1651 4576//1651
f 4575//1650 4576//1650 4577//1650
f 4577//1650 4576//1650 4578//1650
f 4577//1648 4578//1648 4579//1648
f 4579//1648 4578//1648 4580//1649
f 4579//1647 4580//1658 4581//1647
f 4581//1647 4580//1658 4582//1647
f 4581//1647 4582//1647 4583//1647
f 4583//1648 4582//1648 4584//1648
f 4583//1648 4584//1648 4585//1649
f 4585//1659 4584//1650 4586//1659
f 4585//1659 4586//1659 4587//1650
f 4587//1651 4586//1651 4588//1651
f 4587//1651 4588//1651 4589//1651
f 4589//1652 4588//1652 4590//1652
f 4589//1652 4590//1652 4591//1652
f 4591//1656 4590//1656 4570//1655
f 4591//1656 4570//1655 4592//1655
f 4556//1648 4555//1649 4593//1648
f 4593//1648 4555//1649 4594//1649
f 4593//1650 4594//1650 4595//1650
f 4595//1650 4594//1650 4596//1650
f 4595//1651 4596//1651 4597//1651
f 4597//1651 4596//1651 4598//1651
f 4597//1652 4598//1652 4599//1657
f 4599//1657 4598//1652 4600//1652
f 4599//1655 4600//1655 4568//1655
f 4591//1652 4592//1652 4601//1652
f 4601//1652 4592//1652 4602//1660
f 4601//1651 4602//1661 4603//1651
f 4603//1651 4602//1661 4604//1662
f 4603//1650 4604//1663 4605//1650
f 4605//1650 4604//1663 4606//1659
f 4605//1648 4606//1649 4607//1648
f 4607//1648 4606//1649 4608//1649
f 4607//1647 4608//1647 4581//1647
f 4581//1647 4557//1647 4579//1647
f 4579//1647 4557//1647 4609//1658
f 4579//1648 4609//1648 4577//1648
f 4577//1648 4609//1648 4610//1648
f 4577//1650 4610//1650 4575//1650
f 4575//1650 4610//1650 4611//1650
f 4575//1651 4611//1651 4573//1651
f 4573//1651 4611//1651 4612//1651
f 4573//1652 4612//1657 4571//1652
f 4571//1652 4612//1657 4569//1652
f 4558//1649 4556//1648 4613//1649
f 4613//1649 4556//1648 4593//1648
f 4613//1659 4593//1650 4614//1659
f 4614//1659 4593//1650 4595//1650
f 4614//1651 4595//1651 4615//1651
f 4615//1651 4595//1651 4597//1651
f 4615//1657 4597//1652 4616//1657
f 4616//1657 4597//1652 4599//1657
f 4616//1656 4599//1655 4568//1655
f 4559//1647 4617//1647 4557//1647
f 4557//1647 4617//1647 4618//1647
f 4557//1647 4618//1647 4619//1647
f 4619//1648 4618//1649 4620//1648
f 4619//1648 4620//1648 4621//1649
f 4621//1659 4620//1650 4622//1659
f 4621//1659 4622//1659 4611//1650
f 4611//1651 4622//1651 4612//1651
f 4559//1648 4561//1648 4617//1648
f 4617//1648 4561//1648 4623//1648
f 4617//1648 4623//1648 4618//1649
f 4618//1649 4623//1648 4620//1648
f 4609//1658 4557//1647 4624//1647
f 4624//1647 4557//1647 4619//1647
f 4624//1649 4619//1648 4621//1649
f 4610//1648 4609//1648 4624//1649
f 4610//1648 4624//1649 4621//1649
f 4582//1648 4580//1649 4625//1648
f 4625//1648 4580//1649 4578//1648
f 4625//1650 4578//1650 4626//1650
f 4626//1650 4578//1650 4576//1650
f 4626//1651 4576//1651 4627//1651
f 4627//1651 4576//1651 4574//1651
f 4627//1652 4574//1657 4628//1652
f 4628//1652 4574//1657 4572//1652
f 4628//1654 4572//1653 4570//1655
f 4583//1647 4629//1647 4581//1647
f 4581//1647 4629//1647 4630//1647
f 4581//1647 4630//1647 4631//1647
f 4631//1648 4630//1648 4632//1648
f 4631//1648 4632//1648 4605//1648
f 4605//1650 4632//1650 4603//1650
f 4583//1648 4585//1649 4629//1649
f 4629//1649 4585//1649 4633//1648
f 4629//1649 4633//1648 4630//1648
f 4630//1648 4633//1648 4632//1648
f 4607//1647 4581//1647 4631//1647
f 4605//1648 4607//1648 4631//1648
f 4558//1649 4613//1649 4560//1648
f 4560//1650 4613//1659 4634//1650
f 4560//1650 4634//1650 4562//1650
f 4562//1651 4634//1651 4635//1651
f 4562//1651 4635//1651 4564//1651
f 4564//1652 4635//1652 4636//1652
f 4564//1652 4636//1652 4566//1652
f 4566//1654 4636//1654 4568//1655
f 4634//1650 4613//1659 4614//1659
f 4561//1650 4563//1650 4623//1650
f 4623//1650 4563//1650 4637//1650
f 4623//1650 4637//1650 4620//1650
f 4620//1650 4637//1650 4622//1659
f 4611//1650 4610//1650 4621//1659
f 4582//1648 4625//1648 4584//1648
f 4584//1650 4625//1650 4638//1650
f 4584//1650 4638//1650 4586//1659
f 4586//1651 4638//1651 4639//1651
f 4586//1651 4639//1651 4588//1651
f 4588//1652 4639//1652 4640//1652
f 4588//1652 4640//1652 4590//1652
f 4590//1656 4640//1656 4570//1655
f 4638//1650 4625//1650 4626//1650
f 4585//1659 4587//1650 4633//1650
f 4633//1650 4587//1650 4641//1650
f 4633//1650 4641//1650 4632//1650
f 4632//1650 4641//1650 4603//1650
f 4634//1651 4614//1651 4642//1651
f 4642//1651 4614//1651 4615//1651
f 4642//1657 4615//1657 4643//1652
f 4643//1652 4615//1657 4616//1657
f 4643//1655 4616//1656 4568//1655
f 4563//1651 4565//1651 4637//1651
f 4637//1651 4565//1651 4644//1651
f 4637//1651 4644//1651 4622//1651
f 4622//1651 4644//1651 4612//1651
f 4638//1651 4626//1651 4645//1651
f 4645//1651 4626//1651 4627//1651
f 4645//1652 4627//1652 4646//1652
f 4646//1652 4627//1652 4628//1652
f 4646//1654 4628//1654 4570//1655
f 4601//1651 4603//1651 4641//1651
f 4601//1651 4641//1651 4589//1651
f 4589//1651 4641//1651 4587//1651
f 4634//1651 4642//1651 4635//1651
f 4635//1652 4642//1657 4647//1652
f 4635//1652 4647//1652 4636//1652
f 4636//1654 4647//1664 4568//1655
f 4647//1652 4642//1657 4643//1652
f 4569//1652 4612//1657 4644//1652
f 4569//1652 4644//1652 4567//1652
f 4567//1652 4644//1652 4565//1652
f 4638//1651 4645//1651 4639//1651
f 4639//1652 4645//1652 4648//1652
f 4639//1652 4648//1652 4640//1652
f 4640//1656 4648//1665 4570//1655
f 4648//1652 4645//1652 4646//1652
f 4591//1652 4601//1652 4589//1652
f 4568//1655 4647//1664 4643//1655
f 4570//1655 4648//1665 4646//1654
f 2666//523 4649//523 2665//523
f 2665//523 4649//523 4650//523
f 2665//523 4650//523 2664//523
f 2664//523 4650//523 2712//523
f 2712//523 4650//523 1473//523
f 2712//523 1473//523 1474//523
f 2666//523 2667//523 4649//523
f 4649//523 2667//523 4554//523
f 4649//523 4554//523 4506//523
f 4554//523 2667//523 4553//523
f 4553//523 2667//523 2668//523
f 4553//523 2668//523 2669//523
f 4553//523 2669//523 4552//523
f 4552//523 2669//523 2670//523
f 4552//523 2670//523 4551//523
f 4551//523 2670//523 2671//523
f 4551//523 2671//523 4550//523
f 4550//523 2671//523 2672//523
f 4550//523 2672//523 4549//523
f 4549//523 2672//523 2673//523
f 4549//523 2673//523 4548//523
f 4548//523 2673//523 2674//523
f 4548//523 2674//523 4547//523
f 4547//523 2674//523 2675//523
f 4547//523 2675//523 4546//523
f 4546//523 2675//523 2676//523
f 4546//523 2676//523 4545//523
f 4545//523 2676//523 2677//523
f 4545//523 2677//523 4544//523
f 4544//523 2677//523 4543//523
f 4543//523 2677//523 2678//523
f 4543//523 2678//523 4542//523
f 4542//523 2678//523 2679//523
f 4542//523 2679//523 4541//523
f 4541//523 2679//523 2680//523
f 4541//523 2680//523 4540//523
f 4540//523 2680//523 2681//523
f 4540//523 2681//523 4539//523
f 4539//523 2681//523 2682//523
f 4539//523 2682//523 4538//523
f 4538//523 2682//523 2683//523
f 4538//523 2683//523 2684//523
f 4538//523 2684//523 4537//523
f 4537//523 2684//523 2685//523
f 4537//523 2685//523 4536//523
f 4536//523 2685//523 2234//523
f 4536//523 2234//523 4209//523
f 4209//523 2234//523 2235//523
f 4209//523 2235//523 4208//523
f 4208//523 2235//523 2236//523
f 4208//523 2236//523 4207//523
f 4207//523 2236//523 2237//523
f 4207//523 2237//523 4206//523
f 4206//523 2237//523 2238//523
f 4206//523 2238//523 4205//523
f 4205//523 2238//523 2239//523
f 4205//523 2239//523 4204//523
f 4204//523 2239//523 2240//523
f 4204//523 2240//523 4203//523
f 4203//523 2240//523 2241//523
f 4203//523 2241//523 4202//523
f 4202//523 2241//523 2242//523
f 4202//523 2242//523 4201//523
f 4201//523 2242//523 4200//523
f 4200//523 2242//523 2243//523
f 4200//523 2243//523 4199//523
f 4199//523 2243//523 2244//523
f 4199//523 2244//523 4198//523
f 4198//523 2244//523 2245//523
f 4198//523 2245//523 4197//523
f 4197//523 2245//523 2246//523
f 4197//523 2246//523 4196//523
f 4196//523 2246//523 2247//523
f 4196//523 2247//523 4195//523
f 4195//523 2247//523 2248//523
f 4195//523 2248//523 4194//523
f 4194//523 2248//523 2249//523
f 4194//523 2249//523 4193//523
f 4193//523 2249//523 2250//523
f 4193//523 2250//523 4192//523
f 4192//523 2250//523 2251//523
f 4192//523 2251//523 4191//523
f 4191//523 2251//523 2252//523
f 4191//523 2252//523 2253//523
f 2685//523 2686//523 2234//523
f 2234//523 2686//523 2233//523
f 2233//523 2686//523 2687//523
f 2233//523 2687//523 2232//523
f 2232//523 2687//523 2688//523
f 2232//523 2688//523 2231//523
f 2231//523 2688//523 2689//523
f 2231//523 2689//523 2230//523
f 2230//523 2689//523 2690//523
f 2230//523 2690//523 2229//523
f 2229//523 2690//523 2691//523
f 2229//523 2691//523 2277//523
f 2277//523 2691//523 2692//523
f 2277//523 2692//523 2276//523
f 2276//523 2692//523 2693//523
f 2276//523 2693//523 2275//523
f 2275//523 2693//523 2694//523
f 2275//523 2694//523 716//523
f 716//523 2694//523 1491//523
f 716//523 1491//523 1492//523
f 2694//523 2695//523 1491//523
f 1491//523 2695//523 1490//523
f 1490//523 2695//523 2696//523
f 1490//523 2696//523 1489//523
f 1489//523 2696//523 1488//523
f 1488//523 2696//523 2697//523
f 1488//523 2697//523 1487//523
f 1487//523 2697//523 2698//523
f 1487//523 2698//523 1486//523
f 1486//523 2698//523 2699//523
f 1486//523 2699//523 1485//523
f 1485//523 2699//523 2700//523
f 1485//523 2700//523 1484//523
f 1484//523 2700//523 2701//523
f 1484//523 2701//523 1483//523
f 1483//523 2701//523 2702//523
f 1483//523 2702//523 2703//523
f 1483//523 2703//523 1482//523
f 1482//523 2703//523 2704//523
f 1482//523 2704//523 1481//523
f 1481//523 2704//523 2705//523
f 1481//523 2705//523 1480//523
f 1480//523 2705//523 2706//523
f 1480//523 2706//523 1479//523
f 1479//523 2706//523 2707//523
f 1479//523 2707//523 1478//523
f 1478//523 2707//523 2708//523
f 1478//523 2708//523 1477//523
f 1477//523 2708//523 2709//523
f 1477//523 2709//523 1476//523
f 1476//523 2709//523 2710//523
f 1476//523 2710//523 1475//523
f 1475//523 2710//523 2711//523
f 1475//523 2711//523 1474//523
f 1474//523 2711//523 2712//523
f 713//523 1495//523 712//523
f 712//523 1495//523 1496//523
f 712//523 1496//523 711//523
f 711//523 1496//523 1497//523
f 711//523 1497//523 759//523
f 759//523 1497//523 1498//523
f 759//523 1498//523 758//523
f 758//523 1498//523 1499//523
f 758//523 1499//523 757//523
f 757//523 1499//523 1500//523
f 757//523 1500//523 756//523
f 756//523 1500//523 1501//523
f 756//523 1501//523 755//523
f 755//523 1501//523 1502//523
f 755//523 1502//523 754//523
f 754//523 1502//523 1503//523
f 754//523 1503//523 753//523
f 753//523 1503//523 1504//523
f 753//523 1504//523 752//523
f 752//523 1504//523 1505//523
f 752//523 1505//523 751//523
f 751//523 1505//523 1506//523
f 751//523 1506//523 750//523
f 750//523 1506//523 4651//523
f 750//523 4651//523 4568//523
f 1495//523 713//523 1494//523
f 1494//523 713//523 714//523
f 1494//523 714//523 1493//523
f 1493//523 714//523 715//523
f 1493//523 715//523 1492//523
f 1492//523 715//523 716//523
f 716//523 717//523 2275//523
f 2275//523 717//523 2274//523
f 2274//523 717//523 718//523
f 2274//523 718//523 2273//523
f 2273//523 718//523 719//523
f 2273//523 719//523 2272//523
f 2272//523 719//523 720//523
f 2272//523 720//523 2271//523
f 2271//523 720//523 721//523
f 2271//523 721//523 2270//523
f 2270//523 721//523 722//523
f 2270//523 722//523 2269//523
f 2269//523 722//523 723//523
f 2269//523 723//523 2268//523
f 2268//523 723//523 724//523
f 2268//523 724//523 2267//523
f 2267//523 724//523 2266//523
f 2266//523 724//523 725//523
f 2266//523 725//523 2265//523
f 2265//523 725//523 726//523
f 2265//523 726//523 2264//523
f 2264//523 726//523 727//523
f 2264//523 727//523 2263//523
f 2263//523 727//523 728//523
f 2263//523 728//523 2262//523
f 2262//523 728//523 729//523
f 2262//523 729//523 2261//523
f 2261//523 729//523 730//523
f 2261//523 730//523 2260//523
f 2260//523 730//523 731//523
f 2260//523 731//523 2259//523
f 2259//523 731//523 732//523
f 2259//523 732//523 2258//523
f 2258//523 732//523 733//523
f 2258//523 733//523 2257//523
f 2257//523 733//523 734//523
f 2257//523 734//523 2256//523
f 2256//523 734//523 735//523
f 2256//523 735//523 4557//523
f 4557//523 735//523 736//523
f 4557//523 736//523 737//523
f 737//523 738//523 4557//523
f 4557//523 738//523 739//523
f 4557//523 739//523 740//523
f 4557//523 740//523 4568//523
f 4568//523 740//523 741//523
f 4568//523 741//523 742//523
f 742//523 743//523 4568//523
f 4568//523 743//523 744//523
f 4568//523 744//523 745//523
f 745//523 746//523 4568//523
f 4568//523 746//523 747//523
f 4568//523 747//523 748//523
f 748//523 749//523 4568//523
f 4568//523 749//523 750//523
f 4165//523 4531//523 4164//523
f 4164//523 4531//523 4532//523
f 4164//523 4532//523 4163//523
f 4163//523 4532//523 4533//523
f 4163//523 4533//523 4211//523
f 4211//523 4533//523 4534//523
f 4211//523 4534//523 4210//523
f 4210//523 4534//523 4535//523
f 4210//523 4535//523 4209//523
f 4209//523 4535//523 4536//523
f 4531//523 4165//523 4530//523
f 4530//523 4165//523 4166//523
f 4530//523 4166//523 4529//523
f 4529//523 4166//523 4167//523
f 4529//523 4167//523 4528//523
f 4528//523 4167//523 4168//523
f 4528//523 4168//523 4527//523
f 4527//523 4168//523 4169//523
f 4527//523 4169//523 4526//523
f 4526//523 4169//523 4170//523
f 4526//523 4170//523 4525//523
f 4525//523 4170//523 4171//523
f 4525//523 4171//523 4524//523
f 4524//523 4171//523 4172//523
f 4524//523 4172//523 4523//523
f 4523//523 4172//523 4173//523
f 4523//523 4173//523 4522//523
f 4522//523 4173//523 4174//523
f 4522//523 4174//523 4521//523
f 4521//523 4174//523 4175//523
f 4521//523 4175//523 4652//523
f 4652//523 4175//523 4653//523
f 4653//523 4175//523 4176//523
f 4653//523 4176//523 4177//523
f 4177//523 4178//523 4653//523
f 4653//523 4178//523 4179//523
f 4653//523 4179//523 4180//523
f 4180//523 4181//523 4653//523
f 4653//523 4181//523 4182//523
f 4653//523 4182//523 4183//523
f 4183//523 4184//523 4653//523
f 4653//523 4184//523 4185//523
f 4653//523 4185//523 4654//523
f 4654//523 4185//523 4186//523
f 4654//523 4186//523 4187//523
f 4187//523 4188//523 4654//523
f 4654//523 4188//523 4189//523
f 4654//523 4189//523 4190//523
f 4654//523 4190//523 2253//523
f 2253//523 4190//523 4191//523
f 4568//523 4600//523 4557//523
f 4557//523 4600//523 4598//523
f 4557//523 4598//523 4596//523
f 4596//523 4594//1666 4557//523
f 4557//523 4594//1666 4555//1667
f 2256//523 4557//523 2255//523
f 2255//523 4557//523 4654//523
f 2255//523 4654//523 2254//523
f 2254//523 4654//523 2253//523
f 4655//523 4656//1667 4654//523
f 4654//523 4656//1667 4657//523
f 4654//523 4657//523 4658//1667
f 4658//1667 4659//523 4654//523
f 4654//523 4659//523 4653//523
f 4660//523 4649//523 4652//523
f 4652//523 4649//523 4511//523
f 4652//523 4511//523 4512//523
f 4660//523 4661//523 4649//523
f 4649//523 4661//523 4662//523
f 4649//523 4662//523 4663//1667
f 4663//1667 4664//523 4649//523
f 4665//523 4666//1666 4650//523
f 4650//523 4666//1666 4667//523
f 4650//523 4667//523 4668//1666
f 4668//1666 4669//523 4650//523
f 4650//523 4669//523 4651//523
f 4650//523 4651//523 1516//523
f 1516//523 4651//523 1515//523
f 1515//523 4651//523 1514//523
f 1514//523 4651//523 1513//523
f 1513//523 4651//523 1512//523
f 1512//523 4651//523 1511//523
f 1511//523 4651//523 1510//523
f 1510//523 4651//523 1509//523
f 1509//523 4651//523 1508//523
f 1508//523 4651//523 1507//523
f 1507//523 4651//523 1506//523
f 4506//523 4507//523 4649//523
f 4649//523 4507//523 4508//523
f 4649//523 4508//523 4509//523
f 4509//523 4510//523 4649//523
f 4649//523 4510//523 4511//523
f 4512//523 4513//523 4652//523
f 4652//523 4513//523 4514//523
f 4652//523 4514//523 4515//523
f 4515//523 4516//523 4652//523
f 4652//523 4516//523 4517//523
f 4652//523 4517//523 4518//523
f 4518//523 4519//523 4652//523
f 4652//523 4519//523 4520//523
f 4652//523 4520//523 4521//523
f 1470//523 1471//523 4650//523
f 4650//523 1471//523 1472//523
f 4650//523 1472//523 1473//523
f 1516//523 1517//523 4650//523
f 4650//523 1517//523 1518//523
f 4650//523 1518//523 1470//523
f 4581//1133 4670//1133 4557//1133
f 4557//1133 4670//1133 4654//1133
f 4659//1668 4671//1668 4653//1668
f 4653//1668 4671//1668 4672//1668
f 4653//1668 4672//1668 4673//1669
f 4673//1670 4672//1670 4674//1670
f 4673//1670 4674//1670 4675//1670
f 4675//1671 4674//1671 4676//1671
f 4675//1671 4676//1671 4677//1671
f 4677//1672 4676//1672 4678//1672
f 4677//1672 4678//1672 4679//1672
f 4679//1673 4678//1673 4680//1673
f 4679//1673 4680//1673 4681//1673
f 4681//1674 4680//1674 4654//1675
f 4681//1674 4654//1675 4682//1675
f 4682//1675 4654//1675 4670//1675
f 4682//1675 4670//1675 4683//1674
f 4683//1674 4670//1675 4684//1676
f 4683//1673 4684//1677 4685//1673
f 4685//1673 4684//1677 4686//1677
f 4685//1672 4686//1678 4687//1672
f 4687//1672 4686//1678 4688//1678
f 4687//1671 4688//1679 4689//1671
f 4689//1671 4688//1679 4690//1679
f 4689//1680 4690//1670 4691//1670
f 4691//1670 4690//1670 4692//1670
f 4691//1669 4692//1681 4693//1668
f 4693//1668 4692//1681 4694//1668
f 4693//1668 4694//1668 4695//1668
f 4695//1670 4694//1670 4696//1670
f 4695//1670 4696//1670 4697//1670
f 4697//1679 4696//1679 4698//1679
f 4697//1679 4698//1679 4699//1679
f 4699//1678 4698//1678 4700//1678
f 4699//1678 4700//1678 4701//1678
f 4701//1682 4700//1682 4702//1682
f 4701//1682 4702//1682 4703//1677
f 4703//1675 4702//1675 4670//1675
f 4703//1675 4670//1675 4704//1675
f 4671//1670 4659//1670 4705//1670
f 4705//1670 4659//1670 4658//1670
f 4705//1671 4658//1683 4706//1671
f 4706//1671 4658//1683 4657//1683
f 4706//1672 4657//1684 4707//1672
f 4707//1672 4657//1684 4656//1684
f 4707//1673 4656//1673 4708//1673
f 4708//1673 4656//1673 4655//1673
f 4708//1675 4655//1675 4654//1675
f 4703//1677 4704//1682 4709//1677
f 4709//1677 4704//1682 4710//1682
f 4709//1684 4710//1678 4711//1684
f 4711//1684 4710//1678 4712//1678
f 4711//1679 4712//1679 4713//1679
f 4713//1679 4712//1679 4714//1679
f 4713//1670 4714//1670 4715//1680
f 4715//1680 4714//1670 4716//1670
f 4715//1669 4716//1668 4693//1668
f 4693//1668 4653//1668 4691//1669
f 4691//1669 4653//1668 4717//1685
f 4691//1670 4717//1670 4689//1680
f 4689//1680 4717//1670 4718//1670
f 4689//1671 4718//1671 4687//1671
f 4687//1671 4718//1671 4719//1671
f 4687//1672 4719//1672 4685//1672
f 4685//1672 4719//1672 4720//1672
f 4685//1673 4720//1673 4683//1673
f 4683//1673 4720//1673 4682//1673
f 4672//1670 4671//1670 4721//1670
f 4721//1670 4671//1670 4705//1670
f 4721//1671 4705//1671 4722//1671
f 4722//1671 4705//1671 4706//1671
f 4722//1672 4706//1672 4723//1672
f 4723//1672 4706//1672 4707//1672
f 4723//1673 4707//1673 4724//1673
f 4724//1673 4707//1673 4708//1673
f 4724//1675 4708//1675 4654//1675
f 4673//1669 4725//1686 4653//1668
f 4653//1668 4725//1686 4726//1668
f 4653//1668 4726//1668 4727//1685
f 4727//1670 4726//1670 4728//1670
f 4727//1670 4728//1670 4729//1670
f 4729//1671 4728//1671 4730//1671
f 4729//1671 4730//1671 4719//1671
f 4719//1672 4730//1672 4720//1672
f 4673//1670 4675//1670 4725//1670
f 4725//1670 4675//1670 4731//1670
f 4725//1670 4731//1670 4726//1670
f 4726//1670 4731//1670 4728//1670
f 4717//1685 4653//1668 4732//1686
f 4732//1686 4653//1668 4727//1685
f 4732//1670 4727//1670 4729//1670
f 4718//1670 4717//1670 4732//1670
f 4718//1670 4732//1670 4729//1670
f 4694//1670 4692//1670 4733//1670
f 4733//1670 4692//1670 4690//1670
f 4733//1679 4690//1679 4734//1679
f 4734//1679 4690//1679 4688//1679
f 4734//1678 4688//1678 4735//1678
f 4735//1678 4688//1678 4686//1678
f 4735//1682 4686//1677 4736//1682
f 4736//1682 4686//1677 4684//1677
f 4736//1675 4684//1676 4670//1675
f 4695//1668 4737//1687 4693//1668
f 4693//1668 4737//1687 4738//1668
f 4693//1668 4738//1668 4739//1668
f 4739//1670 4738//1670 4740//1670
f 4739//1670 4740//1670 4713//1670
f 4713//1679 4740//1679 4711//1679
f 4695//1670 4697//1670 4737//1670
f 4737//1670 4697//1670 4741//1680
f 4737//1670 4741//1680 4738//1670
f 4738//1670 4741//1680 4740//1670
f 4715//1669 4693//1668 4739//1668
f 4713//1670 4715//1680 4739//1670
f 4672//1670 4721//1670 4674//1670
f 4674//1671 4721//1671 4742//1671
f 4674//1671 4742//1671 4676//1671
f 4676//1672 4742//1672 4743//1672
f 4676//1672 4743//1672 4678//1672
f 4678//1673 4743//1673 4744//1673
f 4678//1673 4744//1673 4680//1673
f 4680//1674 4744//1674 4654//1675
f 4742//1671 4721//1671 4722//1671
f 4675//1671 4677//1671 4731//1671
f 4731//1671 4677//1671 4745//1671
f 4731//1671 4745//1671 4728//1671
f 4728//1671 4745//1671 4730//1671
f 4719//1671 4718//1671 4729//1671
f 4694//1670 4733//1670 4696//1670
f 4696//1679 4733//1679 4746//1679
f 4696//1679 4746//1679 4698//1679
f 4698//1678 4746//1678 4747//1678
f 4698//1678 4747//1678 4700//1678
f 4700//1682 4747//1682 4748//1682
f 4700//1682 4748//1682 4702//1682
f 4702//1675 4748//1675 4670//1675
f 4746//1679 4733//1679 4734//1679
f 4697//1679 4699//1679 4741//1679
f 4741//1679 4699//1679 4749//1679
f 4741//1679 4749//1679 4740//1679
f 4740//1679 4749//1679 4711//1679
f 4742//1672 4722//1672 4750//1672
f 4750//1672 4722//1672 4723//1672
f 4750//1673 4723//1673 4751//1673
f 4751//1673 4723//1673 4724//1673
f 4751//1675 4724//1675 4654//1675
f 4677//1672 4679//1672 4745//1672
f 4745//1672 4679//1672 4752//1672
f 4745//1672 4752//1672 4730//1672
f 4730//1672 4752//1672 4720//1672
f 4746//1678 4734//1678 4753//1678
f 4753//1678 4734//1678 4735//1678
f 4753//1682 4735//1682 4754//1682
f 4754//1682 4735//1682 4736//1682
f 4754//1675 4736//1675 4670//1675
f 4709//1684 4711//1684 4749//1678
f 4709//1684 4749//1678 4701//1678
f 4701//1678 4749//1678 4699//1678
f 4742//1672 4750//1672 4743//1672
f 4743//1673 4750//1673 4755//1673
f 4743//1673 4755//1673 4744//1673
f 4744//1674 4755//1675 4654//1675
f 4755//1673 4750//1673 4751//1673
f 4682//1673 4720//1673 4752//1673
f 4682//1673 4752//1673 4681//1673
f 4681//1673 4752//1673 4679//1673
f 4746//1678 4753//1678 4747//1678
f 4747//1682 4753//1682 4756//1682
f 4747//1682 4756//1682 4748//1682
f 4748//1675 4756//1675 4670//1675
f 4756//1682 4753//1682 4754//1682
f 4703//1677 4709//1677 4701//1682
f 4654//1675 4755//1675 4751//1675
f 4670//1675 4756//1675 4754//1675
f 4669//1688 4757//1688 4651//1688
f 4651//1688 4757//1688 4758//1688
f 4651//1688 4758//1688 4759//1689
f 4759//1690 4758//1690 4760//1691
f 4759//1690 4760//1691 4761//1691
f 4761//1692 4760//1692 4762//1692
f 4761//1692 4762//1692 4763//1692
f 4763//1693 4762//1693 4764//1693
f 4763//1693 4764//1693 4765//1693
f 4765//1694 4764//1694 4766//1694
f 4765//1694 4766//1694 4767//1694
f 4767//1695 4766//1695 4650//1695
f 4767//1695 4650//1695 4768//1695
f 4768//1695 4650//1695 4769//1695
f 4768//1695 4769//1695 4770//1695
f 4770//1695 4769//1695 4771//1696
f 4770//1694 4771//1697 4772//1694
f 4772//1694 4771//1697 4773//1694
f 4772//1693 4773//1693 4774//1693
f 4774//1693 4773//1693 4775//1693
f 4774//1692 4775//1692 4776//1692
f 4776//1692 4775//1692 4777//1692
f 4776//1690 4777//1690 4778//1690
f 4778//1690 4777//1690 4779//1691
f 4778//1689 4779//1698 4780//1688
f 4780//1688 4779//1698 4781//1688
f 4780//1688 4781//1688 4782//1688
f 4782//1690 4781//1690 4783//1690
f 4782//1690 4783//1690 4784//1690
f 4784//1692 4783//1692 4785//1692
f 4784//1692 4785//1692 4786//1692
f 4786//1699 4785//1693 4787//1699
f 4786//1699 4787//1699 4788//1693
f 4788//1694 4787//1697 4789//1694
f 4788//1694 4789//1694 4790//1694
f 4790//1695 4789//1700 4769//1695
f 4790//1695 4769//1695 4791//1695
f 4757//1690 4669//1690 4792//1690
f 4792//1690 4669//1690 4668//1690
f 4792//1692 4668//1701 4793//1692
f 4793//1692 4668//1701 4667//1702
f 4793//1693 4667//1693 4794//1693
f 4794//1693 4667//1693 4666//1693
f 4794//1697 4666//1697 4795//1697
f 4795//1697 4666//1697 4665//1697
f 4795//1695 4665//1695 4650//1695
f 4790//1694 4791//1694 4796//1694
f 4796//1694 4791//1694 4797//1694
f 4796//1693 4797//1693 4798//1693
f 4798//1693 4797//1693 4799//1693
f 4798//1692 4799//1692 4800//1692
f 4800//1692 4799//1692 4801//1692
f 4800//1690 4801//1690 4802//1690
f 4802//1690 4801//1690 4803//1690
f 4802//1689 4803//1688 4780//1688
f 4780//1688 4651//1688 4778//1689
f 4778//1689 4651//1688 4804//1703
f 4778//1690 4804//1690 4776//1690
f 4776//1690 4804//1690 4805//1691
f 4776//1692 4805//1692 4774//1692
f 4774//1692 4805//1692 4806//1692
f 4774//1693 4806//1699 4772//1693
f 4772//1693 4806//1699 4807//1699
f 4772//1694 4807//1697 4770//1694
f 4770//1694 4807//1697 4768//1697
f 4758//1690 4757//1690 4808//1691
f 4808//1691 4757//1690 4792//1690
f 4808//1692 4792//1692 4809//1692
f 4809//1692 4792//1692 4793//1692
f 4809//1693 4793//1693 4810//1693
f 4810//1693 4793//1693 4794//1693
f 4810//1694 4794//1697 4811//1694
f 4811//1694 4794//1697 4795//1697
f 4811//1695 4795//1695 4650//1695
f 4759//1689 4812//1704 4651//1688
f 4651//1688 4812//1704 4813//1688
f 4651//1688 4813//1688 4814//1703
f 4814//1690 4813//1690 4815//1690
f 4814//1690 4815//1690 4816//1690
f 4816//1692 4815//1692 4817//1692
f 4816//1692 4817//1692 4806//1692
f 4806//1699 4817//1693 4807//1699
f 4759//1690 4761//1691 4812//1690
f 4812//1690 4761//1691 4818//1690
f 4812//1690 4818//1690 4813//1690
f 4813//1690 4818//1690 4815//1690
f 4804//1703 4651//1688 4819//1698
f 4819//1698 4651//1688 4814//1703
f 4819//1690 4814//1690 4816//1690
f 4805//1691 4804//1690 4819//1690
f 4805//1691 4819//1690 4816//1690
f 4781//1690 4779//1691 4820//1690
f 4820//1690 4779//1691 4777//1690
f 4820//1692 4777//1692 4821//1692
f 4821//1692 4777//1692 4775//1692
f 4821//1693 4775//1693 4822//1693
f 4822//1693 4775//1693 4773//1693
f 4822//1694 4773//1694 4823//1694
f 4823//1694 4773//1694 4771//1697
f 4823//1695 4771//1696 4769//1695
f 4782//1688 4824//1705 4780//1688
f 4780//1688 4824//1705 4825//1688
f 4780//1688 4825//1688 4826//1688
f 4826//1690 4825//1690 4827//1690
f 4826//1690 4827//1690 4800//1690
f 4800//1692 4827//1692 4798//1692
f 4782//1690 4784//1690 4824//1690
f 4824//1690 4784//1690 4828//1690
f 4824//1690 4828//1690 4825//1690
f 4825//1690 4828//1690 4827//1690
f 4802//1689 4780//1688 4826//1688
f 4800//1690 4802//1690 4826//1690
f 4758//1690 4808//1691 4760//1691
f 4760//1692 4808//1692 4829//1692
f 4760//1692 4829//1692 4762//1692
f 4762//1693 4829//1699 4830//1693
f 4762//1693 4830//1693 4764//1693
f 4764//1694 4830//1694 4831//1697
f 4764//1694 4831//1697 4766//1694
f 4766//1695 4831//1700 4650//1695
f 4829//1692 4808//1692 4809//1692
f 4761//1692 4763//1692 4818//1692
f 4818//1692 4763//1692 4832//1692
f 4818//1692 4832//1692 4815//1692
f 4815//1692 4832//1692 4817//1692
f 4806//1692 4805//1692 4816//1692
f 4781//1690 4820//1690 4783//1690
f 4783//1692 4820//1692 4833//1692
f 4783//1692 4833//1692 4785//1692
f 4785//1693 4833//1693 4834//1693
f 4785//1693 4834//1693 4787//1699
f 4787//1697 4834//1694 4835//1697
f 4787//1697 4835//1697 4789//1694
f 4789//1700 4835//1695 4769//1695
f 4833//1692 4820//1692 4821//1692
f 4784//1692 4786//1692 4828//1692
f 4828//1692 4786//1692 4836//1692
f 4828//1692 4836//1692 4827//1692
f 4827//1692 4836//1692 4798//1692
f 4829//1699 4809//1693 4837//1699
f 4837//1699 4809//1693 4810//1693
f 4837//1697 4810//1694 4838//1697
f 4838//1697 4810//1694 4811//1694
f 4838//1695 4811//1695 4650//1695
f 4763//1693 4765//1693 4832//1693
f 4832//1693 4765//1693 4839//1693
f 4832//1693 4839//1693 4817//1693
f 4817//1693 4839//1693 4807//1699
f 4833//1693 4821//1693 4840//1693
f 4840//1693 4821//1693 4822//1693
f 4840//1694 4822//1694 4841//1694
f 4841//1694 4822//1694 4823//1694
f 4841//1695 4823//1695 4769//1695
f 4796//1693 4798//1693 4836//1693
f 4796//1693 4836//1693 4788//1693
f 4788//1693 4836//1693 4786//1699
f 4829//1699 4837//1699 4830//1693
f 4830//1694 4837//1697 4842//1694
f 4830//1694 4842//1694 4831//1697
f 4831//1700 4842//1695 4650//1695
f 4842//1694 4837//1697 4838//1697
f 4768//1697 4807//1697 4839//1694
f 4768//1697 4839//1694 4767//1694
f 4767//1694 4839//1694 4765//1694
f 4833//1693 4840//1693 4834//1693
f 4834//1694 4840//1694 4843//1694
f 4834//1694 4843//1694 4835//1697
f 4835//1695 4843//1695 4769//1695
f 4843//1694 4840//1694 4841//1694
f 4790//1694 4796//1694 4788//1694
f 4650//1695 4842//1695 4838//1695
f 4769//1695 4843//1695 4841//1695
f 4650//1706 4649//1706 4769//1706
f 4769//1706 4649//1706 4844//1706
f 4664//1707 4845//1707 4649//1707
f 4649//1707 4845//1707 4846//1707
f 4649//1707 4846//1707 4847//1707
f 4847//1708 4846//1708 4848//1708
f 4847//1708 4848//1708 4849//1708
f 4849//1709 4848//1709 4850//1709
f 4849//1709 4850//1709 4851//1709
f 4851//1710 4850//1710 4852//1710
f 4851//1710 4852//1710 4853//1710
f 4853//1711 4852//1711 4854//1711
f 4853//1711 4854//1711 4855//1711
f 4855//1712 4854//1713 4652//1714
f 4855//1712 4652//1714 4856//1715
f 4856//1715 4652//1714 4857//1714
f 4856//1715 4857//1714 4858//1713
f 4858//1713 4857//1714 4859//1713
f 4858//1711 4859//1711 4860//1716
f 4860//1716 4859//1711 4861//1711
f 4860//1710 4861//1717 4862//1718
f 4862//1718 4861//1717 4863//1717
f 4862//1709 4863//1719 4864//1709
f 4864//1709 4863//1719 4865//1719
f 4864//1708 4865//1720 4866//1708
f 4866//1708 4865//1720 4867//1721
f 4866//1707 4867//1722 4844//1707
f 4844//1707 4867//1722 4868//1707
f 4844//1707 4868//1707 4869//1707
f 4869//1720 4868//1720 4870//1720
f 4869//1720 4870//1720 4871//1720
f 4871//1719 4870//1719 4872//1719
f 4871//1719 4872//1719 4873//1719
f 4873//1717 4872//1717 4874//1717
f 4873//1717 4874//1717 4875//1717
f 4875//1711 4874//1711 4876//1711
f 4875//1711 4876//1711 4877//1711
f 4877//1715 4876//1715 4857//1714
f 4877//1715 4857//1714 4878//1714
f 4845//1708 4664//1708 4879//1708
f 4879//1708 4664//1708 4663//1708
f 4879//1709 4663//1709 4880//1709
f 4880//1709 4663//1709 4662//1709
f 4880//1710 4662//1710 4881//1710
f 4881//1710 4662//1710 4661//1710
f 4881//1711 4661//1711 4882//1716
f 4882//1716 4661//1711 4660//1711
f 4882//1714 4660//1714 4652//1714
f 4877//1711 4878//1711 4883//1711
f 4883//1711 4878//1711 4884//1723
f 4883//1717 4884//1710 4885//1717
f 4885//1717 4884//1710 4886//1724
f 4885//1719 4886//1725 4887//1719
f 4887//1719 4886//1725 4888//1726
f 4887//1720 4888//1721 4889//1720
f 4889//1720 4888//1721 4890//1721
f 4889//1707 4890//1707 4844//1707
f 4844//1707 4649//1707 4866//1707
f 4866//1707 4649//1707 4891//1727
f 4866//1708 4891//1708 4864//1708
f 4864//1708 4891//1708 4892//1708
f 4864//1709 4892//1709 4862//1709
f 4862//1709 4892//1709 4893//1709
f 4862//1718 4893//1710 4860//1710
f 4860//1710 4893//1710 4894//1710
f 4860//1716 4894//1711 4858//1711
f 4858//1711 4894//1711 4856//1711
f 4846//1708 4845//1708 4895//1708
f 4895//1708 4845//1708 4879//1708
f 4895//1709 4879//1709 4896//1709
f 4896//1709 4879//1709 4880//1709
f 4896//1710 4880//1710 4897//1710
f 4897//1710 4880//1710 4881//1710
f 4897//1711 4881//1711 4898//1711
f 4898//1711 4881//1711 4882//1716
f 4898//1715 4882//1714 4652//1714
f 4847//1707 4899//1707 4649//1707
f 4649//1707 4899//1707 4900//1727
f 4649//1707 4900//1727 4901//1727
f 4901//1708 4900//1708 4902//1708
f 4901//1708 4902//1708 4903//1708
f 4903//1709 4902//1709 4904//1709
f 4903//1709 4904//1709 4893//1709
f 4893//1710 4904//1710 4894//1710
f 4847//1708 4849//1708 4899//1708
f 4899//1708 4849//1708 4905//1708
f 4899//1708 4905//1708 4900//1708
f 4900//1708 4905//1708 4902//1708
f 4891//1727 4649//1707 4906//1727
f 4906//1727 4649//1707 4901//1727
f 4906//1708 4901//1708 4903//1708
f 4892//1708 4891//1708 4906//1708
f 4892//1708 4906//1708 4903//1708
f 4868//1720 4867//1721 4907//1720
f 4907//1720 4867//1721 4865//1720
f 4907//1719 4865//1719 4908//1719
f 4908//1719 4865//1719 4863//1719
f 4908//1717 4863//1717 4909//1717
f 4909//1717 4863//1717 4861//1717
f 4909//1711 4861//1711 4910//1711
f 4910//1711 4861//1711 4859//1711
f 4910//1713 4859//1713 4857//1714
f 4869//1707 4911//1707 4844//1707
f 4844//1707 4911//1707 4912//1707
f 4844//1707 4912//1707 4913//1707
f 4913//1721 4912//1720 4914//1721
f 4913//1721 4914//1721 4887//1720
f 4887//1719 4914//1726 4885//1719
f 4869//1720 4871//1720 4911//1720
f 4911//1720 4871//1720 4915//1720
f 4911//1720 4915//1720 4912//1720
f 4912//1720 4915//1720 4914//1721
f 4889//1707 4844//1707 4913//1707
f 4887//1720 4889//1720 4913//1721
f 4846//1708 4895//1708 4848//1708
f 4848//1709 4895//1709 4916//1709
f 4848//1709 4916//1709 4850//1709
f 4850//1710 4916//1710 4917//1710
f 4850//1710 4917//1710 4852//1710
f 4852//1711 4917//1711 4918//1711
f 4852//1711 4918//1711 4854//1711
f 4854//1713 4918//1713 4652//1714
f 4916//1709 4895//1709 4896//1709
f 4849//1709 4851//1709 4905//1709
f 4905//1709 4851//1709 4919//1709
f 4905//1709 4919//1709 4902//1709
f 4902//1709 4919//1709 4904//1709
f 4893//1709 4892//1709 4903//1709
f 4868//1720 4907//1720 4870//1720
f 4870//1719 4907//1719 4920//1719
f 4870//1719 4920//1719 4872//1719
f 4872//1717 4920//1717 4921//1717
f 4872//1717 4921//1717 4874//1717
f 4874//1711 4921//1711 4922//1716
f 4874//1711 4922//1716 4876//1711
f 4876//1715 4922//1715 4857//1714
f 4920//1719 4907//1719 4908//1719
f 4871//1719 4873//1719 4915//1719
f 4915//1719 4873//1719 4923//1726
f 4915//1719 4923//1726 4914//1726
f 4914//1726 4923//1726 4885//1719
f 4916//1710 4896//1710 4924//1710
f 4924//1710 4896//1710 4897//1710
f 4924//1711 4897//1711 4925//1711
f 4925//1711 4897//1711 4898//1711
f 4925//1714 4898//1715 4652//1714
f 4851//1710 4853//1710 4919//1710
f 4919//1710 4853//1710 4926//1710
f 4919//1710 4926//1710 4904//1710
f 4904//1710 4926//1710 4894//1710
f 4920//1717 4908//1717 4927//1717
f 4927//1717 4908//1717 4909//1717
f 4927//1711 4909//1711 4928//1711
f 4928//1711 4909//1711 4910//1711
f 4928//1713 4910//1713 4857//1714
f 4883//1717 4885//1717 4923//1717
f 4883//1717 4923//1717 4875//1717
f 4875//1717 4923//1717 4873//1717
f 4916//1710 4924//1710 4917//1710
f 4917//1711 4924//1711 4929//1711
f 4917//1711 4929//1711 4918//1711
f 4918//1713 4929//1728 4652//1714
f 4929//1711 4924//1711 4925//1711
f 4856//1711 4894//1711 4926//1711
f 4856//1711 4926//1711 4855//1711
f 4855//1711 4926//1711 4853//1711
f 4920//1717 4927//1717 4921//1717
f 4921//1711 4927//1711 4930//1711
f 4921//1711 4930//1711 4922//1716
f 4922//1715 4930//1712 4857//1714
f 4930//1711 4927//1711 4928//1711
f 4877//1711 4883//1711 4875//1711
f 4652//1714 4929//1728 4925//1714
f 4857//1714 4930//1712 4928//1713
f 4693//535 4857//535 4653//535
f 4653//535 4857//535 4652//535
f 1136//523 1155//523 1135//523
f 1135//523 1155//523 1156//523
f 1135//523 1156//523 1134//523
f 1134//523 1156//523 1157//523
f 1134//523 1157//523 1175//523
f 1175//523 1157//523 1158//523
f 1175//523 1158//523 1174//523
f 1174//523 1158//523 1159//523
f 1174//523 1159//523 1173//523
f 1173//523 1159//523 1160//523
f 1173//523 1160//523 1172//523
f 1172//523 1160//523 1161//523
f 1172//523 1161//523 1171//523
f 1171//523 1161//523 1162//523
f 1171//523 1162//523 1170//523
f 1170//523 1162//523 1163//523
f 1170//523 1163//523 1169//523
f 1169//523 1163//523 1164//523
f 1169//523 1164//523 1168//523
f 1168//523 1164//523 1165//523
f 1168//523 1165//523 1167//523
f 1167//523 1165//523 1166//523
f 1155//523 1136//523 1154//523
f 1154//523 1136//523 1137//523
f 1154//523 1137//523 1153//523
f 1153//523 1137//523 1138//523
f 1153//523 1138//523 1152//523
f 1152//523 1138//523 1139//523
f 1152//523 1139//523 1151//523
f 1151//523 1139//523 1140//523
f 1151//523 1140//523 1150//523
f 1150//523 1140//523 1141//523
f 1150//523 1141//523 1149//523
f 1149//523 1141//523 1142//523
f 1149//523 1142//523 1148//523
f 1148//523 1142//523 1143//523
f 1148//523 1143//523 1147//523
f 1147//523 1143//523 1144//523
f 1147//523 1144//523 1146//523
f 1146//523 1144//523 1145//523
f 2997//523 3016//523 2996//523
f 2996//523 3016//523 3017//523
f 2996//523 3017//523 2995//523
f 2995//523 3017//523 3018//523
f 2995//523 3018//523 3036//523
f 3036//523 3018//523 3019//523
f 3036//523 3019//523 3035//523
f 3035//523 3019//523 3020//523
f 3035//523 3020//523 3034//523
f 3034//523 3020//523 3021//523
f 3034//523 3021//523 3033//523
f 3033//523 3021//523 3022//523
f 3033//523 3022//523 3032//523
f 3032//523 3022//523 3023//523
f 3032//523 3023//523 3031//523
f 3031//523 3023//523 3024//523
f 3031//523 3024//523 3030//523
f 3030//523 3024//523 3025//523
f 3030//523 3025//523 3029//523
f 3029//523 3025//523 3026//523
f 3029//523 3026//523 3028//523
f 3028//523 3026//523 3027//523
f 3016//523 2997//523 3015//523
f 3015//523 2997//523 2998//523
f 3015//523 2998//523 3014//523
f 3014//523 2998//523 2999//523
f 3014//523 2999//523 3013//523
f 3013//523 2999//523 3000//523
f 3013//523 3000//523 3012//523
f 3012//523 3000//523 3001//523
f 3012//523 3001//523 3011//523
f 3011//523 3001//523 3002//523
f 3011//523 3002//523 3010//523
f 3010//523 3002//523 3003//523
f 3010//523 3003//523 3009//523
f 3009//523 3003//523 3004//523
f 3009//523 3004//523 3008//523
f 3008//523 3004//523 3005//523
f 3008//523 3005//523 3007//523
f 3007//523 3005//523 3006//523
f 3413//523 3432//523 3412//523
f 3412//523 3432//523 3433//523
f 3412//523 3433//523 3411//523
f 3411//523 3433//523 3434//523
f 3411//523 3434//523 3452//523
f 3452//523 3434//523 3435//523
f 3452//523 3435//523 3451//523
f 3451//523 3435//523 3436//523
f 3451//523 3436//523 3450//523
f 3450//523 3436//523 3437//523
f 3450//523 3437//523 3449//523
f 3449//523 3437//523 3438//523
f 3449//523 3438//523 3448//523
f 3448//523 3438//523 3439//523
f 3448//523 3439//523 3447//523
f 3447//523 3439//523 3440//523
f 3447//523 3440//523 3446//523
f 3446//523 3440//523 3441//523
f 3446//523 3441//523 3445//523
f 3445//523 3441//523 3442//523
f 3445//523 3442//523 3444//523
f 3444//523 3442//523 3443//523
f 3432//523 3413//523 3431//523
f 3431//523 3413//523 3414//523
f 3431//523 3414//523 3430//523
f 3430//523 3414//523 3415//523
f 3430//523 3415//523 3429//523
f 3429//523 3415//523 3416//523
f 3429//523 3416//523 3428//523
f 3428//523 3416//523 3417//523
f 3428//523 3417//523 3427//523
f 3427//523 3417//523 3418//523
f 3427//523 3418//523 3426//523
f 3426//523 3418//523 3419//523
f 3426//523 3419//523 3425//523
f 3425//523 3419//523 3420//523
f 3425//523 3420//523 3424//523
f 3424//523 3420//523 3421//523
f 3424//523 3421//523 3423//523
f 3423//523 3421//523 3422//523
f 377//523 396//523 376//523
f 376//523 396//523 397//523
f 376//523 397//523 375//523
f 375//523 397//523 398//523
f 375//523 398//523 416//523
f 416//523 398//523 399//523
f 416//523 399//523 415//523
f 415//523 399//523 400//523
f 415//523 400//523 414//523
f 414//523 400//523 401//523
f 414//523 401//523 413//523
f 413//523 401//523 402//523
f 413//523 402//523 412//523
f 412//523 402//523 403//523
f 412//523 403//523 411//523
f 411//523 403//523 404//523
f 411//523 404//523 410//523
f 410//523 404//523 405//523
f 410//523 405//523 409//523
f 409//523 405//523 406//523
f 409//523 406//523 408//523
f 408//523 406//523 407//523
f 396//523 377//523 395//523
f 395//523 377//523 378//523
f 395//523 378//523 394//523
f 394//523 378//523 379//523
f 394//523 379//523 393//523
f 393//523 379//523 380//523
f 393//523 380//523 392//523
f 392//523 380//523 381//523
f 392//523 381//523 391//523
f 391//523 381//523 382//523
f 391//523 382//523 390//523
f 390//523 382//523 383//523
f 390//523 383//523 389//523
f 389//523 383//523 384//523
f 389//523 384//523 388//523
f 388//523 384//523 385//523
f 388//523 385//523 387//523
f 387//523 385//523 386//523
f 1895//523 1914//523 1894//523
f 1894//523 1914//523 1915//523
f 1894//523 1915//523 1893//523
f 1893//523 1915//523 1916//523
f 1893//523 1916//523 1934//523
f 1934//523 1916//523 1917//523
f 1934//523 1917//523 1933//523
f 1933//523 1917//523 1918//523
f 1933//523 1918//523 1932//523
f 1932//523 1918//523 1919//523
f 1932//523 1919//523 1931//523
f 1931//523 1919//523 1920//523
f 1931//523 1920//523 1930//523
f 1930//523 1920//523 1921//523
f 1930//523 1921//523 1929//523
f 1929//523 1921//523 1922//523
f 1929//523 1922//523 1928//523
f 1928//523 1922//523 1923//523
f 1928//523 1923//523 1927//523
f 1927//523 1923//523 1924//523
f 1927//523 1924//523 1926//523
f 1926//523 1924//523 1925//523
f 1914//523 1895//523 1913//523
f 1913//523 1895//523 1896//523
f 1913//523 1896//523 1912//523
f 1912//523 1896//523 1897//523
f 1912//523 1897//523 1911//523
f 1911//523 1897//523 1898//523
f 1911//523 1898//523 1910//523
f 1910//523 1898//523 1899//523
f 1910//523 1899//523 1909//523
f 1909//523 1899//523 1900//523
f 1909//523 1900//523 1908//523
f 1908//523 1900//523 1901//523
f 1908//523 1901//523 1907//523
f 1907//523 1901//523 1902//523
f 1907//523 1902//523 1906//523
f 1906//523 1902//523 1903//523
f 1906//523 1903//523 1905//523
f 1905//523 1903//523 1904//523
f 4931//1729 4932//1730 4933//1731
f 4933//1732 4932//1733 4934//1734
f 4933//1732 4934//1734 4935//1735
f 4935//1736 4934//1737 4936//1738
f 4935//1736 4936//1738 4937//1739
f 4937//1740 4936//1741 4938//1742
f 4937//1740 4938//1742 4939//1743
f 4939//1744 4938//1745 4940//1746
f 4939//1744 4940//1746 4941//1747
f 4941//1748 4940//1749 4942//1750
f 4941//1748 4942//1750 4943//1751
f 4943//1752 4942//1753 4944//1754
f 4943//1752 4944//1754 4945//1755
f 4945//1756 4944//1756 4946//1756
f 4945//1757 4946//1758 4947//1757
f 4947//1759 4946//1759 4948//1759
f 4947//1760 4948//1761 4949//1760
f 4949//1762 4948//1762 4950//1762
f 4949//1763 4950//1764 4951//1763
f 4951//1765 4950//1765 4952//1765
f 4951//1766 4952//1767 4953//1766
f 4953//1768 4952//1768 4954//1768
f 4953//1769 4954//1770 4955//1769
f 4955//1771 4954//1771 4956//1771
f 4955//1772 4956//1773 4957//1772
f 4957//1774 4956//1774 4958//1774
f 4957//1775 4958//1776 4959//1775
f 4959//1777 4958//1777 4960//1777
f 4959//1778 4960//1779 4961//1778
f 4961//1780 4960//1780 4962//1780
f 4961//1781 4962//1782 4963//1781
f 4963//1783 4962//1783 4964//1783
f 4963//1784 4964//1785 4965//1784
f 4965//1786 4964//1786 4966//1786
f 4965//1787 4966//1788 4967//1787
f 4967//1789 4966//1789 4968//1789
f 4967//1790 4968//1791 4969//1790
f 4969//1792 4968//1792 4970//1792
f 4969//1793 4970//1794 4971//1793
f 4971//1795 4970//1795 4972//1795
f 4971//1796 4972//1797 4973//1796
f 4973//1798 4972//1798 4974//1798
f 4973//1799 4974//1800 4975//1799
f 4975//1801 4974//1801 4976//1801
f 4975//1802 4976//1803 4977//1802
f 4977//1804 4976//1804 4978//1804
f 4977//1805 4978//1806 4979//1805
f 4979//1807 4978//1807 4980//1807
f 4979//1808 4980//1809 4981//1808
f 4981//1810 4980//1810 4982//1810
f 4981//1811 4982//1812 4983//1811
f 4983//1813 4982//1813 4984//1813
f 4983//1814 4984//1815 4985//1814
f 4985//1816 4984//1816 4986//1816
f 4985//1817 4986//1818 4987//1817
f 4987//1819 4986//1819 4988//1819
f 4987//1820 4988//1821 4989//1820
f 4989//1822 4988//1822 4990//1822
f 4989//1823 4990//1824 4991//1823
f 4991//1825 4990//1825 4992//1825
f 4991//1826 4992//1827 4993//1826
f 4993//1828 4992//1828 4994//1828
f 4993//1829 4994//1830 4995//1829
f 4995//1831 4994//1831 4996//1831
f 4995//1832 4996//1833 4997//1832
f 4997//1834 4996//1834 4998//1834
f 4997//1835 4998//1836 4999//1835
f 4999//1837 4998//1837 5000//1837
f 4999//1838 5000//1839 5001//1838
f 5001//1840 5000//1840 5002//1840
f 5001//1841 5002//1842 5003//1841
f 5003//1843 5002//1843 5004//1843
f 5003//1844 5004//1845 5005//1844
f 5005//1846 5004//1846 5006//1846
f 5005//1847 5006//1848 5007//1847
f 5007//1849 5006//1849 5008//1849
f 5007//1850 5008//1851 5009//1850
f 5009//1852 5008//1852 5010//1852
f 5009//1853 5010//1854 5011//1853
f 5011//1855 5010//1855 5012//1855
f 5011//1856 5012//1857 5013//1856
f 5013//1858 5012//1858 5014//1858
f 5013//1859 5014//1860 5015//1859
f 5015//1861 5014//1861 5016//1861
f 5015//1862 5016//1863 5017//1862
f 5017//1864 5016//1864 5018//1864
f 5017//1865 5018//1866 5019//1865
f 5019//1867 5018//1867 5020//1867
f 5019//1868 5020//1869 5021//1868
f 5021//1870 5020//1870 5022//1870
f 5021//1871 5022//1872 5023//1871
f 5023//1873 5022//1873 5024//1873
f 5023//1874 5024//1875 5025//1874
f 5025//1876 5024//1876 5026//1876
f 5025//1877 5026//1878 5027//1879
f 5027//1879 5026//1878 5028//1880
f 5027//1881 5028//1882 5029//1883
f 5029//1883 5028//1882 5030//1884
f 5029//1885 5030//1886 5031//1887
f 5031//1887 5030//1886 5032//1888
f 5031//1889 5032//1890 5033//1891
f 5033//1891 5032//1890 5034//1892
f 5033//1893 5034//1894 5035//1895
f 5035//1895 5034//1894 4931//1896
f 5035//1897 4931//1729 4933//1731
f 5036//1898 5037//1733 4933//1732
f 4933//1731 5037//1730 5038//1899
f 4933//1731 5038//1899 5035//1897
f 5035//1895 5038//1900 5039//1901
f 5035//1895 5039//1901 5033//1893
f 5033//1891 5039//1902 5040//1903
f 5033//1891 5040//1903 5031//1889
f 5031//1887 5040//1904 5041//1905
f 5031//1887 5041//1905 5029//1885
f 5029//1883 5041//1906 5042//1907
f 5029//1883 5042//1907 5027//1881
f 5027//1879 5042//1908 5043//1909
f 5027//1879 5043//1909 5025//1877
f 5025//1910 5043//1910 5044//1910
f 5025//1874 5044//1911 5023//1874
f 5023//1912 5044//1912 5045//1912
f 5023//1871 5045//1913 5021//1871
f 5021//1914 5045//1914 5046//1914
f 5021//1868 5046//1915 5019//1868
f 5019//1916 5046//1916 5047//1916
f 5019//1865 5047//1917 5017//1865
f 5017//1918 5047//1918 5048//1918
f 5017//1862 5048//1919 5015//1862
f 5015//1920 5048//1920 5049//1920
f 5015//1859 5049//1921 5013//1859
f 5013//1922 5049//1922 5050//1922
f 5013//1856 5050//1923 5011//1856
f 5011//1924 5050//1924 5051//1924
f 5011//1853 5051//1925 5009//1853
f 5009//1926 5051//1926 5052//1926
f 5009//1850 5052//1927 5007//1850
f 5007//1928 5052//1928 5053//1928
f 5007//1847 5053//1929 5005//1847
f 5005//1930 5053//1930 5054//1930
f 5005//1844 5054//1931 5003//1844
f 5003//1932 5054//1932 5055//1932
f 5003//1841 5055//1933 5001//1841
f 5001//1934 5055//1934 5056//1934
f 5001//1838 5056//1935 4999//1838
f 4999//1936 5056//1936 5057//1936
f 4999//1835 5057//1937 4997//1835
f 4997//1938 5057//1938 5058//1938
f 4997//1832 5058//1939 4995//1832
f 4995//1940 5058//1940 5059//1940
f 4995//1829 5059//1941 4993//1829
f 4993//1942 5059//1942 5060//1942
f 4993//1826 5060//1943 4991//1826
f 4991//1944 5060//1944 5061//1944
f 4991//1823 5061//1945 4989//1823
f 4989//1946 5061//1946 5062//1946
f 4989//1820 5062//1947 4987//1820
f 4987//1948 5062//1948 5063//1948
f 4987//1817 5063//1949 4985//1817
f 4985//1950 5063//1950 5064//1950
f 4985//1814 5064//1951 4983//1814
f 4983//1952 5064//1952 5065//1952
f 4983//1811 5065//1953 4981//1811
f 4981//1954 5065//1954 5066//1954
f 4981//1808 5066//1955 4979//1808
f 4979//1956 5066//1956 5067//1956
f 4979//1805 5067//1957 4977//1805
f 4977//1958 5067//1958 5068//1958
f 4977//1802 5068//1959 4975//1802
f 4975//1960 5068//1960 5069//1960
f 4975//1799 5069//1961 4973//1799
f 4973//1962 5069//1962 5070//1962
f 4973//1796 5070//1963 4971//1796
f 4971//1964 5070//1964 5071//1964
f 4971//1793 5071//1965 4969//1793
f 4969//1966 5071//1966 5072//1966
f 4969//1790 5072//1967 4967//1790
f 4967//1968 5072//1968 5073//1968
f 4967//1787 5073//1969 4965//1787
f 4965//1970 5073//1970 5074//1970
f 4965//1784 5074//1971 4963//1784
f 4963//1972 5074//1972 5075//1972
f 4963//1781 5075//1973 4961//1781
f 4961//1974 5075//1974 5076//1974
f 4961//1778 5076//1975 4959//1778
f 4959//1976 5076//1976 5077//1976
f 4959//1775 5077//1977 4957//1775
f 4957//1978 5077//1978 5078//1978
f 4957//1772 5078//1979 4955//1772
f 4955//1980 5078//1980 5079//1980
f 4955//1769 5079//1981 4953//1769
f 4953//1982 5079//1982 5080//1982
f 4953//1766 5080//1983 4951//1766
f 4951//1984 5080//1984 5081//1984
f 4951//1763 5081//1985 4949//1763
f 4949//1986 5081//1986 5082//1986
f 4949//1760 5082//1987 4947//1760
f 4947//1988 5082//1988 5083//1988
f 4947//1757 5083//1989 4945//1757
f 4945//1990 5083//1990 5084//1990
f 4945//1755 5084//1991 4943//1752
f 4943//1752 5084//1991 5085//1992
f 4943//1751 5085//1993 4941//1748
f 4941//1748 5085//1993 5086//1994
f 4941//1747 5086//1995 4939//1744
f 4939//1744 5086//1995 5087//1996
f 4939//1743 5087//1997 4937//1740
f 4937//1740 5087//1997 5088//1998
f 4937//1739 5088//1999 4935//1736
f 4935//1736 5088//1999 5036//2000
f 4935//1735 5036//1898 4933//1732
f 5089//2001 5090//2001 5091//2001
f 5091//2001 5090//2001 5092//2001
f 5091//2002 5092//2002 5093//2002
f 5093//2002 5092//2002 5094//2002
f 5093//2003 5094//2003 5095//2003
f 5095//2003 5094//2003 5096//2003
f 5095//2004 5096//2004 5097//2004
f 5097//2004 5096//2004 5098//2004
f 5097//2005 5098//2005 5099//2005
f 5099//2005 5098//2005 5100//2005
f 5099//2006 5100//2006 5101//2006
f 5101//2006 5100//2006 5102//2006
f 5101//2007 5102//2007 5103//2007
f 5103//2007 5102//2007 5104//2007
f 5103//2008 5104//2008 5105//2008
f 5105//2008 5104//2008 5106//2008
f 5105//2009 5106//2009 5107//2009
f 5107//2009 5106//2009 5108//2009
f 5107//2010 5108//2010 5109//2010
f 5109//2010 5108//2010 5110//2010
f 5109//2011 5110//2011 5111//2011
f 5111//2011 5110//2011 5112//2011
f 5111//2012 5112//2012 5113//2012
f 5113//2012 5112//2012 5114//2012
f 5113//2013 5114//2013 5115//2013
f 5115//2013 5114//2013 5116//2013
f 5115//2014 5116//2014 5117//2014
f 5117//2014 5116//2014 5118//2014
f 5117//2015 5118//2015 5119//2015
f 5119//2015 5118//2015 5120//2015
f 5119//557 5120//557 5121//557
f 5121//557 5120//557 5122//557
f 5121//2016 5122//2016 5123//2016
f 5123//2016 5122//2016 5124//2016
f 5123//2017 5124//2017 5125//2017
f 5125//2017 5124//2017 5126//2017
f 5125//2018 5126//2018 5127//2018
f 5127//2018 5126//2018 5128//2018
f 5127//2019 5128//2019 5129//2019
f 5129//2019 5128//2019 5130//2019
f 5129//2020 5130//2020 5131//2020
f 5131//2020 5130//2020 5132//2020
f 5131//2021 5132//2021 5133//2021
f 5133//2021 5132//2021 5134//2021
f 5133//2022 5134//2022 5135//2022
f 5135//2022 5134//2022 5136//2022
f 5135//2023 5136//2023 5137//2023
f 5137//2023 5136//2023 5138//2023
f 5137//2024 5138//2024 5139//2024
f 5139//2024 5138//2024 5140//2024
f 5139//2025 5140//2025 5141//2025
f 5141//2025 5140//2025 5142//2025
f 5141//2026 5142//2026 5143//2026
f 5143//2026 5142//2026 5144//2026
f 5143//2027 5144//2027 5145//2027
f 5145//2027 5144//2027 5146//2027
f 5145//2028 5146//2028 5147//2028
f 5147//2028 5146//2028 5148//2028
f 5147//2029 5148//2029 5149//2029
f 5149//2029 5148//2029 5150//2029
f 5149//2030 5150//2030 5151//2030
f 5151//2030 5150//2030 5152//2030
f 5151//2031 5152//2031 5153//2031
f 5153//2031 5152//2031 5154//2031
f 5153//2032 5154//2032 5155//2032
f 5155//2032 5154//2032 5156//2032
f 5155//2033 5156//2033 5157//2033
f 5157//2033 5156//2033 5158//2033
f 5157//2034 5158//2034 5159//2034
f 5159//2034 5158//2034 5160//2034
f 5159//2035 5160//2035 5161//2035
f 5161//2035 5160//2035 5162//2035
f 5161//2036 5162//2036 5163//2036
f 5163//2036 5162//2036 5164//2036
f 5163//2037 5164//2037 5165//2037
f 5165//2037 5164//2037 5166//2037
f 5165//2038 5166//2038 5167//2038
f 5167//2038 5166//2038 5168//2038
f 5167//2039 5168//2039 5169//2039
f 5169//2039 5168//2039 5170//2039
f 5169//2040 5170//2040 5171//2040
f 5171//2040 5170//2040 5172//2040
f 5171//2041 5172//2041 5173//2041
f 5173//2041 5172//2041 5174//2041
f 5173//2042 5174//2043 5175//2042
f 5175//2042 5174//2043 5176//2043
f 5175//2044 5176//2044 5177//2044
f 5177//2044 5176//2044 5178//2044
f 5177//535 5178//535 5179//535
f 5179//535 5178//535 5180//535
f 5179//2045 5180//2045 5181//2045
f 5181//2045 5180//2045 5182//2045
f 5181//2046 5182//2046 5183//2046
f 5183//2046 5182//2046 5184//2046
f 5183//2047 5184//2047 5185//2047
f 5185//2047 5184//2047 5186//2047
f 5185//2048 5186//2048 5187//2048
f 5187//2048 5186//2048 5188//2048
f 5187//2049 5188//2049 5189//2049
f 5189//2049 5188//2049 5190//2049
f 5189//2050 5190//2050 5191//2050
f 5191//2050 5190//2050 5192//2050
f 5191//2051 5192//2051 5193//2051
f 5193//2051 5192//2051 5194//2051
f 5193//2052 5194//2052 5195//2052
f 5195//2052 5194//2052 5196//2052
f 5195//2053 5196//2053 5197//2053
f 5197//2053 5196//2053 5198//2053
f 5197//2054 5198//2054 5199//2054
f 5199//2054 5198//2054 5200//2054
f 5199//2055 5200//2055 5201//2055
f 5201//2055 5200//2055 5202//2055
f 5201//2056 5202//2056 5203//2056
f 5203//2056 5202//2056 5204//2056
f 5203//2057 5204//2057 5089//2057
f 5089//2057 5204//2057 5090//2057
f 5205//2002 5094//2002 5206//2002
f 5206//2002 5094//2002 5092//2002
f 5206//2001 5092//2001 5207//2001
f 5207//2001 5092//2001 5090//2001
f 5207//2057 5090//2057 5208//2057
f 5208//2057 5090//2057 5204//2057
f 5208//2056 5204//2056 5209//2056
f 5209//2056 5204//2056 5202//2056
f 5209//2055 5202//2055 5210//2055
f 5210//2055 5202//2055 5200//2055
f 5210//2054 5200//2054 5211//2054
f 5211//2054 5200//2054 5198//2054
f 5211//2053 5198//2053 5212//2053
f 5212//2053 5198//2053 5196//2053
f 5212//2052 5196//2052 5213//2052
f 5213//2052 5196//2052 5194//2052
f 5213//2051 5194//2051 5214//2051
f 5214//2051 5194//2051 5192//2051
f 5214//2050 5192//2050 5215//2050
f 5215//2050 5192//2050 5190//2050
f 5215//2049 5190//2049 5216//2049
f 5216//2049 5190//2049 5188//2049
f 5216//2048 5188//2048 5217//2048
f 5217//2048 5188//2048 5186//2048
f 5217//2047 5186//2047 5218//2047
f 5218//2047 5186//2047 5184//2047
f 5218//2058 5184//2046 5219//2058
f 5219//2058 5184//2046 5182//2046
f 5219//2045 5182//2045 5220//2045
f 5220//2045 5182//2045 5180//2045
f 5220//535 5180//535 5221//535
f 5221//535 5180//535 5178//535
f 5221//2044 5178//2044 5222//2044
f 5222//2044 5178//2044 5176//2044
f 5222//2042 5176//2043 5223//2042
f 5223//2042 5176//2043 5174//2043
f 5223//2041 5174//2041 5224//2041
f 5224//2041 5174//2041 5172//2041
f 5224//2040 5172//2040 5225//2040
f 5225//2040 5172//2040 5170//2040
f 5225//2039 5170//2039 5226//2039
f 5226//2039 5170//2039 5168//2039
f 5226//2038 5168//2038 5227//2038
f 5227//2038 5168//2038 5166//2038
f 5227//2037 5166//2037 5228//2037
f 5228//2037 5166//2037 5164//2037
f 5228//2036 5164//2036 5229//2036
f 5229//2036 5164//2036 5162//2036
f 5229//2035 5162//2035 5230//2035
f 5230//2035 5162//2035 5160//2035
f 5230//2034 5160//2034 5231//2034
f 5231//2034 5160//2034 5158//2034
f 5231//2033 5158//2033 5232//2033
f 5232//2033 5158//2033 5156//2033
f 5232//2032 5156//2032 5233//2032
f 5233//2032 5156//2032 5154//2032
f 5233//2031 5154//2031 5234//2031
f 5234//2031 5154//2031 5152//2031
f 5234//2030 5152//2030 5235//2030
f 5235//2030 5152//2030 5150//2030
f 5235//2029 5150//2029 5236//2029
f 5236//2029 5150//2029 5148//2029
f 5236//2028 5148//2028 5237//2028
f 5237//2028 5148//2028 5146//2028
f 5237//2027 5146//2027 5238//2027
f 5238//2027 5146//2027 5144//2027
f 5238//2026 5144//2026 5239//2026
f 5239//2026 5144//2026 5142//2026
f 5239//2025 5142//2025 5240//2025
f 5240//2025 5142//2025 5140//2025
f 5240//2024 5140//2024 5241//2024
f 5241//2024 5140//2024 5138//2024
f 5241//2023 5138//2023 5242//2023
f 5242//2023 5138//2023 5136//2023
f 5242//2022 5136//2022 5243//2022
f 5243//2022 5136//2022 5134//2022
f 5243//2021 5134//2021 5244//2021
f 5244//2021 5134//2021 5132//2021
f 5244//2020 5132//2020 5245//2020
f 5245//2020 5132//2020 5130//2020
f 5245//2019 5130//2019 5246//2019
f 5246//2019 5130//2019 5128//2019
f 5246//2018 5128//2018 5247//2018
f 5247//2018 5128//2018 5126//2018
f 5247//2017 5126//2017 5248//2017
f 5248//2017 5126//2017 5124//2017
f 5248//2016 5124//2016 5249//2016
f 5249//2016 5124//2016 5122//2016
f 5249//557 5122//557 5250//557
f 5250//557 5122//557 5120//557
f 5250//2015 5120//2015 5251//2015
f 5251//2015 5120//2015 5118//2015
f 5251//2059 5118//2014 5252//2014
f 5252//2014 5118//2014 5116//2014
f 5252//2013 5116//2013 5253//2013
f 5253//2013 5116//2013 5114//2013
f 5253//2012 5114//2012 5254//2012
f 5254//2012 5114//2012 5112//2012
f 5254//2011 5112//2011 5255//2011
f 5255//2011 5112//2011 5110//2011
f 5255//2010 5110//2010 5256//2010
f 5256//2010 5110//2010 5108//2010
f 5256//2009 5108//2009 5257//2009
f 5257//2009 5108//2009 5106//2009
f 5257//2008 5106//2008 5258//2008
f 5258//2008 5106//2008 5104//2008
f 5258//2007 5104//2007 5259//2007
f 5259//2007 5104//2007 5102//2007
f 5259//2006 5102//2006 5260//2006
f 5260//2006 5102//2006 5100//2006
f 5260//2005 5100//2005 5261//2005
f 5261//2005 5100//2005 5098//2005
f 5261//2004 5098//2004 5262//2004
f 5262//2004 5098//2004 5096//2004
f 5262//2003 5096//2003 5205//2003
f 5205//2003 5096//2003 5094//2003
f 4931//2060 5089//2060 4932//2060
f 4932//2060 5089//2060 5091//2060
f 4932//2060 5091//2060 5093//2060
f 5089//2060 4931//2060 5203//2060
f 5203//2060 4931//2060 5034//2060
f 5203//2060 5034//2060 5201//2060
f 5201//2060 5034//2060 5032//2060
f 5201//2060 5032//2060 5199//2060
f 5199//2060 5032//2060 5030//2060
f 5199//2060 5030//2060 5197//2060
f 5197//2060 5030//2060 5028//2060
f 5197//2060 5028//2060 5195//2060
f 5195//2060 5028//2060 5026//2060
f 5195//2060 5026//2060 5193//2060
f 5193//2060 5026//2060 5024//2060
f 5193//2060 5024//2060 5191//2060
f 5191//2060 5024//2060 5022//2060
f 5191//2060 5022//2060 5189//2060
f 5189//2060 5022//2060 5020//2060
f 5189//2060 5020//2060 5187//2060
f 5187//2060 5020//2060 5018//2060
f 5187//2060 5018//2060 5185//2060
f 5185//2060 5018//2060 5016//2060
f 5185//2060 5016//2060 5183//2060
f 5183//2060 5016//2060 5181//2060
f 5181//2060 5016//2060 5014//2060
f 5181//2060 5014//2060 5179//2060
f 5179//2060 5014//2060 5012//2060
f 5179//2060 5012//2060 5177//2060
f 5177//2060 5012//2060 5010//2060
f 5177//2060 5010//2060 5175//2060
f 5175//2060 5010//2060 5008//2060
f 5175//2060 5008//2060 5173//2060
f 5173//2060 5008//2060 5006//2060
f 5173//2060 5006//2060 5171//2060
f 5171//2060 5006//2060 5004//2060
f 5171//2060 5004//2060 5169//2060
f 5169//2060 5004//2060 5002//2060
f 5169//2060 5002//2060 5167//2060
f 5167//2060 5002//2060 5000//2060
f 5167//2060 5000//2060 5165//2060
f 5165//2060 5000//2060 4998//2060
f 5165//2060 4998//2060 5163//2060
f 5163//2060 4998//2060 4996//2060
f 5163//2060 4996//2060 5161//2060
f 5161//2060 4996//2060 5159//2060
f 5159//2060 4996//2060 4994//2060
f 5159//2060 4994//2060 5157//2060
f 5157//2060 4994//2060 4992//2060
f 5157//2060 4992//2060 5155//2060
f 5155//2060 4992//2060 4990//2060
f 5155//2060 4990//2060 5153//2060
f 5153//2060 4990//2060 4988//2060
f 5153//2060 4988//2060 5151//2060
f 5151//2060 4988//2060 4986//2060
f 5151//2060 4986//2060 5149//2060
f 5149//2060 4986//2060 4984//2060
f 5149//2060 4984//2060 5147//2060
f 5147//2060 4984//2060 4982//2060
f 5147//2060 4982//2060 5145//2060
f 5145//2060 4982//2060 4980//2060
f 5145//2060 4980//2060 5143//2060
f 5143//2060 4980//2060 4978//2060
f 5143//2060 4978//2060 5141//2060
f 5141//2060 4978//2060 4976//2060
f 5141//2060 4976//2060 5139//2060
f 5139//2060 4976//2060 4974//2060
f 5139//2060 4974//2060 5137//2060
f 5137//2060 4974//2060 5135//2060
f 5135//2060 4974//2060 4972//2060
f 5135//2060 4972//2060 5133//2060
f 5133//2060 4972//2060 4970//2060
f 5133//2060 4970//2060 5131//2060
f 5131//2060 4970//2060 4968//2060
f 5131//2060 4968//2060 5129//2060
f 5129//2060 4968//2060 4966//2060
f 5129//2060 4966//2060 5127//2060
f 5127//2060 4966//2060 4964//2060
f 5127//2060 4964//2060 5125//2060
f 5125//2060 4964//2060 4962//2060
f 5125//2060 4962//2060 5123//2060
f 5123//2060 4962//2060 4960//2060
f 5123//2060 4960//2060 5121//2060
f 5121//2060 4960//2060 4958//2060
f 5121//2060 4958//2060 5119//2060
f 5119//2060 4958//2060 4956//2060
f 5119//2060 4956//2060 5117//2060
f 5117//2060 4956//2060 4954//2060
f 5117//2060 4954//2060 5115//2060
f 5115//2060 4954//2060 5113//2060
f 5113//2060 4954//2060 4952//2060
f 5113//2060 4952//2060 5111//2060
f 5111//2060 4952//2060 4950//2060
f 5111//2060 4950//2060 5109//2060
f 5109//2060 4950//2060 4948//2060
f 5109//2060 4948//2060 5107//2060
f 5107//2060 4948//2060 4946//2060
f 5107//2060 4946//2060 5105//2060
f 5105//2060 4946//2060 4944//2060
f 5105//2060 4944//2060 5103//2060
f 5103//2060 4944//2060 4942//2060
f 5103//2060 4942//2060 5101//2060
f 5101//2060 4942//2060 4940//2060
f 5101//2060 4940//2060 5099//2060
f 5099//2060 4940//2060 4938//2060
f 5099//2060 4938//2060 5097//2060
f 5097//2060 4938//2060 4936//2060
f 5097//2060 4936//2060 5095//2060
f 5095//2060 4936//2060 4934//2060
f 5095//2060 4934//2060 5093//2060
f 5093//2060 4934//2060 4932//2060
f 5263//2060 5264//2060 5265//2060
f 5265//2060 5264//2060 5266//2060
f 5265//2060 5266//2060 5267//2060
f 5267//2060 5266//2060 5268//2060
f 5268//2060 5266//2060 5269//2060
f 5269//2060 5266//2060 5270//2060
f 5270//2060 5266//2060 5271//2060
f 5270//2060 5271//2060 5272//2060
f 5272//2060 5271//2060 5273//2060
f 5272//2060 5273//2060 5274//2060
f 5274//2060 5273//2060 5275//2060
f 5275//2060 5273//2060 5276//2060
f 5276//2060 5273//2060 5277//2060
f 5277//2060 5273//2060 5278//2060
f 5278//2060 5273//2060 5279//2060
f 5279//2060 5273//2060 5280//2060
f 5280//2060 5273//2060 5281//2060
f 5280//2060 5281//2060 5282//2060
f 5282//2060 5281//2060 5283//2060
f 5283//2060 5281//2060 5284//2060
f 5283//2060 5284//2060 5285//2060
f 5285//2060 5284//2060 5286//2060
f 5286//2060 5284//2060 5287//2060
f 5287//2060 5284//2060 5288//2060
f 5287//2060 5288//2060 5289//2060
f 5289//2060 5288//2060 5290//2060
f 5290//2060 5288//2060 5291//2060
f 5291//2060 5288//2060 5292//2060
f 5292//2060 5288//2060 5293//2060
f 5293//2060 5288//2060 5294//2060
f 5294//2060 5288//2060 5295//2060
f 5295//2060 5288//2060 5296//2060
f 5295//2060 5296//2060 5297//2060
f 5297//2060 5296//2060 5298//2060
f 5297//2060 5298//2060 5299//2060
f 5299//2060 5298//2060 5300//2060
f 5300//2060 5298//2060 5301//2060
f 5301//2060 5298//2060 5302//2060
f 5302//2060 5298//2060 5303//2060
f 5302//2060 5303//2060 5304//2060
f 5304//2060 5303//2060 5305//2060
f 5305//2060 5303//2060 5306//2060
f 5306//2060 5303//2060 5307//2060
f 5307//2060 5303//2060 5308//2060
f 5308//2060 5303//2060 5309//2060
f 5308//2060 5309//2060 5240//2060
f 5240//2060 5309//2060 5239//2060
f 5239//2060 5309//2060 5238//2060
f 5238//2060 5309//2060 5237//2060
f 5237//2060 5309//2060 5236//2060
f 5236//2060 5309//2060 5235//2060
f 5235//2060 5309//2060 5310//2060
f 5235//2060 5310//2060 5234//2060
f 5234//2060 5310//2060 5233//2060
f 5233//2060 5310//2060 5232//2060
f 5232//2060 5310//2060 5231//2060
f 5231//2060 5310//2060 5311//2060
f 5231//2060 5311//2060 5230//2060
f 5230//2060 5311//2060 5312//2060
f 5230//2060 5312//2060 5229//2060
f 5229//2060 5312//2060 5228//2060
f 5228//2060 5312//2060 5227//2060
f 5227//2060 5312//2060 5226//2060
f 5226//2060 5312//2060 5225//2060
f 5225//2060 5312//2060 5224//2060
f 5224//2060 5312//2060 5223//2060
f 5223//2060 5312//2060 5313//2060
f 5223//2060 5313//2060 5222//2060
f 5222//2060 5313//2060 5221//2060
f 5221//2060 5313//2060 5314//2060
f 5221//2060 5314//2060 5220//2060
f 5220//2060 5314//2060 5219//2060
f 5219//2060 5314//2060 5218//2060
f 5218//2060 5314//2060 5315//2060
f 5218//2060 5315//2060 5217//2060
f 5217//2060 5315//2060 5216//2060
f 5216//2060 5315//2060 5215//2060
f 5215//2060 5315//2060 5214//2060
f 5214//2060 5315//2060 5213//2060
f 5213//2060 5315//2060 5212//2060
f 5212//2060 5315//2060 5211//2060
f 5211//2060 5315//2060 5316//2060
f 5211//2060 5316//2060 5210//2060
f 5210//2060 5316//2060 5317//2060
f 5210//2060 5317//2060 5209//2060
f 5209//2060 5317//2060 5208//2060
f 5208//2060 5317//2060 5207//2060
f 5207//2060 5317//2060 5206//2060
f 5206//2060 5317//2060 5318//2060
f 5206//2060 5318//2060 5205//2060
f 5205//2060 5318//2060 5262//2060
f 5262//2060 5318//2060 5261//2060
f 5261//2060 5318//2060 5260//2060
f 5260//2060 5318//2060 5259//2060
f 5259//2060 5318//2060 5319//2060
f 5259//2060 5319//2060 5320//2060
f 5263//2060 5321//2060 5264//2060
f 5264//2060 5321//2060 5322//2060
f 5264//2060 5322//2060 5323//2060
f 5323//2060 5319//2060 5264//2060
f 5264//2060 5319//2060 5318//2060
f 5259//2060 5320//2060 5258//2060
f 5258//2060 5320//2060 5324//2060
f 5258//2060 5324//2060 5257//2060
f 5257//2060 5324//2060 5325//2060
f 5257//2060 5325//2060 5256//2060
f 5256//2060 5325//2060 5326//2060
f 5256//2060 5326//2060 5255//2060
f 5255//2060 5326//2060 5327//2060
f 5255//2060 5327//2060 5254//2060
f 5254//2060 5327//2060 5328//2060
f 5254//2060 5328//2060 5253//2060
f 5253//2060 5328//2060 5329//2060
f 5253//2060 5329//2060 5252//2060
f 5252//2060 5329//2060 5330//2060
f 5252//2060 5330//2060 5251//2060
f 5251//2060 5330//2060 5331//2060
f 5251//2060 5331//2060 5250//2060
f 5250//2060 5331//2060 5332//2060
f 5250//2060 5332//2060 5249//2060
f 5249//2060 5332//2060 5333//2060
f 5249//2060 5333//2060 5248//2060
f 5248//2060 5333//2060 5334//2060
f 5248//2060 5334//2060 5247//2060
f 5247//2060 5334//2060 5335//2060
f 5247//2060 5335//2060 5246//2060
f 5246//2060 5335//2060 5336//2060
f 5246//2060 5336//2060 5245//2060
f 5245//2060 5336//2060 5244//2060
f 5244//2060 5336//2060 5337//2060
f 5244//2060 5337//2060 5243//2060
f 5243//2060 5337//2060 5338//2060
f 5243//2060 5338//2060 5242//2060
f 5242//2060 5338//2060 5339//2060
f 5242//2060 5339//2060 5241//2060
f 5241//2060 5339//2060 5340//2060
f 5241//2060 5340//2060 5308//2060
f 5341//2060 5311//2060 5342//2060
f 5342//2060 5311//2060 5343//2060
f 5342//2060 5343//2060 5344//2060
f 5345//2060 5346//2060 5316//2060
f 5316//2060 5346//2060 5347//2060
f 5316//2060 5347//2060 5317//2060
f 5346//2060 5348//2060 5347//2060
f 5349//2060 5350//2060 5317//2060
f 5317//2060 5350//2060 5318//2060
f 5351//2060 5352//2060 5264//2060
f 5264//2060 5352//2060 5266//2060
f 5266//2060 5353//2060 5271//2060
f 5271//2060 5353//2060 5354//2060
f 5271//2060 5354//2060 5355//2060
f 5353//2060 5356//2060 5354//2060
f 5357//2060 5358//2060 5296//2060
f 5296//2060 5358//2060 5359//2060
f 5296//2060 5359//2060 5298//2060
f 5358//2060 5360//2060 5359//2060
f 5361//2060 5362//2060 5298//2060
f 5298//2060 5362//2060 5303//2060
f 5363//2060 5364//2060 5309//2060
f 5309//2060 5364//2060 5310//2060
f 5310//2060 5343//2060 5311//2060
f 5240//2060 5241//2060 5308//2060
f 5365//1729 5366//1730 5367//1731
f 5367//2061 5366//1733 5368//1734
f 5367//2061 5368//1734 5369//1735
f 5369//1736 5368//1737 5370//2062
f 5369//1736 5370//2062 5371//1739
f 5371//1740 5370//1741 5372//1742
f 5371//1740 5372//1742 5373//1743
f 5373//1744 5372//1745 5374//1746
f 5373//1744 5374//1746 5375//1747
f 5375//1748 5374//1749 5376//1750
f 5375//1748 5376//1750 5377//1751
f 5377//1752 5376//1753 5378//1754
f 5377//1752 5378//1754 5379//2063
f 5379//1756 5378//1756 5380//1756
f 5379//2064 5380//2065 5381//2064
f 5381//1759 5380//1759 5382//1759
f 5381//1760 5382//1761 5383//1760
f 5383//1762 5382//1762 5384//1762
f 5383//1763 5384//1764 5385//1763
f 5385//1765 5384//1765 5386//1765
f 5385//1766 5386//1767 5387//1766
f 5387//1768 5386//1768 5388//1768
f 5387//1769 5388//1770 5389//1769
f 5389//1771 5388//1771 5390//1771
f 5389//1772 5390//1773 5391//1772
f 5391//1774 5390//1774 5392//1774
f 5391//1775 5392//1776 5393//1775
f 5393//1777 5392//1777 5394//1777
f 5393//1778 5394//1779 5395//1778
f 5395//1780 5394//1780 5396//1780
f 5395//1781 5396//1782 5397//1781
f 5397//1783 5396//1783 5398//1783
f 5397//1784 5398//1785 5399//1784
f 5399//1786 5398//1786 5400//1786
f 5399//1787 5400//1788 5401//1787
f 5401//1789 5400//1789 5402//1789
f 5401//1790 5402//1791 5403//1790
f 5403//1792 5402//1792 5404//1792
f 5403//1793 5404//1794 5405//1793
f 5405//1795 5404//1795 5406//1795
f 5405//2066 5406//2067 5407//2066
f 5407//1798 5406//1798 5408//1798
f 5407//1799 5408//1800 5409//1799
f 5409//1801 5408//1801 5410//1801
f 5409//1802 5410//1803 5411//1802
f 5411//1804 5410//1804 5412//1804
f 5411//1805 5412//1806 5413//1805
f 5413//1807 5412//1807 5414//1807
f 5413//1808 5414//1809 5415//1808
f 5415//1810 5414//1810 5416//1810
f 5415//1811 5416//1812 5417//1811
f 5417//1813 5416//1813 5418//1813
f 5417//1814 5418//1815 5419//1814
f 5419//1816 5418//1816 5420//1816
f 5419//1817 5420//1818 5421//1817
f 5421//1819 5420//1819 5422//1819
f 5421//1820 5422//1821 5423//1820
f 5423//1822 5422//1822 5424//1822
f 5423//1823 5424//1824 5425//1823
f 5425//1825 5424//1825 5426//1825
f 5425//1826 5426//1827 5427//1826
f 5427//1828 5426//1828 5428//1828
f 5427//1829 5428//1830 5429//1829
f 5429//1831 5428//1831 5430//1831
f 5429//1832 5430//1833 5431//1832
f 5431//1834 5430//1834 5432//1834
f 5431//1835 5432//1836 5433//1835
f 5433//1837 5432//1837 5434//1837
f 5433//1838 5434//1839 5435//1838
f 5435//1840 5434//1840 5436//1840
f 5435//1841 5436//1842 5437//1841
f 5437//1843 5436//1843 5438//1843
f 5437//1844 5438//1845 5439//1844
f 5439//1846 5438//1846 5440//1846
f 5439//1847 5440//1848 5441//1847
f 5441//1849 5440//1849 5442//1849
f 5441//1850 5442//1851 5443//1850
f 5443//1852 5442//1852 5444//1852
f 5443//1853 5444//1854 5445//1853
f 5445//1855 5444//1855 5446//1855
f 5445//1856 5446//1857 5447//1856
f 5447//1858 5446//1858 5448//1858
f 5447//1859 5448//1860 5449//1859
f 5449//1861 5448//1861 5450//1861
f 5449//1862 5450//1863 5451//1862
f 5451//1864 5450//1864 5452//1864
f 5451//1865 5452//1866 5453//1865
f 5453//1867 5452//1867 5454//1867
f 5453//1868 5454//1869 5455//1868
f 5455//1870 5454//1870 5456//1870
f 5455//1871 5456//1872 5457//1871
f 5457//1873 5456//1873 5458//1873
f 5457//1874 5458//1875 5459//1874
f 5459//1876 5458//1876 5460//1876
f 5459//2068 5460//1878 5461//1879
f 5461//1879 5460//1878 5462//1880
f 5461//1881 5462//1882 5463//1883
f 5463//1883 5462//1882 5464//1884
f 5463//1885 5464//1886 5465//2069
f 5465//2069 5464//1886 5466//1888
f 5465//1889 5466//1890 5467//2070
f 5467//2070 5466//1890 5468//1892
f 5467//1893 5468//2071 5469//2072
f 5469//2072 5468//2071 5365//1896
f 5469//1897 5365//1729 5367//1731
f 5470//1898 5471//1733 5367//2061
f 5367//1731 5471//1730 5472//1899
f 5367//1731 5472//1899 5469//1897
f 5469//2072 5472//1900 5473//1901
f 5469//2072 5473//1901 5467//1893
f 5467//2070 5473//1902 5474//1903
f 5467//2070 5474//1903 5465//1889
f 5465//2069 5474//2073 5475//1905
f 5465//2069 5475//1905 5463//1885
f 5463//1883 5475//1906 5476//1907
f 5463//1883 5476//1907 5461//1881
f 5461//1879 5476//1908 5477//1909
f 5461//1879 5477//1909 5459//2068
f 5459//1910 5477//1910 5478//1910
f 5459//1874 5478//1911 5457//1874
f 5457//1912 5478//1912 5479//1912
f 5457//1871 5479//1913 5455//1871
f 5455//1914 5479//1914 5480//1914
f 5455//1868 5480//1915 5453//1868
f 5453//1916 5480//1916 5481//1916
f 5453//1865 5481//1917 5451//1865
f 5451//1918 5481//1918 5482//1918
f 5451//1862 5482//1919 5449//1862
f 5449//1920 5482//1920 5483//1920
f 5449//1859 5483//1921 5447//1859
f 5447//1922 5483//1922 5484//1922
f 5447//1856 5484//1923 5445//1856
f 5445//1924 5484//1924 5485//1924
f 5445//1853 5485//1925 5443//1853
f 5443//2074 5485//2074 5486//2074
f 5443//1850 5486//1927 5441//1850
f 5441//1928 5486//1928 5487//1928
f 5441//1847 5487//1929 5439//1847
f 5439//1930 5487//1930 5488//1930
f 5439//1844 5488//1931 5437//1844
f 5437//1932 5488//1932 5489//1932
f 5437//1841 5489//1933 5435//1841
f 5435//1934 5489//1934 5490//1934
f 5435//1838 5490//1935 5433//1838
f 5433//1936 5490//1936 5491//1936
f 5433//1835 5491//1937 5431//1835
f 5431//1938 5491//1938 5492//1938
f 5431//1832 5492//1939 5429//1832
f 5429//1940 5492//1940 5493//1940
f 5429//1829 5493//1941 5427//1829
f 5427//1942 5493//1942 5494//1942
f 5427//1826 5494//1943 5425//1826
f 5425//1944 5494//1944 5495//1944
f 5425//1823 5495//1945 5423//1823
f 5423//1946 5495//1946 5496//1946
f 5423//1820 5496//1947 5421//1820
f 5421//1948 5496//1948 5497//1948
f 5421//1817 5497//1949 5419//1817
f 5419//1950 5497//1950 5498//1950
f 5419//1814 5498//1951 5417//1814
f 5417//1952 5498//1952 5499//1952
f 5417//1811 5499//1953 5415//1811
f 5415//1954 5499//1954 5500//1954
f 5415//1808 5500//1955 5413//1808
f 5413//1956 5500//1956 5501//1956
f 5413//1805 5501//1957 5411//1805
f 5411//1958 5501//1958 5502//1958
f 5411//1802 5502//1959 5409//1802
f 5409//2075 5502//2075 5503//2075
f 5409//1799 5503//1961 5407//1799
f 5407//1962 5503//1962 5504//1962
f 5407//2066 5504//2076 5405//2066
f 5405//1964 5504//1964 5505//1964
f 5405//1793 5505//1965 5403//1793
f 5403//1966 5505//1966 5506//1966
f 5403//1790 5506//1967 5401//1790
f 5401//1968 5506//1968 5507//1968
f 5401//1787 5507//1969 5399//1787
f 5399//2077 5507//2077 5508//2077
f 5399//1784 5508//1971 5397//1784
f 5397//1972 5508//1972 5509//1972
f 5397//1781 5509//1973 5395//1781
f 5395//2078 5509//2078 5510//2078
f 5395//1778 5510//1975 5393//1778
f 5393//2079 5510//2079 5511//2079
f 5393//1775 5511//1977 5391//1775
f 5391//1978 5511//1978 5512//1978
f 5391//1772 5512//1979 5389//1772
f 5389//1980 5512//1980 5513//1980
f 5389//1769 5513//1981 5387//1769
f 5387//1982 5513//1982 5514//1982
f 5387//1766 5514//1983 5385//1766
f 5385//1984 5514//1984 5515//1984
f 5385//1763 5515//1985 5383//1763
f 5383//1986 5515//1986 5516//1986
f 5383//1760 5516//1987 5381//1760
f 5381//1988 5516//1988 5517//1988
f 5381//2064 5517//2080 5379//2064
f 5379//1990 5517//1990 5518//1990
f 5379//2063 5518//1991 5377//1752
f 5377//1752 5518//1991 5519//1992
f 5377//1751 5519//1993 5375//1748
f 5375//1748 5519//1993 5520//1994
f 5375//1747 5520//1995 5373//1744
f 5373//1744 5520//1995 5521//1996
f 5373//1743 5521//1997 5371//1740
f 5371//1740 5521//1997 5522//1998
f 5371//1739 5522//2081 5369//1736
f 5369//1736 5522//2081 5470//2000
f 5369//1735 5470//1898 5367//2061
f 5523//2001 5524//2001 5525//2001
f 5525//2001 5524//2001 5526//2001
f 5525//2002 5526//2002 5527//2002
f 5527//2002 5526//2002 5528//2002
f 5527//2003 5528//2003 5529//2003
f 5529//2003 5528//2003 5530//2003
f 5529//2004 5530//2004 5531//2004
f 5531//2004 5530//2004 5532//2004
f 5531//2005 5532//2005 5533//2005
f 5533//2005 5532//2005 5534//2005
f 5533//2006 5534//2006 5535//2006
f 5535//2006 5534//2006 5536//2006
f 5535//2007 5536//2007 5537//2007
f 5537//2007 5536//2007 5538//2007
f 5537//2008 5538//2008 5539//2008
f 5539//2008 5538//2008 5540//2008
f 5539//2009 5540//2009 5541//2009
f 5541//2009 5540//2009 5542//2009
f 5541//2010 5542//2010 5543//2010
f 5543//2010 5542//2010 5544//2010
f 5543//2011 5544//2011 5545//2011
f 5545//2011 5544//2011 5546//2011
f 5545//2012 5546//2012 5547//2012
f 5547//2012 5546//2012 5548//2012
f 5547//2013 5548//2013 5549//2013
f 5549//2013 5548//2013 5550//2013
f 5549//2014 5550//2059 5551//2014
f 5551//2014 5550//2059 5552//2059
f 5551//2015 5552//2015 5553//2015
f 5553//2015 5552//2015 5554//2015
f 5553//557 5554//557 5555//557
f 5555//557 5554//557 5556//557
f 5555//2016 5556//2016 5557//2016
f 5557//2016 5556//2016 5558//2016
f 5557//2082 5558//2082 5559//2082
f 5559//2082 5558//2082 5560//2082
f 5559//2018 5560//2018 5561//2018
f 5561//2018 5560//2018 5562//2018
f 5561//2019 5562//2019 5563//2019
f 5563//2019 5562//2019 5564//2019
f 5563//2020 5564//2020 5565//2020
f 5565//2020 5564//2020 5566//2020
f 5565//2021 5566//2021 5567//2021
f 5567//2021 5566//2021 5568//2021
f 5567//2022 5568//2022 5569//2022
f 5569//2022 5568//2022 5570//2022
f 5569//2023 5570//2023 5571//2023
f 5571//2023 5570//2023 5572//2023
f 5571//2024 5572//2024 5573//2024
f 5573//2024 5572//2024 5574//2024
f 5573//2025 5574//2025 5575//2025
f 5575//2025 5574//2025 5576//2025
f 5575//2026 5576//2026 5577//2026
f 5577//2026 5576//2026 5578//2026
f 5577//2027 5578//2027 5579//2027
f 5579//2027 5578//2027 5580//2027
f 5579//2028 5580//2028 5581//2028
f 5581//2028 5580//2028 5582//2028
f 5581//2029 5582//2029 5583//2029
f 5583//2029 5582//2029 5584//2029
f 5583//2030 5584//2030 5585//2030
f 5585//2030 5584//2030 5586//2030
f 5585//2031 5586//2031 5587//2031
f 5587//2031 5586//2031 5588//2031
f 5587//2032 5588//2032 5589//2032
f 5589//2032 5588//2032 5590//2032
f 5589//2033 5590//2033 5591//2033
f 5591//2033 5590//2033 5592//2033
f 5591//2034 5592//2034 5593//2034
f 5593//2034 5592//2034 5594//2034
f 5593//2035 5594//2035 5595//2035
f 5595//2035 5594//2035 5596//2035
f 5595//2036 5596//2036 5597//2036
f 5597//2036 5596//2036 5598//2036
f 5597//2037 5598//2037 5599//2037
f 5599//2037 5598//2037 5600//2037
f 5599//2038 5600//2038 5601//2038
f 5601//2038 5600//2038 5602//2038
f 5601//2039 5602//2039 5603//2039
f 5603//2039 5602//2039 5604//2039
f 5603//2040 5604//2040 5605//2040
f 5605//2040 5604//2040 5606//2040
f 5605//2041 5606//2041 5607//2041
f 5607//2041 5606//2041 5608//2041
f 5607//2043 5608//2043 5609//2043
f 5609//2043 5608//2043 5610//2043
f 5609//2044 5610//2044 5611//2044
f 5611//2044 5610//2044 5612//2044
f 5611//535 5612//535 5613//535
f 5613//535 5612//535 5614//535
f 5613//2045 5614//2045 5615//2045
f 5615//2045 5614//2045 5616//2045
f 5615//2058 5616//2058 5617//2058
f 5617//2058 5616//2058 5618//2058
f 5617//2047 5618//2047 5619//2047
f 5619//2047 5618//2047 5620//2047
f 5619//2048 5620//2048 5621//2048
f 5621//2048 5620//2048 5622//2048
f 5621//2049 5622//2049 5623//2049
f 5623//2049 5622//2049 5624//2049
f 5623//2050 5624//2050 5625//2050
f 5625//2050 5624//2050 5626//2050
f 5625//2051 5626//2051 5627//2051
f 5627//2051 5626//2051 5628//2051
f 5627//2052 5628//2052 5629//2052
f 5629//2052 5628//2052 5630//2052
f 5629//2053 5630//2053 5631//2053
f 5631//2053 5630//2053 5632//2053
f 5631//2054 5632//2054 5633//2054
f 5633//2054 5632//2054 5634//2054
f 5633//2055 5634//2055 5635//2055
f 5635//2055 5634//2055 5636//2055
f 5635//2056 5636//2056 5637//2056
f 5637//2056 5636//2056 5638//2056
f 5637//2057 5638//2057 5523//2057
f 5523//2057 5638//2057 5524//2057
f 5267//2002 5528//2002 5265//2002
f 5265//2002 5528//2002 5526//2002
f 5265//2001 5526//2001 5263//2001
f 5263//2001 5526//2001 5524//2001
f 5263//2057 5524//2057 5321//2057
f 5321//2057 5524//2057 5638//2057
f 5321//2056 5638//2056 5322//2056
f 5322//2056 5638//2056 5636//2056
f 5322//2055 5636//2055 5323//2055
f 5323//2055 5636//2055 5634//2055
f 5323//2054 5634//2054 5319//2054
f 5319//2054 5634//2054 5632//2054
f 5319//2053 5632//2053 5320//2053
f 5320//2053 5632//2053 5630//2053
f 5320//2052 5630//2052 5324//2052
f 5324//2052 5630//2052 5628//2052
f 5324//2051 5628//2051 5325//2051
f 5325//2051 5628//2051 5626//2051
f 5325//2050 5626//2050 5326//2050
f 5326//2050 5626//2050 5624//2050
f 5326//2049 5624//2049 5327//2049
f 5327//2049 5624//2049 5622//2049
f 5327//2048 5622//2048 5328//2048
f 5328//2048 5622//2048 5620//2048
f 5328//2047 5620//2047 5329//2047
f 5329//2047 5620//2047 5618//2047
f 5329//2058 5618//2058 5330//2058
f 5330//2058 5618//2058 5616//2058
f 5330//2045 5616//2045 5331//2045
f 5331//2045 5616//2045 5614//2045
f 5331//535 5614//535 5332//535
f 5332//535 5614//535 5612//535
f 5332//2044 5612//2044 5333//2044
f 5333//2044 5612//2044 5610//2044
f 5333//2042 5610//2043 5334//2042
f 5334//2042 5610//2043 5608//2043
f 5334//2041 5608//2041 5335//2041
f 5335//2041 5608//2041 5606//2041
f 5335//2040 5606//2040 5336//2040
f 5336//2040 5606//2040 5604//2040
f 5336//2039 5604//2039 5337//2039
f 5337//2039 5604//2039 5602//2039
f 5337//2038 5602//2038 5338//2038
f 5338//2038 5602//2038 5600//2038
f 5338//2037 5600//2037 5339//2037
f 5339//2037 5600//2037 5598//2037
f 5339//2036 5598//2036 5340//2036
f 5340//2036 5598//2036 5596//2036
f 5340//2035 5596//2035 5308//2035
f 5308//2035 5596//2035 5594//2035
f 5308//2034 5594//2034 5307//2034
f 5307//2034 5594//2034 5592//2034
f 5307//2033 5592//2033 5306//2033
f 5306//2033 5592//2033 5590//2033
f 5306//2032 5590//2032 5305//2032
f 5305//2032 5590//2032 5588//2032
f 5305//2031 5588//2031 5304//2031
f 5304//2031 5588//2031 5586//2031
f 5304//2030 5586//2030 5302//2030
f 5302//2030 5586//2030 5584//2030
f 5302//2029 5584//2029 5301//2029
f 5301//2029 5584//2029 5582//2029
f 5301//2028 5582//2028 5300//2028
f 5300//2028 5582//2028 5580//2028
f 5300//2027 5580//2027 5299//2027
f 5299//2027 5580//2027 5578//2027
f 5299//2026 5578//2026 5297//2026
f 5297//2026 5578//2026 5576//2026
f 5297//2025 5576//2025 5295//2025
f 5295//2025 5576//2025 5574//2025
f 5295//2024 5574//2024 5294//2024
f 5294//2024 5574//2024 5572//2024
f 5294//2023 5572//2023 5293//2023
f 5293//2023 5572//2023 5570//2023
f 5293//2022 5570//2022 5292//2022
f 5292//2022 5570//2022 5568//2022
f 5292//2021 5568//2021 5291//2021
f 5291//2021 5568//2021 5566//2021
f 5291//2020 5566//2020 5290//2020
f 5290//2020 5566//2020 5564//2020
f 5290//2019 5564//2019 5289//2019
f 5289//2019 5564//2019 5562//2019
f 5289//2018 5562//2018 5287//2018
f 5287//2018 5562//2018 5560//2018
f 5287//2082 5560//2082 5286//2082
f 5286//2082 5560//2082 5558//2082
f 5286//2016 5558//2016 5285//2016
f 5285//2016 5558//2016 5556//2016
f 5285//557 5556//557 5283//557
f 5283//557 5556//557 5554//557
f 5283//2015 5554//2015 5282//2015
f 5282//2015 5554//2015 5552//2015
f 5282//2059 5552//2059 5280//2059
f 5280//2059 5552//2059 5550//2059
f 5280//2013 5550//2013 5279//2013
f 5279//2013 5550//2013 5548//2013
f 5279//2012 5548//2012 5278//2012
f 5278//2012 5548//2012 5546//2012
f 5278//2011 5546//2011 5277//2011
f 5277//2011 5546//2011 5544//2011
f 5277//2010 5544//2010 5276//2010
f 5276//2010 5544//2010 5542//2010
f 5276//2009 5542//2009 5275//2009
f 5275//2009 5542//2009 5540//2009
f 5275//2008 5540//2008 5274//2008
f 5274//2008 5540//2008 5538//2008
f 5274//2007 5538//2007 5272//2007
f 5272//2007 5538//2007 5536//2007
f 5272//2006 5536//2006 5270//2006
f 5270//2006 5536//2006 5534//2006
f 5270//2005 5534//2005 5269//2005
f 5269//2005 5534//2005 5532//2005
f 5269//2004 5532//2004 5268//2004
f 5268//2004 5532//2004 5530//2004
f 5268//2003 5530//2003 5267//2003
f 5267//2003 5530//2003 5528//2003
f 5365//2060 5523//2060 5366//2060
f 5366//2060 5523//2060 5525//2060
f 5366//2060 5525//2060 5527//2060
f 5523//2060 5365//2060 5637//2060
f 5637//2060 5365//2060 5468//2060
f 5637//2060 5468//2060 5635//2060
f 5635//2060 5468//2060 5466//2060
f 5635//2060 5466//2060 5633//2060
f 5633//2060 5466//2060 5464//2060
f 5633//2060 5464//2060 5631//2060
f 5631//2060 5464//2060 5462//2060
f 5631//2060 5462//2060 5629//2060
f 5629//2060 5462//2060 5460//2060
f 5629//2060 5460//2060 5627//2060
f 5627//2060 5460//2060 5458//2060
f 5627//2060 5458//2060 5625//2060
f 5625//2060 5458//2060 5456//2060
f 5625//2060 5456//2060 5623//2060
f 5623//2060 5456//2060 5454//2060
f 5623//2060 5454//2060 5621//2060
f 5621//2060 5454//2060 5452//2060
f 5621//2060 5452//2060 5619//2060
f 5619//2060 5452//2060 5450//2060
f 5619//2060 5450//2060 5617//2060
f 5617//2060 5450//2060 5615//2060
f 5615//2060 5450//2060 5448//2060
f 5615//2060 5448//2060 5613//2060
f 5613//2060 5448//2060 5446//2060
f 5613//2060 5446//2060 5611//2060
f 5611//2060 5446//2060 5444//2060
f 5611//2060 5444//2060 5609//2060
f 5609//2060 5444//2060 5442//2060
f 5609//2060 5442//2060 5607//2060
f 5607//2060 5442//2060 5440//2060
f 5607//2060 5440//2060 5605//2060
f 5605//2060 5440//2060 5438//2060
f 5605//2060 5438//2060 5603//2060
f 5603//2060 5438//2060 5436//2060
f 5603//2060 5436//2060 5601//2060
f 5601//2060 5436//2060 5434//2060
f 5601//2060 5434//2060 5599//2060
f 5599//2060 5434//2060 5432//2060
f 5599//2060 5432//2060 5597//2060
f 5597//2060 5432//2060 5430//2060
f 5597//2060 5430//2060 5595//2060
f 5595//2060 5430//2060 5593//2060
f 5593//2060 5430//2060 5428//2060
f 5593//2060 5428//2060 5591//2060
f 5591//2060 5428//2060 5426//2060
f 5591//2060 5426//2060 5589//2060
f 5589//2060 5426//2060 5424//2060
f 5589//2060 5424//2060 5587//2060
f 5587//2060 5424//2060 5422//2060
f 5587//2060 5422//2060 5585//2060
f 5585//2060 5422//2060 5420//2060
f 5585//2060 5420//2060 5583//2060
f 5583//2060 5420//2060 5418//2060
f 5583//2060 5418//2060 5581//2060
f 5581//2060 5418//2060 5416//2060
f 5581//2060 5416//2060 5579//2060
f 5579//2060 5416//2060 5414//2060
f 5579//2060 5414//2060 5577//2060
f 5577//2060 5414//2060 5412//2060
f 5577//2060 5412//2060 5575//2060
f 5575//2060 5412//2060 5410//2060
f 5575//2060 5410//2060 5573//2060
f 5573//2060 5410//2060 5408//2060
f 5573//2060 5408//2060 5571//2060
f 5571//2060 5408//2060 5569//2060
f 5569//2060 5408//2060 5406//2060
f 5569//2060 5406//2060 5567//2060
f 5567//2060 5406//2060 5404//2060
f 5567//2060 5404//2060 5565//2060
f 5565//2060 5404//2060 5402//2060
f 5565//2060 5402//2060 5563//2060
f 5563//2060 5402//2060 5400//2060
f 5563//2060 5400//2060 5561//2060
f 5561//2060 5400//2060 5398//2060
f 5561//2060 5398//2060 5559//2060
f 5559//2060 5398//2060 5396//2060
f 5559//2060 5396//2060 5557//2060
f 5557//2060 5396//2060 5394//2060
f 5557//2060 5394//2060 5555//2060
f 5555//2060 5394//2060 5392//2060
f 5555//2060 5392//2060 5553//2060
f 5553//2060 5392//2060 5390//2060
f 5553//2060 5390//2060 5551//2060
f 5551//2060 5390//2060 5388//2060
f 5551//2060 5388//2060 5549//2060
f 5549//2060 5388//2060 5547//2060
f 5547//2060 5388//2060 5386//2060
f 5547//2060 5386//2060 5545//2060
f 5545//2060 5386//2060 5384//2060
f 5545//2060 5384//2060 5543//2060
f 5543//2060 5384//2060 5382//2060
f 5543//2060 5382//2060 5541//2060
f 5541//2060 5382//2060 5380//2060
f 5541//2060 5380//2060 5539//2060
f 5539//2060 5380//2060 5378//2060
f 5539//2060 5378//2060 5537//2060
f 5537//2060 5378//2060 5376//2060
f 5537//2060 5376//2060 5535//2060
f 5535//2060 5376//2060 5374//2060
f 5535//2060 5374//2060 5533//2060
f 5533//2060 5374//2060 5372//2060
f 5533//2060 5372//2060 5531//2060
f 5531//2060 5372//2060 5370//2060
f 5531//2060 5370//2060 5529//2060
f 5529//2060 5370//2060 5368//2060
f 5529//2060 5368//2060 5527//2060
f 5527//2060 5368//2060 5366//2060
f 5038//2060 5037//2060 5062//2060
f 5062//2060 5037//2060 5036//2060
f 5062//2060 5036//2060 5088//2060
f 5088//2060 5087//2060 5062//2060
f 5062//2060 5087//2060 5086//2060
f 5062//2060 5086//2060 5085//2060
f 5085//2060 5084//2060 5062//2060
f 5062//2060 5084//2060 5083//2060
f 5062//2060 5083//2060 5082//2060
f 5082//2060 5081//2060 5062//2060
f 5062//2060 5081//2060 5080//2060
f 5062//2060 5080//2060 5079//2060
f 5079//2060 5078//2060 5062//2060
f 5062//2060 5078//2060 5077//2060
f 5062//2060 5077//2060 5076//2060
f 5076//2060 5075//2060 5062//2060
f 5062//2060 5075//2060 5074//2060
f 5062//2060 5074//2060 5073//2060
f 5073//2060 5072//2060 5062//2060
f 5062//2060 5072//2060 5071//2060
f 5062//2060 5071//2060 5070//2060
f 5070//2060 5069//2060 5062//2060
f 5062//2060 5069//2060 5068//2060
f 5062//2060 5068//2060 5067//2060
f 5067//2060 5066//2060 5062//2060
f 5062//2060 5066//2060 5065//2060
f 5062//2060 5065//2060 5063//2060
f 5063//2060 5065//2060 5064//2060
f 5038//2060 5062//2060 5039//2060
f 5039//2060 5062//2060 5061//2060
f 5039//2060 5061//2060 5040//2060
f 5040//2060 5061//2060 5060//2060
f 5040//2060 5060//2060 5041//2060
f 5041//2060 5060//2060 5059//2060
f 5041//2060 5059//2060 5042//2060
f 5042//2060 5059//2060 5058//2060
f 5042//2060 5058//2060 5043//2060
f 5043//2060 5058//2060 5057//2060
f 5043//2060 5057//2060 5044//2060
f 5044//2060 5057//2060 5056//2060
f 5044//2060 5056//2060 5045//2060
f 5045//2060 5056//2060 5055//2060
f 5045//2060 5055//2060 5046//2060
f 5046//2060 5055//2060 5054//2060
f 5046//2060 5054//2060 5047//2060
f 5047//2060 5054//2060 5053//2060
f 5047//2060 5053//2060 5048//2060
f 5048//2060 5053//2060 5052//2060
f 5048//2060 5052//2060 5049//2060
f 5049//2060 5052//2060 5051//2060
f 5049//2060 5051//2060 5050//2060
f 5313//1133 5312//1133 5639//1133
f 5639//1133 5312//1133 5640//1133
f 5312//557 5311//557 5640//557
f 5640//557 5311//557 5641//557
f 5311//1706 5341//1706 5641//1706
f 5641//1706 5341//1706 5642//1706
f 5472//2060 5471//2060 5496//2060
f 5496//2060 5471//2060 5470//2060
f 5496//2060 5470//2060 5522//2060
f 5522//2060 5521//2060 5496//2060
f 5496//2060 5521//2060 5520//2060
f 5496//2060 5520//2060 5519//2060
f 5519//2060 5518//2060 5496//2060
f 5496//2060 5518//2060 5517//2060
f 5496//2060 5517//2060 5516//2060
f 5516//2060 5515//2060 5496//2060
f 5496//2060 5515//2060 5514//2060
f 5496//2060 5514//2060 5513//2060
f 5513//2060 5512//2060 5496//2060
f 5496//2060 5512//2060 5511//2060
f 5496//2060 5511//2060 5510//2060
f 5510//2060 5509//2060 5496//2060
f 5496//2060 5509//2060 5508//2060
f 5496//2060 5508//2060 5507//2060
f 5507//2060 5506//2060 5496//2060
f 5496//2060 5506//2060 5505//2060
f 5496//2060 5505//2060 5504//2060
f 5504//2060 5503//2060 5496//2060
f 5496//2060 5503//2060 5502//2060
f 5496//2060 5502//2060 5501//2060
f 5501//2060 5500//2060 5496//2060
f 5496//2060 5500//2060 5499//2060
f 5496//2060 5499//2060 5497//2083
f 5497//2083 5499//2060 5498//2084
f 5472//2060 5496//2060 5473//2060
f 5473//2060 5496//2060 5495//2060
f 5473//2060 5495//2060 5474//2060
f 5474//2060 5495//2060 5494//2060
f 5474//2060 5494//2060 5475//2060
f 5475//2060 5494//2060 5493//2060
f 5475//2060 5493//2060 5476//2060
f 5476//2060 5493//2060 5492//2060
f 5476//2060 5492//2060 5477//2060
f 5477//2060 5492//2060 5491//2060
f 5477//2060 5491//2060 5478//2060
f 5478//2060 5491//2060 5490//2060
f 5478//2060 5490//2060 5479//2060
f 5479//2060 5490//2060 5489//2060
f 5479//2060 5489//2060 5480//2060
f 5480//2060 5489//2060 5488//2060
f 5480//2060 5488//2060 5481//2060
f 5481//2060 5488//2060 5487//2060
f 5481//2060 5487//2060 5482//2060
f 5482//2060 5487//2060 5486//2060
f 5482//2060 5486//2060 5483//2060
f 5483//2060 5486//2060 5485//2060
f 5483//2060 5485//2060 5484//2060
f 5639//557 5643//557 5313//557
f 5313//557 5643//557 5314//557
f 5345//1133 5316//1133 5644//1133
f 5644//1133 5316//1133 5645//1133
f 5316//557 5315//557 5645//557
f 5645//557 5315//557 5646//557
f 5315//1706 5314//1706 5646//1706
f 5646//1706 5314//1706 5643//1706
f 5644//557 5647//557 5345//557
f 5345//557 5647//557 5346//557
f 5357//1706 5296//1706 5648//1706
f 5648//1706 5296//1706 5649//1706
f 5296//535 5288//535 5649//535
f 5649//535 5288//535 5650//535
f 5288//1133 5284//1133 5650//1133
f 5650//1133 5284//1133 5651//1133
f 5648//535 5652//535 5357//535
f 5357//535 5652//535 5358//535
f 5281//1706 5273//1706 5653//1706
f 5653//1706 5273//1706 5654//1706
f 5273//535 5271//535 5654//535
f 5654//535 5271//535 5655//535
f 5271//1133 5355//1133 5655//1133
f 5655//1133 5355//1133 5656//1133
f 5284//535 5281//535 5651//535
f 5651//535 5281//535 5653//535
f 5347//535 5348//535 5657//535
f 5657//535 5348//535 5658//535
f 5349//557 5317//557 5659//557
f 5659//557 5317//557 5660//557
f 5317//1706 5347//1706 5660//1706
f 5660//1706 5347//1706 5657//1706
f 5348//1706 5346//1706 5658//1706
f 5658//1706 5346//1706 5647//1706
f 5659//1706 5661//1706 5349//1706
f 5349//1706 5661//1706 5350//1706
f 5318//535 5350//535 5662//535
f 5662//535 5350//535 5661//535
f 5351//557 5264//557 5663//557
f 5663//557 5264//557 5664//557
f 5264//1706 5318//1706 5664//1706
f 5664//1706 5318//1706 5662//1706
f 5663//1706 5665//1706 5351//1706
f 5351//1706 5665//1706 5352//1706
f 5266//535 5352//535 5666//535
f 5666//535 5352//535 5665//535
f 5356//557 5353//557 5667//557
f 5667//557 5353//557 5668//557
f 5353//1706 5266//1706 5668//1706
f 5668//1706 5266//1706 5666//1706
f 5667//1706 5669//1706 5356//1706
f 5356//1706 5669//1706 5354//1706
f 5344//535 5343//535 5670//535
f 5670//535 5343//535 5671//535
f 5343//1133 5310//1133 5671//1133
f 5671//1133 5310//1133 5672//1133
f 5310//557 5364//557 5672//557
f 5672//557 5364//557 5673//557
f 5364//1133 5363//1133 5673//1133
f 5673//1133 5363//1133 5674//1133
f 5670//1133 5675//1133 5344//1133
f 5344//1133 5675//1133 5342//1133
f 5363//535 5309//535 5674//535
f 5674//535 5309//535 5676//535
f 5309//1133 5303//1133 5676//1133
f 5676//1133 5303//1133 5677//1133
f 5303//557 5362//557 5677//557
f 5677//557 5362//557 5678//557
f 5362//1133 5361//1133 5678//1133
f 5678//1133 5361//1133 5679//1133
f 5361//535 5298//535 5679//535
f 5679//535 5298//535 5680//535
f 5298//1133 5359//1133 5680//1133
f 5680//1133 5359//1133 5681//1133
f 5359//557 5360//557 5681//557
f 5681//557 5360//557 5682//557
f 5360//1133 5358//1133 5682//1133
f 5682//1133 5358//1133 5652//1133
f 5341//557 5342//557 5642//557
f 5642//557 5342//557 5675//557
f 5355//535 5354//535 5656//535
f 5656//535 5354//535 5669//535
f 4568//557 4651//557 4570//557
f 4570//557 4651//557 4780//557
f 3829//523 3848//523 3828//523
f 3828//523 3848//523 3849//523
f 3828//523 3849//523 3827//523
f 3827//523 3849//523 3850//523
f 3827//523 3850//523 3868//523
f 3868//523 3850//523 3851//523
f 3868//523 3851//523 3867//523
f 3867//523 3851//523 3852//523
f 3867//523 3852//523 3866//523
f 3866//523 3852//523 3853//523
f 3866//523 3853//523 3865//523
f 3865//523 3853//523 3854//523
f 3865//523 3854//523 3864//523
f 3864//523 3854//523 3855//523
f 3864//523 3855//523 3863//523
f 3863//523 3855//523 3856//523
f 3863//523 3856//523 3862//523
f 3862//523 3856//523 3857//523
f 3862//523 3857//523 3861//523
f 3861//523 3857//523 3858//523
f 3861//523 3858//523 3860//523
f 3860//523 3858//523 3859//523
f 3848//523 3829//523 3847//523
f 3847//523 3829//523 3830//523
f 3847//523 3830//523 3846//523
f 3846//523 3830//523 3831//523
f 3846//523 3831//523 3845//523
f 3845//523 3831//523 3832//523
f 3845//523 3832//523 3844//523
f 3844//523 3832//523 3833//523
f 3844//523 3833//523 3843//523
f 3843//523 3833//523 3834//523
f 3843//523 3834//523 3842//523
f 3842//523 3834//523 3835//523
f 3842//523 3835//523 3841//523
f 3841//523 3835//523 3836//523
f 3841//523 3836//523 3840//523
f 3840//523 3836//523 3837//523
f 3840//523 3837//523 3839//523
f 3839//523 3837//523 3838//523
f 4608//2060 4606//2060 4581//2060
f 4581//2060 4606//2060 4604//2060
f 4581//2060 4604//2060 4602//2060
f 4602//2060 4592//2060 4581//2060
f 4581//2060 4592//2060 4570//2060
f 4581//2060 4570//2060 5669//2060
f 5669//2060 4570//2060 5656//2060
f 5656//2060 4570//2060 5653//2060
f 5656//2060 5653//2060 5655//2060
f 5655//2060 5653//2060 5654//2060
f 4570//2060 4780//2060 5653//2060
f 5653//2060 4780//2060 5651//2060
f 5651//2060 4780//2060 5648//2060
f 5651//2060 5648//2060 5650//2060
f 5650//2060 5648//2060 5649//2060
f 4803//2060 4769//2060 4780//2060
f 4780//2060 4769//2060 5652//2060
f 4780//2060 5652//2060 5648//2060
f 4803//2060 4801//2060 4769//2060
f 4769//2060 4801//2060 4799//2060
f 4769//2060 4799//2060 4797//2060
f 4797//2060 4791//2060 4769//2060
f 4844//2060 5678//2060 4769//2060
f 4769//2060 5678//2060 5679//2060
f 4769//2060 5679//2060 5682//2060
f 5682//2060 5679//2060 5680//2060
f 5682//2060 5680//2060 5681//2060
f 4890//2060 4888//2060 4844//2060
f 4844//2060 4888//2060 4886//2060
f 4844//2060 4886//2060 4884//2060
f 4884//2060 4878//2060 4844//2060
f 4844//2060 4878//2060 4857//2060
f 4844//2060 4857//2060 5675//2060
f 5675//2060 4857//2060 5642//2060
f 5642//2060 4857//2060 5639//2060
f 5642//2060 5639//2060 5641//2060
f 5641//2060 5639//2060 5640//2060
f 4857//2060 4693//2060 5639//2060
f 5639//2060 4693//2060 5643//2060
f 5643//2060 4693//2060 5644//2060
f 5643//2060 5644//2060 5646//2060
f 5646//2060 5644//2060 5645//2060
f 4716//2060 4670//2060 4693//2060
f 4693//2060 4670//2060 5647//2060
f 4693//2060 5647//2060 5644//2060
f 4716//2060 4714//2060 4670//2060
f 4670//2060 4714//2060 4712//2060
f 4670//2060 4712//2060 4710//2060
f 4710//2060 4704//2060 4670//2060
f 4581//2060 5663//2060 4670//2060
f 4670//2060 5663//2060 5661//2060
f 4670//2060 5661//2060 5659//2060
f 5675//2060 5670//2060 4844//2060
f 4844//2060 5670//2060 5673//2060
f 4844//2060 5673//2060 5674//2060
f 5670//2060 5671//2060 5673//2060
f 5673//2060 5671//2060 5672//2060
f 4844//2060 5674//2060 5678//2060
f 5678//2060 5674//2060 5676//2060
f 5678//2060 5676//2060 5677//2060
f 5682//2060 5652//2060 4769//2060
f 5669//2060 5667//2060 4581//2060
f 4581//2060 5667//2060 5665//2060
f 4581//2060 5665//2060 5663//2060
f 5667//2060 5668//2060 5665//2060
f 5665//2060 5668//2060 5666//2060
f 5663//2060 5664//2060 5661//2060
f 5661//2060 5664//2060 5662//2060
f 4670//2060 5659//2060 5658//2060
f 5658//2060 5659//2060 5660//2060
f 5658//2060 5660//2060 5657//2060
f 5658//2060 5647//2060 4670//2060
