# Blender 4.0.1
# www.blender.org
mtllib building_block_2x8.mtl
o building_block_2x8
v 0.718124 1.468487 -3.458379
v 0.720345 1.476643 -3.463812
v 0.723270 1.468487 -3.505478
v 0.724342 1.476643 -3.505478
v 0.720345 1.476643 -3.547143
v 0.727484 1.484243 -3.505478
v 0.723429 1.484243 -3.547735
v 0.732481 1.490770 -3.505478
v 0.728337 1.490770 -3.548676
v 0.738994 1.495778 -3.505478
v 0.734732 1.495778 -3.549903
v 0.746578 1.498926 -3.505478
v 0.742179 1.498926 -3.551332
v 0.754717 1.500000 -3.505478
v 0.749567 1.500000 -3.555881
v 0.708497 1.476643 -3.423653
v 0.702925 1.468487 -3.413483
v 0.689228 1.476643 -3.386451
v 0.678385 1.468487 -3.372889
v 0.663233 1.476643 -3.353551
v 0.645651 1.468487 -3.338494
v 0.631452 1.476643 -3.326142
v 0.606253 1.468487 -3.311907
v 0.595033 1.476643 -3.305214
v 0.562035 1.468487 -3.294371
v 0.555294 1.476643 -3.291525
v 0.515062 1.468487 -3.286707
v 0.513670 1.476643 -3.285568
v 0.471665 1.476643 -3.287560
v 0.471218 1.484243 -3.284465
v 0.429771 1.484243 -3.294472
v 0.428136 1.490770 -3.289772
v 0.388477 1.490770 -3.307799
v 0.385220 1.495778 -3.302185
v 0.348696 1.495778 -3.328072
v 0.343730 1.498926 -3.322367
v 0.311793 1.498926 -3.355704
v 0.312262 1.500000 -3.342380
v 0.283183 1.500000 -3.383962
v 0.286772 1.498926 -3.394454
v 0.263110 1.500000 -3.430520
v 0.269572 1.498926 -3.437217
v 0.252863 1.500000 -3.480146
v 0.260814 1.498926 -3.482446
v 0.260814 1.498926 -3.528509
v 0.268364 1.495778 -3.483164
v 0.268364 1.495778 -3.527791
v 0.274847 1.490770 -3.483780
v 0.274847 1.490770 -3.527175
v 0.279822 1.484243 -3.484253
v 0.279822 1.484243 -3.526702
v 0.282949 1.476643 -3.484550
v 0.282949 1.476643 -3.526405
v 0.284309 1.468487 -3.529166
v 0.290907 1.476643 -3.567504
v 0.294542 1.468487 -3.575434
v 0.306537 1.476643 -3.606360
v 0.314528 1.468487 -3.618432
v 0.329272 1.476643 -3.641571
v 0.343334 1.468487 -3.656147
v 0.358291 1.476643 -3.671863
v 0.379613 1.468487 -3.686818
v 0.392546 1.476643 -3.696141
v 0.421668 1.468487 -3.709009
v 0.430798 1.476643 -3.713528
v 0.467532 1.468487 -3.721684
v 0.471665 1.476643 -3.723396
v 0.515062 1.468487 -3.724249
v 0.513670 1.476643 -3.725387
v 0.555294 1.476643 -3.719430
v 0.556035 1.484243 -3.722469
v 0.596338 1.484243 -3.708585
v 0.598414 1.490770 -3.713110
v 0.636173 1.490770 -3.691412
v 0.639951 1.495778 -3.696693
v 0.673837 1.495778 -3.667468
v 0.679326 1.498926 -3.672677
v 0.707934 1.498926 -3.636470
v 0.709626 1.500000 -3.648518
v 0.734329 1.500000 -3.604221
v 0.729140 1.498926 -3.595528
v 0.467532 1.468487 -3.289272
v 0.430798 1.476643 -3.297427
v 0.390975 1.484243 -3.312107
v 0.352961 1.490770 -3.332970
v 0.317755 1.495778 -3.360370
v 0.421668 1.468487 -3.301946
v 0.392546 1.476643 -3.314814
v 0.356234 1.484243 -3.336730
v 0.322874 1.490770 -3.364377
v 0.293514 1.495778 -3.397913
v 0.379613 1.468487 -3.324137
v 0.358291 1.476643 -3.339093
v 0.326802 1.484243 -3.367452
v 0.299302 1.490770 -3.400883
v 0.276849 1.495778 -3.439343
v 0.343334 1.468487 -3.354808
v 0.329272 1.476643 -3.369385
v 0.303744 1.484243 -3.403162
v 0.283098 1.490770 -3.441170
v 0.314528 1.468487 -3.392524
v 0.306537 1.476643 -3.404595
v 0.287893 1.484243 -3.442571
v 0.294542 1.468487 -3.435521
v 0.290907 1.476643 -3.443452
v 0.284309 1.468487 -3.481790
v 0.562035 1.468487 -3.716584
v 0.595033 1.476643 -3.705741
v 0.633274 1.484243 -3.687361
v 0.669123 1.490770 -3.662995
v 0.701554 1.495778 -3.632389
v 0.606253 1.468487 -3.699049
v 0.631452 1.476643 -3.684814
v 0.665506 1.484243 -3.659562
v 0.696075 1.490770 -3.628884
v 0.722099 1.495778 -3.592722
v 0.645651 1.468487 -3.672462
v 0.663233 1.476643 -3.657405
v 0.691871 1.484243 -3.626195
v 0.716053 1.490770 -3.590313
v 0.678385 1.468487 -3.638067
v 0.689228 1.476643 -3.624505
v 0.711414 1.484243 -3.588464
v 0.702925 1.468487 -3.597472
v 0.708497 1.476643 -3.587302
v 0.718124 1.468487 -3.552576
v 0.676470 1.500000 -3.686959
v 0.644350 1.498926 -3.702842
v 0.601120 1.495778 -3.719006
v 0.557213 1.490770 -3.727303
v 0.513819 1.484243 -3.728510
v 0.636217 1.500000 -3.717971
v 0.604271 1.498926 -3.725873
v 0.558748 1.495778 -3.733603
v 0.514057 1.490770 -3.733479
v 0.471218 1.484243 -3.726490
v 0.590517 1.500000 -3.740283
v 0.560536 1.498926 -3.740938
v 0.514367 1.495778 -3.739954
v 0.470507 1.490770 -3.731414
v 0.429771 1.484243 -3.716483
v 0.541240 1.500000 -3.752981
v 0.514728 1.498926 -3.747494
v 0.469580 1.495778 -3.737830
v 0.428136 1.490770 -3.721183
v 0.390975 1.484243 -3.698848
v 0.490403 1.500000 -3.755548
v 0.468501 1.498926 -3.745302
v 0.426006 1.495778 -3.727309
v 0.388477 1.490770 -3.703156
v 0.356234 1.484243 -3.674226
v 0.440087 1.500000 -3.747876
v 0.423525 1.498926 -3.734442
v 0.385220 1.495778 -3.708770
v 0.352961 1.490770 -3.677985
v 0.326802 1.484243 -3.643504
v 0.392354 1.500000 -3.730280
v 0.381428 1.498926 -3.715307
v 0.348696 1.495778 -3.682884
v 0.322874 1.490770 -3.646579
v 0.303744 1.484243 -3.607793
v 0.349156 1.500000 -3.703481
v 0.343730 1.498926 -3.688589
v 0.317755 1.495778 -3.650585
v 0.299302 1.490770 -3.610072
v 0.287893 1.484243 -3.568384
v 0.312262 1.500000 -3.668576
v 0.311793 1.498926 -3.655252
v 0.293514 1.495778 -3.613043
v 0.283098 1.490770 -3.569786
v 0.283183 1.500000 -3.626993
v 0.286772 1.498926 -3.616502
v 0.276849 1.495778 -3.571612
v 0.263110 1.500000 -3.580436
v 0.269572 1.498926 -3.573739
v 0.252863 1.500000 -3.530809
v 0.349156 1.500000 -3.307474
v 0.381428 1.498926 -3.295648
v 0.426006 1.495778 -3.283646
v 0.470507 1.490770 -3.279541
v 0.513819 1.484243 -3.282445
v 0.392354 1.500000 -3.280675
v 0.423525 1.498926 -3.276513
v 0.469580 1.495778 -3.273125
v 0.514057 1.490770 -3.277477
v 0.556035 1.484243 -3.288486
v 0.440087 1.500000 -3.263080
v 0.468501 1.498926 -3.265653
v 0.514367 1.495778 -3.271002
v 0.557213 1.490770 -3.283652
v 0.596338 1.484243 -3.302370
v 0.490403 1.500000 -3.255408
v 0.514728 1.498926 -3.263462
v 0.558748 1.495778 -3.277353
v 0.598414 1.490770 -3.297845
v 0.633274 1.484243 -3.323595
v 0.541240 1.500000 -3.257974
v 0.560536 1.498926 -3.270017
v 0.601120 1.495778 -3.291949
v 0.636173 1.490770 -3.319543
v 0.665506 1.484243 -3.351393
v 0.590517 1.500000 -3.270673
v 0.604271 1.498926 -3.285083
v 0.639951 1.495778 -3.314263
v 0.669123 1.490770 -3.347961
v 0.691871 1.484243 -3.384760
v 0.636217 1.500000 -3.292984
v 0.644350 1.498926 -3.308114
v 0.673837 1.495778 -3.343487
v 0.696075 1.490770 -3.382071
v 0.711414 1.484243 -3.422491
v 0.676470 1.500000 -3.323996
v 0.679326 1.498926 -3.338278
v 0.701554 1.495778 -3.378567
v 0.716053 1.490770 -3.420642
v 0.723429 1.484243 -3.463221
v 0.709626 1.500000 -3.362437
v 0.707934 1.498926 -3.374486
v 0.722099 1.495778 -3.418233
v 0.728337 1.490770 -3.462279
v 0.734329 1.500000 -3.406734
v 0.729140 1.498926 -3.415427
v 0.734732 1.495778 -3.461052
v 0.749567 1.500000 -3.455074
v 0.742179 1.498926 -3.459624
v 0.765304 1.500000 -3.453576
v 0.770440 1.500000 -3.505478
v 0.765304 1.500000 -3.557379
v 0.750094 1.500000 -3.607287
v 0.725393 1.500000 -3.653282
v 0.692151 1.500000 -3.693597
v 0.651646 1.500000 -3.726682
v 0.605434 1.500000 -3.751267
v 0.555291 1.500000 -3.766407
v 0.503145 1.500000 -3.771518
v 0.450998 1.500000 -3.766407
v 0.400855 1.500000 -3.751267
v 0.354643 1.500000 -3.726682
v 0.314138 1.500000 -3.693597
v 0.280897 1.500000 -3.653282
v 0.256196 1.500000 -3.607287
v 0.240985 1.500000 -3.557379
v 0.235849 1.500000 -3.505478
v 0.240985 1.500000 -3.453576
v 0.256196 1.500000 -3.403668
v 0.280897 1.500000 -3.357673
v 0.314138 1.500000 -3.317358
v 0.354643 1.500000 -3.284273
v 0.400855 1.500000 -3.259688
v 0.450998 1.500000 -3.244549
v 0.503145 1.500000 -3.239437
v 0.555291 1.500000 -3.244549
v 0.605434 1.500000 -3.259688
v 0.651646 1.500000 -3.284273
v 0.692151 1.500000 -3.317358
v 0.725393 1.500000 -3.357673
v 0.750094 1.500000 -3.403668
v 0.718124 1.210084 -3.458379
v 0.723270 1.210084 -3.505478
v 0.718124 1.210084 -3.552576
v 0.702925 1.210084 -3.597472
v 0.678385 1.210084 -3.638067
v 0.645651 1.210084 -3.672462
v 0.606253 1.210084 -3.699049
v 0.562035 1.210084 -3.716584
v 0.515062 1.210084 -3.724249
v 0.467532 1.210084 -3.721684
v 0.421668 1.210084 -3.709009
v 0.379613 1.210084 -3.686818
v 0.343334 1.210084 -3.656147
v 0.314528 1.210084 -3.618432
v 0.294542 1.210084 -3.575434
v 0.284309 1.210084 -3.529166
v 0.284309 1.210084 -3.481790
v 0.294542 1.210084 -3.435521
v 0.314528 1.210084 -3.392524
v 0.343334 1.210084 -3.354808
v 0.379613 1.210084 -3.324137
v 0.421668 1.210084 -3.301946
v 0.467532 1.210084 -3.289272
v 0.515062 1.210084 -3.286707
v 0.562035 1.210084 -3.294371
v 0.606253 1.210084 -3.311907
v 0.645651 1.210084 -3.338494
v 0.678385 1.210084 -3.372889
v 0.702925 1.210084 -3.413483
v 0.796800 1.468487 -3.560114
v 0.795747 1.476643 -3.559918
v 0.801887 1.468487 -3.505478
v 0.800815 1.476643 -3.505478
v 0.796800 1.468487 -3.450842
v 0.795747 1.476643 -3.451038
v 0.781713 1.468487 -3.398066
v 0.780714 1.476643 -3.398452
v 0.757140 1.468487 -3.348948
v 0.756229 1.476643 -3.349510
v 0.723918 1.468487 -3.305161
v 0.723126 1.476643 -3.305880
v 0.683177 1.468487 -3.268196
v 0.682531 1.476643 -3.269047
v 0.636306 1.468487 -3.239310
v 0.635828 1.476643 -3.240265
v 0.584899 1.468487 -3.219489
v 0.584606 1.476643 -3.220515
v 0.530709 1.468487 -3.209407
v 0.530610 1.476643 -3.210469
v 0.475580 1.468487 -3.209407
v 0.475679 1.476643 -3.210469
v 0.421390 1.468487 -3.219489
v 0.421683 1.476643 -3.220515
v 0.369984 1.468487 -3.239310
v 0.370461 1.476643 -3.240265
v 0.323112 1.468487 -3.268196
v 0.323758 1.476643 -3.269047
v 0.282372 1.468487 -3.305161
v 0.283163 1.476643 -3.305880
v 0.249149 1.468487 -3.348948
v 0.250060 1.476643 -3.349510
v 0.224576 1.468487 -3.398066
v 0.225575 1.476643 -3.398452
v 0.209489 1.468487 -3.450842
v 0.210542 1.476643 -3.451038
v 0.204403 1.468487 -3.505478
v 0.205474 1.476643 -3.505478
v 0.209489 1.468487 -3.560114
v 0.210542 1.476643 -3.559918
v 0.224576 1.468487 -3.612889
v 0.225575 1.476643 -3.612504
v 0.249149 1.468487 -3.662007
v 0.250060 1.476643 -3.661445
v 0.282372 1.468487 -3.705794
v 0.283163 1.476643 -3.705076
v 0.323112 1.468487 -3.742760
v 0.323758 1.476643 -3.741909
v 0.369984 1.468487 -3.771645
v 0.370461 1.476643 -3.770690
v 0.421390 1.468487 -3.791466
v 0.421683 1.476643 -3.790441
v 0.475580 1.468487 -3.801549
v 0.475679 1.476643 -3.800487
v 0.530709 1.468487 -3.801549
v 0.530610 1.476643 -3.800487
v 0.584899 1.468487 -3.791466
v 0.584606 1.476643 -3.790441
v 0.636306 1.468487 -3.771645
v 0.635828 1.476643 -3.770690
v 0.683177 1.468487 -3.742760
v 0.682531 1.476643 -3.741909
v 0.723918 1.468487 -3.705794
v 0.723126 1.476643 -3.705076
v 0.757140 1.468487 -3.662007
v 0.756229 1.476643 -3.661445
v 0.781713 1.468487 -3.612889
v 0.780714 1.476643 -3.612504
v 0.773889 1.498926 -3.455104
v 0.778579 1.498926 -3.505478
v 0.773889 1.498926 -3.555851
v 0.786164 1.495778 -3.505478
v 0.781345 1.495778 -3.557238
v 0.792676 1.490770 -3.505478
v 0.787747 1.490770 -3.558429
v 0.797674 1.484243 -3.505478
v 0.792659 1.484243 -3.559343
v 0.759980 1.498926 -3.406446
v 0.737324 1.498926 -3.361161
v 0.706693 1.498926 -3.320790
v 0.669131 1.498926 -3.286708
v 0.625916 1.498926 -3.260076
v 0.578521 1.498926 -3.241802
v 0.528559 1.498926 -3.232506
v 0.477731 1.498926 -3.232506
v 0.427768 1.498926 -3.241802
v 0.380373 1.498926 -3.260076
v 0.337158 1.498926 -3.286708
v 0.299596 1.498926 -3.320790
v 0.268965 1.498926 -3.361161
v 0.246310 1.498926 -3.406446
v 0.232400 1.498926 -3.455104
v 0.227710 1.498926 -3.505478
v 0.232400 1.498926 -3.555851
v 0.224945 1.495778 -3.557238
v 0.239237 1.495778 -3.607236
v 0.233164 1.490770 -3.609577
v 0.256980 1.490770 -3.657181
v 0.252731 1.484243 -3.659799
v 0.285485 1.484243 -3.702969
v 0.246310 1.498926 -3.604509
v 0.262517 1.495778 -3.653769
v 0.289178 1.490770 -3.699618
v 0.325651 1.484243 -3.739413
v 0.268965 1.498926 -3.649795
v 0.293991 1.495778 -3.695251
v 0.328663 1.490770 -3.735444
v 0.371862 1.484243 -3.767892
v 0.299596 1.498926 -3.690166
v 0.332588 1.495778 -3.730271
v 0.374089 1.490770 -3.763439
v 0.422543 1.484243 -3.787433
v 0.337158 1.498926 -3.724247
v 0.376992 1.495778 -3.757637
v 0.423911 1.490770 -3.782649
v 0.475969 1.484243 -3.797374
v 0.380373 1.498926 -3.750879
v 0.425693 1.495778 -3.776415
v 0.476430 1.490770 -3.792421
v 0.530320 1.484243 -3.797374
v 0.427768 1.498926 -3.769154
v 0.477031 1.495778 -3.785966
v 0.529859 1.490770 -3.792421
v 0.583746 1.484243 -3.787433
v 0.477731 1.498926 -3.778450
v 0.529258 1.495778 -3.785966
v 0.582379 1.490770 -3.782649
v 0.634428 1.484243 -3.767892
v 0.528559 1.498926 -3.778450
v 0.580596 1.495778 -3.776415
v 0.632200 1.490770 -3.763439
v 0.680638 1.484243 -3.739413
v 0.578521 1.498926 -3.769154
v 0.629297 1.495778 -3.757637
v 0.677626 1.490770 -3.735444
v 0.720804 1.484243 -3.702969
v 0.625916 1.498926 -3.750879
v 0.673702 1.495778 -3.730271
v 0.717111 1.490770 -3.699618
v 0.753558 1.484243 -3.659799
v 0.669131 1.498926 -3.724247
v 0.712298 1.495778 -3.695251
v 0.749309 1.490770 -3.657181
v 0.777785 1.484243 -3.611374
v 0.706693 1.498926 -3.690166
v 0.743772 1.495778 -3.653769
v 0.773125 1.490770 -3.609577
v 0.737324 1.498926 -3.649795
v 0.767052 1.495778 -3.607236
v 0.759980 1.498926 -3.604509
v 0.208616 1.484243 -3.505478
v 0.213630 1.484243 -3.559343
v 0.228504 1.484243 -3.611374
v 0.213613 1.490770 -3.505478
v 0.218543 1.490770 -3.558429
v 0.213630 1.484243 -3.451612
v 0.228504 1.484243 -3.399581
v 0.252731 1.484243 -3.351156
v 0.285485 1.484243 -3.307986
v 0.325651 1.484243 -3.271542
v 0.371862 1.484243 -3.243064
v 0.422543 1.484243 -3.223522
v 0.475969 1.484243 -3.213582
v 0.530320 1.484243 -3.213582
v 0.583746 1.484243 -3.223522
v 0.634428 1.484243 -3.243064
v 0.680638 1.484243 -3.271542
v 0.720804 1.484243 -3.307986
v 0.753558 1.484243 -3.351156
v 0.777785 1.484243 -3.399581
v 0.792659 1.484243 -3.451612
v 0.220126 1.495778 -3.505478
v 0.218543 1.490770 -3.452526
v 0.233164 1.490770 -3.401378
v 0.256980 1.490770 -3.353775
v 0.289178 1.490770 -3.311337
v 0.328663 1.490770 -3.275511
v 0.374089 1.490770 -3.247516
v 0.423911 1.490770 -3.228306
v 0.476430 1.490770 -3.218534
v 0.529859 1.490770 -3.218534
v 0.582379 1.490770 -3.228306
v 0.632200 1.490770 -3.247516
v 0.677626 1.490770 -3.275511
v 0.717111 1.490770 -3.311337
v 0.749309 1.490770 -3.353775
v 0.773125 1.490770 -3.401378
v 0.787747 1.490770 -3.452526
v 0.224945 1.495778 -3.453717
v 0.239237 1.495778 -3.403719
v 0.262517 1.495778 -3.357187
v 0.293991 1.495778 -3.315704
v 0.332588 1.495778 -3.280684
v 0.376992 1.495778 -3.253319
v 0.425693 1.495778 -3.234541
v 0.477031 1.495778 -3.224989
v 0.529258 1.495778 -3.224989
v 0.580596 1.495778 -3.234541
v 0.629297 1.495778 -3.253319
v 0.673702 1.495778 -3.280684
v 0.712298 1.495778 -3.315704
v 0.743772 1.495778 -3.357187
v 0.767052 1.495778 -3.403719
v 0.781345 1.495778 -3.453717
v 0.796800 1.210084 -3.560114
v 0.801887 1.210084 -3.505478
v 0.796800 1.210084 -3.450842
v 0.781713 1.210084 -3.398066
v 0.757140 1.210084 -3.348948
v 0.723918 1.210084 -3.305161
v 0.683177 1.210084 -3.268196
v 0.636306 1.210084 -3.239310
v 0.584899 1.210084 -3.219489
v 0.530709 1.210084 -3.209407
v 0.475580 1.210084 -3.209407
v 0.421390 1.210084 -3.219489
v 0.369984 1.210084 -3.239310
v 0.323112 1.210084 -3.268196
v 0.282372 1.210084 -3.305161
v 0.249149 1.210084 -3.348948
v 0.224576 1.210084 -3.398066
v 0.209489 1.210084 -3.450842
v 0.204403 1.210084 -3.505478
v 0.209489 1.210084 -3.560114
v 0.224576 1.210084 -3.612889
v 0.249149 1.210084 -3.662007
v 0.282372 1.210084 -3.705794
v 0.323112 1.210084 -3.742760
v 0.369984 1.210084 -3.771645
v 0.421390 1.210084 -3.791466
v 0.475580 1.210084 -3.801549
v 0.530709 1.210084 -3.801549
v 0.584899 1.210084 -3.791466
v 0.636306 1.210084 -3.771645
v 0.683177 1.210084 -3.742760
v 0.723918 1.210084 -3.705794
v 0.757140 1.210084 -3.662007
v 0.781713 1.210084 -3.612889
v -0.288165 1.468487 -3.458379
v -0.285945 1.476643 -3.463812
v -0.283019 1.468487 -3.505478
v -0.281947 1.476643 -3.505478
v -0.285945 1.476643 -3.547143
v -0.278806 1.484243 -3.505478
v -0.282860 1.484243 -3.547735
v -0.273808 1.490770 -3.505478
v -0.277953 1.490770 -3.548676
v -0.267296 1.495778 -3.505478
v -0.271558 1.495778 -3.549903
v -0.259711 1.498926 -3.505478
v -0.264110 1.498926 -3.551332
v -0.251572 1.500000 -3.505478
v -0.256722 1.500000 -3.555881
v -0.297792 1.476643 -3.423653
v -0.303364 1.468487 -3.413483
v -0.317062 1.476643 -3.386451
v -0.327904 1.468487 -3.372889
v -0.343057 1.476643 -3.353551
v -0.360638 1.468487 -3.338494
v -0.374838 1.476643 -3.326142
v -0.400036 1.468487 -3.311907
v -0.411256 1.476643 -3.305214
v -0.444255 1.468487 -3.294371
v -0.450995 1.476643 -3.291525
v -0.491227 1.468487 -3.286707
v -0.492620 1.476643 -3.285568
v -0.534624 1.476643 -3.287560
v -0.535071 1.484243 -3.284465
v -0.576519 1.484243 -3.294472
v -0.578153 1.490770 -3.289772
v -0.617813 1.490770 -3.307799
v -0.621069 1.495778 -3.302185
v -0.657593 1.495778 -3.328072
v -0.662560 1.498926 -3.322367
v -0.694496 1.498926 -3.355704
v -0.694027 1.500000 -3.342380
v -0.723106 1.500000 -3.383962
v -0.719517 1.498926 -3.394454
v -0.743180 1.500000 -3.430520
v -0.736717 1.498926 -3.437217
v -0.753426 1.500000 -3.480146
v -0.745476 1.498926 -3.482446
v -0.745476 1.498926 -3.528509
v -0.737926 1.495778 -3.483164
v -0.737926 1.495778 -3.527791
v -0.731443 1.490770 -3.483780
v -0.731443 1.490770 -3.527175
v -0.726468 1.484243 -3.484253
v -0.726468 1.484243 -3.526702
v -0.723340 1.476643 -3.484550
v -0.723340 1.476643 -3.526405
v -0.721980 1.468487 -3.529166
v -0.715382 1.476643 -3.567504
v -0.711748 1.468487 -3.575434
v -0.699753 1.476643 -3.606360
v -0.691761 1.468487 -3.618432
v -0.677018 1.476643 -3.641571
v -0.662955 1.468487 -3.656147
v -0.647998 1.476643 -3.671863
v -0.626676 1.468487 -3.686818
v -0.613743 1.476643 -3.696141
v -0.584622 1.468487 -3.709009
v -0.575491 1.476643 -3.713528
v -0.538757 1.468487 -3.721684
v -0.534624 1.476643 -3.723396
v -0.491227 1.468487 -3.724249
v -0.492620 1.476643 -3.725387
v -0.450995 1.476643 -3.719430
v -0.450255 1.484243 -3.722469
v -0.409951 1.484243 -3.708585
v -0.407875 1.490770 -3.713110
v -0.370117 1.490770 -3.691412
v -0.366339 1.495778 -3.696693
v -0.332453 1.495778 -3.667468
v -0.326964 1.498926 -3.672677
v -0.298355 1.498926 -3.636470
v -0.296663 1.500000 -3.648518
v -0.271960 1.500000 -3.604221
v -0.277149 1.498926 -3.595528
v -0.538757 1.468487 -3.289272
v -0.575491 1.476643 -3.297427
v -0.615314 1.484243 -3.312107
v -0.653328 1.490770 -3.332970
v -0.688535 1.495778 -3.360370
v -0.584622 1.468487 -3.301946
v -0.613743 1.476643 -3.314814
v -0.650055 1.484243 -3.336730
v -0.683415 1.490770 -3.364377
v -0.712776 1.495778 -3.397913
v -0.626676 1.468487 -3.324137
v -0.647998 1.476643 -3.339093
v -0.679487 1.484243 -3.367452
v -0.706987 1.490770 -3.400883
v -0.729440 1.495778 -3.439343
v -0.662955 1.468487 -3.354808
v -0.677018 1.476643 -3.369385
v -0.702545 1.484243 -3.403162
v -0.723191 1.490770 -3.441170
v -0.691761 1.468487 -3.392524
v -0.699753 1.476643 -3.404595
v -0.718396 1.484243 -3.442571
v -0.711748 1.468487 -3.435521
v -0.715382 1.476643 -3.443452
v -0.721980 1.468487 -3.481790
v -0.444255 1.468487 -3.716584
v -0.411256 1.476643 -3.705741
v -0.373015 1.484243 -3.687361
v -0.337166 1.490770 -3.662995
v -0.304736 1.495778 -3.632389
v -0.400036 1.468487 -3.699049
v -0.374838 1.476643 -3.684814
v -0.340783 1.484243 -3.659562
v -0.310215 1.490770 -3.628884
v -0.284190 1.495778 -3.592722
v -0.360638 1.468487 -3.672462
v -0.343057 1.476643 -3.657405
v -0.314419 1.484243 -3.626195
v -0.290236 1.490770 -3.590313
v -0.327904 1.468487 -3.638067
v -0.317062 1.476643 -3.624505
v -0.294876 1.484243 -3.588464
v -0.303364 1.468487 -3.597472
v -0.297792 1.476643 -3.587302
v -0.288165 1.468487 -3.552576
v -0.329820 1.500000 -3.686959
v -0.361939 1.498926 -3.702842
v -0.405169 1.495778 -3.719006
v -0.449077 1.490770 -3.727303
v -0.492470 1.484243 -3.728510
v -0.370072 1.500000 -3.717971
v -0.402019 1.498926 -3.725873
v -0.447541 1.495778 -3.733603
v -0.492232 1.490770 -3.733479
v -0.535071 1.484243 -3.726490
v -0.415772 1.500000 -3.740283
v -0.445753 1.498926 -3.740938
v -0.491923 1.495778 -3.739954
v -0.535783 1.490770 -3.731414
v -0.576519 1.484243 -3.716483
v -0.465050 1.500000 -3.752981
v -0.491562 1.498926 -3.747494
v -0.536710 1.495778 -3.737830
v -0.578153 1.490770 -3.721183
v -0.615314 1.484243 -3.698848
v -0.515887 1.500000 -3.755548
v -0.537789 1.498926 -3.745302
v -0.580283 1.495778 -3.727309
v -0.617813 1.490770 -3.703156
v -0.650055 1.484243 -3.674226
v -0.566202 1.500000 -3.747876
v -0.582764 1.498926 -3.734442
v -0.621069 1.495778 -3.708770
v -0.653328 1.490770 -3.677985
v -0.679487 1.484243 -3.643504
v -0.613936 1.500000 -3.730280
v -0.624861 1.498926 -3.715307
v -0.657593 1.495778 -3.682884
v -0.683415 1.490770 -3.646579
v -0.702545 1.484243 -3.607793
v -0.657134 1.500000 -3.703481
v -0.662560 1.498926 -3.688589
v -0.688535 1.495778 -3.650585
v -0.706987 1.490770 -3.610072
v -0.718396 1.484243 -3.568384
v -0.694027 1.500000 -3.668576
v -0.694496 1.498926 -3.655252
v -0.712776 1.495778 -3.613043
v -0.723191 1.490770 -3.569786
v -0.723106 1.500000 -3.626993
v -0.719517 1.498926 -3.616502
v -0.729440 1.495778 -3.571612
v -0.743180 1.500000 -3.580436
v -0.736717 1.498926 -3.573739
v -0.753426 1.500000 -3.530809
v -0.657134 1.500000 -3.307474
v -0.624861 1.498926 -3.295648
v -0.580283 1.495778 -3.283646
v -0.535783 1.490770 -3.279541
v -0.492470 1.484243 -3.282445
v -0.613936 1.500000 -3.280675
v -0.582764 1.498926 -3.276513
v -0.536710 1.495778 -3.273125
v -0.492232 1.490770 -3.277477
v -0.450255 1.484243 -3.288486
v -0.566202 1.500000 -3.263080
v -0.537789 1.498926 -3.265653
v -0.491923 1.495778 -3.271002
v -0.449077 1.490770 -3.283652
v -0.409951 1.484243 -3.302370
v -0.515887 1.500000 -3.255408
v -0.491562 1.498926 -3.263462
v -0.447541 1.495778 -3.277353
v -0.407875 1.490770 -3.297845
v -0.373015 1.484243 -3.323595
v -0.465050 1.500000 -3.257974
v -0.445753 1.498926 -3.270017
v -0.405169 1.495778 -3.291949
v -0.370117 1.490770 -3.319543
v -0.340783 1.484243 -3.351393
v -0.415772 1.500000 -3.270673
v -0.402019 1.498926 -3.285083
v -0.366339 1.495778 -3.314263
v -0.337166 1.490770 -3.347961
v -0.314419 1.484243 -3.384760
v -0.370072 1.500000 -3.292984
v -0.361939 1.498926 -3.308114
v -0.332453 1.495778 -3.343487
v -0.310215 1.490770 -3.382071
v -0.294876 1.484243 -3.422491
v -0.329820 1.500000 -3.323996
v -0.326964 1.498926 -3.338278
v -0.304736 1.495778 -3.378567
v -0.290236 1.490770 -3.420642
v -0.282860 1.484243 -3.463221
v -0.296663 1.500000 -3.362437
v -0.298355 1.498926 -3.374486
v -0.284190 1.495778 -3.418233
v -0.277953 1.490770 -3.462279
v -0.271960 1.500000 -3.406734
v -0.277149 1.498926 -3.415427
v -0.271558 1.495778 -3.461052
v -0.256722 1.500000 -3.455074
v -0.264110 1.498926 -3.459624
v -0.240985 1.500000 -3.453576
v -0.235849 1.500000 -3.505478
v -0.240985 1.500000 -3.557379
v -0.256196 1.500000 -3.607287
v -0.280897 1.500000 -3.653282
v -0.314138 1.500000 -3.693597
v -0.354643 1.500000 -3.726682
v -0.400855 1.500000 -3.751267
v -0.450998 1.500000 -3.766407
v -0.503145 1.500000 -3.771518
v -0.555291 1.500000 -3.766407
v -0.605434 1.500000 -3.751267
v -0.651646 1.500000 -3.726682
v -0.692151 1.500000 -3.693597
v -0.725393 1.500000 -3.653282
v -0.750094 1.500000 -3.607287
v -0.765304 1.500000 -3.557379
v -0.770440 1.500000 -3.505478
v -0.765304 1.500000 -3.453576
v -0.750094 1.500000 -3.403668
v -0.725393 1.500000 -3.357673
v -0.692151 1.500000 -3.317358
v -0.651646 1.500000 -3.284273
v -0.605434 1.500000 -3.259688
v -0.555291 1.500000 -3.244549
v -0.503145 1.500000 -3.239437
v -0.450998 1.500000 -3.244549
v -0.400855 1.500000 -3.259688
v -0.354643 1.500000 -3.284273
v -0.314138 1.500000 -3.317358
v -0.280897 1.500000 -3.357673
v -0.256196 1.500000 -3.403668
v -0.288165 1.210084 -3.458379
v -0.283019 1.210084 -3.505478
v -0.288165 1.210084 -3.552576
v -0.303364 1.210084 -3.597472
v -0.327904 1.210084 -3.638067
v -0.360638 1.210084 -3.672462
v -0.400036 1.210084 -3.699049
v -0.444255 1.210084 -3.716584
v -0.491227 1.210084 -3.724249
v -0.538757 1.210084 -3.721684
v -0.584622 1.210084 -3.709009
v -0.626676 1.210084 -3.686818
v -0.662955 1.210084 -3.656147
v -0.691761 1.210084 -3.618432
v -0.711748 1.210084 -3.575434
v -0.721980 1.210084 -3.529166
v -0.721980 1.210084 -3.481790
v -0.711748 1.210084 -3.435521
v -0.691761 1.210084 -3.392524
v -0.662955 1.210084 -3.354808
v -0.626676 1.210084 -3.324137
v -0.584622 1.210084 -3.301946
v -0.538757 1.210084 -3.289272
v -0.491227 1.210084 -3.286707
v -0.444255 1.210084 -3.294371
v -0.400036 1.210084 -3.311907
v -0.360638 1.210084 -3.338494
v -0.327904 1.210084 -3.372889
v -0.303364 1.210084 -3.413483
v -0.209489 1.468487 -3.560114
v -0.210542 1.476643 -3.559918
v -0.204403 1.468487 -3.505478
v -0.205474 1.476643 -3.505478
v -0.209489 1.468487 -3.450842
v -0.210542 1.476643 -3.451038
v -0.224576 1.468487 -3.398066
v -0.225575 1.476643 -3.398452
v -0.249149 1.468487 -3.348948
v -0.250060 1.476643 -3.349510
v -0.282372 1.468487 -3.305161
v -0.283163 1.476643 -3.305880
v -0.323112 1.468487 -3.268196
v -0.323758 1.476643 -3.269047
v -0.369984 1.468487 -3.239310
v -0.370461 1.476643 -3.240265
v -0.421390 1.468487 -3.219489
v -0.421683 1.476643 -3.220515
v -0.475580 1.468487 -3.209407
v -0.475679 1.476643 -3.210469
v -0.530709 1.468487 -3.209407
v -0.530610 1.476643 -3.210469
v -0.584899 1.468487 -3.219489
v -0.584606 1.476643 -3.220515
v -0.636306 1.468487 -3.239310
v -0.635828 1.476643 -3.240265
v -0.683177 1.468487 -3.268196
v -0.682531 1.476643 -3.269047
v -0.723918 1.468487 -3.305161
v -0.723126 1.476643 -3.305880
v -0.757140 1.468487 -3.348948
v -0.756229 1.476643 -3.349510
v -0.781713 1.468487 -3.398066
v -0.780714 1.476643 -3.398452
v -0.796800 1.468487 -3.450842
v -0.795747 1.476643 -3.451038
v -0.801887 1.468487 -3.505478
v -0.800815 1.476643 -3.505478
v -0.796800 1.468487 -3.560114
v -0.795747 1.476643 -3.559918
v -0.781713 1.468487 -3.612889
v -0.780714 1.476643 -3.612504
v -0.757140 1.468487 -3.662007
v -0.756229 1.476643 -3.661445
v -0.723918 1.468487 -3.705794
v -0.723126 1.476643 -3.705076
v -0.683177 1.468487 -3.742760
v -0.682531 1.476643 -3.741909
v -0.636306 1.468487 -3.771645
v -0.635828 1.476643 -3.770690
v -0.584899 1.468487 -3.791466
v -0.584606 1.476643 -3.790441
v -0.530709 1.468487 -3.801549
v -0.530610 1.476643 -3.800487
v -0.475580 1.468487 -3.801549
v -0.475679 1.476643 -3.800487
v -0.421390 1.468487 -3.791466
v -0.421683 1.476643 -3.790441
v -0.369984 1.468487 -3.771645
v -0.370461 1.476643 -3.770690
v -0.323112 1.468487 -3.742760
v -0.323758 1.476643 -3.741909
v -0.282372 1.468487 -3.705794
v -0.283163 1.476643 -3.705076
v -0.249149 1.468487 -3.662007
v -0.250060 1.476643 -3.661445
v -0.224576 1.468487 -3.612889
v -0.225575 1.476643 -3.612504
v -0.232400 1.498926 -3.455104
v -0.227710 1.498926 -3.505478
v -0.232400 1.498926 -3.555851
v -0.220126 1.495778 -3.505478
v -0.224945 1.495778 -3.557238
v -0.213613 1.490770 -3.505478
v -0.218543 1.490770 -3.558429
v -0.208616 1.484243 -3.505478
v -0.213630 1.484243 -3.559343
v -0.246310 1.498926 -3.406446
v -0.268965 1.498926 -3.361161
v -0.299596 1.498926 -3.320790
v -0.337158 1.498926 -3.286708
v -0.380373 1.498926 -3.260076
v -0.427768 1.498926 -3.241802
v -0.477731 1.498926 -3.232506
v -0.528559 1.498926 -3.232506
v -0.578521 1.498926 -3.241802
v -0.625916 1.498926 -3.260076
v -0.669131 1.498926 -3.286708
v -0.706693 1.498926 -3.320790
v -0.737324 1.498926 -3.361161
v -0.759980 1.498926 -3.406446
v -0.773889 1.498926 -3.455104
v -0.778579 1.498926 -3.505478
v -0.773889 1.498926 -3.555851
v -0.781345 1.495778 -3.557238
v -0.767052 1.495778 -3.607236
v -0.773125 1.490770 -3.609577
v -0.749309 1.490770 -3.657181
v -0.753558 1.484243 -3.659799
v -0.720804 1.484243 -3.702969
v -0.759980 1.498926 -3.604509
v -0.743772 1.495778 -3.653769
v -0.717111 1.490770 -3.699618
v -0.680638 1.484243 -3.739413
v -0.737324 1.498926 -3.649795
v -0.712298 1.495778 -3.695251
v -0.677626 1.490770 -3.735444
v -0.634428 1.484243 -3.767892
v -0.706693 1.498926 -3.690166
v -0.673702 1.495778 -3.730271
v -0.632200 1.490770 -3.763439
v -0.583746 1.484243 -3.787433
v -0.669131 1.498926 -3.724247
v -0.629297 1.495778 -3.757637
v -0.582379 1.490770 -3.782649
v -0.530320 1.484243 -3.797374
v -0.625916 1.498926 -3.750879
v -0.580596 1.495778 -3.776415
v -0.529859 1.490770 -3.792421
v -0.475969 1.484243 -3.797374
v -0.578521 1.498926 -3.769154
v -0.529258 1.495778 -3.785966
v -0.476430 1.490770 -3.792421
v -0.422543 1.484243 -3.787433
v -0.528559 1.498926 -3.778450
v -0.477031 1.495778 -3.785966
v -0.423911 1.490770 -3.782649
v -0.371862 1.484243 -3.767892
v -0.477731 1.498926 -3.778450
v -0.425693 1.495778 -3.776415
v -0.374089 1.490770 -3.763439
v -0.325651 1.484243 -3.739413
v -0.427768 1.498926 -3.769154
v -0.376992 1.495778 -3.757637
v -0.328663 1.490770 -3.735444
v -0.285485 1.484243 -3.702969
v -0.380373 1.498926 -3.750879
v -0.332588 1.495778 -3.730271
v -0.289178 1.490770 -3.699618
v -0.252731 1.484243 -3.659799
v -0.337158 1.498926 -3.724247
v -0.293991 1.495778 -3.695251
v -0.256980 1.490770 -3.657181
v -0.228504 1.484243 -3.611374
v -0.299596 1.498926 -3.690166
v -0.262517 1.495778 -3.653769
v -0.233164 1.490770 -3.609577
v -0.268965 1.498926 -3.649795
v -0.239237 1.495778 -3.607236
v -0.246310 1.498926 -3.604509
v -0.797674 1.484243 -3.505478
v -0.792659 1.484243 -3.559343
v -0.777785 1.484243 -3.611374
v -0.792676 1.490770 -3.505478
v -0.787747 1.490770 -3.558429
v -0.792659 1.484243 -3.451612
v -0.777785 1.484243 -3.399581
v -0.753558 1.484243 -3.351156
v -0.720804 1.484243 -3.307986
v -0.680638 1.484243 -3.271542
v -0.634428 1.484243 -3.243064
v -0.583746 1.484243 -3.223522
v -0.530320 1.484243 -3.213582
v -0.475969 1.484243 -3.213582
v -0.422543 1.484243 -3.223522
v -0.371862 1.484243 -3.243064
v -0.325651 1.484243 -3.271542
v -0.285485 1.484243 -3.307986
v -0.252731 1.484243 -3.351156
v -0.228504 1.484243 -3.399581
v -0.213630 1.484243 -3.451612
v -0.786164 1.495778 -3.505478
v -0.787747 1.490770 -3.452526
v -0.773125 1.490770 -3.401378
v -0.749309 1.490770 -3.353775
v -0.717111 1.490770 -3.311337
v -0.677626 1.490770 -3.275511
v -0.632200 1.490770 -3.247516
v -0.582379 1.490770 -3.228306
v -0.529859 1.490770 -3.218534
v -0.476430 1.490770 -3.218534
v -0.423911 1.490770 -3.228306
v -0.374089 1.490770 -3.247516
v -0.328663 1.490770 -3.275511
v -0.289178 1.490770 -3.311337
v -0.256980 1.490770 -3.353775
v -0.233164 1.490770 -3.401378
v -0.218543 1.490770 -3.452526
v -0.781345 1.495778 -3.453717
v -0.767052 1.495778 -3.403719
v -0.743772 1.495778 -3.357187
v -0.712298 1.495778 -3.315704
v -0.673702 1.495778 -3.280684
v -0.629297 1.495778 -3.253319
v -0.580596 1.495778 -3.234541
v -0.529258 1.495778 -3.224989
v -0.477031 1.495778 -3.224989
v -0.425693 1.495778 -3.234541
v -0.376992 1.495778 -3.253319
v -0.332588 1.495778 -3.280684
v -0.293991 1.495778 -3.315704
v -0.262517 1.495778 -3.357187
v -0.239237 1.495778 -3.403719
v -0.224945 1.495778 -3.453717
v -0.209489 1.210084 -3.560114
v -0.204403 1.210084 -3.505478
v -0.209489 1.210084 -3.450842
v -0.224576 1.210084 -3.398066
v -0.249149 1.210084 -3.348948
v -0.282372 1.210084 -3.305161
v -0.323112 1.210084 -3.268196
v -0.369984 1.210084 -3.239310
v -0.421390 1.210084 -3.219489
v -0.475580 1.210084 -3.209407
v -0.530709 1.210084 -3.209407
v -0.584899 1.210084 -3.219489
v -0.636306 1.210084 -3.239310
v -0.683177 1.210084 -3.268196
v -0.723918 1.210084 -3.305161
v -0.757140 1.210084 -3.348948
v -0.781713 1.210084 -3.398066
v -0.796800 1.210084 -3.450842
v -0.801887 1.210084 -3.505478
v -0.796800 1.210084 -3.560114
v -0.781713 1.210084 -3.612889
v -0.757140 1.210084 -3.662007
v -0.723918 1.210084 -3.705794
v -0.683177 1.210084 -3.742760
v -0.636306 1.210084 -3.771645
v -0.584899 1.210084 -3.791466
v -0.530709 1.210084 -3.801549
v -0.475580 1.210084 -3.801549
v -0.421390 1.210084 -3.791466
v -0.369984 1.210084 -3.771645
v -0.323112 1.210084 -3.742760
v -0.282372 1.210084 -3.705794
v -0.249149 1.210084 -3.662007
v -0.224576 1.210084 -3.612889
v 0.796800 1.468487 -2.558549
v 0.795747 1.476643 -2.558353
v 0.801887 1.468487 -2.503913
v 0.800815 1.476643 -2.503913
v 0.796800 1.468487 -2.449277
v 0.795747 1.476643 -2.449473
v 0.781713 1.468487 -2.396501
v 0.780714 1.476643 -2.396887
v 0.757140 1.468487 -2.347383
v 0.756229 1.476643 -2.347945
v 0.723918 1.468487 -2.303596
v 0.723126 1.476643 -2.304315
v 0.683177 1.468487 -2.266631
v 0.682531 1.476643 -2.267482
v 0.636306 1.468487 -2.237745
v 0.635828 1.476643 -2.238700
v 0.584899 1.468487 -2.217924
v 0.584606 1.476643 -2.218950
v 0.530709 1.468487 -2.207842
v 0.530610 1.476643 -2.208904
v 0.475580 1.468487 -2.207842
v 0.475679 1.476643 -2.208904
v 0.421390 1.468487 -2.217924
v 0.421683 1.476643 -2.218950
v 0.369984 1.468487 -2.237745
v 0.370461 1.476643 -2.238700
v 0.323112 1.468487 -2.266631
v 0.323758 1.476643 -2.267482
v 0.282372 1.468487 -2.303596
v 0.283163 1.476643 -2.304315
v 0.249149 1.468487 -2.347383
v 0.250060 1.476643 -2.347945
v 0.224576 1.468487 -2.396501
v 0.225575 1.476643 -2.396887
v 0.209489 1.468487 -2.449277
v 0.210542 1.476643 -2.449473
v 0.204403 1.468487 -2.503913
v 0.205474 1.476643 -2.503913
v 0.209489 1.468487 -2.558549
v 0.210542 1.476643 -2.558353
v 0.224576 1.468487 -2.611324
v 0.225575 1.476643 -2.610939
v 0.249149 1.468487 -2.660442
v 0.250060 1.476643 -2.659880
v 0.282372 1.468487 -2.704229
v 0.283163 1.476643 -2.703511
v 0.323112 1.468487 -2.741195
v 0.323758 1.476643 -2.740344
v 0.369984 1.468487 -2.770080
v 0.370461 1.476643 -2.769125
v 0.421390 1.468487 -2.789901
v 0.421683 1.476643 -2.788876
v 0.475580 1.468487 -2.799984
v 0.475679 1.476643 -2.798922
v 0.530709 1.468487 -2.799984
v 0.530610 1.476643 -2.798922
v 0.584899 1.468487 -2.789901
v 0.584606 1.476643 -2.788876
v 0.636306 1.468487 -2.770080
v 0.635828 1.476643 -2.769125
v 0.683177 1.468487 -2.741195
v 0.682531 1.476643 -2.740344
v 0.723918 1.468487 -2.704229
v 0.723126 1.476643 -2.703511
v 0.757140 1.468487 -2.660442
v 0.756229 1.476643 -2.659880
v 0.781713 1.468487 -2.611324
v 0.780714 1.476643 -2.610939
v 0.765304 1.500000 -2.452011
v 0.773889 1.498926 -2.453539
v 0.770440 1.500000 -2.503913
v 0.778579 1.498926 -2.503913
v 0.773889 1.498926 -2.554286
v 0.786164 1.495778 -2.503913
v 0.781345 1.495778 -2.555673
v 0.792676 1.490770 -2.503913
v 0.787747 1.490770 -2.556864
v 0.797674 1.484243 -2.503913
v 0.792659 1.484243 -2.557778
v 0.759980 1.498926 -2.404881
v 0.750094 1.500000 -2.402103
v 0.737324 1.498926 -2.359596
v 0.725393 1.500000 -2.356108
v 0.706693 1.498926 -2.319225
v 0.692151 1.500000 -2.315794
v 0.669131 1.498926 -2.285143
v 0.651646 1.500000 -2.282708
v 0.625916 1.498926 -2.258511
v 0.605434 1.500000 -2.258123
v 0.578521 1.498926 -2.240237
v 0.555291 1.500000 -2.242984
v 0.528559 1.498926 -2.230941
v 0.503145 1.500000 -2.237872
v 0.477731 1.498926 -2.230941
v 0.450998 1.500000 -2.242984
v 0.427768 1.498926 -2.240237
v 0.400855 1.500000 -2.258123
v 0.380373 1.498926 -2.258511
v 0.354643 1.500000 -2.282708
v 0.337158 1.498926 -2.285143
v 0.314138 1.500000 -2.315794
v 0.299596 1.498926 -2.319225
v 0.280897 1.500000 -2.356108
v 0.268965 1.498926 -2.359596
v 0.256196 1.500000 -2.402103
v 0.246310 1.498926 -2.404881
v 0.240985 1.500000 -2.452011
v 0.232400 1.498926 -2.453539
v 0.235849 1.500000 -2.503913
v 0.227710 1.498926 -2.503913
v 0.232400 1.498926 -2.554286
v 0.224945 1.495778 -2.555673
v 0.239237 1.495778 -2.605671
v 0.233164 1.490770 -2.608012
v 0.256980 1.490770 -2.655616
v 0.252731 1.484243 -2.658234
v 0.285485 1.484243 -2.701404
v 0.240985 1.500000 -2.555815
v 0.246310 1.498926 -2.602944
v 0.262517 1.495778 -2.652204
v 0.289178 1.490770 -2.698053
v 0.325651 1.484243 -2.737849
v 0.256196 1.500000 -2.605722
v 0.268965 1.498926 -2.648230
v 0.293991 1.495778 -2.693686
v 0.328663 1.490770 -2.733879
v 0.371862 1.484243 -2.766327
v 0.280897 1.500000 -2.651717
v 0.299596 1.498926 -2.688601
v 0.332588 1.495778 -2.728706
v 0.374089 1.490770 -2.761874
v 0.422543 1.484243 -2.785868
v 0.314138 1.500000 -2.692032
v 0.337158 1.498926 -2.722682
v 0.376992 1.495778 -2.756072
v 0.423911 1.490770 -2.781084
v 0.475969 1.484243 -2.795809
v 0.354643 1.500000 -2.725117
v 0.380373 1.498926 -2.749314
v 0.425693 1.495778 -2.774850
v 0.476430 1.490770 -2.790856
v 0.530320 1.484243 -2.795809
v 0.400855 1.500000 -2.749702
v 0.427768 1.498926 -2.767589
v 0.477031 1.495778 -2.784401
v 0.529859 1.490770 -2.790856
v 0.583746 1.484243 -2.785868
v 0.450998 1.500000 -2.764842
v 0.477731 1.498926 -2.776885
v 0.529258 1.495778 -2.784401
v 0.582379 1.490770 -2.781084
v 0.634428 1.484243 -2.766327
v 0.503145 1.500000 -2.769953
v 0.528559 1.498926 -2.776885
v 0.580596 1.495778 -2.774850
v 0.632200 1.490770 -2.761874
v 0.680638 1.484243 -2.737849
v 0.555291 1.500000 -2.764842
v 0.578521 1.498926 -2.767589
v 0.629297 1.495778 -2.756072
v 0.677626 1.490770 -2.733879
v 0.720804 1.484243 -2.701404
v 0.605434 1.500000 -2.749702
v 0.625916 1.498926 -2.749314
v 0.673702 1.495778 -2.728706
v 0.717111 1.490770 -2.698053
v 0.753558 1.484243 -2.658234
v 0.651646 1.500000 -2.725117
v 0.669131 1.498926 -2.722682
v 0.712298 1.495778 -2.693686
v 0.749309 1.490770 -2.655616
v 0.777785 1.484243 -2.609809
v 0.692151 1.500000 -2.692032
v 0.706693 1.498926 -2.688601
v 0.743772 1.495778 -2.652204
v 0.773125 1.490770 -2.608012
v 0.725393 1.500000 -2.651717
v 0.737324 1.498926 -2.648230
v 0.767052 1.495778 -2.605671
v 0.750094 1.500000 -2.605722
v 0.759980 1.498926 -2.602944
v 0.765304 1.500000 -2.555815
v 0.208616 1.484243 -2.503913
v 0.213630 1.484243 -2.557778
v 0.228504 1.484243 -2.609809
v 0.213613 1.490770 -2.503913
v 0.218543 1.490770 -2.556864
v 0.213630 1.484244 -2.450047
v 0.228504 1.484244 -2.398016
v 0.252731 1.484244 -2.349591
v 0.285485 1.484244 -2.306421
v 0.325651 1.484244 -2.269977
v 0.371862 1.484244 -2.241499
v 0.422543 1.484244 -2.221957
v 0.475969 1.484244 -2.212017
v 0.530320 1.484244 -2.212017
v 0.583746 1.484244 -2.221957
v 0.634428 1.484244 -2.241499
v 0.680638 1.484244 -2.269977
v 0.720804 1.484244 -2.306421
v 0.753558 1.484244 -2.349591
v 0.777785 1.484244 -2.398016
v 0.792659 1.484244 -2.450047
v 0.220126 1.495778 -2.503913
v 0.218543 1.490770 -2.450961
v 0.233164 1.490770 -2.399813
v 0.256980 1.490770 -2.352210
v 0.289178 1.490770 -2.309772
v 0.328663 1.490770 -2.273946
v 0.374089 1.490770 -2.245951
v 0.423911 1.490770 -2.226741
v 0.476430 1.490770 -2.216969
v 0.529859 1.490770 -2.216969
v 0.582379 1.490770 -2.226741
v 0.632200 1.490770 -2.245951
v 0.677626 1.490770 -2.273946
v 0.717111 1.490770 -2.309772
v 0.749309 1.490770 -2.352210
v 0.773125 1.490770 -2.399813
v 0.787747 1.490770 -2.450961
v 0.224945 1.495778 -2.452152
v 0.239237 1.495778 -2.402154
v 0.262517 1.495778 -2.355622
v 0.293991 1.495778 -2.314139
v 0.332588 1.495778 -2.279119
v 0.376992 1.495778 -2.251754
v 0.425693 1.495778 -2.232976
v 0.477031 1.495778 -2.223424
v 0.529258 1.495778 -2.223424
v 0.580596 1.495778 -2.232976
v 0.629297 1.495778 -2.251754
v 0.673702 1.495778 -2.279119
v 0.712298 1.495778 -2.314139
v 0.743772 1.495778 -2.355622
v 0.767052 1.495778 -2.402154
v 0.781345 1.495778 -2.452152
v 0.749567 1.500000 -2.453509
v 0.754717 1.500000 -2.503913
v 0.734329 1.500000 -2.405169
v 0.709626 1.500000 -2.360872
v 0.676470 1.500000 -2.322431
v 0.636217 1.500000 -2.291420
v 0.590517 1.500000 -2.269108
v 0.541240 1.500000 -2.256409
v 0.490403 1.500000 -2.253843
v 0.440087 1.500000 -2.261515
v 0.392354 1.500000 -2.279110
v 0.349156 1.500000 -2.305909
v 0.312262 1.500000 -2.340815
v 0.283183 1.500000 -2.382397
v 0.263110 1.500000 -2.428955
v 0.252863 1.500000 -2.478581
v 0.252863 1.500000 -2.529244
v 0.263110 1.500000 -2.578871
v 0.283183 1.500000 -2.625428
v 0.312262 1.500000 -2.667011
v 0.349156 1.500000 -2.701916
v 0.392354 1.500000 -2.728715
v 0.440087 1.500000 -2.746311
v 0.490403 1.500000 -2.753983
v 0.541240 1.500000 -2.751416
v 0.590517 1.500000 -2.738718
v 0.636217 1.500000 -2.716406
v 0.676470 1.500000 -2.685394
v 0.709626 1.500000 -2.646953
v 0.734329 1.500000 -2.602656
v 0.749567 1.500000 -2.554316
v 0.796800 1.210084 -2.558549
v 0.801887 1.210084 -2.503913
v 0.796800 1.210084 -2.449277
v 0.781713 1.210084 -2.396501
v 0.757140 1.210084 -2.347383
v 0.723918 1.210084 -2.303596
v 0.683177 1.210084 -2.266631
v 0.636306 1.210084 -2.237745
v 0.584899 1.210084 -2.217924
v 0.530709 1.210084 -2.207842
v 0.475580 1.210084 -2.207842
v 0.421390 1.210084 -2.217924
v 0.369984 1.210084 -2.237745
v 0.323112 1.210084 -2.266631
v 0.282372 1.210084 -2.303596
v 0.249149 1.210084 -2.347383
v 0.224576 1.210084 -2.396501
v 0.209489 1.210084 -2.449277
v 0.204403 1.210084 -2.503913
v 0.209489 1.210084 -2.558549
v 0.224576 1.210084 -2.611324
v 0.249149 1.210084 -2.660442
v 0.282372 1.210084 -2.704229
v 0.323112 1.210084 -2.741195
v 0.369984 1.210084 -2.770080
v 0.421390 1.210084 -2.789901
v 0.475580 1.210084 -2.799984
v 0.530709 1.210084 -2.799984
v 0.584899 1.210084 -2.789901
v 0.636306 1.210084 -2.770080
v 0.683177 1.210084 -2.741195
v 0.723918 1.210084 -2.704229
v 0.757140 1.210084 -2.660442
v 0.781713 1.210084 -2.611324
v 0.718124 1.468487 -2.456814
v 0.720345 1.476643 -2.462247
v 0.723270 1.468487 -2.503913
v 0.724342 1.476643 -2.503913
v 0.720345 1.476643 -2.545578
v 0.727484 1.484243 -2.503913
v 0.723429 1.484243 -2.546170
v 0.732481 1.490770 -2.503913
v 0.728337 1.490770 -2.547111
v 0.738994 1.495778 -2.503913
v 0.734732 1.495778 -2.548338
v 0.746578 1.498926 -2.503913
v 0.742179 1.498926 -2.549767
v 0.708497 1.476643 -2.422088
v 0.702925 1.468487 -2.411918
v 0.689228 1.476643 -2.384886
v 0.678385 1.468487 -2.371324
v 0.663233 1.476643 -2.351986
v 0.645651 1.468487 -2.336929
v 0.631452 1.476643 -2.324577
v 0.606253 1.468487 -2.310342
v 0.595033 1.476643 -2.303649
v 0.562035 1.468487 -2.292806
v 0.555294 1.476643 -2.289960
v 0.515062 1.468487 -2.285142
v 0.513670 1.476643 -2.284003
v 0.471665 1.476643 -2.285995
v 0.471218 1.484244 -2.282900
v 0.429771 1.484244 -2.292907
v 0.428136 1.490770 -2.288207
v 0.388477 1.490770 -2.306234
v 0.385220 1.495778 -2.300620
v 0.348696 1.495778 -2.326507
v 0.343730 1.498926 -2.320802
v 0.311793 1.498926 -2.354139
v 0.286772 1.498926 -2.392889
v 0.269572 1.498926 -2.435652
v 0.260814 1.498926 -2.480881
v 0.260814 1.498926 -2.526944
v 0.268364 1.495778 -2.481599
v 0.268364 1.495778 -2.526226
v 0.274847 1.490770 -2.482215
v 0.274847 1.490770 -2.525610
v 0.279822 1.484244 -2.482688
v 0.279822 1.484243 -2.525137
v 0.282949 1.476643 -2.482985
v 0.282949 1.476643 -2.524840
v 0.284309 1.468487 -2.527601
v 0.290907 1.476643 -2.565939
v 0.294542 1.468487 -2.573869
v 0.306537 1.476643 -2.604795
v 0.314528 1.468487 -2.616867
v 0.329272 1.476643 -2.640006
v 0.343334 1.468487 -2.654582
v 0.358291 1.476643 -2.670298
v 0.379613 1.468487 -2.685253
v 0.392546 1.476643 -2.694576
v 0.421668 1.468487 -2.707444
v 0.430798 1.476643 -2.711963
v 0.467532 1.468487 -2.720119
v 0.471665 1.476643 -2.721831
v 0.515062 1.468487 -2.722684
v 0.513670 1.476643 -2.723822
v 0.555294 1.476643 -2.717865
v 0.556035 1.484243 -2.720904
v 0.596338 1.484243 -2.707020
v 0.598414 1.490770 -2.711545
v 0.636173 1.490770 -2.689847
v 0.639951 1.495778 -2.695128
v 0.673837 1.495778 -2.665903
v 0.679326 1.498926 -2.671112
v 0.707934 1.498926 -2.634905
v 0.729140 1.498926 -2.593963
v 0.467532 1.468487 -2.287707
v 0.430798 1.476643 -2.295862
v 0.390975 1.484244 -2.310542
v 0.352961 1.490770 -2.331405
v 0.317755 1.495778 -2.358805
v 0.421668 1.468487 -2.300381
v 0.392546 1.476643 -2.313249
v 0.356234 1.484244 -2.335165
v 0.322874 1.490770 -2.362812
v 0.293514 1.495778 -2.396348
v 0.379613 1.468487 -2.322572
v 0.358291 1.476643 -2.337528
v 0.326802 1.484244 -2.365887
v 0.299302 1.490770 -2.399318
v 0.276849 1.495778 -2.437778
v 0.343334 1.468487 -2.353243
v 0.329272 1.476643 -2.367820
v 0.303744 1.484244 -2.401597
v 0.283098 1.490770 -2.439605
v 0.314528 1.468487 -2.390959
v 0.306537 1.476643 -2.403030
v 0.287893 1.484244 -2.441006
v 0.294542 1.468487 -2.433956
v 0.290907 1.476643 -2.441887
v 0.284309 1.468487 -2.480225
v 0.562035 1.468487 -2.715019
v 0.595033 1.476643 -2.704176
v 0.633274 1.484243 -2.685796
v 0.669123 1.490770 -2.661430
v 0.701554 1.495778 -2.630824
v 0.606253 1.468487 -2.697484
v 0.631452 1.476643 -2.683249
v 0.665506 1.484243 -2.657997
v 0.696075 1.490770 -2.627319
v 0.722099 1.495778 -2.591157
v 0.645651 1.468487 -2.670897
v 0.663233 1.476643 -2.655840
v 0.691871 1.484243 -2.624630
v 0.716053 1.490770 -2.588748
v 0.678385 1.468487 -2.636502
v 0.689228 1.476643 -2.622940
v 0.711414 1.484243 -2.586900
v 0.702925 1.468487 -2.595907
v 0.708497 1.476643 -2.585737
v 0.718124 1.468487 -2.551011
v 0.644350 1.498926 -2.701277
v 0.601120 1.495778 -2.717441
v 0.557213 1.490770 -2.725738
v 0.513819 1.484243 -2.726945
v 0.604271 1.498926 -2.724308
v 0.558748 1.495778 -2.732038
v 0.514057 1.490770 -2.731914
v 0.471218 1.484243 -2.724926
v 0.560536 1.498926 -2.739373
v 0.514367 1.495778 -2.738389
v 0.470507 1.490770 -2.729849
v 0.429771 1.484243 -2.714918
v 0.514728 1.498926 -2.745929
v 0.469580 1.495778 -2.736265
v 0.428136 1.490770 -2.719618
v 0.390975 1.484243 -2.697284
v 0.468501 1.498926 -2.743737
v 0.426006 1.495778 -2.725744
v 0.388477 1.490770 -2.701591
v 0.356234 1.484243 -2.672661
v 0.423525 1.498926 -2.732877
v 0.385220 1.495778 -2.707205
v 0.352961 1.490770 -2.676420
v 0.326802 1.484243 -2.641939
v 0.381428 1.498926 -2.713742
v 0.348696 1.495778 -2.681319
v 0.322874 1.490770 -2.645014
v 0.303744 1.484243 -2.606228
v 0.343730 1.498926 -2.687024
v 0.317755 1.495778 -2.649020
v 0.299302 1.490770 -2.608507
v 0.287893 1.484243 -2.566819
v 0.311793 1.498926 -2.653687
v 0.293514 1.495778 -2.611478
v 0.283098 1.490770 -2.568221
v 0.286772 1.498926 -2.614937
v 0.276849 1.495778 -2.570047
v 0.269572 1.498926 -2.572174
v 0.381428 1.498926 -2.294083
v 0.426006 1.495778 -2.282081
v 0.470507 1.490770 -2.277977
v 0.513819 1.484244 -2.280880
v 0.423525 1.498926 -2.274948
v 0.469580 1.495778 -2.271560
v 0.514057 1.490770 -2.275912
v 0.556035 1.484244 -2.286921
v 0.468501 1.498926 -2.264088
v 0.514367 1.495778 -2.269437
v 0.557213 1.490770 -2.282087
v 0.596338 1.484244 -2.300805
v 0.514728 1.498926 -2.261897
v 0.558748 1.495778 -2.275788
v 0.598414 1.490770 -2.296280
v 0.633274 1.484244 -2.322030
v 0.560536 1.498926 -2.268452
v 0.601120 1.495778 -2.290384
v 0.636173 1.490770 -2.317978
v 0.665506 1.484244 -2.349828
v 0.604271 1.498926 -2.283518
v 0.639951 1.495778 -2.312698
v 0.669123 1.490770 -2.346396
v 0.691871 1.484244 -2.383195
v 0.644350 1.498926 -2.306549
v 0.673837 1.495778 -2.341922
v 0.696075 1.490770 -2.380506
v 0.711414 1.484244 -2.420926
v 0.679326 1.498926 -2.336713
v 0.701554 1.495778 -2.377002
v 0.716053 1.490770 -2.419077
v 0.723429 1.484244 -2.461656
v 0.707934 1.498926 -2.372921
v 0.722099 1.495778 -2.416668
v 0.728337 1.490770 -2.460714
v 0.729140 1.498926 -2.413862
v 0.734732 1.495778 -2.459487
v 0.742179 1.498926 -2.458059
v 0.718124 1.210084 -2.456814
v 0.723270 1.210084 -2.503913
v 0.718124 1.210084 -2.551011
v 0.702925 1.210084 -2.595907
v 0.678385 1.210084 -2.636502
v 0.645651 1.210084 -2.670897
v 0.606253 1.210084 -2.697484
v 0.562035 1.210084 -2.715019
v 0.515062 1.210084 -2.722684
v 0.467532 1.210084 -2.720119
v 0.421668 1.210084 -2.707444
v 0.379613 1.210084 -2.685253
v 0.343334 1.210084 -2.654582
v 0.314528 1.210084 -2.616867
v 0.294542 1.210084 -2.573869
v 0.284309 1.210084 -2.527601
v 0.284309 1.210084 -2.480225
v 0.294542 1.210084 -2.433956
v 0.314528 1.210084 -2.390959
v 0.343334 1.210084 -2.353243
v 0.379613 1.210084 -2.322572
v 0.421668 1.210084 -2.300381
v 0.467532 1.210084 -2.287707
v 0.515062 1.210084 -2.285142
v 0.562035 1.210084 -2.292806
v 0.606253 1.210084 -2.310342
v 0.645651 1.210084 -2.336929
v 0.678385 1.210084 -2.371324
v 0.702925 1.210084 -2.411918
v -0.288165 1.468487 -2.456814
v -0.285945 1.476643 -2.462247
v -0.283019 1.468487 -2.503913
v -0.281947 1.476643 -2.503913
v -0.285945 1.476643 -2.545578
v -0.278806 1.484243 -2.503913
v -0.282860 1.484243 -2.546170
v -0.273808 1.490770 -2.503913
v -0.277953 1.490770 -2.547111
v -0.267296 1.495778 -2.503913
v -0.271558 1.495778 -2.548338
v -0.259711 1.498926 -2.503913
v -0.264110 1.498926 -2.549767
v -0.251572 1.500000 -2.503913
v -0.256722 1.500000 -2.554316
v -0.297792 1.476643 -2.422088
v -0.303364 1.468487 -2.411918
v -0.317062 1.476643 -2.384886
v -0.327904 1.468487 -2.371324
v -0.343057 1.476643 -2.351986
v -0.360638 1.468487 -2.336929
v -0.374838 1.476643 -2.324577
v -0.400036 1.468487 -2.310342
v -0.411256 1.476643 -2.303649
v -0.444255 1.468487 -2.292806
v -0.450995 1.476643 -2.289960
v -0.491227 1.468487 -2.285142
v -0.492620 1.476643 -2.284003
v -0.534624 1.476643 -2.285995
v -0.535071 1.484244 -2.282900
v -0.576519 1.484244 -2.292907
v -0.578153 1.490770 -2.288207
v -0.617813 1.490770 -2.306234
v -0.621069 1.495778 -2.300620
v -0.657593 1.495778 -2.326507
v -0.662560 1.498926 -2.320802
v -0.694496 1.498926 -2.354139
v -0.694027 1.500000 -2.340815
v -0.723106 1.500000 -2.382397
v -0.719517 1.498926 -2.392889
v -0.743180 1.500000 -2.428955
v -0.736717 1.498926 -2.435652
v -0.753426 1.500000 -2.478581
v -0.745476 1.498926 -2.480881
v -0.745476 1.498926 -2.526944
v -0.737926 1.495778 -2.481599
v -0.737926 1.495778 -2.526226
v -0.731443 1.490770 -2.482215
v -0.731443 1.490770 -2.525610
v -0.726468 1.484244 -2.482688
v -0.726468 1.484243 -2.525137
v -0.723340 1.476643 -2.482985
v -0.723340 1.476643 -2.524840
v -0.721980 1.468487 -2.527601
v -0.715382 1.476643 -2.565939
v -0.711748 1.468487 -2.573869
v -0.699753 1.476643 -2.604795
v -0.691761 1.468487 -2.616867
v -0.677018 1.476643 -2.640006
v -0.662955 1.468487 -2.654582
v -0.647998 1.476643 -2.670298
v -0.626676 1.468487 -2.685253
v -0.613743 1.476643 -2.694576
v -0.584622 1.468487 -2.707444
v -0.575491 1.476643 -2.711963
v -0.538757 1.468487 -2.720119
v -0.534624 1.476643 -2.721831
v -0.491227 1.468487 -2.722684
v -0.492620 1.476643 -2.723822
v -0.450995 1.476643 -2.717865
v -0.450255 1.484243 -2.720904
v -0.409951 1.484243 -2.707020
v -0.407875 1.490770 -2.711545
v -0.370117 1.490770 -2.689847
v -0.366339 1.495778 -2.695128
v -0.332453 1.495778 -2.665903
v -0.326964 1.498926 -2.671112
v -0.298355 1.498926 -2.634905
v -0.296663 1.500000 -2.646953
v -0.271960 1.500000 -2.602656
v -0.277149 1.498926 -2.593963
v -0.538757 1.468487 -2.287707
v -0.575491 1.476643 -2.295862
v -0.615314 1.484244 -2.310542
v -0.653328 1.490770 -2.331405
v -0.688535 1.495778 -2.358805
v -0.584622 1.468487 -2.300381
v -0.613743 1.476643 -2.313249
v -0.650055 1.484244 -2.335165
v -0.683415 1.490770 -2.362812
v -0.712776 1.495778 -2.396348
v -0.626676 1.468487 -2.322572
v -0.647998 1.476643 -2.337528
v -0.679487 1.484244 -2.365887
v -0.706987 1.490770 -2.399318
v -0.729440 1.495778 -2.437778
v -0.662955 1.468487 -2.353243
v -0.677018 1.476643 -2.367820
v -0.702545 1.484244 -2.401597
v -0.723191 1.490770 -2.439605
v -0.691761 1.468487 -2.390959
v -0.699753 1.476643 -2.403030
v -0.718396 1.484244 -2.441006
v -0.711748 1.468487 -2.433956
v -0.715382 1.476643 -2.441887
v -0.721980 1.468487 -2.480225
v -0.444255 1.468487 -2.715019
v -0.411256 1.476643 -2.704176
v -0.373015 1.484243 -2.685796
v -0.337166 1.490770 -2.661430
v -0.304736 1.495778 -2.630824
v -0.400036 1.468487 -2.697484
v -0.374838 1.476643 -2.683249
v -0.340783 1.484243 -2.657997
v -0.310215 1.490770 -2.627319
v -0.284190 1.495778 -2.591157
v -0.360638 1.468487 -2.670897
v -0.343057 1.476643 -2.655840
v -0.314419 1.484243 -2.624630
v -0.290236 1.490770 -2.588748
v -0.327904 1.468487 -2.636502
v -0.317062 1.476643 -2.622940
v -0.294876 1.484243 -2.586900
v -0.303364 1.468487 -2.595907
v -0.297792 1.476643 -2.585737
v -0.288165 1.468487 -2.551011
v -0.329820 1.500000 -2.685394
v -0.361939 1.498926 -2.701277
v -0.405169 1.495778 -2.717441
v -0.449077 1.490770 -2.725738
v -0.492470 1.484243 -2.726945
v -0.370072 1.500000 -2.716406
v -0.402019 1.498926 -2.724308
v -0.447541 1.495778 -2.732038
v -0.492232 1.490770 -2.731914
v -0.535071 1.484243 -2.724926
v -0.415772 1.500000 -2.738718
v -0.445753 1.498926 -2.739373
v -0.491923 1.495778 -2.738389
v -0.535783 1.490770 -2.729849
v -0.576519 1.484243 -2.714918
v -0.465050 1.500000 -2.751416
v -0.491562 1.498926 -2.745929
v -0.536710 1.495778 -2.736265
v -0.578153 1.490770 -2.719618
v -0.615314 1.484243 -2.697284
v -0.515887 1.500000 -2.753983
v -0.537789 1.498926 -2.743737
v -0.580283 1.495778 -2.725744
v -0.617813 1.490770 -2.701591
v -0.650055 1.484243 -2.672661
v -0.566202 1.500000 -2.746311
v -0.582764 1.498926 -2.732877
v -0.621069 1.495778 -2.707205
v -0.653328 1.490770 -2.676420
v -0.679487 1.484243 -2.641939
v -0.613936 1.500000 -2.728715
v -0.624861 1.498926 -2.713742
v -0.657593 1.495778 -2.681319
v -0.683415 1.490770 -2.645014
v -0.702545 1.484243 -2.606228
v -0.657134 1.500000 -2.701916
v -0.662560 1.498926 -2.687024
v -0.688535 1.495778 -2.649020
v -0.706987 1.490770 -2.608507
v -0.718396 1.484243 -2.566819
v -0.694027 1.500000 -2.667011
v -0.694496 1.498926 -2.653687
v -0.712776 1.495778 -2.611478
v -0.723191 1.490770 -2.568221
v -0.723106 1.500000 -2.625428
v -0.719517 1.498926 -2.614937
v -0.729440 1.495778 -2.570047
v -0.743180 1.500000 -2.578871
v -0.736717 1.498926 -2.572174
v -0.753426 1.500000 -2.529244
v -0.657134 1.500000 -2.305909
v -0.624861 1.498926 -2.294083
v -0.580283 1.495778 -2.282081
v -0.535783 1.490770 -2.277977
v -0.492470 1.484244 -2.280880
v -0.613936 1.500000 -2.279110
v -0.582764 1.498926 -2.274948
v -0.536710 1.495778 -2.271560
v -0.492232 1.490770 -2.275912
v -0.450255 1.484244 -2.286921
v -0.566202 1.500000 -2.261515
v -0.537789 1.498926 -2.264088
v -0.491923 1.495778 -2.269437
v -0.449077 1.490770 -2.282087
v -0.409951 1.484244 -2.300805
v -0.515887 1.500000 -2.253843
v -0.491562 1.498926 -2.261897
v -0.447541 1.495778 -2.275788
v -0.407875 1.490770 -2.296280
v -0.373015 1.484244 -2.322030
v -0.465050 1.500000 -2.256409
v -0.445753 1.498926 -2.268452
v -0.405169 1.495778 -2.290384
v -0.370117 1.490770 -2.317978
v -0.340783 1.484244 -2.349828
v -0.415772 1.500000 -2.269108
v -0.402019 1.498926 -2.283518
v -0.366339 1.495778 -2.312698
v -0.337166 1.490770 -2.346396
v -0.314419 1.484244 -2.383195
v -0.370072 1.500000 -2.291420
v -0.361939 1.498926 -2.306549
v -0.332453 1.495778 -2.341922
v -0.310215 1.490770 -2.380506
v -0.294876 1.484244 -2.420926
v -0.329820 1.500000 -2.322431
v -0.326964 1.498926 -2.336713
v -0.304736 1.495778 -2.377002
v -0.290236 1.490770 -2.419077
v -0.282860 1.484244 -2.461656
v -0.296663 1.500000 -2.360872
v -0.298355 1.498926 -2.372921
v -0.284190 1.495778 -2.416668
v -0.277953 1.490770 -2.460714
v -0.271960 1.500000 -2.405169
v -0.277149 1.498926 -2.413862
v -0.271558 1.495778 -2.459487
v -0.256722 1.500000 -2.453509
v -0.264110 1.498926 -2.458059
v -0.240985 1.500000 -2.452011
v -0.235849 1.500000 -2.503913
v -0.240985 1.500000 -2.555815
v -0.256196 1.500000 -2.605722
v -0.280897 1.500000 -2.651717
v -0.314138 1.500000 -2.692032
v -0.354643 1.500000 -2.725117
v -0.400855 1.500000 -2.749702
v -0.450998 1.500000 -2.764842
v -0.503145 1.500000 -2.769953
v -0.555291 1.500000 -2.764842
v -0.605434 1.500000 -2.749702
v -0.651646 1.500000 -2.725117
v -0.692151 1.500000 -2.692032
v -0.725393 1.500000 -2.651717
v -0.750094 1.500000 -2.605722
v -0.765304 1.500000 -2.555815
v -0.770440 1.500000 -2.503913
v -0.765304 1.500000 -2.452011
v -0.750094 1.500000 -2.402103
v -0.725393 1.500000 -2.356108
v -0.692151 1.500000 -2.315794
v -0.651646 1.500000 -2.282708
v -0.605434 1.500000 -2.258123
v -0.555291 1.500000 -2.242984
v -0.503145 1.500000 -2.237872
v -0.450998 1.500000 -2.242984
v -0.400855 1.500000 -2.258123
v -0.354643 1.500000 -2.282708
v -0.314138 1.500000 -2.315794
v -0.280897 1.500000 -2.356108
v -0.256196 1.500000 -2.402103
v -0.288165 1.210084 -2.456814
v -0.283019 1.210084 -2.503913
v -0.288165 1.210084 -2.551011
v -0.303364 1.210084 -2.595907
v -0.327904 1.210084 -2.636502
v -0.360638 1.210084 -2.670897
v -0.400036 1.210084 -2.697484
v -0.444255 1.210084 -2.715019
v -0.491227 1.210084 -2.722684
v -0.538757 1.210084 -2.720119
v -0.584622 1.210084 -2.707444
v -0.626676 1.210084 -2.685253
v -0.662955 1.210084 -2.654582
v -0.691761 1.210084 -2.616867
v -0.711748 1.210084 -2.573869
v -0.721980 1.210084 -2.527601
v -0.721980 1.210084 -2.480225
v -0.711748 1.210084 -2.433956
v -0.691761 1.210084 -2.390959
v -0.662955 1.210084 -2.353243
v -0.626676 1.210084 -2.322572
v -0.584622 1.210084 -2.300381
v -0.538757 1.210084 -2.287707
v -0.491227 1.210084 -2.285142
v -0.444255 1.210084 -2.292806
v -0.400036 1.210084 -2.310342
v -0.360638 1.210084 -2.336929
v -0.327904 1.210084 -2.371324
v -0.303364 1.210084 -2.411918
v -0.209489 1.468487 -2.558549
v -0.210542 1.476643 -2.558353
v -0.204403 1.468487 -2.503913
v -0.205474 1.476643 -2.503913
v -0.209489 1.468487 -2.449277
v -0.210542 1.476643 -2.449473
v -0.224576 1.468487 -2.396501
v -0.225575 1.476643 -2.396887
v -0.249149 1.468487 -2.347383
v -0.250060 1.476643 -2.347945
v -0.282372 1.468487 -2.303596
v -0.283163 1.476643 -2.304315
v -0.323112 1.468487 -2.266631
v -0.323758 1.476643 -2.267482
v -0.369984 1.468487 -2.237745
v -0.370461 1.476643 -2.238700
v -0.421390 1.468487 -2.217924
v -0.421683 1.476643 -2.218950
v -0.475580 1.468487 -2.207842
v -0.475679 1.476643 -2.208904
v -0.530709 1.468487 -2.207842
v -0.530610 1.476643 -2.208904
v -0.584899 1.468487 -2.217924
v -0.584606 1.476643 -2.218950
v -0.636306 1.468487 -2.237745
v -0.635828 1.476643 -2.238700
v -0.683177 1.468487 -2.266631
v -0.682531 1.476643 -2.267482
v -0.723918 1.468487 -2.303596
v -0.723126 1.476643 -2.304315
v -0.757140 1.468487 -2.347383
v -0.756229 1.476643 -2.347945
v -0.781713 1.468487 -2.396501
v -0.780714 1.476643 -2.396887
v -0.796800 1.468487 -2.449277
v -0.795747 1.476643 -2.449473
v -0.801887 1.468487 -2.503913
v -0.800815 1.476643 -2.503913
v -0.796800 1.468487 -2.558549
v -0.795747 1.476643 -2.558353
v -0.781713 1.468487 -2.611324
v -0.780714 1.476643 -2.610939
v -0.757140 1.468487 -2.660442
v -0.756229 1.476643 -2.659880
v -0.723918 1.468487 -2.704229
v -0.723126 1.476643 -2.703511
v -0.683177 1.468487 -2.741195
v -0.682531 1.476643 -2.740344
v -0.636306 1.468487 -2.770080
v -0.635828 1.476643 -2.769125
v -0.584899 1.468487 -2.789901
v -0.584606 1.476643 -2.788876
v -0.530709 1.468487 -2.799984
v -0.530610 1.476643 -2.798922
v -0.475580 1.468487 -2.799984
v -0.475679 1.476643 -2.798922
v -0.421390 1.468487 -2.789901
v -0.421683 1.476643 -2.788876
v -0.369984 1.468487 -2.770080
v -0.370461 1.476643 -2.769125
v -0.323112 1.468487 -2.741195
v -0.323758 1.476643 -2.740344
v -0.282372 1.468487 -2.704229
v -0.283163 1.476643 -2.703511
v -0.249149 1.468487 -2.660442
v -0.250060 1.476643 -2.659880
v -0.224576 1.468487 -2.611324
v -0.225575 1.476643 -2.610939
v -0.232400 1.498926 -2.453539
v -0.227710 1.498926 -2.503913
v -0.232400 1.498926 -2.554286
v -0.220126 1.495778 -2.503913
v -0.224945 1.495778 -2.555673
v -0.213613 1.490770 -2.503913
v -0.218543 1.490770 -2.556864
v -0.208616 1.484243 -2.503913
v -0.213630 1.484243 -2.557778
v -0.246310 1.498926 -2.404881
v -0.268965 1.498926 -2.359596
v -0.299596 1.498926 -2.319225
v -0.337158 1.498926 -2.285143
v -0.380373 1.498926 -2.258511
v -0.427768 1.498926 -2.240237
v -0.477731 1.498926 -2.230941
v -0.528559 1.498926 -2.230941
v -0.578521 1.498926 -2.240237
v -0.625916 1.498926 -2.258511
v -0.669131 1.498926 -2.285143
v -0.706693 1.498926 -2.319225
v -0.737324 1.498926 -2.359596
v -0.759980 1.498926 -2.404881
v -0.773889 1.498926 -2.453539
v -0.778579 1.498926 -2.503913
v -0.773889 1.498926 -2.554286
v -0.781345 1.495778 -2.555673
v -0.767052 1.495778 -2.605671
v -0.773125 1.490770 -2.608012
v -0.749309 1.490770 -2.655616
v -0.753558 1.484243 -2.658234
v -0.720804 1.484243 -2.701404
v -0.759980 1.498926 -2.602944
v -0.743772 1.495778 -2.652204
v -0.717111 1.490770 -2.698053
v -0.680638 1.484243 -2.737849
v -0.737324 1.498926 -2.648230
v -0.712298 1.495778 -2.693686
v -0.677626 1.490770 -2.733879
v -0.634428 1.484243 -2.766327
v -0.706693 1.498926 -2.688601
v -0.673702 1.495778 -2.728706
v -0.632200 1.490770 -2.761874
v -0.583746 1.484243 -2.785868
v -0.669131 1.498926 -2.722682
v -0.629297 1.495778 -2.756072
v -0.582379 1.490770 -2.781084
v -0.530320 1.484243 -2.795809
v -0.625916 1.498926 -2.749314
v -0.580596 1.495778 -2.774850
v -0.529859 1.490770 -2.790856
v -0.475969 1.484243 -2.795809
v -0.578521 1.498926 -2.767589
v -0.529258 1.495778 -2.784401
v -0.476430 1.490770 -2.790856
v -0.422543 1.484243 -2.785868
v -0.528559 1.498926 -2.776885
v -0.477031 1.495778 -2.784401
v -0.423911 1.490770 -2.781084
v -0.371862 1.484243 -2.766327
v -0.477731 1.498926 -2.776885
v -0.425693 1.495778 -2.774850
v -0.374089 1.490770 -2.761874
v -0.325651 1.484243 -2.737849
v -0.427768 1.498926 -2.767589
v -0.376992 1.495778 -2.756072
v -0.328663 1.490770 -2.733879
v -0.285485 1.484243 -2.701404
v -0.380373 1.498926 -2.749314
v -0.332588 1.495778 -2.728706
v -0.289178 1.490770 -2.698053
v -0.252731 1.484243 -2.658234
v -0.337158 1.498926 -2.722682
v -0.293991 1.495778 -2.693686
v -0.256980 1.490770 -2.655616
v -0.228504 1.484243 -2.609809
v -0.299596 1.498926 -2.688601
v -0.262517 1.495778 -2.652204
v -0.233164 1.490770 -2.608012
v -0.268965 1.498926 -2.648230
v -0.239237 1.495778 -2.605671
v -0.246310 1.498926 -2.602944
v -0.797674 1.484243 -2.503913
v -0.792659 1.484243 -2.557778
v -0.777785 1.484243 -2.609809
v -0.792676 1.490770 -2.503913
v -0.787747 1.490770 -2.556864
v -0.792659 1.484244 -2.450047
v -0.777785 1.484244 -2.398016
v -0.753558 1.484244 -2.349591
v -0.720804 1.484244 -2.306421
v -0.680638 1.484244 -2.269977
v -0.634428 1.484244 -2.241499
v -0.583746 1.484244 -2.221957
v -0.530320 1.484244 -2.212017
v -0.475969 1.484244 -2.212017
v -0.422543 1.484244 -2.221957
v -0.371862 1.484244 -2.241499
v -0.325651 1.484244 -2.269977
v -0.285485 1.484244 -2.306421
v -0.252731 1.484244 -2.349591
v -0.228504 1.484244 -2.398016
v -0.213630 1.484244 -2.450047
v -0.786164 1.495778 -2.503913
v -0.787747 1.490770 -2.450961
v -0.773125 1.490770 -2.399813
v -0.749309 1.490770 -2.352210
v -0.717111 1.490770 -2.309772
v -0.677626 1.490770 -2.273946
v -0.632200 1.490770 -2.245951
v -0.582379 1.490770 -2.226741
v -0.529859 1.490770 -2.216969
v -0.476430 1.490770 -2.216969
v -0.423911 1.490770 -2.226741
v -0.374089 1.490770 -2.245951
v -0.328663 1.490770 -2.273946
v -0.289178 1.490770 -2.309772
v -0.256980 1.490770 -2.352210
v -0.233164 1.490770 -2.399813
v -0.218543 1.490770 -2.450961
v -0.781345 1.495778 -2.452152
v -0.767052 1.495778 -2.402154
v -0.743772 1.495778 -2.355622
v -0.712298 1.495778 -2.314139
v -0.673702 1.495778 -2.279119
v -0.629297 1.495778 -2.251754
v -0.580596 1.495778 -2.232976
v -0.529258 1.495778 -2.223424
v -0.477031 1.495778 -2.223424
v -0.425693 1.495778 -2.232976
v -0.376992 1.495778 -2.251754
v -0.332588 1.495778 -2.279119
v -0.293991 1.495778 -2.314139
v -0.262517 1.495778 -2.355622
v -0.239237 1.495778 -2.402154
v -0.224945 1.495778 -2.452152
v -0.209489 1.210084 -2.558549
v -0.204403 1.210084 -2.503913
v -0.209489 1.210084 -2.449277
v -0.224576 1.210084 -2.396501
v -0.249149 1.210084 -2.347383
v -0.282372 1.210084 -2.303596
v -0.323112 1.210084 -2.266631
v -0.369984 1.210084 -2.237745
v -0.421390 1.210084 -2.217924
v -0.475580 1.210084 -2.207842
v -0.530709 1.210084 -2.207842
v -0.584899 1.210084 -2.217924
v -0.636306 1.210084 -2.237745
v -0.683177 1.210084 -2.266631
v -0.723918 1.210084 -2.303596
v -0.757140 1.210084 -2.347383
v -0.781713 1.210084 -2.396501
v -0.796800 1.210084 -2.449277
v -0.801887 1.210084 -2.503913
v -0.796800 1.210084 -2.558549
v -0.781713 1.210084 -2.611324
v -0.757140 1.210084 -2.660442
v -0.723918 1.210084 -2.704229
v -0.683177 1.210084 -2.741195
v -0.636306 1.210084 -2.770080
v -0.584899 1.210084 -2.789901
v -0.530709 1.210084 -2.799984
v -0.475580 1.210084 -2.799984
v -0.421390 1.210084 -2.789901
v -0.369984 1.210084 -2.770080
v -0.323112 1.210084 -2.741195
v -0.282372 1.210084 -2.704229
v -0.249149 1.210084 -2.660442
v -0.224576 1.210084 -2.611324
v 0.718124 1.468487 -1.455249
v 0.720345 1.476643 -1.460682
v 0.723270 1.468487 -1.502348
v 0.724342 1.476643 -1.502348
v 0.720345 1.476643 -1.544013
v 0.727484 1.484244 -1.502348
v 0.723429 1.484244 -1.544605
v 0.732481 1.490770 -1.502348
v 0.728337 1.490770 -1.545546
v 0.738994 1.495778 -1.502348
v 0.734732 1.495778 -1.546773
v 0.746578 1.498926 -1.502348
v 0.742179 1.498926 -1.548201
v 0.754717 1.500000 -1.502348
v 0.749567 1.500000 -1.552751
v 0.708497 1.476643 -1.420523
v 0.702925 1.468487 -1.410353
v 0.689228 1.476643 -1.383321
v 0.678385 1.468487 -1.369758
v 0.663233 1.476643 -1.350421
v 0.645651 1.468487 -1.335364
v 0.631452 1.476643 -1.323012
v 0.606253 1.468487 -1.308777
v 0.595033 1.476643 -1.302084
v 0.562035 1.468487 -1.291241
v 0.555294 1.476643 -1.288395
v 0.515062 1.468487 -1.283576
v 0.513670 1.476643 -1.282438
v 0.471665 1.476643 -1.284430
v 0.471218 1.484244 -1.281335
v 0.429771 1.484244 -1.291342
v 0.428136 1.490770 -1.286642
v 0.388477 1.490770 -1.304669
v 0.385220 1.495778 -1.299055
v 0.348696 1.495778 -1.324942
v 0.343730 1.498926 -1.319237
v 0.311793 1.498926 -1.352574
v 0.312262 1.500000 -1.339250
v 0.283183 1.500000 -1.380832
v 0.286772 1.498926 -1.391324
v 0.263110 1.500000 -1.427390
v 0.269572 1.498926 -1.434086
v 0.252863 1.500000 -1.477016
v 0.260814 1.498926 -1.479316
v 0.260814 1.498926 -1.525379
v 0.268364 1.495778 -1.480034
v 0.268364 1.495778 -1.524661
v 0.274847 1.490770 -1.480650
v 0.274847 1.490770 -1.524045
v 0.279822 1.484244 -1.481123
v 0.279822 1.484244 -1.523572
v 0.282949 1.476643 -1.481420
v 0.282949 1.476643 -1.523275
v 0.284309 1.468487 -1.526036
v 0.290907 1.476643 -1.564373
v 0.294542 1.468487 -1.572304
v 0.306537 1.476643 -1.603230
v 0.314528 1.468487 -1.615301
v 0.329272 1.476643 -1.638441
v 0.343334 1.468487 -1.653017
v 0.358291 1.476643 -1.668733
v 0.379613 1.468487 -1.683688
v 0.392546 1.476643 -1.693011
v 0.421668 1.468487 -1.705879
v 0.430798 1.476643 -1.710398
v 0.467532 1.468487 -1.718554
v 0.471665 1.476643 -1.720266
v 0.515062 1.468487 -1.721119
v 0.513670 1.476643 -1.722257
v 0.555294 1.476643 -1.716300
v 0.556035 1.484244 -1.719339
v 0.596338 1.484244 -1.705455
v 0.598414 1.490770 -1.709980
v 0.636173 1.490770 -1.688282
v 0.639951 1.495778 -1.693563
v 0.673837 1.495778 -1.664338
v 0.679326 1.498926 -1.669547
v 0.707934 1.498926 -1.633340
v 0.709626 1.500000 -1.645388
v 0.734329 1.500000 -1.601091
v 0.729140 1.498926 -1.592398
v 0.467532 1.468487 -1.286141
v 0.430798 1.476643 -1.294297
v 0.390975 1.484244 -1.308977
v 0.352961 1.490770 -1.329841
v 0.317755 1.495778 -1.357240
v 0.421668 1.468487 -1.298816
v 0.392546 1.476643 -1.311684
v 0.356234 1.484244 -1.333600
v 0.322874 1.490770 -1.361247
v 0.293514 1.495778 -1.394783
v 0.379613 1.468487 -1.321007
v 0.358291 1.476643 -1.335963
v 0.326802 1.484244 -1.364322
v 0.299302 1.490770 -1.397753
v 0.276849 1.495778 -1.436213
v 0.343334 1.468487 -1.351678
v 0.329272 1.476643 -1.366254
v 0.303744 1.484244 -1.400032
v 0.283098 1.490770 -1.438039
v 0.314528 1.468487 -1.389394
v 0.306537 1.476643 -1.401465
v 0.287893 1.484244 -1.439441
v 0.294542 1.468487 -1.432391
v 0.290907 1.476643 -1.440322
v 0.284309 1.468487 -1.478660
v 0.562035 1.468487 -1.713454
v 0.595033 1.476643 -1.702611
v 0.633274 1.484244 -1.684231
v 0.669123 1.490770 -1.659865
v 0.701554 1.495778 -1.629259
v 0.606253 1.468487 -1.695918
v 0.631452 1.476643 -1.681684
v 0.665506 1.484244 -1.656432
v 0.696075 1.490770 -1.625754
v 0.722099 1.495778 -1.589592
v 0.645651 1.468487 -1.669331
v 0.663233 1.476643 -1.654275
v 0.691871 1.484244 -1.623065
v 0.716053 1.490770 -1.587183
v 0.678385 1.468487 -1.634937
v 0.689228 1.476643 -1.621374
v 0.711414 1.484244 -1.585335
v 0.702925 1.468487 -1.594342
v 0.708497 1.476643 -1.584172
v 0.718124 1.468487 -1.549446
v 0.676470 1.500000 -1.683830
v 0.644350 1.498926 -1.699712
v 0.601120 1.495778 -1.715876
v 0.557213 1.490770 -1.724173
v 0.513819 1.484244 -1.725380
v 0.636217 1.500000 -1.714841
v 0.604271 1.498926 -1.722743
v 0.558748 1.495778 -1.730472
v 0.514057 1.490770 -1.730349
v 0.471218 1.484244 -1.723360
v 0.590517 1.500000 -1.737153
v 0.560536 1.498926 -1.737808
v 0.514367 1.495778 -1.736823
v 0.470507 1.490770 -1.728284
v 0.429771 1.484244 -1.713353
v 0.541240 1.500000 -1.749851
v 0.514728 1.498926 -1.744364
v 0.469580 1.495778 -1.734700
v 0.428136 1.490770 -1.718053
v 0.390975 1.484244 -1.695719
v 0.490403 1.500000 -1.752418
v 0.468501 1.498926 -1.742172
v 0.426006 1.495778 -1.724179
v 0.388477 1.490770 -1.700026
v 0.356234 1.484244 -1.671096
v 0.440087 1.500000 -1.744746
v 0.423525 1.498926 -1.731312
v 0.385220 1.495778 -1.705640
v 0.352961 1.490770 -1.674855
v 0.326802 1.484244 -1.640374
v 0.392354 1.500000 -1.727150
v 0.381428 1.498926 -1.712177
v 0.348696 1.495778 -1.679754
v 0.322874 1.490770 -1.643448
v 0.303744 1.484244 -1.604663
v 0.349156 1.500000 -1.700351
v 0.343730 1.498926 -1.685459
v 0.317755 1.495778 -1.647455
v 0.299302 1.490770 -1.606942
v 0.287893 1.484244 -1.565254
v 0.312262 1.500000 -1.665446
v 0.311793 1.498926 -1.652122
v 0.293514 1.495778 -1.609913
v 0.283098 1.490770 -1.566656
v 0.283183 1.500000 -1.623863
v 0.286772 1.498926 -1.613371
v 0.276849 1.495778 -1.568482
v 0.263110 1.500000 -1.577306
v 0.269572 1.498926 -1.570609
v 0.252863 1.500000 -1.527679
v 0.349156 1.500000 -1.304344
v 0.381428 1.498926 -1.292518
v 0.426006 1.495778 -1.280516
v 0.470507 1.490770 -1.276411
v 0.513819 1.484244 -1.279315
v 0.392354 1.500000 -1.277545
v 0.423525 1.498926 -1.273383
v 0.469580 1.495778 -1.269995
v 0.514057 1.490770 -1.274346
v 0.556035 1.484244 -1.285356
v 0.440087 1.500000 -1.259950
v 0.468501 1.498926 -1.262523
v 0.514367 1.495778 -1.267872
v 0.557213 1.490770 -1.280522
v 0.596338 1.484244 -1.299240
v 0.490403 1.500000 -1.252278
v 0.514728 1.498926 -1.260332
v 0.558748 1.495778 -1.274223
v 0.598414 1.490770 -1.294715
v 0.633274 1.484244 -1.320464
v 0.541240 1.500000 -1.254844
v 0.560536 1.498926 -1.266887
v 0.601120 1.495778 -1.288819
v 0.636173 1.490770 -1.316413
v 0.665506 1.484244 -1.348263
v 0.590517 1.500000 -1.267543
v 0.604271 1.498926 -1.281952
v 0.639951 1.495778 -1.311133
v 0.669123 1.490770 -1.344830
v 0.691871 1.484244 -1.381630
v 0.636217 1.500000 -1.289855
v 0.644350 1.498926 -1.304984
v 0.673837 1.495778 -1.340357
v 0.696075 1.490770 -1.378941
v 0.711414 1.484244 -1.419361
v 0.676470 1.500000 -1.320866
v 0.679326 1.498926 -1.335148
v 0.701554 1.495778 -1.375437
v 0.716053 1.490770 -1.417512
v 0.723429 1.484244 -1.460091
v 0.709626 1.500000 -1.359307
v 0.707934 1.498926 -1.371355
v 0.722099 1.495778 -1.415103
v 0.728337 1.490770 -1.459149
v 0.734329 1.500000 -1.403605
v 0.729140 1.498926 -1.412297
v 0.734732 1.495778 -1.457922
v 0.749567 1.500000 -1.451944
v 0.742179 1.498926 -1.456494
v 0.765304 1.500000 -1.450446
v 0.770440 1.500000 -1.502348
v 0.765304 1.500000 -1.554250
v 0.750094 1.500000 -1.604157
v 0.725393 1.500000 -1.650152
v 0.692151 1.500000 -1.690467
v 0.651646 1.500000 -1.723552
v 0.605434 1.500000 -1.748137
v 0.555291 1.500000 -1.763276
v 0.503145 1.500000 -1.768388
v 0.450998 1.500000 -1.763276
v 0.400855 1.500000 -1.748137
v 0.354643 1.500000 -1.723552
v 0.314138 1.500000 -1.690467
v 0.280897 1.500000 -1.650152
v 0.256196 1.500000 -1.604157
v 0.240985 1.500000 -1.554250
v 0.235849 1.500000 -1.502348
v 0.240985 1.500000 -1.450446
v 0.256196 1.500000 -1.400538
v 0.280897 1.500000 -1.354543
v 0.314138 1.500000 -1.314229
v 0.354643 1.500000 -1.281143
v 0.400855 1.500000 -1.256558
v 0.450998 1.500000 -1.241419
v 0.503145 1.500000 -1.236307
v 0.555291 1.500000 -1.241419
v 0.605434 1.500000 -1.256558
v 0.651646 1.500000 -1.281143
v 0.692151 1.500000 -1.314229
v 0.725393 1.500000 -1.354543
v 0.750094 1.500000 -1.400538
v 0.718124 1.210084 -1.455249
v 0.723270 1.210084 -1.502348
v 0.718124 1.210084 -1.549446
v 0.702925 1.210084 -1.594342
v 0.678385 1.210084 -1.634937
v 0.645651 1.210084 -1.669331
v 0.606253 1.210084 -1.695918
v 0.562035 1.210084 -1.713454
v 0.515062 1.210084 -1.721119
v 0.467532 1.210084 -1.718554
v 0.421668 1.210084 -1.705879
v 0.379613 1.210084 -1.683688
v 0.343334 1.210084 -1.653017
v 0.314528 1.210084 -1.615301
v 0.294542 1.210084 -1.572304
v 0.284309 1.210084 -1.526036
v 0.284309 1.210084 -1.478660
v 0.294542 1.210084 -1.432391
v 0.314528 1.210084 -1.389394
v 0.343334 1.210084 -1.351678
v 0.379613 1.210084 -1.321007
v 0.421668 1.210084 -1.298816
v 0.467532 1.210084 -1.286141
v 0.515062 1.210084 -1.283576
v 0.562035 1.210084 -1.291241
v 0.606253 1.210084 -1.308777
v 0.645651 1.210084 -1.335364
v 0.678385 1.210084 -1.369758
v 0.702925 1.210084 -1.410353
v 0.796800 1.468487 -1.556984
v 0.795747 1.476643 -1.556788
v 0.801887 1.468487 -1.502348
v 0.800815 1.476643 -1.502348
v 0.796800 1.468487 -1.447712
v 0.795747 1.476643 -1.447907
v 0.781713 1.468487 -1.394936
v 0.780714 1.476643 -1.395321
v 0.757140 1.468487 -1.345818
v 0.756229 1.476643 -1.346380
v 0.723918 1.468487 -1.302031
v 0.723126 1.476643 -1.302750
v 0.683177 1.468487 -1.265065
v 0.682531 1.476643 -1.265917
v 0.636306 1.468487 -1.236180
v 0.635828 1.476643 -1.237135
v 0.584899 1.468487 -1.216359
v 0.584606 1.476643 -1.217385
v 0.530709 1.468487 -1.206276
v 0.530610 1.476643 -1.207338
v 0.475580 1.468487 -1.206276
v 0.475679 1.476643 -1.207338
v 0.421390 1.468487 -1.216359
v 0.421683 1.476643 -1.217385
v 0.369984 1.468487 -1.236180
v 0.370461 1.476643 -1.237135
v 0.323112 1.468487 -1.265065
v 0.323758 1.476643 -1.265917
v 0.282372 1.468487 -1.302031
v 0.283163 1.476643 -1.302750
v 0.249149 1.468487 -1.345818
v 0.250060 1.476643 -1.346380
v 0.224576 1.468487 -1.394936
v 0.225575 1.476643 -1.395321
v 0.209489 1.468487 -1.447712
v 0.210542 1.476643 -1.447907
v 0.204403 1.468487 -1.502348
v 0.205474 1.476643 -1.502348
v 0.209489 1.468487 -1.556984
v 0.210542 1.476643 -1.556788
v 0.224576 1.468487 -1.609759
v 0.225575 1.476643 -1.609374
v 0.249149 1.468487 -1.658877
v 0.250060 1.476643 -1.658315
v 0.282372 1.468487 -1.702664
v 0.283163 1.476643 -1.701945
v 0.323112 1.468487 -1.739630
v 0.323758 1.476643 -1.738779
v 0.369984 1.468487 -1.768515
v 0.370461 1.476643 -1.767560
v 0.421390 1.468487 -1.788337
v 0.421683 1.476643 -1.787311
v 0.475580 1.468487 -1.798419
v 0.475679 1.476643 -1.797357
v 0.530709 1.468487 -1.798419
v 0.530610 1.476643 -1.797357
v 0.584899 1.468487 -1.788337
v 0.584606 1.476643 -1.787311
v 0.636306 1.468487 -1.768515
v 0.635828 1.476643 -1.767560
v 0.683177 1.468487 -1.739630
v 0.682531 1.476643 -1.738779
v 0.723918 1.468487 -1.702664
v 0.723126 1.476643 -1.701945
v 0.757140 1.468487 -1.658877
v 0.756229 1.476643 -1.658315
v 0.781713 1.468487 -1.609759
v 0.780714 1.476643 -1.609374
v 0.773889 1.498926 -1.451974
v 0.778579 1.498926 -1.502348
v 0.773889 1.498926 -1.552721
v 0.786164 1.495778 -1.502348
v 0.781345 1.495778 -1.554108
v 0.792676 1.490770 -1.502348
v 0.787747 1.490770 -1.555299
v 0.797674 1.484244 -1.502348
v 0.792659 1.484244 -1.556213
v 0.759980 1.498926 -1.403316
v 0.737324 1.498926 -1.358031
v 0.706693 1.498926 -1.317660
v 0.669131 1.498926 -1.283578
v 0.625916 1.498926 -1.256946
v 0.578521 1.498926 -1.238671
v 0.528559 1.498926 -1.229376
v 0.477731 1.498926 -1.229376
v 0.427768 1.498926 -1.238671
v 0.380373 1.498926 -1.256946
v 0.337158 1.498926 -1.283578
v 0.299596 1.498926 -1.317660
v 0.268965 1.498926 -1.358031
v 0.246310 1.498926 -1.403316
v 0.232400 1.498926 -1.451974
v 0.227710 1.498926 -1.502348
v 0.232400 1.498926 -1.552721
v 0.224945 1.495778 -1.554108
v 0.239237 1.495778 -1.604106
v 0.233164 1.490770 -1.606447
v 0.256980 1.490770 -1.654051
v 0.252731 1.484244 -1.656669
v 0.285485 1.484244 -1.699839
v 0.246310 1.498926 -1.601379
v 0.262517 1.495778 -1.650638
v 0.289178 1.490770 -1.696488
v 0.325651 1.484244 -1.736283
v 0.268965 1.498926 -1.646665
v 0.293991 1.495778 -1.692121
v 0.328663 1.490770 -1.732314
v 0.371862 1.484244 -1.764761
v 0.299596 1.498926 -1.687036
v 0.332588 1.495778 -1.727141
v 0.374089 1.490770 -1.760309
v 0.422543 1.484244 -1.784303
v 0.337158 1.498926 -1.721117
v 0.376992 1.495778 -1.754506
v 0.423911 1.490770 -1.779519
v 0.475969 1.484244 -1.794243
v 0.380373 1.498926 -1.747749
v 0.425693 1.495778 -1.773284
v 0.476430 1.490770 -1.789291
v 0.530320 1.484244 -1.794243
v 0.427768 1.498926 -1.766024
v 0.477031 1.495778 -1.782836
v 0.529859 1.490770 -1.789291
v 0.583746 1.484244 -1.784303
v 0.477731 1.498926 -1.775320
v 0.529258 1.495778 -1.782836
v 0.582379 1.490770 -1.779519
v 0.634428 1.484244 -1.764761
v 0.528559 1.498926 -1.775320
v 0.580596 1.495778 -1.773284
v 0.632200 1.490770 -1.760309
v 0.680638 1.484244 -1.736283
v 0.578521 1.498926 -1.766024
v 0.629297 1.495778 -1.754506
v 0.677626 1.490770 -1.732314
v 0.720804 1.484244 -1.699839
v 0.625916 1.498926 -1.747749
v 0.673702 1.495778 -1.727141
v 0.717111 1.490770 -1.696488
v 0.753558 1.484244 -1.656669
v 0.669131 1.498926 -1.721117
v 0.712298 1.495778 -1.692121
v 0.749309 1.490770 -1.654051
v 0.777785 1.484244 -1.608244
v 0.706693 1.498926 -1.687036
v 0.743772 1.495778 -1.650638
v 0.773125 1.490770 -1.606447
v 0.737324 1.498926 -1.646665
v 0.767052 1.495778 -1.604106
v 0.759980 1.498926 -1.601379
v 0.208616 1.484244 -1.502348
v 0.213630 1.484244 -1.556213
v 0.228504 1.484244 -1.608244
v 0.213613 1.490770 -1.502348
v 0.218543 1.490770 -1.555299
v 0.213630 1.484244 -1.448482
v 0.228504 1.484244 -1.396451
v 0.252731 1.484244 -1.348026
v 0.285485 1.484244 -1.304856
v 0.325651 1.484244 -1.268412
v 0.371862 1.484244 -1.239934
v 0.422543 1.484244 -1.220392
v 0.475969 1.484244 -1.210452
v 0.530320 1.484244 -1.210452
v 0.583746 1.484244 -1.220392
v 0.634428 1.484244 -1.239934
v 0.680638 1.484244 -1.268412
v 0.720804 1.484244 -1.304856
v 0.753558 1.484244 -1.348026
v 0.777785 1.484244 -1.396451
v 0.792659 1.484244 -1.448482
v 0.220126 1.495778 -1.502348
v 0.218543 1.490770 -1.449396
v 0.233164 1.490770 -1.398248
v 0.256980 1.490770 -1.350644
v 0.289178 1.490770 -1.308207
v 0.328663 1.490770 -1.272381
v 0.374089 1.490770 -1.244386
v 0.423911 1.490770 -1.225176
v 0.476430 1.490770 -1.215405
v 0.529859 1.490770 -1.215405
v 0.582379 1.490770 -1.225176
v 0.632200 1.490770 -1.244386
v 0.677626 1.490770 -1.272381
v 0.717111 1.490770 -1.308207
v 0.749309 1.490770 -1.350644
v 0.773125 1.490770 -1.398248
v 0.787747 1.490770 -1.449396
v 0.224945 1.495778 -1.450587
v 0.239237 1.495778 -1.400589
v 0.262517 1.495778 -1.354057
v 0.293991 1.495778 -1.312574
v 0.332588 1.495778 -1.277554
v 0.376992 1.495778 -1.250189
v 0.425693 1.495778 -1.231411
v 0.477031 1.495778 -1.221859
v 0.529258 1.495778 -1.221859
v 0.580596 1.495778 -1.231411
v 0.629297 1.495778 -1.250189
v 0.673702 1.495778 -1.277554
v 0.712298 1.495778 -1.312574
v 0.743772 1.495778 -1.354057
v 0.767052 1.495778 -1.400589
v 0.781345 1.495778 -1.450587
v 0.796800 1.210084 -1.556984
v 0.801887 1.210084 -1.502348
v 0.796800 1.210084 -1.447712
v 0.781713 1.210084 -1.394936
v 0.757140 1.210084 -1.345818
v 0.723918 1.210084 -1.302031
v 0.683177 1.210084 -1.265065
v 0.636306 1.210084 -1.236180
v 0.584899 1.210084 -1.216359
v 0.530709 1.210084 -1.206276
v 0.475580 1.210084 -1.206276
v 0.421390 1.210084 -1.216359
v 0.369984 1.210084 -1.236180
v 0.323112 1.210084 -1.265065
v 0.282372 1.210084 -1.302031
v 0.249149 1.210084 -1.345818
v 0.224576 1.210084 -1.394936
v 0.209489 1.210084 -1.447712
v 0.204403 1.210084 -1.502348
v 0.209489 1.210084 -1.556984
v 0.224576 1.210084 -1.609759
v 0.249149 1.210084 -1.658877
v 0.282372 1.210084 -1.702664
v 0.323112 1.210084 -1.739630
v 0.369984 1.210084 -1.768515
v 0.421390 1.210084 -1.788337
v 0.475580 1.210084 -1.798419
v 0.530709 1.210084 -1.798419
v 0.584899 1.210084 -1.788337
v 0.636306 1.210084 -1.768515
v 0.683177 1.210084 -1.739630
v 0.723918 1.210084 -1.702664
v 0.757140 1.210084 -1.658877
v 0.781713 1.210084 -1.609759
v 0.718124 1.468487 -0.453684
v 0.720345 1.476644 -0.459117
v 0.723270 1.468487 -0.500783
v 0.724342 1.476643 -0.500783
v 0.720345 1.476643 -0.542448
v 0.727484 1.484244 -0.500783
v 0.723429 1.484244 -0.543040
v 0.732481 1.490770 -0.500783
v 0.728337 1.490770 -0.543981
v 0.738994 1.495778 -0.500783
v 0.734732 1.495778 -0.545208
v 0.746578 1.498926 -0.500783
v 0.742179 1.498926 -0.546636
v 0.754717 1.500000 -0.500783
v 0.749567 1.500000 -0.551186
v 0.708497 1.476644 -0.418958
v 0.702925 1.468487 -0.408788
v 0.689228 1.476644 -0.381756
v 0.678385 1.468487 -0.368194
v 0.663233 1.476644 -0.348856
v 0.645651 1.468487 -0.333799
v 0.631452 1.476644 -0.321447
v 0.606253 1.468487 -0.307212
v 0.595033 1.476644 -0.300519
v 0.562035 1.468487 -0.289676
v 0.555294 1.476644 -0.286830
v 0.515062 1.468487 -0.282012
v 0.513670 1.476644 -0.280873
v 0.471665 1.476644 -0.282865
v 0.471218 1.484244 -0.279770
v 0.429771 1.484244 -0.289778
v 0.428136 1.490770 -0.285077
v 0.388477 1.490770 -0.303104
v 0.385220 1.495778 -0.297490
v 0.348696 1.495778 -0.323377
v 0.343730 1.498926 -0.317672
v 0.311793 1.498926 -0.351009
v 0.312262 1.500000 -0.337685
v 0.283183 1.500000 -0.379267
v 0.286772 1.498926 -0.389759
v 0.263110 1.500000 -0.425825
v 0.269572 1.498926 -0.432522
v 0.252863 1.500000 -0.475451
v 0.260814 1.498926 -0.477751
v 0.260814 1.498926 -0.523814
v 0.268364 1.495778 -0.478469
v 0.268364 1.495778 -0.523096
v 0.274847 1.490770 -0.479085
v 0.274847 1.490770 -0.522480
v 0.279822 1.484244 -0.479558
v 0.279822 1.484244 -0.522007
v 0.282949 1.476644 -0.479855
v 0.282949 1.476643 -0.521710
v 0.284309 1.468487 -0.524471
v 0.290907 1.476643 -0.562809
v 0.294542 1.468487 -0.570739
v 0.306537 1.476643 -0.601665
v 0.314528 1.468487 -0.613737
v 0.329272 1.476643 -0.636876
v 0.343334 1.468487 -0.651452
v 0.358291 1.476643 -0.667168
v 0.379613 1.468487 -0.682123
v 0.392546 1.476643 -0.691446
v 0.421668 1.468487 -0.704314
v 0.430798 1.476643 -0.708833
v 0.467532 1.468487 -0.716989
v 0.471665 1.476643 -0.718701
v 0.515062 1.468487 -0.719554
v 0.513670 1.476643 -0.720692
v 0.555294 1.476643 -0.714736
v 0.556035 1.484244 -0.717774
v 0.596338 1.484244 -0.703890
v 0.598414 1.490770 -0.708415
v 0.636173 1.490770 -0.686717
v 0.639951 1.495778 -0.691998
v 0.673837 1.495778 -0.662773
v 0.679326 1.498926 -0.667982
v 0.707934 1.498926 -0.631775
v 0.709626 1.500000 -0.643823
v 0.734329 1.500000 -0.599526
v 0.729140 1.498926 -0.590833
v 0.467532 1.468487 -0.284577
v 0.430798 1.476644 -0.292732
v 0.390975 1.484244 -0.307412
v 0.352961 1.490770 -0.328276
v 0.317755 1.495778 -0.355675
v 0.421668 1.468487 -0.297251
v 0.392546 1.476644 -0.310120
v 0.356234 1.484244 -0.332035
v 0.322874 1.490770 -0.359682
v 0.293514 1.495778 -0.393218
v 0.379613 1.468487 -0.319442
v 0.358291 1.476644 -0.334398
v 0.326802 1.484244 -0.362757
v 0.299302 1.490770 -0.396188
v 0.276849 1.495778 -0.434648
v 0.343334 1.468487 -0.350113
v 0.329272 1.476644 -0.364690
v 0.303744 1.484244 -0.398467
v 0.283098 1.490770 -0.436475
v 0.314528 1.468487 -0.387829
v 0.306537 1.476644 -0.399900
v 0.287893 1.484244 -0.437876
v 0.294542 1.468487 -0.430826
v 0.290907 1.476644 -0.438757
v 0.284309 1.468487 -0.477095
v 0.562035 1.468487 -0.711889
v 0.595033 1.476643 -0.701046
v 0.633274 1.484244 -0.682666
v 0.669123 1.490770 -0.658300
v 0.701554 1.495778 -0.627694
v 0.606253 1.468487 -0.694353
v 0.631452 1.476643 -0.680119
v 0.665506 1.484244 -0.654867
v 0.696075 1.490770 -0.624189
v 0.722099 1.495778 -0.588027
v 0.645651 1.468487 -0.667767
v 0.663233 1.476643 -0.652710
v 0.691871 1.484244 -0.621500
v 0.716053 1.490770 -0.585618
v 0.678385 1.468487 -0.633372
v 0.689228 1.476643 -0.619810
v 0.711414 1.484244 -0.583770
v 0.702925 1.468487 -0.592777
v 0.708497 1.476643 -0.582607
v 0.718124 1.468487 -0.547881
v 0.676470 1.500000 -0.682264
v 0.644350 1.498926 -0.698147
v 0.601120 1.495778 -0.714311
v 0.557213 1.490770 -0.722608
v 0.513819 1.484244 -0.723815
v 0.636217 1.500000 -0.713276
v 0.604271 1.498926 -0.721178
v 0.558748 1.495778 -0.728907
v 0.514057 1.490770 -0.728784
v 0.471218 1.484244 -0.721796
v 0.590517 1.500000 -0.735588
v 0.560536 1.498926 -0.736243
v 0.514367 1.495778 -0.735259
v 0.470507 1.490770 -0.726719
v 0.429771 1.484244 -0.711788
v 0.541240 1.500000 -0.748286
v 0.514728 1.498926 -0.742799
v 0.469580 1.495778 -0.733135
v 0.428136 1.490770 -0.716488
v 0.390975 1.484244 -0.694154
v 0.490403 1.500000 -0.750853
v 0.468501 1.498926 -0.740607
v 0.426006 1.495778 -0.722614
v 0.388477 1.490770 -0.698461
v 0.356234 1.484244 -0.669531
v 0.440087 1.500000 -0.743181
v 0.423525 1.498926 -0.729747
v 0.385220 1.495778 -0.704075
v 0.352961 1.490770 -0.673290
v 0.326802 1.484244 -0.638809
v 0.392354 1.500000 -0.725585
v 0.381428 1.498926 -0.710612
v 0.348696 1.495778 -0.678189
v 0.322874 1.490770 -0.641883
v 0.303744 1.484244 -0.603098
v 0.349156 1.500000 -0.698786
v 0.343730 1.498926 -0.683894
v 0.317755 1.495778 -0.645890
v 0.299302 1.490770 -0.605377
v 0.287893 1.484244 -0.563689
v 0.312262 1.500000 -0.663881
v 0.311793 1.498926 -0.650557
v 0.293514 1.495778 -0.608348
v 0.283098 1.490770 -0.565091
v 0.283183 1.500000 -0.622298
v 0.286772 1.498926 -0.611807
v 0.276849 1.495778 -0.566917
v 0.263110 1.500000 -0.575741
v 0.269572 1.498926 -0.569044
v 0.252863 1.500000 -0.526114
v 0.349156 1.500000 -0.302779
v 0.381428 1.498926 -0.290953
v 0.426006 1.495778 -0.278951
v 0.470507 1.490770 -0.274846
v 0.513819 1.484244 -0.277750
v 0.392354 1.500000 -0.275980
v 0.423525 1.498926 -0.271818
v 0.469580 1.495778 -0.268430
v 0.514057 1.490770 -0.272782
v 0.556035 1.484244 -0.283791
v 0.440087 1.500000 -0.258385
v 0.468501 1.498926 -0.260958
v 0.514367 1.495778 -0.266307
v 0.557213 1.490770 -0.278957
v 0.596338 1.484244 -0.297675
v 0.490403 1.500000 -0.250713
v 0.514728 1.498926 -0.258767
v 0.558748 1.495778 -0.272658
v 0.598414 1.490770 -0.293150
v 0.633274 1.484244 -0.318900
v 0.541240 1.500000 -0.253279
v 0.560536 1.498926 -0.265322
v 0.601120 1.495778 -0.287254
v 0.636173 1.490770 -0.314848
v 0.665506 1.484244 -0.346698
v 0.590517 1.500000 -0.265978
v 0.604271 1.498926 -0.280387
v 0.639951 1.495778 -0.309568
v 0.669123 1.490770 -0.343266
v 0.691871 1.484244 -0.380065
v 0.636217 1.500000 -0.288290
v 0.644350 1.498926 -0.303419
v 0.673837 1.495778 -0.338792
v 0.696075 1.490770 -0.377376
v 0.711414 1.484244 -0.417796
v 0.676470 1.500000 -0.319301
v 0.679326 1.498926 -0.333583
v 0.701554 1.495778 -0.373872
v 0.716053 1.490770 -0.415947
v 0.723429 1.484244 -0.458526
v 0.709626 1.500000 -0.357742
v 0.707934 1.498926 -0.369791
v 0.722099 1.495778 -0.413538
v 0.728337 1.490770 -0.457584
v 0.734329 1.500000 -0.402039
v 0.729140 1.498926 -0.410732
v 0.734732 1.495778 -0.456358
v 0.749567 1.500000 -0.450379
v 0.742179 1.498926 -0.454929
v 0.765304 1.500000 -0.448881
v 0.770440 1.500000 -0.500783
v 0.765304 1.500000 -0.552685
v 0.750094 1.500000 -0.602592
v 0.725393 1.500000 -0.648587
v 0.692151 1.500000 -0.688902
v 0.651646 1.500000 -0.721987
v 0.605434 1.500000 -0.746572
v 0.555291 1.500000 -0.761711
v 0.503145 1.500000 -0.766823
v 0.450998 1.500000 -0.761711
v 0.400855 1.500000 -0.746572
v 0.354643 1.500000 -0.721987
v 0.314138 1.500000 -0.688902
v 0.280897 1.500000 -0.648587
v 0.256196 1.500000 -0.602592
v 0.240985 1.500000 -0.552685
v 0.235849 1.500000 -0.500783
v 0.240985 1.500000 -0.448881
v 0.256196 1.500000 -0.398973
v 0.280897 1.500000 -0.352978
v 0.314138 1.500000 -0.312663
v 0.354643 1.500000 -0.279578
v 0.400855 1.500000 -0.254993
v 0.450998 1.500000 -0.239854
v 0.503145 1.500000 -0.234742
v 0.555291 1.500000 -0.239854
v 0.605434 1.500000 -0.254993
v 0.651646 1.500000 -0.279578
v 0.692151 1.500000 -0.312663
v 0.725393 1.500000 -0.352978
v 0.750094 1.500000 -0.398973
v 0.718124 1.210084 -0.453684
v 0.723270 1.210084 -0.500783
v 0.718124 1.210084 -0.547881
v 0.702925 1.210084 -0.592777
v 0.678385 1.210084 -0.633372
v 0.645651 1.210084 -0.667766
v 0.606253 1.210084 -0.694353
v 0.562035 1.210084 -0.711889
v 0.515062 1.210084 -0.719554
v 0.467532 1.210084 -0.716989
v 0.421668 1.210084 -0.704314
v 0.379613 1.210084 -0.682123
v 0.343334 1.210084 -0.651452
v 0.314528 1.210084 -0.613737
v 0.294542 1.210084 -0.570739
v 0.284309 1.210084 -0.524471
v 0.284309 1.210084 -0.477095
v 0.294542 1.210084 -0.430826
v 0.314528 1.210084 -0.387829
v 0.343334 1.210084 -0.350113
v 0.379613 1.210084 -0.319442
v 0.421668 1.210084 -0.297251
v 0.467532 1.210084 -0.284577
v 0.515062 1.210084 -0.282012
v 0.562035 1.210084 -0.289676
v 0.606253 1.210084 -0.307212
v 0.645651 1.210084 -0.333799
v 0.678385 1.210084 -0.368194
v 0.702925 1.210084 -0.408788
v 0.796800 1.468487 -0.555419
v 0.795747 1.476643 -0.555223
v 0.801887 1.468487 -0.500783
v 0.800815 1.476643 -0.500783
v 0.796800 1.468487 -0.446147
v 0.795747 1.476644 -0.446343
v 0.781713 1.468487 -0.393371
v 0.780714 1.476644 -0.393756
v 0.757140 1.468487 -0.344254
v 0.756229 1.476644 -0.344815
v 0.723918 1.468487 -0.300466
v 0.723126 1.476644 -0.301185
v 0.683177 1.468487 -0.263501
v 0.682531 1.476644 -0.264352
v 0.636306 1.468487 -0.234615
v 0.635828 1.476644 -0.235570
v 0.584899 1.468487 -0.214794
v 0.584606 1.476644 -0.215820
v 0.530709 1.468487 -0.204711
v 0.530610 1.476644 -0.205773
v 0.475580 1.468487 -0.204711
v 0.475679 1.476644 -0.205773
v 0.421390 1.468487 -0.214794
v 0.421683 1.476644 -0.215820
v 0.369984 1.468487 -0.234615
v 0.370461 1.476644 -0.235570
v 0.323112 1.468487 -0.263501
v 0.323758 1.476644 -0.264352
v 0.282372 1.468487 -0.300466
v 0.283163 1.476644 -0.301185
v 0.249149 1.468487 -0.344254
v 0.250060 1.476644 -0.344815
v 0.224576 1.468487 -0.393371
v 0.225575 1.476644 -0.393756
v 0.209489 1.468487 -0.446147
v 0.210542 1.476644 -0.446343
v 0.204403 1.468487 -0.500783
v 0.205474 1.476643 -0.500783
v 0.209489 1.468487 -0.555419
v 0.210542 1.476643 -0.555223
v 0.224576 1.468487 -0.608194
v 0.225575 1.476643 -0.607809
v 0.249149 1.468487 -0.657312
v 0.250060 1.476643 -0.656750
v 0.282372 1.468487 -0.701099
v 0.283163 1.476643 -0.700381
v 0.323112 1.468487 -0.738065
v 0.323758 1.476643 -0.737214
v 0.369984 1.468487 -0.766950
v 0.370461 1.476643 -0.765996
v 0.421390 1.468487 -0.786772
v 0.421683 1.476643 -0.785746
v 0.475580 1.468487 -0.796854
v 0.475679 1.476643 -0.795792
v 0.530709 1.468487 -0.796854
v 0.530610 1.476643 -0.795792
v 0.584899 1.468487 -0.786772
v 0.584606 1.476643 -0.785746
v 0.636306 1.468487 -0.766950
v 0.635828 1.476643 -0.765996
v 0.683177 1.468487 -0.738065
v 0.682531 1.476643 -0.737214
v 0.723918 1.468487 -0.701099
v 0.723126 1.476643 -0.700381
v 0.757140 1.468487 -0.657312
v 0.756229 1.476643 -0.656750
v 0.781713 1.468487 -0.608194
v 0.780714 1.476643 -0.607809
v 0.773889 1.498926 -0.450409
v 0.778579 1.498926 -0.500783
v 0.773889 1.498926 -0.551156
v 0.786164 1.495778 -0.500783
v 0.781345 1.495778 -0.552543
v 0.792676 1.490770 -0.500783
v 0.787747 1.490770 -0.553734
v 0.797674 1.484244 -0.500783
v 0.792659 1.484244 -0.554648
v 0.759980 1.498926 -0.401751
v 0.737324 1.498926 -0.356466
v 0.706693 1.498926 -0.316095
v 0.669131 1.498926 -0.282013
v 0.625916 1.498926 -0.255381
v 0.578521 1.498926 -0.237106
v 0.528559 1.498926 -0.227811
v 0.477731 1.498926 -0.227811
v 0.427768 1.498926 -0.237106
v 0.380373 1.498926 -0.255381
v 0.337158 1.498926 -0.282013
v 0.299596 1.498926 -0.316095
v 0.268965 1.498926 -0.356466
v 0.246310 1.498926 -0.401751
v 0.232400 1.498926 -0.450409
v 0.227710 1.498926 -0.500783
v 0.232400 1.498926 -0.551156
v 0.224945 1.495778 -0.552543
v 0.239237 1.495778 -0.602541
v 0.233164 1.490770 -0.604883
v 0.256980 1.490770 -0.652486
v 0.252731 1.484244 -0.655104
v 0.285485 1.484244 -0.698274
v 0.246310 1.498926 -0.599814
v 0.262517 1.495778 -0.649073
v 0.289178 1.490770 -0.694923
v 0.325651 1.484244 -0.734719
v 0.268965 1.498926 -0.645100
v 0.293991 1.495778 -0.690556
v 0.328663 1.490770 -0.730749
v 0.371862 1.484244 -0.763197
v 0.299596 1.498926 -0.685471
v 0.332588 1.495778 -0.725576
v 0.374089 1.490770 -0.758744
v 0.422543 1.484244 -0.782738
v 0.337158 1.498926 -0.719552
v 0.376992 1.495778 -0.752941
v 0.423911 1.490770 -0.777954
v 0.475969 1.484244 -0.792678
v 0.380373 1.498926 -0.746184
v 0.425693 1.495778 -0.771720
v 0.476430 1.490770 -0.787726
v 0.530320 1.484244 -0.792678
v 0.427768 1.498926 -0.764459
v 0.477031 1.495778 -0.781271
v 0.529859 1.490770 -0.787726
v 0.583746 1.484244 -0.782738
v 0.477731 1.498926 -0.773755
v 0.529258 1.495778 -0.781271
v 0.582379 1.490770 -0.777954
v 0.634428 1.484244 -0.763197
v 0.528559 1.498926 -0.773755
v 0.580596 1.495778 -0.771720
v 0.632200 1.490770 -0.758744
v 0.680638 1.484244 -0.734719
v 0.578521 1.498926 -0.764459
v 0.629297 1.495778 -0.752941
v 0.677626 1.490770 -0.730749
v 0.720804 1.484244 -0.698274
v 0.625916 1.498926 -0.746184
v 0.673702 1.495778 -0.725576
v 0.717111 1.490770 -0.694923
v 0.753558 1.484244 -0.655104
v 0.669131 1.498926 -0.719552
v 0.712298 1.495778 -0.690556
v 0.749309 1.490770 -0.652486
v 0.777785 1.484244 -0.606679
v 0.706693 1.498926 -0.685471
v 0.743772 1.495778 -0.649073
v 0.773125 1.490770 -0.604883
v 0.737324 1.498926 -0.645100
v 0.767052 1.495778 -0.602541
v 0.759980 1.498926 -0.599814
v 0.208616 1.484244 -0.500783
v 0.213630 1.484244 -0.554648
v 0.228504 1.484244 -0.606679
v 0.213613 1.490770 -0.500783
v 0.218543 1.490770 -0.553734
v 0.213630 1.484244 -0.446917
v 0.228504 1.484244 -0.394886
v 0.252731 1.484244 -0.346461
v 0.285485 1.484244 -0.303291
v 0.325651 1.484244 -0.266847
v 0.371862 1.484244 -0.238369
v 0.422543 1.484244 -0.218827
v 0.475969 1.484244 -0.208887
v 0.530320 1.484244 -0.208887
v 0.583746 1.484244 -0.218827
v 0.634428 1.484244 -0.238369
v 0.680638 1.484244 -0.266847
v 0.720804 1.484244 -0.303291
v 0.753558 1.484244 -0.346461
v 0.777785 1.484244 -0.394886
v 0.792659 1.484244 -0.446917
v 0.220126 1.495778 -0.500783
v 0.218543 1.490770 -0.447831
v 0.233164 1.490770 -0.396683
v 0.256980 1.490770 -0.349079
v 0.289178 1.490770 -0.306642
v 0.328663 1.490770 -0.270816
v 0.374089 1.490770 -0.242821
v 0.423911 1.490770 -0.223611
v 0.476430 1.490770 -0.213840
v 0.529859 1.490770 -0.213840
v 0.582379 1.490770 -0.223611
v 0.632200 1.490770 -0.242821
v 0.677626 1.490770 -0.270816
v 0.717111 1.490770 -0.306642
v 0.749309 1.490770 -0.349079
v 0.773125 1.490770 -0.396683
v 0.787747 1.490770 -0.447831
v 0.224945 1.495778 -0.449022
v 0.239237 1.495778 -0.399024
v 0.262517 1.495778 -0.352492
v 0.293991 1.495778 -0.311009
v 0.332588 1.495778 -0.275989
v 0.376992 1.495778 -0.248624
v 0.425693 1.495778 -0.229846
v 0.477031 1.495778 -0.220294
v 0.529258 1.495778 -0.220294
v 0.580596 1.495778 -0.229846
v 0.629297 1.495778 -0.248624
v 0.673702 1.495778 -0.275989
v 0.712298 1.495778 -0.311009
v 0.743772 1.495778 -0.352492
v 0.767052 1.495778 -0.399024
v 0.781345 1.495778 -0.449022
v 0.796800 1.210084 -0.555419
v 0.801887 1.210084 -0.500783
v 0.796800 1.210084 -0.446147
v 0.781713 1.210084 -0.393371
v 0.757140 1.210084 -0.344254
v 0.723918 1.210084 -0.300466
v 0.683177 1.210084 -0.263501
v 0.636306 1.210084 -0.234615
v 0.584899 1.210084 -0.214794
v 0.530709 1.210084 -0.204711
v 0.475580 1.210084 -0.204711
v 0.421390 1.210084 -0.214794
v 0.369984 1.210084 -0.234615
v 0.323112 1.210084 -0.263501
v 0.282372 1.210084 -0.300466
v 0.249149 1.210084 -0.344254
v 0.224576 1.210084 -0.393371
v 0.209489 1.210084 -0.446147
v 0.204403 1.210084 -0.500783
v 0.209489 1.210084 -0.555419
v 0.224576 1.210084 -0.608194
v 0.249149 1.210084 -0.657312
v 0.282372 1.210084 -0.701099
v 0.323112 1.210084 -0.738065
v 0.369984 1.210084 -0.766950
v 0.421390 1.210084 -0.786771
v 0.475580 1.210084 -0.796854
v 0.530709 1.210084 -0.796854
v 0.584899 1.210084 -0.786771
v 0.636306 1.210084 -0.766950
v 0.683177 1.210084 -0.738065
v 0.723918 1.210084 -0.701099
v 0.757140 1.210084 -0.657312
v 0.781713 1.210084 -0.608194
v -0.288165 1.468487 -1.455249
v -0.285945 1.476643 -1.460682
v -0.283019 1.468487 -1.502348
v -0.281947 1.476643 -1.502348
v -0.285945 1.476643 -1.544013
v -0.278806 1.484244 -1.502348
v -0.282860 1.484244 -1.544605
v -0.273808 1.490770 -1.502348
v -0.277953 1.490770 -1.545546
v -0.267296 1.495778 -1.502348
v -0.271558 1.495778 -1.546773
v -0.259711 1.498926 -1.502348
v -0.264110 1.498926 -1.548201
v -0.251572 1.500000 -1.502348
v -0.256722 1.500000 -1.552751
v -0.297792 1.476643 -1.420523
v -0.303364 1.468487 -1.410353
v -0.317062 1.476643 -1.383321
v -0.327904 1.468487 -1.369758
v -0.343057 1.476643 -1.350421
v -0.360638 1.468487 -1.335364
v -0.374838 1.476643 -1.323012
v -0.400036 1.468487 -1.308777
v -0.411256 1.476643 -1.302084
v -0.444255 1.468487 -1.291241
v -0.450995 1.476643 -1.288395
v -0.491227 1.468487 -1.283576
v -0.492620 1.476643 -1.282438
v -0.534624 1.476643 -1.284430
v -0.535071 1.484244 -1.281335
v -0.576519 1.484244 -1.291342
v -0.578153 1.490770 -1.286642
v -0.617813 1.490770 -1.304669
v -0.621069 1.495778 -1.299055
v -0.657593 1.495778 -1.324942
v -0.662560 1.498926 -1.319237
v -0.694496 1.498926 -1.352574
v -0.694027 1.500000 -1.339250
v -0.723106 1.500000 -1.380832
v -0.719517 1.498926 -1.391324
v -0.743180 1.500000 -1.427390
v -0.736717 1.498926 -1.434086
v -0.753426 1.500000 -1.477016
v -0.745476 1.498926 -1.479316
v -0.745476 1.498926 -1.525379
v -0.737926 1.495778 -1.480034
v -0.737926 1.495778 -1.524661
v -0.731443 1.490770 -1.480650
v -0.731443 1.490770 -1.524045
v -0.726468 1.484244 -1.481123
v -0.726468 1.484244 -1.523572
v -0.723340 1.476643 -1.481420
v -0.723340 1.476643 -1.523275
v -0.721980 1.468487 -1.526036
v -0.715382 1.476643 -1.564373
v -0.711748 1.468487 -1.572304
v -0.699753 1.476643 -1.603230
v -0.691761 1.468487 -1.615301
v -0.677018 1.476643 -1.638441
v -0.662955 1.468487 -1.653017
v -0.647998 1.476643 -1.668733
v -0.626676 1.468487 -1.683688
v -0.613743 1.476643 -1.693011
v -0.584622 1.468487 -1.705879
v -0.575491 1.476643 -1.710398
v -0.538757 1.468487 -1.718554
v -0.534624 1.476643 -1.720266
v -0.491227 1.468487 -1.721119
v -0.492620 1.476643 -1.722257
v -0.450995 1.476643 -1.716300
v -0.450255 1.484244 -1.719339
v -0.409951 1.484244 -1.705455
v -0.407875 1.490770 -1.709980
v -0.370117 1.490770 -1.688282
v -0.366339 1.495778 -1.693563
v -0.332453 1.495778 -1.664338
v -0.326964 1.498926 -1.669547
v -0.298355 1.498926 -1.633340
v -0.296663 1.500000 -1.645388
v -0.271960 1.500000 -1.601091
v -0.277149 1.498926 -1.592398
v -0.538757 1.468487 -1.286141
v -0.575491 1.476643 -1.294297
v -0.615314 1.484244 -1.308977
v -0.653328 1.490770 -1.329841
v -0.688535 1.495778 -1.357240
v -0.584622 1.468487 -1.298816
v -0.613743 1.476643 -1.311684
v -0.650055 1.484244 -1.333600
v -0.683415 1.490770 -1.361247
v -0.712776 1.495778 -1.394783
v -0.626676 1.468487 -1.321007
v -0.647998 1.476643 -1.335963
v -0.679487 1.484244 -1.364322
v -0.706987 1.490770 -1.397753
v -0.729440 1.495778 -1.436213
v -0.662955 1.468487 -1.351678
v -0.677018 1.476643 -1.366254
v -0.702545 1.484244 -1.400032
v -0.723191 1.490770 -1.438039
v -0.691761 1.468487 -1.389394
v -0.699753 1.476643 -1.401465
v -0.718396 1.484244 -1.439441
v -0.711748 1.468487 -1.432391
v -0.715382 1.476643 -1.440322
v -0.721980 1.468487 -1.478660
v -0.444255 1.468487 -1.713454
v -0.411256 1.476643 -1.702611
v -0.373015 1.484244 -1.684231
v -0.337166 1.490770 -1.659865
v -0.304736 1.495778 -1.629259
v -0.400036 1.468487 -1.695918
v -0.374838 1.476643 -1.681684
v -0.340783 1.484244 -1.656432
v -0.310215 1.490770 -1.625754
v -0.284190 1.495778 -1.589592
v -0.360638 1.468487 -1.669331
v -0.343057 1.476643 -1.654275
v -0.314419 1.484244 -1.623065
v -0.290236 1.490770 -1.587183
v -0.327904 1.468487 -1.634937
v -0.317062 1.476643 -1.621374
v -0.294876 1.484244 -1.585335
v -0.303364 1.468487 -1.594342
v -0.297792 1.476643 -1.584172
v -0.288165 1.468487 -1.549446
v -0.329820 1.500000 -1.683830
v -0.361939 1.498926 -1.699712
v -0.405169 1.495778 -1.715876
v -0.449077 1.490770 -1.724173
v -0.492470 1.484244 -1.725380
v -0.370072 1.500000 -1.714841
v -0.402019 1.498926 -1.722743
v -0.447541 1.495778 -1.730472
v -0.492232 1.490770 -1.730349
v -0.535071 1.484244 -1.723360
v -0.415772 1.500000 -1.737153
v -0.445753 1.498926 -1.737808
v -0.491923 1.495778 -1.736823
v -0.535783 1.490770 -1.728284
v -0.576519 1.484244 -1.713353
v -0.465050 1.500000 -1.749851
v -0.491562 1.498926 -1.744364
v -0.536710 1.495778 -1.734700
v -0.578153 1.490770 -1.718053
v -0.615314 1.484244 -1.695719
v -0.515887 1.500000 -1.752418
v -0.537789 1.498926 -1.742172
v -0.580283 1.495778 -1.724179
v -0.617813 1.490770 -1.700026
v -0.650055 1.484244 -1.671096
v -0.566202 1.500000 -1.744746
v -0.582764 1.498926 -1.731312
v -0.621069 1.495778 -1.705640
v -0.653328 1.490770 -1.674855
v -0.679487 1.484244 -1.640374
v -0.613936 1.500000 -1.727150
v -0.624861 1.498926 -1.712177
v -0.657593 1.495778 -1.679754
v -0.683415 1.490770 -1.643448
v -0.702545 1.484244 -1.604663
v -0.657134 1.500000 -1.700351
v -0.662560 1.498926 -1.685459
v -0.688535 1.495778 -1.647455
v -0.706987 1.490770 -1.606942
v -0.718396 1.484244 -1.565254
v -0.694027 1.500000 -1.665446
v -0.694496 1.498926 -1.652122
v -0.712776 1.495778 -1.609913
v -0.723191 1.490770 -1.566656
v -0.723106 1.500000 -1.623863
v -0.719517 1.498926 -1.613371
v -0.729440 1.495778 -1.568482
v -0.743180 1.500000 -1.577306
v -0.736717 1.498926 -1.570609
v -0.753426 1.500000 -1.527679
v -0.657134 1.500000 -1.304344
v -0.624861 1.498926 -1.292518
v -0.580283 1.495778 -1.280516
v -0.535783 1.490770 -1.276411
v -0.492470 1.484244 -1.279315
v -0.613936 1.500000 -1.277545
v -0.582764 1.498926 -1.273383
v -0.536710 1.495778 -1.269995
v -0.492232 1.490770 -1.274346
v -0.450255 1.484244 -1.285356
v -0.566202 1.500000 -1.259950
v -0.537789 1.498926 -1.262523
v -0.491923 1.495778 -1.267872
v -0.449077 1.490770 -1.280522
v -0.409951 1.484244 -1.299240
v -0.515887 1.500000 -1.252278
v -0.491562 1.498926 -1.260332
v -0.447541 1.495778 -1.274223
v -0.407875 1.490770 -1.294715
v -0.373015 1.484244 -1.320464
v -0.465050 1.500000 -1.254844
v -0.445753 1.498926 -1.266887
v -0.405169 1.495778 -1.288819
v -0.370117 1.490770 -1.316413
v -0.340783 1.484244 -1.348263
v -0.415772 1.500000 -1.267543
v -0.402019 1.498926 -1.281952
v -0.366339 1.495778 -1.311133
v -0.337166 1.490770 -1.344830
v -0.314419 1.484244 -1.381630
v -0.370072 1.500000 -1.289855
v -0.361939 1.498926 -1.304984
v -0.332453 1.495778 -1.340357
v -0.310215 1.490770 -1.378941
v -0.294876 1.484244 -1.419361
v -0.329820 1.500000 -1.320866
v -0.326964 1.498926 -1.335148
v -0.304736 1.495778 -1.375437
v -0.290236 1.490770 -1.417512
v -0.282860 1.484244 -1.460091
v -0.296663 1.500000 -1.359307
v -0.298355 1.498926 -1.371355
v -0.284190 1.495778 -1.415103
v -0.277953 1.490770 -1.459149
v -0.271960 1.500000 -1.403605
v -0.277149 1.498926 -1.412297
v -0.271558 1.495778 -1.457922
v -0.256722 1.500000 -1.451944
v -0.264110 1.498926 -1.456494
v -0.240985 1.500000 -1.450446
v -0.235849 1.500000 -1.502348
v -0.240985 1.500000 -1.554250
v -0.256196 1.500000 -1.604157
v -0.280897 1.500000 -1.650152
v -0.314138 1.500000 -1.690467
v -0.354643 1.500000 -1.723552
v -0.400855 1.500000 -1.748137
v -0.450998 1.500000 -1.763276
v -0.503145 1.500000 -1.768388
v -0.555291 1.500000 -1.763276
v -0.605434 1.500000 -1.748137
v -0.651646 1.500000 -1.723552
v -0.692151 1.500000 -1.690467
v -0.725393 1.500000 -1.650152
v -0.750094 1.500000 -1.604157
v -0.765304 1.500000 -1.554250
v -0.770440 1.500000 -1.502348
v -0.765304 1.500000 -1.450446
v -0.750094 1.500000 -1.400538
v -0.725393 1.500000 -1.354543
v -0.692151 1.500000 -1.314229
v -0.651646 1.500000 -1.281143
v -0.605434 1.500000 -1.256558
v -0.555291 1.500000 -1.241419
v -0.503145 1.500000 -1.236307
v -0.450998 1.500000 -1.241419
v -0.400855 1.500000 -1.256558
v -0.354643 1.500000 -1.281143
v -0.314138 1.500000 -1.314229
v -0.280897 1.500000 -1.354543
v -0.256196 1.500000 -1.400538
v -0.288165 1.210084 -1.455249
v -0.283019 1.210084 -1.502348
v -0.288165 1.210084 -1.549446
v -0.303364 1.210084 -1.594342
v -0.327904 1.210084 -1.634937
v -0.360638 1.210084 -1.669331
v -0.400036 1.210084 -1.695918
v -0.444255 1.210084 -1.713454
v -0.491227 1.210084 -1.721119
v -0.538757 1.210084 -1.718554
v -0.584622 1.210084 -1.705879
v -0.626676 1.210084 -1.683688
v -0.662955 1.210084 -1.653017
v -0.691761 1.210084 -1.615301
v -0.711748 1.210084 -1.572304
v -0.721980 1.210084 -1.526036
v -0.721980 1.210084 -1.478660
v -0.711748 1.210084 -1.432391
v -0.691761 1.210084 -1.389394
v -0.662955 1.210084 -1.351678
v -0.626676 1.210084 -1.321007
v -0.584622 1.210084 -1.298816
v -0.538757 1.210084 -1.286141
v -0.491227 1.210084 -1.283576
v -0.444255 1.210084 -1.291241
v -0.400036 1.210084 -1.308777
v -0.360638 1.210084 -1.335364
v -0.327904 1.210084 -1.369758
v -0.303364 1.210084 -1.410353
v -0.209489 1.468487 -1.556984
v -0.210542 1.476643 -1.556788
v -0.204403 1.468487 -1.502348
v -0.205474 1.476643 -1.502348
v -0.209489 1.468487 -1.447712
v -0.210542 1.476643 -1.447907
v -0.224576 1.468487 -1.394936
v -0.225575 1.476643 -1.395321
v -0.249149 1.468487 -1.345818
v -0.250060 1.476643 -1.346380
v -0.282372 1.468487 -1.302031
v -0.283163 1.476643 -1.302750
v -0.323112 1.468487 -1.265065
v -0.323758 1.476643 -1.265917
v -0.369984 1.468487 -1.236180
v -0.370461 1.476643 -1.237135
v -0.421390 1.468487 -1.216359
v -0.421683 1.476643 -1.217385
v -0.475580 1.468487 -1.206276
v -0.475679 1.476643 -1.207338
v -0.530709 1.468487 -1.206276
v -0.530610 1.476643 -1.207338
v -0.584899 1.468487 -1.216359
v -0.584606 1.476643 -1.217385
v -0.636306 1.468487 -1.236180
v -0.635828 1.476643 -1.237135
v -0.683177 1.468487 -1.265065
v -0.682531 1.476643 -1.265917
v -0.723918 1.468487 -1.302031
v -0.723126 1.476643 -1.302750
v -0.757140 1.468487 -1.345818
v -0.756229 1.476643 -1.346380
v -0.781713 1.468487 -1.394936
v -0.780714 1.476643 -1.395321
v -0.796800 1.468487 -1.447712
v -0.795747 1.476643 -1.447907
v -0.801887 1.468487 -1.502348
v -0.800815 1.476643 -1.502348
v -0.796800 1.468487 -1.556984
v -0.795747 1.476643 -1.556788
v -0.781713 1.468487 -1.609759
v -0.780714 1.476643 -1.609374
v -0.757140 1.468487 -1.658877
v -0.756229 1.476643 -1.658315
v -0.723918 1.468487 -1.702664
v -0.723126 1.476643 -1.701945
v -0.683177 1.468487 -1.739630
v -0.682531 1.476643 -1.738779
v -0.636306 1.468487 -1.768515
v -0.635828 1.476643 -1.767560
v -0.584899 1.468487 -1.788337
v -0.584606 1.476643 -1.787311
v -0.530709 1.468487 -1.798419
v -0.530610 1.476643 -1.797357
v -0.475580 1.468487 -1.798419
v -0.475679 1.476643 -1.797357
v -0.421390 1.468487 -1.788337
v -0.421683 1.476643 -1.787311
v -0.369984 1.468487 -1.768515
v -0.370461 1.476643 -1.767560
v -0.323112 1.468487 -1.739630
v -0.323758 1.476643 -1.738779
v -0.282372 1.468487 -1.702664
v -0.283163 1.476643 -1.701945
v -0.249149 1.468487 -1.658877
v -0.250060 1.476643 -1.658315
v -0.224576 1.468487 -1.609759
v -0.225575 1.476643 -1.609374
v -0.232400 1.498926 -1.451974
v -0.227710 1.498926 -1.502348
v -0.232400 1.498926 -1.552721
v -0.220126 1.495778 -1.502348
v -0.224945 1.495778 -1.554108
v -0.213613 1.490770 -1.502348
v -0.218543 1.490770 -1.555299
v -0.208616 1.484244 -1.502348
v -0.213630 1.484244 -1.556213
v -0.246310 1.498926 -1.403316
v -0.268965 1.498926 -1.358031
v -0.299596 1.498926 -1.317660
v -0.337158 1.498926 -1.283578
v -0.380373 1.498926 -1.256946
v -0.427768 1.498926 -1.238671
v -0.477731 1.498926 -1.229376
v -0.528559 1.498926 -1.229376
v -0.578521 1.498926 -1.238671
v -0.625916 1.498926 -1.256946
v -0.669131 1.498926 -1.283578
v -0.706693 1.498926 -1.317660
v -0.737324 1.498926 -1.358031
v -0.759980 1.498926 -1.403316
v -0.773889 1.498926 -1.451974
v -0.778579 1.498926 -1.502348
v -0.773889 1.498926 -1.552721
v -0.781345 1.495778 -1.554108
v -0.767052 1.495778 -1.604106
v -0.773125 1.490770 -1.606447
v -0.749309 1.490770 -1.654051
v -0.753558 1.484244 -1.656669
v -0.720804 1.484244 -1.699839
v -0.759980 1.498926 -1.601379
v -0.743772 1.495778 -1.650638
v -0.717111 1.490770 -1.696488
v -0.680638 1.484244 -1.736283
v -0.737324 1.498926 -1.646665
v -0.712298 1.495778 -1.692121
v -0.677626 1.490770 -1.732314
v -0.634428 1.484244 -1.764761
v -0.706693 1.498926 -1.687036
v -0.673702 1.495778 -1.727141
v -0.632200 1.490770 -1.760309
v -0.583746 1.484244 -1.784303
v -0.669131 1.498926 -1.721117
v -0.629297 1.495778 -1.754506
v -0.582379 1.490770 -1.779519
v -0.530320 1.484244 -1.794243
v -0.625916 1.498926 -1.747749
v -0.580596 1.495778 -1.773284
v -0.529859 1.490770 -1.789291
v -0.475969 1.484244 -1.794243
v -0.578521 1.498926 -1.766024
v -0.529258 1.495778 -1.782836
v -0.476430 1.490770 -1.789291
v -0.422543 1.484244 -1.784303
v -0.528559 1.498926 -1.775320
v -0.477031 1.495778 -1.782836
v -0.423911 1.490770 -1.779519
v -0.371862 1.484244 -1.764761
v -0.477731 1.498926 -1.775320
v -0.425693 1.495778 -1.773284
v -0.374089 1.490770 -1.760309
v -0.325651 1.484244 -1.736283
v -0.427768 1.498926 -1.766024
v -0.376992 1.495778 -1.754506
v -0.328663 1.490770 -1.732314
v -0.285485 1.484244 -1.699839
v -0.380373 1.498926 -1.747749
v -0.332588 1.495778 -1.727141
v -0.289178 1.490770 -1.696488
v -0.252731 1.484244 -1.656669
v -0.337158 1.498926 -1.721117
v -0.293991 1.495778 -1.692121
v -0.256980 1.490770 -1.654051
v -0.228504 1.484244 -1.608244
v -0.299596 1.498926 -1.687036
v -0.262517 1.495778 -1.650638
v -0.233164 1.490770 -1.606447
v -0.268965 1.498926 -1.646665
v -0.239237 1.495778 -1.604106
v -0.246310 1.498926 -1.601379
v -0.797674 1.484244 -1.502348
v -0.792659 1.484244 -1.556213
v -0.777785 1.484244 -1.608244
v -0.792676 1.490770 -1.502348
v -0.787747 1.490770 -1.555299
v -0.792659 1.484244 -1.448482
v -0.777785 1.484244 -1.396451
v -0.753558 1.484244 -1.348026
v -0.720804 1.484244 -1.304856
v -0.680638 1.484244 -1.268412
v -0.634428 1.484244 -1.239934
v -0.583746 1.484244 -1.220392
v -0.530320 1.484244 -1.210452
v -0.475969 1.484244 -1.210452
v -0.422543 1.484244 -1.220392
v -0.371862 1.484244 -1.239934
v -0.325651 1.484244 -1.268412
v -0.285485 1.484244 -1.304856
v -0.252731 1.484244 -1.348026
v -0.228504 1.484244 -1.396451
v -0.213630 1.484244 -1.448482
v -0.786164 1.495778 -1.502348
v -0.787747 1.490770 -1.449396
v -0.773125 1.490770 -1.398248
v -0.749309 1.490770 -1.350644
v -0.717111 1.490770 -1.308207
v -0.677626 1.490770 -1.272381
v -0.632200 1.490770 -1.244386
v -0.582379 1.490770 -1.225176
v -0.529859 1.490770 -1.215405
v -0.476430 1.490770 -1.215405
v -0.423911 1.490770 -1.225176
v -0.374089 1.490770 -1.244386
v -0.328663 1.490770 -1.272381
v -0.289178 1.490770 -1.308207
v -0.256980 1.490770 -1.350644
v -0.233164 1.490770 -1.398248
v -0.218543 1.490770 -1.449396
v -0.781345 1.495778 -1.450587
v -0.767052 1.495778 -1.400589
v -0.743772 1.495778 -1.354057
v -0.712298 1.495778 -1.312574
v -0.673702 1.495778 -1.277554
v -0.629297 1.495778 -1.250189
v -0.580596 1.495778 -1.231411
v -0.529258 1.495778 -1.221859
v -0.477031 1.495778 -1.221859
v -0.425693 1.495778 -1.231411
v -0.376992 1.495778 -1.250189
v -0.332588 1.495778 -1.277554
v -0.293991 1.495778 -1.312574
v -0.262517 1.495778 -1.354057
v -0.239237 1.495778 -1.400589
v -0.224945 1.495778 -1.450587
v -0.209489 1.210084 -1.556984
v -0.204403 1.210084 -1.502348
v -0.209489 1.210084 -1.447712
v -0.224576 1.210084 -1.394936
v -0.249149 1.210084 -1.345818
v -0.282372 1.210084 -1.302031
v -0.323112 1.210084 -1.265065
v -0.369984 1.210084 -1.236180
v -0.421390 1.210084 -1.216359
v -0.475580 1.210084 -1.206276
v -0.530709 1.210084 -1.206276
v -0.584899 1.210084 -1.216359
v -0.636306 1.210084 -1.236180
v -0.683177 1.210084 -1.265065
v -0.723918 1.210084 -1.302031
v -0.757140 1.210084 -1.345818
v -0.781713 1.210084 -1.394936
v -0.796800 1.210084 -1.447712
v -0.801887 1.210084 -1.502348
v -0.796800 1.210084 -1.556984
v -0.781713 1.210084 -1.609759
v -0.757140 1.210084 -1.658877
v -0.723918 1.210084 -1.702664
v -0.683177 1.210084 -1.739630
v -0.636306 1.210084 -1.768515
v -0.584899 1.210084 -1.788337
v -0.530709 1.210084 -1.798419
v -0.475580 1.210084 -1.798419
v -0.421390 1.210084 -1.788337
v -0.369984 1.210084 -1.768515
v -0.323112 1.210084 -1.739630
v -0.282372 1.210084 -1.702664
v -0.249149 1.210084 -1.658877
v -0.224576 1.210084 -1.609759
v -0.288165 1.468487 -0.453684
v -0.285945 1.476644 -0.459117
v -0.283019 1.468487 -0.500783
v -0.281947 1.476643 -0.500783
v -0.285945 1.476643 -0.542448
v -0.278806 1.484244 -0.500783
v -0.282860 1.484244 -0.543040
v -0.273808 1.490770 -0.500783
v -0.277953 1.490770 -0.543981
v -0.267296 1.495778 -0.500783
v -0.271558 1.495778 -0.545208
v -0.259711 1.498926 -0.500783
v -0.264110 1.498926 -0.546636
v -0.251572 1.500000 -0.500783
v -0.256722 1.500000 -0.551186
v -0.297792 1.476644 -0.418958
v -0.303364 1.468487 -0.408788
v -0.317062 1.476644 -0.381756
v -0.327904 1.468487 -0.368194
v -0.343057 1.476644 -0.348856
v -0.360638 1.468487 -0.333799
v -0.374838 1.476644 -0.321447
v -0.400036 1.468487 -0.307212
v -0.411256 1.476644 -0.300519
v -0.444255 1.468487 -0.289676
v -0.450995 1.476644 -0.286830
v -0.491227 1.468487 -0.282012
v -0.492620 1.476644 -0.280873
v -0.534624 1.476644 -0.282865
v -0.535071 1.484244 -0.279770
v -0.576519 1.484244 -0.289778
v -0.578153 1.490770 -0.285077
v -0.617813 1.490770 -0.303104
v -0.621069 1.495778 -0.297490
v -0.657593 1.495778 -0.323377
v -0.662560 1.498926 -0.317672
v -0.694496 1.498926 -0.351009
v -0.694027 1.500000 -0.337685
v -0.723106 1.500000 -0.379267
v -0.719517 1.498926 -0.389759
v -0.743180 1.500000 -0.425825
v -0.736717 1.498926 -0.432522
v -0.753426 1.500000 -0.475451
v -0.745476 1.498926 -0.477751
v -0.745476 1.498926 -0.523814
v -0.737926 1.495778 -0.478469
v -0.737926 1.495778 -0.523096
v -0.731443 1.490770 -0.479085
v -0.731443 1.490770 -0.522480
v -0.726468 1.484244 -0.479558
v -0.726468 1.484244 -0.522007
v -0.723340 1.476644 -0.479855
v -0.723340 1.476643 -0.521710
v -0.721980 1.468487 -0.524471
v -0.715382 1.476643 -0.562809
v -0.711748 1.468487 -0.570739
v -0.699753 1.476643 -0.601665
v -0.691761 1.468487 -0.613737
v -0.677018 1.476643 -0.636876
v -0.662955 1.468487 -0.651452
v -0.647998 1.476643 -0.667168
v -0.626676 1.468487 -0.682123
v -0.613743 1.476643 -0.691446
v -0.584622 1.468487 -0.704314
v -0.575491 1.476643 -0.708833
v -0.538757 1.468487 -0.716989
v -0.534624 1.476643 -0.718701
v -0.491227 1.468487 -0.719554
v -0.492620 1.476643 -0.720692
v -0.450995 1.476643 -0.714736
v -0.450255 1.484244 -0.717774
v -0.409951 1.484244 -0.703890
v -0.407875 1.490770 -0.708415
v -0.370117 1.490770 -0.686717
v -0.366339 1.495778 -0.691998
v -0.332453 1.495778 -0.662773
v -0.326964 1.498926 -0.667982
v -0.298355 1.498926 -0.631775
v -0.296663 1.500000 -0.643823
v -0.271960 1.500000 -0.599526
v -0.277149 1.498926 -0.590833
v -0.538757 1.468487 -0.284577
v -0.575491 1.476644 -0.292732
v -0.615314 1.484244 -0.307412
v -0.653328 1.490770 -0.328276
v -0.688535 1.495778 -0.355675
v -0.584622 1.468487 -0.297251
v -0.613743 1.476644 -0.310120
v -0.650055 1.484244 -0.332035
v -0.683415 1.490770 -0.359682
v -0.712776 1.495778 -0.393218
v -0.626676 1.468487 -0.319442
v -0.647998 1.476644 -0.334398
v -0.679487 1.484244 -0.362757
v -0.706987 1.490770 -0.396188
v -0.729440 1.495778 -0.434648
v -0.662955 1.468487 -0.350113
v -0.677018 1.476644 -0.364690
v -0.702545 1.484244 -0.398467
v -0.723191 1.490770 -0.436475
v -0.691761 1.468487 -0.387829
v -0.699753 1.476644 -0.399900
v -0.718396 1.484244 -0.437876
v -0.711748 1.468487 -0.430826
v -0.715382 1.476644 -0.438757
v -0.721980 1.468487 -0.477095
v -0.444255 1.468487 -0.711889
v -0.411256 1.476643 -0.701046
v -0.373015 1.484244 -0.682666
v -0.337166 1.490770 -0.658300
v -0.304736 1.495778 -0.627694
v -0.400036 1.468487 -0.694353
v -0.374838 1.476643 -0.680119
v -0.340783 1.484244 -0.654867
v -0.310215 1.490770 -0.624189
v -0.284190 1.495778 -0.588027
v -0.360638 1.468487 -0.667767
v -0.343057 1.476643 -0.652710
v -0.314419 1.484244 -0.621500
v -0.290236 1.490770 -0.585618
v -0.327904 1.468487 -0.633372
v -0.317062 1.476643 -0.619810
v -0.294876 1.484244 -0.583770
v -0.303364 1.468487 -0.592777
v -0.297792 1.476643 -0.582607
v -0.288165 1.468487 -0.547881
v -0.329820 1.500000 -0.682264
v -0.361939 1.498926 -0.698147
v -0.405169 1.495778 -0.714311
v -0.449077 1.490770 -0.722608
v -0.492470 1.484244 -0.723815
v -0.370072 1.500000 -0.713276
v -0.402019 1.498926 -0.721178
v -0.447541 1.495778 -0.728907
v -0.492232 1.490770 -0.728784
v -0.535071 1.484244 -0.721796
v -0.415772 1.500000 -0.735588
v -0.445753 1.498926 -0.736243
v -0.491923 1.495778 -0.735259
v -0.535783 1.490770 -0.726719
v -0.576519 1.484244 -0.711788
v -0.465050 1.500000 -0.748286
v -0.491562 1.498926 -0.742799
v -0.536710 1.495778 -0.733135
v -0.578153 1.490770 -0.716488
v -0.615314 1.484244 -0.694154
v -0.515887 1.500000 -0.750853
v -0.537789 1.498926 -0.740607
v -0.580283 1.495778 -0.722614
v -0.617813 1.490770 -0.698461
v -0.650055 1.484244 -0.669531
v -0.566202 1.500000 -0.743181
v -0.582764 1.498926 -0.729747
v -0.621069 1.495778 -0.704075
v -0.653328 1.490770 -0.673290
v -0.679487 1.484244 -0.638809
v -0.613936 1.500000 -0.725585
v -0.624861 1.498926 -0.710612
v -0.657593 1.495778 -0.678189
v -0.683415 1.490770 -0.641883
v -0.702545 1.484244 -0.603098
v -0.657134 1.500000 -0.698786
v -0.662560 1.498926 -0.683894
v -0.688535 1.495778 -0.645890
v -0.706987 1.490770 -0.605377
v -0.718396 1.484244 -0.563689
v -0.694027 1.500000 -0.663881
v -0.694496 1.498926 -0.650557
v -0.712776 1.495778 -0.608348
v -0.723191 1.490770 -0.565091
v -0.723106 1.500000 -0.622298
v -0.719517 1.498926 -0.611807
v -0.729440 1.495778 -0.566917
v -0.743180 1.500000 -0.575741
v -0.736717 1.498926 -0.569044
v -0.753426 1.500000 -0.526114
v -0.657134 1.500000 -0.302779
v -0.624861 1.498926 -0.290953
v -0.580283 1.495778 -0.278951
v -0.535783 1.490770 -0.274846
v -0.492470 1.484244 -0.277750
v -0.613936 1.500000 -0.275980
v -0.582764 1.498926 -0.271818
v -0.536710 1.495778 -0.268430
v -0.492232 1.490770 -0.272782
v -0.450255 1.484244 -0.283791
v -0.566202 1.500000 -0.258385
v -0.537789 1.498926 -0.260958
v -0.491923 1.495778 -0.266307
v -0.449077 1.490770 -0.278957
v -0.409951 1.484244 -0.297675
v -0.515887 1.500000 -0.250713
v -0.491562 1.498926 -0.258767
v -0.447541 1.495778 -0.272658
v -0.407875 1.490770 -0.293150
v -0.373015 1.484244 -0.318900
v -0.465050 1.500000 -0.253279
v -0.445753 1.498926 -0.265322
v -0.405169 1.495778 -0.287254
v -0.370117 1.490770 -0.314848
v -0.340783 1.484244 -0.346698
v -0.415772 1.500000 -0.265978
v -0.402019 1.498926 -0.280387
v -0.366339 1.495778 -0.309568
v -0.337166 1.490770 -0.343266
v -0.314419 1.484244 -0.380065
v -0.370072 1.500000 -0.288290
v -0.361939 1.498926 -0.303419
v -0.332453 1.495778 -0.338792
v -0.310215 1.490770 -0.377376
v -0.294876 1.484244 -0.417796
v -0.329820 1.500000 -0.319301
v -0.326964 1.498926 -0.333583
v -0.304736 1.495778 -0.373872
v -0.290236 1.490770 -0.415947
v -0.282860 1.484244 -0.458526
v -0.296663 1.500000 -0.357742
v -0.298355 1.498926 -0.369791
v -0.284190 1.495778 -0.413538
v -0.277953 1.490770 -0.457584
v -0.271960 1.500000 -0.402039
v -0.277149 1.498926 -0.410732
v -0.271558 1.495778 -0.456358
v -0.256722 1.500000 -0.450379
v -0.264110 1.498926 -0.454929
v -0.240985 1.500000 -0.448881
v -0.235849 1.500000 -0.500783
v -0.240985 1.500000 -0.552685
v -0.256196 1.500000 -0.602592
v -0.280897 1.500000 -0.648587
v -0.314138 1.500000 -0.688902
v -0.354643 1.500000 -0.721987
v -0.400855 1.500000 -0.746572
v -0.450998 1.500000 -0.761711
v -0.503145 1.500000 -0.766823
v -0.555291 1.500000 -0.761711
v -0.605434 1.500000 -0.746572
v -0.651646 1.500000 -0.721987
v -0.692151 1.500000 -0.688902
v -0.725393 1.500000 -0.648587
v -0.750094 1.500000 -0.602592
v -0.765304 1.500000 -0.552685
v -0.770440 1.500000 -0.500783
v -0.765304 1.500000 -0.448881
v -0.750094 1.500000 -0.398973
v -0.725393 1.500000 -0.352978
v -0.692151 1.500000 -0.312663
v -0.651646 1.500000 -0.279578
v -0.605434 1.500000 -0.254993
v -0.555291 1.500000 -0.239854
v -0.503145 1.500000 -0.234742
v -0.450998 1.500000 -0.239854
v -0.400855 1.500000 -0.254993
v -0.354643 1.500000 -0.279578
v -0.314138 1.500000 -0.312663
v -0.280897 1.500000 -0.352978
v -0.256196 1.500000 -0.398973
v -0.288165 1.210084 -0.453684
v -0.283019 1.210084 -0.500783
v -0.288165 1.210084 -0.547881
v -0.303364 1.210084 -0.592777
v -0.327904 1.210084 -0.633372
v -0.360638 1.210084 -0.667766
v -0.400036 1.210084 -0.694353
v -0.444255 1.210084 -0.711889
v -0.491227 1.210084 -0.719554
v -0.538757 1.210084 -0.716989
v -0.584622 1.210084 -0.704314
v -0.626676 1.210084 -0.682123
v -0.662955 1.210084 -0.651452
v -0.691761 1.210084 -0.613737
v -0.711748 1.210084 -0.570739
v -0.721980 1.210084 -0.524471
v -0.721980 1.210084 -0.477095
v -0.711748 1.210084 -0.430826
v -0.691761 1.210084 -0.387829
v -0.662955 1.210084 -0.350113
v -0.626676 1.210084 -0.319442
v -0.584622 1.210084 -0.297251
v -0.538757 1.210084 -0.284577
v -0.491227 1.210084 -0.282012
v -0.444255 1.210084 -0.289676
v -0.400036 1.210084 -0.307212
v -0.360638 1.210084 -0.333799
v -0.327904 1.210084 -0.368194
v -0.303364 1.210084 -0.408788
v -0.209489 1.468487 -0.555419
v -0.210542 1.476643 -0.555223
v -0.204403 1.468487 -0.500783
v -0.205474 1.476643 -0.500783
v -0.209489 1.468487 -0.446147
v -0.210542 1.476644 -0.446343
v -0.224576 1.468487 -0.393371
v -0.225575 1.476644 -0.393756
v -0.249149 1.468487 -0.344254
v -0.250060 1.476644 -0.344815
v -0.282372 1.468487 -0.300466
v -0.283163 1.476644 -0.301185
v -0.323112 1.468487 -0.263501
v -0.323758 1.476644 -0.264352
v -0.369984 1.468487 -0.234615
v -0.370461 1.476644 -0.235570
v -0.421390 1.468487 -0.214794
v -0.421683 1.476644 -0.215820
v -0.475580 1.468487 -0.204711
v -0.475679 1.476644 -0.205773
v -0.530709 1.468487 -0.204711
v -0.530610 1.476644 -0.205773
v -0.584899 1.468487 -0.214794
v -0.584606 1.476644 -0.215820
v -0.636306 1.468487 -0.234615
v -0.635828 1.476644 -0.235570
v -0.683177 1.468487 -0.263501
v -0.682531 1.476644 -0.264352
v -0.723918 1.468487 -0.300466
v -0.723126 1.476644 -0.301185
v -0.757140 1.468487 -0.344254
v -0.756229 1.476644 -0.344815
v -0.781713 1.468487 -0.393371
v -0.780714 1.476644 -0.393756
v -0.796800 1.468487 -0.446147
v -0.795747 1.476644 -0.446343
v -0.801887 1.468487 -0.500783
v -0.800815 1.476643 -0.500783
v -0.796800 1.468487 -0.555419
v -0.795747 1.476643 -0.555223
v -0.781713 1.468487 -0.608194
v -0.780714 1.476643 -0.607809
v -0.757140 1.468487 -0.657312
v -0.756229 1.476643 -0.656750
v -0.723918 1.468487 -0.701099
v -0.723126 1.476643 -0.700381
v -0.683177 1.468487 -0.738065
v -0.682531 1.476643 -0.737214
v -0.636306 1.468487 -0.766950
v -0.635828 1.476643 -0.765996
v -0.584899 1.468487 -0.786772
v -0.584606 1.476643 -0.785746
v -0.530709 1.468487 -0.796854
v -0.530610 1.476643 -0.795792
v -0.475580 1.468487 -0.796854
v -0.475679 1.476643 -0.795792
v -0.421390 1.468487 -0.786772
v -0.421683 1.476643 -0.785746
v -0.369984 1.468487 -0.766950
v -0.370461 1.476643 -0.765996
v -0.323112 1.468487 -0.738065
v -0.323758 1.476643 -0.737214
v -0.282372 1.468487 -0.701099
v -0.283163 1.476643 -0.700381
v -0.249149 1.468487 -0.657312
v -0.250060 1.476643 -0.656750
v -0.224576 1.468487 -0.608194
v -0.225575 1.476643 -0.607809
v -0.232400 1.498926 -0.450409
v -0.227710 1.498926 -0.500783
v -0.232400 1.498926 -0.551156
v -0.220126 1.495778 -0.500783
v -0.224945 1.495778 -0.552543
v -0.213613 1.490770 -0.500783
v -0.218543 1.490770 -0.553734
v -0.208616 1.484244 -0.500783
v -0.213630 1.484244 -0.554648
v -0.246310 1.498926 -0.401751
v -0.268965 1.498926 -0.356466
v -0.299596 1.498926 -0.316095
v -0.337158 1.498926 -0.282013
v -0.380373 1.498926 -0.255381
v -0.427768 1.498926 -0.237106
v -0.477731 1.498926 -0.227811
v -0.528559 1.498926 -0.227811
v -0.578521 1.498926 -0.237106
v -0.625916 1.498926 -0.255381
v -0.669131 1.498926 -0.282013
v -0.706693 1.498926 -0.316095
v -0.737324 1.498926 -0.356466
v -0.759980 1.498926 -0.401751
v -0.773889 1.498926 -0.450409
v -0.778579 1.498926 -0.500783
v -0.773889 1.498926 -0.551156
v -0.781345 1.495778 -0.552543
v -0.767052 1.495778 -0.602541
v -0.773125 1.490770 -0.604883
v -0.749309 1.490770 -0.652486
v -0.753558 1.484244 -0.655104
v -0.720804 1.484244 -0.698274
v -0.759980 1.498926 -0.599814
v -0.743772 1.495778 -0.649073
v -0.717111 1.490770 -0.694923
v -0.680638 1.484244 -0.734719
v -0.737324 1.498926 -0.645100
v -0.712298 1.495778 -0.690556
v -0.677626 1.490770 -0.730749
v -0.634428 1.484244 -0.763197
v -0.706693 1.498926 -0.685471
v -0.673702 1.495778 -0.725576
v -0.632200 1.490770 -0.758744
v -0.583746 1.484244 -0.782738
v -0.669131 1.498926 -0.719552
v -0.629297 1.495778 -0.752941
v -0.582379 1.490770 -0.777954
v -0.530320 1.484244 -0.792678
v -0.625916 1.498926 -0.746184
v -0.580596 1.495778 -0.771720
v -0.529859 1.490770 -0.787726
v -0.475969 1.484244 -0.792678
v -0.578521 1.498926 -0.764459
v -0.529258 1.495778 -0.781271
v -0.476430 1.490770 -0.787726
v -0.422543 1.484244 -0.782738
v -0.528559 1.498926 -0.773755
v -0.477031 1.495778 -0.781271
v -0.423911 1.490770 -0.777954
v -0.371862 1.484244 -0.763197
v -0.477731 1.498926 -0.773755
v -0.425693 1.495778 -0.771720
v -0.374089 1.490770 -0.758744
v -0.325651 1.484244 -0.734719
v -0.427768 1.498926 -0.764459
v -0.376992 1.495778 -0.752941
v -0.328663 1.490770 -0.730749
v -0.285485 1.484244 -0.698274
v -0.380373 1.498926 -0.746184
v -0.332588 1.495778 -0.725576
v -0.289178 1.490770 -0.694923
v -0.252731 1.484244 -0.655104
v -0.337158 1.498926 -0.719552
v -0.293991 1.495778 -0.690556
v -0.256980 1.490770 -0.652486
v -0.228504 1.484244 -0.606679
v -0.299596 1.498926 -0.685471
v -0.262517 1.495778 -0.649073
v -0.233164 1.490770 -0.604883
v -0.268965 1.498926 -0.645100
v -0.239237 1.495778 -0.602541
v -0.246310 1.498926 -0.599814
v -0.797674 1.484244 -0.500783
v -0.792659 1.484244 -0.554648
v -0.777785 1.484244 -0.606679
v -0.792676 1.490770 -0.500783
v -0.787747 1.490770 -0.553734
v -0.792659 1.484244 -0.446917
v -0.777785 1.484244 -0.394886
v -0.753558 1.484244 -0.346461
v -0.720804 1.484244 -0.303291
v -0.680638 1.484244 -0.266847
v -0.634428 1.484244 -0.238369
v -0.583746 1.484244 -0.218827
v -0.530320 1.484244 -0.208887
v -0.475969 1.484244 -0.208887
v -0.422543 1.484244 -0.218827
v -0.371862 1.484244 -0.238369
v -0.325651 1.484244 -0.266847
v -0.285485 1.484244 -0.303291
v -0.252731 1.484244 -0.346461
v -0.228504 1.484244 -0.394886
v -0.213630 1.484244 -0.446917
v -0.786164 1.495778 -0.500783
v -0.787747 1.490770 -0.447831
v -0.773125 1.490770 -0.396683
v -0.749309 1.490770 -0.349079
v -0.717111 1.490770 -0.306642
v -0.677626 1.490770 -0.270816
v -0.632200 1.490770 -0.242821
v -0.582379 1.490770 -0.223611
v -0.529859 1.490770 -0.213840
v -0.476430 1.490770 -0.213840
v -0.423911 1.490770 -0.223611
v -0.374089 1.490770 -0.242821
v -0.328663 1.490770 -0.270816
v -0.289178 1.490770 -0.306642
v -0.256980 1.490770 -0.349079
v -0.233164 1.490770 -0.396683
v -0.218543 1.490770 -0.447831
v -0.781345 1.495778 -0.449022
v -0.767052 1.495778 -0.399024
v -0.743772 1.495778 -0.352492
v -0.712298 1.495778 -0.311009
v -0.673702 1.495778 -0.275989
v -0.629297 1.495778 -0.248624
v -0.580596 1.495778 -0.229846
v -0.529258 1.495778 -0.220294
v -0.477031 1.495778 -0.220294
v -0.425693 1.495778 -0.229846
v -0.376992 1.495778 -0.248624
v -0.332588 1.495778 -0.275989
v -0.293991 1.495778 -0.311009
v -0.262517 1.495778 -0.352492
v -0.239237 1.495778 -0.399024
v -0.224945 1.495778 -0.449022
v -0.209489 1.210084 -0.555419
v -0.204403 1.210084 -0.500783
v -0.209489 1.210084 -0.446147
v -0.224576 1.210084 -0.393371
v -0.249149 1.210084 -0.344254
v -0.282372 1.210084 -0.300466
v -0.323112 1.210084 -0.263501
v -0.369984 1.210084 -0.234615
v -0.421390 1.210084 -0.214794
v -0.475580 1.210084 -0.204711
v -0.530709 1.210084 -0.204711
v -0.584899 1.210084 -0.214794
v -0.636306 1.210084 -0.234615
v -0.683177 1.210084 -0.263501
v -0.723918 1.210084 -0.300466
v -0.757140 1.210084 -0.344254
v -0.781713 1.210084 -0.393371
v -0.796800 1.210084 -0.446147
v -0.801887 1.210084 -0.500783
v -0.796800 1.210084 -0.555419
v -0.781713 1.210084 -0.608194
v -0.757140 1.210084 -0.657312
v -0.723918 1.210084 -0.701099
v -0.683177 1.210084 -0.738065
v -0.636306 1.210084 -0.766950
v -0.584899 1.210084 -0.786771
v -0.530709 1.210084 -0.796854
v -0.475580 1.210084 -0.796854
v -0.421390 1.210084 -0.786771
v -0.369984 1.210084 -0.766950
v -0.323112 1.210084 -0.738065
v -0.282372 1.210084 -0.701099
v -0.249149 1.210084 -0.657312
v -0.224576 1.210084 -0.608194
v -0.288165 1.468488 0.547881
v -0.285945 1.476644 0.542448
v -0.283019 1.468488 0.500782
v -0.281947 1.476644 0.500782
v -0.285945 1.476644 0.459117
v -0.278806 1.484244 0.500782
v -0.282860 1.484244 0.458525
v -0.273808 1.490770 0.500782
v -0.277953 1.490770 0.457584
v -0.267296 1.495778 0.500782
v -0.271558 1.495778 0.456357
v -0.259711 1.498926 0.500782
v -0.264110 1.498926 0.454929
v -0.251572 1.500000 0.500782
v -0.256722 1.500000 0.450379
v -0.297792 1.476644 0.582607
v -0.303364 1.468488 0.592777
v -0.317062 1.476644 0.619809
v -0.327904 1.468488 0.633371
v -0.343057 1.476644 0.652709
v -0.360638 1.468488 0.667766
v -0.374838 1.476644 0.680118
v -0.400036 1.468488 0.694353
v -0.411256 1.476644 0.701046
v -0.444255 1.468488 0.711889
v -0.450995 1.476644 0.714735
v -0.491227 1.468488 0.719553
v -0.492620 1.476644 0.720692
v -0.534624 1.476644 0.718700
v -0.535071 1.484244 0.721795
v -0.576519 1.484244 0.711787
v -0.578153 1.490770 0.716488
v -0.617813 1.490770 0.698461
v -0.621069 1.495778 0.704075
v -0.657593 1.495778 0.678188
v -0.662560 1.498926 0.683893
v -0.694496 1.498926 0.650556
v -0.694027 1.500000 0.663880
v -0.723106 1.500000 0.622298
v -0.719517 1.498926 0.611806
v -0.743180 1.500000 0.575740
v -0.736717 1.498926 0.569043
v -0.753426 1.500000 0.526114
v -0.745476 1.498926 0.523813
v -0.745476 1.498926 0.477751
v -0.737926 1.495778 0.523096
v -0.737926 1.495778 0.478469
v -0.731443 1.490770 0.522480
v -0.731443 1.490770 0.479085
v -0.726468 1.484244 0.522007
v -0.726468 1.484244 0.479558
v -0.723340 1.476644 0.521710
v -0.723340 1.476644 0.479855
v -0.721980 1.468487 0.477094
v -0.715382 1.476644 0.438756
v -0.711748 1.468487 0.430826
v -0.699753 1.476644 0.399900
v -0.691761 1.468487 0.387828
v -0.677018 1.476644 0.364689
v -0.662955 1.468487 0.350113
v -0.647998 1.476644 0.334397
v -0.626676 1.468487 0.319442
v -0.613743 1.476644 0.310119
v -0.584622 1.468487 0.297251
v -0.575491 1.476644 0.292732
v -0.538757 1.468487 0.284576
v -0.534624 1.476644 0.282864
v -0.491227 1.468487 0.282011
v -0.492620 1.476644 0.280873
v -0.450995 1.476644 0.286829
v -0.450255 1.484244 0.283791
v -0.409951 1.484244 0.297675
v -0.407875 1.490770 0.293150
v -0.370117 1.490770 0.314848
v -0.366339 1.495778 0.309567
v -0.332453 1.495778 0.338792
v -0.326964 1.498926 0.333583
v -0.298355 1.498926 0.369790
v -0.296663 1.500000 0.357742
v -0.271960 1.500000 0.402039
v -0.277149 1.498926 0.410732
v -0.538757 1.468488 0.716988
v -0.575491 1.476644 0.708833
v -0.615314 1.484244 0.694153
v -0.653328 1.490770 0.673289
v -0.688535 1.495778 0.645890
v -0.584622 1.468488 0.704314
v -0.613743 1.476644 0.691445
v -0.650055 1.484244 0.669530
v -0.683415 1.490770 0.641883
v -0.712776 1.495778 0.608347
v -0.626676 1.468488 0.682123
v -0.647998 1.476644 0.667167
v -0.679487 1.484244 0.638808
v -0.706987 1.490770 0.605377
v -0.729440 1.495778 0.566917
v -0.662955 1.468488 0.651452
v -0.677018 1.476644 0.636876
v -0.702545 1.484244 0.603098
v -0.723191 1.490770 0.565090
v -0.691761 1.468488 0.613736
v -0.699753 1.476644 0.601665
v -0.718396 1.484244 0.563689
v -0.711748 1.468488 0.570739
v -0.715382 1.476644 0.562808
v -0.721980 1.468488 0.524470
v -0.444255 1.468487 0.289676
v -0.411256 1.476644 0.300519
v -0.373015 1.484244 0.318899
v -0.337166 1.490770 0.343265
v -0.304736 1.495778 0.373871
v -0.400036 1.468487 0.307212
v -0.374838 1.476644 0.321446
v -0.340783 1.484244 0.346698
v -0.310215 1.490770 0.377376
v -0.284190 1.495778 0.413538
v -0.360638 1.468487 0.333798
v -0.343057 1.476644 0.348855
v -0.314419 1.484244 0.380065
v -0.290236 1.490770 0.415947
v -0.327904 1.468487 0.368193
v -0.317062 1.476644 0.381755
v -0.294876 1.484244 0.417795
v -0.303364 1.468487 0.408788
v -0.297792 1.476644 0.418958
v -0.288165 1.468487 0.453684
v -0.329820 1.500000 0.319301
v -0.361939 1.498926 0.303418
v -0.405169 1.495778 0.287254
v -0.449077 1.490770 0.278957
v -0.492470 1.484244 0.277750
v -0.370072 1.500000 0.288289
v -0.402019 1.498926 0.280387
v -0.447541 1.495778 0.272658
v -0.492232 1.490770 0.272781
v -0.535071 1.484244 0.279769
v -0.415772 1.500000 0.265977
v -0.445753 1.498926 0.265322
v -0.491923 1.495778 0.266306
v -0.535783 1.490770 0.274846
v -0.576519 1.484244 0.289777
v -0.465050 1.500000 0.253278
v -0.491562 1.498926 0.258766
v -0.536710 1.495778 0.268430
v -0.578153 1.490770 0.285077
v -0.615314 1.484244 0.307411
v -0.515887 1.500000 0.250712
v -0.537789 1.498926 0.260958
v -0.580283 1.495778 0.278951
v -0.617813 1.490770 0.303104
v -0.650055 1.484244 0.332034
v -0.566202 1.500000 0.258384
v -0.582764 1.498926 0.271818
v -0.621069 1.495778 0.297490
v -0.653328 1.490770 0.328275
v -0.679487 1.484244 0.362756
v -0.613936 1.500000 0.275980
v -0.624861 1.498926 0.290953
v -0.657593 1.495778 0.323376
v -0.683415 1.490770 0.359682
v -0.702545 1.484244 0.398467
v -0.657134 1.500000 0.302779
v -0.662560 1.498926 0.317671
v -0.688535 1.495778 0.355675
v -0.706987 1.490770 0.396188
v -0.718396 1.484244 0.437876
v -0.694027 1.500000 0.337684
v -0.694496 1.498926 0.351008
v -0.712776 1.495778 0.393217
v -0.723191 1.490770 0.436474
v -0.723106 1.500000 0.379267
v -0.719517 1.498926 0.389758
v -0.729440 1.495778 0.434648
v -0.743180 1.500000 0.425824
v -0.736717 1.498926 0.432521
v -0.753426 1.500000 0.475451
v -0.657134 1.500000 0.698786
v -0.624861 1.498926 0.710612
v -0.580283 1.495778 0.722613
v -0.535783 1.490770 0.726719
v -0.492470 1.484244 0.723815
v -0.613936 1.500000 0.725585
v -0.582764 1.498926 0.729747
v -0.536710 1.495778 0.733135
v -0.492232 1.490770 0.728783
v -0.450255 1.484244 0.717774
v -0.566202 1.500000 0.743180
v -0.537789 1.498926 0.740607
v -0.491923 1.495778 0.735258
v -0.449077 1.490770 0.722608
v -0.409951 1.484244 0.703890
v -0.515887 1.500000 0.750852
v -0.491562 1.498926 0.742798
v -0.447541 1.495778 0.728907
v -0.407875 1.490770 0.708414
v -0.373015 1.484244 0.682665
v -0.465050 1.500000 0.748286
v -0.445753 1.498926 0.736243
v -0.405169 1.495778 0.714311
v -0.370117 1.490770 0.686717
v -0.340783 1.484244 0.654867
v -0.415772 1.500000 0.735587
v -0.402019 1.498926 0.721178
v -0.366339 1.495778 0.691997
v -0.337166 1.490770 0.658299
v -0.314419 1.484244 0.621500
v -0.370072 1.500000 0.713275
v -0.361939 1.498926 0.698146
v -0.332453 1.495778 0.662773
v -0.310215 1.490770 0.624189
v -0.294876 1.484244 0.583769
v -0.329820 1.500000 0.682264
v -0.326964 1.498926 0.667982
v -0.304736 1.495778 0.627693
v -0.290236 1.490770 0.585618
v -0.282860 1.484244 0.543039
v -0.296663 1.500000 0.643823
v -0.298355 1.498926 0.631774
v -0.284190 1.495778 0.588027
v -0.277953 1.490770 0.543981
v -0.271960 1.500000 0.599526
v -0.277149 1.498926 0.590833
v -0.271558 1.495778 0.545208
v -0.256722 1.500000 0.551186
v -0.264110 1.498926 0.546636
v -0.240985 1.500000 0.552684
v -0.235849 1.500000 0.500782
v -0.240985 1.500000 0.448880
v -0.256196 1.500000 0.398973
v -0.280897 1.500000 0.352978
v -0.314138 1.500000 0.312663
v -0.354643 1.500000 0.279578
v -0.400855 1.500000 0.254993
v -0.450998 1.500000 0.239854
v -0.503145 1.500000 0.234742
v -0.555291 1.500000 0.239854
v -0.605434 1.500000 0.254993
v -0.651646 1.500000 0.279578
v -0.692151 1.500000 0.312663
v -0.725393 1.500000 0.352978
v -0.750094 1.500000 0.398973
v -0.765304 1.500000 0.448880
v -0.770440 1.500000 0.500782
v -0.765304 1.500000 0.552684
v -0.750094 1.500000 0.602592
v -0.725393 1.500000 0.648587
v -0.692151 1.500000 0.688902
v -0.651646 1.500000 0.721987
v -0.605434 1.500000 0.746572
v -0.555291 1.500000 0.761711
v -0.503145 1.500000 0.766823
v -0.450998 1.500000 0.761711
v -0.400855 1.500000 0.746572
v -0.354643 1.500000 0.721987
v -0.314138 1.500000 0.688902
v -0.280897 1.500000 0.648587
v -0.256196 1.500000 0.602592
v -0.288165 1.210084 0.547881
v -0.283019 1.210084 0.500782
v -0.288165 1.210084 0.453684
v -0.303364 1.210084 0.408788
v -0.327904 1.210084 0.368193
v -0.360638 1.210084 0.333798
v -0.400036 1.210084 0.307212
v -0.444255 1.210084 0.289676
v -0.491227 1.210084 0.282011
v -0.538757 1.210084 0.284576
v -0.584622 1.210084 0.297251
v -0.626676 1.210084 0.319442
v -0.662955 1.210084 0.350113
v -0.691761 1.210084 0.387828
v -0.711748 1.210084 0.430826
v -0.721980 1.210084 0.477094
v -0.721980 1.210084 0.524470
v -0.711748 1.210084 0.570739
v -0.691761 1.210084 0.613736
v -0.662955 1.210084 0.651452
v -0.626676 1.210084 0.682123
v -0.584622 1.210084 0.704314
v -0.538757 1.210084 0.716989
v -0.491227 1.210084 0.719553
v -0.444255 1.210084 0.711889
v -0.400036 1.210084 0.694353
v -0.360638 1.210084 0.667766
v -0.327904 1.210084 0.633371
v -0.303364 1.210084 0.592777
v -0.209489 1.468487 0.446146
v -0.210542 1.476644 0.446342
v -0.204403 1.468488 0.500782
v -0.205474 1.476644 0.500782
v -0.209489 1.468488 0.555418
v -0.210542 1.476644 0.555222
v -0.224576 1.468488 0.608194
v -0.225575 1.476644 0.607809
v -0.249149 1.468488 0.657311
v -0.250060 1.476644 0.656750
v -0.282372 1.468488 0.701099
v -0.283163 1.476644 0.700380
v -0.323112 1.468488 0.738064
v -0.323758 1.476644 0.737213
v -0.369984 1.468488 0.766950
v -0.370461 1.476644 0.765995
v -0.421390 1.468488 0.786771
v -0.421683 1.476644 0.785745
v -0.475580 1.468488 0.796853
v -0.475679 1.476644 0.795792
v -0.530709 1.468488 0.796853
v -0.530610 1.476644 0.795792
v -0.584899 1.468488 0.786771
v -0.584606 1.476644 0.785745
v -0.636306 1.468488 0.766950
v -0.635828 1.476644 0.765995
v -0.683177 1.468488 0.738064
v -0.682531 1.476644 0.737213
v -0.723918 1.468488 0.701099
v -0.723126 1.476644 0.700380
v -0.757140 1.468488 0.657311
v -0.756229 1.476644 0.656750
v -0.781713 1.468488 0.608194
v -0.780714 1.476644 0.607809
v -0.796800 1.468488 0.555418
v -0.795747 1.476644 0.555222
v -0.801887 1.468488 0.500782
v -0.800815 1.476644 0.500782
v -0.796800 1.468487 0.446146
v -0.795747 1.476644 0.446342
v -0.781713 1.468487 0.393371
v -0.780714 1.476644 0.393756
v -0.757140 1.468487 0.344253
v -0.756229 1.476644 0.344815
v -0.723918 1.468487 0.300466
v -0.723126 1.476644 0.301184
v -0.683177 1.468487 0.263500
v -0.682531 1.476644 0.264351
v -0.636306 1.468487 0.234615
v -0.635828 1.476644 0.235569
v -0.584899 1.468487 0.214793
v -0.584606 1.476644 0.215819
v -0.530709 1.468487 0.204711
v -0.530610 1.476644 0.205773
v -0.475580 1.468487 0.204711
v -0.475679 1.476644 0.205773
v -0.421390 1.468487 0.214793
v -0.421683 1.476644 0.215819
v -0.369984 1.468487 0.234615
v -0.370461 1.476644 0.235569
v -0.323112 1.468487 0.263500
v -0.323758 1.476644 0.264351
v -0.282372 1.468487 0.300466
v -0.283163 1.476644 0.301184
v -0.249149 1.468487 0.344253
v -0.250060 1.476644 0.344815
v -0.224576 1.468487 0.393371
v -0.225575 1.476644 0.393756
v -0.232400 1.498926 0.551156
v -0.227710 1.498926 0.500782
v -0.232400 1.498926 0.450409
v -0.220126 1.495778 0.500782
v -0.224945 1.495778 0.449022
v -0.213613 1.490770 0.500782
v -0.218543 1.490770 0.447831
v -0.208616 1.484244 0.500782
v -0.213630 1.484244 0.446917
v -0.246310 1.498926 0.599814
v -0.268965 1.498926 0.645099
v -0.299596 1.498926 0.685470
v -0.337158 1.498926 0.719552
v -0.380373 1.498926 0.746184
v -0.427768 1.498926 0.764459
v -0.477731 1.498926 0.773754
v -0.528559 1.498926 0.773754
v -0.578521 1.498926 0.764459
v -0.625916 1.498926 0.746184
v -0.669131 1.498926 0.719552
v -0.706693 1.498926 0.685470
v -0.737324 1.498926 0.645099
v -0.759980 1.498926 0.599814
v -0.773889 1.498926 0.551156
v -0.778579 1.498926 0.500782
v -0.773889 1.498926 0.450409
v -0.781345 1.495778 0.449022
v -0.767052 1.495778 0.399024
v -0.773125 1.490770 0.396682
v -0.749309 1.490770 0.349079
v -0.753558 1.484244 0.346461
v -0.720804 1.484244 0.303291
v -0.759980 1.498926 0.401751
v -0.743772 1.495778 0.352492
v -0.717111 1.490770 0.306642
v -0.680638 1.484244 0.266846
v -0.737324 1.498926 0.356465
v -0.712298 1.495778 0.311009
v -0.677626 1.490770 0.270816
v -0.634428 1.484244 0.238368
v -0.706693 1.498926 0.316094
v -0.673702 1.495778 0.275989
v -0.632200 1.490770 0.242821
v -0.583746 1.484244 0.218827
v -0.669131 1.498926 0.282013
v -0.629297 1.495778 0.248624
v -0.582379 1.490770 0.223611
v -0.530320 1.484244 0.208886
v -0.625916 1.498926 0.255381
v -0.580596 1.495778 0.229846
v -0.529859 1.490770 0.213839
v -0.475969 1.484244 0.208886
v -0.578521 1.498926 0.237106
v -0.529258 1.495778 0.220294
v -0.476430 1.490770 0.213839
v -0.422543 1.484244 0.218827
v -0.528559 1.498926 0.227810
v -0.477031 1.495778 0.220294
v -0.423911 1.490770 0.223611
v -0.371862 1.484244 0.238368
v -0.477731 1.498926 0.227810
v -0.425693 1.495778 0.229846
v -0.374089 1.490770 0.242821
v -0.325651 1.484244 0.266846
v -0.427768 1.498926 0.237106
v -0.376992 1.495778 0.248624
v -0.328663 1.490770 0.270816
v -0.285485 1.484244 0.303291
v -0.380373 1.498926 0.255381
v -0.332588 1.495778 0.275989
v -0.289178 1.490770 0.306642
v -0.252731 1.484244 0.346461
v -0.337158 1.498926 0.282013
v -0.293991 1.495778 0.311009
v -0.256980 1.490770 0.349079
v -0.228504 1.484244 0.394886
v -0.299596 1.498926 0.316094
v -0.262517 1.495778 0.352492
v -0.233164 1.490770 0.396682
v -0.268965 1.498926 0.356465
v -0.239237 1.495778 0.399024
v -0.246310 1.498926 0.401751
v -0.797674 1.484244 0.500782
v -0.792659 1.484244 0.446917
v -0.777785 1.484244 0.394886
v -0.792676 1.490770 0.500782
v -0.787747 1.490770 0.447831
v -0.792659 1.484244 0.554648
v -0.777785 1.484244 0.606679
v -0.753558 1.484244 0.655104
v -0.720804 1.484244 0.698274
v -0.680638 1.484244 0.734718
v -0.634428 1.484244 0.763196
v -0.583746 1.484244 0.782738
v -0.530320 1.484244 0.792678
v -0.475969 1.484244 0.792678
v -0.422543 1.484244 0.782738
v -0.371862 1.484244 0.763196
v -0.325651 1.484244 0.734718
v -0.285485 1.484244 0.698274
v -0.252731 1.484244 0.655104
v -0.228504 1.484244 0.606679
v -0.213630 1.484244 0.554648
v -0.786164 1.495778 0.500782
v -0.787747 1.490770 0.553734
v -0.773125 1.490770 0.604882
v -0.749309 1.490770 0.652485
v -0.717111 1.490770 0.694923
v -0.677626 1.490770 0.730749
v -0.632200 1.490770 0.758744
v -0.582379 1.490770 0.777954
v -0.529859 1.490770 0.787725
v -0.476430 1.490770 0.787725
v -0.423911 1.490770 0.777954
v -0.374089 1.490770 0.758744
v -0.328663 1.490770 0.730749
v -0.289178 1.490770 0.694923
v -0.256980 1.490770 0.652485
v -0.233164 1.490770 0.604882
v -0.218543 1.490770 0.553734
v -0.781345 1.495778 0.552543
v -0.767052 1.495778 0.602541
v -0.743772 1.495778 0.649073
v -0.712298 1.495778 0.690556
v -0.673702 1.495778 0.725576
v -0.629297 1.495778 0.752941
v -0.580596 1.495778 0.771719
v -0.529258 1.495778 0.781271
v -0.477031 1.495778 0.781271
v -0.425693 1.495778 0.771719
v -0.376992 1.495778 0.752941
v -0.332588 1.495778 0.725576
v -0.293991 1.495778 0.690556
v -0.262517 1.495778 0.649073
v -0.239237 1.495778 0.602541
v -0.224945 1.495778 0.552543
v -0.209489 1.210084 0.446146
v -0.204403 1.210084 0.500782
v -0.209489 1.210084 0.555418
v -0.224576 1.210084 0.608194
v -0.249149 1.210084 0.657311
v -0.282372 1.210084 0.701099
v -0.323112 1.210084 0.738064
v -0.369984 1.210084 0.766950
v -0.421390 1.210084 0.786771
v -0.475580 1.210084 0.796854
v -0.530709 1.210084 0.796854
v -0.584899 1.210084 0.786771
v -0.636306 1.210084 0.766950
v -0.683177 1.210084 0.738064
v -0.723918 1.210084 0.701099
v -0.757140 1.210084 0.657311
v -0.781713 1.210084 0.608194
v -0.796800 1.210084 0.555418
v -0.801887 1.210084 0.500782
v -0.796800 1.210084 0.446146
v -0.781713 1.210084 0.393371
v -0.757140 1.210084 0.344253
v -0.723918 1.210084 0.300466
v -0.683177 1.210084 0.263500
v -0.636306 1.210084 0.234615
v -0.584899 1.210084 0.214793
v -0.530709 1.210084 0.204711
v -0.475580 1.210084 0.204711
v -0.421390 1.210084 0.214793
v -0.369984 1.210084 0.234615
v -0.323112 1.210084 0.263500
v -0.282372 1.210084 0.300466
v -0.249149 1.210084 0.344253
v -0.224576 1.210084 0.393371
v 0.718124 1.468488 0.547881
v 0.720345 1.476644 0.542448
v 0.723270 1.468488 0.500782
v 0.724342 1.476644 0.500782
v 0.720345 1.476644 0.459117
v 0.727484 1.484244 0.500782
v 0.723429 1.484244 0.458525
v 0.732481 1.490770 0.500782
v 0.728337 1.490770 0.457584
v 0.738994 1.495778 0.500782
v 0.734732 1.495778 0.456357
v 0.746578 1.498926 0.500782
v 0.742179 1.498926 0.454929
v 0.754717 1.500000 0.500782
v 0.749567 1.500000 0.450379
v 0.708497 1.476644 0.582607
v 0.702925 1.468488 0.592777
v 0.689228 1.476644 0.619809
v 0.678385 1.468488 0.633371
v 0.663233 1.476644 0.652709
v 0.645651 1.468488 0.667766
v 0.631452 1.476644 0.680118
v 0.606253 1.468488 0.694353
v 0.595033 1.476644 0.701046
v 0.562035 1.468488 0.711889
v 0.555294 1.476644 0.714735
v 0.515062 1.468488 0.719553
v 0.513670 1.476644 0.720692
v 0.471665 1.476644 0.718700
v 0.471218 1.484244 0.721795
v 0.429771 1.484244 0.711787
v 0.428136 1.490770 0.716488
v 0.388477 1.490770 0.698461
v 0.385220 1.495778 0.704075
v 0.348696 1.495778 0.678188
v 0.343730 1.498926 0.683893
v 0.311793 1.498926 0.650556
v 0.312262 1.500000 0.663880
v 0.283183 1.500000 0.622298
v 0.286772 1.498926 0.611806
v 0.263110 1.500000 0.575740
v 0.269572 1.498926 0.569043
v 0.252863 1.500000 0.526114
v 0.260814 1.498926 0.523813
v 0.260814 1.498926 0.477751
v 0.268364 1.495778 0.523096
v 0.268364 1.495778 0.478469
v 0.274847 1.490770 0.522480
v 0.274847 1.490770 0.479085
v 0.279822 1.484244 0.522007
v 0.279822 1.484244 0.479558
v 0.282949 1.476644 0.521710
v 0.282949 1.476644 0.479855
v 0.284309 1.468487 0.477094
v 0.290907 1.476644 0.438756
v 0.294542 1.468487 0.430826
v 0.306537 1.476644 0.399900
v 0.314528 1.468487 0.387828
v 0.329272 1.476644 0.364689
v 0.343334 1.468487 0.350113
v 0.358291 1.476644 0.334397
v 0.379613 1.468487 0.319442
v 0.392546 1.476644 0.310119
v 0.421668 1.468487 0.297251
v 0.430798 1.476644 0.292732
v 0.467532 1.468487 0.284576
v 0.471665 1.476644 0.282864
v 0.515062 1.468487 0.282011
v 0.513670 1.476644 0.280873
v 0.555294 1.476644 0.286829
v 0.556035 1.484244 0.283791
v 0.596338 1.484244 0.297675
v 0.598414 1.490770 0.293150
v 0.636173 1.490770 0.314848
v 0.639951 1.495778 0.309567
v 0.673837 1.495778 0.338792
v 0.679326 1.498926 0.333583
v 0.707934 1.498926 0.369790
v 0.709626 1.500000 0.357742
v 0.734329 1.500000 0.402039
v 0.729140 1.498926 0.410732
v 0.467532 1.468488 0.716988
v 0.430798 1.476644 0.708833
v 0.390975 1.484244 0.694153
v 0.352961 1.490770 0.673289
v 0.317755 1.495778 0.645890
v 0.421668 1.468488 0.704314
v 0.392546 1.476644 0.691445
v 0.356234 1.484244 0.669530
v 0.322874 1.490770 0.641883
v 0.293514 1.495778 0.608347
v 0.379613 1.468488 0.682123
v 0.358291 1.476644 0.667167
v 0.326802 1.484244 0.638808
v 0.299302 1.490770 0.605377
v 0.276849 1.495778 0.566917
v 0.343334 1.468488 0.651452
v 0.329272 1.476644 0.636876
v 0.303744 1.484244 0.603098
v 0.283098 1.490770 0.565090
v 0.314528 1.468488 0.613736
v 0.306537 1.476644 0.601665
v 0.287893 1.484244 0.563689
v 0.294542 1.468488 0.570739
v 0.290907 1.476644 0.562808
v 0.284309 1.468488 0.524470
v 0.562035 1.468487 0.289676
v 0.595033 1.476644 0.300519
v 0.633274 1.484244 0.318899
v 0.669123 1.490770 0.343265
v 0.701554 1.495778 0.373871
v 0.606253 1.468487 0.307212
v 0.631452 1.476644 0.321446
v 0.665506 1.484244 0.346698
v 0.696075 1.490770 0.377376
v 0.722099 1.495778 0.413538
v 0.645651 1.468487 0.333798
v 0.663233 1.476644 0.348855
v 0.691871 1.484244 0.380065
v 0.716053 1.490770 0.415947
v 0.678385 1.468487 0.368193
v 0.689228 1.476644 0.381755
v 0.711414 1.484244 0.417795
v 0.702925 1.468487 0.408788
v 0.708497 1.476644 0.418958
v 0.718124 1.468487 0.453684
v 0.676470 1.500000 0.319301
v 0.644350 1.498926 0.303418
v 0.601120 1.495778 0.287254
v 0.557213 1.490770 0.278957
v 0.513819 1.484244 0.277750
v 0.636217 1.500000 0.288289
v 0.604271 1.498926 0.280387
v 0.558748 1.495778 0.272658
v 0.514057 1.490770 0.272781
v 0.471218 1.484244 0.279769
v 0.590517 1.500000 0.265977
v 0.560536 1.498926 0.265322
v 0.514367 1.495778 0.266306
v 0.470507 1.490770 0.274846
v 0.429771 1.484244 0.289777
v 0.541240 1.500000 0.253278
v 0.514728 1.498926 0.258766
v 0.469580 1.495778 0.268430
v 0.428136 1.490770 0.285077
v 0.390975 1.484244 0.307411
v 0.490403 1.500000 0.250712
v 0.468501 1.498926 0.260958
v 0.426006 1.495778 0.278951
v 0.388477 1.490770 0.303104
v 0.356234 1.484244 0.332034
v 0.440087 1.500000 0.258384
v 0.423525 1.498926 0.271818
v 0.385220 1.495778 0.297490
v 0.352961 1.490770 0.328275
v 0.326802 1.484244 0.362756
v 0.392354 1.500000 0.275980
v 0.381428 1.498926 0.290953
v 0.348696 1.495778 0.323376
v 0.322874 1.490770 0.359682
v 0.303744 1.484244 0.398467
v 0.349156 1.500000 0.302779
v 0.343730 1.498926 0.317671
v 0.317755 1.495778 0.355675
v 0.299302 1.490770 0.396188
v 0.287893 1.484244 0.437876
v 0.312262 1.500000 0.337684
v 0.311793 1.498926 0.351008
v 0.293514 1.495778 0.393217
v 0.283098 1.490770 0.436474
v 0.283183 1.500000 0.379267
v 0.286772 1.498926 0.389758
v 0.276849 1.495778 0.434648
v 0.263110 1.500000 0.425824
v 0.269572 1.498926 0.432521
v 0.252863 1.500000 0.475451
v 0.349156 1.500000 0.698786
v 0.381428 1.498926 0.710612
v 0.426006 1.495778 0.722613
v 0.470507 1.490770 0.726719
v 0.513819 1.484244 0.723815
v 0.392354 1.500000 0.725585
v 0.423525 1.498926 0.729747
v 0.469580 1.495778 0.733135
v 0.514057 1.490770 0.728783
v 0.556035 1.484244 0.717774
v 0.440087 1.500000 0.743180
v 0.468501 1.498926 0.740607
v 0.514367 1.495778 0.735258
v 0.557213 1.490770 0.722608
v 0.596338 1.484244 0.703890
v 0.490403 1.500000 0.750852
v 0.514728 1.498926 0.742798
v 0.558748 1.495778 0.728907
v 0.598414 1.490770 0.708414
v 0.633274 1.484244 0.682665
v 0.541240 1.500000 0.748286
v 0.560536 1.498926 0.736243
v 0.601120 1.495778 0.714311
v 0.636173 1.490770 0.686717
v 0.665506 1.484244 0.654867
v 0.590517 1.500000 0.735587
v 0.604271 1.498926 0.721178
v 0.639951 1.495778 0.691997
v 0.669123 1.490770 0.658299
v 0.691871 1.484244 0.621500
v 0.636217 1.500000 0.713275
v 0.644350 1.498926 0.698146
v 0.673837 1.495778 0.662773
v 0.696075 1.490770 0.624189
v 0.711414 1.484244 0.583769
v 0.676470 1.500000 0.682264
v 0.679326 1.498926 0.667982
v 0.701554 1.495778 0.627693
v 0.716053 1.490770 0.585618
v 0.723429 1.484244 0.543039
v 0.709626 1.500000 0.643823
v 0.707934 1.498926 0.631774
v 0.722099 1.495778 0.588027
v 0.728337 1.490770 0.543981
v 0.734329 1.500000 0.599526
v 0.729140 1.498926 0.590833
v 0.734732 1.495778 0.545208
v 0.749567 1.500000 0.551186
v 0.742179 1.498926 0.546636
v 0.765304 1.500000 0.552684
v 0.770440 1.500000 0.500782
v 0.765304 1.500000 0.448880
v 0.750094 1.500000 0.398973
v 0.725393 1.500000 0.352978
v 0.692151 1.500000 0.312663
v 0.651646 1.500000 0.279578
v 0.605434 1.500000 0.254993
v 0.555291 1.500000 0.239854
v 0.503145 1.500000 0.234742
v 0.450998 1.500000 0.239854
v 0.400855 1.500000 0.254993
v 0.354643 1.500000 0.279578
v 0.314138 1.500000 0.312663
v 0.280897 1.500000 0.352978
v 0.256196 1.500000 0.398973
v 0.240985 1.500000 0.448880
v 0.235849 1.500000 0.500782
v 0.240985 1.500000 0.552684
v 0.256196 1.500000 0.602592
v 0.280897 1.500000 0.648587
v 0.314138 1.500000 0.688902
v 0.354643 1.500000 0.721987
v 0.400855 1.500000 0.746572
v 0.450998 1.500000 0.761711
v 0.503145 1.500000 0.766823
v 0.555291 1.500000 0.761711
v 0.605434 1.500000 0.746572
v 0.651646 1.500000 0.721987
v 0.692151 1.500000 0.688902
v 0.725393 1.500000 0.648587
v 0.750094 1.500000 0.602592
v 0.718124 1.210084 0.547881
v 0.723270 1.210084 0.500782
v 0.718124 1.210084 0.453684
v 0.702925 1.210084 0.408788
v 0.678385 1.210084 0.368193
v 0.645651 1.210084 0.333798
v 0.606253 1.210084 0.307212
v 0.562035 1.210084 0.289676
v 0.515062 1.210084 0.282011
v 0.467532 1.210084 0.284576
v 0.421668 1.210084 0.297251
v 0.379613 1.210084 0.319442
v 0.343334 1.210084 0.350113
v 0.314528 1.210084 0.387828
v 0.294542 1.210084 0.430826
v 0.284309 1.210084 0.477094
v 0.284309 1.210084 0.524470
v 0.294542 1.210084 0.570739
v 0.314528 1.210084 0.613736
v 0.343334 1.210084 0.651452
v 0.379613 1.210084 0.682123
v 0.421668 1.210084 0.704314
v 0.467532 1.210084 0.716989
v 0.515062 1.210084 0.719553
v 0.562035 1.210084 0.711889
v 0.606253 1.210084 0.694353
v 0.645651 1.210084 0.667766
v 0.678385 1.210084 0.633371
v 0.702925 1.210084 0.592777
v 0.796800 1.468487 0.446146
v 0.795747 1.476644 0.446342
v 0.801887 1.468488 0.500782
v 0.800815 1.476644 0.500782
v 0.796800 1.468488 0.555418
v 0.795747 1.476644 0.555222
v 0.781713 1.468488 0.608194
v 0.780714 1.476644 0.607809
v 0.757140 1.468488 0.657311
v 0.756229 1.476644 0.656750
v 0.723918 1.468488 0.701099
v 0.723126 1.476644 0.700380
v 0.683177 1.468488 0.738064
v 0.682531 1.476644 0.737213
v 0.636306 1.468488 0.766950
v 0.635828 1.476644 0.765995
v 0.584899 1.468488 0.786771
v 0.584606 1.476644 0.785745
v 0.530709 1.468488 0.796853
v 0.530610 1.476644 0.795792
v 0.475580 1.468488 0.796853
v 0.475679 1.476644 0.795792
v 0.421390 1.468488 0.786771
v 0.421683 1.476644 0.785745
v 0.369984 1.468488 0.766950
v 0.370461 1.476644 0.765995
v 0.323112 1.468488 0.738064
v 0.323758 1.476644 0.737213
v 0.282372 1.468488 0.701099
v 0.283163 1.476644 0.700380
v 0.249149 1.468488 0.657311
v 0.250060 1.476644 0.656750
v 0.224576 1.468488 0.608194
v 0.225575 1.476644 0.607809
v 0.209489 1.468488 0.555418
v 0.210542 1.476644 0.555222
v 0.204403 1.468488 0.500782
v 0.205474 1.476644 0.500782
v 0.209489 1.468487 0.446146
v 0.210542 1.476644 0.446342
v 0.224576 1.468487 0.393371
v 0.225575 1.476644 0.393756
v 0.249149 1.468487 0.344253
v 0.250060 1.476644 0.344815
v 0.282372 1.468487 0.300466
v 0.283163 1.476644 0.301184
v 0.323112 1.468487 0.263500
v 0.323758 1.476644 0.264351
v 0.369984 1.468487 0.234615
v 0.370461 1.476644 0.235569
v 0.421390 1.468487 0.214793
v 0.421683 1.476644 0.215819
v 0.475580 1.468487 0.204711
v 0.475679 1.476644 0.205773
v 0.530709 1.468487 0.204711
v 0.530610 1.476644 0.205773
v 0.584899 1.468487 0.214793
v 0.584606 1.476644 0.215819
v 0.636306 1.468487 0.234615
v 0.635828 1.476644 0.235569
v 0.683177 1.468487 0.263500
v 0.682531 1.476644 0.264351
v 0.723918 1.468487 0.300466
v 0.723126 1.476644 0.301184
v 0.757140 1.468487 0.344253
v 0.756229 1.476644 0.344815
v 0.781713 1.468487 0.393371
v 0.780714 1.476644 0.393756
v 0.773889 1.498926 0.551156
v 0.778579 1.498926 0.500782
v 0.773889 1.498926 0.450409
v 0.786164 1.495778 0.500782
v 0.781345 1.495778 0.449022
v 0.792676 1.490770 0.500782
v 0.787747 1.490770 0.447831
v 0.797674 1.484244 0.500782
v 0.792659 1.484244 0.446917
v 0.759980 1.498926 0.599814
v 0.737324 1.498926 0.645099
v 0.706693 1.498926 0.685470
v 0.669131 1.498926 0.719552
v 0.625916 1.498926 0.746184
v 0.578521 1.498926 0.764459
v 0.528559 1.498926 0.773754
v 0.477731 1.498926 0.773754
v 0.427768 1.498926 0.764459
v 0.380373 1.498926 0.746184
v 0.337158 1.498926 0.719552
v 0.299596 1.498926 0.685470
v 0.268965 1.498926 0.645099
v 0.246310 1.498926 0.599814
v 0.232400 1.498926 0.551156
v 0.227710 1.498926 0.500782
v 0.232400 1.498926 0.450409
v 0.224945 1.495778 0.449022
v 0.239237 1.495778 0.399024
v 0.233164 1.490770 0.396682
v 0.256980 1.490770 0.349079
v 0.252731 1.484244 0.346461
v 0.285485 1.484244 0.303291
v 0.246310 1.498926 0.401751
v 0.262517 1.495778 0.352492
v 0.289178 1.490770 0.306642
v 0.325651 1.484244 0.266846
v 0.268965 1.498926 0.356465
v 0.293991 1.495778 0.311009
v 0.328663 1.490770 0.270816
v 0.371862 1.484244 0.238368
v 0.299596 1.498926 0.316094
v 0.332588 1.495778 0.275989
v 0.374089 1.490770 0.242821
v 0.422543 1.484244 0.218827
v 0.337158 1.498926 0.282013
v 0.376992 1.495778 0.248624
v 0.423911 1.490770 0.223611
v 0.475969 1.484244 0.208886
v 0.380373 1.498926 0.255381
v 0.425693 1.495778 0.229846
v 0.476430 1.490770 0.213839
v 0.530320 1.484244 0.208886
v 0.427768 1.498926 0.237106
v 0.477031 1.495778 0.220294
v 0.529859 1.490770 0.213839
v 0.583746 1.484244 0.218827
v 0.477731 1.498926 0.227810
v 0.529258 1.495778 0.220294
v 0.582379 1.490770 0.223611
v 0.634428 1.484244 0.238368
v 0.528559 1.498926 0.227810
v 0.580596 1.495778 0.229846
v 0.632200 1.490770 0.242821
v 0.680638 1.484244 0.266846
v 0.578521 1.498926 0.237106
v 0.629297 1.495778 0.248624
v 0.677626 1.490770 0.270816
v 0.720804 1.484244 0.303291
v 0.625916 1.498926 0.255381
v 0.673702 1.495778 0.275989
v 0.717111 1.490770 0.306642
v 0.753558 1.484244 0.346461
v 0.669131 1.498926 0.282013
v 0.712298 1.495778 0.311009
v 0.749309 1.490770 0.349079
v 0.777785 1.484244 0.394886
v 0.706693 1.498926 0.316094
v 0.743772 1.495778 0.352492
v 0.773125 1.490770 0.396682
v 0.737324 1.498926 0.356465
v 0.767052 1.495778 0.399024
v 0.759980 1.498926 0.401751
v 0.208616 1.484244 0.500782
v 0.213630 1.484244 0.446917
v 0.228504 1.484244 0.394886
v 0.213613 1.490770 0.500782
v 0.218543 1.490770 0.447831
v 0.213630 1.484244 0.554648
v 0.228504 1.484244 0.606679
v 0.252731 1.484244 0.655104
v 0.285485 1.484244 0.698274
v 0.325651 1.484244 0.734718
v 0.371862 1.484244 0.763196
v 0.422543 1.484244 0.782738
v 0.475969 1.484244 0.792678
v 0.530320 1.484244 0.792678
v 0.583746 1.484244 0.782738
v 0.634428 1.484244 0.763196
v 0.680638 1.484244 0.734718
v 0.720804 1.484244 0.698274
v 0.753558 1.484244 0.655104
v 0.777785 1.484244 0.606679
v 0.792659 1.484244 0.554648
v 0.220126 1.495778 0.500782
v 0.218543 1.490770 0.553734
v 0.233164 1.490770 0.604882
v 0.256980 1.490770 0.652485
v 0.289178 1.490770 0.694923
v 0.328663 1.490770 0.730749
v 0.374089 1.490770 0.758744
v 0.423911 1.490770 0.777954
v 0.476430 1.490770 0.787725
v 0.529859 1.490770 0.787725
v 0.582379 1.490770 0.777954
v 0.632200 1.490770 0.758744
v 0.677626 1.490770 0.730749
v 0.717111 1.490770 0.694923
v 0.749309 1.490770 0.652485
v 0.773125 1.490770 0.604882
v 0.787747 1.490770 0.553734
v 0.224945 1.495778 0.552543
v 0.239237 1.495778 0.602541
v 0.262517 1.495778 0.649073
v 0.293991 1.495778 0.690556
v 0.332588 1.495778 0.725576
v 0.376992 1.495778 0.752941
v 0.425693 1.495778 0.771719
v 0.477031 1.495778 0.781271
v 0.529258 1.495778 0.781271
v 0.580596 1.495778 0.771719
v 0.629297 1.495778 0.752941
v 0.673702 1.495778 0.725576
v 0.712298 1.495778 0.690556
v 0.743772 1.495778 0.649073
v 0.767052 1.495778 0.602541
v 0.781345 1.495778 0.552543
v 0.796800 1.210084 0.446146
v 0.801887 1.210084 0.500782
v 0.796800 1.210084 0.555418
v 0.781713 1.210084 0.608194
v 0.757140 1.210084 0.657311
v 0.723918 1.210084 0.701099
v 0.683177 1.210084 0.738064
v 0.636306 1.210084 0.766950
v 0.584899 1.210084 0.786771
v 0.530709 1.210084 0.796854
v 0.475580 1.210084 0.796854
v 0.421390 1.210084 0.786771
v 0.369984 1.210084 0.766950
v 0.323112 1.210084 0.738064
v 0.282372 1.210084 0.701099
v 0.249149 1.210084 0.657311
v 0.224576 1.210084 0.608194
v 0.209489 1.210084 0.555418
v 0.204403 1.210084 0.500782
v 0.209489 1.210084 0.446146
v 0.224576 1.210084 0.393371
v 0.249149 1.210084 0.344253
v 0.282372 1.210084 0.300466
v 0.323112 1.210084 0.263500
v 0.369984 1.210084 0.234615
v 0.421390 1.210084 0.214793
v 0.475580 1.210084 0.204711
v 0.530709 1.210084 0.204711
v 0.584899 1.210084 0.214793
v 0.636306 1.210084 0.234615
v 0.683177 1.210084 0.263500
v 0.723918 1.210084 0.300466
v 0.757140 1.210084 0.344253
v 0.781713 1.210084 0.393371
v -0.288165 1.468488 1.549446
v -0.285945 1.476644 1.544013
v -0.283019 1.468488 1.502347
v -0.281947 1.476644 1.502347
v -0.285945 1.476644 1.460682
v -0.278806 1.484244 1.502347
v -0.282860 1.484244 1.460090
v -0.273808 1.490770 1.502347
v -0.277953 1.490770 1.459149
v -0.267296 1.495778 1.502347
v -0.271558 1.495778 1.457922
v -0.259711 1.498927 1.502347
v -0.264110 1.498926 1.456494
v -0.251572 1.500000 1.502347
v -0.256722 1.500000 1.451944
v -0.297792 1.476644 1.584172
v -0.303364 1.468488 1.594342
v -0.317062 1.476644 1.621374
v -0.327904 1.468488 1.634936
v -0.343057 1.476644 1.654274
v -0.360638 1.468488 1.669331
v -0.374838 1.476644 1.681683
v -0.400036 1.468488 1.695918
v -0.411256 1.476644 1.702611
v -0.444255 1.468488 1.713454
v -0.450995 1.476644 1.716300
v -0.491227 1.468488 1.721118
v -0.492620 1.476644 1.722257
v -0.534624 1.476644 1.720265
v -0.535071 1.484244 1.723360
v -0.576519 1.484244 1.713352
v -0.578153 1.490770 1.718053
v -0.617813 1.490770 1.700026
v -0.621069 1.495778 1.705640
v -0.657593 1.495778 1.679753
v -0.662560 1.498927 1.685458
v -0.694496 1.498927 1.652121
v -0.694027 1.500000 1.665445
v -0.723106 1.500000 1.623863
v -0.719517 1.498927 1.613371
v -0.743180 1.500000 1.577305
v -0.736717 1.498927 1.570608
v -0.753426 1.500000 1.527679
v -0.745476 1.498927 1.525379
v -0.745476 1.498926 1.479316
v -0.737926 1.495778 1.524661
v -0.737926 1.495778 1.480034
v -0.731443 1.490770 1.524045
v -0.731443 1.490770 1.480650
v -0.726468 1.484244 1.523572
v -0.726468 1.484244 1.481123
v -0.723340 1.476644 1.523275
v -0.723340 1.476644 1.481420
v -0.721980 1.468488 1.478659
v -0.715382 1.476644 1.440321
v -0.711748 1.468488 1.432391
v -0.699753 1.476644 1.401465
v -0.691761 1.468488 1.389393
v -0.677018 1.476644 1.366254
v -0.662955 1.468488 1.351678
v -0.647998 1.476644 1.335962
v -0.626676 1.468488 1.321007
v -0.613743 1.476644 1.311684
v -0.584622 1.468488 1.298816
v -0.575491 1.476644 1.294297
v -0.538757 1.468488 1.286141
v -0.534624 1.476644 1.284429
v -0.491227 1.468488 1.283576
v -0.492620 1.476644 1.282438
v -0.450995 1.476644 1.288394
v -0.450255 1.484244 1.285356
v -0.409951 1.484244 1.299240
v -0.407875 1.490770 1.294715
v -0.370117 1.490770 1.316413
v -0.366339 1.495778 1.311132
v -0.332453 1.495778 1.340357
v -0.326964 1.498926 1.335148
v -0.298355 1.498926 1.371355
v -0.296663 1.500000 1.359307
v -0.271960 1.500000 1.403604
v -0.277149 1.498926 1.412297
v -0.538757 1.468488 1.718554
v -0.575491 1.476644 1.710398
v -0.615314 1.484244 1.695718
v -0.653328 1.490770 1.674854
v -0.688535 1.495778 1.647455
v -0.584622 1.468488 1.705879
v -0.613743 1.476644 1.693010
v -0.650055 1.484244 1.671095
v -0.683415 1.490770 1.643448
v -0.712776 1.495778 1.609912
v -0.626676 1.468488 1.683688
v -0.647998 1.476644 1.668732
v -0.679487 1.484244 1.640373
v -0.706987 1.490770 1.606942
v -0.729440 1.495778 1.568482
v -0.662955 1.468488 1.653017
v -0.677018 1.476644 1.638440
v -0.702545 1.484244 1.604663
v -0.723191 1.490770 1.566656
v -0.691761 1.468488 1.615301
v -0.699753 1.476644 1.603230
v -0.718396 1.484244 1.565254
v -0.711748 1.468488 1.572304
v -0.715382 1.476644 1.564373
v -0.721980 1.468488 1.526035
v -0.444255 1.468488 1.291241
v -0.411256 1.476644 1.302084
v -0.373015 1.484244 1.320464
v -0.337166 1.490770 1.344830
v -0.304736 1.495778 1.375436
v -0.400036 1.468488 1.308777
v -0.374838 1.476644 1.323011
v -0.340783 1.484244 1.348263
v -0.310215 1.490770 1.378941
v -0.284190 1.495778 1.415103
v -0.360638 1.468488 1.335364
v -0.343057 1.476644 1.350420
v -0.314419 1.484244 1.381630
v -0.290236 1.490770 1.417512
v -0.327904 1.468488 1.369758
v -0.317062 1.476644 1.383321
v -0.294876 1.484244 1.419360
v -0.303364 1.468488 1.410353
v -0.297792 1.476644 1.420523
v -0.288165 1.468488 1.455249
v -0.329820 1.500000 1.320865
v -0.361939 1.498926 1.304983
v -0.405169 1.495778 1.288819
v -0.449077 1.490770 1.280522
v -0.492470 1.484244 1.279315
v -0.370072 1.500000 1.289854
v -0.402019 1.498926 1.281952
v -0.447541 1.495778 1.274223
v -0.492232 1.490770 1.274346
v -0.535071 1.484244 1.281335
v -0.415772 1.500000 1.267542
v -0.445753 1.498926 1.266887
v -0.491923 1.495778 1.267871
v -0.535783 1.490770 1.276411
v -0.576519 1.484244 1.291342
v -0.465050 1.500000 1.254843
v -0.491562 1.498926 1.260331
v -0.536710 1.495778 1.269995
v -0.578153 1.490770 1.286642
v -0.615314 1.484244 1.308976
v -0.515887 1.500000 1.252277
v -0.537789 1.498926 1.262523
v -0.580283 1.495778 1.280516
v -0.617813 1.490770 1.304669
v -0.650055 1.484244 1.333599
v -0.566202 1.500000 1.259949
v -0.582764 1.498926 1.273383
v -0.621069 1.495778 1.299055
v -0.653328 1.490770 1.329840
v -0.679487 1.484244 1.364321
v -0.613936 1.500000 1.277545
v -0.624861 1.498926 1.292518
v -0.657593 1.495778 1.324941
v -0.683415 1.490770 1.361247
v -0.702545 1.484244 1.400032
v -0.657134 1.500000 1.304344
v -0.662560 1.498926 1.319236
v -0.688535 1.495778 1.357240
v -0.706987 1.490770 1.397753
v -0.718396 1.484244 1.439440
v -0.694027 1.500000 1.339249
v -0.694496 1.498926 1.352573
v -0.712776 1.495778 1.394782
v -0.723191 1.490770 1.438039
v -0.723106 1.500000 1.380832
v -0.719517 1.498926 1.391323
v -0.729440 1.495778 1.436213
v -0.743180 1.500000 1.427389
v -0.736717 1.498926 1.434086
v -0.753426 1.500000 1.477016
v -0.657134 1.500000 1.700351
v -0.624861 1.498927 1.712177
v -0.580283 1.495778 1.724179
v -0.535783 1.490770 1.728284
v -0.492470 1.484244 1.725380
v -0.613936 1.500000 1.727150
v -0.582764 1.498927 1.731312
v -0.536710 1.495778 1.734700
v -0.492232 1.490770 1.730348
v -0.450255 1.484244 1.719339
v -0.566202 1.500000 1.744745
v -0.537789 1.498927 1.742172
v -0.491923 1.495778 1.736823
v -0.449077 1.490770 1.724173
v -0.409951 1.484244 1.705455
v -0.515887 1.500000 1.752417
v -0.491562 1.498927 1.744363
v -0.447541 1.495778 1.730472
v -0.407875 1.490770 1.709980
v -0.373015 1.484244 1.684230
v -0.465050 1.500000 1.749851
v -0.445753 1.498927 1.737808
v -0.405169 1.495778 1.715876
v -0.370117 1.490770 1.688282
v -0.340783 1.484244 1.656432
v -0.415772 1.500000 1.737152
v -0.402019 1.498927 1.722743
v -0.366339 1.495778 1.693562
v -0.337166 1.490770 1.659865
v -0.314419 1.484244 1.623065
v -0.370072 1.500000 1.714840
v -0.361939 1.498927 1.699711
v -0.332453 1.495778 1.664338
v -0.310215 1.490770 1.625754
v -0.294876 1.484244 1.585334
v -0.329820 1.500000 1.683829
v -0.326964 1.498927 1.669547
v -0.304736 1.495778 1.629258
v -0.290236 1.490770 1.587183
v -0.282860 1.484244 1.544604
v -0.296663 1.500000 1.645388
v -0.298355 1.498927 1.633340
v -0.284190 1.495778 1.589592
v -0.277953 1.490770 1.545546
v -0.271960 1.500000 1.601090
v -0.277149 1.498927 1.592398
v -0.271558 1.495778 1.546772
v -0.256722 1.500000 1.552751
v -0.264110 1.498927 1.548201
v -0.240985 1.500000 1.554249
v -0.235849 1.500000 1.502347
v -0.240985 1.500000 1.450445
v -0.256196 1.500000 1.400538
v -0.280897 1.500000 1.354543
v -0.314138 1.500000 1.314228
v -0.354643 1.500000 1.281142
v -0.400855 1.500000 1.256558
v -0.450998 1.500000 1.241419
v -0.503145 1.500000 1.236307
v -0.555291 1.500000 1.241419
v -0.605434 1.500000 1.256558
v -0.651646 1.500000 1.281142
v -0.692151 1.500000 1.314228
v -0.725393 1.500000 1.354543
v -0.750094 1.500000 1.400538
v -0.765304 1.500000 1.450445
v -0.770440 1.500000 1.502347
v -0.765304 1.500000 1.554249
v -0.750094 1.500000 1.604156
v -0.725393 1.500000 1.650151
v -0.692151 1.500000 1.690466
v -0.651646 1.500000 1.723552
v -0.605434 1.500000 1.748137
v -0.555291 1.500000 1.763276
v -0.503145 1.500000 1.768388
v -0.450998 1.500000 1.763276
v -0.400855 1.500000 1.748137
v -0.354643 1.500000 1.723552
v -0.314138 1.500000 1.690466
v -0.280897 1.500000 1.650151
v -0.256196 1.500000 1.604156
v -0.288165 1.210084 1.549446
v -0.283019 1.210084 1.502347
v -0.288165 1.210084 1.455249
v -0.303364 1.210084 1.410353
v -0.327904 1.210084 1.369758
v -0.360638 1.210084 1.335364
v -0.400036 1.210084 1.308777
v -0.444255 1.210084 1.291241
v -0.491227 1.210084 1.283576
v -0.538757 1.210084 1.286141
v -0.584622 1.210084 1.298816
v -0.626676 1.210084 1.321007
v -0.662955 1.210084 1.351678
v -0.691761 1.210084 1.389393
v -0.711748 1.210084 1.432391
v -0.721980 1.210084 1.478659
v -0.721980 1.210084 1.526035
v -0.711748 1.210084 1.572304
v -0.691761 1.210084 1.615301
v -0.662955 1.210084 1.653017
v -0.626676 1.210084 1.683688
v -0.584622 1.210084 1.705879
v -0.538757 1.210084 1.718554
v -0.491227 1.210084 1.721118
v -0.444255 1.210084 1.713454
v -0.400036 1.210084 1.695918
v -0.360638 1.210084 1.669331
v -0.327904 1.210084 1.634936
v -0.303364 1.210084 1.594342
v -0.209489 1.468488 1.447711
v -0.210542 1.476644 1.447907
v -0.204403 1.468488 1.502347
v -0.205474 1.476644 1.502347
v -0.209489 1.468488 1.556983
v -0.210542 1.476644 1.556787
v -0.224576 1.468488 1.609759
v -0.225575 1.476644 1.609374
v -0.249149 1.468488 1.658877
v -0.250060 1.476644 1.658315
v -0.282372 1.468488 1.702664
v -0.283163 1.476644 1.701945
v -0.323112 1.468488 1.739630
v -0.323758 1.476644 1.738778
v -0.369984 1.468488 1.768515
v -0.370461 1.476644 1.767560
v -0.421390 1.468488 1.788336
v -0.421683 1.476644 1.787310
v -0.475580 1.468488 1.798419
v -0.475679 1.476644 1.797357
v -0.530709 1.468488 1.798419
v -0.530610 1.476644 1.797357
v -0.584899 1.468488 1.788336
v -0.584606 1.476644 1.787310
v -0.636306 1.468488 1.768515
v -0.635828 1.476644 1.767560
v -0.683177 1.468488 1.739630
v -0.682531 1.476644 1.738778
v -0.723918 1.468488 1.702664
v -0.723126 1.476644 1.701945
v -0.757140 1.468488 1.658877
v -0.756229 1.476644 1.658315
v -0.781713 1.468488 1.609759
v -0.780714 1.476644 1.609374
v -0.796800 1.468488 1.556983
v -0.795747 1.476644 1.556787
v -0.801887 1.468488 1.502347
v -0.800815 1.476644 1.502347
v -0.796800 1.468488 1.447711
v -0.795747 1.476644 1.447907
v -0.781713 1.468488 1.394936
v -0.780714 1.476644 1.395321
v -0.757140 1.468488 1.345818
v -0.756229 1.476644 1.346380
v -0.723918 1.468488 1.302031
v -0.723126 1.476644 1.302750
v -0.683177 1.468488 1.265065
v -0.682531 1.476644 1.265916
v -0.636306 1.468488 1.236180
v -0.635828 1.476644 1.237135
v -0.584899 1.468488 1.216358
v -0.584606 1.476644 1.217384
v -0.530709 1.468488 1.206276
v -0.530610 1.476644 1.207338
v -0.475580 1.468488 1.206276
v -0.475679 1.476644 1.207338
v -0.421390 1.468488 1.216358
v -0.421683 1.476644 1.217384
v -0.369984 1.468488 1.236180
v -0.370461 1.476644 1.237135
v -0.323112 1.468488 1.265065
v -0.323758 1.476644 1.265916
v -0.282372 1.468488 1.302031
v -0.283163 1.476644 1.302750
v -0.249149 1.468488 1.345818
v -0.250060 1.476644 1.346380
v -0.224576 1.468488 1.394936
v -0.225575 1.476644 1.395321
v -0.232400 1.498927 1.552721
v -0.227710 1.498927 1.502347
v -0.232400 1.498926 1.451974
v -0.220126 1.495778 1.502347
v -0.224945 1.495778 1.450587
v -0.213613 1.490770 1.502347
v -0.218543 1.490770 1.449396
v -0.208616 1.484244 1.502347
v -0.213630 1.484244 1.448482
v -0.246310 1.498927 1.601379
v -0.268965 1.498927 1.646664
v -0.299596 1.498927 1.687035
v -0.337158 1.498927 1.721117
v -0.380373 1.498927 1.747749
v -0.427768 1.498927 1.766024
v -0.477731 1.498927 1.775319
v -0.528559 1.498927 1.775319
v -0.578521 1.498927 1.766024
v -0.625916 1.498927 1.747749
v -0.669131 1.498927 1.721117
v -0.706693 1.498927 1.687035
v -0.737324 1.498927 1.646664
v -0.759980 1.498927 1.601379
v -0.773889 1.498927 1.552721
v -0.778579 1.498927 1.502347
v -0.773889 1.498926 1.451974
v -0.781345 1.495778 1.450587
v -0.767052 1.495778 1.400589
v -0.773125 1.490770 1.398248
v -0.749309 1.490770 1.350644
v -0.753558 1.484244 1.348026
v -0.720804 1.484244 1.304856
v -0.759980 1.498926 1.403316
v -0.743772 1.495778 1.354057
v -0.717111 1.490770 1.308207
v -0.680638 1.484244 1.268412
v -0.737324 1.498926 1.358030
v -0.712298 1.495778 1.312574
v -0.677626 1.490770 1.272381
v -0.634428 1.484244 1.239933
v -0.706693 1.498926 1.317659
v -0.673702 1.495778 1.277554
v -0.632200 1.490770 1.244386
v -0.583746 1.484244 1.220392
v -0.669131 1.498926 1.283578
v -0.629297 1.495778 1.250189
v -0.582379 1.490770 1.225176
v -0.530320 1.484244 1.210451
v -0.625916 1.498926 1.256946
v -0.580596 1.495778 1.231411
v -0.529859 1.490770 1.215404
v -0.475969 1.484244 1.210451
v -0.578521 1.498926 1.238671
v -0.529258 1.495778 1.221859
v -0.476430 1.490770 1.215404
v -0.422543 1.484244 1.220392
v -0.528559 1.498926 1.229375
v -0.477031 1.495778 1.221859
v -0.423911 1.490770 1.225176
v -0.371862 1.484244 1.239933
v -0.477731 1.498926 1.229375
v -0.425693 1.495778 1.231411
v -0.374089 1.490770 1.244386
v -0.325651 1.484244 1.268412
v -0.427768 1.498926 1.238671
v -0.376992 1.495778 1.250189
v -0.328663 1.490770 1.272381
v -0.285485 1.484244 1.304856
v -0.380373 1.498926 1.256946
v -0.332588 1.495778 1.277554
v -0.289178 1.490770 1.308207
v -0.252731 1.484244 1.348026
v -0.337158 1.498926 1.283578
v -0.293991 1.495778 1.312574
v -0.256980 1.490770 1.350644
v -0.228504 1.484244 1.396451
v -0.299596 1.498926 1.317659
v -0.262517 1.495778 1.354057
v -0.233164 1.490770 1.398248
v -0.268965 1.498926 1.358030
v -0.239237 1.495778 1.400589
v -0.246310 1.498926 1.403316
v -0.797674 1.484244 1.502347
v -0.792659 1.484244 1.448482
v -0.777785 1.484244 1.396451
v -0.792676 1.490770 1.502347
v -0.787747 1.490770 1.449396
v -0.792659 1.484244 1.556213
v -0.777785 1.484244 1.608244
v -0.753558 1.484244 1.656669
v -0.720804 1.484244 1.699839
v -0.680638 1.484244 1.736283
v -0.634428 1.484244 1.764761
v -0.583746 1.484244 1.784303
v -0.530320 1.484244 1.794243
v -0.475969 1.484244 1.794243
v -0.422543 1.484244 1.784303
v -0.371862 1.484244 1.764761
v -0.325651 1.484244 1.736283
v -0.285485 1.484244 1.699839
v -0.252731 1.484244 1.656669
v -0.228504 1.484244 1.608244
v -0.213630 1.484244 1.556213
v -0.786164 1.495778 1.502347
v -0.787747 1.490770 1.555299
v -0.773125 1.490770 1.606447
v -0.749309 1.490770 1.654050
v -0.717111 1.490770 1.696488
v -0.677626 1.490770 1.732314
v -0.632200 1.490770 1.760309
v -0.582379 1.490770 1.779519
v -0.529859 1.490770 1.789290
v -0.476430 1.490770 1.789290
v -0.423911 1.490770 1.779519
v -0.374089 1.490770 1.760309
v -0.328663 1.490770 1.732314
v -0.289178 1.490770 1.696488
v -0.256980 1.490770 1.654050
v -0.233164 1.490770 1.606447
v -0.218543 1.490770 1.555299
v -0.781345 1.495778 1.554108
v -0.767052 1.495778 1.604106
v -0.743772 1.495778 1.650638
v -0.712298 1.495778 1.692121
v -0.673702 1.495778 1.727141
v -0.629297 1.495778 1.754506
v -0.580596 1.495778 1.773284
v -0.529258 1.495778 1.782836
v -0.477031 1.495778 1.782836
v -0.425693 1.495778 1.773284
v -0.376992 1.495778 1.754506
v -0.332588 1.495778 1.727141
v -0.293991 1.495778 1.692121
v -0.262517 1.495778 1.650638
v -0.239237 1.495778 1.604106
v -0.224945 1.495778 1.554108
v -0.209489 1.210084 1.447711
v -0.204403 1.210084 1.502347
v -0.209489 1.210084 1.556983
v -0.224576 1.210084 1.609759
v -0.249149 1.210084 1.658877
v -0.282372 1.210084 1.702664
v -0.323112 1.210084 1.739630
v -0.369984 1.210084 1.768515
v -0.421390 1.210084 1.788336
v -0.475580 1.210084 1.798419
v -0.530709 1.210084 1.798419
v -0.584899 1.210084 1.788336
v -0.636306 1.210084 1.768515
v -0.683177 1.210084 1.739630
v -0.723918 1.210084 1.702664
v -0.757140 1.210084 1.658877
v -0.781713 1.210084 1.609759
v -0.796800 1.210084 1.556983
v -0.801887 1.210084 1.502347
v -0.796800 1.210084 1.447711
v -0.781713 1.210084 1.394936
v -0.757140 1.210084 1.345818
v -0.723918 1.210084 1.302031
v -0.683177 1.210084 1.265065
v -0.636306 1.210084 1.236180
v -0.584899 1.210084 1.216358
v -0.530709 1.210084 1.206276
v -0.475580 1.210084 1.206276
v -0.421390 1.210084 1.216358
v -0.369984 1.210084 1.236180
v -0.323112 1.210084 1.265065
v -0.282372 1.210084 1.302031
v -0.249149 1.210084 1.345818
v -0.224576 1.210084 1.394936
v 0.718124 1.468488 1.549446
v 0.720345 1.476644 1.544013
v 0.723270 1.468488 1.502347
v 0.724342 1.476644 1.502347
v 0.720345 1.476644 1.460682
v 0.727484 1.484244 1.502347
v 0.723429 1.484244 1.460090
v 0.732481 1.490770 1.502347
v 0.728337 1.490770 1.459149
v 0.738994 1.495778 1.502347
v 0.734732 1.495778 1.457922
v 0.746578 1.498927 1.502347
v 0.742179 1.498926 1.456494
v 0.754717 1.500000 1.502347
v 0.749567 1.500000 1.451944
v 0.708497 1.476644 1.584172
v 0.702925 1.468488 1.594342
v 0.689228 1.476644 1.621374
v 0.678385 1.468488 1.634936
v 0.663233 1.476644 1.654274
v 0.645651 1.468488 1.669331
v 0.631452 1.476644 1.681683
v 0.606253 1.468488 1.695918
v 0.595033 1.476644 1.702611
v 0.562035 1.468488 1.713454
v 0.555294 1.476644 1.716300
v 0.515062 1.468488 1.721118
v 0.513670 1.476644 1.722257
v 0.471665 1.476644 1.720265
v 0.471218 1.484244 1.723360
v 0.429771 1.484244 1.713352
v 0.428136 1.490770 1.718053
v 0.388477 1.490770 1.700026
v 0.385220 1.495778 1.705640
v 0.348696 1.495778 1.679753
v 0.343730 1.498927 1.685458
v 0.311793 1.498927 1.652121
v 0.312262 1.500000 1.665445
v 0.283183 1.500000 1.623863
v 0.286772 1.498927 1.613371
v 0.263110 1.500000 1.577305
v 0.269572 1.498927 1.570608
v 0.252863 1.500000 1.527679
v 0.260814 1.498927 1.525379
v 0.260814 1.498926 1.479316
v 0.268364 1.495778 1.524661
v 0.268364 1.495778 1.480034
v 0.274847 1.490770 1.524045
v 0.274847 1.490770 1.480650
v 0.279822 1.484244 1.523572
v 0.279822 1.484244 1.481123
v 0.282949 1.476644 1.523275
v 0.282949 1.476644 1.481420
v 0.284309 1.468488 1.478659
v 0.290907 1.476644 1.440321
v 0.294542 1.468488 1.432391
v 0.306537 1.476644 1.401465
v 0.314528 1.468488 1.389393
v 0.329272 1.476644 1.366254
v 0.343334 1.468488 1.351678
v 0.358291 1.476644 1.335962
v 0.379613 1.468488 1.321007
v 0.392546 1.476644 1.311684
v 0.421668 1.468488 1.298816
v 0.430798 1.476644 1.294297
v 0.467532 1.468488 1.286141
v 0.471665 1.476644 1.284429
v 0.515062 1.468488 1.283576
v 0.513670 1.476644 1.282438
v 0.555294 1.476644 1.288394
v 0.556035 1.484244 1.285356
v 0.596338 1.484244 1.299240
v 0.598414 1.490770 1.294715
v 0.636173 1.490770 1.316413
v 0.639951 1.495778 1.311132
v 0.673837 1.495778 1.340357
v 0.679326 1.498926 1.335148
v 0.707934 1.498926 1.371355
v 0.709626 1.500000 1.359307
v 0.734329 1.500000 1.403604
v 0.729140 1.498926 1.412297
v 0.467532 1.468488 1.718554
v 0.430798 1.476644 1.710398
v 0.390975 1.484244 1.695718
v 0.352961 1.490770 1.674854
v 0.317755 1.495778 1.647455
v 0.421668 1.468488 1.705879
v 0.392546 1.476644 1.693010
v 0.356234 1.484244 1.671095
v 0.322874 1.490770 1.643448
v 0.293514 1.495778 1.609912
v 0.379613 1.468488 1.683688
v 0.358291 1.476644 1.668732
v 0.326802 1.484244 1.640373
v 0.299302 1.490770 1.606942
v 0.276849 1.495778 1.568482
v 0.343334 1.468488 1.653017
v 0.329272 1.476644 1.638440
v 0.303744 1.484244 1.604663
v 0.283098 1.490770 1.566656
v 0.314528 1.468488 1.615301
v 0.306537 1.476644 1.603230
v 0.287893 1.484244 1.565254
v 0.294542 1.468488 1.572304
v 0.290907 1.476644 1.564373
v 0.284309 1.468488 1.526035
v 0.562035 1.468488 1.291241
v 0.595033 1.476644 1.302084
v 0.633274 1.484244 1.320464
v 0.669123 1.490770 1.344830
v 0.701554 1.495778 1.375436
v 0.606253 1.468488 1.308777
v 0.631452 1.476644 1.323011
v 0.665506 1.484244 1.348263
v 0.696075 1.490770 1.378941
v 0.722099 1.495778 1.415103
v 0.645651 1.468488 1.335364
v 0.663233 1.476644 1.350420
v 0.691871 1.484244 1.381630
v 0.716053 1.490770 1.417512
v 0.678385 1.468488 1.369758
v 0.689228 1.476644 1.383321
v 0.711414 1.484244 1.419360
v 0.702925 1.468488 1.410353
v 0.708497 1.476644 1.420523
v 0.718124 1.468488 1.455249
v 0.676470 1.500000 1.320865
v 0.644350 1.498926 1.304983
v 0.601120 1.495778 1.288819
v 0.557213 1.490770 1.280522
v 0.513819 1.484244 1.279315
v 0.636217 1.500000 1.289854
v 0.604271 1.498926 1.281952
v 0.558748 1.495778 1.274223
v 0.514057 1.490770 1.274346
v 0.471218 1.484244 1.281335
v 0.590517 1.500000 1.267542
v 0.560536 1.498926 1.266887
v 0.514367 1.495778 1.267871
v 0.470507 1.490770 1.276411
v 0.429771 1.484244 1.291342
v 0.541240 1.500000 1.254843
v 0.514728 1.498926 1.260331
v 0.469580 1.495778 1.269995
v 0.428136 1.490770 1.286642
v 0.390975 1.484244 1.308976
v 0.490403 1.500000 1.252277
v 0.468501 1.498926 1.262523
v 0.426006 1.495778 1.280516
v 0.388477 1.490770 1.304669
v 0.356234 1.484244 1.333599
v 0.440087 1.500000 1.259949
v 0.423525 1.498926 1.273383
v 0.385220 1.495778 1.299055
v 0.352961 1.490770 1.329840
v 0.326802 1.484244 1.364321
v 0.392354 1.500000 1.277545
v 0.381428 1.498926 1.292518
v 0.348696 1.495778 1.324941
v 0.322874 1.490770 1.361247
v 0.303744 1.484244 1.400032
v 0.349156 1.500000 1.304344
v 0.343730 1.498926 1.319236
v 0.317755 1.495778 1.357240
v 0.299302 1.490770 1.397753
v 0.287893 1.484244 1.439440
v 0.312262 1.500000 1.339249
v 0.311793 1.498926 1.352573
v 0.293514 1.495778 1.394782
v 0.283098 1.490770 1.438039
v 0.283183 1.500000 1.380832
v 0.286772 1.498926 1.391323
v 0.276849 1.495778 1.436213
v 0.263110 1.500000 1.427389
v 0.269572 1.498926 1.434086
v 0.252863 1.500000 1.477016
v 0.349156 1.500000 1.700351
v 0.381428 1.498927 1.712177
v 0.426006 1.495778 1.724179
v 0.470507 1.490770 1.728284
v 0.513819 1.484244 1.725380
v 0.392354 1.500000 1.727150
v 0.423525 1.498927 1.731312
v 0.469580 1.495778 1.734700
v 0.514057 1.490770 1.730348
v 0.556035 1.484244 1.719339
v 0.440087 1.500000 1.744745
v 0.468501 1.498927 1.742172
v 0.514367 1.495778 1.736823
v 0.557213 1.490770 1.724173
v 0.596338 1.484244 1.705455
v 0.490403 1.500000 1.752417
v 0.514728 1.498927 1.744363
v 0.558748 1.495778 1.730472
v 0.598414 1.490770 1.709980
v 0.633274 1.484244 1.684230
v 0.541240 1.500000 1.749851
v 0.560536 1.498927 1.737808
v 0.601120 1.495778 1.715876
v 0.636173 1.490770 1.688282
v 0.665506 1.484244 1.656432
v 0.590517 1.500000 1.737152
v 0.604271 1.498927 1.722743
v 0.639951 1.495778 1.693562
v 0.669123 1.490770 1.659865
v 0.691871 1.484244 1.623065
v 0.636217 1.500000 1.714840
v 0.644350 1.498927 1.699711
v 0.673837 1.495778 1.664338
v 0.696075 1.490770 1.625754
v 0.711414 1.484244 1.585334
v 0.676470 1.500000 1.683829
v 0.679326 1.498927 1.669547
v 0.701554 1.495778 1.629258
v 0.716053 1.490770 1.587183
v 0.723429 1.484244 1.544604
v 0.709626 1.500000 1.645388
v 0.707934 1.498927 1.633340
v 0.722099 1.495778 1.589592
v 0.728337 1.490770 1.545546
v 0.734329 1.500000 1.601090
v 0.729140 1.498927 1.592398
v 0.734732 1.495778 1.546772
v 0.749567 1.500000 1.552751
v 0.742179 1.498927 1.548201
v 0.765304 1.500000 1.554249
v 0.770440 1.500000 1.502347
v 0.765304 1.500000 1.450445
v 0.750094 1.500000 1.400538
v 0.725393 1.500000 1.354543
v 0.692151 1.500000 1.314228
v 0.651646 1.500000 1.281142
v 0.605434 1.500000 1.256558
v 0.555291 1.500000 1.241419
v 0.503145 1.500000 1.236307
v 0.450998 1.500000 1.241419
v 0.400855 1.500000 1.256558
v 0.354643 1.500000 1.281142
v 0.314138 1.500000 1.314228
v 0.280897 1.500000 1.354543
v 0.256196 1.500000 1.400538
v 0.240985 1.500000 1.450445
v 0.235849 1.500000 1.502347
v 0.240985 1.500000 1.554249
v 0.256196 1.500000 1.604156
v 0.280897 1.500000 1.650151
v 0.314138 1.500000 1.690466
v 0.354643 1.500000 1.723552
v 0.400855 1.500000 1.748137
v 0.450998 1.500000 1.763276
v 0.503145 1.500000 1.768388
v 0.555291 1.500000 1.763276
v 0.605434 1.500000 1.748137
v 0.651646 1.500000 1.723552
v 0.692151 1.500000 1.690466
v 0.725393 1.500000 1.650151
v 0.750094 1.500000 1.604156
v 0.718124 1.210084 1.549446
v 0.723270 1.210084 1.502347
v 0.718124 1.210084 1.455249
v 0.702925 1.210084 1.410353
v 0.678385 1.210084 1.369758
v 0.645651 1.210084 1.335364
v 0.606253 1.210084 1.308777
v 0.562035 1.210084 1.291241
v 0.515062 1.210084 1.283576
v 0.467532 1.210084 1.286141
v 0.421668 1.210084 1.298816
v 0.379613 1.210084 1.321007
v 0.343334 1.210084 1.351678
v 0.314528 1.210084 1.389393
v 0.294542 1.210084 1.432391
v 0.284309 1.210084 1.478659
v 0.284309 1.210084 1.526035
v 0.294542 1.210084 1.572304
v 0.314528 1.210084 1.615301
v 0.343334 1.210084 1.653017
v 0.379613 1.210084 1.683688
v 0.421668 1.210084 1.705879
v 0.467532 1.210084 1.718554
v 0.515062 1.210084 1.721118
v 0.562035 1.210084 1.713454
v 0.606253 1.210084 1.695918
v 0.645651 1.210084 1.669331
v 0.678385 1.210084 1.634936
v 0.702925 1.210084 1.594342
v 0.796800 1.468488 1.447711
v 0.795747 1.476644 1.447907
v 0.801887 1.468488 1.502347
v 0.800815 1.476644 1.502347
v 0.796800 1.468488 1.556983
v 0.795747 1.476644 1.556787
v 0.781713 1.468488 1.609759
v 0.780714 1.476644 1.609374
v 0.757140 1.468488 1.658877
v 0.756229 1.476644 1.658315
v 0.723918 1.468488 1.702664
v 0.723126 1.476644 1.701945
v 0.683177 1.468488 1.739630
v 0.682531 1.476644 1.738778
v 0.636306 1.468488 1.768515
v 0.635828 1.476644 1.767560
v 0.584899 1.468488 1.788336
v 0.584606 1.476644 1.787310
v 0.530709 1.468488 1.798419
v 0.530610 1.476644 1.797357
v 0.475580 1.468488 1.798419
v 0.475679 1.476644 1.797357
v 0.421390 1.468488 1.788336
v 0.421683 1.476644 1.787310
v 0.369984 1.468488 1.768515
v 0.370461 1.476644 1.767560
v 0.323112 1.468488 1.739630
v 0.323758 1.476644 1.738778
v 0.282372 1.468488 1.702664
v 0.283163 1.476644 1.701945
v 0.249149 1.468488 1.658877
v 0.250060 1.476644 1.658315
v 0.224576 1.468488 1.609759
v 0.225575 1.476644 1.609374
v 0.209489 1.468488 1.556983
v 0.210542 1.476644 1.556787
v 0.204403 1.468488 1.502347
v 0.205474 1.476644 1.502347
v 0.209489 1.468488 1.447711
v 0.210542 1.476644 1.447907
v 0.224576 1.468488 1.394936
v 0.225575 1.476644 1.395321
v 0.249149 1.468488 1.345818
v 0.250060 1.476644 1.346380
v 0.282372 1.468488 1.302031
v 0.283163 1.476644 1.302750
v 0.323112 1.468488 1.265065
v 0.323758 1.476644 1.265916
v 0.369984 1.468488 1.236180
v 0.370461 1.476644 1.237135
v 0.421390 1.468488 1.216358
v 0.421683 1.476644 1.217384
v 0.475580 1.468488 1.206276
v 0.475679 1.476644 1.207338
v 0.530709 1.468488 1.206276
v 0.530610 1.476644 1.207338
v 0.584899 1.468488 1.216358
v 0.584606 1.476644 1.217384
v 0.636306 1.468488 1.236180
v 0.635828 1.476644 1.237135
v 0.683177 1.468488 1.265065
v 0.682531 1.476644 1.265916
v 0.723918 1.468488 1.302031
v 0.723126 1.476644 1.302750
v 0.757140 1.468488 1.345818
v 0.756229 1.476644 1.346380
v 0.781713 1.468488 1.394936
v 0.780714 1.476644 1.395321
v 0.773889 1.498927 1.552721
v 0.778579 1.498927 1.502347
v 0.773889 1.498926 1.451974
v 0.786164 1.495778 1.502347
v 0.781345 1.495778 1.450587
v 0.792676 1.490770 1.502347
v 0.787747 1.490770 1.449396
v 0.797674 1.484244 1.502347
v 0.792659 1.484244 1.448482
v 0.759980 1.498927 1.601379
v 0.737324 1.498927 1.646664
v 0.706693 1.498927 1.687035
v 0.669131 1.498927 1.721117
v 0.625916 1.498927 1.747749
v 0.578521 1.498927 1.766024
v 0.528559 1.498927 1.775319
v 0.477731 1.498927 1.775319
v 0.427768 1.498927 1.766024
v 0.380373 1.498927 1.747749
v 0.337158 1.498927 1.721117
v 0.299596 1.498927 1.687035
v 0.268965 1.498927 1.646664
v 0.246310 1.498927 1.601379
v 0.232400 1.498927 1.552721
v 0.227710 1.498927 1.502347
v 0.232400 1.498926 1.451974
v 0.224945 1.495778 1.450587
v 0.239237 1.495778 1.400589
v 0.233164 1.490770 1.398248
v 0.256980 1.490770 1.350644
v 0.252731 1.484244 1.348026
v 0.285485 1.484244 1.304856
v 0.246310 1.498926 1.403316
v 0.262517 1.495778 1.354057
v 0.289178 1.490770 1.308207
v 0.325651 1.484244 1.268412
v 0.268965 1.498926 1.358030
v 0.293991 1.495778 1.312574
v 0.328663 1.490770 1.272381
v 0.371862 1.484244 1.239933
v 0.299596 1.498926 1.317659
v 0.332588 1.495778 1.277554
v 0.374089 1.490770 1.244386
v 0.422543 1.484244 1.220392
v 0.337158 1.498926 1.283578
v 0.376992 1.495778 1.250189
v 0.423911 1.490770 1.225176
v 0.475969 1.484244 1.210451
v 0.380373 1.498926 1.256946
v 0.425693 1.495778 1.231411
v 0.476430 1.490770 1.215404
v 0.530320 1.484244 1.210451
v 0.427768 1.498926 1.238671
v 0.477031 1.495778 1.221859
v 0.529859 1.490770 1.215404
v 0.583746 1.484244 1.220392
v 0.477731 1.498926 1.229375
v 0.529258 1.495778 1.221859
v 0.582379 1.490770 1.225176
v 0.634428 1.484244 1.239933
v 0.528559 1.498926 1.229375
v 0.580596 1.495778 1.231411
v 0.632200 1.490770 1.244386
v 0.680638 1.484244 1.268412
v 0.578521 1.498926 1.238671
v 0.629297 1.495778 1.250189
v 0.677626 1.490770 1.272381
v 0.720804 1.484244 1.304856
v 0.625916 1.498926 1.256946
v 0.673702 1.495778 1.277554
v 0.717111 1.490770 1.308207
v 0.753558 1.484244 1.348026
v 0.669131 1.498926 1.283578
v 0.712298 1.495778 1.312574
v 0.749309 1.490770 1.350644
v 0.777785 1.484244 1.396451
v 0.706693 1.498926 1.317659
v 0.743772 1.495778 1.354057
v 0.773125 1.490770 1.398248
v 0.737324 1.498926 1.358030
v 0.767052 1.495778 1.400589
v 0.759980 1.498926 1.403316
v 0.208616 1.484244 1.502347
v 0.213630 1.484244 1.448482
v 0.228504 1.484244 1.396451
v 0.213613 1.490770 1.502347
v 0.218543 1.490770 1.449396
v 0.213630 1.484244 1.556213
v 0.228504 1.484244 1.608244
v 0.252731 1.484244 1.656669
v 0.285485 1.484244 1.699839
v 0.325651 1.484244 1.736283
v 0.371862 1.484244 1.764761
v 0.422543 1.484244 1.784303
v 0.475969 1.484244 1.794243
v 0.530320 1.484244 1.794243
v 0.583746 1.484244 1.784303
v 0.634428 1.484244 1.764761
v 0.680638 1.484244 1.736283
v 0.720804 1.484244 1.699839
v 0.753558 1.484244 1.656669
v 0.777785 1.484244 1.608244
v 0.792659 1.484244 1.556213
v 0.220126 1.495778 1.502347
v 0.218543 1.490770 1.555299
v 0.233164 1.490770 1.606447
v 0.256980 1.490770 1.654050
v 0.289178 1.490770 1.696488
v 0.328663 1.490770 1.732314
v 0.374089 1.490770 1.760309
v 0.423911 1.490770 1.779519
v 0.476430 1.490770 1.789290
v 0.529859 1.490770 1.789290
v 0.582379 1.490770 1.779519
v 0.632200 1.490770 1.760309
v 0.677626 1.490770 1.732314
v 0.717111 1.490770 1.696488
v 0.749309 1.490770 1.654050
v 0.773125 1.490770 1.606447
v 0.787747 1.490770 1.555299
v 0.224945 1.495778 1.554108
v 0.239237 1.495778 1.604106
v 0.262517 1.495778 1.650638
v 0.293991 1.495778 1.692121
v 0.332588 1.495778 1.727141
v 0.376992 1.495778 1.754506
v 0.425693 1.495778 1.773284
v 0.477031 1.495778 1.782836
v 0.529258 1.495778 1.782836
v 0.580596 1.495778 1.773284
v 0.629297 1.495778 1.754506
v 0.673702 1.495778 1.727141
v 0.712298 1.495778 1.692121
v 0.743772 1.495778 1.650638
v 0.767052 1.495778 1.604106
v 0.781345 1.495778 1.554108
v 0.796800 1.210084 1.447711
v 0.801887 1.210084 1.502347
v 0.796800 1.210084 1.556983
v 0.781713 1.210084 1.609759
v 0.757140 1.210084 1.658877
v 0.723918 1.210084 1.702664
v 0.683177 1.210084 1.739630
v 0.636306 1.210084 1.768515
v 0.584899 1.210084 1.788336
v 0.530709 1.210084 1.798419
v 0.475580 1.210084 1.798419
v 0.421390 1.210084 1.788336
v 0.369984 1.210084 1.768515
v 0.323112 1.210084 1.739630
v 0.282372 1.210084 1.702664
v 0.249149 1.210084 1.658877
v 0.224576 1.210084 1.609759
v 0.209489 1.210084 1.556983
v 0.204403 1.210084 1.502347
v 0.209489 1.210084 1.447711
v 0.224576 1.210084 1.394936
v 0.249149 1.210084 1.345818
v 0.282372 1.210084 1.302031
v 0.323112 1.210084 1.265065
v 0.369984 1.210084 1.236180
v 0.421390 1.210084 1.216358
v 0.475580 1.210084 1.206276
v 0.530709 1.210084 1.206276
v 0.584899 1.210084 1.216358
v 0.636306 1.210084 1.236180
v 0.683177 1.210084 1.265065
v 0.723918 1.210084 1.302031
v 0.757140 1.210084 1.345818
v 0.781713 1.210084 1.394936
v -0.288165 1.468488 2.551011
v -0.285945 1.476644 2.545578
v -0.283019 1.468488 2.503912
v -0.281947 1.476644 2.503912
v -0.285945 1.476644 2.462247
v -0.278806 1.484244 2.503912
v -0.282860 1.484244 2.461655
v -0.273808 1.490771 2.503912
v -0.277953 1.490770 2.460714
v -0.267296 1.495779 2.503912
v -0.271558 1.495778 2.459487
v -0.259711 1.498927 2.503912
v -0.264110 1.498927 2.458058
v -0.251572 1.500000 2.503912
v -0.256722 1.500000 2.453509
v -0.297792 1.476644 2.585737
v -0.303364 1.468488 2.595907
v -0.317062 1.476644 2.622939
v -0.327904 1.468488 2.636501
v -0.343057 1.476644 2.655839
v -0.360638 1.468488 2.670896
v -0.374838 1.476644 2.683248
v -0.400036 1.468488 2.697483
v -0.411256 1.476644 2.704176
v -0.444255 1.468488 2.715019
v -0.450995 1.476644 2.717865
v -0.491227 1.468488 2.722683
v -0.492620 1.476644 2.723822
v -0.534624 1.476644 2.721830
v -0.535071 1.484244 2.724925
v -0.576519 1.484244 2.714917
v -0.578153 1.490771 2.719618
v -0.617813 1.490771 2.701591
v -0.621069 1.495779 2.707205
v -0.657593 1.495779 2.681318
v -0.662560 1.498927 2.687023
v -0.694496 1.498927 2.653686
v -0.694027 1.500000 2.667010
v -0.723106 1.500000 2.625427
v -0.719517 1.498927 2.614936
v -0.743180 1.500000 2.578870
v -0.736717 1.498927 2.572173
v -0.753426 1.500000 2.529244
v -0.745476 1.498927 2.526943
v -0.745476 1.498927 2.480881
v -0.737926 1.495779 2.526226
v -0.737926 1.495778 2.481599
v -0.731443 1.490771 2.525610
v -0.731443 1.490770 2.482215
v -0.726468 1.484244 2.525137
v -0.726468 1.484244 2.482687
v -0.723340 1.476644 2.524840
v -0.723340 1.476644 2.482985
v -0.721980 1.468488 2.480224
v -0.715382 1.476644 2.441886
v -0.711748 1.468488 2.433956
v -0.699753 1.476644 2.403030
v -0.691761 1.468488 2.390958
v -0.677018 1.476644 2.367819
v -0.662955 1.468488 2.353243
v -0.647998 1.476644 2.337527
v -0.626676 1.468488 2.322572
v -0.613743 1.476644 2.313249
v -0.584622 1.468488 2.300380
v -0.575491 1.476644 2.295862
v -0.538757 1.468488 2.287706
v -0.534624 1.476644 2.285994
v -0.491227 1.468488 2.285141
v -0.492620 1.476644 2.284003
v -0.450995 1.476644 2.289959
v -0.450255 1.484244 2.286921
v -0.409951 1.484244 2.300805
v -0.407875 1.490770 2.296280
v -0.370117 1.490770 2.317977
v -0.366339 1.495778 2.312697
v -0.332453 1.495778 2.341922
v -0.326964 1.498927 2.336713
v -0.298355 1.498927 2.372920
v -0.296663 1.500000 2.360872
v -0.271960 1.500000 2.405169
v -0.277149 1.498927 2.413862
v -0.538757 1.468488 2.720118
v -0.575491 1.476644 2.711963
v -0.615314 1.484244 2.697283
v -0.653328 1.490771 2.676419
v -0.688535 1.495779 2.649020
v -0.584622 1.468488 2.707444
v -0.613743 1.476644 2.694576
v -0.650055 1.484244 2.672660
v -0.683415 1.490771 2.645013
v -0.712776 1.495779 2.611477
v -0.626676 1.468488 2.685252
v -0.647998 1.476644 2.670297
v -0.679487 1.484244 2.641938
v -0.706987 1.490771 2.608507
v -0.729440 1.495779 2.570046
v -0.662955 1.468488 2.654582
v -0.677018 1.476644 2.640005
v -0.702545 1.484244 2.606228
v -0.723191 1.490771 2.568220
v -0.691761 1.468488 2.616866
v -0.699753 1.476644 2.604795
v -0.718396 1.484244 2.566819
v -0.711748 1.468488 2.573869
v -0.715382 1.476644 2.565938
v -0.721980 1.468488 2.527600
v -0.444255 1.468488 2.292806
v -0.411256 1.476644 2.303649
v -0.373015 1.484244 2.322029
v -0.337166 1.490770 2.346395
v -0.304736 1.495778 2.377001
v -0.400036 1.468488 2.310341
v -0.374838 1.476644 2.324576
v -0.340783 1.484244 2.349828
v -0.310215 1.490770 2.380506
v -0.284190 1.495778 2.416667
v -0.360638 1.468488 2.336928
v -0.343057 1.476644 2.351985
v -0.314419 1.484244 2.383195
v -0.290236 1.490770 2.419077
v -0.327904 1.468488 2.371323
v -0.317062 1.476644 2.384885
v -0.294876 1.484244 2.420925
v -0.303364 1.468488 2.411918
v -0.297792 1.476644 2.422087
v -0.288165 1.468488 2.456814
v -0.329820 1.500000 2.322431
v -0.361939 1.498927 2.306548
v -0.405169 1.495778 2.290384
v -0.449077 1.490770 2.282087
v -0.492470 1.484244 2.280879
v -0.370072 1.500000 2.291419
v -0.402019 1.498927 2.283517
v -0.447541 1.495778 2.275787
v -0.492232 1.490770 2.275911
v -0.535071 1.484244 2.282899
v -0.415772 1.500000 2.269107
v -0.445753 1.498927 2.268451
v -0.491923 1.495778 2.269436
v -0.535783 1.490770 2.277976
v -0.576519 1.484244 2.292907
v -0.465050 1.500000 2.256408
v -0.491562 1.498927 2.261896
v -0.536710 1.495778 2.271560
v -0.578153 1.490770 2.288207
v -0.615314 1.484244 2.310541
v -0.515887 1.500000 2.253842
v -0.537789 1.498927 2.264088
v -0.580283 1.495778 2.282081
v -0.617813 1.490770 2.306233
v -0.650055 1.484244 2.335164
v -0.566202 1.500000 2.261514
v -0.582764 1.498927 2.274947
v -0.621069 1.495778 2.300620
v -0.653328 1.490770 2.331405
v -0.679487 1.484244 2.365886
v -0.613936 1.500000 2.279110
v -0.624861 1.498927 2.294083
v -0.657593 1.495778 2.326506
v -0.683415 1.490770 2.362811
v -0.702545 1.484244 2.401597
v -0.657134 1.500000 2.305909
v -0.662560 1.498927 2.320801
v -0.688535 1.495778 2.358804
v -0.706987 1.490770 2.399318
v -0.718396 1.484244 2.441005
v -0.694027 1.500000 2.340814
v -0.694496 1.498927 2.354138
v -0.712776 1.495778 2.396347
v -0.723191 1.490770 2.439604
v -0.723106 1.500000 2.382397
v -0.719517 1.498927 2.392888
v -0.729440 1.495778 2.437778
v -0.743180 1.500000 2.428954
v -0.736717 1.498927 2.435651
v -0.753426 1.500000 2.478580
v -0.657134 1.500000 2.701916
v -0.624861 1.498927 2.713742
v -0.580283 1.495779 2.725744
v -0.535783 1.490771 2.729848
v -0.492470 1.484244 2.726945
v -0.613936 1.500000 2.728714
v -0.582764 1.498927 2.732877
v -0.536710 1.495779 2.736265
v -0.492232 1.490771 2.731913
v -0.450255 1.484244 2.720904
v -0.566202 1.500000 2.746310
v -0.537789 1.498927 2.743737
v -0.491923 1.495779 2.738388
v -0.449077 1.490771 2.725738
v -0.409951 1.484244 2.707020
v -0.515887 1.500000 2.753982
v -0.491562 1.498927 2.745928
v -0.447541 1.495779 2.732037
v -0.407875 1.490771 2.711545
v -0.373015 1.484244 2.685795
v -0.465050 1.500000 2.751416
v -0.445753 1.498927 2.739373
v -0.405169 1.495779 2.717441
v -0.370117 1.490771 2.689847
v -0.340783 1.484244 2.657997
v -0.415772 1.500000 2.738717
v -0.402019 1.498927 2.724307
v -0.366339 1.495779 2.695127
v -0.337166 1.490771 2.661429
v -0.314419 1.484244 2.624629
v -0.370072 1.500000 2.716405
v -0.361939 1.498927 2.701276
v -0.332453 1.495779 2.665903
v -0.310215 1.490771 2.627319
v -0.294876 1.484244 2.586899
v -0.329820 1.500000 2.685394
v -0.326964 1.498927 2.671112
v -0.304736 1.495779 2.630823
v -0.290236 1.490771 2.588748
v -0.282860 1.484244 2.546169
v -0.296663 1.500000 2.646953
v -0.298355 1.498927 2.634904
v -0.284190 1.495779 2.591157
v -0.277953 1.490771 2.547111
v -0.271960 1.500000 2.602655
v -0.277149 1.498927 2.593962
v -0.271558 1.495779 2.548337
v -0.256722 1.500000 2.554316
v -0.264110 1.498927 2.549766
v -0.240985 1.500000 2.555814
v -0.235849 1.500000 2.503912
v -0.240985 1.500000 2.452010
v -0.256196 1.500000 2.402103
v -0.280897 1.500000 2.356108
v -0.314138 1.500000 2.315793
v -0.354643 1.500000 2.282707
v -0.400855 1.500000 2.258123
v -0.450998 1.500000 2.242983
v -0.503145 1.500000 2.237871
v -0.555291 1.500000 2.242983
v -0.605434 1.500000 2.258123
v -0.651646 1.500000 2.282707
v -0.692151 1.500000 2.315793
v -0.725393 1.500000 2.356108
v -0.750094 1.500000 2.402103
v -0.765304 1.500000 2.452010
v -0.770440 1.500000 2.503912
v -0.765304 1.500000 2.555814
v -0.750094 1.500000 2.605721
v -0.725393 1.500000 2.651716
v -0.692151 1.500000 2.692031
v -0.651646 1.500000 2.725117
v -0.605434 1.500000 2.749702
v -0.555291 1.500000 2.764841
v -0.503145 1.500000 2.769953
v -0.450998 1.500000 2.764841
v -0.400855 1.500000 2.749702
v -0.354643 1.500000 2.725117
v -0.314138 1.500000 2.692031
v -0.280897 1.500000 2.651716
v -0.256196 1.500000 2.605721
v -0.288165 1.210085 2.551011
v -0.283019 1.210085 2.503912
v -0.288165 1.210084 2.456814
v -0.303364 1.210084 2.411918
v -0.327904 1.210084 2.371323
v -0.360638 1.210084 2.336928
v -0.400036 1.210084 2.310341
v -0.444255 1.210084 2.292806
v -0.491227 1.210084 2.285141
v -0.538757 1.210084 2.287706
v -0.584622 1.210084 2.300380
v -0.626676 1.210084 2.322572
v -0.662955 1.210084 2.353243
v -0.691761 1.210084 2.390958
v -0.711748 1.210084 2.433956
v -0.721980 1.210084 2.480224
v -0.721980 1.210085 2.527600
v -0.711748 1.210085 2.573869
v -0.691761 1.210085 2.616866
v -0.662955 1.210085 2.654582
v -0.626676 1.210085 2.685252
v -0.584622 1.210085 2.707444
v -0.538757 1.210085 2.720118
v -0.491227 1.210085 2.722683
v -0.444255 1.210085 2.715019
v -0.400036 1.210085 2.697483
v -0.360638 1.210085 2.670896
v -0.327904 1.210085 2.636501
v -0.303364 1.210085 2.595907
v -0.209489 1.468488 2.449276
v -0.210542 1.476644 2.449472
v -0.204403 1.468488 2.503912
v -0.205474 1.476644 2.503912
v -0.209489 1.468488 2.558548
v -0.210542 1.476644 2.558352
v -0.224576 1.468488 2.611324
v -0.225575 1.476644 2.610938
v -0.249149 1.468488 2.660441
v -0.250060 1.476644 2.659880
v -0.282372 1.468488 2.704229
v -0.283163 1.476644 2.703510
v -0.323112 1.468488 2.741194
v -0.323758 1.476644 2.740343
v -0.369984 1.468488 2.770080
v -0.370461 1.476644 2.769125
v -0.421390 1.468488 2.789901
v -0.421683 1.476644 2.788875
v -0.475580 1.468488 2.799983
v -0.475679 1.476644 2.798921
v -0.530709 1.468488 2.799983
v -0.530610 1.476644 2.798921
v -0.584899 1.468488 2.789901
v -0.584606 1.476644 2.788875
v -0.636306 1.468488 2.770080
v -0.635828 1.476644 2.769125
v -0.683177 1.468488 2.741194
v -0.682531 1.476644 2.740343
v -0.723918 1.468488 2.704229
v -0.723126 1.476644 2.703510
v -0.757140 1.468488 2.660441
v -0.756229 1.476644 2.659880
v -0.781713 1.468488 2.611324
v -0.780714 1.476644 2.610938
v -0.796800 1.468488 2.558548
v -0.795747 1.476644 2.558352
v -0.801887 1.468488 2.503912
v -0.800815 1.476644 2.503912
v -0.796800 1.468488 2.449276
v -0.795747 1.476644 2.449472
v -0.781713 1.468488 2.396501
v -0.780714 1.476644 2.396886
v -0.757140 1.468488 2.347383
v -0.756229 1.476644 2.347944
v -0.723918 1.468488 2.303596
v -0.723126 1.476644 2.304314
v -0.683177 1.468488 2.266630
v -0.682531 1.476644 2.267481
v -0.636306 1.468488 2.237745
v -0.635828 1.476644 2.238699
v -0.584899 1.468488 2.217923
v -0.584606 1.476644 2.218949
v -0.530709 1.468488 2.207841
v -0.530610 1.476644 2.208903
v -0.475580 1.468488 2.207841
v -0.475679 1.476644 2.208903
v -0.421390 1.468488 2.217923
v -0.421683 1.476644 2.218949
v -0.369984 1.468488 2.237745
v -0.370461 1.476644 2.238699
v -0.323112 1.468488 2.266630
v -0.323758 1.476644 2.267481
v -0.282372 1.468488 2.303596
v -0.283163 1.476644 2.304314
v -0.249149 1.468488 2.347383
v -0.250060 1.476644 2.347944
v -0.224576 1.468488 2.396501
v -0.225575 1.476644 2.396886
v -0.232400 1.498927 2.554286
v -0.227710 1.498927 2.503912
v -0.232400 1.498927 2.453539
v -0.220126 1.495779 2.503912
v -0.224945 1.495778 2.452152
v -0.213613 1.490771 2.503912
v -0.218543 1.490770 2.450961
v -0.208616 1.484244 2.503912
v -0.213630 1.484244 2.450047
v -0.246310 1.498927 2.602943
v -0.268965 1.498927 2.648229
v -0.299596 1.498927 2.688600
v -0.337158 1.498927 2.722682
v -0.380373 1.498927 2.749314
v -0.427768 1.498927 2.767588
v -0.477731 1.498927 2.776884
v -0.528559 1.498927 2.776884
v -0.578521 1.498927 2.767588
v -0.625916 1.498927 2.749314
v -0.669131 1.498927 2.722682
v -0.706693 1.498927 2.688600
v -0.737324 1.498927 2.648229
v -0.759980 1.498927 2.602943
v -0.773889 1.498927 2.554286
v -0.778579 1.498927 2.503912
v -0.773889 1.498927 2.453539
v -0.781345 1.495778 2.452152
v -0.767052 1.495778 2.402154
v -0.773125 1.490770 2.399812
v -0.749309 1.490770 2.352209
v -0.753558 1.484244 2.349591
v -0.720804 1.484244 2.306421
v -0.759980 1.498927 2.404881
v -0.743772 1.495778 2.355621
v -0.717111 1.490770 2.309772
v -0.680638 1.484244 2.269976
v -0.737324 1.498927 2.359595
v -0.712298 1.495778 2.314139
v -0.677626 1.490770 2.273946
v -0.634428 1.484244 2.241498
v -0.706693 1.498927 2.319224
v -0.673702 1.495778 2.279119
v -0.632200 1.490770 2.245951
v -0.583746 1.484244 2.221956
v -0.669131 1.498927 2.285143
v -0.629297 1.495778 2.251753
v -0.582379 1.490770 2.226741
v -0.530320 1.484244 2.212016
v -0.625916 1.498927 2.258511
v -0.580596 1.495778 2.232975
v -0.529859 1.490770 2.216969
v -0.475969 1.484244 2.212016
v -0.578521 1.498927 2.240236
v -0.529258 1.495778 2.223424
v -0.476430 1.490770 2.216969
v -0.422543 1.484244 2.221956
v -0.528559 1.498927 2.230940
v -0.477031 1.495778 2.223424
v -0.423911 1.490770 2.226741
v -0.371862 1.484244 2.241498
v -0.477731 1.498927 2.230940
v -0.425693 1.495778 2.232975
v -0.374089 1.490770 2.245951
v -0.325651 1.484244 2.269976
v -0.427768 1.498927 2.240236
v -0.376992 1.495778 2.251753
v -0.328663 1.490770 2.273946
v -0.285485 1.484244 2.306421
v -0.380373 1.498927 2.258511
v -0.332588 1.495778 2.279119
v -0.289178 1.490770 2.309772
v -0.252731 1.484244 2.349591
v -0.337158 1.498927 2.285143
v -0.293991 1.495778 2.314139
v -0.256980 1.490770 2.352209
v -0.228504 1.484244 2.398015
v -0.299596 1.498927 2.319224
v -0.262517 1.495778 2.355621
v -0.233164 1.490770 2.399812
v -0.268965 1.498927 2.359595
v -0.239237 1.495778 2.402154
v -0.246310 1.498927 2.404881
v -0.797674 1.484244 2.503912
v -0.792659 1.484244 2.450047
v -0.777785 1.484244 2.398015
v -0.792676 1.490771 2.503912
v -0.787747 1.490770 2.450961
v -0.792659 1.484244 2.557778
v -0.777785 1.484244 2.609809
v -0.753558 1.484244 2.658234
v -0.720804 1.484244 2.701404
v -0.680638 1.484244 2.737848
v -0.634428 1.484244 2.766326
v -0.583746 1.484244 2.785868
v -0.530320 1.484244 2.795808
v -0.475969 1.484244 2.795808
v -0.422543 1.484244 2.785868
v -0.371862 1.484244 2.766326
v -0.325651 1.484244 2.737848
v -0.285485 1.484244 2.701404
v -0.252731 1.484244 2.658234
v -0.228504 1.484244 2.609809
v -0.213630 1.484244 2.557778
v -0.786164 1.495779 2.503912
v -0.787747 1.490771 2.556864
v -0.773125 1.490771 2.608012
v -0.749309 1.490771 2.655615
v -0.717111 1.490771 2.698053
v -0.677626 1.490771 2.733879
v -0.632200 1.490771 2.761874
v -0.582379 1.490771 2.781084
v -0.529859 1.490771 2.790855
v -0.476430 1.490771 2.790855
v -0.423911 1.490771 2.781084
v -0.374089 1.490771 2.761874
v -0.328663 1.490771 2.733879
v -0.289178 1.490771 2.698053
v -0.256980 1.490771 2.655615
v -0.233164 1.490771 2.608012
v -0.218543 1.490771 2.556864
v -0.781345 1.495779 2.555673
v -0.767052 1.495779 2.605670
v -0.743772 1.495779 2.652203
v -0.712298 1.495779 2.693686
v -0.673702 1.495779 2.728706
v -0.629297 1.495779 2.756071
v -0.580596 1.495779 2.774849
v -0.529258 1.495779 2.784401
v -0.477031 1.495779 2.784401
v -0.425693 1.495779 2.774849
v -0.376992 1.495779 2.756071
v -0.332588 1.495779 2.728706
v -0.293991 1.495779 2.693686
v -0.262517 1.495779 2.652203
v -0.239237 1.495779 2.605670
v -0.224945 1.495779 2.555673
v -0.209489 1.210084 2.449276
v -0.204403 1.210085 2.503912
v -0.209489 1.210085 2.558548
v -0.224576 1.210085 2.611324
v -0.249149 1.210085 2.660441
v -0.282372 1.210085 2.704229
v -0.323112 1.210085 2.741194
v -0.369984 1.210085 2.770080
v -0.421390 1.210085 2.789901
v -0.475580 1.210085 2.799983
v -0.530709 1.210085 2.799983
v -0.584899 1.210085 2.789901
v -0.636306 1.210085 2.770080
v -0.683177 1.210085 2.741194
v -0.723918 1.210085 2.704229
v -0.757140 1.210085 2.660441
v -0.781713 1.210085 2.611324
v -0.796800 1.210085 2.558548
v -0.801887 1.210085 2.503912
v -0.796800 1.210084 2.449276
v -0.781713 1.210084 2.396501
v -0.757140 1.210084 2.347383
v -0.723918 1.210084 2.303596
v -0.683177 1.210084 2.266630
v -0.636306 1.210084 2.237745
v -0.584899 1.210084 2.217923
v -0.530709 1.210084 2.207841
v -0.475580 1.210084 2.207841
v -0.421390 1.210084 2.217923
v -0.369984 1.210084 2.237745
v -0.323112 1.210084 2.266630
v -0.282372 1.210084 2.303596
v -0.249149 1.210084 2.347383
v -0.224576 1.210084 2.396501
v 0.796800 1.468488 2.449276
v 0.795747 1.476644 2.449472
v 0.801887 1.468488 2.503912
v 0.800815 1.476644 2.503912
v 0.796800 1.468488 2.558548
v 0.795747 1.476644 2.558352
v 0.781713 1.468488 2.611324
v 0.780714 1.476644 2.610938
v 0.757140 1.468488 2.660441
v 0.756229 1.476644 2.659880
v 0.723918 1.468488 2.704229
v 0.723126 1.476644 2.703510
v 0.683177 1.468488 2.741194
v 0.682531 1.476644 2.740343
v 0.636306 1.468488 2.770080
v 0.635828 1.476644 2.769125
v 0.584899 1.468488 2.789901
v 0.584606 1.476644 2.788875
v 0.530709 1.468488 2.799983
v 0.530610 1.476644 2.798921
v 0.475580 1.468488 2.799983
v 0.475679 1.476644 2.798921
v 0.421390 1.468488 2.789901
v 0.421683 1.476644 2.788875
v 0.369984 1.468488 2.770080
v 0.370461 1.476644 2.769125
v 0.323112 1.468488 2.741194
v 0.323758 1.476644 2.740343
v 0.282372 1.468488 2.704229
v 0.283163 1.476644 2.703510
v 0.249149 1.468488 2.660441
v 0.250060 1.476644 2.659880
v 0.224576 1.468488 2.611324
v 0.225575 1.476644 2.610938
v 0.209489 1.468488 2.558548
v 0.210542 1.476644 2.558352
v 0.204403 1.468488 2.503912
v 0.205474 1.476644 2.503912
v 0.209489 1.468488 2.449276
v 0.210542 1.476644 2.449472
v 0.224576 1.468488 2.396501
v 0.225575 1.476644 2.396886
v 0.249149 1.468488 2.347383
v 0.250060 1.476644 2.347944
v 0.282372 1.468488 2.303596
v 0.283163 1.476644 2.304314
v 0.323112 1.468488 2.266630
v 0.323758 1.476644 2.267481
v 0.369984 1.468488 2.237745
v 0.370461 1.476644 2.238699
v 0.421390 1.468488 2.217923
v 0.421683 1.476644 2.218949
v 0.475580 1.468488 2.207841
v 0.475679 1.476644 2.208903
v 0.530709 1.468488 2.207841
v 0.530610 1.476644 2.208903
v 0.584899 1.468488 2.217923
v 0.584606 1.476644 2.218949
v 0.636306 1.468488 2.237745
v 0.635828 1.476644 2.238699
v 0.683177 1.468488 2.266630
v 0.682531 1.476644 2.267481
v 0.723918 1.468488 2.303596
v 0.723126 1.476644 2.304314
v 0.757140 1.468488 2.347383
v 0.756229 1.476644 2.347944
v 0.781713 1.468488 2.396501
v 0.780714 1.476644 2.396886
v 0.765304 1.500000 2.555814
v 0.773889 1.498927 2.554286
v 0.770440 1.500000 2.503912
v 0.778579 1.498927 2.503912
v 0.773889 1.498927 2.453539
v 0.786164 1.495779 2.503912
v 0.781345 1.495778 2.452152
v 0.792676 1.490771 2.503912
v 0.787747 1.490770 2.450961
v 0.797674 1.484244 2.503912
v 0.792659 1.484244 2.450047
v 0.759980 1.498927 2.602943
v 0.750094 1.500000 2.605721
v 0.737324 1.498927 2.648229
v 0.725393 1.500000 2.651716
v 0.706693 1.498927 2.688600
v 0.692151 1.500000 2.692031
v 0.669131 1.498927 2.722682
v 0.651646 1.500000 2.725117
v 0.625916 1.498927 2.749314
v 0.605434 1.500000 2.749702
v 0.578521 1.498927 2.767588
v 0.555291 1.500000 2.764841
v 0.528559 1.498927 2.776884
v 0.503145 1.500000 2.769953
v 0.477731 1.498927 2.776884
v 0.450998 1.500000 2.764841
v 0.427768 1.498927 2.767588
v 0.400855 1.500000 2.749702
v 0.380373 1.498927 2.749314
v 0.354643 1.500000 2.725117
v 0.337158 1.498927 2.722682
v 0.314138 1.500000 2.692031
v 0.299596 1.498927 2.688600
v 0.280897 1.500000 2.651716
v 0.268965 1.498927 2.648229
v 0.256196 1.500000 2.605721
v 0.246310 1.498927 2.602943
v 0.240985 1.500000 2.555814
v 0.232400 1.498927 2.554286
v 0.235849 1.500000 2.503912
v 0.227710 1.498927 2.503912
v 0.232400 1.498927 2.453539
v 0.224945 1.495778 2.452152
v 0.239237 1.495778 2.402154
v 0.233164 1.490770 2.399812
v 0.256980 1.490770 2.352209
v 0.252731 1.484244 2.349591
v 0.285485 1.484244 2.306421
v 0.240985 1.500000 2.452010
v 0.246310 1.498927 2.404881
v 0.262517 1.495778 2.355621
v 0.289178 1.490770 2.309772
v 0.325651 1.484244 2.269976
v 0.256196 1.500000 2.402103
v 0.268965 1.498927 2.359595
v 0.293991 1.495778 2.314139
v 0.328663 1.490770 2.273946
v 0.371862 1.484244 2.241498
v 0.280897 1.500000 2.356108
v 0.299596 1.498927 2.319224
v 0.332588 1.495778 2.279119
v 0.374089 1.490770 2.245951
v 0.422543 1.484244 2.221956
v 0.314138 1.500000 2.315793
v 0.337158 1.498927 2.285143
v 0.376992 1.495778 2.251753
v 0.423911 1.490770 2.226741
v 0.475969 1.484244 2.212016
v 0.354643 1.500000 2.282707
v 0.380373 1.498927 2.258511
v 0.425693 1.495778 2.232975
v 0.476430 1.490770 2.216969
v 0.530320 1.484244 2.212016
v 0.400855 1.500000 2.258123
v 0.427768 1.498927 2.240236
v 0.477031 1.495778 2.223424
v 0.529859 1.490770 2.216969
v 0.583746 1.484244 2.221956
v 0.450998 1.500000 2.242983
v 0.477731 1.498927 2.230940
v 0.529258 1.495778 2.223424
v 0.582379 1.490770 2.226741
v 0.634428 1.484244 2.241498
v 0.503145 1.500000 2.237871
v 0.528559 1.498927 2.230940
v 0.580596 1.495778 2.232975
v 0.632200 1.490770 2.245951
v 0.680638 1.484244 2.269976
v 0.555291 1.500000 2.242983
v 0.578521 1.498927 2.240236
v 0.629297 1.495778 2.251753
v 0.677626 1.490770 2.273946
v 0.720804 1.484244 2.306421
v 0.605434 1.500000 2.258123
v 0.625916 1.498927 2.258511
v 0.673702 1.495778 2.279119
v 0.717111 1.490770 2.309772
v 0.753558 1.484244 2.349591
v 0.651646 1.500000 2.282707
v 0.669131 1.498927 2.285143
v 0.712298 1.495778 2.314139
v 0.749309 1.490770 2.352209
v 0.777785 1.484244 2.398015
v 0.692151 1.500000 2.315793
v 0.706693 1.498927 2.319224
v 0.743772 1.495778 2.355621
v 0.773125 1.490770 2.399812
v 0.725393 1.500000 2.356108
v 0.737324 1.498927 2.359595
v 0.767052 1.495778 2.402154
v 0.750094 1.500000 2.402103
v 0.759980 1.498927 2.404881
v 0.765304 1.500000 2.452010
v 0.208616 1.484244 2.503912
v 0.213630 1.484244 2.450047
v 0.228504 1.484244 2.398015
v 0.213613 1.490771 2.503912
v 0.218543 1.490770 2.450961
v 0.213630 1.484244 2.557778
v 0.228504 1.484244 2.609809
v 0.252731 1.484244 2.658234
v 0.285485 1.484244 2.701404
v 0.325651 1.484244 2.737848
v 0.371862 1.484244 2.766326
v 0.422543 1.484244 2.785868
v 0.475969 1.484244 2.795808
v 0.530320 1.484244 2.795808
v 0.583746 1.484244 2.785868
v 0.634428 1.484244 2.766326
v 0.680638 1.484244 2.737848
v 0.720804 1.484244 2.701404
v 0.753558 1.484244 2.658234
v 0.777785 1.484244 2.609809
v 0.792659 1.484244 2.557778
v 0.220126 1.495779 2.503912
v 0.218543 1.490771 2.556864
v 0.233164 1.490771 2.608012
v 0.256980 1.490771 2.655615
v 0.289178 1.490771 2.698053
v 0.328663 1.490771 2.733879
v 0.374089 1.490771 2.761874
v 0.423911 1.490771 2.781084
v 0.476430 1.490771 2.790855
v 0.529859 1.490771 2.790855
v 0.582379 1.490771 2.781084
v 0.632200 1.490771 2.761874
v 0.677626 1.490771 2.733879
v 0.717111 1.490771 2.698053
v 0.749309 1.490771 2.655615
v 0.773125 1.490771 2.608012
v 0.787747 1.490771 2.556864
v 0.224945 1.495779 2.555673
v 0.239237 1.495779 2.605670
v 0.262517 1.495779 2.652203
v 0.293991 1.495779 2.693686
v 0.332588 1.495779 2.728706
v 0.376992 1.495779 2.756071
v 0.425693 1.495779 2.774849
v 0.477031 1.495779 2.784401
v 0.529258 1.495779 2.784401
v 0.580596 1.495779 2.774849
v 0.629297 1.495779 2.756071
v 0.673702 1.495779 2.728706
v 0.712298 1.495779 2.693686
v 0.743772 1.495779 2.652203
v 0.767052 1.495779 2.605670
v 0.781345 1.495779 2.555673
v 0.749567 1.500000 2.554316
v 0.754717 1.500000 2.503912
v 0.734329 1.500000 2.602655
v 0.709626 1.500000 2.646953
v 0.676470 1.500000 2.685394
v 0.636217 1.500000 2.716405
v 0.590517 1.500000 2.738717
v 0.541240 1.500000 2.751416
v 0.490403 1.500000 2.753982
v 0.440087 1.500000 2.746310
v 0.392354 1.500000 2.728714
v 0.349156 1.500000 2.701916
v 0.312262 1.500000 2.667010
v 0.283183 1.500000 2.625427
v 0.263110 1.500000 2.578870
v 0.252863 1.500000 2.529244
v 0.252863 1.500000 2.478580
v 0.263110 1.500000 2.428954
v 0.283183 1.500000 2.382397
v 0.312262 1.500000 2.340814
v 0.349156 1.500000 2.305909
v 0.392354 1.500000 2.279110
v 0.440087 1.500000 2.261514
v 0.490403 1.500000 2.253842
v 0.541240 1.500000 2.256408
v 0.590517 1.500000 2.269107
v 0.636217 1.500000 2.291419
v 0.676470 1.500000 2.322431
v 0.709626 1.500000 2.360872
v 0.734329 1.500000 2.405169
v 0.749567 1.500000 2.453509
v 0.796800 1.210084 2.449276
v 0.801887 1.210085 2.503912
v 0.796800 1.210085 2.558548
v 0.781713 1.210085 2.611324
v 0.757140 1.210085 2.660441
v 0.723918 1.210085 2.704229
v 0.683177 1.210085 2.741194
v 0.636306 1.210085 2.770080
v 0.584899 1.210085 2.789901
v 0.530709 1.210085 2.799983
v 0.475580 1.210085 2.799983
v 0.421390 1.210085 2.789901
v 0.369984 1.210085 2.770080
v 0.323112 1.210085 2.741194
v 0.282372 1.210085 2.704229
v 0.249149 1.210085 2.660441
v 0.224576 1.210085 2.611324
v 0.209489 1.210085 2.558548
v 0.204403 1.210085 2.503912
v 0.209489 1.210084 2.449276
v 0.224576 1.210084 2.396501
v 0.249149 1.210084 2.347383
v 0.282372 1.210084 2.303596
v 0.323112 1.210084 2.266630
v 0.369984 1.210084 2.237745
v 0.421390 1.210084 2.217923
v 0.475580 1.210084 2.207841
v 0.530709 1.210084 2.207841
v 0.584899 1.210084 2.217923
v 0.636306 1.210084 2.237745
v 0.683177 1.210084 2.266630
v 0.723918 1.210084 2.303596
v 0.757140 1.210084 2.347383
v 0.781713 1.210084 2.396501
v 0.718124 1.468488 2.551011
v 0.720345 1.476644 2.545578
v 0.723270 1.468488 2.503912
v 0.724342 1.476644 2.503912
v 0.720345 1.476644 2.462247
v 0.727484 1.484244 2.503912
v 0.723429 1.484244 2.461655
v 0.732481 1.490771 2.503912
v 0.728337 1.490770 2.460714
v 0.738994 1.495779 2.503912
v 0.734732 1.495778 2.459487
v 0.746578 1.498927 2.503912
v 0.742179 1.498927 2.458058
v 0.708497 1.476644 2.585737
v 0.702925 1.468488 2.595907
v 0.689228 1.476644 2.622939
v 0.678385 1.468488 2.636501
v 0.663233 1.476644 2.655839
v 0.645651 1.468488 2.670896
v 0.631452 1.476644 2.683248
v 0.606253 1.468488 2.697483
v 0.595033 1.476644 2.704176
v 0.562035 1.468488 2.715019
v 0.555294 1.476644 2.717865
v 0.515062 1.468488 2.722683
v 0.513670 1.476644 2.723822
v 0.471665 1.476644 2.721830
v 0.471218 1.484244 2.724925
v 0.429771 1.484244 2.714917
v 0.428136 1.490771 2.719618
v 0.388477 1.490771 2.701591
v 0.385220 1.495779 2.707205
v 0.348696 1.495779 2.681318
v 0.343730 1.498927 2.687023
v 0.311793 1.498927 2.653686
v 0.286772 1.498927 2.614936
v 0.269572 1.498927 2.572173
v 0.260814 1.498927 2.526943
v 0.260814 1.498927 2.480881
v 0.268364 1.495779 2.526226
v 0.268364 1.495778 2.481599
v 0.274847 1.490771 2.525610
v 0.274847 1.490770 2.482215
v 0.279822 1.484244 2.525137
v 0.279822 1.484244 2.482687
v 0.282949 1.476644 2.524840
v 0.282949 1.476644 2.482985
v 0.284309 1.468488 2.480224
v 0.290907 1.476644 2.441886
v 0.294542 1.468488 2.433956
v 0.306537 1.476644 2.403030
v 0.314528 1.468488 2.390958
v 0.329272 1.476644 2.367819
v 0.343334 1.468488 2.353243
v 0.358291 1.476644 2.337527
v 0.379613 1.468488 2.322572
v 0.392546 1.476644 2.313249
v 0.421668 1.468488 2.300380
v 0.430798 1.476644 2.295862
v 0.467532 1.468488 2.287706
v 0.471665 1.476644 2.285994
v 0.515062 1.468488 2.285141
v 0.513670 1.476644 2.284003
v 0.555294 1.476644 2.289959
v 0.556035 1.484244 2.286921
v 0.596338 1.484244 2.300805
v 0.598414 1.490770 2.296280
v 0.636173 1.490770 2.317977
v 0.639951 1.495778 2.312697
v 0.673837 1.495778 2.341922
v 0.679326 1.498927 2.336713
v 0.707934 1.498927 2.372920
v 0.729140 1.498927 2.413862
v 0.467532 1.468488 2.720118
v 0.430798 1.476644 2.711963
v 0.390975 1.484244 2.697283
v 0.352961 1.490771 2.676419
v 0.317755 1.495779 2.649020
v 0.421668 1.468488 2.707444
v 0.392546 1.476644 2.694576
v 0.356234 1.484244 2.672660
v 0.322874 1.490771 2.645013
v 0.293514 1.495779 2.611477
v 0.379613 1.468488 2.685252
v 0.358291 1.476644 2.670297
v 0.326802 1.484244 2.641938
v 0.299302 1.490771 2.608507
v 0.276849 1.495779 2.570046
v 0.343334 1.468488 2.654582
v 0.329272 1.476644 2.640005
v 0.303744 1.484244 2.606228
v 0.283098 1.490771 2.568220
v 0.314528 1.468488 2.616866
v 0.306537 1.476644 2.604795
v 0.287893 1.484244 2.566819
v 0.294542 1.468488 2.573869
v 0.290907 1.476644 2.565938
v 0.284309 1.468488 2.527600
v 0.562035 1.468488 2.292806
v 0.595033 1.476644 2.303649
v 0.633274 1.484244 2.322029
v 0.669123 1.490770 2.346395
v 0.701554 1.495778 2.377001
v 0.606253 1.468488 2.310341
v 0.631452 1.476644 2.324576
v 0.665506 1.484244 2.349828
v 0.696075 1.490770 2.380506
v 0.722099 1.495778 2.416667
v 0.645651 1.468488 2.336928
v 0.663233 1.476644 2.351985
v 0.691871 1.484244 2.383195
v 0.716053 1.490770 2.419077
v 0.678385 1.468488 2.371323
v 0.689228 1.476644 2.384885
v 0.711414 1.484244 2.420925
v 0.702925 1.468488 2.411918
v 0.708497 1.476644 2.422087
v 0.718124 1.468488 2.456814
v 0.644350 1.498927 2.306548
v 0.601120 1.495778 2.290384
v 0.557213 1.490770 2.282087
v 0.513819 1.484244 2.280879
v 0.604271 1.498927 2.283517
v 0.558748 1.495778 2.275787
v 0.514057 1.490770 2.275911
v 0.471218 1.484244 2.282899
v 0.560536 1.498927 2.268451
v 0.514367 1.495778 2.269436
v 0.470507 1.490770 2.277976
v 0.429771 1.484244 2.292907
v 0.514728 1.498927 2.261896
v 0.469580 1.495778 2.271560
v 0.428136 1.490770 2.288207
v 0.390975 1.484244 2.310541
v 0.468501 1.498927 2.264088
v 0.426006 1.495778 2.282081
v 0.388477 1.490770 2.306233
v 0.356234 1.484244 2.335164
v 0.423525 1.498927 2.274947
v 0.385220 1.495778 2.300620
v 0.352961 1.490770 2.331405
v 0.326802 1.484244 2.365886
v 0.381428 1.498927 2.294083
v 0.348696 1.495778 2.326506
v 0.322874 1.490770 2.362811
v 0.303744 1.484244 2.401597
v 0.343730 1.498927 2.320801
v 0.317755 1.495778 2.358804
v 0.299302 1.490770 2.399318
v 0.287893 1.484244 2.441005
v 0.311793 1.498927 2.354138
v 0.293514 1.495778 2.396347
v 0.283098 1.490770 2.439604
v 0.286772 1.498927 2.392888
v 0.276849 1.495778 2.437778
v 0.269572 1.498927 2.435651
v 0.381428 1.498927 2.713742
v 0.426006 1.495779 2.725744
v 0.470507 1.490771 2.729848
v 0.513819 1.484244 2.726945
v 0.423525 1.498927 2.732877
v 0.469580 1.495779 2.736265
v 0.514057 1.490771 2.731913
v 0.556035 1.484244 2.720904
v 0.468501 1.498927 2.743737
v 0.514367 1.495779 2.738388
v 0.557213 1.490771 2.725738
v 0.596338 1.484244 2.707020
v 0.514728 1.498927 2.745928
v 0.558748 1.495779 2.732037
v 0.598414 1.490771 2.711545
v 0.633274 1.484244 2.685795
v 0.560536 1.498927 2.739373
v 0.601120 1.495779 2.717441
v 0.636173 1.490771 2.689847
v 0.665506 1.484244 2.657997
v 0.604271 1.498927 2.724307
v 0.639951 1.495779 2.695127
v 0.669123 1.490771 2.661429
v 0.691871 1.484244 2.624629
v 0.644350 1.498927 2.701276
v 0.673837 1.495779 2.665903
v 0.696075 1.490771 2.627319
v 0.711414 1.484244 2.586899
v 0.679326 1.498927 2.671112
v 0.701554 1.495779 2.630823
v 0.716053 1.490771 2.588748
v 0.723429 1.484244 2.546169
v 0.707934 1.498927 2.634904
v 0.722099 1.495779 2.591157
v 0.728337 1.490771 2.547111
v 0.729140 1.498927 2.593962
v 0.734732 1.495779 2.548337
v 0.742179 1.498927 2.549766
v 0.718124 1.210085 2.551011
v 0.723270 1.210085 2.503912
v 0.718124 1.210084 2.456814
v 0.702925 1.210084 2.411918
v 0.678385 1.210084 2.371323
v 0.645651 1.210084 2.336928
v 0.606253 1.210084 2.310341
v 0.562035 1.210084 2.292806
v 0.515062 1.210084 2.285141
v 0.467532 1.210084 2.287706
v 0.421668 1.210084 2.300380
v 0.379613 1.210084 2.322572
v 0.343334 1.210084 2.353243
v 0.314528 1.210084 2.390958
v 0.294542 1.210084 2.433956
v 0.284309 1.210084 2.480224
v 0.284309 1.210085 2.527600
v 0.294542 1.210085 2.573869
v 0.314528 1.210085 2.616866
v 0.343334 1.210085 2.654582
v 0.379613 1.210085 2.685252
v 0.421668 1.210085 2.707444
v 0.467532 1.210085 2.720118
v 0.515062 1.210085 2.722683
v 0.562035 1.210085 2.715019
v 0.606253 1.210085 2.697483
v 0.645651 1.210085 2.670896
v 0.678385 1.210085 2.636501
v 0.702925 1.210085 2.595907
v 0.718124 1.468488 3.552576
v 0.720345 1.476644 3.547143
v 0.723270 1.468488 3.505477
v 0.724342 1.476644 3.505477
v 0.720345 1.476644 3.463812
v 0.727484 1.484244 3.505477
v 0.723429 1.484244 3.463220
v 0.732481 1.490771 3.505477
v 0.728337 1.490771 3.462279
v 0.738994 1.495779 3.505477
v 0.734732 1.495779 3.461052
v 0.746578 1.498927 3.505477
v 0.742179 1.498927 3.459623
v 0.754717 1.500000 3.505477
v 0.749567 1.500000 3.455074
v 0.708497 1.476644 3.587302
v 0.702925 1.468488 3.597472
v 0.689228 1.476644 3.624504
v 0.678385 1.468488 3.638066
v 0.663233 1.476644 3.657404
v 0.645651 1.468488 3.672461
v 0.631452 1.476644 3.684813
v 0.606253 1.468488 3.699048
v 0.595033 1.476644 3.705741
v 0.562035 1.468488 3.716584
v 0.555294 1.476644 3.719430
v 0.515062 1.468488 3.724248
v 0.513670 1.476644 3.725387
v 0.471665 1.476644 3.723395
v 0.471218 1.484244 3.726490
v 0.429771 1.484244 3.716482
v 0.428136 1.490771 3.721183
v 0.388477 1.490771 3.703156
v 0.385220 1.495779 3.708770
v 0.348696 1.495779 3.682883
v 0.343730 1.498927 3.688588
v 0.311793 1.498927 3.655251
v 0.312262 1.500000 3.668575
v 0.283183 1.500000 3.626992
v 0.286772 1.498927 3.616501
v 0.263110 1.500000 3.580435
v 0.269572 1.498927 3.573738
v 0.252863 1.500000 3.530809
v 0.260814 1.498927 3.528508
v 0.260814 1.498927 3.482446
v 0.268364 1.495779 3.527791
v 0.268364 1.495779 3.483164
v 0.274847 1.490771 3.527175
v 0.274847 1.490771 3.483780
v 0.279822 1.484244 3.526702
v 0.279822 1.484244 3.484252
v 0.282949 1.476644 3.526405
v 0.282949 1.476644 3.484550
v 0.284309 1.468488 3.481789
v 0.290907 1.476644 3.443451
v 0.294542 1.468488 3.435521
v 0.306537 1.476644 3.404595
v 0.314528 1.468488 3.392523
v 0.329272 1.476644 3.369384
v 0.343334 1.468488 3.354808
v 0.358291 1.476644 3.339092
v 0.379613 1.468488 3.324137
v 0.392546 1.476644 3.314814
v 0.421668 1.468488 3.301945
v 0.430798 1.476644 3.297427
v 0.467532 1.468488 3.289271
v 0.471665 1.476644 3.287559
v 0.515062 1.468488 3.286706
v 0.513670 1.476644 3.285568
v 0.555294 1.476644 3.291524
v 0.556035 1.484244 3.288486
v 0.596338 1.484244 3.302370
v 0.598414 1.490771 3.297845
v 0.636173 1.490771 3.319542
v 0.639951 1.495779 3.314262
v 0.673837 1.495779 3.343487
v 0.679326 1.498927 3.338278
v 0.707934 1.498927 3.374485
v 0.709626 1.500000 3.362437
v 0.734329 1.500000 3.406734
v 0.729140 1.498927 3.415427
v 0.467532 1.468488 3.721683
v 0.430798 1.476644 3.713528
v 0.390975 1.484244 3.698848
v 0.352961 1.490771 3.677984
v 0.317755 1.495779 3.650585
v 0.421668 1.468488 3.709009
v 0.392546 1.476644 3.696141
v 0.356234 1.484244 3.674225
v 0.322874 1.490771 3.646578
v 0.293514 1.495779 3.613042
v 0.379613 1.468488 3.686817
v 0.358291 1.476644 3.671862
v 0.326802 1.484244 3.643503
v 0.299302 1.490771 3.610072
v 0.276849 1.495779 3.571611
v 0.343334 1.468488 3.656147
v 0.329272 1.476644 3.641570
v 0.303744 1.484244 3.607793
v 0.283098 1.490771 3.569785
v 0.314528 1.468488 3.618431
v 0.306537 1.476644 3.606360
v 0.287893 1.484244 3.568384
v 0.294542 1.468488 3.575433
v 0.290907 1.476644 3.567503
v 0.284309 1.468488 3.529165
v 0.562035 1.468488 3.294371
v 0.595033 1.476644 3.305214
v 0.633274 1.484244 3.323594
v 0.669123 1.490771 3.347960
v 0.701554 1.495779 3.378566
v 0.606253 1.468488 3.311906
v 0.631452 1.476644 3.326141
v 0.665506 1.484244 3.351393
v 0.696075 1.490771 3.382071
v 0.722099 1.495779 3.418232
v 0.645651 1.468488 3.338493
v 0.663233 1.476644 3.353550
v 0.691871 1.484244 3.384760
v 0.716053 1.490771 3.420642
v 0.678385 1.468488 3.372888
v 0.689228 1.476644 3.386450
v 0.711414 1.484244 3.422490
v 0.702925 1.468488 3.413483
v 0.708497 1.476644 3.423652
v 0.718124 1.468488 3.458379
v 0.676470 1.500000 3.323996
v 0.644350 1.498927 3.308113
v 0.601120 1.495779 3.291949
v 0.557213 1.490771 3.283652
v 0.513819 1.484244 3.282444
v 0.636217 1.500000 3.292984
v 0.604271 1.498927 3.285082
v 0.558748 1.495779 3.277352
v 0.514057 1.490771 3.277476
v 0.471218 1.484244 3.284464
v 0.590517 1.500000 3.270672
v 0.560536 1.498927 3.270016
v 0.514367 1.495779 3.271001
v 0.470507 1.490771 3.279541
v 0.429771 1.484244 3.294472
v 0.541240 1.500000 3.257973
v 0.514728 1.498927 3.263461
v 0.469580 1.495779 3.273125
v 0.428136 1.490771 3.289772
v 0.390975 1.484244 3.312106
v 0.490403 1.500000 3.255407
v 0.468501 1.498927 3.265653
v 0.426006 1.495779 3.283646
v 0.388477 1.490771 3.307798
v 0.356234 1.484244 3.336729
v 0.440087 1.500000 3.263079
v 0.423525 1.498927 3.276512
v 0.385220 1.495779 3.302185
v 0.352961 1.490771 3.332970
v 0.326802 1.484244 3.367451
v 0.392354 1.500000 3.280675
v 0.381428 1.498927 3.295648
v 0.348696 1.495779 3.328071
v 0.322874 1.490771 3.364376
v 0.303744 1.484244 3.403162
v 0.349156 1.500000 3.307474
v 0.343730 1.498927 3.322366
v 0.317755 1.495779 3.360369
v 0.299302 1.490771 3.400883
v 0.287893 1.484244 3.442570
v 0.312262 1.500000 3.342379
v 0.311793 1.498927 3.355703
v 0.293514 1.495779 3.397912
v 0.283098 1.490771 3.441169
v 0.283183 1.500000 3.383962
v 0.286772 1.498927 3.394453
v 0.276849 1.495779 3.439343
v 0.263110 1.500000 3.430519
v 0.269572 1.498927 3.437216
v 0.252863 1.500000 3.480145
v 0.349156 1.500000 3.703480
v 0.381428 1.498927 3.715307
v 0.426006 1.495779 3.727309
v 0.470507 1.490771 3.731413
v 0.513819 1.484244 3.728510
v 0.392354 1.500000 3.730279
v 0.423525 1.498927 3.734442
v 0.469580 1.495779 3.737830
v 0.514057 1.490771 3.733478
v 0.556035 1.484244 3.722469
v 0.440087 1.500000 3.747875
v 0.468501 1.498927 3.745301
v 0.514367 1.495779 3.739953
v 0.557213 1.490771 3.727303
v 0.596338 1.484244 3.708585
v 0.490403 1.500000 3.755547
v 0.514728 1.498927 3.747493
v 0.558748 1.495779 3.733602
v 0.598414 1.490771 3.713109
v 0.633274 1.484244 3.687360
v 0.541240 1.500000 3.752981
v 0.560536 1.498927 3.740938
v 0.601120 1.495779 3.719006
v 0.636173 1.490771 3.691412
v 0.665506 1.484244 3.659562
v 0.590517 1.500000 3.740282
v 0.604271 1.498927 3.725872
v 0.639951 1.495779 3.696692
v 0.669123 1.490771 3.662994
v 0.691871 1.484244 3.626194
v 0.636217 1.500000 3.717970
v 0.644350 1.498927 3.702841
v 0.673837 1.495779 3.667468
v 0.696075 1.490771 3.628884
v 0.711414 1.484244 3.588464
v 0.676470 1.500000 3.686959
v 0.679326 1.498927 3.672677
v 0.701554 1.495779 3.632388
v 0.716053 1.490771 3.590313
v 0.723429 1.484244 3.547734
v 0.709626 1.500000 3.648518
v 0.707934 1.498927 3.636469
v 0.722099 1.495779 3.592722
v 0.728337 1.490771 3.548676
v 0.734329 1.500000 3.604220
v 0.729140 1.498927 3.595527
v 0.734732 1.495779 3.549902
v 0.749567 1.500000 3.555881
v 0.742179 1.498927 3.551331
v 0.765304 1.500000 3.557379
v 0.770440 1.500000 3.505477
v 0.765304 1.500000 3.453575
v 0.750094 1.500000 3.403668
v 0.725393 1.500000 3.357673
v 0.692151 1.500000 3.317358
v 0.651646 1.500000 3.284272
v 0.605434 1.500000 3.259688
v 0.555291 1.500000 3.244548
v 0.503145 1.500000 3.239436
v 0.450998 1.500000 3.244548
v 0.400855 1.500000 3.259688
v 0.354643 1.500000 3.284272
v 0.314138 1.500000 3.317358
v 0.280897 1.500000 3.357673
v 0.256196 1.500000 3.403668
v 0.240985 1.500000 3.453575
v 0.235849 1.500000 3.505477
v 0.240985 1.500000 3.557379
v 0.256196 1.500000 3.607286
v 0.280897 1.500000 3.653281
v 0.314138 1.500000 3.693596
v 0.354643 1.500000 3.726682
v 0.400855 1.500000 3.751267
v 0.450998 1.500000 3.766406
v 0.503145 1.500000 3.771518
v 0.555291 1.500000 3.766406
v 0.605434 1.500000 3.751267
v 0.651646 1.500000 3.726682
v 0.692151 1.500000 3.693596
v 0.725393 1.500000 3.653281
v 0.750094 1.500000 3.607286
v 0.718124 1.210085 3.552576
v 0.723270 1.210085 3.505477
v 0.718124 1.210085 3.458379
v 0.702925 1.210085 3.413483
v 0.678385 1.210085 3.372888
v 0.645651 1.210085 3.338493
v 0.606253 1.210085 3.311906
v 0.562035 1.210085 3.294371
v 0.515062 1.210085 3.286706
v 0.467532 1.210085 3.289271
v 0.421668 1.210085 3.301945
v 0.379613 1.210085 3.324137
v 0.343334 1.210085 3.354808
v 0.314528 1.210085 3.392523
v 0.294542 1.210085 3.435521
v 0.284309 1.210085 3.481789
v 0.284309 1.210085 3.529165
v 0.294542 1.210085 3.575433
v 0.314528 1.210085 3.618431
v 0.343334 1.210085 3.656147
v 0.379613 1.210085 3.686817
v 0.421668 1.210085 3.709009
v 0.467532 1.210085 3.721683
v 0.515062 1.210085 3.724248
v 0.562035 1.210085 3.716584
v 0.606253 1.210085 3.699048
v 0.645651 1.210085 3.672461
v 0.678385 1.210085 3.638066
v 0.702925 1.210085 3.597472
v -0.288165 1.468488 3.552576
v -0.285945 1.476644 3.547143
v -0.283019 1.468488 3.505477
v -0.281947 1.476644 3.505477
v -0.285945 1.476644 3.463812
v -0.278806 1.484244 3.505477
v -0.282860 1.484244 3.463220
v -0.273808 1.490771 3.505477
v -0.277953 1.490771 3.462279
v -0.267296 1.495779 3.505477
v -0.271558 1.495779 3.461052
v -0.259711 1.498927 3.505477
v -0.264110 1.498927 3.459623
v -0.251572 1.500000 3.505477
v -0.256722 1.500000 3.455074
v -0.297792 1.476644 3.587302
v -0.303364 1.468488 3.597472
v -0.317062 1.476644 3.624504
v -0.327904 1.468488 3.638066
v -0.343057 1.476644 3.657404
v -0.360638 1.468488 3.672461
v -0.374838 1.476644 3.684813
v -0.400036 1.468488 3.699048
v -0.411256 1.476644 3.705741
v -0.444255 1.468488 3.716584
v -0.450995 1.476644 3.719430
v -0.491227 1.468488 3.724248
v -0.492620 1.476644 3.725387
v -0.534624 1.476644 3.723395
v -0.535071 1.484244 3.726490
v -0.576519 1.484244 3.716482
v -0.578153 1.490771 3.721183
v -0.617813 1.490771 3.703156
v -0.621069 1.495779 3.708770
v -0.657593 1.495779 3.682883
v -0.662560 1.498927 3.688588
v -0.694496 1.498927 3.655251
v -0.694027 1.500000 3.668575
v -0.723106 1.500000 3.626992
v -0.719517 1.498927 3.616501
v -0.743180 1.500000 3.580435
v -0.736717 1.498927 3.573738
v -0.753426 1.500000 3.530809
v -0.745476 1.498927 3.528508
v -0.745476 1.498927 3.482446
v -0.737926 1.495779 3.527791
v -0.737926 1.495779 3.483164
v -0.731443 1.490771 3.527175
v -0.731443 1.490771 3.483780
v -0.726468 1.484244 3.526702
v -0.726468 1.484244 3.484252
v -0.723340 1.476644 3.526405
v -0.723340 1.476644 3.484550
v -0.721980 1.468488 3.481789
v -0.715382 1.476644 3.443451
v -0.711748 1.468488 3.435521
v -0.699753 1.476644 3.404595
v -0.691761 1.468488 3.392523
v -0.677018 1.476644 3.369384
v -0.662955 1.468488 3.354808
v -0.647998 1.476644 3.339092
v -0.626676 1.468488 3.324137
v -0.613743 1.476644 3.314814
v -0.584622 1.468488 3.301945
v -0.575491 1.476644 3.297427
v -0.538757 1.468488 3.289271
v -0.534624 1.476644 3.287559
v -0.491227 1.468488 3.286706
v -0.492620 1.476644 3.285568
v -0.450995 1.476644 3.291524
v -0.450255 1.484244 3.288486
v -0.409951 1.484244 3.302370
v -0.407875 1.490771 3.297845
v -0.370117 1.490771 3.319542
v -0.366339 1.495779 3.314262
v -0.332453 1.495779 3.343487
v -0.326964 1.498927 3.338278
v -0.298355 1.498927 3.374485
v -0.296663 1.500000 3.362437
v -0.271960 1.500000 3.406734
v -0.277149 1.498927 3.415427
v -0.538757 1.468488 3.721683
v -0.575491 1.476644 3.713528
v -0.615314 1.484244 3.698848
v -0.653328 1.490771 3.677984
v -0.688535 1.495779 3.650585
v -0.584622 1.468488 3.709009
v -0.613743 1.476644 3.696141
v -0.650055 1.484244 3.674225
v -0.683415 1.490771 3.646578
v -0.712776 1.495779 3.613042
v -0.626676 1.468488 3.686817
v -0.647998 1.476644 3.671862
v -0.679487 1.484244 3.643503
v -0.706987 1.490771 3.610072
v -0.729440 1.495779 3.571611
v -0.662955 1.468488 3.656147
v -0.677018 1.476644 3.641570
v -0.702545 1.484244 3.607793
v -0.723191 1.490771 3.569785
v -0.691761 1.468488 3.618431
v -0.699753 1.476644 3.606360
v -0.718396 1.484244 3.568384
v -0.711748 1.468488 3.575433
v -0.715382 1.476644 3.567503
v -0.721980 1.468488 3.529165
v -0.444255 1.468488 3.294371
v -0.411256 1.476644 3.305214
v -0.373015 1.484244 3.323594
v -0.337166 1.490771 3.347960
v -0.304736 1.495779 3.378566
v -0.400036 1.468488 3.311906
v -0.374838 1.476644 3.326141
v -0.340783 1.484244 3.351393
v -0.310215 1.490771 3.382071
v -0.284190 1.495779 3.418232
v -0.360638 1.468488 3.338493
v -0.343057 1.476644 3.353550
v -0.314419 1.484244 3.384760
v -0.290236 1.490771 3.420642
v -0.327904 1.468488 3.372888
v -0.317062 1.476644 3.386450
v -0.294876 1.484244 3.422490
v -0.303364 1.468488 3.413483
v -0.297792 1.476644 3.423652
v -0.288165 1.468488 3.458379
v -0.329820 1.500000 3.323996
v -0.361939 1.498927 3.308113
v -0.405169 1.495779 3.291949
v -0.449077 1.490771 3.283652
v -0.492470 1.484244 3.282444
v -0.370072 1.500000 3.292984
v -0.402019 1.498927 3.285082
v -0.447541 1.495779 3.277352
v -0.492232 1.490771 3.277476
v -0.535071 1.484244 3.284464
v -0.415772 1.500000 3.270672
v -0.445753 1.498927 3.270016
v -0.491923 1.495779 3.271001
v -0.535783 1.490771 3.279541
v -0.576519 1.484244 3.294472
v -0.465050 1.500000 3.257973
v -0.491562 1.498927 3.263461
v -0.536710 1.495779 3.273125
v -0.578153 1.490771 3.289772
v -0.615314 1.484244 3.312106
v -0.515887 1.500000 3.255407
v -0.537789 1.498927 3.265653
v -0.580283 1.495779 3.283646
v -0.617813 1.490771 3.307798
v -0.650055 1.484244 3.336729
v -0.566202 1.500000 3.263079
v -0.582764 1.498927 3.276512
v -0.621069 1.495779 3.302185
v -0.653328 1.490771 3.332970
v -0.679487 1.484244 3.367451
v -0.613936 1.500000 3.280675
v -0.624861 1.498927 3.295648
v -0.657593 1.495779 3.328071
v -0.683415 1.490771 3.364376
v -0.702545 1.484244 3.403162
v -0.657134 1.500000 3.307474
v -0.662560 1.498927 3.322366
v -0.688535 1.495779 3.360369
v -0.706987 1.490771 3.400883
v -0.718396 1.484244 3.442570
v -0.694027 1.500000 3.342379
v -0.694496 1.498927 3.355703
v -0.712776 1.495779 3.397912
v -0.723191 1.490771 3.441169
v -0.723106 1.500000 3.383962
v -0.719517 1.498927 3.394453
v -0.729440 1.495779 3.439343
v -0.743180 1.500000 3.430519
v -0.736717 1.498927 3.437216
v -0.753426 1.500000 3.480145
v -0.657134 1.500000 3.703480
v -0.624861 1.498927 3.715307
v -0.580283 1.495779 3.727309
v -0.535783 1.490771 3.731413
v -0.492470 1.484244 3.728510
v -0.613936 1.500000 3.730279
v -0.582764 1.498927 3.734442
v -0.536710 1.495779 3.737830
v -0.492232 1.490771 3.733478
v -0.450255 1.484244 3.722469
v -0.566202 1.500000 3.747875
v -0.537789 1.498927 3.745301
v -0.491923 1.495779 3.739953
v -0.449077 1.490771 3.727303
v -0.409951 1.484244 3.708585
v -0.515887 1.500000 3.755547
v -0.491562 1.498927 3.747493
v -0.447541 1.495779 3.733602
v -0.407875 1.490771 3.713109
v -0.373015 1.484244 3.687360
v -0.465050 1.500000 3.752981
v -0.445753 1.498927 3.740938
v -0.405169 1.495779 3.719006
v -0.370117 1.490771 3.691412
v -0.340783 1.484244 3.659562
v -0.415772 1.500000 3.740282
v -0.402019 1.498927 3.725872
v -0.366339 1.495779 3.696692
v -0.337166 1.490771 3.662994
v -0.314419 1.484244 3.626194
v -0.370072 1.500000 3.717970
v -0.361939 1.498927 3.702841
v -0.332453 1.495779 3.667468
v -0.310215 1.490771 3.628884
v -0.294876 1.484244 3.588464
v -0.329820 1.500000 3.686959
v -0.326964 1.498927 3.672677
v -0.304736 1.495779 3.632388
v -0.290236 1.490771 3.590313
v -0.282860 1.484244 3.547734
v -0.296663 1.500000 3.648518
v -0.298355 1.498927 3.636469
v -0.284190 1.495779 3.592722
v -0.277953 1.490771 3.548676
v -0.271960 1.500000 3.604220
v -0.277149 1.498927 3.595527
v -0.271558 1.495779 3.549902
v -0.256722 1.500000 3.555881
v -0.264110 1.498927 3.551331
v -0.240985 1.500000 3.557379
v -0.235849 1.500000 3.505477
v -0.240985 1.500000 3.453575
v -0.256196 1.500000 3.403668
v -0.280897 1.500000 3.357673
v -0.314138 1.500000 3.317358
v -0.354643 1.500000 3.284272
v -0.400855 1.500000 3.259688
v -0.450998 1.500000 3.244548
v -0.503145 1.500000 3.239436
v -0.555291 1.500000 3.244548
v -0.605434 1.500000 3.259688
v -0.651646 1.500000 3.284272
v -0.692151 1.500000 3.317358
v -0.725393 1.500000 3.357673
v -0.750094 1.500000 3.403668
v -0.765304 1.500000 3.453575
v -0.770440 1.500000 3.505477
v -0.765304 1.500000 3.557379
v -0.750094 1.500000 3.607286
v -0.725393 1.500000 3.653281
v -0.692151 1.500000 3.693596
v -0.651646 1.500000 3.726682
v -0.605434 1.500000 3.751267
v -0.555291 1.500000 3.766406
v -0.503145 1.500000 3.771518
v -0.450998 1.500000 3.766406
v -0.400855 1.500000 3.751267
v -0.354643 1.500000 3.726682
v -0.314138 1.500000 3.693596
v -0.280897 1.500000 3.653281
v -0.256196 1.500000 3.607286
v -0.288165 1.210085 3.552576
v -0.283019 1.210085 3.505477
v -0.288165 1.210085 3.458379
v -0.303364 1.210085 3.413483
v -0.327904 1.210085 3.372888
v -0.360638 1.210085 3.338493
v -0.400036 1.210085 3.311906
v -0.444255 1.210085 3.294371
v -0.491227 1.210085 3.286706
v -0.538757 1.210085 3.289271
v -0.584622 1.210085 3.301945
v -0.626676 1.210085 3.324137
v -0.662955 1.210085 3.354808
v -0.691761 1.210085 3.392523
v -0.711748 1.210085 3.435521
v -0.721980 1.210085 3.481789
v -0.721980 1.210085 3.529165
v -0.711748 1.210085 3.575433
v -0.691761 1.210085 3.618431
v -0.662955 1.210085 3.656147
v -0.626676 1.210085 3.686817
v -0.584622 1.210085 3.709009
v -0.538757 1.210085 3.721683
v -0.491227 1.210085 3.724248
v -0.444255 1.210085 3.716584
v -0.400036 1.210085 3.699048
v -0.360638 1.210085 3.672461
v -0.327904 1.210085 3.638066
v -0.303364 1.210085 3.597472
v -0.209489 1.468488 3.450841
v -0.210542 1.476644 3.451037
v -0.204403 1.468488 3.505477
v -0.205474 1.476644 3.505477
v -0.209489 1.468488 3.560113
v -0.210542 1.476644 3.559917
v -0.224576 1.468488 3.612889
v -0.225575 1.476644 3.612503
v -0.249149 1.468488 3.662006
v -0.250060 1.476644 3.661445
v -0.282372 1.468488 3.705794
v -0.283163 1.476644 3.705075
v -0.323112 1.468488 3.742759
v -0.323758 1.476644 3.741908
v -0.369984 1.468488 3.771645
v -0.370461 1.476644 3.770690
v -0.421390 1.468488 3.791466
v -0.421683 1.476644 3.790440
v -0.475580 1.468488 3.801548
v -0.475679 1.476644 3.800486
v -0.530709 1.468488 3.801548
v -0.530610 1.476644 3.800486
v -0.584899 1.468488 3.791466
v -0.584606 1.476644 3.790440
v -0.636306 1.468488 3.771645
v -0.635828 1.476644 3.770690
v -0.683177 1.468488 3.742759
v -0.682531 1.476644 3.741908
v -0.723918 1.468488 3.705794
v -0.723126 1.476644 3.705075
v -0.757140 1.468488 3.662006
v -0.756229 1.476644 3.661445
v -0.781713 1.468488 3.612889
v -0.780714 1.476644 3.612503
v -0.796800 1.468488 3.560113
v -0.795747 1.476644 3.559917
v -0.801887 1.468488 3.505477
v -0.800815 1.476644 3.505477
v -0.796800 1.468488 3.450841
v -0.795747 1.476644 3.451037
v -0.781713 1.468488 3.398066
v -0.780714 1.476644 3.398451
v -0.757140 1.468488 3.348948
v -0.756229 1.476644 3.349509
v -0.723918 1.468488 3.305161
v -0.723126 1.476644 3.305879
v -0.683177 1.468488 3.268195
v -0.682531 1.476644 3.269046
v -0.636306 1.468488 3.239310
v -0.635828 1.476644 3.240264
v -0.584899 1.468488 3.219488
v -0.584606 1.476644 3.220514
v -0.530709 1.468488 3.209406
v -0.530610 1.476644 3.210468
v -0.475580 1.468488 3.209406
v -0.475679 1.476644 3.210468
v -0.421390 1.468488 3.219488
v -0.421683 1.476644 3.220514
v -0.369984 1.468488 3.239310
v -0.370461 1.476644 3.240264
v -0.323112 1.468488 3.268195
v -0.323758 1.476644 3.269046
v -0.282372 1.468488 3.305161
v -0.283163 1.476644 3.305879
v -0.249149 1.468488 3.348948
v -0.250060 1.476644 3.349509
v -0.224576 1.468488 3.398066
v -0.225575 1.476644 3.398451
v -0.232400 1.498927 3.555851
v -0.227710 1.498927 3.505477
v -0.232400 1.498927 3.455104
v -0.220126 1.495779 3.505477
v -0.224945 1.495779 3.453717
v -0.213613 1.490771 3.505477
v -0.218543 1.490771 3.452526
v -0.208616 1.484244 3.505477
v -0.213630 1.484244 3.451612
v -0.246310 1.498927 3.604508
v -0.268965 1.498927 3.649794
v -0.299596 1.498927 3.690165
v -0.337158 1.498927 3.724247
v -0.380373 1.498927 3.750879
v -0.427768 1.498927 3.769153
v -0.477731 1.498927 3.778449
v -0.528559 1.498927 3.778449
v -0.578521 1.498927 3.769153
v -0.625916 1.498927 3.750879
v -0.669131 1.498927 3.724247
v -0.706693 1.498927 3.690165
v -0.737324 1.498927 3.649794
v -0.759980 1.498927 3.604508
v -0.773889 1.498927 3.555851
v -0.778579 1.498927 3.505477
v -0.773889 1.498927 3.455104
v -0.781345 1.495779 3.453717
v -0.767052 1.495779 3.403719
v -0.773125 1.490771 3.401377
v -0.749309 1.490771 3.353774
v -0.753558 1.484244 3.351156
v -0.720804 1.484244 3.307986
v -0.759980 1.498927 3.406446
v -0.743772 1.495779 3.357186
v -0.717111 1.490771 3.311337
v -0.680638 1.484244 3.271541
v -0.737324 1.498927 3.361160
v -0.712298 1.495779 3.315704
v -0.677626 1.490771 3.275511
v -0.634428 1.484244 3.243063
v -0.706693 1.498927 3.320789
v -0.673702 1.495779 3.280684
v -0.632200 1.490771 3.247516
v -0.583746 1.484244 3.223521
v -0.669131 1.498927 3.286708
v -0.629297 1.495779 3.253318
v -0.582379 1.490771 3.228306
v -0.530320 1.484244 3.213581
v -0.625916 1.498927 3.260076
v -0.580596 1.495779 3.234540
v -0.529859 1.490771 3.218534
v -0.475969 1.484244 3.213581
v -0.578521 1.498927 3.241801
v -0.529258 1.495779 3.224989
v -0.476430 1.490771 3.218534
v -0.422543 1.484244 3.223521
v -0.528559 1.498927 3.232505
v -0.477031 1.495779 3.224989
v -0.423911 1.490771 3.228306
v -0.371862 1.484244 3.243063
v -0.477731 1.498927 3.232505
v -0.425693 1.495779 3.234540
v -0.374089 1.490771 3.247516
v -0.325651 1.484244 3.271541
v -0.427768 1.498927 3.241801
v -0.376992 1.495779 3.253318
v -0.328663 1.490771 3.275511
v -0.285485 1.484244 3.307986
v -0.380373 1.498927 3.260076
v -0.332588 1.495779 3.280684
v -0.289178 1.490771 3.311337
v -0.252731 1.484244 3.351156
v -0.337158 1.498927 3.286708
v -0.293991 1.495779 3.315704
v -0.256980 1.490771 3.353774
v -0.228504 1.484244 3.399580
v -0.299596 1.498927 3.320789
v -0.262517 1.495779 3.357186
v -0.233164 1.490771 3.401377
v -0.268965 1.498927 3.361160
v -0.239237 1.495779 3.403719
v -0.246310 1.498927 3.406446
v -0.797674 1.484244 3.505477
v -0.792659 1.484244 3.451612
v -0.777785 1.484244 3.399580
v -0.792676 1.490771 3.505477
v -0.787747 1.490771 3.452526
v -0.792659 1.484244 3.559343
v -0.777785 1.484244 3.611374
v -0.753558 1.484244 3.659799
v -0.720804 1.484244 3.702969
v -0.680638 1.484244 3.739413
v -0.634428 1.484244 3.767891
v -0.583746 1.484244 3.787433
v -0.530320 1.484244 3.797373
v -0.475969 1.484244 3.797373
v -0.422543 1.484244 3.787433
v -0.371862 1.484244 3.767891
v -0.325651 1.484244 3.739413
v -0.285485 1.484244 3.702969
v -0.252731 1.484244 3.659799
v -0.228504 1.484244 3.611374
v -0.213630 1.484244 3.559343
v -0.786164 1.495779 3.505477
v -0.787747 1.490771 3.558429
v -0.773125 1.490771 3.609577
v -0.749309 1.490771 3.657180
v -0.717111 1.490771 3.699618
v -0.677626 1.490771 3.735444
v -0.632200 1.490771 3.763439
v -0.582379 1.490771 3.782649
v -0.529859 1.490771 3.792420
v -0.476430 1.490771 3.792420
v -0.423911 1.490771 3.782649
v -0.374089 1.490771 3.763439
v -0.328663 1.490771 3.735444
v -0.289178 1.490771 3.699618
v -0.256980 1.490771 3.657180
v -0.233164 1.490771 3.609577
v -0.218543 1.490771 3.558429
v -0.781345 1.495779 3.557238
v -0.767052 1.495779 3.607235
v -0.743772 1.495779 3.653768
v -0.712298 1.495779 3.695251
v -0.673702 1.495779 3.730271
v -0.629297 1.495779 3.757636
v -0.580596 1.495779 3.776414
v -0.529258 1.495779 3.785966
v -0.477031 1.495779 3.785966
v -0.425693 1.495779 3.776414
v -0.376992 1.495779 3.757636
v -0.332588 1.495779 3.730271
v -0.293991 1.495779 3.695251
v -0.262517 1.495779 3.653768
v -0.239237 1.495779 3.607235
v -0.224945 1.495779 3.557238
v -0.209489 1.210085 3.450841
v -0.204403 1.210085 3.505477
v -0.209489 1.210085 3.560113
v -0.224576 1.210085 3.612889
v -0.249149 1.210085 3.662006
v -0.282372 1.210085 3.705794
v -0.323112 1.210085 3.742759
v -0.369984 1.210085 3.771645
v -0.421390 1.210085 3.791466
v -0.475580 1.210085 3.801548
v -0.530709 1.210085 3.801548
v -0.584899 1.210085 3.791466
v -0.636306 1.210085 3.771645
v -0.683177 1.210085 3.742759
v -0.723918 1.210085 3.705794
v -0.757140 1.210085 3.662006
v -0.781713 1.210085 3.612889
v -0.796800 1.210085 3.560113
v -0.801887 1.210085 3.505477
v -0.796800 1.210085 3.450841
v -0.781713 1.210085 3.398066
v -0.757140 1.210085 3.348948
v -0.723918 1.210085 3.305161
v -0.683177 1.210085 3.268195
v -0.636306 1.210085 3.239310
v -0.584899 1.210085 3.219488
v -0.530709 1.210085 3.209406
v -0.475580 1.210085 3.209406
v -0.421390 1.210085 3.219488
v -0.369984 1.210085 3.239310
v -0.323112 1.210085 3.268195
v -0.282372 1.210085 3.305161
v -0.249149 1.210085 3.348948
v -0.224576 1.210085 3.398066
v 0.796800 1.468488 3.450841
v 0.795747 1.476644 3.451037
v 0.801887 1.468488 3.505477
v 0.800815 1.476644 3.505477
v 0.796800 1.468488 3.560113
v 0.795747 1.476644 3.559917
v 0.781713 1.468488 3.612889
v 0.780714 1.476644 3.612503
v 0.757140 1.468488 3.662006
v 0.756229 1.476644 3.661445
v 0.723918 1.468488 3.705794
v 0.723126 1.476644 3.705075
v 0.683177 1.468488 3.742759
v 0.682531 1.476644 3.741908
v 0.636306 1.468488 3.771645
v 0.635828 1.476644 3.770690
v 0.584899 1.468488 3.791466
v 0.584606 1.476644 3.790440
v 0.530709 1.468488 3.801548
v 0.530610 1.476644 3.800486
v 0.475580 1.468488 3.801548
v 0.475679 1.476644 3.800486
v 0.421390 1.468488 3.791466
v 0.421683 1.476644 3.790440
v 0.369984 1.468488 3.771645
v 0.370461 1.476644 3.770690
v 0.323112 1.468488 3.742759
v 0.323758 1.476644 3.741908
v 0.282372 1.468488 3.705794
v 0.283163 1.476644 3.705075
v 0.249149 1.468488 3.662006
v 0.250060 1.476644 3.661445
v 0.224576 1.468488 3.612889
v 0.225575 1.476644 3.612503
v 0.209489 1.468488 3.560113
v 0.210542 1.476644 3.559917
v 0.204403 1.468488 3.505477
v 0.205474 1.476644 3.505477
v 0.209489 1.468488 3.450841
v 0.210542 1.476644 3.451037
v 0.224576 1.468488 3.398066
v 0.225575 1.476644 3.398451
v 0.249149 1.468488 3.348948
v 0.250060 1.476644 3.349509
v 0.282372 1.468488 3.305161
v 0.283163 1.476644 3.305879
v 0.323112 1.468488 3.268195
v 0.323758 1.476644 3.269046
v 0.369984 1.468488 3.239310
v 0.370461 1.476644 3.240264
v 0.421390 1.468488 3.219488
v 0.421683 1.476644 3.220514
v 0.475580 1.468488 3.209406
v 0.475679 1.476644 3.210468
v 0.530709 1.468488 3.209406
v 0.530610 1.476644 3.210468
v 0.584899 1.468488 3.219488
v 0.584606 1.476644 3.220514
v 0.636306 1.468488 3.239310
v 0.635828 1.476644 3.240264
v 0.683177 1.468488 3.268195
v 0.682531 1.476644 3.269046
v 0.723918 1.468488 3.305161
v 0.723126 1.476644 3.305879
v 0.757140 1.468488 3.348948
v 0.756229 1.476644 3.349509
v 0.781713 1.468488 3.398066
v 0.780714 1.476644 3.398451
v 0.773889 1.498927 3.555851
v 0.778579 1.498927 3.505477
v 0.773889 1.498927 3.455104
v 0.786164 1.495779 3.505477
v 0.781345 1.495779 3.453717
v 0.792676 1.490771 3.505477
v 0.787747 1.490771 3.452526
v 0.797674 1.484244 3.505477
v 0.792659 1.484244 3.451612
v 0.759980 1.498927 3.604508
v 0.737324 1.498927 3.649794
v 0.706693 1.498927 3.690165
v 0.669131 1.498927 3.724247
v 0.625916 1.498927 3.750879
v 0.578521 1.498927 3.769153
v 0.528559 1.498927 3.778449
v 0.477731 1.498927 3.778449
v 0.427768 1.498927 3.769153
v 0.380373 1.498927 3.750879
v 0.337158 1.498927 3.724247
v 0.299596 1.498927 3.690165
v 0.268965 1.498927 3.649794
v 0.246310 1.498927 3.604508
v 0.232400 1.498927 3.555851
v 0.227710 1.498927 3.505477
v 0.232400 1.498927 3.455104
v 0.224945 1.495779 3.453717
v 0.239237 1.495779 3.403719
v 0.233164 1.490771 3.401377
v 0.256980 1.490771 3.353774
v 0.252731 1.484244 3.351156
v 0.285485 1.484244 3.307986
v 0.246310 1.498927 3.406446
v 0.262517 1.495779 3.357186
v 0.289178 1.490771 3.311337
v 0.325651 1.484244 3.271541
v 0.268965 1.498927 3.361160
v 0.293991 1.495779 3.315704
v 0.328663 1.490771 3.275511
v 0.371862 1.484244 3.243063
v 0.299596 1.498927 3.320789
v 0.332588 1.495779 3.280684
v 0.374089 1.490771 3.247516
v 0.422543 1.484244 3.223521
v 0.337158 1.498927 3.286708
v 0.376992 1.495779 3.253318
v 0.423911 1.490771 3.228306
v 0.475969 1.484244 3.213581
v 0.380373 1.498927 3.260076
v 0.425693 1.495779 3.234540
v 0.476430 1.490771 3.218534
v 0.530320 1.484244 3.213581
v 0.427768 1.498927 3.241801
v 0.477031 1.495779 3.224989
v 0.529859 1.490771 3.218534
v 0.583746 1.484244 3.223521
v 0.477731 1.498927 3.232505
v 0.529258 1.495779 3.224989
v 0.582379 1.490771 3.228306
v 0.634428 1.484244 3.243063
v 0.528559 1.498927 3.232505
v 0.580596 1.495779 3.234540
v 0.632200 1.490771 3.247516
v 0.680638 1.484244 3.271541
v 0.578521 1.498927 3.241801
v 0.629297 1.495779 3.253318
v 0.677626 1.490771 3.275511
v 0.720804 1.484244 3.307986
v 0.625916 1.498927 3.260076
v 0.673702 1.495779 3.280684
v 0.717111 1.490771 3.311337
v 0.753558 1.484244 3.351156
v 0.669131 1.498927 3.286708
v 0.712298 1.495779 3.315704
v 0.749309 1.490771 3.353774
v 0.777785 1.484244 3.399580
v 0.706693 1.498927 3.320789
v 0.743772 1.495779 3.357186
v 0.773125 1.490771 3.401377
v 0.737324 1.498927 3.361160
v 0.767052 1.495779 3.403719
v 0.759980 1.498927 3.406446
v 0.208616 1.484244 3.505477
v 0.213630 1.484244 3.451612
v 0.228504 1.484244 3.399580
v 0.213613 1.490771 3.505477
v 0.218543 1.490771 3.452526
v 0.213630 1.484244 3.559343
v 0.228504 1.484244 3.611374
v 0.252731 1.484244 3.659799
v 0.285485 1.484244 3.702969
v 0.325651 1.484244 3.739413
v 0.371862 1.484244 3.767891
v 0.422543 1.484244 3.787433
v 0.475969 1.484244 3.797373
v 0.530320 1.484244 3.797373
v 0.583746 1.484244 3.787433
v 0.634428 1.484244 3.767891
v 0.680638 1.484244 3.739413
v 0.720804 1.484244 3.702969
v 0.753558 1.484244 3.659799
v 0.777785 1.484244 3.611374
v 0.792659 1.484244 3.559343
v 0.220126 1.495779 3.505477
v 0.218543 1.490771 3.558429
v 0.233164 1.490771 3.609577
v 0.256980 1.490771 3.657180
v 0.289178 1.490771 3.699618
v 0.328663 1.490771 3.735444
v 0.374089 1.490771 3.763439
v 0.423911 1.490771 3.782649
v 0.476430 1.490771 3.792420
v 0.529859 1.490771 3.792420
v 0.582379 1.490771 3.782649
v 0.632200 1.490771 3.763439
v 0.677626 1.490771 3.735444
v 0.717111 1.490771 3.699618
v 0.749309 1.490771 3.657180
v 0.773125 1.490771 3.609577
v 0.787747 1.490771 3.558429
v 0.224945 1.495779 3.557238
v 0.239237 1.495779 3.607235
v 0.262517 1.495779 3.653768
v 0.293991 1.495779 3.695251
v 0.332588 1.495779 3.730271
v 0.376992 1.495779 3.757636
v 0.425693 1.495779 3.776414
v 0.477031 1.495779 3.785966
v 0.529258 1.495779 3.785966
v 0.580596 1.495779 3.776414
v 0.629297 1.495779 3.757636
v 0.673702 1.495779 3.730271
v 0.712298 1.495779 3.695251
v 0.743772 1.495779 3.653768
v 0.767052 1.495779 3.607235
v 0.781345 1.495779 3.557238
v 0.796800 1.210085 3.450841
v 0.801887 1.210085 3.505477
v 0.796800 1.210085 3.560113
v 0.781713 1.210085 3.612889
v 0.757140 1.210085 3.662006
v 0.723918 1.210085 3.705794
v 0.683177 1.210085 3.742759
v 0.636306 1.210085 3.771645
v 0.584899 1.210085 3.791466
v 0.530709 1.210085 3.801548
v 0.475580 1.210085 3.801548
v 0.421390 1.210085 3.791466
v 0.369984 1.210085 3.771645
v 0.323112 1.210085 3.742759
v 0.282372 1.210085 3.705794
v 0.249149 1.210085 3.662006
v 0.224576 1.210085 3.612889
v 0.209489 1.210085 3.560113
v 0.204403 1.210085 3.505477
v 0.209489 1.210085 3.450841
v 0.224576 1.210085 3.398066
v 0.249149 1.210085 3.348948
v 0.282372 1.210085 3.305161
v 0.323112 1.210085 3.268195
v 0.369984 1.210085 3.239310
v 0.421390 1.210085 3.219488
v 0.475580 1.210085 3.209406
v 0.530709 1.210085 3.209406
v 0.584899 1.210085 3.219488
v 0.636306 1.210085 3.239310
v 0.683177 1.210085 3.268195
v 0.723918 1.210085 3.305161
v 0.757140 1.210085 3.348948
v 0.781713 1.210085 3.398066
v -0.999572 1.210084 -3.990721
v -0.999572 1.138902 -3.990721
v -1.000000 1.210084 -3.987481
v -0.999572 1.067721 -3.990721
v -0.999572 0.996539 -3.990721
v -0.998315 0.996539 -3.993740
v -0.998315 0.925358 -3.993740
v -0.996316 0.925358 -3.996333
v -0.996316 0.854177 -3.996333
v -0.993711 0.854177 -3.998323
v -0.993711 0.782995 -3.998323
v -0.990677 0.782995 -3.999573
v -0.990677 0.711814 -3.999573
v -0.987421 1.210084 -4.000000
v -0.990677 0.640632 -3.999573
v -0.987421 -0.000000 -4.000000
v -0.990677 0.569451 -3.999573
v -0.990677 0.498269 -3.999573
v -0.993711 0.569451 -3.998323
v -0.993711 0.498269 -3.998323
v -0.996316 0.569451 -3.996333
v -0.996316 0.498269 -3.996333
v -0.998315 0.569451 -3.993740
v -0.998315 0.498269 -3.993740
v -0.999572 0.569451 -3.990721
v -0.999572 0.498269 -3.990721
v -1.000000 -0.000000 -3.987481
v -0.999572 0.427088 -3.990721
v -0.999572 0.355907 -3.990721
v -0.998315 0.355907 -3.993740
v -0.998315 0.284725 -3.993740
v -0.996316 0.284725 -3.996333
v -0.996316 0.213544 -3.996333
v -0.993711 0.213544 -3.998323
v -0.993711 0.142362 -3.998323
v -0.990677 0.142362 -3.999573
v -0.990677 0.071181 -3.999573
v -0.990677 -0.000000 -3.999573
v -0.998315 1.138902 -3.993741
v -0.998315 1.210084 -3.993741
v -0.996316 1.138902 -3.996334
v -0.996316 1.210084 -3.996334
v -0.993711 1.138902 -3.998323
v -0.993711 1.210084 -3.998323
v -0.990677 1.138902 -3.999574
v -0.990677 1.210084 -3.999574
v -0.993711 0.071181 -3.998323
v -0.993711 -0.000000 -3.998323
v -0.996316 0.071181 -3.996333
v -0.996316 -0.000000 -3.996333
v -0.998315 0.071181 -3.993740
v -0.998315 -0.000000 -3.993740
v -0.999572 0.071181 -3.990721
v -0.999572 -0.000000 -3.990721
v -0.999572 0.640632 -3.990721
v -0.998315 0.640632 -3.993740
v -0.996316 0.640632 -3.996333
v -0.993711 0.640632 -3.998323
v -0.998315 1.067721 -3.993741
v -0.996316 1.067721 -3.996334
v -0.993711 1.067721 -3.998323
v -0.990677 1.067721 -3.999574
v -0.999572 0.925358 -3.990721
v -0.999572 0.854177 -3.990721
v -0.999572 0.782995 -3.990721
v -0.998315 0.782995 -3.993740
v -0.998315 0.711814 -3.993740
v -0.996316 0.711814 -3.996333
v -0.998315 0.854177 -3.993740
v -0.999572 0.711814 -3.990721
v -0.998315 0.427088 -3.993740
v -0.996316 0.427088 -3.996333
v -0.993711 0.427088 -3.998323
v -0.990677 0.427088 -3.999573
v -0.999572 0.284725 -3.990721
v -0.999572 0.213544 -3.990721
v -0.999572 0.142362 -3.990721
v -0.998315 0.142362 -3.993740
v -0.998315 0.213544 -3.993740
v -0.996316 0.996539 -3.996333
v -0.993711 0.925358 -3.998323
v -0.990677 0.854177 -3.999573
v -0.996316 0.782995 -3.996333
v -0.996316 0.355907 -3.996333
v -0.993711 0.284725 -3.998323
v -0.990677 0.213544 -3.999573
v -0.996316 0.142362 -3.996333
v -0.993711 0.996539 -3.998323
v -0.990677 0.996539 -3.999573
v -0.993711 0.711814 -3.998323
v -0.993711 0.355907 -3.998323
v -0.990677 0.355907 -3.999573
v -0.990677 0.925358 -3.999573
v -0.990677 0.284725 -3.999573
v 1.000000 1.210084 -3.987481
v 0.987421 1.210084 -4.000000
v 1.000000 1.210085 3.987480
v -1.000000 1.210085 3.987480
v 0.987421 1.210085 4.000000
v -0.987421 1.210085 4.000000
v -0.999572 1.210085 3.990721
v -0.998315 1.210085 3.993740
v -0.996316 1.210085 3.996333
v -0.993711 1.210085 3.998322
v -0.990677 1.210085 3.999573
v 0.990677 1.210085 3.999573
v 0.993711 1.210085 3.998322
v 0.996316 1.210085 3.996333
v 0.998315 1.210085 3.993740
v 0.999572 1.210085 3.990721
v 0.999572 1.210084 -3.990721
v 0.998315 1.210084 -3.993741
v 0.996316 1.210084 -3.996334
v 0.993711 1.210084 -3.998323
v 0.990677 1.210084 -3.999574
v -1.000000 0.000000 3.987481
v -0.990677 1.138903 3.999573
v -0.990677 1.067722 3.999573
v -0.990677 0.996540 3.999573
v -0.993711 0.996540 3.998323
v -0.993711 0.925359 3.998323
v -0.996316 0.925359 3.996333
v -0.996316 0.854177 3.996333
v -0.998315 0.854177 3.993740
v -0.998315 0.782996 3.993740
v -0.999572 0.782996 3.990721
v -0.999572 0.711815 3.990721
v -0.999572 0.640633 3.990721
v -0.999572 0.569452 3.990721
v -0.999572 0.498270 3.990721
v -0.998315 0.569452 3.993740
v -0.998315 0.498270 3.993740
v -0.996316 0.569452 3.996333
v -0.996316 0.498270 3.996333
v -0.993711 0.569452 3.998323
v -0.993711 0.498270 3.998323
v -0.990677 0.569452 3.999573
v -0.990677 0.498270 3.999573
v -0.987421 0.000000 4.000000
v -0.990677 0.427089 3.999573
v -0.990677 0.355908 3.999573
v -0.993711 0.355908 3.998323
v -0.993711 0.284726 3.998323
v -0.996316 0.284726 3.996333
v -0.996316 0.213545 3.996333
v -0.998315 0.213545 3.993740
v -0.998315 0.142363 3.993740
v -0.999572 0.142363 3.990721
v -0.999572 0.071182 3.990721
v -0.999572 0.000000 3.990721
v -0.993711 1.138903 3.998322
v -0.996316 1.138903 3.996333
v -0.998315 1.138903 3.993740
v -0.999572 1.138903 3.990721
v -0.998315 0.071182 3.993740
v -0.998315 0.000000 3.993740
v -0.996316 0.071182 3.996333
v -0.996316 0.000000 3.996333
v -0.993711 0.071182 3.998323
v -0.993711 0.000000 3.998323
v -0.990677 0.071182 3.999573
v -0.990677 0.000000 3.999573
v -0.990677 0.640633 3.999573
v -0.993711 0.640633 3.998323
v -0.996316 0.640633 3.996333
v -0.998315 0.640633 3.993740
v -0.993711 1.067722 3.998322
v -0.996316 1.067722 3.996333
v -0.998315 1.067722 3.993740
v -0.999572 1.067722 3.990721
v -0.990677 0.925359 3.999573
v -0.990677 0.854177 3.999573
v -0.990677 0.782996 3.999573
v -0.993711 0.782996 3.998323
v -0.993711 0.711815 3.998323
v -0.996316 0.711815 3.996333
v -0.993711 0.854177 3.998323
v -0.990677 0.711815 3.999573
v -0.993711 0.427089 3.998323
v -0.996316 0.427089 3.996333
v -0.998315 0.427089 3.993740
v -0.999572 0.427089 3.990721
v -0.990677 0.284726 3.999573
v -0.990677 0.213545 3.999573
v -0.990677 0.142363 3.999573
v -0.993711 0.142363 3.998323
v -0.993711 0.213545 3.998323
v -0.996316 0.996540 3.996333
v -0.998315 0.925359 3.993740
v -0.999572 0.854177 3.990721
v -0.996316 0.782996 3.996333
v -0.996316 0.355908 3.996333
v -0.998315 0.284726 3.993740
v -0.999572 0.213545 3.990721
v -0.996316 0.142363 3.996333
v -0.998315 0.996540 3.993740
v -0.999572 0.996540 3.990721
v -0.998315 0.711815 3.993740
v -0.998315 0.355908 3.993740
v -0.999572 0.355908 3.990721
v -0.999572 0.925359 3.990721
v -0.999572 0.284726 3.990721
v 0.990677 1.138902 -3.999574
v 0.990677 1.067721 -3.999574
v 0.990677 0.996539 -3.999573
v 0.993711 0.996539 -3.998323
v 0.993711 0.925358 -3.998323
v 0.996316 0.925358 -3.996333
v 0.996316 0.854177 -3.996333
v 0.998315 0.854177 -3.993740
v 0.998315 0.782995 -3.993740
v 0.999572 0.782995 -3.990721
v 0.999572 0.711814 -3.990721
v 0.999572 0.640632 -3.990721
v 1.000000 -0.000000 -3.987481
v 0.999572 0.569451 -3.990721
v 0.999572 0.498269 -3.990721
v 0.998315 0.569451 -3.993740
v 0.998315 0.498269 -3.993740
v 0.996316 0.569451 -3.996333
v 0.996316 0.498269 -3.996333
v 0.993711 0.569451 -3.998323
v 0.993711 0.498269 -3.998323
v 0.990677 0.569451 -3.999573
v 0.990677 0.498269 -3.999573
v 0.987421 -0.000000 -4.000000
v 0.990677 0.427088 -3.999573
v 0.990677 0.355907 -3.999573
v 0.993711 0.355907 -3.998323
v 0.993711 0.284725 -3.998323
v 0.996316 0.284725 -3.996333
v 0.996316 0.213544 -3.996333
v 0.998315 0.213544 -3.993740
v 0.998315 0.142362 -3.993740
v 0.999572 0.142362 -3.990721
v 0.999572 0.071181 -3.990721
v 0.999572 -0.000000 -3.990721
v 0.993711 1.138902 -3.998323
v 0.996316 1.138902 -3.996334
v 0.998315 1.138902 -3.993741
v 0.999572 1.138902 -3.990721
v 0.998315 0.071181 -3.993740
v 0.998315 -0.000000 -3.993740
v 0.996316 0.071181 -3.996333
v 0.996316 -0.000000 -3.996333
v 0.993711 0.071181 -3.998323
v 0.993711 -0.000000 -3.998323
v 0.990677 0.071181 -3.999573
v 0.990677 -0.000000 -3.999573
v 0.990677 0.640632 -3.999573
v 0.993711 0.640632 -3.998323
v 0.996316 0.640632 -3.996333
v 0.998315 0.640632 -3.993740
v 0.993711 1.067721 -3.998323
v 0.996316 1.067721 -3.996334
v 0.998315 1.067721 -3.993741
v 0.999572 1.067721 -3.990721
v 0.990677 0.925358 -3.999573
v 0.990677 0.854177 -3.999573
v 0.990677 0.782995 -3.999573
v 0.993711 0.782995 -3.998323
v 0.993711 0.711814 -3.998323
v 0.996316 0.711814 -3.996333
v 0.993711 0.854177 -3.998323
v 0.990677 0.711814 -3.999573
v 0.993711 0.427088 -3.998323
v 0.996316 0.427088 -3.996333
v 0.998315 0.427088 -3.993740
v 0.999572 0.427088 -3.990721
v 0.990677 0.284725 -3.999573
v 0.990677 0.213544 -3.999573
v 0.990677 0.142362 -3.999573
v 0.993711 0.142362 -3.998323
v 0.993711 0.213544 -3.998323
v 0.996316 0.996539 -3.996333
v 0.998315 0.925358 -3.993740
v 0.999572 0.854177 -3.990721
v 0.996316 0.782995 -3.996333
v 0.996316 0.355907 -3.996333
v 0.998315 0.284725 -3.993740
v 0.999572 0.213544 -3.990721
v 0.996316 0.142362 -3.996333
v 0.998315 0.996539 -3.993740
v 0.999572 0.996539 -3.990721
v 0.998315 0.711814 -3.993740
v 0.998315 0.355907 -3.993740
v 0.999572 0.355907 -3.990721
v 0.999572 0.925358 -3.990721
v 0.999572 0.284725 -3.990721
v 1.000000 0.000000 3.987481
v 0.999572 1.138903 3.990721
v 0.999572 1.067722 3.990721
v 0.999572 0.996540 3.990721
v 0.998315 0.996540 3.993740
v 0.998315 0.925359 3.993740
v 0.996316 0.925359 3.996333
v 0.996316 0.854177 3.996333
v 0.993711 0.854177 3.998323
v 0.993711 0.782996 3.998323
v 0.990677 0.782996 3.999573
v 0.990677 0.711815 3.999573
v 0.990677 0.640633 3.999573
v 0.987421 0.000000 4.000000
v 0.990677 0.569452 3.999573
v 0.990677 0.498270 3.999573
v 0.993711 0.569452 3.998323
v 0.993711 0.498270 3.998323
v 0.996316 0.569452 3.996333
v 0.996316 0.498270 3.996333
v 0.998315 0.569452 3.993740
v 0.998315 0.498270 3.993740
v 0.999572 0.569452 3.990721
v 0.999572 0.498270 3.990721
v 0.999572 0.427089 3.990721
v 0.999572 0.355908 3.990721
v 0.998315 0.355908 3.993740
v 0.998315 0.284726 3.993740
v 0.996316 0.284726 3.996333
v 0.996316 0.213545 3.996333
v 0.993711 0.213545 3.998323
v 0.993711 0.142363 3.998323
v 0.990677 0.142363 3.999573
v 0.990677 0.071182 3.999573
v 0.990677 0.000000 3.999573
v 0.998315 1.138903 3.993740
v 0.996316 1.138903 3.996333
v 0.993711 1.138903 3.998322
v 0.990677 1.138903 3.999573
v 0.993711 0.071182 3.998323
v 0.993711 0.000000 3.998323
v 0.996316 0.071182 3.996333
v 0.996316 0.000000 3.996333
v 0.998315 0.071182 3.993740
v 0.998315 0.000000 3.993740
v 0.999572 0.071182 3.990721
v 0.999572 0.000000 3.990721
v 0.999572 0.640633 3.990721
v 0.998315 0.640633 3.993740
v 0.996316 0.640633 3.996333
v 0.993711 0.640633 3.998323
v 0.998315 1.067722 3.993740
v 0.996316 1.067722 3.996333
v 0.993711 1.067722 3.998322
v 0.990677 1.067722 3.999573
v 0.999572 0.925359 3.990721
v 0.999572 0.854177 3.990721
v 0.999572 0.782996 3.990721
v 0.998315 0.782996 3.993740
v 0.998315 0.711815 3.993740
v 0.996316 0.711815 3.996333
v 0.998315 0.854177 3.993740
v 0.999572 0.711815 3.990721
v 0.998315 0.427089 3.993740
v 0.996316 0.427089 3.996333
v 0.993711 0.427089 3.998323
v 0.990677 0.427089 3.999573
v 0.999572 0.284726 3.990721
v 0.999572 0.213545 3.990721
v 0.999572 0.142363 3.990721
v 0.998315 0.142363 3.993740
v 0.998315 0.213545 3.993740
v 0.996316 0.996540 3.996333
v 0.993711 0.925359 3.998323
v 0.990677 0.854177 3.999573
v 0.996316 0.782996 3.996333
v 0.996316 0.355908 3.996333
v 0.993711 0.284726 3.998323
v 0.990677 0.213545 3.999573
v 0.996316 0.142363 3.996333
v 0.993711 0.996540 3.998323
v 0.990677 0.996540 3.999573
v 0.993711 0.711815 3.998323
v 0.993711 0.355908 3.998323
v 0.990677 0.355908 3.999573
v 0.990677 0.925359 3.999573
v 0.990677 0.284726 3.999573
v -0.334463 0.000000 2.945997
v -0.334463 1.115547 2.945997
v -0.339623 0.000000 3.004695
v -0.339623 1.115547 3.004695
v -0.334463 0.000000 3.063393
v -0.334463 1.115547 3.063393
v -0.319141 0.000000 3.120307
v -0.319141 1.115547 3.120307
v -0.294122 0.000000 3.173709
v -0.294122 1.115547 3.173709
v -0.260166 0.000000 3.221975
v -0.260166 1.115547 3.221975
v -0.218305 0.000000 3.263639
v -0.218305 1.115547 3.263639
v -0.169811 0.000000 3.297436
v -0.169811 1.115547 3.297436
v -0.116158 0.000000 3.322338
v -0.116158 1.115547 3.322337
v -0.058975 0.000000 3.337588
v -0.058975 1.115547 3.337588
v 0.000000 0.000000 3.342723
v 0.000000 1.115547 3.342723
v 0.058975 0.000000 3.337588
v 0.058975 1.115547 3.337588
v 0.116158 0.000000 3.322338
v 0.116158 1.115547 3.322337
v 0.169811 0.000000 3.297436
v 0.169811 1.115547 3.297436
v 0.218305 0.000000 3.263639
v 0.218305 1.115547 3.263639
v 0.260166 0.000000 3.221975
v 0.260166 1.115547 3.221975
v 0.294122 0.000000 3.173709
v 0.294122 1.115547 3.173709
v 0.319141 0.000000 3.120307
v 0.319141 1.115547 3.120307
v 0.334463 0.000000 3.063393
v 0.334463 1.115547 3.063393
v 0.339623 0.000000 3.004695
v 0.339623 1.115547 3.004695
v 0.334463 0.000000 2.945997
v 0.334463 1.115547 2.945997
v 0.319141 0.000000 2.889082
v 0.319141 1.115547 2.889082
v 0.294122 0.000000 2.835681
v 0.294122 1.115547 2.835680
v 0.260166 0.000000 2.787415
v 0.260166 1.115547 2.787414
v 0.218305 0.000000 2.745750
v 0.218305 1.115547 2.745750
v 0.169811 0.000000 2.711954
v 0.169811 1.115547 2.711954
v 0.116158 0.000000 2.687052
v 0.116158 1.115547 2.687052
v 0.058975 0.000000 2.671802
v 0.058975 1.115547 2.671802
v 0.000000 0.000000 2.666667
v 0.000000 1.115547 2.666667
v -0.058975 0.000000 2.671802
v -0.058975 1.115547 2.671802
v -0.116158 0.000000 2.687052
v -0.116158 1.115547 2.687052
v -0.169811 0.000000 2.711954
v -0.169811 1.115547 2.711954
v -0.218305 0.000000 2.745750
v -0.218305 1.115547 2.745750
v -0.260166 0.000000 2.787415
v -0.260166 1.115547 2.787414
v -0.294122 0.000000 2.835681
v -0.294122 1.115547 2.835680
v -0.319141 0.000000 2.889082
v -0.319141 1.115547 2.889082
v -0.409984 0.000000 3.069325
v -0.409984 1.115547 3.069325
v -0.415094 0.000000 3.004695
v -0.415094 1.115547 3.004695
v -0.409984 0.000000 2.940065
v -0.409984 1.115547 2.940064
v -0.394778 0.000000 2.877026
v -0.394778 1.115547 2.877026
v -0.369852 0.000000 2.817131
v -0.369852 1.115547 2.817131
v -0.335818 0.000000 2.761854
v -0.335818 1.115547 2.761854
v -0.293516 0.000000 2.712557
v -0.293516 1.115547 2.712557
v -0.243986 0.000000 2.670453
v -0.243986 1.115547 2.670453
v -0.188449 0.000000 2.636580
v -0.188449 1.115547 2.636579
v -0.128271 0.000000 2.611770
v -0.128271 1.115547 2.611770
v -0.064935 0.000000 2.596636
v -0.064935 1.115547 2.596636
v 0.000000 0.000000 2.591549
v 0.000000 1.115547 2.591549
v 0.064935 0.000000 2.596636
v 0.064935 1.115547 2.596636
v 0.128271 0.000000 2.611770
v 0.128271 1.115547 2.611770
v 0.188449 0.000000 2.636580
v 0.188449 1.115547 2.636579
v 0.243986 0.000000 2.670453
v 0.243986 1.115547 2.670453
v 0.293516 0.000000 2.712557
v 0.293516 1.115547 2.712557
v 0.335818 0.000000 2.761854
v 0.335818 1.115547 2.761854
v 0.369852 0.000000 2.817131
v 0.369852 1.115547 2.817131
v 0.394778 0.000000 2.877026
v 0.394778 1.115547 2.877026
v 0.409984 0.000000 2.940065
v 0.409984 1.115547 2.940064
v 0.415094 0.000000 3.004695
v 0.415094 1.115547 3.004695
v 0.409984 0.000000 3.069325
v 0.409984 1.115547 3.069325
v 0.394778 0.000000 3.132364
v 0.394778 1.115547 3.132364
v 0.369852 0.000000 3.192259
v 0.369852 1.115547 3.192259
v 0.335818 0.000000 3.247536
v 0.335818 1.115547 3.247536
v 0.293516 0.000000 3.296833
v 0.293516 1.115547 3.296833
v 0.243986 0.000000 3.338937
v 0.243986 1.115547 3.338937
v 0.188449 0.000000 3.372810
v 0.188449 1.115547 3.372810
v 0.128271 0.000000 3.397620
v 0.128271 1.115547 3.397619
v 0.064935 0.000000 3.412754
v 0.064935 1.115547 3.412754
v 0.000000 0.000000 3.417840
v 0.000000 1.115547 3.417840
v -0.064935 0.000000 3.412754
v -0.064935 1.115547 3.412754
v -0.128271 0.000000 3.397620
v -0.128271 1.115547 3.397619
v -0.188449 0.000000 3.372810
v -0.188449 1.115547 3.372810
v -0.243986 0.000000 3.338937
v -0.243986 1.115547 3.338937
v -0.293516 0.000000 3.296833
v -0.293516 1.115547 3.296833
v -0.335818 0.000000 3.247536
v -0.335818 1.115547 3.247536
v -0.369852 0.000000 3.192259
v -0.369852 1.115547 3.192259
v -0.394778 0.000000 3.132364
v -0.394778 1.115547 3.132364
v -0.409984 1.115547 2.067760
v -0.792453 1.115547 2.472613
v -0.415094 1.115547 2.003130
v -0.792453 1.115547 1.533646
v -0.409984 1.115547 1.938500
v -0.409984 1.115546 1.066195
v -0.394778 1.115546 1.129234
v -0.394778 1.115547 2.130799
v -0.792453 1.115547 2.535211
v -0.369852 1.115547 2.190694
v -0.335818 1.115547 2.245971
v -0.293516 1.115547 2.295268
v -0.243986 1.115547 2.337372
v -0.188449 1.115547 2.371245
v -0.128271 1.115547 2.396055
v -0.064935 1.115547 2.411189
v 0.000000 1.115547 2.416275
v 0.064935 1.115547 2.411189
v 0.128271 1.115547 2.396055
v 0.188449 1.115547 2.371245
v 0.243986 1.115547 2.337372
v 0.293516 1.115547 2.295268
v 0.335818 1.115547 2.245971
v 0.369852 1.115547 2.190694
v 0.394778 1.115547 2.130799
v 0.409984 1.115547 2.067760
v 0.792453 1.115547 2.535211
v 0.534591 1.115547 3.793427
v 0.471698 1.115547 3.793427
v 0.471698 1.115547 3.906103
v -0.471698 1.115547 3.906103
v -0.471698 1.115547 3.793427
v -0.534591 1.115547 3.793427
v 0.792453 1.115547 2.472613
v 0.415094 1.115547 2.003130
v 0.792453 1.115547 1.533646
v 0.409984 1.115547 1.938500
v 0.409984 1.115546 1.066195
v 0.394778 1.115547 1.875461
v 0.394778 1.115546 1.129234
v 0.369852 1.115547 1.815566
v 0.369852 1.115546 1.189129
v 0.335818 1.115547 1.760289
v 0.335818 1.115546 1.244406
v 0.293516 1.115547 1.710992
v 0.293516 1.115546 1.293703
v 0.243986 1.115547 1.668888
v 0.243986 1.115546 1.335807
v 0.188449 1.115547 1.635014
v 0.188449 1.115546 1.369680
v 0.128271 1.115547 1.610205
v 0.128271 1.115546 1.394490
v 0.064935 1.115547 1.595071
v 0.064935 1.115546 1.409624
v 0.000000 1.115547 1.589984
v 0.000000 1.115546 1.414710
v -0.064935 1.115547 1.595071
v -0.064935 1.115546 1.409624
v -0.128271 1.115547 1.610205
v -0.128271 1.115546 1.394490
v -0.188449 1.115547 1.635014
v -0.188449 1.115546 1.369680
v -0.243986 1.115547 1.668888
v -0.243986 1.115546 1.335807
v -0.293516 1.115547 1.710992
v -0.293516 1.115546 1.293703
v -0.335818 1.115547 1.760289
v -0.335818 1.115546 1.244406
v -0.369852 1.115547 1.815566
v -0.369852 1.115546 1.189129
v -0.394778 1.115547 1.875461
v -0.409984 1.115546 0.064630
v -0.792453 1.115546 0.469483
v -0.415094 1.115546 -0.000000
v -0.792453 1.115546 -0.469484
v -0.409984 1.115546 -0.064630
v -0.409984 1.115546 -0.936935
v -0.394778 1.115546 -0.873896
v -0.394778 1.115546 0.127669
v -0.409984 1.115546 0.936935
v -0.792453 1.115546 0.532081
v -0.394778 1.115546 0.873896
v -0.369852 1.115546 0.187564
v -0.369852 1.115546 0.814001
v -0.335818 1.115546 0.242841
v -0.335818 1.115546 0.758724
v -0.293516 1.115546 0.292138
v -0.293516 1.115546 0.709427
v -0.243986 1.115546 0.334242
v -0.243986 1.115546 0.667323
v -0.188449 1.115546 0.368115
v -0.188449 1.115546 0.633449
v -0.128271 1.115546 0.392925
v -0.128271 1.115546 0.608640
v -0.064935 1.115546 0.408059
v -0.064935 1.115546 0.593506
v 0.000000 1.115546 0.413145
v 0.000000 1.115546 0.588419
v 0.064935 1.115546 0.408059
v 0.064935 1.115546 0.593506
v 0.128271 1.115546 0.392925
v 0.128271 1.115546 0.608640
v 0.188449 1.115546 0.368115
v 0.188449 1.115546 0.633449
v 0.243986 1.115546 0.334242
v 0.243986 1.115546 0.667323
v 0.293516 1.115546 0.292138
v 0.293516 1.115546 0.709427
v 0.335818 1.115546 0.242841
v 0.335818 1.115546 0.758724
v 0.369852 1.115546 0.187564
v 0.369852 1.115546 0.814001
v 0.394778 1.115546 0.127669
v 0.394778 1.115546 0.873896
v 0.409984 1.115546 0.064630
v 0.409984 1.115546 0.936935
v 0.792453 1.115546 0.532081
v 0.415094 1.115546 1.001565
v 0.792453 1.115546 1.471048
v 0.792453 1.115546 0.469483
v 0.415094 1.115546 -0.000000
v 0.792453 1.115546 -0.469484
v 0.409984 1.115546 -0.064630
v 0.409984 1.115546 -0.936935
v 0.394778 1.115546 -0.127669
v 0.394778 1.115546 -0.873896
v 0.369852 1.115546 -0.187564
v 0.369852 1.115546 -0.814001
v 0.335818 1.115546 -0.242841
v 0.335818 1.115546 -0.758724
v 0.293516 1.115546 -0.292138
v 0.293516 1.115546 -0.709427
v 0.243986 1.115546 -0.334242
v 0.243986 1.115546 -0.667323
v 0.188449 1.115546 -0.368115
v 0.188449 1.115546 -0.633450
v 0.128271 1.115546 -0.392925
v 0.128271 1.115546 -0.608640
v 0.064935 1.115546 -0.408059
v 0.064935 1.115546 -0.593506
v 0.000000 1.115546 -0.413146
v 0.000000 1.115546 -0.588419
v -0.064935 1.115546 -0.408059
v -0.064935 1.115546 -0.593506
v -0.128271 1.115546 -0.392925
v -0.128271 1.115546 -0.608640
v -0.188449 1.115546 -0.368115
v -0.188449 1.115546 -0.633450
v -0.243986 1.115546 -0.334242
v -0.243986 1.115546 -0.667323
v -0.293516 1.115546 -0.292138
v -0.293516 1.115546 -0.709427
v -0.335818 1.115546 -0.242841
v -0.335818 1.115546 -0.758724
v -0.369852 1.115546 -0.187564
v -0.369852 1.115546 -0.814001
v -0.394778 1.115546 -0.127669
v -0.409984 1.115546 -1.938500
v -0.792453 1.115546 -1.533646
v -0.415094 1.115546 -2.003130
v -0.792453 1.115546 -2.472614
v -0.409984 1.115546 -2.067760
v -0.409984 1.115546 -2.940065
v -0.394778 1.115546 -2.877026
v -0.394778 1.115546 -1.875461
v -0.409984 1.115546 -1.066195
v -0.792453 1.115546 -1.471049
v -0.394778 1.115546 -1.129234
v -0.369852 1.115546 -1.815566
v -0.369852 1.115546 -1.189129
v -0.335818 1.115546 -1.760289
v -0.335818 1.115546 -1.244406
v -0.293516 1.115546 -1.710992
v -0.293516 1.115546 -1.293703
v -0.243986 1.115546 -1.668888
v -0.243986 1.115546 -1.335807
v -0.188449 1.115546 -1.635015
v -0.188449 1.115546 -1.369681
v -0.128271 1.115546 -1.610205
v -0.128271 1.115546 -1.394490
v -0.064935 1.115546 -1.595071
v -0.064935 1.115546 -1.409624
v 0.000000 1.115546 -1.589985
v 0.000000 1.115546 -1.414711
v 0.064935 1.115546 -1.595071
v 0.064935 1.115546 -1.409624
v 0.128271 1.115546 -1.610205
v 0.128271 1.115546 -1.394490
v 0.188449 1.115546 -1.635015
v 0.188449 1.115546 -1.369681
v 0.243986 1.115546 -1.668888
v 0.243986 1.115546 -1.335807
v 0.293516 1.115546 -1.710992
v 0.293516 1.115546 -1.293703
v 0.335818 1.115546 -1.244406
v 0.335818 1.115546 -1.760289
v 0.369852 1.115546 -1.189129
v 0.369852 1.115546 -1.815566
v 0.394778 1.115546 -1.129234
v 0.394778 1.115546 -1.875461
v 0.409984 1.115546 -1.938500
v 0.415094 1.115546 -2.003130
v 0.792453 1.115546 -1.533646
v 0.792453 1.115546 -1.471049
v 0.409984 1.115546 -1.066195
v 0.415094 1.115546 -1.001565
v 0.792453 1.115546 -0.532081
v 0.792453 1.115546 -2.472614
v 0.409984 1.115546 -2.067760
v 0.409984 1.115546 -2.940065
v 0.394778 1.115546 -2.130799
v 0.394778 1.115546 -2.877026
v 0.369852 1.115546 -2.190694
v 0.369852 1.115546 -2.817131
v 0.335818 1.115546 -2.245971
v 0.335818 1.115546 -2.761854
v 0.293516 1.115546 -2.295268
v 0.293516 1.115546 -2.712557
v 0.243986 1.115546 -2.337372
v 0.243986 1.115546 -2.670453
v 0.188449 1.115546 -2.371246
v 0.188449 1.115546 -2.636580
v 0.128271 1.115546 -2.396055
v 0.128271 1.115546 -2.611770
v 0.064935 1.115546 -2.411189
v 0.064935 1.115546 -2.596636
v 0.000000 1.115546 -2.416276
v 0.000000 1.115546 -2.591550
v -0.064935 1.115546 -2.411189
v -0.064935 1.115546 -2.596636
v -0.128271 1.115546 -2.396055
v -0.128271 1.115546 -2.611770
v -0.188449 1.115546 -2.371246
v -0.188449 1.115546 -2.636580
v -0.243986 1.115546 -2.337372
v -0.243986 1.115546 -2.670453
v -0.293516 1.115546 -2.295268
v -0.293516 1.115546 -2.712557
v -0.335818 1.115546 -2.245971
v -0.335818 1.115546 -2.761854
v -0.369852 1.115546 -2.190694
v -0.369852 1.115546 -2.817131
v -0.394778 1.115546 -2.130799
v 0.905660 1.115547 3.906103
v 0.534591 1.115547 3.906103
v 0.792453 1.115547 3.536776
v 0.792453 1.115547 3.474178
v 0.905660 1.115547 2.535211
v -0.534591 1.115547 3.906103
v -0.792453 1.115547 3.536776
v -0.792453 1.115547 3.474178
v -0.905660 1.115547 3.474178
v -0.905660 1.115547 2.535211
v -0.905660 1.115547 3.906103
v -0.905660 1.115547 3.536776
v -0.905660 1.115547 2.472613
v -0.905660 1.115547 1.533646
v -0.792453 1.115546 1.471048
v -0.415094 1.115546 1.001565
v -0.905660 1.115546 1.471048
v -0.905660 1.115546 0.532081
v -0.905660 1.115546 0.469483
v -0.905660 1.115546 -0.469484
v -0.792453 1.115546 -0.532081
v -0.415094 1.115546 -1.001565
v -0.905660 1.115546 -0.532081
v -0.905660 1.115546 -1.471049
v -0.905660 1.115546 -1.533646
v -0.905660 1.115546 -2.472614
v -0.792453 1.115546 -2.535212
v -0.415094 1.115546 -3.004695
v -0.534591 1.115546 -3.793427
v -0.409984 1.115546 -3.069325
v -0.471698 1.115546 -3.793427
v -0.394778 1.115546 -3.132364
v -0.369852 1.115546 -3.192259
v -0.335818 1.115546 -3.247536
v -0.293516 1.115546 -3.296833
v -0.471698 1.115546 -3.906104
v -0.243986 1.115546 -3.338937
v -0.188449 1.115546 -3.372811
v -0.128271 1.115546 -3.397620
v -0.064935 1.115546 -3.412754
v 0.000000 1.115546 -3.417841
v 0.471698 1.115546 -3.906104
v 0.064935 1.115546 -3.412754
v 0.128271 1.115546 -3.397620
v 0.188449 1.115546 -3.372811
v 0.243986 1.115546 -3.338937
v 0.293516 1.115546 -3.296833
v 0.471698 1.115546 -3.793427
v 0.335818 1.115546 -3.247536
v 0.369852 1.115546 -3.192259
v 0.394778 1.115546 -3.132364
v 0.409984 1.115546 -3.069325
v 0.534591 1.115546 -3.793427
v 0.415094 1.115546 -3.004695
v 0.792453 1.115546 -2.535212
v -0.792453 1.115546 -3.474179
v -0.905660 1.115546 -2.535212
v -0.905660 1.115546 -3.474179
v -0.792453 1.115546 -3.536777
v -0.534591 1.115546 -3.906104
v -0.905660 1.115546 -3.906104
v -0.905660 1.115546 -3.536777
v 0.534591 1.115546 -3.906104
v 0.792453 1.115546 -3.536777
v 0.792453 1.115546 -3.474179
v 0.905660 1.115546 -3.474179
v 0.905660 1.115546 -2.535212
v 0.905660 1.115546 -3.906104
v 0.905660 1.115546 -3.536777
v 0.905660 1.115546 -2.472614
v 0.905660 1.115546 -1.533646
v 0.905660 1.115546 -1.471049
v 0.905660 1.115546 -0.532081
v 0.905660 1.115546 -0.469484
v 0.905660 1.115546 0.469483
v 0.905660 1.115546 0.532081
v 0.905660 1.115546 1.471048
v 0.905660 1.115547 1.533646
v 0.905660 1.115547 2.472613
v 0.905660 1.115547 3.474178
v 0.905660 1.115547 3.536776
v -0.334463 0.000000 1.944432
v -0.334463 1.115547 1.944432
v -0.339623 0.000000 2.003130
v -0.339623 1.115547 2.003130
v -0.334463 0.000000 2.061828
v -0.334463 1.115547 2.061828
v -0.319141 0.000000 2.118742
v -0.319141 1.115547 2.118742
v -0.294122 0.000000 2.172144
v -0.294122 1.115547 2.172144
v -0.260166 0.000000 2.220410
v -0.260166 1.115547 2.220410
v -0.218305 0.000000 2.262074
v -0.218305 1.115547 2.262074
v -0.169811 0.000000 2.295871
v -0.169811 1.115547 2.295871
v -0.116158 0.000000 2.320773
v -0.116158 1.115547 2.320772
v -0.058975 0.000000 2.336023
v -0.058975 1.115547 2.336023
v 0.000000 0.000000 2.341158
v 0.000000 1.115547 2.341158
v 0.058975 0.000000 2.336023
v 0.058975 1.115547 2.336023
v 0.116158 0.000000 2.320773
v 0.116158 1.115547 2.320772
v 0.169811 0.000000 2.295871
v 0.169811 1.115547 2.295871
v 0.218305 0.000000 2.262074
v 0.218305 1.115547 2.262074
v 0.260166 0.000000 2.220410
v 0.260166 1.115547 2.220410
v 0.294122 0.000000 2.172144
v 0.294122 1.115547 2.172144
v 0.319141 0.000000 2.118742
v 0.319141 1.115547 2.118742
v 0.334463 0.000000 2.061828
v 0.334463 1.115547 2.061828
v 0.339623 0.000000 2.003130
v 0.339623 1.115547 2.003130
v 0.334463 0.000000 1.944432
v 0.334463 1.115547 1.944432
v 0.319141 0.000000 1.887518
v 0.319141 1.115547 1.887517
v 0.294122 0.000000 1.834116
v 0.294122 1.115547 1.834116
v 0.260166 0.000000 1.785850
v 0.260166 1.115547 1.785850
v 0.218305 0.000000 1.744185
v 0.218305 1.115547 1.744185
v 0.169811 0.000000 1.710389
v 0.169811 1.115547 1.710389
v 0.116158 0.000000 1.685487
v 0.116158 1.115547 1.685487
v 0.058975 0.000000 1.670237
v 0.058975 1.115547 1.670237
v 0.000000 0.000000 1.665102
v 0.000000 1.115547 1.665102
v -0.058975 0.000000 1.670237
v -0.058975 1.115547 1.670237
v -0.116158 0.000000 1.685487
v -0.116158 1.115547 1.685487
v -0.169811 0.000000 1.710389
v -0.169811 1.115547 1.710389
v -0.218305 0.000000 1.744185
v -0.218305 1.115547 1.744185
v -0.260166 0.000000 1.785850
v -0.260166 1.115547 1.785850
v -0.294122 0.000000 1.834116
v -0.294122 1.115547 1.834116
v -0.319141 0.000000 1.887518
v -0.319141 1.115547 1.887517
v -0.409984 0.000000 2.067760
v -0.415094 0.000000 2.003130
v -0.409984 0.000000 1.938500
v -0.394778 0.000000 1.875461
v -0.369852 0.000000 1.815566
v -0.335818 0.000000 1.760289
v -0.293516 0.000000 1.710992
v -0.243986 0.000000 1.668888
v -0.188449 0.000000 1.635015
v -0.128271 0.000000 1.610205
v -0.064935 0.000000 1.595071
v 0.000000 0.000000 1.589984
v 0.064935 0.000000 1.595071
v 0.128271 0.000000 1.610205
v 0.188449 0.000000 1.635015
v 0.243986 0.000000 1.668888
v 0.293516 0.000000 1.710992
v 0.335818 0.000000 1.760289
v 0.369852 0.000000 1.815566
v 0.394778 0.000000 1.875461
v 0.409984 0.000000 1.938500
v 0.415094 0.000000 2.003130
v 0.409984 0.000000 2.067760
v 0.394778 0.000000 2.130799
v 0.369852 0.000000 2.190694
v 0.335818 0.000000 2.245971
v 0.293516 0.000000 2.295268
v 0.243986 0.000000 2.337372
v 0.188449 0.000000 2.371245
v 0.128271 0.000000 2.396055
v 0.064935 0.000000 2.411189
v 0.000000 0.000000 2.416276
v -0.064935 0.000000 2.411189
v -0.128271 0.000000 2.396055
v -0.188449 0.000000 2.371245
v -0.243986 0.000000 2.337372
v -0.293516 0.000000 2.295268
v -0.335818 0.000000 2.245971
v -0.369852 0.000000 2.190694
v -0.394778 0.000000 2.130799
v -0.334463 0.000000 0.942867
v -0.334463 1.115546 0.942867
v -0.339623 0.000000 1.001565
v -0.339623 1.115546 1.001565
v -0.334463 0.000000 1.060263
v -0.334463 1.115546 1.060263
v -0.319141 0.000000 1.117177
v -0.319141 1.115546 1.117177
v -0.294122 0.000000 1.170579
v -0.294122 1.115546 1.170579
v -0.260166 0.000000 1.218845
v -0.260166 1.115546 1.218845
v -0.218305 0.000000 1.260510
v -0.218305 1.115546 1.260509
v -0.169811 0.000000 1.294306
v -0.169811 1.115546 1.294306
v -0.116158 0.000000 1.319208
v -0.116158 1.115546 1.319207
v -0.058975 0.000000 1.334458
v -0.058975 1.115546 1.334458
v 0.000000 0.000000 1.339593
v 0.000000 1.115546 1.339593
v 0.058975 0.000000 1.334458
v 0.058975 1.115546 1.334458
v 0.116158 0.000000 1.319208
v 0.116158 1.115546 1.319207
v 0.169811 0.000000 1.294306
v 0.169811 1.115546 1.294306
v 0.218305 0.000000 1.260510
v 0.218305 1.115546 1.260509
v 0.260166 0.000000 1.218845
v 0.260166 1.115546 1.218845
v 0.294122 0.000000 1.170579
v 0.294122 1.115546 1.170579
v 0.319141 0.000000 1.117177
v 0.319141 1.115546 1.117177
v 0.334463 0.000000 1.060263
v 0.334463 1.115546 1.060263
v 0.339623 0.000000 1.001565
v 0.339623 1.115546 1.001565
v 0.334463 0.000000 0.942867
v 0.334463 1.115546 0.942867
v 0.319141 0.000000 0.885953
v 0.319141 1.115546 0.885952
v 0.294122 0.000000 0.832551
v 0.294122 1.115546 0.832551
v 0.260166 0.000000 0.784285
v 0.260166 1.115546 0.784285
v 0.218305 0.000000 0.742620
v 0.218305 1.115546 0.742620
v 0.169811 0.000000 0.708824
v 0.169811 1.115546 0.708824
v 0.116158 0.000000 0.683922
v 0.116158 1.115546 0.683922
v 0.058975 0.000000 0.668672
v 0.058975 1.115546 0.668672
v 0.000000 0.000000 0.663537
v 0.000000 1.115546 0.663537
v -0.058975 0.000000 0.668672
v -0.058975 1.115546 0.668672
v -0.116158 0.000000 0.683922
v -0.116158 1.115546 0.683922
v -0.169811 0.000000 0.708824
v -0.169811 1.115546 0.708824
v -0.218305 0.000000 0.742620
v -0.218305 1.115546 0.742620
v -0.260166 0.000000 0.784285
v -0.260166 1.115546 0.784285
v -0.294122 0.000000 0.832551
v -0.294122 1.115546 0.832551
v -0.319141 0.000000 0.885953
v -0.319141 1.115546 0.885952
v -0.409984 0.000000 1.066195
v -0.415094 0.000000 1.001565
v -0.409984 0.000000 0.936935
v -0.394778 0.000000 0.873896
v -0.369852 0.000000 0.814001
v -0.335818 0.000000 0.758724
v -0.293516 0.000000 0.709427
v -0.243986 0.000000 0.667323
v -0.188449 0.000000 0.633450
v -0.128271 0.000000 0.608640
v -0.064935 0.000000 0.593506
v 0.000000 0.000000 0.588419
v 0.064935 0.000000 0.593506
v 0.128271 0.000000 0.608640
v 0.188449 0.000000 0.633450
v 0.243986 0.000000 0.667323
v 0.293516 0.000000 0.709427
v 0.335818 0.000000 0.758724
v 0.369852 0.000000 0.814001
v 0.394778 0.000000 0.873896
v 0.409984 0.000000 0.936935
v 0.415094 0.000000 1.001565
v 0.409984 0.000000 1.066195
v 0.394778 0.000000 1.129234
v 0.369852 0.000000 1.189129
v 0.335818 0.000000 1.244406
v 0.293516 0.000000 1.293703
v 0.243986 0.000000 1.335807
v 0.188449 0.000000 1.369680
v 0.128271 0.000000 1.394490
v 0.064935 0.000000 1.409624
v 0.000000 0.000000 1.414711
v -0.064935 0.000000 1.409624
v -0.128271 0.000000 1.394490
v -0.188449 0.000000 1.369680
v -0.243986 0.000000 1.335807
v -0.293516 0.000000 1.293703
v -0.335818 0.000000 1.244406
v -0.369852 0.000000 1.189129
v -0.394778 0.000000 1.129234
v -0.334463 -0.000000 -0.058698
v -0.334463 1.115546 -0.058698
v -0.339623 0.000000 0.000000
v -0.339623 1.115546 -0.000000
v -0.334463 0.000000 0.058698
v -0.334463 1.115546 0.058698
v -0.319141 0.000000 0.115612
v -0.319141 1.115546 0.115612
v -0.294122 0.000000 0.169014
v -0.294122 1.115546 0.169014
v -0.260166 0.000000 0.217280
v -0.260166 1.115546 0.217280
v -0.218305 0.000000 0.258945
v -0.218305 1.115546 0.258944
v -0.169811 0.000000 0.292741
v -0.169811 1.115546 0.292741
v -0.116158 0.000000 0.317643
v -0.116158 1.115546 0.317642
v -0.058975 0.000000 0.332893
v -0.058975 1.115546 0.332893
v 0.000000 0.000000 0.338028
v 0.000000 1.115546 0.338028
v 0.058975 0.000000 0.332893
v 0.058975 1.115546 0.332893
v 0.116158 0.000000 0.317643
v 0.116158 1.115546 0.317642
v 0.169811 0.000000 0.292741
v 0.169811 1.115546 0.292741
v 0.218305 0.000000 0.258945
v 0.218305 1.115546 0.258944
v 0.260166 0.000000 0.217280
v 0.260166 1.115546 0.217280
v 0.294122 0.000000 0.169014
v 0.294122 1.115546 0.169014
v 0.319141 0.000000 0.115612
v 0.319141 1.115546 0.115612
v 0.334463 0.000000 0.058698
v 0.334463 1.115546 0.058698
v 0.339623 0.000000 0.000000
v 0.339623 1.115546 -0.000000
v 0.334463 -0.000000 -0.058698
v 0.334463 1.115546 -0.058698
v 0.319141 -0.000000 -0.115612
v 0.319141 1.115546 -0.115613
v 0.294122 -0.000000 -0.169014
v 0.294122 1.115546 -0.169014
v 0.260166 -0.000000 -0.217280
v 0.260166 1.115546 -0.217280
v 0.218305 -0.000000 -0.258945
v 0.218305 1.115546 -0.258945
v 0.169811 -0.000000 -0.292741
v 0.169811 1.115546 -0.292741
v 0.116158 -0.000000 -0.317643
v 0.116158 1.115546 -0.317643
v 0.058975 -0.000000 -0.332893
v 0.058975 1.115546 -0.332893
v 0.000000 -0.000000 -0.338028
v 0.000000 1.115546 -0.338028
v -0.058975 -0.000000 -0.332893
v -0.058975 1.115546 -0.332893
v -0.116158 -0.000000 -0.317643
v -0.116158 1.115546 -0.317643
v -0.169811 -0.000000 -0.292741
v -0.169811 1.115546 -0.292741
v -0.218305 -0.000000 -0.258945
v -0.218305 1.115546 -0.258945
v -0.260166 -0.000000 -0.217280
v -0.260166 1.115546 -0.217280
v -0.294122 -0.000000 -0.169014
v -0.294122 1.115546 -0.169014
v -0.319141 -0.000000 -0.115612
v -0.319141 1.115546 -0.115613
v -0.409984 0.000000 0.064630
v -0.415094 0.000000 0.000000
v -0.409984 -0.000000 -0.064630
v -0.394778 -0.000000 -0.127669
v -0.369852 -0.000000 -0.187564
v -0.335818 -0.000000 -0.242841
v -0.293516 -0.000000 -0.292138
v -0.243986 -0.000000 -0.334242
v -0.188449 -0.000000 -0.368115
v -0.128271 -0.000000 -0.392925
v -0.064935 -0.000000 -0.408059
v 0.000000 -0.000000 -0.413146
v 0.064935 -0.000000 -0.408059
v 0.128271 -0.000000 -0.392925
v 0.188449 -0.000000 -0.368115
v 0.243986 -0.000000 -0.334242
v 0.293516 -0.000000 -0.292138
v 0.335818 -0.000000 -0.242841
v 0.369852 -0.000000 -0.187564
v 0.394778 -0.000000 -0.127669
v 0.409984 -0.000000 -0.064630
v 0.415094 0.000000 0.000000
v 0.409984 0.000000 0.064630
v 0.394778 0.000000 0.127669
v 0.369852 0.000000 0.187564
v 0.335818 0.000000 0.242841
v 0.293516 0.000000 0.292138
v 0.243986 0.000000 0.334242
v 0.188449 0.000000 0.368115
v 0.128271 0.000000 0.392925
v 0.064935 0.000000 0.408059
v 0.000000 0.000000 0.413146
v -0.064935 0.000000 0.408059
v -0.128271 0.000000 0.392925
v -0.188449 0.000000 0.368115
v -0.243986 0.000000 0.334242
v -0.293516 0.000000 0.292138
v -0.335818 0.000000 0.242841
v -0.369852 0.000000 0.187564
v -0.394778 0.000000 0.127669
v -0.334463 -0.000000 -1.060263
v -0.334463 1.115546 -1.060263
v -0.339623 -0.000000 -1.001565
v -0.339623 1.115546 -1.001565
v -0.334463 -0.000000 -0.942867
v -0.334463 1.115546 -0.942867
v -0.319141 -0.000000 -0.885953
v -0.319141 1.115546 -0.885953
v -0.294122 -0.000000 -0.832551
v -0.294122 1.115546 -0.832551
v -0.260166 -0.000000 -0.784285
v -0.260166 1.115546 -0.784285
v -0.218305 -0.000000 -0.742620
v -0.218305 1.115546 -0.742621
v -0.169811 -0.000000 -0.708824
v -0.169811 1.115546 -0.708824
v -0.116158 -0.000000 -0.683922
v -0.116158 1.115546 -0.683923
v -0.058975 -0.000000 -0.668672
v -0.058975 1.115546 -0.668672
v 0.000000 -0.000000 -0.663537
v 0.000000 1.115546 -0.663537
v 0.058975 -0.000000 -0.668672
v 0.058975 1.115546 -0.668672
v 0.116158 -0.000000 -0.683922
v 0.116158 1.115546 -0.683923
v 0.169811 -0.000000 -0.708824
v 0.169811 1.115546 -0.708824
v 0.218305 -0.000000 -0.742620
v 0.218305 1.115546 -0.742621
v 0.260166 -0.000000 -0.784285
v 0.260166 1.115546 -0.784285
v 0.294122 -0.000000 -0.832551
v 0.294122 1.115546 -0.832551
v 0.319141 -0.000000 -0.885953
v 0.319141 1.115546 -0.885953
v 0.334463 -0.000000 -0.942867
v 0.334463 1.115546 -0.942867
v 0.339623 -0.000000 -1.001565
v 0.339623 1.115546 -1.001565
v 0.334463 -0.000000 -1.060263
v 0.334463 1.115546 -1.060263
v 0.319141 -0.000000 -1.117177
v 0.319141 1.115546 -1.117177
v 0.294122 -0.000000 -1.170579
v 0.294122 1.115546 -1.170579
v 0.260166 -0.000000 -1.218845
v 0.260166 1.115546 -1.218845
v 0.218305 -0.000000 -1.260510
v 0.218305 1.115546 -1.260510
v 0.169811 -0.000000 -1.294306
v 0.169811 1.115546 -1.294306
v 0.116158 -0.000000 -1.319208
v 0.116158 1.115546 -1.319208
v 0.058975 -0.000000 -1.334458
v 0.058975 1.115546 -1.334458
v 0.000000 -0.000000 -1.339593
v 0.000000 1.115546 -1.339593
v -0.058975 -0.000000 -1.334458
v -0.058975 1.115546 -1.334458
v -0.116158 -0.000000 -1.319208
v -0.116158 1.115546 -1.319208
v -0.169811 -0.000000 -1.294306
v -0.169811 1.115546 -1.294306
v -0.218305 -0.000000 -1.260510
v -0.218305 1.115546 -1.260510
v -0.260166 -0.000000 -1.218845
v -0.260166 1.115546 -1.218845
v -0.294122 -0.000000 -1.170579
v -0.294122 1.115546 -1.170579
v -0.319141 -0.000000 -1.117177
v -0.319141 1.115546 -1.117177
v -0.409984 -0.000000 -0.936935
v -0.415094 -0.000000 -1.001565
v -0.409984 -0.000000 -1.066195
v -0.394778 -0.000000 -1.129234
v -0.369852 -0.000000 -1.189129
v -0.335818 -0.000000 -1.244406
v -0.293516 -0.000000 -1.293703
v -0.243986 -0.000000 -1.335807
v -0.188449 -0.000000 -1.369680
v -0.128271 -0.000000 -1.394490
v -0.064935 -0.000000 -1.409624
v 0.000000 -0.000000 -1.414711
v 0.064935 -0.000000 -1.409624
v 0.128271 -0.000000 -1.394490
v 0.188449 -0.000000 -1.369680
v 0.243986 -0.000000 -1.335807
v 0.293516 -0.000000 -1.293703
v 0.335818 -0.000000 -1.244406
v 0.369852 -0.000000 -1.189129
v 0.394778 -0.000000 -1.129234
v 0.409984 -0.000000 -1.066195
v 0.415094 -0.000000 -1.001565
v 0.409984 -0.000000 -0.936935
v 0.394778 -0.000000 -0.873896
v 0.369852 -0.000000 -0.814001
v 0.335818 -0.000000 -0.758724
v 0.293516 -0.000000 -0.709427
v 0.243986 -0.000000 -0.667323
v 0.188449 -0.000000 -0.633450
v 0.128271 -0.000000 -0.608640
v 0.064935 -0.000000 -0.593506
v 0.000000 -0.000000 -0.588419
v -0.064935 -0.000000 -0.593506
v -0.128271 -0.000000 -0.608640
v -0.188449 -0.000000 -0.633450
v -0.243986 -0.000000 -0.667323
v -0.293516 -0.000000 -0.709427
v -0.335818 -0.000000 -0.758724
v -0.369852 -0.000000 -0.814001
v -0.394778 -0.000000 -0.873896
v -0.334463 -0.000000 -2.061828
v -0.334463 1.115546 -2.061828
v -0.339623 -0.000000 -2.003130
v -0.339623 1.115546 -2.003130
v -0.334463 -0.000000 -1.944432
v -0.334463 1.115546 -1.944432
v -0.319141 -0.000000 -1.887518
v -0.319141 1.115546 -1.887518
v -0.294122 -0.000000 -1.834116
v -0.294122 1.115546 -1.834116
v -0.260166 -0.000000 -1.785850
v -0.260166 1.115546 -1.785850
v -0.218305 -0.000000 -1.744185
v -0.218305 1.115546 -1.744185
v -0.169811 -0.000000 -1.710389
v -0.169811 1.115546 -1.710389
v -0.116158 -0.000000 -1.685487
v -0.116158 1.115546 -1.685488
v -0.058975 -0.000000 -1.670237
v -0.058975 1.115546 -1.670237
v 0.000000 -0.000000 -1.665102
v 0.000000 1.115546 -1.665102
v 0.058975 -0.000000 -1.670237
v 0.058975 1.115546 -1.670237
v 0.116158 -0.000000 -1.685487
v 0.116158 1.115546 -1.685488
v 0.169811 -0.000000 -1.710389
v 0.169811 1.115546 -1.710389
v 0.218305 -0.000000 -1.744185
v 0.218305 1.115546 -1.744185
v 0.260166 -0.000000 -1.785850
v 0.260166 1.115546 -1.785850
v 0.294122 -0.000000 -1.834116
v 0.294122 1.115546 -1.834116
v 0.319141 -0.000000 -1.887518
v 0.319141 1.115546 -1.887518
v 0.334463 -0.000000 -1.944432
v 0.334463 1.115546 -1.944432
v 0.339623 -0.000000 -2.003130
v 0.339623 1.115546 -2.003130
v 0.334463 -0.000000 -2.061828
v 0.334463 1.115546 -2.061828
v 0.319141 -0.000000 -2.118742
v 0.319141 1.115546 -2.118743
v 0.294122 -0.000000 -2.172144
v 0.294122 1.115546 -2.172144
v 0.260166 -0.000000 -2.220410
v 0.260166 1.115546 -2.220411
v 0.218305 -0.000000 -2.262074
v 0.218305 1.115546 -2.262075
v 0.169811 -0.000000 -2.295871
v 0.169811 1.115546 -2.295871
v 0.116158 -0.000000 -2.320773
v 0.116158 1.115546 -2.320773
v 0.058975 -0.000000 -2.336023
v 0.058975 1.115546 -2.336023
v 0.000000 -0.000000 -2.341158
v 0.000000 1.115546 -2.341158
v -0.058975 -0.000000 -2.336023
v -0.058975 1.115546 -2.336023
v -0.116158 -0.000000 -2.320773
v -0.116158 1.115546 -2.320773
v -0.169811 -0.000000 -2.295871
v -0.169811 1.115546 -2.295871
v -0.218305 -0.000000 -2.262074
v -0.218305 1.115546 -2.262075
v -0.260166 -0.000000 -2.220410
v -0.260166 1.115546 -2.220411
v -0.294122 -0.000000 -2.172144
v -0.294122 1.115546 -2.172144
v -0.319141 -0.000000 -2.118742
v -0.319141 1.115546 -2.118743
v -0.409984 -0.000000 -1.938500
v -0.415094 -0.000000 -2.003130
v -0.409984 -0.000000 -2.067760
v -0.394778 -0.000000 -2.130799
v -0.369852 -0.000000 -2.190694
v -0.335818 -0.000000 -2.245971
v -0.293516 -0.000000 -2.295268
v -0.243986 -0.000000 -2.337372
v -0.188449 -0.000000 -2.371245
v -0.128271 -0.000000 -2.396055
v -0.064935 -0.000000 -2.411189
v 0.000000 -0.000000 -2.416276
v 0.064935 -0.000000 -2.411189
v 0.128271 -0.000000 -2.396055
v 0.188449 -0.000000 -2.371245
v 0.243986 -0.000000 -2.337372
v 0.293516 -0.000000 -2.295268
v 0.335818 -0.000000 -2.245971
v 0.369852 -0.000000 -2.190694
v 0.394778 -0.000000 -2.130799
v 0.409984 -0.000000 -2.067760
v 0.415094 -0.000000 -2.003130
v 0.409984 -0.000000 -1.938500
v 0.394778 -0.000000 -1.875461
v 0.369852 -0.000000 -1.815566
v 0.335818 -0.000000 -1.760289
v 0.293516 -0.000000 -1.710992
v 0.243986 -0.000000 -1.668888
v 0.188449 -0.000000 -1.635015
v 0.128271 -0.000000 -1.610205
v 0.064935 -0.000000 -1.595071
v 0.000000 -0.000000 -1.589984
v -0.064935 -0.000000 -1.595071
v -0.128271 -0.000000 -1.610205
v -0.188449 -0.000000 -1.635015
v -0.243986 -0.000000 -1.668888
v -0.293516 -0.000000 -1.710992
v -0.335818 -0.000000 -1.760289
v -0.369852 -0.000000 -1.815566
v -0.394778 -0.000000 -1.875461
v -0.334463 -0.000000 -3.063393
v -0.334463 1.115546 -3.063393
v -0.339623 -0.000000 -3.004695
v -0.339623 1.115546 -3.004695
v -0.334463 -0.000000 -2.945997
v -0.334463 1.115546 -2.945997
v -0.319141 -0.000000 -2.889082
v -0.319141 1.115546 -2.889083
v -0.294122 -0.000000 -2.835681
v -0.294122 1.115546 -2.835681
v -0.260166 -0.000000 -2.787415
v -0.260166 1.115546 -2.787415
v -0.218305 -0.000000 -2.745750
v -0.218305 1.115546 -2.745751
v -0.169811 -0.000000 -2.711954
v -0.169811 1.115546 -2.711954
v -0.116158 -0.000000 -2.687052
v -0.116158 1.115546 -2.687052
v -0.058975 -0.000000 -2.671802
v -0.058975 1.115546 -2.671802
v 0.000000 -0.000000 -2.666667
v 0.000000 1.115546 -2.666667
v 0.058975 -0.000000 -2.671802
v 0.058975 1.115546 -2.671802
v 0.116158 -0.000000 -2.687052
v 0.116158 1.115546 -2.687052
v 0.169811 -0.000000 -2.711954
v 0.169811 1.115546 -2.711954
v 0.218305 -0.000000 -2.745750
v 0.218305 1.115546 -2.745751
v 0.260166 -0.000000 -2.787415
v 0.260166 1.115546 -2.787415
v 0.294122 -0.000000 -2.835681
v 0.294122 1.115546 -2.835681
v 0.319141 -0.000000 -2.889082
v 0.319141 1.115546 -2.889083
v 0.334463 -0.000000 -2.945997
v 0.334463 1.115546 -2.945997
v 0.339623 -0.000000 -3.004695
v 0.339623 1.115546 -3.004695
v 0.334463 -0.000000 -3.063393
v 0.334463 1.115546 -3.063393
v 0.319141 -0.000000 -3.120307
v 0.319141 1.115546 -3.120308
v 0.294122 -0.000000 -3.173709
v 0.294122 1.115546 -3.173709
v 0.260166 -0.000000 -3.221975
v 0.260166 1.115546 -3.221976
v 0.218305 -0.000000 -3.263639
v 0.218305 1.115546 -3.263640
v 0.169811 -0.000000 -3.297436
v 0.169811 1.115546 -3.297436
v 0.116158 -0.000000 -3.322338
v 0.116158 1.115546 -3.322338
v 0.058975 -0.000000 -3.337588
v 0.058975 1.115546 -3.337588
v 0.000000 -0.000000 -3.342723
v 0.000000 1.115546 -3.342723
v -0.058975 -0.000000 -3.337588
v -0.058975 1.115546 -3.337588
v -0.116158 -0.000000 -3.322338
v -0.116158 1.115546 -3.322338
v -0.169811 -0.000000 -3.297436
v -0.169811 1.115546 -3.297436
v -0.218305 -0.000000 -3.263639
v -0.218305 1.115546 -3.263640
v -0.260166 -0.000000 -3.221975
v -0.260166 1.115546 -3.221976
v -0.294122 -0.000000 -3.173709
v -0.294122 1.115546 -3.173709
v -0.319141 -0.000000 -3.120307
v -0.319141 1.115546 -3.120308
v -0.409984 -0.000000 -2.940065
v -0.415094 -0.000000 -3.004695
v -0.409984 -0.000000 -3.069325
v -0.394778 -0.000000 -3.132364
v -0.369852 -0.000000 -3.192259
v -0.335818 -0.000000 -3.247536
v -0.293516 -0.000000 -3.296833
v -0.243986 -0.000000 -3.338937
v -0.188449 -0.000000 -3.372810
v -0.128271 -0.000000 -3.397620
v -0.064935 -0.000000 -3.412754
v 0.000000 -0.000000 -3.417840
v 0.064935 -0.000000 -3.412754
v 0.128271 -0.000000 -3.397620
v 0.188449 -0.000000 -3.372810
v 0.243986 -0.000000 -3.338937
v 0.293516 -0.000000 -3.296833
v 0.335818 -0.000000 -3.247536
v 0.369852 -0.000000 -3.192259
v 0.394778 -0.000000 -3.132364
v 0.409984 -0.000000 -3.069325
v 0.415094 -0.000000 -3.004695
v 0.409984 -0.000000 -2.940065
v 0.394778 -0.000000 -2.877026
v 0.369852 -0.000000 -2.817131
v 0.335818 -0.000000 -2.761854
v 0.293516 -0.000000 -2.712557
v 0.243986 -0.000000 -2.670453
v 0.188449 -0.000000 -2.636580
v 0.128271 -0.000000 -2.611770
v 0.064935 -0.000000 -2.596636
v 0.000000 -0.000000 -2.591549
v -0.064935 -0.000000 -2.596636
v -0.128271 -0.000000 -2.611770
v -0.188449 -0.000000 -2.636580
v -0.243986 -0.000000 -2.670453
v -0.293516 -0.000000 -2.712557
v -0.335818 -0.000000 -2.761854
v -0.369852 -0.000000 -2.817131
v -0.394778 -0.000000 -2.877026
v 0.471698 0.000000 3.906104
v 0.471698 0.000000 3.793427
v 0.534591 0.000000 3.793427
v 0.534591 0.000000 3.906104
v -0.471698 0.000000 3.906104
v -0.534591 0.000000 3.906104
v -0.534591 0.000000 3.793427
v -0.471698 0.000000 3.793427
v -0.905660 0.000000 3.906104
v 0.534591 -0.000000 -3.906104
v 0.534591 -0.000000 -3.793427
v 0.471698 -0.000000 -3.793427
v 0.471698 -0.000000 -3.906104
v 0.905660 -0.000000 -3.906104
v -0.471698 -0.000000 -3.906104
v -0.471698 -0.000000 -3.793427
v -0.534591 -0.000000 -3.793427
v -0.534591 -0.000000 -3.906104
v -0.792453 0.000000 3.536776
v -0.905660 0.000000 3.536776
v -0.905660 0.000000 3.474179
v -0.792453 0.000000 3.474179
v -0.905660 0.000000 2.535211
v -0.792453 0.000000 2.535211
v -0.905660 0.000000 2.472614
v -0.792453 0.000000 2.472614
v -0.905660 0.000000 1.533646
v -0.792453 0.000000 1.533646
v -0.905660 0.000000 1.471049
v -0.792453 0.000000 1.471049
v -0.905660 0.000000 0.532081
v -0.792453 0.000000 0.532081
v -0.905660 0.000000 0.469484
v -0.792453 0.000000 0.469484
v -0.905660 -0.000000 -0.469484
v -0.792453 -0.000000 -0.469484
v -0.905660 -0.000000 -0.532081
v -0.792453 -0.000000 -0.532081
v -0.905660 -0.000000 -1.471049
v -0.792453 -0.000000 -1.471049
v -0.905660 -0.000000 -1.533646
v -0.792453 -0.000000 -1.533646
v -0.905660 -0.000000 -2.472614
v -0.792453 -0.000000 -2.472614
v -0.905660 -0.000000 -2.535211
v -0.792453 -0.000000 -2.535211
v -0.905660 -0.000000 -3.474179
v -0.792453 -0.000000 -3.474179
v -0.905660 -0.000000 -3.536776
v -0.792453 -0.000000 -3.536776
v -0.905660 -0.000000 -3.906104
v 0.905660 0.000000 3.536776
v 0.792453 0.000000 3.536776
v 0.792453 0.000000 3.474179
v 0.905660 0.000000 3.474179
v 0.905660 0.000000 2.535211
v 0.905660 0.000000 3.906104
v 0.792453 0.000000 2.535211
v 0.792453 0.000000 2.472614
v 0.905660 0.000000 2.472614
v 0.905660 0.000000 1.533646
v 0.792453 0.000000 1.533646
v 0.792453 0.000000 1.471049
v 0.905660 0.000000 1.471049
v 0.905660 0.000000 0.532081
v 0.792453 0.000000 0.532081
v 0.792453 0.000000 0.469484
v 0.905660 0.000000 0.469484
v 0.905660 -0.000000 -0.469484
v 0.792453 -0.000000 -0.469484
v 0.792453 -0.000000 -0.532081
v 0.905660 -0.000000 -0.532081
v 0.905660 -0.000000 -1.471049
v 0.792453 -0.000000 -1.471049
v 0.792453 -0.000000 -1.533646
v 0.905660 -0.000000 -1.533646
v 0.905660 -0.000000 -2.472614
v 0.792453 -0.000000 -2.472614
v 0.792453 -0.000000 -2.535211
v 0.905660 -0.000000 -2.535211
v 0.905660 -0.000000 -3.474179
v 0.792453 -0.000000 -3.474179
v 0.792453 -0.000000 -3.536776
v 0.905660 -0.000000 -3.536776
vn -0.9751 0.1945 -0.1066
vn -0.9870 0.1297 -0.0947
vn -0.9870 0.1297 0.0947
vn -0.9206 0.3805 0.0883
vn -0.7917 0.6062 0.0760
vn -0.7917 0.6062 0.0759
vn -0.6085 0.7914 0.0584
vn -0.3831 0.9230 0.0368
vn -0.1320 0.9912 0.0129
vn -0.1308 0.9913 0.0125
vn -0.1343 0.9909 0.0135
vn -0.1355 0.9907 0.0138
vn -0.9566 0.0725 -0.2822
vn -0.9195 0.2400 -0.3113
vn -0.8875 0.0331 -0.4597
vn -0.8246 0.2673 -0.4985
vn -0.7846 0.0122 -0.6199
vn -0.6959 0.2775 -0.6623
vn -0.6531 0.0099 -0.7572
vn -0.5385 0.2710 -0.7979
vn -0.4981 0.0260 -0.8667
vn -0.3571 0.2477 -0.9006
vn -0.3251 0.0607 -0.9437
vn -0.1576 0.2068 -0.9656
vn -0.1408 0.1133 -0.9835
vn 0.0469 0.1459 -0.9882
vn 0.0438 0.3790 -0.9244
vn 0.2172 0.3790 -0.8995
vn 0.2172 0.3791 -0.8995
vn 0.1870 0.6045 -0.7744
vn 0.1870 0.6045 -0.7743
vn 0.3296 0.6047 -0.7251
vn 0.2536 0.7902 -0.5579
vn 0.2536 0.7903 -0.5579
vn 0.3541 0.7905 -0.4997
vn 0.3542 0.7905 -0.4997
vn 0.3542 0.7904 -0.4997
vn 0.2231 0.9225 -0.3148
vn 0.2784 0.9227 -0.2667
vn 0.2784 0.9227 -0.2668
vn 0.0867 0.9928 -0.0831
vn 0.1201 0.9892 -0.0839
vn 0.1028 0.9925 -0.0664
vn 0.1310 0.9898 -0.0565
vn 0.1164 0.9921 -0.0468
vn 0.1355 0.9904 -0.0280
vn 0.1291 0.9913 -0.0255
vn 0.1333 0.9907 -0.0271
vn 0.1268 0.9916 -0.0246
vn 0.1338 0.9910 -0.0000
vn 0.1339 0.9910 -0.0000
vn 0.3849 0.9230 -0.0000
vn 0.6113 0.7914 -0.0000
vn 0.7953 0.6062 -0.0000
vn 0.9248 0.3805 -0.0000
vn 0.9864 0.1645 -0.0000
vn 0.9769 0.0989 0.1892
vn 0.9526 0.2196 0.2107
vn 0.9266 0.0505 0.3727
vn 0.8766 0.2558 0.4075
vn 0.8399 0.0203 0.5423
vn 0.7642 0.2745 0.5837
vn 0.7221 0.0087 0.6917
vn 0.6205 0.2763 0.7339
vn 0.5782 0.0156 0.8158
vn 0.4504 0.2615 0.8537
vn 0.4134 0.0411 0.9096
vn 0.2593 0.2295 0.9381
vn 0.2339 0.0848 0.9686
vn 0.0530 0.1793 0.9824
vn 0.0469 0.1459 0.9882
vn -0.1408 0.1133 0.9835
vn -0.1311 0.3790 0.9160
vn -0.1311 0.3790 0.9161
vn -0.3014 0.3792 0.8749
vn -0.3014 0.3791 0.8749
vn -0.2594 0.6046 0.7531
vn -0.3967 0.6049 0.6904
vn -0.3968 0.6049 0.6905
vn -0.3052 0.7904 0.5312
vn -0.3999 0.7906 0.4637
vn -0.2519 0.9226 0.2921
vn -0.3024 0.9227 0.2390
vn -0.0951 0.9926 0.0751
vn -0.1263 0.9895 0.0704
vn -0.1099 0.9923 0.0569
vn -0.1341 0.9901 0.0423
vn -0.1252 0.9914 0.0377
vn -0.1309 0.9906 0.0406
vn -0.1220 0.9919 0.0360
vn 0.0530 0.1793 -0.9824
vn 0.2339 0.0848 -0.9686
vn 0.3829 0.3793 -0.8423
vn 0.3829 0.3792 -0.8424
vn 0.4604 0.6050 -0.6496
vn 0.4421 0.7907 -0.4235
vn 0.3237 0.9228 -0.2090
vn 0.2593 0.2296 -0.9381
vn 0.4135 0.0411 -0.9096
vn 0.5350 0.3795 -0.7548
vn 0.5747 0.6054 -0.5506
vn 0.5748 0.6054 -0.5506
vn 0.5140 0.7910 -0.3319
vn 0.3572 0.9229 -0.1437
vn 0.4505 0.2615 -0.8537
vn 0.5782 0.0157 -0.8158
vn 0.6680 0.3798 -0.6399
vn 0.6680 0.3798 -0.6400
vn 0.5748 0.6053 -0.5506
vn 0.6685 0.6057 -0.4316
vn 0.5674 0.7912 -0.2282
vn 0.3779 0.9230 -0.0732
vn 0.6205 0.2763 -0.7339
vn 0.7221 0.0087 -0.6917
vn 0.7771 0.3800 -0.5017
vn 0.7771 0.3801 -0.5017
vn 0.7380 0.6060 -0.2969
vn 0.6002 0.7914 -0.1162
vn 0.6002 0.7913 -0.1162
vn 0.7642 0.2745 -0.5837
vn 0.8399 0.0203 -0.5423
vn 0.7770 0.3801 -0.5017
vn 0.8581 0.3803 -0.3451
vn 0.7380 0.6059 -0.2969
vn 0.7808 0.6061 -0.1512
vn 0.8766 0.2559 -0.4075
vn 0.9266 0.0505 -0.3727
vn 0.9079 0.3805 -0.1758
vn 0.9526 0.2196 -0.2107
vn 0.9769 0.0989 -0.1892
vn -0.1576 0.2068 0.9656
vn -0.3251 0.0607 0.9437
vn -0.3014 0.3790 0.8749
vn -0.4610 0.3793 0.8022
vn -0.4610 0.3794 0.8022
vn -0.3968 0.6048 0.6905
vn -0.5199 0.6052 0.6029
vn -0.4802 0.7909 0.3794
vn -0.3025 0.9227 0.2390
vn -0.3420 0.9228 0.1772
vn -0.3571 0.2477 0.9006
vn -0.4981 0.0260 0.8667
vn -0.4610 0.3795 0.8022
vn -0.6042 0.3796 0.7006
vn -0.6244 0.6055 0.4934
vn -0.5432 0.7911 0.2813
vn -0.5431 0.7911 0.2813
vn -0.3693 0.9229 0.1089
vn -0.3692 0.9229 0.1089
vn -0.5385 0.2710 0.7979
vn -0.6531 0.0098 0.7572
vn -0.6042 0.3797 0.7006
vn -0.7258 0.3799 0.5735
vn -0.7065 0.6058 0.3659
vn -0.7064 0.6058 0.3659
vn -0.5865 0.7913 0.1730
vn -0.6959 0.2775 0.6623
vn -0.7846 0.0122 0.6199
vn -0.8213 0.3802 0.4254
vn -0.7629 0.6061 0.2251
vn -0.8246 0.2673 0.4985
vn -0.8875 0.0331 0.4597
vn -0.8870 0.3804 0.2617
vn -0.9195 0.2400 0.3113
vn -0.9566 0.0725 0.2822
vn -0.9751 0.1945 0.1066
vn -0.1122 0.9890 0.0968
vn -0.0778 0.9929 0.0902
vn -0.1923 0.9225 0.3347
vn -0.1996 0.7902 0.5794
vn -0.1996 0.7902 0.5795
vn -0.1996 0.7901 0.5795
vn -0.1129 0.6045 0.7886
vn -0.1129 0.6044 0.7886
vn -0.1311 0.3791 0.9160
vn 0.0438 0.3790 0.9244
vn -0.0923 0.9885 0.1198
vn -0.0586 0.9931 0.1020
vn -0.1258 0.9224 0.3652
vn -0.0869 0.7900 0.6069
vn -0.0868 0.7900 0.6069
vn -0.0868 0.7901 0.6069
vn 0.0377 0.6044 0.7958
vn 0.0377 0.6045 0.7957
vn 0.2172 0.3790 0.8995
vn 0.2172 0.3791 0.8995
vn -0.0673 0.9882 0.1379
vn -0.0380 0.9932 0.1103
vn -0.0547 0.9223 0.3825
vn -0.0868 0.7901 0.6068
vn 0.0290 0.7900 0.6124
vn 0.1870 0.6045 0.7743
vn 0.1870 0.6045 0.7744
vn 0.3829 0.3793 0.8424
vn 0.3829 0.3792 0.8424
vn -0.0387 0.9879 0.1500
vn -0.0164 0.9932 0.1149
vn 0.0183 0.9223 0.3859
vn 0.1439 0.7901 0.5958
vn 0.1439 0.7901 0.5959
vn 0.3296 0.6047 0.7251
vn 0.5350 0.3796 0.7548
vn 0.5350 0.3795 0.7548
vn -0.0078 0.9878 0.1554
vn 0.0055 0.9933 0.1158
vn 0.0183 0.9223 0.3860
vn 0.0907 0.9224 0.3755
vn 0.2535 0.7903 0.5578
vn 0.2536 0.7903 0.5578
vn 0.2536 0.7902 0.5579
vn 0.4604 0.6050 0.6496
vn 0.6680 0.3798 0.6400
vn 0.6680 0.3798 0.6399
vn 0.0234 0.9879 0.1536
vn 0.0273 0.9932 0.1130
vn 0.1598 0.9224 0.3515
vn 0.3542 0.7905 0.4997
vn 0.3542 0.7904 0.4997
vn 0.5747 0.6054 0.5506
vn 0.5748 0.6054 0.5506
vn 0.7771 0.3801 0.5017
vn 0.0534 0.9880 0.1448
vn 0.0484 0.9931 0.1066
vn 0.2231 0.9226 0.3148
vn 0.2231 0.9225 0.3148
vn 0.4420 0.7907 0.4235
vn 0.4421 0.7907 0.4235
vn 0.6685 0.6057 0.4316
vn 0.8580 0.3803 0.3451
vn 0.8581 0.3803 0.3451
vn 0.0803 0.9883 0.1295
vn 0.0684 0.9930 0.0965
vn 0.2784 0.9227 0.2668
vn 0.2784 0.9227 0.2667
vn 0.5140 0.7910 0.3319
vn 0.7380 0.6060 0.2969
vn 0.9079 0.3805 0.1758
vn 0.1029 0.9887 0.1088
vn 0.0867 0.9928 0.0831
vn 0.3237 0.9228 0.2090
vn 0.5674 0.7912 0.2282
vn 0.7380 0.6060 0.2968
vn 0.7808 0.6061 0.1512
vn 0.7809 0.6061 0.1512
vn 0.1201 0.9892 0.0839
vn 0.1028 0.9925 0.0664
vn 0.3572 0.9229 0.1437
vn 0.6002 0.7913 0.1162
vn 0.6002 0.7914 0.1162
vn 0.1310 0.9898 0.0565
vn 0.1164 0.9921 0.0468
vn 0.3779 0.9229 0.0732
vn 0.3779 0.9230 0.0732
vn 0.1355 0.9904 0.0280
vn 0.1333 0.9907 0.0271
vn 0.1291 0.9913 0.0255
vn 0.1268 0.9916 0.0246
vn 0.1029 0.9887 -0.1088
vn 0.0684 0.9930 -0.0965
vn 0.1598 0.9224 -0.3515
vn 0.1439 0.7901 -0.5959
vn 0.0377 0.6044 -0.7958
vn -0.1311 0.3790 -0.9161
vn -0.1311 0.3790 -0.9160
vn 0.0803 0.9883 -0.1295
vn 0.0484 0.9931 -0.1066
vn 0.0907 0.9224 -0.3755
vn 0.0290 0.7900 -0.6125
vn 0.0290 0.7900 -0.6124
vn -0.1129 0.6044 -0.7886
vn -0.1129 0.6045 -0.7886
vn -0.3014 0.3791 -0.8749
vn 0.0534 0.9880 -0.1448
vn 0.0273 0.9932 -0.1130
vn 0.0183 0.9223 -0.3859
vn 0.0183 0.9223 -0.3860
vn -0.0868 0.7900 -0.6069
vn -0.1128 0.6045 -0.7886
vn -0.2594 0.6046 -0.7531
vn -0.4610 0.3794 -0.8022
vn -0.4610 0.3793 -0.8022
vn 0.0234 0.9879 -0.1536
vn 0.0055 0.9933 -0.1158
vn -0.0547 0.9223 -0.3825
vn -0.1996 0.7902 -0.5795
vn -0.3967 0.6049 -0.6904
vn -0.3968 0.6049 -0.6904
vn -0.6042 0.3796 -0.7006
vn -0.6042 0.3797 -0.7006
vn -0.0078 0.9878 -0.1554
vn -0.0164 0.9932 -0.1149
vn -0.1258 0.9224 -0.3652
vn -0.3053 0.7903 -0.5312
vn -0.3052 0.7904 -0.5312
vn -0.5199 0.6052 -0.6029
vn -0.7258 0.3799 -0.5735
vn -0.0387 0.9879 -0.1500
vn -0.0380 0.9932 -0.1103
vn -0.1923 0.9225 -0.3347
vn -0.3999 0.7906 -0.4637
vn -0.6244 0.6055 -0.4934
vn -0.8213 0.3802 -0.4254
vn -0.0673 0.9882 -0.1379
vn -0.0586 0.9931 -0.1020
vn -0.2519 0.9226 -0.2921
vn -0.4802 0.7908 -0.3794
vn -0.4802 0.7909 -0.3794
vn -0.7065 0.6058 -0.3659
vn -0.8870 0.3804 -0.2617
vn -0.0923 0.9885 -0.1198
vn -0.0778 0.9929 -0.0902
vn -0.3024 0.9227 -0.2390
vn -0.5431 0.7911 -0.2813
vn -0.5432 0.7911 -0.2813
vn -0.7629 0.6061 -0.2251
vn -0.9206 0.3805 -0.0883
vn -0.1122 0.9890 -0.0968
vn -0.0951 0.9926 -0.0751
vn -0.3420 0.9228 -0.1772
vn -0.5865 0.7913 -0.1730
vn -0.7917 0.6062 -0.0760
vn -0.7917 0.6062 -0.0759
vn -0.1263 0.9895 -0.0704
vn -0.1099 0.9923 -0.0569
vn -0.3692 0.9229 -0.1089
vn -0.3693 0.9229 -0.1089
vn -0.6085 0.7914 -0.0584
vn -0.1341 0.9901 -0.0423
vn -0.1309 0.9906 -0.0406
vn -0.1252 0.9914 -0.0377
vn -0.1220 0.9919 -0.0360
vn -0.3831 0.9230 -0.0368
vn -0.1355 0.9907 -0.0138
vn -0.1343 0.9909 -0.0135
vn -0.1320 0.9912 -0.0129
vn -0.1308 0.9913 -0.0125
vn -0.0000 1.0000 -0.0000
vn -0.9941 -0.0000 -0.1086
vn -0.9941 -0.0000 0.1086
vn -0.9472 -0.0000 0.3207
vn -0.8558 -0.0000 0.5173
vn -0.7244 -0.0000 0.6894
vn -0.5594 -0.0000 0.8289
vn -0.3686 -0.0000 0.9296
vn -0.1610 -0.0000 0.9869
vn 0.0539 -0.0000 0.9985
vn 0.2664 -0.0000 0.9639
vn 0.4667 -0.0000 0.8844
vn 0.6456 -0.0000 0.7637
vn 0.7947 -0.0000 0.6070
vn 0.9068 -0.0000 0.4215
vn 0.9764 -0.0000 0.2159
vn 1.0000 -0.0000 -0.0000
vn 0.9764 -0.0000 -0.2159
vn 0.9068 -0.0000 -0.4215
vn 0.7947 -0.0000 -0.6070
vn 0.6456 -0.0000 -0.7637
vn 0.4667 -0.0000 -0.8844
vn 0.2664 -0.0000 -0.9639
vn 0.0539 -0.0000 -0.9985
vn -0.1610 -0.0000 -0.9869
vn -0.3686 -0.0000 -0.9296
vn -0.5594 -0.0000 -0.8289
vn -0.7244 -0.0000 -0.6894
vn -0.8558 -0.0000 -0.5173
vn -0.9472 -0.0000 -0.3207
vn 0.9873 0.1297 -0.0919
vn 0.9873 0.1297 0.0919
vn 0.9534 0.1297 0.2725
vn 0.9534 0.1296 0.2725
vn 0.8868 0.1296 0.4436
vn 0.8868 0.1296 0.4437
vn 0.7899 0.1295 0.5994
vn 0.7899 0.1295 0.5993
vn 0.6663 0.1294 0.7344
vn 0.5202 0.1293 0.8442
vn 0.5202 0.1292 0.8442
vn 0.3568 0.1291 0.9252
vn 0.3567 0.1292 0.9252
vn 0.1814 0.1292 0.9749
vn 0.1814 0.1291 0.9749
vn -0.0000 0.1292 0.9916
vn -0.0000 0.1291 0.9916
vn -0.0000 0.1290 0.9916
vn -0.1814 0.1291 0.9749
vn -0.3568 0.1292 0.9252
vn -0.3568 0.1291 0.9252
vn -0.5202 0.1293 0.8442
vn -0.6663 0.1294 0.7344
vn -0.7899 0.1295 0.5994
vn -0.8868 0.1296 0.4436
vn -0.8868 0.1296 0.4437
vn -0.9534 0.1297 0.2725
vn -0.9873 0.1297 0.0919
vn -0.9873 0.1297 -0.0919
vn -0.9534 0.1297 -0.2725
vn -0.8868 0.1296 -0.4436
vn -0.8868 0.1296 -0.4437
vn -0.7899 0.1295 -0.5994
vn -0.6663 0.1294 -0.7344
vn -0.5202 0.1293 -0.8442
vn -0.5202 0.1292 -0.8442
vn -0.3568 0.1291 -0.9252
vn -0.3567 0.1292 -0.9252
vn -0.1814 0.1291 -0.9749
vn -0.0000 0.1291 -0.9916
vn 0.1814 0.1291 -0.9749
vn 0.3568 0.1292 -0.9252
vn 0.3568 0.1291 -0.9252
vn 0.5202 0.1293 -0.8442
vn 0.6663 0.1294 -0.7344
vn 0.7899 0.1295 -0.5993
vn 0.7899 0.1295 -0.5994
vn 0.8868 0.1296 -0.4436
vn 0.9534 0.1297 -0.2725
vn 0.1263 0.9919 0.0125
vn 0.1296 0.9915 0.0123
vn 0.1274 0.9918 0.0124
vn 0.1307 0.9913 0.0122
vn 0.1274 0.9918 -0.0124
vn 0.1307 0.9913 -0.0122
vn 0.1296 0.9915 -0.0123
vn 0.3831 0.9230 -0.0357
vn 0.6086 0.7915 -0.0567
vn 0.7918 0.6063 -0.0737
vn 0.9208 0.3806 -0.0857
vn 0.1306 0.9907 0.0373
vn 0.1212 0.9920 0.0363
vn 0.1272 0.9912 0.0370
vn 0.1179 0.9924 0.0359
vn 0.1251 0.9902 0.0626
vn 0.1060 0.9927 0.0569
vn 0.1144 0.9896 0.0868
vn 0.0910 0.9930 0.0751
vn 0.0987 0.9892 0.1088
vn 0.0735 0.9932 0.0900
vn 0.0784 0.9888 0.1273
vn 0.0540 0.9934 0.1015
vn 0.0545 0.9885 0.1413
vn 0.0330 0.9935 0.1093
vn 0.0279 0.9883 0.1501
vn 0.0111 0.9935 0.1132
vn -0.0000 0.9882 0.1531
vn -0.0111 0.9935 0.1132
vn -0.0279 0.9883 0.1501
vn -0.0330 0.9935 0.1093
vn -0.0545 0.9885 0.1413
vn -0.0540 0.9934 0.1015
vn -0.0784 0.9888 0.1273
vn -0.0735 0.9932 0.0900
vn -0.0987 0.9892 0.1088
vn -0.0910 0.9930 0.0751
vn -0.1145 0.9896 0.0868
vn -0.1060 0.9927 0.0569
vn -0.1251 0.9902 0.0626
vn -0.1272 0.9912 0.0370
vn -0.1179 0.9924 0.0359
vn -0.1212 0.9920 0.0363
vn -0.1306 0.9907 0.0373
vn -0.1296 0.9915 0.0123
vn -0.1263 0.9919 0.0125
vn -0.1274 0.9918 0.0124
vn -0.1307 0.9913 0.0122
vn -0.1307 0.9913 -0.0122
vn -0.1275 0.9918 -0.0124
vn -0.1296 0.9915 -0.0123
vn -0.3831 0.9230 -0.0357
vn -0.3700 0.9230 -0.1058
vn -0.3701 0.9230 -0.1058
vn -0.5878 0.7914 -0.1680
vn -0.5469 0.7912 -0.2736
vn -0.7114 0.6060 -0.3559
vn -0.7115 0.6059 -0.3559
vn -0.7114 0.6059 -0.3559
vn -0.6339 0.6057 -0.4810
vn -0.7369 0.3800 -0.5591
vn -0.7369 0.3801 -0.5591
vn -0.6216 0.3797 -0.6851
vn -0.6216 0.3798 -0.6851
vn -0.1263 0.9919 -0.0125
vn -0.1306 0.9907 -0.0373
vn -0.1212 0.9920 -0.0363
vn -0.1272 0.9912 -0.0370
vn -0.3444 0.9229 -0.1723
vn -0.5470 0.7912 -0.2736
vn -0.4874 0.7910 -0.3698
vn -0.5349 0.6053 -0.5895
vn -0.4854 0.3795 -0.7876
vn -0.1179 0.9924 -0.0359
vn -0.1251 0.9902 -0.0626
vn -0.3070 0.9228 -0.2329
vn -0.4114 0.7907 -0.4534
vn -0.4177 0.6050 -0.6778
vn -0.3329 0.3793 -0.8633
vn -0.1060 0.9927 -0.0569
vn -0.1144 0.9896 -0.0868
vn -0.2591 0.9227 -0.2856
vn -0.3213 0.7905 -0.5214
vn -0.2865 0.6048 -0.7431
vn -0.2865 0.6047 -0.7431
vn -0.1693 0.3792 -0.9097
vn -0.1693 0.3791 -0.9098
vn -0.0910 0.9930 -0.0751
vn -0.0987 0.9892 -0.1088
vn -0.2025 0.9225 -0.3285
vn -0.2024 0.9225 -0.3285
vn -0.2205 0.7902 -0.5718
vn -0.2205 0.7903 -0.5718
vn -0.2205 0.7903 -0.5717
vn -0.1457 0.6046 -0.7831
vn -0.0000 0.3790 -0.9254
vn -0.0000 0.3791 -0.9254
vn -0.0735 0.9932 -0.0900
vn -0.0784 0.9888 -0.1273
vn -0.1389 0.9225 -0.3602
vn -0.1389 0.9224 -0.3603
vn -0.1121 0.7901 -0.6026
vn -0.0000 0.6046 -0.7966
vn -0.0000 0.6045 -0.7966
vn 0.1693 0.3792 -0.9097
vn 0.1693 0.3790 -0.9098
vn -0.0540 0.9934 -0.1015
vn -0.0545 0.9885 -0.1413
vn -0.0707 0.9224 -0.3798
vn -0.0707 0.9224 -0.3797
vn -0.0000 0.7901 -0.6130
vn 0.1457 0.6046 -0.7831
vn 0.3329 0.3793 -0.8633
vn -0.0330 0.9935 -0.1093
vn -0.0279 0.9883 -0.1501
vn -0.0000 0.9224 -0.3863
vn 0.1121 0.7901 -0.6026
vn 0.2865 0.6048 -0.7431
vn 0.2865 0.6047 -0.7431
vn 0.4854 0.3795 -0.7876
vn -0.0111 0.9935 -0.1132
vn -0.0000 0.9882 -0.1531
vn 0.0707 0.9224 -0.3798
vn 0.0707 0.9224 -0.3797
vn 0.2204 0.7903 -0.5717
vn 0.2205 0.7902 -0.5718
vn 0.4178 0.6050 -0.6779
vn 0.4177 0.6050 -0.6778
vn 0.6216 0.3797 -0.6851
vn 0.6216 0.3798 -0.6851
vn 0.0111 0.9935 -0.1132
vn 0.0279 0.9883 -0.1501
vn 0.0706 0.9224 -0.3797
vn 0.1389 0.9225 -0.3602
vn 0.3213 0.7905 -0.5214
vn 0.5349 0.6053 -0.5895
vn 0.5349 0.6054 -0.5895
vn 0.7369 0.3801 -0.5591
vn 0.7369 0.3800 -0.5591
vn 0.0330 0.9935 -0.1093
vn 0.0545 0.9885 -0.1413
vn 0.2025 0.9225 -0.3285
vn 0.2024 0.9226 -0.3285
vn 0.4114 0.7907 -0.4534
vn 0.5348 0.6054 -0.5895
vn 0.6339 0.6057 -0.4810
vn 0.6339 0.6056 -0.4810
vn 0.8271 0.3803 -0.4138
vn 0.0540 0.9934 -0.1015
vn 0.0784 0.9888 -0.1273
vn 0.2591 0.9227 -0.2856
vn 0.4874 0.7910 -0.3698
vn 0.7114 0.6060 -0.3559
vn 0.8892 0.3805 -0.2542
vn 0.0735 0.9932 -0.0900
vn 0.0987 0.9892 -0.1088
vn 0.3070 0.9228 -0.2329
vn 0.5469 0.7912 -0.2736
vn 0.5470 0.7912 -0.2736
vn 0.7647 0.6062 -0.2186
vn 0.0910 0.9930 -0.0751
vn 0.1145 0.9896 -0.0868
vn 0.3444 0.9229 -0.1723
vn 0.5878 0.7914 -0.1680
vn 0.1060 0.9927 -0.0569
vn 0.1251 0.9902 -0.0626
vn 0.3700 0.9230 -0.1058
vn 0.1179 0.9924 -0.0359
vn 0.1212 0.9920 -0.0363
vn 0.1272 0.9912 -0.0370
vn 0.1306 0.9907 -0.0373
vn 0.1263 0.9919 -0.0125
vn -0.9208 0.3806 -0.0857
vn -0.8892 0.3805 -0.2542
vn -0.8271 0.3803 -0.4138
vn -0.7918 0.6063 -0.0737
vn -0.7647 0.6062 -0.2186
vn -0.9208 0.3806 0.0857
vn -0.8892 0.3805 0.2542
vn -0.8271 0.3803 0.4138
vn -0.7369 0.3801 0.5591
vn -0.6216 0.3798 0.6851
vn -0.6216 0.3797 0.6851
vn -0.4854 0.3795 0.7876
vn -0.3329 0.3792 0.8633
vn -0.3329 0.3793 0.8633
vn -0.1693 0.3791 0.9097
vn -0.1693 0.3792 0.9097
vn -0.0000 0.3790 0.9254
vn -0.0000 0.3791 0.9254
vn 0.1693 0.3790 0.9098
vn 0.1692 0.3792 0.9097
vn 0.3329 0.3793 0.8633
vn 0.4854 0.3795 0.7876
vn 0.6216 0.3798 0.6851
vn 0.6216 0.3797 0.6851
vn 0.7368 0.3801 0.5591
vn 0.7369 0.3801 0.5591
vn 0.7369 0.3800 0.5591
vn 0.8271 0.3803 0.4138
vn 0.8892 0.3805 0.2542
vn 0.9208 0.3806 0.0857
vn -0.6086 0.7915 -0.0567
vn -0.7918 0.6063 0.0737
vn -0.7647 0.6062 0.2186
vn -0.7114 0.6059 0.3559
vn -0.7114 0.6060 0.3559
vn -0.6339 0.6057 0.4810
vn -0.5348 0.6054 0.5895
vn -0.5349 0.6053 0.5895
vn -0.4177 0.6050 0.6778
vn -0.2865 0.6047 0.7432
vn -0.2865 0.6047 0.7431
vn -0.2865 0.6048 0.7431
vn -0.1457 0.6046 0.7831
vn -0.0000 0.6045 0.7966
vn -0.0000 0.6046 0.7966
vn 0.1457 0.6046 0.7831
vn 0.2865 0.6047 0.7431
vn 0.4177 0.6050 0.6778
vn 0.5349 0.6053 0.5895
vn 0.5348 0.6054 0.5895
vn 0.6339 0.6056 0.4810
vn 0.6339 0.6057 0.4810
vn 0.7114 0.6060 0.3559
vn 0.7647 0.6062 0.2186
vn 0.7918 0.6063 0.0737
vn -0.3831 0.9230 0.0357
vn -0.6086 0.7915 0.0567
vn -0.5878 0.7914 0.1680
vn -0.5469 0.7912 0.2736
vn -0.4874 0.7910 0.3698
vn -0.4114 0.7907 0.4534
vn -0.3213 0.7905 0.5214
vn -0.2204 0.7903 0.5717
vn -0.1121 0.7901 0.6026
vn -0.0000 0.7901 0.6130
vn 0.1121 0.7901 0.6026
vn 0.2205 0.7903 0.5717
vn 0.2205 0.7902 0.5718
vn 0.3214 0.7905 0.5214
vn 0.3213 0.7905 0.5214
vn 0.4114 0.7907 0.4534
vn 0.4874 0.7910 0.3698
vn 0.5470 0.7912 0.2736
vn 0.5469 0.7912 0.2736
vn 0.5878 0.7914 0.1680
vn 0.6086 0.7915 0.0567
vn 0.3831 0.9230 0.0357
vn -0.3700 0.9230 0.1058
vn -0.3444 0.9229 0.1723
vn -0.3070 0.9228 0.2329
vn -0.2591 0.9227 0.2856
vn -0.2025 0.9225 0.3285
vn -0.2024 0.9226 0.3285
vn -0.1389 0.9225 0.3602
vn -0.1389 0.9224 0.3603
vn -0.0707 0.9224 0.3798
vn -0.0706 0.9224 0.3797
vn -0.0000 0.9224 0.3863
vn 0.0707 0.9224 0.3797
vn 0.1389 0.9225 0.3602
vn 0.2025 0.9225 0.3285
vn 0.2024 0.9225 0.3285
vn 0.2591 0.9227 0.2856
vn 0.3070 0.9228 0.2329
vn 0.3069 0.9228 0.2329
vn 0.3444 0.9229 0.1723
vn 0.3700 0.9230 0.1058
vn 0.3701 0.9230 0.1058
vn 0.9957 -0.0000 -0.0927
vn 0.9957 -0.0000 0.0927
vn 0.9615 -0.0000 0.2749
vn 0.8943 -0.0000 0.4474
vn 0.7967 -0.0000 0.6044
vn 0.6720 -0.0000 0.7406
vn 0.5246 -0.0000 0.8513
vn 0.3598 -0.0000 0.9330
vn 0.1829 -0.0000 0.9831
vn -0.0000 -0.0000 1.0000
vn -0.1829 -0.0000 0.9831
vn -0.3598 -0.0000 0.9330
vn -0.5246 -0.0000 0.8513
vn -0.6720 -0.0000 0.7406
vn -0.7967 -0.0000 0.6044
vn -0.8943 -0.0000 0.4474
vn -0.9615 -0.0000 0.2749
vn -0.9957 -0.0000 0.0927
vn -0.9957 -0.0000 -0.0927
vn -0.9615 -0.0000 -0.2749
vn -0.8943 -0.0000 -0.4474
vn -0.7967 -0.0000 -0.6044
vn -0.6720 -0.0000 -0.7406
vn -0.5246 -0.0000 -0.8513
vn -0.3598 -0.0000 -0.9330
vn -0.1829 -0.0000 -0.9831
vn -0.0000 -0.0000 -1.0000
vn 0.1829 -0.0000 -0.9831
vn 0.3598 -0.0000 -0.9330
vn 0.5246 -0.0000 -0.8513
vn 0.6720 -0.0000 -0.7406
vn 0.7967 -0.0000 -0.6044
vn 0.8943 -0.0000 -0.4474
vn 0.9615 -0.0000 -0.2749
vn -0.9751 0.1945 -0.1065
vn -0.5384 0.2710 -0.7979
vn -0.4981 0.0261 -0.8667
vn 0.3296 0.6048 -0.7250
vn 0.1200 0.9892 -0.0839
vn 0.8766 0.2559 0.4075
vn 0.7642 0.2744 0.5837
vn 0.5782 0.0157 0.8158
vn 0.2592 0.2296 0.9381
vn -0.3053 0.7903 0.5312
vn -0.1252 0.9914 0.0376
vn 0.3295 0.6048 -0.7250
vn 0.4604 0.6051 -0.6496
vn 0.2592 0.2296 -0.9381
vn 0.4504 0.2615 -0.8537
vn 0.5782 0.0156 -0.8158
vn 0.8580 0.3803 -0.3451
vn 0.7809 0.6061 -0.1512
vn 0.7808 0.6062 -0.1512
vn -0.3014 0.3794 0.8748
vn -0.5199 0.6052 0.6028
vn -0.4981 0.0261 0.8667
vn -0.6245 0.6055 0.4934
vn -0.5384 0.2710 0.7979
vn -0.8213 0.3801 0.4254
vn -0.9751 0.1945 0.1065
vn -0.2520 0.9226 0.2921
vn 0.0438 0.3791 0.9243
vn 0.0438 0.3789 0.9244
vn -0.0922 0.9885 0.1198
vn -0.0547 0.9224 0.3825
vn 0.3829 0.3793 0.8423
vn 0.3296 0.6047 0.7250
vn 0.2536 0.7903 0.5579
vn 0.6680 0.3797 0.6400
vn 0.1598 0.9225 0.3515
vn 0.7770 0.3801 0.5017
vn 0.6684 0.6057 0.4316
vn 0.1200 0.9892 0.0839
vn -0.0869 0.7900 -0.6069
vn -0.3052 0.7903 -0.5312
vn -0.7258 0.3800 -0.5735
vn -0.7064 0.6058 -0.3659
vn -0.3025 0.9227 -0.2390
vn -0.1252 0.9914 -0.0376
vn -0.7899 0.1295 0.5993
vn -0.9534 0.1296 -0.2725
vn -0.7899 0.1295 -0.5993
vn -0.1814 0.1292 -0.9749
vn -0.0000 0.1292 -0.9916
vn -0.0000 0.1290 -0.9916
vn 0.8868 0.1296 -0.4437
vn -0.1295 0.9915 -0.0123
vn -0.6339 0.6056 -0.4810
vn -0.1145 0.9896 -0.0868
vn -0.3069 0.9228 -0.2329
vn -0.1693 0.3790 -0.9098
vn 0.1693 0.3791 -0.9098
vn 0.3329 0.3792 -0.8634
vn 0.2205 0.7903 -0.5717
vn 0.1389 0.9224 -0.3603
vn 0.3214 0.7905 -0.5215
vn 0.4875 0.7910 -0.3698
vn 0.7114 0.6059 -0.3559
vn 0.1144 0.9896 -0.0868
vn -0.7369 0.3800 0.5591
vn -0.1693 0.3790 0.9098
vn 0.1693 0.3791 0.9098
vn 0.1693 0.3791 0.9097
vn 0.3329 0.3792 0.8633
vn -0.6339 0.6056 0.4810
vn -0.4177 0.6051 0.6778
vn -0.4178 0.6050 0.6779
vn 0.7115 0.6059 0.3559
vn 0.7114 0.6059 0.3559
vn -0.5470 0.7912 0.2736
vn -0.4113 0.7907 0.4534
vn -0.3214 0.7905 0.5215
vn -0.2205 0.7902 0.5718
vn 0.2205 0.7903 0.5718
vn 0.4875 0.7910 0.3698
vn -0.0707 0.9224 0.3797
vn 0.0707 0.9224 0.3798
vn 0.1389 0.9224 0.3603
vn 0.6663 0.1293 0.7344
vn -0.3567 0.1292 0.9252
vn -0.5202 0.1292 0.8442
vn 0.6663 0.1293 -0.7344
vn -0.3214 0.7905 -0.5214
vn -0.1389 0.9225 -0.3603
vn 0.1693 0.3792 0.9097
vn -0.3214 0.7905 0.5214
vn -0.2205 0.7903 0.5717
vn -0.1121 0.7902 0.6026
vn 0.2204 0.7903 0.5717
vn -0.1389 0.9225 0.3603
vn 0.1389 0.9225 0.3603
vn -0.1408 0.1132 -0.9835
vn 0.0438 0.3789 -0.9244
vn 0.3296 0.6047 -0.7250
vn 0.1163 0.9921 -0.0468
vn 0.4504 0.2615 0.8536
vn 0.4134 0.0410 0.9096
vn 0.0469 0.1460 0.9882
vn -0.3968 0.6049 0.6904
vn 0.3829 0.3793 -0.8424
vn 0.4135 0.0410 -0.9096
vn 0.4504 0.2615 -0.8536
vn 0.7380 0.6060 -0.2968
vn -0.4610 0.3793 0.8023
vn -0.5199 0.6051 0.6029
vn -0.6531 0.0099 0.7572
vn 0.0290 0.7900 0.6125
vn -0.1129 0.6044 -0.7887
vn -0.0868 0.7901 -0.6069
vn -0.0547 0.9224 -0.3825
vn -0.0922 0.9885 -0.1197
vn -0.3052 0.7903 0.5312
vn 0.9079 0.3804 -0.1758
vn -0.6663 0.1293 0.7344
vn -0.6663 0.1293 -0.7344
vn -0.1693 0.3791 0.9098
vn -0.6086 0.7914 0.0584
vn -0.1407 0.1133 -0.9835
vn 0.2231 0.9226 -0.3148
vn 0.1356 0.9904 -0.0280
vn 0.1292 0.9913 -0.0255
vn 0.7221 0.0087 0.6918
vn 0.4505 0.2615 0.8536
vn 0.2339 0.0847 0.9686
vn -0.1407 0.1133 0.9835
vn 0.4420 0.7907 -0.4235
vn 0.2593 0.2295 -0.9381
vn 0.4134 0.0411 -0.9096
vn 0.4505 0.2615 -0.8536
vn 0.3573 0.9229 -0.1437
vn 0.7221 0.0087 -0.6918
vn -0.3420 0.9228 0.1771
vn -0.0923 0.9885 0.1197
vn 0.7808 0.6062 0.1512
vn 0.3573 0.9229 0.1437
vn 0.1163 0.9921 0.0468
vn 0.1356 0.9904 0.0280
vn 0.1292 0.9913 0.0255
vn -0.3014 0.3792 -0.8749
vn -0.1996 0.7901 -0.5795
vn -0.3968 0.6049 -0.6905
vn -0.3968 0.6048 -0.6905
vn -0.7064 0.6059 -0.3659
vn -0.0923 0.9885 -0.1197
vn 0.3568 0.1292 0.9252
vn -0.1814 0.1292 0.9749
vn -0.3568 0.1292 -0.9252
vn 0.1814 0.1292 -0.9749
vn 0.3567 0.1292 -0.9252
vn 0.1275 0.9918 0.0124
vn 0.1308 0.9913 0.0122
vn 0.1275 0.9918 -0.0124
vn 0.1308 0.9913 -0.0122
vn 0.1305 0.9907 0.0373
vn -0.1144 0.9896 0.0868
vn -0.1305 0.9907 0.0373
vn -0.1275 0.9918 0.0124
vn -0.1308 0.9913 0.0122
vn -0.1308 0.9913 -0.0122
vn -0.1305 0.9907 -0.0373
vn -0.3214 0.7904 -0.5215
vn -0.3214 0.7905 -0.5215
vn -0.1693 0.3791 -0.9097
vn -0.1457 0.6045 -0.7831
vn 0.1693 0.3791 -0.9097
vn 0.1389 0.9225 -0.3603
vn 0.7115 0.6059 -0.3559
vn 0.3701 0.9230 -0.1058
vn 0.1305 0.9907 -0.0373
vn -0.7115 0.6059 0.3559
vn 0.2865 0.6048 0.7431
vn -0.4875 0.7910 0.3698
vn -0.3701 0.9230 0.1058
vn 0.3848 0.9230 -0.0000
vn -0.1408 0.1132 0.9835
vn -0.1128 0.6045 0.7886
vn -0.0922 0.9885 0.1197
vn -0.5199 0.6052 -0.6028
vn 0.5203 0.1293 0.8442
vn -0.5203 0.1293 -0.8442
vn -0.0785 0.9888 0.1273
vn -0.2204 0.7903 -0.5718
vn -0.2204 0.7903 -0.5717
vn 0.0785 0.9888 -0.1273
vn -0.2024 0.9225 0.3285
vn 0.0706 0.9224 0.3797
vn -0.6531 0.0098 -0.7572
vn -0.1321 0.9912 0.0129
vn 0.4505 0.2615 0.8537
vn 0.3214 0.7905 -0.5214
vn -0.1407 0.1132 -0.9835
vn 0.2592 0.2295 -0.9381
vn -0.1321 0.9912 -0.0129
vn 0.2024 0.9225 -0.3285
vn 0.3779 0.9229 -0.0732
vn -0.7064 0.6059 0.3659
vn -0.3420 0.9229 -0.1772
vn -0.3213 0.7905 -0.5215
vn 0.3214 0.7905 0.5215
vn 0.3214 0.7904 0.5215
vn -0.3420 0.9229 -0.1771
vn 0.5202 0.1292 -0.8442
vn 0.3329 0.3792 -0.8633
vn 0.1121 0.7902 -0.6026
vn 0.4854 0.3796 0.7876
vn -0.7258 0.3800 0.5735
vn -0.4610 0.3792 0.8023
vn -0.4610 0.3795 -0.8022
vn -0.5348 0.6054 -0.5895
vn 0.4178 0.6050 0.6779
vn 0.1145 0.9896 0.0868
vn -0.9914 -0.0000 -0.1312
vn -0.9914 -0.0000 -0.1311
vn -0.9913 -0.0000 -0.1313
vn -0.9232 -0.0000 -0.3842
vn -0.7920 -0.0000 -0.6105
vn -0.6069 -0.0000 -0.7948
vn -0.3812 -0.0000 -0.9245
vn -0.1299 -0.0000 -0.9915
vn -0.1300 -0.0000 -0.9915
vn -0.9914 -0.0000 -0.1310
vn -0.9233 -0.0000 -0.3842
vn 0.0002 1.0000 -0.0000
vn -0.0002 1.0000 -0.0000
vn -1.0000 -0.0000 -0.0000
vn -0.1300 -0.0000 0.9915
vn -0.1299 -0.0000 0.9915
vn -0.3812 -0.0000 0.9245
vn -0.6069 -0.0000 0.7948
vn -0.7920 -0.0000 0.6105
vn -0.9232 -0.0000 0.3842
vn -0.9914 -0.0000 0.1310
vn -0.9913 -0.0000 0.1313
vn -0.9914 -0.0000 0.1312
vn -0.9914 -0.0000 0.1311
vn -0.9233 -0.0000 0.3842
vn 0.1300 -0.0000 -0.9915
vn 0.1299 -0.0000 -0.9915
vn 0.3812 -0.0000 -0.9245
vn 0.6069 -0.0000 -0.7948
vn 0.7920 -0.0000 -0.6105
vn 0.9232 -0.0000 -0.3842
vn 0.9914 -0.0000 -0.1310
vn 0.9913 -0.0000 -0.1313
vn 0.9914 -0.0000 -0.1312
vn 0.9914 -0.0000 -0.1311
vn 0.9233 -0.0000 -0.3842
vn 0.9914 -0.0000 0.1312
vn 0.9914 -0.0000 0.1311
vn 0.9913 -0.0000 0.1313
vn 0.9232 -0.0000 0.3842
vn 0.7920 -0.0000 0.6105
vn 0.6069 -0.0000 0.7948
vn 0.3812 -0.0000 0.9245
vn 0.1299 -0.0000 0.9915
vn 0.1300 -0.0000 0.9915
vn 0.9914 -0.0000 0.1310
vn 0.9233 -0.0000 0.3842
vn 0.9962 -0.0000 0.0876
vn 0.9962 -0.0000 -0.0876
vn 0.9656 -0.0000 -0.2600
vn 0.9055 -0.0000 -0.4243
vn 0.8179 -0.0000 -0.5754
vn 0.7054 -0.0000 -0.7088
vn 0.5718 -0.0000 -0.8204
vn 0.4210 -0.0000 -0.9071
vn 0.2577 -0.0000 -0.9662
vn 0.0868 -0.0000 -0.9962
vn -0.0868 -0.0000 -0.9962
vn -0.2577 -0.0000 -0.9662
vn -0.4210 -0.0000 -0.9071
vn -0.5718 -0.0000 -0.8204
vn -0.7054 -0.0000 -0.7088
vn -0.8179 -0.0000 -0.5754
vn -0.9055 -0.0000 -0.4243
vn -0.9656 -0.0000 -0.2600
vn -0.9962 -0.0000 -0.0876
vn -0.9962 -0.0000 0.0876
vn -0.9656 -0.0000 0.2600
vn -0.9055 -0.0000 0.4243
vn -0.8179 -0.0000 0.5754
vn -0.7054 -0.0000 0.7088
vn -0.5718 -0.0000 0.8204
vn -0.4210 -0.0000 0.9071
vn -0.2577 -0.0000 0.9662
vn -0.0868 -0.0000 0.9962
vn 0.0868 -0.0000 0.9962
vn 0.2577 -0.0000 0.9662
vn 0.4210 -0.0000 0.9071
vn 0.5718 -0.0000 0.8204
vn 0.7054 -0.0000 0.7088
vn 0.8179 -0.0000 0.5754
vn 0.9055 -0.0000 0.4243
vn 0.9656 -0.0000 0.2600
vn -0.9969 -0.0000 0.0788
vn -0.9969 -0.0000 -0.0788
vn -0.9721 -0.0000 -0.2345
vn -0.8515 -0.0000 -0.5243
vn -0.7589 -0.0000 -0.6512
vn -0.6477 -0.0000 -0.7619
vn -0.5207 -0.0000 -0.8537
vn -0.3811 -0.0000 -0.9245
vn -0.2324 -0.0000 -0.9726
vn -0.0781 -0.0000 -0.9969
vn 0.0781 -0.0000 -0.9969
vn 0.2324 -0.0000 -0.9726
vn 0.3811 -0.0000 -0.9245
vn 0.5207 -0.0000 -0.8537
vn 0.6477 -0.0000 -0.7619
vn 0.7589 -0.0000 -0.6512
vn 0.8515 -0.0000 -0.5243
vn 0.9721 -0.0000 -0.2345
vn 0.9969 -0.0000 -0.0788
vn 0.9969 -0.0000 0.0788
vn 0.9721 -0.0000 0.2345
vn 0.8515 -0.0000 0.5243
vn 0.7589 -0.0000 0.6512
vn 0.6477 -0.0000 0.7619
vn 0.5207 -0.0000 0.8537
vn 0.3811 -0.0000 0.9245
vn 0.2324 -0.0000 0.9726
vn 0.0781 -0.0000 0.9969
vn -0.0781 -0.0000 0.9969
vn -0.2324 -0.0000 0.9726
vn -0.3811 -0.0000 0.9245
vn -0.5207 -0.0000 0.8537
vn -0.6477 -0.0000 0.7619
vn -0.7589 -0.0000 0.6512
vn -0.8515 -0.0000 0.5243
vn -0.9721 -0.0000 0.2345
vn -0.0000 -1.0000 -0.0000
vn -0.0867 -0.0000 0.9962
vn 0.0867 -0.0000 0.9962
vn 0.0867 -0.0000 -0.9962
vn -0.0867 -0.0000 -0.9962
s 1
f 1//1 2//1 3//1
f 3//2 2//2 4//2
f 3//3 4//3 5//3
f 5//4 4//4 6//4
f 5//4 6//4 7//4
f 7//5 6//6 8//5
f 7//5 8//5 9//5
f 9//7 8//7 10//7
f 9//7 10//7 11//7
f 11//8 10//8 12//8
f 11//8 12//8 13//8
f 13//9 12//10 14//11
f 13//9 14//11 15//12
f 2//13 1//13 16//13
f 16//14 1//14 17//14
f 16//15 17//15 18//15
f 18//16 17//16 19//16
f 18//17 19//17 20//17
f 20//18 19//18 21//18
f 20//19 21//19 22//19
f 22//20 21//20 23//20
f 22//21 23//21 24//21
f 24//22 23//22 25//22
f 24//23 25//23 26//23
f 26//24 25//24 27//24
f 26//25 27//25 28//25
f 28//26 27//26 29//26
f 28//27 29//27 30//27
f 30//28 29//28 31//29
f 30//30 31//31 32//31
f 32//32 31//32 33//32
f 32//33 33//34 34//33
f 34//35 33//36 35//37
f 34//38 35//38 36//38
f 36//39 35//39 37//40
f 36//41 37//41 38//41
f 38//42 37//42 39//42
f 39//43 37//43 40//43
f 39//44 40//44 41//44
f 41//45 40//45 42//45
f 41//46 42//47 43//48
f 43//48 42//47 44//49
f 43//50 44//50 45//51
f 45//52 44//52 46//52
f 45//52 46//52 47//52
f 47//53 46//53 48//53
f 47//53 48//53 49//53
f 49//54 48//54 50//54
f 49//54 50//54 51//54
f 51//55 50//55 52//55
f 51//55 52//55 53//55
f 53//56 52//56 54//56
f 53//57 54//57 55//57
f 55//58 54//58 56//58
f 55//59 56//59 57//59
f 57//60 56//60 58//60
f 57//61 58//61 59//61
f 59//62 58//62 60//62
f 59//63 60//63 61//63
f 61//64 60//64 62//64
f 61//65 62//65 63//65
f 63//66 62//66 64//66
f 63//67 64//67 65//67
f 65//68 64//68 66//68
f 65//69 66//69 67//69
f 67//70 66//70 68//70
f 67//71 68//71 69//71
f 69//72 68//72 70//72
f 69//73 70//74 71//74
f 71//75 70//75 72//76
f 71//77 72//77 73//77
f 73//78 72//78 74//79
f 73//80 74//80 75//80
f 75//81 74//81 76//81
f 75//82 76//82 77//82
f 77//83 76//83 78//83
f 77//84 78//84 79//84
f 79//85 78//85 80//85
f 80//86 78//86 81//86
f 80//87 81//88 15//89
f 15//89 81//88 13//90
f 27//91 82//91 29//91
f 29//92 82//92 83//92
f 29//28 83//29 31//29
f 31//93 83//93 84//94
f 31//32 84//32 33//32
f 33//95 84//95 85//95
f 33//36 85//37 35//37
f 35//96 85//96 86//96
f 35//39 86//40 37//40
f 37//97 86//97 40//97
f 82//98 87//98 83//98
f 83//99 87//99 88//99
f 83//93 88//94 84//94
f 84//100 88//100 89//100
f 84//95 89//95 85//95
f 85//101 89//101 90//102
f 85//96 90//96 86//96
f 86//103 90//103 91//103
f 86//97 91//97 40//97
f 40//104 91//104 42//104
f 87//105 92//105 88//105
f 88//106 92//106 93//106
f 88//100 93//100 89//100
f 89//107 93//107 94//108
f 89//101 94//109 90//102
f 90//110 94//110 95//110
f 90//103 95//103 91//103
f 91//111 95//111 96//111
f 91//104 96//104 42//104
f 42//112 96//112 44//112
f 92//113 97//113 93//113
f 93//114 97//114 98//114
f 93//107 98//108 94//108
f 94//115 98//115 99//116
f 94//110 99//110 95//110
f 95//117 99//117 100//117
f 95//111 100//111 96//111
f 96//118 100//118 46//119
f 96//112 46//112 44//112
f 97//120 101//120 98//120
f 98//121 101//121 102//121
f 98//115 102//122 99//116
f 99//123 102//123 103//123
f 99//117 103//124 100//117
f 100//125 103//125 48//125
f 100//118 48//119 46//119
f 101//126 104//126 102//126
f 102//127 104//127 105//127
f 102//123 105//123 103//123
f 103//128 105//128 50//128
f 103//125 50//125 48//125
f 104//129 106//129 105//129
f 105//130 106//130 52//130
f 105//128 52//128 50//128
f 106//56 54//56 52//56
f 68//131 107//131 70//131
f 70//132 107//132 108//132
f 70//75 108//133 72//76
f 72//134 108//134 109//135
f 72//78 109//136 74//79
f 74//137 109//137 110//137
f 74//81 110//81 76//81
f 76//138 110//138 111//138
f 76//83 111//139 78//83
f 78//140 111//140 81//140
f 107//141 112//141 108//141
f 108//142 112//142 113//142
f 108//134 113//143 109//135
f 109//144 113//144 114//144
f 109//137 114//137 110//137
f 110//145 114//145 115//145
f 110//138 115//138 111//138
f 111//146 115//146 116//147
f 111//140 116//140 81//140
f 81//148 116//148 13//149
f 112//150 117//150 113//150
f 113//151 117//151 118//151
f 113//144 118//152 114//144
f 114//153 118//153 119//153
f 114//145 119//145 115//145
f 115//154 119//154 120//155
f 115//146 120//147 116//147
f 116//156 120//156 11//156
f 116//148 11//149 13//149
f 117//157 121//157 118//157
f 118//158 121//158 122//158
f 118//153 122//153 119//153
f 119//159 122//159 123//159
f 119//154 123//155 120//155
f 120//160 123//160 9//160
f 120//156 9//156 11//156
f 121//161 124//161 122//161
f 122//162 124//162 125//162
f 122//159 125//159 123//159
f 123//163 125//163 7//163
f 123//160 7//160 9//160
f 124//164 126//164 125//164
f 125//165 126//165 5//165
f 125//163 5//163 7//163
f 126//166 3//166 5//166
f 79//167 127//167 77//167
f 77//168 127//168 128//168
f 77//82 128//82 75//82
f 75//169 128//169 129//169
f 75//80 129//80 73//80
f 73//170 129//171 130//172
f 73//77 130//77 71//77
f 71//173 130//173 131//174
f 71//74 131//175 69//73
f 69//176 131//176 67//176
f 127//177 132//177 128//177
f 128//178 132//178 133//178
f 128//169 133//169 129//169
f 129//179 133//179 134//179
f 129//171 134//172 130//172
f 130//180 134//181 135//182
f 130//173 135//174 131//174
f 131//183 135//183 136//184
f 131//176 136//176 67//176
f 67//185 136//185 65//186
f 132//187 137//187 133//187
f 133//188 137//188 138//188
f 133//179 138//179 134//179
f 134//189 138//189 139//189
f 134//181 139//190 135//182
f 135//191 139//191 140//191
f 135//183 140//184 136//184
f 136//192 140//192 141//193
f 136//185 141//186 65//186
f 65//194 141//194 63//195
f 137//196 142//196 138//196
f 138//197 142//197 143//197
f 138//189 143//189 139//189
f 139//198 143//198 144//198
f 139//191 144//191 140//191
f 140//199 144//199 145//200
f 140//192 145//193 141//193
f 141//201 145//201 146//201
f 141//194 146//195 63//195
f 63//202 146//202 61//203
f 142//204 147//204 143//204
f 143//205 147//205 148//205
f 143//198 148//206 144//198
f 144//207 148//207 149//207
f 144//199 149//200 145//200
f 145//208 149//209 150//210
f 145//201 150//201 146//201
f 146//211 150//211 151//211
f 146//202 151//203 61//203
f 61//212 151//212 59//213
f 147//214 152//214 148//214
f 148//215 152//215 153//215
f 148//207 153//207 149//207
f 149//216 153//216 154//216
f 149//209 154//210 150//210
f 150//217 154//217 155//218
f 150//211 155//211 151//211
f 151//219 155//219 156//220
f 151//212 156//213 59//213
f 59//221 156//221 57//221
f 152//222 157//222 153//222
f 153//223 157//223 158//223
f 153//216 158//216 154//216
f 154//224 158//224 159//225
f 154//217 159//218 155//218
f 155//226 159//226 160//227
f 155//219 160//220 156//220
f 156//228 160//228 161//228
f 156//221 161//221 57//221
f 57//229 161//229 55//230
f 157//231 162//231 158//231
f 158//232 162//232 163//232
f 158//224 163//225 159//225
f 159//233 163//234 164//234
f 159//226 164//227 160//227
f 160//235 164//235 165//235
f 160//228 165//228 161//228
f 161//236 165//236 166//236
f 161//229 166//230 55//230
f 55//237 166//237 53//237
f 162//238 167//238 163//238
f 163//239 167//239 168//239
f 163//234 168//234 164//234
f 164//240 168//240 169//240
f 164//235 169//235 165//235
f 165//241 169//241 170//241
f 165//236 170//242 166//236
f 166//243 170//243 51//244
f 166//237 51//237 53//237
f 167//245 171//245 168//245
f 168//246 171//246 172//246
f 168//240 172//240 169//240
f 169//247 172//247 173//247
f 169//241 173//241 170//241
f 170//248 173//248 49//249
f 170//243 49//244 51//244
f 171//250 174//250 172//250
f 172//251 174//251 175//251
f 172//247 175//247 173//247
f 173//252 175//252 47//253
f 173//248 47//249 49//249
f 174//254 176//255 175//256
f 175//256 176//255 45//257
f 175//252 45//253 47//253
f 176//51 43//50 45//51
f 38//258 177//258 36//258
f 36//259 177//259 178//259
f 36//38 178//38 34//38
f 34//260 178//260 179//260
f 34//33 179//33 32//33
f 32//261 179//261 180//261
f 32//31 180//30 30//30
f 30//262 180//262 181//262
f 30//27 181//27 28//27
f 28//263 181//263 26//264
f 177//265 182//265 178//265
f 178//266 182//266 183//266
f 178//260 183//260 179//260
f 179//267 183//267 184//267
f 179//261 184//261 180//261
f 180//268 184//268 185//269
f 180//262 185//262 181//262
f 181//270 185//270 186//271
f 181//263 186//264 26//264
f 26//272 186//272 24//272
f 182//273 187//273 183//273
f 183//274 187//274 188//274
f 183//267 188//267 184//267
f 184//275 188//275 189//276
f 184//268 189//269 185//269
f 185//277 189//277 190//277
f 185//270 190//278 186//271
f 186//279 190//279 191//279
f 186//272 191//272 24//272
f 24//280 191//280 22//281
f 187//282 192//282 188//282
f 188//283 192//283 193//283
f 188//275 193//276 189//276
f 189//284 193//284 194//284
f 189//277 194//277 190//277
f 190//285 194//285 195//285
f 190//279 195//279 191//279
f 191//286 195//286 196//287
f 191//280 196//281 22//281
f 22//288 196//288 20//289
f 192//290 197//290 193//290
f 193//291 197//291 198//291
f 193//284 198//284 194//284
f 194//292 198//292 199//292
f 194//285 199//285 195//285
f 195//293 199//293 200//294
f 195//286 200//287 196//287
f 196//295 200//295 201//295
f 196//288 201//289 20//289
f 20//296 201//296 18//296
f 197//297 202//297 198//297
f 198//298 202//298 203//298
f 198//292 203//292 199//292
f 199//299 203//299 204//299
f 199//293 204//294 200//294
f 200//300 204//300 205//300
f 200//295 205//295 201//295
f 201//301 205//301 206//301
f 201//296 206//296 18//296
f 18//302 206//302 16//302
f 202//303 207//303 203//303
f 203//304 207//304 208//304
f 203//299 208//299 204//299
f 204//305 208//305 209//305
f 204//300 209//300 205//300
f 205//306 209//307 210//307
f 205//301 210//301 206//301
f 206//308 210//308 211//308
f 206//302 211//302 16//302
f 16//309 211//309 2//309
f 207//310 212//310 208//310
f 208//311 212//311 213//311
f 208//305 213//305 209//305
f 209//312 213//312 214//312
f 209//307 214//307 210//307
f 210//313 214//313 215//314
f 210//308 215//308 211//308
f 211//315 215//315 216//315
f 211//309 216//309 2//309
f 2//316 216//316 4//316
f 212//317 217//317 213//317
f 213//318 217//318 218//318
f 213//312 218//312 214//312
f 214//319 218//319 219//319
f 214//313 219//314 215//314
f 215//320 219//320 220//320
f 215//315 220//315 216//315
f 216//321 220//321 6//322
f 216//316 6//316 4//316
f 217//323 221//323 218//323
f 218//324 221//324 222//324
f 218//319 222//319 219//319
f 219//325 222//325 223//326
f 219//320 223//320 220//320
f 220//327 223//327 8//327
f 220//321 8//322 6//322
f 221//328 224//329 222//330
f 222//330 224//329 225//331
f 222//325 225//326 223//326
f 223//332 225//332 10//332
f 223//327 10//327 8//327
f 224//333 14//334 225//335
f 225//335 14//334 12//336
f 225//332 12//332 10//332
f 226//337 227//337 14//337
f 14//337 227//337 228//337
f 14//337 228//337 15//337
f 15//337 228//337 229//337
f 15//337 229//337 80//337
f 80//337 229//337 230//337
f 80//337 230//337 79//337
f 79//337 230//337 231//337
f 79//337 231//337 127//337
f 127//337 231//337 232//337
f 127//337 232//337 132//337
f 132//337 232//337 233//337
f 132//337 233//337 137//337
f 137//337 233//337 234//337
f 137//337 234//337 142//337
f 142//337 234//337 235//337
f 142//337 235//337 147//337
f 147//337 235//337 236//337
f 147//337 236//337 152//337
f 152//337 236//337 237//337
f 152//337 237//337 157//337
f 157//337 237//337 238//337
f 157//337 238//337 162//337
f 162//337 238//337 239//337
f 162//337 239//337 167//337
f 167//337 239//337 240//337
f 167//337 240//337 171//337
f 171//337 240//337 241//337
f 171//337 241//337 174//337
f 174//337 241//337 242//337
f 174//337 242//337 176//337
f 176//337 242//337 243//337
f 176//337 243//337 43//337
f 43//337 243//337 244//337
f 43//337 244//337 41//337
f 41//337 244//337 245//337
f 41//337 245//337 39//337
f 39//337 245//337 246//337
f 39//337 246//337 38//337
f 38//337 246//337 247//337
f 38//337 247//337 177//337
f 177//337 247//337 248//337
f 177//337 248//337 182//337
f 182//337 248//337 249//337
f 182//337 249//337 187//337
f 187//337 249//337 250//337
f 187//337 250//337 192//337
f 192//337 250//337 251//337
f 192//337 251//337 197//337
f 197//337 251//337 252//337
f 197//337 252//337 202//337
f 202//337 252//337 253//337
f 202//337 253//337 207//337
f 207//337 253//337 254//337
f 207//337 254//337 212//337
f 212//337 254//337 255//337
f 212//337 255//337 217//337
f 217//337 255//337 256//337
f 217//337 256//337 221//337
f 221//337 256//337 257//337
f 221//337 257//337 224//337
f 224//337 257//337 226//337
f 224//337 226//337 14//337
f 258//338 1//338 259//338
f 259//338 1//338 3//338
f 259//339 3//339 260//339
f 260//339 3//339 126//339
f 260//340 126//340 261//340
f 261//340 126//340 124//340
f 261//341 124//341 262//341
f 262//341 124//341 121//341
f 262//342 121//342 263//342
f 263//342 121//342 117//342
f 263//343 117//343 264//343
f 264//343 117//343 112//343
f 264//344 112//344 265//344
f 265//344 112//344 107//344
f 265//345 107//345 266//345
f 266//345 107//345 68//345
f 266//346 68//346 267//346
f 267//346 68//346 66//346
f 267//347 66//347 268//347
f 268//347 66//347 64//347
f 268//348 64//348 269//348
f 269//348 64//348 62//348
f 269//349 62//349 270//349
f 270//349 62//349 60//349
f 270//350 60//350 271//350
f 271//350 60//350 58//350
f 271//351 58//351 272//351
f 272//351 58//351 56//351
f 272//352 56//352 273//352
f 273//352 56//352 54//352
f 273//353 54//353 274//353
f 274//353 54//353 106//353
f 274//354 106//354 275//354
f 275//354 106//354 104//354
f 275//355 104//355 276//355
f 276//355 104//355 101//355
f 276//356 101//356 277//356
f 277//356 101//356 97//356
f 277//357 97//357 278//357
f 278//357 97//357 92//357
f 278//358 92//358 279//358
f 279//358 92//358 87//358
f 279//359 87//359 280//359
f 280//359 87//359 82//359
f 280//360 82//360 281//360
f 281//360 82//360 27//360
f 281//361 27//361 282//361
f 282//361 27//361 25//361
f 282//362 25//362 283//362
f 283//362 25//362 23//362
f 283//363 23//363 284//363
f 284//363 23//363 21//363
f 284//364 21//364 285//364
f 285//364 21//364 19//364
f 285//365 19//365 286//365
f 286//365 19//365 17//365
f 286//366 17//366 258//366
f 258//366 17//366 1//366
f 287//367 288//367 289//367
f 289//367 288//367 290//367
f 289//368 290//368 291//368
f 291//368 290//368 292//368
f 291//369 292//369 293//370
f 293//370 292//369 294//370
f 293//371 294//371 295//372
f 295//372 294//371 296//372
f 295//373 296//373 297//374
f 297//374 296//373 298//374
f 297//375 298//375 299//375
f 299//375 298//375 300//375
f 299//376 300//376 301//377
f 301//377 300//376 302//377
f 301//378 302//378 303//379
f 303//379 302//378 304//379
f 303//380 304//380 305//381
f 305//381 304//380 306//381
f 305//382 306//382 307//383
f 307//383 306//382 308//384
f 307//385 308//385 309//385
f 309//385 308//385 310//385
f 309//386 310//386 311//387
f 311//387 310//386 312//387
f 311//388 312//388 313//388
f 313//388 312//388 314//388
f 313//389 314//389 315//389
f 315//389 314//389 316//389
f 315//390 316//390 317//390
f 317//390 316//390 318//390
f 317//391 318//391 319//392
f 319//392 318//391 320//392
f 319//393 320//393 321//393
f 321//393 320//393 322//393
f 321//394 322//394 323//394
f 323//394 322//394 324//394
f 323//395 324//395 325//395
f 325//395 324//395 326//395
f 325//396 326//396 327//396
f 327//396 326//396 328//396
f 327//397 328//397 329//397
f 329//397 328//397 330//398
f 329//399 330//399 331//399
f 331//399 330//399 332//399
f 331//400 332//400 333//400
f 333//400 332//400 334//400
f 333//401 334//401 335//402
f 335//402 334//401 336//402
f 335//403 336//403 337//404
f 337//404 336//403 338//404
f 337//405 338//405 339//405
f 339//405 338//405 340//405
f 339//406 340//406 341//406
f 341//406 340//406 342//406
f 341//407 342//407 343//407
f 343//407 342//407 344//407
f 343//408 344//408 345//409
f 345//409 344//408 346//409
f 345//410 346//410 347//410
f 347//410 346//410 348//410
f 347//411 348//411 349//411
f 349//411 348//411 350//411
f 349//412 350//412 351//413
f 351//413 350//412 352//413
f 351//414 352//414 353//414
f 353//414 352//414 354//414
f 353//415 354//415 287//415
f 287//415 354//415 288//415
f 226//416 355//417 227//418
f 227//418 355//417 356//419
f 227//420 356//421 357//422
f 357//423 356//423 358//423
f 357//423 358//423 359//423
f 359//424 358//424 360//424
f 359//424 360//424 361//424
f 361//425 360//425 362//425
f 361//425 362//425 363//425
f 363//426 362//426 290//426
f 363//426 290//426 288//426
f 355//427 226//428 364//429
f 364//429 226//428 257//430
f 364//431 257//431 365//431
f 365//432 257//432 256//432
f 365//433 256//433 366//433
f 366//434 256//434 255//434
f 366//435 255//435 367//435
f 367//436 255//436 254//436
f 367//437 254//437 368//437
f 368//438 254//438 253//438
f 368//439 253//439 369//439
f 369//440 253//440 252//440
f 369//441 252//441 370//441
f 370//442 252//442 251//442
f 370//443 251//443 371//443
f 371//444 251//444 250//444
f 371//445 250//445 372//445
f 372//446 250//446 249//446
f 372//447 249//447 373//447
f 373//448 249//448 248//448
f 373//449 248//449 374//449
f 374//450 248//450 247//450
f 374//451 247//451 375//451
f 375//452 247//452 246//452
f 375//453 246//453 376//453
f 376//454 246//454 245//454
f 376//455 245//455 377//455
f 377//456 245//457 244//458
f 377//456 244//458 378//459
f 378//460 244//461 243//462
f 378//460 243//462 379//463
f 379//464 243//465 380//466
f 379//467 380//467 381//467
f 381//468 380//468 382//469
f 381//470 382//470 383//470
f 383//471 382//471 384//471
f 383//472 384//473 385//474
f 385//475 384//475 386//475
f 385//476 386//477 332//477
f 332//478 386//478 334//479
f 243//465 242//480 380//466
f 380//481 242//482 387//483
f 380//468 387//469 382//469
f 382//484 387//484 388//484
f 382//471 388//485 384//471
f 384//486 388//486 389//486
f 384//475 389//475 386//475
f 386//487 389//487 390//487
f 386//478 390//479 334//479
f 334//488 390//488 336//488
f 242//482 241//489 387//483
f 387//490 241//490 391//490
f 387//484 391//484 388//484
f 388//491 391//491 392//491
f 388//486 392//486 389//486
f 389//492 392//492 393//492
f 389//487 393//487 390//487
f 390//493 393//493 394//493
f 390//488 394//488 336//488
f 336//494 394//494 338//494
f 241//495 240//495 391//495
f 391//496 240//496 395//496
f 391//491 395//491 392//491
f 392//497 395//497 396//497
f 392//492 396//492 393//492
f 393//498 396//498 397//498
f 393//493 397//493 394//493
f 394//499 397//499 398//500
f 394//494 398//494 338//494
f 338//501 398//501 340//502
f 240//503 239//503 395//503
f 395//504 239//504 399//504
f 395//497 399//497 396//497
f 396//505 399//505 400//506
f 396//498 400//498 397//498
f 397//507 400//508 401//509
f 397//499 401//500 398//500
f 398//510 401//510 402//510
f 398//501 402//502 340//502
f 340//511 402//511 342//512
f 239//513 238//513 399//513
f 399//514 238//514 403//514
f 399//505 403//506 400//506
f 400//515 403//515 404//516
f 400//508 404//509 401//509
f 401//517 404//517 405//517
f 401//510 405//510 402//510
f 402//518 405//519 406//519
f 402//511 406//512 342//512
f 342//520 406//520 344//521
f 238//522 237//522 403//522
f 403//523 237//523 407//523
f 403//515 407//516 404//516
f 404//524 407//524 408//525
f 404//517 408//517 405//517
f 405//526 408//526 409//526
f 405//519 409//519 406//519
f 406//527 409//527 410//527
f 406//520 410//521 344//521
f 344//528 410//528 346//528
f 237//529 236//529 407//529
f 407//530 236//530 411//530
f 407//524 411//525 408//525
f 408//531 411//531 412//531
f 408//526 412//526 409//526
f 409//532 412//532 413//532
f 409//527 413//527 410//527
f 410//533 413//533 414//534
f 410//528 414//528 346//528
f 346//535 414//535 348//535
f 236//536 235//536 411//536
f 411//537 235//537 415//537
f 411//531 415//531 412//531
f 412//538 415//538 416//539
f 412//532 416//532 413//532
f 413//540 416//540 417//541
f 413//533 417//534 414//534
f 414//542 417//542 418//543
f 414//535 418//535 348//535
f 348//544 418//544 350//545
f 235//546 234//546 415//546
f 415//547 234//547 419//547
f 415//538 419//548 416//539
f 416//549 419//549 420//549
f 416//540 420//541 417//541
f 417//550 420//550 421//550
f 417//542 421//543 418//543
f 418//551 421//551 422//552
f 418//544 422//545 350//545
f 350//553 422//554 352//554
f 234//555 233//555 419//555
f 419//556 233//556 423//556
f 419//549 423//549 420//549
f 420//557 423//557 424//558
f 420//550 424//550 421//550
f 421//559 424//559 425//559
f 421//551 425//560 422//552
f 422//561 425//561 426//562
f 422//554 426//554 352//554
f 352//563 426//563 354//563
f 233//564 232//564 423//564
f 423//565 232//565 427//565
f 423//557 427//558 424//558
f 424//566 427//566 428//566
f 424//559 428//559 425//559
f 425//567 428//567 429//567
f 425//561 429//562 426//562
f 426//568 429//568 430//568
f 426//563 430//563 354//563
f 354//569 430//569 288//569
f 232//570 231//570 427//570
f 427//571 231//571 431//571
f 427//566 431//566 428//566
f 428//572 431//572 432//572
f 428//567 432//567 429//567
f 429//573 432//573 433//574
f 429//568 433//568 430//568
f 430//575 433//575 363//575
f 430//569 363//569 288//569
f 231//576 230//576 431//576
f 431//577 230//577 434//577
f 431//572 434//572 432//572
f 432//578 434//578 435//578
f 432//573 435//574 433//574
f 433//579 435//579 361//579
f 433//575 361//575 363//575
f 230//580 229//580 434//580
f 434//581 229//581 436//581
f 434//578 436//578 435//578
f 435//582 436//582 359//582
f 435//579 359//579 361//579
f 229//583 228//584 436//585
f 436//585 228//584 357//586
f 436//582 357//582 359//582
f 228//587 227//420 357//422
f 324//588 437//588 326//588
f 326//588 437//588 438//588
f 326//589 438//589 328//589
f 328//589 438//589 439//589
f 328//590 439//590 330//590
f 330//590 439//590 385//590
f 330//476 385//476 332//477
f 437//591 440//591 438//591
f 438//591 440//591 441//591
f 438//592 441//592 439//592
f 439//592 441//592 383//592
f 439//472 383//472 385//474
f 437//593 324//593 442//593
f 442//593 324//593 322//593
f 442//594 322//594 443//594
f 443//594 322//594 320//594
f 443//595 320//595 444//595
f 444//595 320//595 318//595
f 444//596 318//596 445//596
f 445//596 318//596 316//596
f 445//597 316//597 446//598
f 446//598 316//597 314//598
f 446//599 314//599 447//599
f 447//599 314//599 312//599
f 447//600 312//600 448//601
f 448//601 312//600 310//601
f 448//602 310//602 449//603
f 449//603 310//602 308//603
f 449//604 308//604 450//605
f 450//605 308//604 306//605
f 450//606 306//606 451//607
f 451//607 306//606 304//607
f 451//608 304//608 452//608
f 452//608 304//608 302//608
f 452//609 302//609 453//609
f 453//609 302//609 300//609
f 453//610 300//610 454//611
f 454//611 300//610 298//611
f 454//612 298//613 455//614
f 455//614 298//613 296//614
f 455//615 296//615 456//615
f 456//615 296//615 294//615
f 456//616 294//616 457//616
f 457//616 294//616 292//616
f 457//617 292//617 362//617
f 362//617 292//617 290//617
f 440//618 458//618 441//618
f 441//618 458//618 381//618
f 441//470 381//470 383//470
f 440//619 437//619 459//619
f 459//619 437//619 442//619
f 459//620 442//620 460//620
f 460//620 442//620 443//620
f 460//621 443//621 461//622
f 461//622 443//621 444//622
f 461//623 444//623 462//623
f 462//623 444//623 445//623
f 462//624 445//624 463//625
f 463//625 445//624 446//625
f 463//626 446//626 464//626
f 464//626 446//626 447//626
f 464//627 447//628 465//629
f 465//629 447//628 448//629
f 465//630 448//630 466//630
f 466//630 448//630 449//630
f 466//631 449//631 467//631
f 467//631 449//631 450//632
f 467//633 450//633 468//633
f 468//633 450//633 451//633
f 468//634 451//634 469//634
f 469//634 451//634 452//634
f 469//635 452//635 470//635
f 470//635 452//635 453//635
f 470//636 453//636 471//637
f 471//637 453//636 454//637
f 471//638 454//638 472//639
f 472//639 454//638 455//639
f 472//640 455//640 473//640
f 473//640 455//640 456//640
f 473//641 456//641 474//641
f 474//641 456//641 457//641
f 474//642 457//642 360//642
f 360//642 457//642 362//642
f 378//643 379//643 458//643
f 458//467 379//467 381//467
f 458//644 440//644 475//644
f 475//644 440//644 459//644
f 475//645 459//645 476//645
f 476//645 459//645 460//645
f 476//646 460//646 477//646
f 477//646 460//646 461//646
f 477//647 461//647 478//647
f 478//647 461//647 462//647
f 478//648 462//648 479//648
f 479//648 462//648 463//648
f 479//649 463//649 480//649
f 480//649 463//649 464//649
f 480//650 464//650 481//650
f 481//650 464//650 465//650
f 481//651 465//651 482//651
f 482//651 465//651 466//651
f 482//652 466//652 483//652
f 483//652 466//652 467//652
f 483//653 467//653 484//653
f 484//653 467//653 468//653
f 484//654 468//654 485//655
f 485//655 468//654 469//655
f 485//656 469//657 486//657
f 486//657 469//657 470//657
f 486//658 470//658 487//658
f 487//658 470//658 471//658
f 487//659 471//659 488//659
f 488//659 471//659 472//659
f 488//660 472//661 489//661
f 489//661 472//661 473//661
f 489//662 473//662 490//662
f 490//662 473//662 474//662
f 490//663 474//663 358//663
f 358//663 474//663 360//663
f 490//664 358//664 356//664
f 490//664 356//664 355//664
f 377//665 378//665 475//665
f 475//643 378//643 458//643
f 377//665 475//665 476//665
f 376//666 377//666 476//666
f 376//666 476//666 477//666
f 375//667 376//667 477//667
f 375//667 477//667 478//667
f 374//668 375//668 478//668
f 374//668 478//668 479//668
f 373//669 374//670 479//670
f 373//669 479//670 480//669
f 372//671 373//672 480//672
f 372//671 480//672 481//671
f 371//673 372//674 481//674
f 371//673 481//674 482//673
f 370//675 371//675 482//675
f 370//675 482//675 483//675
f 369//676 370//676 483//676
f 369//676 483//676 484//676
f 368//677 369//677 484//677
f 368//677 484//677 485//677
f 367//678 368//679 485//679
f 367//678 485//679 486//678
f 366//680 367//680 486//680
f 366//680 486//680 487//680
f 365//681 366//682 487//681
f 365//681 487//681 488//681
f 364//683 365//683 488//683
f 364//683 488//683 489//683
f 355//684 364//685 489//685
f 355//684 489//685 490//684
f 491//686 287//686 492//686
f 492//686 287//686 289//686
f 492//687 289//687 493//687
f 493//687 289//687 291//687
f 493//688 291//688 494//688
f 494//688 291//688 293//688
f 494//689 293//689 495//689
f 495//689 293//689 295//689
f 495//690 295//690 496//690
f 496//690 295//690 297//690
f 496//691 297//691 497//691
f 497//691 297//691 299//691
f 497//692 299//692 498//692
f 498//692 299//692 301//692
f 498//693 301//693 499//693
f 499//693 301//693 303//693
f 499//694 303//694 500//694
f 500//694 303//694 305//694
f 500//695 305//695 501//695
f 501//695 305//695 307//695
f 501//696 307//696 502//696
f 502//696 307//696 309//696
f 502//697 309//697 503//697
f 503//697 309//697 311//697
f 503//698 311//698 504//698
f 504//698 311//698 313//698
f 504//699 313//699 505//699
f 505//699 313//699 315//699
f 505//700 315//700 506//700
f 506//700 315//700 317//700
f 506//701 317//701 507//701
f 507//701 317//701 319//701
f 507//702 319//702 508//702
f 508//702 319//702 321//702
f 508//703 321//703 509//703
f 509//703 321//703 323//703
f 509//704 323//704 510//704
f 510//704 323//704 325//704
f 510//705 325//705 511//705
f 511//705 325//705 327//705
f 511//706 327//706 512//706
f 512//706 327//706 329//706
f 512//707 329//707 513//707
f 513//707 329//707 331//707
f 513//708 331//708 514//708
f 514//708 331//708 333//708
f 514//709 333//709 515//709
f 515//709 333//709 335//709
f 515//710 335//710 516//710
f 516//710 335//710 337//710
f 516//711 337//711 517//711
f 517//711 337//711 339//711
f 517//712 339//712 518//712
f 518//712 339//712 341//712
f 518//713 341//713 519//713
f 519//713 341//713 343//713
f 519//714 343//714 520//714
f 520//714 343//714 345//714
f 520//715 345//715 521//715
f 521//715 345//715 347//715
f 521//716 347//716 522//716
f 522//716 347//716 349//716
f 522//717 349//717 523//717
f 523//717 349//717 351//717
f 523//718 351//718 524//718
f 524//718 351//718 353//718
f 524//719 353//719 491//719
f 491//719 353//719 287//719
f 525//720 526//720 527//720
f 527//2 526//2 528//2
f 527//3 528//3 529//3
f 529//4 528//4 530//4
f 529//4 530//4 531//4
f 531//5 530//5 532//5
f 531//5 532//5 533//6
f 533//7 532//7 534//7
f 533//7 534//7 535//7
f 535//8 534//8 536//8
f 535//8 536//8 537//8
f 537//9 536//10 538//11
f 537//9 538//11 539//12
f 526//13 525//13 540//13
f 540//14 525//14 541//14
f 540//15 541//15 542//15
f 542//16 541//16 543//16
f 542//17 543//17 544//17
f 544//18 543//18 545//18
f 544//19 545//19 546//19
f 546//721 545//721 547//721
f 546//722 547//722 548//722
f 548//22 547//22 549//22
f 548//23 549//23 550//23
f 550//24 549//24 551//24
f 550//25 551//25 552//25
f 552//26 551//26 553//26
f 552//27 553//27 554//27
f 554//28 553//28 555//29
f 554//30 555//31 556//31
f 556//32 555//32 557//723
f 556//33 557//33 558//33
f 558//35 557//36 559//37
f 558//38 559//38 560//38
f 560//39 559//39 561//39
f 560//41 561//41 562//41
f 562//724 561//724 563//724
f 563//43 561//43 564//43
f 563//44 564//44 565//44
f 565//45 564//45 566//45
f 565//46 566//47 567//48
f 567//48 566//47 568//49
f 567//50 568//50 569//51
f 569//52 568//52 570//52
f 569//52 570//52 571//52
f 571//53 570//53 572//53
f 571//53 572//53 573//53
f 573//54 572//54 574//54
f 573//54 574//54 575//54
f 575//55 574//55 576//55
f 575//55 576//55 577//55
f 577//56 576//56 578//56
f 577//57 578//57 579//57
f 579//58 578//58 580//58
f 579//59 580//59 581//59
f 581//725 580//725 582//725
f 581//61 582//61 583//61
f 583//726 582//726 584//726
f 583//63 584//63 585//63
f 585//64 584//64 586//64
f 585//727 586//727 587//727
f 587//66 586//66 588//66
f 587//67 588//67 589//67
f 589//728 588//728 590//728
f 589//69 590//69 591//69
f 591//70 590//70 592//70
f 591//71 592//71 593//71
f 593//72 592//72 594//72
f 593//74 594//73 595//73
f 595//75 594//75 596//76
f 595//77 596//77 597//77
f 597//78 596//78 598//79
f 597//80 598//729 599//729
f 599//81 598//81 600//81
f 599//82 600//82 601//82
f 601//83 600//83 602//83
f 601//84 602//84 603//84
f 603//85 602//85 604//85
f 604//86 602//86 605//86
f 604//87 605//730 539//89
f 539//89 605//730 537//90
f 551//91 606//91 553//91
f 553//92 606//92 607//92
f 553//28 607//29 555//29
f 555//94 607//94 608//94
f 555//32 608//731 557//723
f 557//732 608//95 609//95
f 557//36 609//37 559//37
f 559//96 609//96 610//96
f 559//39 610//40 561//39
f 561//97 610//97 564//97
f 606//733 611//733 607//733
f 607//99 611//99 612//99
f 607//94 612//94 608//94
f 608//100 612//100 613//100
f 608//95 613//95 609//95
f 609//101 613//101 614//102
f 609//96 614//96 610//96
f 610//103 614//103 615//103
f 610//97 615//97 564//97
f 564//104 615//104 566//104
f 611//734 616//734 612//734
f 612//735 616//735 617//735
f 612//100 617//100 613//100
f 613//108 617//108 618//108
f 613//101 618//109 614//102
f 614//110 618//110 619//110
f 614//103 619//103 615//103
f 615//111 619//111 620//111
f 615//104 620//104 566//104
f 566//112 620//112 568//112
f 616//113 621//113 617//113
f 617//114 621//114 622//114
f 617//108 622//108 618//108
f 618//115 622//115 623//122
f 618//110 623//110 619//110
f 619//117 623//117 624//117
f 619//111 624//111 620//111
f 620//118 624//118 570//119
f 620//112 570//112 568//112
f 621//120 625//120 622//120
f 622//121 625//121 626//121
f 622//115 626//122 623//122
f 623//736 626//736 627//123
f 623//117 627//117 624//117
f 624//737 627//737 572//738
f 624//118 572//119 570//119
f 625//126 628//126 626//126
f 626//127 628//127 629//127
f 626//736 629//123 627//123
f 627//128 629//128 574//128
f 627//737 574//738 572//738
f 628//129 630//129 629//129
f 629//130 630//130 576//130
f 629//128 576//128 574//128
f 630//56 578//56 576//56
f 592//131 631//131 594//131
f 594//132 631//132 632//132
f 594//75 632//739 596//76
f 596//134 632//134 633//135
f 596//78 633//136 598//79
f 598//137 633//137 634//740
f 598//81 634//81 600//81
f 600//138 634//138 635//138
f 600//83 635//139 602//83
f 602//140 635//140 605//140
f 631//141 636//141 632//141
f 632//741 636//741 637//741
f 632//134 637//135 633//135
f 633//144 637//144 638//144
f 633//137 638//740 634//740
f 634//742 638//145 639//145
f 634//138 639//138 635//138
f 635//147 639//147 640//147
f 635//140 640//140 605//140
f 605//148 640//148 537//149
f 636//743 641//743 637//743
f 637//151 641//151 642//151
f 637//144 642//144 638//144
f 638//153 642//153 643//153
f 638//145 643//145 639//145
f 639//154 643//154 644//155
f 639//147 644//147 640//147
f 640//156 644//156 535//156
f 640//148 535//149 537//149
f 641//157 645//157 642//157
f 642//158 645//158 646//158
f 642//153 646//153 643//153
f 643//744 646//159 647//159
f 643//154 647//155 644//155
f 644//160 647//160 533//160
f 644//156 533//156 535//156
f 645//161 648//161 646//161
f 646//162 648//162 649//162
f 646//159 649//159 647//159
f 647//163 649//163 531//163
f 647//160 531//160 533//160
f 648//164 650//164 649//164
f 649//165 650//165 529//165
f 649//163 529//163 531//163
f 650//745 527//745 529//745
f 603//167 651//167 601//167
f 601//168 651//168 652//168
f 601//82 652//746 599//82
f 599//169 652//169 653//169
f 599//729 653//80 597//80
f 597//171 653//171 654//171
f 597//77 654//77 595//77
f 595//173 654//173 655//174
f 595//73 655//74 593//74
f 593//747 655//747 591//748
f 651//749 656//749 652//749
f 652//178 656//178 657//178
f 652//169 657//169 653//169
f 653//179 657//179 658//179
f 653//171 658//171 654//171
f 654//180 658//181 659//181
f 654//173 659//174 655//174
f 655//183 659//183 660//183
f 655//747 660//748 591//748
f 591//186 660//186 589//186
f 656//187 661//187 657//187
f 657//188 661//188 662//188
f 657//179 662//179 658//179
f 658//750 662//750 663//189
f 658//181 663//181 659//181
f 659//191 663//191 664//191
f 659//183 664//183 660//183
f 660//193 664//193 665//193
f 660//186 665//186 589//186
f 589//751 665//194 587//195
f 661//196 666//196 662//196
f 662//197 666//197 667//197
f 662//750 667//189 663//189
f 663//198 667//198 668//206
f 663//191 668//191 664//191
f 664//199 668//199 669//200
f 664//193 669//193 665//193
f 665//752 669//752 670//752
f 665//194 670//195 587//195
f 587//203 670//203 585//203
f 666//204 671//204 667//204
f 667//205 671//205 672//205
f 667//198 672//206 668//206
f 668//207 672//207 673//207
f 668//199 673//200 669//200
f 669//753 673//210 674//210
f 669//752 674//752 670//752
f 670//211 674//211 675//211
f 670//203 675//203 585//203
f 585//754 675//754 583//213
f 671//214 676//214 672//214
f 672//215 676//215 677//215
f 672//207 677//207 673//207
f 673//755 677//216 678//216
f 673//210 678//210 674//210
f 674//217 678//217 679//218
f 674//211 679//211 675//211
f 675//219 679//219 680//220
f 675//754 680//213 583//213
f 583//221 680//221 581//756
f 676//222 681//222 677//222
f 677//223 681//223 682//223
f 677//216 682//216 678//216
f 678//224 682//224 683//225
f 678//217 683//218 679//218
f 679//226 683//227 684//227
f 679//219 684//220 680//220
f 680//228 684//228 685//228
f 680//221 685//756 581//756
f 581//229 685//229 579//230
f 681//231 686//231 682//231
f 682//232 686//232 687//232
f 682//224 687//225 683//225
f 683//233 687//234 688//234
f 683//227 688//227 684//227
f 684//235 688//235 689//235
f 684//228 689//757 685//228
f 685//236 689//236 690//236
f 685//229 690//230 579//230
f 579//237 690//237 577//237
f 686//238 691//238 687//238
f 687//239 691//239 692//239
f 687//234 692//234 688//234
f 688//240 692//240 693//240
f 688//235 693//235 689//235
f 689//241 693//241 694//241
f 689//236 694//236 690//236
f 690//243 694//243 575//244
f 690//237 575//237 577//237
f 691//758 695//758 692//758
f 692//246 695//246 696//246
f 692//240 696//240 693//240
f 693//247 696//247 697//247
f 693//241 697//241 694//241
f 694//248 697//248 573//249
f 694//243 573//244 575//244
f 695//250 698//250 696//250
f 696//251 698//251 699//251
f 696//247 699//247 697//247
f 697//252 699//252 571//253
f 697//248 571//249 573//249
f 698//254 700//255 699//256
f 699//256 700//255 569//257
f 699//252 569//253 571//253
f 700//51 567//50 569//51
f 562//258 701//258 560//258
f 560//259 701//259 702//259
f 560//38 702//38 558//38
f 558//260 702//260 703//260
f 558//33 703//33 556//33
f 556//261 703//261 704//261
f 556//31 704//30 554//30
f 554//262 704//262 705//262
f 554//27 705//27 552//27
f 552//263 705//263 550//264
f 701//265 706//265 702//265
f 702//266 706//266 707//266
f 702//260 707//260 703//260
f 703//267 707//267 708//267
f 703//261 708//261 704//261
f 704//269 708//269 709//269
f 704//262 709//262 705//262
f 705//278 709//278 710//270
f 705//263 710//264 550//264
f 550//272 710//272 548//272
f 706//273 711//273 707//273
f 707//274 711//274 712//274
f 707//267 712//267 708//267
f 708//275 712//275 713//276
f 708//269 713//269 709//269
f 709//277 713//277 714//277
f 709//278 714//270 710//270
f 710//279 714//279 715//279
f 710//272 715//272 548//272
f 548//280 715//280 546//281
f 711//282 716//282 712//282
f 712//283 716//283 717//283
f 712//275 717//276 713//276
f 713//284 717//284 718//284
f 713//277 718//759 714//277
f 714//285 718//285 719//285
f 714//279 719//279 715//279
f 715//286 719//286 720//287
f 715//280 720//281 546//281
f 546//288 720//288 544//288
f 716//290 721//290 717//290
f 717//291 721//291 722//291
f 717//284 722//284 718//284
f 718//292 722//292 723//292
f 718//285 723//285 719//285
f 719//293 723//760 724//294
f 719//286 724//287 720//287
f 720//295 724//295 725//295
f 720//288 725//288 544//288
f 544//761 725//296 542//296
f 721//297 726//297 722//297
f 722//298 726//298 727//298
f 722//292 727//292 723//292
f 723//299 727//299 728//299
f 723//760 728//294 724//294
f 724//300 728//300 729//300
f 724//295 729//295 725//295
f 725//301 729//301 730//301
f 725//296 730//296 542//296
f 542//302 730//302 540//302
f 726//303 731//303 727//303
f 727//304 731//304 732//304
f 727//299 732//299 728//299
f 728//305 732//305 733//305
f 728//300 733//300 729//300
f 729//307 733//307 734//307
f 729//301 734//301 730//301
f 730//762 734//762 735//308
f 730//302 735//302 540//302
f 540//309 735//309 526//309
f 731//310 736//310 732//310
f 732//311 736//311 737//311
f 732//305 737//305 733//305
f 733//763 737//312 738//312
f 733//307 738//307 734//307
f 734//313 738//313 739//314
f 734//762 739//308 735//308
f 735//315 739//315 740//315
f 735//309 740//309 526//309
f 526//316 740//316 528//316
f 736//317 741//317 737//317
f 737//318 741//318 742//318
f 737//312 742//312 738//312
f 738//319 742//319 743//319
f 738//313 743//314 739//314
f 739//320 743//320 744//320
f 739//315 744//315 740//315
f 740//321 744//321 530//321
f 740//316 530//316 528//316
f 741//323 745//323 742//323
f 742//324 745//324 746//324
f 742//319 746//319 743//319
f 743//325 746//325 747//326
f 743//320 747//320 744//320
f 744//327 747//327 532//327
f 744//321 532//321 530//321
f 745//328 748//329 746//764
f 746//764 748//329 749//331
f 746//325 749//326 747//326
f 747//332 749//332 534//332
f 747//327 534//327 532//327
f 748//333 538//334 749//335
f 749//335 538//334 536//336
f 749//332 536//332 534//332
f 750//337 751//337 538//337
f 538//337 751//337 752//337
f 538//337 752//337 539//337
f 539//337 752//337 753//337
f 539//337 753//337 604//337
f 604//337 753//337 754//337
f 604//337 754//337 603//337
f 603//337 754//337 755//337
f 603//337 755//337 651//337
f 651//337 755//337 756//337
f 651//337 756//337 656//337
f 656//337 756//337 757//337
f 656//337 757//337 661//337
f 661//337 757//337 758//337
f 661//337 758//337 666//337
f 666//337 758//337 759//337
f 666//337 759//337 671//337
f 671//337 759//337 760//337
f 671//337 760//337 676//337
f 676//337 760//337 761//337
f 676//337 761//337 681//337
f 681//337 761//337 762//337
f 681//337 762//337 686//337
f 686//337 762//337 763//337
f 686//337 763//337 691//337
f 691//337 763//337 764//337
f 691//337 764//337 695//337
f 695//337 764//337 765//337
f 695//337 765//337 698//337
f 698//337 765//337 766//337
f 698//337 766//337 700//337
f 700//337 766//337 767//337
f 700//337 767//337 567//337
f 567//337 767//337 768//337
f 567//337 768//337 565//337
f 565//337 768//337 769//337
f 565//337 769//337 563//337
f 563//337 769//337 770//337
f 563//337 770//337 562//337
f 562//337 770//337 771//337
f 562//337 771//337 701//337
f 701//337 771//337 772//337
f 701//337 772//337 706//337
f 706//337 772//337 773//337
f 706//337 773//337 711//337
f 711//337 773//337 774//337
f 711//337 774//337 716//337
f 716//337 774//337 775//337
f 716//337 775//337 721//337
f 721//337 775//337 776//337
f 721//337 776//337 726//337
f 726//337 776//337 777//337
f 726//337 777//337 731//337
f 731//337 777//337 778//337
f 731//337 778//337 736//337
f 736//337 778//337 779//337
f 736//337 779//337 741//337
f 741//337 779//337 780//337
f 741//337 780//337 745//337
f 745//337 780//337 781//337
f 745//337 781//337 748//337
f 748//337 781//337 750//337
f 748//337 750//337 538//337
f 782//338 525//338 783//338
f 783//338 525//338 527//338
f 783//339 527//339 784//339
f 784//339 527//339 650//339
f 784//340 650//340 785//340
f 785//340 650//340 648//340
f 785//341 648//341 786//341
f 786//341 648//341 645//341
f 786//342 645//342 787//342
f 787//342 645//342 641//342
f 787//343 641//343 788//343
f 788//343 641//343 636//343
f 788//344 636//344 789//344
f 789//344 636//344 631//344
f 789//345 631//345 790//345
f 790//345 631//345 592//345
f 790//346 592//346 791//346
f 791//346 592//346 590//346
f 791//347 590//347 792//347
f 792//347 590//347 588//347
f 792//348 588//348 793//348
f 793//348 588//348 586//348
f 793//349 586//349 794//349
f 794//349 586//349 584//349
f 794//350 584//350 795//350
f 795//350 584//350 582//350
f 795//351 582//351 796//351
f 796//351 582//351 580//351
f 796//352 580//352 797//352
f 797//352 580//352 578//352
f 797//353 578//353 798//353
f 798//353 578//353 630//353
f 798//354 630//354 799//354
f 799//354 630//354 628//354
f 799//355 628//355 800//355
f 800//355 628//355 625//355
f 800//356 625//356 801//356
f 801//356 625//356 621//356
f 801//357 621//357 802//357
f 802//357 621//357 616//357
f 802//358 616//358 803//358
f 803//358 616//358 611//358
f 803//359 611//359 804//359
f 804//359 611//359 606//359
f 804//360 606//360 805//360
f 805//360 606//360 551//360
f 805//361 551//361 806//361
f 806//361 551//361 549//361
f 806//362 549//362 807//362
f 807//362 549//362 547//362
f 807//363 547//363 808//363
f 808//363 547//363 545//363
f 808//364 545//364 809//364
f 809//364 545//364 543//364
f 809//365 543//365 810//365
f 810//365 543//365 541//365
f 810//366 541//366 782//366
f 782//366 541//366 525//366
f 811//367 812//367 813//367
f 813//367 812//367 814//367
f 813//368 814//368 815//368
f 815//368 814//368 816//368
f 815//369 816//369 817//369
f 817//369 816//369 818//369
f 817//371 818//371 819//371
f 819//371 818//371 820//372
f 819//373 820//373 821//373
f 821//373 820//373 822//373
f 821//375 822//375 823//375
f 823//375 822//375 824//375
f 823//376 824//376 825//377
f 825//377 824//376 826//377
f 825//378 826//378 827//379
f 827//379 826//378 828//379
f 827//381 828//381 829//381
f 829//381 828//381 830//381
f 829//383 830//383 831//383
f 831//383 830//383 832//383
f 831//385 832//385 833//385
f 833//385 832//385 834//385
f 833//386 834//386 835//387
f 835//387 834//386 836//387
f 835//388 836//388 837//388
f 837//388 836//388 838//388
f 837//389 838//389 839//389
f 839//389 838//389 840//389
f 839//765 840//765 841//390
f 841//390 840//765 842//390
f 841//391 842//391 843//391
f 843//391 842//391 844//391
f 843//393 844//393 845//393
f 845//393 844//393 846//393
f 845//394 846//394 847//394
f 847//394 846//394 848//394
f 847//395 848//395 849//395
f 849//395 848//395 850//395
f 849//396 850//396 851//766
f 851//766 850//396 852//766
f 851//397 852//397 853//398
f 853//398 852//397 854//398
f 853//399 854//399 855//767
f 855//767 854//399 856//767
f 855//400 856//400 857//400
f 857//400 856//400 858//400
f 857//401 858//401 859//402
f 859//402 858//401 860//402
f 859//403 860//403 861//404
f 861//404 860//403 862//404
f 861//768 862//768 863//405
f 863//405 862//768 864//405
f 863//769 864//769 865//406
f 865//406 864//769 866//770
f 865//407 866//407 867//407
f 867//407 866//407 868//407
f 867//408 868//408 869//409
f 869//409 868//408 870//409
f 869//410 870//410 871//410
f 871//410 870//410 872//410
f 871//411 872//411 873//411
f 873//411 872//411 874//411
f 873//413 874//413 875//413
f 875//413 874//413 876//413
f 875//414 876//414 877//771
f 877//771 876//414 878//771
f 877//415 878//415 811//415
f 811//415 878//415 812//415
f 750//416 879//417 751//418
f 751//418 879//417 880//419
f 751//420 880//421 881//422
f 881//423 880//423 882//423
f 881//423 882//423 883//423
f 883//424 882//424 884//424
f 883//424 884//424 885//424
f 885//425 884//425 886//425
f 885//425 886//425 887//425
f 887//426 886//426 814//426
f 887//426 814//426 812//426
f 879//427 750//428 888//429
f 888//429 750//428 781//430
f 888//431 781//431 889//431
f 889//432 781//432 780//432
f 889//433 780//433 890//433
f 890//434 780//434 779//434
f 890//435 779//435 891//435
f 891//436 779//436 778//436
f 891//437 778//437 892//437
f 892//438 778//438 777//438
f 892//439 777//439 893//439
f 893//440 777//440 776//440
f 893//441 776//441 894//441
f 894//442 776//442 775//442
f 894//443 775//443 895//443
f 895//444 775//444 774//444
f 895//445 774//445 896//445
f 896//446 774//446 773//446
f 896//447 773//447 897//447
f 897//448 773//448 772//448
f 897//449 772//449 898//449
f 898//450 772//450 771//450
f 898//451 771//451 899//451
f 899//452 771//452 770//452
f 899//453 770//453 900//453
f 900//454 770//454 769//454
f 900//455 769//455 901//455
f 901//456 769//457 768//458
f 901//456 768//458 902//459
f 902//460 768//461 767//462
f 902//460 767//462 903//463
f 903//464 767//465 904//772
f 903//467 904//467 905//467
f 905//468 904//468 906//469
f 905//470 906//470 907//470
f 907//471 906//471 908//471
f 907//472 908//474 909//474
f 909//475 908//475 910//773
f 909//476 910//477 856//477
f 856//478 910//478 858//479
f 767//465 766//480 904//772
f 904//481 766//482 911//483
f 904//468 911//469 906//469
f 906//484 911//484 912//484
f 906//471 912//471 908//471
f 908//486 912//486 913//486
f 908//475 913//773 910//773
f 910//487 913//487 914//487
f 910//478 914//479 858//479
f 858//488 914//488 860//488
f 766//482 765//489 911//483
f 911//490 765//490 915//490
f 911//484 915//484 912//484
f 912//491 915//491 916//491
f 912//486 916//486 913//486
f 913//492 916//492 917//492
f 913//487 917//487 914//487
f 914//493 917//493 918//493
f 914//488 918//488 860//488
f 860//494 918//494 862//494
f 765//495 764//495 915//495
f 915//774 764//774 919//774
f 915//491 919//775 916//491
f 916//497 919//497 920//497
f 916//492 920//492 917//492
f 917//498 920//498 921//498
f 917//493 921//493 918//493
f 918//500 921//500 922//500
f 918//494 922//494 862//494
f 862//501 922//501 864//502
f 764//503 763//503 919//503
f 919//504 763//504 923//504
f 919//497 923//497 920//497
f 920//505 923//505 924//506
f 920//498 924//498 921//498
f 921//507 924//507 925//509
f 921//500 925//500 922//500
f 922//510 925//510 926//510
f 922//501 926//776 864//502
f 864//512 926//512 866//512
f 763//513 762//513 923//513
f 923//514 762//514 927//514
f 923//505 927//506 924//506
f 924//515 927//515 928//515
f 924//507 928//509 925//509
f 925//517 928//517 929//517
f 925//510 929//510 926//510
f 926//518 929//519 930//519
f 926//512 930//512 866//512
f 866//520 930//520 868//777
f 762//522 761//522 927//522
f 927//523 761//523 931//523
f 927//515 931//515 928//515
f 928//525 931//525 932//525
f 928//517 932//517 929//517
f 929//526 932//526 933//526
f 929//519 933//519 930//519
f 930//527 933//527 934//527
f 930//520 934//777 868//777
f 868//528 934//528 870//778
f 761//529 760//529 931//529
f 931//530 760//530 935//530
f 931//525 935//525 932//525
f 932//531 935//531 936//531
f 932//526 936//526 933//526
f 933//532 936//532 937//532
f 933//527 937//527 934//527
f 934//533 937//533 938//534
f 934//528 938//778 870//778
f 870//535 938//535 872//535
f 760//536 759//536 935//536
f 935//537 759//537 939//537
f 935//531 939//531 936//531
f 936//538 939//538 940//548
f 936//532 940//532 937//532
f 937//540 940//540 941//779
f 937//533 941//534 938//534
f 938//542 941//542 942//543
f 938//535 942//535 872//535
f 872//544 942//544 874//545
f 759//546 758//546 939//546
f 939//547 758//547 943//547
f 939//538 943//548 940//548
f 940//549 943//549 944//780
f 940//540 944//779 941//779
f 941//781 944//781 945//550
f 941//542 945//543 942//543
f 942//551 945//551 946//560
f 942//544 946//545 874//545
f 874//554 946//554 876//553
f 758//555 757//555 943//555
f 943//556 757//556 947//556
f 943//549 947//780 944//780
f 944//557 947//557 948//558
f 944//781 948//550 945//550
f 945//559 948//559 949//559
f 945//551 949//560 946//560
f 946//561 949//561 950//561
f 946//554 950//553 876//553
f 876//563 950//563 878//563
f 757//564 756//564 947//564
f 947//565 756//565 951//565
f 947//557 951//558 948//558
f 948//566 951//566 952//566
f 948//559 952//559 949//559
f 949//782 952//782 953//567
f 949//561 953//561 950//561
f 950//568 953//568 954//783
f 950//563 954//563 878//563
f 878//569 954//569 812//569
f 756//570 755//570 951//570
f 951//571 755//571 955//571
f 951//566 955//566 952//566
f 952//572 955//572 956//572
f 952//782 956//567 953//567
f 953//573 956//573 957//573
f 953//568 957//783 954//783
f 954//575 957//575 887//575
f 954//569 887//569 812//569
f 755//576 754//576 955//576
f 955//784 754//784 958//784
f 955//572 958//572 956//572
f 956//578 958//578 959//578
f 956//573 959//574 957//573
f 957//579 959//579 885//579
f 957//575 885//575 887//575
f 754//580 753//580 958//580
f 958//581 753//581 960//581
f 958//578 960//578 959//578
f 959//582 960//582 883//582
f 959//579 883//579 885//579
f 753//583 752//584 960//585
f 960//585 752//584 881//586
f 960//582 881//582 883//582
f 752//587 751//420 881//422
f 848//588 961//588 850//588
f 850//588 961//588 962//588
f 850//589 962//589 852//589
f 852//589 962//589 963//589
f 852//590 963//590 854//590
f 854//590 963//590 909//590
f 854//476 909//476 856//477
f 961//591 964//591 962//591
f 962//591 964//591 965//591
f 962//592 965//592 963//592
f 963//592 965//592 907//592
f 963//472 907//472 909//474
f 961//593 848//593 966//593
f 966//593 848//593 846//593
f 966//594 846//594 967//594
f 967//594 846//594 844//594
f 967//595 844//595 968//595
f 968//595 844//595 842//595
f 968//596 842//596 969//785
f 969//785 842//596 840//785
f 969//597 840//597 970//598
f 970//598 840//597 838//598
f 970//599 838//599 971//599
f 971//599 838//599 836//599
f 971//601 836//601 972//601
f 972//601 836//601 834//601
f 972//786 834//786 973//603
f 973//603 834//786 832//603
f 973//605 832//605 974//604
f 974//604 832//605 830//604
f 974//787 830//788 975//607
f 975//607 830//788 828//607
f 975//789 828//789 976//608
f 976//608 828//789 826//608
f 976//609 826//609 977//609
f 977//609 826//609 824//609
f 977//610 824//610 978//611
f 978//611 824//610 822//611
f 978//612 822//613 979//614
f 979//614 822//613 820//614
f 979//615 820//615 980//615
f 980//615 820//615 818//615
f 980//616 818//616 981//616
f 981//616 818//616 816//616
f 981//617 816//617 886//617
f 886//617 816//617 814//617
f 964//618 982//618 965//618
f 965//618 982//618 905//618
f 965//470 905//470 907//470
f 964//619 961//619 983//619
f 983//619 961//619 966//619
f 983//620 966//620 984//620
f 984//620 966//620 967//620
f 984//622 967//622 985//622
f 985//622 967//622 968//622
f 985//790 968//790 986//623
f 986//623 968//790 969//623
f 986//625 969//625 987//625
f 987//625 969//625 970//625
f 987//791 970//626 988//792
f 988//792 970//626 971//792
f 988//628 971//628 989//629
f 989//629 971//628 972//629
f 989//630 972//630 990//630
f 990//630 972//630 973//630
f 990//631 973//631 991//632
f 991//632 973//631 974//632
f 991//633 974//633 992//633
f 992//633 974//633 975//633
f 992//634 975//634 993//634
f 993//634 975//634 976//634
f 993//635 976//635 994//635
f 994//635 976//635 977//635
f 994//636 977//636 995//636
f 995//636 977//636 978//636
f 995//639 978//639 996//639
f 996//639 978//639 979//639
f 996//793 979//794 997//640
f 997//640 979//794 980//640
f 997//641 980//641 998//641
f 998//641 980//641 981//641
f 998//642 981//642 884//642
f 884//642 981//642 886//642
f 902//643 903//643 982//643
f 982//467 903//467 905//467
f 982//644 964//644 999//644
f 999//644 964//644 983//644
f 999//645 983//645 1000//645
f 1000//645 983//645 984//645
f 1000//795 984//646 1001//646
f 1001//646 984//646 985//646
f 1001//647 985//647 1002//647
f 1002//647 985//647 986//647
f 1002//796 986//796 1003//648
f 1003//648 986//796 987//648
f 1003//649 987//649 1004//797
f 1004//797 987//649 988//797
f 1004//798 988//798 1005//650
f 1005//650 988//798 989//650
f 1005//651 989//651 1006//651
f 1006//651 989//651 990//651
f 1006//652 990//652 1007//652
f 1007//652 990//652 991//652
f 1007//653 991//653 1008//653
f 1008//653 991//653 992//653
f 1008//654 992//654 1009//799
f 1009//799 992//654 993//655
f 1009//657 993//657 1010//657
f 1010//657 993//657 994//657
f 1010//658 994//658 1011//658
f 1011//658 994//658 995//658
f 1011//800 995//659 1012//659
f 1012//659 995//659 996//659
f 1012//660 996//661 1013//661
f 1013//661 996//661 997//661
f 1013//662 997//662 1014//662
f 1014//662 997//662 998//662
f 1014//663 998//663 882//663
f 882//663 998//663 884//663
f 1014//664 882//664 880//664
f 1014//664 880//664 879//664
f 901//665 902//665 999//665
f 999//643 902//643 982//643
f 901//665 999//665 1000//665
f 900//666 901//666 1000//666
f 900//666 1000//666 1001//666
f 899//667 900//667 1001//667
f 899//667 1001//667 1002//667
f 898//668 899//668 1002//668
f 898//668 1002//668 1003//668
f 897//669 898//670 1003//670
f 897//669 1003//670 1004//669
f 896//671 897//671 1004//671
f 896//671 1004//671 1005//671
f 895//673 896//674 1005//801
f 895//673 1005//801 1006//673
f 894//675 895//675 1006//675
f 894//675 1006//675 1007//675
f 893//802 894//676 1007//676
f 893//802 1007//676 1008//802
f 892//677 893//803 1008//803
f 892//677 1008//803 1009//677
f 891//678 892//679 1009//679
f 891//678 1009//679 1010//678
f 890//680 891//680 1010//680
f 890//680 1010//680 1011//680
f 889//681 890//681 1011//681
f 889//681 1011//681 1012//681
f 888//683 889//683 1012//683
f 888//683 1012//683 1013//683
f 879//684 888//685 1013//685
f 879//684 1013//685 1014//684
f 1015//686 811//686 1016//686
f 1016//686 811//686 813//686
f 1016//687 813//687 1017//687
f 1017//687 813//687 815//687
f 1017//688 815//688 1018//688
f 1018//688 815//688 817//688
f 1018//689 817//689 1019//689
f 1019//689 817//689 819//689
f 1019//690 819//690 1020//690
f 1020//690 819//690 821//690
f 1020//691 821//691 1021//691
f 1021//691 821//691 823//691
f 1021//692 823//692 1022//692
f 1022//692 823//692 825//692
f 1022//693 825//693 1023//693
f 1023//693 825//693 827//693
f 1023//694 827//694 1024//694
f 1024//694 827//694 829//694
f 1024//695 829//695 1025//695
f 1025//695 829//695 831//695
f 1025//696 831//696 1026//696
f 1026//696 831//696 833//696
f 1026//697 833//697 1027//697
f 1027//697 833//697 835//697
f 1027//698 835//698 1028//698
f 1028//698 835//698 837//698
f 1028//699 837//699 1029//699
f 1029//699 837//699 839//699
f 1029//700 839//700 1030//700
f 1030//700 839//700 841//700
f 1030//701 841//701 1031//701
f 1031//701 841//701 843//701
f 1031//702 843//702 1032//702
f 1032//702 843//702 845//702
f 1032//703 845//703 1033//703
f 1033//703 845//703 847//703
f 1033//704 847//704 1034//704
f 1034//704 847//704 849//704
f 1034//705 849//705 1035//705
f 1035//705 849//705 851//705
f 1035//706 851//706 1036//706
f 1036//706 851//706 853//706
f 1036//707 853//707 1037//707
f 1037//707 853//707 855//707
f 1037//708 855//708 1038//708
f 1038//708 855//708 857//708
f 1038//709 857//709 1039//709
f 1039//709 857//709 859//709
f 1039//710 859//710 1040//710
f 1040//710 859//710 861//710
f 1040//711 861//711 1041//711
f 1041//711 861//711 863//711
f 1041//712 863//712 1042//712
f 1042//712 863//712 865//712
f 1042//713 865//713 1043//713
f 1043//713 865//713 867//713
f 1043//714 867//714 1044//714
f 1044//714 867//714 869//714
f 1044//715 869//715 1045//715
f 1045//715 869//715 871//715
f 1045//716 871//716 1046//716
f 1046//716 871//716 873//716
f 1046//717 873//717 1047//717
f 1047//717 873//717 875//717
f 1047//718 875//718 1048//718
f 1048//718 875//718 877//718
f 1048//719 877//719 1015//719
f 1015//719 877//719 811//719
f 1049//367 1050//367 1051//367
f 1051//367 1050//367 1052//367
f 1051//368 1052//368 1053//368
f 1053//368 1052//368 1054//368
f 1053//369 1054//369 1055//370
f 1055//370 1054//369 1056//370
f 1055//371 1056//371 1057//372
f 1057//372 1056//371 1058//372
f 1057//373 1058//373 1059//374
f 1059//374 1058//373 1060//374
f 1059//804 1060//804 1061//375
f 1061//375 1060//804 1062//375
f 1061//376 1062//376 1063//377
f 1063//377 1062//376 1064//377
f 1063//378 1064//378 1065//379
f 1065//379 1064//378 1066//379
f 1065//381 1066//381 1067//381
f 1067//381 1066//381 1068//381
f 1067//383 1068//383 1069//383
f 1069//383 1068//383 1070//383
f 1069//385 1070//385 1071//385
f 1071//385 1070//385 1072//385
f 1071//386 1072//386 1073//805
f 1073//805 1072//386 1074//805
f 1073//806 1074//806 1075//388
f 1075//388 1074//806 1076//388
f 1075//389 1076//389 1077//389
f 1077//389 1076//389 1078//389
f 1077//390 1078//390 1079//390
f 1079//390 1078//390 1080//390
f 1079//391 1080//391 1081//391
f 1081//391 1080//391 1082//391
f 1081//393 1082//393 1083//393
f 1083//393 1082//393 1084//393
f 1083//394 1084//394 1085//394
f 1085//394 1084//394 1086//394
f 1085//395 1086//395 1087//395
f 1087//395 1086//395 1088//395
f 1087//396 1088//396 1089//396
f 1089//396 1088//396 1090//396
f 1089//397 1090//397 1091//397
f 1091//397 1090//397 1092//398
f 1091//399 1092//399 1093//399
f 1093//399 1092//399 1094//399
f 1093//400 1094//400 1095//400
f 1095//400 1094//400 1096//400
f 1095//401 1096//401 1097//402
f 1097//402 1096//401 1098//402
f 1097//403 1098//403 1099//404
f 1099//404 1098//403 1100//404
f 1099//405 1100//405 1101//405
f 1101//405 1100//405 1102//405
f 1101//406 1102//406 1103//406
f 1103//406 1102//406 1104//406
f 1103//407 1104//407 1105//407
f 1105//407 1104//407 1106//407
f 1105//408 1106//408 1107//409
f 1107//409 1106//408 1108//409
f 1107//410 1108//410 1109//410
f 1109//410 1108//410 1110//410
f 1109//411 1110//411 1111//807
f 1111//807 1110//411 1112//807
f 1111//412 1112//412 1113//413
f 1113//413 1112//412 1114//413
f 1113//414 1114//414 1115//414
f 1115//414 1114//414 1116//414
f 1115//415 1116//415 1049//415
f 1049//415 1116//415 1050//415
f 1117//416 1118//417 1119//418
f 1119//418 1118//417 1120//419
f 1119//420 1120//421 1121//422
f 1121//423 1120//423 1122//423
f 1121//423 1122//423 1123//423
f 1123//424 1122//424 1124//424
f 1123//424 1124//424 1125//424
f 1125//425 1124//425 1126//425
f 1125//425 1126//425 1127//425
f 1127//426 1126//426 1052//426
f 1127//426 1052//426 1050//426
f 1118//427 1117//428 1128//429
f 1128//429 1117//428 1129//430
f 1128//431 1129//431 1130//431
f 1130//432 1129//432 1131//432
f 1130//433 1131//433 1132//433
f 1132//434 1131//434 1133//434
f 1132//435 1133//435 1134//435
f 1134//436 1133//436 1135//436
f 1134//437 1135//437 1136//437
f 1136//438 1135//438 1137//438
f 1136//439 1137//439 1138//439
f 1138//440 1137//440 1139//440
f 1138//441 1139//441 1140//441
f 1140//442 1139//442 1141//442
f 1140//443 1141//443 1142//443
f 1142//444 1141//444 1143//444
f 1142//445 1143//445 1144//445
f 1144//446 1143//446 1145//446
f 1144//447 1145//447 1146//447
f 1146//448 1145//448 1147//448
f 1146//449 1147//449 1148//449
f 1148//450 1147//450 1149//450
f 1148//451 1149//451 1150//451
f 1150//452 1149//452 1151//452
f 1150//453 1151//453 1152//453
f 1152//454 1151//454 1153//454
f 1152//455 1153//455 1154//455
f 1154//456 1153//457 1155//458
f 1154//456 1155//458 1156//459
f 1156//460 1155//461 1157//462
f 1156//460 1157//462 1158//463
f 1158//464 1157//465 1159//466
f 1158//467 1159//467 1160//467
f 1160//468 1159//468 1161//469
f 1160//470 1161//470 1162//470
f 1162//471 1161//471 1163//471
f 1162//472 1163//473 1164//474
f 1164//475 1163//475 1165//475
f 1164//476 1165//477 1094//477
f 1094//479 1165//479 1096//479
f 1157//465 1166//480 1159//466
f 1159//481 1166//482 1167//483
f 1159//468 1167//469 1161//469
f 1161//484 1167//484 1168//484
f 1161//471 1168//485 1163//471
f 1163//486 1168//486 1169//486
f 1163//475 1169//475 1165//475
f 1165//487 1169//487 1170//487
f 1165//479 1170//479 1096//479
f 1096//488 1170//488 1098//488
f 1166//482 1171//489 1167//483
f 1167//490 1171//490 1172//490
f 1167//484 1172//484 1168//484
f 1168//491 1172//491 1173//491
f 1168//486 1173//486 1169//486
f 1169//492 1173//492 1174//492
f 1169//487 1174//487 1170//487
f 1170//493 1174//493 1175//493
f 1170//488 1175//488 1098//488
f 1098//494 1175//494 1100//494
f 1171//495 1176//495 1172//495
f 1172//496 1176//496 1177//496
f 1172//491 1177//491 1173//491
f 1173//497 1177//497 1178//497
f 1173//492 1178//492 1174//492
f 1174//498 1178//498 1179//808
f 1174//493 1179//493 1175//493
f 1175//500 1179//500 1180//500
f 1175//494 1180//494 1100//494
f 1100//501 1180//501 1102//502
f 1176//503 1181//503 1177//503
f 1177//504 1181//504 1182//504
f 1177//497 1182//497 1178//497
f 1178//505 1182//505 1183//506
f 1178//498 1183//808 1179//808
f 1179//507 1183//508 1184//509
f 1179//500 1184//500 1180//500
f 1180//510 1184//510 1185//510
f 1180//501 1185//502 1102//502
f 1102//511 1185//511 1104//512
f 1181//513 1186//513 1182//513
f 1182//514 1186//514 1187//514
f 1182//505 1187//506 1183//506
f 1183//516 1187//516 1188//809
f 1183//508 1188//509 1184//509
f 1184//517 1188//517 1189//517
f 1184//510 1189//510 1185//510
f 1185//518 1189//519 1190//519
f 1185//511 1190//512 1104//512
f 1104//520 1190//520 1106//521
f 1186//522 1191//522 1187//522
f 1187//523 1191//523 1192//523
f 1187//516 1192//809 1188//809
f 1188//524 1192//524 1193//525
f 1188//517 1193//517 1189//517
f 1189//526 1193//526 1194//526
f 1189//519 1194//519 1190//519
f 1190//527 1194//527 1195//527
f 1190//520 1195//521 1106//521
f 1106//528 1195//528 1108//528
f 1191//529 1196//529 1192//529
f 1192//530 1196//530 1197//530
f 1192//524 1197//525 1193//525
f 1193//531 1197//531 1198//531
f 1193//526 1198//526 1194//526
f 1194//532 1198//532 1199//532
f 1194//527 1199//527 1195//527
f 1195//533 1199//533 1200//534
f 1195//528 1200//528 1108//528
f 1108//535 1200//535 1110//535
f 1196//536 1201//536 1197//536
f 1197//537 1201//537 1202//537
f 1197//531 1202//531 1198//531
f 1198//538 1202//538 1203//539
f 1198//532 1203//532 1199//532
f 1199//540 1203//540 1204//541
f 1199//533 1204//534 1200//534
f 1200//542 1204//542 1205//543
f 1200//535 1205//535 1110//535
f 1110//544 1205//545 1112//545
f 1201//546 1206//546 1202//546
f 1202//547 1206//547 1207//547
f 1202//538 1207//548 1203//539
f 1203//549 1207//549 1208//549
f 1203//540 1208//541 1204//541
f 1204//550 1208//550 1209//550
f 1204//542 1209//543 1205//543
f 1205//551 1209//551 1210//551
f 1205//545 1210//545 1112//545
f 1112//554 1210//554 1114//553
f 1206//555 1211//555 1207//555
f 1207//556 1211//556 1212//556
f 1207//549 1212//549 1208//549
f 1208//557 1212//557 1213//558
f 1208//550 1213//550 1209//550
f 1209//559 1213//559 1214//559
f 1209//551 1214//551 1210//551
f 1210//561 1214//561 1215//562
f 1210//554 1215//553 1114//553
f 1114//563 1215//563 1116//563
f 1211//564 1216//564 1212//564
f 1212//565 1216//565 1217//565
f 1212//557 1217//558 1213//558
f 1213//566 1217//566 1218//566
f 1213//559 1218//559 1214//559
f 1214//567 1218//567 1219//567
f 1214//561 1219//562 1215//562
f 1215//568 1219//568 1220//568
f 1215//563 1220//563 1116//563
f 1116//569 1220//569 1050//569
f 1216//570 1221//570 1217//570
f 1217//571 1221//571 1222//571
f 1217//566 1222//566 1218//566
f 1218//572 1222//572 1223//572
f 1218//567 1223//567 1219//567
f 1219//573 1223//573 1224//574
f 1219//568 1224//568 1220//568
f 1220//575 1224//575 1127//575
f 1220//569 1127//569 1050//569
f 1221//576 1225//576 1222//576
f 1222//577 1225//577 1226//577
f 1222//572 1226//572 1223//572
f 1223//578 1226//578 1227//578
f 1223//573 1227//574 1224//574
f 1224//579 1227//579 1125//579
f 1224//575 1125//575 1127//575
f 1225//580 1228//580 1226//580
f 1226//581 1228//581 1229//581
f 1226//578 1229//578 1227//578
f 1227//582 1229//582 1123//582
f 1227//579 1123//579 1125//579
f 1228//583 1230//584 1229//585
f 1229//585 1230//584 1121//586
f 1229//582 1121//582 1123//582
f 1230//587 1119//420 1121//422
f 1086//588 1231//588 1088//588
f 1088//588 1231//588 1232//588
f 1088//589 1232//589 1090//589
f 1090//589 1232//589 1233//589
f 1090//590 1233//590 1092//590
f 1092//590 1233//590 1164//590
f 1092//476 1164//476 1094//477
f 1231//591 1234//591 1232//591
f 1232//591 1234//591 1235//591
f 1232//592 1235//592 1233//592
f 1233//592 1235//592 1162//592
f 1233//472 1162//472 1164//474
f 1231//593 1086//593 1236//593
f 1236//593 1086//593 1084//593
f 1236//594 1084//594 1237//594
f 1237//594 1084//594 1082//594
f 1237//595 1082//595 1238//595
f 1238//595 1082//595 1080//595
f 1238//596 1080//596 1239//596
f 1239//596 1080//596 1078//596
f 1239//597 1078//597 1240//598
f 1240//598 1078//597 1076//598
f 1240//599 1076//599 1241//599
f 1241//599 1076//599 1074//599
f 1241//600 1074//600 1242//601
f 1242//601 1074//600 1072//601
f 1242//602 1072//602 1243//603
f 1243//603 1072//602 1070//603
f 1243//605 1070//605 1244//605
f 1244//605 1070//605 1068//605
f 1244//787 1068//787 1245//810
f 1245//810 1068//787 1066//810
f 1245//608 1066//608 1246//608
f 1246//608 1066//608 1064//608
f 1246//609 1064//609 1247//609
f 1247//609 1064//609 1062//609
f 1247//610 1062//610 1248//610
f 1248//610 1062//610 1060//610
f 1248//612 1060//613 1249//614
f 1249//614 1060//613 1058//614
f 1249//615 1058//615 1250//615
f 1250//615 1058//615 1056//615
f 1250//616 1056//616 1251//616
f 1251//616 1056//616 1054//616
f 1251//617 1054//617 1126//617
f 1126//617 1054//617 1052//617
f 1234//618 1252//618 1235//618
f 1235//618 1252//618 1160//618
f 1235//470 1160//470 1162//470
f 1234//619 1231//619 1253//619
f 1253//619 1231//619 1236//619
f 1253//620 1236//620 1254//620
f 1254//620 1236//620 1237//620
f 1254//621 1237//621 1255//622
f 1255//622 1237//621 1238//622
f 1255//623 1238//623 1256//623
f 1256//623 1238//623 1239//623
f 1256//625 1239//625 1257//625
f 1257//625 1239//625 1240//625
f 1257//791 1240//626 1258//792
f 1258//792 1240//626 1241//792
f 1258//628 1241//628 1259//629
f 1259//629 1241//628 1242//629
f 1259//630 1242//630 1260//630
f 1260//630 1242//630 1243//630
f 1260//631 1243//631 1261//631
f 1261//631 1243//631 1244//632
f 1261//633 1244//633 1262//633
f 1262//633 1244//633 1245//633
f 1262//634 1245//634 1263//634
f 1263//634 1245//634 1246//634
f 1263//635 1246//635 1264//635
f 1264//635 1246//635 1247//635
f 1264//636 1247//636 1265//636
f 1265//636 1247//636 1248//636
f 1265//638 1248//638 1266//639
f 1266//639 1248//638 1249//639
f 1266//640 1249//640 1267//640
f 1267//640 1249//640 1250//640
f 1267//641 1250//641 1268//641
f 1268//641 1250//641 1251//641
f 1268//642 1251//642 1124//642
f 1124//642 1251//642 1126//642
f 1156//643 1158//643 1252//643
f 1252//467 1158//467 1160//467
f 1252//644 1234//644 1269//644
f 1269//644 1234//644 1253//644
f 1269//645 1253//645 1270//645
f 1270//645 1253//645 1254//645
f 1270//646 1254//646 1271//646
f 1271//646 1254//646 1255//646
f 1271//647 1255//647 1272//647
f 1272//647 1255//647 1256//647
f 1272//648 1256//648 1273//648
f 1273//648 1256//648 1257//648
f 1273//811 1257//811 1274//649
f 1274//649 1257//811 1258//649
f 1274//812 1258//812 1275//812
f 1275//812 1258//812 1259//650
f 1275//651 1259//651 1276//651
f 1276//651 1259//651 1260//813
f 1276//652 1260//652 1277//652
f 1277//652 1260//652 1261//652
f 1277//653 1261//653 1278//653
f 1278//653 1261//653 1262//653
f 1278//654 1262//654 1279//654
f 1279//654 1262//654 1263//814
f 1279//656 1263//656 1280//657
f 1280//657 1263//656 1264//657
f 1280//658 1264//658 1281//658
f 1281//658 1264//658 1265//658
f 1281//659 1265//659 1282//659
f 1282//659 1265//659 1266//659
f 1282//660 1266//661 1283//661
f 1283//661 1266//661 1267//661
f 1283//662 1267//662 1284//662
f 1284//662 1267//662 1268//662
f 1284//663 1268//663 1122//663
f 1122//663 1268//663 1124//663
f 1284//664 1122//664 1120//664
f 1284//664 1120//664 1118//664
f 1154//665 1156//665 1269//665
f 1269//643 1156//643 1252//643
f 1154//665 1269//665 1270//665
f 1152//666 1154//666 1270//666
f 1152//666 1270//666 1271//666
f 1150//667 1152//667 1271//667
f 1150//667 1271//667 1272//667
f 1148//668 1150//668 1272//668
f 1148//668 1272//668 1273//668
f 1146//669 1148//670 1273//670
f 1146//669 1273//670 1274//669
f 1144//671 1146//815 1274//815
f 1144//671 1274//815 1275//671
f 1142//801 1144//674 1275//801
f 1142//801 1275//801 1276//801
f 1140//675 1142//675 1276//675
f 1140//675 1276//675 1277//675
f 1138//676 1140//676 1277//676
f 1138//676 1277//676 1278//676
f 1136//816 1138//677 1278//677
f 1136//816 1278//677 1279//816
f 1134//678 1136//679 1279//679
f 1134//678 1279//679 1280//678
f 1132//680 1134//680 1280//680
f 1132//680 1280//680 1281//680
f 1130//681 1132//681 1281//681
f 1130//681 1281//681 1282//681
f 1128//683 1130//683 1282//683
f 1128//683 1282//683 1283//683
f 1118//684 1128//685 1283//685
f 1118//684 1283//685 1284//684
f 1285//337 1117//337 1286//337
f 1286//337 1117//337 1119//337
f 1286//337 1119//337 1230//337
f 1117//337 1285//337 1129//337
f 1129//337 1285//337 1287//337
f 1129//337 1287//337 1131//337
f 1131//337 1287//337 1288//337
f 1131//337 1288//337 1133//337
f 1133//337 1288//337 1289//337
f 1133//337 1289//337 1135//337
f 1135//337 1289//337 1290//337
f 1135//337 1290//337 1137//337
f 1137//337 1290//337 1291//337
f 1137//337 1291//337 1139//337
f 1139//337 1291//337 1292//337
f 1139//337 1292//337 1141//337
f 1141//337 1292//337 1293//337
f 1141//337 1293//337 1143//337
f 1143//337 1293//337 1294//337
f 1143//337 1294//337 1145//337
f 1145//337 1294//337 1295//337
f 1145//337 1295//337 1147//337
f 1147//337 1295//337 1296//337
f 1147//337 1296//337 1149//337
f 1149//337 1296//337 1297//337
f 1149//337 1297//337 1151//337
f 1151//337 1297//337 1298//337
f 1151//337 1298//337 1153//337
f 1153//337 1298//337 1299//337
f 1153//337 1299//337 1155//337
f 1155//337 1299//337 1300//337
f 1155//337 1300//337 1157//337
f 1157//337 1300//337 1301//337
f 1157//337 1301//337 1166//337
f 1166//337 1301//337 1302//337
f 1166//337 1302//337 1171//337
f 1171//337 1302//337 1303//337
f 1171//337 1303//337 1176//337
f 1176//337 1303//337 1304//337
f 1176//337 1304//337 1181//337
f 1181//337 1304//337 1305//337
f 1181//337 1305//337 1186//337
f 1186//337 1305//337 1306//337
f 1186//337 1306//337 1191//337
f 1191//337 1306//337 1307//337
f 1191//337 1307//337 1196//337
f 1196//337 1307//337 1308//337
f 1196//337 1308//337 1201//337
f 1201//337 1308//337 1309//337
f 1201//337 1309//337 1206//337
f 1206//337 1309//337 1310//337
f 1206//337 1310//337 1211//337
f 1211//337 1310//337 1311//337
f 1211//337 1311//337 1216//337
f 1216//337 1311//337 1312//337
f 1216//337 1312//337 1221//337
f 1221//337 1312//337 1313//337
f 1221//337 1313//337 1225//337
f 1225//337 1313//337 1314//337
f 1225//337 1314//337 1228//337
f 1228//337 1314//337 1315//337
f 1228//337 1315//337 1230//337
f 1230//337 1315//337 1286//337
f 1316//686 1049//686 1317//686
f 1317//686 1049//686 1051//686
f 1317//687 1051//687 1318//687
f 1318//687 1051//687 1053//687
f 1318//688 1053//688 1319//688
f 1319//688 1053//688 1055//688
f 1319//689 1055//689 1320//689
f 1320//689 1055//689 1057//689
f 1320//690 1057//690 1321//690
f 1321//690 1057//690 1059//690
f 1321//691 1059//691 1322//691
f 1322//691 1059//691 1061//691
f 1322//692 1061//692 1323//692
f 1323//692 1061//692 1063//692
f 1323//693 1063//693 1324//693
f 1324//693 1063//693 1065//693
f 1324//694 1065//694 1325//694
f 1325//694 1065//694 1067//694
f 1325//695 1067//695 1326//695
f 1326//695 1067//695 1069//695
f 1326//696 1069//696 1327//696
f 1327//696 1069//696 1071//696
f 1327//697 1071//697 1328//697
f 1328//697 1071//697 1073//697
f 1328//698 1073//698 1329//698
f 1329//698 1073//698 1075//698
f 1329//699 1075//699 1330//699
f 1330//699 1075//699 1077//699
f 1330//700 1077//700 1331//700
f 1331//700 1077//700 1079//700
f 1331//701 1079//701 1332//701
f 1332//701 1079//701 1081//701
f 1332//702 1081//702 1333//702
f 1333//702 1081//702 1083//702
f 1333//703 1083//703 1334//703
f 1334//703 1083//703 1085//703
f 1334//704 1085//704 1335//704
f 1335//704 1085//704 1087//704
f 1335//705 1087//705 1336//705
f 1336//705 1087//705 1089//705
f 1336//706 1089//706 1337//706
f 1337//706 1089//706 1091//706
f 1337//707 1091//707 1338//707
f 1338//707 1091//707 1093//707
f 1338//708 1093//708 1339//708
f 1339//708 1093//708 1095//708
f 1339//709 1095//709 1340//709
f 1340//709 1095//709 1097//709
f 1340//710 1097//710 1341//710
f 1341//710 1097//710 1099//710
f 1341//711 1099//711 1342//711
f 1342//711 1099//711 1101//711
f 1342//712 1101//712 1343//712
f 1343//712 1101//712 1103//712
f 1343//713 1103//713 1344//713
f 1344//713 1103//713 1105//713
f 1344//714 1105//714 1345//714
f 1345//714 1105//714 1107//714
f 1345//715 1107//715 1346//715
f 1346//715 1107//715 1109//715
f 1346//716 1109//716 1347//716
f 1347//716 1109//716 1111//716
f 1347//717 1111//717 1348//717
f 1348//717 1111//717 1113//717
f 1348//718 1113//718 1349//718
f 1349//718 1113//718 1115//718
f 1349//719 1115//719 1316//719
f 1316//719 1115//719 1049//719
f 1350//1 1351//1 1352//1
f 1352//2 1351//2 1353//2
f 1352//3 1353//3 1354//3
f 1354//4 1353//4 1355//4
f 1354//4 1355//4 1356//4
f 1356//5 1355//6 1357//6
f 1356//5 1357//6 1358//5
f 1358//7 1357//7 1359//7
f 1358//7 1359//7 1360//7
f 1360//8 1359//8 1361//8
f 1360//8 1361//8 1362//8
f 1362//9 1361//10 1286//11
f 1362//9 1286//11 1315//12
f 1351//13 1350//13 1363//13
f 1363//14 1350//14 1364//14
f 1363//15 1364//15 1365//15
f 1365//16 1364//16 1366//16
f 1365//17 1366//17 1367//17
f 1367//18 1366//18 1368//18
f 1367//19 1368//19 1369//19
f 1369//721 1368//721 1370//721
f 1369//722 1370//722 1371//722
f 1371//22 1370//22 1372//22
f 1371//23 1372//23 1373//23
f 1373//24 1372//24 1374//24
f 1373//817 1374//817 1375//817
f 1375//26 1374//26 1376//26
f 1375//27 1376//818 1377//27
f 1377//29 1376//29 1378//29
f 1377//30 1378//30 1379//30
f 1379//819 1378//819 1380//819
f 1379//33 1380//34 1381//33
f 1381//36 1380//36 1382//36
f 1381//38 1382//38 1383//38
f 1383//39 1382//39 1384//40
f 1383//41 1384//41 1297//41
f 1297//42 1384//42 1298//42
f 1298//43 1384//43 1385//43
f 1298//44 1385//44 1299//44
f 1299//820 1385//820 1386//820
f 1299//46 1386//47 1300//48
f 1300//48 1386//47 1387//49
f 1300//50 1387//50 1388//51
f 1388//52 1387//52 1389//52
f 1388//52 1389//52 1390//52
f 1390//53 1389//53 1391//53
f 1390//53 1391//53 1392//53
f 1392//54 1391//54 1393//54
f 1392//54 1393//54 1394//54
f 1394//55 1393//55 1395//55
f 1394//55 1395//55 1396//55
f 1396//56 1395//56 1397//56
f 1396//57 1397//57 1398//57
f 1398//58 1397//58 1399//58
f 1398//59 1399//59 1400//59
f 1400//60 1399//60 1401//60
f 1400//61 1401//61 1402//61
f 1402//62 1401//62 1403//62
f 1402//63 1403//63 1404//63
f 1404//64 1403//64 1405//64
f 1404//65 1405//65 1406//65
f 1406//821 1405//821 1407//821
f 1406//822 1407//822 1408//822
f 1408//728 1407//728 1409//728
f 1408//69 1409//69 1410//69
f 1410//70 1409//70 1411//70
f 1410//823 1411//823 1412//823
f 1412//72 1411//72 1413//72
f 1412//73 1413//74 1414//74
f 1414//75 1413//75 1415//76
f 1414//77 1415//77 1416//77
f 1416//824 1415//824 1417//824
f 1416//729 1417//80 1418//80
f 1418//81 1417//81 1419//81
f 1418//82 1419//82 1420//82
f 1420//83 1419//83 1421//83
f 1420//84 1421//84 1313//84
f 1313//85 1421//85 1314//85
f 1314//86 1421//86 1422//86
f 1314//87 1422//88 1315//89
f 1315//89 1422//88 1362//90
f 1374//91 1423//91 1376//91
f 1376//92 1423//92 1424//92
f 1376//29 1424//29 1378//29
f 1378//93 1424//93 1425//825
f 1378//819 1425//819 1380//819
f 1380//95 1425//95 1426//95
f 1380//36 1426//36 1382//36
f 1382//96 1426//96 1427//96
f 1382//39 1427//40 1384//40
f 1384//97 1427//97 1385//97
f 1423//98 1428//98 1424//98
f 1424//826 1428//826 1429//826
f 1424//93 1429//825 1425//825
f 1425//100 1429//100 1430//100
f 1425//95 1430//95 1426//95
f 1426//101 1430//101 1431//102
f 1426//96 1431//96 1427//96
f 1427//103 1431//103 1432//103
f 1427//97 1432//97 1385//97
f 1385//104 1432//104 1386//104
f 1428//827 1433//827 1429//827
f 1429//735 1433//735 1434//735
f 1429//100 1434//100 1430//100
f 1430//107 1434//107 1435//108
f 1430//101 1435//109 1431//102
f 1431//110 1435//110 1436//110
f 1431//103 1436//103 1432//103
f 1432//111 1436//111 1437//111
f 1432//104 1437//104 1386//104
f 1386//112 1437//112 1387//112
f 1433//113 1438//113 1434//113
f 1434//114 1438//114 1439//114
f 1434//107 1439//108 1435//108
f 1435//115 1439//115 1440//122
f 1435//110 1440//110 1436//110
f 1436//828 1440//828 1441//117
f 1436//111 1441//111 1437//111
f 1437//118 1441//118 1389//119
f 1437//112 1389//112 1387//112
f 1438//120 1442//120 1439//120
f 1439//121 1442//121 1443//121
f 1439//115 1443//122 1440//122
f 1440//736 1443//736 1444//123
f 1440//828 1444//124 1441//117
f 1441//125 1444//125 1391//125
f 1441//118 1391//119 1389//119
f 1442//126 1445//126 1443//126
f 1443//127 1445//127 1446//127
f 1443//736 1446//123 1444//123
f 1444//128 1446//128 1393//128
f 1444//125 1393//125 1391//125
f 1445//129 1447//129 1446//129
f 1446//130 1447//130 1395//130
f 1446//128 1395//128 1393//128
f 1447//56 1397//56 1395//56
f 1411//131 1448//131 1413//131
f 1413//132 1448//132 1449//132
f 1413//75 1449//76 1415//76
f 1415//829 1449//134 1450//135
f 1415//824 1450//824 1417//824
f 1417//830 1450//830 1451//740
f 1417//81 1451//81 1419//81
f 1419//138 1451//138 1452//138
f 1419//83 1452//139 1421//83
f 1421//140 1452//140 1422//140
f 1448//141 1453//141 1449//141
f 1449//142 1453//142 1454//142
f 1449//134 1454//135 1450//135
f 1450//144 1454//144 1455//144
f 1450//830 1455//740 1451//740
f 1451//145 1455//145 1456//145
f 1451//138 1456//138 1452//138
f 1452//147 1456//147 1457//147
f 1452//140 1457//140 1422//140
f 1422//148 1457//148 1362//149
f 1453//743 1458//743 1454//743
f 1454//831 1458//831 1459//831
f 1454//144 1459//152 1455//144
f 1455//153 1459//153 1460//153
f 1455//145 1460//145 1456//145
f 1456//154 1460//154 1461//155
f 1456//147 1461//147 1457//147
f 1457//156 1461//156 1360//156
f 1457//148 1360//149 1362//149
f 1458//157 1462//157 1459//157
f 1459//158 1462//158 1463//158
f 1459//153 1463//153 1460//153
f 1460//159 1463//159 1464//159
f 1460//154 1464//155 1461//155
f 1461//160 1464//160 1358//160
f 1461//156 1358//156 1360//156
f 1462//161 1465//161 1463//161
f 1463//162 1465//162 1466//162
f 1463//159 1466//159 1464//159
f 1464//163 1466//163 1356//163
f 1464//160 1356//160 1358//160
f 1465//164 1467//164 1466//164
f 1466//165 1467//165 1354//165
f 1466//163 1354//163 1356//163
f 1467//166 1352//166 1354//166
f 1313//167 1312//167 1420//167
f 1420//168 1312//168 1468//168
f 1420//82 1468//82 1418//82
f 1418//169 1468//169 1469//169
f 1418//80 1469//729 1416//729
f 1416//171 1469//171 1470//171
f 1416//77 1470//77 1414//77
f 1414//174 1470//174 1471//174
f 1414//74 1471//175 1412//73
f 1412//176 1471//176 1410//176
f 1312//749 1311//749 1468//749
f 1468//178 1311//178 1472//178
f 1468//169 1472//169 1469//169
f 1469//179 1472//179 1473//179
f 1469//171 1473//171 1470//171
f 1470//181 1473//181 1474//181
f 1470//174 1474//174 1471//174
f 1471//183 1474//183 1475//183
f 1471//176 1475//176 1410//176
f 1410//186 1475//186 1408//186
f 1311//187 1310//187 1472//187
f 1472//188 1310//188 1476//188
f 1472//179 1476//179 1473//179
f 1473//750 1476//750 1477//189
f 1473//181 1477//181 1474//181
f 1474//191 1477//191 1478//191
f 1474//183 1478//183 1475//183
f 1475//193 1478//193 1479//192
f 1475//186 1479//186 1408//186
f 1408//751 1479//751 1406//195
f 1310//196 1309//196 1476//196
f 1476//197 1309//197 1480//197
f 1476//750 1480//189 1477//189
f 1477//206 1480//206 1481//198
f 1477//191 1481//832 1478//191
f 1478//200 1481//200 1482//200
f 1478//193 1482//192 1479//192
f 1479//752 1482//752 1483//752
f 1479//751 1483//195 1406//195
f 1406//203 1483//203 1404//203
f 1309//204 1308//204 1480//204
f 1480//205 1308//205 1484//205
f 1480//206 1484//198 1481//198
f 1481//207 1484//207 1485//207
f 1481//200 1485//200 1482//200
f 1482//753 1485//210 1486//210
f 1482//752 1486//752 1483//752
f 1483//211 1486//211 1487//211
f 1483//203 1487//203 1404//203
f 1404//212 1487//212 1402//213
f 1308//214 1307//214 1484//214
f 1484//215 1307//215 1488//215
f 1484//207 1488//207 1485//207
f 1485//216 1488//216 1489//216
f 1485//210 1489//210 1486//210
f 1486//217 1489//217 1490//217
f 1486//211 1490//211 1487//211
f 1487//219 1490//219 1491//220
f 1487//212 1491//213 1402//213
f 1402//221 1491//221 1400//221
f 1307//222 1306//222 1488//222
f 1488//223 1306//223 1492//223
f 1488//216 1492//216 1489//216
f 1489//225 1492//225 1493//225
f 1489//217 1493//217 1490//217
f 1490//226 1493//226 1494//227
f 1490//219 1494//220 1491//220
f 1491//228 1494//228 1495//228
f 1491//221 1495//221 1400//221
f 1400//229 1495//229 1398//230
f 1306//231 1305//231 1492//231
f 1492//232 1305//232 1496//232
f 1492//225 1496//225 1493//225
f 1493//233 1496//234 1497//234
f 1493//226 1497//227 1494//227
f 1494//235 1497//235 1498//235
f 1494//228 1498//228 1495//228
f 1495//236 1498//236 1499//236
f 1495//229 1499//230 1398//230
f 1398//237 1499//237 1396//237
f 1305//238 1304//238 1496//238
f 1496//239 1304//239 1500//239
f 1496//234 1500//234 1497//234
f 1497//240 1500//240 1501//240
f 1497//235 1501//235 1498//235
f 1498//241 1501//241 1502//241
f 1498//236 1502//236 1499//236
f 1499//243 1502//243 1394//244
f 1499//237 1394//237 1396//237
f 1304//245 1303//245 1500//245
f 1500//246 1303//246 1503//246
f 1500//240 1503//240 1501//240
f 1501//247 1503//247 1504//247
f 1501//241 1504//241 1502//241
f 1502//248 1504//248 1392//249
f 1502//243 1392//244 1394//244
f 1303//250 1302//250 1503//250
f 1503//251 1302//251 1505//251
f 1503//247 1505//247 1504//247
f 1504//252 1505//252 1390//253
f 1504//248 1390//249 1392//249
f 1302//254 1301//255 1505//256
f 1505//256 1301//255 1388//257
f 1505//252 1388//253 1390//253
f 1301//51 1300//50 1388//51
f 1297//258 1296//258 1383//258
f 1383//259 1296//259 1506//259
f 1383//38 1506//38 1381//38
f 1381//260 1506//260 1507//260
f 1381//33 1507//33 1379//33
f 1379//261 1507//261 1508//261
f 1379//30 1508//30 1377//30
f 1377//262 1508//262 1509//262
f 1377//27 1509//27 1375//27
f 1375//263 1509//263 1373//264
f 1296//265 1295//265 1506//265
f 1506//266 1295//266 1510//266
f 1506//260 1510//260 1507//260
f 1507//267 1510//267 1511//267
f 1507//261 1511//261 1508//261
f 1508//269 1511//269 1512//269
f 1508//262 1512//262 1509//262
f 1509//833 1512//833 1513//271
f 1509//263 1513//264 1373//264
f 1373//272 1513//272 1371//272
f 1295//273 1294//273 1510//273
f 1510//274 1294//274 1514//274
f 1510//267 1514//267 1511//267
f 1511//275 1514//275 1515//276
f 1511//269 1515//269 1512//269
f 1512//834 1515//277 1516//277
f 1512//833 1516//278 1513//271
f 1513//279 1516//279 1517//279
f 1513//272 1517//272 1371//272
f 1371//280 1517//280 1369//281
f 1294//282 1293//282 1514//282
f 1514//283 1293//283 1518//283
f 1514//275 1518//276 1515//276
f 1515//284 1518//284 1519//835
f 1515//277 1519//759 1516//277
f 1516//285 1519//285 1520//285
f 1516//279 1520//279 1517//279
f 1517//286 1520//286 1521//287
f 1517//280 1521//281 1369//281
f 1369//288 1521//288 1367//289
f 1293//290 1292//290 1518//290
f 1518//291 1292//291 1522//291
f 1518//284 1522//835 1519//835
f 1519//292 1522//292 1523//292
f 1519//285 1523//285 1520//285
f 1520//293 1523//293 1524//294
f 1520//286 1524//287 1521//287
f 1521//295 1524//295 1525//295
f 1521//288 1525//289 1367//289
f 1367//296 1525//296 1365//296
f 1292//297 1291//297 1522//297
f 1522//298 1291//298 1526//298
f 1522//292 1526//292 1523//292
f 1523//299 1526//299 1527//299
f 1523//293 1527//294 1524//294
f 1524//300 1527//300 1528//300
f 1524//295 1528//295 1525//295
f 1525//301 1528//301 1529//301
f 1525//296 1529//296 1365//296
f 1365//302 1529//302 1363//302
f 1291//303 1290//303 1526//303
f 1526//304 1290//304 1530//304
f 1526//299 1530//299 1527//299
f 1527//305 1530//305 1531//305
f 1527//300 1531//300 1528//300
f 1528//306 1531//307 1532//307
f 1528//301 1532//301 1529//301
f 1529//308 1532//308 1533//308
f 1529//302 1533//302 1363//302
f 1363//309 1533//309 1351//309
f 1290//836 1289//836 1530//836
f 1530//311 1289//311 1534//311
f 1530//305 1534//305 1531//305
f 1531//312 1534//312 1535//312
f 1531//307 1535//307 1532//307
f 1532//313 1535//313 1536//313
f 1532//308 1536//308 1533//308
f 1533//315 1536//315 1537//315
f 1533//309 1537//309 1351//309
f 1351//316 1537//316 1353//316
f 1289//317 1288//317 1534//317
f 1534//318 1288//318 1538//318
f 1534//312 1538//312 1535//312
f 1535//319 1538//319 1539//319
f 1535//313 1539//313 1536//313
f 1536//320 1539//320 1540//320
f 1536//315 1540//315 1537//315
f 1537//321 1540//321 1355//322
f 1537//316 1355//316 1353//316
f 1288//323 1287//323 1538//323
f 1538//324 1287//324 1541//324
f 1538//319 1541//319 1539//319
f 1539//325 1541//325 1542//326
f 1539//320 1542//320 1540//320
f 1540//327 1542//327 1357//327
f 1540//321 1357//322 1355//322
f 1287//328 1285//329 1541//330
f 1541//330 1285//329 1543//331
f 1541//325 1543//326 1542//326
f 1542//332 1543//332 1359//332
f 1542//327 1359//327 1357//327
f 1285//333 1286//334 1543//335
f 1543//335 1286//334 1361//336
f 1543//332 1361//332 1359//332
f 1544//338 1350//338 1545//338
f 1545//338 1350//338 1352//338
f 1545//339 1352//339 1546//339
f 1546//339 1352//339 1467//339
f 1546//340 1467//340 1547//340
f 1547//340 1467//340 1465//340
f 1547//341 1465//341 1548//341
f 1548//341 1465//341 1462//341
f 1548//342 1462//342 1549//342
f 1549//342 1462//342 1458//342
f 1549//343 1458//343 1550//343
f 1550//343 1458//343 1453//343
f 1550//344 1453//344 1551//344
f 1551//344 1453//344 1448//344
f 1551//345 1448//345 1552//345
f 1552//345 1448//345 1411//345
f 1552//346 1411//346 1553//346
f 1553//346 1411//346 1409//346
f 1553//347 1409//347 1554//347
f 1554//347 1409//347 1407//347
f 1554//348 1407//348 1555//348
f 1555//348 1407//348 1405//348
f 1555//349 1405//349 1556//349
f 1556//349 1405//349 1403//349
f 1556//350 1403//350 1557//350
f 1557//350 1403//350 1401//350
f 1557//351 1401//351 1558//351
f 1558//351 1401//351 1399//351
f 1558//352 1399//352 1559//352
f 1559//352 1399//352 1397//352
f 1559//353 1397//353 1560//353
f 1560//353 1397//353 1447//353
f 1560//354 1447//354 1561//354
f 1561//354 1447//354 1445//354
f 1561//355 1445//355 1562//355
f 1562//355 1445//355 1442//355
f 1562//356 1442//356 1563//356
f 1563//356 1442//356 1438//356
f 1563//357 1438//357 1564//357
f 1564//357 1438//357 1433//357
f 1564//358 1433//358 1565//358
f 1565//358 1433//358 1428//358
f 1565//359 1428//359 1566//359
f 1566//359 1428//359 1423//359
f 1566//360 1423//360 1567//360
f 1567//360 1423//360 1374//360
f 1567//361 1374//361 1568//361
f 1568//361 1374//361 1372//361
f 1568//362 1372//362 1569//362
f 1569//362 1372//362 1370//362
f 1569//363 1370//363 1570//363
f 1570//363 1370//363 1368//363
f 1570//364 1368//364 1571//364
f 1571//364 1368//364 1366//364
f 1571//365 1366//365 1572//365
f 1572//365 1366//365 1364//365
f 1572//366 1364//366 1544//366
f 1544//366 1364//366 1350//366
f 1573//720 1574//720 1575//720
f 1575//2 1574//2 1576//2
f 1575//3 1576//3 1577//3
f 1577//4 1576//4 1578//4
f 1577//4 1578//4 1579//4
f 1579//6 1578//5 1580//5
f 1579//6 1580//5 1581//6
f 1581//7 1580//7 1582//7
f 1581//7 1582//7 1583//7
f 1583//8 1582//8 1584//8
f 1583//8 1584//8 1585//8
f 1585//9 1584//10 1586//11
f 1585//9 1586//11 1587//12
f 1574//13 1573//13 1588//13
f 1588//14 1573//14 1589//14
f 1588//15 1589//15 1590//15
f 1590//16 1589//16 1591//16
f 1590//17 1591//17 1592//17
f 1592//18 1591//18 1593//18
f 1592//19 1593//19 1594//19
f 1594//721 1593//721 1595//721
f 1594//722 1595//722 1596//722
f 1596//22 1595//22 1597//22
f 1596//23 1597//23 1598//23
f 1598//24 1597//24 1599//24
f 1598//817 1599//817 1600//817
f 1600//26 1599//26 1601//26
f 1600//27 1601//818 1602//27
f 1602//29 1601//29 1603//29
f 1602//30 1603//30 1604//30
f 1604//32 1603//32 1605//819
f 1604//33 1605//34 1606//33
f 1606//36 1605//36 1607//36
f 1606//38 1607//38 1608//38
f 1608//39 1607//39 1609//39
f 1608//41 1609//41 1610//41
f 1610//724 1609//724 1611//724
f 1611//43 1609//43 1612//43
f 1611//44 1612//44 1613//44
f 1613//820 1612//820 1614//820
f 1613//46 1614//47 1615//48
f 1615//48 1614//47 1616//49
f 1615//50 1616//50 1617//51
f 1617//52 1616//52 1618//52
f 1617//52 1618//52 1619//52
f 1619//53 1618//53 1620//53
f 1619//53 1620//53 1621//53
f 1621//54 1620//54 1622//54
f 1621//54 1622//54 1623//54
f 1623//55 1622//55 1624//55
f 1623//55 1624//55 1625//55
f 1625//56 1624//56 1626//56
f 1625//57 1626//57 1627//57
f 1627//58 1626//58 1628//58
f 1627//59 1628//59 1629//59
f 1629//725 1628//725 1630//725
f 1629//61 1630//61 1631//61
f 1631//726 1630//726 1632//726
f 1631//63 1632//63 1633//63
f 1633//64 1632//64 1634//64
f 1633//65 1634//65 1635//65
f 1635//66 1634//66 1636//66
f 1635//67 1636//67 1637//67
f 1637//728 1636//728 1638//728
f 1637//69 1638//69 1639//69
f 1639//70 1638//70 1640//70
f 1639//823 1640//823 1641//823
f 1641//72 1640//72 1642//72
f 1641//74 1642//74 1643//74
f 1643//75 1642//75 1644//76
f 1643//77 1644//77 1645//77
f 1645//824 1644//824 1646//824
f 1645//80 1646//837 1647//837
f 1647//81 1646//81 1648//81
f 1647//82 1648//82 1649//82
f 1649//83 1648//83 1650//83
f 1649//84 1650//84 1651//84
f 1651//85 1650//85 1652//85
f 1652//86 1650//86 1653//86
f 1652//87 1653//730 1587//89
f 1587//89 1653//730 1585//90
f 1599//91 1654//91 1601//91
f 1601//92 1654//92 1655//92
f 1601//29 1655//29 1603//29
f 1603//93 1655//93 1656//94
f 1603//32 1656//819 1605//819
f 1605//95 1656//95 1657//95
f 1605//36 1657//36 1607//36
f 1607//96 1657//96 1658//96
f 1607//39 1658//40 1609//39
f 1609//97 1658//97 1612//97
f 1654//98 1659//98 1655//98
f 1655//99 1659//99 1660//99
f 1655//93 1660//94 1656//94
f 1656//100 1660//100 1661//100
f 1656//95 1661//95 1657//95
f 1657//101 1661//101 1662//102
f 1657//96 1662//96 1658//96
f 1658//103 1662//103 1663//103
f 1658//97 1663//97 1612//97
f 1612//104 1663//104 1614//104
f 1659//827 1664//827 1660//827
f 1660//735 1664//735 1665//735
f 1660//100 1665//100 1661//100
f 1661//108 1665//108 1666//108
f 1661//101 1666//109 1662//102
f 1662//110 1666//110 1667//110
f 1662//103 1667//103 1663//103
f 1663//111 1667//111 1668//111
f 1663//104 1668//104 1614//104
f 1614//112 1668//112 1616//112
f 1664//113 1669//113 1665//113
f 1665//114 1669//114 1670//114
f 1665//108 1670//108 1666//108
f 1666//115 1670//115 1671//122
f 1666//110 1671//110 1667//110
f 1667//117 1671//117 1672//117
f 1667//111 1672//111 1668//111
f 1668//118 1672//118 1618//119
f 1668//112 1618//112 1616//112
f 1669//120 1673//120 1670//120
f 1670//121 1673//121 1674//121
f 1670//115 1674//122 1671//122
f 1671//123 1674//123 1675//123
f 1671//117 1675//117 1672//117
f 1672//737 1675//737 1620//738
f 1672//118 1620//119 1618//119
f 1673//126 1676//126 1674//126
f 1674//127 1676//127 1677//127
f 1674//123 1677//123 1675//123
f 1675//128 1677//128 1622//128
f 1675//737 1622//738 1620//738
f 1676//129 1678//129 1677//129
f 1677//130 1678//130 1624//130
f 1677//128 1624//838 1622//128
f 1678//56 1626//56 1624//56
f 1640//131 1679//131 1642//131
f 1642//132 1679//132 1680//132
f 1642//75 1680//76 1644//76
f 1644//829 1680//829 1681//135
f 1644//824 1681//824 1646//824
f 1646//830 1681//137 1682//740
f 1646//81 1682//81 1648//81
f 1648//138 1682//138 1683//138
f 1648//83 1683//139 1650//83
f 1650//140 1683//140 1653//140
f 1679//141 1684//141 1680//141
f 1680//741 1684//741 1685//741
f 1680//829 1685//135 1681//135
f 1681//144 1685//144 1686//144
f 1681//137 1686//740 1682//740
f 1682//742 1686//145 1687//145
f 1682//138 1687//138 1683//138
f 1683//147 1687//147 1688//147
f 1683//140 1688//140 1653//140
f 1653//148 1688//148 1585//149
f 1684//150 1689//150 1685//150
f 1685//831 1689//831 1690//831
f 1685//144 1690//144 1686//144
f 1686//153 1690//153 1691//153
f 1686//145 1691//145 1687//145
f 1687//154 1691//154 1692//155
f 1687//147 1692//147 1688//147
f 1688//156 1692//156 1583//156
f 1688//148 1583//149 1585//149
f 1689//157 1693//157 1690//157
f 1690//158 1693//158 1694//158
f 1690//153 1694//153 1691//153
f 1691//159 1694//159 1695//159
f 1691//154 1695//155 1692//155
f 1692//160 1695//160 1581//160
f 1692//156 1581//156 1583//156
f 1693//161 1696//161 1694//161
f 1694//162 1696//162 1697//162
f 1694//159 1697//159 1695//159
f 1695//163 1697//163 1579//163
f 1695//160 1579//160 1581//160
f 1696//164 1698//164 1697//164
f 1697//165 1698//165 1577//165
f 1697//163 1577//163 1579//163
f 1698//745 1575//745 1577//745
f 1651//167 1699//167 1649//167
f 1649//168 1699//168 1700//168
f 1649//82 1700//746 1647//82
f 1647//169 1700//169 1701//169
f 1647//837 1701//80 1645//80
f 1645//171 1701//171 1702//171
f 1645//77 1702//77 1643//77
f 1643//174 1702//174 1703//174
f 1643//74 1703//74 1641//74
f 1641//176 1703//176 1639//176
f 1699//749 1704//749 1700//749
f 1700//178 1704//178 1705//178
f 1700//169 1705//169 1701//169
f 1701//179 1705//179 1706//179
f 1701//171 1706//171 1702//171
f 1702//181 1706//181 1707//181
f 1702//174 1707//174 1703//174
f 1703//183 1707//183 1708//183
f 1703//176 1708//176 1639//176
f 1639//186 1708//186 1637//186
f 1704//187 1709//187 1705//187
f 1705//188 1709//188 1710//188
f 1705//179 1710//179 1706//179
f 1706//750 1710//750 1711//189
f 1706//181 1711//181 1707//181
f 1707//191 1711//191 1712//191
f 1707//183 1712//183 1708//183
f 1708//193 1712//193 1713//192
f 1708//186 1713//186 1637//186
f 1637//751 1713//751 1635//195
f 1709//196 1714//196 1710//196
f 1710//197 1714//197 1715//197
f 1710//750 1715//189 1711//189
f 1711//206 1715//206 1716//206
f 1711//191 1716//832 1712//191
f 1712//200 1716//200 1717//200
f 1712//193 1717//192 1713//192
f 1713//752 1717//752 1718//752
f 1713//751 1718//195 1635//195
f 1635//203 1718//203 1633//203
f 1714//204 1719//204 1715//204
f 1715//205 1719//205 1720//205
f 1715//206 1720//206 1716//206
f 1716//207 1720//207 1721//207
f 1716//200 1721//200 1717//200
f 1717//210 1721//210 1722//210
f 1717//752 1722//752 1718//752
f 1718//211 1722//211 1723//211
f 1718//203 1723//203 1633//203
f 1633//754 1723//754 1631//213
f 1719//214 1724//214 1720//214
f 1720//215 1724//215 1725//215
f 1720//207 1725//207 1721//207
f 1721//216 1725//216 1726//216
f 1721//210 1726//210 1722//210
f 1722//217 1726//217 1727//217
f 1722//211 1727//211 1723//211
f 1723//219 1727//219 1728//220
f 1723//754 1728//213 1631//213
f 1631//221 1728//221 1629//221
f 1724//222 1729//222 1725//222
f 1725//223 1729//223 1730//223
f 1725//216 1730//216 1726//216
f 1726//225 1730//225 1731//225
f 1726//217 1731//217 1727//217
f 1727//226 1731//227 1732//227
f 1727//219 1732//220 1728//220
f 1728//228 1732//228 1733//228
f 1728//221 1733//221 1629//221
f 1629//229 1733//229 1627//230
f 1729//231 1734//231 1730//231
f 1730//232 1734//232 1735//232
f 1730//225 1735//225 1731//225
f 1731//233 1735//234 1736//234
f 1731//227 1736//227 1732//227
f 1732//235 1736//235 1737//235
f 1732//228 1737//228 1733//228
f 1733//236 1737//236 1738//236
f 1733//229 1738//230 1627//230
f 1627//237 1738//237 1625//237
f 1734//238 1739//238 1735//238
f 1735//239 1739//239 1740//239
f 1735//234 1740//234 1736//234
f 1736//240 1740//240 1741//240
f 1736//235 1741//235 1737//235
f 1737//241 1741//241 1742//241
f 1737//236 1742//236 1738//236
f 1738//243 1742//243 1623//244
f 1738//237 1623//237 1625//237
f 1739//758 1743//758 1740//758
f 1740//246 1743//246 1744//246
f 1740//240 1744//240 1741//240
f 1741//247 1744//247 1745//247
f 1741//241 1745//241 1742//241
f 1742//248 1745//248 1621//249
f 1742//243 1621//244 1623//244
f 1743//250 1746//250 1744//250
f 1744//251 1746//251 1747//251
f 1744//247 1747//247 1745//247
f 1745//252 1747//252 1619//253
f 1745//248 1619//249 1621//249
f 1746//254 1748//255 1747//256
f 1747//256 1748//255 1617//257
f 1747//252 1617//253 1619//253
f 1748//51 1615//50 1617//51
f 1610//258 1749//258 1608//258
f 1608//259 1749//259 1750//259
f 1608//38 1750//38 1606//38
f 1606//260 1750//260 1751//260
f 1606//33 1751//33 1604//33
f 1604//261 1751//261 1752//261
f 1604//30 1752//30 1602//30
f 1602//262 1752//262 1753//262
f 1602//27 1753//27 1600//27
f 1600//263 1753//263 1598//263
f 1749//265 1754//265 1750//265
f 1750//266 1754//266 1755//266
f 1750//260 1755//260 1751//260
f 1751//267 1755//267 1756//267
f 1751//261 1756//261 1752//261
f 1752//269 1756//269 1757//269
f 1752//262 1757//262 1753//262
f 1753//270 1757//270 1758//271
f 1753//263 1758//263 1598//263
f 1598//272 1758//272 1596//272
f 1754//273 1759//273 1755//273
f 1755//274 1759//274 1760//274
f 1755//267 1760//267 1756//267
f 1756//275 1760//275 1761//276
f 1756//269 1761//269 1757//269
f 1757//277 1761//277 1762//277
f 1757//270 1762//278 1758//271
f 1758//279 1762//279 1763//279
f 1758//272 1763//272 1596//272
f 1596//280 1763//280 1594//281
f 1759//282 1764//282 1760//282
f 1760//283 1764//283 1765//283
f 1760//275 1765//276 1761//276
f 1761//284 1765//284 1766//284
f 1761//277 1766//277 1762//277
f 1762//285 1766//285 1767//285
f 1762//279 1767//279 1763//279
f 1763//286 1767//286 1768//287
f 1763//280 1768//281 1594//281
f 1594//288 1768//288 1592//288
f 1764//290 1769//290 1765//290
f 1765//291 1769//291 1770//291
f 1765//284 1770//284 1766//284
f 1766//292 1770//292 1771//292
f 1766//285 1771//285 1767//285
f 1767//293 1771//760 1772//294
f 1767//286 1772//287 1768//287
f 1768//295 1772//295 1773//295
f 1768//288 1773//288 1592//288
f 1592//296 1773//296 1590//296
f 1769//297 1774//297 1770//297
f 1770//298 1774//298 1775//298
f 1770//292 1775//292 1771//292
f 1771//299 1775//299 1776//299
f 1771//760 1776//294 1772//294
f 1772//300 1776//300 1777//300
f 1772//295 1777//295 1773//295
f 1773//301 1777//301 1778//301
f 1773//296 1778//296 1590//296
f 1590//302 1778//302 1588//302
f 1774//303 1779//303 1775//303
f 1775//304 1779//304 1780//304
f 1775//299 1780//299 1776//299
f 1776//305 1780//305 1781//305
f 1776//300 1781//300 1777//300
f 1777//307 1781//307 1782//307
f 1777//301 1782//301 1778//301
f 1778//762 1782//762 1783//308
f 1778//302 1783//302 1588//302
f 1588//309 1783//309 1574//309
f 1779//310 1784//310 1780//310
f 1780//311 1784//311 1785//311
f 1780//305 1785//305 1781//305
f 1781//763 1785//312 1786//312
f 1781//307 1786//307 1782//307
f 1782//313 1786//313 1787//313
f 1782//762 1787//308 1783//308
f 1783//315 1787//315 1788//315
f 1783//309 1788//309 1574//309
f 1574//316 1788//316 1576//316
f 1784//317 1789//317 1785//317
f 1785//318 1789//318 1790//318
f 1785//312 1790//312 1786//312
f 1786//319 1790//319 1791//319
f 1786//313 1791//314 1787//313
f 1787//320 1791//320 1792//320
f 1787//315 1792//315 1788//315
f 1788//321 1792//321 1578//321
f 1788//316 1578//316 1576//316
f 1789//323 1793//323 1790//323
f 1790//324 1793//324 1794//324
f 1790//319 1794//319 1791//319
f 1791//325 1794//325 1795//326
f 1791//320 1795//320 1792//320
f 1792//327 1795//327 1580//327
f 1792//321 1580//321 1578//321
f 1793//328 1796//329 1794//764
f 1794//764 1796//329 1797//331
f 1794//325 1797//326 1795//326
f 1795//332 1797//332 1582//332
f 1795//327 1582//327 1580//327
f 1796//333 1586//334 1797//335
f 1797//335 1586//334 1584//336
f 1797//332 1584//332 1582//332
f 1798//337 1799//337 1586//337
f 1586//337 1799//337 1800//337
f 1586//337 1800//337 1587//337
f 1587//337 1800//337 1801//337
f 1587//337 1801//337 1652//337
f 1652//337 1801//337 1802//337
f 1652//337 1802//337 1651//337
f 1651//337 1802//337 1803//337
f 1651//337 1803//337 1699//337
f 1699//337 1803//337 1804//337
f 1699//337 1804//337 1704//337
f 1704//337 1804//337 1805//337
f 1704//337 1805//337 1709//337
f 1709//337 1805//337 1806//337
f 1709//337 1806//337 1714//337
f 1714//337 1806//337 1807//337
f 1714//337 1807//337 1719//337
f 1719//337 1807//337 1808//337
f 1719//337 1808//337 1724//337
f 1724//337 1808//337 1809//337
f 1724//337 1809//337 1729//337
f 1729//337 1809//337 1810//337
f 1729//337 1810//337 1734//337
f 1734//337 1810//337 1811//337
f 1734//337 1811//337 1739//337
f 1739//337 1811//337 1812//337
f 1739//337 1812//337 1743//337
f 1743//337 1812//337 1813//337
f 1743//337 1813//337 1746//337
f 1746//337 1813//337 1814//337
f 1746//337 1814//337 1748//337
f 1748//337 1814//337 1815//337
f 1748//337 1815//337 1615//337
f 1615//337 1815//337 1816//337
f 1615//337 1816//337 1613//337
f 1613//337 1816//337 1817//337
f 1613//337 1817//337 1611//337
f 1611//337 1817//337 1818//337
f 1611//337 1818//337 1610//337
f 1610//337 1818//337 1819//337
f 1610//337 1819//337 1749//337
f 1749//337 1819//337 1820//337
f 1749//337 1820//337 1754//337
f 1754//337 1820//337 1821//337
f 1754//337 1821//337 1759//337
f 1759//337 1821//337 1822//337
f 1759//337 1822//337 1764//337
f 1764//337 1822//337 1823//337
f 1764//337 1823//337 1769//337
f 1769//337 1823//337 1824//337
f 1769//337 1824//337 1774//337
f 1774//337 1824//337 1825//337
f 1774//337 1825//337 1779//337
f 1779//337 1825//337 1826//337
f 1779//337 1826//337 1784//337
f 1784//337 1826//337 1827//337
f 1784//337 1827//337 1789//337
f 1789//337 1827//337 1828//337
f 1789//337 1828//337 1793//337
f 1793//337 1828//337 1829//337
f 1793//337 1829//337 1796//337
f 1796//337 1829//337 1798//337
f 1796//337 1798//337 1586//337
f 1830//338 1573//338 1831//338
f 1831//338 1573//338 1575//338
f 1831//339 1575//339 1832//339
f 1832//339 1575//339 1698//339
f 1832//340 1698//340 1833//340
f 1833//340 1698//340 1696//340
f 1833//341 1696//341 1834//341
f 1834//341 1696//341 1693//341
f 1834//342 1693//342 1835//342
f 1835//342 1693//342 1689//342
f 1835//343 1689//343 1836//343
f 1836//343 1689//343 1684//343
f 1836//344 1684//344 1837//344
f 1837//344 1684//344 1679//344
f 1837//345 1679//345 1838//345
f 1838//345 1679//345 1640//345
f 1838//346 1640//346 1839//346
f 1839//346 1640//346 1638//346
f 1839//347 1638//347 1840//347
f 1840//347 1638//347 1636//347
f 1840//348 1636//348 1841//348
f 1841//348 1636//348 1634//348
f 1841//349 1634//349 1842//349
f 1842//349 1634//349 1632//349
f 1842//350 1632//350 1843//350
f 1843//350 1632//350 1630//350
f 1843//351 1630//351 1844//351
f 1844//351 1630//351 1628//351
f 1844//352 1628//352 1845//352
f 1845//352 1628//352 1626//352
f 1845//353 1626//353 1846//353
f 1846//353 1626//353 1678//353
f 1846//354 1678//354 1847//354
f 1847//354 1678//354 1676//354
f 1847//355 1676//355 1848//355
f 1848//355 1676//355 1673//355
f 1848//356 1673//356 1849//356
f 1849//356 1673//356 1669//356
f 1849//357 1669//357 1850//357
f 1850//357 1669//357 1664//357
f 1850//358 1664//358 1851//358
f 1851//358 1664//358 1659//358
f 1851//359 1659//359 1852//359
f 1852//359 1659//359 1654//359
f 1852//360 1654//360 1853//360
f 1853//360 1654//360 1599//360
f 1853//361 1599//361 1854//361
f 1854//361 1599//361 1597//361
f 1854//362 1597//362 1855//362
f 1855//362 1597//362 1595//362
f 1855//363 1595//363 1856//363
f 1856//363 1595//363 1593//363
f 1856//364 1593//364 1857//364
f 1857//364 1593//364 1591//364
f 1857//365 1591//365 1858//365
f 1858//365 1591//365 1589//365
f 1858//366 1589//366 1830//366
f 1830//366 1589//366 1573//366
f 1859//367 1860//367 1861//367
f 1861//367 1860//367 1862//367
f 1861//368 1862//368 1863//368
f 1863//368 1862//368 1864//368
f 1863//369 1864//369 1865//369
f 1865//369 1864//369 1866//369
f 1865//371 1866//371 1867//371
f 1867//371 1866//371 1868//371
f 1867//373 1868//373 1869//373
f 1869//373 1868//373 1870//373
f 1869//375 1870//375 1871//375
f 1871//375 1870//375 1872//375
f 1871//376 1872//376 1873//377
f 1873//377 1872//376 1874//377
f 1873//378 1874//378 1875//379
f 1875//379 1874//378 1876//379
f 1875//381 1876//381 1877//381
f 1877//381 1876//381 1878//381
f 1877//382 1878//382 1879//383
f 1879//383 1878//382 1880//383
f 1879//385 1880//385 1881//385
f 1881//385 1880//385 1882//385
f 1881//386 1882//386 1883//805
f 1883//805 1882//386 1884//805
f 1883//806 1884//806 1885//388
f 1885//388 1884//806 1886//388
f 1885//389 1886//389 1887//839
f 1887//839 1886//389 1888//839
f 1887//765 1888//765 1889//390
f 1889//390 1888//765 1890//390
f 1889//391 1890//391 1891//392
f 1891//392 1890//391 1892//392
f 1891//393 1892//393 1893//393
f 1893//393 1892//393 1894//393
f 1893//394 1894//394 1895//394
f 1895//394 1894//394 1896//394
f 1895//395 1896//395 1897//395
f 1897//395 1896//395 1898//395
f 1897//396 1898//396 1899//766
f 1899//766 1898//396 1900//766
f 1899//397 1900//397 1901//398
f 1901//398 1900//397 1902//398
f 1901//399 1902//399 1903//767
f 1903//767 1902//399 1904//767
f 1903//840 1904//840 1905//400
f 1905//400 1904//840 1906//400
f 1905//401 1906//401 1907//402
f 1907//402 1906//401 1908//402
f 1907//403 1908//403 1909//404
f 1909//404 1908//403 1910//404
f 1909//768 1910//768 1911//405
f 1911//405 1910//768 1912//405
f 1911//769 1912//769 1913//406
f 1913//406 1912//769 1914//770
f 1913//407 1914//407 1915//407
f 1915//407 1914//407 1916//407
f 1915//408 1916//408 1917//409
f 1917//409 1916//408 1918//409
f 1917//410 1918//410 1919//410
f 1919//410 1918//410 1920//410
f 1919//411 1920//411 1921//411
f 1921//411 1920//411 1922//411
f 1921//413 1922//413 1923//413
f 1923//413 1922//413 1924//413
f 1923//414 1924//414 1925//771
f 1925//771 1924//414 1926//771
f 1925//415 1926//415 1859//415
f 1859//415 1926//415 1860//415
f 1798//416 1927//417 1799//418
f 1799//418 1927//417 1928//419
f 1799//420 1928//421 1929//422
f 1929//423 1928//423 1930//423
f 1929//423 1930//423 1931//423
f 1931//424 1930//424 1932//424
f 1931//424 1932//424 1933//424
f 1933//425 1932//425 1934//425
f 1933//425 1934//425 1935//425
f 1935//426 1934//426 1862//426
f 1935//426 1862//426 1860//426
f 1927//427 1798//428 1936//429
f 1936//429 1798//428 1829//430
f 1936//431 1829//431 1937//431
f 1937//432 1829//432 1828//432
f 1937//433 1828//433 1938//433
f 1938//434 1828//434 1827//434
f 1938//435 1827//435 1939//435
f 1939//436 1827//436 1826//436
f 1939//437 1826//437 1940//437
f 1940//438 1826//438 1825//438
f 1940//439 1825//439 1941//439
f 1941//440 1825//440 1824//440
f 1941//441 1824//441 1942//441
f 1942//442 1824//442 1823//442
f 1942//443 1823//443 1943//443
f 1943//444 1823//444 1822//444
f 1943//445 1822//445 1944//445
f 1944//446 1822//446 1821//446
f 1944//447 1821//447 1945//447
f 1945//448 1821//448 1820//448
f 1945//449 1820//449 1946//449
f 1946//450 1820//450 1819//450
f 1946//451 1819//451 1947//451
f 1947//452 1819//452 1818//452
f 1947//453 1818//453 1948//453
f 1948//454 1818//454 1817//454
f 1948//455 1817//455 1949//455
f 1949//456 1817//457 1816//458
f 1949//456 1816//458 1950//459
f 1950//460 1816//461 1815//462
f 1950//460 1815//462 1951//463
f 1951//464 1815//465 1952//772
f 1951//467 1952//467 1953//467
f 1953//468 1952//468 1954//469
f 1953//470 1954//470 1955//470
f 1955//471 1954//471 1956//471
f 1955//472 1956//474 1957//474
f 1957//475 1956//475 1958//773
f 1957//476 1958//477 1904//477
f 1904//478 1958//478 1906//479
f 1815//465 1814//480 1952//772
f 1952//481 1814//482 1959//483
f 1952//468 1959//469 1954//469
f 1954//484 1959//484 1960//484
f 1954//471 1960//485 1956//471
f 1956//486 1960//486 1961//486
f 1956//475 1961//773 1958//773
f 1958//487 1961//487 1962//487
f 1958//478 1962//479 1906//479
f 1906//488 1962//488 1908//488
f 1814//482 1813//489 1959//483
f 1959//490 1813//490 1963//490
f 1959//484 1963//484 1960//484
f 1960//491 1963//491 1964//491
f 1960//486 1964//486 1961//486
f 1961//492 1964//492 1965//492
f 1961//487 1965//487 1962//487
f 1962//493 1965//493 1966//493
f 1962//488 1966//488 1908//488
f 1908//494 1966//494 1910//494
f 1813//495 1812//495 1963//495
f 1963//496 1812//496 1967//496
f 1963//491 1967//775 1964//491
f 1964//497 1967//497 1968//497
f 1964//492 1968//492 1965//492
f 1965//498 1968//498 1969//808
f 1965//493 1969//493 1966//493
f 1966//500 1969//500 1970//500
f 1966//494 1970//494 1910//494
f 1910//501 1970//501 1912//502
f 1812//503 1811//503 1967//503
f 1967//504 1811//504 1971//504
f 1967//497 1971//497 1968//497
f 1968//505 1971//505 1972//506
f 1968//498 1972//808 1969//808
f 1969//507 1972//507 1973//509
f 1969//500 1973//500 1970//500
f 1970//510 1973//510 1974//510
f 1970//501 1974//776 1912//502
f 1912//512 1974//512 1914//512
f 1811//513 1810//513 1971//513
f 1971//514 1810//514 1975//514
f 1971//505 1975//506 1972//506
f 1972//809 1975//809 1976//809
f 1972//507 1976//509 1973//509
f 1973//517 1976//517 1977//517
f 1973//510 1977//510 1974//510
f 1974//518 1977//519 1978//519
f 1974//512 1978//512 1914//512
f 1914//520 1978//520 1916//777
f 1810//522 1809//522 1975//522
f 1975//523 1809//523 1979//523
f 1975//809 1979//515 1976//809
f 1976//525 1979//525 1980//525
f 1976//517 1980//517 1977//517
f 1977//526 1980//526 1981//526
f 1977//519 1981//519 1978//519
f 1978//527 1981//527 1982//527
f 1978//520 1982//777 1916//777
f 1916//528 1982//528 1918//778
f 1809//529 1808//529 1979//529
f 1979//530 1808//530 1983//530
f 1979//525 1983//525 1980//525
f 1980//531 1983//531 1984//531
f 1980//526 1984//526 1981//526
f 1981//532 1984//532 1985//532
f 1981//527 1985//527 1982//527
f 1982//533 1985//533 1986//534
f 1982//528 1986//778 1918//778
f 1918//535 1986//535 1920//535
f 1808//536 1807//536 1983//536
f 1983//537 1807//537 1987//537
f 1983//531 1987//531 1984//531
f 1984//538 1987//538 1988//548
f 1984//532 1988//532 1985//532
f 1985//540 1988//540 1989//779
f 1985//533 1989//534 1986//534
f 1986//543 1989//543 1990//543
f 1986//535 1990//535 1920//535
f 1920//544 1990//545 1922//545
f 1807//546 1806//546 1987//546
f 1987//547 1806//547 1991//547
f 1987//538 1991//548 1988//548
f 1988//549 1991//549 1992//780
f 1988//540 1992//779 1989//779
f 1989//781 1992//781 1993//550
f 1989//543 1993//543 1990//543
f 1990//551 1993//551 1994//551
f 1990//545 1994//545 1922//545
f 1922//553 1994//553 1924//553
f 1806//555 1805//555 1991//555
f 1991//556 1805//556 1995//556
f 1991//549 1995//780 1992//780
f 1992//557 1995//557 1996//557
f 1992//781 1996//550 1993//550
f 1993//559 1996//559 1997//559
f 1993//551 1997//551 1994//551
f 1994//561 1997//561 1998//561
f 1994//553 1998//553 1924//553
f 1924//563 1998//563 1926//563
f 1805//564 1804//564 1995//564
f 1995//565 1804//565 1999//565
f 1995//557 1999//557 1996//557
f 1996//566 1999//566 2000//566
f 1996//559 2000//559 1997//559
f 1997//782 2000//782 2001//567
f 1997//561 2001//561 1998//561
f 1998//568 2001//568 2002//783
f 1998//563 2002//563 1926//563
f 1926//569 2002//569 1860//569
f 1804//570 1803//570 1999//570
f 1999//571 1803//571 2003//571
f 1999//566 2003//566 2000//566
f 2000//572 2003//572 2004//572
f 2000//782 2004//567 2001//567
f 2001//573 2004//573 2005//573
f 2001//568 2005//783 2002//783
f 2002//575 2005//575 1935//575
f 2002//569 1935//569 1860//569
f 1803//576 1802//576 2003//576
f 2003//784 1802//784 2006//784
f 2003//572 2006//572 2004//572
f 2004//578 2006//578 2007//578
f 2004//573 2007//574 2005//573
f 2005//579 2007//579 1933//579
f 2005//575 1933//575 1935//575
f 1802//580 1801//580 2006//580
f 2006//581 1801//581 2008//581
f 2006//578 2008//578 2007//578
f 2007//582 2008//582 1931//582
f 2007//579 1931//579 1933//579
f 1801//583 1800//584 2008//585
f 2008//585 1800//584 1929//586
f 2008//582 1929//582 1931//582
f 1800//587 1799//420 1929//422
f 1896//588 2009//588 1898//588
f 1898//588 2009//588 2010//588
f 1898//589 2010//589 1900//589
f 1900//589 2010//589 2011//589
f 1900//590 2011//590 1902//590
f 1902//590 2011//590 1957//590
f 1902//476 1957//476 1904//477
f 2009//591 2012//591 2010//591
f 2010//591 2012//591 2013//591
f 2010//592 2013//592 2011//592
f 2011//592 2013//592 1955//592
f 2011//472 1955//472 1957//474
f 2009//593 1896//593 2014//593
f 2014//593 1896//593 1894//593
f 2014//594 1894//594 2015//594
f 2015//594 1894//594 1892//594
f 2015//595 1892//595 2016//595
f 2016//595 1892//595 1890//595
f 2016//596 1890//596 2017//785
f 2017//785 1890//596 1888//785
f 2017//597 1888//597 2018//598
f 2018//598 1888//597 1886//598
f 2018//599 1886//599 2019//599
f 2019//599 1886//599 1884//599
f 2019//600 1884//600 2020//601
f 2020//601 1884//600 1882//601
f 2020//841 1882//841 2021//603
f 2021//603 1882//841 1880//603
f 2021//605 1880//605 2022//605
f 2022//605 1880//605 1878//605
f 2022//787 1878//788 2023//810
f 2023//810 1878//788 1876//810
f 2023//608 1876//608 2024//608
f 2024//608 1876//608 1874//608
f 2024//609 1874//609 2025//609
f 2025//609 1874//609 1872//609
f 2025//610 1872//610 2026//610
f 2026//610 1872//610 1870//610
f 2026//612 1870//613 2027//614
f 2027//614 1870//613 1868//614
f 2027//615 1868//615 2028//615
f 2028//615 1868//615 1866//615
f 2028//616 1866//616 2029//616
f 2029//616 1866//616 1864//616
f 2029//617 1864//617 1934//617
f 1934//617 1864//617 1862//617
f 2012//618 2030//618 2013//618
f 2013//618 2030//618 1953//618
f 2013//470 1953//470 1955//470
f 2012//619 2009//619 2031//619
f 2031//619 2009//619 2014//619
f 2031//620 2014//620 2032//620
f 2032//620 2014//620 2015//620
f 2032//622 2015//622 2033//622
f 2033//622 2015//622 2016//622
f 2033//790 2016//790 2034//623
f 2034//623 2016//790 2017//623
f 2034//625 2017//625 2035//625
f 2035//625 2017//625 2018//625
f 2035//791 2018//626 2036//792
f 2036//792 2018//626 2019//792
f 2036//628 2019//628 2037//629
f 2037//629 2019//628 2020//629
f 2037//630 2020//630 2038//630
f 2038//630 2020//630 2021//630
f 2038//631 2021//631 2039//631
f 2039//631 2021//631 2022//631
f 2039//633 2022//633 2040//633
f 2040//633 2022//633 2023//633
f 2040//634 2023//634 2041//634
f 2041//634 2023//634 2024//634
f 2041//635 2024//635 2042//635
f 2042//635 2024//635 2025//635
f 2042//636 2025//636 2043//636
f 2043//636 2025//636 2026//636
f 2043//639 2026//639 2044//639
f 2044//639 2026//639 2027//639
f 2044//793 2027//794 2045//640
f 2045//640 2027//794 2028//640
f 2045//641 2028//641 2046//641
f 2046//641 2028//641 2029//641
f 2046//642 2029//642 1932//642
f 1932//642 2029//642 1934//642
f 1950//643 1951//643 2030//643
f 2030//467 1951//467 1953//467
f 2030//644 2012//644 2047//644
f 2047//644 2012//644 2031//644
f 2047//645 2031//645 2048//645
f 2048//645 2031//645 2032//645
f 2048//795 2032//646 2049//646
f 2049//646 2032//646 2033//646
f 2049//647 2033//647 2050//647
f 2050//647 2033//647 2034//647
f 2050//648 2034//648 2051//648
f 2051//648 2034//648 2035//648
f 2051//811 2035//811 2052//649
f 2052//649 2035//811 2036//649
f 2052//812 2036//812 2053//812
f 2053//812 2036//812 2037//650
f 2053//651 2037//651 2054//651
f 2054//651 2037//651 2038//651
f 2054//652 2038//652 2055//652
f 2055//652 2038//652 2039//652
f 2055//653 2039//653 2056//653
f 2056//653 2039//653 2040//653
f 2056//654 2040//654 2057//654
f 2057//654 2040//654 2041//814
f 2057//656 2041//656 2058//657
f 2058//657 2041//656 2042//657
f 2058//658 2042//658 2059//658
f 2059//658 2042//658 2043//658
f 2059//659 2043//659 2060//659
f 2060//659 2043//659 2044//659
f 2060//660 2044//661 2061//661
f 2061//661 2044//661 2045//661
f 2061//662 2045//662 2062//662
f 2062//662 2045//662 2046//662
f 2062//663 2046//663 1930//663
f 1930//663 2046//663 1932//663
f 2062//664 1930//664 1928//664
f 2062//664 1928//664 1927//664
f 1949//665 1950//665 2047//665
f 2047//643 1950//643 2030//643
f 1949//665 2047//665 2048//665
f 1948//666 1949//666 2048//666
f 1948//666 2048//666 2049//666
f 1947//667 1948//667 2049//667
f 1947//667 2049//667 2050//667
f 1946//668 1947//668 2050//668
f 1946//668 2050//668 2051//668
f 1945//669 1946//670 2051//670
f 1945//669 2051//670 2052//669
f 1944//671 1945//815 2052//815
f 1944//671 2052//815 2053//671
f 1943//801 1944//674 2053//801
f 1943//801 2053//801 2054//801
f 1942//675 1943//675 2054//675
f 1942//675 2054//675 2055//675
f 1941//676 1942//676 2055//676
f 1941//676 2055//676 2056//676
f 1940//816 1941//677 2056//677
f 1940//816 2056//677 2057//816
f 1939//678 1940//679 2057//679
f 1939//678 2057//679 2058//678
f 1938//680 1939//680 2058//680
f 1938//680 2058//680 2059//680
f 1937//681 1938//681 2059//681
f 1937//681 2059//681 2060//681
f 1936//683 1937//683 2060//683
f 1936//683 2060//683 2061//683
f 1927//684 1936//685 2061//685
f 1927//684 2061//685 2062//684
f 2063//686 1859//686 2064//686
f 2064//686 1859//686 1861//686
f 2064//687 1861//687 2065//687
f 2065//687 1861//687 1863//687
f 2065//688 1863//688 2066//688
f 2066//688 1863//688 1865//688
f 2066//689 1865//689 2067//689
f 2067//689 1865//689 1867//689
f 2067//690 1867//690 2068//690
f 2068//690 1867//690 1869//690
f 2068//691 1869//691 2069//691
f 2069//691 1869//691 1871//691
f 2069//692 1871//692 2070//692
f 2070//692 1871//692 1873//692
f 2070//693 1873//693 2071//693
f 2071//693 1873//693 1875//693
f 2071//694 1875//694 2072//694
f 2072//694 1875//694 1877//694
f 2072//695 1877//695 2073//695
f 2073//695 1877//695 1879//695
f 2073//696 1879//696 2074//696
f 2074//696 1879//696 1881//696
f 2074//697 1881//697 2075//697
f 2075//697 1881//697 1883//697
f 2075//698 1883//698 2076//698
f 2076//698 1883//698 1885//698
f 2076//699 1885//699 2077//699
f 2077//699 1885//699 1887//699
f 2077//700 1887//700 2078//700
f 2078//700 1887//700 1889//700
f 2078//701 1889//701 2079//701
f 2079//701 1889//701 1891//701
f 2079//702 1891//702 2080//702
f 2080//702 1891//702 1893//702
f 2080//703 1893//703 2081//703
f 2081//703 1893//703 1895//703
f 2081//704 1895//704 2082//704
f 2082//704 1895//704 1897//704
f 2082//705 1897//705 2083//705
f 2083//705 1897//705 1899//705
f 2083//706 1899//706 2084//706
f 2084//706 1899//706 1901//706
f 2084//707 1901//707 2085//707
f 2085//707 1901//707 1903//707
f 2085//708 1903//708 2086//708
f 2086//708 1903//708 1905//708
f 2086//709 1905//709 2087//709
f 2087//709 1905//709 1907//709
f 2087//710 1907//710 2088//710
f 2088//710 1907//710 1909//710
f 2088//711 1909//711 2089//711
f 2089//711 1909//711 1911//711
f 2089//712 1911//712 2090//712
f 2090//712 1911//712 1913//712
f 2090//713 1913//713 2091//713
f 2091//713 1913//713 1915//713
f 2091//714 1915//714 2092//714
f 2092//714 1915//714 1917//714
f 2092//715 1917//715 2093//715
f 2093//715 1917//715 1919//715
f 2093//716 1919//716 2094//716
f 2094//716 1919//716 1921//716
f 2094//717 1921//717 2095//717
f 2095//717 1921//717 1923//717
f 2095//718 1923//718 2096//718
f 2096//718 1923//718 1925//718
f 2096//719 1925//719 2063//719
f 2063//719 1925//719 1859//719
f 2097//1 2098//1 2099//1
f 2099//2 2098//2 2100//2
f 2099//3 2100//3 2101//3
f 2101//4 2100//4 2102//4
f 2101//4 2102//4 2103//4
f 2103//5 2102//6 2104//6
f 2103//5 2104//6 2105//5
f 2105//842 2104//7 2106//7
f 2105//842 2106//7 2107//842
f 2107//8 2106//8 2108//8
f 2107//8 2108//8 2109//8
f 2109//9 2108//10 2110//11
f 2109//9 2110//11 2111//12
f 2098//13 2097//13 2112//13
f 2112//14 2097//14 2113//14
f 2112//15 2113//15 2114//15
f 2114//16 2113//16 2115//16
f 2114//17 2115//17 2116//17
f 2116//18 2115//18 2117//18
f 2116//19 2117//19 2118//19
f 2118//20 2117//20 2119//20
f 2118//722 2119//722 2120//722
f 2120//22 2119//22 2121//22
f 2120//23 2121//23 2122//23
f 2122//24 2121//24 2123//24
f 2122//843 2123//843 2124//843
f 2124//26 2123//26 2125//26
f 2124//27 2125//27 2126//27
f 2126//29 2125//29 2127//29
f 2126//31 2127//31 2128//31
f 2128//32 2127//32 2129//819
f 2128//33 2129//33 2130//33
f 2130//36 2129//36 2131//36
f 2130//844 2131//38 2132//38
f 2132//39 2131//39 2133//39
f 2132//41 2133//41 2134//41
f 2134//724 2133//724 2135//724
f 2135//43 2133//43 2136//43
f 2135//44 2136//44 2137//44
f 2137//820 2136//820 2138//820
f 2137//845 2138//846 2139//48
f 2139//48 2138//846 2140//49
f 2139//51 2140//51 2141//51
f 2141//52 2140//52 2142//52
f 2141//52 2142//52 2143//52
f 2143//53 2142//53 2144//53
f 2143//53 2144//53 2145//53
f 2145//54 2144//54 2146//54
f 2145//54 2146//54 2147//54
f 2147//55 2146//55 2148//55
f 2147//55 2148//55 2149//55
f 2149//56 2148//56 2150//56
f 2149//57 2150//57 2151//57
f 2151//58 2150//58 2152//58
f 2151//59 2152//59 2153//59
f 2153//725 2152//725 2154//725
f 2153//61 2154//61 2155//61
f 2155//62 2154//62 2156//62
f 2155//847 2156//847 2157//847
f 2157//64 2156//64 2158//64
f 2157//727 2158//727 2159//727
f 2159//848 2158//848 2160//848
f 2159//67 2160//67 2161//67
f 2161//68 2160//68 2162//68
f 2161//849 2162//849 2163//849
f 2163//70 2162//70 2164//70
f 2163//823 2164//823 2165//823
f 2165//850 2164//850 2166//850
f 2165//73 2166//74 2167//74
f 2167//76 2166//76 2168//75
f 2167//77 2168//77 2169//77
f 2169//136 2168//136 2170//79
f 2169//729 2170//729 2171//729
f 2171//81 2170//81 2172//81
f 2171//82 2172//82 2173//82
f 2173//83 2172//83 2174//83
f 2173//84 2174//84 2175//84
f 2175//85 2174//85 2176//85
f 2176//86 2174//86 2177//86
f 2176//87 2177//88 2111//89
f 2111//89 2177//88 2109//90
f 2123//91 2178//91 2125//91
f 2125//92 2178//92 2179//92
f 2125//29 2179//29 2127//29
f 2127//94 2179//94 2180//825
f 2127//32 2180//819 2129//819
f 2129//95 2180//95 2181//95
f 2129//36 2181//36 2131//36
f 2131//96 2181//96 2182//851
f 2131//39 2182//39 2133//39
f 2133//97 2182//97 2136//97
f 2178//852 2183//852 2179//852
f 2179//853 2183//853 2184//853
f 2179//94 2184//825 2180//825
f 2180//100 2184//100 2185//100
f 2180//95 2185//95 2181//95
f 2181//102 2185//102 2186//102
f 2181//96 2186//851 2182//851
f 2182//103 2186//103 2187//103
f 2182//97 2187//97 2136//97
f 2136//104 2187//104 2138//104
f 2183//854 2188//854 2184//854
f 2184//106 2188//106 2189//106
f 2184//100 2189//100 2185//100
f 2185//107 2189//107 2190//107
f 2185//102 2190//102 2186//102
f 2186//110 2190//110 2191//110
f 2186//103 2191//103 2187//103
f 2187//111 2191//111 2192//111
f 2187//104 2192//855 2138//104
f 2138//112 2192//112 2140//112
f 2188//113 2193//113 2189//113
f 2189//856 2193//856 2194//856
f 2189//107 2194//107 2190//107
f 2190//122 2194//122 2195//122
f 2190//110 2195//110 2191//110
f 2191//117 2195//117 2196//117
f 2191//111 2196//111 2192//111
f 2192//118 2196//118 2142//119
f 2192//112 2142//112 2140//112
f 2193//120 2197//120 2194//120
f 2194//121 2197//121 2198//121
f 2194//122 2198//122 2195//122
f 2195//736 2198//736 2199//736
f 2195//117 2199//117 2196//117
f 2196//125 2199//125 2144//125
f 2196//118 2144//119 2142//119
f 2197//126 2200//126 2198//126
f 2198//127 2200//127 2201//127
f 2198//736 2201//736 2199//736
f 2199//128 2201//128 2146//128
f 2199//125 2146//125 2144//125
f 2200//129 2202//129 2201//129
f 2201//130 2202//130 2148//130
f 2201//128 2148//128 2146//128
f 2202//56 2150//56 2148//56
f 2164//131 2203//131 2166//131
f 2166//132 2203//132 2204//132
f 2166//76 2204//75 2168//75
f 2168//135 2204//135 2205//135
f 2168//136 2205//79 2170//79
f 2170//137 2205//137 2206//137
f 2170//81 2206//81 2172//81
f 2172//138 2206//138 2207//138
f 2172//83 2207//83 2174//83
f 2174//140 2207//140 2177//857
f 2203//141 2208//141 2204//141
f 2204//741 2208//741 2209//741
f 2204//135 2209//135 2205//135
f 2205//152 2209//152 2210//144
f 2205//137 2210//137 2206//137
f 2206//145 2210//145 2211//145
f 2206//138 2211//138 2207//138
f 2207//146 2211//146 2212//146
f 2207//140 2212//857 2177//857
f 2177//148 2212//148 2109//149
f 2208//743 2213//743 2209//743
f 2209//831 2213//831 2214//831
f 2209//152 2214//144 2210//144
f 2210//153 2214//153 2215//153
f 2210//145 2215//145 2211//145
f 2211//155 2215//155 2216//155
f 2211//146 2216//146 2212//146
f 2212//156 2216//156 2107//156
f 2212//148 2107//149 2109//149
f 2213//157 2217//157 2214//157
f 2214//158 2217//158 2218//158
f 2214//153 2218//153 2215//153
f 2215//159 2218//159 2219//159
f 2215//155 2219//155 2216//155
f 2216//160 2219//160 2105//160
f 2216//156 2105//156 2107//156
f 2217//161 2220//161 2218//161
f 2218//162 2220//162 2221//162
f 2218//159 2221//159 2219//159
f 2219//163 2221//163 2103//163
f 2219//160 2103//160 2105//160
f 2220//164 2222//164 2221//164
f 2221//165 2222//165 2101//165
f 2221//163 2101//163 2103//163
f 2222//745 2099//745 2101//745
f 2175//167 2223//167 2173//167
f 2173//168 2223//168 2224//168
f 2173//82 2224//82 2171//82
f 2171//169 2224//169 2225//169
f 2171//729 2225//729 2169//729
f 2169//172 2225//172 2226//172
f 2169//77 2226//77 2167//77
f 2167//174 2226//174 2227//174
f 2167//74 2227//175 2165//73
f 2165//176 2227//176 2163//176
f 2223//858 2228//858 2224//858
f 2224//178 2228//178 2229//178
f 2224//169 2229//169 2225//169
f 2225//179 2229//179 2230//179
f 2225//172 2230//172 2226//172
f 2226//181 2230//181 2231//181
f 2226//174 2231//174 2227//174
f 2227//183 2231//183 2232//183
f 2227//176 2232//176 2163//176
f 2163//186 2232//186 2161//186
f 2228//187 2233//187 2229//187
f 2229//188 2233//188 2234//188
f 2229//179 2234//179 2230//179
f 2230//189 2234//189 2235//750
f 2230//181 2235//181 2231//181
f 2231//191 2235//191 2236//191
f 2231//183 2236//183 2232//183
f 2232//192 2236//192 2237//192
f 2232//186 2237//186 2161//186
f 2161//195 2237//195 2159//194
f 2233//196 2238//196 2234//196
f 2234//197 2238//197 2239//197
f 2234//189 2239//750 2235//750
f 2235//198 2239//198 2240//198
f 2235//191 2240//191 2236//191
f 2236//200 2240//200 2241//200
f 2236//192 2241//192 2237//192
f 2237//201 2241//201 2242//201
f 2237//195 2242//194 2159//194
f 2159//203 2242//203 2157//203
f 2238//204 2243//204 2239//204
f 2239//205 2243//205 2244//205
f 2239//198 2244//206 2240//198
f 2240//207 2244//207 2245//207
f 2240//200 2245//200 2241//200
f 2241//753 2245//210 2246//210
f 2241//201 2246//201 2242//201
f 2242//211 2246//211 2247//211
f 2242//203 2247//203 2157//203
f 2157//213 2247//213 2155//213
f 2243//214 2248//214 2244//214
f 2244//215 2248//215 2249//215
f 2244//207 2249//207 2245//207
f 2245//216 2249//216 2250//755
f 2245//210 2250//210 2246//210
f 2246//217 2250//217 2251//217
f 2246//211 2251//211 2247//211
f 2247//220 2251//220 2252//220
f 2247//213 2252//213 2155//213
f 2155//756 2252//756 2153//756
f 2248//222 2253//222 2249//222
f 2249//223 2253//223 2254//223
f 2249//216 2254//755 2250//755
f 2250//225 2254//225 2255//224
f 2250//217 2255//217 2251//217
f 2251//227 2255//227 2256//227
f 2251//220 2256//220 2252//220
f 2252//228 2256//228 2257//228
f 2252//756 2257//756 2153//756
f 2153//229 2257//229 2151//229
f 2253//231 2258//231 2254//231
f 2254//232 2258//232 2259//232
f 2254//225 2259//224 2255//224
f 2255//234 2259//234 2260//234
f 2255//227 2260//227 2256//227
f 2256//235 2260//235 2261//235
f 2256//228 2261//228 2257//228
f 2257//236 2261//236 2262//236
f 2257//229 2262//229 2151//229
f 2151//237 2262//237 2149//237
f 2258//238 2263//238 2259//238
f 2259//239 2263//239 2264//239
f 2259//234 2264//234 2260//234
f 2260//240 2264//240 2265//240
f 2260//235 2265//235 2261//235
f 2261//241 2265//241 2266//241
f 2261//236 2266//236 2262//236
f 2262//243 2266//243 2147//859
f 2262//237 2147//237 2149//237
f 2263//758 2267//758 2264//758
f 2264//246 2267//246 2268//246
f 2264//240 2268//240 2265//240
f 2265//247 2268//247 2269//860
f 2265//241 2269//241 2266//241
f 2266//248 2269//248 2145//248
f 2266//243 2145//859 2147//859
f 2267//250 2270//250 2268//250
f 2268//861 2270//861 2271//861
f 2268//247 2271//860 2269//860
f 2269//252 2271//252 2143//253
f 2269//248 2143//248 2145//248
f 2270//862 2272//255 2271//863
f 2271//863 2272//255 2141//257
f 2271//252 2141//253 2143//253
f 2272//51 2139//51 2141//51
f 2134//258 2273//258 2132//258
f 2132//259 2273//259 2274//259
f 2132//38 2274//844 2130//844
f 2130//260 2274//260 2275//260
f 2130//33 2275//33 2128//33
f 2128//261 2275//261 2276//261
f 2128//31 2276//31 2126//31
f 2126//262 2276//262 2277//262
f 2126//27 2277//27 2124//27
f 2124//263 2277//263 2122//264
f 2273//265 2278//265 2274//265
f 2274//266 2278//266 2279//266
f 2274//260 2279//260 2275//260
f 2275//267 2279//267 2280//267
f 2275//261 2280//261 2276//261
f 2276//269 2280//269 2281//269
f 2276//262 2281//262 2277//262
f 2277//271 2281//271 2282//270
f 2277//263 2282//264 2122//264
f 2122//864 2282//864 2120//864
f 2278//273 2283//273 2279//273
f 2279//274 2283//274 2284//274
f 2279//267 2284//267 2280//267
f 2280//275 2284//275 2285//275
f 2280//269 2285//269 2281//269
f 2281//277 2285//277 2286//277
f 2281//271 2286//270 2282//270
f 2282//279 2286//279 2287//279
f 2282//864 2287//864 2120//864
f 2120//280 2287//280 2118//280
f 2283//282 2288//282 2284//282
f 2284//283 2288//283 2289//283
f 2284//275 2289//275 2285//275
f 2285//284 2289//284 2290//835
f 2285//277 2290//277 2286//277
f 2286//285 2290//285 2291//865
f 2286//279 2291//279 2287//279
f 2287//866 2291//866 2292//867
f 2287//280 2292//280 2118//280
f 2118//288 2292//288 2116//288
f 2288//290 2293//290 2289//290
f 2289//291 2293//291 2294//291
f 2289//284 2294//835 2290//835
f 2290//292 2294//292 2295//292
f 2290//285 2295//865 2291//865
f 2291//294 2295//760 2296//293
f 2291//866 2296//867 2292//867
f 2292//295 2296//295 2297//295
f 2292//288 2297//288 2116//288
f 2116//296 2297//296 2114//296
f 2293//297 2298//297 2294//297
f 2294//298 2298//298 2299//298
f 2294//292 2299//292 2295//292
f 2295//299 2299//299 2300//299
f 2295//760 2300//293 2296//293
f 2296//300 2300//300 2301//300
f 2296//295 2301//295 2297//295
f 2297//301 2301//301 2302//301
f 2297//296 2302//296 2114//296
f 2114//302 2302//302 2112//302
f 2298//303 2303//303 2299//303
f 2299//304 2303//304 2304//304
f 2299//299 2304//299 2300//299
f 2300//305 2304//305 2305//305
f 2300//300 2305//300 2301//300
f 2301//307 2305//307 2306//307
f 2301//301 2306//301 2302//301
f 2302//868 2306//762 2307//308
f 2302//302 2307//302 2112//302
f 2112//309 2307//309 2098//309
f 2303//869 2308//869 2304//869
f 2304//311 2308//311 2309//311
f 2304//305 2309//305 2305//305
f 2305//312 2309//312 2310//312
f 2305//307 2310//307 2306//307
f 2306//314 2310//314 2311//314
f 2306//762 2311//308 2307//308
f 2307//315 2311//315 2312//315
f 2307//309 2312//309 2098//309
f 2098//316 2312//316 2100//316
f 2308//317 2313//317 2309//317
f 2309//318 2313//318 2314//318
f 2309//312 2314//312 2310//312
f 2310//319 2314//319 2315//319
f 2310//314 2315//314 2311//314
f 2311//320 2315//320 2316//320
f 2311//315 2316//315 2312//315
f 2312//321 2316//321 2102//322
f 2312//316 2102//316 2100//316
f 2313//323 2317//323 2314//323
f 2314//324 2317//324 2318//324
f 2314//319 2318//319 2315//319
f 2315//325 2318//325 2319//326
f 2315//320 2319//320 2316//320
f 2316//327 2319//327 2104//327
f 2316//321 2104//322 2102//322
f 2317//328 2320//329 2318//330
f 2318//330 2320//329 2321//331
f 2318//325 2321//326 2319//326
f 2319//332 2321//332 2106//332
f 2319//327 2106//327 2104//327
f 2320//333 2110//334 2321//335
f 2321//335 2110//334 2108//336
f 2321//332 2108//332 2106//332
f 2322//337 2323//337 2110//337
f 2110//337 2323//337 2324//337
f 2110//337 2324//337 2111//337
f 2111//337 2324//337 2325//337
f 2111//337 2325//337 2176//337
f 2176//337 2325//337 2326//337
f 2176//337 2326//337 2175//337
f 2175//337 2326//337 2327//337
f 2175//337 2327//337 2223//337
f 2223//337 2327//337 2328//337
f 2223//337 2328//337 2228//337
f 2228//337 2328//337 2329//337
f 2228//337 2329//337 2233//337
f 2233//337 2329//337 2330//337
f 2233//337 2330//337 2238//337
f 2238//337 2330//337 2331//337
f 2238//337 2331//337 2243//337
f 2243//337 2331//337 2332//337
f 2243//337 2332//337 2248//337
f 2248//337 2332//337 2333//337
f 2248//337 2333//337 2253//337
f 2253//337 2333//337 2334//337
f 2253//337 2334//337 2258//337
f 2258//337 2334//337 2335//337
f 2258//337 2335//337 2263//337
f 2263//337 2335//337 2336//337
f 2263//337 2336//337 2267//337
f 2267//337 2336//337 2337//337
f 2267//337 2337//337 2270//337
f 2270//337 2337//337 2338//337
f 2270//337 2338//337 2272//337
f 2272//337 2338//337 2339//337
f 2272//337 2339//337 2139//337
f 2139//337 2339//337 2340//337
f 2139//337 2340//337 2137//337
f 2137//337 2340//337 2341//337
f 2137//337 2341//337 2135//337
f 2135//337 2341//337 2342//337
f 2135//337 2342//337 2134//337
f 2134//337 2342//337 2343//337
f 2134//337 2343//337 2273//337
f 2273//337 2343//337 2344//337
f 2273//337 2344//337 2278//337
f 2278//337 2344//337 2345//337
f 2278//337 2345//337 2283//337
f 2283//337 2345//337 2346//337
f 2283//337 2346//337 2288//337
f 2288//337 2346//337 2347//337
f 2288//337 2347//337 2293//337
f 2293//337 2347//337 2348//337
f 2293//337 2348//337 2298//337
f 2298//337 2348//337 2349//337
f 2298//337 2349//337 2303//337
f 2303//337 2349//337 2350//337
f 2303//337 2350//337 2308//337
f 2308//337 2350//337 2351//337
f 2308//337 2351//337 2313//337
f 2313//337 2351//337 2352//337
f 2313//337 2352//337 2317//337
f 2317//337 2352//337 2353//337
f 2317//337 2353//337 2320//337
f 2320//337 2353//337 2322//337
f 2320//337 2322//337 2110//337
f 2354//338 2097//338 2355//338
f 2355//338 2097//338 2099//338
f 2355//339 2099//339 2356//339
f 2356//339 2099//339 2222//339
f 2356//340 2222//340 2357//340
f 2357//340 2222//340 2220//340
f 2357//341 2220//341 2358//341
f 2358//341 2220//341 2217//341
f 2358//342 2217//342 2359//342
f 2359//342 2217//342 2213//342
f 2359//343 2213//343 2360//343
f 2360//343 2213//343 2208//343
f 2360//344 2208//344 2361//344
f 2361//344 2208//344 2203//344
f 2361//345 2203//345 2362//345
f 2362//345 2203//345 2164//345
f 2362//346 2164//346 2363//346
f 2363//346 2164//346 2162//346
f 2363//347 2162//347 2364//347
f 2364//347 2162//347 2160//347
f 2364//348 2160//348 2365//348
f 2365//348 2160//348 2158//348
f 2365//349 2158//349 2366//349
f 2366//349 2158//349 2156//349
f 2366//350 2156//350 2367//350
f 2367//350 2156//350 2154//350
f 2367//351 2154//351 2368//351
f 2368//351 2154//351 2152//351
f 2368//352 2152//352 2369//352
f 2369//352 2152//352 2150//352
f 2369//353 2150//353 2370//353
f 2370//353 2150//353 2202//353
f 2370//354 2202//354 2371//354
f 2371//354 2202//354 2200//354
f 2371//355 2200//355 2372//355
f 2372//355 2200//355 2197//355
f 2372//356 2197//356 2373//356
f 2373//356 2197//356 2193//356
f 2373//357 2193//357 2374//357
f 2374//357 2193//357 2188//357
f 2374//358 2188//358 2375//358
f 2375//358 2188//358 2183//358
f 2375//359 2183//359 2376//359
f 2376//359 2183//359 2178//359
f 2376//360 2178//360 2377//360
f 2377//360 2178//360 2123//360
f 2377//361 2123//361 2378//361
f 2378//361 2123//361 2121//361
f 2378//362 2121//362 2379//362
f 2379//362 2121//362 2119//362
f 2379//363 2119//363 2380//363
f 2380//363 2119//363 2117//363
f 2380//364 2117//364 2381//364
f 2381//364 2117//364 2115//364
f 2381//365 2115//365 2382//365
f 2382//365 2115//365 2113//365
f 2382//366 2113//366 2354//366
f 2354//366 2113//366 2097//366
f 2383//367 2384//367 2385//367
f 2385//367 2384//367 2386//367
f 2385//368 2386//368 2387//368
f 2387//368 2386//368 2388//368
f 2387//369 2388//369 2389//369
f 2389//369 2388//369 2390//369
f 2389//371 2390//371 2391//372
f 2391//372 2390//371 2392//372
f 2391//373 2392//373 2393//374
f 2393//374 2392//373 2394//374
f 2393//375 2394//375 2395//375
f 2395//375 2394//375 2396//375
f 2395//376 2396//376 2397//376
f 2397//376 2396//376 2398//376
f 2397//870 2398//870 2399//379
f 2399//379 2398//870 2400//379
f 2399//381 2400//381 2401//381
f 2401//381 2400//381 2402//381
f 2401//383 2402//383 2403//383
f 2403//383 2402//383 2404//383
f 2403//385 2404//385 2405//871
f 2405//871 2404//385 2406//871
f 2405//386 2406//386 2407//805
f 2407//805 2406//386 2408//805
f 2407//388 2408//388 2409//388
f 2409//388 2408//388 2410//388
f 2409//389 2410//389 2411//389
f 2411//389 2410//389 2412//389
f 2411//765 2412//765 2413//390
f 2413//390 2412//765 2414//390
f 2413//391 2414//391 2415//391
f 2415//391 2414//391 2416//392
f 2415//393 2416//393 2417//393
f 2417//393 2416//393 2418//393
f 2417//394 2418//394 2419//394
f 2419//394 2418//394 2420//394
f 2419//395 2420//395 2421//395
f 2421//395 2420//395 2422//395
f 2421//396 2422//396 2423//396
f 2423//396 2422//396 2424//396
f 2423//397 2424//397 2425//397
f 2425//397 2424//397 2426//398
f 2425//399 2426//399 2427//767
f 2427//767 2426//399 2428//767
f 2427//400 2428//400 2429//400
f 2429//400 2428//400 2430//400
f 2429//401 2430//401 2431//401
f 2431//401 2430//401 2432//401
f 2431//872 2432//872 2433//404
f 2433//404 2432//872 2434//404
f 2433//405 2434//405 2435//405
f 2435//405 2434//405 2436//405
f 2435//406 2436//406 2437//406
f 2437//406 2436//406 2438//406
f 2437//407 2438//407 2439//873
f 2439//873 2438//407 2440//873
f 2439//408 2440//408 2441//874
f 2441//874 2440//408 2442//874
f 2441//410 2442//410 2443//410
f 2443//410 2442//410 2444//410
f 2443//411 2444//411 2445//411
f 2445//411 2444//411 2446//411
f 2445//412 2446//413 2447//413
f 2447//413 2446//413 2448//413
f 2447//414 2448//414 2449//771
f 2449//771 2448//414 2450//771
f 2449//415 2450//415 2383//415
f 2383//415 2450//415 2384//415
f 2322//416 2451//417 2323//875
f 2323//875 2451//417 2452//876
f 2323//877 2452//878 2453//422
f 2453//423 2452//423 2454//423
f 2453//423 2454//423 2455//423
f 2455//424 2454//424 2456//424
f 2455//424 2456//424 2457//424
f 2457//425 2456//425 2458//425
f 2457//425 2458//425 2459//425
f 2459//426 2458//426 2386//426
f 2459//426 2386//426 2384//426
f 2451//879 2322//428 2460//429
f 2460//429 2322//428 2353//430
f 2460//431 2353//431 2461//431
f 2461//432 2353//432 2352//432
f 2461//433 2352//433 2462//433
f 2462//434 2352//434 2351//434
f 2462//435 2351//435 2463//435
f 2463//436 2351//436 2350//436
f 2463//437 2350//437 2464//437
f 2464//438 2350//438 2349//438
f 2464//439 2349//439 2465//439
f 2465//440 2349//440 2348//440
f 2465//441 2348//441 2466//441
f 2466//442 2348//442 2347//442
f 2466//443 2347//443 2467//443
f 2467//444 2347//444 2346//444
f 2467//445 2346//445 2468//445
f 2468//446 2346//446 2345//446
f 2468//447 2345//447 2469//447
f 2469//448 2345//448 2344//448
f 2469//449 2344//449 2470//449
f 2470//450 2344//450 2343//450
f 2470//451 2343//451 2471//451
f 2471//452 2343//452 2342//452
f 2471//880 2342//880 2472//880
f 2472//454 2342//454 2341//454
f 2472//455 2341//455 2473//455
f 2473//456 2341//457 2340//458
f 2473//456 2340//458 2474//881
f 2474//460 2340//461 2339//882
f 2474//460 2339//882 2475//883
f 2475//884 2339//465 2476//466
f 2475//467 2476//467 2477//467
f 2477//468 2476//468 2478//469
f 2477//470 2478//470 2479//470
f 2479//471 2478//471 2480//471
f 2479//472 2480//472 2481//472
f 2481//475 2480//475 2482//475
f 2481//477 2482//476 2428//476
f 2428//479 2482//479 2430//478
f 2339//465 2338//480 2476//466
f 2476//885 2338//482 2483//483
f 2476//468 2483//469 2478//469
f 2478//484 2483//484 2484//484
f 2478//471 2484//471 2480//471
f 2480//486 2484//486 2485//486
f 2480//475 2485//475 2482//475
f 2482//487 2485//487 2486//487
f 2482//479 2486//478 2430//478
f 2430//488 2486//488 2432//488
f 2338//482 2337//489 2483//483
f 2483//490 2337//490 2487//490
f 2483//484 2487//484 2484//484
f 2484//491 2487//491 2488//491
f 2484//486 2488//486 2485//486
f 2485//492 2488//492 2489//492
f 2485//487 2489//487 2486//487
f 2486//493 2489//493 2490//493
f 2486//488 2490//488 2432//488
f 2432//494 2490//494 2434//494
f 2337//495 2336//495 2487//495
f 2487//496 2336//496 2491//496
f 2487//491 2491//491 2488//491
f 2488//497 2491//497 2492//497
f 2488//492 2492//492 2489//492
f 2489//886 2492//887 2493//498
f 2489//493 2493//493 2490//493
f 2490//500 2493//500 2494//500
f 2490//494 2494//494 2434//494
f 2434//888 2494//888 2436//888
f 2336//503 2335//503 2491//503
f 2491//504 2335//504 2495//504
f 2491//497 2495//497 2492//497
f 2492//505 2495//505 2496//506
f 2492//887 2496//498 2493//498
f 2493//509 2496//509 2497//509
f 2493//500 2497//500 2494//500
f 2494//510 2497//510 2498//889
f 2494//888 2498//888 2436//888
f 2436//512 2498//512 2438//512
f 2335//513 2334//513 2495//513
f 2495//514 2334//514 2499//514
f 2495//505 2499//506 2496//506
f 2496//809 2499//809 2500//809
f 2496//509 2500//509 2497//509
f 2497//517 2500//517 2501//517
f 2497//510 2501//889 2498//889
f 2498//519 2501//519 2502//519
f 2498//512 2502//512 2438//512
f 2438//890 2502//890 2440//890
f 2334//522 2333//522 2499//522
f 2499//523 2333//523 2503//523
f 2499//809 2503//809 2500//809
f 2500//525 2503//525 2504//525
f 2500//517 2504//517 2501//517
f 2501//526 2504//526 2505//526
f 2501//519 2505//519 2502//519
f 2502//527 2505//527 2506//527
f 2502//890 2506//890 2440//890
f 2440//528 2506//528 2442//528
f 2333//529 2332//529 2503//529
f 2503//530 2332//530 2507//530
f 2503//525 2507//525 2504//525
f 2504//531 2507//531 2508//531
f 2504//526 2508//526 2505//526
f 2505//532 2508//532 2509//532
f 2505//527 2509//527 2506//527
f 2506//534 2509//534 2510//534
f 2506//528 2510//528 2442//528
f 2442//535 2510//535 2444//535
f 2332//536 2331//536 2507//536
f 2507//537 2331//537 2511//537
f 2507//531 2511//531 2508//531
f 2508//548 2511//539 2512//538
f 2508//532 2512//532 2509//532
f 2509//779 2512//779 2513//779
f 2509//534 2513//534 2510//534
f 2510//543 2513//543 2514//543
f 2510//535 2514//535 2444//535
f 2444//545 2514//545 2446//545
f 2331//546 2330//546 2511//546
f 2511//547 2330//547 2515//547
f 2511//539 2515//538 2512//538
f 2512//891 2515//891 2516//891
f 2512//779 2516//779 2513//779
f 2513//550 2516//550 2517//550
f 2513//543 2517//543 2514//543
f 2514//551 2517//551 2518//551
f 2514//545 2518//545 2446//545
f 2446//553 2518//554 2448//554
f 2330//555 2329//555 2515//555
f 2515//556 2329//556 2519//556
f 2515//891 2519//891 2516//891
f 2516//557 2519//557 2520//557
f 2516//550 2520//550 2517//550
f 2517//559 2520//559 2521//559
f 2517//551 2521//551 2518//551
f 2518//561 2521//561 2522//561
f 2518//554 2522//554 2448//554
f 2448//563 2522//563 2450//563
f 2329//564 2328//564 2519//564
f 2519//565 2328//565 2523//565
f 2519//557 2523//557 2520//557
f 2520//566 2523//566 2524//566
f 2520//559 2524//559 2521//559
f 2521//567 2524//567 2525//567
f 2521//561 2525//561 2522//561
f 2522//892 2525//783 2526//568
f 2522//563 2526//563 2450//563
f 2450//569 2526//569 2384//569
f 2328//570 2327//570 2523//570
f 2523//571 2327//571 2527//571
f 2523//566 2527//566 2524//566
f 2524//572 2527//572 2528//572
f 2524//567 2528//782 2525//567
f 2525//574 2528//574 2529//573
f 2525//783 2529//568 2526//568
f 2526//575 2529//575 2459//575
f 2526//569 2459//569 2384//569
f 2327//576 2326//576 2527//576
f 2527//784 2326//784 2530//784
f 2527//572 2530//572 2528//572
f 2528//578 2530//578 2531//578
f 2528//574 2531//573 2529//573
f 2529//579 2531//579 2457//579
f 2529//575 2457//575 2459//575
f 2326//580 2325//580 2530//580
f 2530//581 2325//581 2532//581
f 2530//578 2532//578 2531//578
f 2531//582 2532//582 2455//893
f 2531//579 2455//579 2457//579
f 2325//583 2324//584 2532//585
f 2532//585 2324//584 2453//894
f 2532//582 2453//893 2455//893
f 2324//587 2323//877 2453//422
f 2420//588 2533//588 2422//588
f 2422//588 2533//588 2534//588
f 2422//589 2534//589 2424//589
f 2424//589 2534//589 2535//589
f 2424//590 2535//590 2426//590
f 2426//590 2535//590 2481//590
f 2426//477 2481//477 2428//476
f 2533//591 2536//591 2534//591
f 2534//591 2536//591 2537//591
f 2534//592 2537//592 2535//592
f 2535//592 2537//592 2479//592
f 2535//472 2479//472 2481//472
f 2533//593 2420//593 2538//593
f 2538//593 2420//593 2418//593
f 2538//594 2418//594 2539//594
f 2539//594 2418//594 2416//594
f 2539//595 2416//595 2540//595
f 2540//595 2416//595 2414//595
f 2540//596 2414//785 2541//785
f 2541//785 2414//785 2412//785
f 2541//597 2412//597 2542//597
f 2542//597 2412//597 2410//597
f 2542//599 2410//599 2543//599
f 2543//599 2410//599 2408//599
f 2543//601 2408//601 2544//601
f 2544//601 2408//601 2406//601
f 2544//602 2406//602 2545//602
f 2545//602 2406//602 2404//602
f 2545//605 2404//605 2546//605
f 2546//605 2404//605 2402//605
f 2546//788 2402//788 2547//788
f 2547//788 2402//788 2400//788
f 2547//608 2400//608 2548//608
f 2548//608 2400//608 2398//608
f 2548//609 2398//609 2549//609
f 2549//609 2398//609 2396//609
f 2549//611 2396//610 2550//610
f 2550//610 2396//610 2394//610
f 2550//614 2394//614 2551//613
f 2551//613 2394//614 2392//613
f 2551//615 2392//615 2552//615
f 2552//615 2392//615 2390//615
f 2552//616 2390//616 2553//616
f 2553//616 2390//616 2388//616
f 2553//617 2388//617 2458//617
f 2458//617 2388//617 2386//617
f 2536//618 2554//618 2537//618
f 2537//618 2554//618 2477//618
f 2537//470 2477//470 2479//470
f 2536//619 2533//619 2555//619
f 2555//619 2533//619 2538//619
f 2555//620 2538//620 2556//620
f 2556//620 2538//620 2539//620
f 2556//622 2539//622 2557//621
f 2557//621 2539//622 2540//895
f 2557//790 2540//790 2558//623
f 2558//623 2540//790 2541//623
f 2558//625 2541//625 2559//625
f 2559//625 2541//625 2542//625
f 2559//626 2542//626 2560//626
f 2560//626 2542//626 2543//626
f 2560//628 2543//628 2561//628
f 2561//628 2543//628 2544//628
f 2561//630 2544//630 2562//630
f 2562//630 2544//630 2545//630
f 2562//631 2545//631 2563//631
f 2563//631 2545//631 2546//631
f 2563//633 2546//633 2564//633
f 2564//633 2546//633 2547//633
f 2564//896 2547//896 2565//634
f 2565//634 2547//896 2548//634
f 2565//635 2548//635 2566//635
f 2566//635 2548//635 2549//635
f 2566//636 2549//636 2567//636
f 2567//636 2549//636 2550//636
f 2567//639 2550//639 2568//638
f 2568//638 2550//639 2551//638
f 2568//640 2551//640 2569//640
f 2569//640 2551//640 2552//640
f 2569//641 2552//641 2570//641
f 2570//641 2552//641 2553//641
f 2570//642 2553//642 2456//642
f 2456//642 2553//642 2458//642
f 2474//643 2475//643 2554//643
f 2554//467 2475//467 2477//467
f 2554//644 2536//644 2571//644
f 2571//644 2536//644 2555//644
f 2571//645 2555//645 2572//645
f 2572//645 2555//645 2556//645
f 2572//646 2556//646 2573//646
f 2573//646 2556//646 2557//646
f 2573//897 2557//647 2574//647
f 2574//647 2557//647 2558//647
f 2574//648 2558//648 2575//648
f 2575//648 2558//648 2559//648
f 2575//649 2559//649 2576//649
f 2576//649 2559//649 2560//811
f 2576//812 2560//812 2577//812
f 2577//812 2560//812 2561//812
f 2577//651 2561//651 2578//651
f 2578//651 2561//651 2562//651
f 2578//652 2562//652 2579//652
f 2579//652 2562//652 2563//652
f 2579//653 2563//653 2580//653
f 2580//653 2563//653 2564//653
f 2580//654 2564//654 2581//654
f 2581//654 2564//654 2565//654
f 2581//657 2565//657 2582//656
f 2582//656 2565//657 2566//656
f 2582//658 2566//658 2583//658
f 2583//658 2566//658 2567//658
f 2583//800 2567//659 2584//659
f 2584//659 2567//659 2568//659
f 2584//661 2568//661 2585//661
f 2585//661 2568//661 2569//661
f 2585//662 2569//662 2586//662
f 2586//662 2569//662 2570//662
f 2586//663 2570//663 2454//663
f 2454//663 2570//663 2456//663
f 2586//664 2454//664 2452//664
f 2586//664 2452//664 2451//664
f 2473//665 2474//898 2571//898
f 2571//643 2474//643 2554//643
f 2473//665 2571//898 2572//665
f 2472//666 2473//666 2572//666
f 2472//666 2572//666 2573//666
f 2471//667 2472//667 2573//667
f 2471//667 2573//667 2574//667
f 2470//668 2471//668 2574//668
f 2470//668 2574//668 2575//668
f 2469//669 2470//669 2575//669
f 2469//669 2575//669 2576//669
f 2468//815 2469//815 2576//815
f 2468//815 2576//815 2577//815
f 2467//801 2468//801 2577//801
f 2467//801 2577//801 2578//801
f 2466//675 2467//675 2578//675
f 2466//675 2578//675 2579//675
f 2465//676 2466//676 2579//676
f 2465//676 2579//676 2580//676
f 2464//816 2465//816 2580//816
f 2464//816 2580//816 2581//816
f 2463//678 2464//679 2581//679
f 2463//678 2581//679 2582//678
f 2462//680 2463//680 2582//680
f 2462//680 2582//680 2583//680
f 2461//681 2462//681 2583//681
f 2461//681 2583//681 2584//681
f 2460//683 2461//683 2584//683
f 2460//683 2584//683 2585//683
f 2451//685 2460//685 2585//685
f 2451//685 2585//685 2586//684
f 2587//686 2383//686 2588//686
f 2588//686 2383//686 2385//686
f 2588//687 2385//687 2589//687
f 2589//687 2385//687 2387//687
f 2589//688 2387//688 2590//688
f 2590//688 2387//688 2389//688
f 2590//689 2389//689 2591//689
f 2591//689 2389//689 2391//689
f 2591//690 2391//690 2592//690
f 2592//690 2391//690 2393//690
f 2592//691 2393//691 2593//691
f 2593//691 2393//691 2395//691
f 2593//692 2395//692 2594//692
f 2594//692 2395//692 2397//692
f 2594//693 2397//693 2595//693
f 2595//693 2397//693 2399//693
f 2595//694 2399//694 2596//694
f 2596//694 2399//694 2401//694
f 2596//695 2401//695 2597//695
f 2597//695 2401//695 2403//695
f 2597//696 2403//696 2598//696
f 2598//696 2403//696 2405//696
f 2598//697 2405//697 2599//697
f 2599//697 2405//697 2407//697
f 2599//698 2407//698 2600//698
f 2600//698 2407//698 2409//698
f 2600//699 2409//699 2601//699
f 2601//699 2409//699 2411//699
f 2601//700 2411//700 2602//700
f 2602//700 2411//700 2413//700
f 2602//701 2413//701 2603//701
f 2603//701 2413//701 2415//701
f 2603//702 2415//702 2604//702
f 2604//702 2415//702 2417//702
f 2604//703 2417//703 2605//703
f 2605//703 2417//703 2419//703
f 2605//704 2419//704 2606//704
f 2606//704 2419//704 2421//704
f 2606//705 2421//705 2607//705
f 2607//705 2421//705 2423//705
f 2607//706 2423//706 2608//706
f 2608//706 2423//706 2425//706
f 2608//707 2425//707 2609//707
f 2609//707 2425//707 2427//707
f 2609//708 2427//708 2610//708
f 2610//708 2427//708 2429//708
f 2610//709 2429//709 2611//709
f 2611//709 2429//709 2431//709
f 2611//710 2431//710 2612//710
f 2612//710 2431//710 2433//710
f 2612//711 2433//711 2613//711
f 2613//711 2433//711 2435//711
f 2613//712 2435//712 2614//712
f 2614//712 2435//712 2437//712
f 2614//713 2437//713 2615//713
f 2615//713 2437//713 2439//713
f 2615//714 2439//714 2616//714
f 2616//714 2439//714 2441//714
f 2616//715 2441//715 2617//715
f 2617//715 2441//715 2443//715
f 2617//716 2443//716 2618//716
f 2618//716 2443//716 2445//716
f 2618//717 2445//717 2619//717
f 2619//717 2445//717 2447//717
f 2619//718 2447//718 2620//718
f 2620//718 2447//718 2449//718
f 2620//719 2449//719 2587//719
f 2587//719 2449//719 2383//719
f 2621//1 2622//1 2623//1
f 2623//2 2622//2 2624//2
f 2623//3 2624//3 2625//3
f 2625//4 2624//4 2626//4
f 2625//4 2626//4 2627//4
f 2627//5 2626//6 2628//6
f 2627//5 2628//6 2629//5
f 2629//7 2628//7 2630//7
f 2629//7 2630//7 2631//7
f 2631//8 2630//8 2632//8
f 2631//8 2632//8 2633//8
f 2633//9 2632//10 2634//11
f 2633//9 2634//11 2635//12
f 2622//13 2621//13 2636//13
f 2636//14 2621//14 2637//14
f 2636//15 2637//15 2638//15
f 2638//16 2637//16 2639//16
f 2638//17 2639//17 2640//17
f 2640//18 2639//18 2641//18
f 2640//19 2641//19 2642//19
f 2642//721 2641//721 2643//721
f 2642//722 2643//722 2644//722
f 2644//22 2643//22 2645//22
f 2644//23 2645//23 2646//23
f 2646//24 2645//24 2647//24
f 2646//843 2647//843 2648//843
f 2648//26 2647//26 2649//26
f 2648//27 2649//27 2650//27
f 2650//29 2649//29 2651//29
f 2650//31 2651//31 2652//31
f 2652//819 2651//819 2653//32
f 2652//33 2653//33 2654//33
f 2654//36 2653//36 2655//36
f 2654//844 2655//38 2656//38
f 2656//39 2655//39 2657//39
f 2656//41 2657//41 2658//41
f 2658//724 2657//724 2659//724
f 2659//43 2657//43 2660//43
f 2659//44 2660//44 2661//44
f 2661//820 2660//820 2662//820
f 2661//845 2662//846 2663//48
f 2663//48 2662//846 2664//49
f 2663//51 2664//51 2665//51
f 2665//899 2664//52 2666//52
f 2665//899 2666//52 2667//899
f 2667//53 2666//53 2668//53
f 2667//53 2668//53 2669//53
f 2669//54 2668//54 2670//54
f 2669//54 2670//54 2671//54
f 2671//55 2670//55 2672//55
f 2671//55 2672//55 2673//55
f 2673//56 2672//56 2674//56
f 2673//57 2674//57 2675//57
f 2675//58 2674//58 2676//58
f 2675//59 2676//59 2677//59
f 2677//725 2676//725 2678//725
f 2677//61 2678//61 2679//61
f 2679//62 2678//62 2680//62
f 2679//847 2680//847 2681//847
f 2681//64 2680//64 2682//64
f 2681//65 2682//65 2683//65
f 2683//848 2682//848 2684//848
f 2683//67 2684//67 2685//67
f 2685//68 2684//68 2686//68
f 2685//69 2686//69 2687//69
f 2687//70 2686//70 2688//70
f 2687//71 2688//71 2689//71
f 2689//900 2688//900 2690//900
f 2689//74 2690//74 2691//74
f 2691//75 2690//75 2692//75
f 2691//77 2692//77 2693//77
f 2693//79 2692//79 2694//79
f 2693//729 2694//729 2695//729
f 2695//81 2694//81 2696//81
f 2695//82 2696//82 2697//82
f 2697//83 2696//83 2698//83
f 2697//84 2698//84 2699//84
f 2699//85 2698//85 2700//85
f 2700//86 2698//86 2701//86
f 2700//87 2701//88 2635//89
f 2635//89 2701//88 2633//90
f 2647//91 2702//91 2649//91
f 2649//92 2702//92 2703//92
f 2649//29 2703//29 2651//29
f 2651//825 2703//825 2704//94
f 2651//819 2704//32 2653//32
f 2653//95 2704//95 2705//95
f 2653//36 2705//36 2655//36
f 2655//96 2705//96 2706//96
f 2655//39 2706//39 2657//39
f 2657//97 2706//97 2660//97
f 2702//852 2707//852 2703//852
f 2703//853 2707//853 2708//853
f 2703//825 2708//94 2704//94
f 2704//100 2708//100 2709//100
f 2704//95 2709//95 2705//95
f 2705//102 2709//102 2710//102
f 2705//96 2710//96 2706//96
f 2706//103 2710//103 2711//103
f 2706//97 2711//97 2660//97
f 2660//104 2711//855 2662//855
f 2707//854 2712//854 2708//854
f 2708//735 2712//735 2713//735
f 2708//100 2713//100 2709//100
f 2709//107 2713//107 2714//107
f 2709//102 2714//102 2710//102
f 2710//110 2714//110 2715//110
f 2710//103 2715//103 2711//103
f 2711//111 2715//111 2716//111
f 2711//855 2716//855 2662//855
f 2662//112 2716//112 2664//112
f 2712//113 2717//113 2713//113
f 2713//856 2717//856 2718//856
f 2713//107 2718//107 2714//107
f 2714//116 2718//116 2719//122
f 2714//110 2719//110 2715//110
f 2715//117 2719//117 2720//117
f 2715//111 2720//111 2716//111
f 2716//119 2720//119 2666//119
f 2716//112 2666//112 2664//112
f 2717//120 2721//120 2718//120
f 2718//121 2721//121 2722//121
f 2718//116 2722//122 2719//122
f 2719//736 2722//736 2723//736
f 2719//117 2723//117 2720//117
f 2720//125 2723//125 2668//125
f 2720//119 2668//119 2666//119
f 2721//126 2724//126 2722//126
f 2722//127 2724//127 2725//127
f 2722//736 2725//736 2723//736
f 2723//128 2725//128 2670//128
f 2723//125 2670//125 2668//125
f 2724//129 2726//129 2725//129
f 2725//130 2726//130 2672//130
f 2725//128 2672//128 2670//128
f 2726//56 2674//56 2672//56
f 2688//131 2727//131 2690//131
f 2690//132 2727//132 2728//132
f 2690//75 2728//76 2692//75
f 2692//135 2728//135 2729//135
f 2692//79 2729//79 2694//79
f 2694//137 2729//137 2730//137
f 2694//81 2730//81 2696//81
f 2696//138 2730//138 2731//138
f 2696//83 2731//83 2698//83
f 2698//140 2731//140 2701//140
f 2727//141 2732//141 2728//141
f 2728//741 2732//741 2733//741
f 2728//135 2733//135 2729//135
f 2729//144 2733//144 2734//144
f 2729//137 2734//137 2730//137
f 2730//145 2734//145 2735//145
f 2730//138 2735//138 2731//138
f 2731//146 2735//146 2736//146
f 2731//140 2736//140 2701//140
f 2701//149 2736//149 2633//148
f 2732//150 2737//150 2733//150
f 2733//831 2737//831 2738//831
f 2733//144 2738//144 2734//144
f 2734//153 2738//153 2739//153
f 2734//145 2739//145 2735//145
f 2735//154 2739//155 2740//155
f 2735//146 2740//146 2736//146
f 2736//156 2740//156 2631//156
f 2736//149 2631//148 2633//148
f 2737//157 2741//157 2738//157
f 2738//158 2741//158 2742//158
f 2738//153 2742//153 2739//153
f 2739//159 2742//159 2743//159
f 2739//155 2743//155 2740//155
f 2740//160 2743//160 2629//160
f 2740//156 2629//156 2631//156
f 2741//161 2744//161 2742//161
f 2742//162 2744//162 2745//162
f 2742//159 2745//159 2743//159
f 2743//163 2745//163 2627//163
f 2743//160 2627//160 2629//160
f 2744//164 2746//164 2745//164
f 2745//165 2746//165 2625//165
f 2745//163 2625//163 2627//163
f 2746//166 2623//166 2625//166
f 2699//167 2747//167 2697//167
f 2697//168 2747//168 2748//168
f 2697//82 2748//82 2695//82
f 2695//169 2748//169 2749//169
f 2695//729 2749//729 2693//729
f 2693//171 2749//171 2750//172
f 2693//77 2750//77 2691//77
f 2691//174 2750//174 2751//901
f 2691//74 2751//74 2689//74
f 2689//176 2751//176 2687//176
f 2747//902 2752//902 2748//902
f 2748//178 2752//178 2753//178
f 2748//169 2753//169 2749//169
f 2749//179 2753//179 2754//179
f 2749//171 2754//172 2750//172
f 2750//181 2754//181 2755//181
f 2750//174 2755//901 2751//901
f 2751//183 2755//183 2756//183
f 2751//176 2756//176 2687//176
f 2687//186 2756//186 2685//186
f 2752//187 2757//187 2753//187
f 2753//188 2757//188 2758//188
f 2753//179 2758//179 2754//179
f 2754//189 2758//189 2759//189
f 2754//181 2759//181 2755//181
f 2755//191 2759//191 2760//191
f 2755//183 2760//183 2756//183
f 2756//192 2760//192 2761//192
f 2756//186 2761//186 2685//186
f 2685//194 2761//194 2683//194
f 2757//196 2762//196 2758//196
f 2758//197 2762//197 2763//197
f 2758//189 2763//189 2759//189
f 2759//206 2763//206 2764//206
f 2759//191 2764//191 2760//191
f 2760//200 2764//200 2765//200
f 2760//192 2765//192 2761//192
f 2761//201 2765//201 2766//201
f 2761//194 2766//194 2683//194
f 2683//203 2766//203 2681//203
f 2762//204 2767//204 2763//204
f 2763//205 2767//205 2768//205
f 2763//206 2768//206 2764//206
f 2764//207 2768//207 2769//207
f 2764//200 2769//200 2765//200
f 2765//210 2769//210 2770//210
f 2765//201 2770//201 2766//201
f 2766//211 2770//211 2771//211
f 2766//203 2771//203 2681//203
f 2681//213 2771//213 2679//213
f 2767//214 2772//214 2768//214
f 2768//215 2772//215 2773//215
f 2768//207 2773//207 2769//207
f 2769//216 2773//216 2774//216
f 2769//210 2774//210 2770//210
f 2770//217 2774//217 2775//217
f 2770//211 2775//211 2771//211
f 2771//220 2775//220 2776//220
f 2771//213 2776//213 2679//213
f 2679//221 2776//756 2677//756
f 2772//222 2777//222 2773//222
f 2773//223 2777//223 2778//223
f 2773//216 2778//216 2774//216
f 2774//224 2778//224 2779//224
f 2774//217 2779//217 2775//217
f 2775//227 2779//227 2780//227
f 2775//220 2780//220 2776//220
f 2776//228 2780//228 2781//228
f 2776//756 2781//756 2677//756
f 2677//229 2781//229 2675//230
f 2777//231 2782//231 2778//231
f 2778//232 2782//232 2783//232
f 2778//224 2783//225 2779//224
f 2779//234 2783//234 2784//234
f 2779//227 2784//227 2780//227
f 2780//235 2784//235 2785//235
f 2780//228 2785//228 2781//228
f 2781//236 2785//236 2786//236
f 2781//229 2786//230 2675//230
f 2675//237 2786//237 2673//237
f 2782//238 2787//238 2783//238
f 2783//239 2787//239 2788//239
f 2783//234 2788//234 2784//234
f 2784//240 2788//240 2789//240
f 2784//235 2789//235 2785//235
f 2785//241 2789//241 2790//241
f 2785//236 2790//236 2786//236
f 2786//243 2790//243 2671//859
f 2786//237 2671//237 2673//237
f 2787//758 2791//758 2788//758
f 2788//246 2791//246 2792//246
f 2788//240 2792//240 2789//240
f 2789//247 2792//247 2793//860
f 2789//241 2793//241 2790//241
f 2790//248 2793//248 2669//249
f 2790//243 2669//859 2671//859
f 2791//250 2794//250 2792//250
f 2792//861 2794//861 2795//861
f 2792//247 2795//860 2793//860
f 2793//252 2795//252 2667//253
f 2793//248 2667//249 2669//249
f 2794//862 2796//255 2795//863
f 2795//863 2796//255 2665//257
f 2795//252 2665//253 2667//253
f 2796//51 2663//51 2665//51
f 2658//258 2797//258 2656//258
f 2656//259 2797//259 2798//259
f 2656//38 2798//844 2654//844
f 2654//260 2798//260 2799//260
f 2654//33 2799//33 2652//33
f 2652//261 2799//261 2800//261
f 2652//31 2800//31 2650//31
f 2650//262 2800//262 2801//262
f 2650//27 2801//27 2648//27
f 2648//263 2801//263 2646//263
f 2797//265 2802//265 2798//265
f 2798//266 2802//266 2803//266
f 2798//260 2803//260 2799//260
f 2799//267 2803//267 2804//267
f 2799//261 2804//261 2800//261
f 2800//269 2804//269 2805//269
f 2800//262 2805//262 2801//262
f 2801//270 2805//270 2806//271
f 2801//263 2806//263 2646//263
f 2646//864 2806//864 2644//864
f 2802//273 2807//273 2803//273
f 2803//274 2807//274 2808//274
f 2803//267 2808//267 2804//267
f 2804//276 2808//276 2809//276
f 2804//269 2809//269 2805//269
f 2805//277 2809//277 2810//759
f 2805//270 2810//271 2806//271
f 2806//279 2810//279 2811//279
f 2806//864 2811//864 2644//864
f 2644//280 2811//280 2642//280
f 2807//282 2812//282 2808//282
f 2808//283 2812//283 2813//283
f 2808//276 2813//276 2809//276
f 2809//284 2813//284 2814//284
f 2809//277 2814//759 2810//759
f 2810//865 2814//865 2815//865
f 2810//279 2815//279 2811//279
f 2811//866 2815//866 2816//866
f 2811//280 2816//280 2642//280
f 2642//288 2816//288 2640//288
f 2812//290 2817//290 2813//290
f 2813//291 2817//291 2818//291
f 2813//284 2818//284 2814//284
f 2814//292 2818//292 2819//292
f 2814//865 2819//865 2815//865
f 2815//293 2819//293 2820//760
f 2815//866 2820//866 2816//866
f 2816//295 2820//295 2821//295
f 2816//288 2821//288 2640//288
f 2640//296 2821//296 2638//296
f 2817//297 2822//297 2818//297
f 2818//298 2822//298 2823//298
f 2818//292 2823//292 2819//292
f 2819//299 2823//299 2824//299
f 2819//293 2824//760 2820//760
f 2820//300 2824//300 2825//300
f 2820//295 2825//903 2821//295
f 2821//301 2825//301 2826//301
f 2821//296 2826//296 2638//296
f 2638//302 2826//302 2636//302
f 2822//303 2827//303 2823//303
f 2823//304 2827//304 2828//304
f 2823//299 2828//299 2824//299
f 2824//305 2828//305 2829//305
f 2824//300 2829//300 2825//300
f 2825//307 2829//307 2830//307
f 2825//301 2830//301 2826//301
f 2826//762 2830//762 2831//762
f 2826//302 2831//302 2636//302
f 2636//309 2831//309 2622//309
f 2827//869 2832//869 2828//869
f 2828//311 2832//311 2833//311
f 2828//305 2833//305 2829//305
f 2829//312 2833//312 2834//312
f 2829//307 2834//307 2830//307
f 2830//314 2834//314 2835//314
f 2830//762 2835//762 2831//762
f 2831//315 2835//315 2836//315
f 2831//309 2836//309 2622//309
f 2622//316 2836//316 2624//316
f 2832//317 2837//317 2833//317
f 2833//318 2837//318 2838//318
f 2833//312 2838//312 2834//312
f 2834//319 2838//319 2839//319
f 2834//314 2839//314 2835//314
f 2835//320 2839//320 2840//320
f 2835//315 2840//315 2836//315
f 2836//321 2840//321 2626//322
f 2836//316 2626//316 2624//316
f 2837//323 2841//323 2838//323
f 2838//324 2841//324 2842//324
f 2838//319 2842//319 2839//319
f 2839//325 2842//325 2843//326
f 2839//320 2843//320 2840//320
f 2840//327 2843//327 2628//327
f 2840//321 2628//322 2626//322
f 2841//328 2844//329 2842//330
f 2842//330 2844//329 2845//331
f 2842//325 2845//326 2843//326
f 2843//332 2845//332 2630//332
f 2843//327 2630//327 2628//327
f 2844//333 2634//334 2845//335
f 2845//335 2634//334 2632//336
f 2845//332 2632//332 2630//332
f 2846//337 2847//337 2634//337
f 2634//337 2847//337 2848//337
f 2634//337 2848//337 2635//337
f 2635//337 2848//337 2849//337
f 2635//337 2849//337 2700//337
f 2700//337 2849//337 2850//337
f 2700//337 2850//337 2699//337
f 2699//337 2850//337 2851//337
f 2699//337 2851//337 2747//337
f 2747//337 2851//337 2852//337
f 2747//337 2852//337 2752//337
f 2752//337 2852//337 2853//337
f 2752//337 2853//337 2757//337
f 2757//337 2853//337 2854//337
f 2757//337 2854//337 2762//337
f 2762//337 2854//337 2855//337
f 2762//337 2855//337 2767//337
f 2767//337 2855//337 2856//337
f 2767//337 2856//337 2772//337
f 2772//337 2856//337 2857//337
f 2772//337 2857//337 2777//337
f 2777//337 2857//337 2858//337
f 2777//337 2858//337 2782//337
f 2782//337 2858//337 2859//337
f 2782//337 2859//337 2787//337
f 2787//337 2859//337 2860//337
f 2787//337 2860//337 2791//337
f 2791//337 2860//337 2861//337
f 2791//337 2861//337 2794//337
f 2794//337 2861//337 2862//337
f 2794//337 2862//337 2796//337
f 2796//337 2862//337 2863//337
f 2796//337 2863//337 2663//337
f 2663//337 2863//337 2864//337
f 2663//337 2864//337 2661//337
f 2661//337 2864//337 2865//337
f 2661//337 2865//337 2659//337
f 2659//337 2865//337 2866//337
f 2659//337 2866//337 2658//337
f 2658//337 2866//337 2867//337
f 2658//337 2867//337 2797//337
f 2797//337 2867//337 2868//337
f 2797//337 2868//337 2802//337
f 2802//337 2868//337 2869//337
f 2802//337 2869//337 2807//337
f 2807//337 2869//337 2870//337
f 2807//337 2870//337 2812//337
f 2812//337 2870//337 2871//337
f 2812//337 2871//337 2817//337
f 2817//337 2871//337 2872//337
f 2817//337 2872//337 2822//337
f 2822//337 2872//337 2873//337
f 2822//337 2873//337 2827//337
f 2827//337 2873//337 2874//337
f 2827//337 2874//337 2832//337
f 2832//337 2874//337 2875//337
f 2832//337 2875//337 2837//337
f 2837//337 2875//337 2876//337
f 2837//337 2876//337 2841//337
f 2841//337 2876//337 2877//337
f 2841//337 2877//337 2844//337
f 2844//337 2877//337 2846//337
f 2844//337 2846//337 2634//337
f 2878//338 2621//338 2879//338
f 2879//338 2621//338 2623//338
f 2879//339 2623//339 2880//339
f 2880//339 2623//339 2746//339
f 2880//340 2746//340 2881//340
f 2881//340 2746//340 2744//340
f 2881//341 2744//341 2882//341
f 2882//341 2744//341 2741//341
f 2882//342 2741//342 2883//342
f 2883//342 2741//342 2737//342
f 2883//343 2737//343 2884//343
f 2884//343 2737//343 2732//343
f 2884//344 2732//344 2885//344
f 2885//344 2732//344 2727//344
f 2885//345 2727//345 2886//345
f 2886//345 2727//345 2688//345
f 2886//346 2688//346 2887//346
f 2887//346 2688//346 2686//346
f 2887//347 2686//347 2888//347
f 2888//347 2686//347 2684//347
f 2888//348 2684//348 2889//348
f 2889//348 2684//348 2682//348
f 2889//349 2682//349 2890//349
f 2890//349 2682//349 2680//349
f 2890//350 2680//350 2891//350
f 2891//350 2680//350 2678//350
f 2891//351 2678//351 2892//351
f 2892//351 2678//351 2676//351
f 2892//352 2676//352 2893//352
f 2893//352 2676//352 2674//352
f 2893//353 2674//353 2894//353
f 2894//353 2674//353 2726//353
f 2894//354 2726//354 2895//354
f 2895//354 2726//354 2724//354
f 2895//355 2724//355 2896//355
f 2896//355 2724//355 2721//355
f 2896//356 2721//356 2897//356
f 2897//356 2721//356 2717//356
f 2897//357 2717//357 2898//357
f 2898//357 2717//357 2712//357
f 2898//358 2712//358 2899//358
f 2899//358 2712//358 2707//358
f 2899//359 2707//359 2900//359
f 2900//359 2707//359 2702//359
f 2900//360 2702//360 2901//360
f 2901//360 2702//360 2647//360
f 2901//361 2647//361 2902//361
f 2902//361 2647//361 2645//361
f 2902//362 2645//362 2903//362
f 2903//362 2645//362 2643//362
f 2903//363 2643//363 2904//363
f 2904//363 2643//363 2641//363
f 2904//364 2641//364 2905//364
f 2905//364 2641//364 2639//364
f 2905//365 2639//365 2906//365
f 2906//365 2639//365 2637//365
f 2906//366 2637//366 2878//366
f 2878//366 2637//366 2621//366
f 2907//367 2908//367 2909//367
f 2909//367 2908//367 2910//367
f 2909//368 2910//368 2911//368
f 2911//368 2910//368 2912//368
f 2911//369 2912//369 2913//369
f 2913//369 2912//369 2914//369
f 2913//371 2914//371 2915//372
f 2915//372 2914//371 2916//372
f 2915//373 2916//373 2917//374
f 2917//374 2916//373 2918//374
f 2917//375 2918//375 2919//375
f 2919//375 2918//375 2920//375
f 2919//904 2920//376 2921//376
f 2921//376 2920//376 2922//376
f 2921//870 2922//870 2923//379
f 2923//379 2922//870 2924//379
f 2923//381 2924//381 2925//381
f 2925//381 2924//381 2926//381
f 2925//383 2926//383 2927//383
f 2927//383 2926//383 2928//383
f 2927//385 2928//385 2929//385
f 2929//385 2928//385 2930//385
f 2929//386 2930//386 2931//805
f 2931//805 2930//386 2932//805
f 2931//388 2932//388 2933//388
f 2933//388 2932//388 2934//388
f 2933//389 2934//389 2935//389
f 2935//389 2934//389 2936//389
f 2935//390 2936//390 2937//765
f 2937//765 2936//390 2938//765
f 2937//391 2938//391 2939//391
f 2939//391 2938//391 2940//392
f 2939//393 2940//393 2941//393
f 2941//393 2940//393 2942//393
f 2941//394 2942//394 2943//394
f 2943//394 2942//394 2944//394
f 2943//395 2944//395 2945//395
f 2945//395 2944//395 2946//395
f 2945//396 2946//396 2947//396
f 2947//396 2946//396 2948//396
f 2947//397 2948//397 2949//397
f 2949//397 2948//397 2950//398
f 2949//399 2950//399 2951//767
f 2951//767 2950//399 2952//767
f 2951//400 2952//400 2953//400
f 2953//400 2952//400 2954//400
f 2953//905 2954//401 2955//401
f 2955//401 2954//401 2956//401
f 2955//872 2956//872 2957//404
f 2957//404 2956//872 2958//404
f 2957//405 2958//405 2959//405
f 2959//405 2958//405 2960//405
f 2959//406 2960//406 2961//406
f 2961//406 2960//406 2962//406
f 2961//407 2962//407 2963//407
f 2963//407 2962//407 2964//407
f 2963//408 2964//408 2965//874
f 2965//874 2964//408 2966//874
f 2965//410 2966//410 2967//410
f 2967//410 2966//410 2968//410
f 2967//411 2968//411 2969//411
f 2969//411 2968//411 2970//411
f 2969//413 2970//413 2971//412
f 2971//412 2970//413 2972//412
f 2971//414 2972//414 2973//771
f 2973//771 2972//414 2974//771
f 2973//415 2974//415 2907//415
f 2907//415 2974//415 2908//415
f 2846//416 2975//417 2847//875
f 2847//875 2975//417 2976//876
f 2847//877 2976//878 2977//422
f 2977//423 2976//423 2978//423
f 2977//423 2978//423 2979//423
f 2979//424 2978//424 2980//424
f 2979//424 2980//424 2981//424
f 2981//425 2980//425 2982//425
f 2981//425 2982//425 2983//425
f 2983//426 2982//426 2910//426
f 2983//426 2910//426 2908//426
f 2975//879 2846//428 2984//429
f 2984//429 2846//428 2877//430
f 2984//431 2877//431 2985//431
f 2985//432 2877//432 2876//432
f 2985//433 2876//433 2986//433
f 2986//434 2876//434 2875//434
f 2986//435 2875//435 2987//435
f 2987//436 2875//436 2874//436
f 2987//437 2874//437 2988//437
f 2988//438 2874//438 2873//438
f 2988//439 2873//439 2989//439
f 2989//440 2873//440 2872//440
f 2989//441 2872//441 2990//441
f 2990//442 2872//442 2871//442
f 2990//443 2871//443 2991//443
f 2991//444 2871//444 2870//444
f 2991//445 2870//445 2992//445
f 2992//446 2870//446 2869//446
f 2992//447 2869//447 2993//447
f 2993//448 2869//448 2868//448
f 2993//906 2868//906 2994//906
f 2994//450 2868//450 2867//450
f 2994//451 2867//451 2995//451
f 2995//452 2867//452 2866//452
f 2995//880 2866//880 2996//880
f 2996//454 2866//454 2865//454
f 2996//455 2865//455 2997//455
f 2997//456 2865//457 2864//458
f 2997//456 2864//458 2998//881
f 2998//460 2864//461 2863//882
f 2998//460 2863//882 2999//883
f 2999//884 2863//465 3000//772
f 2999//467 3000//467 3001//467
f 3001//468 3000//468 3002//469
f 3001//470 3002//470 3003//470
f 3003//471 3002//471 3004//471
f 3003//472 3004//472 3005//472
f 3005//475 3004//475 3006//475
f 3005//476 3006//477 2952//477
f 2952//479 3006//479 2954//479
f 2863//465 2862//480 3000//772
f 3000//885 2862//482 3007//483
f 3000//468 3007//469 3002//469
f 3002//484 3007//484 3008//484
f 3002//471 3008//471 3004//471
f 3004//486 3008//486 3009//486
f 3004//475 3009//475 3006//475
f 3006//487 3009//487 3010//487
f 3006//479 3010//479 2954//479
f 2954//488 3010//488 2956//488
f 2862//482 2861//489 3007//483
f 3007//490 2861//490 3011//490
f 3007//484 3011//484 3008//484
f 3008//491 3011//491 3012//491
f 3008//486 3012//486 3009//486
f 3009//492 3012//492 3013//492
f 3009//487 3013//487 3010//487
f 3010//493 3013//493 3014//493
f 3010//488 3014//488 2956//488
f 2956//494 3014//494 2958//494
f 2861//495 2860//495 3011//495
f 3011//496 2860//496 3015//496
f 3011//491 3015//491 3012//491
f 3012//497 3015//497 3016//497
f 3012//492 3016//492 3013//492
f 3013//498 3016//498 3017//498
f 3013//493 3017//493 3014//493
f 3014//499 3017//499 3018//500
f 3014//494 3018//494 2958//494
f 2958//888 3018//888 2960//888
f 2860//503 2859//503 3015//503
f 3015//504 2859//504 3019//504
f 3015//497 3019//497 3016//497
f 3016//505 3019//505 3020//506
f 3016//498 3020//498 3017//498
f 3017//907 3020//908 3021//509
f 3017//499 3021//500 3018//500
f 3018//510 3021//510 3022//510
f 3018//888 3022//888 2960//888
f 2960//512 3022//512 2962//512
f 2859//513 2858//513 3019//513
f 3019//514 2858//514 3023//514
f 3019//505 3023//506 3020//506
f 3020//809 3023//809 3024//809
f 3020//908 3024//509 3021//509
f 3021//517 3024//517 3025//517
f 3021//510 3025//510 3022//510
f 3022//519 3025//519 3026//519
f 3022//512 3026//512 2962//512
f 2962//890 3026//890 2964//890
f 2858//522 2857//522 3023//522
f 3023//523 2857//523 3027//523
f 3023//809 3027//809 3024//809
f 3024//525 3027//525 3028//525
f 3024//517 3028//517 3025//517
f 3025//526 3028//526 3029//526
f 3025//519 3029//519 3026//519
f 3026//527 3029//527 3030//527
f 3026//890 3030//890 2964//890
f 2964//528 3030//528 2966//528
f 2857//529 2856//529 3027//529
f 3027//530 2856//530 3031//530
f 3027//525 3031//525 3028//525
f 3028//531 3031//531 3032//531
f 3028//526 3032//526 3029//526
f 3029//532 3032//532 3033//532
f 3029//527 3033//527 3030//527
f 3030//533 3033//533 3034//534
f 3030//528 3034//528 2966//528
f 2966//535 3034//535 2968//535
f 2856//536 2855//536 3031//536
f 3031//537 2855//537 3035//537
f 3031//531 3035//531 3032//531
f 3032//539 3035//539 3036//539
f 3032//532 3036//532 3033//532
f 3033//540 3036//779 3037//779
f 3033//533 3037//534 3034//534
f 3034//543 3037//543 3038//543
f 3034//535 3038//535 2968//535
f 2968//545 3038//545 2970//545
f 2855//546 2854//546 3035//546
f 3035//547 2854//547 3039//547
f 3035//539 3039//539 3036//539
f 3036//891 3039//891 3040//891
f 3036//779 3040//779 3037//779
f 3037//550 3040//550 3041//550
f 3037//543 3041//543 3038//543
f 3038//551 3041//551 3042//551
f 3038//545 3042//545 2970//545
f 2970//554 3042//554 2972//553
f 2854//555 2853//555 3039//555
f 3039//556 2853//556 3043//556
f 3039//891 3043//891 3040//891
f 3040//557 3043//557 3044//557
f 3040//550 3044//550 3041//550
f 3041//559 3044//559 3045//559
f 3041//551 3045//551 3042//551
f 3042//561 3045//561 3046//561
f 3042//554 3046//553 2972//553
f 2972//563 3046//563 2974//563
f 2853//564 2852//564 3043//564
f 3043//909 2852//909 3047//909
f 3043//557 3047//557 3044//557
f 3044//566 3047//566 3048//566
f 3044//559 3048//559 3045//559
f 3045//567 3048//567 3049//567
f 3045//561 3049//561 3046//561
f 3046//568 3049//568 3050//568
f 3046//563 3050//563 2974//563
f 2974//569 3050//569 2908//569
f 2852//570 2851//570 3047//570
f 3047//571 2851//571 3051//571
f 3047//566 3051//566 3048//566
f 3048//572 3051//572 3052//572
f 3048//567 3052//567 3049//567
f 3049//574 3052//574 3053//573
f 3049//568 3053//568 3050//568
f 3050//575 3053//575 2983//575
f 3050//569 2983//569 2908//569
f 2851//576 2850//576 3051//576
f 3051//784 2850//784 3054//784
f 3051//572 3054//572 3052//572
f 3052//578 3054//578 3055//578
f 3052//574 3055//573 3053//573
f 3053//579 3055//579 2981//579
f 3053//575 2981//575 2983//575
f 2850//580 2849//580 3054//580
f 3054//581 2849//581 3056//581
f 3054//578 3056//578 3055//578
f 3055//582 3056//582 2979//893
f 3055//579 2979//579 2981//579
f 2849//583 2848//584 3056//585
f 3056//585 2848//584 2977//894
f 3056//582 2977//893 2979//893
f 2848//587 2847//877 2977//422
f 2944//588 3057//588 2946//588
f 2946//588 3057//588 3058//588
f 2946//589 3058//589 2948//589
f 2948//589 3058//589 3059//589
f 2948//590 3059//590 2950//590
f 2950//590 3059//590 3005//590
f 2950//476 3005//476 2952//477
f 3057//591 3060//591 3058//591
f 3058//591 3060//591 3061//591
f 3058//592 3061//592 3059//592
f 3059//592 3061//592 3003//592
f 3059//472 3003//472 3005//472
f 3057//593 2944//593 3062//593
f 3062//593 2944//593 2942//593
f 3062//594 2942//594 3063//594
f 3063//594 2942//594 2940//594
f 3063//595 2940//595 3064//595
f 3064//595 2940//595 2938//595
f 3064//785 2938//785 3065//596
f 3065//596 2938//785 2936//596
f 3065//597 2936//597 3066//597
f 3066//597 2936//597 2934//597
f 3066//599 2934//599 3067//599
f 3067//599 2934//599 2932//599
f 3067//601 2932//601 3068//601
f 3068//601 2932//601 2930//601
f 3068//602 2930//602 3069//602
f 3069//602 2930//602 2928//602
f 3069//605 2928//605 3070//605
f 3070//605 2928//605 2926//605
f 3070//788 2926//788 3071//788
f 3071//788 2926//788 2924//788
f 3071//608 2924//608 3072//608
f 3072//608 2924//608 2922//608
f 3072//609 2922//609 3073//609
f 3073//609 2922//609 2920//609
f 3073//610 2920//610 3074//610
f 3074//610 2920//610 2918//610
f 3074//614 2918//614 3075//614
f 3075//614 2918//614 2916//614
f 3075//615 2916//615 3076//615
f 3076//615 2916//615 2914//615
f 3076//616 2914//616 3077//616
f 3077//616 2914//616 2912//616
f 3077//617 2912//617 2982//617
f 2982//617 2912//617 2910//617
f 3060//618 3078//618 3061//618
f 3061//618 3078//618 3001//618
f 3061//470 3001//470 3003//470
f 3060//619 3057//619 3079//619
f 3079//619 3057//619 3062//619
f 3079//620 3062//620 3080//620
f 3080//620 3062//620 3063//620
f 3080//621 3063//622 3081//622
f 3081//622 3063//622 3064//622
f 3081//623 3064//623 3082//623
f 3082//623 3064//623 3065//623
f 3082//625 3065//625 3083//625
f 3083//625 3065//625 3066//625
f 3083//626 3066//626 3084//626
f 3084//626 3066//626 3067//626
f 3084//628 3067//628 3085//628
f 3085//628 3067//628 3068//628
f 3085//630 3068//630 3086//630
f 3086//630 3068//630 3069//630
f 3086//631 3069//631 3087//631
f 3087//631 3069//631 3070//631
f 3087//633 3070//633 3088//633
f 3088//633 3070//633 3071//633
f 3088//634 3071//634 3089//634
f 3089//634 3071//634 3072//634
f 3089//635 3072//635 3090//635
f 3090//635 3072//635 3073//635
f 3090//636 3073//636 3091//636
f 3091//636 3073//636 3074//636
f 3091//639 3074//639 3092//639
f 3092//639 3074//639 3075//639
f 3092//640 3075//640 3093//640
f 3093//640 3075//640 3076//640
f 3093//641 3076//641 3094//641
f 3094//641 3076//641 3077//641
f 3094//642 3077//642 2980//642
f 2980//642 3077//642 2982//642
f 2998//643 2999//643 3078//643
f 3078//467 2999//467 3001//467
f 3078//644 3060//644 3095//644
f 3095//644 3060//644 3079//644
f 3095//645 3079//645 3096//645
f 3096//645 3079//645 3080//645
f 3096//646 3080//646 3097//795
f 3097//795 3080//646 3081//795
f 3097//647 3081//647 3098//647
f 3098//647 3081//647 3082//647
f 3098//648 3082//648 3099//648
f 3099//648 3082//648 3083//648
f 3099//649 3083//649 3100//649
f 3100//649 3083//649 3084//649
f 3100//812 3084//812 3101//812
f 3101//812 3084//812 3085//812
f 3101//651 3085//651 3102//651
f 3102//651 3085//651 3086//651
f 3102//652 3086//652 3103//652
f 3103//652 3086//652 3087//652
f 3103//653 3087//653 3104//653
f 3104//653 3087//653 3088//653
f 3104//654 3088//654 3105//654
f 3105//654 3088//654 3089//814
f 3105//656 3089//657 3106//657
f 3106//657 3089//657 3090//657
f 3106//658 3090//658 3107//658
f 3107//658 3090//658 3091//658
f 3107//659 3091//659 3108//659
f 3108//659 3091//659 3092//659
f 3108//661 3092//661 3109//661
f 3109//661 3092//661 3093//661
f 3109//662 3093//662 3110//662
f 3110//662 3093//662 3094//662
f 3110//663 3094//663 2978//663
f 2978//663 3094//663 2980//663
f 3110//664 2978//664 2976//664
f 3110//664 2976//664 2975//664
f 2997//665 2998//898 3095//898
f 3095//643 2998//643 3078//643
f 2997//665 3095//898 3096//665
f 2996//666 2997//666 3096//666
f 2996//666 3096//666 3097//666
f 2995//667 2996//667 3097//667
f 2995//667 3097//667 3098//667
f 2994//668 2995//668 3098//668
f 2994//668 3098//668 3099//668
f 2993//910 2994//669 3099//669
f 2993//910 3099//669 3100//910
f 2992//815 2993//815 3100//815
f 2992//815 3100//815 3101//815
f 2991//801 2992//801 3101//801
f 2991//801 3101//801 3102//801
f 2990//675 2991//675 3102//675
f 2990//675 3102//675 3103//675
f 2989//911 2990//676 3103//676
f 2989//911 3103//676 3104//911
f 2988//816 2989//816 3104//816
f 2988//816 3104//816 3105//816
f 2987//678 2988//679 3105//679
f 2987//678 3105//679 3106//678
f 2986//680 2987//680 3106//680
f 2986//680 3106//680 3107//680
f 2985//681 2986//681 3107//681
f 2985//681 3107//681 3108//681
f 2984//683 2985//683 3108//683
f 2984//683 3108//683 3109//683
f 2975//684 2984//685 3109//685
f 2975//684 3109//685 3110//684
f 3111//686 2907//686 3112//686
f 3112//686 2907//686 2909//686
f 3112//687 2909//687 3113//687
f 3113//687 2909//687 2911//687
f 3113//688 2911//688 3114//688
f 3114//688 2911//688 2913//688
f 3114//689 2913//689 3115//689
f 3115//689 2913//689 2915//689
f 3115//690 2915//690 3116//690
f 3116//690 2915//690 2917//690
f 3116//691 2917//691 3117//691
f 3117//691 2917//691 2919//691
f 3117//692 2919//692 3118//692
f 3118//692 2919//692 2921//692
f 3118//693 2921//693 3119//693
f 3119//693 2921//693 2923//693
f 3119//694 2923//694 3120//694
f 3120//694 2923//694 2925//694
f 3120//695 2925//695 3121//695
f 3121//695 2925//695 2927//695
f 3121//696 2927//696 3122//696
f 3122//696 2927//696 2929//696
f 3122//697 2929//697 3123//697
f 3123//697 2929//697 2931//697
f 3123//698 2931//698 3124//698
f 3124//698 2931//698 2933//698
f 3124//699 2933//699 3125//699
f 3125//699 2933//699 2935//699
f 3125//700 2935//700 3126//700
f 3126//700 2935//700 2937//700
f 3126//701 2937//701 3127//701
f 3127//701 2937//701 2939//701
f 3127//702 2939//702 3128//702
f 3128//702 2939//702 2941//702
f 3128//703 2941//703 3129//703
f 3129//703 2941//703 2943//703
f 3129//704 2943//704 3130//704
f 3130//704 2943//704 2945//704
f 3130//705 2945//705 3131//705
f 3131//705 2945//705 2947//705
f 3131//706 2947//706 3132//706
f 3132//706 2947//706 2949//706
f 3132//707 2949//707 3133//707
f 3133//707 2949//707 2951//707
f 3133//708 2951//708 3134//708
f 3134//708 2951//708 2953//708
f 3134//709 2953//709 3135//709
f 3135//709 2953//709 2955//709
f 3135//710 2955//710 3136//710
f 3136//710 2955//710 2957//710
f 3136//711 2957//711 3137//711
f 3137//711 2957//711 2959//711
f 3137//712 2959//712 3138//712
f 3138//712 2959//712 2961//712
f 3138//713 2961//713 3139//713
f 3139//713 2961//713 2963//713
f 3139//714 2963//714 3140//714
f 3140//714 2963//714 2965//714
f 3140//715 2965//715 3141//715
f 3141//715 2965//715 2967//715
f 3141//716 2967//716 3142//716
f 3142//716 2967//716 2969//716
f 3142//717 2969//717 3143//717
f 3143//717 2969//717 2971//717
f 3143//718 2971//718 3144//718
f 3144//718 2971//718 2973//718
f 3144//719 2973//719 3111//719
f 3111//719 2973//719 2907//719
f 3145//720 3146//720 3147//720
f 3147//2 3146//2 3148//2
f 3147//3 3148//3 3149//3
f 3149//4 3148//4 3150//4
f 3149//4 3150//4 3151//4
f 3151//6 3150//5 3152//5
f 3151//6 3152//5 3153//6
f 3153//842 3152//7 3154//7
f 3153//842 3154//7 3155//842
f 3155//8 3154//8 3156//8
f 3155//8 3156//8 3157//8
f 3157//9 3156//10 3158//11
f 3157//9 3158//11 3159//12
f 3146//13 3145//13 3160//13
f 3160//14 3145//14 3161//14
f 3160//15 3161//15 3162//15
f 3162//16 3161//16 3163//16
f 3162//17 3163//17 3164//17
f 3164//18 3163//18 3165//18
f 3164//912 3165//912 3166//912
f 3166//20 3165//20 3167//20
f 3166//722 3167//722 3168//722
f 3168//22 3167//22 3169//22
f 3168//23 3169//23 3170//23
f 3170//24 3169//24 3171//24
f 3170//843 3171//843 3172//843
f 3172//26 3171//26 3173//26
f 3172//27 3173//27 3174//27
f 3174//29 3173//29 3175//29
f 3174//31 3175//31 3176//31
f 3176//32 3175//32 3177//32
f 3176//33 3177//33 3178//33
f 3178//36 3177//36 3179//36
f 3178//844 3179//38 3180//38
f 3180//39 3179//39 3181//39
f 3180//41 3181//41 3182//41
f 3182//724 3181//724 3183//724
f 3183//43 3181//43 3184//43
f 3183//44 3184//44 3185//44
f 3185//820 3184//820 3186//820
f 3185//845 3186//846 3187//48
f 3187//48 3186//846 3188//49
f 3187//51 3188//51 3189//51
f 3189//52 3188//52 3190//52
f 3189//52 3190//52 3191//52
f 3191//53 3190//53 3192//53
f 3191//53 3192//53 3193//53
f 3193//54 3192//54 3194//54
f 3193//54 3194//54 3195//54
f 3195//55 3194//55 3196//55
f 3195//55 3196//55 3197//55
f 3197//56 3196//56 3198//56
f 3197//57 3198//57 3199//57
f 3199//58 3198//58 3200//58
f 3199//59 3200//59 3201//59
f 3201//725 3200//725 3202//725
f 3201//61 3202//61 3203//61
f 3203//62 3202//62 3204//62
f 3203//847 3204//847 3205//847
f 3205//64 3204//64 3206//64
f 3205//65 3206//65 3207//65
f 3207//848 3206//848 3208//848
f 3207//67 3208//67 3209//67
f 3209//68 3208//68 3210//68
f 3209//69 3210//69 3211//69
f 3211//70 3210//70 3212//70
f 3211//823 3212//823 3213//823
f 3213//850 3212//850 3214//850
f 3213//74 3214//74 3215//74
f 3215//76 3214//76 3216//75
f 3215//77 3216//77 3217//77
f 3217//136 3216//136 3218//79
f 3217//729 3218//729 3219//729
f 3219//81 3218//81 3220//81
f 3219//82 3220//82 3221//82
f 3221//83 3220//83 3222//83
f 3221//84 3222//84 3223//84
f 3223//85 3222//85 3224//85
f 3224//86 3222//86 3225//86
f 3224//87 3225//730 3159//89
f 3159//89 3225//730 3157//90
f 3171//91 3226//91 3173//91
f 3173//92 3226//92 3227//92
f 3173//29 3227//29 3175//29
f 3175//825 3227//825 3228//93
f 3175//32 3228//32 3177//32
f 3177//95 3228//95 3229//95
f 3177//36 3229//36 3179//36
f 3179//96 3229//96 3230//851
f 3179//39 3230//39 3181//39
f 3181//97 3230//97 3184//97
f 3226//852 3231//852 3227//852
f 3227//853 3231//853 3232//853
f 3227//825 3232//93 3228//93
f 3228//100 3232//100 3233//100
f 3228//95 3233//95 3229//95
f 3229//102 3233//102 3234//102
f 3229//96 3234//851 3230//851
f 3230//103 3234//103 3235//103
f 3230//97 3235//97 3184//97
f 3184//104 3235//104 3186//104
f 3231//854 3236//854 3232//854
f 3232//735 3236//735 3237//735
f 3232//100 3237//100 3233//100
f 3233//107 3237//107 3238//107
f 3233//102 3238//102 3234//102
f 3234//110 3238//110 3239//110
f 3234//103 3239//103 3235//103
f 3235//111 3239//111 3240//111
f 3235//104 3240//855 3186//104
f 3186//112 3240//112 3188//112
f 3236//113 3241//113 3237//113
f 3237//856 3241//856 3242//856
f 3237//107 3242//107 3238//107
f 3238//122 3242//122 3243//122
f 3238//110 3243//110 3239//110
f 3239//117 3243//117 3244//117
f 3239//111 3244//111 3240//111
f 3240//119 3244//119 3190//119
f 3240//112 3190//112 3188//112
f 3241//120 3245//120 3242//120
f 3242//121 3245//121 3246//121
f 3242//122 3246//122 3243//122
f 3243//736 3246//736 3247//736
f 3243//117 3247//117 3244//117
f 3244//125 3247//125 3192//125
f 3244//119 3192//119 3190//119
f 3245//126 3248//126 3246//126
f 3246//127 3248//127 3249//127
f 3246//736 3249//736 3247//736
f 3247//128 3249//128 3194//128
f 3247//125 3194//737 3192//125
f 3248//129 3250//129 3249//129
f 3249//130 3250//130 3196//130
f 3249//128 3196//128 3194//128
f 3250//56 3198//56 3196//56
f 3212//131 3251//131 3214//131
f 3214//132 3251//132 3252//132
f 3214//76 3252//75 3216//75
f 3216//135 3252//135 3253//135
f 3216//136 3253//79 3218//79
f 3218//137 3253//137 3254//137
f 3218//81 3254//81 3220//81
f 3220//138 3254//138 3255//138
f 3220//83 3255//83 3222//83
f 3222//140 3255//140 3225//140
f 3251//141 3256//141 3252//141
f 3252//741 3256//741 3257//741
f 3252//135 3257//135 3253//135
f 3253//152 3257//152 3258//152
f 3253//137 3258//137 3254//137
f 3254//145 3258//145 3259//145
f 3254//138 3259//138 3255//138
f 3255//146 3259//146 3260//147
f 3255//140 3260//857 3225//140
f 3225//148 3260//148 3157//149
f 3256//743 3261//743 3257//743
f 3257//151 3261//151 3262//151
f 3257//152 3262//152 3258//152
f 3258//153 3262//153 3263//153
f 3258//145 3263//145 3259//145
f 3259//155 3263//155 3264//155
f 3259//146 3264//147 3260//147
f 3260//156 3264//156 3155//156
f 3260//148 3155//149 3157//149
f 3261//157 3265//157 3262//157
f 3262//158 3265//158 3266//158
f 3262//153 3266//153 3263//153
f 3263//159 3266//159 3267//159
f 3263//155 3267//155 3264//155
f 3264//160 3267//160 3153//160
f 3264//156 3153//156 3155//156
f 3265//161 3268//161 3266//161
f 3266//162 3268//162 3269//162
f 3266//159 3269//159 3267//159
f 3267//163 3269//163 3151//163
f 3267//160 3151//160 3153//160
f 3268//164 3270//164 3269//164
f 3269//165 3270//165 3149//165
f 3269//163 3149//163 3151//163
f 3270//745 3147//745 3149//745
f 3223//167 3271//167 3221//167
f 3221//168 3271//168 3272//168
f 3221//82 3272//82 3219//82
f 3219//169 3272//169 3273//169
f 3219//729 3273//729 3217//729
f 3217//172 3273//172 3274//172
f 3217//77 3274//77 3215//77
f 3215//174 3274//174 3275//174
f 3215//74 3275//74 3213//74
f 3213//176 3275//176 3211//176
f 3271//177 3276//177 3272//177
f 3272//178 3276//178 3277//178
f 3272//169 3277//169 3273//169
f 3273//179 3277//179 3278//179
f 3273//172 3278//172 3274//172
f 3274//181 3278//181 3279//181
f 3274//174 3279//174 3275//174
f 3275//183 3279//183 3280//183
f 3275//176 3280//176 3211//176
f 3211//186 3280//186 3209//186
f 3276//187 3281//187 3277//187
f 3277//188 3281//188 3282//188
f 3277//179 3282//179 3278//179
f 3278//189 3282//189 3283//750
f 3278//181 3283//181 3279//181
f 3279//191 3283//191 3284//191
f 3279//183 3284//183 3280//183
f 3280//192 3284//192 3285//192
f 3280//186 3285//186 3209//186
f 3209//195 3285//195 3207//751
f 3281//196 3286//196 3282//196
f 3282//197 3286//197 3287//197
f 3282//189 3287//750 3283//750
f 3283//198 3287//198 3288//206
f 3283//191 3288//191 3284//191
f 3284//200 3288//200 3289//200
f 3284//192 3289//192 3285//192
f 3285//201 3289//201 3290//201
f 3285//195 3290//751 3207//751
f 3207//203 3290//203 3205//203
f 3286//204 3291//204 3287//204
f 3287//205 3291//205 3292//205
f 3287//198 3292//206 3288//206
f 3288//207 3292//207 3293//207
f 3288//200 3293//200 3289//200
f 3289//210 3293//210 3294//210
f 3289//201 3294//201 3290//201
f 3290//211 3294//211 3295//211
f 3290//203 3295//203 3205//203
f 3205//213 3295//213 3203//213
f 3291//214 3296//214 3292//214
f 3292//215 3296//215 3297//215
f 3292//207 3297//207 3293//207
f 3293//216 3297//216 3298//755
f 3293//210 3298//210 3294//210
f 3294//217 3298//217 3299//217
f 3294//211 3299//211 3295//211
f 3295//220 3299//220 3300//220
f 3295//213 3300//213 3203//213
f 3203//756 3300//756 3201//756
f 3296//222 3301//222 3297//222
f 3297//223 3301//223 3302//223
f 3297//216 3302//755 3298//755
f 3298//225 3302//225 3303//224
f 3298//217 3303//217 3299//217
f 3299//227 3303//227 3304//227
f 3299//220 3304//220 3300//220
f 3300//228 3304//228 3305//228
f 3300//756 3305//756 3201//756
f 3201//230 3305//230 3199//229
f 3301//231 3306//231 3302//231
f 3302//232 3306//232 3307//232
f 3302//225 3307//224 3303//224
f 3303//234 3307//234 3308//234
f 3303//227 3308//227 3304//227
f 3304//235 3308//235 3309//235
f 3304//228 3309//228 3305//228
f 3305//236 3309//236 3310//236
f 3305//230 3310//229 3199//229
f 3199//237 3310//237 3197//237
f 3306//238 3311//238 3307//238
f 3307//239 3311//239 3312//239
f 3307//234 3312//234 3308//234
f 3308//240 3312//240 3313//240
f 3308//235 3313//235 3309//235
f 3309//241 3313//241 3314//241
f 3309//236 3314//236 3310//236
f 3310//244 3314//243 3195//859
f 3310//237 3195//237 3197//237
f 3311//758 3315//758 3312//758
f 3312//246 3315//246 3316//246
f 3312//240 3316//240 3313//240
f 3313//247 3316//247 3317//860
f 3313//241 3317//241 3314//241
f 3314//248 3317//248 3193//248
f 3314//243 3193//859 3195//859
f 3315//250 3318//250 3316//250
f 3316//861 3318//861 3319//861
f 3316//247 3319//860 3317//860
f 3317//252 3319//252 3191//253
f 3317//248 3191//248 3193//248
f 3318//862 3320//255 3319//863
f 3319//863 3320//255 3189//257
f 3319//252 3189//253 3191//253
f 3320//51 3187//51 3189//51
f 3182//258 3321//258 3180//258
f 3180//259 3321//259 3322//259
f 3180//38 3322//844 3178//844
f 3178//260 3322//260 3323//260
f 3178//33 3323//33 3176//33
f 3176//261 3323//261 3324//261
f 3176//31 3324//31 3174//31
f 3174//262 3324//262 3325//262
f 3174//27 3325//27 3172//27
f 3172//263 3325//263 3170//264
f 3321//265 3326//265 3322//265
f 3322//266 3326//266 3327//266
f 3322//260 3327//260 3323//260
f 3323//267 3327//267 3328//267
f 3323//261 3328//261 3324//261
f 3324//269 3328//269 3329//269
f 3324//262 3329//262 3325//262
f 3325//271 3329//271 3330//270
f 3325//263 3330//264 3170//264
f 3170//864 3330//864 3168//864
f 3326//273 3331//273 3327//273
f 3327//274 3331//274 3332//274
f 3327//267 3332//267 3328//267
f 3328//275 3332//275 3333//276
f 3328//269 3333//269 3329//269
f 3329//277 3333//277 3334//277
f 3329//271 3334//270 3330//270
f 3330//279 3334//279 3335//279
f 3330//864 3335//864 3168//864
f 3168//280 3335//280 3166//280
f 3331//282 3336//282 3332//282
f 3332//283 3336//283 3337//283
f 3332//275 3337//276 3333//276
f 3333//284 3337//284 3338//835
f 3333//277 3338//277 3334//277
f 3334//285 3338//865 3339//865
f 3334//279 3339//279 3335//279
f 3335//866 3339//866 3340//866
f 3335//280 3340//280 3166//280
f 3166//289 3340//289 3164//288
f 3336//290 3341//290 3337//290
f 3337//291 3341//291 3342//291
f 3337//284 3342//835 3338//835
f 3338//292 3342//292 3343//292
f 3338//865 3343//865 3339//865
f 3339//294 3343//760 3344//293
f 3339//866 3344//867 3340//866
f 3340//295 3344//295 3345//295
f 3340//289 3345//288 3164//288
f 3164//296 3345//296 3162//296
f 3341//297 3346//297 3342//297
f 3342//298 3346//298 3347//298
f 3342//292 3347//292 3343//292
f 3343//299 3347//299 3348//299
f 3343//760 3348//293 3344//293
f 3344//300 3348//300 3349//300
f 3344//295 3349//295 3345//295
f 3345//301 3349//301 3350//301
f 3345//296 3350//296 3162//296
f 3162//302 3350//302 3160//302
f 3346//303 3351//303 3347//303
f 3347//304 3351//304 3352//304
f 3347//299 3352//299 3348//299
f 3348//305 3352//305 3353//305
f 3348//300 3353//300 3349//300
f 3349//307 3353//307 3354//307
f 3349//301 3354//301 3350//301
f 3350//868 3354//868 3355//762
f 3350//302 3355//302 3160//302
f 3160//309 3355//309 3146//309
f 3351//310 3356//310 3352//310
f 3352//311 3356//311 3357//311
f 3352//305 3357//305 3353//305
f 3353//312 3357//312 3358//312
f 3353//307 3358//307 3354//307
f 3354//314 3358//314 3359//314
f 3354//868 3359//308 3355//762
f 3355//315 3359//315 3360//315
f 3355//309 3360//309 3146//309
f 3146//316 3360//316 3148//316
f 3356//317 3361//317 3357//317
f 3357//318 3361//318 3362//318
f 3357//312 3362//312 3358//312
f 3358//319 3362//319 3363//319
f 3358//314 3363//314 3359//314
f 3359//320 3363//320 3364//320
f 3359//315 3364//315 3360//315
f 3360//321 3364//321 3150//321
f 3360//316 3150//316 3148//316
f 3361//323 3365//323 3362//323
f 3362//324 3365//324 3366//324
f 3362//319 3366//319 3363//319
f 3363//325 3366//325 3367//326
f 3363//320 3367//320 3364//320
f 3364//327 3367//327 3152//327
f 3364//321 3152//321 3150//321
f 3365//328 3368//329 3366//330
f 3366//330 3368//329 3369//331
f 3366//325 3369//326 3367//326
f 3367//332 3369//332 3154//332
f 3367//327 3154//327 3152//327
f 3368//333 3158//334 3369//335
f 3369//335 3158//334 3156//336
f 3369//332 3156//332 3154//332
f 3370//337 3371//337 3158//337
f 3158//337 3371//337 3372//337
f 3158//337 3372//337 3159//337
f 3159//337 3372//337 3373//337
f 3159//337 3373//337 3224//337
f 3224//337 3373//337 3374//337
f 3224//337 3374//337 3223//337
f 3223//337 3374//337 3375//337
f 3223//337 3375//337 3271//337
f 3271//337 3375//337 3376//337
f 3271//337 3376//337 3276//337
f 3276//337 3376//337 3377//337
f 3276//337 3377//337 3281//337
f 3281//337 3377//337 3378//337
f 3281//337 3378//337 3286//337
f 3286//337 3378//337 3379//337
f 3286//337 3379//337 3291//337
f 3291//337 3379//337 3380//337
f 3291//337 3380//337 3296//337
f 3296//337 3380//337 3381//337
f 3296//337 3381//337 3301//337
f 3301//337 3381//337 3382//337
f 3301//337 3382//337 3306//337
f 3306//337 3382//337 3383//337
f 3306//337 3383//337 3311//337
f 3311//337 3383//337 3384//337
f 3311//337 3384//337 3315//337
f 3315//337 3384//337 3385//337
f 3315//337 3385//337 3318//337
f 3318//337 3385//337 3386//337
f 3318//337 3386//337 3320//337
f 3320//337 3386//337 3387//337
f 3320//337 3387//337 3187//337
f 3187//337 3387//337 3388//337
f 3187//337 3388//337 3185//337
f 3185//337 3388//337 3389//337
f 3185//337 3389//337 3183//337
f 3183//337 3389//337 3390//337
f 3183//337 3390//337 3182//337
f 3182//337 3390//337 3391//337
f 3182//337 3391//337 3321//337
f 3321//337 3391//337 3392//337
f 3321//337 3392//337 3326//337
f 3326//337 3392//337 3393//337
f 3326//337 3393//337 3331//337
f 3331//337 3393//337 3394//337
f 3331//337 3394//337 3336//337
f 3336//337 3394//337 3395//337
f 3336//337 3395//337 3341//337
f 3341//337 3395//337 3396//337
f 3341//337 3396//337 3346//337
f 3346//337 3396//337 3397//337
f 3346//337 3397//337 3351//337
f 3351//337 3397//337 3398//337
f 3351//337 3398//337 3356//337
f 3356//337 3398//337 3399//337
f 3356//337 3399//337 3361//337
f 3361//337 3399//337 3400//337
f 3361//337 3400//337 3365//337
f 3365//337 3400//337 3401//337
f 3365//337 3401//337 3368//337
f 3368//337 3401//337 3370//337
f 3368//337 3370//337 3158//337
f 3402//338 3145//338 3403//338
f 3403//338 3145//338 3147//338
f 3403//339 3147//339 3404//339
f 3404//339 3147//339 3270//339
f 3404//340 3270//340 3405//340
f 3405//340 3270//340 3268//340
f 3405//341 3268//341 3406//341
f 3406//341 3268//341 3265//341
f 3406//342 3265//342 3407//342
f 3407//342 3265//342 3261//342
f 3407//343 3261//343 3408//343
f 3408//343 3261//343 3256//343
f 3408//344 3256//344 3409//344
f 3409//344 3256//344 3251//344
f 3409//345 3251//345 3410//345
f 3410//345 3251//345 3212//345
f 3410//346 3212//346 3411//346
f 3411//346 3212//346 3210//346
f 3411//347 3210//347 3412//347
f 3412//347 3210//347 3208//347
f 3412//348 3208//348 3413//348
f 3413//348 3208//348 3206//348
f 3413//349 3206//349 3414//349
f 3414//349 3206//349 3204//349
f 3414//350 3204//350 3415//350
f 3415//350 3204//350 3202//350
f 3415//351 3202//351 3416//351
f 3416//351 3202//351 3200//351
f 3416//352 3200//352 3417//352
f 3417//352 3200//352 3198//352
f 3417//353 3198//353 3418//353
f 3418//353 3198//353 3250//353
f 3418//354 3250//354 3419//354
f 3419//354 3250//354 3248//354
f 3419//355 3248//355 3420//355
f 3420//355 3248//355 3245//355
f 3420//356 3245//356 3421//356
f 3421//356 3245//356 3241//356
f 3421//357 3241//357 3422//357
f 3422//357 3241//357 3236//357
f 3422//358 3236//358 3423//358
f 3423//358 3236//358 3231//358
f 3423//359 3231//359 3424//359
f 3424//359 3231//359 3226//359
f 3424//360 3226//360 3425//360
f 3425//360 3226//360 3171//360
f 3425//361 3171//361 3426//361
f 3426//361 3171//361 3169//361
f 3426//362 3169//362 3427//362
f 3427//362 3169//362 3167//362
f 3427//363 3167//363 3428//363
f 3428//363 3167//363 3165//363
f 3428//364 3165//364 3429//364
f 3429//364 3165//364 3163//364
f 3429//365 3163//365 3430//365
f 3430//365 3163//365 3161//365
f 3430//366 3161//366 3402//366
f 3402//366 3161//366 3145//366
f 3431//367 3432//367 3433//367
f 3433//367 3432//367 3434//367
f 3433//368 3434//368 3435//368
f 3435//368 3434//368 3436//368
f 3435//369 3436//369 3437//369
f 3437//369 3436//369 3438//369
f 3437//371 3438//371 3439//371
f 3439//371 3438//371 3440//372
f 3439//373 3440//373 3441//374
f 3441//374 3440//373 3442//374
f 3441//375 3442//375 3443//375
f 3443//375 3442//375 3444//375
f 3443//376 3444//376 3445//376
f 3445//376 3444//376 3446//376
f 3445//870 3446//870 3447//379
f 3447//379 3446//870 3448//379
f 3447//381 3448//381 3449//381
f 3449//381 3448//381 3450//381
f 3449//383 3450//383 3451//383
f 3451//383 3450//383 3452//383
f 3451//385 3452//385 3453//871
f 3453//871 3452//385 3454//871
f 3453//386 3454//386 3455//805
f 3455//805 3454//386 3456//805
f 3455//388 3456//388 3457//388
f 3457//388 3456//388 3458//388
f 3457//389 3458//389 3459//389
f 3459//389 3458//389 3460//389
f 3459//765 3460//390 3461//390
f 3461//390 3460//390 3462//390
f 3461//391 3462//391 3463//392
f 3463//392 3462//391 3464//392
f 3463//393 3464//393 3465//393
f 3465//393 3464//393 3466//393
f 3465//394 3466//394 3467//394
f 3467//394 3466//394 3468//394
f 3467//395 3468//395 3469//395
f 3469//395 3468//395 3470//395
f 3469//396 3470//396 3471//396
f 3471//396 3470//396 3472//396
f 3471//397 3472//397 3473//398
f 3473//398 3472//397 3474//398
f 3473//399 3474//399 3475//767
f 3475//767 3474//399 3476//767
f 3475//400 3476//400 3477//400
f 3477//400 3476//400 3478//400
f 3477//401 3478//401 3479//401
f 3479//401 3478//401 3480//401
f 3479//872 3480//872 3481//404
f 3481//404 3480//872 3482//404
f 3481//405 3482//405 3483//405
f 3483//405 3482//405 3484//405
f 3483//406 3484//406 3485//406
f 3485//406 3484//406 3486//406
f 3485//407 3486//407 3487//873
f 3487//873 3486//407 3488//873
f 3487//408 3488//408 3489//874
f 3489//874 3488//408 3490//874
f 3489//410 3490//410 3491//410
f 3491//410 3490//410 3492//410
f 3491//411 3492//411 3493//411
f 3493//411 3492//411 3494//411
f 3493//412 3494//412 3495//413
f 3495//413 3494//412 3496//413
f 3495//414 3496//414 3497//771
f 3497//771 3496//414 3498//771
f 3497//415 3498//415 3431//415
f 3431//415 3498//415 3432//415
f 3370//416 3499//417 3371//875
f 3371//875 3499//417 3500//876
f 3371//877 3500//878 3501//422
f 3501//423 3500//423 3502//423
f 3501//423 3502//423 3503//423
f 3503//424 3502//424 3504//424
f 3503//424 3504//424 3505//424
f 3505//425 3504//425 3506//425
f 3505//425 3506//425 3507//425
f 3507//426 3506//426 3434//426
f 3507//426 3434//426 3432//426
f 3499//879 3370//428 3508//429
f 3508//429 3370//428 3401//430
f 3508//431 3401//431 3509//431
f 3509//432 3401//432 3400//432
f 3509//433 3400//433 3510//433
f 3510//434 3400//434 3399//434
f 3510//435 3399//435 3511//435
f 3511//436 3399//436 3398//436
f 3511//437 3398//437 3512//437
f 3512//438 3398//438 3397//438
f 3512//439 3397//439 3513//439
f 3513//440 3397//440 3396//440
f 3513//441 3396//441 3514//441
f 3514//442 3396//442 3395//442
f 3514//443 3395//443 3515//443
f 3515//444 3395//444 3394//444
f 3515//445 3394//445 3516//445
f 3516//446 3394//446 3393//446
f 3516//447 3393//447 3517//447
f 3517//448 3393//448 3392//448
f 3517//449 3392//449 3518//449
f 3518//450 3392//450 3391//450
f 3518//451 3391//451 3519//451
f 3519//452 3391//452 3390//452
f 3519//880 3390//880 3520//880
f 3520//454 3390//454 3389//454
f 3520//455 3389//455 3521//455
f 3521//456 3389//457 3388//458
f 3521//456 3388//458 3522//881
f 3522//460 3388//461 3387//882
f 3522//460 3387//882 3523//883
f 3523//884 3387//465 3524//466
f 3523//467 3524//467 3525//467
f 3525//468 3524//468 3526//469
f 3525//470 3526//470 3527//470
f 3527//471 3526//471 3528//471
f 3527//472 3528//472 3529//472
f 3529//475 3528//475 3530//475
f 3529//477 3530//476 3476//476
f 3476//479 3530//479 3478//479
f 3387//465 3386//480 3524//466
f 3524//885 3386//482 3531//483
f 3524//468 3531//469 3526//469
f 3526//484 3531//484 3532//484
f 3526//471 3532//471 3528//471
f 3528//486 3532//486 3533//486
f 3528//475 3533//475 3530//475
f 3530//487 3533//487 3534//487
f 3530//479 3534//478 3478//479
f 3478//488 3534//488 3480//488
f 3386//482 3385//489 3531//483
f 3531//490 3385//490 3535//490
f 3531//484 3535//484 3532//484
f 3532//491 3535//491 3536//491
f 3532//486 3536//486 3533//486
f 3533//492 3536//492 3537//492
f 3533//487 3537//487 3534//487
f 3534//493 3537//493 3538//493
f 3534//488 3538//488 3480//488
f 3480//494 3538//494 3482//494
f 3385//495 3384//495 3535//495
f 3535//496 3384//496 3539//496
f 3535//491 3539//491 3536//491
f 3536//497 3539//497 3540//497
f 3536//492 3540//492 3537//492
f 3537//886 3540//887 3541//498
f 3537//493 3541//493 3538//493
f 3538//500 3541//500 3542//499
f 3538//494 3542//494 3482//494
f 3482//888 3542//888 3484//888
f 3384//503 3383//503 3539//503
f 3539//504 3383//504 3543//504
f 3539//497 3543//497 3540//497
f 3540//505 3543//505 3544//506
f 3540//887 3544//498 3541//498
f 3541//509 3544//509 3545//509
f 3541//500 3545//499 3542//499
f 3542//510 3545//510 3546//510
f 3542//888 3546//888 3484//888
f 3484//512 3546//512 3486//512
f 3383//513 3382//513 3543//513
f 3543//514 3382//514 3547//514
f 3543//505 3547//506 3544//506
f 3544//809 3547//809 3548//809
f 3544//509 3548//509 3545//509
f 3545//517 3548//517 3549//517
f 3545//510 3549//510 3546//510
f 3546//519 3549//519 3550//519
f 3546//512 3550//512 3486//512
f 3486//890 3550//890 3488//890
f 3382//522 3381//522 3547//522
f 3547//523 3381//523 3551//523
f 3547//809 3551//809 3548//809
f 3548//525 3551//525 3552//525
f 3548//517 3552//517 3549//517
f 3549//526 3552//526 3553//526
f 3549//519 3553//519 3550//519
f 3550//527 3553//527 3554//527
f 3550//890 3554//890 3488//890
f 3488//528 3554//528 3490//528
f 3381//529 3380//529 3551//529
f 3551//530 3380//530 3555//530
f 3551//525 3555//525 3552//525
f 3552//531 3555//531 3556//531
f 3552//526 3556//526 3553//526
f 3553//532 3556//532 3557//532
f 3553//527 3557//527 3554//527
f 3554//534 3557//534 3558//534
f 3554//528 3558//528 3490//528
f 3490//535 3558//535 3492//535
f 3380//536 3379//536 3555//536
f 3555//537 3379//537 3559//537
f 3555//531 3559//531 3556//531
f 3556//539 3559//539 3560//539
f 3556//532 3560//532 3557//532
f 3557//779 3560//779 3561//779
f 3557//534 3561//534 3558//534
f 3558//543 3561//543 3562//543
f 3558//535 3562//535 3492//535
f 3492//545 3562//545 3494//545
f 3379//546 3378//546 3559//546
f 3559//547 3378//547 3563//547
f 3559//539 3563//539 3560//539
f 3560//891 3563//891 3564//891
f 3560//779 3564//779 3561//779
f 3561//550 3564//550 3565//550
f 3561//543 3565//543 3562//543
f 3562//551 3565//551 3566//551
f 3562//545 3566//545 3494//545
f 3494//554 3566//554 3496//553
f 3378//555 3377//555 3563//555
f 3563//556 3377//556 3567//556
f 3563//891 3567//891 3564//891
f 3564//557 3567//557 3568//557
f 3564//550 3568//550 3565//550
f 3565//559 3568//559 3569//559
f 3565//551 3569//551 3566//551
f 3566//561 3569//561 3570//562
f 3566//554 3570//553 3496//553
f 3496//563 3570//563 3498//563
f 3377//564 3376//564 3567//564
f 3567//565 3376//565 3571//565
f 3567//557 3571//557 3568//557
f 3568//566 3571//566 3572//566
f 3568//559 3572//559 3569//559
f 3569//567 3572//567 3573//567
f 3569//561 3573//562 3570//562
f 3570//892 3573//783 3574//568
f 3570//563 3574//563 3498//563
f 3498//569 3574//569 3432//569
f 3376//570 3375//570 3571//570
f 3571//571 3375//571 3575//571
f 3571//566 3575//566 3572//566
f 3572//572 3575//572 3576//572
f 3572//567 3576//567 3573//567
f 3573//573 3576//573 3577//573
f 3573//783 3577//568 3574//568
f 3574//575 3577//575 3507//575
f 3574//569 3507//569 3432//569
f 3375//576 3374//576 3575//576
f 3575//784 3374//784 3578//784
f 3575//572 3578//572 3576//572
f 3576//578 3578//578 3579//578
f 3576//573 3579//573 3577//573
f 3577//579 3579//579 3505//579
f 3577//575 3505//575 3507//575
f 3374//580 3373//580 3578//580
f 3578//581 3373//581 3580//581
f 3578//578 3580//578 3579//578
f 3579//582 3580//893 3503//893
f 3579//579 3503//579 3505//579
f 3373//583 3372//584 3580//585
f 3580//585 3372//584 3501//894
f 3580//893 3501//893 3503//893
f 3372//587 3371//877 3501//422
f 3468//588 3581//588 3470//588
f 3470//588 3581//588 3582//588
f 3470//589 3582//589 3472//589
f 3472//589 3582//589 3583//589
f 3472//590 3583//590 3474//590
f 3474//590 3583//590 3529//590
f 3474//477 3529//477 3476//476
f 3581//591 3584//591 3582//591
f 3582//591 3584//591 3585//591
f 3582//592 3585//592 3583//592
f 3583//592 3585//592 3527//592
f 3583//472 3527//472 3529//472
f 3581//593 3468//593 3586//593
f 3586//593 3468//593 3466//593
f 3586//594 3466//594 3587//594
f 3587//594 3466//594 3464//594
f 3587//595 3464//595 3588//595
f 3588//595 3464//595 3462//595
f 3588//596 3462//596 3589//596
f 3589//596 3462//596 3460//596
f 3589//597 3460//597 3590//597
f 3590//597 3460//597 3458//597
f 3590//599 3458//599 3591//599
f 3591//599 3458//599 3456//599
f 3591//601 3456//601 3592//601
f 3592//601 3456//601 3454//601
f 3592//602 3454//602 3593//602
f 3593//602 3454//602 3452//602
f 3593//605 3452//605 3594//605
f 3594//605 3452//605 3450//605
f 3594//788 3450//788 3595//788
f 3595//788 3450//788 3448//788
f 3595//608 3448//608 3596//608
f 3596//608 3448//608 3446//608
f 3596//609 3446//609 3597//609
f 3597//609 3446//609 3444//609
f 3597//611 3444//611 3598//610
f 3598//610 3444//611 3442//610
f 3598//614 3442//614 3599//613
f 3599//613 3442//614 3440//613
f 3599//615 3440//615 3600//615
f 3600//615 3440//615 3438//615
f 3600//616 3438//616 3601//616
f 3601//616 3438//616 3436//616
f 3601//617 3436//617 3506//617
f 3506//617 3436//617 3434//617
f 3584//618 3602//618 3585//618
f 3585//618 3602//618 3525//618
f 3585//470 3525//470 3527//470
f 3584//619 3581//619 3603//619
f 3603//619 3581//619 3586//619
f 3603//620 3586//620 3604//620
f 3604//620 3586//620 3587//620
f 3604//622 3587//622 3605//622
f 3605//622 3587//622 3588//621
f 3605//790 3588//790 3606//623
f 3606//623 3588//790 3589//623
f 3606//625 3589//625 3607//625
f 3607//625 3589//625 3590//625
f 3607//626 3590//626 3608//626
f 3608//626 3590//626 3591//626
f 3608//629 3591//628 3609//628
f 3609//628 3591//628 3592//628
f 3609//630 3592//630 3610//630
f 3610//630 3592//630 3593//630
f 3610//631 3593//631 3611//631
f 3611//631 3593//631 3594//631
f 3611//633 3594//633 3612//633
f 3612//633 3594//633 3595//633
f 3612//896 3595//896 3613//634
f 3613//634 3595//896 3596//634
f 3613//635 3596//635 3614//635
f 3614//635 3596//635 3597//635
f 3614//636 3597//636 3615//636
f 3615//636 3597//636 3598//636
f 3615//639 3598//639 3616//639
f 3616//639 3598//639 3599//639
f 3616//794 3599//794 3617//640
f 3617//640 3599//794 3600//640
f 3617//641 3600//641 3618//641
f 3618//641 3600//641 3601//641
f 3618//642 3601//642 3504//642
f 3504//642 3601//642 3506//642
f 3522//643 3523//643 3602//643
f 3602//467 3523//467 3525//467
f 3602//644 3584//644 3619//644
f 3619//644 3584//644 3603//644
f 3619//645 3603//645 3620//645
f 3620//645 3603//645 3604//645
f 3620//646 3604//646 3621//795
f 3621//795 3604//646 3605//795
f 3621//897 3605//897 3622//647
f 3622//647 3605//897 3606//647
f 3622//648 3606//648 3623//648
f 3623//648 3606//648 3607//648
f 3623//649 3607//649 3624//649
f 3624//649 3607//649 3608//649
f 3624//812 3608//812 3625//812
f 3625//812 3608//812 3609//812
f 3625//651 3609//651 3626//651
f 3626//651 3609//651 3610//651
f 3626//652 3610//652 3627//652
f 3627//652 3610//652 3611//652
f 3627//653 3611//653 3628//653
f 3628//653 3611//653 3612//653
f 3628//654 3612//654 3629//654
f 3629//654 3612//654 3613//654
f 3629//657 3613//657 3630//656
f 3630//656 3613//657 3614//656
f 3630//658 3614//658 3631//658
f 3631//658 3614//658 3615//658
f 3631//659 3615//659 3632//659
f 3632//659 3615//659 3616//659
f 3632//661 3616//661 3633//661
f 3633//661 3616//661 3617//661
f 3633//662 3617//662 3634//662
f 3634//662 3617//662 3618//662
f 3634//663 3618//663 3502//663
f 3502//663 3618//663 3504//663
f 3634//664 3502//664 3500//664
f 3634//664 3500//664 3499//664
f 3521//665 3522//898 3619//898
f 3619//643 3522//643 3602//643
f 3521//665 3619//898 3620//665
f 3520//666 3521//666 3620//666
f 3520//666 3620//666 3621//666
f 3519//667 3520//667 3621//667
f 3519//667 3621//667 3622//667
f 3518//668 3519//668 3622//668
f 3518//668 3622//668 3623//668
f 3517//669 3518//669 3623//669
f 3517//669 3623//669 3624//669
f 3516//815 3517//815 3624//815
f 3516//815 3624//815 3625//815
f 3515//801 3516//801 3625//801
f 3515//801 3625//801 3626//674
f 3514//675 3515//675 3626//675
f 3514//675 3626//675 3627//675
f 3513//676 3514//676 3627//676
f 3513//676 3627//676 3628//676
f 3512//816 3513//816 3628//816
f 3512//816 3628//816 3629//816
f 3511//678 3512//679 3629//679
f 3511//678 3629//679 3630//678
f 3510//680 3511//680 3630//680
f 3510//680 3630//680 3631//680
f 3509//681 3510//681 3631//681
f 3509//681 3631//681 3632//681
f 3508//683 3509//683 3632//683
f 3508//683 3632//683 3633//683
f 3499//685 3508//685 3633//685
f 3499//685 3633//685 3634//684
f 3635//686 3431//686 3636//686
f 3636//686 3431//686 3433//686
f 3636//687 3433//687 3637//687
f 3637//687 3433//687 3435//687
f 3637//688 3435//688 3638//688
f 3638//688 3435//688 3437//688
f 3638//689 3437//689 3639//689
f 3639//689 3437//689 3439//689
f 3639//690 3439//690 3640//690
f 3640//690 3439//690 3441//690
f 3640//691 3441//691 3641//691
f 3641//691 3441//691 3443//691
f 3641//692 3443//692 3642//692
f 3642//692 3443//692 3445//692
f 3642//693 3445//693 3643//693
f 3643//693 3445//693 3447//693
f 3643//694 3447//694 3644//694
f 3644//694 3447//694 3449//694
f 3644//695 3449//695 3645//695
f 3645//695 3449//695 3451//695
f 3645//696 3451//696 3646//696
f 3646//696 3451//696 3453//696
f 3646//697 3453//697 3647//697
f 3647//697 3453//697 3455//697
f 3647//698 3455//698 3648//698
f 3648//698 3455//698 3457//698
f 3648//699 3457//699 3649//699
f 3649//699 3457//699 3459//699
f 3649//700 3459//700 3650//700
f 3650//700 3459//700 3461//700
f 3650//701 3461//701 3651//701
f 3651//701 3461//701 3463//701
f 3651//702 3463//702 3652//702
f 3652//702 3463//702 3465//702
f 3652//703 3465//703 3653//703
f 3653//703 3465//703 3467//703
f 3653//704 3467//704 3654//704
f 3654//704 3467//704 3469//704
f 3654//705 3469//705 3655//705
f 3655//705 3469//705 3471//705
f 3655//706 3471//706 3656//706
f 3656//706 3471//706 3473//706
f 3656//707 3473//707 3657//707
f 3657//707 3473//707 3475//707
f 3657//708 3475//708 3658//708
f 3658//708 3475//708 3477//708
f 3658//709 3477//709 3659//709
f 3659//709 3477//709 3479//709
f 3659//710 3479//710 3660//710
f 3660//710 3479//710 3481//710
f 3660//711 3481//711 3661//711
f 3661//711 3481//711 3483//711
f 3661//712 3483//712 3662//712
f 3662//712 3483//712 3485//712
f 3662//713 3485//713 3663//713
f 3663//713 3485//713 3487//713
f 3663//714 3487//714 3664//714
f 3664//714 3487//714 3489//714
f 3664//715 3489//715 3665//715
f 3665//715 3489//715 3491//715
f 3665//716 3491//716 3666//716
f 3666//716 3491//716 3493//716
f 3666//717 3493//717 3667//717
f 3667//717 3493//717 3495//717
f 3667//718 3495//718 3668//718
f 3668//718 3495//718 3497//718
f 3668//719 3497//719 3635//719
f 3635//719 3497//719 3431//719
f 3669//720 3670//720 3671//720
f 3671//2 3670//2 3672//2
f 3671//3 3672//3 3673//3
f 3673//4 3672//4 3674//4
f 3673//4 3674//4 3675//4
f 3675//6 3674//5 3676//5
f 3675//6 3676//5 3677//6
f 3677//7 3676//7 3678//7
f 3677//7 3678//7 3679//7
f 3679//8 3678//8 3680//8
f 3679//8 3680//8 3681//8
f 3681//913 3680//10 3682//11
f 3681//913 3682//11 3683//12
f 3670//13 3669//13 3684//13
f 3684//14 3669//14 3685//14
f 3684//15 3685//15 3686//15
f 3686//16 3685//16 3687//16
f 3686//17 3687//17 3688//17
f 3688//18 3687//18 3689//18
f 3688//19 3689//19 3690//19
f 3690//721 3689//721 3691//721
f 3690//722 3691//722 3692//722
f 3692//22 3691//22 3693//22
f 3692//23 3693//23 3694//23
f 3694//24 3693//24 3695//24
f 3694//843 3695//843 3696//843
f 3696//26 3695//26 3697//26
f 3696//27 3697//27 3698//27
f 3698//29 3697//29 3699//29
f 3698//31 3699//31 3700//31
f 3700//819 3699//819 3701//32
f 3700//33 3701//33 3702//33
f 3702//36 3701//36 3703//36
f 3702//844 3703//38 3704//38
f 3704//39 3703//39 3705//39
f 3704//41 3705//41 3706//41
f 3706//724 3705//724 3707//724
f 3707//43 3705//43 3708//43
f 3707//44 3708//44 3709//44
f 3709//820 3708//820 3710//820
f 3709//845 3710//846 3711//48
f 3711//48 3710//846 3712//49
f 3711//51 3712//51 3713//51
f 3713//899 3712//52 3714//52
f 3713//899 3714//52 3715//899
f 3715//53 3714//53 3716//53
f 3715//53 3716//53 3717//53
f 3717//54 3716//54 3718//54
f 3717//54 3718//54 3719//54
f 3719//55 3718//55 3720//55
f 3719//55 3720//55 3721//55
f 3721//56 3720//56 3722//56
f 3721//57 3722//57 3723//57
f 3723//58 3722//58 3724//58
f 3723//59 3724//59 3725//59
f 3725//725 3724//725 3726//725
f 3725//61 3726//61 3727//61
f 3727//62 3726//62 3728//62
f 3727//847 3728//847 3729//847
f 3729//64 3728//64 3730//64
f 3729//65 3730//65 3731//65
f 3731//914 3730//914 3732//914
f 3731//67 3732//67 3733//67
f 3733//68 3732//68 3734//68
f 3733//69 3734//69 3735//69
f 3735//70 3734//70 3736//70
f 3735//71 3736//71 3737//71
f 3737//900 3736//900 3738//900
f 3737//74 3738//74 3739//74
f 3739//75 3738//75 3740//75
f 3739//77 3740//77 3741//77
f 3741//79 3740//79 3742//79
f 3741//729 3742//729 3743//729
f 3743//81 3742//81 3744//81
f 3743//82 3744//82 3745//82
f 3745//83 3744//83 3746//83
f 3745//84 3746//84 3747//84
f 3747//85 3746//85 3748//85
f 3748//86 3746//86 3749//86
f 3748//87 3749//88 3683//89
f 3683//89 3749//88 3681//90
f 3695//91 3750//91 3697//91
f 3697//92 3750//92 3751//92
f 3697//29 3751//29 3699//29
f 3699//825 3751//825 3752//825
f 3699//819 3752//32 3701//32
f 3701//95 3752//95 3753//95
f 3701//36 3753//36 3703//36
f 3703//96 3753//96 3754//96
f 3703//39 3754//39 3705//39
f 3705//97 3754//97 3708//97
f 3750//852 3755//852 3751//852
f 3751//853 3755//853 3756//853
f 3751//825 3756//825 3752//825
f 3752//100 3756//100 3757//100
f 3752//95 3757//95 3753//95
f 3753//102 3757//102 3758//102
f 3753//96 3758//96 3754//96
f 3754//103 3758//103 3759//103
f 3754//97 3759//97 3708//97
f 3708//104 3759//855 3710//855
f 3755//854 3760//854 3756//854
f 3756//735 3760//735 3761//735
f 3756//100 3761//100 3757//100
f 3757//107 3761//107 3762//107
f 3757//102 3762//102 3758//102
f 3758//110 3762//110 3763//110
f 3758//103 3763//103 3759//103
f 3759//111 3763//111 3764//111
f 3759//855 3764//855 3710//855
f 3710//112 3764//112 3712//112
f 3760//113 3765//113 3761//113
f 3761//856 3765//856 3766//856
f 3761//107 3766//107 3762//107
f 3762//116 3766//116 3767//122
f 3762//110 3767//110 3763//110
f 3763//117 3767//117 3768//117
f 3763//111 3768//111 3764//111
f 3764//119 3768//119 3714//119
f 3764//112 3714//112 3712//112
f 3765//120 3769//120 3766//120
f 3766//121 3769//121 3770//121
f 3766//116 3770//122 3767//122
f 3767//123 3770//123 3771//736
f 3767//117 3771//117 3768//117
f 3768//125 3771//125 3716//125
f 3768//119 3716//119 3714//119
f 3769//126 3772//126 3770//126
f 3770//127 3772//127 3773//127
f 3770//123 3773//736 3771//736
f 3771//128 3773//128 3718//128
f 3771//125 3718//125 3716//125
f 3772//129 3774//129 3773//129
f 3773//130 3774//130 3720//130
f 3773//128 3720//128 3718//128
f 3774//56 3722//56 3720//56
f 3736//131 3775//131 3738//131
f 3738//132 3775//132 3776//132
f 3738//75 3776//76 3740//75
f 3740//135 3776//135 3777//135
f 3740//79 3777//79 3742//79
f 3742//137 3777//137 3778//137
f 3742//81 3778//81 3744//81
f 3744//138 3778//138 3779//138
f 3744//83 3779//83 3746//83
f 3746//140 3779//140 3749//140
f 3775//141 3780//141 3776//141
f 3776//741 3780//741 3781//741
f 3776//135 3781//135 3777//135
f 3777//144 3781//144 3782//152
f 3777//137 3782//137 3778//137
f 3778//145 3782//145 3783//145
f 3778//138 3783//138 3779//138
f 3779//146 3783//146 3784//146
f 3779//140 3784//140 3749//140
f 3749//149 3784//149 3681//148
f 3780//150 3785//150 3781//150
f 3781//151 3785//151 3786//151
f 3781//144 3786//152 3782//152
f 3782//153 3786//153 3787//153
f 3782//145 3787//145 3783//145
f 3783//155 3787//155 3788//155
f 3783//146 3788//146 3784//146
f 3784//156 3788//156 3679//156
f 3784//149 3679//148 3681//148
f 3785//157 3789//157 3786//157
f 3786//158 3789//158 3790//158
f 3786//153 3790//153 3787//153
f 3787//159 3790//159 3791//159
f 3787//155 3791//155 3788//155
f 3788//160 3791//160 3677//160
f 3788//156 3677//156 3679//156
f 3789//161 3792//161 3790//161
f 3790//162 3792//162 3793//162
f 3790//159 3793//159 3791//159
f 3791//163 3793//163 3675//163
f 3791//160 3675//160 3677//160
f 3792//164 3794//164 3793//164
f 3793//165 3794//165 3673//165
f 3793//163 3673//163 3675//163
f 3794//745 3671//745 3673//745
f 3747//167 3795//167 3745//167
f 3745//168 3795//168 3796//168
f 3745//82 3796//82 3743//82
f 3743//169 3796//169 3797//169
f 3743//729 3797//729 3741//729
f 3741//171 3797//171 3798//172
f 3741//77 3798//77 3739//77
f 3739//174 3798//174 3799//901
f 3739//74 3799//74 3737//74
f 3737//176 3799//176 3735//176
f 3795//902 3800//902 3796//902
f 3796//178 3800//178 3801//178
f 3796//169 3801//169 3797//169
f 3797//179 3801//179 3802//179
f 3797//171 3802//172 3798//172
f 3798//181 3802//181 3803//181
f 3798//174 3803//901 3799//901
f 3799//183 3803//183 3804//183
f 3799//176 3804//176 3735//176
f 3735//186 3804//186 3733//186
f 3800//187 3805//187 3801//187
f 3801//188 3805//188 3806//188
f 3801//179 3806//179 3802//179
f 3802//189 3806//189 3807//189
f 3802//181 3807//181 3803//181
f 3803//191 3807//191 3808//191
f 3803//183 3808//183 3804//183
f 3804//192 3808//192 3809//192
f 3804//186 3809//186 3733//186
f 3733//195 3809//195 3731//194
f 3805//196 3810//196 3806//196
f 3806//197 3810//197 3811//197
f 3806//189 3811//189 3807//189
f 3807//206 3811//206 3812//206
f 3807//191 3812//191 3808//191
f 3808//200 3812//200 3813//200
f 3808//192 3813//192 3809//192
f 3809//201 3813//201 3814//201
f 3809//195 3814//194 3731//194
f 3731//203 3814//203 3729//203
f 3810//204 3815//204 3811//204
f 3811//205 3815//205 3816//205
f 3811//206 3816//206 3812//206
f 3812//207 3816//207 3817//207
f 3812//200 3817//200 3813//200
f 3813//210 3817//210 3818//210
f 3813//201 3818//201 3814//201
f 3814//211 3818//211 3819//211
f 3814//203 3819//203 3729//203
f 3729//213 3819//213 3727//213
f 3815//214 3820//214 3816//214
f 3816//215 3820//215 3821//215
f 3816//207 3821//207 3817//207
f 3817//216 3821//216 3822//216
f 3817//210 3822//210 3818//210
f 3818//217 3822//217 3823//217
f 3818//211 3823//211 3819//211
f 3819//220 3823//220 3824//220
f 3819//213 3824//213 3727//213
f 3727//221 3824//221 3725//756
f 3820//222 3825//222 3821//222
f 3821//223 3825//223 3826//223
f 3821//216 3826//216 3822//216
f 3822//224 3826//224 3827//225
f 3822//217 3827//217 3823//217
f 3823//227 3827//227 3828//227
f 3823//220 3828//220 3824//220
f 3824//228 3828//228 3829//228
f 3824//221 3829//756 3725//756
f 3725//229 3829//229 3723//230
f 3825//231 3830//231 3826//231
f 3826//232 3830//232 3831//232
f 3826//224 3831//225 3827//225
f 3827//234 3831//234 3832//234
f 3827//227 3832//227 3828//227
f 3828//235 3832//235 3833//235
f 3828//228 3833//228 3829//228
f 3829//236 3833//236 3834//236
f 3829//229 3834//230 3723//230
f 3723//237 3834//237 3721//237
f 3830//238 3835//238 3831//238
f 3831//239 3835//239 3836//239
f 3831//234 3836//234 3832//234
f 3832//240 3836//240 3837//240
f 3832//235 3837//235 3833//235
f 3833//241 3837//241 3838//241
f 3833//236 3838//236 3834//236
f 3834//243 3838//243 3719//859
f 3834//237 3719//237 3721//237
f 3835//758 3839//758 3836//758
f 3836//246 3839//246 3840//246
f 3836//240 3840//240 3837//240
f 3837//247 3840//247 3841//860
f 3837//241 3841//241 3838//241
f 3838//248 3841//248 3717//249
f 3838//243 3717//859 3719//859
f 3839//250 3842//250 3840//250
f 3840//861 3842//861 3843//861
f 3840//247 3843//860 3841//860
f 3841//252 3843//252 3715//253
f 3841//248 3715//249 3717//249
f 3842//862 3844//255 3843//863
f 3843//863 3844//255 3713//257
f 3843//252 3713//253 3715//253
f 3844//51 3711//51 3713//51
f 3706//258 3845//258 3704//258
f 3704//259 3845//259 3846//259
f 3704//38 3846//844 3702//844
f 3702//260 3846//260 3847//260
f 3702//33 3847//33 3700//33
f 3700//261 3847//261 3848//261
f 3700//31 3848//31 3698//31
f 3698//262 3848//262 3849//262
f 3698//27 3849//27 3696//27
f 3696//263 3849//263 3694//263
f 3845//265 3850//265 3846//265
f 3846//266 3850//266 3851//266
f 3846//260 3851//260 3847//260
f 3847//267 3851//267 3852//267
f 3847//261 3852//261 3848//261
f 3848//269 3852//269 3853//269
f 3848//262 3853//262 3849//262
f 3849//271 3853//271 3854//271
f 3849//263 3854//263 3694//263
f 3694//864 3854//864 3692//864
f 3850//273 3855//273 3851//273
f 3851//274 3855//274 3856//274
f 3851//267 3856//267 3852//267
f 3852//276 3856//276 3857//276
f 3852//269 3857//269 3853//269
f 3853//277 3857//277 3858//759
f 3853//271 3858//271 3854//271
f 3854//279 3858//279 3859//279
f 3854//864 3859//864 3692//864
f 3692//280 3859//280 3690//280
f 3855//282 3860//282 3856//282
f 3856//283 3860//283 3861//283
f 3856//276 3861//276 3857//276
f 3857//284 3861//284 3862//284
f 3857//277 3862//759 3858//759
f 3858//865 3862//865 3863//865
f 3858//279 3863//279 3859//279
f 3859//866 3863//866 3864//866
f 3859//280 3864//280 3690//280
f 3690//288 3864//288 3688//288
f 3860//290 3865//290 3861//290
f 3861//291 3865//291 3866//291
f 3861//284 3866//284 3862//284
f 3862//292 3866//292 3867//292
f 3862//865 3867//865 3863//865
f 3863//293 3867//293 3868//760
f 3863//866 3868//866 3864//866
f 3864//295 3868//295 3869//295
f 3864//288 3869//288 3688//288
f 3688//296 3869//296 3686//296
f 3865//297 3870//297 3866//297
f 3866//298 3870//298 3871//298
f 3866//292 3871//292 3867//292
f 3867//299 3871//299 3872//299
f 3867//293 3872//760 3868//760
f 3868//300 3872//300 3873//300
f 3868//295 3873//903 3869//295
f 3869//301 3873//301 3874//301
f 3869//296 3874//296 3686//296
f 3686//302 3874//302 3684//302
f 3870//303 3875//303 3871//303
f 3871//304 3875//304 3876//304
f 3871//299 3876//299 3872//299
f 3872//305 3876//305 3877//305
f 3872//300 3877//300 3873//300
f 3873//307 3877//307 3878//307
f 3873//301 3878//301 3874//301
f 3874//762 3878//762 3879//762
f 3874//302 3879//302 3684//302
f 3684//309 3879//309 3670//309
f 3875//869 3880//869 3876//869
f 3876//311 3880//311 3881//311
f 3876//305 3881//305 3877//305
f 3877//312 3881//312 3882//312
f 3877//307 3882//307 3878//307
f 3878//314 3882//314 3883//314
f 3878//762 3883//762 3879//762
f 3879//315 3883//315 3884//315
f 3879//309 3884//309 3670//309
f 3670//316 3884//316 3672//316
f 3880//317 3885//317 3881//317
f 3881//318 3885//318 3886//318
f 3881//312 3886//312 3882//312
f 3882//319 3886//319 3887//319
f 3882//314 3887//314 3883//314
f 3883//320 3887//320 3888//320
f 3883//315 3888//315 3884//315
f 3884//321 3888//321 3674//321
f 3884//316 3674//316 3672//316
f 3885//323 3889//323 3886//323
f 3886//324 3889//324 3890//324
f 3886//319 3890//319 3887//319
f 3887//325 3890//325 3891//326
f 3887//320 3891//320 3888//320
f 3888//327 3891//327 3676//327
f 3888//321 3676//321 3674//321
f 3889//328 3892//329 3890//330
f 3890//330 3892//329 3893//331
f 3890//325 3893//326 3891//326
f 3891//332 3893//332 3678//332
f 3891//327 3678//327 3676//327
f 3892//333 3682//334 3893//335
f 3893//335 3682//334 3680//336
f 3893//332 3680//332 3678//332
f 3894//337 3895//337 3682//337
f 3682//337 3895//337 3896//337
f 3682//337 3896//337 3683//337
f 3683//337 3896//337 3897//337
f 3683//337 3897//337 3748//337
f 3748//337 3897//337 3898//337
f 3748//337 3898//337 3747//337
f 3747//337 3898//337 3899//337
f 3747//337 3899//337 3795//337
f 3795//337 3899//337 3900//337
f 3795//337 3900//337 3800//337
f 3800//337 3900//337 3901//337
f 3800//337 3901//337 3805//337
f 3805//337 3901//337 3902//337
f 3805//337 3902//337 3810//337
f 3810//337 3902//337 3903//337
f 3810//337 3903//337 3815//337
f 3815//337 3903//337 3904//337
f 3815//337 3904//337 3820//337
f 3820//337 3904//337 3905//337
f 3820//337 3905//337 3825//337
f 3825//337 3905//337 3906//337
f 3825//337 3906//337 3830//337
f 3830//337 3906//337 3907//337
f 3830//337 3907//337 3835//337
f 3835//337 3907//337 3908//337
f 3835//337 3908//337 3839//337
f 3839//337 3908//337 3909//337
f 3839//337 3909//337 3842//337
f 3842//337 3909//337 3910//337
f 3842//337 3910//337 3844//337
f 3844//337 3910//337 3911//337
f 3844//337 3911//337 3711//337
f 3711//337 3911//337 3912//337
f 3711//337 3912//337 3709//337
f 3709//337 3912//337 3913//337
f 3709//337 3913//337 3707//337
f 3707//337 3913//337 3914//337
f 3707//337 3914//337 3706//337
f 3706//337 3914//337 3915//337
f 3706//337 3915//337 3845//337
f 3845//337 3915//337 3916//337
f 3845//337 3916//337 3850//337
f 3850//337 3916//337 3917//337
f 3850//337 3917//337 3855//337
f 3855//337 3917//337 3918//337
f 3855//337 3918//337 3860//337
f 3860//337 3918//337 3919//337
f 3860//337 3919//337 3865//337
f 3865//337 3919//337 3920//337
f 3865//337 3920//337 3870//337
f 3870//337 3920//337 3921//337
f 3870//337 3921//337 3875//337
f 3875//337 3921//337 3922//337
f 3875//337 3922//337 3880//337
f 3880//337 3922//337 3923//337
f 3880//337 3923//337 3885//337
f 3885//337 3923//337 3924//337
f 3885//337 3924//337 3889//337
f 3889//337 3924//337 3925//337
f 3889//337 3925//337 3892//337
f 3892//337 3925//337 3894//337
f 3892//337 3894//337 3682//337
f 3926//338 3669//338 3927//338
f 3927//338 3669//338 3671//338
f 3927//339 3671//339 3928//339
f 3928//339 3671//339 3794//339
f 3928//340 3794//340 3929//340
f 3929//340 3794//340 3792//340
f 3929//341 3792//341 3930//341
f 3930//341 3792//341 3789//341
f 3930//342 3789//342 3931//342
f 3931//342 3789//342 3785//342
f 3931//343 3785//343 3932//343
f 3932//343 3785//343 3780//343
f 3932//344 3780//344 3933//344
f 3933//344 3780//344 3775//344
f 3933//345 3775//345 3934//345
f 3934//345 3775//345 3736//345
f 3934//346 3736//346 3935//346
f 3935//346 3736//346 3734//346
f 3935//347 3734//347 3936//347
f 3936//347 3734//347 3732//347
f 3936//348 3732//348 3937//348
f 3937//348 3732//348 3730//348
f 3937//349 3730//349 3938//349
f 3938//349 3730//349 3728//349
f 3938//350 3728//350 3939//350
f 3939//350 3728//350 3726//350
f 3939//351 3726//351 3940//351
f 3940//351 3726//351 3724//351
f 3940//352 3724//352 3941//352
f 3941//352 3724//352 3722//352
f 3941//353 3722//353 3942//353
f 3942//353 3722//353 3774//353
f 3942//354 3774//354 3943//354
f 3943//354 3774//354 3772//354
f 3943//355 3772//355 3944//355
f 3944//355 3772//355 3769//355
f 3944//356 3769//356 3945//356
f 3945//356 3769//356 3765//356
f 3945//357 3765//357 3946//357
f 3946//357 3765//357 3760//357
f 3946//358 3760//358 3947//358
f 3947//358 3760//358 3755//358
f 3947//359 3755//359 3948//359
f 3948//359 3755//359 3750//359
f 3948//360 3750//360 3949//360
f 3949//360 3750//360 3695//360
f 3949//361 3695//361 3950//361
f 3950//361 3695//361 3693//361
f 3950//362 3693//362 3951//362
f 3951//362 3693//362 3691//362
f 3951//363 3691//363 3952//363
f 3952//363 3691//363 3689//363
f 3952//364 3689//364 3953//364
f 3953//364 3689//364 3687//364
f 3953//365 3687//365 3954//365
f 3954//365 3687//365 3685//365
f 3954//366 3685//366 3926//366
f 3926//366 3685//366 3669//366
f 3955//367 3956//367 3957//367
f 3957//367 3956//367 3958//367
f 3957//368 3958//368 3959//368
f 3959//368 3958//368 3960//368
f 3959//369 3960//369 3961//369
f 3961//369 3960//369 3962//369
f 3961//371 3962//371 3963//371
f 3963//371 3962//371 3964//371
f 3963//373 3964//373 3965//374
f 3965//374 3964//373 3966//374
f 3965//375 3966//375 3967//375
f 3967//375 3966//375 3968//375
f 3967//904 3968//376 3969//376
f 3969//376 3968//376 3970//376
f 3969//870 3970//870 3971//379
f 3971//379 3970//870 3972//379
f 3971//381 3972//381 3973//381
f 3973//381 3972//381 3974//381
f 3973//383 3974//383 3975//383
f 3975//383 3974//383 3976//383
f 3975//385 3976//385 3977//385
f 3977//385 3976//385 3978//385
f 3977//386 3978//386 3979//805
f 3979//805 3978//386 3980//805
f 3979//388 3980//388 3981//388
f 3981//388 3980//388 3982//388
f 3981//389 3982//389 3983//389
f 3983//389 3982//389 3984//389
f 3983//390 3984//390 3985//765
f 3985//765 3984//390 3986//765
f 3985//391 3986//391 3987//392
f 3987//392 3986//391 3988//392
f 3987//393 3988//393 3989//393
f 3989//393 3988//393 3990//393
f 3989//394 3990//394 3991//394
f 3991//394 3990//394 3992//394
f 3991//395 3992//395 3993//395
f 3993//395 3992//395 3994//395
f 3993//396 3994//396 3995//396
f 3995//396 3994//396 3996//396
f 3995//397 3996//397 3997//398
f 3997//398 3996//397 3998//398
f 3997//399 3998//399 3999//767
f 3999//767 3998//399 4000//767
f 3999//400 4000//400 4001//400
f 4001//400 4000//400 4002//400
f 4001//905 4002//401 4003//401
f 4003//401 4002//401 4004//401
f 4003//872 4004//872 4005//404
f 4005//404 4004//872 4006//404
f 4005//405 4006//405 4007//405
f 4007//405 4006//405 4008//405
f 4007//406 4008//406 4009//406
f 4009//406 4008//406 4010//406
f 4009//407 4010//407 4011//407
f 4011//407 4010//407 4012//407
f 4011//408 4012//408 4013//874
f 4013//874 4012//408 4014//874
f 4013//410 4014//410 4015//410
f 4015//410 4014//410 4016//410
f 4015//411 4016//411 4017//411
f 4017//411 4016//411 4018//411
f 4017//413 4018//413 4019//412
f 4019//412 4018//413 4020//412
f 4019//414 4020//414 4021//414
f 4021//414 4020//414 4022//771
f 4021//415 4022//415 3955//415
f 3955//415 4022//415 3956//415
f 3894//416 4023//417 3895//875
f 3895//875 4023//417 4024//876
f 3895//877 4024//878 4025//422
f 4025//423 4024//423 4026//423
f 4025//423 4026//423 4027//423
f 4027//424 4026//424 4028//424
f 4027//424 4028//424 4029//424
f 4029//425 4028//425 4030//425
f 4029//425 4030//425 4031//425
f 4031//426 4030//426 3958//426
f 4031//426 3958//426 3956//426
f 4023//879 3894//428 4032//429
f 4032//429 3894//428 3925//430
f 4032//431 3925//431 4033//431
f 4033//432 3925//432 3924//432
f 4033//433 3924//433 4034//433
f 4034//434 3924//434 3923//434
f 4034//435 3923//435 4035//435
f 4035//436 3923//436 3922//436
f 4035//437 3922//437 4036//437
f 4036//438 3922//438 3921//438
f 4036//439 3921//439 4037//439
f 4037//440 3921//440 3920//440
f 4037//441 3920//441 4038//441
f 4038//442 3920//442 3919//442
f 4038//443 3919//443 4039//443
f 4039//444 3919//444 3918//444
f 4039//445 3918//445 4040//445
f 4040//446 3918//446 3917//446
f 4040//447 3917//447 4041//447
f 4041//448 3917//448 3916//448
f 4041//906 3916//906 4042//906
f 4042//450 3916//450 3915//450
f 4042//451 3915//451 4043//451
f 4043//452 3915//452 3914//452
f 4043//880 3914//880 4044//880
f 4044//454 3914//454 3913//454
f 4044//455 3913//455 4045//455
f 4045//456 3913//457 3912//458
f 4045//456 3912//458 4046//881
f 4046//460 3912//461 3911//882
f 4046//460 3911//882 4047//883
f 4047//884 3911//465 4048//466
f 4047//467 4048//467 4049//467
f 4049//468 4048//468 4050//469
f 4049//470 4050//470 4051//470
f 4051//471 4050//471 4052//471
f 4051//472 4052//472 4053//472
f 4053//475 4052//475 4054//475
f 4053//477 4054//477 4000//477
f 4000//479 4054//479 4002//479
f 3911//465 3910//480 4048//466
f 4048//885 3910//482 4055//483
f 4048//468 4055//469 4050//469
f 4050//484 4055//484 4056//484
f 4050//471 4056//471 4052//471
f 4052//486 4056//486 4057//486
f 4052//475 4057//475 4054//475
f 4054//487 4057//487 4058//487
f 4054//479 4058//479 4002//479
f 4002//488 4058//488 4004//488
f 3910//482 3909//489 4055//483
f 4055//490 3909//490 4059//490
f 4055//484 4059//484 4056//484
f 4056//491 4059//491 4060//491
f 4056//486 4060//486 4057//486
f 4057//492 4060//492 4061//492
f 4057//487 4061//487 4058//487
f 4058//493 4061//493 4062//493
f 4058//488 4062//488 4004//488
f 4004//494 4062//494 4006//494
f 3909//495 3908//495 4059//495
f 4059//496 3908//496 4063//496
f 4059//491 4063//491 4060//491
f 4060//497 4063//497 4064//497
f 4060//492 4064//492 4061//492
f 4061//498 4064//498 4065//498
f 4061//493 4065//493 4062//493
f 4062//499 4065//499 4066//499
f 4062//494 4066//494 4006//494
f 4006//888 4066//888 4008//888
f 3908//503 3907//503 4063//503
f 4063//504 3907//504 4067//504
f 4063//497 4067//497 4064//497
f 4064//505 4067//505 4068//506
f 4064//498 4068//498 4065//498
f 4065//908 4068//908 4069//509
f 4065//499 4069//499 4066//499
f 4066//510 4069//510 4070//510
f 4066//888 4070//888 4008//888
f 4008//512 4070//512 4010//512
f 3907//513 3906//513 4067//513
f 4067//514 3906//514 4071//514
f 4067//505 4071//506 4068//506
f 4068//809 4071//809 4072//809
f 4068//908 4072//509 4069//509
f 4069//517 4072//517 4073//517
f 4069//510 4073//510 4070//510
f 4070//519 4073//519 4074//519
f 4070//512 4074//512 4010//512
f 4010//890 4074//890 4012//890
f 3906//522 3905//522 4071//522
f 4071//523 3905//523 4075//523
f 4071//809 4075//809 4072//809
f 4072//525 4075//525 4076//525
f 4072//517 4076//517 4073//517
f 4073//526 4076//526 4077//526
f 4073//519 4077//519 4074//519
f 4074//527 4077//527 4078//527
f 4074//890 4078//890 4012//890
f 4012//528 4078//528 4014//528
f 3905//529 3904//529 4075//529
f 4075//530 3904//530 4079//530
f 4075//525 4079//525 4076//525
f 4076//531 4079//531 4080//531
f 4076//526 4080//526 4077//526
f 4077//532 4080//532 4081//532
f 4077//527 4081//527 4078//527
f 4078//533 4081//533 4082//534
f 4078//528 4082//528 4014//528
f 4014//535 4082//535 4016//535
f 3904//536 3903//536 4079//536
f 4079//537 3903//537 4083//537
f 4079//531 4083//531 4080//531
f 4080//539 4083//539 4084//539
f 4080//532 4084//532 4081//532
f 4081//540 4084//540 4085//779
f 4081//533 4085//534 4082//534
f 4082//543 4085//543 4086//543
f 4082//535 4086//535 4016//535
f 4016//545 4086//545 4018//545
f 3903//546 3902//546 4083//546
f 4083//547 3902//547 4087//547
f 4083//539 4087//539 4084//539
f 4084//891 4087//891 4088//891
f 4084//540 4088//779 4085//779
f 4085//915 4088//550 4089//550
f 4085//543 4089//543 4086//543
f 4086//551 4089//551 4090//551
f 4086//545 4090//545 4018//545
f 4018//554 4090//554 4020//553
f 3902//555 3901//555 4087//555
f 4087//556 3901//556 4091//556
f 4087//891 4091//891 4088//891
f 4088//557 4091//557 4092//557
f 4088//550 4092//550 4089//550
f 4089//559 4092//559 4093//559
f 4089//551 4093//551 4090//551
f 4090//561 4093//561 4094//561
f 4090//554 4094//553 4020//553
f 4020//563 4094//563 4022//563
f 3901//564 3900//564 4091//564
f 4091//909 3900//909 4095//909
f 4091//557 4095//557 4092//557
f 4092//566 4095//566 4096//566
f 4092//559 4096//559 4093//559
f 4093//567 4096//567 4097//567
f 4093//561 4097//561 4094//561
f 4094//783 4097//783 4098//568
f 4094//563 4098//563 4022//563
f 4022//569 4098//569 3956//569
f 3900//570 3899//570 4095//570
f 4095//571 3899//571 4099//571
f 4095//566 4099//566 4096//566
f 4096//572 4099//572 4100//572
f 4096//567 4100//567 4097//567
f 4097//574 4100//574 4101//573
f 4097//783 4101//568 4098//568
f 4098//575 4101//575 4031//575
f 4098//569 4031//569 3956//569
f 3899//576 3898//576 4099//576
f 4099//784 3898//784 4102//784
f 4099//572 4102//572 4100//572
f 4100//578 4102//578 4103//578
f 4100//574 4103//573 4101//573
f 4101//579 4103//579 4029//579
f 4101//575 4029//575 4031//575
f 3898//580 3897//580 4102//580
f 4102//581 3897//581 4104//581
f 4102//578 4104//578 4103//578
f 4103//582 4104//582 4027//893
f 4103//579 4027//579 4029//579
f 3897//583 3896//584 4104//585
f 4104//585 3896//584 4025//894
f 4104//582 4025//893 4027//893
f 3896//587 3895//877 4025//422
f 3992//588 4105//588 3994//588
f 3994//588 4105//588 4106//588
f 3994//589 4106//589 3996//589
f 3996//589 4106//589 4107//589
f 3996//590 4107//590 3998//590
f 3998//590 4107//590 4053//590
f 3998//477 4053//477 4000//477
f 4105//591 4108//591 4106//591
f 4106//591 4108//591 4109//591
f 4106//592 4109//592 4107//592
f 4107//592 4109//592 4051//592
f 4107//472 4051//472 4053//472
f 4105//593 3992//593 4110//593
f 4110//593 3992//593 3990//593
f 4110//594 3990//594 4111//594
f 4111//594 3990//594 3988//594
f 4111//595 3988//595 4112//595
f 4112//595 3988//595 3986//595
f 4112//785 3986//785 4113//596
f 4113//596 3986//785 3984//596
f 4113//597 3984//597 4114//597
f 4114//597 3984//597 3982//597
f 4114//599 3982//599 4115//599
f 4115//599 3982//599 3980//599
f 4115//601 3980//601 4116//601
f 4116//601 3980//601 3978//601
f 4116//602 3978//602 4117//602
f 4117//602 3978//602 3976//602
f 4117//605 3976//605 4118//605
f 4118//605 3976//605 3974//605
f 4118//788 3974//788 4119//788
f 4119//788 3974//788 3972//788
f 4119//608 3972//608 4120//608
f 4120//608 3972//608 3970//608
f 4120//609 3970//609 4121//609
f 4121//609 3970//609 3968//609
f 4121//610 3968//610 4122//610
f 4122//610 3968//610 3966//610
f 4122//614 3966//614 4123//614
f 4123//614 3966//614 3964//614
f 4123//615 3964//615 4124//615
f 4124//615 3964//615 3962//615
f 4124//616 3962//616 4125//616
f 4125//616 3962//616 3960//616
f 4125//617 3960//617 4030//617
f 4030//617 3960//617 3958//617
f 4108//618 4126//618 4109//618
f 4109//618 4126//618 4049//618
f 4109//470 4049//470 4051//470
f 4108//619 4105//619 4127//619
f 4127//619 4105//619 4110//619
f 4127//620 4110//620 4128//620
f 4128//620 4110//620 4111//620
f 4128//621 4111//621 4129//622
f 4129//622 4111//621 4112//622
f 4129//623 4112//623 4130//623
f 4130//623 4112//623 4113//623
f 4130//625 4113//625 4131//625
f 4131//625 4113//625 4114//625
f 4131//626 4114//626 4132//626
f 4132//626 4114//626 4115//626
f 4132//629 4115//628 4133//628
f 4133//628 4115//628 4116//628
f 4133//630 4116//630 4134//630
f 4134//630 4116//630 4117//630
f 4134//631 4117//631 4135//631
f 4135//631 4117//631 4118//631
f 4135//633 4118//633 4136//633
f 4136//633 4118//633 4119//633
f 4136//634 4119//634 4137//634
f 4137//634 4119//634 4120//634
f 4137//635 4120//635 4138//635
f 4138//635 4120//635 4121//635
f 4138//636 4121//636 4139//636
f 4139//636 4121//636 4122//636
f 4139//639 4122//639 4140//639
f 4140//639 4122//639 4123//639
f 4140//640 4123//640 4141//640
f 4141//640 4123//640 4124//640
f 4141//641 4124//641 4142//641
f 4142//641 4124//641 4125//641
f 4142//642 4125//642 4028//642
f 4028//642 4125//642 4030//642
f 4046//643 4047//643 4126//643
f 4126//467 4047//467 4049//467
f 4126//644 4108//644 4143//644
f 4143//644 4108//644 4127//644
f 4143//645 4127//645 4144//645
f 4144//645 4127//645 4128//645
f 4144//646 4128//646 4145//795
f 4145//795 4128//646 4129//795
f 4145//647 4129//647 4146//647
f 4146//647 4129//647 4130//647
f 4146//648 4130//648 4147//648
f 4147//648 4130//648 4131//648
f 4147//649 4131//649 4148//649
f 4148//649 4131//649 4132//649
f 4148//812 4132//812 4149//812
f 4149//812 4132//812 4133//812
f 4149//651 4133//651 4150//651
f 4150//651 4133//651 4134//651
f 4150//652 4134//652 4151//652
f 4151//652 4134//652 4135//652
f 4151//653 4135//653 4152//653
f 4152//653 4135//653 4136//653
f 4152//654 4136//654 4153//654
f 4153//654 4136//654 4137//814
f 4153//657 4137//657 4154//657
f 4154//657 4137//657 4138//657
f 4154//658 4138//658 4155//658
f 4155//658 4138//658 4139//658
f 4155//659 4139//659 4156//659
f 4156//659 4139//659 4140//659
f 4156//661 4140//661 4157//661
f 4157//661 4140//661 4141//661
f 4157//662 4141//662 4158//662
f 4158//662 4141//662 4142//662
f 4158//663 4142//663 4026//663
f 4026//663 4142//663 4028//663
f 4158//664 4026//664 4024//664
f 4158//664 4024//664 4023//664
f 4045//665 4046//898 4143//898
f 4143//643 4046//643 4126//643
f 4045//665 4143//898 4144//665
f 4044//666 4045//666 4144//666
f 4044//666 4144//666 4145//666
f 4043//667 4044//667 4145//667
f 4043//667 4145//667 4146//667
f 4042//668 4043//668 4146//668
f 4042//668 4146//668 4147//668
f 4041//910 4042//669 4147//669
f 4041//910 4147//669 4148//910
f 4040//815 4041//815 4148//815
f 4040//815 4148//815 4149//815
f 4039//801 4040//801 4149//801
f 4039//801 4149//801 4150//801
f 4038//675 4039//675 4150//675
f 4038//675 4150//675 4151//675
f 4037//911 4038//676 4151//676
f 4037//911 4151//676 4152//911
f 4036//816 4037//816 4152//816
f 4036//816 4152//816 4153//816
f 4035//678 4036//679 4153//679
f 4035//678 4153//679 4154//678
f 4034//680 4035//680 4154//680
f 4034//680 4154//680 4155//680
f 4033//681 4034//681 4155//681
f 4033//681 4155//681 4156//681
f 4032//683 4033//683 4156//683
f 4032//683 4156//683 4157//683
f 4023//684 4032//685 4157//685
f 4023//684 4157//685 4158//684
f 4159//686 3955//686 4160//686
f 4160//686 3955//686 3957//686
f 4160//687 3957//687 4161//687
f 4161//687 3957//687 3959//687
f 4161//688 3959//688 4162//688
f 4162//688 3959//688 3961//688
f 4162//689 3961//689 4163//689
f 4163//689 3961//689 3963//689
f 4163//690 3963//690 4164//690
f 4164//690 3963//690 3965//690
f 4164//691 3965//691 4165//691
f 4165//691 3965//691 3967//691
f 4165//692 3967//692 4166//692
f 4166//692 3967//692 3969//692
f 4166//693 3969//693 4167//693
f 4167//693 3969//693 3971//693
f 4167//694 3971//694 4168//694
f 4168//694 3971//694 3973//694
f 4168//695 3973//695 4169//695
f 4169//695 3973//695 3975//695
f 4169//696 3975//696 4170//696
f 4170//696 3975//696 3977//696
f 4170//697 3977//697 4171//697
f 4171//697 3977//697 3979//697
f 4171//698 3979//698 4172//698
f 4172//698 3979//698 3981//698
f 4172//699 3981//699 4173//699
f 4173//699 3981//699 3983//699
f 4173//700 3983//700 4174//700
f 4174//700 3983//700 3985//700
f 4174//701 3985//701 4175//701
f 4175//701 3985//701 3987//701
f 4175//702 3987//702 4176//702
f 4176//702 3987//702 3989//702
f 4176//703 3989//703 4177//703
f 4177//703 3989//703 3991//703
f 4177//704 3991//704 4178//704
f 4178//704 3991//704 3993//704
f 4178//705 3993//705 4179//705
f 4179//705 3993//705 3995//705
f 4179//706 3995//706 4180//706
f 4180//706 3995//706 3997//706
f 4180//707 3997//707 4181//707
f 4181//707 3997//707 3999//707
f 4181//708 3999//708 4182//708
f 4182//708 3999//708 4001//708
f 4182//709 4001//709 4183//709
f 4183//709 4001//709 4003//709
f 4183//710 4003//710 4184//710
f 4184//710 4003//710 4005//710
f 4184//711 4005//711 4185//711
f 4185//711 4005//711 4007//711
f 4185//712 4007//712 4186//712
f 4186//712 4007//712 4009//712
f 4186//713 4009//713 4187//713
f 4187//713 4009//713 4011//713
f 4187//714 4011//714 4188//714
f 4188//714 4011//714 4013//714
f 4188//715 4013//715 4189//715
f 4189//715 4013//715 4015//715
f 4189//716 4015//716 4190//716
f 4190//716 4015//716 4017//716
f 4190//717 4017//717 4191//717
f 4191//717 4017//717 4019//717
f 4191//718 4019//718 4192//718
f 4192//718 4019//718 4021//718
f 4192//719 4021//719 4159//719
f 4159//719 4021//719 3955//719
f 4193//720 4194//720 4195//720
f 4195//2 4194//2 4196//2
f 4195//3 4196//3 4197//3
f 4197//4 4196//4 4198//4
f 4197//4 4198//4 4199//4
f 4199//6 4198//5 4200//5
f 4199//6 4200//5 4201//6
f 4201//7 4200//7 4202//7
f 4201//7 4202//7 4203//7
f 4203//8 4202//8 4204//8
f 4203//8 4204//8 4205//8
f 4205//9 4204//10 4206//11
f 4205//9 4206//11 4207//12
f 4194//13 4193//13 4208//13
f 4208//14 4193//14 4209//14
f 4208//15 4209//15 4210//15
f 4210//16 4209//16 4211//16
f 4210//17 4211//17 4212//17
f 4212//18 4211//18 4213//18
f 4212//912 4213//912 4214//912
f 4214//20 4213//20 4215//20
f 4214//722 4215//722 4216//722
f 4216//22 4215//22 4217//22
f 4216//23 4217//23 4218//23
f 4218//24 4217//24 4219//24
f 4218//916 4219//916 4220//916
f 4220//26 4219//26 4221//26
f 4220//27 4221//27 4222//27
f 4222//29 4221//29 4223//29
f 4222//31 4223//31 4224//31
f 4224//32 4223//32 4225//32
f 4224//33 4225//33 4226//33
f 4226//36 4225//36 4227//36
f 4226//38 4227//844 4228//844
f 4228//39 4227//39 4229//39
f 4228//41 4229//41 4230//41
f 4230//724 4229//724 4231//724
f 4231//43 4229//43 4232//43
f 4231//44 4232//44 4233//44
f 4233//820 4232//820 4234//820
f 4233//845 4234//846 4235//48
f 4235//48 4234//846 4236//49
f 4235//51 4236//51 4237//51
f 4237//899 4236//52 4238//52
f 4237//899 4238//52 4239//899
f 4239//53 4238//53 4240//53
f 4239//53 4240//53 4241//53
f 4241//54 4240//54 4242//54
f 4241//54 4242//54 4243//54
f 4243//55 4242//55 4244//55
f 4243//55 4244//55 4245//55
f 4245//56 4244//56 4246//56
f 4245//57 4246//57 4247//57
f 4247//58 4246//58 4248//58
f 4247//59 4248//59 4249//59
f 4249//725 4248//725 4250//725
f 4249//61 4250//61 4251//61
f 4251//62 4250//62 4252//62
f 4251//847 4252//847 4253//847
f 4253//64 4252//64 4254//64
f 4253//65 4254//65 4255//65
f 4255//848 4254//848 4256//848
f 4255//67 4256//67 4257//67
f 4257//68 4256//68 4258//68
f 4257//69 4258//69 4259//69
f 4259//70 4258//70 4260//70
f 4259//71 4260//71 4261//71
f 4261//850 4260//850 4262//850
f 4261//74 4262//74 4263//74
f 4263//75 4262//75 4264//76
f 4263//77 4264//77 4265//77
f 4265//79 4264//79 4266//79
f 4265//729 4266//729 4267//729
f 4267//81 4266//81 4268//81
f 4267//82 4268//82 4269//82
f 4269//83 4268//83 4270//83
f 4269//84 4270//84 4271//84
f 4271//85 4270//85 4272//85
f 4272//86 4270//86 4273//86
f 4272//87 4273//88 4207//89
f 4207//89 4273//88 4205//90
f 4219//91 4274//91 4221//91
f 4221//92 4274//92 4275//92
f 4221//29 4275//29 4223//29
f 4223//825 4275//825 4276//825
f 4223//32 4276//32 4225//32
f 4225//95 4276//95 4277//95
f 4225//36 4277//36 4227//36
f 4227//96 4277//96 4278//96
f 4227//39 4278//39 4229//39
f 4229//97 4278//97 4232//97
f 4274//917 4279//917 4275//917
f 4275//853 4279//853 4280//853
f 4275//825 4280//825 4276//825
f 4276//100 4280//100 4281//100
f 4276//95 4281//95 4277//95
f 4277//102 4281//102 4282//102
f 4277//96 4282//96 4278//96
f 4278//103 4282//103 4283//103
f 4278//97 4283//97 4232//97
f 4232//855 4283//855 4234//855
f 4279//105 4284//105 4280//105
f 4280//735 4284//735 4285//735
f 4280//100 4285//100 4281//100
f 4281//107 4285//107 4286//107
f 4281//102 4286//102 4282//102
f 4282//110 4286//110 4287//110
f 4282//103 4287//103 4283//103
f 4283//111 4287//111 4288//111
f 4283//855 4288//855 4234//855
f 4234//112 4288//112 4236//112
f 4284//113 4289//113 4285//113
f 4285//856 4289//856 4290//856
f 4285//107 4290//107 4286//107
f 4286//116 4290//116 4291//122
f 4286//110 4291//110 4287//110
f 4287//117 4291//117 4292//117
f 4287//111 4292//111 4288//111
f 4288//119 4292//119 4238//119
f 4288//112 4238//112 4236//112
f 4289//120 4293//120 4290//120
f 4290//121 4293//121 4294//121
f 4290//116 4294//122 4291//122
f 4291//123 4294//123 4295//736
f 4291//117 4295//117 4292//117
f 4292//125 4295//125 4240//125
f 4292//119 4240//119 4238//119
f 4293//126 4296//126 4294//126
f 4294//127 4296//127 4297//127
f 4294//123 4297//736 4295//736
f 4295//128 4297//128 4242//128
f 4295//125 4242//125 4240//125
f 4296//129 4298//129 4297//129
f 4297//130 4298//130 4244//130
f 4297//128 4244//128 4242//128
f 4298//56 4246//56 4244//56
f 4260//131 4299//131 4262//131
f 4262//132 4299//132 4300//132
f 4262//75 4300//76 4264//76
f 4264//135 4300//135 4301//135
f 4264//79 4301//79 4266//79
f 4266//137 4301//137 4302//740
f 4266//81 4302//81 4268//81
f 4268//138 4302//138 4303//138
f 4268//83 4303//83 4270//83
f 4270//140 4303//140 4273//140
f 4299//141 4304//141 4300//141
f 4300//741 4304//741 4305//741
f 4300//135 4305//135 4301//135
f 4301//144 4305//144 4306//144
f 4301//137 4306//740 4302//740
f 4302//145 4306//145 4307//145
f 4302//138 4307//138 4303//138
f 4303//146 4307//146 4308//146
f 4303//140 4308//140 4273//140
f 4273//149 4308//149 4205//148
f 4304//743 4309//743 4305//743
f 4305//831 4309//831 4310//831
f 4305//144 4310//144 4306//144
f 4306//153 4310//153 4311//153
f 4306//145 4311//145 4307//145
f 4307//155 4311//155 4312//155
f 4307//146 4312//146 4308//146
f 4308//156 4312//156 4203//156
f 4308//149 4203//148 4205//148
f 4309//157 4313//157 4310//157
f 4310//158 4313//158 4314//158
f 4310//153 4314//153 4311//153
f 4311//159 4314//159 4315//159
f 4311//155 4315//155 4312//155
f 4312//160 4315//160 4201//160
f 4312//156 4201//156 4203//156
f 4313//161 4316//161 4314//161
f 4314//162 4316//162 4317//162
f 4314//159 4317//159 4315//159
f 4315//163 4317//163 4199//163
f 4315//160 4199//160 4201//160
f 4316//164 4318//164 4317//164
f 4317//165 4318//165 4197//165
f 4317//163 4197//163 4199//163
f 4318//745 4195//745 4197//745
f 4271//167 4319//167 4269//167
f 4269//168 4319//168 4320//168
f 4269//82 4320//82 4267//82
f 4267//169 4320//169 4321//169
f 4267//729 4321//729 4265//729
f 4265//172 4321//172 4322//172
f 4265//77 4322//77 4263//77
f 4263//173 4322//173 4323//174
f 4263//74 4323//74 4261//74
f 4261//176 4323//176 4259//176
f 4319//858 4324//858 4320//858
f 4320//178 4324//178 4325//178
f 4320//169 4325//169 4321//169
f 4321//179 4325//179 4326//179
f 4321//172 4326//172 4322//172
f 4322//181 4326//181 4327//180
f 4322//173 4327//174 4323//174
f 4323//183 4327//183 4328//183
f 4323//176 4328//176 4259//176
f 4259//186 4328//186 4257//186
f 4324//187 4329//187 4325//187
f 4325//188 4329//188 4330//188
f 4325//179 4330//179 4326//179
f 4326//189 4330//189 4331//189
f 4326//181 4331//180 4327//180
f 4327//191 4331//191 4332//191
f 4327//183 4332//183 4328//183
f 4328//192 4332//192 4333//192
f 4328//186 4333//186 4257//186
f 4257//195 4333//195 4255//194
f 4329//196 4334//196 4330//196
f 4330//197 4334//197 4335//197
f 4330//189 4335//189 4331//189
f 4331//206 4335//206 4336//206
f 4331//191 4336//191 4332//191
f 4332//200 4336//200 4337//200
f 4332//192 4337//192 4333//192
f 4333//201 4337//201 4338//752
f 4333//195 4338//194 4255//194
f 4255//203 4338//203 4253//203
f 4334//204 4339//204 4335//204
f 4335//205 4339//205 4340//205
f 4335//206 4340//206 4336//206
f 4336//207 4340//207 4341//207
f 4336//200 4341//200 4337//200
f 4337//210 4341//210 4342//210
f 4337//201 4342//752 4338//752
f 4338//211 4342//211 4343//211
f 4338//203 4343//203 4253//203
f 4253//212 4343//212 4251//213
f 4339//214 4344//214 4340//214
f 4340//215 4344//215 4345//215
f 4340//207 4345//207 4341//207
f 4341//216 4345//216 4346//216
f 4341//210 4346//210 4342//210
f 4342//217 4346//217 4347//217
f 4342//211 4347//211 4343//211
f 4343//220 4347//220 4348//220
f 4343//212 4348//213 4251//213
f 4251//221 4348//221 4249//756
f 4344//222 4349//222 4345//222
f 4345//223 4349//223 4350//223
f 4345//216 4350//216 4346//216
f 4346//225 4350//225 4351//224
f 4346//217 4351//217 4347//217
f 4347//227 4351//227 4352//227
f 4347//220 4352//220 4348//220
f 4348//228 4352//228 4353//228
f 4348//221 4353//756 4249//756
f 4249//229 4353//229 4247//230
f 4349//231 4354//231 4350//231
f 4350//232 4354//232 4355//232
f 4350//225 4355//224 4351//224
f 4351//234 4355//234 4356//234
f 4351//227 4356//227 4352//227
f 4352//235 4356//235 4357//235
f 4352//228 4357//228 4353//228
f 4353//236 4357//236 4358//236
f 4353//229 4358//230 4247//230
f 4247//237 4358//237 4245//237
f 4354//238 4359//238 4355//238
f 4355//239 4359//239 4360//239
f 4355//234 4360//234 4356//234
f 4356//240 4360//240 4361//240
f 4356//235 4361//235 4357//235
f 4357//241 4361//241 4362//241
f 4357//236 4362//236 4358//236
f 4358//243 4362//243 4243//859
f 4358//237 4243//237 4245//237
f 4359//758 4363//758 4360//758
f 4360//246 4363//246 4364//246
f 4360//240 4364//240 4361//240
f 4361//247 4364//247 4365//860
f 4361//241 4365//241 4362//241
f 4362//248 4365//248 4241//249
f 4362//243 4241//859 4243//859
f 4363//250 4366//250 4364//250
f 4364//861 4366//861 4367//861
f 4364//247 4367//860 4365//860
f 4365//252 4367//252 4239//253
f 4365//248 4239//249 4241//249
f 4366//862 4368//255 4367//863
f 4367//863 4368//255 4237//257
f 4367//252 4237//253 4239//253
f 4368//51 4235//51 4237//51
f 4230//258 4369//258 4228//258
f 4228//259 4369//259 4370//259
f 4228//844 4370//38 4226//38
f 4226//260 4370//260 4371//260
f 4226//33 4371//33 4224//33
f 4224//261 4371//261 4372//261
f 4224//31 4372//31 4222//31
f 4222//262 4372//262 4373//262
f 4222//27 4373//27 4220//27
f 4220//263 4373//263 4218//263
f 4369//265 4374//265 4370//265
f 4370//266 4374//266 4375//266
f 4370//260 4375//260 4371//260
f 4371//267 4375//267 4376//267
f 4371//261 4376//261 4372//261
f 4372//269 4376//269 4377//269
f 4372//262 4377//262 4373//262
f 4373//270 4377//270 4378//270
f 4373//263 4378//263 4218//263
f 4218//864 4378//864 4216//864
f 4374//273 4379//273 4375//273
f 4375//274 4379//274 4380//274
f 4375//267 4380//267 4376//267
f 4376//275 4380//276 4381//276
f 4376//269 4381//269 4377//269
f 4377//277 4381//277 4382//277
f 4377//270 4382//270 4378//270
f 4378//279 4382//279 4383//279
f 4378//864 4383//864 4216//864
f 4216//280 4383//280 4214//280
f 4379//282 4384//282 4380//282
f 4380//283 4384//283 4385//283
f 4380//276 4385//276 4381//276
f 4381//835 4385//284 4386//284
f 4381//277 4386//277 4382//277
f 4382//865 4386//865 4387//865
f 4382//279 4387//279 4383//279
f 4383//287 4387//866 4388//866
f 4383//280 4388//280 4214//280
f 4214//288 4388//288 4212//288
f 4384//290 4389//290 4385//290
f 4385//291 4389//291 4390//291
f 4385//284 4390//284 4386//284
f 4386//292 4390//292 4391//292
f 4386//865 4391//285 4387//865
f 4387//294 4391//760 4392//293
f 4387//866 4392//866 4388//866
f 4388//295 4392//295 4393//295
f 4388//288 4393//288 4212//288
f 4212//296 4393//296 4210//296
f 4389//297 4394//297 4390//297
f 4390//298 4394//298 4395//298
f 4390//292 4395//292 4391//292
f 4391//299 4395//299 4396//299
f 4391//760 4396//293 4392//293
f 4392//300 4396//300 4397//300
f 4392//295 4397//295 4393//295
f 4393//301 4397//301 4398//301
f 4393//296 4398//296 4210//296
f 4210//302 4398//302 4208//302
f 4394//303 4399//303 4395//303
f 4395//304 4399//304 4400//304
f 4395//299 4400//299 4396//299
f 4396//305 4400//305 4401//305
f 4396//300 4401//300 4397//300
f 4397//307 4401//307 4402//307
f 4397//301 4402//301 4398//301
f 4398//762 4402//762 4403//762
f 4398//302 4403//302 4208//302
f 4208//309 4403//309 4194//309
f 4399//836 4404//836 4400//836
f 4400//311 4404//311 4405//311
f 4400//305 4405//305 4401//305
f 4401//312 4405//312 4406//312
f 4401//307 4406//307 4402//307
f 4402//314 4406//314 4407//314
f 4402//762 4407//762 4403//762
f 4403//315 4407//315 4408//315
f 4403//309 4408//309 4194//309
f 4194//316 4408//316 4196//316
f 4404//317 4409//317 4405//317
f 4405//318 4409//318 4410//318
f 4405//312 4410//312 4406//312
f 4406//319 4410//319 4411//319
f 4406//314 4411//314 4407//314
f 4407//320 4411//320 4412//320
f 4407//315 4412//315 4408//315
f 4408//321 4412//321 4198//321
f 4408//316 4198//316 4196//316
f 4409//323 4413//323 4410//323
f 4410//324 4413//324 4414//324
f 4410//319 4414//319 4411//319
f 4411//325 4414//325 4415//326
f 4411//320 4415//320 4412//320
f 4412//327 4415//327 4200//327
f 4412//321 4200//321 4198//321
f 4413//328 4416//329 4414//330
f 4414//330 4416//329 4417//331
f 4414//325 4417//326 4415//326
f 4415//332 4417//332 4202//332
f 4415//327 4202//327 4200//327
f 4416//333 4206//334 4417//918
f 4417//918 4206//334 4204//336
f 4417//332 4204//332 4202//332
f 4418//337 4419//337 4206//337
f 4206//337 4419//337 4420//337
f 4206//337 4420//337 4207//337
f 4207//337 4420//337 4421//337
f 4207//337 4421//337 4272//337
f 4272//337 4421//337 4422//337
f 4272//337 4422//337 4271//337
f 4271//337 4422//337 4423//337
f 4271//337 4423//337 4319//337
f 4319//337 4423//337 4424//337
f 4319//337 4424//337 4324//337
f 4324//337 4424//337 4425//337
f 4324//337 4425//337 4329//337
f 4329//337 4425//337 4426//337
f 4329//337 4426//337 4334//337
f 4334//337 4426//337 4427//337
f 4334//337 4427//337 4339//337
f 4339//337 4427//337 4428//337
f 4339//337 4428//337 4344//337
f 4344//337 4428//337 4429//337
f 4344//337 4429//337 4349//337
f 4349//337 4429//337 4430//337
f 4349//337 4430//337 4354//337
f 4354//337 4430//337 4431//337
f 4354//337 4431//337 4359//337
f 4359//337 4431//337 4432//337
f 4359//337 4432//337 4363//337
f 4363//337 4432//337 4433//337
f 4363//337 4433//337 4366//337
f 4366//337 4433//337 4434//337
f 4366//337 4434//337 4368//337
f 4368//337 4434//337 4435//337
f 4368//337 4435//337 4235//337
f 4235//337 4435//337 4436//337
f 4235//337 4436//337 4233//337
f 4233//337 4436//337 4437//337
f 4233//337 4437//337 4231//337
f 4231//337 4437//337 4438//337
f 4231//337 4438//337 4230//337
f 4230//337 4438//337 4439//337
f 4230//337 4439//337 4369//337
f 4369//337 4439//337 4440//337
f 4369//337 4440//337 4374//337
f 4374//337 4440//337 4441//337
f 4374//337 4441//337 4379//337
f 4379//337 4441//337 4442//337
f 4379//337 4442//337 4384//337
f 4384//337 4442//337 4443//337
f 4384//337 4443//337 4389//337
f 4389//337 4443//337 4444//337
f 4389//337 4444//337 4394//337
f 4394//337 4444//337 4445//337
f 4394//337 4445//337 4399//337
f 4399//337 4445//337 4446//337
f 4399//337 4446//337 4404//337
f 4404//337 4446//337 4447//337
f 4404//337 4447//337 4409//337
f 4409//337 4447//337 4448//337
f 4409//337 4448//337 4413//337
f 4413//337 4448//337 4449//337
f 4413//337 4449//337 4416//337
f 4416//337 4449//337 4418//337
f 4416//337 4418//337 4206//337
f 4450//338 4193//338 4451//338
f 4451//338 4193//338 4195//338
f 4451//339 4195//339 4452//339
f 4452//339 4195//339 4318//339
f 4452//340 4318//340 4453//340
f 4453//340 4318//340 4316//340
f 4453//341 4316//341 4454//341
f 4454//341 4316//341 4313//341
f 4454//342 4313//342 4455//342
f 4455//342 4313//342 4309//342
f 4455//343 4309//343 4456//343
f 4456//343 4309//343 4304//343
f 4456//344 4304//344 4457//344
f 4457//344 4304//344 4299//344
f 4457//345 4299//345 4458//345
f 4458//345 4299//345 4260//345
f 4458//346 4260//346 4459//346
f 4459//346 4260//346 4258//346
f 4459//347 4258//347 4460//347
f 4460//347 4258//347 4256//347
f 4460//348 4256//348 4461//348
f 4461//348 4256//348 4254//348
f 4461//349 4254//349 4462//349
f 4462//349 4254//349 4252//349
f 4462//350 4252//350 4463//350
f 4463//350 4252//350 4250//350
f 4463//351 4250//351 4464//351
f 4464//351 4250//351 4248//351
f 4464//352 4248//352 4465//352
f 4465//352 4248//352 4246//352
f 4465//353 4246//353 4466//353
f 4466//353 4246//353 4298//353
f 4466//354 4298//354 4467//354
f 4467//354 4298//354 4296//354
f 4467//355 4296//355 4468//355
f 4468//355 4296//355 4293//355
f 4468//356 4293//356 4469//356
f 4469//356 4293//356 4289//356
f 4469//357 4289//357 4470//357
f 4470//357 4289//357 4284//357
f 4470//358 4284//358 4471//358
f 4471//358 4284//358 4279//358
f 4471//359 4279//359 4472//359
f 4472//359 4279//359 4274//359
f 4472//360 4274//360 4473//360
f 4473//360 4274//360 4219//360
f 4473//361 4219//361 4474//361
f 4474//361 4219//361 4217//361
f 4474//362 4217//362 4475//362
f 4475//362 4217//362 4215//362
f 4475//363 4215//363 4476//363
f 4476//363 4215//363 4213//363
f 4476//364 4213//364 4477//364
f 4477//364 4213//364 4211//364
f 4477//365 4211//365 4478//365
f 4478//365 4211//365 4209//365
f 4478//366 4209//366 4450//366
f 4450//366 4209//366 4193//366
f 4479//367 4480//367 4481//367
f 4481//367 4480//367 4482//367
f 4481//368 4482//368 4483//368
f 4483//368 4482//368 4484//368
f 4483//369 4484//369 4485//369
f 4485//369 4484//369 4486//369
f 4485//371 4486//371 4487//371
f 4487//371 4486//371 4488//372
f 4487//373 4488//373 4489//374
f 4489//374 4488//373 4490//374
f 4489//375 4490//375 4491//375
f 4491//375 4490//375 4492//375
f 4491//904 4492//376 4493//376
f 4493//376 4492//376 4494//376
f 4493//870 4494//870 4495//379
f 4495//379 4494//870 4496//379
f 4495//381 4496//381 4497//381
f 4497//381 4496//381 4498//381
f 4497//383 4498//383 4499//383
f 4499//383 4498//383 4500//383
f 4499//385 4500//385 4501//385
f 4501//385 4500//385 4502//385
f 4501//386 4502//386 4503//805
f 4503//805 4502//386 4504//805
f 4503//388 4504//388 4505//388
f 4505//388 4504//388 4506//388
f 4505//389 4506//389 4507//389
f 4507//389 4506//389 4508//389
f 4507//390 4508//390 4509//765
f 4509//765 4508//390 4510//765
f 4509//391 4510//391 4511//392
f 4511//392 4510//391 4512//392
f 4511//393 4512//393 4513//393
f 4513//393 4512//393 4514//393
f 4513//394 4514//394 4515//394
f 4515//394 4514//394 4516//394
f 4515//395 4516//395 4517//395
f 4517//395 4516//395 4518//395
f 4517//396 4518//396 4519//396
f 4519//396 4518//396 4520//396
f 4519//397 4520//397 4521//398
f 4521//398 4520//397 4522//398
f 4521//399 4522//399 4523//767
f 4523//767 4522//399 4524//767
f 4523//400 4524//400 4525//400
f 4525//400 4524//400 4526//400
f 4525//905 4526//401 4527//401
f 4527//401 4526//401 4528//401
f 4527//872 4528//872 4529//404
f 4529//404 4528//872 4530//404
f 4529//405 4530//405 4531//405
f 4531//405 4530//405 4532//405
f 4531//406 4532//406 4533//406
f 4533//406 4532//406 4534//406
f 4533//407 4534//407 4535//407
f 4535//407 4534//407 4536//407
f 4535//408 4536//408 4537//874
f 4537//874 4536//408 4538//874
f 4537//410 4538//410 4539//410
f 4539//410 4538//410 4540//410
f 4539//411 4540//411 4541//411
f 4541//411 4540//411 4542//411
f 4541//413 4542//413 4543//412
f 4543//412 4542//413 4544//412
f 4543//414 4544//414 4545//414
f 4545//414 4544//414 4546//771
f 4545//415 4546//415 4479//415
f 4479//415 4546//415 4480//415
f 4418//416 4547//417 4419//875
f 4419//875 4547//417 4548//876
f 4419//877 4548//878 4549//422
f 4549//423 4548//423 4550//423
f 4549//423 4550//423 4551//423
f 4551//424 4550//424 4552//424
f 4551//424 4552//424 4553//424
f 4553//425 4552//425 4554//425
f 4553//425 4554//425 4555//425
f 4555//426 4554//426 4482//426
f 4555//426 4482//426 4480//426
f 4547//879 4418//428 4556//429
f 4556//429 4418//428 4449//430
f 4556//431 4449//431 4557//431
f 4557//432 4449//432 4448//432
f 4557//433 4448//433 4558//433
f 4558//434 4448//434 4447//434
f 4558//435 4447//435 4559//435
f 4559//436 4447//436 4446//436
f 4559//437 4446//437 4560//437
f 4560//438 4446//438 4445//438
f 4560//439 4445//439 4561//439
f 4561//440 4445//440 4444//440
f 4561//441 4444//441 4562//441
f 4562//442 4444//442 4443//442
f 4562//443 4443//443 4563//443
f 4563//444 4443//444 4442//444
f 4563//445 4442//445 4564//445
f 4564//446 4442//446 4441//446
f 4564//447 4441//447 4565//447
f 4565//448 4441//448 4440//448
f 4565//906 4440//906 4566//906
f 4566//450 4440//450 4439//450
f 4566//451 4439//451 4567//451
f 4567//452 4439//452 4438//452
f 4567//880 4438//880 4568//880
f 4568//454 4438//454 4437//454
f 4568//455 4437//455 4569//455
f 4569//456 4437//457 4436//458
f 4569//456 4436//458 4570//881
f 4570//460 4436//461 4435//882
f 4570//460 4435//882 4571//883
f 4571//884 4435//465 4572//466
f 4571//467 4572//467 4573//467
f 4573//468 4572//468 4574//469
f 4573//470 4574//470 4575//470
f 4575//471 4574//471 4576//471
f 4575//472 4576//472 4577//472
f 4577//475 4576//475 4578//475
f 4577//476 4578//477 4524//477
f 4524//479 4578//479 4526//479
f 4435//465 4434//480 4572//466
f 4572//885 4434//482 4579//483
f 4572//468 4579//469 4574//469
f 4574//484 4579//484 4580//484
f 4574//471 4580//471 4576//471
f 4576//486 4580//486 4581//486
f 4576//475 4581//475 4578//475
f 4578//487 4581//487 4582//487
f 4578//479 4582//479 4526//479
f 4526//488 4582//488 4528//488
f 4434//482 4433//489 4579//483
f 4579//490 4433//490 4583//490
f 4579//484 4583//484 4580//484
f 4580//491 4583//491 4584//491
f 4580//486 4584//486 4581//486
f 4581//492 4584//492 4585//492
f 4581//487 4585//487 4582//487
f 4582//493 4585//493 4586//493
f 4582//488 4586//488 4528//488
f 4528//494 4586//494 4530//494
f 4433//495 4432//495 4583//495
f 4583//496 4432//496 4587//496
f 4583//491 4587//491 4584//491
f 4584//497 4587//497 4588//497
f 4584//492 4588//492 4585//492
f 4585//498 4588//498 4589//498
f 4585//493 4589//493 4586//493
f 4586//500 4589//500 4590//500
f 4586//494 4590//494 4530//494
f 4530//888 4590//888 4532//888
f 4432//503 4431//503 4587//503
f 4587//504 4431//504 4591//504
f 4587//497 4591//497 4588//497
f 4588//505 4591//505 4592//506
f 4588//498 4592//498 4589//498
f 4589//908 4592//908 4593//509
f 4589//500 4593//500 4590//500
f 4590//510 4593//510 4594//510
f 4590//888 4594//888 4532//888
f 4532//512 4594//512 4534//512
f 4431//513 4430//513 4591//513
f 4591//514 4430//514 4595//514
f 4591//505 4595//506 4592//506
f 4592//809 4595//809 4596//809
f 4592//908 4596//509 4593//509
f 4593//517 4596//517 4597//517
f 4593//510 4597//510 4594//510
f 4594//519 4597//519 4598//519
f 4594//512 4598//512 4534//512
f 4534//890 4598//890 4536//890
f 4430//522 4429//522 4595//522
f 4595//523 4429//523 4599//523
f 4595//809 4599//809 4596//809
f 4596//525 4599//525 4600//525
f 4596//517 4600//517 4597//517
f 4597//526 4600//526 4601//526
f 4597//519 4601//519 4598//519
f 4598//527 4601//527 4602//527
f 4598//890 4602//890 4536//890
f 4536//528 4602//528 4538//528
f 4429//529 4428//529 4599//529
f 4599//530 4428//530 4603//530
f 4599//525 4603//525 4600//525
f 4600//531 4603//531 4604//531
f 4600//526 4604//526 4601//526
f 4601//532 4604//532 4605//532
f 4601//527 4605//527 4602//527
f 4602//534 4605//534 4606//534
f 4602//528 4606//528 4538//528
f 4538//535 4606//535 4540//535
f 4428//536 4427//536 4603//536
f 4603//537 4427//537 4607//537
f 4603//531 4607//531 4604//531
f 4604//539 4607//539 4608//539
f 4604//532 4608//532 4605//532
f 4605//779 4608//779 4609//779
f 4605//534 4609//534 4606//534
f 4606//543 4609//543 4610//543
f 4606//535 4610//535 4540//535
f 4540//545 4610//545 4542//545
f 4427//546 4426//546 4607//546
f 4607//547 4426//547 4611//547
f 4607//539 4611//539 4608//539
f 4608//891 4611//891 4612//891
f 4608//779 4612//779 4609//779
f 4609//550 4612//550 4613//550
f 4609//543 4613//543 4610//543
f 4610//551 4613//551 4614//551
f 4610//545 4614//545 4542//545
f 4542//554 4614//554 4544//554
f 4426//555 4425//555 4611//555
f 4611//556 4425//556 4615//556
f 4611//891 4615//891 4612//891
f 4612//919 4615//919 4616//557
f 4612//550 4616//550 4613//550
f 4613//559 4616//559 4617//559
f 4613//551 4617//551 4614//551
f 4614//561 4617//561 4618//561
f 4614//554 4618//554 4544//554
f 4544//563 4618//563 4546//563
f 4425//564 4424//564 4615//564
f 4615//909 4424//909 4619//909
f 4615//919 4619//557 4616//557
f 4616//566 4619//566 4620//566
f 4616//559 4620//559 4617//559
f 4617//567 4620//567 4621//567
f 4617//561 4621//561 4618//561
f 4618//568 4621//568 4622//568
f 4618//563 4622//563 4546//563
f 4546//569 4622//569 4480//569
f 4424//570 4423//570 4619//570
f 4619//571 4423//571 4623//571
f 4619//566 4623//566 4620//566
f 4620//572 4623//572 4624//572
f 4620//567 4624//567 4621//567
f 4621//574 4624//573 4625//573
f 4621//568 4625//568 4622//568
f 4622//575 4625//575 4555//575
f 4622//569 4555//569 4480//569
f 4423//576 4422//576 4623//576
f 4623//784 4422//784 4626//784
f 4623//572 4626//572 4624//572
f 4624//578 4626//578 4627//578
f 4624//573 4627//573 4625//573
f 4625//579 4627//579 4553//579
f 4625//575 4553//575 4555//575
f 4422//580 4421//580 4626//580
f 4626//581 4421//581 4628//581
f 4626//578 4628//578 4627//578
f 4627//582 4628//582 4551//893
f 4627//579 4551//579 4553//579
f 4421//583 4420//584 4628//585
f 4628//585 4420//584 4549//894
f 4628//582 4549//893 4551//893
f 4420//587 4419//877 4549//422
f 4516//588 4629//588 4518//588
f 4518//588 4629//588 4630//588
f 4518//589 4630//589 4520//589
f 4520//589 4630//589 4631//589
f 4520//590 4631//590 4522//590
f 4522//590 4631//590 4577//590
f 4522//476 4577//476 4524//477
f 4629//591 4632//591 4630//591
f 4630//591 4632//591 4633//591
f 4630//592 4633//592 4631//592
f 4631//592 4633//592 4575//592
f 4631//472 4575//472 4577//472
f 4629//593 4516//593 4634//593
f 4634//593 4516//593 4514//593
f 4634//594 4514//594 4635//594
f 4635//594 4514//594 4512//594
f 4635//595 4512//595 4636//595
f 4636//595 4512//595 4510//595
f 4636//596 4510//596 4637//596
f 4637//596 4510//596 4508//596
f 4637//597 4508//597 4638//597
f 4638//597 4508//597 4506//597
f 4638//599 4506//599 4639//599
f 4639//599 4506//599 4504//599
f 4639//601 4504//601 4640//601
f 4640//601 4504//601 4502//601
f 4640//602 4502//602 4641//602
f 4641//602 4502//602 4500//602
f 4641//605 4500//605 4642//605
f 4642//605 4500//605 4498//605
f 4642//788 4498//788 4643//788
f 4643//788 4498//788 4496//788
f 4643//608 4496//608 4644//608
f 4644//608 4496//608 4494//608
f 4644//609 4494//609 4645//609
f 4645//609 4494//609 4492//609
f 4645//610 4492//610 4646//610
f 4646//610 4492//610 4490//610
f 4646//613 4490//613 4647//614
f 4647//614 4490//613 4488//614
f 4647//615 4488//615 4648//615
f 4648//615 4488//615 4486//615
f 4648//616 4486//616 4649//616
f 4649//616 4486//616 4484//616
f 4649//617 4484//617 4554//617
f 4554//617 4484//617 4482//617
f 4632//618 4650//618 4633//618
f 4633//618 4650//618 4573//618
f 4633//470 4573//470 4575//470
f 4632//619 4629//619 4651//619
f 4651//619 4629//619 4634//619
f 4651//620 4634//620 4652//620
f 4652//620 4634//620 4635//620
f 4652//622 4635//622 4653//622
f 4653//622 4635//622 4636//622
f 4653//623 4636//623 4654//623
f 4654//623 4636//623 4637//623
f 4654//625 4637//625 4655//625
f 4655//625 4637//625 4638//625
f 4655//626 4638//626 4656//626
f 4656//626 4638//626 4639//626
f 4656//628 4639//628 4657//629
f 4657//629 4639//628 4640//629
f 4657//630 4640//630 4658//630
f 4658//630 4640//630 4641//630
f 4658//631 4641//631 4659//631
f 4659//631 4641//631 4642//631
f 4659//633 4642//633 4660//633
f 4660//633 4642//633 4643//633
f 4660//634 4643//896 4661//896
f 4661//896 4643//896 4644//896
f 4661//635 4644//635 4662//635
f 4662//635 4644//635 4645//635
f 4662//636 4645//636 4663//636
f 4663//636 4645//636 4646//636
f 4663//639 4646//639 4664//639
f 4664//639 4646//639 4647//639
f 4664//640 4647//640 4665//640
f 4665//640 4647//640 4648//640
f 4665//641 4648//641 4666//641
f 4666//641 4648//641 4649//641
f 4666//642 4649//642 4552//642
f 4552//642 4649//642 4554//642
f 4570//643 4571//643 4650//643
f 4650//467 4571//467 4573//467
f 4650//644 4632//644 4667//644
f 4667//644 4632//644 4651//644
f 4667//645 4651//645 4668//645
f 4668//645 4651//645 4652//645
f 4668//646 4652//646 4669//795
f 4669//795 4652//646 4653//795
f 4669//647 4653//647 4670//647
f 4670//647 4653//647 4654//647
f 4670//648 4654//648 4671//648
f 4671//648 4654//648 4655//648
f 4671//649 4655//649 4672//649
f 4672//649 4655//649 4656//649
f 4672//812 4656//812 4673//812
f 4673//812 4656//812 4657//650
f 4673//651 4657//651 4674//651
f 4674//651 4657//651 4658//651
f 4674//652 4658//652 4675//652
f 4675//652 4658//652 4659//652
f 4675//653 4659//653 4676//653
f 4676//653 4659//653 4660//653
f 4676//654 4660//654 4677//654
f 4677//654 4660//654 4661//654
f 4677//657 4661//657 4678//657
f 4678//657 4661//657 4662//657
f 4678//658 4662//658 4679//658
f 4679//658 4662//658 4663//658
f 4679//659 4663//659 4680//659
f 4680//659 4663//659 4664//659
f 4680//661 4664//661 4681//661
f 4681//661 4664//661 4665//660
f 4681//662 4665//662 4682//662
f 4682//662 4665//662 4666//662
f 4682//663 4666//663 4550//663
f 4550//663 4666//663 4552//663
f 4682//664 4550//664 4548//664
f 4682//664 4548//664 4547//664
f 4569//665 4570//898 4667//898
f 4667//643 4570//643 4650//643
f 4569//665 4667//898 4668//665
f 4568//666 4569//666 4668//666
f 4568//666 4668//666 4669//666
f 4567//667 4568//667 4669//667
f 4567//667 4669//667 4670//667
f 4566//668 4567//668 4670//668
f 4566//668 4670//668 4671//668
f 4565//669 4566//669 4671//669
f 4565//669 4671//669 4672//669
f 4564//815 4565//815 4672//815
f 4564//815 4672//815 4673//815
f 4563//801 4564//801 4673//801
f 4563//801 4673//801 4674//801
f 4562//675 4563//675 4674//675
f 4562//675 4674//675 4675//675
f 4561//676 4562//676 4675//676
f 4561//676 4675//676 4676//676
f 4560//816 4561//816 4676//816
f 4560//816 4676//816 4677//816
f 4559//678 4560//679 4677//679
f 4559//678 4677//679 4678//678
f 4558//680 4559//680 4678//680
f 4558//680 4678//680 4679//680
f 4557//681 4558//681 4679//681
f 4557//681 4679//681 4680//681
f 4556//683 4557//683 4680//683
f 4556//683 4680//683 4681//683
f 4547//684 4556//685 4681//685
f 4547//684 4681//685 4682//684
f 4683//686 4479//686 4684//686
f 4684//686 4479//686 4481//686
f 4684//687 4481//687 4685//687
f 4685//687 4481//687 4483//687
f 4685//688 4483//688 4686//688
f 4686//688 4483//688 4485//688
f 4686//689 4485//689 4687//689
f 4687//689 4485//689 4487//689
f 4687//690 4487//690 4688//690
f 4688//690 4487//690 4489//690
f 4688//691 4489//691 4689//691
f 4689//691 4489//691 4491//691
f 4689//692 4491//692 4690//692
f 4690//692 4491//692 4493//692
f 4690//693 4493//693 4691//693
f 4691//693 4493//693 4495//693
f 4691//694 4495//694 4692//694
f 4692//694 4495//694 4497//694
f 4692//695 4497//695 4693//695
f 4693//695 4497//695 4499//695
f 4693//696 4499//696 4694//696
f 4694//696 4499//696 4501//696
f 4694//697 4501//697 4695//697
f 4695//697 4501//697 4503//697
f 4695//698 4503//698 4696//698
f 4696//698 4503//698 4505//698
f 4696//699 4505//699 4697//699
f 4697//699 4505//699 4507//699
f 4697//700 4507//700 4698//700
f 4698//700 4507//700 4509//700
f 4698//701 4509//701 4699//701
f 4699//701 4509//701 4511//701
f 4699//702 4511//702 4700//702
f 4700//702 4511//702 4513//702
f 4700//703 4513//703 4701//703
f 4701//703 4513//703 4515//703
f 4701//704 4515//704 4702//704
f 4702//704 4515//704 4517//704
f 4702//705 4517//705 4703//705
f 4703//705 4517//705 4519//705
f 4703//706 4519//706 4704//706
f 4704//706 4519//706 4521//706
f 4704//707 4521//707 4705//707
f 4705//707 4521//707 4523//707
f 4705//708 4523//708 4706//708
f 4706//708 4523//708 4525//708
f 4706//709 4525//709 4707//709
f 4707//709 4525//709 4527//709
f 4707//710 4527//710 4708//710
f 4708//710 4527//710 4529//710
f 4708//711 4529//711 4709//711
f 4709//711 4529//711 4531//711
f 4709//712 4531//712 4710//712
f 4710//712 4531//712 4533//712
f 4710//713 4533//713 4711//713
f 4711//713 4533//713 4535//713
f 4711//714 4535//714 4712//714
f 4712//714 4535//714 4537//714
f 4712//715 4537//715 4713//715
f 4713//715 4537//715 4539//715
f 4713//716 4539//716 4714//716
f 4714//716 4539//716 4541//716
f 4714//717 4541//717 4715//717
f 4715//717 4541//717 4543//717
f 4715//718 4543//718 4716//718
f 4716//718 4543//718 4545//718
f 4716//719 4545//719 4683//719
f 4683//719 4545//719 4479//719
f 4717//1 4718//1 4719//1
f 4719//2 4718//2 4720//2
f 4719//3 4720//3 4721//3
f 4721//4 4720//4 4722//4
f 4721//4 4722//4 4723//4
f 4723//5 4722//6 4724//6
f 4723//5 4724//6 4725//5
f 4725//7 4724//7 4726//7
f 4725//7 4726//7 4727//7
f 4727//8 4726//8 4728//8
f 4727//8 4728//8 4729//8
f 4729//9 4728//10 4730//11
f 4729//9 4730//11 4731//12
f 4718//13 4717//13 4732//13
f 4732//14 4717//14 4733//14
f 4732//15 4733//15 4734//15
f 4734//16 4733//16 4735//16
f 4734//17 4735//17 4736//17
f 4736//18 4735//18 4737//18
f 4736//19 4737//19 4738//19
f 4738//721 4737//721 4739//721
f 4738//722 4739//722 4740//722
f 4740//22 4739//22 4741//22
f 4740//23 4741//23 4742//23
f 4742//24 4741//24 4743//24
f 4742//817 4743//817 4744//817
f 4744//26 4743//26 4745//26
f 4744//27 4745//27 4746//27
f 4746//29 4745//29 4747//29
f 4746//31 4747//31 4748//31
f 4748//32 4747//32 4749//32
f 4748//33 4749//33 4750//33
f 4750//36 4749//36 4751//36
f 4750//38 4751//844 4752//844
f 4752//39 4751//39 4753//39
f 4752//41 4753//41 4754//41
f 4754//724 4753//724 4755//724
f 4755//43 4753//43 4756//43
f 4755//44 4756//44 4757//44
f 4757//820 4756//820 4758//820
f 4757//845 4758//846 4759//48
f 4759//48 4758//846 4760//49
f 4759//51 4760//51 4761//51
f 4761//899 4760//52 4762//52
f 4761//899 4762//52 4763//899
f 4763//53 4762//53 4764//53
f 4763//53 4764//53 4765//53
f 4765//54 4764//54 4766//54
f 4765//54 4766//54 4767//54
f 4767//55 4766//55 4768//55
f 4767//55 4768//55 4769//55
f 4769//56 4768//56 4770//56
f 4769//57 4770//57 4771//57
f 4771//58 4770//58 4772//58
f 4771//59 4772//59 4773//59
f 4773//725 4772//725 4774//725
f 4773//61 4774//61 4775//61
f 4775//62 4774//62 4776//62
f 4775//847 4776//847 4777//847
f 4777//64 4776//64 4778//64
f 4777//65 4778//65 4779//65
f 4779//848 4778//848 4780//848
f 4779//67 4780//67 4781//67
f 4781//68 4780//68 4782//68
f 4781//69 4782//69 4783//69
f 4783//70 4782//70 4784//70
f 4783//71 4784//71 4785//71
f 4785//850 4784//850 4786//850
f 4785//74 4786//74 4787//74
f 4787//75 4786//75 4788//76
f 4787//77 4788//77 4789//77
f 4789//79 4788//79 4790//79
f 4789//729 4790//729 4791//729
f 4791//81 4790//81 4792//81
f 4791//82 4792//82 4793//82
f 4793//83 4792//83 4794//83
f 4793//84 4794//84 4795//84
f 4795//85 4794//85 4796//85
f 4796//86 4794//86 4797//86
f 4796//87 4797//88 4731//89
f 4731//89 4797//88 4729//90
f 4743//91 4798//91 4745//91
f 4745//92 4798//92 4799//92
f 4745//29 4799//29 4747//29
f 4747//825 4799//825 4800//825
f 4747//32 4800//32 4749//32
f 4749//95 4800//95 4801//95
f 4749//36 4801//36 4751//36
f 4751//96 4801//96 4802//96
f 4751//39 4802//39 4753//39
f 4753//97 4802//97 4756//97
f 4798//917 4803//917 4799//917
f 4799//853 4803//853 4804//853
f 4799//825 4804//825 4800//825
f 4800//100 4804//100 4805//100
f 4800//95 4805//95 4801//95
f 4801//102 4805//102 4806//102
f 4801//96 4806//96 4802//96
f 4802//103 4806//103 4807//103
f 4802//97 4807//97 4756//97
f 4756//855 4807//855 4758//855
f 4803//105 4808//105 4804//105
f 4804//735 4808//735 4809//735
f 4804//100 4809//100 4805//100
f 4805//107 4809//107 4810//107
f 4805//102 4810//109 4806//102
f 4806//110 4810//110 4811//110
f 4806//103 4811//103 4807//103
f 4807//111 4811//111 4812//111
f 4807//855 4812//855 4758//855
f 4758//112 4812//112 4760//112
f 4808//113 4813//113 4809//113
f 4809//856 4813//856 4814//856
f 4809//107 4814//107 4810//107
f 4810//116 4814//116 4815//122
f 4810//110 4815//110 4811//110
f 4811//117 4815//117 4816//117
f 4811//111 4816//111 4812//111
f 4812//119 4816//119 4762//119
f 4812//112 4762//920 4760//112
f 4813//120 4817//120 4814//120
f 4814//121 4817//121 4818//121
f 4814//116 4818//122 4815//122
f 4815//123 4818//736 4819//736
f 4815//117 4819//117 4816//117
f 4816//125 4819//125 4764//125
f 4816//119 4764//119 4762//119
f 4817//126 4820//126 4818//126
f 4818//127 4820//127 4821//127
f 4818//736 4821//736 4819//736
f 4819//128 4821//128 4766//128
f 4819//125 4766//125 4764//125
f 4820//129 4822//129 4821//129
f 4821//130 4822//130 4768//130
f 4821//128 4768//128 4766//128
f 4822//56 4770//56 4768//56
f 4784//131 4823//131 4786//131
f 4786//132 4823//132 4824//132
f 4786//75 4824//76 4788//76
f 4788//135 4824//135 4825//135
f 4788//79 4825//79 4790//79
f 4790//137 4825//137 4826//740
f 4790//81 4826//81 4792//81
f 4792//138 4826//138 4827//138
f 4792//83 4827//83 4794//83
f 4794//140 4827//140 4797//140
f 4823//141 4828//141 4824//141
f 4824//741 4828//741 4829//741
f 4824//135 4829//135 4825//135
f 4825//144 4829//144 4830//144
f 4825//137 4830//740 4826//740
f 4826//145 4830//145 4831//145
f 4826//138 4831//138 4827//138
f 4827//146 4831//146 4832//146
f 4827//140 4832//140 4797//140
f 4797//149 4832//149 4729//148
f 4828//743 4833//743 4829//743
f 4829//831 4833//831 4834//831
f 4829//144 4834//144 4830//144
f 4830//153 4834//153 4835//153
f 4830//145 4835//145 4831//145
f 4831//155 4835//155 4836//155
f 4831//146 4836//146 4832//146
f 4832//156 4836//156 4727//156
f 4832//149 4727//148 4729//148
f 4833//157 4837//157 4834//157
f 4834//158 4837//158 4838//158
f 4834//153 4838//153 4835//153
f 4835//159 4838//159 4839//159
f 4835//155 4839//155 4836//155
f 4836//160 4839//160 4725//160
f 4836//156 4725//156 4727//156
f 4837//161 4840//161 4838//161
f 4838//162 4840//162 4841//162
f 4838//159 4841//159 4839//159
f 4839//163 4841//163 4723//163
f 4839//160 4723//160 4725//160
f 4840//164 4842//164 4841//164
f 4841//165 4842//165 4721//165
f 4841//163 4721//163 4723//163
f 4842//166 4719//166 4721//166
f 4795//167 4843//167 4793//167
f 4793//168 4843//168 4844//168
f 4793//82 4844//82 4791//82
f 4791//169 4844//169 4845//169
f 4791//729 4845//729 4789//729
f 4789//172 4845//172 4846//172
f 4789//77 4846//77 4787//77
f 4787//173 4846//173 4847//174
f 4787//74 4847//74 4785//74
f 4785//176 4847//176 4783//176
f 4843//858 4848//858 4844//858
f 4844//178 4848//178 4849//178
f 4844//169 4849//169 4845//169
f 4845//179 4849//179 4850//179
f 4845//172 4850//172 4846//172
f 4846//181 4850//181 4851//180
f 4846//173 4851//174 4847//174
f 4847//183 4851//183 4852//183
f 4847//176 4852//176 4783//176
f 4783//186 4852//186 4781//186
f 4848//187 4853//187 4849//187
f 4849//188 4853//188 4854//188
f 4849//179 4854//179 4850//179
f 4850//189 4854//189 4855//189
f 4850//181 4855//180 4851//180
f 4851//191 4855//191 4856//191
f 4851//183 4856//183 4852//183
f 4852//192 4856//192 4857//192
f 4852//186 4857//186 4781//186
f 4781//195 4857//195 4779//194
f 4853//196 4858//196 4854//196
f 4854//197 4858//197 4859//197
f 4854//189 4859//189 4855//189
f 4855//206 4859//206 4860//206
f 4855//191 4860//191 4856//191
f 4856//200 4860//200 4861//200
f 4856//192 4861//192 4857//192
f 4857//201 4861//201 4862//752
f 4857//195 4862//194 4779//194
f 4779//203 4862//203 4777//203
f 4858//204 4863//204 4859//204
f 4859//205 4863//205 4864//205
f 4859//206 4864//206 4860//206
f 4860//207 4864//207 4865//207
f 4860//200 4865//200 4861//200
f 4861//210 4865//210 4866//210
f 4861//201 4866//752 4862//752
f 4862//211 4866//211 4867//211
f 4862//203 4867//203 4777//203
f 4777//212 4867//212 4775//213
f 4863//214 4868//214 4864//214
f 4864//215 4868//215 4869//215
f 4864//207 4869//207 4865//207
f 4865//216 4869//216 4870//216
f 4865//210 4870//210 4866//210
f 4866//217 4870//217 4871//217
f 4866//211 4871//211 4867//211
f 4867//220 4871//220 4872//220
f 4867//212 4872//213 4775//213
f 4775//221 4872//221 4773//756
f 4868//222 4873//222 4869//222
f 4869//223 4873//223 4874//223
f 4869//216 4874//216 4870//216
f 4870//225 4874//225 4875//224
f 4870//217 4875//217 4871//217
f 4871//227 4875//227 4876//227
f 4871//220 4876//220 4872//220
f 4872//228 4876//228 4877//228
f 4872//221 4877//756 4773//756
f 4773//229 4877//229 4771//230
f 4873//231 4878//231 4874//231
f 4874//232 4878//232 4879//232
f 4874//225 4879//224 4875//224
f 4875//234 4879//234 4880//234
f 4875//227 4880//227 4876//227
f 4876//235 4880//235 4881//235
f 4876//228 4881//228 4877//228
f 4877//236 4881//236 4882//236
f 4877//229 4882//230 4771//230
f 4771//237 4882//237 4769//237
f 4878//238 4883//238 4879//238
f 4879//239 4883//239 4884//239
f 4879//234 4884//234 4880//234
f 4880//240 4884//240 4885//240
f 4880//235 4885//235 4881//235
f 4881//241 4885//241 4886//241
f 4881//236 4886//236 4882//236
f 4882//243 4886//243 4767//859
f 4882//237 4767//237 4769//237
f 4883//758 4887//758 4884//758
f 4884//246 4887//246 4888//246
f 4884//240 4888//240 4885//240
f 4885//247 4888//247 4889//860
f 4885//241 4889//241 4886//241
f 4886//248 4889//248 4765//249
f 4886//243 4765//859 4767//859
f 4887//250 4890//250 4888//250
f 4888//861 4890//861 4891//861
f 4888//247 4891//860 4889//860
f 4889//252 4891//252 4763//253
f 4889//248 4763//249 4765//249
f 4890//862 4892//255 4891//863
f 4891//863 4892//255 4761//257
f 4891//252 4761//253 4763//253
f 4892//51 4759//51 4761//51
f 4754//258 4893//258 4752//258
f 4752//259 4893//259 4894//259
f 4752//844 4894//38 4750//38
f 4750//260 4894//260 4895//260
f 4750//33 4895//33 4748//33
f 4748//261 4895//261 4896//261
f 4748//31 4896//30 4746//31
f 4746//262 4896//262 4897//262
f 4746//27 4897//27 4744//27
f 4744//263 4897//263 4742//263
f 4893//265 4898//265 4894//265
f 4894//266 4898//266 4899//266
f 4894//260 4899//260 4895//260
f 4895//267 4899//267 4900//267
f 4895//261 4900//261 4896//261
f 4896//269 4900//269 4901//269
f 4896//262 4901//262 4897//262
f 4897//271 4901//271 4902//270
f 4897//263 4902//263 4742//263
f 4742//864 4902//864 4740//864
f 4898//273 4903//273 4899//273
f 4899//274 4903//274 4904//274
f 4899//267 4904//267 4900//267
f 4900//276 4904//276 4905//276
f 4900//269 4905//269 4901//269
f 4901//277 4905//277 4906//277
f 4901//271 4906//270 4902//270
f 4902//279 4906//279 4907//279
f 4902//864 4907//864 4740//864
f 4740//280 4907//280 4738//280
f 4903//282 4908//282 4904//282
f 4904//283 4908//283 4909//283
f 4904//276 4909//276 4905//276
f 4905//835 4909//284 4910//284
f 4905//277 4910//277 4906//277
f 4906//865 4910//865 4911//285
f 4906//279 4911//279 4907//279
f 4907//287 4911//866 4912//866
f 4907//280 4912//280 4738//280
f 4738//288 4912//288 4736//288
f 4908//290 4913//290 4909//290
f 4909//291 4913//291 4914//291
f 4909//284 4914//284 4910//284
f 4910//292 4914//292 4915//292
f 4910//865 4915//285 4911//285
f 4911//294 4915//760 4916//293
f 4911//866 4916//866 4912//866
f 4912//295 4916//295 4917//295
f 4912//288 4917//288 4736//288
f 4736//296 4917//296 4734//296
f 4913//297 4918//297 4914//297
f 4914//298 4918//298 4919//298
f 4914//292 4919//292 4915//292
f 4915//299 4919//299 4920//299
f 4915//760 4920//293 4916//293
f 4916//300 4920//300 4921//300
f 4916//295 4921//295 4917//295
f 4917//301 4921//301 4922//301
f 4917//296 4922//296 4734//296
f 4734//302 4922//302 4732//302
f 4918//303 4923//303 4919//303
f 4919//304 4923//304 4924//304
f 4919//299 4924//299 4920//299
f 4920//305 4924//305 4925//305
f 4920//300 4925//300 4921//300
f 4921//307 4925//307 4926//307
f 4921//301 4926//301 4922//301
f 4922//762 4926//762 4927//762
f 4922//302 4927//302 4732//302
f 4732//309 4927//309 4718//309
f 4923//836 4928//836 4924//836
f 4924//311 4928//311 4929//311
f 4924//305 4929//305 4925//305
f 4925//312 4929//312 4930//312
f 4925//307 4930//307 4926//307
f 4926//314 4930//314 4931//314
f 4926//762 4931//762 4927//762
f 4927//315 4931//315 4932//315
f 4927//309 4932//309 4718//309
f 4718//316 4932//316 4720//316
f 4928//317 4933//317 4929//317
f 4929//318 4933//318 4934//318
f 4929//312 4934//763 4930//312
f 4930//319 4934//319 4935//319
f 4930//314 4935//314 4931//314
f 4931//320 4935//320 4936//320
f 4931//315 4936//315 4932//315
f 4932//321 4936//321 4722//322
f 4932//316 4722//316 4720//316
f 4933//323 4937//323 4934//323
f 4934//324 4937//324 4938//324
f 4934//319 4938//319 4935//319
f 4935//325 4938//325 4939//326
f 4935//320 4939//320 4936//320
f 4936//327 4939//327 4724//327
f 4936//321 4724//322 4722//322
f 4937//328 4940//329 4938//330
f 4938//330 4940//329 4941//331
f 4938//325 4941//326 4939//326
f 4939//332 4941//332 4726//332
f 4939//327 4726//327 4724//327
f 4940//333 4730//334 4941//335
f 4941//335 4730//334 4728//336
f 4941//332 4728//332 4726//332
f 4942//337 4943//337 4730//337
f 4730//337 4943//337 4944//337
f 4730//337 4944//337 4731//337
f 4731//337 4944//337 4945//337
f 4731//337 4945//337 4796//337
f 4796//337 4945//337 4946//337
f 4796//337 4946//337 4795//337
f 4795//337 4946//337 4947//337
f 4795//337 4947//337 4843//337
f 4843//337 4947//337 4948//337
f 4843//337 4948//337 4848//337
f 4848//337 4948//337 4949//337
f 4848//337 4949//337 4853//337
f 4853//337 4949//337 4950//337
f 4853//337 4950//337 4858//337
f 4858//337 4950//337 4951//337
f 4858//337 4951//337 4863//337
f 4863//337 4951//337 4952//337
f 4863//337 4952//337 4868//337
f 4868//337 4952//337 4953//337
f 4868//337 4953//337 4873//337
f 4873//337 4953//337 4954//337
f 4873//337 4954//337 4878//337
f 4878//337 4954//337 4955//337
f 4878//337 4955//337 4883//337
f 4883//337 4955//337 4956//337
f 4883//337 4956//337 4887//337
f 4887//337 4956//337 4957//337
f 4887//337 4957//337 4890//337
f 4890//337 4957//337 4958//337
f 4890//337 4958//337 4892//337
f 4892//337 4958//337 4959//337
f 4892//337 4959//337 4759//337
f 4759//337 4959//337 4960//337
f 4759//337 4960//337 4757//337
f 4757//337 4960//337 4961//337
f 4757//337 4961//337 4755//337
f 4755//337 4961//337 4962//337
f 4755//337 4962//337 4754//337
f 4754//337 4962//337 4963//337
f 4754//337 4963//337 4893//337
f 4893//337 4963//337 4964//337
f 4893//337 4964//337 4898//337
f 4898//337 4964//337 4965//337
f 4898//337 4965//337 4903//337
f 4903//337 4965//337 4966//337
f 4903//337 4966//337 4908//337
f 4908//337 4966//337 4967//337
f 4908//337 4967//337 4913//337
f 4913//337 4967//337 4968//337
f 4913//337 4968//337 4918//337
f 4918//337 4968//337 4969//337
f 4918//337 4969//337 4923//337
f 4923//337 4969//337 4970//337
f 4923//337 4970//337 4928//337
f 4928//337 4970//337 4971//337
f 4928//337 4971//337 4933//337
f 4933//337 4971//337 4972//337
f 4933//337 4972//337 4937//337
f 4937//337 4972//337 4973//337
f 4937//337 4973//337 4940//337
f 4940//337 4973//337 4942//337
f 4940//337 4942//337 4730//337
f 4974//338 4717//338 4975//338
f 4975//338 4717//338 4719//338
f 4975//339 4719//339 4976//339
f 4976//339 4719//339 4842//339
f 4976//340 4842//340 4977//340
f 4977//340 4842//340 4840//340
f 4977//341 4840//341 4978//341
f 4978//341 4840//341 4837//341
f 4978//342 4837//342 4979//342
f 4979//342 4837//342 4833//342
f 4979//343 4833//343 4980//343
f 4980//343 4833//343 4828//343
f 4980//344 4828//344 4981//344
f 4981//344 4828//344 4823//344
f 4981//345 4823//345 4982//345
f 4982//345 4823//345 4784//345
f 4982//346 4784//346 4983//346
f 4983//346 4784//346 4782//346
f 4983//347 4782//347 4984//347
f 4984//347 4782//347 4780//347
f 4984//348 4780//348 4985//348
f 4985//348 4780//348 4778//348
f 4985//349 4778//349 4986//349
f 4986//349 4778//349 4776//349
f 4986//350 4776//350 4987//350
f 4987//350 4776//350 4774//350
f 4987//351 4774//351 4988//351
f 4988//351 4774//351 4772//351
f 4988//352 4772//352 4989//352
f 4989//352 4772//352 4770//352
f 4989//353 4770//353 4990//353
f 4990//353 4770//353 4822//353
f 4990//354 4822//354 4991//354
f 4991//354 4822//354 4820//354
f 4991//355 4820//355 4992//355
f 4992//355 4820//355 4817//355
f 4992//356 4817//356 4993//356
f 4993//356 4817//356 4813//356
f 4993//357 4813//357 4994//357
f 4994//357 4813//357 4808//357
f 4994//358 4808//358 4995//358
f 4995//358 4808//358 4803//358
f 4995//359 4803//359 4996//359
f 4996//359 4803//359 4798//359
f 4996//360 4798//360 4997//360
f 4997//360 4798//360 4743//360
f 4997//361 4743//361 4998//361
f 4998//361 4743//361 4741//361
f 4998//362 4741//362 4999//362
f 4999//362 4741//362 4739//362
f 4999//363 4739//363 5000//363
f 5000//363 4739//363 4737//363
f 5000//364 4737//364 5001//364
f 5001//364 4737//364 4735//364
f 5001//365 4735//365 5002//365
f 5002//365 4735//365 4733//365
f 5002//366 4733//366 4974//366
f 4974//366 4733//366 4717//366
f 5003//367 5004//367 5005//367
f 5005//367 5004//367 5006//367
f 5005//368 5006//368 5007//368
f 5007//368 5006//368 5008//368
f 5007//369 5008//369 5009//369
f 5009//369 5008//369 5010//369
f 5009//371 5010//371 5011//372
f 5011//372 5010//371 5012//372
f 5011//373 5012//373 5013//374
f 5013//374 5012//373 5014//374
f 5013//375 5014//375 5015//375
f 5015//375 5014//375 5016//375
f 5015//904 5016//376 5017//376
f 5017//376 5016//376 5018//376
f 5017//870 5018//870 5019//379
f 5019//379 5018//870 5020//379
f 5019//381 5020//381 5021//381
f 5021//381 5020//381 5022//381
f 5021//383 5022//383 5023//383
f 5023//383 5022//383 5024//383
f 5023//385 5024//385 5025//385
f 5025//385 5024//385 5026//385
f 5025//386 5026//386 5027//805
f 5027//805 5026//386 5028//805
f 5027//388 5028//388 5029//388
f 5029//388 5028//388 5030//388
f 5029//389 5030//389 5031//389
f 5031//389 5030//389 5032//389
f 5031//390 5032//390 5033//765
f 5033//765 5032//390 5034//765
f 5033//391 5034//391 5035//391
f 5035//391 5034//391 5036//392
f 5035//393 5036//393 5037//393
f 5037//393 5036//393 5038//393
f 5037//394 5038//394 5039//394
f 5039//394 5038//394 5040//394
f 5039//395 5040//395 5041//395
f 5041//395 5040//395 5042//395
f 5041//396 5042//396 5043//396
f 5043//396 5042//396 5044//396
f 5043//397 5044//397 5045//397
f 5045//397 5044//397 5046//398
f 5045//399 5046//399 5047//767
f 5047//767 5046//399 5048//767
f 5047//400 5048//400 5049//400
f 5049//400 5048//400 5050//400
f 5049//905 5050//401 5051//401
f 5051//401 5050//401 5052//401
f 5051//872 5052//872 5053//404
f 5053//404 5052//872 5054//404
f 5053//405 5054//405 5055//405
f 5055//405 5054//405 5056//405
f 5055//406 5056//406 5057//406
f 5057//406 5056//406 5058//406
f 5057//407 5058//407 5059//407
f 5059//407 5058//407 5060//407
f 5059//408 5060//408 5061//874
f 5061//874 5060//408 5062//874
f 5061//410 5062//410 5063//410
f 5063//410 5062//410 5064//410
f 5063//411 5064//411 5065//411
f 5065//411 5064//411 5066//411
f 5065//413 5066//413 5067//412
f 5067//412 5066//413 5068//412
f 5067//414 5068//414 5069//771
f 5069//771 5068//414 5070//771
f 5069//415 5070//415 5003//415
f 5003//415 5070//415 5004//415
f 4942//416 5071//417 4943//875
f 4943//875 5071//417 5072//876
f 4943//877 5072//878 5073//422
f 5073//423 5072//423 5074//423
f 5073//423 5074//423 5075//423
f 5075//424 5074//424 5076//424
f 5075//424 5076//424 5077//424
f 5077//425 5076//425 5078//425
f 5077//425 5078//425 5079//425
f 5079//426 5078//426 5006//426
f 5079//426 5006//426 5004//426
f 5071//879 4942//428 5080//429
f 5080//429 4942//428 4973//430
f 5080//431 4973//431 5081//431
f 5081//432 4973//432 4972//432
f 5081//433 4972//433 5082//433
f 5082//434 4972//434 4971//434
f 5082//435 4971//435 5083//435
f 5083//436 4971//436 4970//436
f 5083//437 4970//437 5084//437
f 5084//438 4970//438 4969//438
f 5084//439 4969//439 5085//439
f 5085//440 4969//440 4968//440
f 5085//441 4968//441 5086//441
f 5086//442 4968//442 4967//442
f 5086//443 4967//443 5087//443
f 5087//444 4967//444 4966//444
f 5087//445 4966//445 5088//445
f 5088//446 4966//446 4965//446
f 5088//447 4965//447 5089//447
f 5089//448 4965//448 4964//448
f 5089//906 4964//906 5090//906
f 5090//450 4964//450 4963//450
f 5090//451 4963//451 5091//451
f 5091//452 4963//452 4962//452
f 5091//880 4962//880 5092//880
f 5092//454 4962//454 4961//454
f 5092//455 4961//455 5093//455
f 5093//456 4961//457 4960//458
f 5093//456 4960//458 5094//881
f 5094//460 4960//461 4959//882
f 5094//460 4959//882 5095//883
f 5095//884 4959//465 5096//772
f 5095//467 5096//467 5097//467
f 5097//468 5096//468 5098//469
f 5097//470 5098//470 5099//470
f 5099//471 5098//471 5100//471
f 5099//472 5100//472 5101//472
f 5101//475 5100//475 5102//475
f 5101//476 5102//476 5048//476
f 5048//479 5102//479 5050//479
f 4959//465 4958//480 5096//772
f 5096//885 4958//482 5103//483
f 5096//468 5103//469 5098//469
f 5098//484 5103//484 5104//484
f 5098//471 5104//471 5100//471
f 5100//486 5104//486 5105//486
f 5100//475 5105//475 5102//475
f 5102//487 5105//487 5106//487
f 5102//479 5106//479 5050//479
f 5050//488 5106//488 5052//488
f 4958//482 4957//489 5103//483
f 5103//490 4957//490 5107//490
f 5103//484 5107//484 5104//484
f 5104//491 5107//491 5108//491
f 5104//486 5108//486 5105//486
f 5105//492 5108//492 5109//492
f 5105//487 5109//487 5106//487
f 5106//493 5109//493 5110//493
f 5106//488 5110//488 5052//488
f 5052//494 5110//494 5054//494
f 4957//495 4956//495 5107//495
f 5107//496 4956//496 5111//496
f 5107//491 5111//491 5108//491
f 5108//497 5111//497 5112//497
f 5108//492 5112//492 5109//492
f 5109//498 5112//498 5113//498
f 5109//493 5113//493 5110//493
f 5110//500 5113//500 5114//500
f 5110//494 5114//494 5054//494
f 5054//888 5114//888 5056//888
f 4956//503 4955//503 5111//503
f 5111//504 4955//504 5115//504
f 5111//497 5115//497 5112//497
f 5112//505 5115//505 5116//506
f 5112//498 5116//498 5113//498
f 5113//908 5116//908 5117//509
f 5113//500 5117//500 5114//500
f 5114//510 5117//510 5118//510
f 5114//888 5118//888 5056//888
f 5056//512 5118//512 5058//512
f 4955//513 4954//513 5115//513
f 5115//514 4954//514 5119//514
f 5115//505 5119//506 5116//506
f 5116//809 5119//809 5120//809
f 5116//908 5120//509 5117//509
f 5117//517 5120//517 5121//517
f 5117//510 5121//510 5118//510
f 5118//519 5121//519 5122//519
f 5118//512 5122//512 5058//512
f 5058//890 5122//890 5060//890
f 4954//522 4953//522 5119//522
f 5119//523 4953//523 5123//523
f 5119//809 5123//809 5120//809
f 5120//525 5123//525 5124//525
f 5120//517 5124//517 5121//517
f 5121//526 5124//526 5125//526
f 5121//519 5125//519 5122//519
f 5122//527 5125//527 5126//527
f 5122//890 5126//890 5060//890
f 5060//528 5126//528 5062//528
f 4953//529 4952//529 5123//529
f 5123//530 4952//530 5127//530
f 5123//525 5127//525 5124//525
f 5124//531 5127//531 5128//531
f 5124//526 5128//526 5125//526
f 5125//532 5128//532 5129//532
f 5125//527 5129//527 5126//527
f 5126//534 5129//534 5130//534
f 5126//528 5130//528 5062//528
f 5062//535 5130//535 5064//535
f 4952//536 4951//536 5127//536
f 5127//537 4951//537 5131//537
f 5127//531 5131//531 5128//531
f 5128//539 5131//539 5132//539
f 5128//532 5132//532 5129//532
f 5129//779 5132//779 5133//779
f 5129//534 5133//534 5130//534
f 5130//543 5133//543 5134//543
f 5130//535 5134//535 5064//535
f 5064//545 5134//545 5066//545
f 4951//546 4950//546 5131//546
f 5131//547 4950//547 5135//547
f 5131//539 5135//539 5132//539
f 5132//891 5135//891 5136//891
f 5132//779 5136//779 5133//779
f 5133//550 5136//550 5137//550
f 5133//543 5137//543 5134//543
f 5134//551 5137//551 5138//551
f 5134//545 5138//545 5066//545
f 5066//553 5138//553 5068//554
f 4950//555 4949//555 5135//555
f 5135//556 4949//556 5139//556
f 5135//891 5139//891 5136//891
f 5136//919 5139//919 5140//557
f 5136//550 5140//550 5137//550
f 5137//559 5140//559 5141//559
f 5137//551 5141//551 5138//551
f 5138//561 5141//561 5142//561
f 5138//553 5142//554 5068//554
f 5068//563 5142//563 5070//563
f 4949//564 4948//564 5139//564
f 5139//909 4948//909 5143//909
f 5139//919 5143//557 5140//557
f 5140//566 5143//566 5144//566
f 5140//559 5144//559 5141//559
f 5141//567 5144//567 5145//567
f 5141//561 5145//561 5142//561
f 5142//568 5145//568 5146//568
f 5142//563 5146//563 5070//563
f 5070//569 5146//569 5004//569
f 4948//570 4947//570 5143//570
f 5143//571 4947//571 5147//571
f 5143//566 5147//566 5144//566
f 5144//572 5147//572 5148//572
f 5144//567 5148//567 5145//567
f 5145//574 5148//573 5149//573
f 5145//568 5149//568 5146//568
f 5146//575 5149//575 5079//575
f 5146//569 5079//569 5004//569
f 4947//576 4946//576 5147//576
f 5147//784 4946//784 5150//784
f 5147//572 5150//572 5148//572
f 5148//578 5150//578 5151//578
f 5148//573 5151//573 5149//573
f 5149//579 5151//579 5077//579
f 5149//575 5077//575 5079//575
f 4946//580 4945//580 5150//580
f 5150//581 4945//581 5152//581
f 5150//578 5152//578 5151//578
f 5151//582 5152//582 5075//893
f 5151//579 5075//579 5077//579
f 4945//583 4944//584 5152//585
f 5152//585 4944//584 5073//894
f 5152//582 5073//893 5075//893
f 4944//587 4943//877 5073//422
f 5040//588 5153//588 5042//588
f 5042//588 5153//588 5154//588
f 5042//589 5154//589 5044//589
f 5044//589 5154//589 5155//589
f 5044//590 5155//590 5046//590
f 5046//590 5155//590 5101//590
f 5046//476 5101//476 5048//476
f 5153//591 5156//591 5154//591
f 5154//591 5156//591 5157//591
f 5154//592 5157//592 5155//592
f 5155//592 5157//592 5099//592
f 5155//472 5099//472 5101//472
f 5153//593 5040//593 5158//593
f 5158//593 5040//593 5038//593
f 5158//594 5038//594 5159//594
f 5159//594 5038//594 5036//594
f 5159//595 5036//595 5160//595
f 5160//595 5036//595 5034//595
f 5160//596 5034//596 5161//596
f 5161//596 5034//596 5032//596
f 5161//597 5032//597 5162//597
f 5162//597 5032//597 5030//597
f 5162//599 5030//599 5163//599
f 5163//599 5030//599 5028//599
f 5163//601 5028//601 5164//601
f 5164//601 5028//601 5026//601
f 5164//602 5026//602 5165//602
f 5165//602 5026//602 5024//602
f 5165//605 5024//605 5166//605
f 5166//605 5024//605 5022//605
f 5166//788 5022//788 5167//788
f 5167//788 5022//788 5020//788
f 5167//608 5020//608 5168//608
f 5168//608 5020//608 5018//608
f 5168//609 5018//609 5169//609
f 5169//609 5018//609 5016//609
f 5169//610 5016//610 5170//610
f 5170//610 5016//610 5014//610
f 5170//613 5014//613 5171//613
f 5171//613 5014//613 5012//613
f 5171//615 5012//615 5172//615
f 5172//615 5012//615 5010//615
f 5172//616 5010//616 5173//616
f 5173//616 5010//616 5008//616
f 5173//617 5008//617 5078//617
f 5078//617 5008//617 5006//617
f 5156//618 5174//618 5157//618
f 5157//618 5174//618 5097//618
f 5157//470 5097//470 5099//470
f 5156//619 5153//619 5175//619
f 5175//619 5153//619 5158//619
f 5175//620 5158//620 5176//620
f 5176//620 5158//620 5159//620
f 5176//622 5159//622 5177//622
f 5177//622 5159//622 5160//622
f 5177//623 5160//623 5178//623
f 5178//623 5160//623 5161//623
f 5178//625 5161//625 5179//625
f 5179//625 5161//625 5162//625
f 5179//626 5162//626 5180//626
f 5180//626 5162//626 5163//626
f 5180//628 5163//628 5181//629
f 5181//629 5163//628 5164//629
f 5181//630 5164//630 5182//630
f 5182//630 5164//630 5165//630
f 5182//631 5165//631 5183//631
f 5183//631 5165//631 5166//631
f 5183//633 5166//633 5184//633
f 5184//633 5166//633 5167//633
f 5184//634 5167//896 5185//896
f 5185//896 5167//896 5168//896
f 5185//635 5168//635 5186//635
f 5186//635 5168//635 5169//635
f 5186//636 5169//636 5187//636
f 5187//636 5169//636 5170//636
f 5187//639 5170//639 5188//639
f 5188//639 5170//639 5171//639
f 5188//640 5171//640 5189//640
f 5189//640 5171//640 5172//640
f 5189//641 5172//641 5190//641
f 5190//641 5172//641 5173//641
f 5190//642 5173//642 5076//642
f 5076//642 5173//642 5078//642
f 5094//643 5095//643 5174//643
f 5174//467 5095//467 5097//467
f 5174//644 5156//644 5191//644
f 5191//644 5156//644 5175//644
f 5191//645 5175//645 5192//645
f 5192//645 5175//645 5176//645
f 5192//646 5176//646 5193//795
f 5193//795 5176//646 5177//795
f 5193//647 5177//647 5194//647
f 5194//647 5177//647 5178//647
f 5194//648 5178//648 5195//648
f 5195//648 5178//648 5179//648
f 5195//649 5179//649 5196//649
f 5196//649 5179//649 5180//811
f 5196//812 5180//812 5197//812
f 5197//812 5180//812 5181//650
f 5197//651 5181//651 5198//651
f 5198//651 5181//651 5182//651
f 5198//652 5182//652 5199//652
f 5199//652 5182//652 5183//652
f 5199//653 5183//653 5200//653
f 5200//653 5183//653 5184//653
f 5200//654 5184//654 5201//654
f 5201//654 5184//654 5185//654
f 5201//657 5185//657 5202//657
f 5202//657 5185//657 5186//657
f 5202//658 5186//658 5203//658
f 5203//658 5186//658 5187//658
f 5203//659 5187//659 5204//659
f 5204//659 5187//659 5188//659
f 5204//661 5188//661 5205//661
f 5205//661 5188//661 5189//660
f 5205//662 5189//662 5206//662
f 5206//662 5189//662 5190//662
f 5206//663 5190//663 5074//663
f 5074//663 5190//663 5076//663
f 5206//664 5074//664 5072//664
f 5206//664 5072//664 5071//664
f 5093//665 5094//898 5191//898
f 5191//643 5094//643 5174//643
f 5093//665 5191//898 5192//665
f 5092//666 5093//666 5192//666
f 5092//666 5192//666 5193//666
f 5091//667 5092//667 5193//667
f 5091//667 5193//667 5194//667
f 5090//668 5091//668 5194//668
f 5090//668 5194//668 5195//668
f 5089//669 5090//669 5195//669
f 5089//669 5195//669 5196//669
f 5088//815 5089//815 5196//815
f 5088//815 5196//815 5197//815
f 5087//801 5088//801 5197//801
f 5087//801 5197//801 5198//801
f 5086//675 5087//675 5198//675
f 5086//675 5198//675 5199//675
f 5085//676 5086//676 5199//676
f 5085//676 5199//676 5200//676
f 5084//816 5085//816 5200//816
f 5084//816 5200//816 5201//816
f 5083//678 5084//679 5201//679
f 5083//678 5201//679 5202//678
f 5082//680 5083//680 5202//680
f 5082//680 5202//680 5203//680
f 5081//681 5082//681 5203//681
f 5081//681 5203//681 5204//681
f 5080//683 5081//683 5204//683
f 5080//683 5204//683 5205//683
f 5071//684 5080//685 5205//685
f 5071//684 5205//685 5206//684
f 5207//686 5003//686 5208//686
f 5208//686 5003//686 5005//686
f 5208//687 5005//687 5209//687
f 5209//687 5005//687 5007//687
f 5209//688 5007//688 5210//688
f 5210//688 5007//688 5009//688
f 5210//689 5009//689 5211//689
f 5211//689 5009//689 5011//689
f 5211//690 5011//690 5212//690
f 5212//690 5011//690 5013//690
f 5212//691 5013//691 5213//691
f 5213//691 5013//691 5015//691
f 5213//692 5015//692 5214//692
f 5214//692 5015//692 5017//692
f 5214//693 5017//693 5215//693
f 5215//693 5017//693 5019//693
f 5215//694 5019//694 5216//694
f 5216//694 5019//694 5021//694
f 5216//695 5021//695 5217//695
f 5217//695 5021//695 5023//695
f 5217//696 5023//696 5218//696
f 5218//696 5023//696 5025//696
f 5218//697 5025//697 5219//697
f 5219//697 5025//697 5027//697
f 5219//698 5027//698 5220//698
f 5220//698 5027//698 5029//698
f 5220//699 5029//699 5221//699
f 5221//699 5029//699 5031//699
f 5221//700 5031//700 5222//700
f 5222//700 5031//700 5033//700
f 5222//701 5033//701 5223//701
f 5223//701 5033//701 5035//701
f 5223//702 5035//702 5224//702
f 5224//702 5035//702 5037//702
f 5224//703 5037//703 5225//703
f 5225//703 5037//703 5039//703
f 5225//704 5039//704 5226//704
f 5226//704 5039//704 5041//704
f 5226//705 5041//705 5227//705
f 5227//705 5041//705 5043//705
f 5227//706 5043//706 5228//706
f 5228//706 5043//706 5045//706
f 5228//707 5045//707 5229//707
f 5229//707 5045//707 5047//707
f 5229//708 5047//708 5230//708
f 5230//708 5047//708 5049//708
f 5230//709 5049//709 5231//709
f 5231//709 5049//709 5051//709
f 5231//710 5051//710 5232//710
f 5232//710 5051//710 5053//710
f 5232//711 5053//711 5233//711
f 5233//711 5053//711 5055//711
f 5233//712 5055//712 5234//712
f 5234//712 5055//712 5057//712
f 5234//713 5057//713 5235//713
f 5235//713 5057//713 5059//713
f 5235//714 5059//714 5236//714
f 5236//714 5059//714 5061//714
f 5236//715 5061//715 5237//715
f 5237//715 5061//715 5063//715
f 5237//716 5063//716 5238//716
f 5238//716 5063//716 5065//716
f 5238//717 5065//717 5239//717
f 5239//717 5065//717 5067//717
f 5239//718 5067//718 5240//718
f 5240//718 5067//718 5069//718
f 5240//719 5069//719 5207//719
f 5207//719 5069//719 5003//719
f 5241//720 5242//720 5243//720
f 5243//2 5242//2 5244//2
f 5243//3 5244//3 5245//3
f 5245//4 5244//4 5246//4
f 5245//4 5246//4 5247//4
f 5247//6 5246//5 5248//5
f 5247//6 5248//5 5249//6
f 5249//842 5248//7 5250//7
f 5249//842 5250//7 5251//842
f 5251//8 5250//8 5252//8
f 5251//8 5252//8 5253//8
f 5253//9 5252//10 5254//11
f 5253//9 5254//11 5255//12
f 5242//13 5241//13 5256//13
f 5256//14 5241//14 5257//14
f 5256//15 5257//15 5258//15
f 5258//16 5257//16 5259//16
f 5258//17 5259//17 5260//17
f 5260//18 5259//18 5261//18
f 5260//912 5261//912 5262//912
f 5262//20 5261//20 5263//20
f 5262//722 5263//722 5264//722
f 5264//22 5263//22 5265//22
f 5264//23 5265//23 5266//23
f 5266//24 5265//24 5267//24
f 5266//916 5267//916 5268//916
f 5268//26 5267//26 5269//26
f 5268//27 5269//818 5270//27
f 5270//29 5269//29 5271//29
f 5270//31 5271//31 5272//31
f 5272//32 5271//32 5273//32
f 5272//33 5273//33 5274//33
f 5274//36 5273//36 5275//36
f 5274//844 5275//38 5276//38
f 5276//39 5275//39 5277//39
f 5276//41 5277//41 5278//41
f 5278//724 5277//724 5279//724
f 5279//43 5277//43 5280//43
f 5279//44 5280//44 5281//44
f 5281//820 5280//820 5282//820
f 5281//845 5282//846 5283//48
f 5283//48 5282//846 5284//49
f 5283//51 5284//51 5285//51
f 5285//52 5284//52 5286//52
f 5285//52 5286//52 5287//52
f 5287//53 5286//53 5288//53
f 5287//53 5288//53 5289//53
f 5289//54 5288//54 5290//54
f 5289//54 5290//54 5291//54
f 5291//55 5290//55 5292//55
f 5291//55 5292//55 5293//55
f 5293//56 5292//56 5294//56
f 5293//57 5294//57 5295//57
f 5295//58 5294//58 5296//58
f 5295//59 5296//59 5297//59
f 5297//725 5296//725 5298//725
f 5297//61 5298//61 5299//61
f 5299//62 5298//62 5300//62
f 5299//847 5300//847 5301//847
f 5301//64 5300//64 5302//64
f 5301//65 5302//65 5303//65
f 5303//848 5302//848 5304//848
f 5303//67 5304//67 5305//67
f 5305//68 5304//68 5306//68
f 5305//69 5306//69 5307//69
f 5307//70 5306//70 5308//70
f 5307//71 5308//71 5309//71
f 5309//850 5308//850 5310//850
f 5309//74 5310//74 5311//74
f 5311//75 5310//75 5312//75
f 5311//77 5312//77 5313//77
f 5313//136 5312//136 5314//79
f 5313//729 5314//729 5315//729
f 5315//81 5314//81 5316//81
f 5315//82 5316//82 5317//82
f 5317//83 5316//83 5318//83
f 5317//84 5318//84 5319//84
f 5319//85 5318//85 5320//85
f 5320//86 5318//86 5321//86
f 5320//87 5321//730 5255//89
f 5255//89 5321//730 5253//90
f 5267//91 5322//91 5269//91
f 5269//92 5322//92 5323//92
f 5269//29 5323//29 5271//29
f 5271//93 5323//825 5324//94
f 5271//32 5324//32 5273//32
f 5273//95 5324//95 5325//95
f 5273//36 5325//36 5275//36
f 5275//96 5325//96 5326//851
f 5275//39 5326//39 5277//39
f 5277//97 5326//97 5280//97
f 5322//852 5327//852 5323//852
f 5323//853 5327//853 5328//853
f 5323//825 5328//94 5324//94
f 5324//100 5328//100 5329//100
f 5324//95 5329//95 5325//95
f 5325//102 5329//102 5330//102
f 5325//96 5330//851 5326//851
f 5326//103 5330//103 5331//103
f 5326//97 5331//97 5280//97
f 5280//104 5331//104 5282//104
f 5327//854 5332//854 5328//854
f 5328//735 5332//735 5333//735
f 5328//100 5333//100 5329//100
f 5329//107 5333//107 5334//107
f 5329//102 5334//102 5330//102
f 5330//110 5334//110 5335//110
f 5330//103 5335//103 5331//103
f 5331//111 5335//111 5336//111
f 5331//104 5336//855 5282//104
f 5282//112 5336//112 5284//112
f 5332//113 5337//113 5333//113
f 5333//856 5337//856 5338//856
f 5333//107 5338//107 5334//107
f 5334//122 5338//122 5339//122
f 5334//110 5339//110 5335//110
f 5335//117 5339//117 5340//117
f 5335//111 5340//111 5336//111
f 5336//119 5340//119 5286//119
f 5336//112 5286//112 5284//112
f 5337//120 5341//120 5338//120
f 5338//121 5341//121 5342//121
f 5338//122 5342//122 5339//122
f 5339//736 5342//736 5343//736
f 5339//117 5343//117 5340//117
f 5340//125 5343//125 5288//125
f 5340//119 5288//119 5286//119
f 5341//126 5344//126 5342//126
f 5342//127 5344//127 5345//127
f 5342//736 5345//736 5343//736
f 5343//128 5345//128 5290//128
f 5343//125 5290//737 5288//125
f 5344//129 5346//129 5345//129
f 5345//130 5346//130 5292//130
f 5345//128 5292//128 5290//128
f 5346//56 5294//56 5292//56
f 5308//131 5347//131 5310//131
f 5310//132 5347//132 5348//132
f 5310//75 5348//75 5312//75
f 5312//135 5348//135 5349//135
f 5312//136 5349//79 5314//79
f 5314//137 5349//137 5350//137
f 5314//81 5350//81 5316//81
f 5316//138 5350//138 5351//138
f 5316//83 5351//83 5318//83
f 5318//140 5351//140 5321//140
f 5347//141 5352//141 5348//141
f 5348//741 5352//741 5353//741
f 5348//135 5353//135 5349//135
f 5349//152 5353//152 5354//152
f 5349//137 5354//137 5350//137
f 5350//145 5354//145 5355//145
f 5350//138 5355//138 5351//138
f 5351//146 5355//146 5356//146
f 5351//140 5356//140 5321//140
f 5321//148 5356//148 5253//149
f 5352//743 5357//743 5353//743
f 5353//151 5357//151 5358//151
f 5353//152 5358//152 5354//152
f 5354//153 5358//153 5359//153
f 5354//145 5359//145 5355//145
f 5355//921 5359//155 5360//155
f 5355//146 5360//146 5356//146
f 5356//156 5360//156 5251//156
f 5356//148 5251//149 5253//149
f 5357//157 5361//157 5358//157
f 5358//158 5361//158 5362//158
f 5358//153 5362//153 5359//153
f 5359//159 5362//159 5363//159
f 5359//155 5363//155 5360//155
f 5360//160 5363//160 5249//160
f 5360//156 5249//156 5251//156
f 5361//161 5364//161 5362//161
f 5362//162 5364//162 5365//162
f 5362//159 5365//159 5363//159
f 5363//163 5365//163 5247//163
f 5363//160 5247//160 5249//160
f 5364//164 5366//164 5365//164
f 5365//165 5366//165 5245//165
f 5365//163 5245//163 5247//163
f 5366//745 5243//745 5245//745
f 5319//167 5367//167 5317//167
f 5317//168 5367//168 5368//168
f 5317//82 5368//82 5315//82
f 5315//169 5368//169 5369//169
f 5315//729 5369//729 5313//729
f 5313//171 5369//171 5370//172
f 5313//77 5370//77 5311//77
f 5311//174 5370//174 5371//174
f 5311//74 5371//73 5309//74
f 5309//176 5371//176 5307//176
f 5367//177 5372//177 5368//177
f 5368//178 5372//178 5373//178
f 5368//169 5373//169 5369//169
f 5369//179 5373//179 5374//179
f 5369//171 5374//172 5370//172
f 5370//181 5374//181 5375//181
f 5370//174 5375//174 5371//174
f 5371//183 5375//183 5376//183
f 5371//176 5376//176 5307//176
f 5307//186 5376//186 5305//186
f 5372//187 5377//187 5373//187
f 5373//188 5377//188 5378//188
f 5373//179 5378//179 5374//179
f 5374//189 5378//189 5379//189
f 5374//181 5379//181 5375//181
f 5375//191 5379//191 5380//191
f 5375//183 5380//183 5376//183
f 5376//192 5380//192 5381//192
f 5376//186 5381//186 5305//186
f 5305//751 5381//194 5303//194
f 5377//196 5382//196 5378//196
f 5378//197 5382//197 5383//197
f 5378//189 5383//189 5379//189
f 5379//198 5383//198 5384//206
f 5379//191 5384//191 5380//191
f 5380//200 5384//200 5385//200
f 5380//192 5385//192 5381//192
f 5381//201 5385//201 5386//201
f 5381//194 5386//194 5303//194
f 5303//203 5386//203 5301//203
f 5382//204 5387//204 5383//204
f 5383//205 5387//205 5388//205
f 5383//198 5388//206 5384//206
f 5384//207 5388//207 5389//207
f 5384//200 5389//200 5385//200
f 5385//210 5389//210 5390//210
f 5385//201 5390//201 5386//201
f 5386//211 5390//211 5391//211
f 5386//203 5391//203 5301//203
f 5301//213 5391//213 5299//213
f 5387//214 5392//214 5388//214
f 5388//215 5392//215 5393//215
f 5388//207 5393//207 5389//207
f 5389//216 5393//216 5394//755
f 5389//210 5394//210 5390//210
f 5390//217 5394//217 5395//217
f 5390//211 5395//211 5391//211
f 5391//220 5395//220 5396//220
f 5391//213 5396//213 5299//213
f 5299//756 5396//756 5297//756
f 5392//222 5397//222 5393//222
f 5393//223 5397//223 5398//223
f 5393//216 5398//755 5394//755
f 5394//225 5398//225 5399//224
f 5394//217 5399//217 5395//217
f 5395//227 5399//227 5400//227
f 5395//220 5400//220 5396//220
f 5396//228 5400//228 5401//228
f 5396//756 5401//756 5297//756
f 5297//230 5401//230 5295//229
f 5397//231 5402//231 5398//231
f 5398//232 5402//232 5403//232
f 5398//225 5403//224 5399//224
f 5399//234 5403//234 5404//234
f 5399//227 5404//227 5400//227
f 5400//235 5404//235 5405//235
f 5400//228 5405//228 5401//228
f 5401//236 5405//236 5406//236
f 5401//230 5406//229 5295//229
f 5295//237 5406//237 5293//237
f 5402//238 5407//238 5403//238
f 5403//239 5407//239 5408//239
f 5403//234 5408//234 5404//234
f 5404//240 5408//240 5409//240
f 5404//235 5409//235 5405//235
f 5405//241 5409//241 5410//241
f 5405//236 5410//236 5406//236
f 5406//244 5410//243 5291//859
f 5406//237 5291//237 5293//237
f 5407//758 5411//758 5408//758
f 5408//246 5411//246 5412//246
f 5408//240 5412//240 5409//240
f 5409//247 5412//247 5413//860
f 5409//241 5413//241 5410//241
f 5410//248 5413//248 5289//248
f 5410//243 5289//859 5291//859
f 5411//250 5414//250 5412//250
f 5412//861 5414//861 5415//861
f 5412//247 5415//860 5413//860
f 5413//252 5415//252 5287//253
f 5413//248 5287//248 5289//248
f 5414//862 5416//255 5415//863
f 5415//863 5416//255 5285//257
f 5415//252 5285//253 5287//253
f 5416//51 5283//51 5285//51
f 5278//258 5417//258 5276//258
f 5276//259 5417//259 5418//259
f 5276//38 5418//844 5274//844
f 5274//260 5418//260 5419//260
f 5274//33 5419//33 5272//33
f 5272//261 5419//261 5420//261
f 5272//31 5420//31 5270//31
f 5270//262 5420//262 5421//262
f 5270//27 5421//27 5268//27
f 5268//263 5421//263 5266//263
f 5417//265 5422//265 5418//265
f 5418//266 5422//266 5423//266
f 5418//260 5423//260 5419//260
f 5419//267 5423//267 5424//267
f 5419//261 5424//261 5420//261
f 5420//269 5424//269 5425//269
f 5420//262 5425//262 5421//262
f 5421//270 5425//270 5426//270
f 5421//263 5426//263 5266//263
f 5266//864 5426//864 5264//272
f 5422//273 5427//273 5423//273
f 5423//274 5427//274 5428//274
f 5423//267 5428//267 5424//267
f 5424//275 5428//275 5429//276
f 5424//269 5429//269 5425//269
f 5425//277 5429//277 5430//277
f 5425//270 5430//270 5426//270
f 5426//279 5430//279 5431//279
f 5426//864 5431//272 5264//272
f 5264//280 5431//280 5262//280
f 5427//282 5432//282 5428//282
f 5428//283 5432//283 5433//283
f 5428//275 5433//276 5429//276
f 5429//284 5433//284 5434//284
f 5429//277 5434//277 5430//277
f 5430//865 5434//865 5435//865
f 5430//279 5435//279 5431//279
f 5431//866 5435//866 5436//867
f 5431//280 5436//280 5262//280
f 5262//289 5436//289 5260//288
f 5432//290 5437//290 5433//290
f 5433//291 5437//291 5438//291
f 5433//284 5438//284 5434//284
f 5434//292 5438//292 5439//292
f 5434//865 5439//865 5435//865
f 5435//294 5439//760 5440//293
f 5435//866 5440//867 5436//867
f 5436//295 5440//295 5441//295
f 5436//289 5441//288 5260//288
f 5260//296 5441//296 5258//296
f 5437//297 5442//297 5438//297
f 5438//298 5442//298 5443//298
f 5438//292 5443//292 5439//292
f 5439//299 5443//299 5444//299
f 5439//760 5444//293 5440//293
f 5440//300 5444//300 5445//300
f 5440//295 5445//295 5441//295
f 5441//301 5445//301 5446//301
f 5441//296 5446//296 5258//296
f 5258//302 5446//302 5256//302
f 5442//303 5447//303 5443//303
f 5443//304 5447//304 5448//304
f 5443//299 5448//299 5444//299
f 5444//305 5448//305 5449//305
f 5444//300 5449//300 5445//300
f 5445//307 5449//307 5450//307
f 5445//301 5450//301 5446//301
f 5446//868 5450//762 5451//308
f 5446//302 5451//302 5256//302
f 5256//309 5451//309 5242//309
f 5447//310 5452//310 5448//310
f 5448//311 5452//311 5453//311
f 5448//305 5453//305 5449//305
f 5449//312 5453//312 5454//312
f 5449//307 5454//307 5450//307
f 5450//314 5454//314 5455//314
f 5450//762 5455//308 5451//308
f 5451//315 5455//315 5456//315
f 5451//309 5456//309 5242//309
f 5242//316 5456//316 5244//316
f 5452//317 5457//317 5453//317
f 5453//318 5457//318 5458//318
f 5453//312 5458//312 5454//312
f 5454//922 5458//319 5459//319
f 5454//314 5459//314 5455//314
f 5455//320 5459//320 5460//320
f 5455//315 5460//315 5456//315
f 5456//321 5460//321 5246//321
f 5456//316 5246//316 5244//316
f 5457//323 5461//323 5458//323
f 5458//324 5461//324 5462//324
f 5458//319 5462//319 5459//319
f 5459//325 5462//325 5463//326
f 5459//320 5463//320 5460//320
f 5460//327 5463//327 5248//327
f 5460//321 5248//321 5246//321
f 5461//328 5464//329 5462//330
f 5462//330 5464//329 5465//331
f 5462//325 5465//326 5463//326
f 5463//332 5465//332 5250//332
f 5463//327 5250//327 5248//327
f 5464//333 5254//334 5465//335
f 5465//335 5254//334 5252//336
f 5465//332 5252//332 5250//332
f 5466//337 5467//337 5254//337
f 5254//337 5467//337 5468//337
f 5254//337 5468//337 5255//337
f 5255//337 5468//337 5469//337
f 5255//337 5469//337 5320//337
f 5320//337 5469//337 5470//337
f 5320//337 5470//337 5319//337
f 5319//337 5470//337 5471//337
f 5319//337 5471//337 5367//337
f 5367//337 5471//337 5472//337
f 5367//337 5472//337 5372//337
f 5372//337 5472//337 5473//337
f 5372//337 5473//337 5377//337
f 5377//337 5473//337 5474//337
f 5377//337 5474//337 5382//337
f 5382//337 5474//337 5475//337
f 5382//337 5475//337 5387//337
f 5387//337 5475//337 5476//337
f 5387//337 5476//337 5392//337
f 5392//337 5476//337 5477//337
f 5392//337 5477//337 5397//337
f 5397//337 5477//337 5478//337
f 5397//337 5478//337 5402//337
f 5402//337 5478//337 5479//337
f 5402//337 5479//337 5407//337
f 5407//337 5479//337 5480//337
f 5407//337 5480//337 5411//337
f 5411//337 5480//337 5481//337
f 5411//337 5481//337 5414//337
f 5414//337 5481//337 5482//337
f 5414//337 5482//337 5416//337
f 5416//337 5482//337 5483//337
f 5416//337 5483//337 5283//337
f 5283//337 5483//337 5484//337
f 5283//337 5484//337 5281//337
f 5281//337 5484//337 5485//337
f 5281//337 5485//337 5279//337
f 5279//337 5485//337 5486//337
f 5279//337 5486//337 5278//337
f 5278//337 5486//337 5487//337
f 5278//337 5487//337 5417//337
f 5417//337 5487//337 5488//337
f 5417//337 5488//337 5422//337
f 5422//337 5488//337 5489//337
f 5422//337 5489//337 5427//337
f 5427//337 5489//337 5490//337
f 5427//337 5490//337 5432//337
f 5432//337 5490//337 5491//337
f 5432//337 5491//337 5437//337
f 5437//337 5491//337 5492//337
f 5437//337 5492//337 5442//337
f 5442//337 5492//337 5493//337
f 5442//337 5493//337 5447//337
f 5447//337 5493//337 5494//337
f 5447//337 5494//337 5452//337
f 5452//337 5494//337 5495//337
f 5452//337 5495//337 5457//337
f 5457//337 5495//337 5496//337
f 5457//337 5496//337 5461//337
f 5461//337 5496//337 5497//337
f 5461//337 5497//337 5464//337
f 5464//337 5497//337 5466//337
f 5464//337 5466//337 5254//337
f 5498//338 5241//338 5499//338
f 5499//338 5241//338 5243//338
f 5499//339 5243//339 5500//339
f 5500//339 5243//339 5366//339
f 5500//340 5366//340 5501//340
f 5501//340 5366//340 5364//340
f 5501//341 5364//341 5502//341
f 5502//341 5364//341 5361//341
f 5502//342 5361//342 5503//342
f 5503//342 5361//342 5357//342
f 5503//343 5357//343 5504//343
f 5504//343 5357//343 5352//343
f 5504//344 5352//344 5505//344
f 5505//344 5352//344 5347//344
f 5505//345 5347//345 5506//345
f 5506//345 5347//345 5308//345
f 5506//346 5308//346 5507//346
f 5507//346 5308//346 5306//346
f 5507//347 5306//347 5508//347
f 5508//347 5306//347 5304//347
f 5508//348 5304//348 5509//348
f 5509//348 5304//348 5302//348
f 5509//349 5302//349 5510//349
f 5510//349 5302//349 5300//349
f 5510//350 5300//350 5511//350
f 5511//350 5300//350 5298//350
f 5511//351 5298//351 5512//351
f 5512//351 5298//351 5296//351
f 5512//352 5296//352 5513//352
f 5513//352 5296//352 5294//352
f 5513//353 5294//353 5514//353
f 5514//353 5294//353 5346//353
f 5514//354 5346//354 5515//354
f 5515//354 5346//354 5344//354
f 5515//355 5344//355 5516//355
f 5516//355 5344//355 5341//355
f 5516//356 5341//356 5517//356
f 5517//356 5341//356 5337//356
f 5517//357 5337//357 5518//357
f 5518//357 5337//357 5332//357
f 5518//358 5332//358 5519//358
f 5519//358 5332//358 5327//358
f 5519//359 5327//359 5520//359
f 5520//359 5327//359 5322//359
f 5520//360 5322//360 5521//360
f 5521//360 5322//360 5267//360
f 5521//361 5267//361 5522//361
f 5522//361 5267//361 5265//361
f 5522//362 5265//362 5523//362
f 5523//362 5265//362 5263//362
f 5523//363 5263//363 5524//363
f 5524//363 5263//363 5261//363
f 5524//364 5261//364 5525//364
f 5525//364 5261//364 5259//364
f 5525//365 5259//365 5526//365
f 5526//365 5259//365 5257//365
f 5526//366 5257//366 5498//366
f 5498//366 5257//366 5241//366
f 5527//367 5528//367 5529//367
f 5529//367 5528//367 5530//367
f 5529//368 5530//368 5531//368
f 5531//368 5530//368 5532//368
f 5531//369 5532//369 5533//369
f 5533//369 5532//369 5534//369
f 5533//371 5534//371 5535//371
f 5535//371 5534//371 5536//372
f 5535//373 5536//373 5537//374
f 5537//374 5536//373 5538//374
f 5537//375 5538//375 5539//375
f 5539//375 5538//375 5540//375
f 5539//376 5540//376 5541//376
f 5541//376 5540//376 5542//376
f 5541//870 5542//870 5543//379
f 5543//379 5542//870 5544//379
f 5543//381 5544//381 5545//381
f 5545//381 5544//381 5546//381
f 5545//383 5546//383 5547//383
f 5547//383 5546//383 5548//383
f 5547//385 5548//385 5549//871
f 5549//871 5548//385 5550//871
f 5549//386 5550//386 5551//805
f 5551//805 5550//386 5552//805
f 5551//388 5552//388 5553//388
f 5553//388 5552//388 5554//388
f 5553//389 5554//389 5555//389
f 5555//389 5554//389 5556//389
f 5555//765 5556//390 5557//390
f 5557//390 5556//390 5558//390
f 5557//391 5558//391 5559//392
f 5559//392 5558//391 5560//392
f 5559//393 5560//393 5561//393
f 5561//393 5560//393 5562//393
f 5561//394 5562//394 5563//394
f 5563//394 5562//394 5564//394
f 5563//395 5564//395 5565//395
f 5565//395 5564//395 5566//395
f 5565//396 5566//396 5567//396
f 5567//396 5566//396 5568//396
f 5567//397 5568//397 5569//398
f 5569//398 5568//397 5570//398
f 5569//399 5570//399 5571//767
f 5571//767 5570//399 5572//767
f 5571//400 5572//400 5573//400
f 5573//400 5572//400 5574//400
f 5573//401 5574//401 5575//401
f 5575//401 5574//401 5576//401
f 5575//872 5576//872 5577//404
f 5577//404 5576//872 5578//404
f 5577//405 5578//405 5579//405
f 5579//405 5578//405 5580//405
f 5579//406 5580//406 5581//406
f 5581//406 5580//406 5582//406
f 5581//407 5582//407 5583//873
f 5583//873 5582//407 5584//873
f 5583//408 5584//408 5585//874
f 5585//874 5584//408 5586//874
f 5585//410 5586//410 5587//410
f 5587//410 5586//410 5588//410
f 5587//411 5588//411 5589//411
f 5589//411 5588//411 5590//411
f 5589//412 5590//412 5591//413
f 5591//413 5590//412 5592//413
f 5591//414 5592//414 5593//771
f 5593//771 5592//414 5594//771
f 5593//415 5594//415 5527//415
f 5527//415 5594//415 5528//415
f 5466//416 5595//417 5467//875
f 5467//875 5595//417 5596//876
f 5467//877 5596//878 5597//422
f 5597//423 5596//423 5598//423
f 5597//423 5598//423 5599//423
f 5599//424 5598//424 5600//424
f 5599//424 5600//424 5601//424
f 5601//425 5600//425 5602//425
f 5601//425 5602//425 5603//425
f 5603//426 5602//426 5530//426
f 5603//426 5530//426 5528//426
f 5595//879 5466//428 5604//429
f 5604//429 5466//428 5497//430
f 5604//431 5497//431 5605//431
f 5605//432 5497//432 5496//432
f 5605//433 5496//433 5606//433
f 5606//434 5496//434 5495//434
f 5606//435 5495//435 5607//435
f 5607//436 5495//436 5494//436
f 5607//437 5494//437 5608//437
f 5608//438 5494//438 5493//438
f 5608//439 5493//439 5609//439
f 5609//440 5493//440 5492//440
f 5609//441 5492//441 5610//441
f 5610//442 5492//442 5491//442
f 5610//443 5491//443 5611//443
f 5611//444 5491//444 5490//444
f 5611//445 5490//445 5612//445
f 5612//446 5490//446 5489//446
f 5612//447 5489//447 5613//447
f 5613//448 5489//448 5488//448
f 5613//449 5488//449 5614//449
f 5614//450 5488//450 5487//450
f 5614//451 5487//451 5615//451
f 5615//452 5487//452 5486//452
f 5615//880 5486//880 5616//880
f 5616//454 5486//454 5485//454
f 5616//455 5485//455 5617//455
f 5617//456 5485//457 5484//458
f 5617//456 5484//458 5618//881
f 5618//460 5484//461 5483//882
f 5618//460 5483//882 5619//883
f 5619//884 5483//465 5620//466
f 5619//467 5620//467 5621//467
f 5621//468 5620//468 5622//469
f 5621//470 5622//470 5623//470
f 5623//471 5622//471 5624//471
f 5623//472 5624//472 5625//472
f 5625//475 5624//475 5626//475
f 5625//477 5626//476 5572//476
f 5572//479 5626//479 5574//478
f 5483//465 5482//480 5620//466
f 5620//885 5482//482 5627//483
f 5620//468 5627//469 5622//469
f 5622//484 5627//484 5628//484
f 5622//471 5628//471 5624//471
f 5624//486 5628//486 5629//486
f 5624//475 5629//475 5626//475
f 5626//487 5629//487 5630//487
f 5626//479 5630//478 5574//478
f 5574//488 5630//488 5576//488
f 5482//482 5481//489 5627//483
f 5627//490 5481//490 5631//490
f 5627//484 5631//484 5628//484
f 5628//491 5631//491 5632//491
f 5628//486 5632//486 5629//486
f 5629//492 5632//492 5633//492
f 5629//487 5633//487 5630//487
f 5630//493 5633//493 5634//493
f 5630//488 5634//488 5576//488
f 5576//494 5634//494 5578//494
f 5481//495 5480//495 5631//495
f 5631//496 5480//496 5635//496
f 5631//491 5635//491 5632//491
f 5632//497 5635//497 5636//497
f 5632//492 5636//492 5633//492
f 5633//808 5636//808 5637//923
f 5633//493 5637//493 5634//493
f 5634//500 5637//500 5638//499
f 5634//494 5638//494 5578//494
f 5578//888 5638//888 5580//888
f 5480//503 5479//503 5635//503
f 5635//504 5479//504 5639//504
f 5635//497 5639//497 5636//497
f 5636//505 5639//505 5640//506
f 5636//808 5640//923 5637//923
f 5637//509 5640//509 5641//509
f 5637//500 5641//499 5638//499
f 5638//510 5641//510 5642//510
f 5638//888 5642//888 5580//888
f 5580//512 5642//512 5582//512
f 5479//513 5478//513 5639//513
f 5639//514 5478//514 5643//514
f 5639//505 5643//506 5640//506
f 5640//809 5643//809 5644//809
f 5640//509 5644//509 5641//509
f 5641//517 5644//517 5645//517
f 5641//510 5645//510 5642//510
f 5642//519 5645//519 5646//519
f 5642//512 5646//512 5582//512
f 5582//890 5646//890 5584//890
f 5478//522 5477//522 5643//522
f 5643//523 5477//523 5647//523
f 5643//809 5647//809 5644//809
f 5644//525 5647//525 5648//525
f 5644//517 5648//517 5645//517
f 5645//526 5648//526 5649//526
f 5645//519 5649//519 5646//519
f 5646//527 5649//527 5650//527
f 5646//890 5650//890 5584//890
f 5584//528 5650//528 5586//528
f 5477//529 5476//529 5647//529
f 5647//530 5476//530 5651//530
f 5647//525 5651//525 5648//525
f 5648//531 5651//531 5652//531
f 5648//526 5652//526 5649//526
f 5649//532 5652//532 5653//532
f 5649//527 5653//527 5650//527
f 5650//534 5653//534 5654//533
f 5650//528 5654//528 5586//528
f 5586//535 5654//535 5588//535
f 5476//536 5475//536 5651//536
f 5651//537 5475//537 5655//537
f 5651//531 5655//531 5652//531
f 5652//539 5655//539 5656//539
f 5652//532 5656//532 5653//532
f 5653//779 5656//779 5657//779
f 5653//534 5657//533 5654//533
f 5654//543 5657//543 5658//543
f 5654//535 5658//535 5588//535
f 5588//545 5658//545 5590//544
f 5475//546 5474//546 5655//546
f 5655//547 5474//547 5659//547
f 5655//539 5659//539 5656//539
f 5656//891 5659//891 5660//891
f 5656//779 5660//779 5657//779
f 5657//915 5660//550 5661//550
f 5657//543 5661//543 5658//543
f 5658//551 5661//551 5662//551
f 5658//545 5662//544 5590//544
f 5590//554 5662//554 5592//553
f 5474//555 5473//555 5659//555
f 5659//556 5473//556 5663//556
f 5659//891 5663//891 5660//891
f 5660//557 5663//557 5664//557
f 5660//550 5664//550 5661//550
f 5661//559 5664//559 5665//559
f 5661//551 5665//551 5662//551
f 5662//561 5665//561 5666//562
f 5662//554 5666//553 5592//553
f 5592//563 5666//563 5594//563
f 5473//564 5472//564 5663//564
f 5663//565 5472//565 5667//565
f 5663//557 5667//557 5664//557
f 5664//566 5667//566 5668//566
f 5664//559 5668//559 5665//559
f 5665//567 5668//567 5669//567
f 5665//561 5669//562 5666//562
f 5666//892 5669//783 5670//568
f 5666//563 5670//563 5594//563
f 5594//569 5670//569 5528//569
f 5472//570 5471//570 5667//570
f 5667//571 5471//571 5671//571
f 5667//566 5671//566 5668//566
f 5668//572 5671//572 5672//572
f 5668//567 5672//567 5669//567
f 5669//573 5672//573 5673//573
f 5669//783 5673//568 5670//568
f 5670//575 5673//575 5603//575
f 5670//569 5603//569 5528//569
f 5471//576 5470//576 5671//576
f 5671//784 5470//784 5674//784
f 5671//572 5674//572 5672//572
f 5672//578 5674//578 5675//578
f 5672//573 5675//573 5673//573
f 5673//579 5675//579 5601//579
f 5673//575 5601//575 5603//575
f 5470//580 5469//580 5674//580
f 5674//581 5469//581 5676//581
f 5674//578 5676//578 5675//578
f 5675//582 5676//582 5599//893
f 5675//579 5599//579 5601//579
f 5469//583 5468//584 5676//585
f 5676//585 5468//584 5597//894
f 5676//582 5597//893 5599//893
f 5468//587 5467//877 5597//422
f 5564//588 5677//588 5566//588
f 5566//588 5677//588 5678//588
f 5566//589 5678//589 5568//589
f 5568//589 5678//589 5679//589
f 5568//590 5679//590 5570//590
f 5570//590 5679//590 5625//590
f 5570//477 5625//477 5572//476
f 5677//591 5680//591 5678//591
f 5678//591 5680//591 5681//591
f 5678//592 5681//592 5679//592
f 5679//592 5681//592 5623//592
f 5679//472 5623//472 5625//472
f 5677//593 5564//593 5682//593
f 5682//593 5564//593 5562//593
f 5682//594 5562//594 5683//594
f 5683//594 5562//594 5560//594
f 5683//595 5560//595 5684//595
f 5684//595 5560//595 5558//595
f 5684//596 5558//596 5685//596
f 5685//596 5558//596 5556//596
f 5685//597 5556//597 5686//597
f 5686//597 5556//597 5554//597
f 5686//599 5554//599 5687//599
f 5687//599 5554//599 5552//599
f 5687//601 5552//601 5688//601
f 5688//601 5552//601 5550//601
f 5688//602 5550//602 5689//602
f 5689//602 5550//602 5548//602
f 5689//605 5548//605 5690//605
f 5690//605 5548//605 5546//605
f 5690//788 5546//788 5691//788
f 5691//788 5546//788 5544//788
f 5691//608 5544//608 5692//608
f 5692//608 5544//608 5542//608
f 5692//609 5542//609 5693//609
f 5693//609 5542//609 5540//609
f 5693//611 5540//610 5694//610
f 5694//610 5540//610 5538//610
f 5694//614 5538//614 5695//613
f 5695//613 5538//614 5536//613
f 5695//615 5536//615 5696//615
f 5696//615 5536//615 5534//615
f 5696//616 5534//616 5697//616
f 5697//616 5534//616 5532//616
f 5697//617 5532//617 5602//617
f 5602//617 5532//617 5530//617
f 5680//618 5698//618 5681//618
f 5681//618 5698//618 5621//618
f 5681//470 5621//470 5623//470
f 5680//619 5677//619 5699//619
f 5699//619 5677//619 5682//619
f 5699//620 5682//620 5700//620
f 5700//620 5682//620 5683//620
f 5700//622 5683//622 5701//622
f 5701//622 5683//622 5684//621
f 5701//790 5684//790 5702//623
f 5702//623 5684//790 5685//623
f 5702//625 5685//625 5703//625
f 5703//625 5685//625 5686//625
f 5703//626 5686//626 5704//626
f 5704//626 5686//626 5687//626
f 5704//629 5687//628 5705//628
f 5705//628 5687//628 5688//628
f 5705//630 5688//630 5706//630
f 5706//630 5688//630 5689//630
f 5706//631 5689//631 5707//631
f 5707//631 5689//631 5690//631
f 5707//633 5690//633 5708//633
f 5708//633 5690//633 5691//633
f 5708//634 5691//634 5709//634
f 5709//634 5691//634 5692//634
f 5709//635 5692//635 5710//635
f 5710//635 5692//635 5693//635
f 5710//636 5693//636 5711//636
f 5711//636 5693//636 5694//636
f 5711//639 5694//639 5712//639
f 5712//639 5694//639 5695//639
f 5712//794 5695//794 5713//640
f 5713//640 5695//794 5696//640
f 5713//641 5696//641 5714//641
f 5714//641 5696//641 5697//641
f 5714//642 5697//642 5600//642
f 5600//642 5697//642 5602//642
f 5618//643 5619//643 5698//643
f 5698//467 5619//467 5621//467
f 5698//644 5680//644 5715//644
f 5715//644 5680//644 5699//644
f 5715//645 5699//645 5716//645
f 5716//645 5699//645 5700//645
f 5716//646 5700//646 5717//795
f 5717//795 5700//646 5701//795
f 5717//897 5701//897 5718//647
f 5718//647 5701//897 5702//647
f 5718//648 5702//648 5719//648
f 5719//648 5702//648 5703//648
f 5719//811 5703//811 5720//649
f 5720//649 5703//811 5704//649
f 5720//812 5704//812 5721//812
f 5721//812 5704//812 5705//812
f 5721//651 5705//651 5722//651
f 5722//651 5705//651 5706//651
f 5722//652 5706//652 5723//652
f 5723//652 5706//652 5707//652
f 5723//653 5707//653 5724//653
f 5724//653 5707//653 5708//653
f 5724//654 5708//654 5725//654
f 5725//654 5708//654 5709//654
f 5725//657 5709//657 5726//924
f 5726//924 5709//657 5710//925
f 5726//658 5710//658 5727//658
f 5727//658 5710//658 5711//658
f 5727//659 5711//659 5728//659
f 5728//659 5711//659 5712//659
f 5728//661 5712//661 5729//661
f 5729//661 5712//661 5713//661
f 5729//662 5713//662 5730//662
f 5730//662 5713//662 5714//662
f 5730//663 5714//663 5598//663
f 5598//663 5714//663 5600//663
f 5730//664 5598//664 5596//664
f 5730//664 5596//664 5595//664
f 5617//665 5618//898 5715//898
f 5715//643 5618//643 5698//643
f 5617//665 5715//898 5716//665
f 5616//666 5617//666 5716//666
f 5616//666 5716//666 5717//666
f 5615//667 5616//667 5717//667
f 5615//667 5717//667 5718//667
f 5614//668 5615//668 5718//668
f 5614//668 5718//668 5719//668
f 5613//669 5614//669 5719//669
f 5613//669 5719//669 5720//669
f 5612//815 5613//815 5720//815
f 5612//815 5720//815 5721//815
f 5611//674 5612//673 5721//673
f 5611//674 5721//673 5722//674
f 5610//675 5611//675 5722//675
f 5610//675 5722//675 5723//675
f 5609//676 5610//676 5723//676
f 5609//676 5723//676 5724//676
f 5608//816 5609//816 5724//816
f 5608//816 5724//816 5725//816
f 5607//678 5608//679 5725//679
f 5607//678 5725//679 5726//678
f 5606//680 5607//680 5726//680
f 5606//680 5726//680 5727//680
f 5605//681 5606//681 5727//681
f 5605//681 5727//681 5728//681
f 5604//683 5605//683 5728//683
f 5604//683 5728//683 5729//683
f 5595//685 5604//685 5729//685
f 5595//685 5729//685 5730//684
f 5731//686 5527//686 5732//686
f 5732//686 5527//686 5529//686
f 5732//687 5529//687 5733//687
f 5733//687 5529//687 5531//687
f 5733//688 5531//688 5734//688
f 5734//688 5531//688 5533//688
f 5734//689 5533//689 5735//689
f 5735//689 5533//689 5535//689
f 5735//690 5535//690 5736//690
f 5736//690 5535//690 5537//690
f 5736//691 5537//691 5737//691
f 5737//691 5537//691 5539//691
f 5737//692 5539//692 5738//692
f 5738//692 5539//692 5541//692
f 5738//693 5541//693 5739//693
f 5739//693 5541//693 5543//693
f 5739//694 5543//694 5740//694
f 5740//694 5543//694 5545//694
f 5740//695 5545//695 5741//695
f 5741//695 5545//695 5547//695
f 5741//696 5547//696 5742//696
f 5742//696 5547//696 5549//696
f 5742//697 5549//697 5743//697
f 5743//697 5549//697 5551//697
f 5743//698 5551//698 5744//698
f 5744//698 5551//698 5553//698
f 5744//699 5553//699 5745//699
f 5745//699 5553//699 5555//699
f 5745//700 5555//700 5746//700
f 5746//700 5555//700 5557//700
f 5746//701 5557//701 5747//701
f 5747//701 5557//701 5559//701
f 5747//702 5559//702 5748//702
f 5748//702 5559//702 5561//702
f 5748//703 5561//703 5749//703
f 5749//703 5561//703 5563//703
f 5749//704 5563//704 5750//704
f 5750//704 5563//704 5565//704
f 5750//705 5565//705 5751//705
f 5751//705 5565//705 5567//705
f 5751//706 5567//706 5752//706
f 5752//706 5567//706 5569//706
f 5752//707 5569//707 5753//707
f 5753//707 5569//707 5571//707
f 5753//708 5571//708 5754//708
f 5754//708 5571//708 5573//708
f 5754//709 5573//709 5755//709
f 5755//709 5573//709 5575//709
f 5755//710 5575//710 5756//710
f 5756//710 5575//710 5577//710
f 5756//711 5577//711 5757//711
f 5757//711 5577//711 5579//711
f 5757//712 5579//712 5758//712
f 5758//712 5579//712 5581//712
f 5758//713 5581//713 5759//713
f 5759//713 5581//713 5583//713
f 5759//714 5583//714 5760//714
f 5760//714 5583//714 5585//714
f 5760//715 5585//715 5761//715
f 5761//715 5585//715 5587//715
f 5761//716 5587//716 5762//716
f 5762//716 5587//716 5589//716
f 5762//717 5589//717 5763//717
f 5763//717 5589//717 5591//717
f 5763//718 5591//718 5764//718
f 5764//718 5591//718 5593//718
f 5764//719 5593//719 5731//719
f 5731//719 5593//719 5527//719
f 5765//1 5766//1 5767//1
f 5767//2 5766//2 5768//2
f 5767//3 5768//3 5769//3
f 5769//4 5768//4 5770//4
f 5769//4 5770//4 5771//4
f 5771//5 5770//6 5772//6
f 5771//5 5772//6 5773//5
f 5773//842 5772//7 5774//7
f 5773//842 5774//7 5775//842
f 5775//8 5774//8 5776//8
f 5775//8 5776//8 5777//8
f 5777//9 5776//10 5778//11
f 5777//9 5778//11 5779//12
f 5766//13 5765//13 5780//13
f 5780//14 5765//14 5781//14
f 5780//15 5781//15 5782//15
f 5782//16 5781//16 5783//16
f 5782//17 5783//17 5784//17
f 5784//18 5783//18 5785//18
f 5784//19 5785//19 5786//19
f 5786//721 5785//721 5787//721
f 5786//722 5787//722 5788//722
f 5788//22 5787//22 5789//22
f 5788//23 5789//23 5790//23
f 5790//24 5789//24 5791//24
f 5790//916 5791//916 5792//916
f 5792//26 5791//26 5793//26
f 5792//27 5793//818 5794//27
f 5794//29 5793//29 5795//29
f 5794//31 5795//31 5796//31
f 5796//32 5795//32 5797//32
f 5796//33 5797//33 5798//33
f 5798//36 5797//36 5799//36
f 5798//844 5799//38 5800//38
f 5800//39 5799//39 5801//39
f 5800//41 5801//41 5802//41
f 5802//724 5801//724 5803//724
f 5803//43 5801//43 5804//43
f 5803//44 5804//44 5805//44
f 5805//820 5804//820 5806//820
f 5805//845 5806//846 5807//48
f 5807//48 5806//846 5808//49
f 5807//51 5808//51 5809//51
f 5809//52 5808//52 5810//52
f 5809//52 5810//52 5811//52
f 5811//53 5810//53 5812//53
f 5811//53 5812//53 5813//53
f 5813//54 5812//54 5814//54
f 5813//54 5814//54 5815//54
f 5815//55 5814//55 5816//55
f 5815//55 5816//55 5817//55
f 5817//56 5816//56 5818//56
f 5817//57 5818//57 5819//57
f 5819//58 5818//58 5820//58
f 5819//59 5820//59 5821//59
f 5821//725 5820//725 5822//725
f 5821//61 5822//61 5823//61
f 5823//62 5822//62 5824//62
f 5823//847 5824//847 5825//847
f 5825//64 5824//64 5826//64
f 5825//727 5826//727 5827//727
f 5827//848 5826//848 5828//848
f 5827//67 5828//67 5829//67
f 5829//68 5828//68 5830//68
f 5829//849 5830//849 5831//849
f 5831//70 5830//70 5832//70
f 5831//823 5832//823 5833//823
f 5833//850 5832//850 5834//850
f 5833//74 5834//74 5835//74
f 5835//75 5834//75 5836//75
f 5835//77 5836//77 5837//77
f 5837//136 5836//136 5838//79
f 5837//729 5838//729 5839//729
f 5839//81 5838//81 5840//81
f 5839//82 5840//82 5841//82
f 5841//83 5840//83 5842//83
f 5841//84 5842//84 5843//84
f 5843//85 5842//85 5844//85
f 5844//86 5842//86 5845//86
f 5844//87 5845//88 5779//89
f 5779//89 5845//88 5777//90
f 5791//91 5846//91 5793//91
f 5793//92 5846//92 5847//92
f 5793//29 5847//29 5795//29
f 5795//94 5847//94 5848//825
f 5795//32 5848//32 5797//32
f 5797//95 5848//95 5849//95
f 5797//36 5849//36 5799//36
f 5799//96 5849//96 5850//851
f 5799//39 5850//39 5801//39
f 5801//97 5850//97 5804//97
f 5846//852 5851//852 5847//852
f 5847//853 5851//853 5852//853
f 5847//94 5852//825 5848//825
f 5848//100 5852//100 5853//100
f 5848//95 5853//95 5849//95
f 5849//102 5853//102 5854//102
f 5849//96 5854//851 5850//851
f 5850//103 5854//103 5855//103
f 5850//97 5855//97 5804//97
f 5804//104 5855//104 5806//104
f 5851//854 5856//854 5852//854
f 5852//106 5856//106 5857//106
f 5852//100 5857//100 5853//100
f 5853//107 5857//107 5858//107
f 5853//102 5858//102 5854//102
f 5854//110 5858//110 5859//110
f 5854//103 5859//103 5855//103
f 5855//111 5859//111 5860//111
f 5855//104 5860//855 5806//104
f 5806//112 5860//112 5808//112
f 5856//113 5861//113 5857//113
f 5857//856 5861//856 5862//856
f 5857//107 5862//107 5858//107
f 5858//122 5862//122 5863//122
f 5858//110 5863//110 5859//110
f 5859//117 5863//117 5864//117
f 5859//111 5864//111 5860//111
f 5860//118 5864//118 5810//119
f 5860//112 5810//112 5808//112
f 5861//120 5865//120 5862//120
f 5862//121 5865//121 5866//121
f 5862//122 5866//122 5863//122
f 5863//736 5866//736 5867//736
f 5863//117 5867//117 5864//117
f 5864//125 5867//125 5812//125
f 5864//118 5812//119 5810//119
f 5865//126 5868//126 5866//126
f 5866//127 5868//127 5869//127
f 5866//736 5869//736 5867//736
f 5867//128 5869//128 5814//128
f 5867//125 5814//125 5812//125
f 5868//129 5870//129 5869//129
f 5869//130 5870//130 5816//130
f 5869//128 5816//128 5814//128
f 5870//56 5818//56 5816//56
f 5832//131 5871//131 5834//131
f 5834//132 5871//132 5872//132
f 5834//75 5872//75 5836//75
f 5836//135 5872//135 5873//135
f 5836//136 5873//79 5838//79
f 5838//137 5873//137 5874//137
f 5838//81 5874//81 5840//81
f 5840//138 5874//138 5875//138
f 5840//83 5875//83 5842//83
f 5842//140 5875//140 5845//140
f 5871//141 5876//141 5872//141
f 5872//741 5876//741 5877//741
f 5872//135 5877//135 5873//135
f 5873//152 5877//152 5878//144
f 5873//137 5878//137 5874//137
f 5874//145 5878//145 5879//145
f 5874//138 5879//138 5875//138
f 5875//146 5879//146 5880//146
f 5875//140 5880//140 5845//140
f 5845//148 5880//148 5777//149
f 5876//743 5881//743 5877//743
f 5877//831 5881//831 5882//831
f 5877//152 5882//144 5878//144
f 5878//153 5882//153 5883//153
f 5878//145 5883//145 5879//145
f 5879//155 5883//155 5884//155
f 5879//146 5884//146 5880//146
f 5880//156 5884//156 5775//156
f 5880//148 5775//149 5777//149
f 5881//157 5885//157 5882//157
f 5882//158 5885//158 5886//158
f 5882//153 5886//153 5883//153
f 5883//159 5886//159 5887//159
f 5883//155 5887//155 5884//155
f 5884//160 5887//160 5773//160
f 5884//156 5773//156 5775//156
f 5885//161 5888//161 5886//161
f 5886//162 5888//162 5889//162
f 5886//159 5889//159 5887//159
f 5887//163 5889//163 5771//163
f 5887//160 5771//160 5773//160
f 5888//164 5890//164 5889//164
f 5889//165 5890//165 5769//165
f 5889//163 5769//163 5771//163
f 5890//745 5767//745 5769//745
f 5843//167 5891//167 5841//167
f 5841//168 5891//168 5892//168
f 5841//82 5892//82 5839//82
f 5839//169 5892//169 5893//169
f 5839//729 5893//729 5837//729
f 5837//171 5893//171 5894//172
f 5837//77 5894//77 5835//77
f 5835//174 5894//174 5895//174
f 5835//74 5895//74 5833//74
f 5833//176 5895//176 5831//176
f 5891//858 5896//858 5892//858
f 5892//178 5896//178 5897//178
f 5892//169 5897//169 5893//169
f 5893//179 5897//179 5898//179
f 5893//171 5898//172 5894//172
f 5894//181 5898//181 5899//181
f 5894//174 5899//174 5895//174
f 5895//183 5899//183 5900//183
f 5895//176 5900//176 5831//176
f 5831//186 5900//186 5829//186
f 5896//187 5901//187 5897//187
f 5897//188 5901//188 5902//188
f 5897//179 5902//179 5898//179
f 5898//189 5902//189 5903//189
f 5898//181 5903//181 5899//181
f 5899//191 5903//191 5904//191
f 5899//183 5904//183 5900//183
f 5900//192 5904//192 5905//192
f 5900//186 5905//186 5829//186
f 5829//194 5905//194 5827//195
f 5901//196 5906//196 5902//196
f 5902//197 5906//197 5907//197
f 5902//189 5907//189 5903//189
f 5903//198 5907//198 5908//206
f 5903//191 5908//191 5904//191
f 5904//200 5908//200 5909//200
f 5904//192 5909//192 5905//192
f 5905//752 5909//752 5910//201
f 5905//194 5910//195 5827//195
f 5827//203 5910//203 5825//203
f 5906//204 5911//204 5907//204
f 5907//205 5911//205 5912//205
f 5907//198 5912//206 5908//206
f 5908//207 5912//207 5913//207
f 5908//200 5913//200 5909//200
f 5909//210 5913//210 5914//210
f 5909//752 5914//201 5910//201
f 5910//211 5914//211 5915//211
f 5910//203 5915//203 5825//203
f 5825//213 5915//213 5823//213
f 5911//214 5916//214 5912//214
f 5912//215 5916//215 5917//215
f 5912//207 5917//207 5913//207
f 5913//216 5917//216 5918//216
f 5913//210 5918//210 5914//210
f 5914//217 5918//217 5919//217
f 5914//211 5919//211 5915//211
f 5915//220 5919//220 5920//220
f 5915//213 5920//213 5823//213
f 5823//756 5920//756 5821//756
f 5916//222 5921//222 5917//222
f 5917//223 5921//223 5922//223
f 5917//216 5922//216 5918//216
f 5918//225 5922//225 5923//224
f 5918//217 5923//217 5919//217
f 5919//227 5923//227 5924//227
f 5919//220 5924//220 5920//220
f 5920//228 5924//228 5925//228
f 5920//756 5925//756 5821//756
f 5821//229 5925//229 5819//229
f 5921//231 5926//231 5922//231
f 5922//232 5926//232 5927//232
f 5922//225 5927//224 5923//224
f 5923//234 5927//234 5928//234
f 5923//227 5928//227 5924//227
f 5924//235 5928//235 5929//235
f 5924//228 5929//228 5925//228
f 5925//236 5929//236 5930//236
f 5925//229 5930//229 5819//229
f 5819//237 5930//237 5817//237
f 5926//238 5931//238 5927//238
f 5927//239 5931//239 5932//239
f 5927//234 5932//234 5928//234
f 5928//240 5932//240 5933//240
f 5928//235 5933//235 5929//235
f 5929//241 5933//241 5934//241
f 5929//236 5934//236 5930//236
f 5930//243 5934//243 5815//859
f 5930//237 5815//237 5817//237
f 5931//758 5935//758 5932//758
f 5932//246 5935//246 5936//246
f 5932//240 5936//240 5933//240
f 5933//247 5936//247 5937//860
f 5933//241 5937//241 5934//241
f 5934//248 5937//248 5813//248
f 5934//243 5813//859 5815//859
f 5935//250 5938//250 5936//250
f 5936//861 5938//861 5939//861
f 5936//247 5939//860 5937//860
f 5937//252 5939//252 5811//253
f 5937//248 5811//248 5813//248
f 5938//862 5940//255 5939//863
f 5939//863 5940//255 5809//257
f 5939//252 5809//253 5811//253
f 5940//51 5807//51 5809//51
f 5802//258 5941//258 5800//258
f 5800//259 5941//259 5942//259
f 5800//38 5942//844 5798//844
f 5798//260 5942//260 5943//260
f 5798//33 5943//33 5796//33
f 5796//261 5943//261 5944//261
f 5796//31 5944//31 5794//31
f 5794//262 5944//262 5945//262
f 5794//27 5945//27 5792//27
f 5792//263 5945//263 5790//264
f 5941//265 5946//265 5942//265
f 5942//266 5946//266 5947//266
f 5942//260 5947//260 5943//260
f 5943//267 5947//267 5948//267
f 5943//261 5948//261 5944//261
f 5944//269 5948//269 5949//269
f 5944//262 5949//262 5945//262
f 5945//270 5949//270 5950//270
f 5945//263 5950//264 5790//264
f 5790//864 5950//864 5788//272
f 5946//273 5951//273 5947//273
f 5947//274 5951//274 5952//274
f 5947//267 5952//267 5948//267
f 5948//275 5952//275 5953//276
f 5948//269 5953//269 5949//269
f 5949//834 5953//277 5954//277
f 5949//270 5954//270 5950//270
f 5950//279 5954//279 5955//279
f 5950//864 5955//272 5788//272
f 5788//280 5955//280 5786//280
f 5951//282 5956//282 5952//282
f 5952//283 5956//283 5957//283
f 5952//275 5957//276 5953//276
f 5953//284 5957//284 5958//835
f 5953//277 5958//759 5954//277
f 5954//865 5958//865 5959//865
f 5954//279 5959//279 5955//279
f 5955//866 5959//866 5960//867
f 5955//280 5960//280 5786//280
f 5786//288 5960//288 5784//288
f 5956//290 5961//290 5957//290
f 5957//291 5961//291 5962//291
f 5957//284 5962//835 5958//835
f 5958//292 5962//292 5963//292
f 5958//865 5963//865 5959//865
f 5959//294 5963//294 5964//293
f 5959//866 5964//867 5960//867
f 5960//295 5964//295 5965//295
f 5960//288 5965//288 5784//288
f 5784//296 5965//296 5782//296
f 5961//297 5966//297 5962//297
f 5962//298 5966//298 5967//298
f 5962//292 5967//292 5963//292
f 5963//299 5967//299 5968//299
f 5963//294 5968//293 5964//293
f 5964//300 5968//300 5969//300
f 5964//295 5969//295 5965//295
f 5965//301 5969//301 5970//301
f 5965//296 5970//296 5782//296
f 5782//302 5970//302 5780//302
f 5966//303 5971//303 5967//303
f 5967//304 5971//304 5972//304
f 5967//299 5972//299 5968//299
f 5968//305 5972//305 5973//305
f 5968//300 5973//300 5969//300
f 5969//307 5973//307 5974//307
f 5969//301 5974//301 5970//301
f 5970//868 5974//762 5975//308
f 5970//302 5975//302 5780//302
f 5780//309 5975//309 5766//309
f 5971//869 5976//869 5972//869
f 5972//311 5976//311 5977//311
f 5972//305 5977//305 5973//305
f 5973//312 5977//312 5978//312
f 5973//307 5978//307 5974//307
f 5974//314 5978//314 5979//314
f 5974//762 5979//308 5975//308
f 5975//315 5979//315 5980//315
f 5975//309 5980//309 5766//309
f 5766//316 5980//316 5768//316
f 5976//317 5981//317 5977//317
f 5977//318 5981//318 5982//318
f 5977//312 5982//312 5978//312
f 5978//926 5982//922 5983//319
f 5978//314 5983//314 5979//314
f 5979//320 5983//320 5984//320
f 5979//315 5984//315 5980//315
f 5980//321 5984//321 5770//322
f 5980//316 5770//316 5768//316
f 5981//323 5985//323 5982//323
f 5982//324 5985//324 5986//324
f 5982//922 5986//319 5983//319
f 5983//325 5986//325 5987//326
f 5983//320 5987//320 5984//320
f 5984//327 5987//327 5772//327
f 5984//321 5772//322 5770//322
f 5985//328 5988//329 5986//330
f 5986//330 5988//329 5989//331
f 5986//325 5989//326 5987//326
f 5987//332 5989//332 5774//332
f 5987//327 5774//327 5772//327
f 5988//333 5778//334 5989//335
f 5989//335 5778//334 5776//336
f 5989//332 5776//332 5774//332
f 5990//337 5991//337 5778//337
f 5778//337 5991//337 5992//337
f 5778//337 5992//337 5779//337
f 5779//337 5992//337 5993//337
f 5779//337 5993//337 5844//337
f 5844//337 5993//337 5994//337
f 5844//337 5994//337 5843//337
f 5843//337 5994//337 5995//337
f 5843//337 5995//337 5891//337
f 5891//337 5995//337 5996//337
f 5891//337 5996//337 5896//337
f 5896//337 5996//337 5997//337
f 5896//337 5997//337 5901//337
f 5901//337 5997//337 5998//337
f 5901//337 5998//337 5906//337
f 5906//337 5998//337 5999//337
f 5906//337 5999//337 5911//337
f 5911//337 5999//337 6000//337
f 5911//337 6000//337 5916//337
f 5916//337 6000//337 6001//337
f 5916//337 6001//337 5921//337
f 5921//337 6001//337 6002//337
f 5921//337 6002//337 5926//337
f 5926//337 6002//337 6003//337
f 5926//337 6003//337 5931//337
f 5931//337 6003//337 6004//337
f 5931//337 6004//337 5935//337
f 5935//337 6004//337 6005//337
f 5935//337 6005//337 5938//337
f 5938//337 6005//337 6006//337
f 5938//337 6006//337 5940//337
f 5940//337 6006//337 6007//337
f 5940//337 6007//337 5807//337
f 5807//337 6007//337 6008//337
f 5807//337 6008//337 5805//337
f 5805//337 6008//337 6009//337
f 5805//337 6009//337 5803//337
f 5803//337 6009//337 6010//337
f 5803//337 6010//337 5802//337
f 5802//337 6010//337 6011//337
f 5802//337 6011//337 5941//337
f 5941//337 6011//337 6012//337
f 5941//337 6012//337 5946//337
f 5946//337 6012//337 6013//337
f 5946//337 6013//337 5951//337
f 5951//337 6013//337 6014//337
f 5951//337 6014//337 5956//337
f 5956//337 6014//337 6015//337
f 5956//337 6015//337 5961//337
f 5961//337 6015//337 6016//337
f 5961//337 6016//337 5966//337
f 5966//337 6016//337 6017//337
f 5966//337 6017//337 5971//337
f 5971//337 6017//337 6018//337
f 5971//337 6018//337 5976//337
f 5976//337 6018//337 6019//337
f 5976//337 6019//337 5981//337
f 5981//337 6019//337 6020//337
f 5981//337 6020//337 5985//337
f 5985//337 6020//337 6021//337
f 5985//337 6021//337 5988//337
f 5988//337 6021//337 5990//337
f 5988//337 5990//337 5778//337
f 6022//338 5765//338 6023//338
f 6023//338 5765//338 5767//338
f 6023//339 5767//339 6024//339
f 6024//339 5767//339 5890//339
f 6024//340 5890//340 6025//340
f 6025//340 5890//340 5888//340
f 6025//341 5888//341 6026//341
f 6026//341 5888//341 5885//341
f 6026//342 5885//342 6027//342
f 6027//342 5885//342 5881//342
f 6027//343 5881//343 6028//343
f 6028//343 5881//343 5876//343
f 6028//344 5876//344 6029//344
f 6029//344 5876//344 5871//344
f 6029//345 5871//345 6030//345
f 6030//345 5871//345 5832//345
f 6030//346 5832//346 6031//346
f 6031//346 5832//346 5830//346
f 6031//347 5830//347 6032//347
f 6032//347 5830//347 5828//347
f 6032//348 5828//348 6033//348
f 6033//348 5828//348 5826//348
f 6033//349 5826//349 6034//349
f 6034//349 5826//349 5824//349
f 6034//350 5824//350 6035//350
f 6035//350 5824//350 5822//350
f 6035//351 5822//351 6036//351
f 6036//351 5822//351 5820//351
f 6036//352 5820//352 6037//352
f 6037//352 5820//352 5818//352
f 6037//353 5818//353 6038//353
f 6038//353 5818//353 5870//353
f 6038//354 5870//354 6039//354
f 6039//354 5870//354 5868//354
f 6039//355 5868//355 6040//355
f 6040//355 5868//355 5865//355
f 6040//356 5865//356 6041//356
f 6041//356 5865//356 5861//356
f 6041//357 5861//357 6042//357
f 6042//357 5861//357 5856//357
f 6042//358 5856//358 6043//358
f 6043//358 5856//358 5851//358
f 6043//359 5851//359 6044//359
f 6044//359 5851//359 5846//359
f 6044//360 5846//360 6045//360
f 6045//360 5846//360 5791//360
f 6045//361 5791//361 6046//361
f 6046//361 5791//361 5789//361
f 6046//362 5789//362 6047//362
f 6047//362 5789//362 5787//362
f 6047//363 5787//363 6048//363
f 6048//363 5787//363 5785//363
f 6048//364 5785//364 6049//364
f 6049//364 5785//364 5783//364
f 6049//365 5783//365 6050//365
f 6050//365 5783//365 5781//365
f 6050//366 5781//366 6022//366
f 6022//366 5781//366 5765//366
f 6051//367 6052//367 6053//367
f 6053//367 6052//367 6054//367
f 6053//368 6054//368 6055//368
f 6055//368 6054//368 6056//368
f 6055//369 6056//369 6057//369
f 6057//369 6056//369 6058//369
f 6057//371 6058//371 6059//372
f 6059//372 6058//371 6060//372
f 6059//373 6060//373 6061//374
f 6061//374 6060//373 6062//374
f 6061//375 6062//375 6063//375
f 6063//375 6062//375 6064//375
f 6063//376 6064//376 6065//376
f 6065//376 6064//376 6066//376
f 6065//870 6066//870 6067//379
f 6067//379 6066//870 6068//379
f 6067//381 6068//381 6069//381
f 6069//381 6068//381 6070//381
f 6069//383 6070//383 6071//383
f 6071//383 6070//383 6072//383
f 6071//385 6072//385 6073//871
f 6073//871 6072//385 6074//871
f 6073//386 6074//386 6075//805
f 6075//805 6074//386 6076//805
f 6075//388 6076//388 6077//388
f 6077//388 6076//388 6078//388
f 6077//389 6078//389 6079//389
f 6079//389 6078//389 6080//389
f 6079//765 6080//765 6081//390
f 6081//390 6080//765 6082//390
f 6081//391 6082//391 6083//391
f 6083//391 6082//391 6084//392
f 6083//393 6084//393 6085//393
f 6085//393 6084//393 6086//393
f 6085//394 6086//394 6087//394
f 6087//394 6086//394 6088//394
f 6087//395 6088//395 6089//395
f 6089//395 6088//395 6090//395
f 6089//396 6090//396 6091//396
f 6091//396 6090//396 6092//396
f 6091//397 6092//397 6093//397
f 6093//397 6092//397 6094//398
f 6093//399 6094//399 6095//767
f 6095//767 6094//399 6096//767
f 6095//400 6096//400 6097//400
f 6097//400 6096//400 6098//400
f 6097//401 6098//401 6099//401
f 6099//401 6098//401 6100//401
f 6099//872 6100//872 6101//404
f 6101//404 6100//872 6102//404
f 6101//405 6102//405 6103//405
f 6103//405 6102//405 6104//405
f 6103//406 6104//406 6105//406
f 6105//406 6104//406 6106//406
f 6105//407 6106//407 6107//873
f 6107//873 6106//407 6108//873
f 6107//408 6108//408 6109//874
f 6109//874 6108//408 6110//874
f 6109//410 6110//410 6111//410
f 6111//410 6110//410 6112//410
f 6111//411 6112//411 6113//411
f 6113//411 6112//411 6114//411
f 6113//412 6114//413 6115//413
f 6115//413 6114//413 6116//413
f 6115//414 6116//414 6117//771
f 6117//771 6116//414 6118//771
f 6117//415 6118//415 6051//415
f 6051//415 6118//415 6052//415
f 5990//416 6119//417 5991//875
f 5991//875 6119//417 6120//876
f 5991//877 6120//878 6121//422
f 6121//423 6120//423 6122//423
f 6121//423 6122//423 6123//423
f 6123//424 6122//424 6124//424
f 6123//424 6124//424 6125//424
f 6125//425 6124//425 6126//425
f 6125//425 6126//425 6127//425
f 6127//426 6126//426 6054//426
f 6127//426 6054//426 6052//426
f 6119//879 5990//428 6128//429
f 6128//429 5990//428 6021//430
f 6128//431 6021//431 6129//431
f 6129//432 6021//432 6020//432
f 6129//433 6020//433 6130//433
f 6130//434 6020//434 6019//434
f 6130//435 6019//435 6131//435
f 6131//436 6019//436 6018//436
f 6131//437 6018//437 6132//437
f 6132//438 6018//438 6017//438
f 6132//439 6017//439 6133//439
f 6133//440 6017//440 6016//440
f 6133//441 6016//441 6134//441
f 6134//442 6016//442 6015//442
f 6134//443 6015//443 6135//443
f 6135//444 6015//444 6014//444
f 6135//445 6014//445 6136//445
f 6136//446 6014//446 6013//446
f 6136//447 6013//447 6137//447
f 6137//448 6013//448 6012//448
f 6137//449 6012//449 6138//449
f 6138//450 6012//450 6011//450
f 6138//451 6011//451 6139//451
f 6139//452 6011//452 6010//452
f 6139//880 6010//880 6140//880
f 6140//454 6010//454 6009//454
f 6140//455 6009//455 6141//455
f 6141//456 6009//457 6008//458
f 6141//456 6008//458 6142//881
f 6142//460 6008//461 6007//882
f 6142//460 6007//882 6143//883
f 6143//884 6007//465 6144//466
f 6143//467 6144//467 6145//467
f 6145//468 6144//468 6146//469
f 6145//470 6146//470 6147//470
f 6147//471 6146//471 6148//471
f 6147//472 6148//472 6149//472
f 6149//475 6148//475 6150//475
f 6149//477 6150//476 6096//476
f 6096//479 6150//479 6098//478
f 6007//465 6006//480 6144//466
f 6144//885 6006//482 6151//483
f 6144//468 6151//469 6146//469
f 6146//484 6151//484 6152//484
f 6146//471 6152//471 6148//471
f 6148//486 6152//486 6153//486
f 6148//475 6153//475 6150//475
f 6150//487 6153//487 6154//487
f 6150//479 6154//478 6098//478
f 6098//488 6154//488 6100//488
f 6006//482 6005//489 6151//483
f 6151//490 6005//490 6155//490
f 6151//484 6155//484 6152//484
f 6152//491 6155//491 6156//491
f 6152//486 6156//486 6153//486
f 6153//492 6156//492 6157//492
f 6153//487 6157//487 6154//487
f 6154//493 6157//493 6158//493
f 6154//488 6158//488 6100//488
f 6100//494 6158//494 6102//494
f 6005//495 6004//495 6155//495
f 6155//496 6004//496 6159//496
f 6155//491 6159//491 6156//491
f 6156//497 6159//497 6160//497
f 6156//492 6160//492 6157//492
f 6157//808 6160//808 6161//923
f 6157//493 6161//493 6158//493
f 6158//500 6161//500 6162//499
f 6158//494 6162//494 6102//494
f 6102//888 6162//888 6104//888
f 6004//503 6003//503 6159//503
f 6159//504 6003//504 6163//504
f 6159//497 6163//497 6160//497
f 6160//505 6163//505 6164//506
f 6160//808 6164//923 6161//923
f 6161//509 6164//509 6165//509
f 6161//500 6165//499 6162//499
f 6162//510 6165//510 6166//889
f 6162//888 6166//888 6104//888
f 6104//512 6166//512 6106//512
f 6003//513 6002//513 6163//513
f 6163//514 6002//514 6167//514
f 6163//505 6167//506 6164//506
f 6164//809 6167//809 6168//809
f 6164//509 6168//509 6165//509
f 6165//517 6168//517 6169//517
f 6165//510 6169//889 6166//889
f 6166//519 6169//519 6170//519
f 6166//512 6170//512 6106//512
f 6106//890 6170//890 6108//890
f 6002//522 6001//522 6167//522
f 6167//523 6001//523 6171//523
f 6167//809 6171//809 6168//809
f 6168//525 6171//525 6172//525
f 6168//517 6172//517 6169//517
f 6169//526 6172//526 6173//526
f 6169//519 6173//519 6170//519
f 6170//527 6173//527 6174//527
f 6170//890 6174//890 6108//890
f 6108//528 6174//528 6110//528
f 6001//529 6000//529 6171//529
f 6171//530 6000//530 6175//530
f 6171//525 6175//525 6172//525
f 6172//531 6175//531 6176//531
f 6172//526 6176//526 6173//526
f 6173//532 6176//532 6177//532
f 6173//527 6177//527 6174//527
f 6174//534 6177//534 6178//533
f 6174//528 6178//528 6110//528
f 6110//535 6178//535 6112//535
f 6000//536 5999//536 6175//536
f 6175//537 5999//537 6179//537
f 6175//531 6179//531 6176//531
f 6176//539 6179//539 6180//539
f 6176//532 6180//532 6177//532
f 6177//779 6180//779 6181//779
f 6177//534 6181//533 6178//533
f 6178//543 6181//543 6182//543
f 6178//535 6182//535 6112//535
f 6112//545 6182//545 6114//545
f 5999//546 5998//546 6179//546
f 6179//547 5998//547 6183//547
f 6179//539 6183//539 6180//539
f 6180//891 6183//891 6184//891
f 6180//779 6184//779 6181//779
f 6181//550 6184//550 6185//550
f 6181//543 6185//543 6182//543
f 6182//551 6185//551 6186//551
f 6182//545 6186//545 6114//545
f 6114//553 6186//554 6116//554
f 5998//555 5997//555 6183//555
f 6183//556 5997//556 6187//556
f 6183//891 6187//891 6184//891
f 6184//557 6187//557 6188//557
f 6184//550 6188//550 6185//550
f 6185//559 6188//559 6189//559
f 6185//551 6189//551 6186//551
f 6186//561 6189//561 6190//561
f 6186//554 6190//554 6116//554
f 6116//563 6190//563 6118//563
f 5997//564 5996//564 6187//564
f 6187//565 5996//565 6191//565
f 6187//557 6191//557 6188//557
f 6188//566 6191//566 6192//566
f 6188//559 6192//559 6189//559
f 6189//567 6192//567 6193//567
f 6189//561 6193//561 6190//561
f 6190//892 6193//783 6194//568
f 6190//563 6194//563 6118//563
f 6118//569 6194//569 6052//569
f 5996//570 5995//570 6191//570
f 6191//571 5995//571 6195//571
f 6191//566 6195//566 6192//566
f 6192//572 6195//572 6196//572
f 6192//567 6196//782 6193//567
f 6193//574 6196//574 6197//573
f 6193//783 6197//568 6194//568
f 6194//575 6197//575 6127//575
f 6194//569 6127//569 6052//569
f 5995//576 5994//576 6195//576
f 6195//784 5994//784 6198//784
f 6195//572 6198//572 6196//572
f 6196//578 6198//578 6199//578
f 6196//574 6199//573 6197//573
f 6197//579 6199//579 6125//579
f 6197//575 6125//575 6127//575
f 5994//580 5993//580 6198//580
f 6198//581 5993//581 6200//581
f 6198//578 6200//578 6199//578
f 6199//582 6200//582 6123//893
f 6199//579 6123//579 6125//579
f 5993//583 5992//584 6200//585
f 6200//585 5992//584 6121//894
f 6200//582 6121//893 6123//893
f 5992//587 5991//877 6121//422
f 6088//588 6201//588 6090//588
f 6090//588 6201//588 6202//588
f 6090//589 6202//589 6092//589
f 6092//589 6202//589 6203//589
f 6092//590 6203//590 6094//590
f 6094//590 6203//590 6149//590
f 6094//477 6149//477 6096//476
f 6201//591 6204//591 6202//591
f 6202//591 6204//591 6205//591
f 6202//592 6205//592 6203//592
f 6203//592 6205//592 6147//592
f 6203//472 6147//472 6149//472
f 6201//593 6088//593 6206//593
f 6206//593 6088//593 6086//593
f 6206//594 6086//594 6207//594
f 6207//594 6086//594 6084//594
f 6207//595 6084//595 6208//595
f 6208//595 6084//595 6082//595
f 6208//596 6082//785 6209//785
f 6209//785 6082//785 6080//785
f 6209//597 6080//597 6210//597
f 6210//597 6080//597 6078//597
f 6210//599 6078//599 6211//599
f 6211//599 6078//599 6076//599
f 6211//601 6076//601 6212//601
f 6212//601 6076//601 6074//601
f 6212//602 6074//602 6213//602
f 6213//602 6074//602 6072//602
f 6213//605 6072//605 6214//605
f 6214//605 6072//605 6070//605
f 6214//788 6070//788 6215//788
f 6215//788 6070//788 6068//788
f 6215//608 6068//608 6216//608
f 6216//608 6068//608 6066//608
f 6216//609 6066//609 6217//609
f 6217//609 6066//609 6064//609
f 6217//611 6064//610 6218//610
f 6218//610 6064//610 6062//610
f 6218//614 6062//614 6219//613
f 6219//613 6062//614 6060//613
f 6219//615 6060//615 6220//615
f 6220//615 6060//615 6058//615
f 6220//616 6058//616 6221//616
f 6221//616 6058//616 6056//616
f 6221//617 6056//617 6126//617
f 6126//617 6056//617 6054//617
f 6204//618 6222//618 6205//618
f 6205//618 6222//618 6145//618
f 6205//470 6145//470 6147//470
f 6204//619 6201//619 6223//619
f 6223//619 6201//619 6206//619
f 6223//620 6206//620 6224//620
f 6224//620 6206//620 6207//620
f 6224//622 6207//622 6225//621
f 6225//621 6207//622 6208//895
f 6225//790 6208//790 6226//623
f 6226//623 6208//790 6209//623
f 6226//625 6209//625 6227//625
f 6227//625 6209//625 6210//625
f 6227//626 6210//626 6228//626
f 6228//626 6210//626 6211//626
f 6228//628 6211//628 6229//628
f 6229//628 6211//628 6212//628
f 6229//630 6212//630 6230//630
f 6230//630 6212//630 6213//630
f 6230//631 6213//631 6231//631
f 6231//631 6213//631 6214//631
f 6231//633 6214//633 6232//633
f 6232//633 6214//633 6215//633
f 6232//634 6215//634 6233//634
f 6233//634 6215//634 6216//634
f 6233//635 6216//635 6234//635
f 6234//635 6216//635 6217//635
f 6234//636 6217//636 6235//636
f 6235//636 6217//636 6218//636
f 6235//639 6218//639 6236//638
f 6236//638 6218//639 6219//638
f 6236//640 6219//640 6237//640
f 6237//640 6219//640 6220//640
f 6237//641 6220//641 6238//641
f 6238//641 6220//641 6221//641
f 6238//642 6221//642 6124//642
f 6124//642 6221//642 6126//642
f 6142//643 6143//643 6222//643
f 6222//467 6143//467 6145//467
f 6222//644 6204//644 6239//644
f 6239//644 6204//644 6223//644
f 6239//645 6223//645 6240//645
f 6240//645 6223//645 6224//645
f 6240//646 6224//646 6241//646
f 6241//646 6224//646 6225//646
f 6241//897 6225//647 6242//647
f 6242//647 6225//647 6226//647
f 6242//648 6226//648 6243//648
f 6243//648 6226//648 6227//648
f 6243//811 6227//811 6244//649
f 6244//649 6227//811 6228//649
f 6244//812 6228//812 6245//812
f 6245//812 6228//812 6229//812
f 6245//651 6229//651 6246//651
f 6246//651 6229//651 6230//651
f 6246//652 6230//652 6247//652
f 6247//652 6230//652 6231//652
f 6247//653 6231//653 6248//653
f 6248//653 6231//653 6232//653
f 6248//654 6232//654 6249//654
f 6249//654 6232//654 6233//654
f 6249//657 6233//657 6250//924
f 6250//924 6233//657 6234//925
f 6250//658 6234//658 6251//658
f 6251//658 6234//658 6235//658
f 6251//800 6235//659 6252//659
f 6252//659 6235//659 6236//659
f 6252//661 6236//661 6253//661
f 6253//661 6236//661 6237//661
f 6253//662 6237//662 6254//662
f 6254//662 6237//662 6238//662
f 6254//663 6238//663 6122//663
f 6122//663 6238//663 6124//663
f 6254//664 6122//664 6120//664
f 6254//664 6120//664 6119//664
f 6141//898 6142//898 6239//898
f 6239//643 6142//643 6222//643
f 6141//898 6239//898 6240//665
f 6140//666 6141//666 6240//666
f 6140//666 6240//666 6241//666
f 6139//667 6140//667 6241//667
f 6139//667 6241//667 6242//667
f 6138//668 6139//668 6242//668
f 6138//668 6242//668 6243//668
f 6137//669 6138//669 6243//669
f 6137//669 6243//669 6244//669
f 6136//815 6137//815 6244//815
f 6136//815 6244//815 6245//815
f 6135//801 6136//801 6245//801
f 6135//801 6245//801 6246//801
f 6134//675 6135//675 6246//675
f 6134//675 6246//675 6247//675
f 6133//676 6134//676 6247//676
f 6133//676 6247//676 6248//676
f 6132//816 6133//816 6248//816
f 6132//816 6248//816 6249//816
f 6131//678 6132//679 6249//679
f 6131//678 6249//679 6250//678
f 6130//680 6131//680 6250//680
f 6130//680 6250//680 6251//680
f 6129//681 6130//681 6251//681
f 6129//681 6251//681 6252//681
f 6128//683 6129//683 6252//683
f 6128//683 6252//683 6253//683
f 6119//685 6128//685 6253//685
f 6119//685 6253//685 6254//684
f 6255//686 6051//686 6256//686
f 6256//686 6051//686 6053//686
f 6256//687 6053//687 6257//687
f 6257//687 6053//687 6055//687
f 6257//688 6055//688 6258//688
f 6258//688 6055//688 6057//688
f 6258//689 6057//689 6259//689
f 6259//689 6057//689 6059//689
f 6259//690 6059//690 6260//690
f 6260//690 6059//690 6061//690
f 6260//691 6061//691 6261//691
f 6261//691 6061//691 6063//691
f 6261//692 6063//692 6262//692
f 6262//692 6063//692 6065//692
f 6262//693 6065//693 6263//693
f 6263//693 6065//693 6067//693
f 6263//694 6067//694 6264//694
f 6264//694 6067//694 6069//694
f 6264//695 6069//695 6265//695
f 6265//695 6069//695 6071//695
f 6265//696 6071//696 6266//696
f 6266//696 6071//696 6073//696
f 6266//697 6073//697 6267//697
f 6267//697 6073//697 6075//697
f 6267//698 6075//698 6268//698
f 6268//698 6075//698 6077//698
f 6268//699 6077//699 6269//699
f 6269//699 6077//699 6079//699
f 6269//700 6079//700 6270//700
f 6270//700 6079//700 6081//700
f 6270//701 6081//701 6271//701
f 6271//701 6081//701 6083//701
f 6271//702 6083//702 6272//702
f 6272//702 6083//702 6085//702
f 6272//703 6085//703 6273//703
f 6273//703 6085//703 6087//703
f 6273//704 6087//704 6274//704
f 6274//704 6087//704 6089//704
f 6274//705 6089//705 6275//705
f 6275//705 6089//705 6091//705
f 6275//706 6091//706 6276//706
f 6276//706 6091//706 6093//706
f 6276//707 6093//707 6277//707
f 6277//707 6093//707 6095//707
f 6277//708 6095//708 6278//708
f 6278//708 6095//708 6097//708
f 6278//709 6097//709 6279//709
f 6279//709 6097//709 6099//709
f 6279//710 6099//710 6280//710
f 6280//710 6099//710 6101//710
f 6280//711 6101//711 6281//711
f 6281//711 6101//711 6103//711
f 6281//712 6103//712 6282//712
f 6282//712 6103//712 6105//712
f 6282//713 6105//713 6283//713
f 6283//713 6105//713 6107//713
f 6283//714 6107//714 6284//714
f 6284//714 6107//714 6109//714
f 6284//715 6109//715 6285//715
f 6285//715 6109//715 6111//715
f 6285//716 6111//716 6286//716
f 6286//716 6111//716 6113//716
f 6286//717 6113//717 6287//717
f 6287//717 6113//717 6115//717
f 6287//718 6115//718 6288//718
f 6288//718 6115//718 6117//718
f 6288//719 6117//719 6255//719
f 6255//719 6117//719 6051//719
f 6289//720 6290//720 6291//720
f 6291//2 6290//2 6292//2
f 6291//3 6292//3 6293//3
f 6293//4 6292//4 6294//4
f 6293//4 6294//4 6295//4
f 6295//6 6294//5 6296//5
f 6295//6 6296//5 6297//6
f 6297//7 6296//7 6298//7
f 6297//7 6298//7 6299//7
f 6299//8 6298//8 6300//8
f 6299//8 6300//8 6301//8
f 6301//9 6300//10 6302//11
f 6301//9 6302//11 6303//12
f 6290//13 6289//13 6304//13
f 6304//14 6289//14 6305//14
f 6304//15 6305//15 6306//15
f 6306//16 6305//16 6307//16
f 6306//17 6307//17 6308//17
f 6308//18 6307//18 6309//18
f 6308//19 6309//19 6310//19
f 6310//721 6309//721 6311//721
f 6310//722 6311//722 6312//722
f 6312//22 6311//22 6313//22
f 6312//23 6313//23 6314//23
f 6314//24 6313//24 6315//24
f 6314//817 6315//817 6316//817
f 6316//26 6315//26 6317//26
f 6316//27 6317//818 6318//27
f 6318//29 6317//29 6319//29
f 6318//30 6319//30 6320//30
f 6320//32 6319//32 6321//819
f 6320//33 6321//33 6322//33
f 6322//36 6321//36 6323//36
f 6322//38 6323//38 6324//38
f 6324//39 6323//39 6325//39
f 6324//41 6325//41 6326//41
f 6326//724 6325//724 6327//724
f 6327//43 6325//43 6328//43
f 6327//44 6328//44 6329//44
f 6329//820 6328//820 6330//820
f 6329//46 6330//47 6331//48
f 6331//48 6330//47 6332//49
f 6331//50 6332//50 6333//51
f 6333//52 6332//52 6334//52
f 6333//52 6334//52 6335//52
f 6335//53 6334//53 6336//53
f 6335//53 6336//53 6337//53
f 6337//54 6336//54 6338//54
f 6337//54 6338//54 6339//54
f 6339//55 6338//55 6340//55
f 6339//55 6340//55 6341//55
f 6341//56 6340//56 6342//56
f 6341//57 6342//57 6343//57
f 6343//58 6342//58 6344//58
f 6343//59 6344//59 6345//59
f 6345//725 6344//725 6346//725
f 6345//61 6346//61 6347//61
f 6347//726 6346//726 6348//726
f 6347//63 6348//63 6349//63
f 6349//64 6348//64 6350//64
f 6349//65 6350//65 6351//65
f 6351//66 6350//66 6352//66
f 6351//67 6352//67 6353//67
f 6353//728 6352//728 6354//728
f 6353//69 6354//69 6355//69
f 6355//70 6354//70 6356//70
f 6355//823 6356//823 6357//823
f 6357//72 6356//72 6358//72
f 6357//74 6358//74 6359//74
f 6359//75 6358//75 6360//76
f 6359//77 6360//77 6361//77
f 6361//824 6360//824 6362//824
f 6361//80 6362//837 6363//837
f 6363//81 6362//81 6364//81
f 6363//82 6364//82 6365//82
f 6365//83 6364//83 6366//139
f 6365//84 6366//84 6367//84
f 6367//85 6366//85 6368//85
f 6368//86 6366//86 6369//86
f 6368//87 6369//730 6303//89
f 6303//89 6369//730 6301//90
f 6315//91 6370//91 6317//91
f 6317//92 6370//92 6371//92
f 6317//29 6371//29 6319//29
f 6319//93 6371//93 6372//94
f 6319//32 6372//819 6321//819
f 6321//95 6372//95 6373//95
f 6321//36 6373//36 6323//36
f 6323//96 6373//96 6374//96
f 6323//39 6374//40 6325//39
f 6325//97 6374//97 6328//97
f 6370//98 6375//98 6371//98
f 6371//99 6375//99 6376//99
f 6371//93 6376//94 6372//94
f 6372//100 6376//100 6377//100
f 6372//95 6377//95 6373//95
f 6373//101 6377//101 6378//102
f 6373//96 6378//96 6374//96
f 6374//103 6378//103 6379//103
f 6374//97 6379//97 6328//97
f 6328//104 6379//104 6330//104
f 6375//734 6380//734 6376//734
f 6376//735 6380//735 6381//735
f 6376//100 6381//100 6377//100
f 6377//108 6381//108 6382//108
f 6377//101 6382//109 6378//102
f 6378//110 6382//110 6383//110
f 6378//103 6383//103 6379//103
f 6379//111 6383//111 6384//111
f 6379//104 6384//104 6330//104
f 6330//112 6384//112 6332//112
f 6380//113 6385//113 6381//113
f 6381//114 6385//114 6386//114
f 6381//108 6386//108 6382//108
f 6382//115 6386//115 6387//122
f 6382//110 6387//110 6383//110
f 6383//117 6387//117 6388//117
f 6383//111 6388//111 6384//111
f 6384//118 6388//118 6334//119
f 6384//112 6334//112 6332//112
f 6385//120 6389//120 6386//120
f 6386//121 6389//121 6390//121
f 6386//115 6390//122 6387//122
f 6387//123 6390//123 6391//123
f 6387//117 6391//117 6388//117
f 6388//737 6391//737 6336//738
f 6388//118 6336//119 6334//119
f 6389//126 6392//126 6390//126
f 6390//127 6392//127 6393//127
f 6390//123 6393//123 6391//123
f 6391//128 6393//128 6338//128
f 6391//737 6338//738 6336//738
f 6392//129 6394//129 6393//129
f 6393//130 6394//130 6340//130
f 6393//128 6340//838 6338//128
f 6394//56 6342//56 6340//56
f 6356//131 6395//131 6358//131
f 6358//132 6395//132 6396//132
f 6358//75 6396//76 6360//76
f 6360//829 6396//829 6397//135
f 6360//824 6397//824 6362//824
f 6362//830 6397//137 6398//740
f 6362//81 6398//81 6364//81
f 6364//138 6398//138 6399//138
f 6364//83 6399//139 6366//139
f 6366//140 6399//140 6369//140
f 6395//141 6400//141 6396//141
f 6396//741 6400//741 6401//741
f 6396//829 6401//135 6397//135
f 6397//144 6401//144 6402//144
f 6397//137 6402//740 6398//740
f 6398//742 6402//145 6403//145
f 6398//138 6403//138 6399//138
f 6399//147 6403//147 6404//147
f 6399//140 6404//140 6369//140
f 6369//148 6404//148 6301//149
f 6400//150 6405//150 6401//150
f 6401//831 6405//831 6406//831
f 6401//144 6406//144 6402//144
f 6402//153 6406//153 6407//153
f 6402//145 6407//145 6403//145
f 6403//154 6407//154 6408//155
f 6403//147 6408//147 6404//147
f 6404//156 6408//156 6299//156
f 6404//148 6299//149 6301//149
f 6405//157 6409//157 6406//157
f 6406//158 6409//158 6410//158
f 6406//153 6410//153 6407//153
f 6407//159 6410//159 6411//159
f 6407//154 6411//155 6408//155
f 6408//160 6411//160 6297//160
f 6408//156 6297//156 6299//156
f 6409//161 6412//161 6410//161
f 6410//162 6412//162 6413//162
f 6410//159 6413//159 6411//159
f 6411//163 6413//163 6295//163
f 6411//160 6295//160 6297//160
f 6412//164 6414//164 6413//164
f 6413//165 6414//165 6293//165
f 6413//163 6293//163 6295//163
f 6414//745 6291//745 6293//745
f 6367//167 6415//167 6365//167
f 6365//168 6415//168 6416//168
f 6365//82 6416//746 6363//82
f 6363//169 6416//169 6417//169
f 6363//837 6417//80 6361//80
f 6361//171 6417//171 6418//171
f 6361//77 6418//77 6359//77
f 6359//174 6418//174 6419//174
f 6359//74 6419//74 6357//74
f 6357//176 6419//176 6355//176
f 6415//749 6420//749 6416//749
f 6416//178 6420//178 6421//178
f 6416//169 6421//169 6417//169
f 6417//179 6421//179 6422//179
f 6417//171 6422//171 6418//171
f 6418//181 6422//181 6423//181
f 6418//174 6423//174 6419//174
f 6419//183 6423//183 6424//183
f 6419//176 6424//176 6355//176
f 6355//186 6424//186 6353//186
f 6420//187 6425//187 6421//187
f 6421//188 6425//188 6426//188
f 6421//179 6426//179 6422//179
f 6422//750 6426//750 6427//189
f 6422//181 6427//181 6423//181
f 6423//191 6427//191 6428//191
f 6423//183 6428//183 6424//183
f 6424//193 6428//193 6429//192
f 6424//186 6429//186 6353//186
f 6353//751 6429//751 6351//195
f 6425//196 6430//196 6426//196
f 6426//197 6430//197 6431//197
f 6426//750 6431//189 6427//189
f 6427//206 6431//206 6432//198
f 6427//191 6432//832 6428//191
f 6428//200 6432//200 6433//200
f 6428//193 6433//192 6429//192
f 6429//752 6433//752 6434//752
f 6429//751 6434//195 6351//195
f 6351//203 6434//203 6349//203
f 6430//204 6435//204 6431//204
f 6431//205 6435//205 6436//205
f 6431//206 6436//198 6432//198
f 6432//207 6436//207 6437//207
f 6432//200 6437//200 6433//200
f 6433//210 6437//210 6438//210
f 6433//752 6438//752 6434//752
f 6434//211 6438//211 6439//211
f 6434//203 6439//203 6349//203
f 6349//754 6439//754 6347//213
f 6435//214 6440//214 6436//214
f 6436//215 6440//215 6441//215
f 6436//207 6441//207 6437//207
f 6437//216 6441//216 6442//216
f 6437//210 6442//210 6438//210
f 6438//217 6442//217 6443//217
f 6438//211 6443//211 6439//211
f 6439//219 6443//219 6444//220
f 6439//754 6444//213 6347//213
f 6347//221 6444//221 6345//221
f 6440//222 6445//222 6441//222
f 6441//223 6445//223 6446//223
f 6441//216 6446//216 6442//216
f 6442//225 6446//225 6447//225
f 6442//217 6447//217 6443//217
f 6443//227 6447//227 6448//227
f 6443//219 6448//220 6444//220
f 6444//228 6448//228 6449//228
f 6444//221 6449//221 6345//221
f 6345//230 6449//230 6343//230
f 6445//231 6450//231 6446//231
f 6446//232 6450//232 6451//232
f 6446//225 6451//225 6447//225
f 6447//234 6451//234 6452//234
f 6447//227 6452//227 6448//227
f 6448//235 6452//235 6453//235
f 6448//228 6453//228 6449//228
f 6449//236 6453//236 6454//236
f 6449//230 6454//230 6343//230
f 6343//237 6454//237 6341//237
f 6450//238 6455//238 6451//238
f 6451//239 6455//239 6456//239
f 6451//234 6456//234 6452//234
f 6452//240 6456//240 6457//240
f 6452//235 6457//235 6453//235
f 6453//241 6457//241 6458//241
f 6453//236 6458//236 6454//236
f 6454//243 6458//243 6339//244
f 6454//237 6339//237 6341//237
f 6455//758 6459//758 6456//758
f 6456//246 6459//246 6460//246
f 6456//240 6460//240 6457//240
f 6457//247 6460//247 6461//247
f 6457//241 6461//241 6458//241
f 6458//248 6461//248 6337//249
f 6458//243 6337//244 6339//244
f 6459//250 6462//250 6460//250
f 6460//251 6462//251 6463//251
f 6460//247 6463//247 6461//247
f 6461//252 6463//252 6335//253
f 6461//248 6335//249 6337//249
f 6462//254 6464//255 6463//256
f 6463//256 6464//255 6333//257
f 6463//252 6333//253 6335//253
f 6464//51 6331//50 6333//51
f 6326//258 6465//258 6324//258
f 6324//259 6465//259 6466//259
f 6324//38 6466//38 6322//38
f 6322//260 6466//260 6467//260
f 6322//33 6467//33 6320//33
f 6320//261 6467//261 6468//261
f 6320//30 6468//30 6318//30
f 6318//262 6468//262 6469//262
f 6318//27 6469//27 6316//27
f 6316//263 6469//263 6314//263
f 6465//265 6470//265 6466//265
f 6466//266 6470//266 6471//266
f 6466//260 6471//260 6467//260
f 6467//267 6471//267 6472//267
f 6467//261 6472//261 6468//261
f 6468//269 6472//269 6473//269
f 6468//262 6473//262 6469//262
f 6469//270 6473//270 6474//271
f 6469//263 6474//263 6314//263
f 6314//272 6474//272 6312//272
f 6470//273 6475//273 6471//273
f 6471//274 6475//274 6476//274
f 6471//267 6476//267 6472//267
f 6472//275 6476//275 6477//276
f 6472//269 6477//269 6473//269
f 6473//277 6477//277 6478//277
f 6473//270 6478//278 6474//271
f 6474//279 6478//279 6479//279
f 6474//272 6479//272 6312//272
f 6312//280 6479//280 6310//281
f 6475//282 6480//282 6476//282
f 6476//283 6480//283 6481//283
f 6476//275 6481//276 6477//276
f 6477//284 6481//284 6482//284
f 6477//277 6482//277 6478//277
f 6478//285 6482//285 6483//285
f 6478//279 6483//279 6479//279
f 6479//286 6483//286 6484//287
f 6479//280 6484//281 6310//281
f 6310//288 6484//288 6308//288
f 6480//290 6485//290 6481//290
f 6481//291 6485//291 6486//291
f 6481//284 6486//284 6482//284
f 6482//292 6486//292 6487//292
f 6482//285 6487//285 6483//285
f 6483//293 6487//760 6488//294
f 6483//286 6488//287 6484//287
f 6484//295 6488//295 6489//295
f 6484//288 6489//288 6308//288
f 6308//761 6489//296 6306//296
f 6485//297 6490//297 6486//297
f 6486//298 6490//298 6491//298
f 6486//292 6491//292 6487//292
f 6487//299 6491//299 6492//299
f 6487//760 6492//294 6488//294
f 6488//300 6492//300 6493//300
f 6488//295 6493//295 6489//295
f 6489//301 6493//301 6494//301
f 6489//296 6494//296 6306//296
f 6306//302 6494//302 6304//302
f 6490//303 6495//303 6491//303
f 6491//304 6495//304 6496//304
f 6491//299 6496//299 6492//299
f 6492//305 6496//305 6497//305
f 6492//300 6497//300 6493//300
f 6493//307 6497//307 6498//307
f 6493//301 6498//301 6494//301
f 6494//762 6498//762 6499//308
f 6494//302 6499//302 6304//302
f 6304//309 6499//309 6290//309
f 6495//310 6500//310 6496//310
f 6496//311 6500//311 6501//311
f 6496//305 6501//305 6497//305
f 6497//763 6501//312 6502//312
f 6497//307 6502//307 6498//307
f 6498//313 6502//313 6503//313
f 6498//762 6503//308 6499//308
f 6499//315 6503//315 6504//315
f 6499//309 6504//309 6290//309
f 6290//316 6504//316 6292//316
f 6500//317 6505//317 6501//317
f 6501//318 6505//318 6506//318
f 6501//312 6506//312 6502//312
f 6502//319 6506//319 6507//319
f 6502//313 6507//314 6503//313
f 6503//320 6507//320 6508//320
f 6503//315 6508//315 6504//315
f 6504//321 6508//321 6294//321
f 6504//316 6294//316 6292//316
f 6505//323 6509//323 6506//323
f 6506//324 6509//324 6510//324
f 6506//319 6510//319 6507//319
f 6507//325 6510//325 6511//326
f 6507//320 6511//320 6508//320
f 6508//327 6511//327 6296//327
f 6508//321 6296//321 6294//321
f 6509//328 6512//329 6510//764
f 6510//764 6512//329 6513//331
f 6510//325 6513//326 6511//326
f 6511//332 6513//332 6298//332
f 6511//327 6298//327 6296//327
f 6512//333 6302//334 6513//335
f 6513//335 6302//334 6300//336
f 6513//332 6300//332 6298//332
f 6514//337 6515//337 6302//337
f 6302//337 6515//337 6516//337
f 6302//337 6516//337 6303//337
f 6303//337 6516//337 6517//337
f 6303//337 6517//337 6368//337
f 6368//337 6517//337 6518//337
f 6368//337 6518//337 6367//337
f 6367//337 6518//337 6519//337
f 6367//337 6519//337 6415//337
f 6415//337 6519//337 6520//337
f 6415//337 6520//337 6420//337
f 6420//337 6520//337 6521//337
f 6420//337 6521//337 6425//337
f 6425//337 6521//337 6522//337
f 6425//337 6522//337 6430//337
f 6430//337 6522//337 6523//337
f 6430//337 6523//337 6435//337
f 6435//337 6523//337 6524//337
f 6435//337 6524//337 6440//337
f 6440//337 6524//337 6525//337
f 6440//337 6525//337 6445//337
f 6445//337 6525//337 6526//337
f 6445//337 6526//337 6450//337
f 6450//337 6526//337 6527//337
f 6450//337 6527//337 6455//337
f 6455//337 6527//337 6528//337
f 6455//337 6528//337 6459//337
f 6459//337 6528//337 6529//337
f 6459//337 6529//337 6462//337
f 6462//337 6529//337 6530//337
f 6462//337 6530//337 6464//337
f 6464//337 6530//337 6531//337
f 6464//337 6531//337 6331//337
f 6331//337 6531//337 6532//337
f 6331//337 6532//337 6329//337
f 6329//337 6532//337 6533//337
f 6329//337 6533//337 6327//337
f 6327//337 6533//337 6534//337
f 6327//337 6534//337 6326//337
f 6326//337 6534//337 6535//337
f 6326//337 6535//337 6465//337
f 6465//337 6535//337 6536//337
f 6465//337 6536//337 6470//337
f 6470//337 6536//337 6537//337
f 6470//337 6537//337 6475//337
f 6475//337 6537//337 6538//337
f 6475//337 6538//337 6480//337
f 6480//337 6538//337 6539//337
f 6480//337 6539//337 6485//337
f 6485//337 6539//337 6540//337
f 6485//337 6540//337 6490//337
f 6490//337 6540//337 6541//337
f 6490//337 6541//337 6495//337
f 6495//337 6541//337 6542//337
f 6495//337 6542//337 6500//337
f 6500//337 6542//337 6543//337
f 6500//337 6543//337 6505//337
f 6505//337 6543//337 6544//337
f 6505//337 6544//337 6509//337
f 6509//337 6544//337 6545//337
f 6509//337 6545//337 6512//337
f 6512//337 6545//337 6514//337
f 6512//337 6514//337 6302//337
f 6546//338 6289//338 6547//338
f 6547//338 6289//338 6291//338
f 6547//339 6291//339 6548//339
f 6548//339 6291//339 6414//339
f 6548//340 6414//340 6549//340
f 6549//340 6414//340 6412//340
f 6549//341 6412//341 6550//341
f 6550//341 6412//341 6409//341
f 6550//342 6409//342 6551//342
f 6551//342 6409//342 6405//342
f 6551//343 6405//343 6552//343
f 6552//343 6405//343 6400//343
f 6552//344 6400//344 6553//344
f 6553//344 6400//344 6395//344
f 6553//345 6395//345 6554//345
f 6554//345 6395//345 6356//345
f 6554//346 6356//346 6555//346
f 6555//346 6356//346 6354//346
f 6555//347 6354//347 6556//347
f 6556//347 6354//347 6352//347
f 6556//348 6352//348 6557//348
f 6557//348 6352//348 6350//348
f 6557//349 6350//349 6558//349
f 6558//349 6350//349 6348//349
f 6558//350 6348//350 6559//350
f 6559//350 6348//350 6346//350
f 6559//351 6346//351 6560//351
f 6560//351 6346//351 6344//351
f 6560//352 6344//352 6561//352
f 6561//352 6344//352 6342//352
f 6561//353 6342//353 6562//353
f 6562//353 6342//353 6394//353
f 6562//354 6394//354 6563//354
f 6563//354 6394//354 6392//354
f 6563//355 6392//355 6564//355
f 6564//355 6392//355 6389//355
f 6564//356 6389//356 6565//356
f 6565//356 6389//356 6385//356
f 6565//357 6385//357 6566//357
f 6566//357 6385//357 6380//357
f 6566//358 6380//358 6567//358
f 6567//358 6380//358 6375//358
f 6567//359 6375//359 6568//359
f 6568//359 6375//359 6370//359
f 6568//360 6370//360 6569//360
f 6569//360 6370//360 6315//360
f 6569//361 6315//361 6570//361
f 6570//361 6315//361 6313//361
f 6570//362 6313//362 6571//362
f 6571//362 6313//362 6311//362
f 6571//363 6311//363 6572//363
f 6572//363 6311//363 6309//363
f 6572//364 6309//364 6573//364
f 6573//364 6309//364 6307//364
f 6573//365 6307//365 6574//365
f 6574//365 6307//365 6305//365
f 6574//366 6305//366 6546//366
f 6546//366 6305//366 6289//366
f 6575//367 6576//367 6577//367
f 6577//367 6576//367 6578//367
f 6577//368 6578//368 6579//368
f 6579//368 6578//368 6580//368
f 6579//369 6580//369 6581//369
f 6581//369 6580//369 6582//369
f 6581//371 6582//371 6583//371
f 6583//371 6582//371 6584//372
f 6583//373 6584//373 6585//373
f 6585//373 6584//373 6586//373
f 6585//375 6586//375 6587//375
f 6587//375 6586//375 6588//375
f 6587//376 6588//376 6589//377
f 6589//377 6588//376 6590//377
f 6589//378 6590//378 6591//379
f 6591//379 6590//378 6592//379
f 6591//381 6592//381 6593//381
f 6593//381 6592//381 6594//381
f 6593//383 6594//383 6595//383
f 6595//383 6594//383 6596//383
f 6595//385 6596//385 6597//385
f 6597//385 6596//385 6598//385
f 6597//386 6598//386 6599//387
f 6599//387 6598//386 6600//387
f 6599//388 6600//388 6601//388
f 6601//388 6600//388 6602//388
f 6601//389 6602//389 6603//839
f 6603//839 6602//389 6604//839
f 6603//765 6604//765 6605//390
f 6605//390 6604//765 6606//390
f 6605//391 6606//391 6607//391
f 6607//391 6606//391 6608//391
f 6607//393 6608//393 6609//393
f 6609//393 6608//393 6610//393
f 6609//394 6610//394 6611//394
f 6611//394 6610//394 6612//394
f 6611//395 6612//395 6613//395
f 6613//395 6612//395 6614//395
f 6613//396 6614//396 6615//766
f 6615//766 6614//396 6616//766
f 6615//397 6616//397 6617//398
f 6617//398 6616//397 6618//398
f 6617//399 6618//399 6619//767
f 6619//767 6618//399 6620//767
f 6619//840 6620//840 6621//400
f 6621//400 6620//840 6622//400
f 6621//401 6622//401 6623//402
f 6623//402 6622//401 6624//402
f 6623//403 6624//403 6625//404
f 6625//404 6624//403 6626//404
f 6625//405 6626//405 6627//405
f 6627//405 6626//405 6628//405
f 6627//406 6628//406 6629//406
f 6629//406 6628//406 6630//406
f 6629//407 6630//407 6631//407
f 6631//407 6630//407 6632//407
f 6631//408 6632//408 6633//874
f 6633//874 6632//408 6634//874
f 6633//927 6634//927 6635//410
f 6635//410 6634//927 6636//410
f 6635//411 6636//411 6637//411
f 6637//411 6636//411 6638//411
f 6637//413 6638//413 6639//413
f 6639//413 6638//413 6640//413
f 6639//414 6640//414 6641//414
f 6641//414 6640//414 6642//414
f 6641//415 6642//415 6575//415
f 6575//415 6642//415 6576//415
f 6514//416 6643//417 6515//418
f 6515//418 6643//417 6644//419
f 6515//420 6644//421 6645//422
f 6645//423 6644//423 6646//423
f 6645//423 6646//423 6647//423
f 6647//424 6646//424 6648//424
f 6647//424 6648//424 6649//424
f 6649//425 6648//425 6650//425
f 6649//425 6650//425 6651//425
f 6651//426 6650//426 6578//426
f 6651//426 6578//426 6576//426
f 6643//427 6514//428 6652//429
f 6652//429 6514//428 6545//430
f 6652//431 6545//431 6653//431
f 6653//432 6545//432 6544//432
f 6653//433 6544//433 6654//433
f 6654//434 6544//434 6543//434
f 6654//435 6543//435 6655//435
f 6655//436 6543//436 6542//436
f 6655//437 6542//437 6656//437
f 6656//438 6542//438 6541//438
f 6656//439 6541//439 6657//439
f 6657//440 6541//440 6540//440
f 6657//441 6540//441 6658//441
f 6658//442 6540//442 6539//442
f 6658//443 6539//443 6659//443
f 6659//444 6539//444 6538//444
f 6659//445 6538//445 6660//445
f 6660//446 6538//446 6537//446
f 6660//447 6537//447 6661//447
f 6661//448 6537//448 6536//448
f 6661//449 6536//449 6662//449
f 6662//450 6536//450 6535//450
f 6662//451 6535//451 6663//451
f 6663//452 6535//452 6534//452
f 6663//453 6534//453 6664//453
f 6664//454 6534//454 6533//454
f 6664//455 6533//455 6665//455
f 6665//456 6533//457 6532//458
f 6665//456 6532//458 6666//459
f 6666//460 6532//461 6531//462
f 6666//460 6531//462 6667//463
f 6667//464 6531//465 6668//772
f 6667//467 6668//467 6669//467
f 6669//468 6668//468 6670//469
f 6669//470 6670//470 6671//470
f 6671//471 6670//471 6672//471
f 6671//472 6672//474 6673//474
f 6673//475 6672//475 6674//773
f 6673//476 6674//477 6620//477
f 6620//478 6674//478 6622//479
f 6531//465 6530//480 6668//772
f 6668//481 6530//482 6675//483
f 6668//468 6675//469 6670//469
f 6670//484 6675//484 6676//484
f 6670//471 6676//485 6672//471
f 6672//486 6676//486 6677//486
f 6672//475 6677//773 6674//773
f 6674//487 6677//487 6678//487
f 6674//478 6678//479 6622//479
f 6622//488 6678//488 6624//488
f 6530//482 6529//489 6675//483
f 6675//490 6529//490 6679//490
f 6675//484 6679//484 6676//484
f 6676//491 6679//491 6680//491
f 6676//486 6680//486 6677//486
f 6677//492 6680//492 6681//492
f 6677//487 6681//487 6678//487
f 6678//493 6681//493 6682//493
f 6678//488 6682//488 6624//488
f 6624//494 6682//494 6626//494
f 6529//495 6528//495 6679//495
f 6679//496 6528//496 6683//496
f 6679//491 6683//491 6680//491
f 6680//497 6683//497 6684//497
f 6680//492 6684//492 6681//492
f 6681//498 6684//498 6685//808
f 6681//493 6685//493 6682//493
f 6682//500 6685//500 6686//500
f 6682//494 6686//494 6626//494
f 6626//501 6686//501 6628//502
f 6528//503 6527//503 6683//503
f 6683//504 6527//504 6687//504
f 6683//497 6687//497 6684//497
f 6684//505 6687//505 6688//506
f 6684//498 6688//808 6685//808
f 6685//509 6688//509 6689//509
f 6685//500 6689//500 6686//500
f 6686//510 6689//510 6690//510
f 6686//501 6690//502 6628//502
f 6628//512 6690//512 6630//512
f 6527//513 6526//513 6687//513
f 6687//514 6526//514 6691//514
f 6687//505 6691//506 6688//506
f 6688//809 6691//809 6692//809
f 6688//509 6692//509 6689//509
f 6689//517 6692//517 6693//517
f 6689//510 6693//510 6690//510
f 6690//518 6693//519 6694//519
f 6690//512 6694//512 6630//512
f 6630//520 6694//520 6632//890
f 6526//522 6525//522 6691//522
f 6691//523 6525//523 6695//523
f 6691//809 6695//515 6692//809
f 6692//525 6695//525 6696//525
f 6692//517 6696//517 6693//517
f 6693//526 6696//526 6697//526
f 6693//519 6697//519 6694//519
f 6694//527 6697//527 6698//527
f 6694//520 6698//890 6632//890
f 6632//528 6698//528 6634//928
f 6525//529 6524//529 6695//529
f 6695//530 6524//530 6699//530
f 6695//525 6699//525 6696//525
f 6696//531 6699//531 6700//531
f 6696//526 6700//526 6697//526
f 6697//929 6700//532 6701//532
f 6697//527 6701//527 6698//527
f 6698//533 6701//533 6702//534
f 6698//528 6702//928 6634//928
f 6634//535 6702//535 6636//535
f 6524//536 6523//536 6699//536
f 6699//537 6523//537 6703//537
f 6699//531 6703//531 6700//531
f 6700//539 6703//539 6704//539
f 6700//532 6704//532 6701//532
f 6701//540 6704//779 6705//779
f 6701//533 6705//534 6702//534
f 6702//542 6705//542 6706//543
f 6702//535 6706//535 6636//535
f 6636//544 6706//545 6638//545
f 6523//546 6522//546 6703//546
f 6703//547 6522//547 6707//547
f 6703//539 6707//548 6704//539
f 6704//549 6707//549 6708//891
f 6704//779 6708//779 6705//779
f 6705//550 6708//550 6709//550
f 6705//542 6709//543 6706//543
f 6706//551 6709//551 6710//551
f 6706//545 6710//545 6638//545
f 6638//553 6710//553 6640//553
f 6522//555 6521//555 6707//555
f 6707//556 6521//556 6711//556
f 6707//549 6711//891 6708//891
f 6708//557 6711//557 6712//558
f 6708//550 6712//550 6709//550
f 6709//559 6712//559 6713//559
f 6709//551 6713//551 6710//551
f 6710//561 6713//561 6714//561
f 6710//553 6714//553 6640//553
f 6640//563 6714//563 6642//563
f 6521//564 6520//564 6711//564
f 6711//565 6520//565 6715//565
f 6711//557 6715//558 6712//558
f 6712//566 6715//566 6716//566
f 6712//559 6716//559 6713//559
f 6713//782 6716//782 6717//567
f 6713//561 6717//561 6714//561
f 6714//568 6717//568 6718//783
f 6714//563 6718//563 6642//563
f 6642//569 6718//569 6576//569
f 6520//570 6519//570 6715//570
f 6715//571 6519//571 6719//571
f 6715//566 6719//566 6716//566
f 6716//572 6719//572 6720//572
f 6716//782 6720//567 6717//567
f 6717//573 6720//573 6721//573
f 6717//568 6721//783 6718//783
f 6718//575 6721//575 6651//575
f 6718//569 6651//569 6576//569
f 6519//576 6518//576 6719//576
f 6719//784 6518//784 6722//784
f 6719//572 6722//572 6720//572
f 6720//578 6722//578 6723//578
f 6720//573 6723//574 6721//573
f 6721//579 6723//579 6649//579
f 6721//575 6649//575 6651//575
f 6518//580 6517//580 6722//580
f 6722//581 6517//581 6724//581
f 6722//578 6724//578 6723//578
f 6723//582 6724//582 6647//582
f 6723//579 6647//579 6649//579
f 6517//583 6516//584 6724//585
f 6724//585 6516//584 6645//586
f 6724//582 6645//582 6647//582
f 6516//587 6515//420 6645//422
f 6612//588 6725//588 6614//588
f 6614//588 6725//588 6726//588
f 6614//589 6726//589 6616//589
f 6616//589 6726//589 6727//589
f 6616//590 6727//590 6618//590
f 6618//590 6727//590 6673//590
f 6618//476 6673//476 6620//477
f 6725//591 6728//591 6726//591
f 6726//591 6728//591 6729//591
f 6726//592 6729//592 6727//592
f 6727//592 6729//592 6671//592
f 6727//472 6671//472 6673//474
f 6725//593 6612//593 6730//593
f 6730//593 6612//593 6610//593
f 6730//594 6610//594 6731//594
f 6731//594 6610//594 6608//594
f 6731//595 6608//595 6732//595
f 6732//595 6608//595 6606//595
f 6732//596 6606//596 6733//785
f 6733//785 6606//596 6604//785
f 6733//597 6604//597 6734//598
f 6734//598 6604//597 6602//598
f 6734//599 6602//599 6735//599
f 6735//599 6602//599 6600//599
f 6735//601 6600//601 6736//601
f 6736//601 6600//601 6598//601
f 6736//786 6598//786 6737//603
f 6737//603 6598//786 6596//603
f 6737//605 6596//605 6738//604
f 6738//604 6596//605 6594//604
f 6738//787 6594//788 6739//607
f 6739//607 6594//788 6592//607
f 6739//789 6592//789 6740//608
f 6740//608 6592//789 6590//608
f 6740//609 6590//609 6741//930
f 6741//930 6590//609 6588//930
f 6741//610 6588//610 6742//610
f 6742//610 6588//610 6586//610
f 6742//612 6586//613 6743//614
f 6743//614 6586//613 6584//614
f 6743//615 6584//615 6744//615
f 6744//615 6584//615 6582//615
f 6744//616 6582//616 6745//616
f 6745//616 6582//616 6580//616
f 6745//617 6580//617 6650//617
f 6650//617 6580//617 6578//617
f 6728//618 6746//618 6729//618
f 6729//618 6746//618 6669//618
f 6729//470 6669//470 6671//470
f 6728//619 6725//619 6747//619
f 6747//619 6725//619 6730//619
f 6747//620 6730//620 6748//620
f 6748//620 6730//620 6731//620
f 6748//622 6731//622 6749//622
f 6749//622 6731//622 6732//622
f 6749//790 6732//790 6750//623
f 6750//623 6732//790 6733//623
f 6750//625 6733//625 6751//625
f 6751//625 6733//625 6734//625
f 6751//791 6734//626 6752//792
f 6752//792 6734//626 6735//792
f 6752//628 6735//628 6753//629
f 6753//629 6735//628 6736//629
f 6753//630 6736//630 6754//630
f 6754//630 6736//630 6737//630
f 6754//631 6737//631 6755//632
f 6755//632 6737//631 6738//632
f 6755//633 6738//633 6756//633
f 6756//633 6738//633 6739//633
f 6756//634 6739//634 6757//634
f 6757//634 6739//634 6740//634
f 6757//635 6740//635 6758//635
f 6758//635 6740//635 6741//635
f 6758//636 6741//636 6759//636
f 6759//636 6741//636 6742//636
f 6759//639 6742//639 6760//639
f 6760//639 6742//639 6743//639
f 6760//793 6743//794 6761//640
f 6761//640 6743//794 6744//640
f 6761//641 6744//641 6762//641
f 6762//641 6744//641 6745//641
f 6762//642 6745//642 6648//642
f 6648//642 6745//642 6650//642
f 6666//643 6667//643 6746//643
f 6746//467 6667//467 6669//467
f 6746//644 6728//644 6763//644
f 6763//644 6728//644 6747//644
f 6763//645 6747//645 6764//645
f 6764//645 6747//645 6748//645
f 6764//795 6748//646 6765//646
f 6765//646 6748//646 6749//646
f 6765//647 6749//647 6766//647
f 6766//647 6749//647 6750//647
f 6766//648 6750//648 6767//648
f 6767//648 6750//648 6751//648
f 6767//811 6751//811 6768//649
f 6768//649 6751//811 6752//649
f 6768//798 6752//798 6769//650
f 6769//650 6752//798 6753//650
f 6769//651 6753//651 6770//651
f 6770//651 6753//651 6754//651
f 6770//652 6754//652 6771//652
f 6771//652 6754//652 6755//652
f 6771//653 6755//653 6772//653
f 6772//653 6755//653 6756//653
f 6772//654 6756//654 6773//799
f 6773//799 6756//654 6757//655
f 6773//656 6757//656 6774//657
f 6774//657 6757//656 6758//657
f 6774//658 6758//658 6775//658
f 6775//658 6758//658 6759//658
f 6775//800 6759//659 6776//659
f 6776//659 6759//659 6760//659
f 6776//660 6760//661 6777//661
f 6777//661 6760//661 6761//661
f 6777//662 6761//662 6778//662
f 6778//662 6761//662 6762//662
f 6778//663 6762//663 6646//663
f 6646//663 6762//663 6648//663
f 6778//664 6646//664 6644//664
f 6778//664 6644//664 6643//664
f 6665//665 6666//665 6763//665
f 6763//643 6666//643 6746//643
f 6665//665 6763//665 6764//665
f 6664//666 6665//666 6764//666
f 6664//666 6764//666 6765//666
f 6663//667 6664//667 6765//667
f 6663//667 6765//667 6766//667
f 6662//668 6663//668 6766//668
f 6662//668 6766//668 6767//668
f 6661//669 6662//670 6767//670
f 6661//669 6767//670 6768//669
f 6660//671 6661//671 6768//671
f 6660//671 6768//671 6769//671
f 6659//673 6660//674 6769//801
f 6659//673 6769//801 6770//673
f 6658//675 6659//675 6770//675
f 6658//675 6770//675 6771//675
f 6657//802 6658//676 6771//676
f 6657//802 6771//676 6772//802
f 6656//803 6657//816 6772//816
f 6656//803 6772//816 6773//803
f 6655//678 6656//679 6773//679
f 6655//678 6773//679 6774//678
f 6654//680 6655//680 6774//680
f 6654//680 6774//680 6775//680
f 6653//681 6654//681 6775//681
f 6653//681 6775//681 6776//681
f 6652//683 6653//683 6776//683
f 6652//683 6776//683 6777//683
f 6643//684 6652//685 6777//685
f 6643//684 6777//685 6778//684
f 6779//686 6575//686 6780//686
f 6780//686 6575//686 6577//686
f 6780//687 6577//687 6781//687
f 6781//687 6577//687 6579//687
f 6781//688 6579//688 6782//688
f 6782//688 6579//688 6581//688
f 6782//689 6581//689 6783//689
f 6783//689 6581//689 6583//689
f 6783//690 6583//690 6784//690
f 6784//690 6583//690 6585//690
f 6784//691 6585//691 6785//691
f 6785//691 6585//691 6587//691
f 6785//692 6587//692 6786//692
f 6786//692 6587//692 6589//692
f 6786//693 6589//693 6787//693
f 6787//693 6589//693 6591//693
f 6787//694 6591//694 6788//694
f 6788//694 6591//694 6593//694
f 6788//695 6593//695 6789//695
f 6789//695 6593//695 6595//695
f 6789//696 6595//696 6790//696
f 6790//696 6595//696 6597//696
f 6790//697 6597//697 6791//697
f 6791//697 6597//697 6599//697
f 6791//698 6599//698 6792//698
f 6792//698 6599//698 6601//698
f 6792//699 6601//699 6793//699
f 6793//699 6601//699 6603//699
f 6793//700 6603//700 6794//700
f 6794//700 6603//700 6605//700
f 6794//701 6605//701 6795//701
f 6795//701 6605//701 6607//701
f 6795//702 6607//702 6796//702
f 6796//702 6607//702 6609//702
f 6796//703 6609//703 6797//703
f 6797//703 6609//703 6611//703
f 6797//704 6611//704 6798//704
f 6798//704 6611//704 6613//704
f 6798//705 6613//705 6799//705
f 6799//705 6613//705 6615//705
f 6799//706 6615//706 6800//706
f 6800//706 6615//706 6617//706
f 6800//707 6617//707 6801//707
f 6801//707 6617//707 6619//707
f 6801//708 6619//708 6802//708
f 6802//708 6619//708 6621//708
f 6802//709 6621//709 6803//709
f 6803//709 6621//709 6623//709
f 6803//710 6623//710 6804//710
f 6804//710 6623//710 6625//710
f 6804//711 6625//711 6805//711
f 6805//711 6625//711 6627//711
f 6805//712 6627//712 6806//712
f 6806//712 6627//712 6629//712
f 6806//713 6629//713 6807//713
f 6807//713 6629//713 6631//713
f 6807//714 6631//714 6808//714
f 6808//714 6631//714 6633//714
f 6808//715 6633//715 6809//715
f 6809//715 6633//715 6635//715
f 6809//716 6635//716 6810//716
f 6810//716 6635//716 6637//716
f 6810//717 6637//717 6811//717
f 6811//717 6637//717 6639//717
f 6811//718 6639//718 6812//718
f 6812//718 6639//718 6641//718
f 6812//719 6641//719 6779//719
f 6779//719 6641//719 6575//719
f 6813//367 6814//367 6815//367
f 6815//367 6814//367 6816//367
f 6815//368 6816//368 6817//368
f 6817//368 6816//368 6818//368
f 6817//369 6818//369 6819//370
f 6819//370 6818//369 6820//370
f 6819//371 6820//371 6821//372
f 6821//372 6820//371 6822//372
f 6821//373 6822//373 6823//374
f 6823//374 6822//373 6824//374
f 6823//804 6824//804 6825//375
f 6825//375 6824//804 6826//375
f 6825//376 6826//376 6827//377
f 6827//377 6826//376 6828//377
f 6827//378 6828//378 6829//379
f 6829//379 6828//378 6830//379
f 6829//380 6830//380 6831//381
f 6831//381 6830//380 6832//381
f 6831//382 6832//382 6833//383
f 6833//383 6832//382 6834//384
f 6833//385 6834//385 6835//385
f 6835//385 6834//385 6836//385
f 6835//386 6836//386 6837//387
f 6837//387 6836//386 6838//387
f 6837//388 6838//388 6839//388
f 6839//388 6838//388 6840//388
f 6839//389 6840//389 6841//389
f 6841//389 6840//389 6842//389
f 6841//390 6842//390 6843//390
f 6843//390 6842//390 6844//390
f 6843//391 6844//391 6845//392
f 6845//392 6844//391 6846//392
f 6845//393 6846//393 6847//393
f 6847//393 6846//393 6848//393
f 6847//394 6848//394 6849//394
f 6849//394 6848//394 6850//394
f 6849//395 6850//395 6851//395
f 6851//395 6850//395 6852//395
f 6851//396 6852//396 6853//396
f 6853//396 6852//396 6854//396
f 6853//397 6854//397 6855//397
f 6855//397 6854//397 6856//397
f 6855//399 6856//399 6857//399
f 6857//399 6856//399 6858//399
f 6857//400 6858//400 6859//400
f 6859//400 6858//400 6860//400
f 6859//401 6860//401 6861//402
f 6861//402 6860//401 6862//402
f 6861//403 6862//403 6863//404
f 6863//404 6862//403 6864//404
f 6863//405 6864//405 6865//405
f 6865//405 6864//405 6866//405
f 6865//769 6866//769 6867//406
f 6867//406 6866//769 6868//406
f 6867//407 6868//407 6869//407
f 6869//407 6868//407 6870//407
f 6869//408 6870//408 6871//874
f 6871//874 6870//408 6872//874
f 6871//927 6872//927 6873//410
f 6873//410 6872//927 6874//410
f 6873//411 6874//411 6875//807
f 6875//807 6874//411 6876//807
f 6875//412 6876//412 6877//413
f 6877//413 6876//412 6878//413
f 6877//414 6878//414 6879//771
f 6879//771 6878//414 6880//771
f 6879//415 6880//415 6813//415
f 6813//415 6880//415 6814//415
f 6881//416 6882//417 6883//418
f 6883//418 6882//417 6884//419
f 6883//420 6884//421 6885//422
f 6885//423 6884//423 6886//423
f 6885//423 6886//423 6887//423
f 6887//424 6886//424 6888//424
f 6887//424 6888//424 6889//424
f 6889//425 6888//425 6890//425
f 6889//425 6890//425 6891//425
f 6891//426 6890//426 6816//426
f 6891//426 6816//426 6814//426
f 6882//427 6881//428 6892//429
f 6892//429 6881//428 6893//430
f 6892//431 6893//431 6894//431
f 6894//432 6893//432 6895//432
f 6894//433 6895//433 6896//433
f 6896//434 6895//434 6897//434
f 6896//435 6897//435 6898//435
f 6898//436 6897//436 6899//436
f 6898//437 6899//437 6900//437
f 6900//438 6899//438 6901//438
f 6900//439 6901//439 6902//439
f 6902//440 6901//440 6903//440
f 6902//441 6903//441 6904//441
f 6904//442 6903//442 6905//442
f 6904//443 6905//443 6906//443
f 6906//444 6905//444 6907//444
f 6906//445 6907//445 6908//445
f 6908//446 6907//446 6909//446
f 6908//447 6909//447 6910//447
f 6910//448 6909//448 6911//448
f 6910//449 6911//449 6912//449
f 6912//450 6911//450 6913//450
f 6912//451 6913//451 6914//451
f 6914//452 6913//452 6915//452
f 6914//453 6915//453 6916//453
f 6916//454 6915//454 6917//454
f 6916//455 6917//455 6918//455
f 6918//456 6917//457 6919//458
f 6918//456 6919//458 6920//459
f 6920//460 6919//461 6921//462
f 6920//460 6921//462 6922//463
f 6922//464 6921//465 6923//466
f 6922//467 6923//467 6924//467
f 6924//468 6923//468 6925//469
f 6924//470 6925//470 6926//470
f 6926//471 6925//471 6927//471
f 6926//472 6927//473 6928//474
f 6928//475 6927//475 6929//475
f 6928//476 6929//477 6858//477
f 6858//479 6929//479 6860//479
f 6921//465 6930//480 6923//466
f 6923//481 6930//482 6931//483
f 6923//468 6931//469 6925//469
f 6925//484 6931//484 6932//484
f 6925//471 6932//485 6927//471
f 6927//486 6932//486 6933//486
f 6927//475 6933//475 6929//475
f 6929//487 6933//487 6934//487
f 6929//479 6934//479 6860//479
f 6860//488 6934//488 6862//488
f 6930//482 6935//489 6931//483
f 6931//490 6935//490 6936//490
f 6931//484 6936//484 6932//484
f 6932//491 6936//491 6937//491
f 6932//486 6937//486 6933//486
f 6933//492 6937//492 6938//492
f 6933//487 6938//487 6934//487
f 6934//493 6938//493 6939//493
f 6934//488 6939//488 6862//488
f 6862//494 6939//494 6864//494
f 6935//495 6940//495 6936//495
f 6936//496 6940//496 6941//496
f 6936//491 6941//491 6937//491
f 6937//497 6941//497 6942//497
f 6937//492 6942//492 6938//492
f 6938//498 6942//498 6943//808
f 6938//493 6943//493 6939//493
f 6939//500 6943//500 6944//500
f 6939//494 6944//494 6864//494
f 6864//501 6944//501 6866//888
f 6940//503 6945//503 6941//503
f 6941//504 6945//504 6946//504
f 6941//497 6946//497 6942//497
f 6942//505 6946//505 6947//506
f 6942//498 6947//808 6943//808
f 6943//509 6947//509 6948//509
f 6943//500 6948//500 6944//500
f 6944//510 6948//510 6949//889
f 6944//501 6949//888 6866//888
f 6866//512 6949//512 6868//512
f 6945//513 6950//513 6946//513
f 6946//514 6950//514 6951//514
f 6946//505 6951//506 6947//506
f 6947//809 6951//809 6952//515
f 6947//509 6952//509 6948//509
f 6948//517 6952//517 6953//517
f 6948//510 6953//889 6949//889
f 6949//519 6953//519 6954//519
f 6949//512 6954//512 6868//512
f 6868//520 6954//520 6870//777
f 6950//522 6955//522 6951//522
f 6951//523 6955//523 6956//523
f 6951//809 6956//515 6952//515
f 6952//525 6956//525 6957//525
f 6952//517 6957//517 6953//517
f 6953//526 6957//526 6958//526
f 6953//519 6958//519 6954//519
f 6954//527 6958//527 6959//527
f 6954//520 6959//777 6870//777
f 6870//528 6959//528 6872//928
f 6955//529 6960//529 6956//529
f 6956//530 6960//530 6961//530
f 6956//525 6961//525 6957//525
f 6957//531 6961//531 6962//531
f 6957//526 6962//526 6958//526
f 6958//532 6962//532 6963//532
f 6958//527 6963//527 6959//527
f 6959//533 6963//533 6964//534
f 6959//528 6964//928 6872//928
f 6872//535 6964//535 6874//535
f 6960//536 6965//536 6961//536
f 6961//537 6965//537 6966//537
f 6961//531 6966//531 6962//531
f 6962//539 6966//539 6967//539
f 6962//532 6967//532 6963//532
f 6963//540 6967//779 6968//779
f 6963//533 6968//534 6964//534
f 6964//542 6968//542 6969//543
f 6964//535 6969//535 6874//535
f 6874//544 6969//545 6876//545
f 6965//546 6970//546 6966//546
f 6966//547 6970//547 6971//547
f 6966//539 6971//548 6967//539
f 6967//549 6971//549 6972//891
f 6967//779 6972//779 6968//779
f 6968//550 6972//550 6973//550
f 6968//542 6973//543 6969//543
f 6969//551 6973//551 6974//551
f 6969//545 6974//545 6876//545
f 6876//554 6974//554 6878//553
f 6970//555 6975//555 6971//555
f 6971//556 6975//556 6976//556
f 6971//549 6976//891 6972//891
f 6972//557 6976//557 6977//558
f 6972//550 6977//550 6973//550
f 6973//559 6977//559 6978//559
f 6973//551 6978//551 6974//551
f 6974//561 6978//561 6979//562
f 6974//554 6979//553 6878//553
f 6878//563 6979//563 6880//563
f 6975//564 6980//564 6976//564
f 6976//565 6980//565 6981//565
f 6976//557 6981//558 6977//558
f 6977//566 6981//566 6982//566
f 6977//559 6982//559 6978//559
f 6978//567 6982//567 6983//567
f 6978//561 6983//562 6979//562
f 6979//568 6983//568 6984//568
f 6979//563 6984//563 6880//563
f 6880//569 6984//569 6814//569
f 6980//570 6985//570 6981//570
f 6981//571 6985//571 6986//571
f 6981//566 6986//566 6982//566
f 6982//572 6986//572 6987//572
f 6982//567 6987//567 6983//567
f 6983//573 6987//573 6988//574
f 6983//568 6988//568 6984//568
f 6984//575 6988//575 6891//575
f 6984//569 6891//569 6814//569
f 6985//576 6989//576 6986//576
f 6986//577 6989//577 6990//577
f 6986//572 6990//572 6987//572
f 6987//578 6990//578 6991//578
f 6987//573 6991//574 6988//574
f 6988//579 6991//579 6889//579
f 6988//575 6889//575 6891//575
f 6989//580 6992//580 6990//580
f 6990//581 6992//581 6993//581
f 6990//578 6993//578 6991//578
f 6991//582 6993//582 6887//582
f 6991//579 6887//579 6889//579
f 6992//583 6994//584 6993//585
f 6993//585 6994//584 6885//586
f 6993//582 6885//582 6887//582
f 6994//587 6883//420 6885//422
f 6850//588 6995//588 6852//588
f 6852//588 6995//588 6996//588
f 6852//589 6996//589 6854//589
f 6854//589 6996//589 6997//589
f 6854//590 6997//590 6856//590
f 6856//590 6997//590 6928//590
f 6856//476 6928//476 6858//477
f 6995//591 6998//591 6996//591
f 6996//591 6998//591 6999//591
f 6996//592 6999//592 6997//592
f 6997//592 6999//592 6926//592
f 6997//472 6926//472 6928//474
f 6995//593 6850//593 7000//593
f 7000//593 6850//593 6848//593
f 7000//594 6848//594 7001//594
f 7001//594 6848//594 6846//594
f 7001//595 6846//595 7002//595
f 7002//595 6846//595 6844//595
f 7002//596 6844//596 7003//596
f 7003//596 6844//596 6842//596
f 7003//597 6842//597 7004//598
f 7004//598 6842//597 6840//598
f 7004//599 6840//599 7005//599
f 7005//599 6840//599 6838//599
f 7005//600 6838//600 7006//601
f 7006//601 6838//600 6836//601
f 7006//602 6836//602 7007//603
f 7007//603 6836//602 6834//603
f 7007//604 6834//604 7008//605
f 7008//605 6834//604 6832//605
f 7008//606 6832//606 7009//607
f 7009//607 6832//606 6830//607
f 7009//608 6830//608 7010//608
f 7010//608 6830//608 6828//608
f 7010//609 6828//609 7011//930
f 7011//930 6828//609 6826//930
f 7011//610 6826//610 7012//610
f 7012//610 6826//610 6824//610
f 7012//612 6824//613 7013//614
f 7013//614 6824//613 6822//614
f 7013//615 6822//615 7014//615
f 7014//615 6822//615 6820//615
f 7014//616 6820//616 7015//616
f 7015//616 6820//616 6818//616
f 7015//617 6818//617 6890//617
f 6890//617 6818//617 6816//617
f 6998//618 7016//618 6999//618
f 6999//618 7016//618 6924//618
f 6999//470 6924//470 6926//470
f 6998//619 6995//619 7017//619
f 7017//619 6995//619 7000//619
f 7017//620 7000//620 7018//620
f 7018//620 7000//620 7001//620
f 7018//621 7001//621 7019//622
f 7019//622 7001//621 7002//622
f 7019//623 7002//623 7020//623
f 7020//623 7002//623 7003//623
f 7020//625 7003//625 7021//625
f 7021//625 7003//625 7004//625
f 7021//626 7004//626 7022//626
f 7022//626 7004//626 7005//626
f 7022//627 7005//628 7023//629
f 7023//629 7005//628 7006//629
f 7023//630 7006//630 7024//630
f 7024//630 7006//630 7007//630
f 7024//631 7007//631 7025//631
f 7025//631 7007//631 7008//632
f 7025//633 7008//633 7026//633
f 7026//633 7008//633 7009//633
f 7026//634 7009//634 7027//634
f 7027//634 7009//634 7010//634
f 7027//635 7010//635 7028//635
f 7028//635 7010//635 7011//635
f 7028//636 7011//636 7029//636
f 7029//636 7011//636 7012//636
f 7029//638 7012//638 7030//639
f 7030//639 7012//638 7013//639
f 7030//640 7013//640 7031//640
f 7031//640 7013//640 7014//640
f 7031//641 7014//641 7032//641
f 7032//641 7014//641 7015//641
f 7032//642 7015//642 6888//642
f 6888//642 7015//642 6890//642
f 6920//643 6922//643 7016//643
f 7016//467 6922//467 6924//467
f 7016//644 6998//644 7033//644
f 7033//644 6998//644 7017//644
f 7033//645 7017//645 7034//645
f 7034//645 7017//645 7018//645
f 7034//646 7018//646 7035//646
f 7035//646 7018//646 7019//646
f 7035//647 7019//647 7036//647
f 7036//647 7019//647 7020//647
f 7036//648 7020//648 7037//648
f 7037//648 7020//648 7021//648
f 7037//649 7021//649 7038//797
f 7038//797 7021//649 7022//797
f 7038//650 7022//650 7039//650
f 7039//650 7022//650 7023//650
f 7039//651 7023//651 7040//651
f 7040//651 7023//651 7024//651
f 7040//652 7024//652 7041//652
f 7041//652 7024//652 7025//652
f 7041//653 7025//653 7042//653
f 7042//653 7025//653 7026//653
f 7042//654 7026//654 7043//655
f 7043//655 7026//654 7027//655
f 7043//656 7027//656 7044//657
f 7044//657 7027//656 7028//657
f 7044//658 7028//658 7045//658
f 7045//658 7028//658 7029//658
f 7045//659 7029//659 7046//659
f 7046//659 7029//659 7030//659
f 7046//660 7030//661 7047//661
f 7047//661 7030//661 7031//661
f 7047//662 7031//662 7048//662
f 7048//662 7031//662 7032//662
f 7048//663 7032//663 6886//663
f 6886//663 7032//663 6888//663
f 7048//664 6886//664 6884//664
f 7048//664 6884//664 6882//664
f 6918//665 6920//665 7033//665
f 7033//643 6920//643 7016//643
f 6918//665 7033//665 7034//665
f 6916//666 6918//666 7034//666
f 6916//666 7034//666 7035//666
f 6914//667 6916//667 7035//667
f 6914//667 7035//667 7036//667
f 6912//668 6914//668 7036//668
f 6912//668 7036//668 7037//668
f 6910//669 6912//669 7037//669
f 6910//669 7037//669 7038//669
f 6908//671 6910//672 7038//672
f 6908//671 7038//672 7039//671
f 6906//673 6908//674 7039//674
f 6906//673 7039//674 7040//673
f 6904//675 6906//675 7040//675
f 6904//675 7040//675 7041//675
f 6902//676 6904//676 7041//676
f 6902//676 7041//676 7042//676
f 6900//677 6902//677 7042//677
f 6900//677 7042//677 7043//677
f 6898//678 6900//679 7043//679
f 6898//678 7043//679 7044//678
f 6896//680 6898//680 7044//680
f 6896//680 7044//680 7045//680
f 6894//681 6896//682 7045//681
f 6894//681 7045//681 7046//681
f 6892//683 6894//683 7046//683
f 6892//683 7046//683 7047//683
f 6882//684 6892//685 7047//685
f 6882//684 7047//685 7048//684
f 7049//337 6881//337 7050//337
f 7050//337 6881//337 6883//337
f 7050//337 6883//337 6994//337
f 6881//337 7049//337 6893//337
f 6893//337 7049//337 7051//337
f 6893//337 7051//337 6895//337
f 6895//337 7051//337 7052//337
f 6895//337 7052//337 6897//337
f 6897//337 7052//337 7053//337
f 6897//337 7053//337 6899//337
f 6899//337 7053//337 7054//337
f 6899//337 7054//337 6901//337
f 6901//337 7054//337 7055//337
f 6901//337 7055//337 6903//337
f 6903//337 7055//337 7056//337
f 6903//337 7056//337 6905//337
f 6905//337 7056//337 7057//337
f 6905//337 7057//337 6907//337
f 6907//337 7057//337 7058//337
f 6907//337 7058//337 6909//337
f 6909//337 7058//337 7059//337
f 6909//337 7059//337 6911//337
f 6911//337 7059//337 7060//337
f 6911//337 7060//337 6913//337
f 6913//337 7060//337 7061//337
f 6913//337 7061//337 6915//337
f 6915//337 7061//337 7062//337
f 6915//337 7062//337 6917//337
f 6917//337 7062//337 7063//337
f 6917//337 7063//337 6919//337
f 6919//337 7063//337 7064//337
f 6919//337 7064//337 6921//337
f 6921//337 7064//337 7065//337
f 6921//337 7065//337 6930//337
f 6930//337 7065//337 7066//337
f 6930//337 7066//337 6935//337
f 6935//337 7066//337 7067//337
f 6935//337 7067//337 6940//337
f 6940//337 7067//337 7068//337
f 6940//337 7068//337 6945//337
f 6945//337 7068//337 7069//337
f 6945//337 7069//337 6950//337
f 6950//337 7069//337 7070//337
f 6950//337 7070//337 6955//337
f 6955//337 7070//337 7071//337
f 6955//337 7071//337 6960//337
f 6960//337 7071//337 7072//337
f 6960//337 7072//337 6965//337
f 6965//337 7072//337 7073//337
f 6965//337 7073//337 6970//337
f 6970//337 7073//337 7074//337
f 6970//337 7074//337 6975//337
f 6975//337 7074//337 7075//337
f 6975//337 7075//337 6980//337
f 6980//337 7075//337 7076//337
f 6980//337 7076//337 6985//337
f 6985//337 7076//337 7077//337
f 6985//337 7077//337 6989//337
f 6989//337 7077//337 7078//337
f 6989//337 7078//337 6992//337
f 6992//337 7078//337 7079//337
f 6992//337 7079//337 6994//337
f 6994//337 7079//337 7050//337
f 7080//686 6813//686 7081//686
f 7081//686 6813//686 6815//686
f 7081//687 6815//687 7082//687
f 7082//687 6815//687 6817//687
f 7082//688 6817//688 7083//688
f 7083//688 6817//688 6819//688
f 7083//689 6819//689 7084//689
f 7084//689 6819//689 6821//689
f 7084//690 6821//690 7085//690
f 7085//690 6821//690 6823//690
f 7085//691 6823//691 7086//691
f 7086//691 6823//691 6825//691
f 7086//692 6825//692 7087//692
f 7087//692 6825//692 6827//692
f 7087//693 6827//693 7088//693
f 7088//693 6827//693 6829//693
f 7088//694 6829//694 7089//694
f 7089//694 6829//694 6831//694
f 7089//695 6831//695 7090//695
f 7090//695 6831//695 6833//695
f 7090//696 6833//696 7091//696
f 7091//696 6833//696 6835//696
f 7091//697 6835//697 7092//697
f 7092//697 6835//697 6837//697
f 7092//698 6837//698 7093//698
f 7093//698 6837//698 6839//698
f 7093//699 6839//699 7094//699
f 7094//699 6839//699 6841//699
f 7094//700 6841//700 7095//700
f 7095//700 6841//700 6843//700
f 7095//701 6843//701 7096//701
f 7096//701 6843//701 6845//701
f 7096//702 6845//702 7097//702
f 7097//702 6845//702 6847//702
f 7097//703 6847//703 7098//703
f 7098//703 6847//703 6849//703
f 7098//704 6849//704 7099//704
f 7099//704 6849//704 6851//704
f 7099//705 6851//705 7100//705
f 7100//705 6851//705 6853//705
f 7100//706 6853//706 7101//706
f 7101//706 6853//706 6855//706
f 7101//707 6855//707 7102//707
f 7102//707 6855//707 6857//707
f 7102//708 6857//708 7103//708
f 7103//708 6857//708 6859//708
f 7103//709 6859//709 7104//709
f 7104//709 6859//709 6861//709
f 7104//710 6861//710 7105//710
f 7105//710 6861//710 6863//710
f 7105//711 6863//711 7106//711
f 7106//711 6863//711 6865//711
f 7106//712 6865//712 7107//712
f 7107//712 6865//712 6867//712
f 7107//713 6867//713 7108//713
f 7108//713 6867//713 6869//713
f 7108//714 6869//714 7109//714
f 7109//714 6869//714 6871//714
f 7109//715 6871//715 7110//715
f 7110//715 6871//715 6873//715
f 7110//716 6873//716 7111//716
f 7111//716 6873//716 6875//716
f 7111//717 6875//717 7112//717
f 7112//717 6875//717 6877//717
f 7112//718 6877//718 7113//718
f 7113//718 6877//718 6879//718
f 7113//719 6879//719 7080//719
f 7080//719 6879//719 6813//719
f 7114//1 7115//1 7116//1
f 7116//2 7115//2 7117//2
f 7116//3 7117//3 7118//3
f 7118//4 7117//4 7119//4
f 7118//4 7119//4 7120//4
f 7120//5 7119//6 7121//6
f 7120//5 7121//6 7122//5
f 7122//7 7121//7 7123//7
f 7122//7 7123//7 7124//7
f 7124//8 7123//8 7125//8
f 7124//8 7125//8 7126//8
f 7126//9 7125//10 7050//11
f 7126//9 7050//11 7079//12
f 7115//13 7114//13 7127//13
f 7127//14 7114//14 7128//14
f 7127//15 7128//15 7129//15
f 7129//16 7128//16 7130//16
f 7129//17 7130//17 7131//17
f 7131//18 7130//18 7132//18
f 7131//19 7132//19 7133//19
f 7133//721 7132//721 7134//721
f 7133//21 7134//21 7135//21
f 7135//22 7134//22 7136//22
f 7135//23 7136//23 7137//23
f 7137//24 7136//24 7138//24
f 7137//817 7138//817 7139//817
f 7139//26 7138//26 7140//26
f 7139//27 7140//818 7141//27
f 7141//29 7140//29 7142//29
f 7141//30 7142//30 7143//30
f 7143//819 7142//819 7144//819
f 7143//33 7144//34 7145//33
f 7145//36 7144//36 7146//36
f 7145//38 7146//38 7147//38
f 7147//39 7146//39 7148//40
f 7147//41 7148//41 7061//41
f 7061//42 7148//42 7062//42
f 7062//43 7148//43 7149//43
f 7062//44 7149//44 7063//44
f 7063//820 7149//820 7150//820
f 7063//46 7150//47 7064//48
f 7064//48 7150//47 7151//49
f 7064//50 7151//50 7152//51
f 7152//52 7151//52 7153//52
f 7152//52 7153//52 7154//52
f 7154//53 7153//53 7155//53
f 7154//53 7155//53 7156//53
f 7156//54 7155//54 7157//54
f 7156//54 7157//54 7158//54
f 7158//55 7157//55 7159//55
f 7158//55 7159//55 7160//55
f 7160//56 7159//56 7161//56
f 7160//57 7161//57 7162//57
f 7162//58 7161//58 7163//58
f 7162//59 7163//59 7164//59
f 7164//60 7163//60 7165//60
f 7164//61 7165//61 7166//61
f 7166//62 7165//62 7167//62
f 7166//63 7167//63 7168//63
f 7168//64 7167//64 7169//64
f 7168//65 7169//65 7170//65
f 7170//821 7169//821 7171//821
f 7170//822 7171//822 7172//822
f 7172//728 7171//728 7173//728
f 7172//69 7173//69 7174//69
f 7174//70 7173//70 7175//70
f 7174//823 7175//823 7176//823
f 7176//72 7175//72 7177//72
f 7176//73 7177//74 7178//74
f 7178//75 7177//75 7179//76
f 7178//77 7179//77 7180//77
f 7180//824 7179//824 7181//824
f 7180//729 7181//80 7182//80
f 7182//81 7181//81 7183//81
f 7182//82 7183//82 7184//82
f 7184//83 7183//83 7185//139
f 7184//84 7185//84 7077//84
f 7077//85 7185//85 7078//85
f 7078//86 7185//86 7186//86
f 7078//87 7186//88 7079//89
f 7079//89 7186//88 7126//90
f 7138//91 7187//91 7140//91
f 7140//92 7187//92 7188//92
f 7140//29 7188//29 7142//29
f 7142//93 7188//93 7189//825
f 7142//819 7189//819 7144//819
f 7144//95 7189//95 7190//95
f 7144//36 7190//36 7146//36
f 7146//96 7190//96 7191//96
f 7146//39 7191//40 7148//40
f 7148//97 7191//97 7149//97
f 7187//98 7192//98 7188//98
f 7188//826 7192//826 7193//826
f 7188//93 7193//825 7189//825
f 7189//100 7193//100 7194//100
f 7189//95 7194//95 7190//95
f 7190//101 7194//101 7195//102
f 7190//96 7195//96 7191//96
f 7191//103 7195//103 7196//103
f 7191//97 7196//97 7149//97
f 7149//104 7196//104 7150//104
f 7192//827 7197//827 7193//827
f 7193//735 7197//735 7198//735
f 7193//100 7198//100 7194//100
f 7194//107 7198//107 7199//108
f 7194//101 7199//109 7195//102
f 7195//110 7199//110 7200//110
f 7195//103 7200//103 7196//103
f 7196//111 7200//111 7201//111
f 7196//104 7201//104 7150//104
f 7150//112 7201//112 7151//112
f 7197//113 7202//113 7198//113
f 7198//114 7202//114 7203//114
f 7198//107 7203//108 7199//108
f 7199//115 7203//115 7204//122
f 7199//110 7204//110 7200//110
f 7200//828 7204//828 7205//117
f 7200//111 7205//111 7201//111
f 7201//118 7205//118 7153//119
f 7201//112 7153//112 7151//112
f 7202//120 7206//120 7203//120
f 7203//121 7206//121 7207//121
f 7203//115 7207//122 7204//122
f 7204//736 7207//736 7208//123
f 7204//828 7208//124 7205//117
f 7205//125 7208//125 7155//125
f 7205//118 7155//119 7153//119
f 7206//126 7209//126 7207//126
f 7207//127 7209//127 7210//127
f 7207//736 7210//123 7208//123
f 7208//128 7210//128 7157//128
f 7208//125 7157//125 7155//125
f 7209//129 7211//129 7210//129
f 7210//130 7211//130 7159//130
f 7210//128 7159//128 7157//128
f 7211//56 7161//56 7159//56
f 7175//131 7212//131 7177//131
f 7177//132 7212//132 7213//132
f 7177//75 7213//76 7179//76
f 7179//829 7213//134 7214//135
f 7179//824 7214//824 7181//824
f 7181//830 7214//830 7215//740
f 7181//81 7215//81 7183//81
f 7183//138 7215//138 7216//138
f 7183//83 7216//139 7185//139
f 7185//140 7216//140 7186//140
f 7212//141 7217//141 7213//141
f 7213//741 7217//741 7218//741
f 7213//134 7218//135 7214//135
f 7214//144 7218//144 7219//144
f 7214//830 7219//740 7215//740
f 7215//145 7219//145 7220//145
f 7215//138 7220//138 7216//138
f 7216//147 7220//147 7221//147
f 7216//140 7221//140 7186//140
f 7186//148 7221//148 7126//149
f 7217//743 7222//743 7218//743
f 7218//831 7222//831 7223//831
f 7218//144 7223//152 7219//144
f 7219//931 7223//931 7224//153
f 7219//145 7224//145 7220//145
f 7220//154 7224//154 7225//155
f 7220//147 7225//147 7221//147
f 7221//156 7225//156 7124//156
f 7221//148 7124//149 7126//149
f 7222//157 7226//157 7223//157
f 7223//158 7226//158 7227//158
f 7223//931 7227//153 7224//153
f 7224//159 7227//159 7228//159
f 7224//154 7228//155 7225//155
f 7225//160 7228//160 7122//160
f 7225//156 7122//156 7124//156
f 7226//161 7229//161 7227//161
f 7227//162 7229//162 7230//162
f 7227//159 7230//159 7228//159
f 7228//163 7230//163 7120//163
f 7228//160 7120//160 7122//160
f 7229//164 7231//164 7230//164
f 7230//165 7231//165 7118//165
f 7230//163 7118//163 7120//163
f 7231//166 7116//166 7118//166
f 7077//167 7076//167 7184//167
f 7184//168 7076//168 7232//168
f 7184//82 7232//82 7182//82
f 7182//169 7232//169 7233//169
f 7182//80 7233//729 7180//729
f 7180//171 7233//171 7234//171
f 7180//77 7234//77 7178//77
f 7178//174 7234//174 7235//174
f 7178//74 7235//175 7176//73
f 7176//176 7235//176 7174//176
f 7076//749 7075//749 7232//749
f 7232//178 7075//178 7236//178
f 7232//169 7236//169 7233//169
f 7233//179 7236//179 7237//179
f 7233//171 7237//171 7234//171
f 7234//181 7237//181 7238//181
f 7234//174 7238//174 7235//174
f 7235//183 7238//183 7239//183
f 7235//176 7239//176 7174//176
f 7174//186 7239//186 7172//186
f 7075//187 7074//187 7236//187
f 7236//188 7074//188 7240//188
f 7236//179 7240//179 7237//179
f 7237//750 7240//750 7241//189
f 7237//181 7241//181 7238//181
f 7238//191 7241//191 7242//191
f 7238//183 7242//183 7239//183
f 7239//193 7242//193 7243//192
f 7239//186 7243//186 7172//186
f 7172//751 7243//751 7170//195
f 7074//196 7073//196 7240//196
f 7240//197 7073//197 7244//197
f 7240//750 7244//189 7241//189
f 7241//206 7244//206 7245//198
f 7241//191 7245//832 7242//191
f 7242//200 7245//200 7246//200
f 7242//193 7246//192 7243//192
f 7243//752 7246//752 7247//752
f 7243//751 7247//195 7170//195
f 7170//203 7247//203 7168//203
f 7073//204 7072//204 7244//204
f 7244//205 7072//205 7248//205
f 7244//206 7248//198 7245//198
f 7245//207 7248//207 7249//207
f 7245//200 7249//200 7246//200
f 7246//753 7249//210 7250//210
f 7246//752 7250//752 7247//752
f 7247//211 7250//211 7251//211
f 7247//203 7251//203 7168//203
f 7168//212 7251//212 7166//213
f 7072//214 7071//214 7248//214
f 7248//215 7071//215 7252//215
f 7248//207 7252//207 7249//207
f 7249//216 7252//216 7253//216
f 7249//210 7253//210 7250//210
f 7250//217 7253//217 7254//217
f 7250//211 7254//211 7251//211
f 7251//219 7254//220 7255//220
f 7251//212 7255//213 7166//213
f 7166//221 7255//221 7164//221
f 7071//222 7070//222 7252//222
f 7252//223 7070//223 7256//223
f 7252//216 7256//216 7253//216
f 7253//225 7256//225 7257//225
f 7253//217 7257//217 7254//217
f 7254//227 7257//227 7258//227
f 7254//220 7258//220 7255//220
f 7255//228 7258//228 7259//228
f 7255//221 7259//221 7164//221
f 7164//229 7259//229 7162//230
f 7070//231 7069//231 7256//231
f 7256//232 7069//232 7260//232
f 7256//225 7260//225 7257//225
f 7257//234 7260//234 7261//234
f 7257//227 7261//227 7258//227
f 7258//235 7261//235 7262//235
f 7258//228 7262//228 7259//228
f 7259//236 7262//236 7263//236
f 7259//229 7263//230 7162//230
f 7162//237 7263//237 7160//237
f 7069//238 7068//238 7260//238
f 7260//239 7068//239 7264//239
f 7260//234 7264//234 7261//234
f 7261//240 7264//240 7265//240
f 7261//235 7265//235 7262//235
f 7262//241 7265//241 7266//241
f 7262//236 7266//236 7263//236
f 7263//243 7266//243 7158//244
f 7263//237 7158//237 7160//237
f 7068//245 7067//245 7264//245
f 7264//246 7067//246 7267//246
f 7264//240 7267//240 7265//240
f 7265//247 7267//247 7268//247
f 7265//241 7268//241 7266//241
f 7266//248 7268//248 7156//249
f 7266//243 7156//244 7158//244
f 7067//250 7066//250 7267//250
f 7267//251 7066//251 7269//251
f 7267//247 7269//247 7268//247
f 7268//252 7269//252 7154//253
f 7268//248 7154//249 7156//249
f 7066//254 7065//255 7269//256
f 7269//256 7065//255 7152//257
f 7269//252 7152//253 7154//253
f 7065//51 7064//50 7152//51
f 7061//258 7060//258 7147//258
f 7147//259 7060//259 7270//259
f 7147//38 7270//38 7145//38
f 7145//260 7270//260 7271//260
f 7145//33 7271//33 7143//33
f 7143//261 7271//261 7272//261
f 7143//30 7272//30 7141//30
f 7141//262 7272//262 7273//262
f 7141//27 7273//27 7139//27
f 7139//263 7273//263 7137//264
f 7060//265 7059//265 7270//265
f 7270//266 7059//266 7274//266
f 7270//260 7274//260 7271//260
f 7271//267 7274//267 7275//267
f 7271//261 7275//261 7272//261
f 7272//269 7275//269 7276//269
f 7272//262 7276//262 7273//262
f 7273//833 7276//833 7277//271
f 7273//263 7277//264 7137//264
f 7137//272 7277//272 7135//272
f 7059//273 7058//273 7274//273
f 7274//274 7058//274 7278//274
f 7274//267 7278//267 7275//267
f 7275//275 7278//275 7279//276
f 7275//269 7279//269 7276//269
f 7276//834 7279//277 7280//277
f 7276//833 7280//278 7277//271
f 7277//279 7280//279 7281//279
f 7277//272 7281//272 7135//272
f 7135//280 7281//280 7133//281
f 7058//282 7057//282 7278//282
f 7278//283 7057//283 7282//283
f 7278//275 7282//276 7279//276
f 7279//284 7282//284 7283//835
f 7279//277 7283//759 7280//277
f 7280//285 7283//285 7284//285
f 7280//279 7284//279 7281//279
f 7281//286 7284//286 7285//287
f 7281//280 7285//281 7133//281
f 7133//288 7285//288 7131//289
f 7057//290 7056//290 7282//290
f 7282//291 7056//291 7286//291
f 7282//284 7286//835 7283//835
f 7283//292 7286//292 7287//292
f 7283//285 7287//285 7284//285
f 7284//293 7287//293 7288//294
f 7284//286 7288//287 7285//287
f 7285//295 7288//295 7289//295
f 7285//288 7289//289 7131//289
f 7131//296 7289//296 7129//296
f 7056//297 7055//297 7286//297
f 7286//298 7055//298 7290//298
f 7286//292 7290//292 7287//292
f 7287//299 7290//299 7291//299
f 7287//293 7291//294 7288//294
f 7288//300 7291//300 7292//300
f 7288//295 7292//295 7289//295
f 7289//301 7292//301 7293//301
f 7289//296 7293//296 7129//296
f 7129//302 7293//302 7127//302
f 7055//303 7054//303 7290//303
f 7290//304 7054//304 7294//304
f 7290//299 7294//299 7291//299
f 7291//305 7294//305 7295//305
f 7291//300 7295//300 7292//300
f 7292//306 7295//307 7296//307
f 7292//301 7296//301 7293//301
f 7293//308 7296//308 7297//308
f 7293//302 7297//302 7127//302
f 7127//309 7297//309 7115//309
f 7054//836 7053//836 7294//836
f 7294//311 7053//311 7298//311
f 7294//305 7298//305 7295//305
f 7295//312 7298//312 7299//312
f 7295//307 7299//307 7296//307
f 7296//313 7299//313 7300//313
f 7296//308 7300//308 7297//308
f 7297//315 7300//315 7301//315
f 7297//309 7301//309 7115//309
f 7115//316 7301//316 7117//316
f 7053//317 7052//317 7298//317
f 7298//318 7052//318 7302//318
f 7298//312 7302//312 7299//312
f 7299//319 7302//319 7303//319
f 7299//313 7303//313 7300//313
f 7300//320 7303//320 7304//320
f 7300//315 7304//315 7301//315
f 7301//321 7304//321 7119//322
f 7301//316 7119//316 7117//316
f 7052//323 7051//323 7302//323
f 7302//324 7051//324 7305//324
f 7302//319 7305//319 7303//319
f 7303//325 7305//325 7306//326
f 7303//320 7306//320 7304//320
f 7304//327 7306//327 7121//327
f 7304//321 7121//322 7119//322
f 7051//328 7049//329 7305//330
f 7305//330 7049//329 7307//331
f 7305//325 7307//326 7306//326
f 7306//332 7307//332 7123//332
f 7306//327 7123//327 7121//327
f 7049//333 7050//334 7307//335
f 7307//335 7050//334 7125//336
f 7307//332 7125//332 7123//332
f 7308//338 7114//338 7309//338
f 7309//338 7114//338 7116//338
f 7309//339 7116//339 7310//339
f 7310//339 7116//339 7231//339
f 7310//340 7231//340 7311//340
f 7311//340 7231//340 7229//340
f 7311//341 7229//341 7312//341
f 7312//341 7229//341 7226//341
f 7312//342 7226//342 7313//342
f 7313//342 7226//342 7222//342
f 7313//343 7222//343 7314//343
f 7314//343 7222//343 7217//343
f 7314//344 7217//344 7315//344
f 7315//344 7217//344 7212//344
f 7315//345 7212//345 7316//345
f 7316//345 7212//345 7175//345
f 7316//346 7175//346 7317//346
f 7317//346 7175//346 7173//346
f 7317//347 7173//347 7318//347
f 7318//347 7173//347 7171//347
f 7318//348 7171//348 7319//348
f 7319//348 7171//348 7169//348
f 7319//349 7169//349 7320//349
f 7320//349 7169//349 7167//349
f 7320//350 7167//350 7321//350
f 7321//350 7167//350 7165//350
f 7321//351 7165//351 7322//351
f 7322//351 7165//351 7163//351
f 7322//352 7163//352 7323//352
f 7323//352 7163//352 7161//352
f 7323//353 7161//353 7324//353
f 7324//353 7161//353 7211//353
f 7324//354 7211//354 7325//354
f 7325//354 7211//354 7209//354
f 7325//355 7209//355 7326//355
f 7326//355 7209//355 7206//355
f 7326//356 7206//356 7327//356
f 7327//356 7206//356 7202//356
f 7327//357 7202//357 7328//357
f 7328//357 7202//357 7197//357
f 7328//358 7197//358 7329//358
f 7329//358 7197//358 7192//358
f 7329//359 7192//359 7330//359
f 7330//359 7192//359 7187//359
f 7330//360 7187//360 7331//360
f 7331//360 7187//360 7138//360
f 7331//361 7138//361 7332//361
f 7332//361 7138//361 7136//361
f 7332//362 7136//362 7333//362
f 7333//362 7136//362 7134//362
f 7333//363 7134//363 7334//363
f 7334//363 7134//363 7132//363
f 7334//364 7132//364 7335//364
f 7335//364 7132//364 7130//364
f 7335//365 7130//365 7336//365
f 7336//365 7130//365 7128//365
f 7336//366 7128//366 7308//366
f 7308//366 7128//366 7114//366
f 7337//1 7338//1 7339//1
f 7339//2 7338//2 7340//2
f 7339//3 7340//3 7341//3
f 7341//4 7340//4 7342//4
f 7341//4 7342//4 7343//4
f 7343//5 7342//6 7344//5
f 7343//5 7344//5 7345//5
f 7345//7 7344//7 7346//7
f 7345//7 7346//7 7347//7
f 7347//8 7346//8 7348//8
f 7347//8 7348//8 7349//8
f 7349//9 7348//10 7350//11
f 7349//9 7350//11 7351//12
f 7338//13 7337//13 7352//13
f 7352//14 7337//14 7353//14
f 7352//15 7353//15 7354//15
f 7354//16 7353//16 7355//16
f 7354//17 7355//17 7356//17
f 7356//18 7355//18 7357//18
f 7356//912 7357//912 7358//912
f 7358//20 7357//20 7359//20
f 7358//21 7359//21 7360//21
f 7360//22 7359//22 7361//22
f 7360//23 7361//23 7362//23
f 7362//24 7361//24 7363//24
f 7362//25 7363//25 7364//25
f 7364//26 7363//26 7365//26
f 7364//27 7365//27 7366//27
f 7366//28 7365//28 7367//29
f 7366//30 7367//31 7368//31
f 7368//32 7367//32 7369//32
f 7368//33 7369//34 7370//33
f 7370//36 7369//36 7371//36
f 7370//38 7371//38 7372//38
f 7372//39 7371//39 7373//40
f 7372//41 7373//41 7374//41
f 7374//42 7373//42 7375//42
f 7375//43 7373//43 7376//43
f 7375//44 7376//44 7377//44
f 7377//45 7376//45 7378//45
f 7377//46 7378//47 7379//48
f 7379//48 7378//47 7380//49
f 7379//50 7380//50 7381//51
f 7381//52 7380//52 7382//52
f 7381//52 7382//52 7383//52
f 7383//53 7382//53 7384//53
f 7383//53 7384//53 7385//53
f 7385//54 7384//54 7386//54
f 7385//54 7386//54 7387//54
f 7387//55 7386//55 7388//55
f 7387//55 7388//55 7389//55
f 7389//56 7388//56 7390//56
f 7389//57 7390//57 7391//57
f 7391//58 7390//58 7392//58
f 7391//59 7392//59 7393//59
f 7393//60 7392//60 7394//60
f 7393//61 7394//61 7395//61
f 7395//62 7394//62 7396//62
f 7395//63 7396//63 7397//63
f 7397//64 7396//64 7398//64
f 7397//65 7398//65 7399//65
f 7399//66 7398//66 7400//66
f 7399//67 7400//67 7401//67
f 7401//68 7400//68 7402//68
f 7401//69 7402//69 7403//69
f 7403//70 7402//70 7404//70
f 7403//71 7404//71 7405//71
f 7405//72 7404//72 7406//72
f 7405//73 7406//74 7407//74
f 7407//75 7406//75 7408//76
f 7407//77 7408//77 7409//77
f 7409//78 7408//78 7410//824
f 7409//80 7410//80 7411//80
f 7411//81 7410//81 7412//81
f 7411//82 7412//82 7413//82
f 7413//83 7412//83 7414//83
f 7413//84 7414//84 7415//84
f 7415//85 7414//85 7416//85
f 7416//86 7414//86 7417//86
f 7416//87 7417//88 7351//89
f 7351//89 7417//88 7349//90
f 7363//91 7418//91 7365//91
f 7365//92 7418//92 7419//92
f 7365//28 7419//29 7367//29
f 7367//93 7419//93 7420//94
f 7367//32 7420//32 7369//32
f 7369//95 7420//95 7421//95
f 7369//36 7421//36 7371//36
f 7371//851 7421//851 7422//96
f 7371//39 7422//40 7373//40
f 7373//97 7422//97 7376//97
f 7418//852 7423//852 7419//852
f 7419//99 7423//99 7424//99
f 7419//93 7424//94 7420//94
f 7420//100 7424//100 7425//100
f 7420//95 7425//95 7421//95
f 7421//101 7425//101 7426//102
f 7421//851 7426//96 7422//96
f 7422//103 7426//103 7427//103
f 7422//97 7427//97 7376//97
f 7376//104 7427//104 7378//104
f 7423//105 7428//105 7424//105
f 7424//735 7428//735 7429//735
f 7424//100 7429//100 7425//100
f 7425//107 7429//107 7430//108
f 7425//101 7430//109 7426//102
f 7426//110 7430//110 7431//110
f 7426//103 7431//103 7427//103
f 7427//111 7431//111 7432//111
f 7427//104 7432//104 7378//104
f 7378//112 7432//112 7380//112
f 7428//113 7433//113 7429//113
f 7429//114 7433//114 7434//114
f 7429//107 7434//108 7430//108
f 7430//115 7434//115 7435//116
f 7430//110 7435//110 7431//110
f 7431//828 7435//828 7436//117
f 7431//111 7436//111 7432//111
f 7432//118 7436//118 7382//119
f 7432//112 7382//112 7380//112
f 7433//120 7437//120 7434//120
f 7434//121 7437//121 7438//121
f 7434//115 7438//122 7435//116
f 7435//123 7438//123 7439//123
f 7435//828 7439//124 7436//117
f 7436//125 7439//125 7384//125
f 7436//118 7384//119 7382//119
f 7437//126 7440//126 7438//126
f 7438//127 7440//127 7441//127
f 7438//123 7441//123 7439//123
f 7439//128 7441//128 7386//128
f 7439//125 7386//125 7384//125
f 7440//129 7442//129 7441//129
f 7441//130 7442//130 7388//130
f 7441//128 7388//128 7386//128
f 7442//56 7390//56 7388//56
f 7404//131 7443//131 7406//131
f 7406//132 7443//132 7444//132
f 7406//75 7444//133 7408//76
f 7408//932 7444//829 7445//135
f 7408//78 7445//824 7410//824
f 7410//830 7445//830 7446//740
f 7410//81 7446//81 7412//81
f 7412//138 7446//138 7447//138
f 7412//83 7447//139 7414//83
f 7414//140 7447//140 7417//140
f 7443//141 7448//141 7444//141
f 7444//142 7448//142 7449//142
f 7444//829 7449//143 7445//135
f 7445//144 7449//144 7450//144
f 7445//830 7450//740 7446//740
f 7446//145 7450//145 7451//145
f 7446//138 7451//138 7447//138
f 7447//146 7451//146 7452//147
f 7447//140 7452//140 7417//140
f 7417//148 7452//148 7349//149
f 7448//150 7453//150 7449//150
f 7449//831 7453//831 7454//831
f 7449//144 7454//152 7450//144
f 7450//153 7454//153 7455//153
f 7450//145 7455//145 7451//145
f 7451//154 7455//154 7456//155
f 7451//146 7456//147 7452//147
f 7452//156 7456//156 7347//156
f 7452//148 7347//149 7349//149
f 7453//157 7457//157 7454//157
f 7454//158 7457//158 7458//158
f 7454//153 7458//153 7455//153
f 7455//159 7458//159 7459//159
f 7455//154 7459//155 7456//155
f 7456//160 7459//160 7345//160
f 7456//156 7345//156 7347//156
f 7457//161 7460//161 7458//161
f 7458//162 7460//162 7461//162
f 7458//159 7461//159 7459//159
f 7459//163 7461//163 7343//163
f 7459//160 7343//160 7345//160
f 7460//164 7462//164 7461//164
f 7461//165 7462//165 7341//165
f 7461//163 7341//163 7343//163
f 7462//166 7339//166 7341//166
f 7415//167 7463//167 7413//167
f 7413//168 7463//168 7464//168
f 7413//82 7464//82 7411//82
f 7411//169 7464//169 7465//169
f 7411//80 7465//80 7409//80
f 7409//170 7465//171 7466//172
f 7409//77 7466//77 7407//77
f 7407//173 7466//173 7467//174
f 7407//74 7467//175 7405//73
f 7405//176 7467//176 7403//176
f 7463//177 7468//177 7464//177
f 7464//178 7468//178 7469//178
f 7464//169 7469//169 7465//169
f 7465//179 7469//179 7470//179
f 7465//171 7470//172 7466//172
f 7466//180 7470//181 7471//182
f 7466//173 7471//174 7467//174
f 7467//183 7471//183 7472//184
f 7467//176 7472//176 7403//176
f 7403//185 7472//185 7401//186
f 7468//187 7473//187 7469//187
f 7469//188 7473//188 7474//188
f 7469//179 7474//179 7470//179
f 7470//189 7474//189 7475//189
f 7470//181 7475//190 7471//182
f 7471//191 7475//191 7476//191
f 7471//183 7476//184 7472//184
f 7472//192 7476//192 7477//193
f 7472//185 7477//186 7401//186
f 7401//194 7477//194 7399//195
f 7473//196 7478//196 7474//196
f 7474//197 7478//197 7479//197
f 7474//189 7479//189 7475//189
f 7475//198 7479//198 7480//198
f 7475//191 7480//191 7476//191
f 7476//199 7480//199 7481//200
f 7476//192 7481//193 7477//193
f 7477//201 7481//201 7482//201
f 7477//194 7482//195 7399//195
f 7399//203 7482//203 7397//203
f 7478//204 7483//204 7479//204
f 7479//205 7483//205 7484//205
f 7479//198 7484//206 7480//198
f 7480//207 7484//207 7485//207
f 7480//199 7485//200 7481//200
f 7481//209 7485//209 7486//210
f 7481//201 7486//201 7482//201
f 7482//211 7486//211 7487//211
f 7482//203 7487//203 7397//203
f 7397//212 7487//212 7395//213
f 7483//214 7488//214 7484//214
f 7484//215 7488//215 7489//215
f 7484//207 7489//207 7485//207
f 7485//216 7489//216 7490//216
f 7485//209 7490//210 7486//210
f 7486//217 7490//217 7491//217
f 7486//211 7491//211 7487//211
f 7487//219 7491//219 7492//220
f 7487//212 7492//213 7395//213
f 7395//221 7492//221 7393//221
f 7488//222 7493//222 7489//222
f 7489//223 7493//223 7494//223
f 7489//216 7494//216 7490//216
f 7490//225 7494//225 7495//225
f 7490//217 7495//217 7491//217
f 7491//226 7495//226 7496//227
f 7491//219 7496//220 7492//220
f 7492//228 7496//228 7497//228
f 7492//221 7497//221 7393//221
f 7393//229 7497//229 7391//230
f 7493//231 7498//231 7494//231
f 7494//232 7498//232 7499//232
f 7494//225 7499//225 7495//225
f 7495//233 7499//234 7500//234
f 7495//226 7500//227 7496//227
f 7496//235 7500//235 7501//235
f 7496//228 7501//228 7497//228
f 7497//236 7501//236 7502//236
f 7497//229 7502//230 7391//230
f 7391//237 7502//237 7389//237
f 7498//238 7503//238 7499//238
f 7499//239 7503//239 7504//239
f 7499//234 7504//234 7500//234
f 7500//240 7504//240 7505//240
f 7500//235 7505//235 7501//235
f 7501//241 7505//241 7506//241
f 7501//236 7506//242 7502//236
f 7502//243 7506//243 7387//244
f 7502//237 7387//237 7389//237
f 7503//245 7507//245 7504//245
f 7504//246 7507//246 7508//246
f 7504//240 7508//240 7505//240
f 7505//247 7508//247 7509//247
f 7505//241 7509//241 7506//241
f 7506//248 7509//248 7385//249
f 7506//243 7385//244 7387//244
f 7507//250 7510//250 7508//250
f 7508//251 7510//251 7511//251
f 7508//247 7511//247 7509//247
f 7509//252 7511//252 7383//253
f 7509//248 7383//249 7385//249
f 7510//254 7512//255 7511//256
f 7511//256 7512//255 7381//257
f 7511//252 7381//253 7383//253
f 7512//51 7379//50 7381//51
f 7374//258 7513//258 7372//258
f 7372//259 7513//259 7514//259
f 7372//38 7514//38 7370//38
f 7370//260 7514//260 7515//260
f 7370//33 7515//33 7368//33
f 7368//261 7515//261 7516//261
f 7368//31 7516//30 7366//30
f 7366//262 7516//262 7517//262
f 7366//27 7517//27 7364//27
f 7364//263 7517//263 7362//264
f 7513//265 7518//265 7514//265
f 7514//266 7518//266 7519//266
f 7514//260 7519//260 7515//260
f 7515//267 7519//267 7520//267
f 7515//261 7520//261 7516//261
f 7516//268 7520//268 7521//269
f 7516//262 7521//262 7517//262
f 7517//270 7521//270 7522//271
f 7517//263 7522//264 7362//264
f 7362//272 7522//272 7360//272
f 7518//273 7523//273 7519//273
f 7519//274 7523//274 7524//274
f 7519//267 7524//267 7520//267
f 7520//275 7524//275 7525//276
f 7520//268 7525//269 7521//269
f 7521//277 7525//277 7526//277
f 7521//270 7526//278 7522//271
f 7522//279 7526//279 7527//279
f 7522//272 7527//272 7360//272
f 7360//933 7527//280 7358//281
f 7523//282 7528//282 7524//282
f 7524//283 7528//283 7529//283
f 7524//275 7529//276 7525//276
f 7525//284 7529//284 7530//284
f 7525//277 7530//277 7526//277
f 7526//285 7530//285 7531//285
f 7526//279 7531//279 7527//279
f 7527//286 7531//286 7532//287
f 7527//280 7532//281 7358//281
f 7358//288 7532//288 7356//289
f 7528//290 7533//290 7529//290
f 7529//291 7533//291 7534//291
f 7529//284 7534//284 7530//284
f 7530//292 7534//292 7535//292
f 7530//285 7535//285 7531//285
f 7531//293 7535//293 7536//294
f 7531//286 7536//287 7532//287
f 7532//295 7536//295 7537//295
f 7532//288 7537//289 7356//289
f 7356//296 7537//296 7354//296
f 7533//297 7538//297 7534//297
f 7534//298 7538//298 7539//298
f 7534//292 7539//292 7535//292
f 7535//299 7539//299 7540//299
f 7535//293 7540//294 7536//294
f 7536//300 7540//300 7541//300
f 7536//295 7541//295 7537//295
f 7537//301 7541//301 7542//301
f 7537//296 7542//296 7354//296
f 7354//302 7542//302 7352//302
f 7538//303 7543//303 7539//303
f 7539//304 7543//304 7544//304
f 7539//299 7544//299 7540//299
f 7540//305 7544//305 7545//305
f 7540//300 7545//300 7541//300
f 7541//306 7545//307 7546//307
f 7541//301 7546//301 7542//301
f 7542//308 7546//308 7547//308
f 7542//302 7547//302 7352//302
f 7352//309 7547//309 7338//309
f 7543//310 7548//310 7544//310
f 7544//311 7548//311 7549//311
f 7544//305 7549//305 7545//305
f 7545//312 7549//312 7550//312
f 7545//307 7550//307 7546//307
f 7546//313 7550//313 7551//314
f 7546//308 7551//308 7547//308
f 7547//315 7551//315 7552//315
f 7547//309 7552//309 7338//309
f 7338//316 7552//316 7340//316
f 7548//317 7553//317 7549//317
f 7549//318 7553//318 7554//318
f 7549//312 7554//312 7550//312
f 7550//319 7554//319 7555//319
f 7550//313 7555//314 7551//314
f 7551//320 7555//320 7556//320
f 7551//315 7556//315 7552//315
f 7552//321 7556//321 7342//322
f 7552//316 7342//316 7340//316
f 7553//323 7557//323 7554//323
f 7554//324 7557//324 7558//324
f 7554//319 7558//319 7555//319
f 7555//325 7558//325 7559//326
f 7555//320 7559//320 7556//320
f 7556//327 7559//327 7344//327
f 7556//321 7344//322 7342//322
f 7557//328 7560//329 7558//330
f 7558//330 7560//329 7561//331
f 7558//325 7561//326 7559//326
f 7559//332 7561//332 7346//332
f 7559//327 7346//327 7344//327
f 7560//333 7350//334 7561//335
f 7561//335 7350//334 7348//336
f 7561//332 7348//332 7346//332
f 7562//337 7563//337 7350//337
f 7350//337 7563//337 7564//337
f 7350//337 7564//337 7351//337
f 7351//337 7564//337 7565//337
f 7351//337 7565//337 7416//337
f 7416//337 7565//337 7566//337
f 7416//337 7566//337 7415//337
f 7415//337 7566//337 7567//337
f 7415//337 7567//337 7463//337
f 7463//337 7567//337 7568//337
f 7463//337 7568//337 7468//337
f 7468//337 7568//337 7569//337
f 7468//337 7569//337 7473//337
f 7473//337 7569//337 7570//337
f 7473//337 7570//337 7478//337
f 7478//337 7570//337 7571//337
f 7478//337 7571//337 7483//337
f 7483//337 7571//337 7572//337
f 7483//337 7572//337 7488//337
f 7488//337 7572//337 7573//337
f 7488//337 7573//337 7493//337
f 7493//337 7573//337 7574//337
f 7493//337 7574//337 7498//337
f 7498//337 7574//337 7575//337
f 7498//337 7575//337 7503//337
f 7503//337 7575//337 7576//337
f 7503//337 7576//337 7507//337
f 7507//337 7576//337 7577//337
f 7507//337 7577//337 7510//337
f 7510//337 7577//337 7578//337
f 7510//337 7578//337 7512//337
f 7512//337 7578//337 7579//337
f 7512//337 7579//337 7379//337
f 7379//337 7579//337 7580//337
f 7379//337 7580//337 7377//337
f 7377//337 7580//337 7581//337
f 7377//337 7581//337 7375//337
f 7375//337 7581//337 7582//337
f 7375//337 7582//337 7374//337
f 7374//337 7582//337 7583//337
f 7374//337 7583//337 7513//337
f 7513//337 7583//337 7584//337
f 7513//337 7584//337 7518//337
f 7518//337 7584//337 7585//337
f 7518//337 7585//337 7523//337
f 7523//337 7585//337 7586//337
f 7523//337 7586//337 7528//337
f 7528//337 7586//337 7587//337
f 7528//337 7587//337 7533//337
f 7533//337 7587//337 7588//337
f 7533//337 7588//337 7538//337
f 7538//337 7588//337 7589//337
f 7538//337 7589//337 7543//337
f 7543//337 7589//337 7590//337
f 7543//337 7590//337 7548//337
f 7548//337 7590//337 7591//337
f 7548//337 7591//337 7553//337
f 7553//337 7591//337 7592//337
f 7553//337 7592//337 7557//337
f 7557//337 7592//337 7593//337
f 7557//337 7593//337 7560//337
f 7560//337 7593//337 7562//337
f 7560//337 7562//337 7350//337
f 7594//338 7337//338 7595//338
f 7595//338 7337//338 7339//338
f 7595//339 7339//339 7596//339
f 7596//339 7339//339 7462//339
f 7596//340 7462//340 7597//340
f 7597//340 7462//340 7460//340
f 7597//341 7460//341 7598//341
f 7598//341 7460//341 7457//341
f 7598//342 7457//342 7599//342
f 7599//342 7457//342 7453//342
f 7599//343 7453//343 7600//343
f 7600//343 7453//343 7448//343
f 7600//344 7448//344 7601//344
f 7601//344 7448//344 7443//344
f 7601//345 7443//345 7602//345
f 7602//345 7443//345 7404//345
f 7602//346 7404//346 7603//346
f 7603//346 7404//346 7402//346
f 7603//347 7402//347 7604//347
f 7604//347 7402//347 7400//347
f 7604//348 7400//348 7605//348
f 7605//348 7400//348 7398//348
f 7605//349 7398//349 7606//349
f 7606//349 7398//349 7396//349
f 7606//350 7396//350 7607//350
f 7607//350 7396//350 7394//350
f 7607//351 7394//351 7608//351
f 7608//351 7394//351 7392//351
f 7608//352 7392//352 7609//352
f 7609//352 7392//352 7390//352
f 7609//353 7390//353 7610//353
f 7610//353 7390//353 7442//353
f 7610//354 7442//354 7611//354
f 7611//354 7442//354 7440//354
f 7611//355 7440//355 7612//355
f 7612//355 7440//355 7437//355
f 7612//356 7437//356 7613//356
f 7613//356 7437//356 7433//356
f 7613//357 7433//357 7614//357
f 7614//357 7433//357 7428//357
f 7614//358 7428//358 7615//358
f 7615//358 7428//358 7423//358
f 7615//359 7423//359 7616//359
f 7616//359 7423//359 7418//359
f 7616//360 7418//360 7617//360
f 7617//360 7418//360 7363//360
f 7617//361 7363//361 7618//361
f 7618//361 7363//361 7361//361
f 7618//362 7361//362 7619//362
f 7619//362 7361//362 7359//362
f 7619//363 7359//363 7620//363
f 7620//363 7359//363 7357//363
f 7620//364 7357//364 7621//364
f 7621//364 7357//364 7355//364
f 7621//365 7355//365 7622//365
f 7622//365 7355//365 7353//365
f 7622//366 7353//366 7594//366
f 7594//366 7353//366 7337//366
f 7623//720 7624//720 7625//720
f 7625//2 7624//2 7626//2
f 7625//3 7626//3 7627//3
f 7627//4 7626//4 7628//4
f 7627//4 7628//4 7629//4
f 7629//5 7628//5 7630//5
f 7629//5 7630//5 7631//6
f 7631//7 7630//7 7632//7
f 7631//7 7632//7 7633//7
f 7633//8 7632//8 7634//8
f 7633//8 7634//8 7635//8
f 7635//9 7634//10 7636//11
f 7635//9 7636//11 7637//12
f 7624//13 7623//13 7638//13
f 7638//14 7623//14 7639//14
f 7638//15 7639//15 7640//15
f 7640//16 7639//16 7641//16
f 7640//17 7641//17 7642//17
f 7642//18 7641//18 7643//18
f 7642//912 7643//912 7644//912
f 7644//721 7643//721 7645//721
f 7644//722 7645//722 7646//722
f 7646//22 7645//22 7647//22
f 7646//23 7647//23 7648//23
f 7648//24 7647//24 7649//24
f 7648//25 7649//25 7650//25
f 7650//26 7649//26 7651//26
f 7650//27 7651//27 7652//27
f 7652//28 7651//28 7653//29
f 7652//30 7653//31 7654//31
f 7654//32 7653//32 7655//723
f 7654//33 7655//33 7656//33
f 7656//36 7655//36 7657//36
f 7656//38 7657//38 7658//38
f 7658//39 7657//39 7659//39
f 7658//41 7659//41 7660//41
f 7660//724 7659//724 7661//724
f 7661//43 7659//43 7662//43
f 7661//44 7662//44 7663//44
f 7663//45 7662//45 7664//45
f 7663//46 7664//47 7665//48
f 7665//48 7664//47 7666//49
f 7665//50 7666//50 7667//51
f 7667//52 7666//52 7668//52
f 7667//52 7668//52 7669//52
f 7669//53 7668//53 7670//53
f 7669//53 7670//53 7671//53
f 7671//54 7670//54 7672//54
f 7671//54 7672//54 7673//54
f 7673//55 7672//55 7674//55
f 7673//55 7674//55 7675//55
f 7675//56 7674//56 7676//56
f 7675//57 7676//57 7677//57
f 7677//58 7676//58 7678//58
f 7677//59 7678//59 7679//59
f 7679//725 7678//725 7680//725
f 7679//61 7680//61 7681//61
f 7681//726 7680//726 7682//726
f 7681//63 7682//63 7683//63
f 7683//64 7682//64 7684//64
f 7683//65 7684//65 7685//65
f 7685//66 7684//66 7686//66
f 7685//67 7686//67 7687//67
f 7687//728 7686//728 7688//728
f 7687//69 7688//69 7689//69
f 7689//70 7688//70 7690//70
f 7689//71 7690//71 7691//71
f 7691//72 7690//72 7692//72
f 7691//74 7692//73 7693//73
f 7693//75 7692//75 7694//76
f 7693//77 7694//77 7695//77
f 7695//78 7694//78 7696//824
f 7695//80 7696//729 7697//729
f 7697//81 7696//81 7698//81
f 7697//746 7698//82 7699//82
f 7699//83 7698//83 7700//83
f 7699//84 7700//84 7701//84
f 7701//85 7700//85 7702//85
f 7702//86 7700//86 7703//86
f 7702//87 7703//730 7637//89
f 7637//89 7703//730 7635//90
f 7649//91 7704//91 7651//91
f 7651//92 7704//92 7705//92
f 7651//28 7705//29 7653//29
f 7653//94 7705//94 7706//94
f 7653//32 7706//731 7655//723
f 7655//732 7706//95 7707//95
f 7655//36 7707//36 7657//36
f 7657//96 7707//96 7708//96
f 7657//39 7708//39 7659//39
f 7659//97 7708//97 7662//97
f 7704//98 7709//98 7705//98
f 7705//99 7709//99 7710//99
f 7705//94 7710//94 7706//94
f 7706//100 7710//100 7711//100
f 7706//95 7711//95 7707//95
f 7707//101 7711//101 7712//102
f 7707//96 7712//96 7708//96
f 7708//103 7712//103 7713//103
f 7708//97 7713//97 7662//97
f 7662//104 7713//104 7664//104
f 7709//734 7714//734 7710//734
f 7710//106 7714//106 7715//106
f 7710//100 7715//100 7711//100
f 7711//108 7715//108 7716//108
f 7711//101 7716//109 7712//102
f 7712//110 7716//110 7717//110
f 7712//103 7717//103 7713//103
f 7713//111 7717//111 7718//111
f 7713//104 7718//104 7664//104
f 7664//112 7718//112 7666//112
f 7714//113 7719//113 7715//113
f 7715//114 7719//114 7720//114
f 7715//108 7720//108 7716//108
f 7716//115 7720//115 7721//122
f 7716//110 7721//110 7717//110
f 7717//117 7721//117 7722//117
f 7717//111 7722//111 7718//111
f 7718//118 7722//118 7668//119
f 7718//112 7668//112 7666//112
f 7719//120 7723//120 7720//120
f 7720//121 7723//121 7724//121
f 7720//115 7724//122 7721//122
f 7721//736 7724//736 7725//123
f 7721//117 7725//117 7722//117
f 7722//737 7725//737 7670//738
f 7722//118 7670//119 7668//119
f 7723//126 7726//126 7724//126
f 7724//127 7726//127 7727//127
f 7724//736 7727//123 7725//123
f 7725//128 7727//128 7672//128
f 7725//737 7672//738 7670//738
f 7726//129 7728//129 7727//129
f 7727//130 7728//130 7674//130
f 7727//128 7674//128 7672//128
f 7728//56 7676//56 7674//56
f 7690//131 7729//131 7692//131
f 7692//132 7729//132 7730//132
f 7692//75 7730//739 7694//76
f 7694//829 7730//829 7731//135
f 7694//78 7731//824 7696//824
f 7696//830 7731//137 7732//740
f 7696//81 7732//81 7698//81
f 7698//138 7732//138 7733//138
f 7698//83 7733//139 7700//83
f 7700//140 7733//140 7703//140
f 7729//141 7734//141 7730//141
f 7730//741 7734//741 7735//741
f 7730//829 7735//135 7731//135
f 7731//144 7735//144 7736//144
f 7731//137 7736//740 7732//740
f 7732//742 7736//145 7737//145
f 7732//138 7737//138 7733//138
f 7733//147 7737//147 7738//147
f 7733//140 7738//140 7703//140
f 7703//148 7738//148 7635//149
f 7734//743 7739//743 7735//743
f 7735//831 7739//831 7740//831
f 7735//144 7740//144 7736//144
f 7736//153 7740//153 7741//153
f 7736//145 7741//145 7737//145
f 7737//154 7741//154 7742//155
f 7737//147 7742//147 7738//147
f 7738//156 7742//156 7633//156
f 7738//148 7633//149 7635//149
f 7739//157 7743//157 7740//157
f 7740//158 7743//158 7744//158
f 7740//153 7744//153 7741//153
f 7741//744 7744//159 7745//159
f 7741//154 7745//155 7742//155
f 7742//160 7745//160 7631//160
f 7742//156 7631//156 7633//156
f 7743//161 7746//161 7744//161
f 7744//162 7746//162 7747//162
f 7744//159 7747//159 7745//159
f 7745//163 7747//163 7629//163
f 7745//160 7629//160 7631//160
f 7746//164 7748//164 7747//164
f 7747//165 7748//165 7627//165
f 7747//163 7627//163 7629//163
f 7748//745 7625//745 7627//745
f 7701//167 7749//167 7699//167
f 7699//168 7749//168 7750//168
f 7699//82 7750//746 7697//746
f 7697//169 7750//169 7751//169
f 7697//729 7751//80 7695//80
f 7695//171 7751//171 7752//171
f 7695//77 7752//77 7693//77
f 7693//173 7752//173 7753//174
f 7693//73 7753//74 7691//74
f 7691//747 7753//747 7689//748
f 7749//749 7754//749 7750//749
f 7750//178 7754//178 7755//178
f 7750//169 7755//169 7751//169
f 7751//179 7755//179 7756//179
f 7751//171 7756//171 7752//171
f 7752//180 7756//181 7757//181
f 7752//173 7757//174 7753//174
f 7753//183 7757//183 7758//183
f 7753//747 7758//748 7689//748
f 7689//186 7758//186 7687//186
f 7754//187 7759//187 7755//187
f 7755//188 7759//188 7760//188
f 7755//179 7760//179 7756//179
f 7756//750 7760//750 7761//189
f 7756//181 7761//181 7757//181
f 7757//191 7761//191 7762//191
f 7757//183 7762//183 7758//183
f 7758//193 7762//193 7763//193
f 7758//186 7763//186 7687//186
f 7687//751 7763//751 7685//195
f 7759//196 7764//196 7760//196
f 7760//197 7764//197 7765//197
f 7760//750 7765//189 7761//189
f 7761//198 7765//198 7766//206
f 7761//191 7766//191 7762//191
f 7762//199 7766//199 7767//200
f 7762//193 7767//193 7763//193
f 7763//752 7767//752 7768//752
f 7763//751 7768//195 7685//195
f 7685//203 7768//203 7683//203
f 7764//204 7769//204 7765//204
f 7765//205 7769//205 7770//205
f 7765//198 7770//206 7766//206
f 7766//207 7770//207 7771//207
f 7766//199 7771//200 7767//200
f 7767//210 7771//210 7772//210
f 7767//752 7772//752 7768//752
f 7768//211 7772//211 7773//211
f 7768//203 7773//203 7683//203
f 7683//754 7773//754 7681//213
f 7769//214 7774//214 7770//214
f 7770//215 7774//215 7775//215
f 7770//207 7775//207 7771//207
f 7771//755 7775//216 7776//216
f 7771//210 7776//210 7772//210
f 7772//217 7776//217 7777//217
f 7772//211 7777//211 7773//211
f 7773//219 7777//219 7778//220
f 7773//754 7778//213 7681//213
f 7681//221 7778//221 7679//756
f 7774//222 7779//222 7775//222
f 7775//223 7779//223 7780//223
f 7775//216 7780//216 7776//216
f 7776//225 7780//225 7781//225
f 7776//217 7781//217 7777//217
f 7777//226 7781//227 7782//227
f 7777//219 7782//220 7778//220
f 7778//228 7782//228 7783//228
f 7778//221 7783//756 7679//756
f 7679//229 7783//229 7677//230
f 7779//231 7784//231 7780//231
f 7780//232 7784//232 7785//232
f 7780//225 7785//225 7781//225
f 7781//233 7785//234 7786//234
f 7781//227 7786//227 7782//227
f 7782//235 7786//235 7787//235
f 7782//228 7787//757 7783//228
f 7783//236 7787//236 7788//236
f 7783//229 7788//230 7677//230
f 7677//237 7788//237 7675//237
f 7784//238 7789//238 7785//238
f 7785//239 7789//239 7790//239
f 7785//234 7790//234 7786//234
f 7786//240 7790//240 7791//240
f 7786//235 7791//235 7787//235
f 7787//241 7791//241 7792//241
f 7787//236 7792//236 7788//236
f 7788//243 7792//243 7673//244
f 7788//237 7673//237 7675//237
f 7789//758 7793//758 7790//758
f 7790//246 7793//246 7794//246
f 7790//240 7794//240 7791//240
f 7791//247 7794//247 7795//247
f 7791//241 7795//241 7792//241
f 7792//248 7795//248 7671//249
f 7792//243 7671//244 7673//244
f 7793//250 7796//250 7794//250
f 7794//251 7796//251 7797//251
f 7794//247 7797//247 7795//247
f 7795//252 7797//252 7669//253
f 7795//248 7669//249 7671//249
f 7796//254 7798//255 7797//256
f 7797//256 7798//255 7667//257
f 7797//252 7667//253 7669//253
f 7798//51 7665//50 7667//51
f 7660//258 7799//258 7658//258
f 7658//259 7799//259 7800//259
f 7658//38 7800//38 7656//38
f 7656//260 7800//260 7801//260
f 7656//33 7801//33 7654//33
f 7654//261 7801//261 7802//261
f 7654//31 7802//30 7652//30
f 7652//262 7802//262 7803//262
f 7652//27 7803//27 7650//27
f 7650//263 7803//263 7648//264
f 7799//265 7804//265 7800//265
f 7800//266 7804//266 7805//266
f 7800//260 7805//260 7801//260
f 7801//267 7805//267 7806//267
f 7801//261 7806//261 7802//261
f 7802//269 7806//269 7807//269
f 7802//262 7807//262 7803//262
f 7803//278 7807//278 7808//270
f 7803//263 7808//264 7648//264
f 7648//272 7808//272 7646//272
f 7804//273 7809//273 7805//273
f 7805//274 7809//274 7810//274
f 7805//267 7810//267 7806//267
f 7806//275 7810//275 7811//276
f 7806//269 7811//269 7807//269
f 7807//277 7811//277 7812//277
f 7807//278 7812//270 7808//270
f 7808//279 7812//279 7813//279
f 7808//272 7813//272 7646//272
f 7646//280 7813//280 7644//280
f 7809//282 7814//282 7810//282
f 7810//283 7814//283 7815//283
f 7810//275 7815//276 7811//276
f 7811//284 7815//284 7816//284
f 7811//277 7816//759 7812//277
f 7812//285 7816//285 7817//285
f 7812//279 7817//279 7813//279
f 7813//286 7817//286 7818//287
f 7813//280 7818//280 7644//280
f 7644//288 7818//288 7642//288
f 7814//290 7819//290 7815//290
f 7815//291 7819//291 7820//291
f 7815//284 7820//284 7816//284
f 7816//292 7820//292 7821//292
f 7816//285 7821//285 7817//285
f 7817//294 7821//294 7822//294
f 7817//286 7822//287 7818//287
f 7818//295 7822//295 7823//295
f 7818//288 7823//288 7642//288
f 7642//761 7823//296 7640//296
f 7819//297 7824//297 7820//297
f 7820//298 7824//298 7825//298
f 7820//292 7825//292 7821//292
f 7821//299 7825//299 7826//299
f 7821//294 7826//294 7822//294
f 7822//300 7826//300 7827//300
f 7822//295 7827//295 7823//295
f 7823//301 7827//301 7828//301
f 7823//296 7828//296 7640//296
f 7640//302 7828//302 7638//302
f 7824//303 7829//303 7825//303
f 7825//304 7829//304 7830//304
f 7825//299 7830//299 7826//299
f 7826//305 7830//305 7831//305
f 7826//300 7831//300 7827//300
f 7827//307 7831//307 7832//307
f 7827//301 7832//301 7828//301
f 7828//762 7832//762 7833//308
f 7828//302 7833//302 7638//302
f 7638//309 7833//309 7624//309
f 7829//310 7834//310 7830//310
f 7830//311 7834//311 7835//311
f 7830//305 7835//305 7831//305
f 7831//763 7835//312 7836//312
f 7831//307 7836//307 7832//307
f 7832//313 7836//313 7837//314
f 7832//762 7837//308 7833//308
f 7833//315 7837//315 7838//315
f 7833//309 7838//309 7624//309
f 7624//316 7838//316 7626//316
f 7834//317 7839//317 7835//317
f 7835//318 7839//318 7840//318
f 7835//312 7840//312 7836//312
f 7836//319 7840//319 7841//319
f 7836//313 7841//314 7837//314
f 7837//320 7841//320 7842//320
f 7837//315 7842//315 7838//315
f 7838//321 7842//321 7628//321
f 7838//316 7628//316 7626//316
f 7839//323 7843//323 7840//323
f 7840//324 7843//324 7844//324
f 7840//319 7844//319 7841//319
f 7841//325 7844//325 7845//326
f 7841//320 7845//320 7842//320
f 7842//327 7845//327 7630//327
f 7842//321 7630//321 7628//321
f 7843//328 7846//329 7844//764
f 7844//764 7846//329 7847//331
f 7844//325 7847//326 7845//326
f 7845//332 7847//332 7632//332
f 7845//327 7632//327 7630//327
f 7846//333 7636//334 7847//335
f 7847//335 7636//334 7634//336
f 7847//332 7634//332 7632//332
f 7848//337 7849//337 7636//337
f 7636//337 7849//337 7850//337
f 7636//337 7850//337 7637//337
f 7637//337 7850//337 7851//337
f 7637//337 7851//337 7702//337
f 7702//337 7851//337 7852//337
f 7702//337 7852//337 7701//337
f 7701//337 7852//337 7853//337
f 7701//337 7853//337 7749//337
f 7749//337 7853//337 7854//337
f 7749//337 7854//337 7754//337
f 7754//337 7854//337 7855//337
f 7754//337 7855//337 7759//337
f 7759//337 7855//337 7856//337
f 7759//337 7856//337 7764//337
f 7764//337 7856//337 7857//337
f 7764//337 7857//337 7769//337
f 7769//337 7857//337 7858//337
f 7769//337 7858//337 7774//337
f 7774//337 7858//337 7859//337
f 7774//337 7859//337 7779//337
f 7779//337 7859//337 7860//337
f 7779//337 7860//337 7784//337
f 7784//337 7860//337 7861//337
f 7784//337 7861//337 7789//337
f 7789//337 7861//337 7862//337
f 7789//337 7862//337 7793//337
f 7793//337 7862//337 7863//337
f 7793//337 7863//337 7796//337
f 7796//337 7863//337 7864//337
f 7796//337 7864//337 7798//337
f 7798//337 7864//337 7865//337
f 7798//337 7865//337 7665//337
f 7665//337 7865//337 7866//337
f 7665//337 7866//337 7663//337
f 7663//337 7866//337 7867//337
f 7663//337 7867//337 7661//337
f 7661//337 7867//337 7868//337
f 7661//337 7868//337 7660//337
f 7660//337 7868//337 7869//337
f 7660//337 7869//337 7799//337
f 7799//337 7869//337 7870//337
f 7799//337 7870//337 7804//337
f 7804//337 7870//337 7871//337
f 7804//337 7871//337 7809//337
f 7809//337 7871//337 7872//337
f 7809//337 7872//337 7814//337
f 7814//337 7872//337 7873//337
f 7814//337 7873//337 7819//337
f 7819//337 7873//337 7874//337
f 7819//337 7874//337 7824//337
f 7824//337 7874//337 7875//337
f 7824//337 7875//337 7829//337
f 7829//337 7875//337 7876//337
f 7829//337 7876//337 7834//337
f 7834//337 7876//337 7877//337
f 7834//337 7877//337 7839//337
f 7839//337 7877//337 7878//337
f 7839//337 7878//337 7843//337
f 7843//337 7878//337 7879//337
f 7843//337 7879//337 7846//337
f 7846//337 7879//337 7848//337
f 7846//337 7848//337 7636//337
f 7880//338 7623//338 7881//338
f 7881//338 7623//338 7625//338
f 7881//339 7625//339 7882//339
f 7882//339 7625//339 7748//339
f 7882//340 7748//340 7883//340
f 7883//340 7748//340 7746//340
f 7883//341 7746//341 7884//341
f 7884//341 7746//341 7743//341
f 7884//342 7743//342 7885//342
f 7885//342 7743//342 7739//342
f 7885//343 7739//343 7886//343
f 7886//343 7739//343 7734//343
f 7886//344 7734//344 7887//344
f 7887//344 7734//344 7729//344
f 7887//345 7729//345 7888//345
f 7888//345 7729//345 7690//345
f 7888//346 7690//346 7889//346
f 7889//346 7690//346 7688//346
f 7889//347 7688//347 7890//347
f 7890//347 7688//347 7686//347
f 7890//348 7686//348 7891//348
f 7891//348 7686//348 7684//348
f 7891//349 7684//349 7892//349
f 7892//349 7684//349 7682//349
f 7892//350 7682//350 7893//350
f 7893//350 7682//350 7680//350
f 7893//351 7680//351 7894//351
f 7894//351 7680//351 7678//351
f 7894//352 7678//352 7895//352
f 7895//352 7678//352 7676//352
f 7895//353 7676//353 7896//353
f 7896//353 7676//353 7728//353
f 7896//354 7728//354 7897//354
f 7897//354 7728//354 7726//354
f 7897//355 7726//355 7898//355
f 7898//355 7726//355 7723//355
f 7898//356 7723//356 7899//356
f 7899//356 7723//356 7719//356
f 7899//357 7719//357 7900//357
f 7900//357 7719//357 7714//357
f 7900//358 7714//358 7901//358
f 7901//358 7714//358 7709//358
f 7901//359 7709//359 7902//359
f 7902//359 7709//359 7704//359
f 7902//360 7704//360 7903//360
f 7903//360 7704//360 7649//360
f 7903//361 7649//361 7904//361
f 7904//361 7649//361 7647//361
f 7904//362 7647//362 7905//362
f 7905//362 7647//362 7645//362
f 7905//363 7645//363 7906//363
f 7906//363 7645//363 7643//363
f 7906//364 7643//364 7907//364
f 7907//364 7643//364 7641//364
f 7907//365 7641//365 7908//365
f 7908//365 7641//365 7639//365
f 7908//366 7639//366 7880//366
f 7880//366 7639//366 7623//366
f 7909//367 7910//367 7911//367
f 7911//367 7910//367 7912//367
f 7911//368 7912//368 7913//368
f 7913//368 7912//368 7914//368
f 7913//369 7914//369 7915//369
f 7915//369 7914//369 7916//369
f 7915//371 7916//371 7917//371
f 7917//371 7916//371 7918//372
f 7917//373 7918//373 7919//373
f 7919//373 7918//373 7920//373
f 7919//375 7920//375 7921//375
f 7921//375 7920//375 7922//375
f 7921//376 7922//376 7923//377
f 7923//377 7922//376 7924//377
f 7923//378 7924//378 7925//379
f 7925//379 7924//378 7926//379
f 7925//381 7926//381 7927//381
f 7927//381 7926//381 7928//381
f 7927//383 7928//383 7929//383
f 7929//383 7928//383 7930//383
f 7929//385 7930//385 7931//385
f 7931//385 7930//385 7932//385
f 7931//386 7932//386 7933//387
f 7933//387 7932//386 7934//387
f 7933//388 7934//388 7935//388
f 7935//388 7934//388 7936//388
f 7935//389 7936//389 7937//389
f 7937//389 7936//389 7938//389
f 7937//765 7938//765 7939//390
f 7939//390 7938//765 7940//390
f 7939//391 7940//391 7941//391
f 7941//391 7940//391 7942//391
f 7941//393 7942//393 7943//393
f 7943//393 7942//393 7944//393
f 7943//394 7944//394 7945//394
f 7945//394 7944//394 7946//394
f 7945//395 7946//395 7947//395
f 7947//395 7946//395 7948//395
f 7947//396 7948//396 7949//766
f 7949//766 7948//396 7950//766
f 7949//397 7950//397 7951//398
f 7951//398 7950//397 7952//398
f 7951//399 7952//399 7953//767
f 7953//767 7952//399 7954//767
f 7953//400 7954//400 7955//400
f 7955//400 7954//400 7956//400
f 7955//401 7956//401 7957//402
f 7957//402 7956//401 7958//402
f 7957//403 7958//403 7959//404
f 7959//404 7958//403 7960//404
f 7959//768 7960//768 7961//405
f 7961//405 7960//768 7962//405
f 7961//769 7962//769 7963//406
f 7963//406 7962//769 7964//770
f 7963//407 7964//407 7965//407
f 7965//407 7964//407 7966//407
f 7965//408 7966//408 7967//409
f 7967//409 7966//408 7968//409
f 7967//410 7968//410 7969//410
f 7969//410 7968//410 7970//410
f 7969//411 7970//411 7971//411
f 7971//411 7970//411 7972//411
f 7971//413 7972//413 7973//413
f 7973//413 7972//413 7974//413
f 7973//414 7974//414 7975//771
f 7975//771 7974//414 7976//771
f 7975//415 7976//415 7909//415
f 7909//415 7976//415 7910//415
f 7848//416 7977//417 7849//418
f 7849//418 7977//417 7978//419
f 7849//420 7978//421 7979//422
f 7979//423 7978//423 7980//423
f 7979//423 7980//423 7981//423
f 7981//424 7980//424 7982//424
f 7981//424 7982//424 7983//424
f 7983//425 7982//425 7984//425
f 7983//425 7984//425 7985//425
f 7985//426 7984//426 7912//426
f 7985//426 7912//426 7910//426
f 7977//427 7848//428 7986//429
f 7986//429 7848//428 7879//430
f 7986//431 7879//431 7987//431
f 7987//432 7879//432 7878//432
f 7987//433 7878//433 7988//433
f 7988//434 7878//434 7877//434
f 7988//435 7877//435 7989//435
f 7989//436 7877//436 7876//436
f 7989//437 7876//437 7990//437
f 7990//438 7876//438 7875//438
f 7990//439 7875//439 7991//439
f 7991//440 7875//440 7874//440
f 7991//441 7874//441 7992//441
f 7992//442 7874//442 7873//442
f 7992//443 7873//443 7993//443
f 7993//444 7873//444 7872//444
f 7993//445 7872//445 7994//445
f 7994//446 7872//446 7871//446
f 7994//447 7871//447 7995//447
f 7995//448 7871//448 7870//448
f 7995//449 7870//449 7996//449
f 7996//450 7870//450 7869//450
f 7996//451 7869//451 7997//451
f 7997//452 7869//452 7868//452
f 7997//453 7868//453 7998//453
f 7998//454 7868//454 7867//454
f 7998//455 7867//455 7999//455
f 7999//456 7867//457 7866//458
f 7999//456 7866//458 8000//459
f 8000//460 7866//461 7865//462
f 8000//460 7865//462 8001//463
f 8001//464 7865//465 8002//772
f 8001//467 8002//467 8003//467
f 8003//468 8002//468 8004//469
f 8003//470 8004//470 8005//470
f 8005//471 8004//471 8006//471
f 8005//472 8006//474 8007//474
f 8007//475 8006//475 8008//773
f 8007//476 8008//477 7954//477
f 7954//478 8008//478 7956//479
f 7865//465 7864//480 8002//772
f 8002//481 7864//482 8009//483
f 8002//468 8009//469 8004//469
f 8004//484 8009//484 8010//484
f 8004//471 8010//485 8006//471
f 8006//486 8010//486 8011//486
f 8006//475 8011//773 8008//773
f 8008//934 8011//934 8012//487
f 8008//478 8012//479 7956//479
f 7956//488 8012//488 7958//488
f 7864//482 7863//489 8009//483
f 8009//490 7863//490 8013//490
f 8009//484 8013//484 8010//484
f 8010//491 8013//491 8014//491
f 8010//486 8014//486 8011//486
f 8011//492 8014//492 8015//492
f 8011//934 8015//487 8012//487
f 8012//493 8015//493 8016//493
f 8012//488 8016//488 7958//488
f 7958//494 8016//494 7960//494
f 7863//495 7862//495 8013//495
f 8013//496 7862//496 8017//496
f 8013//491 8017//775 8014//491
f 8014//497 8017//497 8018//497
f 8014//492 8018//492 8015//492
f 8015//498 8018//498 8019//498
f 8015//493 8019//493 8016//493
f 8016//500 8019//500 8020//500
f 8016//494 8020//494 7960//494
f 7960//501 8020//501 7962//502
f 7862//503 7861//503 8017//503
f 8017//504 7861//504 8021//504
f 8017//497 8021//497 8018//497
f 8018//505 8021//505 8022//506
f 8018//498 8022//498 8019//498
f 8019//507 8022//507 8023//509
f 8019//500 8023//500 8020//500
f 8020//510 8023//510 8024//510
f 8020//501 8024//776 7962//502
f 7962//512 8024//512 7964//512
f 7861//513 7860//513 8021//513
f 8021//514 7860//514 8025//514
f 8021//505 8025//506 8022//506
f 8022//515 8025//515 8026//515
f 8022//507 8026//509 8023//509
f 8023//517 8026//517 8027//517
f 8023//510 8027//510 8024//510
f 8024//518 8027//519 8028//519
f 8024//512 8028//512 7964//512
f 7964//520 8028//520 7966//777
f 7860//522 7859//522 8025//522
f 8025//523 7859//523 8029//523
f 8025//515 8029//515 8026//515
f 8026//525 8029//525 8030//525
f 8026//517 8030//517 8027//517
f 8027//526 8030//526 8031//526
f 8027//519 8031//519 8028//519
f 8028//527 8031//527 8032//527
f 8028//520 8032//777 7966//777
f 7966//528 8032//528 7968//778
f 7859//529 7858//529 8029//529
f 8029//530 7858//530 8033//530
f 8029//525 8033//525 8030//525
f 8030//531 8033//531 8034//531
f 8030//526 8034//526 8031//526
f 8031//532 8034//532 8035//532
f 8031//527 8035//527 8032//527
f 8032//533 8035//533 8036//534
f 8032//528 8036//778 7968//778
f 7968//535 8036//535 7970//535
f 7858//536 7857//536 8033//536
f 8033//537 7857//537 8037//537
f 8033//531 8037//531 8034//531
f 8034//538 8037//538 8038//548
f 8034//532 8038//532 8035//532
f 8035//540 8038//540 8039//779
f 8035//533 8039//534 8036//534
f 8036//543 8039//543 8040//543
f 8036//535 8040//535 7970//535
f 7970//544 8040//544 7972//545
f 7857//546 7856//546 8037//546
f 8037//547 7856//547 8041//547
f 8037//538 8041//548 8038//548
f 8038//549 8041//549 8042//780
f 8038//540 8042//779 8039//779
f 8039//781 8042//781 8043//550
f 8039//543 8043//543 8040//543
f 8040//551 8043//551 8044//560
f 8040//544 8044//545 7972//545
f 7972//553 8044//553 7974//553
f 7856//555 7855//555 8041//555
f 8041//556 7855//556 8045//556
f 8041//549 8045//780 8042//780
f 8042//557 8045//557 8046//558
f 8042//781 8046//550 8043//550
f 8043//559 8046//559 8047//559
f 8043//551 8047//560 8044//560
f 8044//561 8047//561 8048//561
f 8044//553 8048//553 7974//553
f 7974//563 8048//563 7976//563
f 7855//564 7854//564 8045//564
f 8045//565 7854//565 8049//565
f 8045//557 8049//558 8046//558
f 8046//566 8049//566 8050//566
f 8046//559 8050//559 8047//559
f 8047//782 8050//782 8051//567
f 8047//561 8051//561 8048//561
f 8048//568 8051//568 8052//783
f 8048//563 8052//563 7976//563
f 7976//569 8052//569 7910//569
f 7854//570 7853//570 8049//570
f 8049//571 7853//571 8053//571
f 8049//566 8053//566 8050//566
f 8050//572 8053//572 8054//572
f 8050//782 8054//567 8051//567
f 8051//573 8054//573 8055//573
f 8051//568 8055//783 8052//783
f 8052//575 8055//575 7985//575
f 8052//569 7985//569 7910//569
f 7853//576 7852//576 8053//576
f 8053//784 7852//784 8056//784
f 8053//572 8056//572 8054//572
f 8054//578 8056//578 8057//578
f 8054//573 8057//574 8055//573
f 8055//579 8057//579 7983//579
f 8055//575 7983//575 7985//575
f 7852//580 7851//580 8056//580
f 8056//581 7851//581 8058//581
f 8056//578 8058//578 8057//578
f 8057//582 8058//582 7981//582
f 8057//579 7981//579 7983//579
f 7851//583 7850//584 8058//585
f 8058//585 7850//584 7979//586
f 8058//582 7979//582 7981//582
f 7850//587 7849//420 7979//422
f 7946//588 8059//588 7948//588
f 7948//588 8059//588 8060//588
f 7948//589 8060//589 7950//589
f 7950//589 8060//589 8061//589
f 7950//590 8061//590 7952//590
f 7952//590 8061//590 8007//590
f 7952//476 8007//476 7954//477
f 8059//591 8062//591 8060//591
f 8060//591 8062//591 8063//591
f 8060//592 8063//592 8061//592
f 8061//592 8063//592 8005//592
f 8061//472 8005//472 8007//474
f 8059//593 7946//593 8064//593
f 8064//593 7946//593 7944//593
f 8064//594 7944//594 8065//594
f 8065//594 7944//594 7942//594
f 8065//595 7942//595 8066//595
f 8066//595 7942//595 7940//595
f 8066//596 7940//596 8067//785
f 8067//785 7940//596 7938//785
f 8067//597 7938//597 8068//598
f 8068//598 7938//597 7936//598
f 8068//599 7936//599 8069//599
f 8069//599 7936//599 7934//599
f 8069//601 7934//601 8070//601
f 8070//601 7934//601 7932//601
f 8070//786 7932//786 8071//603
f 8071//603 7932//786 7930//603
f 8071//605 7930//605 8072//604
f 8072//604 7930//605 7928//604
f 8072//787 7928//788 8073//607
f 8073//607 7928//788 7926//607
f 8073//789 7926//789 8074//608
f 8074//608 7926//789 7924//608
f 8074//609 7924//609 8075//609
f 8075//609 7924//609 7922//609
f 8075//610 7922//610 8076//611
f 8076//611 7922//610 7920//611
f 8076//612 7920//613 8077//614
f 8077//614 7920//613 7918//614
f 8077//615 7918//615 8078//615
f 8078//615 7918//615 7916//615
f 8078//616 7916//616 8079//616
f 8079//616 7916//616 7914//616
f 8079//617 7914//617 7984//617
f 7984//617 7914//617 7912//617
f 8062//618 8080//618 8063//618
f 8063//618 8080//618 8003//618
f 8063//470 8003//470 8005//470
f 8062//619 8059//619 8081//619
f 8081//619 8059//619 8064//619
f 8081//620 8064//620 8082//620
f 8082//620 8064//620 8065//620
f 8082//622 8065//622 8083//622
f 8083//622 8065//622 8066//622
f 8083//623 8066//623 8084//623
f 8084//623 8066//623 8067//623
f 8084//625 8067//625 8085//625
f 8085//625 8067//625 8068//625
f 8085//791 8068//626 8086//792
f 8086//792 8068//626 8069//792
f 8086//628 8069//628 8087//629
f 8087//629 8069//628 8070//629
f 8087//630 8070//630 8088//630
f 8088//630 8070//630 8071//630
f 8088//631 8071//631 8089//632
f 8089//632 8071//631 8072//632
f 8089//633 8072//633 8090//633
f 8090//633 8072//633 8073//633
f 8090//634 8073//634 8091//634
f 8091//634 8073//634 8074//634
f 8091//935 8074//935 8092//635
f 8092//635 8074//935 8075//635
f 8092//636 8075//636 8093//636
f 8093//636 8075//636 8076//636
f 8093//639 8076//639 8094//639
f 8094//639 8076//639 8077//639
f 8094//793 8077//794 8095//640
f 8095//640 8077//794 8078//640
f 8095//641 8078//641 8096//641
f 8096//641 8078//641 8079//641
f 8096//642 8079//642 7982//642
f 7982//642 8079//642 7984//642
f 8000//643 8001//643 8080//643
f 8080//467 8001//467 8003//467
f 8080//644 8062//644 8097//644
f 8097//644 8062//644 8081//644
f 8097//645 8081//645 8098//645
f 8098//645 8081//645 8082//645
f 8098//795 8082//646 8099//646
f 8099//646 8082//646 8083//646
f 8099//647 8083//647 8100//647
f 8100//647 8083//647 8084//647
f 8100//796 8084//796 8101//648
f 8101//648 8084//796 8085//648
f 8101//649 8085//649 8102//797
f 8102//797 8085//649 8086//797
f 8102//798 8086//798 8103//650
f 8103//650 8086//798 8087//650
f 8103//651 8087//651 8104//651
f 8104//651 8087//651 8088//651
f 8104//652 8088//652 8105//652
f 8105//652 8088//652 8089//652
f 8105//653 8089//653 8106//653
f 8106//653 8089//653 8090//653
f 8106//654 8090//654 8107//799
f 8107//799 8090//654 8091//655
f 8107//657 8091//657 8108//657
f 8108//657 8091//657 8092//657
f 8108//658 8092//658 8109//658
f 8109//658 8092//658 8093//658
f 8109//800 8093//659 8110//659
f 8110//659 8093//659 8094//659
f 8110//660 8094//661 8111//661
f 8111//661 8094//661 8095//661
f 8111//662 8095//662 8112//662
f 8112//662 8095//662 8096//662
f 8112//663 8096//663 7980//663
f 7980//663 8096//663 7982//663
f 8112//664 7980//664 7978//664
f 8112//664 7978//664 7977//664
f 7999//665 8000//665 8097//665
f 8097//643 8000//643 8080//643
f 7999//665 8097//665 8098//665
f 7998//666 7999//666 8098//666
f 7998//666 8098//666 8099//666
f 7997//667 7998//667 8099//667
f 7997//667 8099//667 8100//667
f 7996//668 7997//668 8100//668
f 7996//668 8100//668 8101//668
f 7995//669 7996//670 8101//670
f 7995//669 8101//670 8102//669
f 7994//671 7995//671 8102//671
f 7994//671 8102//671 8103//671
f 7993//673 7994//674 8103//801
f 7993//673 8103//801 8104//673
f 7992//675 7993//675 8104//675
f 7992//675 8104//675 8105//675
f 7991//802 7992//676 8105//676
f 7991//802 8105//676 8106//802
f 7990//677 7991//803 8106//803
f 7990//677 8106//803 8107//677
f 7989//678 7990//679 8107//679
f 7989//678 8107//679 8108//678
f 7988//680 7989//680 8108//680
f 7988//680 8108//680 8109//680
f 7987//681 7988//681 8109//681
f 7987//681 8109//681 8110//681
f 7986//683 7987//683 8110//683
f 7986//683 8110//683 8111//683
f 7977//684 7986//685 8111//685
f 7977//684 8111//685 8112//684
f 8113//686 7909//686 8114//686
f 8114//686 7909//686 7911//686
f 8114//687 7911//687 8115//687
f 8115//687 7911//687 7913//687
f 8115//688 7913//688 8116//688
f 8116//688 7913//688 7915//688
f 8116//689 7915//689 8117//689
f 8117//689 7915//689 7917//689
f 8117//690 7917//690 8118//690
f 8118//690 7917//690 7919//690
f 8118//691 7919//691 8119//691
f 8119//691 7919//691 7921//691
f 8119//692 7921//692 8120//692
f 8120//692 7921//692 7923//692
f 8120//693 7923//693 8121//693
f 8121//693 7923//693 7925//693
f 8121//694 7925//694 8122//694
f 8122//694 7925//694 7927//694
f 8122//695 7927//695 8123//695
f 8123//695 7927//695 7929//695
f 8123//696 7929//696 8124//696
f 8124//696 7929//696 7931//696
f 8124//697 7931//697 8125//697
f 8125//697 7931//697 7933//697
f 8125//698 7933//698 8126//698
f 8126//698 7933//698 7935//698
f 8126//699 7935//699 8127//699
f 8127//699 7935//699 7937//699
f 8127//700 7937//700 8128//700
f 8128//700 7937//700 7939//700
f 8128//701 7939//701 8129//701
f 8129//701 7939//701 7941//701
f 8129//702 7941//702 8130//702
f 8130//702 7941//702 7943//702
f 8130//703 7943//703 8131//703
f 8131//703 7943//703 7945//703
f 8131//704 7945//704 8132//704
f 8132//704 7945//704 7947//704
f 8132//705 7947//705 8133//705
f 8133//705 7947//705 7949//705
f 8133//706 7949//706 8134//706
f 8134//706 7949//706 7951//706
f 8134//707 7951//707 8135//707
f 8135//707 7951//707 7953//707
f 8135//708 7953//708 8136//708
f 8136//708 7953//708 7955//708
f 8136//709 7955//709 8137//709
f 8137//709 7955//709 7957//709
f 8137//710 7957//710 8138//710
f 8138//710 7957//710 7959//710
f 8138//711 7959//711 8139//711
f 8139//711 7959//711 7961//711
f 8139//712 7961//712 8140//712
f 8140//712 7961//712 7963//712
f 8140//713 7963//713 8141//713
f 8141//713 7963//713 7965//713
f 8141//714 7965//714 8142//714
f 8142//714 7965//714 7967//714
f 8142//715 7967//715 8143//715
f 8143//715 7967//715 7969//715
f 8143//716 7969//716 8144//716
f 8144//716 7969//716 7971//716
f 8144//717 7971//717 8145//717
f 8145//717 7971//717 7973//717
f 8145//718 7973//718 8146//718
f 8146//718 7973//718 7975//718
f 8146//719 7975//719 8113//719
f 8113//719 7975//719 7909//719
f 8147//367 8148//367 8149//367
f 8149//367 8148//367 8150//367
f 8149//368 8150//368 8151//368
f 8151//368 8150//368 8152//368
f 8151//369 8152//369 8153//370
f 8153//370 8152//369 8154//370
f 8153//371 8154//371 8155//372
f 8155//372 8154//371 8156//372
f 8155//373 8156//373 8157//374
f 8157//374 8156//373 8158//374
f 8157//375 8158//375 8159//375
f 8159//375 8158//375 8160//375
f 8159//376 8160//376 8161//377
f 8161//377 8160//376 8162//377
f 8161//378 8162//378 8163//379
f 8163//379 8162//378 8164//379
f 8163//380 8164//380 8165//381
f 8165//381 8164//380 8166//381
f 8165//382 8166//382 8167//383
f 8167//383 8166//382 8168//384
f 8167//385 8168//385 8169//385
f 8169//385 8168//385 8170//385
f 8169//386 8170//386 8171//387
f 8171//387 8170//386 8172//387
f 8171//388 8172//388 8173//388
f 8173//388 8172//388 8174//388
f 8173//389 8174//389 8175//389
f 8175//389 8174//389 8176//389
f 8175//390 8176//390 8177//390
f 8177//390 8176//390 8178//390
f 8177//391 8178//391 8179//392
f 8179//392 8178//391 8180//392
f 8179//393 8180//393 8181//393
f 8181//393 8180//393 8182//393
f 8181//394 8182//394 8183//394
f 8183//394 8182//394 8184//394
f 8183//395 8184//395 8185//395
f 8185//395 8184//395 8186//395
f 8185//396 8186//396 8187//396
f 8187//396 8186//396 8188//396
f 8187//397 8188//397 8189//397
f 8189//397 8188//397 8190//398
f 8189//399 8190//399 8191//399
f 8191//399 8190//399 8192//399
f 8191//400 8192//400 8193//400
f 8193//400 8192//400 8194//400
f 8193//401 8194//401 8195//402
f 8195//402 8194//401 8196//402
f 8195//403 8196//403 8197//404
f 8197//404 8196//403 8198//404
f 8197//405 8198//405 8199//405
f 8199//405 8198//405 8200//405
f 8199//406 8200//406 8201//406
f 8201//406 8200//406 8202//406
f 8201//407 8202//407 8203//407
f 8203//407 8202//407 8204//407
f 8203//408 8204//408 8205//409
f 8205//409 8204//408 8206//409
f 8205//410 8206//410 8207//410
f 8207//410 8206//410 8208//410
f 8207//411 8208//411 8209//411
f 8209//411 8208//411 8210//411
f 8209//412 8210//412 8211//413
f 8211//413 8210//412 8212//413
f 8211//414 8212//414 8213//414
f 8213//414 8212//414 8214//414
f 8213//415 8214//415 8147//415
f 8147//415 8214//415 8148//415
f 7562//416 8215//417 7563//418
f 7563//418 8215//417 8216//419
f 7563//420 8216//421 8217//422
f 8217//423 8216//423 8218//423
f 8217//423 8218//423 8219//423
f 8219//424 8218//424 8220//424
f 8219//424 8220//424 8221//424
f 8221//425 8220//425 8222//425
f 8221//425 8222//425 8223//425
f 8223//426 8222//426 8150//426
f 8223//426 8150//426 8148//426
f 8215//427 7562//428 8224//429
f 8224//429 7562//428 7593//430
f 8224//431 7593//431 8225//431
f 8225//432 7593//432 7592//432
f 8225//936 7592//936 8226//936
f 8226//434 7592//434 7591//434
f 8226//435 7591//435 8227//435
f 8227//436 7591//436 7590//436
f 8227//437 7590//437 8228//437
f 8228//438 7590//438 7589//438
f 8228//439 7589//439 8229//439
f 8229//440 7589//440 7588//440
f 8229//441 7588//441 8230//441
f 8230//442 7588//442 7587//442
f 8230//443 7587//443 8231//443
f 8231//444 7587//444 7586//444
f 8231//445 7586//445 8232//445
f 8232//446 7586//446 7585//446
f 8232//447 7585//447 8233//447
f 8233//448 7585//448 7584//448
f 8233//449 7584//449 8234//449
f 8234//450 7584//450 7583//450
f 8234//451 7583//451 8235//451
f 8235//452 7583//452 7582//452
f 8235//453 7582//453 8236//453
f 8236//454 7582//454 7581//454
f 8236//455 7581//455 8237//455
f 8237//456 7581//457 7580//458
f 8237//456 7580//458 8238//459
f 8238//460 7580//461 7579//462
f 8238//460 7579//462 8239//463
f 8239//464 7579//465 8240//466
f 8239//467 8240//467 8241//467
f 8241//468 8240//468 8242//469
f 8241//470 8242//470 8243//470
f 8243//471 8242//471 8244//471
f 8243//472 8244//473 8245//474
f 8245//475 8244//475 8246//475
f 8245//476 8246//477 8192//477
f 8192//478 8246//478 8194//479
f 7579//465 7578//480 8240//466
f 8240//481 7578//482 8247//483
f 8240//468 8247//469 8242//469
f 8242//484 8247//484 8248//484
f 8242//471 8248//485 8244//471
f 8244//486 8248//486 8249//486
f 8244//475 8249//475 8246//475
f 8246//487 8249//487 8250//487
f 8246//478 8250//479 8194//479
f 8194//488 8250//488 8196//488
f 7578//482 7577//489 8247//483
f 8247//490 7577//490 8251//490
f 8247//484 8251//484 8248//484
f 8248//491 8251//491 8252//491
f 8248//486 8252//486 8249//486
f 8249//492 8252//492 8253//492
f 8249//487 8253//487 8250//487
f 8250//493 8253//493 8254//493
f 8250//488 8254//488 8196//488
f 8196//494 8254//494 8198//494
f 7577//495 7576//495 8251//495
f 8251//496 7576//496 8255//496
f 8251//491 8255//491 8252//491
f 8252//497 8255//497 8256//497
f 8252//492 8256//492 8253//492
f 8253//498 8256//498 8257//498
f 8253//493 8257//493 8254//493
f 8254//500 8257//500 8258//500
f 8254//494 8258//494 8198//494
f 8198//501 8258//501 8200//502
f 7576//503 7575//503 8255//503
f 8255//504 7575//504 8259//504
f 8255//497 8259//497 8256//497
f 8256//505 8259//505 8260//506
f 8256//498 8260//498 8257//498
f 8257//507 8260//508 8261//509
f 8257//500 8261//500 8258//500
f 8258//510 8261//510 8262//510
f 8258//501 8262//502 8200//502
f 8200//511 8262//511 8202//512
f 7575//513 7574//513 8259//513
f 8259//514 7574//514 8263//514
f 8259//505 8263//506 8260//506
f 8260//515 8263//515 8264//516
f 8260//508 8264//509 8261//509
f 8261//517 8264//517 8265//517
f 8261//510 8265//510 8262//510
f 8262//518 8265//519 8266//519
f 8262//511 8266//512 8202//512
f 8202//520 8266//520 8204//521
f 7574//522 7573//522 8263//522
f 8263//523 7573//523 8267//523
f 8263//515 8267//516 8264//516
f 8264//524 8267//524 8268//525
f 8264//517 8268//517 8265//517
f 8265//526 8268//526 8269//526
f 8265//519 8269//519 8266//519
f 8266//527 8269//527 8270//527
f 8266//520 8270//521 8204//521
f 8204//528 8270//528 8206//528
f 7573//529 7572//529 8267//529
f 8267//530 7572//530 8271//530
f 8267//524 8271//525 8268//525
f 8268//531 8271//531 8272//531
f 8268//526 8272//526 8269//526
f 8269//532 8272//532 8273//532
f 8269//527 8273//527 8270//527
f 8270//533 8273//533 8274//534
f 8270//528 8274//528 8206//528
f 8206//535 8274//535 8208//535
f 7572//536 7571//536 8271//536
f 8271//537 7571//537 8275//537
f 8271//531 8275//531 8272//531
f 8272//538 8275//538 8276//539
f 8272//532 8276//532 8273//532
f 8273//540 8276//540 8277//541
f 8273//533 8277//534 8274//534
f 8274//542 8277//542 8278//543
f 8274//535 8278//535 8208//535
f 8208//544 8278//544 8210//545
f 7571//546 7570//546 8275//546
f 8275//547 7570//547 8279//547
f 8275//538 8279//548 8276//539
f 8276//549 8279//549 8280//549
f 8276//540 8280//541 8277//541
f 8277//550 8280//550 8281//550
f 8277//542 8281//543 8278//543
f 8278//551 8281//551 8282//552
f 8278//544 8282//545 8210//545
f 8210//554 8282//554 8212//553
f 7570//555 7569//555 8279//555
f 8279//556 7569//556 8283//556
f 8279//549 8283//549 8280//549
f 8280//557 8283//557 8284//558
f 8280//550 8284//550 8281//550
f 8281//559 8284//559 8285//559
f 8281//551 8285//560 8282//552
f 8282//561 8285//561 8286//562
f 8282//554 8286//553 8212//553
f 8212//563 8286//563 8214//563
f 7569//564 7568//564 8283//564
f 8283//565 7568//565 8287//565
f 8283//557 8287//558 8284//558
f 8284//566 8287//566 8288//566
f 8284//559 8288//559 8285//559
f 8285//567 8288//567 8289//567
f 8285//561 8289//562 8286//562
f 8286//568 8289//568 8290//568
f 8286//563 8290//563 8214//563
f 8214//569 8290//569 8148//569
f 7568//570 7567//570 8287//570
f 8287//571 7567//571 8291//571
f 8287//566 8291//566 8288//566
f 8288//572 8291//572 8292//572
f 8288//567 8292//567 8289//567
f 8289//573 8292//573 8293//574
f 8289//568 8293//568 8290//568
f 8290//575 8293//575 8223//575
f 8290//569 8223//569 8148//569
f 7567//576 7566//576 8291//576
f 8291//577 7566//577 8294//577
f 8291//572 8294//572 8292//572
f 8292//578 8294//578 8295//578
f 8292//573 8295//574 8293//574
f 8293//579 8295//579 8221//579
f 8293//575 8221//575 8223//575
f 7566//580 7565//580 8294//580
f 8294//581 7565//581 8296//581
f 8294//578 8296//578 8295//578
f 8295//582 8296//582 8219//582
f 8295//579 8219//579 8221//579
f 7565//583 7564//584 8296//585
f 8296//585 7564//584 8217//586
f 8296//582 8217//582 8219//582
f 7564//587 7563//420 8217//422
f 8184//588 8297//588 8186//588
f 8186//588 8297//588 8298//588
f 8186//589 8298//589 8188//589
f 8188//589 8298//589 8299//589
f 8188//590 8299//590 8190//590
f 8190//590 8299//590 8245//590
f 8190//476 8245//476 8192//477
f 8297//591 8300//591 8298//591
f 8298//591 8300//591 8301//591
f 8298//592 8301//592 8299//592
f 8299//592 8301//592 8243//592
f 8299//472 8243//472 8245//474
f 8297//593 8184//593 8302//593
f 8302//593 8184//593 8182//593
f 8302//594 8182//594 8303//594
f 8303//594 8182//594 8180//594
f 8303//595 8180//595 8304//595
f 8304//595 8180//595 8178//595
f 8304//596 8178//596 8305//785
f 8305//785 8178//596 8176//785
f 8305//597 8176//597 8306//598
f 8306//598 8176//597 8174//598
f 8306//599 8174//599 8307//599
f 8307//599 8174//599 8172//599
f 8307//600 8172//600 8308//601
f 8308//601 8172//600 8170//601
f 8308//602 8170//602 8309//603
f 8309//603 8170//602 8168//603
f 8309//604 8168//604 8310//605
f 8310//605 8168//604 8166//605
f 8310//606 8166//606 8311//607
f 8311//607 8166//606 8164//607
f 8311//608 8164//608 8312//608
f 8312//608 8164//608 8162//608
f 8312//609 8162//609 8313//609
f 8313//609 8162//609 8160//609
f 8313//610 8160//610 8314//611
f 8314//611 8160//610 8158//611
f 8314//612 8158//613 8315//614
f 8315//614 8158//613 8156//614
f 8315//615 8156//615 8316//615
f 8316//615 8156//615 8154//615
f 8316//616 8154//616 8317//616
f 8317//616 8154//616 8152//616
f 8317//617 8152//617 8222//617
f 8222//617 8152//617 8150//617
f 8300//618 8318//618 8301//618
f 8301//618 8318//618 8241//618
f 8301//470 8241//470 8243//470
f 8300//619 8297//619 8319//619
f 8319//619 8297//619 8302//619
f 8319//620 8302//620 8320//620
f 8320//620 8302//620 8303//620
f 8320//621 8303//621 8321//622
f 8321//622 8303//621 8304//622
f 8321//623 8304//623 8322//623
f 8322//623 8304//623 8305//623
f 8322//624 8305//624 8323//625
f 8323//625 8305//624 8306//625
f 8323//626 8306//626 8324//626
f 8324//626 8306//626 8307//626
f 8324//627 8307//628 8325//629
f 8325//629 8307//628 8308//629
f 8325//630 8308//630 8326//630
f 8326//630 8308//630 8309//630
f 8326//631 8309//631 8327//631
f 8327//631 8309//631 8310//632
f 8327//633 8310//633 8328//633
f 8328//633 8310//633 8311//633
f 8328//634 8311//634 8329//634
f 8329//634 8311//634 8312//634
f 8329//635 8312//635 8330//635
f 8330//635 8312//635 8313//635
f 8330//636 8313//636 8331//637
f 8331//637 8313//636 8314//637
f 8331//638 8314//638 8332//639
f 8332//639 8314//638 8315//639
f 8332//640 8315//640 8333//640
f 8333//640 8315//640 8316//640
f 8333//641 8316//641 8334//641
f 8334//641 8316//641 8317//641
f 8334//642 8317//642 8220//642
f 8220//642 8317//642 8222//642
f 8238//643 8239//643 8318//643
f 8318//467 8239//467 8241//467
f 8318//644 8300//644 8335//644
f 8335//644 8300//644 8319//644
f 8335//645 8319//645 8336//645
f 8336//645 8319//645 8320//645
f 8336//646 8320//646 8337//646
f 8337//646 8320//646 8321//646
f 8337//647 8321//647 8338//647
f 8338//647 8321//647 8322//647
f 8338//648 8322//648 8339//648
f 8339//648 8322//648 8323//648
f 8339//649 8323//649 8340//649
f 8340//649 8323//649 8324//649
f 8340//650 8324//650 8341//650
f 8341//650 8324//650 8325//650
f 8341//651 8325//651 8342//651
f 8342//651 8325//651 8326//651
f 8342//652 8326//652 8343//652
f 8343//652 8326//652 8327//652
f 8343//653 8327//653 8344//653
f 8344//653 8327//653 8328//653
f 8344//654 8328//654 8345//655
f 8345//655 8328//654 8329//655
f 8345//656 8329//657 8346//657
f 8346//657 8329//657 8330//657
f 8346//658 8330//658 8347//658
f 8347//658 8330//658 8331//658
f 8347//659 8331//659 8348//659
f 8348//659 8331//659 8332//659
f 8348//661 8332//661 8349//661
f 8349//661 8332//661 8333//661
f 8349//662 8333//662 8350//662
f 8350//662 8333//662 8334//662
f 8350//663 8334//663 8218//663
f 8218//663 8334//663 8220//663
f 8350//664 8218//664 8216//664
f 8350//664 8216//664 8215//664
f 8237//665 8238//665 8335//665
f 8335//643 8238//643 8318//643
f 8237//665 8335//665 8336//665
f 8236//666 8237//666 8336//666
f 8236//666 8336//666 8337//666
f 8235//667 8236//667 8337//667
f 8235//667 8337//667 8338//667
f 8234//668 8235//668 8338//668
f 8234//668 8338//668 8339//668
f 8233//669 8234//670 8339//670
f 8233//669 8339//670 8340//669
f 8232//671 8233//672 8340//672
f 8232//671 8340//672 8341//671
f 8231//673 8232//674 8341//674
f 8231//673 8341//674 8342//673
f 8230//675 8231//675 8342//675
f 8230//675 8342//675 8343//675
f 8229//676 8230//676 8343//676
f 8229//676 8343//676 8344//676
f 8228//677 8229//677 8344//677
f 8228//677 8344//677 8345//677
f 8227//678 8228//679 8345//679
f 8227//678 8345//679 8346//678
f 8226//680 8227//680 8346//680
f 8226//680 8346//680 8347//680
f 8225//681 8226//682 8347//681
f 8225//681 8347//681 8348//681
f 8224//683 8225//683 8348//683
f 8224//683 8348//683 8349//683
f 8215//684 8224//685 8349//685
f 8215//684 8349//685 8350//684
f 8351//686 8147//686 8352//686
f 8352//686 8147//686 8149//686
f 8352//687 8149//687 8353//687
f 8353//687 8149//687 8151//687
f 8353//688 8151//688 8354//688
f 8354//688 8151//688 8153//688
f 8354//689 8153//689 8355//689
f 8355//689 8153//689 8155//689
f 8355//690 8155//690 8356//690
f 8356//690 8155//690 8157//690
f 8356//691 8157//691 8357//691
f 8357//691 8157//691 8159//691
f 8357//692 8159//692 8358//692
f 8358//692 8159//692 8161//692
f 8358//693 8161//693 8359//693
f 8359//693 8161//693 8163//693
f 8359//694 8163//694 8360//694
f 8360//694 8163//694 8165//694
f 8360//695 8165//695 8361//695
f 8361//695 8165//695 8167//695
f 8361//696 8167//696 8362//696
f 8362//696 8167//696 8169//696
f 8362//697 8169//697 8363//697
f 8363//697 8169//697 8171//697
f 8363//698 8171//698 8364//698
f 8364//698 8171//698 8173//698
f 8364//699 8173//699 8365//699
f 8365//699 8173//699 8175//699
f 8365//700 8175//700 8366//700
f 8366//700 8175//700 8177//700
f 8366//701 8177//701 8367//701
f 8367//701 8177//701 8179//701
f 8367//702 8179//702 8368//702
f 8368//702 8179//702 8181//702
f 8368//703 8181//703 8369//703
f 8369//703 8181//703 8183//703
f 8369//704 8183//704 8370//704
f 8370//704 8183//704 8185//704
f 8370//705 8185//705 8371//705
f 8371//705 8185//705 8187//705
f 8371//706 8187//706 8372//706
f 8372//706 8187//706 8189//706
f 8372//707 8189//707 8373//707
f 8373//707 8189//707 8191//707
f 8373//708 8191//708 8374//708
f 8374//708 8191//708 8193//708
f 8374//709 8193//709 8375//709
f 8375//709 8193//709 8195//709
f 8375//710 8195//710 8376//710
f 8376//710 8195//710 8197//710
f 8376//711 8197//711 8377//711
f 8377//711 8197//711 8199//711
f 8377//712 8199//712 8378//712
f 8378//712 8199//712 8201//712
f 8378//713 8201//713 8379//713
f 8379//713 8201//713 8203//713
f 8379//714 8203//714 8380//714
f 8380//714 8203//714 8205//714
f 8380//715 8205//715 8381//715
f 8381//715 8205//715 8207//715
f 8381//716 8207//716 8382//716
f 8382//716 8207//716 8209//716
f 8382//717 8209//717 8383//717
f 8383//717 8209//717 8211//717
f 8383//718 8211//718 8384//718
f 8384//718 8211//718 8213//718
f 8384//719 8213//719 8351//719
f 8351//719 8213//719 8147//719
f 8385//937 8386//937 8387//937
f 8387//937 8386//937 8388//938
f 8387//937 8388//938 8389//939
f 8389//940 8388//940 8390//940
f 8389//940 8390//940 8391//940
f 8391//941 8390//941 8392//941
f 8391//941 8392//941 8393//941
f 8393//942 8392//942 8394//942
f 8393//942 8394//942 8395//942
f 8395//943 8394//943 8396//943
f 8395//943 8396//943 8397//943
f 8397//944 8396//945 8398//945
f 8397//944 8398//945 8399//945
f 8399//945 8398//945 8400//945
f 8399//945 8400//945 8401//945
f 8401//945 8400//945 8402//944
f 8401//943 8402//943 8403//943
f 8403//943 8402//943 8404//943
f 8403//942 8404//942 8405//942
f 8405//942 8404//942 8406//942
f 8405//941 8406//941 8407//941
f 8407//941 8406//941 8408//941
f 8407//940 8408//940 8409//940
f 8409//940 8408//940 8410//940
f 8409//938 8410//946 8411//937
f 8411//937 8410//946 8412//939
f 8411//937 8412//939 8413//938
f 8413//940 8412//940 8414//940
f 8413//940 8414//940 8415//940
f 8415//941 8414//941 8416//941
f 8415//941 8416//941 8417//941
f 8417//942 8416//942 8418//942
f 8417//942 8418//942 8419//942
f 8419//943 8418//943 8420//943
f 8419//943 8420//943 8421//943
f 8421//945 8420//945 8400//945
f 8421//945 8400//945 8422//945
f 8386//940 8385//940 8423//940
f 8423//940 8385//940 8424//940
f 8423//941 8424//941 8425//941
f 8425//941 8424//941 8426//941
f 8425//942 8426//942 8427//942
f 8427//942 8426//942 8428//942
f 8427//943 8428//943 8429//943
f 8429//943 8428//943 8430//943
f 8429//945 8430//945 8398//945
f 8421//943 8422//943 8431//943
f 8431//943 8422//943 8432//943
f 8431//942 8432//942 8433//942
f 8433//942 8432//942 8434//942
f 8433//941 8434//941 8435//941
f 8435//941 8434//941 8436//941
f 8435//940 8436//947 8437//940
f 8437//940 8436//947 8438//947
f 8437//937 8438//937 8411//937
f 8411//937 8387//937 8409//938
f 8409//938 8387//937 8439//946
f 8409//940 8439//940 8407//940
f 8407//940 8439//940 8440//940
f 8407//941 8440//941 8405//941
f 8405//941 8440//941 8441//941
f 8405//942 8441//942 8403//942
f 8403//942 8441//942 8442//942
f 8403//943 8442//943 8401//943
f 8401//943 8442//943 8399//943
f 8388//940 8386//940 8443//940
f 8443//940 8386//940 8423//940
f 8443//941 8423//941 8444//941
f 8444//941 8423//941 8425//941
f 8444//942 8425//942 8445//942
f 8445//942 8425//942 8427//942
f 8445//943 8427//943 8446//943
f 8446//943 8427//943 8429//943
f 8446//945 8429//945 8398//945
f 8389//939 8447//938 8387//937
f 8387//937 8447//938 8448//938
f 8387//937 8448//938 8449//939
f 8449//940 8448//940 8450//940
f 8449//940 8450//940 8451//940
f 8451//941 8450//941 8452//941
f 8451//941 8452//941 8441//941
f 8441//942 8452//942 8442//942
f 8389//940 8391//940 8447//940
f 8447//940 8391//940 8453//940
f 8447//940 8453//940 8448//940
f 8448//940 8453//940 8450//940
f 8439//946 8387//937 8454//946
f 8454//946 8387//937 8449//939
f 8454//940 8449//940 8451//940
f 8440//940 8439//940 8454//940
f 8440//940 8454//940 8451//940
f 8412//940 8410//940 8455//940
f 8455//940 8410//940 8408//940
f 8455//941 8408//941 8456//941
f 8456//941 8408//941 8406//941
f 8456//942 8406//942 8457//942
f 8457//942 8406//942 8404//942
f 8457//943 8404//943 8458//943
f 8458//943 8404//943 8402//943
f 8458//945 8402//944 8400//945
f 8413//938 8459//946 8411//937
f 8411//937 8459//946 8460//937
f 8411//937 8460//937 8461//938
f 8461//940 8460//940 8462//940
f 8461//940 8462//940 8435//940
f 8435//941 8462//941 8433//941
f 8413//940 8415//940 8459//940
f 8459//940 8415//940 8463//940
f 8459//940 8463//940 8460//940
f 8460//940 8463//940 8462//940
f 8437//937 8411//937 8461//938
f 8435//940 8437//940 8461//940
f 8388//940 8443//940 8390//940
f 8390//941 8443//941 8464//941
f 8390//941 8464//941 8392//941
f 8392//942 8464//942 8465//942
f 8392//942 8465//942 8394//942
f 8394//943 8465//943 8466//943
f 8394//943 8466//943 8396//943
f 8396//945 8466//945 8398//945
f 8464//941 8443//941 8444//941
f 8391//941 8393//941 8453//941
f 8453//941 8393//941 8467//941
f 8453//941 8467//941 8450//941
f 8450//941 8467//941 8452//941
f 8441//941 8440//941 8451//941
f 8412//940 8455//940 8414//940
f 8414//941 8455//941 8468//941
f 8414//941 8468//941 8416//941
f 8416//942 8468//942 8469//942
f 8416//942 8469//942 8418//942
f 8418//943 8469//943 8470//943
f 8418//943 8470//943 8420//943
f 8420//945 8470//945 8400//945
f 8468//941 8455//941 8456//941
f 8415//941 8417//941 8463//941
f 8463//941 8417//941 8471//941
f 8463//941 8471//941 8462//941
f 8462//941 8471//941 8433//941
f 8464//942 8444//942 8472//942
f 8472//942 8444//942 8445//942
f 8472//943 8445//943 8473//943
f 8473//943 8445//943 8446//943
f 8473//945 8446//945 8398//945
f 8393//942 8395//942 8467//942
f 8467//942 8395//942 8474//942
f 8467//942 8474//942 8452//942
f 8452//942 8474//942 8442//942
f 8468//942 8456//942 8475//942
f 8475//942 8456//942 8457//942
f 8475//943 8457//943 8476//943
f 8476//943 8457//943 8458//943
f 8476//945 8458//945 8400//945
f 8431//942 8433//942 8471//942
f 8431//942 8471//942 8419//942
f 8419//942 8471//942 8417//942
f 8464//942 8472//942 8465//942
f 8465//943 8472//943 8477//943
f 8465//943 8477//943 8466//943
f 8466//945 8477//944 8398//945
f 8477//943 8472//943 8473//943
f 8399//943 8442//943 8474//943
f 8399//943 8474//943 8397//943
f 8397//943 8474//943 8395//943
f 8468//942 8475//942 8469//942
f 8469//943 8475//943 8478//943
f 8469//943 8478//943 8470//943
f 8470//945 8478//945 8400//945
f 8478//943 8475//943 8476//943
f 8421//943 8431//943 8419//943
f 8398//945 8477//944 8473//945
f 8400//945 8478//945 8476//945
f 1318//337 2588//337 1317//337
f 1317//337 2588//337 8479//337
f 1317//337 8479//337 1316//337
f 1316//337 8479//337 493//337
f 1316//337 493//337 494//337
f 2588//337 1318//337 2587//337
f 2587//337 1318//337 1319//337
f 2587//337 1319//337 2620//337
f 2620//337 1319//337 1320//337
f 2620//337 1320//337 2619//337
f 2619//337 1320//337 1321//337
f 2619//337 1321//337 2618//337
f 2618//337 1321//337 1322//337
f 2618//337 1322//337 2617//337
f 2617//337 1322//337 1323//337
f 2617//337 1323//337 2616//337
f 2616//337 1323//337 1324//337
f 2616//337 1324//337 2615//337
f 2615//337 1324//337 1325//337
f 2615//337 1325//337 2614//337
f 2614//337 1325//337 1326//337
f 2614//337 1326//337 2613//337
f 2613//337 1326//337 2612//337
f 2612//337 1326//337 1327//337
f 2612//337 1327//337 2611//337
f 2611//337 1327//337 1328//337
f 2611//337 1328//337 2610//337
f 2610//337 1328//337 1329//337
f 2610//337 1329//337 2609//337
f 2609//337 1329//337 1330//337
f 2609//337 1330//337 2608//337
f 2608//337 1330//337 1331//337
f 2608//337 1331//337 1332//337
f 2608//337 1332//337 2607//337
f 2607//337 1332//337 1333//337
f 2607//337 1333//337 2606//337
f 2606//337 1333//337 2065//337
f 2606//337 2065//337 3635//337
f 3635//337 2065//337 2066//337
f 3635//337 2066//337 3668//337
f 3668//337 2066//337 2067//337
f 3668//337 2067//337 3667//337
f 3667//337 2067//337 2068//337
f 3667//337 2068//337 3666//337
f 3666//337 2068//337 2069//337
f 3666//337 2069//337 3665//337
f 3665//337 2069//337 2070//337
f 3665//337 2070//337 3664//337
f 3664//337 2070//337 2071//337
f 3664//337 2071//337 3663//337
f 3663//337 2071//337 2072//337
f 3663//337 2072//337 3662//337
f 3662//337 2072//337 2073//337
f 3662//337 2073//337 3661//337
f 3661//337 2073//337 3660//337
f 3660//337 2073//337 2074//337
f 3660//337 2074//337 3659//337
f 3659//337 2074//337 2075//337
f 3659//337 2075//337 3658//337
f 3658//337 2075//337 2076//337
f 3658//337 2076//337 3657//337
f 3657//337 2076//337 2077//337
f 3657//337 2077//337 3656//337
f 3656//337 2077//337 2078//337
f 3656//337 2078//337 3655//337
f 3655//337 2078//337 2079//337
f 3655//337 2079//337 3654//337
f 3654//337 2079//337 2080//337
f 3654//337 2080//337 3653//337
f 3653//337 2080//337 2081//337
f 3653//337 2081//337 8387//337
f 8387//337 2081//337 2082//337
f 8387//337 2082//337 1032//337
f 1032//337 2082//337 1031//337
f 1031//337 2082//337 2083//337
f 1031//337 2083//337 1030//337
f 1030//337 2083//337 2084//337
f 1030//337 2084//337 1029//337
f 1029//337 2084//337 2085//337
f 1029//337 2085//337 1028//337
f 1028//337 2085//337 2086//337
f 1028//337 2086//337 1027//337
f 1027//337 2086//337 2087//337
f 1027//337 2087//337 1026//337
f 1026//337 2087//337 2088//337
f 1026//337 2088//337 1025//337
f 1025//337 2088//337 2089//337
f 1025//337 2089//337 2090//337
f 2065//337 1333//337 2064//337
f 2064//337 1333//337 1334//337
f 2064//337 1334//337 2063//337
f 2063//337 1334//337 1335//337
f 2063//337 1335//337 1017//337
f 1017//337 1335//337 508//337
f 1017//337 508//337 1016//337
f 1016//337 508//337 509//337
f 1016//337 509//337 1015//337
f 1015//337 509//337 510//337
f 1015//337 510//337 1048//337
f 1048//337 510//337 511//337
f 1048//337 511//337 1047//337
f 1047//337 511//337 512//337
f 1047//337 512//337 1046//337
f 1046//337 512//337 513//337
f 1046//337 513//337 1045//337
f 1045//337 513//337 514//337
f 1045//337 514//337 1044//337
f 1044//337 514//337 515//337
f 1044//337 515//337 1043//337
f 1043//337 515//337 516//337
f 1043//337 516//337 8398//337
f 8398//337 516//337 8480//337
f 8480//337 516//337 517//337
f 8480//337 517//337 518//337
f 1335//337 1336//337 508//337
f 508//337 1336//337 507//337
f 507//337 1336//337 1337//337
f 507//337 1337//337 506//337
f 506//337 1337//337 505//337
f 505//337 1337//337 1338//337
f 505//337 1338//337 504//337
f 504//337 1338//337 1339//337
f 504//337 1339//337 503//337
f 503//337 1339//337 1340//337
f 503//337 1340//337 502//337
f 502//337 1340//337 1341//337
f 502//337 1341//337 501//337
f 501//337 1341//337 1342//337
f 501//337 1342//337 1343//337
f 501//337 1343//337 500//337
f 500//337 1343//337 1344//337
f 500//337 1344//337 499//337
f 499//337 1344//337 1345//337
f 499//337 1345//337 498//337
f 498//337 1345//337 1346//337
f 498//337 1346//337 497//337
f 497//337 1346//337 1347//337
f 497//337 1347//337 496//337
f 496//337 1347//337 1348//337
f 496//337 1348//337 495//337
f 495//337 1348//337 1349//337
f 495//337 1349//337 494//337
f 494//337 1349//337 1316//337
f 3113//337 5208//337 3112//337
f 3112//337 5208//337 8481//337
f 3112//337 8481//337 8479//337
f 5208//337 3113//337 5207//337
f 5207//337 3113//337 3114//337
f 5207//337 3114//337 5240//337
f 5240//337 3114//337 3115//337
f 5240//337 3115//337 5239//337
f 5239//337 3115//337 3116//337
f 5239//337 3116//337 5238//337
f 5238//337 3116//337 3117//337
f 5238//337 3117//337 5237//337
f 5237//337 3117//337 3118//337
f 5237//337 3118//337 5236//337
f 5236//337 3118//337 3119//337
f 5236//337 3119//337 5235//337
f 5235//337 3119//337 3120//337
f 5235//337 3120//337 5234//337
f 5234//337 3120//337 3121//337
f 5234//337 3121//337 5233//337
f 5233//337 3121//337 5232//337
f 5232//337 3121//337 3122//337
f 5232//337 3122//337 5231//337
f 5231//337 3122//337 3123//337
f 5231//337 3123//337 5230//337
f 5230//337 3123//337 3124//337
f 5230//337 3124//337 5229//337
f 5229//337 3124//337 3125//337
f 5229//337 3125//337 5228//337
f 5228//337 3125//337 3126//337
f 5228//337 3126//337 3127//337
f 5228//337 3127//337 5227//337
f 5227//337 3127//337 3128//337
f 5227//337 3128//337 5226//337
f 5226//337 3128//337 4161//337
f 5226//337 4161//337 4683//337
f 4683//337 4161//337 4162//337
f 4683//337 4162//337 4716//337
f 4716//337 4162//337 4163//337
f 4716//337 4163//337 4715//337
f 4715//337 4163//337 4164//337
f 4715//337 4164//337 4714//337
f 4714//337 4164//337 4165//337
f 4714//337 4165//337 4713//337
f 4713//337 4165//337 4166//337
f 4713//337 4166//337 4712//337
f 4712//337 4166//337 4167//337
f 4712//337 4167//337 4711//337
f 4711//337 4167//337 4168//337
f 4711//337 4168//337 4710//337
f 4710//337 4168//337 4169//337
f 4710//337 4169//337 4709//337
f 4709//337 4169//337 4708//337
f 4708//337 4169//337 4170//337
f 4708//337 4170//337 4707//337
f 4707//337 4170//337 4171//337
f 4707//337 4171//337 4706//337
f 4706//337 4171//337 4172//337
f 4706//337 4172//337 4705//337
f 4705//337 4172//337 4173//337
f 4705//337 4173//337 4704//337
f 4704//337 4173//337 4174//337
f 4704//337 4174//337 4703//337
f 4703//337 4174//337 4175//337
f 4703//337 4175//337 4702//337
f 4702//337 4175//337 4176//337
f 4702//337 4176//337 4701//337
f 4701//337 4176//337 4177//337
f 4701//337 4177//337 8482//337
f 8482//337 4177//337 8387//337
f 8387//337 4177//337 3653//337
f 4161//337 3128//337 4160//337
f 4160//337 3128//337 3129//337
f 4160//337 3129//337 4159//337
f 4159//337 3129//337 3130//337
f 4159//337 3130//337 3637//337
f 3637//337 3130//337 2604//337
f 3637//337 2604//337 3636//337
f 3636//337 2604//337 2605//337
f 3636//337 2605//337 3635//337
f 3635//337 2605//337 2606//337
f 3130//337 3131//337 2604//337
f 2604//337 3131//337 2603//337
f 2603//337 3131//337 3132//337
f 2603//337 3132//337 2602//337
f 2602//337 3132//337 2601//337
f 2601//337 3132//337 3133//337
f 2601//337 3133//337 2600//337
f 2600//337 3133//337 3134//337
f 2600//337 3134//337 2599//337
f 2599//337 3134//337 3135//337
f 2599//337 3135//337 2598//337
f 2598//337 3135//337 3136//337
f 2598//337 3136//337 2597//337
f 2597//337 3136//337 3137//337
f 2597//337 3137//337 3138//337
f 2597//337 3138//337 2596//337
f 2596//337 3138//337 3139//337
f 2596//337 3139//337 2595//337
f 2595//337 3139//337 3140//337
f 2595//337 3140//337 2594//337
f 2594//337 3140//337 3141//337
f 2594//337 3141//337 2593//337
f 2593//337 3141//337 3142//337
f 2593//337 3142//337 2592//337
f 2592//337 3142//337 3143//337
f 2592//337 3143//337 2591//337
f 2591//337 3143//337 3144//337
f 2591//337 3144//337 2590//337
f 2590//337 3144//337 3111//337
f 2590//337 3111//337 2589//337
f 2589//337 3111//337 3112//337
f 2589//337 3112//337 2588//337
f 2588//337 3112//337 8479//337
f 6257//337 7080//337 6256//337
f 6256//337 7080//337 7081//337
f 6256//337 7081//337 8481//337
f 8481//337 7081//337 7082//337
f 8481//337 7082//337 8351//337
f 8351//337 7082//337 8384//337
f 8384//337 7082//337 7083//337
f 8384//337 7083//337 7084//337
f 6257//337 6258//337 7080//337
f 7080//337 6258//337 7113//337
f 7113//337 6258//337 6259//337
f 7113//337 6259//337 7112//337
f 7112//337 6259//337 6260//337
f 7112//337 6260//337 7111//337
f 7111//337 6260//337 6261//337
f 7111//337 6261//337 7110//337
f 7110//337 6261//337 6262//337
f 7110//337 6262//337 7109//337
f 7109//337 6262//337 6263//337
f 7109//337 6263//337 7108//337
f 7108//337 6263//337 6264//337
f 7108//337 6264//337 7107//337
f 7107//337 6264//337 6265//337
f 7107//337 6265//337 7106//337
f 7106//337 6265//337 7105//337
f 7105//337 6265//337 6266//337
f 7105//337 6266//337 7104//337
f 7104//337 6266//337 6267//337
f 7104//337 6267//337 7103//337
f 7103//337 6267//337 6268//337
f 7103//337 6268//337 7102//337
f 7102//337 6268//337 6269//337
f 7102//337 6269//337 7101//337
f 7101//337 6269//337 6270//337
f 7101//337 6270//337 6271//337
f 7101//337 6271//337 7100//337
f 7100//337 6271//337 6272//337
f 7100//337 6272//337 7099//337
f 7099//337 6272//337 5733//337
f 7099//337 5733//337 6779//337
f 6779//337 5733//337 5734//337
f 6779//337 5734//337 6812//337
f 6812//337 5734//337 5735//337
f 6812//337 5735//337 6811//337
f 6811//337 5735//337 5736//337
f 6811//337 5736//337 6810//337
f 6810//337 5736//337 5737//337
f 6810//337 5737//337 6809//337
f 6809//337 5737//337 5738//337
f 6809//337 5738//337 6808//337
f 6808//337 5738//337 5739//337
f 6808//337 5739//337 6807//337
f 6807//337 5739//337 5740//337
f 6807//337 5740//337 6806//337
f 6806//337 5740//337 5741//337
f 6806//337 5741//337 6805//337
f 6805//337 5741//337 6804//337
f 6804//337 5741//337 5742//337
f 6804//337 5742//337 6803//337
f 6803//337 5742//337 5743//337
f 6803//337 5743//337 6802//337
f 6802//337 5743//337 5744//337
f 6802//337 5744//337 6801//337
f 6801//337 5744//337 5745//337
f 6801//337 5745//337 6800//337
f 6800//337 5745//337 5746//337
f 6800//337 5746//337 6799//337
f 6799//337 5746//337 5747//337
f 6799//337 5747//337 6798//337
f 6798//337 5747//337 5748//337
f 6798//337 5748//337 5749//337
f 5733//337 6272//337 5732//337
f 5732//337 6272//337 6273//337
f 5732//337 6273//337 5731//337
f 5731//337 6273//337 6274//337
f 5731//337 6274//337 4685//337
f 4685//337 6274//337 5224//337
f 4685//337 5224//337 4684//337
f 4684//337 5224//337 5225//337
f 4684//337 5225//337 4683//337
f 4683//337 5225//337 5226//337
f 6274//337 6275//337 5224//337
f 5224//337 6275//337 5223//337
f 5223//337 6275//337 6276//337
f 5223//337 6276//337 5222//337
f 5222//337 6276//337 5221//337
f 5221//337 6276//337 6277//337
f 5221//337 6277//337 5220//337
f 5220//337 6277//337 6278//337
f 5220//337 6278//337 5219//337
f 5219//337 6278//337 6279//337
f 5219//337 6279//337 5218//337
f 5218//337 6279//337 6280//337
f 5218//337 6280//337 5217//337
f 5217//337 6280//337 6281//337
f 5217//337 6281//337 6282//337
f 5217//337 6282//337 5216//337
f 5216//337 6282//337 6283//337
f 5216//337 6283//337 5215//337
f 5215//337 6283//337 6284//337
f 5215//337 6284//337 5214//337
f 5214//337 6284//337 6285//337
f 5214//337 6285//337 5213//337
f 5213//337 6285//337 6286//337
f 5213//337 6286//337 5212//337
f 5212//337 6286//337 6287//337
f 5212//337 6287//337 5211//337
f 5211//337 6287//337 6288//337
f 5211//337 6288//337 5210//337
f 5210//337 6288//337 6255//337
f 5210//337 6255//337 5209//337
f 5209//337 6255//337 6256//337
f 5209//337 6256//337 5208//337
f 5208//337 6256//337 8481//337
f 8353//337 8483//337 8352//337
f 8352//337 8483//337 8481//337
f 8352//337 8481//337 8351//337
f 8353//337 8354//337 8483//337
f 8483//337 8354//337 8355//337
f 8483//337 8355//337 8356//337
f 8356//337 8357//337 8483//337
f 8483//337 8357//337 8358//337
f 8483//337 8358//337 8359//337
f 8359//337 8360//337 8483//337
f 8483//337 8360//337 8361//337
f 8483//337 8361//337 8362//337
f 8363//337 8120//337 8362//337
f 8362//337 8120//337 8121//337
f 8362//337 8121//337 8483//337
f 8483//337 8121//337 8484//337
f 8484//337 8121//337 8122//337
f 8484//337 8122//337 8123//337
f 8120//337 8363//337 8119//337
f 8119//337 8363//337 8364//337
f 8119//337 8364//337 8118//337
f 8118//337 8364//337 8365//337
f 8118//337 8365//337 8117//337
f 8117//337 8365//337 8366//337
f 8117//337 8366//337 8116//337
f 8116//337 8366//337 8367//337
f 8116//337 8367//337 8115//337
f 8115//337 8367//337 8368//337
f 8115//337 8368//337 8114//337
f 8114//337 8368//337 8369//337
f 8114//337 8369//337 8113//337
f 8113//337 8369//337 8370//337
f 8113//337 8370//337 6781//337
f 6781//337 8370//337 7097//337
f 6781//337 7097//337 6780//337
f 6780//337 7097//337 7098//337
f 6780//337 7098//337 6779//337
f 6779//337 7098//337 7099//337
f 8370//337 8371//337 7097//337
f 7097//337 8371//337 7096//337
f 7096//337 8371//337 8372//337
f 7096//337 8372//337 7095//337
f 7095//337 8372//337 7094//337
f 7094//337 8372//337 8373//337
f 7094//337 8373//337 7093//337
f 7093//337 8373//337 8374//337
f 7093//337 8374//337 7092//337
f 7092//337 8374//337 8375//337
f 7092//337 8375//337 7091//337
f 7091//337 8375//337 8376//337
f 7091//337 8376//337 7090//337
f 7090//337 8376//337 8377//337
f 7090//337 8377//337 8378//337
f 7090//337 8378//337 7089//337
f 7089//337 8378//337 8379//337
f 7089//337 8379//337 7088//337
f 7088//337 8379//337 8380//337
f 7088//337 8380//337 7087//337
f 7087//337 8380//337 8381//337
f 7087//337 8381//337 7086//337
f 7086//337 8381//337 8382//337
f 7086//337 8382//337 7085//337
f 7085//337 8382//337 8383//337
f 7085//337 8383//337 7084//337
f 7084//337 8383//337 8384//337
f 1025//337 2090//337 1024//337
f 1024//337 2090//337 2091//337
f 1024//337 2091//337 1023//337
f 1023//337 2091//337 2092//337
f 1023//337 2092//337 1022//337
f 1022//337 2092//337 2093//337
f 1022//337 2093//337 1021//337
f 1021//337 2093//337 2094//337
f 1021//337 2094//337 1020//337
f 1020//337 2094//337 2095//337
f 1020//337 2095//337 1019//337
f 1019//337 2095//337 2096//337
f 1019//337 2096//337 1018//337
f 1018//337 2096//337 2063//337
f 1018//337 2063//337 1017//337
f 3653//337 4177//337 3652//337
f 3652//337 4177//337 4178//337
f 3652//337 4178//337 3651//337
f 3651//337 4178//337 4179//337
f 3651//337 4179//337 3650//337
f 3650//337 4179//337 4180//337
f 3650//337 4180//337 3649//337
f 3649//337 4180//337 4181//337
f 3649//337 4181//337 3648//337
f 3648//337 4181//337 4182//337
f 3648//337 4182//337 3647//337
f 3647//337 4182//337 4183//337
f 3647//337 4183//337 3646//337
f 3646//337 4183//337 4184//337
f 3646//337 4184//337 3645//337
f 3645//337 4184//337 4185//337
f 3645//337 4185//337 4186//337
f 3645//337 4186//337 3644//337
f 3644//337 4186//337 4187//337
f 3644//337 4187//337 3643//337
f 3643//337 4187//337 4188//337
f 3643//337 4188//337 3642//337
f 3642//337 4188//337 4189//337
f 3642//337 4189//337 3641//337
f 3641//337 4189//337 4190//337
f 3641//337 4190//337 3640//337
f 3640//337 4190//337 4191//337
f 3640//337 4191//337 3639//337
f 3639//337 4191//337 4192//337
f 3639//337 4192//337 3638//337
f 3638//337 4192//337 4159//337
f 3638//337 4159//337 3637//337
f 5750//337 4700//337 5749//337
f 5749//337 4700//337 4701//337
f 5749//337 4701//337 8482//337
f 4700//337 5750//337 4699//337
f 4699//337 5750//337 5751//337
f 4699//337 5751//337 4698//337
f 4698//337 5751//337 5752//337
f 4698//337 5752//337 4697//337
f 4697//337 5752//337 5753//337
f 4697//337 5753//337 4696//337
f 4696//337 5753//337 5754//337
f 4696//337 5754//337 4695//337
f 4695//337 5754//337 5755//337
f 4695//337 5755//337 4694//337
f 4694//337 5755//337 5756//337
f 4694//337 5756//337 4693//337
f 4693//337 5756//337 5757//337
f 4693//337 5757//337 5758//337
f 4693//337 5758//337 4692//337
f 4692//337 5758//337 5759//337
f 4692//337 5759//337 4691//337
f 4691//337 5759//337 5760//337
f 4691//337 5760//337 4690//337
f 4690//337 5760//337 5761//337
f 4690//337 5761//337 4689//337
f 4689//337 5761//337 5762//337
f 4689//337 5762//337 4688//337
f 4688//337 5762//337 5763//337
f 4688//337 5763//337 4687//337
f 4687//337 5763//337 5764//337
f 4687//337 5764//337 4686//337
f 4686//337 5764//337 5731//337
f 4686//337 5731//337 4685//337
f 8123//337 8124//337 8484//337
f 8484//337 8124//337 8125//337
f 8484//337 8125//337 8126//337
f 8126//337 8127//337 8484//337
f 8484//337 8127//337 8128//337
f 8484//337 8128//337 8129//337
f 8129//337 8130//337 8484//337
f 8484//337 8130//337 8131//337
f 8484//337 8131//337 8482//337
f 8482//337 8131//337 8132//337
f 8482//337 8132//337 6796//337
f 6796//337 8132//337 8133//337
f 6796//337 8133//337 6795//337
f 6795//337 8133//337 6794//337
f 6794//337 8133//337 8134//337
f 6794//337 8134//337 6793//337
f 6793//337 8134//337 8135//337
f 6793//337 8135//337 6792//337
f 6792//337 8135//337 8136//337
f 6792//337 8136//337 6791//337
f 6791//337 8136//337 8137//337
f 6791//337 8137//337 6790//337
f 6790//337 8137//337 8138//337
f 6790//337 8138//337 6789//337
f 6789//337 8138//337 8139//337
f 6789//337 8139//337 8140//337
f 6789//337 8140//337 6788//337
f 6788//337 8140//337 8141//337
f 6788//337 8141//337 6787//337
f 6787//337 8141//337 8142//337
f 6787//337 8142//337 6786//337
f 6786//337 8142//337 8143//337
f 6786//337 8143//337 6785//337
f 6785//337 8143//337 8144//337
f 6785//337 8144//337 6784//337
f 6784//337 8144//337 8145//337
f 6784//337 8145//337 6783//337
f 6783//337 8145//337 8146//337
f 6783//337 8146//337 6782//337
f 6782//337 8146//337 8113//337
f 6782//337 8113//337 6781//337
f 8430//337 8387//337 8398//337
f 8398//337 8387//337 1033//337
f 8398//337 1033//337 1034//337
f 8430//337 8428//337 8387//337
f 8387//337 8428//337 8426//337
f 8387//337 8426//337 8424//337
f 8424//337 8385//948 8387//337
f 8485//337 8486//337 8482//337
f 8482//337 8486//337 8487//337
f 8482//337 8487//337 8488//337
f 8488//337 8489//337 8482//337
f 8482//337 8489//337 8484//337
f 8483//337 8490//337 8481//337
f 8481//337 8490//337 8491//337
f 8481//337 8491//337 8492//337
f 8492//337 8493//337 8481//337
f 8481//337 8493//337 8494//949
f 8495//337 8496//337 8479//337
f 8479//337 8496//337 8497//337
f 8479//337 8497//337 8498//337
f 8498//337 8499//337 8479//337
f 8479//337 8499//337 8480//337
f 8479//337 8480//337 492//337
f 492//337 8480//337 491//337
f 491//337 8480//337 524//337
f 524//337 8480//337 523//337
f 523//337 8480//337 522//337
f 522//337 8480//337 521//337
f 521//337 8480//337 520//337
f 520//337 8480//337 519//337
f 519//337 8480//337 518//337
f 6796//337 6797//337 8482//337
f 8482//337 6797//337 5749//337
f 6797//337 6798//337 5749//337
f 1032//337 1033//337 8387//337
f 1034//337 1035//337 8398//337
f 8398//337 1035//337 1036//337
f 8398//337 1036//337 1037//337
f 1037//337 1038//337 8398//337
f 8398//337 1038//337 1039//337
f 8398//337 1039//337 1040//337
f 1040//337 1041//337 8398//337
f 8398//337 1041//337 1042//337
f 8398//337 1042//337 1043//337
f 492//337 493//337 8479//337
f 8411//950 8500//950 8387//950
f 8387//950 8500//950 8482//950
f 8489//951 8501//951 8484//951
f 8484//951 8501//951 8502//951
f 8484//951 8502//951 8503//952
f 8503//953 8502//953 8504//953
f 8503//953 8504//953 8505//953
f 8505//954 8504//954 8506//954
f 8505//954 8506//954 8507//954
f 8507//955 8506//955 8508//955
f 8507//955 8508//955 8509//955
f 8509//956 8508//956 8510//956
f 8509//956 8510//956 8511//956
f 8511//957 8510//958 8482//959
f 8511//957 8482//959 8512//960
f 8512//960 8482//959 8500//959
f 8512//960 8500//959 8513//957
f 8513//957 8500//959 8514//957
f 8513//956 8514//956 8515//956
f 8515//956 8514//956 8516//956
f 8515//955 8516//955 8517//955
f 8517//955 8516//955 8518//955
f 8517//954 8518//954 8519//954
f 8519//954 8518//954 8520//954
f 8519//953 8520//953 8521//953
f 8521//953 8520//953 8522//953
f 8521//951 8522//952 8523//951
f 8523//951 8522//952 8524//951
f 8523//951 8524//951 8525//951
f 8525//953 8524//953 8526//953
f 8525//953 8526//953 8527//953
f 8527//954 8526//954 8528//954
f 8527//954 8528//954 8529//954
f 8529//955 8528//955 8530//955
f 8529//955 8530//955 8531//955
f 8531//956 8530//956 8532//956
f 8531//956 8532//956 8533//956
f 8533//959 8532//957 8500//959
f 8533//959 8500//959 8534//959
f 8501//953 8489//953 8535//953
f 8535//953 8489//953 8488//953
f 8535//954 8488//954 8536//954
f 8536//954 8488//954 8487//954
f 8536//955 8487//955 8537//955
f 8537//955 8487//955 8486//955
f 8537//956 8486//961 8538//956
f 8538//956 8486//961 8485//961
f 8538//959 8485//959 8482//959
f 8533//956 8534//956 8539//956
f 8539//956 8534//956 8540//956
f 8539//955 8540//955 8541//955
f 8541//955 8540//955 8542//955
f 8541//954 8542//954 8543//954
f 8543//954 8542//954 8544//954
f 8543//953 8544//953 8545//953
f 8545//953 8544//953 8546//953
f 8545//951 8546//951 8523//951
f 8523//951 8484//951 8521//951
f 8521//951 8484//951 8547//951
f 8521//953 8547//953 8519//953
f 8519//953 8547//953 8548//953
f 8519//954 8548//954 8517//954
f 8517//954 8548//954 8549//954
f 8517//955 8549//955 8515//955
f 8515//955 8549//955 8550//955
f 8515//956 8550//956 8513//956
f 8513//956 8550//956 8512//956
f 8502//953 8501//953 8551//953
f 8551//953 8501//953 8535//953
f 8551//954 8535//954 8552//954
f 8552//954 8535//954 8536//954
f 8552//955 8536//955 8553//955
f 8553//955 8536//955 8537//955
f 8553//956 8537//956 8554//956
f 8554//956 8537//956 8538//956
f 8554//959 8538//959 8482//959
f 8503//952 8555//951 8484//951
f 8484//951 8555//951 8556//951
f 8484//951 8556//951 8557//951
f 8557//953 8556//953 8558//953
f 8557//953 8558//953 8559//953
f 8559//954 8558//954 8560//954
f 8559//954 8560//954 8549//954
f 8549//955 8560//955 8550//955
f 8503//953 8505//953 8555//953
f 8555//953 8505//953 8561//953
f 8555//953 8561//953 8556//953
f 8556//953 8561//953 8558//953
f 8547//951 8484//951 8562//952
f 8562//952 8484//951 8557//951
f 8562//953 8557//953 8559//953
f 8548//953 8547//953 8562//953
f 8548//953 8562//953 8559//953
f 8524//953 8522//953 8563//953
f 8563//953 8522//953 8520//953
f 8563//954 8520//954 8564//954
f 8564//954 8520//954 8518//954
f 8564//955 8518//955 8565//955
f 8565//955 8518//955 8516//955
f 8565//956 8516//956 8566//956
f 8566//956 8516//956 8514//956
f 8566//958 8514//957 8500//959
f 8525//951 8567//951 8523//951
f 8523//951 8567//951 8568//951
f 8523//951 8568//951 8569//951
f 8569//953 8568//953 8570//953
f 8569//953 8570//953 8543//953
f 8543//954 8570//954 8541//954
f 8525//953 8527//953 8567//953
f 8567//953 8527//953 8571//953
f 8567//953 8571//953 8568//953
f 8568//953 8571//953 8570//953
f 8545//951 8523//951 8569//951
f 8543//953 8545//953 8569//953
f 8502//953 8551//953 8504//953
f 8504//954 8551//954 8572//954
f 8504//954 8572//954 8506//954
f 8506//955 8572//955 8573//955
f 8506//955 8573//955 8508//955
f 8508//956 8573//956 8574//956
f 8508//956 8574//956 8510//956
f 8510//958 8574//957 8482//959
f 8572//954 8551//954 8552//954
f 8505//954 8507//954 8561//954
f 8561//954 8507//954 8575//954
f 8561//954 8575//954 8558//954
f 8558//954 8575//954 8560//954
f 8549//954 8548//954 8559//954
f 8524//953 8563//953 8526//953
f 8526//954 8563//954 8576//954
f 8526//954 8576//954 8528//954
f 8528//955 8576//955 8577//955
f 8528//955 8577//955 8530//955
f 8530//956 8577//956 8578//956
f 8530//956 8578//956 8532//956
f 8532//957 8578//958 8500//959
f 8576//954 8563//954 8564//954
f 8527//954 8529//954 8571//954
f 8571//954 8529//954 8579//954
f 8571//954 8579//954 8570//954
f 8570//954 8579//954 8541//954
f 8572//955 8552//955 8580//955
f 8580//955 8552//955 8553//955
f 8580//956 8553//956 8581//956
f 8581//956 8553//956 8554//956
f 8581//959 8554//959 8482//959
f 8507//955 8509//955 8575//955
f 8575//955 8509//955 8582//955
f 8575//955 8582//955 8560//955
f 8560//955 8582//955 8550//955
f 8576//955 8564//955 8583//955
f 8583//955 8564//955 8565//955
f 8583//956 8565//956 8584//956
f 8584//956 8565//956 8566//956
f 8584//957 8566//958 8500//959
f 8539//955 8541//955 8579//955
f 8539//955 8579//955 8531//955
f 8531//955 8579//955 8529//955
f 8572//955 8580//955 8573//955
f 8573//956 8580//956 8585//956
f 8573//956 8585//956 8574//956
f 8574//957 8585//957 8482//959
f 8585//956 8580//956 8581//956
f 8512//956 8550//956 8582//956
f 8512//956 8582//956 8511//956
f 8511//956 8582//956 8509//956
f 8576//955 8583//955 8577//955
f 8577//956 8583//956 8586//956
f 8577//956 8586//956 8578//956
f 8578//958 8586//960 8500//959
f 8586//956 8583//956 8584//956
f 8533//956 8539//956 8531//956
f 8482//959 8585//957 8581//959
f 8500//959 8586//960 8584//957
f 8499//962 8587//962 8480//962
f 8480//962 8587//962 8588//962
f 8480//962 8588//962 8589//963
f 8589//964 8588//964 8590//964
f 8589//964 8590//964 8591//964
f 8591//965 8590//965 8592//965
f 8591//965 8592//965 8593//965
f 8593//966 8592//966 8594//966
f 8593//966 8594//966 8595//966
f 8595//967 8594//967 8596//967
f 8595//967 8596//967 8597//967
f 8597//968 8596//969 8479//970
f 8597//968 8479//970 8598//971
f 8598//971 8479//970 8599//970
f 8598//971 8599//970 8600//968
f 8600//968 8599//970 8601//968
f 8600//967 8601//967 8602//967
f 8602//967 8601//967 8603//967
f 8602//966 8603//966 8604//966
f 8604//966 8603//966 8605//966
f 8604//965 8605//965 8606//965
f 8606//965 8605//965 8607//965
f 8606//964 8607//964 8608//964
f 8608//964 8607//964 8609//964
f 8608//962 8609//963 8610//962
f 8610//962 8609//963 8611//962
f 8610//962 8611//962 8612//962
f 8612//964 8611//964 8613//964
f 8612//964 8613//964 8614//964
f 8614//965 8613//965 8615//965
f 8614//965 8615//965 8616//965
f 8616//966 8615//966 8617//966
f 8616//966 8617//966 8618//966
f 8618//967 8617//967 8619//967
f 8618//967 8619//967 8620//967
f 8620//970 8619//968 8599//970
f 8620//970 8599//970 8621//970
f 8587//964 8499//964 8622//964
f 8622//964 8499//964 8498//964
f 8622//965 8498//965 8623//965
f 8623//965 8498//965 8497//965
f 8623//966 8497//966 8624//966
f 8624//966 8497//966 8496//966
f 8624//967 8496//972 8625//967
f 8625//967 8496//972 8495//972
f 8625//970 8495//970 8479//970
f 8620//967 8621//967 8626//967
f 8626//967 8621//967 8627//967
f 8626//966 8627//966 8628//966
f 8628//966 8627//966 8629//966
f 8628//965 8629//965 8630//965
f 8630//965 8629//965 8631//965
f 8630//964 8631//964 8632//964
f 8632//964 8631//964 8633//964
f 8632//962 8633//962 8610//962
f 8610//962 8480//962 8608//962
f 8608//962 8480//962 8634//962
f 8608//964 8634//964 8606//964
f 8606//964 8634//964 8635//964
f 8606//965 8635//965 8604//965
f 8604//965 8635//965 8636//965
f 8604//966 8636//966 8602//966
f 8602//966 8636//966 8637//966
f 8602//967 8637//967 8600//967
f 8600//967 8637//967 8598//967
f 8588//964 8587//964 8638//964
f 8638//964 8587//964 8622//964
f 8638//965 8622//965 8639//965
f 8639//965 8622//965 8623//965
f 8639//966 8623//966 8640//966
f 8640//966 8623//966 8624//966
f 8640//967 8624//967 8641//967
f 8641//967 8624//967 8625//967
f 8641//970 8625//970 8479//970
f 8589//963 8642//962 8480//962
f 8480//962 8642//962 8643//962
f 8480//962 8643//962 8644//962
f 8644//964 8643//964 8645//964
f 8644//964 8645//964 8646//964
f 8646//965 8645//965 8647//965
f 8646//965 8647//965 8636//965
f 8636//966 8647//966 8637//966
f 8589//964 8591//964 8642//964
f 8642//964 8591//964 8648//964
f 8642//964 8648//964 8643//964
f 8643//964 8648//964 8645//964
f 8634//962 8480//962 8649//963
f 8649//963 8480//962 8644//962
f 8649//964 8644//964 8646//964
f 8635//964 8634//964 8649//964
f 8635//964 8649//964 8646//964
f 8611//964 8609//964 8650//964
f 8650//964 8609//964 8607//964
f 8650//965 8607//965 8651//965
f 8651//965 8607//965 8605//965
f 8651//966 8605//966 8652//966
f 8652//966 8605//966 8603//966
f 8652//967 8603//967 8653//967
f 8653//967 8603//967 8601//967
f 8653//969 8601//968 8599//970
f 8612//962 8654//962 8610//962
f 8610//962 8654//962 8655//962
f 8610//962 8655//962 8656//962
f 8656//964 8655//964 8657//964
f 8656//964 8657//964 8630//964
f 8630//965 8657//965 8628//965
f 8612//964 8614//964 8654//964
f 8654//964 8614//964 8658//964
f 8654//964 8658//964 8655//964
f 8655//964 8658//964 8657//964
f 8632//962 8610//962 8656//962
f 8630//964 8632//964 8656//964
f 8588//964 8638//964 8590//964
f 8590//965 8638//965 8659//965
f 8590//965 8659//965 8592//965
f 8592//966 8659//966 8660//966
f 8592//966 8660//966 8594//966
f 8594//967 8660//967 8661//967
f 8594//967 8661//967 8596//967
f 8596//969 8661//968 8479//970
f 8659//965 8638//965 8639//965
f 8591//965 8593//965 8648//965
f 8648//965 8593//965 8662//965
f 8648//965 8662//965 8645//965
f 8645//965 8662//965 8647//965
f 8636//965 8635//965 8646//965
f 8611//964 8650//964 8613//964
f 8613//965 8650//965 8663//965
f 8613//965 8663//965 8615//965
f 8615//966 8663//966 8664//966
f 8615//966 8664//966 8617//966
f 8617//967 8664//967 8665//967
f 8617//967 8665//967 8619//967
f 8619//968 8665//969 8599//970
f 8663//965 8650//965 8651//965
f 8614//965 8616//965 8658//965
f 8658//965 8616//965 8666//965
f 8658//965 8666//965 8657//965
f 8657//965 8666//965 8628//965
f 8659//966 8639//966 8667//966
f 8667//966 8639//966 8640//966
f 8667//967 8640//967 8668//967
f 8668//967 8640//967 8641//967
f 8668//970 8641//970 8479//970
f 8593//966 8595//966 8662//966
f 8662//966 8595//966 8669//966
f 8662//966 8669//966 8647//966
f 8647//966 8669//966 8637//966
f 8663//966 8651//966 8670//966
f 8670//966 8651//966 8652//966
f 8670//967 8652//967 8671//967
f 8671//967 8652//967 8653//967
f 8671//968 8653//969 8599//970
f 8626//966 8628//966 8666//966
f 8626//966 8666//966 8618//966
f 8618//966 8666//966 8616//966
f 8659//966 8667//966 8660//966
f 8660//967 8667//967 8672//967
f 8660//967 8672//967 8661//967
f 8661//968 8672//968 8479//970
f 8672//967 8667//967 8668//967
f 8598//967 8637//967 8669//967
f 8598//967 8669//967 8597//967
f 8597//967 8669//967 8595//967
f 8663//966 8670//966 8664//966
f 8664//967 8670//967 8673//967
f 8664//967 8673//967 8665//967
f 8665//969 8673//971 8599//970
f 8673//967 8670//967 8671//967
f 8620//967 8626//967 8618//967
f 8479//970 8672//968 8668//970
f 8599//970 8673//971 8671//968
f 8479//353 8481//353 8599//353
f 8599//353 8481//353 8674//353
f 8494//973 8675//973 8481//973
f 8481//973 8675//973 8676//974
f 8481//973 8676//974 8677//975
f 8677//976 8676//976 8678//976
f 8677//976 8678//976 8679//976
f 8679//977 8678//977 8680//977
f 8679//977 8680//977 8681//977
f 8681//978 8680//978 8682//978
f 8681//978 8682//978 8683//978
f 8683//979 8682//979 8684//979
f 8683//979 8684//979 8685//979
f 8685//980 8684//981 8483//981
f 8685//980 8483//981 8686//981
f 8686//981 8483//981 8687//981
f 8686//981 8687//981 8688//981
f 8688//981 8687//981 8689//980
f 8688//979 8689//979 8690//979
f 8690//979 8689//979 8691//979
f 8690//978 8691//978 8692//978
f 8692//978 8691//978 8693//978
f 8692//977 8693//977 8694//977
f 8694//977 8693//977 8695//977
f 8694//976 8695//976 8696//976
f 8696//976 8695//976 8697//976
f 8696//974 8697//982 8674//973
f 8674//973 8697//982 8698//975
f 8674//973 8698//975 8699//974
f 8699//976 8698//976 8700//976
f 8699//976 8700//976 8701//976
f 8701//977 8700//977 8702//977
f 8701//977 8702//977 8703//977
f 8703//978 8702//978 8704//978
f 8703//978 8704//978 8705//978
f 8705//979 8704//979 8706//979
f 8705//979 8706//979 8707//979
f 8707//981 8706//981 8687//981
f 8707//981 8687//981 8708//981
f 8675//976 8494//976 8709//976
f 8709//976 8494//976 8493//976
f 8709//977 8493//977 8710//977
f 8710//977 8493//977 8492//977
f 8710//978 8492//978 8711//978
f 8711//978 8492//978 8491//978
f 8711//979 8491//979 8712//979
f 8712//979 8491//979 8490//979
f 8712//981 8490//981 8483//981
f 8707//979 8708//979 8713//979
f 8713//979 8708//979 8714//979
f 8713//978 8714//978 8715//978
f 8715//978 8714//978 8716//978
f 8715//977 8716//977 8717//977
f 8717//977 8716//977 8718//977
f 8717//976 8718//983 8719//976
f 8719//976 8718//983 8720//983
f 8719//973 8720//973 8674//973
f 8674//973 8481//973 8696//974
f 8696//974 8481//973 8721//982
f 8696//976 8721//976 8694//976
f 8694//976 8721//976 8722//976
f 8694//977 8722//977 8692//977
f 8692//977 8722//977 8723//977
f 8692//978 8723//978 8690//978
f 8690//978 8723//978 8724//978
f 8690//979 8724//979 8688//979
f 8688//979 8724//979 8686//979
f 8676//976 8675//976 8725//976
f 8725//976 8675//976 8709//976
f 8725//977 8709//977 8726//977
f 8726//977 8709//977 8710//977
f 8726//978 8710//978 8727//978
f 8727//978 8710//978 8711//978
f 8727//979 8711//979 8728//979
f 8728//979 8711//979 8712//979
f 8728//981 8712//981 8483//981
f 8677//975 8729//974 8481//973
f 8481//973 8729//974 8730//974
f 8481//973 8730//974 8731//975
f 8731//976 8730//976 8732//976
f 8731//976 8732//976 8733//976
f 8733//977 8732//977 8734//977
f 8733//977 8734//977 8723//977
f 8723//978 8734//978 8724//978
f 8677//976 8679//976 8729//976
f 8729//976 8679//976 8735//976
f 8729//976 8735//976 8730//976
f 8730//976 8735//976 8732//976
f 8721//982 8481//973 8736//982
f 8736//982 8481//973 8731//975
f 8736//976 8731//976 8733//976
f 8722//976 8721//976 8736//976
f 8722//976 8736//976 8733//976
f 8698//976 8697//976 8737//976
f 8737//976 8697//976 8695//976
f 8737//977 8695//977 8738//977
f 8738//977 8695//977 8693//977
f 8738//978 8693//978 8739//978
f 8739//978 8693//978 8691//978
f 8739//979 8691//979 8740//979
f 8740//979 8691//979 8689//979
f 8740//981 8689//980 8687//981
f 8699//974 8741//982 8674//973
f 8674//973 8741//982 8742//973
f 8674//973 8742//973 8743//974
f 8743//976 8742//976 8744//976
f 8743//976 8744//976 8717//976
f 8717//977 8744//977 8715//977
f 8699//976 8701//976 8741//976
f 8741//976 8701//976 8745//976
f 8741//976 8745//976 8742//976
f 8742//976 8745//976 8744//976
f 8719//973 8674//973 8743//974
f 8717//976 8719//976 8743//976
f 8676//976 8725//976 8678//976
f 8678//977 8725//977 8746//977
f 8678//977 8746//977 8680//977
f 8680//978 8746//978 8747//978
f 8680//978 8747//978 8682//978
f 8682//979 8747//979 8748//979
f 8682//979 8748//979 8684//979
f 8684//981 8748//981 8483//981
f 8746//977 8725//977 8726//977
f 8679//977 8681//977 8735//977
f 8735//977 8681//977 8749//977
f 8735//977 8749//977 8732//977
f 8732//977 8749//977 8734//977
f 8723//977 8722//977 8733//977
f 8698//976 8737//976 8700//976
f 8700//977 8737//977 8750//977
f 8700//977 8750//977 8702//977
f 8702//978 8750//978 8751//978
f 8702//978 8751//978 8704//978
f 8704//979 8751//979 8752//979
f 8704//979 8752//979 8706//979
f 8706//981 8752//981 8687//981
f 8750//977 8737//977 8738//977
f 8701//977 8703//977 8745//977
f 8745//977 8703//977 8753//977
f 8745//977 8753//977 8744//977
f 8744//977 8753//977 8715//977
f 8746//978 8726//978 8754//978
f 8754//978 8726//978 8727//978
f 8754//979 8727//979 8755//979
f 8755//979 8727//979 8728//979
f 8755//981 8728//981 8483//981
f 8681//978 8683//978 8749//978
f 8749//978 8683//978 8756//978
f 8749//978 8756//978 8734//978
f 8734//978 8756//978 8724//978
f 8750//978 8738//978 8757//978
f 8757//978 8738//978 8739//978
f 8757//979 8739//979 8758//979
f 8758//979 8739//979 8740//979
f 8758//981 8740//981 8687//981
f 8713//978 8715//978 8753//978
f 8713//978 8753//978 8705//978
f 8705//978 8753//978 8703//978
f 8746//978 8754//978 8747//978
f 8747//979 8754//979 8759//979
f 8747//979 8759//979 8748//979
f 8748//981 8759//980 8483//981
f 8759//979 8754//979 8755//979
f 8686//979 8724//979 8756//979
f 8686//979 8756//979 8685//979
f 8685//979 8756//979 8683//979
f 8750//978 8757//978 8751//978
f 8751//979 8757//979 8760//979
f 8751//979 8760//979 8752//979
f 8752//981 8760//981 8687//981
f 8760//979 8757//979 8758//979
f 8707//979 8713//979 8705//979
f 8483//981 8759//980 8755//981
f 8687//981 8760//981 8758//981
f 8523//695 8687//695 8484//695
f 8484//695 8687//695 8483//695
f 258//337 259//337 278//337
f 278//337 259//337 260//337
f 278//337 260//337 261//337
f 261//337 262//337 278//337
f 278//337 262//337 263//337
f 278//337 263//337 264//337
f 264//337 265//337 278//337
f 278//337 265//337 266//337
f 278//337 266//337 267//337
f 267//337 268//337 278//337
f 278//337 268//337 269//337
f 278//337 269//337 277//337
f 277//337 269//337 270//337
f 277//337 270//337 276//337
f 276//337 270//337 271//337
f 276//337 271//337 275//337
f 275//337 271//337 272//337
f 275//337 272//337 274//337
f 274//337 272//337 273//337
f 279//337 283//337 278//337
f 278//337 283//337 284//337
f 278//337 284//337 285//337
f 283//337 279//337 282//337
f 282//337 279//337 280//337
f 282//337 280//337 281//337
f 285//337 286//337 278//337
f 278//337 286//337 258//337
f 1544//337 1545//337 1564//337
f 1564//337 1545//337 1546//337
f 1564//337 1546//337 1547//337
f 1547//337 1548//337 1564//337
f 1564//337 1548//337 1549//337
f 1564//337 1549//337 1550//337
f 1550//337 1551//337 1564//337
f 1564//337 1551//337 1552//337
f 1564//337 1552//337 1553//337
f 1553//337 1554//337 1564//337
f 1564//337 1554//337 1555//337
f 1564//337 1555//337 1563//337
f 1563//337 1555//337 1556//337
f 1563//337 1556//337 1562//337
f 1562//337 1556//337 1557//337
f 1562//337 1557//337 1561//337
f 1561//337 1557//337 1558//337
f 1561//337 1558//337 1560//337
f 1560//337 1558//337 1559//337
f 1565//337 1569//337 1564//337
f 1564//337 1569//337 1570//337
f 1564//337 1570//337 1571//337
f 1569//337 1565//337 1568//337
f 1568//337 1565//337 1566//337
f 1568//337 1566//337 1567//337
f 1571//337 1572//337 1564//337
f 1564//337 1572//337 1544//337
f 2354//337 2355//337 2374//337
f 2374//337 2355//337 2356//337
f 2374//337 2356//337 2357//337
f 2357//337 2358//337 2374//337
f 2374//337 2358//337 2359//337
f 2374//337 2359//337 2360//337
f 2360//337 2361//337 2374//337
f 2374//337 2361//337 2362//337
f 2374//337 2362//337 2363//337
f 2363//337 2364//337 2374//337
f 2374//337 2364//337 2365//337
f 2374//337 2365//337 2373//337
f 2373//337 2365//337 2366//337
f 2373//337 2366//337 2372//337
f 2372//337 2366//337 2367//337
f 2372//337 2367//337 2371//337
f 2371//337 2367//337 2368//337
f 2371//337 2368//337 2370//337
f 2370//337 2368//337 2369//337
f 2375//337 2379//337 2374//337
f 2374//337 2379//337 2380//337
f 2374//337 2380//337 2381//337
f 2379//337 2375//337 2378//337
f 2378//337 2375//337 2376//337
f 2378//337 2376//337 2377//337
f 2381//337 2382//337 2374//337
f 2374//337 2382//337 2354//337
f 2878//337 2879//337 2898//337
f 2898//337 2879//337 2880//337
f 2898//337 2880//337 2881//337
f 2881//337 2882//337 2898//337
f 2898//337 2882//337 2883//337
f 2898//337 2883//337 2884//337
f 2884//337 2885//337 2898//337
f 2898//337 2885//337 2886//337
f 2898//337 2886//337 2887//337
f 2887//337 2888//337 2898//337
f 2898//337 2888//337 2889//337
f 2898//337 2889//337 2897//337
f 2897//337 2889//337 2890//337
f 2897//337 2890//337 2896//337
f 2896//337 2890//337 2891//337
f 2896//337 2891//337 2895//337
f 2895//337 2891//337 2892//337
f 2895//337 2892//337 2894//337
f 2894//337 2892//337 2893//337
f 2899//337 2903//337 2898//337
f 2898//337 2903//337 2904//337
f 2898//337 2904//337 2905//337
f 2903//337 2899//337 2902//337
f 2902//337 2899//337 2900//337
f 2902//337 2900//337 2901//337
f 2905//337 2906//337 2898//337
f 2898//337 2906//337 2878//337
f 4974//337 4975//337 4994//337
f 4994//337 4975//337 4976//337
f 4994//337 4976//337 4977//337
f 4977//337 4978//337 4994//337
f 4994//337 4978//337 4979//337
f 4994//337 4979//337 4980//337
f 4980//337 4981//337 4994//337
f 4994//337 4981//337 4982//337
f 4994//337 4982//337 4983//337
f 4983//337 4984//337 4994//337
f 4994//337 4984//337 4985//337
f 4994//337 4985//337 4993//337
f 4993//337 4985//337 4986//337
f 4993//337 4986//337 4992//337
f 4992//337 4986//337 4987//337
f 4992//337 4987//337 4991//337
f 4991//337 4987//337 4988//337
f 4991//337 4988//337 4990//337
f 4990//337 4988//337 4989//337
f 4995//337 4999//337 4994//337
f 4994//337 4999//337 5000//337
f 4994//337 5000//337 5001//337
f 4999//337 4995//337 4998//337
f 4998//337 4995//337 4996//337
f 4998//337 4996//337 4997//337
f 5001//337 5002//337 4994//337
f 4994//337 5002//337 4974//337
f 6022//337 6023//337 6042//337
f 6042//337 6023//337 6024//337
f 6042//337 6024//337 6025//337
f 6025//337 6026//337 6042//337
f 6042//337 6026//337 6027//337
f 6042//337 6027//337 6028//337
f 6028//337 6029//337 6042//337
f 6042//337 6029//337 6030//337
f 6042//337 6030//337 6031//337
f 6031//337 6032//337 6042//337
f 6042//337 6032//337 6033//337
f 6042//337 6033//337 6041//337
f 6041//337 6033//337 6034//337
f 6041//337 6034//337 6040//337
f 6040//337 6034//337 6035//337
f 6040//337 6035//337 6039//337
f 6039//337 6035//337 6036//337
f 6039//337 6036//337 6038//337
f 6038//337 6036//337 6037//337
f 6043//337 6047//337 6042//337
f 6042//337 6047//337 6048//337
f 6042//337 6048//337 6049//337
f 6047//337 6043//337 6046//337
f 6046//337 6043//337 6044//337
f 6046//337 6044//337 6045//337
f 6049//337 6050//337 6042//337
f 6042//337 6050//337 6022//337
f 7308//337 7309//337 7328//337
f 7328//337 7309//337 7310//337
f 7328//337 7310//337 7311//337
f 7311//337 7312//337 7328//337
f 7328//337 7312//337 7313//337
f 7328//337 7313//337 7314//337
f 7314//337 7315//337 7328//337
f 7328//337 7315//337 7316//337
f 7328//337 7316//337 7317//337
f 7317//337 7318//337 7328//337
f 7328//337 7318//337 7319//337
f 7328//337 7319//337 7327//337
f 7327//337 7319//337 7320//337
f 7327//337 7320//337 7326//337
f 7326//337 7320//337 7321//337
f 7326//337 7321//337 7325//337
f 7325//337 7321//337 7322//337
f 7325//337 7322//337 7324//337
f 7324//337 7322//337 7323//337
f 7329//337 7333//337 7328//337
f 7328//337 7333//337 7334//337
f 7328//337 7334//337 7335//337
f 7333//337 7329//337 7332//337
f 7332//337 7329//337 7330//337
f 7332//337 7330//337 7331//337
f 7335//337 7336//337 7328//337
f 7328//337 7336//337 7308//337
f 7594//337 7595//337 7614//337
f 7614//337 7595//337 7596//337
f 7614//337 7596//337 7597//337
f 7597//337 7598//337 7614//337
f 7614//337 7598//337 7599//337
f 7614//337 7599//337 7600//337
f 7600//337 7601//337 7614//337
f 7614//337 7601//337 7602//337
f 7614//337 7602//337 7603//337
f 7603//337 7604//337 7614//337
f 7614//337 7604//337 7605//337
f 7614//337 7605//337 7613//337
f 7613//337 7605//337 7606//337
f 7613//337 7606//337 7612//337
f 7612//337 7606//337 7607//337
f 7612//337 7607//337 7611//337
f 7611//337 7607//337 7608//337
f 7611//337 7608//337 7610//337
f 7610//337 7608//337 7609//337
f 7615//337 7619//337 7614//337
f 7614//337 7619//337 7620//337
f 7614//337 7620//337 7621//337
f 7619//337 7615//337 7618//337
f 7618//337 7615//337 7616//337
f 7618//337 7616//337 7617//337
f 7621//337 7622//337 7614//337
f 7614//337 7622//337 7594//337
f 782//337 783//337 802//337
f 802//337 783//337 784//337
f 802//337 784//337 785//337
f 785//337 786//337 802//337
f 802//337 786//337 787//337
f 802//337 787//337 788//337
f 788//337 789//337 802//337
f 802//337 789//337 790//337
f 802//337 790//337 791//337
f 791//337 792//337 802//337
f 802//337 792//337 793//337
f 802//337 793//337 801//337
f 801//337 793//337 794//337
f 801//337 794//337 800//337
f 800//337 794//337 795//337
f 800//337 795//337 799//337
f 799//337 795//337 796//337
f 799//337 796//337 798//337
f 798//337 796//337 797//337
f 803//337 807//337 802//337
f 802//337 807//337 808//337
f 802//337 808//337 809//337
f 807//337 803//337 806//337
f 806//337 803//337 804//337
f 806//337 804//337 805//337
f 809//337 810//337 802//337
f 802//337 810//337 782//337
f 1830//337 1831//337 1850//337
f 1850//337 1831//337 1832//337
f 1850//337 1832//337 1833//337
f 1833//337 1834//337 1850//337
f 1850//337 1834//337 1835//337
f 1850//337 1835//337 1836//337
f 1836//337 1837//337 1850//337
f 1850//337 1837//337 1838//337
f 1850//337 1838//337 1839//337
f 1839//337 1840//337 1850//337
f 1850//337 1840//337 1841//337
f 1850//337 1841//337 1849//337
f 1849//337 1841//337 1842//337
f 1849//337 1842//337 1848//337
f 1848//337 1842//337 1843//337
f 1848//337 1843//337 1847//337
f 1847//337 1843//337 1844//337
f 1847//337 1844//337 1846//337
f 1846//337 1844//337 1845//337
f 1851//337 1855//337 1850//337
f 1850//337 1855//337 1856//337
f 1850//337 1856//337 1857//337
f 1855//337 1851//337 1854//337
f 1854//337 1851//337 1852//337
f 1854//337 1852//337 1853//337
f 1857//337 1858//337 1850//337
f 1850//337 1858//337 1830//337
f 3402//337 3403//337 3422//337
f 3422//337 3403//337 3404//337
f 3422//337 3404//337 3405//337
f 3405//337 3406//337 3422//337
f 3422//337 3406//337 3407//337
f 3422//337 3407//337 3408//337
f 3408//337 3409//337 3422//337
f 3422//337 3409//337 3410//337
f 3422//337 3410//337 3411//337
f 3411//337 3412//337 3422//337
f 3422//337 3412//337 3413//337
f 3422//337 3413//337 3421//337
f 3421//337 3413//337 3414//337
f 3421//337 3414//337 3420//337
f 3420//337 3414//337 3415//337
f 3420//337 3415//337 3419//337
f 3419//337 3415//337 3416//337
f 3419//337 3416//337 3418//337
f 3418//337 3416//337 3417//337
f 3423//337 3427//337 3422//337
f 3422//337 3427//337 3428//337
f 3422//337 3428//337 3429//337
f 3427//337 3423//337 3426//337
f 3426//337 3423//337 3424//337
f 3426//337 3424//337 3425//337
f 3429//337 3430//337 3422//337
f 3422//337 3430//337 3402//337
f 3926//337 3927//337 3946//337
f 3946//337 3927//337 3928//337
f 3946//337 3928//337 3929//337
f 3929//337 3930//337 3946//337
f 3946//337 3930//337 3931//337
f 3946//337 3931//337 3932//337
f 3932//337 3933//337 3946//337
f 3946//337 3933//337 3934//337
f 3946//337 3934//337 3935//337
f 3935//337 3936//337 3946//337
f 3946//337 3936//337 3937//337
f 3946//337 3937//337 3945//337
f 3945//337 3937//337 3938//337
f 3945//337 3938//337 3944//337
f 3944//337 3938//337 3939//337
f 3944//337 3939//337 3943//337
f 3943//337 3939//337 3940//337
f 3943//337 3940//337 3942//337
f 3942//337 3940//337 3941//337
f 3947//337 3951//337 3946//337
f 3946//337 3951//337 3952//337
f 3946//337 3952//337 3953//337
f 3951//337 3947//337 3950//337
f 3950//337 3947//337 3948//337
f 3950//337 3948//337 3949//337
f 3953//337 3954//337 3946//337
f 3946//337 3954//337 3926//337
f 4450//337 4451//337 4470//337
f 4470//337 4451//337 4452//337
f 4470//337 4452//337 4453//337
f 4453//337 4454//337 4470//337
f 4470//337 4454//337 4455//337
f 4470//337 4455//337 4456//337
f 4456//337 4457//337 4470//337
f 4470//337 4457//337 4458//337
f 4470//337 4458//337 4459//337
f 4459//337 4460//337 4470//337
f 4470//337 4460//337 4461//337
f 4470//337 4461//337 4469//337
f 4469//337 4461//337 4462//337
f 4469//337 4462//337 4468//337
f 4468//337 4462//337 4463//337
f 4468//337 4463//337 4467//337
f 4467//337 4463//337 4464//337
f 4467//337 4464//337 4466//337
f 4466//337 4464//337 4465//337
f 4471//337 4475//337 4470//337
f 4470//337 4475//337 4476//337
f 4470//337 4476//337 4477//337
f 4475//337 4471//337 4474//337
f 4474//337 4471//337 4472//337
f 4474//337 4472//337 4473//337
f 4477//337 4478//337 4470//337
f 4470//337 4478//337 4450//337
f 5498//337 5499//337 5518//337
f 5518//337 5499//337 5500//337
f 5518//337 5500//337 5501//337
f 5501//337 5502//337 5518//337
f 5518//337 5502//337 5503//337
f 5518//337 5503//337 5504//337
f 5504//337 5505//337 5518//337
f 5518//337 5505//337 5506//337
f 5518//337 5506//337 5507//337
f 5507//337 5508//337 5518//337
f 5518//337 5508//337 5509//337
f 5518//337 5509//337 5517//337
f 5517//337 5509//337 5510//337
f 5517//337 5510//337 5516//337
f 5516//337 5510//337 5511//337
f 5516//337 5511//337 5515//337
f 5515//337 5511//337 5512//337
f 5515//337 5512//337 5514//337
f 5514//337 5512//337 5513//337
f 5519//337 5523//337 5518//337
f 5518//337 5523//337 5524//337
f 5518//337 5524//337 5525//337
f 5523//337 5519//337 5522//337
f 5522//337 5519//337 5520//337
f 5522//337 5520//337 5521//337
f 5525//337 5526//337 5518//337
f 5518//337 5526//337 5498//337
f 6546//337 6547//337 6566//337
f 6566//337 6547//337 6548//337
f 6566//337 6548//337 6549//337
f 6549//337 6550//337 6566//337
f 6566//337 6550//337 6551//337
f 6566//337 6551//337 6552//337
f 6552//337 6553//337 6566//337
f 6566//337 6553//337 6554//337
f 6566//337 6554//337 6555//337
f 6555//337 6556//337 6566//337
f 6566//337 6556//337 6557//337
f 6566//337 6557//337 6565//337
f 6565//337 6557//337 6558//337
f 6565//337 6558//337 6564//337
f 6564//337 6558//337 6559//337
f 6564//337 6559//337 6563//337
f 6563//337 6559//337 6560//337
f 6563//337 6560//337 6562//337
f 6562//337 6560//337 6561//337
f 6567//337 6571//337 6566//337
f 6566//337 6571//337 6572//337
f 6566//337 6572//337 6573//337
f 6571//337 6567//337 6570//337
f 6570//337 6567//337 6568//337
f 6570//337 6568//337 6569//337
f 6573//337 6574//337 6566//337
f 6566//337 6574//337 6546//337
f 8761//984 8762//984 8763//984
f 8763//984 8762//984 8764//984
f 8763//985 8764//985 8765//985
f 8765//985 8764//985 8766//985
f 8765//986 8766//986 8767//986
f 8767//986 8766//986 8768//986
f 8767//987 8768//987 8769//987
f 8769//987 8768//987 8770//987
f 8769//988 8770//988 8771//988
f 8771//988 8770//988 8772//988
f 8771//989 8772//989 8773//989
f 8773//989 8772//989 8774//989
f 8773//990 8774//990 8775//990
f 8775//990 8774//990 8776//990
f 8775//991 8776//991 8777//991
f 8777//991 8776//991 8778//991
f 8777//992 8778//992 8779//992
f 8779//992 8778//992 8780//992
f 8779//993 8780//993 8781//993
f 8781//993 8780//993 8782//993
f 8781//994 8782//994 8783//994
f 8783//994 8782//994 8784//994
f 8783//995 8784//995 8785//995
f 8785//995 8784//995 8786//995
f 8785//996 8786//996 8787//996
f 8787//996 8786//996 8788//996
f 8787//997 8788//997 8789//997
f 8789//997 8788//997 8790//997
f 8789//998 8790//998 8791//998
f 8791//998 8790//998 8792//998
f 8791//999 8792//999 8793//999
f 8793//999 8792//999 8794//999
f 8793//1000 8794//1000 8795//1000
f 8795//1000 8794//1000 8796//1000
f 8795//1001 8796//1001 8797//1001
f 8797//1001 8796//1001 8798//1001
f 8797//1002 8798//1002 8799//1002
f 8799//1002 8798//1002 8800//1002
f 8799//1003 8800//1003 8801//1003
f 8801//1003 8800//1003 8802//1003
f 8801//1004 8802//1004 8803//1004
f 8803//1004 8802//1004 8804//1004
f 8803//1005 8804//1005 8805//1005
f 8805//1005 8804//1005 8806//1005
f 8805//1006 8806//1006 8807//1006
f 8807//1006 8806//1006 8808//1006
f 8807//1007 8808//1007 8809//1007
f 8809//1007 8808//1007 8810//1007
f 8809//1008 8810//1008 8811//1008
f 8811//1008 8810//1008 8812//1008
f 8811//1009 8812//1009 8813//1009
f 8813//1009 8812//1009 8814//1009
f 8813//1010 8814//1010 8815//1010
f 8815//1010 8814//1010 8816//1010
f 8815//1011 8816//1011 8817//1011
f 8817//1011 8816//1011 8818//1011
f 8817//1012 8818//1012 8819//1012
f 8819//1012 8818//1012 8820//1012
f 8819//1013 8820//1013 8821//1013
f 8821//1013 8820//1013 8822//1013
f 8821//1014 8822//1014 8823//1014
f 8823//1014 8822//1014 8824//1014
f 8823//1015 8824//1015 8825//1015
f 8825//1015 8824//1015 8826//1015
f 8825//1016 8826//1016 8827//1016
f 8827//1016 8826//1016 8828//1016
f 8827//1017 8828//1017 8829//1017
f 8829//1017 8828//1017 8830//1017
f 8829//1018 8830//1018 8831//1018
f 8831//1018 8830//1018 8832//1018
f 8831//1019 8832//1019 8761//1019
f 8761//1019 8832//1019 8762//1019
f 8833//1020 8834//1020 8835//1020
f 8835//1020 8834//1020 8836//1020
f 8835//1021 8836//1021 8837//1021
f 8837//1021 8836//1021 8838//1021
f 8837//1022 8838//1022 8839//1022
f 8839//1022 8838//1022 8840//1022
f 8839//940 8840//940 8841//940
f 8841//940 8840//940 8842//940
f 8841//1023 8842//1023 8843//1023
f 8843//1023 8842//1023 8844//1023
f 8843//1024 8844//1024 8845//1024
f 8845//1024 8844//1024 8846//1024
f 8845//1025 8846//1025 8847//1025
f 8847//1025 8846//1025 8848//1025
f 8847//1026 8848//1026 8849//1026
f 8849//1026 8848//1026 8850//1026
f 8849//1027 8850//1027 8851//1027
f 8851//1027 8850//1027 8852//1027
f 8851//1028 8852//1028 8853//1028
f 8853//1028 8852//1028 8854//1028
f 8853//1029 8854//1029 8855//1029
f 8855//1029 8854//1029 8856//1029
f 8855//1030 8856//1030 8857//1030
f 8857//1030 8856//1030 8858//1030
f 8857//1031 8858//1031 8859//1031
f 8859//1031 8858//1031 8860//1031
f 8859//1032 8860//1032 8861//1032
f 8861//1032 8860//1032 8862//1032
f 8861//1033 8862//1033 8863//1033
f 8863//1033 8862//1033 8864//1033
f 8863//1034 8864//1034 8865//1034
f 8865//1034 8864//1034 8866//1034
f 8865//1035 8866//1035 8867//1035
f 8867//1035 8866//1035 8868//1035
f 8867//1036 8868//1036 8869//1036
f 8869//1036 8868//1036 8870//1036
f 8869//967 8870//967 8871//967
f 8871//967 8870//967 8872//967
f 8871//1037 8872//1037 8873//1037
f 8873//1037 8872//1037 8874//1037
f 8873//1038 8874//1038 8875//1038
f 8875//1038 8874//1038 8876//1038
f 8875//1039 8876//1039 8877//1039
f 8877//1039 8876//1039 8878//1039
f 8877//1040 8878//1040 8879//1040
f 8879//1040 8878//1040 8880//1040
f 8879//976 8880//976 8881//976
f 8881//976 8880//976 8882//976
f 8881//1041 8882//1041 8883//1041
f 8883//1041 8882//1041 8884//1041
f 8883//1042 8884//1042 8885//1042
f 8885//1042 8884//1042 8886//1042
f 8885//1043 8886//1043 8887//1043
f 8887//1043 8886//1043 8888//1043
f 8887//1044 8888//1044 8889//1044
f 8889//1044 8888//1044 8890//1044
f 8889//1045 8890//1045 8891//1045
f 8891//1045 8890//1045 8892//1045
f 8891//1046 8892//1046 8893//1046
f 8893//1046 8892//1046 8894//1046
f 8893//1047 8894//1047 8895//1047
f 8895//1047 8894//1047 8896//1047
f 8895//1048 8896//1048 8897//1048
f 8897//1048 8896//1048 8898//1048
f 8897//1049 8898//1049 8899//1049
f 8899//1049 8898//1049 8900//1049
f 8899//1050 8900//1050 8901//1050
f 8901//1050 8900//1050 8902//1050
f 8901//1051 8902//1051 8903//1051
f 8903//1051 8902//1051 8904//1051
f 8903//1052 8904//1052 8905//1052
f 8905//1052 8904//1052 8906//1052
f 8905//1053 8906//1053 8907//1053
f 8907//1053 8906//1053 8908//1053
f 8907//1054 8908//1054 8909//1054
f 8909//1054 8908//1054 8910//1054
f 8909//956 8910//956 8911//956
f 8911//956 8910//956 8912//956
f 8911//1055 8912//1055 8833//1055
f 8833//1055 8912//1055 8834//1055
f 8765//1056 8833//1056 8763//1056
f 8763//1056 8833//1056 8835//1056
f 8763//1056 8835//1056 8837//1056
f 8833//1056 8765//1056 8911//1056
f 8911//1056 8765//1056 8767//1056
f 8911//1056 8767//1056 8909//1056
f 8909//1056 8767//1056 8769//1056
f 8909//1056 8769//1056 8907//1056
f 8907//1056 8769//1056 8771//1056
f 8907//1056 8771//1056 8905//1056
f 8905//1056 8771//1056 8773//1056
f 8905//1056 8773//1056 8903//1056
f 8903//1056 8773//1056 8775//1056
f 8903//1056 8775//1056 8901//1056
f 8901//1056 8775//1056 8777//1056
f 8901//1056 8777//1056 8899//1056
f 8899//1056 8777//1056 8779//1056
f 8899//1056 8779//1056 8897//1056
f 8897//1056 8779//1056 8781//1056
f 8897//1056 8781//1056 8895//1056
f 8895//1056 8781//1056 8893//1056
f 8893//1056 8781//1056 8783//1056
f 8893//1056 8783//1056 8891//1056
f 8891//1056 8783//1056 8785//1056
f 8891//1056 8785//1056 8889//1056
f 8889//1056 8785//1056 8787//1056
f 8889//1056 8787//1056 8887//1056
f 8887//1056 8787//1056 8789//1056
f 8887//1056 8789//1056 8885//1056
f 8885//1056 8789//1056 8791//1056
f 8885//1056 8791//1056 8883//1056
f 8883//1056 8791//1056 8793//1056
f 8883//1056 8793//1056 8881//1056
f 8881//1056 8793//1056 8795//1056
f 8881//1056 8795//1056 8879//1056
f 8879//1056 8795//1056 8797//1056
f 8879//1056 8797//1056 8877//1056
f 8877//1056 8797//1056 8799//1056
f 8877//1056 8799//1056 8875//1056
f 8875//1056 8799//1056 8873//1056
f 8873//1056 8799//1056 8801//1056
f 8873//1056 8801//1056 8871//1056
f 8871//1056 8801//1056 8803//1056
f 8871//1056 8803//1056 8869//1056
f 8869//1056 8803//1056 8805//1056
f 8869//1056 8805//1056 8867//1056
f 8867//1056 8805//1056 8807//1056
f 8867//1056 8807//1056 8865//1056
f 8865//1056 8807//1056 8809//1056
f 8865//1056 8809//1056 8863//1056
f 8863//1056 8809//1056 8811//1056
f 8863//1056 8811//1056 8861//1056
f 8861//1056 8811//1056 8813//1056
f 8861//1056 8813//1056 8859//1056
f 8859//1056 8813//1056 8815//1056
f 8859//1056 8815//1056 8857//1056
f 8857//1056 8815//1056 8817//1056
f 8857//1056 8817//1056 8855//1056
f 8855//1056 8817//1056 8853//1056
f 8853//1056 8817//1056 8819//1056
f 8853//1056 8819//1056 8851//1056
f 8851//1056 8819//1056 8821//1056
f 8851//1056 8821//1056 8849//1056
f 8849//1056 8821//1056 8823//1056
f 8849//1056 8823//1056 8847//1056
f 8847//1056 8823//1056 8825//1056
f 8847//1056 8825//1056 8845//1056
f 8845//1056 8825//1056 8827//1056
f 8845//1056 8827//1056 8843//1056
f 8843//1056 8827//1056 8829//1056
f 8843//1056 8829//1056 8841//1056
f 8841//1056 8829//1056 8831//1056
f 8841//1056 8831//1056 8839//1056
f 8839//1056 8831//1056 8761//1056
f 8839//1056 8761//1056 8837//1056
f 8837//1056 8761//1056 8763//1056
f 8913//1056 8914//1056 8915//1056
f 8915//1056 8914//1056 8916//1056
f 8915//1056 8916//1056 8917//1056
f 8917//1056 8916//1056 8918//1056
f 8917//1056 8918//1056 8919//1056
f 8920//1056 8838//1056 8913//1056
f 8913//1056 8838//1056 8921//1056
f 8913//1056 8921//1056 8914//1056
f 8838//1056 8920//1056 8840//1056
f 8840//1056 8920//1056 8922//1056
f 8840//1056 8922//1056 8842//1056
f 8842//1056 8922//1056 8923//1056
f 8842//1056 8923//1056 8844//1056
f 8844//1056 8923//1056 8924//1056
f 8844//1056 8924//1056 8846//1056
f 8846//1056 8924//1056 8925//1056
f 8846//1056 8925//1056 8848//1056
f 8848//1056 8925//1056 8926//1056
f 8848//1056 8926//1056 8850//1056
f 8850//1056 8926//1056 8927//1056
f 8850//1056 8927//1056 8852//1056
f 8852//1056 8927//1056 8928//1056
f 8852//1056 8928//1056 8854//1056
f 8854//1056 8928//1056 8929//1056
f 8854//1056 8929//1056 8856//1056
f 8856//1056 8929//1056 8930//1056
f 8856//1056 8930//1056 8858//1056
f 8858//1056 8930//1056 8931//1056
f 8858//1056 8931//1056 8860//1056
f 8860//1056 8931//1056 8932//1056
f 8860//1056 8932//1056 8862//1056
f 8862//1056 8932//1056 8933//1056
f 8862//1056 8933//1056 8864//1056
f 8864//1056 8933//1056 8934//1056
f 8864//1056 8934//1056 8866//1056
f 8866//1056 8934//1056 8935//1056
f 8866//1056 8935//1056 8868//1056
f 8868//1056 8935//1056 8936//1056
f 8868//1056 8936//1056 8870//1056
f 8870//1056 8936//1056 8937//1056
f 8870//1056 8937//1056 8872//1056
f 8872//1056 8937//1056 8938//1056
f 8872//1056 8938//1056 8874//1056
f 8874//1056 8938//1056 8939//1056
f 8874//1056 8939//1056 8876//1056
f 8876//1056 8939//1056 8940//1056
f 8876//1056 8940//1056 8878//1056
f 8878//1056 8940//1056 8941//1056
f 8878//1056 8941//1056 8880//1056
f 8880//1056 8941//1056 8882//1056
f 8882//1056 8941//1056 8884//1056
f 8884//1056 8941//1056 8886//1056
f 8886//1056 8941//1056 8942//1056
f 8886//1056 8942//1056 8888//1056
f 8888//1056 8942//1056 8890//1056
f 8890//1056 8942//1056 8892//1056
f 8892//1056 8942//1056 8894//1056
f 8894//1056 8942//1056 8896//1056
f 8896//1056 8942//1056 8943//1056
f 8896//1056 8943//1056 8898//1056
f 8898//1056 8943//1056 8900//1056
f 8900//1056 8943//1056 8902//1056
f 8902//1056 8943//1056 8904//1056
f 8904//1056 8943//1056 8906//1056
f 8906//1056 8943//1056 8944//1056
f 8906//1056 8944//1056 8908//1056
f 8908//1056 8944//1056 8910//1056
f 8910//1056 8944//1056 8912//1056
f 8912//1056 8944//1056 8834//1056
f 8834//1056 8944//1056 8945//1056
f 8834//1056 8945//1056 8836//1056
f 8836//1056 8945//1056 8921//1056
f 8836//1056 8921//1056 8838//1056
f 8939//1056 8938//1056 8946//1056
f 8946//1056 8938//1056 8947//1056
f 8946//1056 8947//1056 8948//1056
f 8948//1056 8947//1056 8949//1056
f 8948//1056 8949//1056 8950//1056
f 8950//1056 8949//1056 8951//1056
f 8950//1056 8951//1056 8952//1056
f 8952//1056 8951//1056 8953//1056
f 8952//1056 8953//1056 8954//1056
f 8954//1056 8953//1056 8955//1056
f 8954//1056 8955//1056 8956//1056
f 8956//1056 8955//1056 8957//1056
f 8956//1056 8957//1056 8958//1056
f 8958//1056 8957//1056 8959//1056
f 8958//1056 8959//1056 8960//1056
f 8960//1056 8959//1056 8961//1056
f 8960//1056 8961//1056 8962//1056
f 8962//1056 8961//1056 8963//1056
f 8962//1056 8963//1056 8964//1056
f 8964//1056 8963//1056 8965//1056
f 8964//1056 8965//1056 8966//1056
f 8966//1056 8965//1056 8967//1056
f 8966//1056 8967//1056 8968//1056
f 8968//1056 8967//1056 8969//1056
f 8968//1056 8969//1056 8970//1056
f 8970//1056 8969//1056 8971//1056
f 8970//1056 8971//1056 8972//1056
f 8972//1056 8971//1056 8973//1056
f 8972//1056 8973//1056 8974//1056
f 8974//1056 8973//1056 8975//1056
f 8974//1056 8975//1056 8976//1056
f 8976//1056 8975//1056 8977//1056
f 8976//1056 8977//1056 8978//1056
f 8978//1056 8977//1056 8979//1056
f 8978//1056 8979//1056 8980//1056
f 8980//1056 8979//1056 8981//1056
f 8980//1056 8981//1056 8982//1056
f 8982//1056 8981//1056 8983//1056
f 8982//1056 8983//1056 8919//1056
f 8919//1056 8983//1056 8917//1056
f 8984//1056 8985//1056 8986//1056
f 8986//1056 8985//1056 8987//1056
f 8986//1056 8987//1056 8988//1056
f 8988//1056 8987//1056 8989//1056
f 8988//1056 8989//1056 8990//1056
f 8991//1056 8992//1056 8984//1056
f 8984//1056 8992//1056 8993//1056
f 8984//1056 8993//1056 8985//1056
f 8992//1056 8991//1056 8994//1056
f 8994//1056 8991//1056 8995//1056
f 8994//1056 8995//1056 8996//1056
f 8996//1056 8995//1056 8997//1056
f 8996//1056 8997//1056 8998//1056
f 8998//1056 8997//1056 8999//1056
f 8998//1056 8999//1056 9000//1056
f 9000//1056 8999//1056 9001//1056
f 9000//1056 9001//1056 9002//1056
f 9002//1056 9001//1056 9003//1056
f 9002//1056 9003//1056 9004//1056
f 9004//1056 9003//1056 9005//1056
f 9004//1056 9005//1056 9006//1056
f 9006//1056 9005//1056 9007//1056
f 9006//1056 9007//1056 9008//1056
f 9008//1056 9007//1056 9009//1056
f 9008//1056 9009//1056 9010//1056
f 9010//1056 9009//1056 9011//1056
f 9010//1056 9011//1056 9012//1056
f 9012//1056 9011//1056 9013//1056
f 9012//1056 9013//1056 9014//1056
f 9014//1056 9013//1056 9015//1056
f 9014//1056 9015//1056 9016//1056
f 9016//1056 9015//1056 9017//1056
f 9016//1056 9017//1056 9018//1056
f 9018//1056 9017//1056 9019//1056
f 9018//1056 9019//1056 9020//1056
f 9020//1056 9019//1056 9021//1056
f 9020//1056 9021//1056 9022//1056
f 9022//1056 9021//1056 9023//1056
f 9022//1056 9023//1056 9024//1056
f 9024//1056 9023//1056 9025//1056
f 9024//1056 9025//1056 9026//1056
f 9026//1056 9025//1056 9027//1056
f 9026//1056 9027//1056 9028//1056
f 9028//1056 9027//1056 9029//1056
f 9028//1056 9029//1056 9030//1056
f 9030//1056 9029//1056 9031//1056
f 9030//1056 9031//1056 8950//1056
f 8950//1056 9031//1056 8948//1056
f 9029//1056 9027//1056 9032//1056
f 9032//1056 9027//1056 9033//1056
f 9032//1056 9033//1056 9034//1056
f 9034//1056 9033//1056 9035//1056
f 9034//1056 9035//1056 9036//1056
f 9036//1056 9035//1056 9037//1056
f 9036//1056 9037//1056 9038//1056
f 9038//1056 9037//1056 9039//1056
f 9038//1056 9039//1056 9040//1056
f 9040//1056 9039//1056 9041//1056
f 9040//1056 9041//1056 9042//1056
f 9042//1056 9041//1056 9043//1056
f 9042//1056 9043//1056 9044//1056
f 9044//1056 9043//1056 9045//1056
f 9044//1056 9045//1056 9046//1056
f 9046//1056 9045//1056 9047//1056
f 9046//1056 9047//1056 9048//1056
f 9048//1056 9047//1056 9049//1056
f 9048//1056 9049//1056 9050//1056
f 9050//1056 9049//1056 9051//1056
f 9050//1056 9051//1056 9052//1056
f 9052//1056 9051//1056 9053//1056
f 9052//1056 9053//1056 9054//1056
f 9054//1056 9053//1056 9055//1056
f 9054//1056 9055//1056 9056//1056
f 9056//1056 9055//1056 9057//1056
f 9056//1056 9057//1056 9058//1056
f 9058//1056 9057//1056 9059//1056
f 9058//1056 9059//1056 9060//1056
f 9060//1056 9059//1056 9061//1056
f 9060//1056 9061//1056 9062//1056
f 9062//1056 9061//1056 9063//1056
f 9062//1056 9063//1056 9064//1056
f 9064//1056 9063//1056 9065//1056
f 9064//1056 9065//1056 9066//1056
f 9066//1056 9065//1056 9067//1056
f 9066//1056 9067//1056 9068//1056
f 9068//1056 9067//1056 9069//1056
f 9068//1056 9069//1056 8990//1056
f 8990//1056 9069//1056 8988//1056
f 9070//1056 9071//1056 9072//1056
f 9072//1056 9071//1056 9073//1056
f 9072//1056 9073//1056 9074//1056
f 9074//1056 9073//1056 9075//1056
f 9074//1056 9075//1056 9076//1056
f 9077//1056 9078//1056 9070//1056
f 9070//1056 9078//1056 9079//1056
f 9070//1056 9079//1056 9071//1056
f 9078//1056 9077//1056 9080//1056
f 9080//1056 9077//1056 9081//1056
f 9080//1056 9081//1056 9082//1056
f 9082//1056 9081//1056 9083//1056
f 9082//1056 9083//1056 9084//1056
f 9084//1056 9083//1056 9085//1056
f 9084//1056 9085//1056 9086//1056
f 9086//1056 9085//1056 9087//1056
f 9086//1056 9087//1056 9088//1056
f 9088//1056 9087//1056 9089//1056
f 9088//1056 9089//1056 9090//1056
f 9090//1056 9089//1056 9091//1056
f 9090//1056 9091//1056 9092//1056
f 9092//1056 9091//1056 9093//1056
f 9092//1056 9093//1056 9094//1056
f 9094//1056 9093//1056 9095//1056
f 9094//1056 9095//1056 9096//1056
f 9096//1056 9095//1056 9097//1056
f 9096//1056 9097//1056 9098//1056
f 9098//1056 9097//1056 9099//1056
f 9098//1056 9099//1056 9100//1056
f 9100//1056 9099//1056 9101//1056
f 9100//1056 9101//1056 9102//1056
f 9102//1056 9101//1056 9103//1056
f 9102//1056 9103//1056 9104//1056
f 9104//1056 9103//1056 9105//1056
f 9104//1056 9105//1056 9106//1056
f 9106//1056 9105//1056 9107//1056
f 9107//1056 9105//1056 9108//1056
f 9107//1056 9108//1056 9109//1056
f 9109//1056 9108//1056 9110//1056
f 9109//1056 9110//1056 9111//1056
f 9111//1056 9110//1056 9112//1056
f 9111//1056 9112//1056 9113//1056
f 9114//1056 9115//1056 9113//1056
f 9113//1056 9115//1056 9116//1056
f 9113//1056 9116//1056 9117//1056
f 9117//1056 9116//1056 9118//1056
f 9118//1056 9116//1056 9119//1056
f 9118//1056 9119//1056 9036//1056
f 9036//1056 9119//1056 9034//1056
f 9115//1056 9114//1056 9120//1056
f 9120//1056 9114//1056 9121//1056
f 9120//1056 9121//1056 9122//1056
f 9122//1056 9121//1056 9123//1056
f 9122//1056 9123//1056 9124//1056
f 9124//1056 9123//1056 9125//1056
f 9124//1056 9125//1056 9126//1056
f 9126//1056 9125//1056 9127//1056
f 9126//1056 9127//1056 9128//1056
f 9128//1056 9127//1056 9129//1056
f 9128//1056 9129//1056 9130//1056
f 9130//1056 9129//1056 9131//1056
f 9130//1056 9131//1056 9132//1056
f 9132//1056 9131//1056 9133//1056
f 9132//1056 9133//1056 9134//1056
f 9134//1056 9133//1056 9135//1056
f 9134//1056 9135//1056 9136//1056
f 9136//1056 9135//1056 9137//1056
f 9136//1056 9137//1056 9138//1056
f 9138//1056 9137//1056 9139//1056
f 9138//1056 9139//1056 9140//1056
f 9140//1056 9139//1056 9141//1056
f 9140//1056 9141//1056 9142//1056
f 9142//1056 9141//1056 9143//1056
f 9142//1056 9143//1056 9144//1056
f 9144//1056 9143//1056 9145//1056
f 9144//1056 9145//1056 9146//1056
f 9146//1056 9145//1056 9147//1056
f 9146//1056 9147//1056 9148//1056
f 9148//1056 9147//1056 9149//1056
f 9148//1056 9149//1056 9150//1056
f 9150//1056 9149//1056 9151//1056
f 9150//1056 9151//1056 9152//1056
f 9152//1056 9151//1056 9153//1056
f 9152//1056 9153//1056 9154//1056
f 9154//1056 9153//1056 9155//1056
f 9154//1056 9155//1056 9076//1056
f 9076//1056 9155//1056 9074//1056
f 9156//1056 9157//1056 9158//1056
f 9158//1056 9157//1056 8940//1056
f 9158//1056 8940//1056 9159//1056
f 9159//1056 8940//1056 8939//1056
f 9159//1056 8939//1056 9160//1056
f 9161//1056 9162//1056 8945//1056
f 8945//1056 9162//1056 9163//1056
f 8945//1056 9163//1056 8921//1056
f 8921//1056 9163//1056 9164//1056
f 8921//1056 9164//1056 9165//1056
f 9161//1056 9166//1056 9162//1056
f 9162//1056 9166//1056 9167//1056
f 8914//1056 9168//1056 8916//1056
f 8916//1056 9168//1056 9169//1056
f 8916//1056 9170//1056 8918//1056
f 8918//1056 9170//1056 9171//1056
f 9171//1056 9170//1056 8993//1056
f 9171//1056 8993//1056 8992//1056
f 9170//1056 9172//1056 8993//1056
f 8993//1056 9172//1056 9173//1056
f 8985//1056 9174//1056 8987//1056
f 8987//1056 9174//1056 9175//1056
f 8987//1056 9176//1056 8989//1056
f 8989//1056 9176//1056 9177//1056
f 9177//1056 9176//1056 9079//1056
f 9177//1056 9079//1056 9078//1056
f 9176//1056 9178//1056 9079//1056
f 9079//1056 9178//1056 9179//1056
f 9071//1056 9180//1056 9073//1056
f 9073//1056 9180//1056 9181//1056
f 9073//1056 9182//1056 9075//1056
f 9075//1056 9182//1056 9183//1056
f 9183//1056 9182//1056 9184//1056
f 9183//1056 9184//1056 9185//1056
f 9185//1056 9184//1056 9186//1056
f 9185//1056 9186//1056 9187//1056
f 9187//1056 9186//1056 9188//1056
f 9188//1056 9186//1056 9189//1056
f 9189//1056 9186//1056 9190//1056
f 9190//1056 9186//1056 9191//1056
f 9190//1056 9191//1056 9192//1056
f 9192//1056 9191//1056 9193//1056
f 9193//1056 9191//1056 9194//1056
f 9194//1056 9191//1056 9195//1056
f 9195//1056 9191//1056 9196//1056
f 9196//1056 9191//1056 9197//1056
f 9196//1056 9197//1056 9198//1056
f 9198//1056 9197//1056 9199//1056
f 9199//1056 9197//1056 9200//1056
f 9200//1056 9197//1056 9201//1056
f 9201//1056 9197//1056 9202//1056
f 9202//1056 9197//1056 9203//1056
f 9202//1056 9203//1056 9204//1056
f 9204//1056 9203//1056 9205//1056
f 9205//1056 9203//1056 9206//1056
f 9206//1056 9203//1056 9207//1056
f 9207//1056 9203//1056 9208//1056
f 9207//1056 9208//1056 9209//1056
f 9209//1056 9208//1056 9210//1056
f 9209//1056 9210//1056 9122//1056
f 9122//1056 9210//1056 9120//1056
f 9184//1056 9182//1056 9211//1056
f 9211//1056 9182//1056 9212//1056
f 9211//1056 9212//1056 9213//1056
f 9211//1056 9214//1056 9184//1056
f 9184//1056 9214//1056 9215//1056
f 9215//1056 9214//1056 9216//1056
f 9216//1056 9214//1056 9217//1056
f 9218//1056 9219//1056 9208//1056
f 9208//1056 9219//1056 9220//1056
f 9208//1056 9220//1056 9210//1056
f 9210//1056 9220//1056 9221//1056
f 9210//1056 9221//1056 9222//1056
f 9218//1056 9223//1056 9219//1056
f 9219//1056 9223//1056 9224//1056
f 9120//1056 9225//1056 9115//1056
f 9115//1056 9225//1056 9226//1056
f 9116//1056 9227//1056 9119//1056
f 9119//1056 9227//1056 9228//1056
f 9034//1056 9229//1056 9032//1056
f 9032//1056 9229//1056 9230//1056
f 9029//1056 9231//1056 9031//1056
f 9031//1056 9231//1056 9232//1056
f 8948//1056 9233//1056 8946//1056
f 8946//1056 9233//1056 9234//1056
f 9160//1056 9235//1056 9159//1056
f 9158//1056 9236//1056 9156//1056
f 9117//1056 9111//1056 9113//1056
f 9237//984 9238//984 9239//984
f 9239//984 9238//984 9240//984
f 9239//985 9240//985 9241//985
f 9241//985 9240//985 9242//985
f 9241//986 9242//986 9243//986
f 9243//986 9242//986 9244//986
f 9243//987 9244//987 9245//987
f 9245//987 9244//987 9246//987
f 9245//988 9246//988 9247//988
f 9247//988 9246//988 9248//988
f 9247//989 9248//989 9249//989
f 9249//989 9248//989 9250//989
f 9249//990 9250//990 9251//990
f 9251//990 9250//990 9252//990
f 9251//991 9252//991 9253//991
f 9253//991 9252//991 9254//991
f 9253//992 9254//992 9255//992
f 9255//992 9254//992 9256//992
f 9255//993 9256//993 9257//993
f 9257//993 9256//993 9258//993
f 9257//994 9258//994 9259//994
f 9259//994 9258//994 9260//994
f 9259//995 9260//995 9261//995
f 9261//995 9260//995 9262//995
f 9261//996 9262//996 9263//996
f 9263//996 9262//996 9264//996
f 9263//997 9264//997 9265//997
f 9265//997 9264//997 9266//997
f 9265//998 9266//998 9267//998
f 9267//998 9266//998 9268//998
f 9267//999 9268//999 9269//999
f 9269//999 9268//999 9270//999
f 9269//1000 9270//1000 9271//1000
f 9271//1000 9270//1000 9272//1000
f 9271//1001 9272//1001 9273//1001
f 9273//1001 9272//1001 9274//1001
f 9273//1002 9274//1002 9275//1002
f 9275//1002 9274//1002 9276//1002
f 9275//1003 9276//1003 9277//1003
f 9277//1003 9276//1003 9278//1003
f 9277//1004 9278//1004 9279//1004
f 9279//1004 9278//1004 9280//1004
f 9279//1005 9280//1005 9281//1005
f 9281//1005 9280//1005 9282//1005
f 9281//1006 9282//1006 9283//1006
f 9283//1006 9282//1006 9284//1006
f 9283//1007 9284//1007 9285//1007
f 9285//1007 9284//1007 9286//1007
f 9285//1008 9286//1008 9287//1008
f 9287//1008 9286//1008 9288//1008
f 9287//1009 9288//1009 9289//1009
f 9289//1009 9288//1009 9290//1009
f 9289//1010 9290//1010 9291//1010
f 9291//1010 9290//1010 9292//1010
f 9291//1057 9292//1057 9293//1057
f 9293//1057 9292//1057 9294//1057
f 9293//1058 9294//1058 9295//1058
f 9295//1058 9294//1058 9296//1058
f 9295//1013 9296//1013 9297//1013
f 9297//1013 9296//1013 9298//1013
f 9297//1014 9298//1014 9299//1014
f 9299//1014 9298//1014 9300//1014
f 9299//1015 9300//1015 9301//1015
f 9301//1015 9300//1015 9302//1015
f 9301//1016 9302//1016 9303//1016
f 9303//1016 9302//1016 9304//1016
f 9303//1017 9304//1017 9305//1017
f 9305//1017 9304//1017 9306//1017
f 9305//1018 9306//1018 9307//1018
f 9307//1018 9306//1018 9308//1018
f 9307//1019 9308//1019 9237//1019
f 9237//1019 9308//1019 9238//1019
f 9309//1020 8913//1020 9310//1020
f 9310//1020 8913//1020 8915//1020
f 9310//1021 8915//1021 9311//1021
f 9311//1021 8915//1021 8917//1021
f 9311//1022 8917//1022 9312//1022
f 9312//1022 8917//1022 8983//1022
f 9312//940 8983//940 9313//940
f 9313//940 8983//940 8981//940
f 9313//1023 8981//1023 9314//1023
f 9314//1023 8981//1023 8979//1023
f 9314//1024 8979//1024 9315//1024
f 9315//1024 8979//1024 8977//1024
f 9315//1025 8977//1025 9316//1025
f 9316//1025 8977//1025 8975//1025
f 9316//1026 8975//1026 9317//1026
f 9317//1026 8975//1026 8973//1026
f 9317//1027 8973//1027 9318//1027
f 9318//1027 8973//1027 8971//1027
f 9318//1028 8971//1028 9319//1028
f 9319//1028 8971//1028 8969//1028
f 9319//1029 8969//1029 9320//1029
f 9320//1029 8969//1029 8967//1029
f 9320//1030 8967//1030 9321//1030
f 9321//1030 8967//1030 8965//1030
f 9321//1031 8965//1031 9322//1031
f 9322//1031 8965//1031 8963//1031
f 9322//1032 8963//1032 9323//1032
f 9323//1032 8963//1032 8961//1032
f 9323//1033 8961//1033 9324//1033
f 9324//1033 8961//1033 8959//1033
f 9324//1034 8959//1034 9325//1034
f 9325//1034 8959//1034 8957//1034
f 9325//1035 8957//1035 9326//1035
f 9326//1035 8957//1035 8955//1035
f 9326//1036 8955//1036 9327//1036
f 9327//1036 8955//1036 8953//1036
f 9327//967 8953//967 9328//967
f 9328//967 8953//967 8951//967
f 9328//1037 8951//1037 9329//1037
f 9329//1037 8951//1037 8949//1037
f 9329//1038 8949//1038 9330//1038
f 9330//1038 8949//1038 8947//1038
f 9330//1039 8947//1039 9331//1039
f 9331//1039 8947//1039 8938//1039
f 9331//1040 8938//1040 9332//1040
f 9332//1040 8938//1040 8937//1040
f 9332//976 8937//976 9333//976
f 9333//976 8937//976 8936//976
f 9333//1041 8936//1041 9334//1041
f 9334//1041 8936//1041 8935//1041
f 9334//1042 8935//1042 9335//1042
f 9335//1042 8935//1042 8934//1042
f 9335//1043 8934//1043 9336//1043
f 9336//1043 8934//1043 8933//1043
f 9336//1044 8933//1044 9337//1044
f 9337//1044 8933//1044 8932//1044
f 9337//1045 8932//1045 9338//1045
f 9338//1045 8932//1045 8931//1045
f 9338//1046 8931//1046 9339//1046
f 9339//1046 8931//1046 8930//1046
f 9339//1047 8930//1047 9340//1047
f 9340//1047 8930//1047 8929//1047
f 9340//1048 8929//1048 9341//1048
f 9341//1048 8929//1048 8928//1048
f 9341//1049 8928//1049 9342//1049
f 9342//1049 8928//1049 8927//1049
f 9342//1050 8927//1050 9343//1050
f 9343//1050 8927//1050 8926//1050
f 9343//1051 8926//1051 9344//1051
f 9344//1051 8926//1051 8925//1051
f 9344//1052 8925//1052 9345//1052
f 9345//1052 8925//1052 8924//1052
f 9345//1053 8924//1053 9346//1053
f 9346//1053 8924//1053 8923//1053
f 9346//1054 8923//1054 9347//1054
f 9347//1054 8923//1054 8922//1054
f 9347//956 8922//956 9348//956
f 9348//956 8922//956 8920//956
f 9348//1055 8920//1055 9309//1055
f 9309//1055 8920//1055 8913//1055
f 9241//1056 9309//1056 9239//1056
f 9239//1056 9309//1056 9310//1056
f 9239//1056 9310//1056 9311//1056
f 9309//1056 9241//1056 9348//1056
f 9348//1056 9241//1056 9243//1056
f 9348//1056 9243//1056 9347//1056
f 9347//1056 9243//1056 9245//1056
f 9347//1056 9245//1056 9346//1056
f 9346//1056 9245//1056 9247//1056
f 9346//1056 9247//1056 9345//1056
f 9345//1056 9247//1056 9249//1056
f 9345//1056 9249//1056 9344//1056
f 9344//1056 9249//1056 9251//1056
f 9344//1056 9251//1056 9343//1056
f 9343//1056 9251//1056 9253//1056
f 9343//1056 9253//1056 9342//1056
f 9342//1056 9253//1056 9255//1056
f 9342//1056 9255//1056 9341//1056
f 9341//1056 9255//1056 9257//1056
f 9341//1056 9257//1056 9340//1056
f 9340//1056 9257//1056 9339//1056
f 9339//1056 9257//1056 9259//1056
f 9339//1056 9259//1056 9338//1056
f 9338//1056 9259//1056 9261//1056
f 9338//1056 9261//1056 9337//1056
f 9337//1056 9261//1056 9263//1056
f 9337//1056 9263//1056 9336//1056
f 9336//1056 9263//1056 9265//1056
f 9336//1056 9265//1056 9335//1056
f 9335//1056 9265//1056 9267//1056
f 9335//1056 9267//1056 9334//1056
f 9334//1056 9267//1056 9269//1056
f 9334//1056 9269//1056 9333//1056
f 9333//1056 9269//1056 9271//1056
f 9333//1056 9271//1056 9332//1056
f 9332//1056 9271//1056 9273//1056
f 9332//1056 9273//1056 9331//1056
f 9331//1056 9273//1056 9275//1056
f 9331//1056 9275//1056 9330//1056
f 9330//1056 9275//1056 9329//1056
f 9329//1056 9275//1056 9277//1056
f 9329//1056 9277//1056 9328//1056
f 9328//1056 9277//1056 9279//1056
f 9328//1056 9279//1056 9327//1056
f 9327//1056 9279//1056 9281//1056
f 9327//1056 9281//1056 9326//1056
f 9326//1056 9281//1056 9283//1056
f 9326//1056 9283//1056 9325//1056
f 9325//1056 9283//1056 9285//1056
f 9325//1056 9285//1056 9324//1056
f 9324//1056 9285//1056 9287//1056
f 9324//1056 9287//1056 9323//1056
f 9323//1056 9287//1056 9289//1056
f 9323//1056 9289//1056 9322//1056
f 9322//1056 9289//1056 9291//1056
f 9322//1056 9291//1056 9321//1056
f 9321//1056 9291//1056 9293//1056
f 9321//1056 9293//1056 9320//1056
f 9320//1056 9293//1056 9319//1056
f 9319//1056 9293//1056 9295//1056
f 9319//1056 9295//1056 9318//1056
f 9318//1056 9295//1056 9297//1056
f 9318//1056 9297//1056 9317//1056
f 9317//1056 9297//1056 9299//1056
f 9317//1056 9299//1056 9316//1056
f 9316//1056 9299//1056 9301//1056
f 9316//1056 9301//1056 9315//1056
f 9315//1056 9301//1056 9303//1056
f 9315//1056 9303//1056 9314//1056
f 9314//1056 9303//1056 9305//1056
f 9314//1056 9305//1056 9313//1056
f 9313//1056 9305//1056 9307//1056
f 9313//1056 9307//1056 9312//1056
f 9312//1056 9307//1056 9237//1056
f 9312//1056 9237//1056 9311//1056
f 9311//1056 9237//1056 9239//1056
f 8762//1056 8802//1056 8764//1056
f 8764//1056 8802//1056 8800//1056
f 8764//1056 8800//1056 8766//1056
f 8766//1056 8800//1056 8798//1056
f 8766//1056 8798//1056 8768//1056
f 8768//1056 8798//1056 8796//1056
f 8768//1056 8796//1056 8770//1056
f 8770//1056 8796//1056 8794//1056
f 8770//1056 8794//1056 8772//1056
f 8772//1056 8794//1056 8792//1056
f 8772//1056 8792//1056 8774//1056
f 8774//1056 8792//1056 8790//1056
f 8774//1056 8790//1056 8776//1056
f 8776//1056 8790//1056 8788//1056
f 8776//1056 8788//1056 8778//1056
f 8778//1056 8788//1056 8786//1056
f 8778//1056 8786//1056 8780//1056
f 8780//1056 8786//1056 8784//1056
f 8780//1056 8784//1056 8782//1056
f 8802//1056 8762//1056 8804//1056
f 8804//1056 8762//1056 8832//1056
f 8804//1056 8832//1056 8806//1056
f 8806//1056 8832//1056 8830//1056
f 8806//1056 8830//1056 8808//1056
f 8808//1056 8830//1056 8828//1056
f 8808//1056 8828//1056 8810//1056
f 8810//1056 8828//1056 8826//1056
f 8810//1056 8826//1056 8812//1056
f 8812//1056 8826//1056 8824//1056
f 8812//1056 8824//1056 8814//1056
f 8814//1056 8824//1056 8822//1056
f 8814//1056 8822//1056 8816//1056
f 8816//1056 8822//1056 8820//1056
f 8816//1056 8820//1056 8818//1056
f 9349//984 9350//984 9351//984
f 9351//984 9350//984 9352//984
f 9351//985 9352//985 9353//985
f 9353//985 9352//985 9354//985
f 9353//986 9354//986 9355//986
f 9355//986 9354//986 9356//986
f 9355//987 9356//987 9357//987
f 9357//987 9356//987 9358//987
f 9357//988 9358//988 9359//988
f 9359//988 9358//988 9360//988
f 9359//989 9360//989 9361//989
f 9361//989 9360//989 9362//989
f 9361//990 9362//990 9363//990
f 9363//990 9362//990 9364//990
f 9363//991 9364//991 9365//991
f 9365//991 9364//991 9366//991
f 9365//992 9366//992 9367//992
f 9367//992 9366//992 9368//992
f 9367//1059 9368//1059 9369//1059
f 9369//1059 9368//1059 9370//1059
f 9369//1060 9370//1060 9371//1060
f 9371//1060 9370//1060 9372//1060
f 9371//995 9372//995 9373//995
f 9373//995 9372//995 9374//995
f 9373//996 9374//996 9375//996
f 9375//996 9374//996 9376//996
f 9375//997 9376//997 9377//997
f 9377//997 9376//997 9378//997
f 9377//998 9378//998 9379//998
f 9379//998 9378//998 9380//998
f 9379//999 9380//999 9381//999
f 9381//999 9380//999 9382//999
f 9381//1000 9382//1000 9383//1000
f 9383//1000 9382//1000 9384//1000
f 9383//1001 9384//1001 9385//1001
f 9385//1001 9384//1001 9386//1001
f 9385//1002 9386//1002 9387//1002
f 9387//1002 9386//1002 9388//1002
f 9387//1003 9388//1003 9389//1003
f 9389//1003 9388//1003 9390//1003
f 9389//1004 9390//1004 9391//1004
f 9391//1004 9390//1004 9392//1004
f 9391//1005 9392//1005 9393//1005
f 9393//1005 9392//1005 9394//1005
f 9393//1006 9394//1006 9395//1006
f 9395//1006 9394//1006 9396//1006
f 9395//1007 9396//1007 9397//1007
f 9397//1007 9396//1007 9398//1007
f 9397//1008 9398//1008 9399//1008
f 9399//1008 9398//1008 9400//1008
f 9399//1009 9400//1009 9401//1009
f 9401//1009 9400//1009 9402//1009
f 9401//1010 9402//1010 9403//1010
f 9403//1010 9402//1010 9404//1010
f 9403//1057 9404//1057 9405//1057
f 9405//1057 9404//1057 9406//1057
f 9405//1058 9406//1058 9407//1058
f 9407//1058 9406//1058 9408//1058
f 9407//1013 9408//1013 9409//1013
f 9409//1013 9408//1013 9410//1013
f 9409//1014 9410//1014 9411//1014
f 9411//1014 9410//1014 9412//1014
f 9411//1015 9412//1015 9413//1015
f 9413//1015 9412//1015 9414//1015
f 9413//1016 9414//1016 9415//1016
f 9415//1016 9414//1016 9416//1016
f 9415//1017 9416//1017 9417//1017
f 9417//1017 9416//1017 9418//1017
f 9417//1018 9418//1018 9419//1018
f 9419//1018 9418//1018 9420//1018
f 9419//1019 9420//1019 9349//1019
f 9349//1019 9420//1019 9350//1019
f 9421//1020 8918//1020 9422//1020
f 9422//1020 8918//1020 9171//1020
f 9422//1021 9171//1021 9423//1021
f 9423//1021 9171//1021 8992//1021
f 9423//1022 8992//1022 9424//1022
f 9424//1022 8992//1022 8994//1022
f 9424//940 8994//940 9425//940
f 9425//940 8994//940 8996//940
f 9425//1023 8996//1023 9426//1023
f 9426//1023 8996//1023 8998//1023
f 9426//1024 8998//1024 9427//1024
f 9427//1024 8998//1024 9000//1024
f 9427//1025 9000//1025 9428//1025
f 9428//1025 9000//1025 9002//1025
f 9428//1026 9002//1026 9429//1026
f 9429//1026 9002//1026 9004//1026
f 9429//1027 9004//1027 9430//1027
f 9430//1027 9004//1027 9006//1027
f 9430//1028 9006//1028 9431//1028
f 9431//1028 9006//1028 9008//1028
f 9431//1029 9008//1029 9432//1029
f 9432//1029 9008//1029 9010//1029
f 9432//1030 9010//1030 9433//1030
f 9433//1030 9010//1030 9012//1030
f 9433//1031 9012//1031 9434//1031
f 9434//1031 9012//1031 9014//1031
f 9434//1032 9014//1032 9435//1032
f 9435//1032 9014//1032 9016//1032
f 9435//1033 9016//1033 9436//1033
f 9436//1033 9016//1033 9018//1033
f 9436//1034 9018//1034 9437//1034
f 9437//1034 9018//1034 9020//1034
f 9437//1035 9020//1035 9438//1035
f 9438//1035 9020//1035 9022//1035
f 9438//1036 9022//1036 9439//1036
f 9439//1036 9022//1036 9024//1036
f 9439//967 9024//967 9440//967
f 9440//967 9024//967 9026//967
f 9440//1037 9026//1037 9441//1037
f 9441//1037 9026//1037 9028//1037
f 9441//1038 9028//1038 9442//1038
f 9442//1038 9028//1038 9030//1038
f 9442//1039 9030//1039 9443//1039
f 9443//1039 9030//1039 8950//1039
f 9443//1040 8950//1040 9444//1040
f 9444//1040 8950//1040 8952//1040
f 9444//976 8952//976 9445//976
f 9445//976 8952//976 8954//976
f 9445//1041 8954//1041 9446//1041
f 9446//1041 8954//1041 8956//1041
f 9446//1042 8956//1042 9447//1042
f 9447//1042 8956//1042 8958//1042
f 9447//1043 8958//1043 9448//1043
f 9448//1043 8958//1043 8960//1043
f 9448//1044 8960//1044 9449//1044
f 9449//1044 8960//1044 8962//1044
f 9449//1045 8962//1045 9450//1045
f 9450//1045 8962//1045 8964//1045
f 9450//1046 8964//1046 9451//1046
f 9451//1046 8964//1046 8966//1046
f 9451//1047 8966//1047 9452//1047
f 9452//1047 8966//1047 8968//1047
f 9452//1048 8968//1048 9453//1048
f 9453//1048 8968//1048 8970//1048
f 9453//1049 8970//1049 9454//1049
f 9454//1049 8970//1049 8972//1049
f 9454//1050 8972//1050 9455//1050
f 9455//1050 8972//1050 8974//1050
f 9455//1051 8974//1051 9456//1051
f 9456//1051 8974//1051 8976//1051
f 9456//1052 8976//1052 9457//1052
f 9457//1052 8976//1052 8978//1052
f 9457//1053 8978//1053 9458//1053
f 9458//1053 8978//1053 8980//1053
f 9458//1054 8980//1054 9459//1054
f 9459//1054 8980//1054 8982//1054
f 9459//956 8982//956 9460//956
f 9460//956 8982//956 8919//956
f 9460//1055 8919//1055 9421//1055
f 9421//1055 8919//1055 8918//1055
f 9353//1056 9421//1056 9351//1056
f 9351//1056 9421//1056 9422//1056
f 9351//1056 9422//1056 9423//1056
f 9421//1056 9353//1056 9460//1056
f 9460//1056 9353//1056 9355//1056
f 9460//1056 9355//1056 9459//1056
f 9459//1056 9355//1056 9357//1056
f 9459//1056 9357//1056 9458//1056
f 9458//1056 9357//1056 9359//1056
f 9458//1056 9359//1056 9457//1056
f 9457//1056 9359//1056 9361//1056
f 9457//1056 9361//1056 9456//1056
f 9456//1056 9361//1056 9363//1056
f 9456//1056 9363//1056 9455//1056
f 9455//1056 9363//1056 9365//1056
f 9455//1056 9365//1056 9454//1056
f 9454//1056 9365//1056 9367//1056
f 9454//1056 9367//1056 9453//1056
f 9453//1056 9367//1056 9369//1056
f 9453//1056 9369//1056 9452//1056
f 9452//1056 9369//1056 9451//1056
f 9451//1056 9369//1056 9371//1056
f 9451//1056 9371//1056 9450//1056
f 9450//1056 9371//1056 9373//1056
f 9450//1056 9373//1056 9449//1056
f 9449//1056 9373//1056 9375//1056
f 9449//1056 9375//1056 9448//1056
f 9448//1056 9375//1056 9377//1056
f 9448//1056 9377//1056 9447//1056
f 9447//1056 9377//1056 9379//1056
f 9447//1056 9379//1056 9446//1056
f 9446//1056 9379//1056 9381//1056
f 9446//1056 9381//1056 9445//1056
f 9445//1056 9381//1056 9383//1056
f 9445//1056 9383//1056 9444//1056
f 9444//1056 9383//1056 9385//1056
f 9444//1056 9385//1056 9443//1056
f 9443//1056 9385//1056 9387//1056
f 9443//1056 9387//1056 9442//1056
f 9442//1056 9387//1056 9441//1056
f 9441//1056 9387//1056 9389//1056
f 9441//1056 9389//1056 9440//1056
f 9440//1056 9389//1056 9391//1056
f 9440//1056 9391//1056 9439//1056
f 9439//1056 9391//1056 9393//1056
f 9439//1056 9393//1056 9438//1056
f 9438//1056 9393//1056 9395//1056
f 9438//1056 9395//1056 9437//1056
f 9437//1056 9395//1056 9397//1056
f 9437//1056 9397//1056 9436//1056
f 9436//1056 9397//1056 9399//1056
f 9436//1056 9399//1056 9435//1056
f 9435//1056 9399//1056 9401//1056
f 9435//1056 9401//1056 9434//1056
f 9434//1056 9401//1056 9403//1056
f 9434//1056 9403//1056 9433//1056
f 9433//1056 9403//1056 9405//1056
f 9433//1056 9405//1056 9432//1056
f 9432//1056 9405//1056 9431//1056
f 9431//1056 9405//1056 9407//1056
f 9431//1056 9407//1056 9430//1056
f 9430//1056 9407//1056 9409//1056
f 9430//1056 9409//1056 9429//1056
f 9429//1056 9409//1056 9411//1056
f 9429//1056 9411//1056 9428//1056
f 9428//1056 9411//1056 9413//1056
f 9428//1056 9413//1056 9427//1056
f 9427//1056 9413//1056 9415//1056
f 9427//1056 9415//1056 9426//1056
f 9426//1056 9415//1056 9417//1056
f 9426//1056 9417//1056 9425//1056
f 9425//1056 9417//1056 9419//1056
f 9425//1056 9419//1056 9424//1056
f 9424//1056 9419//1056 9349//1056
f 9424//1056 9349//1056 9423//1056
f 9423//1056 9349//1056 9351//1056
f 9238//1056 9278//1056 9240//1056
f 9240//1056 9278//1056 9276//1056
f 9240//1056 9276//1056 9242//1056
f 9242//1056 9276//1056 9274//1056
f 9242//1056 9274//1056 9244//1056
f 9244//1056 9274//1056 9272//1056
f 9244//1056 9272//1056 9246//1056
f 9246//1056 9272//1056 9270//1056
f 9246//1056 9270//1056 9248//1056
f 9248//1056 9270//1056 9268//1056
f 9248//1056 9268//1056 9250//1056
f 9250//1056 9268//1056 9266//1056
f 9250//1056 9266//1056 9252//1056
f 9252//1056 9266//1056 9264//1056
f 9252//1056 9264//1056 9254//1056
f 9254//1056 9264//1056 9262//1056
f 9254//1056 9262//1056 9256//1056
f 9256//1056 9262//1056 9260//1056
f 9256//1056 9260//1056 9258//1056
f 9278//1056 9238//1056 9280//1056
f 9280//1056 9238//1056 9308//1056
f 9280//1056 9308//1056 9282//1056
f 9282//1056 9308//1056 9306//1056
f 9282//1056 9306//1056 9284//1056
f 9284//1056 9306//1056 9304//1056
f 9284//1056 9304//1056 9286//1056
f 9286//1056 9304//1056 9302//1056
f 9286//1056 9302//1056 9288//1056
f 9288//1056 9302//1056 9300//1056
f 9288//1056 9300//1056 9290//1056
f 9290//1056 9300//1056 9298//1056
f 9290//1056 9298//1056 9292//1056
f 9292//1056 9298//1056 9296//1056
f 9292//1056 9296//1056 9294//1056
f 9461//984 9462//984 9463//984
f 9463//984 9462//984 9464//984
f 9463//985 9464//985 9465//985
f 9465//985 9464//985 9466//985
f 9465//986 9466//986 9467//986
f 9467//986 9466//986 9468//986
f 9467//987 9468//987 9469//987
f 9469//987 9468//987 9470//987
f 9469//988 9470//988 9471//988
f 9471//988 9470//988 9472//988
f 9471//989 9472//989 9473//989
f 9473//989 9472//989 9474//989
f 9473//990 9474//990 9475//990
f 9475//990 9474//990 9476//990
f 9475//991 9476//991 9477//991
f 9477//991 9476//991 9478//991
f 9477//992 9478//992 9479//992
f 9479//992 9478//992 9480//992
f 9479//1059 9480//1059 9481//1059
f 9481//1059 9480//1059 9482//1059
f 9481//1060 9482//1060 9483//1060
f 9483//1060 9482//1060 9484//1060
f 9483//995 9484//995 9485//995
f 9485//995 9484//995 9486//995
f 9485//996 9486//996 9487//996
f 9487//996 9486//996 9488//996
f 9487//997 9488//997 9489//997
f 9489//997 9488//997 9490//997
f 9489//998 9490//998 9491//998
f 9491//998 9490//998 9492//998
f 9491//999 9492//999 9493//999
f 9493//999 9492//999 9494//999
f 9493//1000 9494//1000 9495//1000
f 9495//1000 9494//1000 9496//1000
f 9495//1001 9496//1001 9497//1001
f 9497//1001 9496//1001 9498//1001
f 9497//1002 9498//1002 9499//1002
f 9499//1002 9498//1002 9500//1002
f 9499//1003 9500//1003 9501//1003
f 9501//1003 9500//1003 9502//1003
f 9501//1004 9502//1004 9503//1004
f 9503//1004 9502//1004 9504//1004
f 9503//1005 9504//1005 9505//1005
f 9505//1005 9504//1005 9506//1005
f 9505//1006 9506//1006 9507//1006
f 9507//1006 9506//1006 9508//1006
f 9507//1007 9508//1007 9509//1007
f 9509//1007 9508//1007 9510//1007
f 9509//1008 9510//1008 9511//1008
f 9511//1008 9510//1008 9512//1008
f 9511//1009 9512//1009 9513//1009
f 9513//1009 9512//1009 9514//1009
f 9513//1010 9514//1010 9515//1010
f 9515//1010 9514//1010 9516//1010
f 9515//1057 9516//1057 9517//1057
f 9517//1057 9516//1057 9518//1057
f 9517//1058 9518//1058 9519//1058
f 9519//1058 9518//1058 9520//1058
f 9519//1013 9520//1013 9521//1013
f 9521//1013 9520//1013 9522//1013
f 9521//1014 9522//1014 9523//1014
f 9523//1014 9522//1014 9524//1014
f 9523//1015 9524//1015 9525//1015
f 9525//1015 9524//1015 9526//1015
f 9525//1016 9526//1016 9527//1016
f 9527//1016 9526//1016 9528//1016
f 9527//1017 9528//1017 9529//1017
f 9529//1017 9528//1017 9530//1017
f 9529//1018 9530//1018 9531//1018
f 9531//1018 9530//1018 9532//1018
f 9531//1019 9532//1019 9461//1019
f 9461//1019 9532//1019 9462//1019
f 9533//1020 8984//1020 9534//1020
f 9534//1020 8984//1020 8986//1020
f 9534//1021 8986//1021 9535//1021
f 9535//1021 8986//1021 8988//1021
f 9535//1022 8988//1022 9536//1022
f 9536//1022 8988//1022 9069//1022
f 9536//940 9069//940 9537//940
f 9537//940 9069//940 9067//940
f 9537//1023 9067//1023 9538//1023
f 9538//1023 9067//1023 9065//1023
f 9538//1024 9065//1024 9539//1024
f 9539//1024 9065//1024 9063//1024
f 9539//1025 9063//1025 9540//1025
f 9540//1025 9063//1025 9061//1025
f 9540//1026 9061//1026 9541//1026
f 9541//1026 9061//1026 9059//1026
f 9541//1027 9059//1027 9542//1027
f 9542//1027 9059//1027 9057//1027
f 9542//1028 9057//1028 9543//1028
f 9543//1028 9057//1028 9055//1028
f 9543//1029 9055//1029 9544//1029
f 9544//1029 9055//1029 9053//1029
f 9544//1030 9053//1030 9545//1030
f 9545//1030 9053//1030 9051//1030
f 9545//1031 9051//1031 9546//1031
f 9546//1031 9051//1031 9049//1031
f 9546//1032 9049//1032 9547//1032
f 9547//1032 9049//1032 9047//1032
f 9547//1033 9047//1033 9548//1033
f 9548//1033 9047//1033 9045//1033
f 9548//1034 9045//1034 9549//1034
f 9549//1034 9045//1034 9043//1034
f 9549//1035 9043//1035 9550//1035
f 9550//1035 9043//1035 9041//1035
f 9550//1036 9041//1036 9551//1036
f 9551//1036 9041//1036 9039//1036
f 9551//967 9039//967 9552//967
f 9552//967 9039//967 9037//967
f 9552//1037 9037//1037 9553//1037
f 9553//1037 9037//1037 9035//1037
f 9553//1038 9035//1038 9554//1038
f 9554//1038 9035//1038 9033//1038
f 9554//1039 9033//1039 9555//1039
f 9555//1039 9033//1039 9027//1039
f 9555//1040 9027//1040 9556//1040
f 9556//1040 9027//1040 9025//1040
f 9556//976 9025//976 9557//976
f 9557//976 9025//976 9023//976
f 9557//1041 9023//1041 9558//1041
f 9558//1041 9023//1041 9021//1041
f 9558//1042 9021//1042 9559//1042
f 9559//1042 9021//1042 9019//1042
f 9559//1043 9019//1043 9560//1043
f 9560//1043 9019//1043 9017//1043
f 9560//1044 9017//1044 9561//1044
f 9561//1044 9017//1044 9015//1044
f 9561//1045 9015//1045 9562//1045
f 9562//1045 9015//1045 9013//1045
f 9562//1046 9013//1046 9563//1046
f 9563//1046 9013//1046 9011//1046
f 9563//1047 9011//1047 9564//1047
f 9564//1047 9011//1047 9009//1047
f 9564//1048 9009//1048 9565//1048
f 9565//1048 9009//1048 9007//1048
f 9565//1049 9007//1049 9566//1049
f 9566//1049 9007//1049 9005//1049
f 9566//1050 9005//1050 9567//1050
f 9567//1050 9005//1050 9003//1050
f 9567//1051 9003//1051 9568//1051
f 9568//1051 9003//1051 9001//1051
f 9568//1052 9001//1052 9569//1052
f 9569//1052 9001//1052 8999//1052
f 9569//1053 8999//1053 9570//1053
f 9570//1053 8999//1053 8997//1053
f 9570//1054 8997//1054 9571//1054
f 9571//1054 8997//1054 8995//1054
f 9571//956 8995//956 9572//956
f 9572//956 8995//956 8991//956
f 9572//1055 8991//1055 9533//1055
f 9533//1055 8991//1055 8984//1055
f 9465//1056 9533//1056 9463//1056
f 9463//1056 9533//1056 9534//1056
f 9463//1056 9534//1056 9535//1056
f 9533//1056 9465//1056 9572//1056
f 9572//1056 9465//1056 9467//1056
f 9572//1056 9467//1056 9571//1056
f 9571//1056 9467//1056 9469//1056
f 9571//1056 9469//1056 9570//1056
f 9570//1056 9469//1056 9471//1056
f 9570//1056 9471//1056 9569//1056
f 9569//1056 9471//1056 9473//1056
f 9569//1056 9473//1056 9568//1056
f 9568//1056 9473//1056 9475//1056
f 9568//1056 9475//1056 9567//1056
f 9567//1056 9475//1056 9477//1056
f 9567//1056 9477//1056 9566//1056
f 9566//1056 9477//1056 9479//1056
f 9566//1056 9479//1056 9565//1056
f 9565//1056 9479//1056 9481//1056
f 9565//1056 9481//1056 9564//1056
f 9564//1056 9481//1056 9563//1056
f 9563//1056 9481//1056 9483//1056
f 9563//1056 9483//1056 9562//1056
f 9562//1056 9483//1056 9485//1056
f 9562//1056 9485//1056 9561//1056
f 9561//1056 9485//1056 9487//1056
f 9561//1056 9487//1056 9560//1056
f 9560//1056 9487//1056 9489//1056
f 9560//1056 9489//1056 9559//1056
f 9559//1056 9489//1056 9491//1056
f 9559//1056 9491//1056 9558//1056
f 9558//1056 9491//1056 9493//1056
f 9558//1056 9493//1056 9557//1056
f 9557//1056 9493//1056 9495//1056
f 9557//1056 9495//1056 9556//1056
f 9556//1056 9495//1056 9497//1056
f 9556//1056 9497//1056 9555//1056
f 9555//1056 9497//1056 9499//1056
f 9555//1056 9499//1056 9554//1056
f 9554//1056 9499//1056 9553//1056
f 9553//1056 9499//1056 9501//1056
f 9553//1056 9501//1056 9552//1056
f 9552//1056 9501//1056 9503//1056
f 9552//1056 9503//1056 9551//1056
f 9551//1056 9503//1056 9505//1056
f 9551//1056 9505//1056 9550//1056
f 9550//1056 9505//1056 9507//1056
f 9550//1056 9507//1056 9549//1056
f 9549//1056 9507//1056 9509//1056
f 9549//1056 9509//1056 9548//1056
f 9548//1056 9509//1056 9511//1056
f 9548//1056 9511//1056 9547//1056
f 9547//1056 9511//1056 9513//1056
f 9547//1056 9513//1056 9546//1056
f 9546//1056 9513//1056 9515//1056
f 9546//1056 9515//1056 9545//1056
f 9545//1056 9515//1056 9517//1056
f 9545//1056 9517//1056 9544//1056
f 9544//1056 9517//1056 9543//1056
f 9543//1056 9517//1056 9519//1056
f 9543//1056 9519//1056 9542//1056
f 9542//1056 9519//1056 9521//1056
f 9542//1056 9521//1056 9541//1056
f 9541//1056 9521//1056 9523//1056
f 9541//1056 9523//1056 9540//1056
f 9540//1056 9523//1056 9525//1056
f 9540//1056 9525//1056 9539//1056
f 9539//1056 9525//1056 9527//1056
f 9539//1056 9527//1056 9538//1056
f 9538//1056 9527//1056 9529//1056
f 9538//1056 9529//1056 9537//1056
f 9537//1056 9529//1056 9531//1056
f 9537//1056 9531//1056 9536//1056
f 9536//1056 9531//1056 9461//1056
f 9536//1056 9461//1056 9535//1056
f 9535//1056 9461//1056 9463//1056
f 9350//1056 9390//1056 9352//1056
f 9352//1056 9390//1056 9388//1056
f 9352//1056 9388//1056 9354//1056
f 9354//1056 9388//1056 9386//1056
f 9354//1056 9386//1056 9356//1056
f 9356//1056 9386//1056 9384//1056
f 9356//1056 9384//1056 9358//1056
f 9358//1056 9384//1056 9382//1056
f 9358//1056 9382//1056 9360//1056
f 9360//1056 9382//1056 9380//1056
f 9360//1056 9380//1056 9362//1056
f 9362//1056 9380//1056 9378//1056
f 9362//1056 9378//1056 9364//1056
f 9364//1056 9378//1056 9376//1056
f 9364//1056 9376//1056 9366//1056
f 9366//1056 9376//1056 9374//1056
f 9366//1056 9374//1056 9368//1056
f 9368//1056 9374//1056 9372//1056
f 9368//1056 9372//1056 9370//1056
f 9390//1056 9350//1056 9392//1056
f 9392//1056 9350//1056 9420//1056
f 9392//1056 9420//1056 9394//1056
f 9394//1056 9420//1056 9418//1056
f 9394//1056 9418//1056 9396//1056
f 9396//1056 9418//1056 9416//1056
f 9396//1056 9416//1056 9398//1056
f 9398//1056 9416//1056 9414//1056
f 9398//1056 9414//1056 9400//1056
f 9400//1056 9414//1056 9412//1056
f 9400//1056 9412//1056 9402//1056
f 9402//1056 9412//1056 9410//1056
f 9402//1056 9410//1056 9404//1056
f 9404//1056 9410//1056 9408//1056
f 9404//1056 9408//1056 9406//1056
f 9573//984 9574//984 9575//984
f 9575//984 9574//984 9576//984
f 9575//985 9576//985 9577//985
f 9577//985 9576//985 9578//985
f 9577//986 9578//986 9579//986
f 9579//986 9578//986 9580//986
f 9579//987 9580//987 9581//987
f 9581//987 9580//987 9582//987
f 9581//988 9582//988 9583//988
f 9583//988 9582//988 9584//988
f 9583//989 9584//989 9585//989
f 9585//989 9584//989 9586//989
f 9585//990 9586//990 9587//990
f 9587//990 9586//990 9588//990
f 9587//991 9588//991 9589//991
f 9589//991 9588//991 9590//991
f 9589//992 9590//992 9591//992
f 9591//992 9590//992 9592//992
f 9591//1059 9592//1059 9593//1059
f 9593//1059 9592//1059 9594//1059
f 9593//1060 9594//1060 9595//1060
f 9595//1060 9594//1060 9596//1060
f 9595//995 9596//995 9597//995
f 9597//995 9596//995 9598//995
f 9597//996 9598//996 9599//996
f 9599//996 9598//996 9600//996
f 9599//997 9600//997 9601//997
f 9601//997 9600//997 9602//997
f 9601//998 9602//998 9603//998
f 9603//998 9602//998 9604//998
f 9603//999 9604//999 9605//999
f 9605//999 9604//999 9606//999
f 9605//1000 9606//1000 9607//1000
f 9607//1000 9606//1000 9608//1000
f 9607//1001 9608//1001 9609//1001
f 9609//1001 9608//1001 9610//1001
f 9609//1002 9610//1002 9611//1002
f 9611//1002 9610//1002 9612//1002
f 9611//1003 9612//1003 9613//1003
f 9613//1003 9612//1003 9614//1003
f 9613//1004 9614//1004 9615//1004
f 9615//1004 9614//1004 9616//1004
f 9615//1005 9616//1005 9617//1005
f 9617//1005 9616//1005 9618//1005
f 9617//1006 9618//1006 9619//1006
f 9619//1006 9618//1006 9620//1006
f 9619//1007 9620//1007 9621//1007
f 9621//1007 9620//1007 9622//1007
f 9621//1008 9622//1008 9623//1008
f 9623//1008 9622//1008 9624//1008
f 9623//1009 9624//1009 9625//1009
f 9625//1009 9624//1009 9626//1009
f 9625//1010 9626//1010 9627//1010
f 9627//1010 9626//1010 9628//1010
f 9627//1057 9628//1057 9629//1057
f 9629//1057 9628//1057 9630//1057
f 9629//1058 9630//1058 9631//1058
f 9631//1058 9630//1058 9632//1058
f 9631//1013 9632//1013 9633//1013
f 9633//1013 9632//1013 9634//1013
f 9633//1014 9634//1014 9635//1014
f 9635//1014 9634//1014 9636//1014
f 9635//1015 9636//1015 9637//1015
f 9637//1015 9636//1015 9638//1015
f 9637//1016 9638//1016 9639//1016
f 9639//1016 9638//1016 9640//1016
f 9639//1017 9640//1017 9641//1017
f 9641//1017 9640//1017 9642//1017
f 9641//1018 9642//1018 9643//1018
f 9643//1018 9642//1018 9644//1018
f 9643//1019 9644//1019 9573//1019
f 9573//1019 9644//1019 9574//1019
f 9645//1020 8989//1020 9646//1020
f 9646//1020 8989//1020 9177//1020
f 9646//1021 9177//1021 9647//1021
f 9647//1021 9177//1021 9078//1021
f 9647//1022 9078//1022 9648//1022
f 9648//1022 9078//1022 9080//1022
f 9648//940 9080//940 9649//940
f 9649//940 9080//940 9082//940
f 9649//1023 9082//1023 9650//1023
f 9650//1023 9082//1023 9084//1023
f 9650//1024 9084//1024 9651//1024
f 9651//1024 9084//1024 9086//1024
f 9651//1025 9086//1025 9652//1025
f 9652//1025 9086//1025 9088//1025
f 9652//1026 9088//1026 9653//1026
f 9653//1026 9088//1026 9090//1026
f 9653//1027 9090//1027 9654//1027
f 9654//1027 9090//1027 9092//1027
f 9654//1028 9092//1028 9655//1028
f 9655//1028 9092//1028 9094//1028
f 9655//1029 9094//1029 9656//1029
f 9656//1029 9094//1029 9096//1029
f 9656//1030 9096//1030 9657//1030
f 9657//1030 9096//1030 9098//1030
f 9657//1031 9098//1031 9658//1031
f 9658//1031 9098//1031 9100//1031
f 9658//1032 9100//1032 9659//1032
f 9659//1032 9100//1032 9102//1032
f 9659//1033 9102//1033 9660//1033
f 9660//1033 9102//1033 9104//1033
f 9660//1034 9104//1034 9661//1034
f 9661//1034 9104//1034 9106//1034
f 9661//1035 9106//1035 9662//1035
f 9662//1035 9106//1035 9107//1035
f 9662//1036 9107//1036 9663//1036
f 9663//1036 9107//1036 9109//1036
f 9663//967 9109//967 9664//967
f 9664//967 9109//967 9111//967
f 9664//1037 9111//1037 9665//1037
f 9665//1037 9111//1037 9117//1037
f 9665//1038 9117//1038 9666//1038
f 9666//1038 9117//1038 9118//1038
f 9666//1039 9118//1039 9667//1039
f 9667//1039 9118//1039 9036//1039
f 9667//1040 9036//1040 9668//1040
f 9668//1040 9036//1040 9038//1040
f 9668//976 9038//976 9669//976
f 9669//976 9038//976 9040//976
f 9669//1041 9040//1041 9670//1041
f 9670//1041 9040//1041 9042//1041
f 9670//1042 9042//1042 9671//1042
f 9671//1042 9042//1042 9044//1042
f 9671//1043 9044//1043 9672//1043
f 9672//1043 9044//1043 9046//1043
f 9672//1044 9046//1044 9673//1044
f 9673//1044 9046//1044 9048//1044
f 9673//1045 9048//1045 9674//1045
f 9674//1045 9048//1045 9050//1045
f 9674//1046 9050//1046 9675//1046
f 9675//1046 9050//1046 9052//1046
f 9675//1047 9052//1047 9676//1047
f 9676//1047 9052//1047 9054//1047
f 9676//1048 9054//1048 9677//1048
f 9677//1048 9054//1048 9056//1048
f 9677//1049 9056//1049 9678//1049
f 9678//1049 9056//1049 9058//1049
f 9678//1050 9058//1050 9679//1050
f 9679//1050 9058//1050 9060//1050
f 9679//1051 9060//1051 9680//1051
f 9680//1051 9060//1051 9062//1051
f 9680//1052 9062//1052 9681//1052
f 9681//1052 9062//1052 9064//1052
f 9681//1053 9064//1053 9682//1053
f 9682//1053 9064//1053 9066//1053
f 9682//1054 9066//1054 9683//1054
f 9683//1054 9066//1054 9068//1054
f 9683//956 9068//956 9684//956
f 9684//956 9068//956 8990//956
f 9684//1055 8990//1055 9645//1055
f 9645//1055 8990//1055 8989//1055
f 9577//1056 9645//1056 9575//1056
f 9575//1056 9645//1056 9646//1056
f 9575//1056 9646//1056 9647//1056
f 9645//1056 9577//1056 9684//1056
f 9684//1056 9577//1056 9579//1056
f 9684//1056 9579//1056 9683//1056
f 9683//1056 9579//1056 9581//1056
f 9683//1056 9581//1056 9682//1056
f 9682//1056 9581//1056 9583//1056
f 9682//1056 9583//1056 9681//1056
f 9681//1056 9583//1056 9585//1056
f 9681//1056 9585//1056 9680//1056
f 9680//1056 9585//1056 9587//1056
f 9680//1056 9587//1056 9679//1056
f 9679//1056 9587//1056 9589//1056
f 9679//1056 9589//1056 9678//1056
f 9678//1056 9589//1056 9591//1056
f 9678//1056 9591//1056 9677//1056
f 9677//1056 9591//1056 9593//1056
f 9677//1056 9593//1056 9676//1056
f 9676//1056 9593//1056 9675//1056
f 9675//1056 9593//1056 9595//1056
f 9675//1056 9595//1056 9674//1056
f 9674//1056 9595//1056 9597//1056
f 9674//1056 9597//1056 9673//1056
f 9673//1056 9597//1056 9599//1056
f 9673//1056 9599//1056 9672//1056
f 9672//1056 9599//1056 9601//1056
f 9672//1056 9601//1056 9671//1056
f 9671//1056 9601//1056 9603//1056
f 9671//1056 9603//1056 9670//1056
f 9670//1056 9603//1056 9605//1056
f 9670//1056 9605//1056 9669//1056
f 9669//1056 9605//1056 9607//1056
f 9669//1056 9607//1056 9668//1056
f 9668//1056 9607//1056 9609//1056
f 9668//1056 9609//1056 9667//1056
f 9667//1056 9609//1056 9611//1056
f 9667//1056 9611//1056 9666//1056
f 9666//1056 9611//1056 9665//1056
f 9665//1056 9611//1056 9613//1056
f 9665//1056 9613//1056 9664//1056
f 9664//1056 9613//1056 9615//1056
f 9664//1056 9615//1056 9663//1056
f 9663//1056 9615//1056 9617//1056
f 9663//1056 9617//1056 9662//1056
f 9662//1056 9617//1056 9619//1056
f 9662//1056 9619//1056 9661//1056
f 9661//1056 9619//1056 9621//1056
f 9661//1056 9621//1056 9660//1056
f 9660//1056 9621//1056 9623//1056
f 9660//1056 9623//1056 9659//1056
f 9659//1056 9623//1056 9625//1056
f 9659//1056 9625//1056 9658//1056
f 9658//1056 9625//1056 9627//1056
f 9658//1056 9627//1056 9657//1056
f 9657//1056 9627//1056 9629//1056
f 9657//1056 9629//1056 9656//1056
f 9656//1056 9629//1056 9655//1056
f 9655//1056 9629//1056 9631//1056
f 9655//1056 9631//1056 9654//1056
f 9654//1056 9631//1056 9633//1056
f 9654//1056 9633//1056 9653//1056
f 9653//1056 9633//1056 9635//1056
f 9653//1056 9635//1056 9652//1056
f 9652//1056 9635//1056 9637//1056
f 9652//1056 9637//1056 9651//1056
f 9651//1056 9637//1056 9639//1056
f 9651//1056 9639//1056 9650//1056
f 9650//1056 9639//1056 9641//1056
f 9650//1056 9641//1056 9649//1056
f 9649//1056 9641//1056 9643//1056
f 9649//1056 9643//1056 9648//1056
f 9648//1056 9643//1056 9573//1056
f 9648//1056 9573//1056 9647//1056
f 9647//1056 9573//1056 9575//1056
f 9462//1056 9502//1056 9464//1056
f 9464//1056 9502//1056 9500//1056
f 9464//1056 9500//1056 9466//1056
f 9466//1056 9500//1056 9498//1056
f 9466//1056 9498//1056 9468//1056
f 9468//1056 9498//1056 9496//1056
f 9468//1056 9496//1056 9470//1056
f 9470//1056 9496//1056 9494//1056
f 9470//1056 9494//1056 9472//1056
f 9472//1056 9494//1056 9492//1056
f 9472//1056 9492//1056 9474//1056
f 9474//1056 9492//1056 9490//1056
f 9474//1056 9490//1056 9476//1056
f 9476//1056 9490//1056 9488//1056
f 9476//1056 9488//1056 9478//1056
f 9478//1056 9488//1056 9486//1056
f 9478//1056 9486//1056 9480//1056
f 9480//1056 9486//1056 9484//1056
f 9480//1056 9484//1056 9482//1056
f 9502//1056 9462//1056 9504//1056
f 9504//1056 9462//1056 9532//1056
f 9504//1056 9532//1056 9506//1056
f 9506//1056 9532//1056 9530//1056
f 9506//1056 9530//1056 9508//1056
f 9508//1056 9530//1056 9528//1056
f 9508//1056 9528//1056 9510//1056
f 9510//1056 9528//1056 9526//1056
f 9510//1056 9526//1056 9512//1056
f 9512//1056 9526//1056 9524//1056
f 9512//1056 9524//1056 9514//1056
f 9514//1056 9524//1056 9522//1056
f 9514//1056 9522//1056 9516//1056
f 9516//1056 9522//1056 9520//1056
f 9516//1056 9520//1056 9518//1056
f 9685//984 9686//984 9687//984
f 9687//984 9686//984 9688//984
f 9687//985 9688//985 9689//985
f 9689//985 9688//985 9690//985
f 9689//986 9690//986 9691//986
f 9691//986 9690//986 9692//986
f 9691//987 9692//987 9693//987
f 9693//987 9692//987 9694//987
f 9693//988 9694//988 9695//988
f 9695//988 9694//988 9696//988
f 9695//989 9696//989 9697//989
f 9697//989 9696//989 9698//989
f 9697//990 9698//990 9699//990
f 9699//990 9698//990 9700//990
f 9699//991 9700//991 9701//991
f 9701//991 9700//991 9702//991
f 9701//992 9702//992 9703//992
f 9703//992 9702//992 9704//992
f 9703//1059 9704//1059 9705//1059
f 9705//1059 9704//1059 9706//1059
f 9705//1060 9706//1060 9707//1060
f 9707//1060 9706//1060 9708//1060
f 9707//995 9708//995 9709//995
f 9709//995 9708//995 9710//995
f 9709//996 9710//996 9711//996
f 9711//996 9710//996 9712//996
f 9711//997 9712//997 9713//997
f 9713//997 9712//997 9714//997
f 9713//998 9714//998 9715//998
f 9715//998 9714//998 9716//998
f 9715//999 9716//999 9717//999
f 9717//999 9716//999 9718//999
f 9717//1000 9718//1000 9719//1000
f 9719//1000 9718//1000 9720//1000
f 9719//1001 9720//1001 9721//1001
f 9721//1001 9720//1001 9722//1001
f 9721//1002 9722//1002 9723//1002
f 9723//1002 9722//1002 9724//1002
f 9723//1003 9724//1003 9725//1003
f 9725//1003 9724//1003 9726//1003
f 9725//1004 9726//1004 9727//1004
f 9727//1004 9726//1004 9728//1004
f 9727//1005 9728//1005 9729//1005
f 9729//1005 9728//1005 9730//1005
f 9729//1006 9730//1006 9731//1006
f 9731//1006 9730//1006 9732//1006
f 9731//1007 9732//1007 9733//1007
f 9733//1007 9732//1007 9734//1007
f 9733//1008 9734//1008 9735//1008
f 9735//1008 9734//1008 9736//1008
f 9735//1009 9736//1009 9737//1009
f 9737//1009 9736//1009 9738//1009
f 9737//1010 9738//1010 9739//1010
f 9739//1010 9738//1010 9740//1010
f 9739//1011 9740//1011 9741//1011
f 9741//1011 9740//1011 9742//1011
f 9741//1012 9742//1012 9743//1012
f 9743//1012 9742//1012 9744//1012
f 9743//1013 9744//1013 9745//1013
f 9745//1013 9744//1013 9746//1013
f 9745//1014 9746//1014 9747//1014
f 9747//1014 9746//1014 9748//1014
f 9747//1015 9748//1015 9749//1015
f 9749//1015 9748//1015 9750//1015
f 9749//1016 9750//1016 9751//1016
f 9751//1016 9750//1016 9752//1016
f 9751//1017 9752//1017 9753//1017
f 9753//1017 9752//1017 9754//1017
f 9753//1018 9754//1018 9755//1018
f 9755//1018 9754//1018 9756//1018
f 9755//1019 9756//1019 9685//1019
f 9685//1019 9756//1019 9686//1019
f 9757//1020 9070//1020 9758//1020
f 9758//1020 9070//1020 9072//1020
f 9758//1021 9072//1021 9759//1021
f 9759//1021 9072//1021 9074//1021
f 9759//1022 9074//1022 9760//1022
f 9760//1022 9074//1022 9155//1022
f 9760//940 9155//940 9761//940
f 9761//940 9155//940 9153//940
f 9761//1023 9153//1023 9762//1023
f 9762//1023 9153//1023 9151//1023
f 9762//1024 9151//1024 9763//1024
f 9763//1024 9151//1024 9149//1024
f 9763//1025 9149//1025 9764//1025
f 9764//1025 9149//1025 9147//1025
f 9764//1026 9147//1026 9765//1026
f 9765//1026 9147//1026 9145//1026
f 9765//1027 9145//1027 9766//1027
f 9766//1027 9145//1027 9143//1027
f 9766//1028 9143//1028 9767//1028
f 9767//1028 9143//1028 9141//1028
f 9767//1029 9141//1029 9768//1029
f 9768//1029 9141//1029 9139//1029
f 9768//1030 9139//1030 9769//1030
f 9769//1030 9139//1030 9137//1030
f 9769//1031 9137//1031 9770//1031
f 9770//1031 9137//1031 9135//1031
f 9770//1032 9135//1032 9771//1032
f 9771//1032 9135//1032 9133//1032
f 9771//1033 9133//1033 9772//1033
f 9772//1033 9133//1033 9131//1033
f 9772//1034 9131//1034 9773//1034
f 9773//1034 9131//1034 9129//1034
f 9773//1035 9129//1035 9774//1035
f 9774//1035 9129//1035 9127//1035
f 9774//1036 9127//1036 9775//1036
f 9775//1036 9127//1036 9125//1036
f 9775//967 9125//967 9776//967
f 9776//967 9125//967 9123//967
f 9776//1037 9123//1037 9777//1037
f 9777//1037 9123//1037 9121//1037
f 9777//1038 9121//1038 9778//1038
f 9778//1038 9121//1038 9114//1038
f 9778//1039 9114//1039 9779//1039
f 9779//1039 9114//1039 9113//1039
f 9779//1040 9113//1040 9780//1040
f 9780//1040 9113//1040 9112//1040
f 9780//976 9112//976 9781//976
f 9781//976 9112//976 9110//976
f 9781//1041 9110//1041 9782//1041
f 9782//1041 9110//1041 9108//1041
f 9782//1042 9108//1042 9783//1042
f 9783//1042 9108//1042 9105//1042
f 9783//1043 9105//1043 9784//1043
f 9784//1043 9105//1043 9103//1043
f 9784//1044 9103//1044 9785//1044
f 9785//1044 9103//1044 9101//1044
f 9785//1045 9101//1045 9786//1045
f 9786//1045 9101//1045 9099//1045
f 9786//1046 9099//1046 9787//1046
f 9787//1046 9099//1046 9097//1046
f 9787//1047 9097//1047 9788//1047
f 9788//1047 9097//1047 9095//1047
f 9788//1048 9095//1048 9789//1048
f 9789//1048 9095//1048 9093//1048
f 9789//1049 9093//1049 9790//1049
f 9790//1049 9093//1049 9091//1049
f 9790//1050 9091//1050 9791//1050
f 9791//1050 9091//1050 9089//1050
f 9791//1051 9089//1051 9792//1051
f 9792//1051 9089//1051 9087//1051
f 9792//1052 9087//1052 9793//1052
f 9793//1052 9087//1052 9085//1052
f 9793//1053 9085//1053 9794//1053
f 9794//1053 9085//1053 9083//1053
f 9794//1054 9083//1054 9795//1054
f 9795//1054 9083//1054 9081//1054
f 9795//956 9081//956 9796//956
f 9796//956 9081//956 9077//956
f 9796//1055 9077//1055 9757//1055
f 9757//1055 9077//1055 9070//1055
f 9689//1056 9757//1056 9687//1056
f 9687//1056 9757//1056 9758//1056
f 9687//1056 9758//1056 9759//1056
f 9757//1056 9689//1056 9796//1056
f 9796//1056 9689//1056 9691//1056
f 9796//1056 9691//1056 9795//1056
f 9795//1056 9691//1056 9693//1056
f 9795//1056 9693//1056 9794//1056
f 9794//1056 9693//1056 9695//1056
f 9794//1056 9695//1056 9793//1056
f 9793//1056 9695//1056 9697//1056
f 9793//1056 9697//1056 9792//1056
f 9792//1056 9697//1056 9699//1056
f 9792//1056 9699//1056 9791//1056
f 9791//1056 9699//1056 9701//1056
f 9791//1056 9701//1056 9790//1056
f 9790//1056 9701//1056 9703//1056
f 9790//1056 9703//1056 9789//1056
f 9789//1056 9703//1056 9705//1056
f 9789//1056 9705//1056 9788//1056
f 9788//1056 9705//1056 9787//1056
f 9787//1056 9705//1056 9707//1056
f 9787//1056 9707//1056 9786//1056
f 9786//1056 9707//1056 9709//1056
f 9786//1056 9709//1056 9785//1056
f 9785//1056 9709//1056 9711//1056
f 9785//1056 9711//1056 9784//1056
f 9784//1056 9711//1056 9713//1056
f 9784//1056 9713//1056 9783//1056
f 9783//1056 9713//1056 9715//1056
f 9783//1056 9715//1056 9782//1056
f 9782//1056 9715//1056 9717//1056
f 9782//1056 9717//1056 9781//1056
f 9781//1056 9717//1056 9719//1056
f 9781//1056 9719//1056 9780//1056
f 9780//1056 9719//1056 9721//1056
f 9780//1056 9721//1056 9779//1056
f 9779//1056 9721//1056 9723//1056
f 9779//1056 9723//1056 9778//1056
f 9778//1056 9723//1056 9777//1056
f 9777//1056 9723//1056 9725//1056
f 9777//1056 9725//1056 9776//1056
f 9776//1056 9725//1056 9727//1056
f 9776//1056 9727//1056 9775//1056
f 9775//1056 9727//1056 9729//1056
f 9775//1056 9729//1056 9774//1056
f 9774//1056 9729//1056 9731//1056
f 9774//1056 9731//1056 9773//1056
f 9773//1056 9731//1056 9733//1056
f 9773//1056 9733//1056 9772//1056
f 9772//1056 9733//1056 9735//1056
f 9772//1056 9735//1056 9771//1056
f 9771//1056 9735//1056 9737//1056
f 9771//1056 9737//1056 9770//1056
f 9770//1056 9737//1056 9739//1056
f 9770//1056 9739//1056 9769//1056
f 9769//1056 9739//1056 9741//1056
f 9769//1056 9741//1056 9768//1056
f 9768//1056 9741//1056 9767//1056
f 9767//1056 9741//1056 9743//1056
f 9767//1056 9743//1056 9766//1056
f 9766//1056 9743//1056 9745//1056
f 9766//1056 9745//1056 9765//1056
f 9765//1056 9745//1056 9747//1056
f 9765//1056 9747//1056 9764//1056
f 9764//1056 9747//1056 9749//1056
f 9764//1056 9749//1056 9763//1056
f 9763//1056 9749//1056 9751//1056
f 9763//1056 9751//1056 9762//1056
f 9762//1056 9751//1056 9753//1056
f 9762//1056 9753//1056 9761//1056
f 9761//1056 9753//1056 9755//1056
f 9761//1056 9755//1056 9760//1056
f 9760//1056 9755//1056 9685//1056
f 9760//1056 9685//1056 9759//1056
f 9759//1056 9685//1056 9687//1056
f 9574//1056 9614//1056 9576//1056
f 9576//1056 9614//1056 9612//1056
f 9576//1056 9612//1056 9578//1056
f 9578//1056 9612//1056 9610//1056
f 9578//1056 9610//1056 9580//1056
f 9580//1056 9610//1056 9608//1056
f 9580//1056 9608//1056 9582//1056
f 9582//1056 9608//1056 9606//1056
f 9582//1056 9606//1056 9584//1056
f 9584//1056 9606//1056 9604//1056
f 9584//1056 9604//1056 9586//1056
f 9586//1056 9604//1056 9602//1056
f 9586//1056 9602//1056 9588//1056
f 9588//1056 9602//1056 9600//1056
f 9588//1056 9600//1056 9590//1056
f 9590//1056 9600//1056 9598//1056
f 9590//1056 9598//1056 9592//1056
f 9592//1056 9598//1056 9596//1056
f 9592//1056 9596//1056 9594//1056
f 9614//1056 9574//1056 9616//1056
f 9616//1056 9574//1056 9644//1056
f 9616//1056 9644//1056 9618//1056
f 9618//1056 9644//1056 9642//1056
f 9618//1056 9642//1056 9620//1056
f 9620//1056 9642//1056 9640//1056
f 9620//1056 9640//1056 9622//1056
f 9622//1056 9640//1056 9638//1056
f 9622//1056 9638//1056 9624//1056
f 9624//1056 9638//1056 9636//1056
f 9624//1056 9636//1056 9626//1056
f 9626//1056 9636//1056 9634//1056
f 9626//1056 9634//1056 9628//1056
f 9628//1056 9634//1056 9632//1056
f 9628//1056 9632//1056 9630//1056
f 9797//984 9798//984 9799//984
f 9799//984 9798//984 9800//984
f 9799//985 9800//985 9801//985
f 9801//985 9800//985 9802//985
f 9801//986 9802//986 9803//986
f 9803//986 9802//986 9804//986
f 9803//987 9804//987 9805//987
f 9805//987 9804//987 9806//987
f 9805//988 9806//988 9807//988
f 9807//988 9806//988 9808//988
f 9807//989 9808//989 9809//989
f 9809//989 9808//989 9810//989
f 9809//990 9810//990 9811//990
f 9811//990 9810//990 9812//990
f 9811//991 9812//991 9813//991
f 9813//991 9812//991 9814//991
f 9813//992 9814//992 9815//992
f 9815//992 9814//992 9816//992
f 9815//993 9816//993 9817//993
f 9817//993 9816//993 9818//993
f 9817//994 9818//994 9819//994
f 9819//994 9818//994 9820//994
f 9819//995 9820//995 9821//995
f 9821//995 9820//995 9822//995
f 9821//996 9822//996 9823//996
f 9823//996 9822//996 9824//996
f 9823//997 9824//997 9825//997
f 9825//997 9824//997 9826//997
f 9825//998 9826//998 9827//998
f 9827//998 9826//998 9828//998
f 9827//999 9828//999 9829//999
f 9829//999 9828//999 9830//999
f 9829//1000 9830//1000 9831//1000
f 9831//1000 9830//1000 9832//1000
f 9831//1001 9832//1001 9833//1001
f 9833//1001 9832//1001 9834//1001
f 9833//1002 9834//1002 9835//1002
f 9835//1002 9834//1002 9836//1002
f 9835//1003 9836//1003 9837//1003
f 9837//1003 9836//1003 9838//1003
f 9837//1004 9838//1004 9839//1004
f 9839//1004 9838//1004 9840//1004
f 9839//1005 9840//1005 9841//1005
f 9841//1005 9840//1005 9842//1005
f 9841//1006 9842//1006 9843//1006
f 9843//1006 9842//1006 9844//1006
f 9843//1007 9844//1007 9845//1007
f 9845//1007 9844//1007 9846//1007
f 9845//1008 9846//1008 9847//1008
f 9847//1008 9846//1008 9848//1008
f 9847//1009 9848//1009 9849//1009
f 9849//1009 9848//1009 9850//1009
f 9849//1010 9850//1010 9851//1010
f 9851//1010 9850//1010 9852//1010
f 9851//1011 9852//1011 9853//1011
f 9853//1011 9852//1011 9854//1011
f 9853//1012 9854//1012 9855//1012
f 9855//1012 9854//1012 9856//1012
f 9855//1013 9856//1013 9857//1013
f 9857//1013 9856//1013 9858//1013
f 9857//1014 9858//1014 9859//1014
f 9859//1014 9858//1014 9860//1014
f 9859//1015 9860//1015 9861//1015
f 9861//1015 9860//1015 9862//1015
f 9861//1016 9862//1016 9863//1016
f 9863//1016 9862//1016 9864//1016
f 9863//1017 9864//1017 9865//1017
f 9865//1017 9864//1017 9866//1017
f 9865//1018 9866//1018 9867//1018
f 9867//1018 9866//1018 9868//1018
f 9867//1019 9868//1019 9797//1019
f 9797//1019 9868//1019 9798//1019
f 9869//1020 9075//1020 9870//1020
f 9870//1020 9075//1020 9183//1020
f 9870//1021 9183//1021 9871//1021
f 9871//1021 9183//1021 9185//1021
f 9871//1022 9185//1022 9872//1022
f 9872//1022 9185//1022 9187//1022
f 9872//940 9187//940 9873//940
f 9873//940 9187//940 9188//940
f 9873//1023 9188//1023 9874//1023
f 9874//1023 9188//1023 9189//1023
f 9874//1024 9189//1024 9875//1024
f 9875//1024 9189//1024 9190//1024
f 9875//1025 9190//1025 9876//1025
f 9876//1025 9190//1025 9192//1025
f 9876//1026 9192//1026 9877//1026
f 9877//1026 9192//1026 9193//1026
f 9877//1027 9193//1027 9878//1027
f 9878//1027 9193//1027 9194//1027
f 9878//1028 9194//1028 9879//1028
f 9879//1028 9194//1028 9195//1028
f 9879//1029 9195//1029 9880//1029
f 9880//1029 9195//1029 9196//1029
f 9880//1030 9196//1030 9881//1030
f 9881//1030 9196//1030 9198//1030
f 9881//1031 9198//1031 9882//1031
f 9882//1031 9198//1031 9199//1031
f 9882//1032 9199//1032 9883//1032
f 9883//1032 9199//1032 9200//1032
f 9883//1033 9200//1033 9884//1033
f 9884//1033 9200//1033 9201//1033
f 9884//1034 9201//1034 9885//1034
f 9885//1034 9201//1034 9202//1034
f 9885//1035 9202//1035 9886//1035
f 9886//1035 9202//1035 9204//1035
f 9886//1036 9204//1036 9887//1036
f 9887//1036 9204//1036 9205//1036
f 9887//967 9205//967 9888//967
f 9888//967 9205//967 9206//967
f 9888//1037 9206//1037 9889//1037
f 9889//1037 9206//1037 9207//1037
f 9889//1038 9207//1038 9890//1038
f 9890//1038 9207//1038 9209//1038
f 9890//1039 9209//1039 9891//1039
f 9891//1039 9209//1039 9122//1039
f 9891//1040 9122//1040 9892//1040
f 9892//1040 9122//1040 9124//1040
f 9892//976 9124//976 9893//976
f 9893//976 9124//976 9126//976
f 9893//1041 9126//1041 9894//1041
f 9894//1041 9126//1041 9128//1041
f 9894//1042 9128//1042 9895//1042
f 9895//1042 9128//1042 9130//1042
f 9895//1043 9130//1043 9896//1043
f 9896//1043 9130//1043 9132//1043
f 9896//1044 9132//1044 9897//1044
f 9897//1044 9132//1044 9134//1044
f 9897//1045 9134//1045 9898//1045
f 9898//1045 9134//1045 9136//1045
f 9898//1046 9136//1046 9899//1046
f 9899//1046 9136//1046 9138//1046
f 9899//1047 9138//1047 9900//1047
f 9900//1047 9138//1047 9140//1047
f 9900//1048 9140//1048 9901//1048
f 9901//1048 9140//1048 9142//1048
f 9901//1049 9142//1049 9902//1049
f 9902//1049 9142//1049 9144//1049
f 9902//1050 9144//1050 9903//1050
f 9903//1050 9144//1050 9146//1050
f 9903//1051 9146//1051 9904//1051
f 9904//1051 9146//1051 9148//1051
f 9904//1052 9148//1052 9905//1052
f 9905//1052 9148//1052 9150//1052
f 9905//1053 9150//1053 9906//1053
f 9906//1053 9150//1053 9152//1053
f 9906//1054 9152//1054 9907//1054
f 9907//1054 9152//1054 9154//1054
f 9907//956 9154//956 9908//956
f 9908//956 9154//956 9076//956
f 9908//1055 9076//1055 9869//1055
f 9869//1055 9076//1055 9075//1055
f 9801//1056 9869//1056 9799//1056
f 9799//1056 9869//1056 9870//1056
f 9799//1056 9870//1056 9871//1056
f 9869//1056 9801//1056 9908//1056
f 9908//1056 9801//1056 9803//1056
f 9908//1056 9803//1056 9907//1056
f 9907//1056 9803//1056 9805//1056
f 9907//1056 9805//1056 9906//1056
f 9906//1056 9805//1056 9807//1056
f 9906//1056 9807//1056 9905//1056
f 9905//1056 9807//1056 9809//1056
f 9905//1056 9809//1056 9904//1056
f 9904//1056 9809//1056 9811//1056
f 9904//1056 9811//1056 9903//1056
f 9903//1056 9811//1056 9813//1056
f 9903//1056 9813//1056 9902//1056
f 9902//1056 9813//1056 9815//1056
f 9902//1056 9815//1056 9901//1056
f 9901//1056 9815//1056 9817//1056
f 9901//1056 9817//1056 9900//1056
f 9900//1056 9817//1056 9899//1056
f 9899//1056 9817//1056 9819//1056
f 9899//1056 9819//1056 9898//1056
f 9898//1056 9819//1056 9821//1056
f 9898//1056 9821//1056 9897//1056
f 9897//1056 9821//1056 9823//1056
f 9897//1056 9823//1056 9896//1056
f 9896//1056 9823//1056 9825//1056
f 9896//1056 9825//1056 9895//1056
f 9895//1056 9825//1056 9827//1056
f 9895//1056 9827//1056 9894//1056
f 9894//1056 9827//1056 9829//1056
f 9894//1056 9829//1056 9893//1056
f 9893//1056 9829//1056 9831//1056
f 9893//1056 9831//1056 9892//1056
f 9892//1056 9831//1056 9833//1056
f 9892//1056 9833//1056 9891//1056
f 9891//1056 9833//1056 9835//1056
f 9891//1056 9835//1056 9890//1056
f 9890//1056 9835//1056 9889//1056
f 9889//1056 9835//1056 9837//1056
f 9889//1056 9837//1056 9888//1056
f 9888//1056 9837//1056 9839//1056
f 9888//1056 9839//1056 9887//1056
f 9887//1056 9839//1056 9841//1056
f 9887//1056 9841//1056 9886//1056
f 9886//1056 9841//1056 9843//1056
f 9886//1056 9843//1056 9885//1056
f 9885//1056 9843//1056 9845//1056
f 9885//1056 9845//1056 9884//1056
f 9884//1056 9845//1056 9847//1056
f 9884//1056 9847//1056 9883//1056
f 9883//1056 9847//1056 9849//1056
f 9883//1056 9849//1056 9882//1056
f 9882//1056 9849//1056 9851//1056
f 9882//1056 9851//1056 9881//1056
f 9881//1056 9851//1056 9853//1056
f 9881//1056 9853//1056 9880//1056
f 9880//1056 9853//1056 9879//1056
f 9879//1056 9853//1056 9855//1056
f 9879//1056 9855//1056 9878//1056
f 9878//1056 9855//1056 9857//1056
f 9878//1056 9857//1056 9877//1056
f 9877//1056 9857//1056 9859//1056
f 9877//1056 9859//1056 9876//1056
f 9876//1056 9859//1056 9861//1056
f 9876//1056 9861//1056 9875//1056
f 9875//1056 9861//1056 9863//1056
f 9875//1056 9863//1056 9874//1056
f 9874//1056 9863//1056 9865//1056
f 9874//1056 9865//1056 9873//1056
f 9873//1056 9865//1056 9867//1056
f 9873//1056 9867//1056 9872//1056
f 9872//1056 9867//1056 9797//1056
f 9872//1056 9797//1056 9871//1056
f 9871//1056 9797//1056 9799//1056
f 9686//1056 9726//1056 9688//1056
f 9688//1056 9726//1056 9724//1056
f 9688//1056 9724//1056 9690//1056
f 9690//1056 9724//1056 9722//1056
f 9690//1056 9722//1056 9692//1056
f 9692//1056 9722//1056 9720//1056
f 9692//1056 9720//1056 9694//1056
f 9694//1056 9720//1056 9718//1056
f 9694//1056 9718//1056 9696//1056
f 9696//1056 9718//1056 9716//1056
f 9696//1056 9716//1056 9698//1056
f 9698//1056 9716//1056 9714//1056
f 9698//1056 9714//1056 9700//1056
f 9700//1056 9714//1056 9712//1056
f 9700//1056 9712//1056 9702//1056
f 9702//1056 9712//1056 9710//1056
f 9702//1056 9710//1056 9704//1056
f 9704//1056 9710//1056 9708//1056
f 9704//1056 9708//1056 9706//1056
f 9726//1056 9686//1056 9728//1056
f 9728//1056 9686//1056 9756//1056
f 9728//1056 9756//1056 9730//1056
f 9730//1056 9756//1056 9754//1056
f 9730//1056 9754//1056 9732//1056
f 9732//1056 9754//1056 9752//1056
f 9732//1056 9752//1056 9734//1056
f 9734//1056 9752//1056 9750//1056
f 9734//1056 9750//1056 9736//1056
f 9736//1056 9750//1056 9748//1056
f 9736//1056 9748//1056 9738//1056
f 9738//1056 9748//1056 9746//1056
f 9738//1056 9746//1056 9740//1056
f 9740//1056 9746//1056 9744//1056
f 9740//1056 9744//1056 9742//1056
f 8942//950 8941//950 9909//950
f 9909//950 8941//950 9910//950
f 8941//712 8940//712 9910//712
f 9910//712 8940//712 9911//712
f 8940//353 9157//353 9911//353
f 9911//353 9157//353 9912//353
f 9798//1056 9838//1056 9800//1056
f 9800//1056 9838//1056 9836//1056
f 9800//1056 9836//1056 9802//1056
f 9802//1056 9836//1056 9834//1056
f 9802//1056 9834//1056 9804//1056
f 9804//1056 9834//1056 9832//1056
f 9804//1056 9832//1056 9806//1056
f 9806//1056 9832//1056 9830//1056
f 9806//1056 9830//1056 9808//1056
f 9808//1056 9830//1056 9828//1056
f 9808//1056 9828//1056 9810//1056
f 9810//1056 9828//1056 9826//1056
f 9810//1056 9826//1056 9812//1056
f 9812//1056 9826//1056 9824//1056
f 9812//1056 9824//1056 9814//1056
f 9814//1056 9824//1056 9822//1056
f 9814//1056 9822//1056 9816//1056
f 9816//1056 9822//1056 9820//1056
f 9816//1056 9820//1056 9818//1056
f 9838//1056 9798//1056 9840//1056
f 9840//1056 9798//1056 9868//1056
f 9840//1056 9868//1056 9842//1056
f 9842//1056 9868//1056 9866//1056
f 9842//1056 9866//1056 9844//1056
f 9844//1056 9866//1056 9864//1056
f 9844//1056 9864//1056 9846//1056
f 9846//1056 9864//1056 9862//1056
f 9846//1056 9862//1056 9848//1056
f 9848//1056 9862//1056 9860//1056
f 9848//1056 9860//1056 9850//1056
f 9850//1056 9860//1056 9858//1056
f 9850//1056 9858//1056 9852//1056
f 9852//1056 9858//1056 9856//1056
f 9852//1056 9856//1056 9854//1056
f 9909//712 9913//712 8942//712
f 8942//712 9913//712 8943//712
f 9161//950 8945//950 9914//950
f 9914//950 8945//950 9915//950
f 8945//712 8944//712 9915//712
f 9915//712 8944//712 9916//712
f 8944//353 8943//353 9916//353
f 9916//353 8943//353 9913//353
f 9914//712 9917//712 9161//712
f 9161//712 9917//712 9166//712
f 9218//353 9208//353 9918//353
f 9918//353 9208//353 9919//353
f 9208//695 9203//695 9919//695
f 9919//695 9203//695 9920//695
f 9203//950 9197//950 9920//950
f 9920//950 9197//950 9921//950
f 9918//695 9922//695 9218//695
f 9218//695 9922//695 9223//695
f 9191//353 9186//353 9923//353
f 9923//353 9186//353 9924//353
f 9186//695 9184//695 9924//695
f 9924//695 9184//695 9925//695
f 9184//950 9215//950 9925//950
f 9925//950 9215//950 9926//950
f 9197//695 9191//695 9921//695
f 9921//695 9191//695 9923//695
f 9162//695 9167//695 9927//695
f 9927//695 9167//695 9928//695
f 9164//712 9163//712 9929//712
f 9929//712 9163//712 9930//712
f 9163//353 9162//353 9930//353
f 9930//353 9162//353 9927//353
f 9167//353 9166//353 9928//353
f 9928//353 9166//353 9917//353
f 9929//353 9931//353 9164//353
f 9164//353 9931//353 9165//353
f 8921//695 9165//695 9932//695
f 9932//695 9165//695 9931//695
f 9168//712 8914//712 9933//712
f 9933//712 8914//712 9934//712
f 8914//353 8921//353 9934//353
f 9934//353 8921//353 9932//353
f 9933//353 9935//353 9168//353
f 9168//353 9935//353 9169//353
f 8916//695 9169//695 9936//695
f 9936//695 9169//695 9935//695
f 9172//712 9170//712 9937//712
f 9937//712 9170//712 9938//712
f 9170//353 8916//353 9938//353
f 9938//353 8916//353 9936//353
f 9937//353 9939//353 9172//353
f 9172//353 9939//353 9173//353
f 8993//695 9173//695 9940//695
f 9940//695 9173//695 9939//695
f 9174//712 8985//712 9941//712
f 9941//712 8985//712 9942//712
f 8985//353 8993//353 9942//353
f 9942//353 8993//353 9940//353
f 9941//353 9943//353 9174//353
f 9174//353 9943//353 9175//353
f 8987//695 9175//695 9944//695
f 9944//695 9175//695 9943//695
f 9178//712 9176//712 9945//712
f 9945//712 9176//712 9946//712
f 9176//353 8987//353 9946//353
f 9946//353 8987//353 9944//353
f 9945//353 9947//353 9178//353
f 9178//353 9947//353 9179//353
f 9079//695 9179//695 9948//695
f 9948//695 9179//695 9947//695
f 9180//712 9071//712 9949//712
f 9949//712 9071//712 9950//712
f 9071//353 9079//353 9950//353
f 9950//353 9079//353 9948//353
f 9949//353 9951//353 9180//353
f 9180//353 9951//353 9181//353
f 9073//695 9181//695 9952//695
f 9952//695 9181//695 9951//695
f 9212//712 9182//712 9953//712
f 9953//712 9182//712 9954//712
f 9182//353 9073//353 9954//353
f 9954//353 9073//353 9952//353
f 9953//353 9955//353 9212//353
f 9212//353 9955//353 9213//353
f 9211//695 9213//695 9956//695
f 9956//695 9213//695 9955//695
f 9217//712 9214//712 9957//712
f 9957//712 9214//712 9958//712
f 9214//353 9211//353 9958//353
f 9958//353 9211//353 9956//353
f 9957//353 9959//353 9217//353
f 9217//353 9959//353 9216//353
f 9236//695 9158//695 9960//695
f 9960//695 9158//695 9961//695
f 9158//950 9159//950 9961//950
f 9961//950 9159//950 9962//950
f 9159//712 9235//712 9962//712
f 9962//712 9235//712 9963//712
f 9235//950 9160//950 9963//950
f 9963//950 9160//950 9964//950
f 9960//950 9965//950 9236//950
f 9236//950 9965//950 9156//950
f 9160//695 8939//695 9964//695
f 9964//695 8939//695 9966//695
f 8939//950 8946//950 9966//950
f 9966//950 8946//950 9967//950
f 8946//712 9234//712 9967//712
f 9967//712 9234//712 9968//712
f 9234//950 9233//950 9968//950
f 9968//950 9233//950 9969//950
f 9233//695 8948//695 9969//695
f 9969//695 8948//695 9970//695
f 8948//950 9031//950 9970//950
f 9970//950 9031//950 9971//950
f 9031//712 9232//712 9971//712
f 9971//712 9232//712 9972//712
f 9232//950 9231//950 9972//950
f 9972//950 9231//950 9973//950
f 9231//695 9029//695 9973//695
f 9973//695 9029//695 9974//695
f 9029//950 9032//950 9974//950
f 9974//950 9032//950 9975//950
f 9032//712 9230//712 9975//712
f 9975//712 9230//712 9976//712
f 9230//950 9229//950 9976//950
f 9976//950 9229//950 9977//950
f 9229//695 9034//695 9977//695
f 9977//695 9034//695 9978//695
f 9034//950 9119//950 9978//950
f 9978//950 9119//950 9979//950
f 9119//712 9228//712 9979//712
f 9979//712 9228//712 9980//712
f 9228//950 9227//950 9980//950
f 9980//950 9227//950 9981//950
f 9227//695 9116//695 9981//695
f 9981//695 9116//695 9982//695
f 9116//950 9115//950 9982//950
f 9982//950 9115//950 9983//950
f 9115//712 9226//712 9983//712
f 9983//712 9226//712 9984//712
f 9226//950 9225//950 9984//950
f 9984//950 9225//950 9985//950
f 9225//695 9120//695 9985//695
f 9985//695 9120//695 9986//695
f 9120//950 9210//950 9986//950
f 9986//950 9210//950 9987//950
f 9210//712 9222//712 9987//712
f 9987//712 9222//712 9988//712
f 9222//950 9221//950 9988//950
f 9988//950 9221//950 9989//950
f 9221//695 9220//695 9989//695
f 9989//695 9220//695 9990//695
f 9220//950 9219//950 9990//950
f 9990//950 9219//950 9991//950
f 9219//712 9224//712 9991//712
f 9991//712 9224//712 9992//712
f 9224//950 9223//950 9992//950
f 9992//950 9223//950 9922//950
f 9157//712 9156//712 9912//712
f 9912//712 9156//712 9965//712
f 9215//695 9216//695 9926//695
f 9926//695 9216//695 9959//695
f 8398//712 8480//712 8400//712
f 8400//712 8480//712 8610//712
f 7880//337 7881//337 7900//337
f 7900//337 7881//337 7882//337
f 7900//337 7882//337 7883//337
f 7883//337 7884//337 7900//337
f 7900//337 7884//337 7885//337
f 7900//337 7885//337 7886//337
f 7886//337 7887//337 7900//337
f 7900//337 7887//337 7888//337
f 7900//337 7888//337 7889//337
f 7889//337 7890//337 7900//337
f 7900//337 7890//337 7891//337
f 7900//337 7891//337 7899//337
f 7899//337 7891//337 7892//337
f 7899//337 7892//337 7898//337
f 7898//337 7892//337 7893//337
f 7898//337 7893//337 7897//337
f 7897//337 7893//337 7894//337
f 7897//337 7894//337 7896//337
f 7896//337 7894//337 7895//337
f 7901//337 7905//337 7900//337
f 7900//337 7905//337 7906//337
f 7900//337 7906//337 7907//337
f 7905//337 7901//337 7904//337
f 7904//337 7901//337 7902//337
f 7904//337 7902//337 7903//337
f 7907//337 7908//337 7900//337
f 7900//337 7908//337 7880//337
f 8438//1056 8436//1056 8411//1056
f 8411//1056 8436//1056 8434//1056
f 8411//1056 8434//1056 8432//1056
f 8432//1056 8422//1056 8411//1056
f 8411//1056 8422//1056 8400//1056
f 8411//1056 8400//1056 9957//1056
f 9957//1056 8400//1056 9959//1056
f 9959//1056 8400//1056 9926//1056
f 9926//1056 8400//1056 9923//1056
f 9926//1056 9923//1056 9925//1056
f 9925//1056 9923//1056 9924//1056
f 8400//1056 8610//1056 9923//1056
f 9923//1056 8610//1056 9921//1056
f 9921//1056 8610//1056 9918//1056
f 9921//1056 9918//1056 9920//1056
f 9920//1056 9918//1056 9919//1056
f 8633//1056 8599//1056 8610//1056
f 8610//1056 8599//1056 9992//1056
f 8610//1056 9992//1056 9922//1056
f 8633//1056 8631//1056 8599//1056
f 8599//1056 8631//1056 8629//1056
f 8599//1056 8629//1056 8627//1056
f 8627//1056 8621//1056 8599//1056
f 8674//1056 9977//1056 8599//1056
f 8599//1056 9977//1056 9980//1056
f 8599//1056 9980//1056 9981//1056
f 8720//1056 8718//1056 8674//1056
f 8674//1056 8718//1056 8716//1056
f 8674//1056 8716//1056 8714//1056
f 8714//1056 8708//1056 8674//1056
f 8674//1056 8708//1056 8687//1056
f 8674//1056 8687//1056 9960//1056
f 9960//1056 8687//1056 9965//1056
f 9965//1056 8687//1056 9912//1056
f 9912//1056 8687//1056 9909//1056
f 9912//1056 9909//1056 9911//1056
f 9911//1056 9909//1056 9910//1056
f 8687//1056 8523//1056 9909//1056
f 9909//1056 8523//1056 9913//1056
f 9913//1056 8523//1056 9914//1056
f 9913//1056 9914//1056 9916//1056
f 9916//1056 9914//1056 9915//1056
f 8546//1056 8500//1056 8523//1056
f 8523//1056 8500//1056 9928//1056
f 8523//1056 9928//1056 9917//1056
f 8546//1056 8544//1056 8500//1056
f 8500//1056 8544//1056 8542//1056
f 8500//1056 8542//1056 8540//1056
f 8540//1056 8534//1056 8500//1056
f 8411//1056 9943//1056 8500//1056
f 8500//1056 9943//1056 9941//1056
f 8500//1056 9941//1056 9939//1056
f 9939//1056 9941//1056 9942//1056
f 9939//1056 9942//1056 9940//1056
f 9917//1056 9914//1056 8523//1056
f 8674//1056 9960//1056 9963//1056
f 9963//1056 9960//1056 9961//1056
f 9963//1056 9961//1056 9962//1056
f 9963//1056 9964//1056 8674//1056
f 8674//1056 9964//1056 9968//1056
f 8674//1056 9968//1056 9969//1056
f 9964//1056 9966//1056 9968//1056
f 9968//1056 9966//1056 9967//1056
f 8674//1056 9969//1056 9972//1056
f 9972//1056 9969//1056 9970//1056
f 9972//1056 9970//1056 9971//1056
f 9972//1056 9973//1056 8674//1056
f 8674//1056 9973//1056 9976//1056
f 8674//1056 9976//1056 9977//1056
f 9973//1056 9974//1056 9976//1056
f 9976//1056 9974//1056 9975//1056
f 9977//1056 9978//1056 9980//1056
f 9980//1056 9978//1056 9979//1056
f 8599//1056 9981//1056 9984//1056
f 9984//1056 9981//1056 9982//1056
f 9984//1056 9982//1056 9983//1056
f 9984//1056 9985//1056 8599//1056
f 8599//1056 9985//1056 9988//1056
f 8599//1056 9988//1056 9989//1056
f 9985//1056 9986//1056 9988//1056
f 9988//1056 9986//1056 9987//1056
f 8599//1056 9989//1056 9992//1056
f 9992//1056 9989//1056 9990//1056
f 9992//1056 9990//1056 9991//1056
f 9922//1056 9918//1056 8610//1056
f 8411//1056 9957//1056 9955//1056
f 9955//1056 9957//1056 9958//1056
f 9955//1056 9958//1056 9956//1056
f 9955//1056 9953//1056 8411//1056
f 8411//1056 9953//1056 9951//1056
f 8411//1056 9951//1056 9949//1056
f 9953//1056 9954//1056 9951//1056
f 9951//1056 9954//1056 9952//1056
f 8411//1056 9949//1056 9947//1056
f 9947//1056 9949//1056 9950//1056
f 9947//1056 9950//1056 9948//1056
f 9947//1056 9945//1056 8411//1056
f 8411//1056 9945//1056 9943//1056
f 9945//1056 9946//1056 9943//1056
f 9943//1056 9946//1056 9944//1056
f 9939//1056 9937//1056 8500//1056
f 8500//1056 9937//1056 9935//1056
f 8500//1056 9935//1056 9933//1056
f 9937//1056 9938//1056 9935//1056
f 9935//1056 9938//1056 9936//1056
f 8500//1056 9933//1056 9931//1056
f 9931//1056 9933//1056 9934//1056
f 9931//1056 9934//1056 9932//1056
f 9931//1056 9929//1056 8500//1056
f 8500//1056 9929//1056 9928//1056
f 9929//1056 9930//1056 9928//1056
f 9928//1056 9930//1056 9927//1056
