# Blender 4.0.1
# www.blender.org
mtllib building_block_2x6.mtl
o building_block_2x6
v 0.719293 1.468487 -2.463734
v 0.721160 1.476643 -2.467993
v 0.723270 1.468487 -2.505219
v 0.724342 1.476643 -2.505219
v 0.721160 1.476643 -2.542446
v 0.727484 1.484243 -2.505219
v 0.724257 1.484243 -2.542974
v 0.732481 1.490770 -2.505219
v 0.729182 1.490770 -2.543815
v 0.738994 1.495778 -2.505219
v 0.735601 1.495778 -2.544912
v 0.746578 1.498926 -2.505219
v 0.743077 1.498926 -2.546188
v 0.754717 1.500000 -2.505219
v 0.750674 1.500000 -2.549952
v 0.711707 1.476643 -2.431837
v 0.707502 1.468487 -2.423748
v 0.696253 1.476643 -2.397793
v 0.688326 1.468487 -2.386707
v 0.675244 1.476643 -2.366839
v 0.662457 1.468487 -2.353949
v 0.649284 1.476643 -2.339866
v 0.630830 1.468487 -2.326659
v 0.619120 1.476643 -2.317650
v 0.594588 1.468487 -2.305822
v 0.585620 1.476643 -2.300830
v 0.555041 1.468487 -2.292192
v 0.549746 1.476643 -2.289890
v 0.513619 1.468487 -2.286261
v 0.512533 1.476643 -2.285144
v 0.475049 1.476643 -2.286730
v 0.474650 1.484244 -2.283627
v 0.437453 1.484244 -2.291610
v 0.435990 1.490770 -2.286851
v 0.399897 1.490770 -2.301294
v 0.396965 1.495778 -2.295503
v 0.362901 1.495778 -2.316389
v 0.358391 1.498926 -2.310317
v 0.327396 1.498926 -2.337481
v 0.329292 1.500000 -2.324143
v 0.299618 1.500000 -2.357966
v 0.301458 1.498926 -2.369472
v 0.276486 1.500000 -2.396522
v 0.281321 1.498926 -2.405368
v 0.260638 1.500000 -2.438571
v 0.267566 1.498926 -2.444135
v 0.252585 1.500000 -2.482763
v 0.260588 1.498926 -2.484661
v 0.260588 1.498926 -2.525778
v 0.268145 1.495778 -2.485301
v 0.268145 1.495778 -2.525137
v 0.274635 1.490770 -2.485852
v 0.274635 1.490770 -2.524587
v 0.279614 1.484244 -2.486273
v 0.279614 1.484243 -2.524165
v 0.282744 1.476643 -2.486539
v 0.282744 1.476643 -2.523900
v 0.284016 1.468487 -2.526056
v 0.289085 1.476643 -2.560723
v 0.291936 1.468487 -2.566977
v 0.301583 1.476643 -2.595950
v 0.307489 1.468487 -2.605666
v 0.319881 1.476643 -2.628567
v 0.330114 1.468487 -2.640724
v 0.343450 1.476643 -2.657635
v 0.358993 1.468487 -2.670885
v 0.371613 1.476643 -2.682318
v 0.393082 1.468487 -2.695058
v 0.403561 1.476643 -2.701907
v 0.431149 1.468487 -2.712370
v 0.438373 1.476643 -2.715837
v 0.471818 1.468487 -2.722195
v 0.475049 1.476643 -2.723709
v 0.513619 1.468487 -2.724178
v 0.512533 1.476643 -2.725294
v 0.549746 1.476643 -2.720549
v 0.550408 1.484243 -2.723607
v 0.586791 1.484243 -2.712512
v 0.588654 1.490770 -2.717129
v 0.623387 1.490770 -2.699690
v 0.626802 1.495778 -2.705213
v 0.658964 1.495778 -2.681525
v 0.663975 1.498926 -2.687195
v 0.692545 1.498926 -2.657511
v 0.692597 1.500000 -2.670047
v 0.719107 1.500000 -2.633712
v 0.715665 1.498926 -2.623445
v 0.738675 1.500000 -2.593246
v 0.732673 1.498926 -2.585978
v 0.471818 1.468487 -2.288244
v 0.438373 1.476643 -2.294601
v 0.402146 1.484244 -2.305738
v 0.366774 1.490770 -2.321604
v 0.332872 1.495778 -2.342707
v 0.431149 1.468487 -2.298069
v 0.403561 1.476643 -2.308531
v 0.369745 1.484244 -2.325605
v 0.337574 1.490770 -2.347195
v 0.307741 1.495778 -2.373701
v 0.393082 1.468487 -2.315381
v 0.371613 1.476643 -2.328120
v 0.341182 1.484244 -2.350639
v 0.313137 1.490770 -2.377333
v 0.288232 1.495778 -2.408478
v 0.358993 1.468487 -2.339554
v 0.343450 1.476643 -2.352803
v 0.317278 1.484244 -2.380120
v 0.294167 1.490770 -2.411150
v 0.274906 1.495778 -2.446038
v 0.330114 1.468487 -2.369715
v 0.319881 1.476643 -2.381871
v 0.298721 1.484244 -2.413200
v 0.281208 1.490770 -2.447673
v 0.307489 1.468487 -2.404773
v 0.301583 1.476643 -2.414488
v 0.286045 1.484244 -2.448927
v 0.291936 1.468487 -2.443461
v 0.289085 1.476643 -2.449715
v 0.284016 1.468487 -2.484382
v 0.555041 1.468487 -2.718247
v 0.585620 1.476643 -2.709609
v 0.620767 1.484243 -2.695453
v 0.654661 1.490770 -2.676657
v 0.686644 1.495778 -2.652766
v 0.594588 1.468487 -2.704617
v 0.619120 1.476643 -2.692789
v 0.651360 1.484243 -2.672921
v 0.681576 1.490770 -2.648691
v 0.709044 1.495778 -2.619761
v 0.630830 1.468487 -2.683780
v 0.649284 1.476643 -2.670573
v 0.677688 1.484243 -2.645565
v 0.703358 1.490770 -2.616598
v 0.725521 1.495778 -2.583462
v 0.662457 1.468487 -2.656489
v 0.675244 1.476643 -2.643600
v 0.698996 1.484243 -2.614171
v 0.719381 1.490770 -2.581301
v 0.688326 1.468487 -2.623731
v 0.696253 1.476643 -2.612646
v 0.714669 1.484243 -2.579643
v 0.707502 1.468487 -2.586690
v 0.711707 1.476643 -2.578601
v 0.719293 1.468487 -2.546704
v 0.659997 1.500000 -2.701085
v 0.630779 1.498926 -2.711644
v 0.591083 1.495778 -2.723147
v 0.551461 1.490770 -2.728472
v 0.512666 1.484243 -2.728420
v 0.622357 1.500000 -2.725828
v 0.593910 1.498926 -2.730155
v 0.552833 1.495778 -2.734812
v 0.512878 1.490770 -2.733392
v 0.474650 1.484243 -2.726812
v 0.580885 1.500000 -2.743480
v 0.554431 1.498926 -2.742195
v 0.513154 1.495778 -2.739872
v 0.474015 1.490770 -2.731748
v 0.437453 1.484243 -2.718829
v 0.536914 1.500000 -2.753474
v 0.513476 1.498926 -2.747418
v 0.473188 1.495778 -2.738181
v 0.435990 1.490770 -2.723587
v 0.402146 1.484243 -2.704701
v 0.491858 1.500000 -2.755489
v 0.472224 1.498926 -2.745673
v 0.434083 1.495778 -2.729789
v 0.399897 1.490770 -2.709145
v 0.369745 1.484243 -2.684834
v 0.447165 1.500000 -2.749460
v 0.431862 1.498926 -2.737010
v 0.396965 1.495778 -2.714936
v 0.366774 1.490770 -2.688835
v 0.341182 1.484243 -2.659800
v 0.404270 1.500000 -2.735581
v 0.393550 1.498926 -2.721679
v 0.362901 1.495778 -2.694049
v 0.337574 1.490770 -2.663243
v 0.317278 1.484243 -2.630319
v 0.364554 1.500000 -2.714298
v 0.358391 1.498926 -2.700122
v 0.332872 1.495778 -2.667731
v 0.313137 1.490770 -2.633106
v 0.298721 1.484243 -2.597239
v 0.329292 1.500000 -2.686295
v 0.327396 1.498926 -2.672957
v 0.307741 1.495778 -2.636737
v 0.294167 1.490770 -2.599289
v 0.286045 1.484243 -2.561512
v 0.299618 1.500000 -2.652472
v 0.301458 1.498926 -2.640967
v 0.288232 1.495778 -2.601960
v 0.281208 1.490770 -2.562766
v 0.276486 1.500000 -2.613917
v 0.281321 1.498926 -2.605071
v 0.274906 1.495778 -2.564400
v 0.260638 1.500000 -2.571867
v 0.267566 1.498926 -2.566303
v 0.252585 1.500000 -2.527676
v 0.364554 1.500000 -2.296140
v 0.393550 1.498926 -2.288759
v 0.434083 1.495778 -2.280650
v 0.474015 1.490770 -2.278690
v 0.512666 1.484244 -2.282018
v 0.404270 1.500000 -2.274857
v 0.431862 1.498926 -2.273428
v 0.473188 1.495778 -2.272257
v 0.512878 1.490770 -2.277046
v 0.550408 1.484244 -2.286831
v 0.447165 1.500000 -2.260978
v 0.472224 1.498926 -2.264766
v 0.513154 1.495778 -2.270567
v 0.551461 1.490770 -2.281966
v 0.586791 1.484244 -2.297927
v 0.491858 1.500000 -2.254950
v 0.513476 1.498926 -2.263021
v 0.552833 1.495778 -2.275626
v 0.588654 1.490770 -2.293309
v 0.620767 1.484244 -2.314986
v 0.536914 1.500000 -2.256965
v 0.554431 1.498926 -2.268243
v 0.591083 1.495778 -2.287291
v 0.623387 1.490770 -2.310748
v 0.651360 1.484244 -2.337517
v 0.580885 1.500000 -2.266959
v 0.593910 1.498926 -2.280283
v 0.626802 1.495778 -2.305226
v 0.654661 1.490770 -2.333782
v 0.677688 1.484244 -2.364874
v 0.622357 1.500000 -2.284611
v 0.630779 1.498926 -2.298794
v 0.658964 1.495778 -2.328913
v 0.681576 1.490770 -2.361747
v 0.698996 1.484244 -2.396267
v 0.659997 1.500000 -2.309353
v 0.663975 1.498926 -2.323244
v 0.686644 1.495778 -2.357673
v 0.703358 1.490770 -2.393840
v 0.714669 1.484244 -2.430795
v 0.692597 1.500000 -2.340391
v 0.692545 1.498926 -2.352928
v 0.709044 1.495778 -2.390677
v 0.719381 1.490770 -2.429137
v 0.724257 1.484244 -2.467464
v 0.719107 1.500000 -2.376727
v 0.715665 1.498926 -2.386994
v 0.725521 1.495778 -2.426976
v 0.729182 1.490770 -2.466623
v 0.738675 1.500000 -2.417192
v 0.732673 1.498926 -2.424460
v 0.735601 1.495778 -2.465527
v 0.750674 1.500000 -2.460487
v 0.743077 1.498926 -2.464251
v 0.766379 1.500000 -2.458997
v 0.770440 1.500000 -2.505219
v 0.766379 1.500000 -2.551441
v 0.754320 1.500000 -2.596258
v 0.734629 1.500000 -2.638309
v 0.707905 1.500000 -2.676316
v 0.674959 1.500000 -2.709125
v 0.636792 1.500000 -2.735737
v 0.594565 1.500000 -2.755346
v 0.549560 1.500000 -2.767355
v 0.503145 1.500000 -2.771399
v 0.456729 1.500000 -2.767355
v 0.411724 1.500000 -2.755346
v 0.369497 1.500000 -2.735737
v 0.331330 1.500000 -2.709125
v 0.298384 1.500000 -2.676316
v 0.271660 1.500000 -2.638309
v 0.251969 1.500000 -2.596258
v 0.239910 1.500000 -2.551441
v 0.235849 1.500000 -2.505219
v 0.239910 1.500000 -2.458997
v 0.251969 1.500000 -2.414181
v 0.271660 1.500000 -2.372129
v 0.298384 1.500000 -2.334122
v 0.331330 1.500000 -2.301314
v 0.369497 1.500000 -2.274701
v 0.411724 1.500000 -2.255092
v 0.456729 1.500000 -2.243084
v 0.503145 1.500000 -2.239040
v 0.549560 1.500000 -2.243084
v 0.594565 1.500000 -2.255092
v 0.636792 1.500000 -2.274701
v 0.674959 1.500000 -2.301314
v 0.707905 1.500000 -2.334122
v 0.734629 1.500000 -2.372129
v 0.754320 1.500000 -2.414181
v 0.719293 1.210084 -2.463734
v 0.723270 1.210084 -2.505219
v 0.719293 1.210084 -2.546704
v 0.707502 1.210084 -2.586690
v 0.688326 1.210084 -2.623731
v 0.662457 1.210084 -2.656489
v 0.630830 1.210084 -2.683780
v 0.594588 1.210084 -2.704617
v 0.555041 1.210084 -2.718247
v 0.513619 1.210084 -2.724178
v 0.471818 1.210084 -2.722195
v 0.431149 1.210084 -2.712370
v 0.393082 1.210084 -2.695058
v 0.358993 1.210084 -2.670885
v 0.330114 1.210084 -2.640724
v 0.307489 1.210084 -2.605666
v 0.291936 1.210084 -2.566977
v 0.284016 1.210084 -2.526056
v 0.284016 1.210084 -2.484382
v 0.291936 1.210084 -2.443461
v 0.307489 1.210084 -2.404773
v 0.330114 1.210084 -2.369715
v 0.358993 1.210084 -2.339554
v 0.393082 1.210084 -2.315381
v 0.431149 1.210084 -2.298069
v 0.471818 1.210084 -2.288244
v 0.513619 1.210084 -2.286261
v 0.555041 1.210084 -2.292192
v 0.594588 1.210084 -2.305822
v 0.630830 1.210084 -2.326659
v 0.662457 1.210084 -2.353949
v 0.688326 1.210084 -2.386707
v 0.707502 1.210084 -2.423748
v 0.797812 1.468487 -2.554185
v 0.796755 1.476643 -2.554009
v 0.801887 1.468487 -2.505219
v 0.800815 1.476643 -2.505219
v 0.797812 1.468487 -2.456253
v 0.796755 1.476643 -2.456429
v 0.785700 1.468487 -2.408623
v 0.784687 1.476643 -2.408969
v 0.765881 1.468487 -2.363627
v 0.764938 1.476643 -2.364135
v 0.738894 1.468487 -2.322494
v 0.738049 1.476643 -2.323149
v 0.705477 1.468487 -2.286345
v 0.704751 1.476643 -2.287130
v 0.666541 1.468487 -2.256167
v 0.665955 1.476643 -2.257060
v 0.623148 1.468487 -2.232782
v 0.622718 1.476643 -2.233759
v 0.576482 1.468487 -2.216828
v 0.576218 1.476643 -2.217862
v 0.527815 1.468487 -2.208740
v 0.527726 1.476643 -2.209804
v 0.478475 1.468487 -2.208740
v 0.478563 1.476643 -2.209804
v 0.429808 1.468487 -2.216828
v 0.430071 1.476643 -2.217862
v 0.383141 1.468487 -2.232782
v 0.383572 1.476643 -2.233759
v 0.339748 1.468487 -2.256167
v 0.340334 1.476643 -2.257060
v 0.300812 1.468487 -2.286345
v 0.301538 1.476643 -2.287130
v 0.267395 1.468487 -2.322494
v 0.268241 1.476643 -2.323149
v 0.240409 1.468487 -2.363627
v 0.241351 1.476643 -2.364135
v 0.220589 1.468487 -2.408623
v 0.221603 1.476643 -2.408969
v 0.208477 1.468487 -2.456253
v 0.209534 1.476643 -2.456429
v 0.204403 1.468487 -2.505219
v 0.205474 1.476643 -2.505219
v 0.208477 1.468487 -2.554185
v 0.209534 1.476643 -2.554009
v 0.220589 1.468487 -2.601816
v 0.221603 1.476643 -2.601469
v 0.240409 1.468487 -2.646811
v 0.241351 1.476643 -2.646303
v 0.267395 1.468487 -2.687944
v 0.268241 1.476643 -2.687289
v 0.300812 1.468487 -2.724093
v 0.301538 1.476643 -2.723308
v 0.339748 1.468487 -2.754272
v 0.340334 1.476643 -2.753378
v 0.383141 1.468487 -2.777657
v 0.383572 1.476643 -2.776680
v 0.429808 1.468487 -2.793611
v 0.430071 1.476643 -2.792576
v 0.478475 1.468487 -2.801698
v 0.478563 1.476643 -2.800634
v 0.527815 1.468487 -2.801698
v 0.527726 1.476643 -2.800634
v 0.576482 1.468487 -2.793611
v 0.576218 1.476643 -2.792576
v 0.623148 1.468487 -2.777657
v 0.622718 1.476643 -2.776680
v 0.666541 1.468487 -2.754272
v 0.665955 1.476643 -2.753378
v 0.705477 1.468487 -2.724093
v 0.704751 1.476643 -2.723308
v 0.738894 1.468487 -2.687944
v 0.738049 1.476643 -2.687289
v 0.765881 1.468487 -2.646811
v 0.764938 1.476643 -2.646303
v 0.785700 1.468487 -2.601816
v 0.784687 1.476643 -2.601469
v 0.774823 1.498926 -2.460073
v 0.778579 1.498926 -2.505219
v 0.774823 1.498926 -2.550365
v 0.786164 1.495778 -2.505219
v 0.782304 1.495778 -2.551608
v 0.792676 1.490770 -2.505219
v 0.788728 1.490770 -2.552676
v 0.797674 1.484243 -2.505219
v 0.793657 1.484243 -2.553495
v 0.763655 1.498926 -2.416159
v 0.745382 1.498926 -2.374674
v 0.720501 1.498926 -2.336750
v 0.689691 1.498926 -2.303422
v 0.653793 1.498926 -2.275598
v 0.613786 1.498926 -2.254037
v 0.570760 1.498926 -2.239328
v 0.525890 1.498926 -2.231872
v 0.480399 1.498926 -2.231872
v 0.435530 1.498926 -2.239328
v 0.392504 1.498926 -2.254037
v 0.352496 1.498926 -2.275598
v 0.316598 1.498926 -2.303422
v 0.285788 1.498926 -2.336750
v 0.260907 1.498926 -2.374674
v 0.242634 1.498926 -2.416159
v 0.231467 1.498926 -2.460073
v 0.227710 1.498926 -2.505219
v 0.231467 1.498926 -2.550365
v 0.223986 1.495778 -2.551608
v 0.235461 1.495778 -2.596732
v 0.229301 1.490770 -2.598837
v 0.248509 1.490770 -2.642446
v 0.244114 1.484243 -2.644814
v 0.270720 1.484243 -2.685367
v 0.242634 1.498926 -2.594279
v 0.254237 1.495778 -2.639359
v 0.274664 1.490770 -2.682311
v 0.303666 1.484243 -2.721006
v 0.260907 1.498926 -2.635764
v 0.279803 1.495778 -2.678327
v 0.307050 1.490770 -2.717345
v 0.342053 1.484243 -2.750759
v 0.285788 1.498926 -2.673688
v 0.311461 1.495778 -2.712574
v 0.344786 1.490770 -2.746593
v 0.384834 1.484243 -2.773815
v 0.316598 1.498926 -2.707017
v 0.348348 1.495778 -2.741164
v 0.386841 1.490770 -2.769258
v 0.430842 1.484243 -2.789544
v 0.352496 1.498926 -2.734841
v 0.389457 1.495778 -2.763318
v 0.432069 1.490770 -2.784719
v 0.478823 1.484243 -2.797517
v 0.392504 1.498926 -2.756402
v 0.433668 1.495778 -2.778432
v 0.479235 1.490770 -2.792557
v 0.527467 1.484243 -2.797517
v 0.435530 1.498926 -2.771111
v 0.479773 1.495778 -2.786094
v 0.527054 1.490770 -2.792557
v 0.575447 1.484243 -2.789544
v 0.480399 1.498926 -2.778567
v 0.526516 1.495778 -2.786094
v 0.574221 1.490770 -2.784719
v 0.621456 1.484243 -2.773815
v 0.525890 1.498926 -2.778567
v 0.572622 1.495778 -2.778432
v 0.619448 1.490770 -2.769258
v 0.664237 1.484243 -2.750759
v 0.570760 1.498926 -2.771111
v 0.616832 1.495778 -2.763318
v 0.661503 1.490770 -2.746593
v 0.702624 1.484243 -2.721006
v 0.613786 1.498926 -2.756402
v 0.657941 1.495778 -2.741164
v 0.699239 1.490770 -2.717345
v 0.735570 1.484243 -2.685367
v 0.653793 1.498926 -2.734841
v 0.694828 1.495778 -2.712574
v 0.731626 1.490770 -2.682311
v 0.762175 1.484243 -2.644814
v 0.689691 1.498926 -2.707017
v 0.726486 1.495778 -2.678327
v 0.757780 1.490770 -2.642446
v 0.781715 1.484243 -2.600453
v 0.720501 1.498926 -2.673688
v 0.752052 1.495778 -2.639359
v 0.776989 1.490770 -2.598837
v 0.745382 1.498926 -2.635764
v 0.770829 1.495778 -2.596732
v 0.763655 1.498926 -2.594279
v 0.208616 1.484243 -2.505219
v 0.212633 1.484243 -2.553495
v 0.224574 1.484243 -2.600453
v 0.213613 1.490770 -2.505219
v 0.217562 1.490770 -2.552676
v 0.212633 1.484244 -2.456944
v 0.224574 1.484244 -2.409985
v 0.244114 1.484244 -2.365624
v 0.270720 1.484244 -2.325071
v 0.303666 1.484244 -2.289432
v 0.342053 1.484244 -2.259679
v 0.384834 1.484244 -2.236624
v 0.430842 1.484244 -2.220895
v 0.478823 1.484244 -2.212922
v 0.527467 1.484244 -2.212922
v 0.575447 1.484244 -2.220895
v 0.621456 1.484244 -2.236624
v 0.664237 1.484244 -2.259679
v 0.702624 1.484244 -2.289432
v 0.735570 1.484244 -2.325071
v 0.762175 1.484244 -2.365624
v 0.781715 1.484244 -2.409985
v 0.793657 1.484244 -2.456944
v 0.220126 1.495778 -2.505219
v 0.217562 1.490770 -2.457763
v 0.229301 1.490770 -2.411601
v 0.248509 1.490770 -2.367993
v 0.274664 1.490770 -2.328128
v 0.307050 1.490770 -2.293093
v 0.344786 1.490770 -2.263845
v 0.386841 1.490770 -2.241181
v 0.432069 1.490770 -2.225719
v 0.479235 1.490770 -2.217881
v 0.527054 1.490770 -2.217881
v 0.574221 1.490770 -2.225719
v 0.619448 1.490770 -2.241181
v 0.661503 1.490770 -2.263845
v 0.699239 1.490770 -2.293093
v 0.731626 1.490770 -2.328128
v 0.757780 1.490770 -2.367993
v 0.776989 1.490770 -2.411601
v 0.788728 1.490770 -2.457763
v 0.223986 1.495778 -2.458830
v 0.235461 1.495778 -2.413707
v 0.254237 1.495778 -2.371080
v 0.279803 1.495778 -2.332111
v 0.311461 1.495778 -2.297865
v 0.348348 1.495778 -2.269274
v 0.389457 1.495778 -2.247120
v 0.433668 1.495778 -2.232006
v 0.479773 1.495778 -2.224345
v 0.526516 1.495778 -2.224345
v 0.572622 1.495778 -2.232006
v 0.616832 1.495778 -2.247120
v 0.657941 1.495778 -2.269274
v 0.694828 1.495778 -2.297865
v 0.726486 1.495778 -2.332111
v 0.752052 1.495778 -2.371080
v 0.770829 1.495778 -2.413707
v 0.782304 1.495778 -2.458830
v 0.797812 1.210084 -2.554185
v 0.801887 1.210084 -2.505219
v 0.797812 1.210084 -2.456253
v 0.785700 1.210084 -2.408623
v 0.765881 1.210084 -2.363627
v 0.738894 1.210084 -2.322494
v 0.705477 1.210084 -2.286345
v 0.666541 1.210084 -2.256167
v 0.623148 1.210084 -2.232782
v 0.576482 1.210084 -2.216828
v 0.527815 1.210084 -2.208740
v 0.478475 1.210084 -2.208740
v 0.429808 1.210084 -2.216828
v 0.383141 1.210084 -2.232782
v 0.339748 1.210084 -2.256167
v 0.300812 1.210084 -2.286345
v 0.267395 1.210084 -2.322494
v 0.240409 1.210084 -2.363627
v 0.220589 1.210084 -2.408623
v 0.208477 1.210084 -2.456253
v 0.204403 1.210084 -2.505219
v 0.208477 1.210084 -2.554185
v 0.220589 1.210084 -2.601816
v 0.240409 1.210084 -2.646811
v 0.267395 1.210084 -2.687944
v 0.300812 1.210084 -2.724093
v 0.339748 1.210084 -2.754272
v 0.383141 1.210084 -2.777657
v 0.429808 1.210084 -2.793611
v 0.478475 1.210084 -2.801698
v 0.527815 1.210084 -2.801698
v 0.576482 1.210084 -2.793611
v 0.623148 1.210084 -2.777657
v 0.666541 1.210084 -2.754272
v 0.705477 1.210084 -2.724093
v 0.738894 1.210084 -2.687944
v 0.765881 1.210084 -2.646811
v 0.785700 1.210084 -2.601816
v 0.719293 1.468487 -1.461646
v 0.721160 1.476643 -1.465905
v 0.723270 1.468487 -1.503132
v 0.724342 1.476643 -1.503132
v 0.721160 1.476643 -1.540358
v 0.727484 1.484244 -1.503132
v 0.724257 1.484244 -1.540887
v 0.732481 1.490770 -1.503132
v 0.729182 1.490770 -1.541728
v 0.738994 1.495778 -1.503132
v 0.735601 1.495778 -1.542824
v 0.746578 1.498926 -1.503132
v 0.743077 1.498926 -1.544100
v 0.754717 1.500000 -1.503132
v 0.750674 1.500000 -1.547864
v 0.711707 1.476643 -1.429750
v 0.707502 1.468487 -1.421661
v 0.696253 1.476643 -1.395705
v 0.688326 1.468487 -1.384619
v 0.675244 1.476643 -1.364751
v 0.662457 1.468487 -1.351861
v 0.649284 1.476643 -1.337778
v 0.630830 1.468487 -1.324571
v 0.619120 1.476643 -1.315562
v 0.594588 1.468487 -1.303734
v 0.585620 1.476643 -1.298742
v 0.555041 1.468487 -1.290104
v 0.549746 1.476643 -1.287802
v 0.513619 1.468487 -1.284173
v 0.512533 1.476643 -1.283056
v 0.475049 1.476643 -1.284642
v 0.474650 1.484244 -1.281539
v 0.437453 1.484244 -1.289522
v 0.435990 1.490770 -1.284763
v 0.399897 1.490770 -1.299206
v 0.396965 1.495778 -1.293415
v 0.362901 1.495778 -1.314301
v 0.358391 1.498926 -1.308229
v 0.327396 1.498926 -1.335394
v 0.329292 1.500000 -1.322056
v 0.299618 1.500000 -1.355879
v 0.301458 1.498926 -1.367384
v 0.276486 1.500000 -1.394434
v 0.281321 1.498926 -1.403280
v 0.260638 1.500000 -1.436483
v 0.267566 1.498926 -1.442048
v 0.252585 1.500000 -1.480675
v 0.260588 1.498926 -1.482573
v 0.260588 1.498926 -1.523690
v 0.268145 1.495778 -1.483214
v 0.268145 1.495778 -1.523049
v 0.274635 1.490770 -1.483764
v 0.274635 1.490770 -1.522499
v 0.279614 1.484244 -1.484186
v 0.279614 1.484244 -1.522077
v 0.282744 1.476643 -1.484451
v 0.282744 1.476643 -1.521812
v 0.284016 1.468487 -1.523968
v 0.289085 1.476643 -1.558636
v 0.291936 1.468487 -1.564889
v 0.301583 1.476643 -1.593863
v 0.307489 1.468487 -1.603578
v 0.319881 1.476643 -1.626479
v 0.330114 1.468487 -1.638636
v 0.343450 1.476643 -1.655547
v 0.358993 1.468487 -1.668797
v 0.371613 1.476643 -1.680231
v 0.393082 1.468487 -1.692970
v 0.403561 1.476643 -1.699820
v 0.431149 1.468487 -1.710282
v 0.438373 1.476643 -1.713750
v 0.471818 1.468487 -1.720107
v 0.475049 1.476643 -1.721621
v 0.513619 1.468487 -1.722090
v 0.512533 1.476643 -1.723207
v 0.549746 1.476643 -1.718461
v 0.550408 1.484244 -1.721519
v 0.586791 1.484244 -1.710424
v 0.588654 1.490770 -1.715042
v 0.623387 1.490770 -1.697603
v 0.626802 1.495778 -1.703125
v 0.658964 1.495778 -1.679438
v 0.663975 1.498926 -1.685107
v 0.692545 1.498926 -1.655423
v 0.692597 1.500000 -1.667960
v 0.719107 1.500000 -1.631624
v 0.715665 1.498926 -1.621357
v 0.738675 1.500000 -1.591159
v 0.732673 1.498926 -1.583890
v 0.471818 1.468487 -1.286156
v 0.438373 1.476643 -1.292513
v 0.402146 1.484244 -1.303650
v 0.366774 1.490770 -1.319516
v 0.332872 1.495778 -1.340620
v 0.431149 1.468487 -1.295981
v 0.403561 1.476643 -1.306443
v 0.369745 1.484244 -1.323517
v 0.337574 1.490770 -1.345107
v 0.307741 1.495778 -1.371614
v 0.393082 1.468487 -1.313293
v 0.371613 1.476643 -1.326032
v 0.341182 1.484244 -1.348551
v 0.313137 1.490770 -1.375245
v 0.288232 1.495778 -1.406391
v 0.358993 1.468487 -1.337466
v 0.343450 1.476643 -1.350716
v 0.317278 1.484244 -1.378032
v 0.294167 1.490770 -1.409062
v 0.274906 1.495778 -1.443951
v 0.330114 1.468487 -1.367627
v 0.319881 1.476643 -1.379784
v 0.298721 1.484244 -1.411112
v 0.281208 1.490770 -1.445585
v 0.307489 1.468487 -1.402685
v 0.301583 1.476643 -1.412400
v 0.286045 1.484244 -1.446839
v 0.291936 1.468487 -1.441374
v 0.289085 1.476643 -1.447627
v 0.284016 1.468487 -1.482295
v 0.555041 1.468487 -1.716159
v 0.585620 1.476643 -1.707521
v 0.620767 1.484244 -1.693365
v 0.654661 1.490770 -1.674569
v 0.686644 1.495778 -1.650678
v 0.594588 1.468487 -1.702529
v 0.619120 1.476643 -1.690701
v 0.651360 1.484244 -1.670833
v 0.681576 1.490770 -1.646604
v 0.709044 1.495778 -1.617674
v 0.630830 1.468487 -1.681692
v 0.649284 1.476643 -1.668485
v 0.677688 1.484244 -1.643477
v 0.703358 1.490770 -1.614511
v 0.725521 1.495778 -1.581374
v 0.662457 1.468487 -1.654402
v 0.675244 1.476643 -1.641512
v 0.698996 1.484244 -1.612084
v 0.719381 1.490770 -1.579214
v 0.688326 1.468487 -1.621644
v 0.696253 1.476643 -1.610558
v 0.714669 1.484244 -1.577556
v 0.707502 1.468487 -1.584602
v 0.711707 1.476643 -1.576513
v 0.719293 1.468487 -1.544617
v 0.659997 1.500000 -1.698997
v 0.630779 1.498926 -1.709557
v 0.591083 1.495778 -1.721059
v 0.551461 1.490770 -1.726384
v 0.512666 1.484244 -1.726332
v 0.622357 1.500000 -1.723740
v 0.593910 1.498926 -1.728068
v 0.552833 1.495778 -1.732724
v 0.512878 1.490770 -1.731304
v 0.474650 1.484244 -1.724724
v 0.580885 1.500000 -1.741392
v 0.554431 1.498926 -1.740107
v 0.513154 1.495778 -1.737784
v 0.474015 1.490770 -1.729661
v 0.437453 1.484244 -1.716741
v 0.536914 1.500000 -1.751386
v 0.513476 1.498926 -1.745330
v 0.473188 1.495778 -1.736094
v 0.435990 1.490770 -1.721500
v 0.402146 1.484244 -1.702613
v 0.491858 1.500000 -1.753401
v 0.472224 1.498926 -1.743585
v 0.434083 1.495778 -1.727701
v 0.399897 1.490770 -1.707057
v 0.369745 1.484244 -1.682746
v 0.447165 1.500000 -1.747372
v 0.431862 1.498926 -1.734923
v 0.396965 1.495778 -1.712848
v 0.366774 1.490770 -1.686747
v 0.341182 1.484244 -1.657712
v 0.404270 1.500000 -1.733494
v 0.393550 1.498926 -1.719592
v 0.362901 1.495778 -1.691962
v 0.337574 1.490770 -1.661156
v 0.317278 1.484244 -1.628231
v 0.364554 1.500000 -1.712210
v 0.358391 1.498926 -1.698034
v 0.332872 1.495778 -1.665643
v 0.313137 1.490770 -1.631018
v 0.298721 1.484244 -1.595151
v 0.329292 1.500000 -1.684207
v 0.327396 1.498926 -1.670869
v 0.307741 1.495778 -1.634650
v 0.294167 1.490770 -1.597201
v 0.286045 1.484244 -1.559424
v 0.299618 1.500000 -1.650385
v 0.301458 1.498926 -1.638879
v 0.288232 1.495778 -1.599872
v 0.281208 1.490770 -1.560678
v 0.276486 1.500000 -1.611829
v 0.281321 1.498926 -1.602983
v 0.274906 1.495778 -1.562312
v 0.260638 1.500000 -1.569780
v 0.267566 1.498926 -1.564215
v 0.252585 1.500000 -1.525588
v 0.364554 1.500000 -1.294053
v 0.393550 1.498926 -1.286671
v 0.434083 1.495778 -1.278562
v 0.474015 1.490770 -1.276603
v 0.512666 1.484244 -1.279931
v 0.404270 1.500000 -1.272770
v 0.431862 1.498926 -1.271340
v 0.473188 1.495778 -1.270169
v 0.512878 1.490770 -1.274959
v 0.550408 1.484244 -1.284744
v 0.447165 1.500000 -1.258891
v 0.472224 1.498926 -1.262678
v 0.513154 1.495778 -1.268479
v 0.551461 1.490770 -1.279879
v 0.586791 1.484244 -1.295839
v 0.491858 1.500000 -1.252862
v 0.513476 1.498926 -1.260933
v 0.552833 1.495778 -1.273539
v 0.588654 1.490770 -1.291221
v 0.620767 1.484244 -1.312898
v 0.536914 1.500000 -1.254877
v 0.554431 1.498926 -1.266156
v 0.591083 1.495778 -1.285204
v 0.623387 1.490770 -1.308661
v 0.651360 1.484244 -1.335430
v 0.580885 1.500000 -1.264871
v 0.593910 1.498926 -1.278196
v 0.626802 1.495778 -1.303138
v 0.654661 1.490770 -1.331694
v 0.677688 1.484244 -1.362786
v 0.622357 1.500000 -1.282523
v 0.630779 1.498926 -1.296706
v 0.658964 1.495778 -1.326825
v 0.681576 1.490770 -1.359659
v 0.698996 1.484244 -1.394179
v 0.659997 1.500000 -1.307266
v 0.663975 1.498926 -1.321156
v 0.686644 1.495778 -1.355585
v 0.703358 1.490770 -1.391752
v 0.714669 1.484244 -1.428707
v 0.692597 1.500000 -1.338304
v 0.692545 1.498926 -1.350840
v 0.709044 1.495778 -1.388589
v 0.719381 1.490770 -1.427049
v 0.724257 1.484244 -1.465376
v 0.719107 1.500000 -1.374639
v 0.715665 1.498926 -1.384906
v 0.725521 1.495778 -1.424889
v 0.729182 1.490770 -1.464535
v 0.738675 1.500000 -1.415105
v 0.732673 1.498926 -1.422373
v 0.735601 1.495778 -1.463439
v 0.750674 1.500000 -1.458399
v 0.743077 1.498926 -1.462163
v 0.766379 1.500000 -1.456910
v 0.770440 1.500000 -1.503132
v 0.766379 1.500000 -1.549353
v 0.754320 1.500000 -1.594170
v 0.734629 1.500000 -1.636221
v 0.707905 1.500000 -1.674228
v 0.674959 1.500000 -1.707037
v 0.636792 1.500000 -1.733650
v 0.594565 1.500000 -1.753258
v 0.549560 1.500000 -1.765267
v 0.503145 1.500000 -1.769311
v 0.456729 1.500000 -1.765267
v 0.411724 1.500000 -1.753258
v 0.369497 1.500000 -1.733650
v 0.331330 1.500000 -1.707037
v 0.298384 1.500000 -1.674228
v 0.271660 1.500000 -1.636221
v 0.251969 1.500000 -1.594170
v 0.239910 1.500000 -1.549353
v 0.235849 1.500000 -1.503132
v 0.239910 1.500000 -1.456910
v 0.251969 1.500000 -1.412093
v 0.271660 1.500000 -1.370042
v 0.298384 1.500000 -1.332035
v 0.331330 1.500000 -1.299226
v 0.369497 1.500000 -1.272613
v 0.411724 1.500000 -1.253005
v 0.456729 1.500000 -1.240996
v 0.503145 1.500000 -1.236952
v 0.549560 1.500000 -1.240996
v 0.594565 1.500000 -1.253005
v 0.636792 1.500000 -1.272613
v 0.674959 1.500000 -1.299226
v 0.707905 1.500000 -1.332035
v 0.734629 1.500000 -1.370042
v 0.754320 1.500000 -1.412093
v 0.719293 1.210084 -1.461646
v 0.723270 1.210084 -1.503132
v 0.719293 1.210084 -1.544617
v 0.707502 1.210084 -1.584602
v 0.688326 1.210084 -1.621644
v 0.662457 1.210084 -1.654402
v 0.630830 1.210084 -1.681692
v 0.594588 1.210084 -1.702529
v 0.555041 1.210084 -1.716159
v 0.513619 1.210084 -1.722090
v 0.471818 1.210084 -1.720107
v 0.431149 1.210084 -1.710282
v 0.393082 1.210084 -1.692970
v 0.358993 1.210084 -1.668797
v 0.330114 1.210084 -1.638636
v 0.307489 1.210084 -1.603578
v 0.291936 1.210084 -1.564889
v 0.284016 1.210084 -1.523968
v 0.284016 1.210084 -1.482295
v 0.291936 1.210084 -1.441374
v 0.307489 1.210084 -1.402685
v 0.330114 1.210084 -1.367627
v 0.358993 1.210084 -1.337466
v 0.393082 1.210084 -1.313293
v 0.431149 1.210084 -1.295981
v 0.471818 1.210084 -1.286156
v 0.513619 1.210084 -1.284173
v 0.555041 1.210084 -1.290104
v 0.594588 1.210084 -1.303734
v 0.630830 1.210084 -1.324571
v 0.662457 1.210084 -1.351861
v 0.688326 1.210084 -1.384619
v 0.707502 1.210084 -1.421661
v 0.797812 1.468487 -1.552098
v 0.796755 1.476643 -1.551922
v 0.801887 1.468487 -1.503132
v 0.800815 1.476643 -1.503132
v 0.797812 1.468487 -1.454165
v 0.796755 1.476643 -1.454341
v 0.785700 1.468487 -1.406535
v 0.784687 1.476643 -1.406882
v 0.765881 1.468487 -1.361540
v 0.764938 1.476643 -1.362047
v 0.738894 1.468487 -1.320406
v 0.738049 1.476643 -1.321062
v 0.705477 1.468487 -1.284258
v 0.704751 1.476643 -1.285043
v 0.666541 1.468487 -1.254079
v 0.665955 1.476643 -1.254972
v 0.623148 1.468487 -1.230694
v 0.622718 1.476643 -1.231671
v 0.576482 1.468487 -1.214740
v 0.576218 1.476643 -1.215774
v 0.527815 1.468487 -1.206653
v 0.527726 1.476643 -1.207716
v 0.478475 1.468487 -1.206653
v 0.478563 1.476643 -1.207716
v 0.429808 1.468487 -1.214740
v 0.430071 1.476643 -1.215774
v 0.383141 1.468487 -1.230694
v 0.383572 1.476643 -1.231671
v 0.339748 1.468487 -1.254079
v 0.340334 1.476643 -1.254972
v 0.300812 1.468487 -1.284258
v 0.301538 1.476643 -1.285043
v 0.267395 1.468487 -1.320406
v 0.268241 1.476643 -1.321062
v 0.240409 1.468487 -1.361540
v 0.241351 1.476643 -1.362047
v 0.220589 1.468487 -1.406535
v 0.221603 1.476643 -1.406882
v 0.208477 1.468487 -1.454165
v 0.209534 1.476643 -1.454341
v 0.204403 1.468487 -1.503132
v 0.205474 1.476643 -1.503132
v 0.208477 1.468487 -1.552098
v 0.209534 1.476643 -1.551922
v 0.220589 1.468487 -1.599728
v 0.221603 1.476643 -1.599381
v 0.240409 1.468487 -1.644723
v 0.241351 1.476643 -1.644216
v 0.267395 1.468487 -1.685857
v 0.268241 1.476643 -1.685201
v 0.300812 1.468487 -1.722005
v 0.301538 1.476643 -1.721220
v 0.339748 1.468487 -1.752184
v 0.340334 1.476643 -1.751291
v 0.383141 1.468487 -1.775569
v 0.383572 1.476643 -1.774592
v 0.429808 1.468487 -1.791523
v 0.430071 1.476643 -1.790489
v 0.478475 1.468487 -1.799610
v 0.478563 1.476643 -1.798547
v 0.527815 1.468487 -1.799610
v 0.527726 1.476643 -1.798547
v 0.576482 1.468487 -1.791523
v 0.576218 1.476643 -1.790489
v 0.623148 1.468487 -1.775569
v 0.622718 1.476643 -1.774592
v 0.666541 1.468487 -1.752184
v 0.665955 1.476643 -1.751291
v 0.705477 1.468487 -1.722005
v 0.704751 1.476643 -1.721220
v 0.738894 1.468487 -1.685857
v 0.738049 1.476643 -1.685201
v 0.765881 1.468487 -1.644723
v 0.764938 1.476643 -1.644216
v 0.785700 1.468487 -1.599728
v 0.784687 1.476643 -1.599381
v 0.774823 1.498926 -1.457986
v 0.778579 1.498926 -1.503132
v 0.774823 1.498926 -1.548277
v 0.786164 1.495778 -1.503132
v 0.782304 1.495778 -1.549520
v 0.792676 1.490770 -1.503132
v 0.788728 1.490770 -1.550588
v 0.797674 1.484244 -1.503132
v 0.793657 1.484244 -1.551407
v 0.763655 1.498926 -1.414072
v 0.745382 1.498926 -1.372587
v 0.720501 1.498926 -1.334662
v 0.689691 1.498926 -1.301334
v 0.653793 1.498926 -1.273510
v 0.613786 1.498926 -1.251949
v 0.570760 1.498926 -1.237240
v 0.525890 1.498926 -1.229784
v 0.480399 1.498926 -1.229784
v 0.435530 1.498926 -1.237240
v 0.392504 1.498926 -1.251949
v 0.352496 1.498926 -1.273510
v 0.316598 1.498926 -1.301334
v 0.285788 1.498926 -1.334662
v 0.260907 1.498926 -1.372587
v 0.242634 1.498926 -1.414072
v 0.231467 1.498926 -1.457986
v 0.227710 1.498926 -1.503132
v 0.231467 1.498926 -1.548277
v 0.223986 1.495778 -1.549520
v 0.235461 1.495778 -1.594644
v 0.229301 1.490770 -1.596750
v 0.248509 1.490770 -1.640358
v 0.244114 1.484244 -1.642727
v 0.270720 1.484244 -1.683280
v 0.242634 1.498926 -1.592191
v 0.254237 1.495778 -1.637271
v 0.274664 1.490770 -1.680223
v 0.303666 1.484244 -1.718919
v 0.260907 1.498926 -1.633676
v 0.279803 1.495778 -1.676239
v 0.307050 1.490770 -1.715257
v 0.342053 1.484244 -1.748672
v 0.285788 1.498926 -1.671601
v 0.311461 1.495778 -1.710486
v 0.344786 1.490770 -1.744506
v 0.384834 1.484244 -1.771727
v 0.316598 1.498926 -1.704929
v 0.348348 1.495778 -1.739076
v 0.386841 1.490770 -1.767170
v 0.430842 1.484244 -1.787456
v 0.352496 1.498926 -1.732753
v 0.389457 1.495778 -1.761230
v 0.432069 1.490770 -1.782632
v 0.478823 1.484244 -1.795429
v 0.392504 1.498926 -1.754314
v 0.433668 1.495778 -1.776345
v 0.479235 1.490770 -1.790469
v 0.527467 1.484244 -1.795429
v 0.435530 1.498926 -1.769023
v 0.479773 1.495778 -1.784006
v 0.527054 1.490770 -1.790469
v 0.575447 1.484244 -1.787456
v 0.480399 1.498926 -1.776479
v 0.526516 1.495778 -1.784006
v 0.574221 1.490770 -1.782632
v 0.621456 1.484244 -1.771727
v 0.525890 1.498926 -1.776479
v 0.572622 1.495778 -1.776345
v 0.619448 1.490770 -1.767170
v 0.664237 1.484244 -1.748672
v 0.570760 1.498926 -1.769023
v 0.616832 1.495778 -1.761230
v 0.661503 1.490770 -1.744506
v 0.702624 1.484244 -1.718919
v 0.613786 1.498926 -1.754314
v 0.657941 1.495778 -1.739076
v 0.699239 1.490770 -1.715257
v 0.735570 1.484244 -1.683280
v 0.653793 1.498926 -1.732753
v 0.694828 1.495778 -1.710486
v 0.731626 1.490770 -1.680223
v 0.762175 1.484244 -1.642727
v 0.689691 1.498926 -1.704929
v 0.726486 1.495778 -1.676239
v 0.757780 1.490770 -1.640358
v 0.781715 1.484244 -1.598366
v 0.720501 1.498926 -1.671601
v 0.752052 1.495778 -1.637271
v 0.776989 1.490770 -1.596750
v 0.745382 1.498926 -1.633676
v 0.770829 1.495778 -1.594644
v 0.763655 1.498926 -1.592191
v 0.208616 1.484244 -1.503132
v 0.212633 1.484244 -1.551407
v 0.224574 1.484244 -1.598366
v 0.213613 1.490770 -1.503132
v 0.217562 1.490770 -1.550588
v 0.212633 1.484244 -1.454856
v 0.224574 1.484244 -1.407897
v 0.244114 1.484244 -1.363536
v 0.270720 1.484244 -1.322983
v 0.303666 1.484244 -1.287344
v 0.342053 1.484244 -1.257591
v 0.384834 1.484244 -1.234536
v 0.430842 1.484244 -1.218807
v 0.478823 1.484244 -1.210834
v 0.527467 1.484244 -1.210834
v 0.575447 1.484244 -1.218807
v 0.621456 1.484244 -1.234536
v 0.664237 1.484244 -1.257591
v 0.702624 1.484244 -1.287344
v 0.735570 1.484244 -1.322983
v 0.762175 1.484244 -1.363536
v 0.781715 1.484244 -1.407897
v 0.793657 1.484244 -1.454856
v 0.220126 1.495778 -1.503132
v 0.217562 1.490770 -1.455675
v 0.229301 1.490770 -1.409513
v 0.248509 1.490770 -1.365905
v 0.274664 1.490770 -1.326040
v 0.307050 1.490770 -1.291006
v 0.344786 1.490770 -1.261757
v 0.386841 1.490770 -1.239093
v 0.432069 1.490770 -1.223631
v 0.479235 1.490770 -1.215794
v 0.527054 1.490770 -1.215794
v 0.574221 1.490770 -1.223631
v 0.619448 1.490770 -1.239093
v 0.661503 1.490770 -1.261757
v 0.699239 1.490770 -1.291006
v 0.731626 1.490770 -1.326040
v 0.757780 1.490770 -1.365905
v 0.776989 1.490770 -1.409513
v 0.788728 1.490770 -1.455675
v 0.223986 1.495778 -1.456743
v 0.235461 1.495778 -1.411619
v 0.254237 1.495778 -1.368992
v 0.279803 1.495778 -1.330024
v 0.311461 1.495778 -1.295777
v 0.348348 1.495778 -1.267187
v 0.389457 1.495778 -1.245033
v 0.433668 1.495778 -1.229918
v 0.479773 1.495778 -1.222257
v 0.526516 1.495778 -1.222257
v 0.572622 1.495778 -1.229918
v 0.616832 1.495778 -1.245033
v 0.657941 1.495778 -1.267187
v 0.694828 1.495778 -1.295777
v 0.726486 1.495778 -1.330024
v 0.752052 1.495778 -1.368992
v 0.770829 1.495778 -1.411619
v 0.782304 1.495778 -1.456743
v 0.797812 1.210084 -1.552098
v 0.801887 1.210084 -1.503132
v 0.797812 1.210084 -1.454165
v 0.785700 1.210084 -1.406535
v 0.765881 1.210084 -1.361540
v 0.738894 1.210084 -1.320406
v 0.705477 1.210084 -1.284258
v 0.666541 1.210084 -1.254079
v 0.623148 1.210084 -1.230694
v 0.576482 1.210084 -1.214740
v 0.527815 1.210084 -1.206653
v 0.478475 1.210084 -1.206653
v 0.429808 1.210084 -1.214740
v 0.383141 1.210084 -1.230694
v 0.339748 1.210084 -1.254079
v 0.300812 1.210084 -1.284258
v 0.267395 1.210084 -1.320406
v 0.240409 1.210084 -1.361540
v 0.220589 1.210084 -1.406535
v 0.208477 1.210084 -1.454165
v 0.204403 1.210084 -1.503132
v 0.208477 1.210084 -1.552098
v 0.220589 1.210084 -1.599728
v 0.240409 1.210084 -1.644723
v 0.267395 1.210084 -1.685857
v 0.300812 1.210084 -1.722005
v 0.339748 1.210084 -1.752184
v 0.383141 1.210084 -1.775569
v 0.429808 1.210084 -1.791523
v 0.478475 1.210084 -1.799610
v 0.527815 1.210084 -1.799610
v 0.576482 1.210084 -1.791523
v 0.623148 1.210084 -1.775569
v 0.666541 1.210084 -1.752184
v 0.705477 1.210084 -1.722005
v 0.738894 1.210084 -1.685857
v 0.765881 1.210084 -1.644723
v 0.785700 1.210084 -1.599728
v -0.286997 1.468487 -2.463734
v -0.285129 1.476643 -2.467993
v -0.283019 1.468487 -2.505219
v -0.281947 1.476643 -2.505219
v -0.285129 1.476643 -2.542446
v -0.278806 1.484243 -2.505219
v -0.282033 1.484243 -2.542974
v -0.273808 1.490770 -2.505219
v -0.277107 1.490770 -2.543815
v -0.267296 1.495778 -2.505219
v -0.270688 1.495778 -2.544912
v -0.259711 1.498926 -2.505219
v -0.263213 1.498926 -2.546188
v -0.251572 1.500000 -2.505219
v -0.255615 1.500000 -2.549952
v -0.294583 1.476643 -2.431837
v -0.298787 1.468487 -2.423748
v -0.310036 1.476643 -2.397793
v -0.317963 1.468487 -2.386707
v -0.331045 1.476643 -2.366839
v -0.343832 1.468487 -2.353949
v -0.357005 1.476643 -2.339866
v -0.375459 1.468487 -2.326659
v -0.387169 1.476643 -2.317650
v -0.411701 1.468487 -2.305822
v -0.420670 1.476643 -2.300830
v -0.451248 1.468487 -2.292192
v -0.456543 1.476643 -2.289890
v -0.492671 1.468487 -2.286261
v -0.493757 1.476643 -2.285144
v -0.531241 1.476643 -2.286730
v -0.531640 1.484244 -2.283627
v -0.568836 1.484244 -2.291610
v -0.570300 1.490770 -2.286851
v -0.606393 1.490770 -2.301294
v -0.609325 1.495778 -2.295503
v -0.643388 1.495778 -2.316389
v -0.647898 1.498926 -2.310317
v -0.678893 1.498926 -2.337481
v -0.676997 1.500000 -2.324143
v -0.706671 1.500000 -2.357966
v -0.704832 1.498926 -2.369472
v -0.729804 1.500000 -2.396522
v -0.724968 1.498926 -2.405368
v -0.745651 1.500000 -2.438571
v -0.738723 1.498926 -2.444135
v -0.753704 1.500000 -2.482763
v -0.745701 1.498926 -2.484661
v -0.745701 1.498926 -2.525778
v -0.738144 1.495778 -2.485301
v -0.738144 1.495778 -2.525137
v -0.731655 1.490770 -2.485852
v -0.731655 1.490770 -2.524587
v -0.726675 1.484244 -2.486273
v -0.726675 1.484243 -2.524165
v -0.723545 1.476643 -2.486539
v -0.723545 1.476643 -2.523900
v -0.722274 1.468487 -2.526056
v -0.717205 1.476643 -2.560723
v -0.714354 1.468487 -2.566977
v -0.704706 1.476643 -2.595950
v -0.698800 1.468487 -2.605666
v -0.686409 1.476643 -2.628567
v -0.676175 1.468487 -2.640724
v -0.662839 1.476643 -2.657635
v -0.647296 1.468487 -2.670885
v -0.634676 1.476643 -2.682318
v -0.613208 1.468487 -2.695058
v -0.602729 1.476643 -2.701907
v -0.575141 1.468487 -2.712370
v -0.567916 1.476643 -2.715837
v -0.534472 1.468487 -2.722195
v -0.531241 1.476643 -2.723709
v -0.492671 1.468487 -2.724178
v -0.493757 1.476643 -2.725294
v -0.456543 1.476643 -2.720549
v -0.455881 1.484243 -2.723607
v -0.419499 1.484243 -2.712512
v -0.417635 1.490770 -2.717129
v -0.382902 1.490770 -2.699690
v -0.379487 1.495778 -2.705213
v -0.347325 1.495778 -2.681525
v -0.342314 1.498926 -2.687195
v -0.313745 1.498926 -2.657511
v -0.313693 1.500000 -2.670047
v -0.287183 1.500000 -2.633712
v -0.290624 1.498926 -2.623445
v -0.267614 1.500000 -2.593246
v -0.273617 1.498926 -2.585978
v -0.534472 1.468487 -2.288244
v -0.567916 1.476643 -2.294601
v -0.604143 1.484244 -2.305738
v -0.639516 1.490770 -2.321604
v -0.673417 1.495778 -2.342707
v -0.575141 1.468487 -2.298069
v -0.602729 1.476643 -2.308531
v -0.636544 1.484244 -2.325605
v -0.668715 1.490770 -2.347195
v -0.698548 1.495778 -2.373701
v -0.613208 1.468487 -2.315381
v -0.634676 1.476643 -2.328120
v -0.665107 1.484244 -2.350639
v -0.693152 1.490770 -2.377333
v -0.718057 1.495778 -2.408478
v -0.647296 1.468487 -2.339554
v -0.662839 1.476643 -2.352803
v -0.689012 1.484244 -2.380120
v -0.712122 1.490770 -2.411150
v -0.731384 1.495778 -2.446038
v -0.676175 1.468487 -2.369715
v -0.686409 1.476643 -2.381871
v -0.707569 1.484244 -2.413200
v -0.725081 1.490770 -2.447673
v -0.698800 1.468487 -2.404773
v -0.704706 1.476643 -2.414488
v -0.720245 1.484244 -2.448927
v -0.714354 1.468487 -2.443461
v -0.717205 1.476643 -2.449715
v -0.722274 1.468487 -2.484382
v -0.451248 1.468487 -2.718247
v -0.420670 1.476643 -2.709609
v -0.385522 1.484243 -2.695453
v -0.351628 1.490770 -2.676657
v -0.319646 1.495778 -2.652766
v -0.411701 1.468487 -2.704617
v -0.387169 1.476643 -2.692789
v -0.354930 1.484243 -2.672921
v -0.324713 1.490770 -2.648691
v -0.297245 1.495778 -2.619761
v -0.375459 1.468487 -2.683780
v -0.357005 1.476643 -2.670573
v -0.328601 1.484243 -2.645565
v -0.302931 1.490770 -2.616598
v -0.280768 1.495778 -2.583462
v -0.343832 1.468487 -2.656489
v -0.331045 1.476643 -2.643600
v -0.307294 1.484243 -2.614171
v -0.286909 1.490770 -2.581301
v -0.317963 1.468487 -2.623731
v -0.310036 1.476643 -2.612646
v -0.291621 1.484243 -2.579643
v -0.298787 1.468487 -2.586690
v -0.294583 1.476643 -2.578601
v -0.286997 1.468487 -2.546704
v -0.346292 1.500000 -2.701085
v -0.375511 1.498926 -2.711644
v -0.415207 1.495778 -2.723147
v -0.454828 1.490770 -2.728472
v -0.493623 1.484243 -2.728420
v -0.383932 1.500000 -2.725828
v -0.412379 1.498926 -2.730155
v -0.453456 1.495778 -2.734812
v -0.493411 1.490770 -2.733392
v -0.531640 1.484243 -2.726812
v -0.425405 1.500000 -2.743480
v -0.451858 1.498926 -2.742195
v -0.493135 1.495778 -2.739872
v -0.532274 1.490770 -2.731748
v -0.568836 1.484243 -2.718829
v -0.469375 1.500000 -2.753474
v -0.492813 1.498926 -2.747418
v -0.533102 1.495778 -2.738181
v -0.570300 1.490770 -2.723587
v -0.604143 1.484243 -2.704701
v -0.514431 1.500000 -2.755489
v -0.534065 1.498926 -2.745673
v -0.572207 1.495778 -2.729789
v -0.606393 1.490770 -2.709145
v -0.636544 1.484243 -2.684834
v -0.559125 1.500000 -2.749460
v -0.574428 1.498926 -2.737010
v -0.609325 1.495778 -2.714936
v -0.639516 1.490770 -2.688835
v -0.665107 1.484243 -2.659800
v -0.602019 1.500000 -2.735581
v -0.612739 1.498926 -2.721679
v -0.643388 1.495778 -2.694049
v -0.668715 1.490770 -2.663243
v -0.689012 1.484243 -2.630319
v -0.641735 1.500000 -2.714298
v -0.647898 1.498926 -2.700122
v -0.673417 1.495778 -2.667731
v -0.693152 1.490770 -2.633106
v -0.707569 1.484243 -2.597239
v -0.676997 1.500000 -2.686295
v -0.678893 1.498926 -2.672957
v -0.698548 1.495778 -2.636737
v -0.712122 1.490770 -2.599289
v -0.720245 1.484243 -2.561512
v -0.706671 1.500000 -2.652472
v -0.704832 1.498926 -2.640967
v -0.718057 1.495778 -2.601960
v -0.725081 1.490770 -2.562766
v -0.729804 1.500000 -2.613917
v -0.724968 1.498926 -2.605071
v -0.731384 1.495778 -2.564400
v -0.745651 1.500000 -2.571867
v -0.738723 1.498926 -2.566303
v -0.753704 1.500000 -2.527676
v -0.641735 1.500000 -2.296140
v -0.612739 1.498926 -2.288759
v -0.572207 1.495778 -2.280650
v -0.532274 1.490770 -2.278690
v -0.493623 1.484244 -2.282018
v -0.602019 1.500000 -2.274857
v -0.574428 1.498926 -2.273428
v -0.533102 1.495778 -2.272257
v -0.493411 1.490770 -2.277046
v -0.455881 1.484244 -2.286831
v -0.559125 1.500000 -2.260978
v -0.534065 1.498926 -2.264766
v -0.493135 1.495778 -2.270567
v -0.454828 1.490770 -2.281966
v -0.419499 1.484244 -2.297927
v -0.514431 1.500000 -2.254950
v -0.492813 1.498926 -2.263021
v -0.453456 1.495778 -2.275626
v -0.417635 1.490770 -2.293309
v -0.385522 1.484244 -2.314986
v -0.469375 1.500000 -2.256965
v -0.451858 1.498926 -2.268243
v -0.415207 1.495778 -2.287291
v -0.382902 1.490770 -2.310748
v -0.354930 1.484244 -2.337517
v -0.425405 1.500000 -2.266959
v -0.412379 1.498926 -2.280283
v -0.379487 1.495778 -2.305226
v -0.351628 1.490770 -2.333782
v -0.328601 1.484244 -2.364874
v -0.383932 1.500000 -2.284611
v -0.375511 1.498926 -2.298794
v -0.347325 1.495778 -2.328913
v -0.324713 1.490770 -2.361747
v -0.307294 1.484244 -2.396267
v -0.346292 1.500000 -2.309353
v -0.342314 1.498926 -2.323244
v -0.319646 1.495778 -2.357673
v -0.302931 1.490770 -2.393840
v -0.291621 1.484244 -2.430795
v -0.313693 1.500000 -2.340391
v -0.313745 1.498926 -2.352928
v -0.297245 1.495778 -2.390677
v -0.286909 1.490770 -2.429137
v -0.282033 1.484244 -2.467464
v -0.287183 1.500000 -2.376727
v -0.290624 1.498926 -2.386994
v -0.280768 1.495778 -2.426976
v -0.277107 1.490770 -2.466623
v -0.267614 1.500000 -2.417192
v -0.273617 1.498926 -2.424460
v -0.270688 1.495778 -2.465527
v -0.255615 1.500000 -2.460487
v -0.263213 1.498926 -2.464251
v -0.239910 1.500000 -2.458997
v -0.235849 1.500000 -2.505219
v -0.239910 1.500000 -2.551441
v -0.251969 1.500000 -2.596258
v -0.271660 1.500000 -2.638309
v -0.298384 1.500000 -2.676316
v -0.331330 1.500000 -2.709125
v -0.369497 1.500000 -2.735737
v -0.411724 1.500000 -2.755346
v -0.456729 1.500000 -2.767355
v -0.503145 1.500000 -2.771399
v -0.549560 1.500000 -2.767355
v -0.594565 1.500000 -2.755346
v -0.636792 1.500000 -2.735737
v -0.674959 1.500000 -2.709125
v -0.707905 1.500000 -2.676316
v -0.734629 1.500000 -2.638309
v -0.754320 1.500000 -2.596258
v -0.766379 1.500000 -2.551441
v -0.770440 1.500000 -2.505219
v -0.766379 1.500000 -2.458997
v -0.754320 1.500000 -2.414181
v -0.734629 1.500000 -2.372129
v -0.707905 1.500000 -2.334122
v -0.674959 1.500000 -2.301314
v -0.636792 1.500000 -2.274701
v -0.594565 1.500000 -2.255092
v -0.549560 1.500000 -2.243084
v -0.503145 1.500000 -2.239040
v -0.456729 1.500000 -2.243084
v -0.411724 1.500000 -2.255092
v -0.369497 1.500000 -2.274701
v -0.331330 1.500000 -2.301314
v -0.298384 1.500000 -2.334122
v -0.271660 1.500000 -2.372129
v -0.251969 1.500000 -2.414181
v -0.286997 1.210084 -2.463734
v -0.283019 1.210084 -2.505219
v -0.286997 1.210084 -2.546704
v -0.298787 1.210084 -2.586690
v -0.317963 1.210084 -2.623731
v -0.343832 1.210084 -2.656489
v -0.375459 1.210084 -2.683780
v -0.411701 1.210084 -2.704617
v -0.451248 1.210084 -2.718247
v -0.492671 1.210084 -2.724178
v -0.534472 1.210084 -2.722195
v -0.575141 1.210084 -2.712370
v -0.613208 1.210084 -2.695058
v -0.647296 1.210084 -2.670885
v -0.676175 1.210084 -2.640724
v -0.698800 1.210084 -2.605666
v -0.714354 1.210084 -2.566977
v -0.722274 1.210084 -2.526056
v -0.722274 1.210084 -2.484382
v -0.714354 1.210084 -2.443461
v -0.698800 1.210084 -2.404773
v -0.676175 1.210084 -2.369715
v -0.647296 1.210084 -2.339554
v -0.613208 1.210084 -2.315381
v -0.575141 1.210084 -2.298069
v -0.534472 1.210084 -2.288244
v -0.492671 1.210084 -2.286261
v -0.451248 1.210084 -2.292192
v -0.411701 1.210084 -2.305822
v -0.375459 1.210084 -2.326659
v -0.343832 1.210084 -2.353949
v -0.317963 1.210084 -2.386707
v -0.298787 1.210084 -2.423748
v -0.208477 1.468487 -2.554185
v -0.209534 1.476643 -2.554009
v -0.204403 1.468487 -2.505219
v -0.205474 1.476643 -2.505219
v -0.208477 1.468487 -2.456253
v -0.209534 1.476643 -2.456429
v -0.220589 1.468487 -2.408623
v -0.221603 1.476643 -2.408969
v -0.240409 1.468487 -2.363627
v -0.241351 1.476643 -2.364135
v -0.267395 1.468487 -2.322494
v -0.268241 1.476643 -2.323149
v -0.300812 1.468487 -2.286345
v -0.301538 1.476643 -2.287130
v -0.339748 1.468487 -2.256167
v -0.340334 1.476643 -2.257060
v -0.383141 1.468487 -2.232782
v -0.383572 1.476643 -2.233759
v -0.429808 1.468487 -2.216828
v -0.430071 1.476643 -2.217862
v -0.478475 1.468487 -2.208740
v -0.478563 1.476643 -2.209804
v -0.527815 1.468487 -2.208740
v -0.527726 1.476643 -2.209804
v -0.576482 1.468487 -2.216828
v -0.576218 1.476643 -2.217862
v -0.623148 1.468487 -2.232782
v -0.622718 1.476643 -2.233759
v -0.666541 1.468487 -2.256167
v -0.665955 1.476643 -2.257060
v -0.705477 1.468487 -2.286345
v -0.704751 1.476643 -2.287130
v -0.738894 1.468487 -2.322494
v -0.738049 1.476643 -2.323149
v -0.765881 1.468487 -2.363627
v -0.764938 1.476643 -2.364135
v -0.785700 1.468487 -2.408623
v -0.784687 1.476643 -2.408969
v -0.797812 1.468487 -2.456253
v -0.796755 1.476643 -2.456429
v -0.801887 1.468487 -2.505219
v -0.800815 1.476643 -2.505219
v -0.797812 1.468487 -2.554185
v -0.796755 1.476643 -2.554009
v -0.785700 1.468487 -2.601816
v -0.784687 1.476643 -2.601469
v -0.765881 1.468487 -2.646811
v -0.764938 1.476643 -2.646303
v -0.738894 1.468487 -2.687944
v -0.738049 1.476643 -2.687289
v -0.705477 1.468487 -2.724093
v -0.704751 1.476643 -2.723308
v -0.666541 1.468487 -2.754272
v -0.665955 1.476643 -2.753378
v -0.623148 1.468487 -2.777657
v -0.622718 1.476643 -2.776680
v -0.576482 1.468487 -2.793611
v -0.576218 1.476643 -2.792576
v -0.527815 1.468487 -2.801698
v -0.527726 1.476643 -2.800634
v -0.478475 1.468487 -2.801698
v -0.478563 1.476643 -2.800634
v -0.429808 1.468487 -2.793611
v -0.430071 1.476643 -2.792576
v -0.383141 1.468487 -2.777657
v -0.383572 1.476643 -2.776680
v -0.339748 1.468487 -2.754272
v -0.340334 1.476643 -2.753378
v -0.300812 1.468487 -2.724093
v -0.301538 1.476643 -2.723308
v -0.267395 1.468487 -2.687944
v -0.268241 1.476643 -2.687289
v -0.240409 1.468487 -2.646811
v -0.241351 1.476643 -2.646303
v -0.220589 1.468487 -2.601816
v -0.221603 1.476643 -2.601469
v -0.231467 1.498926 -2.460073
v -0.227710 1.498926 -2.505219
v -0.231467 1.498926 -2.550365
v -0.220126 1.495778 -2.505219
v -0.223986 1.495778 -2.551608
v -0.213613 1.490770 -2.505219
v -0.217562 1.490770 -2.552676
v -0.208616 1.484243 -2.505219
v -0.212633 1.484243 -2.553495
v -0.242634 1.498926 -2.416159
v -0.260907 1.498926 -2.374674
v -0.285788 1.498926 -2.336750
v -0.316598 1.498926 -2.303422
v -0.352496 1.498926 -2.275598
v -0.392504 1.498926 -2.254037
v -0.435530 1.498926 -2.239328
v -0.480399 1.498926 -2.231872
v -0.525890 1.498926 -2.231872
v -0.570760 1.498926 -2.239328
v -0.613786 1.498926 -2.254037
v -0.653793 1.498926 -2.275598
v -0.689691 1.498926 -2.303422
v -0.720501 1.498926 -2.336750
v -0.745382 1.498926 -2.374674
v -0.763655 1.498926 -2.416159
v -0.774823 1.498926 -2.460073
v -0.778579 1.498926 -2.505219
v -0.774823 1.498926 -2.550365
v -0.782304 1.495778 -2.551608
v -0.770829 1.495778 -2.596732
v -0.776989 1.490770 -2.598837
v -0.757780 1.490770 -2.642446
v -0.762175 1.484243 -2.644814
v -0.735570 1.484243 -2.685367
v -0.763655 1.498926 -2.594279
v -0.752052 1.495778 -2.639359
v -0.731626 1.490770 -2.682311
v -0.702624 1.484243 -2.721006
v -0.745382 1.498926 -2.635764
v -0.726486 1.495778 -2.678327
v -0.699239 1.490770 -2.717345
v -0.664237 1.484243 -2.750759
v -0.720501 1.498926 -2.673688
v -0.694828 1.495778 -2.712574
v -0.661503 1.490770 -2.746593
v -0.621456 1.484243 -2.773815
v -0.689691 1.498926 -2.707017
v -0.657941 1.495778 -2.741164
v -0.619448 1.490770 -2.769258
v -0.575447 1.484243 -2.789544
v -0.653793 1.498926 -2.734841
v -0.616832 1.495778 -2.763318
v -0.574221 1.490770 -2.784719
v -0.527467 1.484243 -2.797517
v -0.613786 1.498926 -2.756402
v -0.572622 1.495778 -2.778432
v -0.527054 1.490770 -2.792557
v -0.478823 1.484243 -2.797517
v -0.570760 1.498926 -2.771111
v -0.526516 1.495778 -2.786094
v -0.479235 1.490770 -2.792557
v -0.430842 1.484243 -2.789544
v -0.525890 1.498926 -2.778567
v -0.479773 1.495778 -2.786094
v -0.432069 1.490770 -2.784719
v -0.384834 1.484243 -2.773815
v -0.480399 1.498926 -2.778567
v -0.433668 1.495778 -2.778432
v -0.386841 1.490770 -2.769258
v -0.342053 1.484243 -2.750759
v -0.435530 1.498926 -2.771111
v -0.389457 1.495778 -2.763318
v -0.344786 1.490770 -2.746593
v -0.303666 1.484243 -2.721006
v -0.392504 1.498926 -2.756402
v -0.348348 1.495778 -2.741164
v -0.307050 1.490770 -2.717345
v -0.270720 1.484243 -2.685367
v -0.352496 1.498926 -2.734841
v -0.311461 1.495778 -2.712574
v -0.274664 1.490770 -2.682311
v -0.244114 1.484243 -2.644814
v -0.316598 1.498926 -2.707017
v -0.279803 1.495778 -2.678327
v -0.248509 1.490770 -2.642446
v -0.224574 1.484243 -2.600453
v -0.285788 1.498926 -2.673688
v -0.254237 1.495778 -2.639359
v -0.229301 1.490770 -2.598837
v -0.260907 1.498926 -2.635764
v -0.235461 1.495778 -2.596732
v -0.242634 1.498926 -2.594279
v -0.797674 1.484243 -2.505219
v -0.793657 1.484243 -2.553495
v -0.781715 1.484243 -2.600453
v -0.792676 1.490770 -2.505219
v -0.788728 1.490770 -2.552676
v -0.793657 1.484244 -2.456944
v -0.781715 1.484244 -2.409985
v -0.762175 1.484244 -2.365624
v -0.735570 1.484244 -2.325071
v -0.702624 1.484244 -2.289432
v -0.664237 1.484244 -2.259679
v -0.621456 1.484244 -2.236624
v -0.575447 1.484244 -2.220895
v -0.527467 1.484244 -2.212922
v -0.478823 1.484244 -2.212922
v -0.430842 1.484244 -2.220895
v -0.384834 1.484244 -2.236624
v -0.342053 1.484244 -2.259679
v -0.303666 1.484244 -2.289432
v -0.270720 1.484244 -2.325071
v -0.244114 1.484244 -2.365624
v -0.224574 1.484244 -2.409985
v -0.212633 1.484244 -2.456944
v -0.786164 1.495778 -2.505219
v -0.788728 1.490770 -2.457763
v -0.776989 1.490770 -2.411601
v -0.757780 1.490770 -2.367993
v -0.731626 1.490770 -2.328128
v -0.699239 1.490770 -2.293093
v -0.661503 1.490770 -2.263845
v -0.619448 1.490770 -2.241181
v -0.574221 1.490770 -2.225719
v -0.527054 1.490770 -2.217881
v -0.479235 1.490770 -2.217881
v -0.432069 1.490770 -2.225719
v -0.386841 1.490770 -2.241181
v -0.344786 1.490770 -2.263845
v -0.307050 1.490770 -2.293093
v -0.274664 1.490770 -2.328128
v -0.248509 1.490770 -2.367993
v -0.229301 1.490770 -2.411601
v -0.217562 1.490770 -2.457763
v -0.782304 1.495778 -2.458830
v -0.770829 1.495778 -2.413707
v -0.752052 1.495778 -2.371080
v -0.726486 1.495778 -2.332111
v -0.694828 1.495778 -2.297865
v -0.657941 1.495778 -2.269274
v -0.616832 1.495778 -2.247120
v -0.572622 1.495778 -2.232006
v -0.526516 1.495778 -2.224345
v -0.479773 1.495778 -2.224345
v -0.433668 1.495778 -2.232006
v -0.389457 1.495778 -2.247120
v -0.348348 1.495778 -2.269274
v -0.311461 1.495778 -2.297865
v -0.279803 1.495778 -2.332111
v -0.254237 1.495778 -2.371080
v -0.235461 1.495778 -2.413707
v -0.223986 1.495778 -2.458830
v -0.208477 1.210084 -2.554185
v -0.204403 1.210084 -2.505219
v -0.208477 1.210084 -2.456253
v -0.220589 1.210084 -2.408623
v -0.240409 1.210084 -2.363627
v -0.267395 1.210084 -2.322494
v -0.300812 1.210084 -2.286345
v -0.339748 1.210084 -2.256167
v -0.383141 1.210084 -2.232782
v -0.429808 1.210084 -2.216828
v -0.478475 1.210084 -2.208740
v -0.527815 1.210084 -2.208740
v -0.576482 1.210084 -2.216828
v -0.623148 1.210084 -2.232782
v -0.666541 1.210084 -2.256167
v -0.705477 1.210084 -2.286345
v -0.738894 1.210084 -2.322494
v -0.765881 1.210084 -2.363627
v -0.785700 1.210084 -2.408623
v -0.797812 1.210084 -2.456253
v -0.801887 1.210084 -2.505219
v -0.797812 1.210084 -2.554185
v -0.785700 1.210084 -2.601816
v -0.765881 1.210084 -2.646811
v -0.738894 1.210084 -2.687944
v -0.705477 1.210084 -2.724093
v -0.666541 1.210084 -2.754272
v -0.623148 1.210084 -2.777657
v -0.576482 1.210084 -2.793611
v -0.527815 1.210084 -2.801698
v -0.478475 1.210084 -2.801698
v -0.429808 1.210084 -2.793611
v -0.383141 1.210084 -2.777657
v -0.339748 1.210084 -2.754272
v -0.300812 1.210084 -2.724093
v -0.267395 1.210084 -2.687944
v -0.240409 1.210084 -2.646811
v -0.220589 1.210084 -2.601816
v -0.286997 1.468487 -1.461646
v -0.285129 1.476643 -1.465905
v -0.283019 1.468487 -1.503132
v -0.281947 1.476643 -1.503132
v -0.285129 1.476643 -1.540358
v -0.278806 1.484244 -1.503132
v -0.282033 1.484244 -1.540887
v -0.273808 1.490770 -1.503132
v -0.277107 1.490770 -1.541728
v -0.267296 1.495778 -1.503132
v -0.270688 1.495778 -1.542824
v -0.259711 1.498926 -1.503132
v -0.263213 1.498926 -1.544100
v -0.251572 1.500000 -1.503132
v -0.255615 1.500000 -1.547864
v -0.294583 1.476643 -1.429750
v -0.298787 1.468487 -1.421661
v -0.310036 1.476643 -1.395705
v -0.317963 1.468487 -1.384619
v -0.331045 1.476643 -1.364751
v -0.343832 1.468487 -1.351861
v -0.357005 1.476643 -1.337778
v -0.375459 1.468487 -1.324571
v -0.387169 1.476643 -1.315562
v -0.411701 1.468487 -1.303734
v -0.420670 1.476643 -1.298742
v -0.451248 1.468487 -1.290104
v -0.456543 1.476643 -1.287802
v -0.492671 1.468487 -1.284173
v -0.493757 1.476643 -1.283056
v -0.531241 1.476643 -1.284642
v -0.531640 1.484244 -1.281539
v -0.568836 1.484244 -1.289522
v -0.570300 1.490770 -1.284763
v -0.606393 1.490770 -1.299206
v -0.609325 1.495778 -1.293415
v -0.643388 1.495778 -1.314301
v -0.647898 1.498926 -1.308229
v -0.678893 1.498926 -1.335394
v -0.676997 1.500000 -1.322056
v -0.706671 1.500000 -1.355879
v -0.704832 1.498926 -1.367384
v -0.729804 1.500000 -1.394434
v -0.724968 1.498926 -1.403280
v -0.745651 1.500000 -1.436483
v -0.738723 1.498926 -1.442048
v -0.753704 1.500000 -1.480675
v -0.745701 1.498926 -1.482573
v -0.745701 1.498926 -1.523690
v -0.738144 1.495778 -1.483214
v -0.738144 1.495778 -1.523049
v -0.731655 1.490770 -1.483764
v -0.731655 1.490770 -1.522499
v -0.726675 1.484244 -1.484186
v -0.726675 1.484244 -1.522077
v -0.723545 1.476643 -1.484451
v -0.723545 1.476643 -1.521812
v -0.722274 1.468487 -1.523968
v -0.717205 1.476643 -1.558636
v -0.714354 1.468487 -1.564889
v -0.704706 1.476643 -1.593863
v -0.698800 1.468487 -1.603578
v -0.686409 1.476643 -1.626479
v -0.676175 1.468487 -1.638636
v -0.662839 1.476643 -1.655547
v -0.647296 1.468487 -1.668797
v -0.634676 1.476643 -1.680231
v -0.613208 1.468487 -1.692970
v -0.602729 1.476643 -1.699820
v -0.575141 1.468487 -1.710282
v -0.567916 1.476643 -1.713750
v -0.534472 1.468487 -1.720107
v -0.531241 1.476643 -1.721621
v -0.492671 1.468487 -1.722090
v -0.493757 1.476643 -1.723207
v -0.456543 1.476643 -1.718461
v -0.455881 1.484244 -1.721519
v -0.419499 1.484244 -1.710424
v -0.417635 1.490770 -1.715042
v -0.382902 1.490770 -1.697603
v -0.379487 1.495778 -1.703125
v -0.347325 1.495778 -1.679438
v -0.342314 1.498926 -1.685107
v -0.313745 1.498926 -1.655423
v -0.313693 1.500000 -1.667960
v -0.287183 1.500000 -1.631624
v -0.290624 1.498926 -1.621357
v -0.267614 1.500000 -1.591159
v -0.273617 1.498926 -1.583890
v -0.534472 1.468487 -1.286156
v -0.567916 1.476643 -1.292513
v -0.604143 1.484244 -1.303650
v -0.639516 1.490770 -1.319516
v -0.673417 1.495778 -1.340620
v -0.575141 1.468487 -1.295981
v -0.602729 1.476643 -1.306443
v -0.636544 1.484244 -1.323517
v -0.668715 1.490770 -1.345107
v -0.698548 1.495778 -1.371614
v -0.613208 1.468487 -1.313293
v -0.634676 1.476643 -1.326032
v -0.665107 1.484244 -1.348551
v -0.693152 1.490770 -1.375245
v -0.718057 1.495778 -1.406391
v -0.647296 1.468487 -1.337466
v -0.662839 1.476643 -1.350716
v -0.689012 1.484244 -1.378032
v -0.712122 1.490770 -1.409062
v -0.731384 1.495778 -1.443951
v -0.676175 1.468487 -1.367627
v -0.686409 1.476643 -1.379784
v -0.707569 1.484244 -1.411112
v -0.725081 1.490770 -1.445585
v -0.698800 1.468487 -1.402685
v -0.704706 1.476643 -1.412400
v -0.720245 1.484244 -1.446839
v -0.714354 1.468487 -1.441374
v -0.717205 1.476643 -1.447627
v -0.722274 1.468487 -1.482295
v -0.451248 1.468487 -1.716159
v -0.420670 1.476643 -1.707521
v -0.385522 1.484244 -1.693365
v -0.351628 1.490770 -1.674569
v -0.319646 1.495778 -1.650678
v -0.411701 1.468487 -1.702529
v -0.387169 1.476643 -1.690701
v -0.354930 1.484244 -1.670833
v -0.324713 1.490770 -1.646604
v -0.297245 1.495778 -1.617674
v -0.375459 1.468487 -1.681692
v -0.357005 1.476643 -1.668485
v -0.328601 1.484244 -1.643477
v -0.302931 1.490770 -1.614511
v -0.280768 1.495778 -1.581374
v -0.343832 1.468487 -1.654402
v -0.331045 1.476643 -1.641512
v -0.307294 1.484244 -1.612084
v -0.286909 1.490770 -1.579214
v -0.317963 1.468487 -1.621644
v -0.310036 1.476643 -1.610558
v -0.291621 1.484244 -1.577556
v -0.298787 1.468487 -1.584602
v -0.294583 1.476643 -1.576513
v -0.286997 1.468487 -1.544617
v -0.346292 1.500000 -1.698997
v -0.375511 1.498926 -1.709557
v -0.415207 1.495778 -1.721059
v -0.454828 1.490770 -1.726384
v -0.493623 1.484244 -1.726332
v -0.383932 1.500000 -1.723740
v -0.412379 1.498926 -1.728068
v -0.453456 1.495778 -1.732724
v -0.493411 1.490770 -1.731304
v -0.531640 1.484244 -1.724724
v -0.425405 1.500000 -1.741392
v -0.451858 1.498926 -1.740107
v -0.493135 1.495778 -1.737784
v -0.532274 1.490770 -1.729661
v -0.568836 1.484244 -1.716741
v -0.469375 1.500000 -1.751386
v -0.492813 1.498926 -1.745330
v -0.533102 1.495778 -1.736094
v -0.570300 1.490770 -1.721500
v -0.604143 1.484244 -1.702613
v -0.514431 1.500000 -1.753401
v -0.534065 1.498926 -1.743585
v -0.572207 1.495778 -1.727701
v -0.606393 1.490770 -1.707057
v -0.636544 1.484244 -1.682746
v -0.559125 1.500000 -1.747372
v -0.574428 1.498926 -1.734923
v -0.609325 1.495778 -1.712848
v -0.639516 1.490770 -1.686747
v -0.665107 1.484244 -1.657712
v -0.602019 1.500000 -1.733494
v -0.612739 1.498926 -1.719592
v -0.643388 1.495778 -1.691962
v -0.668715 1.490770 -1.661156
v -0.689012 1.484244 -1.628231
v -0.641735 1.500000 -1.712210
v -0.647898 1.498926 -1.698034
v -0.673417 1.495778 -1.665643
v -0.693152 1.490770 -1.631018
v -0.707569 1.484244 -1.595151
v -0.676997 1.500000 -1.684207
v -0.678893 1.498926 -1.670869
v -0.698548 1.495778 -1.634650
v -0.712122 1.490770 -1.597201
v -0.720245 1.484244 -1.559424
v -0.706671 1.500000 -1.650385
v -0.704832 1.498926 -1.638879
v -0.718057 1.495778 -1.599872
v -0.725081 1.490770 -1.560678
v -0.729804 1.500000 -1.611829
v -0.724968 1.498926 -1.602983
v -0.731384 1.495778 -1.562312
v -0.745651 1.500000 -1.569780
v -0.738723 1.498926 -1.564215
v -0.753704 1.500000 -1.525588
v -0.641735 1.500000 -1.294053
v -0.612739 1.498926 -1.286671
v -0.572207 1.495778 -1.278562
v -0.532274 1.490770 -1.276603
v -0.493623 1.484244 -1.279931
v -0.602019 1.500000 -1.272770
v -0.574428 1.498926 -1.271340
v -0.533102 1.495778 -1.270169
v -0.493411 1.490770 -1.274959
v -0.455881 1.484244 -1.284744
v -0.559125 1.500000 -1.258891
v -0.534065 1.498926 -1.262678
v -0.493135 1.495778 -1.268479
v -0.454828 1.490770 -1.279879
v -0.419499 1.484244 -1.295839
v -0.514431 1.500000 -1.252862
v -0.492813 1.498926 -1.260933
v -0.453456 1.495778 -1.273539
v -0.417635 1.490770 -1.291221
v -0.385522 1.484244 -1.312898
v -0.469375 1.500000 -1.254877
v -0.451858 1.498926 -1.266156
v -0.415207 1.495778 -1.285204
v -0.382902 1.490770 -1.308661
v -0.354930 1.484244 -1.335430
v -0.425405 1.500000 -1.264871
v -0.412379 1.498926 -1.278196
v -0.379487 1.495778 -1.303138
v -0.351628 1.490770 -1.331694
v -0.328601 1.484244 -1.362786
v -0.383932 1.500000 -1.282523
v -0.375511 1.498926 -1.296706
v -0.347325 1.495778 -1.326825
v -0.324713 1.490770 -1.359659
v -0.307294 1.484244 -1.394179
v -0.346292 1.500000 -1.307266
v -0.342314 1.498926 -1.321156
v -0.319646 1.495778 -1.355585
v -0.302931 1.490770 -1.391752
v -0.291621 1.484244 -1.428707
v -0.313693 1.500000 -1.338304
v -0.313745 1.498926 -1.350840
v -0.297245 1.495778 -1.388589
v -0.286909 1.490770 -1.427049
v -0.282033 1.484244 -1.465376
v -0.287183 1.500000 -1.374639
v -0.290624 1.498926 -1.384906
v -0.280768 1.495778 -1.424889
v -0.277107 1.490770 -1.464535
v -0.267614 1.500000 -1.415105
v -0.273617 1.498926 -1.422373
v -0.270688 1.495778 -1.463439
v -0.255615 1.500000 -1.458399
v -0.263213 1.498926 -1.462163
v -0.239910 1.500000 -1.456910
v -0.235849 1.500000 -1.503132
v -0.239910 1.500000 -1.549353
v -0.251969 1.500000 -1.594170
v -0.271660 1.500000 -1.636221
v -0.298384 1.500000 -1.674228
v -0.331330 1.500000 -1.707037
v -0.369497 1.500000 -1.733650
v -0.411724 1.500000 -1.753258
v -0.456729 1.500000 -1.765267
v -0.503145 1.500000 -1.769311
v -0.549560 1.500000 -1.765267
v -0.594565 1.500000 -1.753258
v -0.636792 1.500000 -1.733650
v -0.674959 1.500000 -1.707037
v -0.707905 1.500000 -1.674228
v -0.734629 1.500000 -1.636221
v -0.754320 1.500000 -1.594170
v -0.766379 1.500000 -1.549353
v -0.770440 1.500000 -1.503132
v -0.766379 1.500000 -1.456910
v -0.754320 1.500000 -1.412093
v -0.734629 1.500000 -1.370042
v -0.707905 1.500000 -1.332035
v -0.674959 1.500000 -1.299226
v -0.636792 1.500000 -1.272613
v -0.594565 1.500000 -1.253005
v -0.549560 1.500000 -1.240996
v -0.503145 1.500000 -1.236952
v -0.456729 1.500000 -1.240996
v -0.411724 1.500000 -1.253005
v -0.369497 1.500000 -1.272613
v -0.331330 1.500000 -1.299226
v -0.298384 1.500000 -1.332035
v -0.271660 1.500000 -1.370042
v -0.251969 1.500000 -1.412093
v -0.286997 1.210084 -1.461646
v -0.283019 1.210084 -1.503132
v -0.286997 1.210084 -1.544617
v -0.298787 1.210084 -1.584602
v -0.317963 1.210084 -1.621644
v -0.343832 1.210084 -1.654402
v -0.375459 1.210084 -1.681692
v -0.411701 1.210084 -1.702529
v -0.451248 1.210084 -1.716159
v -0.492671 1.210084 -1.722090
v -0.534472 1.210084 -1.720107
v -0.575141 1.210084 -1.710282
v -0.613208 1.210084 -1.692970
v -0.647296 1.210084 -1.668797
v -0.676175 1.210084 -1.638636
v -0.698800 1.210084 -1.603578
v -0.714354 1.210084 -1.564889
v -0.722274 1.210084 -1.523968
v -0.722274 1.210084 -1.482295
v -0.714354 1.210084 -1.441374
v -0.698800 1.210084 -1.402685
v -0.676175 1.210084 -1.367627
v -0.647296 1.210084 -1.337466
v -0.613208 1.210084 -1.313293
v -0.575141 1.210084 -1.295981
v -0.534472 1.210084 -1.286156
v -0.492671 1.210084 -1.284173
v -0.451248 1.210084 -1.290104
v -0.411701 1.210084 -1.303734
v -0.375459 1.210084 -1.324571
v -0.343832 1.210084 -1.351861
v -0.317963 1.210084 -1.384619
v -0.298787 1.210084 -1.421661
v -0.208477 1.468487 -1.552098
v -0.209534 1.476643 -1.551922
v -0.204403 1.468487 -1.503132
v -0.205474 1.476643 -1.503132
v -0.208477 1.468487 -1.454165
v -0.209534 1.476643 -1.454341
v -0.220589 1.468487 -1.406535
v -0.221603 1.476643 -1.406882
v -0.240409 1.468487 -1.361540
v -0.241351 1.476643 -1.362047
v -0.267395 1.468487 -1.320406
v -0.268241 1.476643 -1.321062
v -0.300812 1.468487 -1.284258
v -0.301538 1.476643 -1.285043
v -0.339748 1.468487 -1.254079
v -0.340334 1.476643 -1.254972
v -0.383141 1.468487 -1.230694
v -0.383572 1.476643 -1.231671
v -0.429808 1.468487 -1.214740
v -0.430071 1.476643 -1.215774
v -0.478475 1.468487 -1.206653
v -0.478563 1.476643 -1.207716
v -0.527815 1.468487 -1.206653
v -0.527726 1.476643 -1.207716
v -0.576482 1.468487 -1.214740
v -0.576218 1.476643 -1.215774
v -0.623148 1.468487 -1.230694
v -0.622718 1.476643 -1.231671
v -0.666541 1.468487 -1.254079
v -0.665955 1.476643 -1.254972
v -0.705477 1.468487 -1.284258
v -0.704751 1.476643 -1.285043
v -0.738894 1.468487 -1.320406
v -0.738049 1.476643 -1.321062
v -0.765881 1.468487 -1.361540
v -0.764938 1.476643 -1.362047
v -0.785700 1.468487 -1.406535
v -0.784687 1.476643 -1.406882
v -0.797812 1.468487 -1.454165
v -0.796755 1.476643 -1.454341
v -0.801887 1.468487 -1.503132
v -0.800815 1.476643 -1.503132
v -0.797812 1.468487 -1.552098
v -0.796755 1.476643 -1.551922
v -0.785700 1.468487 -1.599728
v -0.784687 1.476643 -1.599381
v -0.765881 1.468487 -1.644723
v -0.764938 1.476643 -1.644216
v -0.738894 1.468487 -1.685857
v -0.738049 1.476643 -1.685201
v -0.705477 1.468487 -1.722005
v -0.704751 1.476643 -1.721220
v -0.666541 1.468487 -1.752184
v -0.665955 1.476643 -1.751291
v -0.623148 1.468487 -1.775569
v -0.622718 1.476643 -1.774592
v -0.576482 1.468487 -1.791523
v -0.576218 1.476643 -1.790489
v -0.527815 1.468487 -1.799610
v -0.527726 1.476643 -1.798547
v -0.478475 1.468487 -1.799610
v -0.478563 1.476643 -1.798547
v -0.429808 1.468487 -1.791523
v -0.430071 1.476643 -1.790489
v -0.383141 1.468487 -1.775569
v -0.383572 1.476643 -1.774592
v -0.339748 1.468487 -1.752184
v -0.340334 1.476643 -1.751291
v -0.300812 1.468487 -1.722005
v -0.301538 1.476643 -1.721220
v -0.267395 1.468487 -1.685857
v -0.268241 1.476643 -1.685201
v -0.240409 1.468487 -1.644723
v -0.241351 1.476643 -1.644216
v -0.220589 1.468487 -1.599728
v -0.221603 1.476643 -1.599381
v -0.231467 1.498926 -1.457986
v -0.227710 1.498926 -1.503132
v -0.231467 1.498926 -1.548277
v -0.220126 1.495778 -1.503132
v -0.223986 1.495778 -1.549520
v -0.213613 1.490770 -1.503132
v -0.217562 1.490770 -1.550588
v -0.208616 1.484244 -1.503132
v -0.212633 1.484244 -1.551407
v -0.242634 1.498926 -1.414072
v -0.260907 1.498926 -1.372587
v -0.285788 1.498926 -1.334662
v -0.316598 1.498926 -1.301334
v -0.352496 1.498926 -1.273510
v -0.392504 1.498926 -1.251949
v -0.435530 1.498926 -1.237240
v -0.480399 1.498926 -1.229784
v -0.525890 1.498926 -1.229784
v -0.570760 1.498926 -1.237240
v -0.613786 1.498926 -1.251949
v -0.653793 1.498926 -1.273510
v -0.689691 1.498926 -1.301334
v -0.720501 1.498926 -1.334662
v -0.745382 1.498926 -1.372587
v -0.763655 1.498926 -1.414072
v -0.774823 1.498926 -1.457986
v -0.778579 1.498926 -1.503132
v -0.774823 1.498926 -1.548277
v -0.782304 1.495778 -1.549520
v -0.770829 1.495778 -1.594644
v -0.776989 1.490770 -1.596750
v -0.757780 1.490770 -1.640358
v -0.762175 1.484244 -1.642727
v -0.735570 1.484244 -1.683280
v -0.763655 1.498926 -1.592191
v -0.752052 1.495778 -1.637271
v -0.731626 1.490770 -1.680223
v -0.702624 1.484244 -1.718919
v -0.745382 1.498926 -1.633676
v -0.726486 1.495778 -1.676239
v -0.699239 1.490770 -1.715257
v -0.664237 1.484244 -1.748672
v -0.720501 1.498926 -1.671601
v -0.694828 1.495778 -1.710486
v -0.661503 1.490770 -1.744506
v -0.621456 1.484244 -1.771727
v -0.689691 1.498926 -1.704929
v -0.657941 1.495778 -1.739076
v -0.619448 1.490770 -1.767170
v -0.575447 1.484244 -1.787456
v -0.653793 1.498926 -1.732753
v -0.616832 1.495778 -1.761230
v -0.574221 1.490770 -1.782632
v -0.527467 1.484244 -1.795429
v -0.613786 1.498926 -1.754314
v -0.572622 1.495778 -1.776345
v -0.527054 1.490770 -1.790469
v -0.478823 1.484244 -1.795429
v -0.570760 1.498926 -1.769023
v -0.526516 1.495778 -1.784006
v -0.479235 1.490770 -1.790469
v -0.430842 1.484244 -1.787456
v -0.525890 1.498926 -1.776479
v -0.479773 1.495778 -1.784006
v -0.432069 1.490770 -1.782632
v -0.384834 1.484244 -1.771727
v -0.480399 1.498926 -1.776479
v -0.433668 1.495778 -1.776345
v -0.386841 1.490770 -1.767170
v -0.342053 1.484244 -1.748672
v -0.435530 1.498926 -1.769023
v -0.389457 1.495778 -1.761230
v -0.344786 1.490770 -1.744506
v -0.303666 1.484244 -1.718919
v -0.392504 1.498926 -1.754314
v -0.348348 1.495778 -1.739076
v -0.307050 1.490770 -1.715257
v -0.270720 1.484244 -1.683280
v -0.352496 1.498926 -1.732753
v -0.311461 1.495778 -1.710486
v -0.274664 1.490770 -1.680223
v -0.244114 1.484244 -1.642727
v -0.316598 1.498926 -1.704929
v -0.279803 1.495778 -1.676239
v -0.248509 1.490770 -1.640358
v -0.224574 1.484244 -1.598366
v -0.285788 1.498926 -1.671601
v -0.254237 1.495778 -1.637271
v -0.229301 1.490770 -1.596750
v -0.260907 1.498926 -1.633676
v -0.235461 1.495778 -1.594644
v -0.242634 1.498926 -1.592191
v -0.797674 1.484244 -1.503132
v -0.793657 1.484244 -1.551407
v -0.781715 1.484244 -1.598366
v -0.792676 1.490770 -1.503132
v -0.788728 1.490770 -1.550588
v -0.793657 1.484244 -1.454856
v -0.781715 1.484244 -1.407897
v -0.762175 1.484244 -1.363536
v -0.735570 1.484244 -1.322983
v -0.702624 1.484244 -1.287344
v -0.664237 1.484244 -1.257591
v -0.621456 1.484244 -1.234536
v -0.575447 1.484244 -1.218807
v -0.527467 1.484244 -1.210834
v -0.478823 1.484244 -1.210834
v -0.430842 1.484244 -1.218807
v -0.384834 1.484244 -1.234536
v -0.342053 1.484244 -1.257591
v -0.303666 1.484244 -1.287344
v -0.270720 1.484244 -1.322983
v -0.244114 1.484244 -1.363536
v -0.224574 1.484244 -1.407897
v -0.212633 1.484244 -1.454856
v -0.786164 1.495778 -1.503132
v -0.788728 1.490770 -1.455675
v -0.776989 1.490770 -1.409513
v -0.757780 1.490770 -1.365905
v -0.731626 1.490770 -1.326040
v -0.699239 1.490770 -1.291006
v -0.661503 1.490770 -1.261757
v -0.619448 1.490770 -1.239093
v -0.574221 1.490770 -1.223631
v -0.527054 1.490770 -1.215794
v -0.479235 1.490770 -1.215794
v -0.432069 1.490770 -1.223631
v -0.386841 1.490770 -1.239093
v -0.344786 1.490770 -1.261757
v -0.307050 1.490770 -1.291006
v -0.274664 1.490770 -1.326040
v -0.248509 1.490770 -1.365905
v -0.229301 1.490770 -1.409513
v -0.217562 1.490770 -1.455675
v -0.782304 1.495778 -1.456743
v -0.770829 1.495778 -1.411619
v -0.752052 1.495778 -1.368992
v -0.726486 1.495778 -1.330024
v -0.694828 1.495778 -1.295777
v -0.657941 1.495778 -1.267187
v -0.616832 1.495778 -1.245033
v -0.572622 1.495778 -1.229918
v -0.526516 1.495778 -1.222257
v -0.479773 1.495778 -1.222257
v -0.433668 1.495778 -1.229918
v -0.389457 1.495778 -1.245033
v -0.348348 1.495778 -1.267187
v -0.311461 1.495778 -1.295777
v -0.279803 1.495778 -1.330024
v -0.254237 1.495778 -1.368992
v -0.235461 1.495778 -1.411619
v -0.223986 1.495778 -1.456743
v -0.208477 1.210084 -1.552098
v -0.204403 1.210084 -1.503132
v -0.208477 1.210084 -1.454165
v -0.220589 1.210084 -1.406535
v -0.240409 1.210084 -1.361540
v -0.267395 1.210084 -1.320406
v -0.300812 1.210084 -1.284258
v -0.339748 1.210084 -1.254079
v -0.383141 1.210084 -1.230694
v -0.429808 1.210084 -1.214740
v -0.478475 1.210084 -1.206653
v -0.527815 1.210084 -1.206653
v -0.576482 1.210084 -1.214740
v -0.623148 1.210084 -1.230694
v -0.666541 1.210084 -1.254079
v -0.705477 1.210084 -1.284258
v -0.738894 1.210084 -1.320406
v -0.765881 1.210084 -1.361540
v -0.785700 1.210084 -1.406535
v -0.797812 1.210084 -1.454165
v -0.801887 1.210084 -1.503132
v -0.797812 1.210084 -1.552098
v -0.785700 1.210084 -1.599728
v -0.765881 1.210084 -1.644723
v -0.738894 1.210084 -1.685857
v -0.705477 1.210084 -1.722005
v -0.666541 1.210084 -1.752184
v -0.623148 1.210084 -1.775569
v -0.576482 1.210084 -1.791523
v -0.527815 1.210084 -1.799610
v -0.478475 1.210084 -1.799610
v -0.429808 1.210084 -1.791523
v -0.383141 1.210084 -1.775569
v -0.339748 1.210084 -1.752184
v -0.300812 1.210084 -1.722005
v -0.267395 1.210084 -1.685857
v -0.240409 1.210084 -1.644723
v -0.220589 1.210084 -1.599728
v -0.286997 1.468487 -0.459559
v -0.285129 1.476644 -0.463818
v -0.283019 1.468487 -0.501044
v -0.281947 1.476643 -0.501044
v -0.285129 1.476643 -0.538270
v -0.278806 1.484244 -0.501044
v -0.282033 1.484244 -0.538799
v -0.273808 1.490770 -0.501044
v -0.277107 1.490770 -0.539640
v -0.267296 1.495778 -0.501044
v -0.270688 1.495778 -0.540736
v -0.259711 1.498926 -0.501044
v -0.263213 1.498926 -0.542013
v -0.251572 1.500000 -0.501044
v -0.255615 1.500000 -0.545776
v -0.294583 1.476644 -0.427662
v -0.298787 1.468487 -0.419573
v -0.310036 1.476644 -0.393618
v -0.317963 1.468487 -0.382532
v -0.331045 1.476644 -0.362664
v -0.343832 1.468487 -0.349774
v -0.357005 1.476644 -0.335691
v -0.375459 1.468487 -0.322483
v -0.387169 1.476644 -0.313475
v -0.411701 1.468487 -0.301647
v -0.420670 1.476644 -0.296654
v -0.451248 1.468487 -0.288016
v -0.456543 1.476644 -0.285714
v -0.492671 1.468487 -0.282086
v -0.493757 1.476644 -0.280969
v -0.531241 1.476644 -0.282554
v -0.531640 1.484244 -0.279451
v -0.568836 1.484244 -0.287434
v -0.570300 1.490770 -0.282676
v -0.606393 1.490770 -0.297119
v -0.609325 1.495778 -0.291328
v -0.643388 1.495778 -0.312214
v -0.647898 1.498926 -0.306141
v -0.678893 1.498926 -0.333306
v -0.676997 1.500000 -0.319968
v -0.706671 1.500000 -0.353791
v -0.704832 1.498926 -0.365297
v -0.729804 1.500000 -0.392347
v -0.724968 1.498926 -0.401192
v -0.745651 1.500000 -0.434396
v -0.738723 1.498926 -0.439960
v -0.753704 1.500000 -0.478587
v -0.745701 1.498926 -0.480486
v -0.745701 1.498926 -0.521602
v -0.738144 1.495778 -0.481126
v -0.738144 1.495778 -0.520962
v -0.731655 1.490770 -0.481676
v -0.731655 1.490770 -0.520412
v -0.726675 1.484244 -0.482098
v -0.726675 1.484244 -0.519990
v -0.723545 1.476644 -0.482363
v -0.723545 1.476643 -0.519724
v -0.722274 1.468487 -0.521881
v -0.717205 1.476643 -0.556548
v -0.714354 1.468487 -0.562802
v -0.704706 1.476643 -0.591775
v -0.698800 1.468487 -0.601490
v -0.686409 1.476643 -0.624392
v -0.676175 1.468487 -0.636549
v -0.662839 1.476643 -0.653460
v -0.647296 1.468487 -0.666709
v -0.634676 1.476643 -0.678143
v -0.613208 1.468487 -0.690883
v -0.602729 1.476643 -0.697732
v -0.575141 1.468487 -0.708194
v -0.567916 1.476643 -0.711662
v -0.534472 1.468487 -0.718019
v -0.531241 1.476643 -0.719534
v -0.492671 1.468487 -0.720002
v -0.493757 1.476643 -0.721119
v -0.456543 1.476643 -0.716374
v -0.455881 1.484244 -0.719432
v -0.419499 1.484244 -0.708336
v -0.417635 1.490770 -0.712954
v -0.382902 1.490770 -0.695515
v -0.379487 1.495778 -0.701038
v -0.347325 1.495778 -0.677350
v -0.342314 1.498926 -0.683020
v -0.313745 1.498926 -0.653335
v -0.313693 1.500000 -0.665872
v -0.287183 1.500000 -0.629536
v -0.290624 1.498926 -0.619269
v -0.267614 1.500000 -0.589071
v -0.273617 1.498926 -0.581803
v -0.534472 1.468487 -0.284069
v -0.567916 1.476644 -0.290426
v -0.604143 1.484244 -0.301562
v -0.639516 1.490770 -0.317428
v -0.673417 1.495778 -0.338532
v -0.575141 1.468487 -0.293894
v -0.602729 1.476644 -0.304356
v -0.636544 1.484244 -0.321429
v -0.668715 1.490770 -0.343020
v -0.698548 1.495778 -0.369526
v -0.613208 1.468487 -0.311205
v -0.634676 1.476644 -0.323945
v -0.665107 1.484244 -0.346463
v -0.693152 1.490770 -0.373158
v -0.718057 1.495778 -0.404303
v -0.647296 1.468487 -0.335379
v -0.662839 1.476644 -0.348628
v -0.689012 1.484244 -0.375944
v -0.712122 1.490770 -0.406974
v -0.731384 1.495778 -0.441863
v -0.676175 1.468487 -0.365539
v -0.686409 1.476644 -0.377696
v -0.707569 1.484244 -0.409024
v -0.725081 1.490770 -0.443498
v -0.698800 1.468487 -0.400598
v -0.704706 1.476644 -0.410313
v -0.720245 1.484244 -0.444752
v -0.714354 1.468487 -0.439286
v -0.717205 1.476644 -0.445540
v -0.722274 1.468487 -0.480207
v -0.451248 1.468487 -0.714072
v -0.420670 1.476643 -0.705434
v -0.385522 1.484244 -0.691277
v -0.351628 1.490770 -0.672482
v -0.319646 1.495778 -0.648590
v -0.411701 1.468487 -0.700441
v -0.387169 1.476643 -0.688613
v -0.354930 1.484244 -0.668746
v -0.324713 1.490770 -0.644516
v -0.297245 1.495778 -0.615586
v -0.375459 1.468487 -0.679604
v -0.357005 1.476643 -0.666397
v -0.328601 1.484244 -0.641390
v -0.302931 1.490770 -0.612423
v -0.280768 1.495778 -0.579287
v -0.343832 1.468487 -0.652314
v -0.331045 1.476643 -0.639424
v -0.307294 1.484244 -0.609996
v -0.286909 1.490770 -0.577126
v -0.317963 1.468487 -0.619556
v -0.310036 1.476643 -0.608470
v -0.291621 1.484244 -0.575468
v -0.298787 1.468487 -0.582515
v -0.294583 1.476643 -0.574426
v -0.286997 1.468487 -0.542529
v -0.346292 1.500000 -0.696910
v -0.375511 1.498926 -0.707469
v -0.415207 1.495778 -0.718972
v -0.454828 1.490770 -0.724297
v -0.493623 1.484244 -0.724245
v -0.383932 1.500000 -0.721652
v -0.412379 1.498926 -0.725980
v -0.453456 1.495778 -0.730637
v -0.493411 1.490770 -0.729217
v -0.531640 1.484244 -0.722637
v -0.425405 1.500000 -0.739304
v -0.451858 1.498926 -0.738020
v -0.493135 1.495778 -0.735697
v -0.532274 1.490770 -0.727573
v -0.568836 1.484244 -0.714654
v -0.469375 1.500000 -0.749299
v -0.492813 1.498926 -0.743242
v -0.533102 1.495778 -0.734006
v -0.570300 1.490770 -0.719412
v -0.604143 1.484244 -0.700525
v -0.514431 1.500000 -0.751314
v -0.534065 1.498926 -0.741497
v -0.572207 1.495778 -0.725613
v -0.606393 1.490770 -0.704969
v -0.636544 1.484244 -0.680659
v -0.559125 1.500000 -0.745285
v -0.574428 1.498926 -0.732835
v -0.609325 1.495778 -0.710760
v -0.639516 1.490770 -0.684660
v -0.665107 1.484244 -0.655625
v -0.602019 1.500000 -0.731406
v -0.612739 1.498926 -0.717504
v -0.643388 1.495778 -0.689874
v -0.668715 1.490770 -0.659068
v -0.689012 1.484244 -0.626144
v -0.641735 1.500000 -0.710123
v -0.647898 1.498926 -0.695946
v -0.673417 1.495778 -0.663556
v -0.693152 1.490770 -0.628930
v -0.707569 1.484244 -0.593064
v -0.676997 1.500000 -0.682120
v -0.678893 1.498926 -0.668782
v -0.698548 1.495778 -0.632562
v -0.712122 1.490770 -0.595113
v -0.720245 1.484244 -0.557336
v -0.706671 1.500000 -0.648297
v -0.704832 1.498926 -0.636791
v -0.718057 1.495778 -0.597785
v -0.725081 1.490770 -0.558590
v -0.729804 1.500000 -0.609741
v -0.724968 1.498926 -0.600896
v -0.731384 1.495778 -0.560225
v -0.745651 1.500000 -0.567692
v -0.738723 1.498926 -0.562128
v -0.753704 1.500000 -0.523501
v -0.641735 1.500000 -0.291965
v -0.612739 1.498926 -0.284584
v -0.572207 1.495778 -0.276475
v -0.532274 1.490770 -0.274515
v -0.493623 1.484244 -0.277843
v -0.602019 1.500000 -0.270682
v -0.574428 1.498926 -0.269253
v -0.533102 1.495778 -0.268082
v -0.493411 1.490770 -0.272871
v -0.455881 1.484244 -0.282656
v -0.559125 1.500000 -0.256803
v -0.534065 1.498926 -0.260591
v -0.493135 1.495778 -0.266391
v -0.454828 1.490770 -0.277791
v -0.419499 1.484244 -0.293752
v -0.514431 1.500000 -0.250774
v -0.492813 1.498926 -0.258845
v -0.453456 1.495778 -0.271451
v -0.417635 1.490770 -0.289134
v -0.385522 1.484244 -0.310811
v -0.469375 1.500000 -0.252789
v -0.451858 1.498926 -0.264068
v -0.415207 1.495778 -0.283116
v -0.382902 1.490770 -0.306573
v -0.354930 1.484244 -0.333342
v -0.425405 1.500000 -0.262783
v -0.412379 1.498926 -0.276108
v -0.379487 1.495778 -0.301050
v -0.351628 1.490770 -0.329606
v -0.328601 1.484244 -0.360698
v -0.383932 1.500000 -0.280436
v -0.375511 1.498926 -0.294619
v -0.347325 1.495778 -0.324738
v -0.324713 1.490770 -0.357572
v -0.307294 1.484244 -0.392092
v -0.346292 1.500000 -0.305178
v -0.342314 1.498926 -0.319068
v -0.319646 1.495778 -0.353498
v -0.302931 1.490770 -0.389665
v -0.291621 1.484244 -0.426620
v -0.313693 1.500000 -0.336216
v -0.313745 1.498926 -0.348753
v -0.297245 1.495778 -0.386502
v -0.286909 1.490770 -0.424962
v -0.282033 1.484244 -0.463289
v -0.287183 1.500000 -0.372551
v -0.290624 1.498926 -0.382818
v -0.280768 1.495778 -0.422801
v -0.277107 1.490770 -0.462448
v -0.267614 1.500000 -0.413017
v -0.273617 1.498926 -0.420285
v -0.270688 1.495778 -0.461352
v -0.255615 1.500000 -0.456312
v -0.263213 1.498926 -0.460075
v -0.239910 1.500000 -0.454822
v -0.235849 1.500000 -0.501044
v -0.239910 1.500000 -0.547266
v -0.251969 1.500000 -0.592083
v -0.271660 1.500000 -0.634134
v -0.298384 1.500000 -0.672141
v -0.331330 1.500000 -0.704949
v -0.369497 1.500000 -0.731562
v -0.411724 1.500000 -0.751171
v -0.456729 1.500000 -0.763180
v -0.503145 1.500000 -0.767223
v -0.549560 1.500000 -0.763180
v -0.594565 1.500000 -0.751171
v -0.636792 1.500000 -0.731562
v -0.674959 1.500000 -0.704949
v -0.707905 1.500000 -0.672141
v -0.734629 1.500000 -0.634134
v -0.754320 1.500000 -0.592083
v -0.766379 1.500000 -0.547266
v -0.770440 1.500000 -0.501044
v -0.766379 1.500000 -0.454822
v -0.754320 1.500000 -0.410005
v -0.734629 1.500000 -0.367954
v -0.707905 1.500000 -0.329947
v -0.674959 1.500000 -0.297139
v -0.636792 1.500000 -0.270526
v -0.594565 1.500000 -0.250917
v -0.549560 1.500000 -0.238908
v -0.503145 1.500000 -0.234864
v -0.456729 1.500000 -0.238908
v -0.411724 1.500000 -0.250917
v -0.369497 1.500000 -0.270526
v -0.331330 1.500000 -0.297139
v -0.298384 1.500000 -0.329947
v -0.271660 1.500000 -0.367954
v -0.251969 1.500000 -0.410005
v -0.286997 1.210084 -0.459559
v -0.283019 1.210084 -0.501044
v -0.286997 1.210084 -0.542529
v -0.298787 1.210084 -0.582515
v -0.317963 1.210084 -0.619556
v -0.343832 1.210084 -0.652314
v -0.375459 1.210084 -0.679604
v -0.411701 1.210084 -0.700441
v -0.451248 1.210084 -0.714072
v -0.492671 1.210084 -0.720002
v -0.534472 1.210084 -0.718019
v -0.575141 1.210084 -0.708194
v -0.613208 1.210084 -0.690882
v -0.647296 1.210084 -0.666709
v -0.676175 1.210084 -0.636548
v -0.698800 1.210084 -0.601490
v -0.714354 1.210084 -0.562802
v -0.722274 1.210084 -0.521881
v -0.722274 1.210084 -0.480207
v -0.714354 1.210084 -0.439286
v -0.698800 1.210084 -0.400598
v -0.676175 1.210084 -0.365539
v -0.647296 1.210084 -0.335379
v -0.613208 1.210084 -0.311205
v -0.575141 1.210084 -0.293893
v -0.534472 1.210084 -0.284068
v -0.492671 1.210084 -0.282086
v -0.451248 1.210084 -0.288016
v -0.411701 1.210084 -0.301647
v -0.375459 1.210084 -0.322483
v -0.343832 1.210084 -0.349774
v -0.317963 1.210084 -0.382532
v -0.298787 1.210084 -0.419573
v -0.208477 1.468487 -0.550010
v -0.209534 1.476643 -0.549834
v -0.204403 1.468487 -0.501044
v -0.205474 1.476643 -0.501044
v -0.208477 1.468487 -0.452078
v -0.209534 1.476644 -0.452254
v -0.220589 1.468487 -0.404448
v -0.221603 1.476644 -0.404794
v -0.240409 1.468487 -0.359452
v -0.241351 1.476644 -0.359960
v -0.267395 1.468487 -0.318319
v -0.268241 1.476644 -0.318974
v -0.300812 1.468487 -0.282170
v -0.301538 1.476644 -0.282955
v -0.339748 1.468487 -0.251991
v -0.340334 1.476644 -0.252885
v -0.383141 1.468487 -0.228606
v -0.383572 1.476644 -0.229583
v -0.429808 1.468487 -0.212652
v -0.430071 1.476644 -0.213687
v -0.478475 1.468487 -0.204565
v -0.478563 1.476644 -0.205629
v -0.527815 1.468487 -0.204565
v -0.527726 1.476644 -0.205629
v -0.576482 1.468487 -0.212652
v -0.576218 1.476644 -0.213687
v -0.623148 1.468487 -0.228606
v -0.622718 1.476644 -0.229583
v -0.666541 1.468487 -0.251991
v -0.665955 1.476644 -0.252885
v -0.705477 1.468487 -0.282170
v -0.704751 1.476644 -0.282955
v -0.738894 1.468487 -0.318319
v -0.738049 1.476644 -0.318974
v -0.765881 1.468487 -0.359452
v -0.764938 1.476644 -0.359960
v -0.785700 1.468487 -0.404448
v -0.784687 1.476644 -0.404794
v -0.797812 1.468487 -0.452078
v -0.796755 1.476644 -0.452254
v -0.801887 1.468487 -0.501044
v -0.800815 1.476643 -0.501044
v -0.797812 1.468487 -0.550010
v -0.796755 1.476643 -0.549834
v -0.785700 1.468487 -0.597640
v -0.784687 1.476643 -0.597294
v -0.765881 1.468487 -0.642636
v -0.764938 1.476643 -0.642128
v -0.738894 1.468487 -0.683769
v -0.738049 1.476643 -0.683114
v -0.705477 1.468487 -0.719918
v -0.704751 1.476643 -0.719133
v -0.666541 1.468487 -0.750097
v -0.665955 1.476643 -0.749203
v -0.623148 1.468487 -0.773482
v -0.622718 1.476643 -0.772505
v -0.576482 1.468487 -0.789436
v -0.576218 1.476643 -0.788401
v -0.527815 1.468487 -0.797523
v -0.527726 1.476643 -0.796459
v -0.478475 1.468487 -0.797523
v -0.478563 1.476643 -0.796459
v -0.429808 1.468487 -0.789436
v -0.430071 1.476643 -0.788401
v -0.383141 1.468487 -0.773482
v -0.383572 1.476643 -0.772505
v -0.339748 1.468487 -0.750097
v -0.340334 1.476643 -0.749203
v -0.300812 1.468487 -0.719918
v -0.301538 1.476643 -0.719133
v -0.267395 1.468487 -0.683769
v -0.268241 1.476643 -0.683114
v -0.240409 1.468487 -0.642636
v -0.241351 1.476643 -0.642128
v -0.220589 1.468487 -0.597640
v -0.221603 1.476643 -0.597294
v -0.231467 1.498926 -0.455898
v -0.227710 1.498926 -0.501044
v -0.231467 1.498926 -0.546190
v -0.220126 1.495778 -0.501044
v -0.223986 1.495778 -0.547433
v -0.213613 1.490770 -0.501044
v -0.217562 1.490770 -0.548500
v -0.208616 1.484244 -0.501044
v -0.212633 1.484244 -0.549319
v -0.242634 1.498926 -0.411984
v -0.260907 1.498926 -0.370499
v -0.285788 1.498926 -0.332575
v -0.316598 1.498926 -0.299246
v -0.352496 1.498926 -0.271422
v -0.392504 1.498926 -0.249862
v -0.435530 1.498926 -0.235153
v -0.480399 1.498926 -0.227696
v -0.525890 1.498926 -0.227696
v -0.570760 1.498926 -0.235153
v -0.613786 1.498926 -0.249862
v -0.653793 1.498926 -0.271422
v -0.689691 1.498926 -0.299246
v -0.720501 1.498926 -0.332575
v -0.745382 1.498926 -0.370499
v -0.763655 1.498926 -0.411984
v -0.774823 1.498926 -0.455898
v -0.778579 1.498926 -0.501044
v -0.774823 1.498926 -0.546190
v -0.782304 1.495778 -0.547433
v -0.770829 1.495778 -0.592556
v -0.776989 1.490770 -0.594662
v -0.757780 1.490770 -0.638270
v -0.762175 1.484244 -0.640639
v -0.735570 1.484244 -0.681192
v -0.763655 1.498926 -0.590104
v -0.752052 1.495778 -0.635184
v -0.731626 1.490770 -0.678136
v -0.702624 1.484244 -0.716831
v -0.745382 1.498926 -0.631589
v -0.726486 1.495778 -0.674152
v -0.699239 1.490770 -0.713170
v -0.664237 1.484244 -0.746584
v -0.720501 1.498926 -0.669513
v -0.694828 1.495778 -0.708398
v -0.661503 1.490770 -0.742418
v -0.621456 1.484244 -0.769640
v -0.689691 1.498926 -0.702842
v -0.657941 1.495778 -0.736989
v -0.619448 1.490770 -0.765082
v -0.575447 1.484244 -0.785368
v -0.653793 1.498926 -0.730666
v -0.616832 1.495778 -0.759143
v -0.574221 1.490770 -0.780544
v -0.527467 1.484244 -0.793342
v -0.613786 1.498926 -0.752226
v -0.572622 1.495778 -0.774257
v -0.527054 1.490770 -0.788382
v -0.478823 1.484244 -0.793342
v -0.570760 1.498926 -0.766935
v -0.526516 1.495778 -0.781919
v -0.479235 1.490770 -0.788382
v -0.430842 1.484244 -0.785368
v -0.525890 1.498926 -0.774392
v -0.479773 1.495778 -0.781919
v -0.432069 1.490770 -0.780544
v -0.384834 1.484244 -0.769640
v -0.480399 1.498926 -0.774392
v -0.433668 1.495778 -0.774257
v -0.386841 1.490770 -0.765082
v -0.342053 1.484244 -0.746584
v -0.435530 1.498926 -0.766935
v -0.389457 1.495778 -0.759143
v -0.344786 1.490770 -0.742418
v -0.303666 1.484244 -0.716831
v -0.392504 1.498926 -0.752226
v -0.348348 1.495778 -0.736989
v -0.307050 1.490770 -0.713170
v -0.270720 1.484244 -0.681192
v -0.352496 1.498926 -0.730666
v -0.311461 1.495778 -0.708398
v -0.274664 1.490770 -0.678136
v -0.244114 1.484244 -0.640639
v -0.316598 1.498926 -0.702842
v -0.279803 1.495778 -0.674152
v -0.248509 1.490770 -0.638270
v -0.224574 1.484244 -0.596278
v -0.285788 1.498926 -0.669513
v -0.254237 1.495778 -0.635184
v -0.229301 1.490770 -0.594662
v -0.260907 1.498926 -0.631589
v -0.235461 1.495778 -0.592556
v -0.242634 1.498926 -0.590104
v -0.797674 1.484244 -0.501044
v -0.793657 1.484244 -0.549319
v -0.781715 1.484244 -0.596278
v -0.792676 1.490770 -0.501044
v -0.788728 1.490770 -0.548500
v -0.793657 1.484244 -0.452768
v -0.781715 1.484244 -0.405810
v -0.762175 1.484244 -0.361449
v -0.735570 1.484244 -0.320896
v -0.702624 1.484244 -0.285257
v -0.664237 1.484244 -0.255504
v -0.621456 1.484244 -0.232448
v -0.575447 1.484244 -0.216720
v -0.527467 1.484244 -0.208746
v -0.478823 1.484244 -0.208746
v -0.430842 1.484244 -0.216720
v -0.384834 1.484244 -0.232448
v -0.342053 1.484244 -0.255504
v -0.303666 1.484244 -0.285257
v -0.270720 1.484244 -0.320896
v -0.244114 1.484244 -0.361449
v -0.224574 1.484244 -0.405810
v -0.212633 1.484244 -0.452768
v -0.786164 1.495778 -0.501044
v -0.788728 1.490770 -0.453588
v -0.776989 1.490770 -0.407426
v -0.757780 1.490770 -0.363818
v -0.731626 1.490770 -0.323952
v -0.699239 1.490770 -0.288918
v -0.661503 1.490770 -0.259670
v -0.619448 1.490770 -0.237006
v -0.574221 1.490770 -0.221544
v -0.527054 1.490770 -0.213706
v -0.479235 1.490770 -0.213706
v -0.432069 1.490770 -0.221544
v -0.386841 1.490770 -0.237006
v -0.344786 1.490770 -0.259670
v -0.307050 1.490770 -0.288918
v -0.274664 1.490770 -0.323952
v -0.248509 1.490770 -0.363818
v -0.229301 1.490770 -0.407426
v -0.217562 1.490770 -0.453588
v -0.782304 1.495778 -0.454655
v -0.770829 1.495778 -0.409532
v -0.752052 1.495778 -0.366904
v -0.726486 1.495778 -0.327936
v -0.694828 1.495778 -0.293690
v -0.657941 1.495778 -0.265099
v -0.616832 1.495778 -0.242945
v -0.572622 1.495778 -0.227831
v -0.526516 1.495778 -0.220169
v -0.479773 1.495778 -0.220169
v -0.433668 1.495778 -0.227831
v -0.389457 1.495778 -0.242945
v -0.348348 1.495778 -0.265099
v -0.311461 1.495778 -0.293690
v -0.279803 1.495778 -0.327936
v -0.254237 1.495778 -0.366904
v -0.235461 1.495778 -0.409532
v -0.223986 1.495778 -0.454655
v -0.208477 1.210084 -0.550010
v -0.204403 1.210084 -0.501044
v -0.208477 1.210084 -0.452078
v -0.220589 1.210084 -0.404448
v -0.240409 1.210084 -0.359452
v -0.267395 1.210084 -0.318319
v -0.300812 1.210084 -0.282170
v -0.339748 1.210084 -0.251991
v -0.383141 1.210084 -0.228606
v -0.429808 1.210084 -0.212652
v -0.478475 1.210084 -0.204565
v -0.527815 1.210084 -0.204565
v -0.576482 1.210084 -0.212652
v -0.623148 1.210084 -0.228606
v -0.666541 1.210084 -0.251991
v -0.705477 1.210084 -0.282170
v -0.738894 1.210084 -0.318319
v -0.765881 1.210084 -0.359452
v -0.785700 1.210084 -0.404448
v -0.797812 1.210084 -0.452078
v -0.801887 1.210084 -0.501044
v -0.797812 1.210084 -0.550010
v -0.785700 1.210084 -0.597640
v -0.765881 1.210084 -0.642636
v -0.738894 1.210084 -0.683769
v -0.705477 1.210084 -0.719918
v -0.666541 1.210084 -0.750097
v -0.623148 1.210084 -0.773482
v -0.576482 1.210084 -0.789435
v -0.527815 1.210084 -0.797523
v -0.478475 1.210084 -0.797523
v -0.429808 1.210084 -0.789435
v -0.383141 1.210084 -0.773482
v -0.339748 1.210084 -0.750097
v -0.300812 1.210084 -0.719918
v -0.267395 1.210084 -0.683769
v -0.240409 1.210084 -0.642636
v -0.220589 1.210084 -0.597640
v 0.719293 1.468487 -0.459559
v 0.721160 1.476644 -0.463818
v 0.723270 1.468487 -0.501044
v 0.724342 1.476643 -0.501044
v 0.721160 1.476643 -0.538270
v 0.727484 1.484244 -0.501044
v 0.724257 1.484244 -0.538799
v 0.732481 1.490770 -0.501044
v 0.729182 1.490770 -0.539640
v 0.738994 1.495778 -0.501044
v 0.735601 1.495778 -0.540736
v 0.746578 1.498926 -0.501044
v 0.743077 1.498926 -0.542013
v 0.754717 1.500000 -0.501044
v 0.750674 1.500000 -0.545776
v 0.711707 1.476644 -0.427662
v 0.707502 1.468487 -0.419573
v 0.696253 1.476644 -0.393618
v 0.688326 1.468487 -0.382532
v 0.675244 1.476644 -0.362664
v 0.662457 1.468487 -0.349774
v 0.649284 1.476644 -0.335691
v 0.630830 1.468487 -0.322483
v 0.619120 1.476644 -0.313475
v 0.594588 1.468487 -0.301647
v 0.585620 1.476644 -0.296654
v 0.555041 1.468487 -0.288016
v 0.549746 1.476644 -0.285714
v 0.513619 1.468487 -0.282086
v 0.512533 1.476644 -0.280969
v 0.475049 1.476644 -0.282554
v 0.474650 1.484244 -0.279451
v 0.437453 1.484244 -0.287434
v 0.435990 1.490770 -0.282676
v 0.399897 1.490770 -0.297119
v 0.396965 1.495778 -0.291328
v 0.362901 1.495778 -0.312214
v 0.358391 1.498926 -0.306141
v 0.327396 1.498926 -0.333306
v 0.329292 1.500000 -0.319968
v 0.299618 1.500000 -0.353791
v 0.301458 1.498926 -0.365297
v 0.276486 1.500000 -0.392347
v 0.281321 1.498926 -0.401192
v 0.260638 1.500000 -0.434396
v 0.267566 1.498926 -0.439960
v 0.252585 1.500000 -0.478587
v 0.260588 1.498926 -0.480486
v 0.260588 1.498926 -0.521602
v 0.268145 1.495778 -0.481126
v 0.268145 1.495778 -0.520962
v 0.274635 1.490770 -0.481676
v 0.274635 1.490770 -0.520412
v 0.279614 1.484244 -0.482098
v 0.279614 1.484244 -0.519990
v 0.282744 1.476644 -0.482363
v 0.282744 1.476643 -0.519724
v 0.284016 1.468487 -0.521881
v 0.289085 1.476643 -0.556548
v 0.291936 1.468487 -0.562802
v 0.301583 1.476643 -0.591775
v 0.307489 1.468487 -0.601490
v 0.319881 1.476643 -0.624392
v 0.330114 1.468487 -0.636549
v 0.343450 1.476643 -0.653460
v 0.358993 1.468487 -0.666709
v 0.371613 1.476643 -0.678143
v 0.393082 1.468487 -0.690883
v 0.403561 1.476643 -0.697732
v 0.431149 1.468487 -0.708194
v 0.438373 1.476643 -0.711662
v 0.471818 1.468487 -0.718019
v 0.475049 1.476643 -0.719534
v 0.513619 1.468487 -0.720002
v 0.512533 1.476643 -0.721119
v 0.549746 1.476643 -0.716374
v 0.550408 1.484244 -0.719432
v 0.586791 1.484244 -0.708336
v 0.588654 1.490770 -0.712954
v 0.623387 1.490770 -0.695515
v 0.626802 1.495778 -0.701038
v 0.658964 1.495778 -0.677350
v 0.663975 1.498926 -0.683020
v 0.692545 1.498926 -0.653335
v 0.692597 1.500000 -0.665872
v 0.719107 1.500000 -0.629536
v 0.715665 1.498926 -0.619269
v 0.738675 1.500000 -0.589071
v 0.732673 1.498926 -0.581803
v 0.471818 1.468487 -0.284069
v 0.438373 1.476644 -0.290426
v 0.402146 1.484244 -0.301562
v 0.366774 1.490770 -0.317428
v 0.332872 1.495778 -0.338532
v 0.431149 1.468487 -0.293894
v 0.403561 1.476644 -0.304356
v 0.369745 1.484244 -0.321429
v 0.337574 1.490770 -0.343020
v 0.307741 1.495778 -0.369526
v 0.393082 1.468487 -0.311205
v 0.371613 1.476644 -0.323945
v 0.341182 1.484244 -0.346463
v 0.313137 1.490770 -0.373158
v 0.288232 1.495778 -0.404303
v 0.358993 1.468487 -0.335379
v 0.343450 1.476644 -0.348628
v 0.317278 1.484244 -0.375944
v 0.294167 1.490770 -0.406974
v 0.274906 1.495778 -0.441863
v 0.330114 1.468487 -0.365539
v 0.319881 1.476644 -0.377696
v 0.298721 1.484244 -0.409024
v 0.281208 1.490770 -0.443498
v 0.307489 1.468487 -0.400598
v 0.301583 1.476644 -0.410313
v 0.286045 1.484244 -0.444752
v 0.291936 1.468487 -0.439286
v 0.289085 1.476644 -0.445540
v 0.284016 1.468487 -0.480207
v 0.555041 1.468487 -0.714072
v 0.585620 1.476643 -0.705434
v 0.620767 1.484244 -0.691277
v 0.654661 1.490770 -0.672482
v 0.686644 1.495778 -0.648590
v 0.594588 1.468487 -0.700441
v 0.619120 1.476643 -0.688613
v 0.651360 1.484244 -0.668746
v 0.681576 1.490770 -0.644516
v 0.709044 1.495778 -0.615586
v 0.630830 1.468487 -0.679604
v 0.649284 1.476643 -0.666397
v 0.677688 1.484244 -0.641390
v 0.703358 1.490770 -0.612423
v 0.725521 1.495778 -0.579287
v 0.662457 1.468487 -0.652314
v 0.675244 1.476643 -0.639424
v 0.698996 1.484244 -0.609996
v 0.719381 1.490770 -0.577126
v 0.688326 1.468487 -0.619556
v 0.696253 1.476643 -0.608470
v 0.714669 1.484244 -0.575468
v 0.707502 1.468487 -0.582515
v 0.711707 1.476643 -0.574426
v 0.719293 1.468487 -0.542529
v 0.659997 1.500000 -0.696910
v 0.630779 1.498926 -0.707469
v 0.591083 1.495778 -0.718972
v 0.551461 1.490770 -0.724297
v 0.512666 1.484244 -0.724245
v 0.622357 1.500000 -0.721652
v 0.593910 1.498926 -0.725980
v 0.552833 1.495778 -0.730637
v 0.512878 1.490770 -0.729217
v 0.474650 1.484244 -0.722637
v 0.580885 1.500000 -0.739304
v 0.554431 1.498926 -0.738020
v 0.513154 1.495778 -0.735697
v 0.474015 1.490770 -0.727573
v 0.437453 1.484244 -0.714654
v 0.536914 1.500000 -0.749299
v 0.513476 1.498926 -0.743242
v 0.473188 1.495778 -0.734006
v 0.435990 1.490770 -0.719412
v 0.402146 1.484244 -0.700525
v 0.491858 1.500000 -0.751314
v 0.472224 1.498926 -0.741497
v 0.434083 1.495778 -0.725613
v 0.399897 1.490770 -0.704969
v 0.369745 1.484244 -0.680659
v 0.447165 1.500000 -0.745285
v 0.431862 1.498926 -0.732835
v 0.396965 1.495778 -0.710760
v 0.366774 1.490770 -0.684660
v 0.341182 1.484244 -0.655625
v 0.404270 1.500000 -0.731406
v 0.393550 1.498926 -0.717504
v 0.362901 1.495778 -0.689874
v 0.337574 1.490770 -0.659068
v 0.317278 1.484244 -0.626144
v 0.364554 1.500000 -0.710123
v 0.358391 1.498926 -0.695946
v 0.332872 1.495778 -0.663556
v 0.313137 1.490770 -0.628930
v 0.298721 1.484244 -0.593064
v 0.329292 1.500000 -0.682120
v 0.327396 1.498926 -0.668782
v 0.307741 1.495778 -0.632562
v 0.294167 1.490770 -0.595113
v 0.286045 1.484244 -0.557336
v 0.299618 1.500000 -0.648297
v 0.301458 1.498926 -0.636791
v 0.288232 1.495778 -0.597785
v 0.281208 1.490770 -0.558590
v 0.276486 1.500000 -0.609741
v 0.281321 1.498926 -0.600896
v 0.274906 1.495778 -0.560225
v 0.260638 1.500000 -0.567692
v 0.267566 1.498926 -0.562128
v 0.252585 1.500000 -0.523501
v 0.364554 1.500000 -0.291965
v 0.393550 1.498926 -0.284584
v 0.434083 1.495778 -0.276475
v 0.474015 1.490770 -0.274515
v 0.512666 1.484244 -0.277843
v 0.404270 1.500000 -0.270682
v 0.431862 1.498926 -0.269253
v 0.473188 1.495778 -0.268082
v 0.512878 1.490770 -0.272871
v 0.550408 1.484244 -0.282656
v 0.447165 1.500000 -0.256803
v 0.472224 1.498926 -0.260591
v 0.513154 1.495778 -0.266391
v 0.551461 1.490770 -0.277791
v 0.586791 1.484244 -0.293752
v 0.491858 1.500000 -0.250774
v 0.513476 1.498926 -0.258845
v 0.552833 1.495778 -0.271451
v 0.588654 1.490770 -0.289134
v 0.620767 1.484244 -0.310811
v 0.536914 1.500000 -0.252789
v 0.554431 1.498926 -0.264068
v 0.591083 1.495778 -0.283116
v 0.623387 1.490770 -0.306573
v 0.651360 1.484244 -0.333342
v 0.580885 1.500000 -0.262783
v 0.593910 1.498926 -0.276108
v 0.626802 1.495778 -0.301050
v 0.654661 1.490770 -0.329606
v 0.677688 1.484244 -0.360698
v 0.622357 1.500000 -0.280436
v 0.630779 1.498926 -0.294619
v 0.658964 1.495778 -0.324738
v 0.681576 1.490770 -0.357572
v 0.698996 1.484244 -0.392092
v 0.659997 1.500000 -0.305178
v 0.663975 1.498926 -0.319068
v 0.686644 1.495778 -0.353498
v 0.703358 1.490770 -0.389665
v 0.714669 1.484244 -0.426620
v 0.692597 1.500000 -0.336216
v 0.692545 1.498926 -0.348753
v 0.709044 1.495778 -0.386502
v 0.719381 1.490770 -0.424962
v 0.724257 1.484244 -0.463289
v 0.719107 1.500000 -0.372551
v 0.715665 1.498926 -0.382818
v 0.725521 1.495778 -0.422801
v 0.729182 1.490770 -0.462448
v 0.738675 1.500000 -0.413017
v 0.732673 1.498926 -0.420285
v 0.735601 1.495778 -0.461352
v 0.750674 1.500000 -0.456312
v 0.743077 1.498926 -0.460075
v 0.766379 1.500000 -0.454822
v 0.770440 1.500000 -0.501044
v 0.766379 1.500000 -0.547266
v 0.754320 1.500000 -0.592083
v 0.734629 1.500000 -0.634134
v 0.707905 1.500000 -0.672141
v 0.674959 1.500000 -0.704949
v 0.636792 1.500000 -0.731562
v 0.594565 1.500000 -0.751171
v 0.549560 1.500000 -0.763180
v 0.503145 1.500000 -0.767223
v 0.456729 1.500000 -0.763180
v 0.411724 1.500000 -0.751171
v 0.369497 1.500000 -0.731562
v 0.331330 1.500000 -0.704949
v 0.298384 1.500000 -0.672141
v 0.271660 1.500000 -0.634134
v 0.251969 1.500000 -0.592083
v 0.239910 1.500000 -0.547266
v 0.235849 1.500000 -0.501044
v 0.239910 1.500000 -0.454822
v 0.251969 1.500000 -0.410005
v 0.271660 1.500000 -0.367954
v 0.298384 1.500000 -0.329947
v 0.331330 1.500000 -0.297139
v 0.369497 1.500000 -0.270526
v 0.411724 1.500000 -0.250917
v 0.456729 1.500000 -0.238908
v 0.503145 1.500000 -0.234864
v 0.549560 1.500000 -0.238908
v 0.594565 1.500000 -0.250917
v 0.636792 1.500000 -0.270526
v 0.674959 1.500000 -0.297139
v 0.707905 1.500000 -0.329947
v 0.734629 1.500000 -0.367954
v 0.754320 1.500000 -0.410005
v 0.719293 1.210084 -0.459559
v 0.723270 1.210084 -0.501044
v 0.719293 1.210084 -0.542529
v 0.707502 1.210084 -0.582515
v 0.688326 1.210084 -0.619556
v 0.662457 1.210084 -0.652314
v 0.630830 1.210084 -0.679604
v 0.594588 1.210084 -0.700441
v 0.555041 1.210084 -0.714072
v 0.513619 1.210084 -0.720002
v 0.471818 1.210084 -0.718019
v 0.431149 1.210084 -0.708194
v 0.393082 1.210084 -0.690882
v 0.358993 1.210084 -0.666709
v 0.330114 1.210084 -0.636548
v 0.307489 1.210084 -0.601490
v 0.291936 1.210084 -0.562802
v 0.284016 1.210084 -0.521881
v 0.284016 1.210084 -0.480207
v 0.291936 1.210084 -0.439286
v 0.307489 1.210084 -0.400598
v 0.330114 1.210084 -0.365539
v 0.358993 1.210084 -0.335379
v 0.393082 1.210084 -0.311205
v 0.431149 1.210084 -0.293893
v 0.471818 1.210084 -0.284068
v 0.513619 1.210084 -0.282086
v 0.555041 1.210084 -0.288016
v 0.594588 1.210084 -0.301647
v 0.630830 1.210084 -0.322483
v 0.662457 1.210084 -0.349774
v 0.688326 1.210084 -0.382532
v 0.707502 1.210084 -0.419573
v 0.797812 1.468487 -0.550010
v 0.796755 1.476643 -0.549834
v 0.801887 1.468487 -0.501044
v 0.800815 1.476643 -0.501044
v 0.797812 1.468487 -0.452078
v 0.796755 1.476644 -0.452254
v 0.785700 1.468487 -0.404448
v 0.784687 1.476644 -0.404794
v 0.765881 1.468487 -0.359452
v 0.764938 1.476644 -0.359960
v 0.738894 1.468487 -0.318319
v 0.738049 1.476644 -0.318974
v 0.705477 1.468487 -0.282170
v 0.704751 1.476644 -0.282955
v 0.666541 1.468487 -0.251991
v 0.665955 1.476644 -0.252885
v 0.623148 1.468487 -0.228606
v 0.622718 1.476644 -0.229583
v 0.576482 1.468487 -0.212652
v 0.576218 1.476644 -0.213687
v 0.527815 1.468487 -0.204565
v 0.527726 1.476644 -0.205629
v 0.478475 1.468487 -0.204565
v 0.478563 1.476644 -0.205629
v 0.429808 1.468487 -0.212652
v 0.430071 1.476644 -0.213687
v 0.383141 1.468487 -0.228606
v 0.383572 1.476644 -0.229583
v 0.339748 1.468487 -0.251991
v 0.340334 1.476644 -0.252885
v 0.300812 1.468487 -0.282170
v 0.301538 1.476644 -0.282955
v 0.267395 1.468487 -0.318319
v 0.268241 1.476644 -0.318974
v 0.240409 1.468487 -0.359452
v 0.241351 1.476644 -0.359960
v 0.220589 1.468487 -0.404448
v 0.221603 1.476644 -0.404794
v 0.208477 1.468487 -0.452078
v 0.209534 1.476644 -0.452254
v 0.204403 1.468487 -0.501044
v 0.205474 1.476643 -0.501044
v 0.208477 1.468487 -0.550010
v 0.209534 1.476643 -0.549834
v 0.220589 1.468487 -0.597640
v 0.221603 1.476643 -0.597294
v 0.240409 1.468487 -0.642636
v 0.241351 1.476643 -0.642128
v 0.267395 1.468487 -0.683769
v 0.268241 1.476643 -0.683114
v 0.300812 1.468487 -0.719918
v 0.301538 1.476643 -0.719133
v 0.339748 1.468487 -0.750097
v 0.340334 1.476643 -0.749203
v 0.383141 1.468487 -0.773482
v 0.383572 1.476643 -0.772505
v 0.429808 1.468487 -0.789436
v 0.430071 1.476643 -0.788401
v 0.478475 1.468487 -0.797523
v 0.478563 1.476643 -0.796459
v 0.527815 1.468487 -0.797523
v 0.527726 1.476643 -0.796459
v 0.576482 1.468487 -0.789436
v 0.576218 1.476643 -0.788401
v 0.623148 1.468487 -0.773482
v 0.622718 1.476643 -0.772505
v 0.666541 1.468487 -0.750097
v 0.665955 1.476643 -0.749203
v 0.705477 1.468487 -0.719918
v 0.704751 1.476643 -0.719133
v 0.738894 1.468487 -0.683769
v 0.738049 1.476643 -0.683114
v 0.765881 1.468487 -0.642636
v 0.764938 1.476643 -0.642128
v 0.785700 1.468487 -0.597640
v 0.784687 1.476643 -0.597294
v 0.774823 1.498926 -0.455898
v 0.778579 1.498926 -0.501044
v 0.774823 1.498926 -0.546190
v 0.786164 1.495778 -0.501044
v 0.782304 1.495778 -0.547433
v 0.792676 1.490770 -0.501044
v 0.788728 1.490770 -0.548500
v 0.797674 1.484244 -0.501044
v 0.793657 1.484244 -0.549319
v 0.763655 1.498926 -0.411984
v 0.745382 1.498926 -0.370499
v 0.720501 1.498926 -0.332575
v 0.689691 1.498926 -0.299246
v 0.653793 1.498926 -0.271422
v 0.613786 1.498926 -0.249862
v 0.570760 1.498926 -0.235153
v 0.525890 1.498926 -0.227696
v 0.480399 1.498926 -0.227696
v 0.435530 1.498926 -0.235153
v 0.392504 1.498926 -0.249862
v 0.352496 1.498926 -0.271422
v 0.316598 1.498926 -0.299246
v 0.285788 1.498926 -0.332575
v 0.260907 1.498926 -0.370499
v 0.242634 1.498926 -0.411984
v 0.231467 1.498926 -0.455898
v 0.227710 1.498926 -0.501044
v 0.231467 1.498926 -0.546190
v 0.223986 1.495778 -0.547433
v 0.235461 1.495778 -0.592556
v 0.229301 1.490770 -0.594662
v 0.248509 1.490770 -0.638270
v 0.244114 1.484244 -0.640639
v 0.270720 1.484244 -0.681192
v 0.242634 1.498926 -0.590104
v 0.254237 1.495778 -0.635184
v 0.274664 1.490770 -0.678136
v 0.303666 1.484244 -0.716831
v 0.260907 1.498926 -0.631589
v 0.279803 1.495778 -0.674152
v 0.307050 1.490770 -0.713170
v 0.342053 1.484244 -0.746584
v 0.285788 1.498926 -0.669513
v 0.311461 1.495778 -0.708398
v 0.344786 1.490770 -0.742418
v 0.384834 1.484244 -0.769640
v 0.316598 1.498926 -0.702842
v 0.348348 1.495778 -0.736989
v 0.386841 1.490770 -0.765082
v 0.430842 1.484244 -0.785368
v 0.352496 1.498926 -0.730666
v 0.389457 1.495778 -0.759143
v 0.432069 1.490770 -0.780544
v 0.478823 1.484244 -0.793342
v 0.392504 1.498926 -0.752226
v 0.433668 1.495778 -0.774257
v 0.479235 1.490770 -0.788382
v 0.527467 1.484244 -0.793342
v 0.435530 1.498926 -0.766935
v 0.479773 1.495778 -0.781919
v 0.527054 1.490770 -0.788382
v 0.575447 1.484244 -0.785368
v 0.480399 1.498926 -0.774392
v 0.526516 1.495778 -0.781919
v 0.574221 1.490770 -0.780544
v 0.621456 1.484244 -0.769640
v 0.525890 1.498926 -0.774392
v 0.572622 1.495778 -0.774257
v 0.619448 1.490770 -0.765082
v 0.664237 1.484244 -0.746584
v 0.570760 1.498926 -0.766935
v 0.616832 1.495778 -0.759143
v 0.661503 1.490770 -0.742418
v 0.702624 1.484244 -0.716831
v 0.613786 1.498926 -0.752226
v 0.657941 1.495778 -0.736989
v 0.699239 1.490770 -0.713170
v 0.735570 1.484244 -0.681192
v 0.653793 1.498926 -0.730666
v 0.694828 1.495778 -0.708398
v 0.731626 1.490770 -0.678136
v 0.762175 1.484244 -0.640639
v 0.689691 1.498926 -0.702842
v 0.726486 1.495778 -0.674152
v 0.757780 1.490770 -0.638270
v 0.781715 1.484244 -0.596278
v 0.720501 1.498926 -0.669513
v 0.752052 1.495778 -0.635184
v 0.776989 1.490770 -0.594662
v 0.745382 1.498926 -0.631589
v 0.770829 1.495778 -0.592556
v 0.763655 1.498926 -0.590104
v 0.208616 1.484244 -0.501044
v 0.212633 1.484244 -0.549319
v 0.224574 1.484244 -0.596278
v 0.213613 1.490770 -0.501044
v 0.217562 1.490770 -0.548500
v 0.212633 1.484244 -0.452768
v 0.224574 1.484244 -0.405810
v 0.244114 1.484244 -0.361449
v 0.270720 1.484244 -0.320896
v 0.303666 1.484244 -0.285257
v 0.342053 1.484244 -0.255504
v 0.384834 1.484244 -0.232448
v 0.430842 1.484244 -0.216720
v 0.478823 1.484244 -0.208746
v 0.527467 1.484244 -0.208746
v 0.575447 1.484244 -0.216720
v 0.621456 1.484244 -0.232448
v 0.664237 1.484244 -0.255504
v 0.702624 1.484244 -0.285257
v 0.735570 1.484244 -0.320896
v 0.762175 1.484244 -0.361449
v 0.781715 1.484244 -0.405810
v 0.793657 1.484244 -0.452768
v 0.220126 1.495778 -0.501044
v 0.217562 1.490770 -0.453588
v 0.229301 1.490770 -0.407426
v 0.248509 1.490770 -0.363818
v 0.274664 1.490770 -0.323952
v 0.307050 1.490770 -0.288918
v 0.344786 1.490770 -0.259670
v 0.386841 1.490770 -0.237006
v 0.432069 1.490770 -0.221544
v 0.479235 1.490770 -0.213706
v 0.527054 1.490770 -0.213706
v 0.574221 1.490770 -0.221544
v 0.619448 1.490770 -0.237006
v 0.661503 1.490770 -0.259670
v 0.699239 1.490770 -0.288918
v 0.731626 1.490770 -0.323952
v 0.757780 1.490770 -0.363818
v 0.776989 1.490770 -0.407426
v 0.788728 1.490770 -0.453588
v 0.223986 1.495778 -0.454655
v 0.235461 1.495778 -0.409532
v 0.254237 1.495778 -0.366904
v 0.279803 1.495778 -0.327936
v 0.311461 1.495778 -0.293690
v 0.348348 1.495778 -0.265099
v 0.389457 1.495778 -0.242945
v 0.433668 1.495778 -0.227831
v 0.479773 1.495778 -0.220169
v 0.526516 1.495778 -0.220169
v 0.572622 1.495778 -0.227831
v 0.616832 1.495778 -0.242945
v 0.657941 1.495778 -0.265099
v 0.694828 1.495778 -0.293690
v 0.726486 1.495778 -0.327936
v 0.752052 1.495778 -0.366904
v 0.770829 1.495778 -0.409532
v 0.782304 1.495778 -0.454655
v 0.797812 1.210084 -0.550010
v 0.801887 1.210084 -0.501044
v 0.797812 1.210084 -0.452078
v 0.785700 1.210084 -0.404448
v 0.765881 1.210084 -0.359452
v 0.738894 1.210084 -0.318319
v 0.705477 1.210084 -0.282170
v 0.666541 1.210084 -0.251991
v 0.623148 1.210084 -0.228606
v 0.576482 1.210084 -0.212652
v 0.527815 1.210084 -0.204565
v 0.478475 1.210084 -0.204565
v 0.429808 1.210084 -0.212652
v 0.383141 1.210084 -0.228606
v 0.339748 1.210084 -0.251991
v 0.300812 1.210084 -0.282170
v 0.267395 1.210084 -0.318319
v 0.240409 1.210084 -0.359452
v 0.220589 1.210084 -0.404448
v 0.208477 1.210084 -0.452078
v 0.204403 1.210084 -0.501044
v 0.208477 1.210084 -0.550010
v 0.220589 1.210084 -0.597640
v 0.240409 1.210084 -0.642636
v 0.267395 1.210084 -0.683769
v 0.300812 1.210084 -0.719918
v 0.339748 1.210084 -0.750097
v 0.383141 1.210084 -0.773482
v 0.429808 1.210084 -0.789435
v 0.478475 1.210084 -0.797523
v 0.527815 1.210084 -0.797523
v 0.576482 1.210084 -0.789435
v 0.623148 1.210084 -0.773482
v 0.666541 1.210084 -0.750097
v 0.705477 1.210084 -0.719918
v 0.738894 1.210084 -0.683769
v 0.765881 1.210084 -0.642636
v 0.785700 1.210084 -0.597640
v -0.286997 1.468488 0.542529
v -0.285129 1.476644 0.538270
v -0.283019 1.468488 0.501044
v -0.281947 1.476644 0.501044
v -0.285129 1.476644 0.463817
v -0.278806 1.484244 0.501044
v -0.282033 1.484244 0.463288
v -0.273808 1.490770 0.501044
v -0.277107 1.490770 0.462447
v -0.267296 1.495778 0.501044
v -0.270688 1.495778 0.461351
v -0.259711 1.498926 0.501044
v -0.263213 1.498926 0.460075
v -0.251572 1.500000 0.501044
v -0.255615 1.500000 0.456311
v -0.294583 1.476644 0.574426
v -0.298787 1.468488 0.582514
v -0.310036 1.476644 0.608470
v -0.317963 1.468488 0.619556
v -0.331045 1.476644 0.639424
v -0.343832 1.468488 0.652314
v -0.357005 1.476644 0.666397
v -0.375459 1.468488 0.679604
v -0.387169 1.476644 0.688613
v -0.411701 1.468488 0.700441
v -0.420670 1.476644 0.705433
v -0.451248 1.468488 0.714071
v -0.456543 1.476644 0.716373
v -0.492671 1.468488 0.720002
v -0.493757 1.476644 0.721119
v -0.531241 1.476644 0.719533
v -0.531640 1.484244 0.722636
v -0.568836 1.484244 0.714653
v -0.570300 1.490770 0.719412
v -0.606393 1.490770 0.704969
v -0.609325 1.495778 0.710760
v -0.643388 1.495778 0.689874
v -0.647898 1.498926 0.695946
v -0.678893 1.498926 0.668781
v -0.676997 1.500000 0.682120
v -0.706671 1.500000 0.648297
v -0.704832 1.498926 0.636791
v -0.729804 1.500000 0.609741
v -0.724968 1.498926 0.600895
v -0.745651 1.500000 0.567692
v -0.738723 1.498926 0.562127
v -0.753704 1.500000 0.523500
v -0.745701 1.498926 0.521602
v -0.745701 1.498926 0.480485
v -0.738144 1.495778 0.520961
v -0.738144 1.495778 0.481126
v -0.731655 1.490770 0.520411
v -0.731655 1.490770 0.481676
v -0.726675 1.484244 0.519989
v -0.726675 1.484244 0.482098
v -0.723545 1.476644 0.519724
v -0.723545 1.476644 0.482363
v -0.722274 1.468487 0.480207
v -0.717205 1.476644 0.445539
v -0.714354 1.468487 0.439286
v -0.704706 1.476644 0.410313
v -0.698800 1.468487 0.400597
v -0.686409 1.476644 0.377696
v -0.676175 1.468487 0.365539
v -0.662839 1.476644 0.348628
v -0.647296 1.468487 0.335378
v -0.634676 1.476644 0.323944
v -0.613208 1.468487 0.311205
v -0.602729 1.476644 0.304356
v -0.575141 1.468487 0.293893
v -0.567916 1.476644 0.290425
v -0.534472 1.468487 0.284068
v -0.531241 1.476644 0.282554
v -0.492671 1.468487 0.282085
v -0.493757 1.476644 0.280968
v -0.456543 1.476644 0.285714
v -0.455881 1.484244 0.282656
v -0.419499 1.484244 0.293751
v -0.417635 1.490770 0.289134
v -0.382902 1.490770 0.306573
v -0.379487 1.495778 0.301050
v -0.347325 1.495778 0.324738
v -0.342314 1.498926 0.319068
v -0.313745 1.498926 0.348752
v -0.313693 1.500000 0.336216
v -0.287183 1.500000 0.372551
v -0.290624 1.498926 0.382818
v -0.267614 1.500000 0.413017
v -0.273617 1.498926 0.420285
v -0.534472 1.468488 0.718019
v -0.567916 1.476644 0.711662
v -0.604143 1.484244 0.700525
v -0.639516 1.490770 0.684659
v -0.673417 1.495778 0.663555
v -0.575141 1.468488 0.708194
v -0.602729 1.476644 0.697732
v -0.636544 1.484244 0.680658
v -0.668715 1.490770 0.659068
v -0.698548 1.495778 0.632562
v -0.613208 1.468488 0.690882
v -0.634676 1.476644 0.678143
v -0.665107 1.484244 0.655624
v -0.693152 1.490770 0.628930
v -0.718057 1.495778 0.597785
v -0.647296 1.468488 0.666709
v -0.662839 1.476644 0.653460
v -0.689012 1.484244 0.626143
v -0.712122 1.490770 0.595113
v -0.731384 1.495778 0.560224
v -0.676175 1.468488 0.636548
v -0.686409 1.476644 0.624391
v -0.707569 1.484244 0.593063
v -0.725081 1.490770 0.558590
v -0.698800 1.468488 0.601490
v -0.704706 1.476644 0.591775
v -0.720245 1.484244 0.557336
v -0.714354 1.468488 0.562801
v -0.717205 1.476644 0.556548
v -0.722274 1.468488 0.521881
v -0.451248 1.468487 0.288016
v -0.420670 1.476644 0.296654
v -0.385522 1.484244 0.310810
v -0.351628 1.490770 0.329606
v -0.319646 1.495778 0.353497
v -0.411701 1.468487 0.301646
v -0.387169 1.476644 0.313474
v -0.354930 1.484244 0.333342
v -0.324713 1.490770 0.357572
v -0.297245 1.495778 0.386501
v -0.375459 1.468487 0.322483
v -0.357005 1.476644 0.335690
v -0.328601 1.484244 0.360698
v -0.302931 1.490770 0.389664
v -0.280768 1.495778 0.422801
v -0.343832 1.468487 0.349774
v -0.331045 1.476644 0.362663
v -0.307294 1.484244 0.392092
v -0.286909 1.490770 0.424962
v -0.317963 1.468487 0.382532
v -0.310036 1.476644 0.393617
v -0.291621 1.484244 0.426619
v -0.298787 1.468487 0.419573
v -0.294583 1.476644 0.427662
v -0.286997 1.468487 0.459558
v -0.346292 1.500000 0.305178
v -0.375511 1.498926 0.294619
v -0.415207 1.495778 0.283116
v -0.454828 1.490770 0.277791
v -0.493623 1.484244 0.277843
v -0.383932 1.500000 0.280435
v -0.412379 1.498926 0.276108
v -0.453456 1.495778 0.271451
v -0.493411 1.490770 0.272871
v -0.531640 1.484244 0.279451
v -0.425405 1.500000 0.262783
v -0.451858 1.498926 0.264068
v -0.493135 1.495778 0.266391
v -0.532274 1.490770 0.274515
v -0.568836 1.484244 0.287434
v -0.469375 1.500000 0.252789
v -0.492813 1.498926 0.258845
v -0.533102 1.495778 0.268082
v -0.570300 1.490770 0.282676
v -0.604143 1.484244 0.301562
v -0.514431 1.500000 0.250774
v -0.534065 1.498926 0.260590
v -0.572207 1.495778 0.276474
v -0.606393 1.490770 0.297118
v -0.636544 1.484244 0.321429
v -0.559125 1.500000 0.256803
v -0.574428 1.498926 0.269253
v -0.609325 1.495778 0.291327
v -0.639516 1.490770 0.317428
v -0.665107 1.484244 0.346463
v -0.602019 1.500000 0.270682
v -0.612739 1.498926 0.284583
v -0.643388 1.495778 0.312213
v -0.668715 1.490770 0.343020
v -0.689012 1.484244 0.375944
v -0.641735 1.500000 0.291965
v -0.647898 1.498926 0.306141
v -0.673417 1.495778 0.338532
v -0.693152 1.490770 0.373157
v -0.707569 1.484244 0.409024
v -0.676997 1.500000 0.319968
v -0.678893 1.498926 0.333306
v -0.698548 1.495778 0.369526
v -0.712122 1.490770 0.406974
v -0.720245 1.484244 0.444751
v -0.706671 1.500000 0.353791
v -0.704832 1.498926 0.365296
v -0.718057 1.495778 0.404303
v -0.725081 1.490770 0.443497
v -0.729804 1.500000 0.392346
v -0.724968 1.498926 0.401192
v -0.731384 1.495778 0.441863
v -0.745651 1.500000 0.434396
v -0.738723 1.498926 0.439960
v -0.753704 1.500000 0.478587
v -0.641735 1.500000 0.710123
v -0.612739 1.498926 0.717504
v -0.572207 1.495778 0.725613
v -0.532274 1.490770 0.727573
v -0.493623 1.484244 0.724244
v -0.602019 1.500000 0.731405
v -0.574428 1.498926 0.732835
v -0.533102 1.495778 0.734006
v -0.493411 1.490770 0.729217
v -0.455881 1.484244 0.719432
v -0.559125 1.500000 0.745284
v -0.534065 1.498926 0.741497
v -0.493135 1.495778 0.735696
v -0.454828 1.490770 0.724296
v -0.419499 1.484244 0.708336
v -0.514431 1.500000 0.751313
v -0.492813 1.498926 0.743242
v -0.453456 1.495778 0.730636
v -0.417635 1.490770 0.712954
v -0.385522 1.484244 0.691277
v -0.469375 1.500000 0.749298
v -0.451858 1.498926 0.738020
v -0.415207 1.495778 0.718972
v -0.382902 1.490770 0.695515
v -0.354930 1.484244 0.668745
v -0.425405 1.500000 0.739304
v -0.412379 1.498926 0.725980
v -0.379487 1.495778 0.701037
v -0.351628 1.490770 0.672481
v -0.328601 1.484244 0.641389
v -0.383932 1.500000 0.721652
v -0.375511 1.498926 0.707469
v -0.347325 1.495778 0.677350
v -0.324713 1.490770 0.644516
v -0.307294 1.484244 0.609996
v -0.346292 1.500000 0.696910
v -0.342314 1.498926 0.683019
v -0.319646 1.495778 0.648590
v -0.302931 1.490770 0.612423
v -0.291621 1.484244 0.575468
v -0.313693 1.500000 0.665872
v -0.313745 1.498926 0.653335
v -0.297245 1.495778 0.615586
v -0.286909 1.490770 0.577126
v -0.282033 1.484244 0.538799
v -0.287183 1.500000 0.629536
v -0.290624 1.498926 0.619269
v -0.280768 1.495778 0.579286
v -0.277107 1.490770 0.539640
v -0.267614 1.500000 0.589071
v -0.273617 1.498926 0.581802
v -0.270688 1.495778 0.540736
v -0.255615 1.500000 0.545776
v -0.263213 1.498926 0.542012
v -0.239910 1.500000 0.547265
v -0.235849 1.500000 0.501044
v -0.239910 1.500000 0.454822
v -0.251969 1.500000 0.410005
v -0.271660 1.500000 0.367954
v -0.298384 1.500000 0.329947
v -0.331330 1.500000 0.297138
v -0.369497 1.500000 0.270525
v -0.411724 1.500000 0.250917
v -0.456729 1.500000 0.238908
v -0.503145 1.500000 0.234864
v -0.549560 1.500000 0.238908
v -0.594565 1.500000 0.250917
v -0.636792 1.500000 0.270525
v -0.674959 1.500000 0.297138
v -0.707905 1.500000 0.329947
v -0.734629 1.500000 0.367954
v -0.754320 1.500000 0.410005
v -0.766379 1.500000 0.454822
v -0.770440 1.500000 0.501044
v -0.766379 1.500000 0.547265
v -0.754320 1.500000 0.592082
v -0.734629 1.500000 0.634133
v -0.707905 1.500000 0.672141
v -0.674959 1.500000 0.704949
v -0.636792 1.500000 0.731562
v -0.594565 1.500000 0.751171
v -0.549560 1.500000 0.763179
v -0.503145 1.500000 0.767223
v -0.456729 1.500000 0.763179
v -0.411724 1.500000 0.751171
v -0.369497 1.500000 0.731562
v -0.331330 1.500000 0.704949
v -0.298384 1.500000 0.672141
v -0.271660 1.500000 0.634133
v -0.251969 1.500000 0.592082
v -0.286997 1.210084 0.542529
v -0.283019 1.210084 0.501044
v -0.286997 1.210084 0.459559
v -0.298787 1.210084 0.419573
v -0.317963 1.210084 0.382532
v -0.343832 1.210084 0.349774
v -0.375459 1.210084 0.322483
v -0.411701 1.210084 0.301646
v -0.451248 1.210084 0.288016
v -0.492671 1.210084 0.282085
v -0.534472 1.210084 0.284068
v -0.575141 1.210084 0.293893
v -0.613208 1.210084 0.311205
v -0.647296 1.210084 0.335378
v -0.676175 1.210084 0.365539
v -0.698800 1.210084 0.400597
v -0.714354 1.210084 0.439286
v -0.722274 1.210084 0.480207
v -0.722274 1.210084 0.521881
v -0.714354 1.210084 0.562801
v -0.698800 1.210084 0.601490
v -0.676175 1.210084 0.636548
v -0.647296 1.210084 0.666709
v -0.613208 1.210084 0.690882
v -0.575141 1.210084 0.708194
v -0.534472 1.210084 0.718019
v -0.492671 1.210084 0.720002
v -0.451248 1.210084 0.714071
v -0.411701 1.210084 0.700441
v -0.375459 1.210084 0.679604
v -0.343832 1.210084 0.652314
v -0.317963 1.210084 0.619556
v -0.298787 1.210084 0.582515
v -0.208477 1.468487 0.452078
v -0.209534 1.476644 0.452253
v -0.204403 1.468488 0.501044
v -0.205474 1.476644 0.501044
v -0.208477 1.468488 0.550010
v -0.209534 1.476644 0.549834
v -0.220589 1.468488 0.597640
v -0.221603 1.476644 0.597294
v -0.240409 1.468488 0.642635
v -0.241351 1.476644 0.642128
v -0.267395 1.468488 0.683769
v -0.268241 1.476644 0.683113
v -0.300812 1.468488 0.719918
v -0.301538 1.476644 0.719133
v -0.339748 1.468488 0.750096
v -0.340334 1.476644 0.749203
v -0.383141 1.468488 0.773481
v -0.383572 1.476644 0.772504
v -0.429808 1.468488 0.789435
v -0.430071 1.476644 0.788401
v -0.478475 1.468488 0.797522
v -0.478563 1.476644 0.796459
v -0.527815 1.468488 0.797522
v -0.527726 1.476644 0.796459
v -0.576482 1.468488 0.789435
v -0.576218 1.476644 0.788401
v -0.623148 1.468488 0.773481
v -0.622718 1.476644 0.772504
v -0.666541 1.468488 0.750096
v -0.665955 1.476644 0.749203
v -0.705477 1.468488 0.719918
v -0.704751 1.476644 0.719133
v -0.738894 1.468488 0.683769
v -0.738049 1.476644 0.683113
v -0.765881 1.468488 0.642635
v -0.764938 1.476644 0.642128
v -0.785700 1.468488 0.597640
v -0.784687 1.476644 0.597294
v -0.797812 1.468488 0.550010
v -0.796755 1.476644 0.549834
v -0.801887 1.468488 0.501044
v -0.800815 1.476644 0.501044
v -0.797812 1.468487 0.452078
v -0.796755 1.476644 0.452253
v -0.785700 1.468487 0.404447
v -0.784687 1.476644 0.404794
v -0.765881 1.468487 0.359452
v -0.764938 1.476644 0.359960
v -0.738894 1.468487 0.318319
v -0.738049 1.476644 0.318974
v -0.705477 1.468487 0.282170
v -0.704751 1.476644 0.282955
v -0.666541 1.468487 0.251991
v -0.665955 1.476644 0.252884
v -0.623148 1.468487 0.228606
v -0.622718 1.476644 0.229583
v -0.576482 1.468487 0.212652
v -0.576218 1.476644 0.213687
v -0.527815 1.468487 0.204565
v -0.527726 1.476644 0.205628
v -0.478475 1.468487 0.204565
v -0.478563 1.476644 0.205628
v -0.429808 1.468487 0.212652
v -0.430071 1.476644 0.213687
v -0.383141 1.468487 0.228606
v -0.383572 1.476644 0.229583
v -0.339748 1.468487 0.251991
v -0.340334 1.476644 0.252884
v -0.300812 1.468487 0.282170
v -0.301538 1.476644 0.282955
v -0.267395 1.468487 0.318319
v -0.268241 1.476644 0.318974
v -0.240409 1.468487 0.359452
v -0.241351 1.476644 0.359960
v -0.220589 1.468487 0.404447
v -0.221603 1.476644 0.404794
v -0.231467 1.498926 0.546189
v -0.227710 1.498926 0.501044
v -0.231467 1.498926 0.455898
v -0.220126 1.495778 0.501044
v -0.223986 1.495778 0.454655
v -0.213613 1.490770 0.501044
v -0.217562 1.490770 0.453587
v -0.208616 1.484244 0.501044
v -0.212633 1.484244 0.452768
v -0.242634 1.498926 0.590104
v -0.260907 1.498926 0.631589
v -0.285788 1.498926 0.669513
v -0.316598 1.498926 0.702841
v -0.352496 1.498926 0.730665
v -0.392504 1.498926 0.752226
v -0.435530 1.498926 0.766935
v -0.480399 1.498926 0.774391
v -0.525890 1.498926 0.774391
v -0.570760 1.498926 0.766935
v -0.613786 1.498926 0.752226
v -0.653793 1.498926 0.730665
v -0.689691 1.498926 0.702841
v -0.720501 1.498926 0.669513
v -0.745382 1.498926 0.631589
v -0.763655 1.498926 0.590104
v -0.774823 1.498926 0.546189
v -0.778579 1.498926 0.501044
v -0.774823 1.498926 0.455898
v -0.782304 1.495778 0.454655
v -0.770829 1.495778 0.409531
v -0.776989 1.490770 0.407425
v -0.757780 1.490770 0.363817
v -0.762175 1.484244 0.361449
v -0.735570 1.484244 0.320895
v -0.763655 1.498926 0.411984
v -0.752052 1.495778 0.366904
v -0.731626 1.490770 0.323952
v -0.702624 1.484244 0.285256
v -0.745382 1.498926 0.370499
v -0.726486 1.495778 0.327936
v -0.699239 1.490770 0.288918
v -0.664237 1.484244 0.255503
v -0.720501 1.498926 0.332575
v -0.694828 1.495778 0.293689
v -0.661503 1.490770 0.259669
v -0.621456 1.484244 0.232448
v -0.689691 1.498926 0.299246
v -0.657941 1.495778 0.265099
v -0.619448 1.490770 0.237005
v -0.575447 1.484244 0.216719
v -0.653793 1.498926 0.271422
v -0.616832 1.495778 0.242945
v -0.574221 1.490770 0.221543
v -0.527467 1.484244 0.208746
v -0.613786 1.498926 0.249861
v -0.572622 1.495778 0.227831
v -0.527054 1.490770 0.213706
v -0.478823 1.484244 0.208746
v -0.570760 1.498926 0.235152
v -0.526516 1.495778 0.220169
v -0.479235 1.490770 0.213706
v -0.430842 1.484244 0.216719
v -0.525890 1.498926 0.227696
v -0.479773 1.495778 0.220169
v -0.432069 1.490770 0.221543
v -0.384834 1.484244 0.232448
v -0.480399 1.498926 0.227696
v -0.433668 1.495778 0.227831
v -0.386841 1.490770 0.237005
v -0.342053 1.484244 0.255503
v -0.435530 1.498926 0.235152
v -0.389457 1.495778 0.242945
v -0.344786 1.490770 0.259669
v -0.303666 1.484244 0.285256
v -0.392504 1.498926 0.249861
v -0.348348 1.495778 0.265099
v -0.307050 1.490770 0.288918
v -0.270720 1.484244 0.320895
v -0.352496 1.498926 0.271422
v -0.311461 1.495778 0.293689
v -0.274664 1.490770 0.323952
v -0.244114 1.484244 0.361449
v -0.316598 1.498926 0.299246
v -0.279803 1.495778 0.327936
v -0.248509 1.490770 0.363817
v -0.224574 1.484244 0.405809
v -0.285788 1.498926 0.332575
v -0.254237 1.495778 0.366904
v -0.229301 1.490770 0.407425
v -0.260907 1.498926 0.370499
v -0.235461 1.495778 0.409531
v -0.242634 1.498926 0.411984
v -0.797674 1.484244 0.501044
v -0.793657 1.484244 0.452768
v -0.781715 1.484244 0.405809
v -0.792676 1.490770 0.501044
v -0.788728 1.490770 0.453587
v -0.793657 1.484244 0.549319
v -0.781715 1.484244 0.596278
v -0.762175 1.484244 0.640639
v -0.735570 1.484244 0.681192
v -0.702624 1.484244 0.716831
v -0.664237 1.484244 0.746584
v -0.621456 1.484244 0.769639
v -0.575447 1.484244 0.785368
v -0.527467 1.484244 0.793341
v -0.478823 1.484244 0.793341
v -0.430842 1.484244 0.785368
v -0.384834 1.484244 0.769639
v -0.342053 1.484244 0.746584
v -0.303666 1.484244 0.716831
v -0.270720 1.484244 0.681192
v -0.244114 1.484244 0.640639
v -0.224574 1.484244 0.596278
v -0.212633 1.484244 0.549319
v -0.786164 1.495778 0.501044
v -0.788728 1.490770 0.548500
v -0.776989 1.490770 0.594662
v -0.757780 1.490770 0.638270
v -0.731626 1.490770 0.678135
v -0.699239 1.490770 0.713170
v -0.661503 1.490770 0.742418
v -0.619448 1.490770 0.765082
v -0.574221 1.490770 0.780544
v -0.527054 1.490770 0.788382
v -0.479235 1.490770 0.788382
v -0.432069 1.490770 0.780544
v -0.386841 1.490770 0.765082
v -0.344786 1.490770 0.742418
v -0.307050 1.490770 0.713170
v -0.274664 1.490770 0.678135
v -0.248509 1.490770 0.638270
v -0.229301 1.490770 0.594662
v -0.217562 1.490770 0.548500
v -0.782304 1.495778 0.547432
v -0.770829 1.495778 0.592556
v -0.752052 1.495778 0.635183
v -0.726486 1.495778 0.674152
v -0.694828 1.495778 0.708398
v -0.657941 1.495778 0.736988
v -0.616832 1.495778 0.759143
v -0.572622 1.495778 0.774257
v -0.526516 1.495778 0.781918
v -0.479773 1.495778 0.781918
v -0.433668 1.495778 0.774257
v -0.389457 1.495778 0.759143
v -0.348348 1.495778 0.736988
v -0.311461 1.495778 0.708398
v -0.279803 1.495778 0.674152
v -0.254237 1.495778 0.635183
v -0.235461 1.495778 0.592556
v -0.223986 1.495778 0.547432
v -0.208477 1.210084 0.452078
v -0.204403 1.210084 0.501044
v -0.208477 1.210084 0.550010
v -0.220589 1.210084 0.597640
v -0.240409 1.210084 0.642636
v -0.267395 1.210084 0.683769
v -0.300812 1.210084 0.719918
v -0.339748 1.210084 0.750096
v -0.383141 1.210084 0.773481
v -0.429808 1.210084 0.789435
v -0.478475 1.210084 0.797522
v -0.527815 1.210084 0.797522
v -0.576482 1.210084 0.789435
v -0.623148 1.210084 0.773481
v -0.666541 1.210084 0.750096
v -0.705477 1.210084 0.719918
v -0.738894 1.210084 0.683769
v -0.765881 1.210084 0.642636
v -0.785700 1.210084 0.597640
v -0.797812 1.210084 0.550010
v -0.801887 1.210084 0.501044
v -0.797812 1.210084 0.452078
v -0.785700 1.210084 0.404447
v -0.765881 1.210084 0.359452
v -0.738894 1.210084 0.318319
v -0.705477 1.210084 0.282170
v -0.666541 1.210084 0.251991
v -0.623148 1.210084 0.228606
v -0.576482 1.210084 0.212652
v -0.527815 1.210084 0.204565
v -0.478475 1.210084 0.204565
v -0.429808 1.210084 0.212652
v -0.383141 1.210084 0.228606
v -0.339748 1.210084 0.251991
v -0.300812 1.210084 0.282170
v -0.267395 1.210084 0.318319
v -0.240409 1.210084 0.359452
v -0.220589 1.210084 0.404447
v 0.719293 1.468488 0.542529
v 0.721160 1.476644 0.538270
v 0.723270 1.468488 0.501044
v 0.724342 1.476644 0.501044
v 0.721160 1.476644 0.463817
v 0.727484 1.484244 0.501044
v 0.724257 1.484244 0.463288
v 0.732481 1.490770 0.501044
v 0.729182 1.490770 0.462447
v 0.738994 1.495778 0.501044
v 0.735601 1.495778 0.461351
v 0.746578 1.498926 0.501044
v 0.743077 1.498926 0.460075
v 0.754717 1.500000 0.501044
v 0.750674 1.500000 0.456311
v 0.711707 1.476644 0.574426
v 0.707502 1.468488 0.582514
v 0.696253 1.476644 0.608470
v 0.688326 1.468488 0.619556
v 0.675244 1.476644 0.639424
v 0.662457 1.468488 0.652314
v 0.649284 1.476644 0.666397
v 0.630830 1.468488 0.679604
v 0.619120 1.476644 0.688613
v 0.594588 1.468488 0.700441
v 0.585620 1.476644 0.705433
v 0.555041 1.468488 0.714071
v 0.549746 1.476644 0.716373
v 0.513619 1.468488 0.720002
v 0.512533 1.476644 0.721119
v 0.475049 1.476644 0.719533
v 0.474650 1.484244 0.722636
v 0.437453 1.484244 0.714653
v 0.435990 1.490770 0.719412
v 0.399897 1.490770 0.704969
v 0.396965 1.495778 0.710760
v 0.362901 1.495778 0.689874
v 0.358391 1.498926 0.695946
v 0.327396 1.498926 0.668781
v 0.329292 1.500000 0.682120
v 0.299618 1.500000 0.648297
v 0.301458 1.498926 0.636791
v 0.276486 1.500000 0.609741
v 0.281321 1.498926 0.600895
v 0.260638 1.500000 0.567692
v 0.267566 1.498926 0.562127
v 0.252585 1.500000 0.523500
v 0.260588 1.498926 0.521602
v 0.260588 1.498926 0.480485
v 0.268145 1.495778 0.520961
v 0.268145 1.495778 0.481126
v 0.274635 1.490770 0.520411
v 0.274635 1.490770 0.481676
v 0.279614 1.484244 0.519989
v 0.279614 1.484244 0.482098
v 0.282744 1.476644 0.519724
v 0.282744 1.476644 0.482363
v 0.284016 1.468487 0.480207
v 0.289085 1.476644 0.445539
v 0.291936 1.468487 0.439286
v 0.301583 1.476644 0.410313
v 0.307489 1.468487 0.400597
v 0.319881 1.476644 0.377696
v 0.330114 1.468487 0.365539
v 0.343450 1.476644 0.348628
v 0.358993 1.468487 0.335378
v 0.371613 1.476644 0.323944
v 0.393082 1.468487 0.311205
v 0.403561 1.476644 0.304356
v 0.431149 1.468487 0.293893
v 0.438373 1.476644 0.290425
v 0.471818 1.468487 0.284068
v 0.475049 1.476644 0.282554
v 0.513619 1.468487 0.282085
v 0.512533 1.476644 0.280968
v 0.549746 1.476644 0.285714
v 0.550408 1.484244 0.282656
v 0.586791 1.484244 0.293751
v 0.588654 1.490770 0.289134
v 0.623387 1.490770 0.306573
v 0.626802 1.495778 0.301050
v 0.658964 1.495778 0.324738
v 0.663975 1.498926 0.319068
v 0.692545 1.498926 0.348752
v 0.692597 1.500000 0.336216
v 0.719107 1.500000 0.372551
v 0.715665 1.498926 0.382818
v 0.738675 1.500000 0.413017
v 0.732673 1.498926 0.420285
v 0.471818 1.468488 0.718019
v 0.438373 1.476644 0.711662
v 0.402146 1.484244 0.700525
v 0.366774 1.490770 0.684659
v 0.332872 1.495778 0.663555
v 0.431149 1.468488 0.708194
v 0.403561 1.476644 0.697732
v 0.369745 1.484244 0.680658
v 0.337574 1.490770 0.659068
v 0.307741 1.495778 0.632562
v 0.393082 1.468488 0.690882
v 0.371613 1.476644 0.678143
v 0.341182 1.484244 0.655624
v 0.313137 1.490770 0.628930
v 0.288232 1.495778 0.597785
v 0.358993 1.468488 0.666709
v 0.343450 1.476644 0.653460
v 0.317278 1.484244 0.626143
v 0.294167 1.490770 0.595113
v 0.274906 1.495778 0.560224
v 0.330114 1.468488 0.636548
v 0.319881 1.476644 0.624391
v 0.298721 1.484244 0.593063
v 0.281208 1.490770 0.558590
v 0.307489 1.468488 0.601490
v 0.301583 1.476644 0.591775
v 0.286045 1.484244 0.557336
v 0.291936 1.468488 0.562801
v 0.289085 1.476644 0.556548
v 0.284016 1.468488 0.521881
v 0.555041 1.468487 0.288016
v 0.585620 1.476644 0.296654
v 0.620767 1.484244 0.310810
v 0.654661 1.490770 0.329606
v 0.686644 1.495778 0.353497
v 0.594588 1.468487 0.301646
v 0.619120 1.476644 0.313474
v 0.651360 1.484244 0.333342
v 0.681576 1.490770 0.357572
v 0.709044 1.495778 0.386501
v 0.630830 1.468487 0.322483
v 0.649284 1.476644 0.335690
v 0.677688 1.484244 0.360698
v 0.703358 1.490770 0.389664
v 0.725521 1.495778 0.422801
v 0.662457 1.468487 0.349774
v 0.675244 1.476644 0.362663
v 0.698996 1.484244 0.392092
v 0.719381 1.490770 0.424962
v 0.688326 1.468487 0.382532
v 0.696253 1.476644 0.393617
v 0.714669 1.484244 0.426619
v 0.707502 1.468487 0.419573
v 0.711707 1.476644 0.427662
v 0.719293 1.468487 0.459558
v 0.659997 1.500000 0.305178
v 0.630779 1.498926 0.294619
v 0.591083 1.495778 0.283116
v 0.551461 1.490770 0.277791
v 0.512666 1.484244 0.277843
v 0.622357 1.500000 0.280435
v 0.593910 1.498926 0.276108
v 0.552833 1.495778 0.271451
v 0.512878 1.490770 0.272871
v 0.474650 1.484244 0.279451
v 0.580885 1.500000 0.262783
v 0.554431 1.498926 0.264068
v 0.513154 1.495778 0.266391
v 0.474015 1.490770 0.274515
v 0.437453 1.484244 0.287434
v 0.536914 1.500000 0.252789
v 0.513476 1.498926 0.258845
v 0.473188 1.495778 0.268082
v 0.435990 1.490770 0.282676
v 0.402146 1.484244 0.301562
v 0.491858 1.500000 0.250774
v 0.472224 1.498926 0.260590
v 0.434083 1.495778 0.276474
v 0.399897 1.490770 0.297118
v 0.369745 1.484244 0.321429
v 0.447165 1.500000 0.256803
v 0.431862 1.498926 0.269253
v 0.396965 1.495778 0.291327
v 0.366774 1.490770 0.317428
v 0.341182 1.484244 0.346463
v 0.404270 1.500000 0.270682
v 0.393550 1.498926 0.284583
v 0.362901 1.495778 0.312213
v 0.337574 1.490770 0.343020
v 0.317278 1.484244 0.375944
v 0.364554 1.500000 0.291965
v 0.358391 1.498926 0.306141
v 0.332872 1.495778 0.338532
v 0.313137 1.490770 0.373157
v 0.298721 1.484244 0.409024
v 0.329292 1.500000 0.319968
v 0.327396 1.498926 0.333306
v 0.307741 1.495778 0.369526
v 0.294167 1.490770 0.406974
v 0.286045 1.484244 0.444751
v 0.299618 1.500000 0.353791
v 0.301458 1.498926 0.365296
v 0.288232 1.495778 0.404303
v 0.281208 1.490770 0.443497
v 0.276486 1.500000 0.392346
v 0.281321 1.498926 0.401192
v 0.274906 1.495778 0.441863
v 0.260638 1.500000 0.434396
v 0.267566 1.498926 0.439960
v 0.252585 1.500000 0.478587
v 0.364554 1.500000 0.710123
v 0.393550 1.498926 0.717504
v 0.434083 1.495778 0.725613
v 0.474015 1.490770 0.727573
v 0.512666 1.484244 0.724244
v 0.404270 1.500000 0.731405
v 0.431862 1.498926 0.732835
v 0.473188 1.495778 0.734006
v 0.512878 1.490770 0.729217
v 0.550408 1.484244 0.719432
v 0.447165 1.500000 0.745284
v 0.472224 1.498926 0.741497
v 0.513154 1.495778 0.735696
v 0.551461 1.490770 0.724296
v 0.586791 1.484244 0.708336
v 0.491858 1.500000 0.751313
v 0.513476 1.498926 0.743242
v 0.552833 1.495778 0.730636
v 0.588654 1.490770 0.712954
v 0.620767 1.484244 0.691277
v 0.536914 1.500000 0.749298
v 0.554431 1.498926 0.738020
v 0.591083 1.495778 0.718972
v 0.623387 1.490770 0.695515
v 0.651360 1.484244 0.668745
v 0.580885 1.500000 0.739304
v 0.593910 1.498926 0.725980
v 0.626802 1.495778 0.701037
v 0.654661 1.490770 0.672481
v 0.677688 1.484244 0.641389
v 0.622357 1.500000 0.721652
v 0.630779 1.498926 0.707469
v 0.658964 1.495778 0.677350
v 0.681576 1.490770 0.644516
v 0.698996 1.484244 0.609996
v 0.659997 1.500000 0.696910
v 0.663975 1.498926 0.683019
v 0.686644 1.495778 0.648590
v 0.703358 1.490770 0.612423
v 0.714669 1.484244 0.575468
v 0.692597 1.500000 0.665872
v 0.692545 1.498926 0.653335
v 0.709044 1.495778 0.615586
v 0.719381 1.490770 0.577126
v 0.724257 1.484244 0.538799
v 0.719107 1.500000 0.629536
v 0.715665 1.498926 0.619269
v 0.725521 1.495778 0.579286
v 0.729182 1.490770 0.539640
v 0.738675 1.500000 0.589071
v 0.732673 1.498926 0.581802
v 0.735601 1.495778 0.540736
v 0.750674 1.500000 0.545776
v 0.743077 1.498926 0.542012
v 0.766379 1.500000 0.547265
v 0.770440 1.500000 0.501044
v 0.766379 1.500000 0.454822
v 0.754320 1.500000 0.410005
v 0.734629 1.500000 0.367954
v 0.707905 1.500000 0.329947
v 0.674959 1.500000 0.297138
v 0.636792 1.500000 0.270525
v 0.594565 1.500000 0.250917
v 0.549560 1.500000 0.238908
v 0.503145 1.500000 0.234864
v 0.456729 1.500000 0.238908
v 0.411724 1.500000 0.250917
v 0.369497 1.500000 0.270525
v 0.331330 1.500000 0.297138
v 0.298384 1.500000 0.329947
v 0.271660 1.500000 0.367954
v 0.251969 1.500000 0.410005
v 0.239910 1.500000 0.454822
v 0.235849 1.500000 0.501044
v 0.239910 1.500000 0.547265
v 0.251969 1.500000 0.592082
v 0.271660 1.500000 0.634133
v 0.298384 1.500000 0.672141
v 0.331330 1.500000 0.704949
v 0.369497 1.500000 0.731562
v 0.411724 1.500000 0.751171
v 0.456729 1.500000 0.763179
v 0.503145 1.500000 0.767223
v 0.549560 1.500000 0.763179
v 0.594565 1.500000 0.751171
v 0.636792 1.500000 0.731562
v 0.674959 1.500000 0.704949
v 0.707905 1.500000 0.672141
v 0.734629 1.500000 0.634133
v 0.754320 1.500000 0.592082
v 0.719293 1.210084 0.542529
v 0.723270 1.210084 0.501044
v 0.719293 1.210084 0.459559
v 0.707502 1.210084 0.419573
v 0.688326 1.210084 0.382532
v 0.662457 1.210084 0.349774
v 0.630830 1.210084 0.322483
v 0.594588 1.210084 0.301646
v 0.555041 1.210084 0.288016
v 0.513619 1.210084 0.282085
v 0.471818 1.210084 0.284068
v 0.431149 1.210084 0.293893
v 0.393082 1.210084 0.311205
v 0.358993 1.210084 0.335378
v 0.330114 1.210084 0.365539
v 0.307489 1.210084 0.400597
v 0.291936 1.210084 0.439286
v 0.284016 1.210084 0.480207
v 0.284016 1.210084 0.521881
v 0.291936 1.210084 0.562801
v 0.307489 1.210084 0.601490
v 0.330114 1.210084 0.636548
v 0.358993 1.210084 0.666709
v 0.393082 1.210084 0.690882
v 0.431149 1.210084 0.708194
v 0.471818 1.210084 0.718019
v 0.513619 1.210084 0.720002
v 0.555041 1.210084 0.714071
v 0.594588 1.210084 0.700441
v 0.630830 1.210084 0.679604
v 0.662457 1.210084 0.652314
v 0.688326 1.210084 0.619556
v 0.707502 1.210084 0.582515
v 0.797812 1.468487 0.452078
v 0.796755 1.476644 0.452253
v 0.801887 1.468488 0.501044
v 0.800815 1.476644 0.501044
v 0.797812 1.468488 0.550010
v 0.796755 1.476644 0.549834
v 0.785700 1.468488 0.597640
v 0.784687 1.476644 0.597294
v 0.765881 1.468488 0.642635
v 0.764938 1.476644 0.642128
v 0.738894 1.468488 0.683769
v 0.738049 1.476644 0.683113
v 0.705477 1.468488 0.719918
v 0.704751 1.476644 0.719133
v 0.666541 1.468488 0.750096
v 0.665955 1.476644 0.749203
v 0.623148 1.468488 0.773481
v 0.622718 1.476644 0.772504
v 0.576482 1.468488 0.789435
v 0.576218 1.476644 0.788401
v 0.527815 1.468488 0.797522
v 0.527726 1.476644 0.796459
v 0.478475 1.468488 0.797522
v 0.478563 1.476644 0.796459
v 0.429808 1.468488 0.789435
v 0.430071 1.476644 0.788401
v 0.383141 1.468488 0.773481
v 0.383572 1.476644 0.772504
v 0.339748 1.468488 0.750096
v 0.340334 1.476644 0.749203
v 0.300812 1.468488 0.719918
v 0.301538 1.476644 0.719133
v 0.267395 1.468488 0.683769
v 0.268241 1.476644 0.683113
v 0.240409 1.468488 0.642635
v 0.241351 1.476644 0.642128
v 0.220589 1.468488 0.597640
v 0.221603 1.476644 0.597294
v 0.208477 1.468488 0.550010
v 0.209534 1.476644 0.549834
v 0.204403 1.468488 0.501044
v 0.205474 1.476644 0.501044
v 0.208477 1.468487 0.452078
v 0.209534 1.476644 0.452253
v 0.220589 1.468487 0.404447
v 0.221603 1.476644 0.404794
v 0.240409 1.468487 0.359452
v 0.241351 1.476644 0.359960
v 0.267395 1.468487 0.318319
v 0.268241 1.476644 0.318974
v 0.300812 1.468487 0.282170
v 0.301538 1.476644 0.282955
v 0.339748 1.468487 0.251991
v 0.340334 1.476644 0.252884
v 0.383141 1.468487 0.228606
v 0.383572 1.476644 0.229583
v 0.429808 1.468487 0.212652
v 0.430071 1.476644 0.213687
v 0.478475 1.468487 0.204565
v 0.478563 1.476644 0.205628
v 0.527815 1.468487 0.204565
v 0.527726 1.476644 0.205628
v 0.576482 1.468487 0.212652
v 0.576218 1.476644 0.213687
v 0.623148 1.468487 0.228606
v 0.622718 1.476644 0.229583
v 0.666541 1.468487 0.251991
v 0.665955 1.476644 0.252884
v 0.705477 1.468487 0.282170
v 0.704751 1.476644 0.282955
v 0.738894 1.468487 0.318319
v 0.738049 1.476644 0.318974
v 0.765881 1.468487 0.359452
v 0.764938 1.476644 0.359960
v 0.785700 1.468487 0.404447
v 0.784687 1.476644 0.404794
v 0.774823 1.498926 0.546189
v 0.778579 1.498926 0.501044
v 0.774823 1.498926 0.455898
v 0.786164 1.495778 0.501044
v 0.782304 1.495778 0.454655
v 0.792676 1.490770 0.501044
v 0.788728 1.490770 0.453587
v 0.797674 1.484244 0.501044
v 0.793657 1.484244 0.452768
v 0.763655 1.498926 0.590104
v 0.745382 1.498926 0.631589
v 0.720501 1.498926 0.669513
v 0.689691 1.498926 0.702841
v 0.653793 1.498926 0.730665
v 0.613786 1.498926 0.752226
v 0.570760 1.498926 0.766935
v 0.525890 1.498926 0.774391
v 0.480399 1.498926 0.774391
v 0.435530 1.498926 0.766935
v 0.392504 1.498926 0.752226
v 0.352496 1.498926 0.730665
v 0.316598 1.498926 0.702841
v 0.285788 1.498926 0.669513
v 0.260907 1.498926 0.631589
v 0.242634 1.498926 0.590104
v 0.231467 1.498926 0.546189
v 0.227710 1.498926 0.501044
v 0.231467 1.498926 0.455898
v 0.223986 1.495778 0.454655
v 0.235461 1.495778 0.409531
v 0.229301 1.490770 0.407425
v 0.248509 1.490770 0.363817
v 0.244114 1.484244 0.361449
v 0.270720 1.484244 0.320895
v 0.242634 1.498926 0.411984
v 0.254237 1.495778 0.366904
v 0.274664 1.490770 0.323952
v 0.303666 1.484244 0.285256
v 0.260907 1.498926 0.370499
v 0.279803 1.495778 0.327936
v 0.307050 1.490770 0.288918
v 0.342053 1.484244 0.255503
v 0.285788 1.498926 0.332575
v 0.311461 1.495778 0.293689
v 0.344786 1.490770 0.259669
v 0.384834 1.484244 0.232448
v 0.316598 1.498926 0.299246
v 0.348348 1.495778 0.265099
v 0.386841 1.490770 0.237005
v 0.430842 1.484244 0.216719
v 0.352496 1.498926 0.271422
v 0.389457 1.495778 0.242945
v 0.432069 1.490770 0.221543
v 0.478823 1.484244 0.208746
v 0.392504 1.498926 0.249861
v 0.433668 1.495778 0.227831
v 0.479235 1.490770 0.213706
v 0.527467 1.484244 0.208746
v 0.435530 1.498926 0.235152
v 0.479773 1.495778 0.220169
v 0.527054 1.490770 0.213706
v 0.575447 1.484244 0.216719
v 0.480399 1.498926 0.227696
v 0.526516 1.495778 0.220169
v 0.574221 1.490770 0.221543
v 0.621456 1.484244 0.232448
v 0.525890 1.498926 0.227696
v 0.572622 1.495778 0.227831
v 0.619448 1.490770 0.237005
v 0.664237 1.484244 0.255503
v 0.570760 1.498926 0.235152
v 0.616832 1.495778 0.242945
v 0.661503 1.490770 0.259669
v 0.702624 1.484244 0.285256
v 0.613786 1.498926 0.249861
v 0.657941 1.495778 0.265099
v 0.699239 1.490770 0.288918
v 0.735570 1.484244 0.320895
v 0.653793 1.498926 0.271422
v 0.694828 1.495778 0.293689
v 0.731626 1.490770 0.323952
v 0.762175 1.484244 0.361449
v 0.689691 1.498926 0.299246
v 0.726486 1.495778 0.327936
v 0.757780 1.490770 0.363817
v 0.781715 1.484244 0.405809
v 0.720501 1.498926 0.332575
v 0.752052 1.495778 0.366904
v 0.776989 1.490770 0.407425
v 0.745382 1.498926 0.370499
v 0.770829 1.495778 0.409531
v 0.763655 1.498926 0.411984
v 0.208616 1.484244 0.501044
v 0.212633 1.484244 0.452768
v 0.224574 1.484244 0.405809
v 0.213613 1.490770 0.501044
v 0.217562 1.490770 0.453587
v 0.212633 1.484244 0.549319
v 0.224574 1.484244 0.596278
v 0.244114 1.484244 0.640639
v 0.270720 1.484244 0.681192
v 0.303666 1.484244 0.716831
v 0.342053 1.484244 0.746584
v 0.384834 1.484244 0.769639
v 0.430842 1.484244 0.785368
v 0.478823 1.484244 0.793341
v 0.527467 1.484244 0.793341
v 0.575447 1.484244 0.785368
v 0.621456 1.484244 0.769639
v 0.664237 1.484244 0.746584
v 0.702624 1.484244 0.716831
v 0.735570 1.484244 0.681192
v 0.762175 1.484244 0.640639
v 0.781715 1.484244 0.596278
v 0.793657 1.484244 0.549319
v 0.220126 1.495778 0.501044
v 0.217562 1.490770 0.548500
v 0.229301 1.490770 0.594662
v 0.248509 1.490770 0.638270
v 0.274664 1.490770 0.678135
v 0.307050 1.490770 0.713170
v 0.344786 1.490770 0.742418
v 0.386841 1.490770 0.765082
v 0.432069 1.490770 0.780544
v 0.479235 1.490770 0.788382
v 0.527054 1.490770 0.788382
v 0.574221 1.490770 0.780544
v 0.619448 1.490770 0.765082
v 0.661503 1.490770 0.742418
v 0.699239 1.490770 0.713170
v 0.731626 1.490770 0.678135
v 0.757780 1.490770 0.638270
v 0.776989 1.490770 0.594662
v 0.788728 1.490770 0.548500
v 0.223986 1.495778 0.547432
v 0.235461 1.495778 0.592556
v 0.254237 1.495778 0.635183
v 0.279803 1.495778 0.674152
v 0.311461 1.495778 0.708398
v 0.348348 1.495778 0.736988
v 0.389457 1.495778 0.759143
v 0.433668 1.495778 0.774257
v 0.479773 1.495778 0.781918
v 0.526516 1.495778 0.781918
v 0.572622 1.495778 0.774257
v 0.616832 1.495778 0.759143
v 0.657941 1.495778 0.736988
v 0.694828 1.495778 0.708398
v 0.726486 1.495778 0.674152
v 0.752052 1.495778 0.635183
v 0.770829 1.495778 0.592556
v 0.782304 1.495778 0.547432
v 0.797812 1.210084 0.452078
v 0.801887 1.210084 0.501044
v 0.797812 1.210084 0.550010
v 0.785700 1.210084 0.597640
v 0.765881 1.210084 0.642636
v 0.738894 1.210084 0.683769
v 0.705477 1.210084 0.719918
v 0.666541 1.210084 0.750096
v 0.623148 1.210084 0.773481
v 0.576482 1.210084 0.789435
v 0.527815 1.210084 0.797522
v 0.478475 1.210084 0.797522
v 0.429808 1.210084 0.789435
v 0.383141 1.210084 0.773481
v 0.339748 1.210084 0.750096
v 0.300812 1.210084 0.719918
v 0.267395 1.210084 0.683769
v 0.240409 1.210084 0.642636
v 0.220589 1.210084 0.597640
v 0.208477 1.210084 0.550010
v 0.204403 1.210084 0.501044
v 0.208477 1.210084 0.452078
v 0.220589 1.210084 0.404447
v 0.240409 1.210084 0.359452
v 0.267395 1.210084 0.318319
v 0.300812 1.210084 0.282170
v 0.339748 1.210084 0.251991
v 0.383141 1.210084 0.228606
v 0.429808 1.210084 0.212652
v 0.478475 1.210084 0.204565
v 0.527815 1.210084 0.204565
v 0.576482 1.210084 0.212652
v 0.623148 1.210084 0.228606
v 0.666541 1.210084 0.251991
v 0.705477 1.210084 0.282170
v 0.738894 1.210084 0.318319
v 0.765881 1.210084 0.359452
v 0.785700 1.210084 0.404447
v -0.286997 1.468488 1.544616
v -0.285129 1.476644 1.540358
v -0.283019 1.468488 1.503131
v -0.281947 1.476644 1.503131
v -0.285129 1.476644 1.465905
v -0.278806 1.484244 1.503131
v -0.282033 1.484244 1.465376
v -0.273808 1.490770 1.503131
v -0.277107 1.490770 1.464535
v -0.267296 1.495778 1.503131
v -0.270688 1.495778 1.463439
v -0.259711 1.498927 1.503131
v -0.263213 1.498926 1.462163
v -0.251572 1.500000 1.503131
v -0.255615 1.500000 1.458399
v -0.294583 1.476644 1.576513
v -0.298787 1.468488 1.584602
v -0.310036 1.476644 1.610558
v -0.317963 1.468488 1.621643
v -0.331045 1.476644 1.641512
v -0.343832 1.468488 1.654401
v -0.357005 1.476644 1.668485
v -0.375459 1.468488 1.681692
v -0.387169 1.476644 1.690701
v -0.411701 1.468488 1.702529
v -0.420670 1.476644 1.707521
v -0.451248 1.468488 1.716159
v -0.456543 1.476644 1.718461
v -0.492671 1.468488 1.722090
v -0.493757 1.476644 1.723207
v -0.531241 1.476644 1.721621
v -0.531640 1.484244 1.724724
v -0.568836 1.484244 1.716741
v -0.570300 1.490770 1.721499
v -0.606393 1.490770 1.707057
v -0.609325 1.495778 1.712848
v -0.643388 1.495778 1.691962
v -0.647898 1.498927 1.698034
v -0.678893 1.498927 1.670869
v -0.676997 1.500000 1.684207
v -0.706671 1.500000 1.650384
v -0.704832 1.498927 1.638879
v -0.729804 1.500000 1.611829
v -0.724968 1.498927 1.602983
v -0.745651 1.500000 1.569779
v -0.738723 1.498927 1.564215
v -0.753704 1.500000 1.525588
v -0.745701 1.498927 1.523690
v -0.745701 1.498926 1.482573
v -0.738144 1.495778 1.523049
v -0.738144 1.495778 1.483213
v -0.731655 1.490770 1.522499
v -0.731655 1.490770 1.483763
v -0.726675 1.484244 1.522077
v -0.726675 1.484244 1.484185
v -0.723545 1.476644 1.521812
v -0.723545 1.476644 1.484451
v -0.722274 1.468488 1.482294
v -0.717205 1.476644 1.447627
v -0.714354 1.468488 1.441374
v -0.704706 1.476644 1.412400
v -0.698800 1.468488 1.402685
v -0.686409 1.476644 1.379784
v -0.676175 1.468488 1.367627
v -0.662839 1.476644 1.350715
v -0.647296 1.468488 1.337466
v -0.634676 1.476644 1.326032
v -0.613208 1.468488 1.313293
v -0.602729 1.476644 1.306443
v -0.575141 1.468488 1.295981
v -0.567916 1.476644 1.292513
v -0.534472 1.468488 1.286156
v -0.531241 1.476644 1.284642
v -0.492671 1.468488 1.284173
v -0.493757 1.476644 1.283056
v -0.456543 1.476644 1.287802
v -0.455881 1.484244 1.284743
v -0.419499 1.484244 1.295839
v -0.417635 1.490770 1.291221
v -0.382902 1.490770 1.308660
v -0.379487 1.495778 1.303138
v -0.347325 1.495778 1.326825
v -0.342314 1.498926 1.321156
v -0.313745 1.498926 1.350840
v -0.313693 1.500000 1.338303
v -0.287183 1.500000 1.374639
v -0.290624 1.498926 1.384906
v -0.267614 1.500000 1.415104
v -0.273617 1.498926 1.422373
v -0.534472 1.468488 1.720107
v -0.567916 1.476644 1.713750
v -0.604143 1.484244 1.702613
v -0.639516 1.490770 1.686747
v -0.673417 1.495778 1.665643
v -0.575141 1.468488 1.710282
v -0.602729 1.476644 1.699819
v -0.636544 1.484244 1.682746
v -0.668715 1.490770 1.661155
v -0.698548 1.495778 1.634649
v -0.613208 1.468488 1.692970
v -0.634676 1.476644 1.680231
v -0.665107 1.484244 1.657712
v -0.693152 1.490770 1.631018
v -0.718057 1.495778 1.599872
v -0.647296 1.468488 1.668797
v -0.662839 1.476644 1.655547
v -0.689012 1.484244 1.628231
v -0.712122 1.490770 1.597201
v -0.731384 1.495778 1.562312
v -0.676175 1.468488 1.638636
v -0.686409 1.476644 1.626479
v -0.707569 1.484244 1.595151
v -0.725081 1.490770 1.560678
v -0.698800 1.468488 1.603577
v -0.704706 1.476644 1.593862
v -0.720245 1.484244 1.559424
v -0.714354 1.468488 1.564889
v -0.717205 1.476644 1.558635
v -0.722274 1.468488 1.523968
v -0.451248 1.468488 1.290104
v -0.420670 1.476644 1.298742
v -0.385522 1.484244 1.312898
v -0.351628 1.490770 1.331694
v -0.319646 1.495778 1.355585
v -0.411701 1.468488 1.303734
v -0.387169 1.476644 1.315562
v -0.354930 1.484244 1.335429
v -0.324713 1.490770 1.359659
v -0.297245 1.495778 1.388589
v -0.375459 1.468488 1.324571
v -0.357005 1.476644 1.337778
v -0.328601 1.484244 1.362786
v -0.302931 1.490770 1.391752
v -0.280768 1.495778 1.424889
v -0.343832 1.468488 1.351861
v -0.331045 1.476644 1.364751
v -0.307294 1.484244 1.394179
v -0.286909 1.490770 1.427049
v -0.317963 1.468488 1.384619
v -0.310036 1.476644 1.395705
v -0.291621 1.484244 1.428707
v -0.298787 1.468488 1.421660
v -0.294583 1.476644 1.429749
v -0.286997 1.468488 1.461646
v -0.346292 1.500000 1.307265
v -0.375511 1.498926 1.296706
v -0.415207 1.495778 1.285203
v -0.454828 1.490770 1.279878
v -0.493623 1.484244 1.279930
v -0.383932 1.500000 1.282523
v -0.412379 1.498926 1.278195
v -0.453456 1.495778 1.273538
v -0.493411 1.490770 1.274958
v -0.531640 1.484244 1.281539
v -0.425405 1.500000 1.264871
v -0.451858 1.498926 1.266155
v -0.493135 1.495778 1.268479
v -0.532274 1.490770 1.276602
v -0.568836 1.484244 1.289522
v -0.469375 1.500000 1.254877
v -0.492813 1.498926 1.260933
v -0.533102 1.495778 1.270169
v -0.570300 1.490770 1.284763
v -0.604143 1.484244 1.303650
v -0.514431 1.500000 1.252861
v -0.534065 1.498926 1.262678
v -0.572207 1.495778 1.278562
v -0.606393 1.490770 1.299206
v -0.636544 1.484244 1.323517
v -0.559125 1.500000 1.258890
v -0.574428 1.498926 1.271340
v -0.609325 1.495778 1.293415
v -0.639516 1.490770 1.319515
v -0.665107 1.484244 1.348551
v -0.602019 1.500000 1.272769
v -0.612739 1.498926 1.286671
v -0.643388 1.495778 1.314301
v -0.668715 1.490770 1.345107
v -0.689012 1.484244 1.378032
v -0.641735 1.500000 1.294052
v -0.647898 1.498926 1.308229
v -0.673417 1.495778 1.340620
v -0.693152 1.490770 1.375245
v -0.707569 1.484244 1.411112
v -0.676997 1.500000 1.322055
v -0.678893 1.498926 1.335394
v -0.698548 1.495778 1.371613
v -0.712122 1.490770 1.409062
v -0.720245 1.484244 1.446839
v -0.706671 1.500000 1.355878
v -0.704832 1.498926 1.367384
v -0.718057 1.495778 1.406390
v -0.725081 1.490770 1.445585
v -0.729804 1.500000 1.394434
v -0.724968 1.498926 1.403279
v -0.731384 1.495778 1.443951
v -0.745651 1.500000 1.436483
v -0.738723 1.498926 1.442048
v -0.753704 1.500000 1.480675
v -0.641735 1.500000 1.712210
v -0.612739 1.498927 1.719592
v -0.572207 1.495778 1.727701
v -0.532274 1.490770 1.729660
v -0.493623 1.484244 1.726332
v -0.602019 1.500000 1.733493
v -0.574428 1.498927 1.734922
v -0.533102 1.495778 1.736093
v -0.493411 1.490770 1.731304
v -0.455881 1.484244 1.721519
v -0.559125 1.500000 1.747372
v -0.534065 1.498927 1.743585
v -0.493135 1.495778 1.737784
v -0.454828 1.490770 1.726384
v -0.419499 1.484244 1.710424
v -0.514431 1.500000 1.753401
v -0.492813 1.498927 1.745330
v -0.453456 1.495778 1.732724
v -0.417635 1.490770 1.715041
v -0.385522 1.484244 1.693365
v -0.469375 1.500000 1.751386
v -0.451858 1.498927 1.740107
v -0.415207 1.495778 1.721059
v -0.382902 1.490770 1.697602
v -0.354930 1.484244 1.670833
v -0.425405 1.500000 1.741392
v -0.412379 1.498927 1.728067
v -0.379487 1.495778 1.703125
v -0.351628 1.490770 1.674569
v -0.328601 1.484244 1.643477
v -0.383932 1.500000 1.723740
v -0.375511 1.498927 1.709556
v -0.347325 1.495778 1.679437
v -0.324713 1.490770 1.646603
v -0.307294 1.484244 1.612083
v -0.346292 1.500000 1.698997
v -0.342314 1.498927 1.685107
v -0.319646 1.495778 1.650678
v -0.302931 1.490770 1.614510
v -0.291621 1.484244 1.577555
v -0.313693 1.500000 1.667959
v -0.313745 1.498927 1.655422
v -0.297245 1.495778 1.617673
v -0.286909 1.490770 1.579213
v -0.282033 1.484244 1.540886
v -0.287183 1.500000 1.631624
v -0.290624 1.498927 1.621357
v -0.280768 1.495778 1.581374
v -0.277107 1.490770 1.541727
v -0.267614 1.500000 1.591158
v -0.273617 1.498927 1.583890
v -0.270688 1.495778 1.542824
v -0.255615 1.500000 1.547864
v -0.263213 1.498927 1.544100
v -0.239910 1.500000 1.549353
v -0.235849 1.500000 1.503131
v -0.239910 1.500000 1.456910
v -0.251969 1.500000 1.412092
v -0.271660 1.500000 1.370041
v -0.298384 1.500000 1.332034
v -0.331330 1.500000 1.299226
v -0.369497 1.500000 1.272613
v -0.411724 1.500000 1.253004
v -0.456729 1.500000 1.240996
v -0.503145 1.500000 1.236952
v -0.549560 1.500000 1.240996
v -0.594565 1.500000 1.253004
v -0.636792 1.500000 1.272613
v -0.674959 1.500000 1.299226
v -0.707905 1.500000 1.332034
v -0.734629 1.500000 1.370041
v -0.754320 1.500000 1.412092
v -0.766379 1.500000 1.456910
v -0.770440 1.500000 1.503131
v -0.766379 1.500000 1.549353
v -0.754320 1.500000 1.594170
v -0.734629 1.500000 1.636221
v -0.707905 1.500000 1.674228
v -0.674959 1.500000 1.707036
v -0.636792 1.500000 1.733649
v -0.594565 1.500000 1.753258
v -0.549560 1.500000 1.765267
v -0.503145 1.500000 1.769311
v -0.456729 1.500000 1.765267
v -0.411724 1.500000 1.753258
v -0.369497 1.500000 1.733649
v -0.331330 1.500000 1.707036
v -0.298384 1.500000 1.674228
v -0.271660 1.500000 1.636221
v -0.251969 1.500000 1.594170
v -0.286997 1.210084 1.544616
v -0.283019 1.210084 1.503131
v -0.286997 1.210084 1.461646
v -0.298787 1.210084 1.421660
v -0.317963 1.210084 1.384619
v -0.343832 1.210084 1.351861
v -0.375459 1.210084 1.324571
v -0.411701 1.210084 1.303734
v -0.451248 1.210084 1.290104
v -0.492671 1.210084 1.284173
v -0.534472 1.210084 1.286156
v -0.575141 1.210084 1.295981
v -0.613208 1.210084 1.313293
v -0.647296 1.210084 1.337466
v -0.676175 1.210084 1.367627
v -0.698800 1.210084 1.402685
v -0.714354 1.210084 1.441374
v -0.722274 1.210084 1.482294
v -0.722274 1.210084 1.523968
v -0.714354 1.210084 1.564889
v -0.698800 1.210084 1.603577
v -0.676175 1.210084 1.638636
v -0.647296 1.210084 1.668797
v -0.613208 1.210084 1.692970
v -0.575141 1.210084 1.710282
v -0.534472 1.210084 1.720107
v -0.492671 1.210084 1.722090
v -0.451248 1.210084 1.716159
v -0.411701 1.210084 1.702529
v -0.375459 1.210084 1.681692
v -0.343832 1.210084 1.654401
v -0.317963 1.210084 1.621643
v -0.298787 1.210084 1.584602
v -0.208477 1.468488 1.454165
v -0.209534 1.476644 1.454341
v -0.204403 1.468488 1.503131
v -0.205474 1.476644 1.503131
v -0.208477 1.468488 1.552097
v -0.209534 1.476644 1.551922
v -0.220589 1.468488 1.599728
v -0.221603 1.476644 1.599381
v -0.240409 1.468488 1.644723
v -0.241351 1.476644 1.644215
v -0.267395 1.468488 1.685856
v -0.268241 1.476644 1.685201
v -0.300812 1.468488 1.722005
v -0.301538 1.476644 1.721220
v -0.339748 1.468488 1.752184
v -0.340334 1.476644 1.751291
v -0.383141 1.468488 1.775569
v -0.383572 1.476644 1.774592
v -0.429808 1.468488 1.791523
v -0.430071 1.476644 1.790488
v -0.478475 1.468488 1.799610
v -0.478563 1.476644 1.798547
v -0.527815 1.468488 1.799610
v -0.527726 1.476644 1.798547
v -0.576482 1.468488 1.791523
v -0.576218 1.476644 1.790488
v -0.623148 1.468488 1.775569
v -0.622718 1.476644 1.774592
v -0.666541 1.468488 1.752184
v -0.665955 1.476644 1.751291
v -0.705477 1.468488 1.722005
v -0.704751 1.476644 1.721220
v -0.738894 1.468488 1.685856
v -0.738049 1.476644 1.685201
v -0.765881 1.468488 1.644723
v -0.764938 1.476644 1.644215
v -0.785700 1.468488 1.599728
v -0.784687 1.476644 1.599381
v -0.797812 1.468488 1.552097
v -0.796755 1.476644 1.551922
v -0.801887 1.468488 1.503131
v -0.800815 1.476644 1.503131
v -0.797812 1.468488 1.454165
v -0.796755 1.476644 1.454341
v -0.785700 1.468488 1.406535
v -0.784687 1.476644 1.406881
v -0.765881 1.468488 1.361539
v -0.764938 1.476644 1.362047
v -0.738894 1.468488 1.320406
v -0.738049 1.476644 1.321062
v -0.705477 1.468488 1.284257
v -0.704751 1.476644 1.285042
v -0.666541 1.468488 1.254079
v -0.665955 1.476644 1.254972
v -0.623148 1.468488 1.230693
v -0.622718 1.476644 1.231671
v -0.576482 1.468488 1.214740
v -0.576218 1.476644 1.215774
v -0.527815 1.468488 1.206653
v -0.527726 1.476644 1.207716
v -0.478475 1.468488 1.206653
v -0.478563 1.476644 1.207716
v -0.429808 1.468488 1.214740
v -0.430071 1.476644 1.215774
v -0.383141 1.468488 1.230693
v -0.383572 1.476644 1.231671
v -0.339748 1.468488 1.254079
v -0.340334 1.476644 1.254972
v -0.300812 1.468488 1.284257
v -0.301538 1.476644 1.285042
v -0.267395 1.468488 1.320406
v -0.268241 1.476644 1.321062
v -0.240409 1.468488 1.361539
v -0.241351 1.476644 1.362047
v -0.220589 1.468488 1.406535
v -0.221603 1.476644 1.406881
v -0.231467 1.498927 1.548277
v -0.227710 1.498927 1.503131
v -0.231467 1.498926 1.457986
v -0.220126 1.495778 1.503131
v -0.223986 1.495778 1.456742
v -0.213613 1.490770 1.503131
v -0.217562 1.490770 1.455675
v -0.208616 1.484244 1.503131
v -0.212633 1.484244 1.454856
v -0.242634 1.498927 1.592191
v -0.260907 1.498927 1.633676
v -0.285788 1.498927 1.671600
v -0.316598 1.498927 1.704929
v -0.352496 1.498927 1.732753
v -0.392504 1.498927 1.754314
v -0.435530 1.498927 1.769023
v -0.480399 1.498927 1.776479
v -0.525890 1.498927 1.776479
v -0.570760 1.498927 1.769023
v -0.613786 1.498927 1.754314
v -0.653793 1.498927 1.732753
v -0.689691 1.498927 1.704929
v -0.720501 1.498927 1.671600
v -0.745382 1.498927 1.633676
v -0.763655 1.498927 1.592191
v -0.774823 1.498927 1.548277
v -0.778579 1.498927 1.503131
v -0.774823 1.498926 1.457986
v -0.782304 1.495778 1.456742
v -0.770829 1.495778 1.411619
v -0.776989 1.490770 1.409513
v -0.757780 1.490770 1.365905
v -0.762175 1.484244 1.363536
v -0.735570 1.484244 1.322983
v -0.763655 1.498926 1.414071
v -0.752052 1.495778 1.368992
v -0.731626 1.490770 1.326040
v -0.702624 1.484244 1.287344
v -0.745382 1.498926 1.372586
v -0.726486 1.495778 1.330023
v -0.699239 1.490770 1.291005
v -0.664237 1.484244 1.257591
v -0.720501 1.498926 1.334662
v -0.694828 1.495778 1.295777
v -0.661503 1.490770 1.261757
v -0.621456 1.484244 1.234536
v -0.689691 1.498926 1.301334
v -0.657941 1.495778 1.267187
v -0.619448 1.490770 1.239093
v -0.575447 1.484244 1.218807
v -0.653793 1.498926 1.273510
v -0.616832 1.495778 1.245032
v -0.574221 1.490770 1.223631
v -0.527467 1.484244 1.210834
v -0.613786 1.498926 1.251949
v -0.572622 1.495778 1.229918
v -0.527054 1.490770 1.215793
v -0.478823 1.484244 1.210834
v -0.570760 1.498926 1.237240
v -0.526516 1.495778 1.222257
v -0.479235 1.490770 1.215793
v -0.430842 1.484244 1.218807
v -0.525890 1.498926 1.229784
v -0.479773 1.495778 1.222257
v -0.432069 1.490770 1.223631
v -0.384834 1.484244 1.234536
v -0.480399 1.498926 1.229784
v -0.433668 1.495778 1.229918
v -0.386841 1.490770 1.239093
v -0.342053 1.484244 1.257591
v -0.435530 1.498926 1.237240
v -0.389457 1.495778 1.245032
v -0.344786 1.490770 1.261757
v -0.303666 1.484244 1.287344
v -0.392504 1.498926 1.251949
v -0.348348 1.495778 1.267187
v -0.307050 1.490770 1.291005
v -0.270720 1.484244 1.322983
v -0.352496 1.498926 1.273510
v -0.311461 1.495778 1.295777
v -0.274664 1.490770 1.326040
v -0.244114 1.484244 1.363536
v -0.316598 1.498926 1.301334
v -0.279803 1.495778 1.330023
v -0.248509 1.490770 1.365905
v -0.224574 1.484244 1.407897
v -0.285788 1.498926 1.334662
v -0.254237 1.495778 1.368992
v -0.229301 1.490770 1.409513
v -0.260907 1.498926 1.372586
v -0.235461 1.495778 1.411619
v -0.242634 1.498926 1.414071
v -0.797674 1.484244 1.503131
v -0.793657 1.484244 1.454856
v -0.781715 1.484244 1.407897
v -0.792676 1.490770 1.503131
v -0.788728 1.490770 1.455675
v -0.793657 1.484244 1.551407
v -0.781715 1.484244 1.598365
v -0.762175 1.484244 1.642726
v -0.735570 1.484244 1.683279
v -0.702624 1.484244 1.718919
v -0.664237 1.484244 1.748672
v -0.621456 1.484244 1.771727
v -0.575447 1.484244 1.787456
v -0.527467 1.484244 1.795429
v -0.478823 1.484244 1.795429
v -0.430842 1.484244 1.787456
v -0.384834 1.484244 1.771727
v -0.342053 1.484244 1.748672
v -0.303666 1.484244 1.718919
v -0.270720 1.484244 1.683279
v -0.244114 1.484244 1.642726
v -0.224574 1.484244 1.598365
v -0.212633 1.484244 1.551407
v -0.786164 1.495778 1.503131
v -0.788728 1.490770 1.550588
v -0.776989 1.490770 1.596750
v -0.757780 1.490770 1.640358
v -0.731626 1.490770 1.680223
v -0.699239 1.490770 1.715257
v -0.661503 1.490770 1.744505
v -0.619448 1.490770 1.767169
v -0.574221 1.490770 1.782631
v -0.527054 1.490770 1.790469
v -0.479235 1.490770 1.790469
v -0.432069 1.490770 1.782631
v -0.386841 1.490770 1.767169
v -0.344786 1.490770 1.744505
v -0.307050 1.490770 1.715257
v -0.274664 1.490770 1.680223
v -0.248509 1.490770 1.640358
v -0.229301 1.490770 1.596750
v -0.217562 1.490770 1.550588
v -0.782304 1.495778 1.549520
v -0.770829 1.495778 1.594644
v -0.752052 1.495778 1.637271
v -0.726486 1.495778 1.676239
v -0.694828 1.495778 1.710486
v -0.657941 1.495778 1.739076
v -0.616832 1.495778 1.761230
v -0.572622 1.495778 1.776344
v -0.526516 1.495778 1.784006
v -0.479773 1.495778 1.784006
v -0.433668 1.495778 1.776344
v -0.389457 1.495778 1.761230
v -0.348348 1.495778 1.739076
v -0.311461 1.495778 1.710486
v -0.279803 1.495778 1.676239
v -0.254237 1.495778 1.637271
v -0.235461 1.495778 1.594644
v -0.223986 1.495778 1.549520
v -0.208477 1.210084 1.454165
v -0.204403 1.210084 1.503131
v -0.208477 1.210084 1.552097
v -0.220589 1.210084 1.599728
v -0.240409 1.210084 1.644723
v -0.267395 1.210084 1.685856
v -0.300812 1.210084 1.722005
v -0.339748 1.210084 1.752184
v -0.383141 1.210084 1.775569
v -0.429808 1.210084 1.791523
v -0.478475 1.210084 1.799610
v -0.527815 1.210084 1.799610
v -0.576482 1.210084 1.791523
v -0.623148 1.210084 1.775569
v -0.666541 1.210084 1.752184
v -0.705477 1.210084 1.722005
v -0.738894 1.210084 1.685856
v -0.765881 1.210084 1.644723
v -0.785700 1.210084 1.599728
v -0.797812 1.210084 1.552097
v -0.801887 1.210084 1.503131
v -0.797812 1.210084 1.454165
v -0.785700 1.210084 1.406535
v -0.765881 1.210084 1.361539
v -0.738894 1.210084 1.320406
v -0.705477 1.210084 1.284257
v -0.666541 1.210084 1.254079
v -0.623148 1.210084 1.230693
v -0.576482 1.210084 1.214740
v -0.527815 1.210084 1.206653
v -0.478475 1.210084 1.206653
v -0.429808 1.210084 1.214740
v -0.383141 1.210084 1.230693
v -0.339748 1.210084 1.254079
v -0.300812 1.210084 1.284257
v -0.267395 1.210084 1.320406
v -0.240409 1.210084 1.361539
v -0.220589 1.210084 1.406535
v 0.797812 1.468488 1.454165
v 0.796755 1.476644 1.454341
v 0.801887 1.468488 1.503131
v 0.800815 1.476644 1.503131
v 0.797812 1.468488 1.552097
v 0.796755 1.476644 1.551922
v 0.785700 1.468488 1.599728
v 0.784687 1.476644 1.599381
v 0.765881 1.468488 1.644723
v 0.764938 1.476644 1.644215
v 0.738894 1.468488 1.685856
v 0.738049 1.476644 1.685201
v 0.705477 1.468488 1.722005
v 0.704751 1.476644 1.721220
v 0.666541 1.468488 1.752184
v 0.665955 1.476644 1.751291
v 0.623148 1.468488 1.775569
v 0.622718 1.476644 1.774592
v 0.576482 1.468488 1.791523
v 0.576218 1.476644 1.790488
v 0.527815 1.468488 1.799610
v 0.527726 1.476644 1.798547
v 0.478475 1.468488 1.799610
v 0.478563 1.476644 1.798547
v 0.429808 1.468488 1.791523
v 0.430071 1.476644 1.790488
v 0.383141 1.468488 1.775569
v 0.383572 1.476644 1.774592
v 0.339748 1.468488 1.752184
v 0.340334 1.476644 1.751291
v 0.300812 1.468488 1.722005
v 0.301538 1.476644 1.721220
v 0.267395 1.468488 1.685856
v 0.268241 1.476644 1.685201
v 0.240409 1.468488 1.644723
v 0.241351 1.476644 1.644215
v 0.220589 1.468488 1.599728
v 0.221603 1.476644 1.599381
v 0.208477 1.468488 1.552097
v 0.209534 1.476644 1.551922
v 0.204403 1.468488 1.503131
v 0.205474 1.476644 1.503131
v 0.208477 1.468488 1.454165
v 0.209534 1.476644 1.454341
v 0.220589 1.468488 1.406535
v 0.221603 1.476644 1.406881
v 0.240409 1.468488 1.361539
v 0.241351 1.476644 1.362047
v 0.267395 1.468488 1.320406
v 0.268241 1.476644 1.321062
v 0.300812 1.468488 1.284257
v 0.301538 1.476644 1.285042
v 0.339748 1.468488 1.254079
v 0.340334 1.476644 1.254972
v 0.383141 1.468488 1.230693
v 0.383572 1.476644 1.231671
v 0.429808 1.468488 1.214740
v 0.430071 1.476644 1.215774
v 0.478475 1.468488 1.206653
v 0.478563 1.476644 1.207716
v 0.527815 1.468488 1.206653
v 0.527726 1.476644 1.207716
v 0.576482 1.468488 1.214740
v 0.576218 1.476644 1.215774
v 0.623148 1.468488 1.230693
v 0.622718 1.476644 1.231671
v 0.666541 1.468488 1.254079
v 0.665955 1.476644 1.254972
v 0.705477 1.468488 1.284257
v 0.704751 1.476644 1.285042
v 0.738894 1.468488 1.320406
v 0.738049 1.476644 1.321062
v 0.765881 1.468488 1.361539
v 0.764938 1.476644 1.362047
v 0.785700 1.468488 1.406535
v 0.784687 1.476644 1.406881
v 0.766379 1.500000 1.549353
v 0.774823 1.498927 1.548277
v 0.770440 1.500000 1.503131
v 0.778579 1.498927 1.503131
v 0.774823 1.498926 1.457986
v 0.786164 1.495778 1.503131
v 0.782304 1.495778 1.456742
v 0.792676 1.490770 1.503131
v 0.788728 1.490770 1.455675
v 0.797674 1.484244 1.503131
v 0.793657 1.484244 1.454856
v 0.763655 1.498927 1.592191
v 0.754320 1.500000 1.594170
v 0.745382 1.498927 1.633676
v 0.734629 1.500000 1.636221
v 0.720501 1.498927 1.671600
v 0.707905 1.500000 1.674228
v 0.689691 1.498927 1.704929
v 0.674959 1.500000 1.707036
v 0.653793 1.498927 1.732753
v 0.636792 1.500000 1.733649
v 0.613786 1.498927 1.754314
v 0.594565 1.500000 1.753258
v 0.570760 1.498927 1.769023
v 0.549560 1.500000 1.765267
v 0.525890 1.498927 1.776479
v 0.503145 1.500000 1.769311
v 0.480399 1.498927 1.776479
v 0.456729 1.500000 1.765267
v 0.435530 1.498927 1.769023
v 0.411724 1.500000 1.753258
v 0.392504 1.498927 1.754314
v 0.369497 1.500000 1.733649
v 0.352496 1.498927 1.732753
v 0.331330 1.500000 1.707036
v 0.316598 1.498927 1.704929
v 0.298384 1.500000 1.674228
v 0.285788 1.498927 1.671600
v 0.271660 1.500000 1.636221
v 0.260907 1.498927 1.633676
v 0.251969 1.500000 1.594170
v 0.242634 1.498927 1.592191
v 0.239910 1.500000 1.549353
v 0.231467 1.498927 1.548277
v 0.235849 1.500000 1.503131
v 0.227710 1.498927 1.503131
v 0.231467 1.498926 1.457986
v 0.223986 1.495778 1.456742
v 0.235461 1.495778 1.411619
v 0.229301 1.490770 1.409513
v 0.248509 1.490770 1.365905
v 0.244114 1.484244 1.363536
v 0.270720 1.484244 1.322983
v 0.239910 1.500000 1.456910
v 0.242634 1.498926 1.414071
v 0.254237 1.495778 1.368992
v 0.274664 1.490770 1.326040
v 0.303666 1.484244 1.287344
v 0.251969 1.500000 1.412092
v 0.260907 1.498926 1.372586
v 0.279803 1.495778 1.330023
v 0.307050 1.490770 1.291005
v 0.342053 1.484244 1.257591
v 0.271660 1.500000 1.370041
v 0.285788 1.498926 1.334662
v 0.311461 1.495778 1.295777
v 0.344786 1.490770 1.261757
v 0.384834 1.484244 1.234536
v 0.298384 1.500000 1.332034
v 0.316598 1.498926 1.301334
v 0.348348 1.495778 1.267187
v 0.386841 1.490770 1.239093
v 0.430842 1.484244 1.218807
v 0.331330 1.500000 1.299226
v 0.352496 1.498926 1.273510
v 0.389457 1.495778 1.245032
v 0.432069 1.490770 1.223631
v 0.478823 1.484244 1.210834
v 0.369497 1.500000 1.272613
v 0.392504 1.498926 1.251949
v 0.433668 1.495778 1.229918
v 0.479235 1.490770 1.215793
v 0.527467 1.484244 1.210834
v 0.411724 1.500000 1.253004
v 0.435530 1.498926 1.237240
v 0.479773 1.495778 1.222257
v 0.527054 1.490770 1.215793
v 0.575447 1.484244 1.218807
v 0.456729 1.500000 1.240996
v 0.480399 1.498926 1.229784
v 0.526516 1.495778 1.222257
v 0.574221 1.490770 1.223631
v 0.621456 1.484244 1.234536
v 0.503145 1.500000 1.236952
v 0.525890 1.498926 1.229784
v 0.572622 1.495778 1.229918
v 0.619448 1.490770 1.239093
v 0.664237 1.484244 1.257591
v 0.549560 1.500000 1.240996
v 0.570760 1.498926 1.237240
v 0.616832 1.495778 1.245032
v 0.661503 1.490770 1.261757
v 0.702624 1.484244 1.287344
v 0.594565 1.500000 1.253004
v 0.613786 1.498926 1.251949
v 0.657941 1.495778 1.267187
v 0.699239 1.490770 1.291005
v 0.735570 1.484244 1.322983
v 0.636792 1.500000 1.272613
v 0.653793 1.498926 1.273510
v 0.694828 1.495778 1.295777
v 0.731626 1.490770 1.326040
v 0.762175 1.484244 1.363536
v 0.674959 1.500000 1.299226
v 0.689691 1.498926 1.301334
v 0.726486 1.495778 1.330023
v 0.757780 1.490770 1.365905
v 0.781715 1.484244 1.407897
v 0.707905 1.500000 1.332034
v 0.720501 1.498926 1.334662
v 0.752052 1.495778 1.368992
v 0.776989 1.490770 1.409513
v 0.734629 1.500000 1.370041
v 0.745382 1.498926 1.372586
v 0.770829 1.495778 1.411619
v 0.754320 1.500000 1.412092
v 0.763655 1.498926 1.414071
v 0.766379 1.500000 1.456910
v 0.208616 1.484244 1.503131
v 0.212633 1.484244 1.454856
v 0.224574 1.484244 1.407897
v 0.213613 1.490770 1.503131
v 0.217562 1.490770 1.455675
v 0.212633 1.484244 1.551407
v 0.224574 1.484244 1.598365
v 0.244114 1.484244 1.642726
v 0.270720 1.484244 1.683279
v 0.303666 1.484244 1.718919
v 0.342053 1.484244 1.748672
v 0.384834 1.484244 1.771727
v 0.430842 1.484244 1.787456
v 0.478823 1.484244 1.795429
v 0.527467 1.484244 1.795429
v 0.575447 1.484244 1.787456
v 0.621456 1.484244 1.771727
v 0.664237 1.484244 1.748672
v 0.702624 1.484244 1.718919
v 0.735570 1.484244 1.683279
v 0.762175 1.484244 1.642726
v 0.781715 1.484244 1.598365
v 0.793657 1.484244 1.551407
v 0.220126 1.495778 1.503131
v 0.217562 1.490770 1.550588
v 0.229301 1.490770 1.596750
v 0.248509 1.490770 1.640358
v 0.274664 1.490770 1.680223
v 0.307050 1.490770 1.715257
v 0.344786 1.490770 1.744505
v 0.386841 1.490770 1.767169
v 0.432069 1.490770 1.782631
v 0.479235 1.490770 1.790469
v 0.527054 1.490770 1.790469
v 0.574221 1.490770 1.782631
v 0.619448 1.490770 1.767169
v 0.661503 1.490770 1.744505
v 0.699239 1.490770 1.715257
v 0.731626 1.490770 1.680223
v 0.757780 1.490770 1.640358
v 0.776989 1.490770 1.596750
v 0.788728 1.490770 1.550588
v 0.223986 1.495778 1.549520
v 0.235461 1.495778 1.594644
v 0.254237 1.495778 1.637271
v 0.279803 1.495778 1.676239
v 0.311461 1.495778 1.710486
v 0.348348 1.495778 1.739076
v 0.389457 1.495778 1.761230
v 0.433668 1.495778 1.776344
v 0.479773 1.495778 1.784006
v 0.526516 1.495778 1.784006
v 0.572622 1.495778 1.776344
v 0.616832 1.495778 1.761230
v 0.657941 1.495778 1.739076
v 0.694828 1.495778 1.710486
v 0.726486 1.495778 1.676239
v 0.752052 1.495778 1.637271
v 0.770829 1.495778 1.594644
v 0.782304 1.495778 1.549520
v 0.750674 1.500000 1.547864
v 0.754717 1.500000 1.503131
v 0.738675 1.500000 1.591158
v 0.719107 1.500000 1.631624
v 0.692597 1.500000 1.667959
v 0.659997 1.500000 1.698997
v 0.622357 1.500000 1.723740
v 0.580885 1.500000 1.741392
v 0.536914 1.500000 1.751386
v 0.491858 1.500000 1.753401
v 0.447165 1.500000 1.747372
v 0.404270 1.500000 1.733493
v 0.364554 1.500000 1.712210
v 0.329292 1.500000 1.684207
v 0.299618 1.500000 1.650384
v 0.276486 1.500000 1.611829
v 0.260638 1.500000 1.569779
v 0.252585 1.500000 1.525588
v 0.252585 1.500000 1.480675
v 0.260638 1.500000 1.436483
v 0.276486 1.500000 1.394434
v 0.299618 1.500000 1.355878
v 0.329292 1.500000 1.322055
v 0.364554 1.500000 1.294052
v 0.404270 1.500000 1.272769
v 0.447165 1.500000 1.258890
v 0.491858 1.500000 1.252861
v 0.536914 1.500000 1.254877
v 0.580885 1.500000 1.264871
v 0.622357 1.500000 1.282523
v 0.659997 1.500000 1.307265
v 0.692597 1.500000 1.338303
v 0.719107 1.500000 1.374639
v 0.738675 1.500000 1.415104
v 0.750674 1.500000 1.458399
v 0.797812 1.210084 1.454165
v 0.801887 1.210084 1.503131
v 0.797812 1.210084 1.552097
v 0.785700 1.210084 1.599728
v 0.765881 1.210084 1.644723
v 0.738894 1.210084 1.685856
v 0.705477 1.210084 1.722005
v 0.666541 1.210084 1.752184
v 0.623148 1.210084 1.775569
v 0.576482 1.210084 1.791523
v 0.527815 1.210084 1.799610
v 0.478475 1.210084 1.799610
v 0.429808 1.210084 1.791523
v 0.383141 1.210084 1.775569
v 0.339748 1.210084 1.752184
v 0.300812 1.210084 1.722005
v 0.267395 1.210084 1.685856
v 0.240409 1.210084 1.644723
v 0.220589 1.210084 1.599728
v 0.208477 1.210084 1.552097
v 0.204403 1.210084 1.503131
v 0.208477 1.210084 1.454165
v 0.220589 1.210084 1.406535
v 0.240409 1.210084 1.361539
v 0.267395 1.210084 1.320406
v 0.300812 1.210084 1.284257
v 0.339748 1.210084 1.254079
v 0.383141 1.210084 1.230693
v 0.429808 1.210084 1.214740
v 0.478475 1.210084 1.206653
v 0.527815 1.210084 1.206653
v 0.576482 1.210084 1.214740
v 0.623148 1.210084 1.230693
v 0.666541 1.210084 1.254079
v 0.705477 1.210084 1.284257
v 0.738894 1.210084 1.320406
v 0.765881 1.210084 1.361539
v 0.785700 1.210084 1.406535
v 0.719293 1.468488 1.544616
v 0.721160 1.476644 1.540358
v 0.723270 1.468488 1.503131
v 0.724342 1.476644 1.503131
v 0.721160 1.476644 1.465905
v 0.727484 1.484244 1.503131
v 0.724257 1.484244 1.465376
v 0.732481 1.490770 1.503131
v 0.729182 1.490770 1.464535
v 0.738994 1.495778 1.503131
v 0.735601 1.495778 1.463439
v 0.746578 1.498927 1.503131
v 0.743077 1.498926 1.462163
v 0.711707 1.476644 1.576513
v 0.707502 1.468488 1.584602
v 0.696253 1.476644 1.610558
v 0.688326 1.468488 1.621643
v 0.675244 1.476644 1.641512
v 0.662457 1.468488 1.654401
v 0.649284 1.476644 1.668485
v 0.630830 1.468488 1.681692
v 0.619120 1.476644 1.690701
v 0.594588 1.468488 1.702529
v 0.585620 1.476644 1.707521
v 0.555041 1.468488 1.716159
v 0.549746 1.476644 1.718461
v 0.513619 1.468488 1.722090
v 0.512533 1.476644 1.723207
v 0.475049 1.476644 1.721621
v 0.474650 1.484244 1.724724
v 0.437453 1.484244 1.716741
v 0.435990 1.490770 1.721499
v 0.399897 1.490770 1.707057
v 0.396965 1.495778 1.712848
v 0.362901 1.495778 1.691962
v 0.358391 1.498927 1.698034
v 0.327396 1.498927 1.670869
v 0.301458 1.498927 1.638879
v 0.281321 1.498927 1.602983
v 0.267566 1.498927 1.564215
v 0.260588 1.498927 1.523690
v 0.260588 1.498926 1.482573
v 0.268145 1.495778 1.523049
v 0.268145 1.495778 1.483213
v 0.274635 1.490770 1.522499
v 0.274635 1.490770 1.483763
v 0.279614 1.484244 1.522077
v 0.279614 1.484244 1.484185
v 0.282744 1.476644 1.521812
v 0.282744 1.476644 1.484451
v 0.284016 1.468488 1.482294
v 0.289085 1.476644 1.447627
v 0.291936 1.468488 1.441374
v 0.301583 1.476644 1.412400
v 0.307489 1.468488 1.402685
v 0.319881 1.476644 1.379784
v 0.330114 1.468488 1.367627
v 0.343450 1.476644 1.350715
v 0.358993 1.468488 1.337466
v 0.371613 1.476644 1.326032
v 0.393082 1.468488 1.313293
v 0.403561 1.476644 1.306443
v 0.431149 1.468488 1.295981
v 0.438373 1.476644 1.292513
v 0.471818 1.468488 1.286156
v 0.475049 1.476644 1.284642
v 0.513619 1.468488 1.284173
v 0.512533 1.476644 1.283056
v 0.549746 1.476644 1.287802
v 0.550408 1.484244 1.284743
v 0.586791 1.484244 1.295839
v 0.588654 1.490770 1.291221
v 0.623387 1.490770 1.308660
v 0.626802 1.495778 1.303138
v 0.658964 1.495778 1.326825
v 0.663975 1.498926 1.321156
v 0.692545 1.498926 1.350840
v 0.715665 1.498926 1.384906
v 0.732673 1.498926 1.422373
v 0.471818 1.468488 1.720107
v 0.438373 1.476644 1.713750
v 0.402146 1.484244 1.702613
v 0.366774 1.490770 1.686747
v 0.332872 1.495778 1.665643
v 0.431149 1.468488 1.710282
v 0.403561 1.476644 1.699819
v 0.369745 1.484244 1.682746
v 0.337574 1.490770 1.661155
v 0.307741 1.495778 1.634649
v 0.393082 1.468488 1.692970
v 0.371613 1.476644 1.680231
v 0.341182 1.484244 1.657712
v 0.313137 1.490770 1.631018
v 0.288232 1.495778 1.599872
v 0.358993 1.468488 1.668797
v 0.343450 1.476644 1.655547
v 0.317278 1.484244 1.628231
v 0.294167 1.490770 1.597201
v 0.274906 1.495778 1.562312
v 0.330114 1.468488 1.638636
v 0.319881 1.476644 1.626479
v 0.298721 1.484244 1.595151
v 0.281208 1.490770 1.560678
v 0.307489 1.468488 1.603577
v 0.301583 1.476644 1.593862
v 0.286045 1.484244 1.559424
v 0.291936 1.468488 1.564889
v 0.289085 1.476644 1.558635
v 0.284016 1.468488 1.523968
v 0.555041 1.468488 1.290104
v 0.585620 1.476644 1.298742
v 0.620767 1.484244 1.312898
v 0.654661 1.490770 1.331694
v 0.686644 1.495778 1.355585
v 0.594588 1.468488 1.303734
v 0.619120 1.476644 1.315562
v 0.651360 1.484244 1.335429
v 0.681576 1.490770 1.359659
v 0.709044 1.495778 1.388589
v 0.630830 1.468488 1.324571
v 0.649284 1.476644 1.337778
v 0.677688 1.484244 1.362786
v 0.703358 1.490770 1.391752
v 0.725521 1.495778 1.424889
v 0.662457 1.468488 1.351861
v 0.675244 1.476644 1.364751
v 0.698996 1.484244 1.394179
v 0.719381 1.490770 1.427049
v 0.688326 1.468488 1.384619
v 0.696253 1.476644 1.395705
v 0.714669 1.484244 1.428707
v 0.707502 1.468488 1.421660
v 0.711707 1.476644 1.429749
v 0.719293 1.468488 1.461646
v 0.630779 1.498926 1.296706
v 0.591083 1.495778 1.285203
v 0.551461 1.490770 1.279878
v 0.512666 1.484244 1.279930
v 0.593910 1.498926 1.278195
v 0.552833 1.495778 1.273538
v 0.512878 1.490770 1.274958
v 0.474650 1.484244 1.281539
v 0.554431 1.498926 1.266155
v 0.513154 1.495778 1.268479
v 0.474015 1.490770 1.276602
v 0.437453 1.484244 1.289522
v 0.513476 1.498926 1.260933
v 0.473188 1.495778 1.270169
v 0.435990 1.490770 1.284763
v 0.402146 1.484244 1.303650
v 0.472224 1.498926 1.262678
v 0.434083 1.495778 1.278562
v 0.399897 1.490770 1.299206
v 0.369745 1.484244 1.323517
v 0.431862 1.498926 1.271340
v 0.396965 1.495778 1.293415
v 0.366774 1.490770 1.319515
v 0.341182 1.484244 1.348551
v 0.393550 1.498926 1.286671
v 0.362901 1.495778 1.314301
v 0.337574 1.490770 1.345107
v 0.317278 1.484244 1.378032
v 0.358391 1.498926 1.308229
v 0.332872 1.495778 1.340620
v 0.313137 1.490770 1.375245
v 0.298721 1.484244 1.411112
v 0.327396 1.498926 1.335394
v 0.307741 1.495778 1.371613
v 0.294167 1.490770 1.409062
v 0.286045 1.484244 1.446839
v 0.301458 1.498926 1.367384
v 0.288232 1.495778 1.406390
v 0.281208 1.490770 1.445585
v 0.281321 1.498926 1.403279
v 0.274906 1.495778 1.443951
v 0.267566 1.498926 1.442048
v 0.393550 1.498927 1.719592
v 0.434083 1.495778 1.727701
v 0.474015 1.490770 1.729660
v 0.512666 1.484244 1.726332
v 0.431862 1.498927 1.734922
v 0.473188 1.495778 1.736093
v 0.512878 1.490770 1.731304
v 0.550408 1.484244 1.721519
v 0.472224 1.498927 1.743585
v 0.513154 1.495778 1.737784
v 0.551461 1.490770 1.726384
v 0.586791 1.484244 1.710424
v 0.513476 1.498927 1.745330
v 0.552833 1.495778 1.732724
v 0.588654 1.490770 1.715041
v 0.620767 1.484244 1.693365
v 0.554431 1.498927 1.740107
v 0.591083 1.495778 1.721059
v 0.623387 1.490770 1.697602
v 0.651360 1.484244 1.670833
v 0.593910 1.498927 1.728067
v 0.626802 1.495778 1.703125
v 0.654661 1.490770 1.674569
v 0.677688 1.484244 1.643477
v 0.630779 1.498927 1.709556
v 0.658964 1.495778 1.679437
v 0.681576 1.490770 1.646603
v 0.698996 1.484244 1.612083
v 0.663975 1.498927 1.685107
v 0.686644 1.495778 1.650678
v 0.703358 1.490770 1.614510
v 0.714669 1.484244 1.577555
v 0.692545 1.498927 1.655422
v 0.709044 1.495778 1.617673
v 0.719381 1.490770 1.579213
v 0.724257 1.484244 1.540886
v 0.715665 1.498927 1.621357
v 0.725521 1.495778 1.581374
v 0.729182 1.490770 1.541727
v 0.732673 1.498927 1.583890
v 0.735601 1.495778 1.542824
v 0.743077 1.498927 1.544100
v 0.719293 1.210084 1.544616
v 0.723270 1.210084 1.503131
v 0.719293 1.210084 1.461646
v 0.707502 1.210084 1.421660
v 0.688326 1.210084 1.384619
v 0.662457 1.210084 1.351861
v 0.630830 1.210084 1.324571
v 0.594588 1.210084 1.303734
v 0.555041 1.210084 1.290104
v 0.513619 1.210084 1.284173
v 0.471818 1.210084 1.286156
v 0.431149 1.210084 1.295981
v 0.393082 1.210084 1.313293
v 0.358993 1.210084 1.337466
v 0.330114 1.210084 1.367627
v 0.307489 1.210084 1.402685
v 0.291936 1.210084 1.441374
v 0.284016 1.210084 1.482294
v 0.284016 1.210084 1.523968
v 0.291936 1.210084 1.564889
v 0.307489 1.210084 1.603577
v 0.330114 1.210084 1.638636
v 0.358993 1.210084 1.668797
v 0.393082 1.210084 1.692970
v 0.431149 1.210084 1.710282
v 0.471818 1.210084 1.720107
v 0.513619 1.210084 1.722090
v 0.555041 1.210084 1.716159
v 0.594588 1.210084 1.702529
v 0.630830 1.210084 1.681692
v 0.662457 1.210084 1.654401
v 0.688326 1.210084 1.621643
v 0.707502 1.210084 1.584602
v 0.719293 1.468488 2.546704
v 0.721160 1.476644 2.542445
v 0.723270 1.468488 2.505219
v 0.724342 1.476644 2.505219
v 0.721160 1.476644 2.467992
v 0.727484 1.484244 2.505219
v 0.724257 1.484244 2.467463
v 0.732481 1.490771 2.505219
v 0.729182 1.490770 2.466623
v 0.738994 1.495779 2.505219
v 0.735601 1.495778 2.465526
v 0.746578 1.498927 2.505219
v 0.743077 1.498927 2.464250
v 0.754717 1.500000 2.505219
v 0.750674 1.500000 2.460486
v 0.711707 1.476644 2.578601
v 0.707502 1.468488 2.586690
v 0.696253 1.476644 2.612645
v 0.688326 1.468488 2.623731
v 0.675244 1.476644 2.643599
v 0.662457 1.468488 2.656489
v 0.649284 1.476644 2.670572
v 0.630830 1.468488 2.683779
v 0.619120 1.476644 2.692788
v 0.594588 1.468488 2.704616
v 0.585620 1.476644 2.709608
v 0.555041 1.468488 2.718246
v 0.549746 1.476644 2.720548
v 0.513619 1.468488 2.724177
v 0.512533 1.476644 2.725294
v 0.475049 1.476644 2.723708
v 0.474650 1.484244 2.726811
v 0.437453 1.484244 2.718828
v 0.435990 1.490771 2.723587
v 0.399897 1.490771 2.709144
v 0.396965 1.495779 2.714935
v 0.362901 1.495779 2.694049
v 0.358391 1.498927 2.700121
v 0.327396 1.498927 2.672956
v 0.329292 1.500000 2.686295
v 0.299618 1.500000 2.652472
v 0.301458 1.498927 2.640966
v 0.276486 1.500000 2.613916
v 0.281321 1.498927 2.605070
v 0.260638 1.500000 2.571867
v 0.267566 1.498927 2.566303
v 0.252585 1.500000 2.527675
v 0.260588 1.498927 2.525777
v 0.260588 1.498927 2.484660
v 0.268145 1.495779 2.525137
v 0.268145 1.495778 2.485301
v 0.274635 1.490771 2.524586
v 0.274635 1.490770 2.485851
v 0.279614 1.484244 2.524165
v 0.279614 1.484244 2.486273
v 0.282744 1.476644 2.523899
v 0.282744 1.476644 2.486538
v 0.284016 1.468488 2.484382
v 0.289085 1.476644 2.449715
v 0.291936 1.468488 2.443461
v 0.301583 1.476644 2.414488
v 0.307489 1.468488 2.404772
v 0.319881 1.476644 2.381871
v 0.330114 1.468488 2.369714
v 0.343450 1.476644 2.352803
v 0.358993 1.468488 2.339553
v 0.371613 1.476644 2.328120
v 0.393082 1.468488 2.315380
v 0.403561 1.476644 2.308531
v 0.431149 1.468488 2.298068
v 0.438373 1.476644 2.294600
v 0.471818 1.468488 2.288243
v 0.475049 1.476644 2.286729
v 0.513619 1.468488 2.286260
v 0.512533 1.476644 2.285144
v 0.549746 1.476644 2.289889
v 0.550408 1.484244 2.286831
v 0.586791 1.484244 2.297926
v 0.588654 1.490770 2.293308
v 0.623387 1.490770 2.310748
v 0.626802 1.495778 2.305225
v 0.658964 1.495778 2.328912
v 0.663975 1.498927 2.323243
v 0.692545 1.498927 2.352927
v 0.692597 1.500000 2.340391
v 0.719107 1.500000 2.376726
v 0.715665 1.498927 2.386993
v 0.738675 1.500000 2.417192
v 0.732673 1.498927 2.424460
v 0.471818 1.468488 2.722194
v 0.438373 1.476644 2.715837
v 0.402146 1.484244 2.704700
v 0.366774 1.490771 2.688834
v 0.332872 1.495779 2.667731
v 0.431149 1.468488 2.712369
v 0.403561 1.476644 2.701907
v 0.369745 1.484244 2.684833
v 0.337574 1.490771 2.663243
v 0.307741 1.495779 2.636737
v 0.393082 1.468488 2.695057
v 0.371613 1.476644 2.682318
v 0.341182 1.484244 2.659799
v 0.313137 1.490771 2.633105
v 0.288232 1.495779 2.601959
v 0.358993 1.468488 2.670884
v 0.343450 1.476644 2.657635
v 0.317278 1.484244 2.630318
v 0.294167 1.490771 2.599288
v 0.274906 1.495779 2.564399
v 0.330114 1.468488 2.640723
v 0.319881 1.476644 2.628567
v 0.298721 1.484244 2.597238
v 0.281208 1.490771 2.562765
v 0.307489 1.468488 2.605665
v 0.301583 1.476644 2.595950
v 0.286045 1.484244 2.561511
v 0.291936 1.468488 2.566977
v 0.289085 1.476644 2.560723
v 0.284016 1.468488 2.526056
v 0.555041 1.468488 2.292191
v 0.585620 1.476644 2.300829
v 0.620767 1.484244 2.314985
v 0.654661 1.490770 2.333781
v 0.686644 1.495778 2.357672
v 0.594588 1.468488 2.305821
v 0.619120 1.476644 2.317649
v 0.651360 1.484244 2.337517
v 0.681576 1.490770 2.361747
v 0.709044 1.495778 2.390676
v 0.630830 1.468488 2.326658
v 0.649284 1.476644 2.339865
v 0.677688 1.484244 2.364873
v 0.703358 1.490770 2.393840
v 0.725521 1.495778 2.426976
v 0.662457 1.468488 2.353949
v 0.675244 1.476644 2.366838
v 0.698996 1.484244 2.396267
v 0.719381 1.490770 2.429137
v 0.688326 1.468488 2.386707
v 0.696253 1.476644 2.397792
v 0.714669 1.484244 2.430795
v 0.707502 1.468488 2.423748
v 0.711707 1.476644 2.431837
v 0.719293 1.468488 2.463734
v 0.659997 1.500000 2.309353
v 0.630779 1.498927 2.298794
v 0.591083 1.495778 2.287291
v 0.551461 1.490770 2.281966
v 0.512666 1.484244 2.282018
v 0.622357 1.500000 2.284610
v 0.593910 1.498927 2.280283
v 0.552833 1.495778 2.275626
v 0.512878 1.490770 2.277046
v 0.474650 1.484244 2.283626
v 0.580885 1.500000 2.266958
v 0.554431 1.498927 2.268243
v 0.513154 1.495778 2.270566
v 0.474015 1.490770 2.278690
v 0.437453 1.484244 2.291609
v 0.536914 1.500000 2.256964
v 0.513476 1.498927 2.263020
v 0.473188 1.495778 2.272257
v 0.435990 1.490770 2.286851
v 0.402146 1.484244 2.305737
v 0.491858 1.500000 2.254949
v 0.472224 1.498927 2.264765
v 0.434083 1.495778 2.280649
v 0.399897 1.490770 2.301293
v 0.369745 1.484244 2.325604
v 0.447165 1.500000 2.260978
v 0.431862 1.498927 2.273428
v 0.396965 1.495778 2.295502
v 0.366774 1.490770 2.321603
v 0.341182 1.484244 2.350638
v 0.404270 1.500000 2.274857
v 0.393550 1.498927 2.288759
v 0.362901 1.495778 2.316389
v 0.337574 1.490770 2.347195
v 0.317278 1.484244 2.380119
v 0.364554 1.500000 2.296140
v 0.358391 1.498927 2.310316
v 0.332872 1.495778 2.342707
v 0.313137 1.490770 2.377332
v 0.298721 1.484244 2.413199
v 0.329292 1.500000 2.324143
v 0.327396 1.498927 2.337481
v 0.307741 1.495778 2.373701
v 0.294167 1.490770 2.411149
v 0.286045 1.484244 2.448926
v 0.299618 1.500000 2.357965
v 0.301458 1.498927 2.369471
v 0.288232 1.495778 2.408478
v 0.281208 1.490770 2.447672
v 0.276486 1.500000 2.396521
v 0.281321 1.498927 2.405367
v 0.274906 1.495778 2.446038
v 0.260638 1.500000 2.438571
v 0.267566 1.498927 2.444135
v 0.252585 1.500000 2.482762
v 0.364554 1.500000 2.714298
v 0.393550 1.498927 2.721679
v 0.434083 1.495779 2.729788
v 0.474015 1.490771 2.731748
v 0.512666 1.484244 2.728420
v 0.404270 1.500000 2.735581
v 0.431862 1.498927 2.737010
v 0.473188 1.495779 2.738181
v 0.512878 1.490771 2.733392
v 0.550408 1.484244 2.723607
v 0.447165 1.500000 2.749460
v 0.472224 1.498927 2.745672
v 0.513154 1.495779 2.739871
v 0.551461 1.490771 2.728472
v 0.586791 1.484244 2.712511
v 0.491858 1.500000 2.755488
v 0.513476 1.498927 2.747417
v 0.552833 1.495779 2.734812
v 0.588654 1.490771 2.717129
v 0.620767 1.484244 2.695452
v 0.536914 1.500000 2.753473
v 0.554431 1.498927 2.742195
v 0.591083 1.495779 2.723147
v 0.623387 1.490771 2.699690
v 0.651360 1.484244 2.672920
v 0.580885 1.500000 2.743479
v 0.593910 1.498927 2.730155
v 0.626802 1.495779 2.705212
v 0.654661 1.490771 2.676656
v 0.677688 1.484244 2.645564
v 0.622357 1.500000 2.725827
v 0.630779 1.498927 2.711644
v 0.658964 1.495779 2.681525
v 0.681576 1.490771 2.648691
v 0.698996 1.484244 2.614171
v 0.659997 1.500000 2.701085
v 0.663975 1.498927 2.687194
v 0.686644 1.495779 2.652765
v 0.703358 1.490771 2.616598
v 0.714669 1.484244 2.579643
v 0.692597 1.500000 2.670047
v 0.692545 1.498927 2.657510
v 0.709044 1.495779 2.619761
v 0.719381 1.490771 2.581301
v 0.724257 1.484244 2.542974
v 0.719107 1.500000 2.633711
v 0.715665 1.498927 2.623444
v 0.725521 1.495779 2.583462
v 0.729182 1.490771 2.543815
v 0.738675 1.500000 2.593246
v 0.732673 1.498927 2.585978
v 0.735601 1.495779 2.544911
v 0.750674 1.500000 2.549951
v 0.743077 1.498927 2.546187
v 0.766379 1.500000 2.551440
v 0.770440 1.500000 2.505219
v 0.766379 1.500000 2.458997
v 0.754320 1.500000 2.414180
v 0.734629 1.500000 2.372129
v 0.707905 1.500000 2.334122
v 0.674959 1.500000 2.301313
v 0.636792 1.500000 2.274701
v 0.594565 1.500000 2.255092
v 0.549560 1.500000 2.243083
v 0.503145 1.500000 2.239039
v 0.456729 1.500000 2.243083
v 0.411724 1.500000 2.255092
v 0.369497 1.500000 2.274701
v 0.331330 1.500000 2.301313
v 0.298384 1.500000 2.334122
v 0.271660 1.500000 2.372129
v 0.251969 1.500000 2.414180
v 0.239910 1.500000 2.458997
v 0.235849 1.500000 2.505219
v 0.239910 1.500000 2.551440
v 0.251969 1.500000 2.596257
v 0.271660 1.500000 2.638309
v 0.298384 1.500000 2.676316
v 0.331330 1.500000 2.709124
v 0.369497 1.500000 2.735737
v 0.411724 1.500000 2.755346
v 0.456729 1.500000 2.767354
v 0.503145 1.500000 2.771398
v 0.549560 1.500000 2.767354
v 0.594565 1.500000 2.755346
v 0.636792 1.500000 2.735737
v 0.674959 1.500000 2.709124
v 0.707905 1.500000 2.676316
v 0.734629 1.500000 2.638309
v 0.754320 1.500000 2.596257
v 0.719293 1.210085 2.546704
v 0.723270 1.210085 2.505219
v 0.719293 1.210084 2.463734
v 0.707502 1.210084 2.423748
v 0.688326 1.210084 2.386707
v 0.662457 1.210084 2.353949
v 0.630830 1.210084 2.326658
v 0.594588 1.210084 2.305821
v 0.555041 1.210084 2.292191
v 0.513619 1.210084 2.286260
v 0.471818 1.210084 2.288243
v 0.431149 1.210084 2.298068
v 0.393082 1.210084 2.315380
v 0.358993 1.210084 2.339553
v 0.330114 1.210084 2.369714
v 0.307489 1.210084 2.404772
v 0.291936 1.210084 2.443461
v 0.284016 1.210084 2.484382
v 0.284016 1.210085 2.526056
v 0.291936 1.210085 2.566977
v 0.307489 1.210085 2.605665
v 0.330114 1.210085 2.640723
v 0.358993 1.210085 2.670884
v 0.393082 1.210085 2.695057
v 0.431149 1.210085 2.712369
v 0.471818 1.210085 2.722194
v 0.513619 1.210085 2.724177
v 0.555041 1.210085 2.718246
v 0.594588 1.210085 2.704616
v 0.630830 1.210085 2.683779
v 0.662457 1.210085 2.656489
v 0.688326 1.210085 2.623731
v 0.707502 1.210085 2.586690
v -0.286997 1.468488 2.546704
v -0.285129 1.476644 2.542445
v -0.283019 1.468488 2.505219
v -0.281947 1.476644 2.505219
v -0.285129 1.476644 2.467992
v -0.278806 1.484244 2.505219
v -0.282033 1.484244 2.467463
v -0.273808 1.490771 2.505219
v -0.277107 1.490770 2.466623
v -0.267296 1.495779 2.505219
v -0.270688 1.495778 2.465526
v -0.259711 1.498927 2.505219
v -0.263213 1.498927 2.464250
v -0.251572 1.500000 2.505219
v -0.255615 1.500000 2.460486
v -0.294583 1.476644 2.578601
v -0.298787 1.468488 2.586690
v -0.310036 1.476644 2.612645
v -0.317963 1.468488 2.623731
v -0.331045 1.476644 2.643599
v -0.343832 1.468488 2.656489
v -0.357005 1.476644 2.670572
v -0.375459 1.468488 2.683779
v -0.387169 1.476644 2.692788
v -0.411701 1.468488 2.704616
v -0.420670 1.476644 2.709608
v -0.451248 1.468488 2.718246
v -0.456543 1.476644 2.720548
v -0.492671 1.468488 2.724177
v -0.493757 1.476644 2.725294
v -0.531241 1.476644 2.723708
v -0.531640 1.484244 2.726811
v -0.568836 1.484244 2.718828
v -0.570300 1.490771 2.723587
v -0.606393 1.490771 2.709144
v -0.609325 1.495779 2.714935
v -0.643388 1.495779 2.694049
v -0.647898 1.498927 2.700121
v -0.678893 1.498927 2.672956
v -0.676997 1.500000 2.686295
v -0.706671 1.500000 2.652472
v -0.704832 1.498927 2.640966
v -0.729804 1.500000 2.613916
v -0.724968 1.498927 2.605070
v -0.745651 1.500000 2.571867
v -0.738723 1.498927 2.566303
v -0.753704 1.500000 2.527675
v -0.745701 1.498927 2.525777
v -0.745701 1.498927 2.484660
v -0.738144 1.495779 2.525137
v -0.738144 1.495778 2.485301
v -0.731655 1.490771 2.524586
v -0.731655 1.490770 2.485851
v -0.726675 1.484244 2.524165
v -0.726675 1.484244 2.486273
v -0.723545 1.476644 2.523899
v -0.723545 1.476644 2.486538
v -0.722274 1.468488 2.484382
v -0.717205 1.476644 2.449715
v -0.714354 1.468488 2.443461
v -0.704706 1.476644 2.414488
v -0.698800 1.468488 2.404772
v -0.686409 1.476644 2.381871
v -0.676175 1.468488 2.369714
v -0.662839 1.476644 2.352803
v -0.647296 1.468488 2.339553
v -0.634676 1.476644 2.328120
v -0.613208 1.468488 2.315380
v -0.602729 1.476644 2.308531
v -0.575141 1.468488 2.298068
v -0.567916 1.476644 2.294600
v -0.534472 1.468488 2.288243
v -0.531241 1.476644 2.286729
v -0.492671 1.468488 2.286260
v -0.493757 1.476644 2.285144
v -0.456543 1.476644 2.289889
v -0.455881 1.484244 2.286831
v -0.419499 1.484244 2.297926
v -0.417635 1.490770 2.293308
v -0.382902 1.490770 2.310748
v -0.379487 1.495778 2.305225
v -0.347325 1.495778 2.328912
v -0.342314 1.498927 2.323243
v -0.313745 1.498927 2.352927
v -0.313693 1.500000 2.340391
v -0.287183 1.500000 2.376726
v -0.290624 1.498927 2.386993
v -0.267614 1.500000 2.417192
v -0.273617 1.498927 2.424460
v -0.534472 1.468488 2.722194
v -0.567916 1.476644 2.715837
v -0.604143 1.484244 2.704700
v -0.639516 1.490771 2.688834
v -0.673417 1.495779 2.667731
v -0.575141 1.468488 2.712369
v -0.602729 1.476644 2.701907
v -0.636544 1.484244 2.684833
v -0.668715 1.490771 2.663243
v -0.698548 1.495779 2.636737
v -0.613208 1.468488 2.695057
v -0.634676 1.476644 2.682318
v -0.665107 1.484244 2.659799
v -0.693152 1.490771 2.633105
v -0.718057 1.495779 2.601959
v -0.647296 1.468488 2.670884
v -0.662839 1.476644 2.657635
v -0.689012 1.484244 2.630318
v -0.712122 1.490771 2.599288
v -0.731384 1.495779 2.564399
v -0.676175 1.468488 2.640723
v -0.686409 1.476644 2.628567
v -0.707569 1.484244 2.597238
v -0.725081 1.490771 2.562765
v -0.698800 1.468488 2.605665
v -0.704706 1.476644 2.595950
v -0.720245 1.484244 2.561511
v -0.714354 1.468488 2.566977
v -0.717205 1.476644 2.560723
v -0.722274 1.468488 2.526056
v -0.451248 1.468488 2.292191
v -0.420670 1.476644 2.300829
v -0.385522 1.484244 2.314985
v -0.351628 1.490770 2.333781
v -0.319646 1.495778 2.357672
v -0.411701 1.468488 2.305821
v -0.387169 1.476644 2.317649
v -0.354930 1.484244 2.337517
v -0.324713 1.490770 2.361747
v -0.297245 1.495778 2.390676
v -0.375459 1.468488 2.326658
v -0.357005 1.476644 2.339865
v -0.328601 1.484244 2.364873
v -0.302931 1.490770 2.393840
v -0.280768 1.495778 2.426976
v -0.343832 1.468488 2.353949
v -0.331045 1.476644 2.366838
v -0.307294 1.484244 2.396267
v -0.286909 1.490770 2.429137
v -0.317963 1.468488 2.386707
v -0.310036 1.476644 2.397792
v -0.291621 1.484244 2.430795
v -0.298787 1.468488 2.423748
v -0.294583 1.476644 2.431837
v -0.286997 1.468488 2.463734
v -0.346292 1.500000 2.309353
v -0.375511 1.498927 2.298794
v -0.415207 1.495778 2.287291
v -0.454828 1.490770 2.281966
v -0.493623 1.484244 2.282018
v -0.383932 1.500000 2.284610
v -0.412379 1.498927 2.280283
v -0.453456 1.495778 2.275626
v -0.493411 1.490770 2.277046
v -0.531640 1.484244 2.283626
v -0.425405 1.500000 2.266958
v -0.451858 1.498927 2.268243
v -0.493135 1.495778 2.270566
v -0.532274 1.490770 2.278690
v -0.568836 1.484244 2.291609
v -0.469375 1.500000 2.256964
v -0.492813 1.498927 2.263020
v -0.533102 1.495778 2.272257
v -0.570300 1.490770 2.286851
v -0.604143 1.484244 2.305737
v -0.514431 1.500000 2.254949
v -0.534065 1.498927 2.264765
v -0.572207 1.495778 2.280649
v -0.606393 1.490770 2.301293
v -0.636544 1.484244 2.325604
v -0.559125 1.500000 2.260978
v -0.574428 1.498927 2.273428
v -0.609325 1.495778 2.295502
v -0.639516 1.490770 2.321603
v -0.665107 1.484244 2.350638
v -0.602019 1.500000 2.274857
v -0.612739 1.498927 2.288759
v -0.643388 1.495778 2.316389
v -0.668715 1.490770 2.347195
v -0.689012 1.484244 2.380119
v -0.641735 1.500000 2.296140
v -0.647898 1.498927 2.310316
v -0.673417 1.495778 2.342707
v -0.693152 1.490770 2.377332
v -0.707569 1.484244 2.413199
v -0.676997 1.500000 2.324143
v -0.678893 1.498927 2.337481
v -0.698548 1.495778 2.373701
v -0.712122 1.490770 2.411149
v -0.720245 1.484244 2.448926
v -0.706671 1.500000 2.357965
v -0.704832 1.498927 2.369471
v -0.718057 1.495778 2.408478
v -0.725081 1.490770 2.447672
v -0.729804 1.500000 2.396521
v -0.724968 1.498927 2.405367
v -0.731384 1.495778 2.446038
v -0.745651 1.500000 2.438571
v -0.738723 1.498927 2.444135
v -0.753704 1.500000 2.482762
v -0.641735 1.500000 2.714298
v -0.612739 1.498927 2.721679
v -0.572207 1.495779 2.729788
v -0.532274 1.490771 2.731748
v -0.493623 1.484244 2.728420
v -0.602019 1.500000 2.735581
v -0.574428 1.498927 2.737010
v -0.533102 1.495779 2.738181
v -0.493411 1.490771 2.733392
v -0.455881 1.484244 2.723607
v -0.559125 1.500000 2.749460
v -0.534065 1.498927 2.745672
v -0.493135 1.495779 2.739871
v -0.454828 1.490771 2.728472
v -0.419499 1.484244 2.712511
v -0.514431 1.500000 2.755488
v -0.492813 1.498927 2.747417
v -0.453456 1.495779 2.734812
v -0.417635 1.490771 2.717129
v -0.385522 1.484244 2.695452
v -0.469375 1.500000 2.753473
v -0.451858 1.498927 2.742195
v -0.415207 1.495779 2.723147
v -0.382902 1.490771 2.699690
v -0.354930 1.484244 2.672920
v -0.425405 1.500000 2.743479
v -0.412379 1.498927 2.730155
v -0.379487 1.495779 2.705212
v -0.351628 1.490771 2.676656
v -0.328601 1.484244 2.645564
v -0.383932 1.500000 2.725827
v -0.375511 1.498927 2.711644
v -0.347325 1.495779 2.681525
v -0.324713 1.490771 2.648691
v -0.307294 1.484244 2.614171
v -0.346292 1.500000 2.701085
v -0.342314 1.498927 2.687194
v -0.319646 1.495779 2.652765
v -0.302931 1.490771 2.616598
v -0.291621 1.484244 2.579643
v -0.313693 1.500000 2.670047
v -0.313745 1.498927 2.657510
v -0.297245 1.495779 2.619761
v -0.286909 1.490771 2.581301
v -0.282033 1.484244 2.542974
v -0.287183 1.500000 2.633711
v -0.290624 1.498927 2.623444
v -0.280768 1.495779 2.583462
v -0.277107 1.490771 2.543815
v -0.267614 1.500000 2.593246
v -0.273617 1.498927 2.585978
v -0.270688 1.495779 2.544911
v -0.255615 1.500000 2.549951
v -0.263213 1.498927 2.546187
v -0.239910 1.500000 2.551440
v -0.235849 1.500000 2.505219
v -0.239910 1.500000 2.458997
v -0.251969 1.500000 2.414180
v -0.271660 1.500000 2.372129
v -0.298384 1.500000 2.334122
v -0.331330 1.500000 2.301313
v -0.369497 1.500000 2.274701
v -0.411724 1.500000 2.255092
v -0.456729 1.500000 2.243083
v -0.503145 1.500000 2.239039
v -0.549560 1.500000 2.243083
v -0.594565 1.500000 2.255092
v -0.636792 1.500000 2.274701
v -0.674959 1.500000 2.301313
v -0.707905 1.500000 2.334122
v -0.734629 1.500000 2.372129
v -0.754320 1.500000 2.414180
v -0.766379 1.500000 2.458997
v -0.770440 1.500000 2.505219
v -0.766379 1.500000 2.551440
v -0.754320 1.500000 2.596257
v -0.734629 1.500000 2.638309
v -0.707905 1.500000 2.676316
v -0.674959 1.500000 2.709124
v -0.636792 1.500000 2.735737
v -0.594565 1.500000 2.755346
v -0.549560 1.500000 2.767354
v -0.503145 1.500000 2.771398
v -0.456729 1.500000 2.767354
v -0.411724 1.500000 2.755346
v -0.369497 1.500000 2.735737
v -0.331330 1.500000 2.709124
v -0.298384 1.500000 2.676316
v -0.271660 1.500000 2.638309
v -0.251969 1.500000 2.596257
v -0.286997 1.210085 2.546704
v -0.283019 1.210085 2.505219
v -0.286997 1.210084 2.463734
v -0.298787 1.210084 2.423748
v -0.317963 1.210084 2.386707
v -0.343832 1.210084 2.353949
v -0.375459 1.210084 2.326658
v -0.411701 1.210084 2.305821
v -0.451248 1.210084 2.292191
v -0.492671 1.210084 2.286260
v -0.534472 1.210084 2.288243
v -0.575141 1.210084 2.298068
v -0.613208 1.210084 2.315380
v -0.647296 1.210084 2.339553
v -0.676175 1.210084 2.369714
v -0.698800 1.210084 2.404772
v -0.714354 1.210084 2.443461
v -0.722274 1.210084 2.484382
v -0.722274 1.210085 2.526056
v -0.714354 1.210085 2.566977
v -0.698800 1.210085 2.605665
v -0.676175 1.210085 2.640723
v -0.647296 1.210085 2.670884
v -0.613208 1.210085 2.695057
v -0.575141 1.210085 2.712369
v -0.534472 1.210085 2.722194
v -0.492671 1.210085 2.724177
v -0.451248 1.210085 2.718246
v -0.411701 1.210085 2.704616
v -0.375459 1.210085 2.683779
v -0.343832 1.210085 2.656489
v -0.317963 1.210085 2.623731
v -0.298787 1.210085 2.586690
v -0.208477 1.468488 2.456253
v -0.209534 1.476644 2.456429
v -0.204403 1.468488 2.505219
v -0.205474 1.476644 2.505219
v -0.208477 1.468488 2.554185
v -0.209534 1.476644 2.554009
v -0.220589 1.468488 2.601815
v -0.221603 1.476644 2.601469
v -0.240409 1.468488 2.646811
v -0.241351 1.476644 2.646303
v -0.267395 1.468488 2.687944
v -0.268241 1.476644 2.687289
v -0.300812 1.468488 2.724093
v -0.301538 1.476644 2.723308
v -0.339748 1.468488 2.754271
v -0.340334 1.476644 2.753378
v -0.383141 1.468488 2.777656
v -0.383572 1.476644 2.776679
v -0.429808 1.468488 2.793610
v -0.430071 1.476644 2.792576
v -0.478475 1.468488 2.801697
v -0.478563 1.476644 2.800634
v -0.527815 1.468488 2.801697
v -0.527726 1.476644 2.800634
v -0.576482 1.468488 2.793610
v -0.576218 1.476644 2.792576
v -0.623148 1.468488 2.777656
v -0.622718 1.476644 2.776679
v -0.666541 1.468488 2.754271
v -0.665955 1.476644 2.753378
v -0.705477 1.468488 2.724093
v -0.704751 1.476644 2.723308
v -0.738894 1.468488 2.687944
v -0.738049 1.476644 2.687289
v -0.765881 1.468488 2.646811
v -0.764938 1.476644 2.646303
v -0.785700 1.468488 2.601815
v -0.784687 1.476644 2.601469
v -0.797812 1.468488 2.554185
v -0.796755 1.476644 2.554009
v -0.801887 1.468488 2.505219
v -0.800815 1.476644 2.505219
v -0.797812 1.468488 2.456253
v -0.796755 1.476644 2.456429
v -0.785700 1.468488 2.408622
v -0.784687 1.476644 2.408969
v -0.765881 1.468488 2.363627
v -0.764938 1.476644 2.364135
v -0.738894 1.468488 2.322494
v -0.738049 1.476644 2.323149
v -0.705477 1.468488 2.286345
v -0.704751 1.476644 2.287130
v -0.666541 1.468488 2.256166
v -0.665955 1.476644 2.257060
v -0.623148 1.468488 2.232781
v -0.622718 1.476644 2.233758
v -0.576482 1.468488 2.216827
v -0.576218 1.476644 2.217862
v -0.527815 1.468488 2.208740
v -0.527726 1.476644 2.209804
v -0.478475 1.468488 2.208740
v -0.478563 1.476644 2.209804
v -0.429808 1.468488 2.216827
v -0.430071 1.476644 2.217862
v -0.383141 1.468488 2.232781
v -0.383572 1.476644 2.233758
v -0.339748 1.468488 2.256166
v -0.340334 1.476644 2.257060
v -0.300812 1.468488 2.286345
v -0.301538 1.476644 2.287130
v -0.267395 1.468488 2.322494
v -0.268241 1.476644 2.323149
v -0.240409 1.468488 2.363627
v -0.241351 1.476644 2.364135
v -0.220589 1.468488 2.408622
v -0.221603 1.476644 2.408969
v -0.231467 1.498927 2.550364
v -0.227710 1.498927 2.505219
v -0.231467 1.498927 2.460073
v -0.220126 1.495779 2.505219
v -0.223986 1.495778 2.458830
v -0.213613 1.490771 2.505219
v -0.217562 1.490770 2.457762
v -0.208616 1.484244 2.505219
v -0.212633 1.484244 2.456943
v -0.242634 1.498927 2.594279
v -0.260907 1.498927 2.635764
v -0.285788 1.498927 2.673688
v -0.316598 1.498927 2.707016
v -0.352496 1.498927 2.734840
v -0.392504 1.498927 2.756401
v -0.435530 1.498927 2.771110
v -0.480399 1.498927 2.778566
v -0.525890 1.498927 2.778566
v -0.570760 1.498927 2.771110
v -0.613786 1.498927 2.756401
v -0.653793 1.498927 2.734840
v -0.689691 1.498927 2.707016
v -0.720501 1.498927 2.673688
v -0.745382 1.498927 2.635764
v -0.763655 1.498927 2.594279
v -0.774823 1.498927 2.550364
v -0.778579 1.498927 2.505219
v -0.774823 1.498927 2.460073
v -0.782304 1.495778 2.458830
v -0.770829 1.495778 2.413706
v -0.776989 1.490770 2.411601
v -0.757780 1.490770 2.367992
v -0.762175 1.484244 2.365624
v -0.735570 1.484244 2.325071
v -0.763655 1.498927 2.416159
v -0.752052 1.495778 2.371079
v -0.731626 1.490770 2.328127
v -0.702624 1.484244 2.289432
v -0.745382 1.498927 2.374674
v -0.726486 1.495778 2.332111
v -0.699239 1.490770 2.293093
v -0.664237 1.484244 2.259679
v -0.720501 1.498927 2.336750
v -0.694828 1.495778 2.297864
v -0.661503 1.490770 2.263845
v -0.621456 1.484244 2.236623
v -0.689691 1.498927 2.303421
v -0.657941 1.495778 2.269274
v -0.619448 1.490770 2.241180
v -0.575447 1.484244 2.220894
v -0.653793 1.498927 2.275597
v -0.616832 1.495778 2.247120
v -0.574221 1.490770 2.225719
v -0.527467 1.484244 2.212921
v -0.613786 1.498927 2.254036
v -0.572622 1.495778 2.232006
v -0.527054 1.490770 2.217881
v -0.478823 1.484244 2.212921
v -0.570760 1.498927 2.239327
v -0.526516 1.495778 2.224344
v -0.479235 1.490770 2.217881
v -0.430842 1.484244 2.220894
v -0.525890 1.498927 2.231871
v -0.479773 1.495778 2.224344
v -0.432069 1.490770 2.225719
v -0.384834 1.484244 2.236623
v -0.480399 1.498927 2.231871
v -0.433668 1.495778 2.232006
v -0.386841 1.490770 2.241180
v -0.342053 1.484244 2.259679
v -0.435530 1.498927 2.239327
v -0.389457 1.495778 2.247120
v -0.344786 1.490770 2.263845
v -0.303666 1.484244 2.289432
v -0.392504 1.498927 2.254036
v -0.348348 1.495778 2.269274
v -0.307050 1.490770 2.293093
v -0.270720 1.484244 2.325071
v -0.352496 1.498927 2.275597
v -0.311461 1.495778 2.297864
v -0.274664 1.490770 2.328127
v -0.244114 1.484244 2.365624
v -0.316598 1.498927 2.303421
v -0.279803 1.495778 2.332111
v -0.248509 1.490770 2.367992
v -0.224574 1.484244 2.409985
v -0.285788 1.498927 2.336750
v -0.254237 1.495778 2.371079
v -0.229301 1.490770 2.411601
v -0.260907 1.498927 2.374674
v -0.235461 1.495778 2.413706
v -0.242634 1.498927 2.416159
v -0.797674 1.484244 2.505219
v -0.793657 1.484244 2.456943
v -0.781715 1.484244 2.409985
v -0.792676 1.490771 2.505219
v -0.788728 1.490770 2.457762
v -0.793657 1.484244 2.553494
v -0.781715 1.484244 2.600453
v -0.762175 1.484244 2.644814
v -0.735570 1.484244 2.685367
v -0.702624 1.484244 2.721006
v -0.664237 1.484244 2.750759
v -0.621456 1.484244 2.773814
v -0.575447 1.484244 2.789543
v -0.527467 1.484244 2.797516
v -0.478823 1.484244 2.797516
v -0.430842 1.484244 2.789543
v -0.384834 1.484244 2.773814
v -0.342053 1.484244 2.750759
v -0.303666 1.484244 2.721006
v -0.270720 1.484244 2.685367
v -0.244114 1.484244 2.644814
v -0.224574 1.484244 2.600453
v -0.212633 1.484244 2.553494
v -0.786164 1.495779 2.505219
v -0.788728 1.490771 2.552675
v -0.776989 1.490771 2.598837
v -0.757780 1.490771 2.642445
v -0.731626 1.490771 2.682310
v -0.699239 1.490771 2.717345
v -0.661503 1.490771 2.746593
v -0.619448 1.490771 2.769257
v -0.574221 1.490771 2.784719
v -0.527054 1.490771 2.792557
v -0.479235 1.490771 2.792557
v -0.432069 1.490771 2.784719
v -0.386841 1.490771 2.769257
v -0.344786 1.490771 2.746593
v -0.307050 1.490771 2.717345
v -0.274664 1.490771 2.682310
v -0.248509 1.490771 2.642445
v -0.229301 1.490771 2.598837
v -0.217562 1.490771 2.552675
v -0.782304 1.495779 2.551608
v -0.770829 1.495779 2.596731
v -0.752052 1.495779 2.639358
v -0.726486 1.495779 2.678327
v -0.694828 1.495779 2.712573
v -0.657941 1.495779 2.741163
v -0.616832 1.495779 2.763318
v -0.572622 1.495779 2.778432
v -0.526516 1.495779 2.786093
v -0.479773 1.495779 2.786093
v -0.433668 1.495779 2.778432
v -0.389457 1.495779 2.763318
v -0.348348 1.495779 2.741163
v -0.311461 1.495779 2.712573
v -0.279803 1.495779 2.678327
v -0.254237 1.495779 2.639358
v -0.235461 1.495779 2.596731
v -0.223986 1.495779 2.551608
v -0.208477 1.210084 2.456253
v -0.204403 1.210085 2.505219
v -0.208477 1.210085 2.554185
v -0.220589 1.210085 2.601815
v -0.240409 1.210085 2.646811
v -0.267395 1.210085 2.687944
v -0.300812 1.210085 2.724093
v -0.339748 1.210085 2.754271
v -0.383141 1.210085 2.777656
v -0.429808 1.210085 2.793610
v -0.478475 1.210085 2.801697
v -0.527815 1.210085 2.801697
v -0.576482 1.210085 2.793610
v -0.623148 1.210085 2.777656
v -0.666541 1.210085 2.754271
v -0.705477 1.210085 2.724093
v -0.738894 1.210085 2.687944
v -0.765881 1.210085 2.646811
v -0.785700 1.210085 2.601815
v -0.797812 1.210085 2.554185
v -0.801887 1.210085 2.505219
v -0.797812 1.210084 2.456253
v -0.785700 1.210084 2.408622
v -0.765881 1.210084 2.363627
v -0.738894 1.210084 2.322494
v -0.705477 1.210084 2.286345
v -0.666541 1.210084 2.256166
v -0.623148 1.210084 2.232781
v -0.576482 1.210084 2.216827
v -0.527815 1.210084 2.208740
v -0.478475 1.210084 2.208740
v -0.429808 1.210084 2.216827
v -0.383141 1.210084 2.232781
v -0.339748 1.210084 2.256166
v -0.300812 1.210084 2.286345
v -0.267395 1.210084 2.322494
v -0.240409 1.210084 2.363627
v -0.220589 1.210084 2.408622
v 0.797812 1.468488 2.456253
v 0.796755 1.476644 2.456429
v 0.801887 1.468488 2.505219
v 0.800815 1.476644 2.505219
v 0.797812 1.468488 2.554185
v 0.796755 1.476644 2.554009
v 0.785700 1.468488 2.601815
v 0.784687 1.476644 2.601469
v 0.765881 1.468488 2.646811
v 0.764938 1.476644 2.646303
v 0.738894 1.468488 2.687944
v 0.738049 1.476644 2.687289
v 0.705477 1.468488 2.724093
v 0.704751 1.476644 2.723308
v 0.666541 1.468488 2.754271
v 0.665955 1.476644 2.753378
v 0.623148 1.468488 2.777656
v 0.622718 1.476644 2.776679
v 0.576482 1.468488 2.793610
v 0.576218 1.476644 2.792576
v 0.527815 1.468488 2.801697
v 0.527726 1.476644 2.800634
v 0.478475 1.468488 2.801697
v 0.478563 1.476644 2.800634
v 0.429808 1.468488 2.793610
v 0.430071 1.476644 2.792576
v 0.383141 1.468488 2.777656
v 0.383572 1.476644 2.776679
v 0.339748 1.468488 2.754271
v 0.340334 1.476644 2.753378
v 0.300812 1.468488 2.724093
v 0.301538 1.476644 2.723308
v 0.267395 1.468488 2.687944
v 0.268241 1.476644 2.687289
v 0.240409 1.468488 2.646811
v 0.241351 1.476644 2.646303
v 0.220589 1.468488 2.601815
v 0.221603 1.476644 2.601469
v 0.208477 1.468488 2.554185
v 0.209534 1.476644 2.554009
v 0.204403 1.468488 2.505219
v 0.205474 1.476644 2.505219
v 0.208477 1.468488 2.456253
v 0.209534 1.476644 2.456429
v 0.220589 1.468488 2.408622
v 0.221603 1.476644 2.408969
v 0.240409 1.468488 2.363627
v 0.241351 1.476644 2.364135
v 0.267395 1.468488 2.322494
v 0.268241 1.476644 2.323149
v 0.300812 1.468488 2.286345
v 0.301538 1.476644 2.287130
v 0.339748 1.468488 2.256166
v 0.340334 1.476644 2.257060
v 0.383141 1.468488 2.232781
v 0.383572 1.476644 2.233758
v 0.429808 1.468488 2.216827
v 0.430071 1.476644 2.217862
v 0.478475 1.468488 2.208740
v 0.478563 1.476644 2.209804
v 0.527815 1.468488 2.208740
v 0.527726 1.476644 2.209804
v 0.576482 1.468488 2.216827
v 0.576218 1.476644 2.217862
v 0.623148 1.468488 2.232781
v 0.622718 1.476644 2.233758
v 0.666541 1.468488 2.256166
v 0.665955 1.476644 2.257060
v 0.705477 1.468488 2.286345
v 0.704751 1.476644 2.287130
v 0.738894 1.468488 2.322494
v 0.738049 1.476644 2.323149
v 0.765881 1.468488 2.363627
v 0.764938 1.476644 2.364135
v 0.785700 1.468488 2.408622
v 0.784687 1.476644 2.408969
v 0.774823 1.498927 2.550364
v 0.778579 1.498927 2.505219
v 0.774823 1.498927 2.460073
v 0.786164 1.495779 2.505219
v 0.782304 1.495778 2.458830
v 0.792676 1.490771 2.505219
v 0.788728 1.490770 2.457762
v 0.797674 1.484244 2.505219
v 0.793657 1.484244 2.456943
v 0.763655 1.498927 2.594279
v 0.745382 1.498927 2.635764
v 0.720501 1.498927 2.673688
v 0.689691 1.498927 2.707016
v 0.653793 1.498927 2.734840
v 0.613786 1.498927 2.756401
v 0.570760 1.498927 2.771110
v 0.525890 1.498927 2.778566
v 0.480399 1.498927 2.778566
v 0.435530 1.498927 2.771110
v 0.392504 1.498927 2.756401
v 0.352496 1.498927 2.734840
v 0.316598 1.498927 2.707016
v 0.285788 1.498927 2.673688
v 0.260907 1.498927 2.635764
v 0.242634 1.498927 2.594279
v 0.231467 1.498927 2.550364
v 0.227710 1.498927 2.505219
v 0.231467 1.498927 2.460073
v 0.223986 1.495778 2.458830
v 0.235461 1.495778 2.413706
v 0.229301 1.490770 2.411601
v 0.248509 1.490770 2.367992
v 0.244114 1.484244 2.365624
v 0.270720 1.484244 2.325071
v 0.242634 1.498927 2.416159
v 0.254237 1.495778 2.371079
v 0.274664 1.490770 2.328127
v 0.303666 1.484244 2.289432
v 0.260907 1.498927 2.374674
v 0.279803 1.495778 2.332111
v 0.307050 1.490770 2.293093
v 0.342053 1.484244 2.259679
v 0.285788 1.498927 2.336750
v 0.311461 1.495778 2.297864
v 0.344786 1.490770 2.263845
v 0.384834 1.484244 2.236623
v 0.316598 1.498927 2.303421
v 0.348348 1.495778 2.269274
v 0.386841 1.490770 2.241180
v 0.430842 1.484244 2.220894
v 0.352496 1.498927 2.275597
v 0.389457 1.495778 2.247120
v 0.432069 1.490770 2.225719
v 0.478823 1.484244 2.212921
v 0.392504 1.498927 2.254036
v 0.433668 1.495778 2.232006
v 0.479235 1.490770 2.217881
v 0.527467 1.484244 2.212921
v 0.435530 1.498927 2.239327
v 0.479773 1.495778 2.224344
v 0.527054 1.490770 2.217881
v 0.575447 1.484244 2.220894
v 0.480399 1.498927 2.231871
v 0.526516 1.495778 2.224344
v 0.574221 1.490770 2.225719
v 0.621456 1.484244 2.236623
v 0.525890 1.498927 2.231871
v 0.572622 1.495778 2.232006
v 0.619448 1.490770 2.241180
v 0.664237 1.484244 2.259679
v 0.570760 1.498927 2.239327
v 0.616832 1.495778 2.247120
v 0.661503 1.490770 2.263845
v 0.702624 1.484244 2.289432
v 0.613786 1.498927 2.254036
v 0.657941 1.495778 2.269274
v 0.699239 1.490770 2.293093
v 0.735570 1.484244 2.325071
v 0.653793 1.498927 2.275597
v 0.694828 1.495778 2.297864
v 0.731626 1.490770 2.328127
v 0.762175 1.484244 2.365624
v 0.689691 1.498927 2.303421
v 0.726486 1.495778 2.332111
v 0.757780 1.490770 2.367992
v 0.781715 1.484244 2.409985
v 0.720501 1.498927 2.336750
v 0.752052 1.495778 2.371079
v 0.776989 1.490770 2.411601
v 0.745382 1.498927 2.374674
v 0.770829 1.495778 2.413706
v 0.763655 1.498927 2.416159
v 0.208616 1.484244 2.505219
v 0.212633 1.484244 2.456943
v 0.224574 1.484244 2.409985
v 0.213613 1.490771 2.505219
v 0.217562 1.490770 2.457762
v 0.212633 1.484244 2.553494
v 0.224574 1.484244 2.600453
v 0.244114 1.484244 2.644814
v 0.270720 1.484244 2.685367
v 0.303666 1.484244 2.721006
v 0.342053 1.484244 2.750759
v 0.384834 1.484244 2.773814
v 0.430842 1.484244 2.789543
v 0.478823 1.484244 2.797516
v 0.527467 1.484244 2.797516
v 0.575447 1.484244 2.789543
v 0.621456 1.484244 2.773814
v 0.664237 1.484244 2.750759
v 0.702624 1.484244 2.721006
v 0.735570 1.484244 2.685367
v 0.762175 1.484244 2.644814
v 0.781715 1.484244 2.600453
v 0.793657 1.484244 2.553494
v 0.220126 1.495779 2.505219
v 0.217562 1.490771 2.552675
v 0.229301 1.490771 2.598837
v 0.248509 1.490771 2.642445
v 0.274664 1.490771 2.682310
v 0.307050 1.490771 2.717345
v 0.344786 1.490771 2.746593
v 0.386841 1.490771 2.769257
v 0.432069 1.490771 2.784719
v 0.479235 1.490771 2.792557
v 0.527054 1.490771 2.792557
v 0.574221 1.490771 2.784719
v 0.619448 1.490771 2.769257
v 0.661503 1.490771 2.746593
v 0.699239 1.490771 2.717345
v 0.731626 1.490771 2.682310
v 0.757780 1.490771 2.642445
v 0.776989 1.490771 2.598837
v 0.788728 1.490771 2.552675
v 0.223986 1.495779 2.551608
v 0.235461 1.495779 2.596731
v 0.254237 1.495779 2.639358
v 0.279803 1.495779 2.678327
v 0.311461 1.495779 2.712573
v 0.348348 1.495779 2.741163
v 0.389457 1.495779 2.763318
v 0.433668 1.495779 2.778432
v 0.479773 1.495779 2.786093
v 0.526516 1.495779 2.786093
v 0.572622 1.495779 2.778432
v 0.616832 1.495779 2.763318
v 0.657941 1.495779 2.741163
v 0.694828 1.495779 2.712573
v 0.726486 1.495779 2.678327
v 0.752052 1.495779 2.639358
v 0.770829 1.495779 2.596731
v 0.782304 1.495779 2.551608
v 0.797812 1.210084 2.456253
v 0.801887 1.210085 2.505219
v 0.797812 1.210085 2.554185
v 0.785700 1.210085 2.601815
v 0.765881 1.210085 2.646811
v 0.738894 1.210085 2.687944
v 0.705477 1.210085 2.724093
v 0.666541 1.210085 2.754271
v 0.623148 1.210085 2.777656
v 0.576482 1.210085 2.793610
v 0.527815 1.210085 2.801697
v 0.478475 1.210085 2.801697
v 0.429808 1.210085 2.793610
v 0.383141 1.210085 2.777656
v 0.339748 1.210085 2.754271
v 0.300812 1.210085 2.724093
v 0.267395 1.210085 2.687944
v 0.240409 1.210085 2.646811
v 0.220589 1.210085 2.601815
v 0.208477 1.210085 2.554185
v 0.204403 1.210085 2.505219
v 0.208477 1.210084 2.456253
v 0.220589 1.210084 2.408622
v 0.240409 1.210084 2.363627
v 0.267395 1.210084 2.322494
v 0.300812 1.210084 2.286345
v 0.339748 1.210084 2.256166
v 0.383141 1.210084 2.232781
v 0.429808 1.210084 2.216827
v 0.478475 1.210084 2.208740
v 0.527815 1.210084 2.208740
v 0.576482 1.210084 2.216827
v 0.623148 1.210084 2.232781
v 0.666541 1.210084 2.256166
v 0.705477 1.210084 2.286345
v 0.738894 1.210084 2.322494
v 0.765881 1.210084 2.363627
v 0.785700 1.210084 2.408622
v -0.999572 1.210084 -2.990716
v -0.999572 1.138902 -2.990716
v -1.000000 1.210084 -2.987474
v -0.999572 1.067721 -2.990716
v -0.999572 0.996539 -2.990716
v -0.998315 0.996539 -2.993737
v -0.998315 0.925358 -2.993737
v -0.996316 0.925358 -2.996331
v -0.996316 0.854177 -2.996331
v -0.993711 0.854177 -2.998322
v -0.993711 0.782995 -2.998322
v -0.990677 0.782995 -2.999573
v -0.990677 0.711814 -2.999573
v -0.987421 1.210084 -3.000000
v -0.990677 0.640632 -2.999573
v -0.987421 -0.000000 -3.000000
v -0.990677 0.569451 -2.999573
v -0.990677 0.498270 -2.999573
v -0.993711 0.569451 -2.998322
v -0.993711 0.498270 -2.998322
v -0.996316 0.569451 -2.996331
v -0.996316 0.498270 -2.996331
v -0.998315 0.569451 -2.993737
v -0.998315 0.498270 -2.993737
v -0.999572 0.569451 -2.990716
v -0.999572 0.498270 -2.990716
v -1.000000 -0.000000 -2.987474
v -0.999572 0.427088 -2.990716
v -0.999572 0.355907 -2.990716
v -0.998315 0.355907 -2.993737
v -0.998315 0.284725 -2.993737
v -0.996316 0.284725 -2.996331
v -0.996316 0.213544 -2.996331
v -0.993711 0.213544 -2.998322
v -0.993711 0.142362 -2.998322
v -0.990677 0.142362 -2.999573
v -0.990677 0.071181 -2.999573
v -0.990677 -0.000000 -2.999573
v -0.998315 1.138902 -2.993737
v -0.998315 1.210084 -2.993737
v -0.996316 1.138902 -2.996331
v -0.996316 1.210084 -2.996331
v -0.993711 1.138902 -2.998322
v -0.993711 1.210084 -2.998322
v -0.990677 1.138902 -2.999573
v -0.990677 1.210084 -2.999573
v -0.993711 0.071181 -2.998322
v -0.993711 -0.000000 -2.998322
v -0.996316 0.071181 -2.996331
v -0.996316 -0.000000 -2.996331
v -0.998315 0.071181 -2.993737
v -0.998315 -0.000000 -2.993737
v -0.999572 0.071181 -2.990716
v -0.999572 -0.000000 -2.990716
v -0.999572 0.640632 -2.990716
v -0.998315 0.640632 -2.993737
v -0.996316 0.640632 -2.996331
v -0.993711 0.640632 -2.998322
v -0.998315 1.067721 -2.993737
v -0.996316 1.067721 -2.996331
v -0.993711 1.067721 -2.998322
v -0.990677 1.067721 -2.999573
v -0.999572 0.925358 -2.990716
v -0.999572 0.854177 -2.990716
v -0.999572 0.782995 -2.990716
v -0.998315 0.782995 -2.993737
v -0.998315 0.711814 -2.993737
v -0.996316 0.711814 -2.996331
v -0.998315 0.854177 -2.993737
v -0.999572 0.711814 -2.990716
v -0.998315 0.427088 -2.993737
v -0.996316 0.427088 -2.996331
v -0.993711 0.427088 -2.998322
v -0.990677 0.427088 -2.999573
v -0.999572 0.284725 -2.990716
v -0.999572 0.213544 -2.990716
v -0.999572 0.142362 -2.990716
v -0.998315 0.142362 -2.993737
v -0.998315 0.213544 -2.993737
v -0.996316 0.996539 -2.996331
v -0.993711 0.925358 -2.998322
v -0.990677 0.854177 -2.999573
v -0.996316 0.782995 -2.996331
v -0.996316 0.355907 -2.996331
v -0.993711 0.284725 -2.998322
v -0.990677 0.213544 -2.999573
v -0.996316 0.142362 -2.996331
v -0.993711 0.996539 -2.998322
v -0.990677 0.996539 -2.999573
v -0.993711 0.711814 -2.998322
v -0.993711 0.355907 -2.998322
v -0.990677 0.355907 -2.999573
v -0.990677 0.925358 -2.999573
v -0.990677 0.284725 -2.999573
v 1.000000 1.210084 -2.987474
v 0.987421 1.210084 -3.000000
v 1.000000 1.210085 2.987473
v 0.987421 1.210085 3.000000
v -0.987421 1.210085 3.000000
v -1.000000 1.210085 2.987473
v -0.999572 1.210085 2.990715
v -0.998315 1.210085 2.993737
v -0.996316 1.210085 2.996331
v -0.993711 1.210085 2.998321
v -0.990677 1.210085 2.999573
v 0.990677 1.210085 2.999573
v 0.993711 1.210085 2.998321
v 0.996316 1.210085 2.996331
v 0.998315 1.210085 2.993737
v 0.999572 1.210085 2.990715
v 0.999572 1.210084 -2.990716
v 0.998315 1.210084 -2.993737
v 0.996316 1.210084 -2.996331
v 0.993711 1.210084 -2.998322
v 0.990677 1.210084 -2.999573
v -1.000000 0.000000 2.987474
v -0.990677 1.138903 2.999573
v -0.990677 1.067722 2.999573
v -0.990677 0.996540 2.999573
v -0.993711 0.996540 2.998322
v -0.993711 0.925359 2.998322
v -0.996316 0.925359 2.996331
v -0.996316 0.854177 2.996331
v -0.998315 0.854177 2.993737
v -0.998315 0.782996 2.993737
v -0.999572 0.782996 2.990716
v -0.999572 0.711815 2.990716
v -0.999572 0.640633 2.990716
v -0.999572 0.569452 2.990716
v -0.999572 0.498270 2.990716
v -0.998315 0.569452 2.993737
v -0.998315 0.498270 2.993737
v -0.996316 0.569452 2.996331
v -0.996316 0.498270 2.996331
v -0.993711 0.569452 2.998322
v -0.993711 0.498270 2.998322
v -0.990677 0.569452 2.999573
v -0.990677 0.498270 2.999573
v -0.987421 0.000000 3.000000
v -0.990677 0.427089 2.999573
v -0.990677 0.355907 2.999573
v -0.993711 0.355907 2.998322
v -0.993711 0.284726 2.998322
v -0.996316 0.284726 2.996331
v -0.996316 0.213545 2.996331
v -0.998315 0.213545 2.993737
v -0.998315 0.142363 2.993737
v -0.999572 0.142363 2.990716
v -0.999572 0.071182 2.990716
v -0.999572 0.000000 2.990716
v -0.993711 1.138903 2.998321
v -0.996316 1.138903 2.996331
v -0.998315 1.138903 2.993737
v -0.999572 1.138903 2.990715
v -0.998315 0.071182 2.993737
v -0.998315 0.000000 2.993737
v -0.996316 0.071182 2.996331
v -0.996316 0.000000 2.996331
v -0.993711 0.071182 2.998322
v -0.993711 0.000000 2.998322
v -0.990677 0.071182 2.999573
v -0.990677 0.000000 2.999573
v -0.990677 0.640633 2.999573
v -0.993711 0.640633 2.998322
v -0.996316 0.640633 2.996331
v -0.998315 0.640633 2.993737
v -0.993711 1.067722 2.998321
v -0.996316 1.067722 2.996331
v -0.998315 1.067722 2.993737
v -0.999572 1.067722 2.990715
v -0.990677 0.925359 2.999573
v -0.990677 0.854177 2.999573
v -0.990677 0.782996 2.999573
v -0.993711 0.782996 2.998322
v -0.993711 0.711815 2.998322
v -0.996316 0.711815 2.996331
v -0.993711 0.854177 2.998322
v -0.990677 0.711815 2.999573
v -0.993711 0.427089 2.998322
v -0.996316 0.427089 2.996331
v -0.998315 0.427089 2.993737
v -0.999572 0.427089 2.990716
v -0.990677 0.284726 2.999573
v -0.990677 0.213545 2.999573
v -0.990677 0.142363 2.999573
v -0.993711 0.142363 2.998322
v -0.993711 0.213545 2.998322
v -0.996316 0.996540 2.996331
v -0.998315 0.925359 2.993737
v -0.999572 0.854177 2.990716
v -0.996316 0.782996 2.996331
v -0.996316 0.355907 2.996331
v -0.998315 0.284726 2.993737
v -0.999572 0.213545 2.990716
v -0.996316 0.142363 2.996331
v -0.998315 0.996540 2.993737
v -0.999572 0.996540 2.990716
v -0.998315 0.711815 2.993737
v -0.998315 0.355907 2.993737
v -0.999572 0.355907 2.990716
v -0.999572 0.925359 2.990716
v -0.999572 0.284726 2.990716
v 0.990677 1.138902 -2.999573
v 0.990677 1.067721 -2.999573
v 0.990677 0.996539 -2.999573
v 0.993711 0.996539 -2.998322
v 0.993711 0.925358 -2.998322
v 0.996316 0.925358 -2.996331
v 0.996316 0.854177 -2.996331
v 0.998315 0.854177 -2.993737
v 0.998315 0.782995 -2.993737
v 0.999572 0.782995 -2.990716
v 0.999572 0.711814 -2.990716
v 0.999572 0.640632 -2.990716
v 1.000000 -0.000000 -2.987474
v 0.999572 0.569451 -2.990716
v 0.999572 0.498270 -2.990716
v 0.998315 0.569451 -2.993737
v 0.998315 0.498270 -2.993737
v 0.996316 0.569451 -2.996331
v 0.996316 0.498270 -2.996331
v 0.993711 0.569451 -2.998322
v 0.993711 0.498270 -2.998322
v 0.990677 0.569451 -2.999573
v 0.990677 0.498270 -2.999573
v 0.987421 -0.000000 -3.000000
v 0.990677 0.427088 -2.999573
v 0.990677 0.355907 -2.999573
v 0.993711 0.355907 -2.998322
v 0.993711 0.284725 -2.998322
v 0.996316 0.284725 -2.996331
v 0.996316 0.213544 -2.996331
v 0.998315 0.213544 -2.993737
v 0.998315 0.142362 -2.993737
v 0.999572 0.142362 -2.990716
v 0.999572 0.071181 -2.990716
v 0.999572 -0.000000 -2.990716
v 0.993711 1.138902 -2.998322
v 0.996316 1.138902 -2.996331
v 0.998315 1.138902 -2.993737
v 0.999572 1.138902 -2.990716
v 0.998315 0.071181 -2.993737
v 0.998315 -0.000000 -2.993737
v 0.996316 0.071181 -2.996331
v 0.996316 -0.000000 -2.996331
v 0.993711 0.071181 -2.998322
v 0.993711 -0.000000 -2.998322
v 0.990677 0.071181 -2.999573
v 0.990677 -0.000000 -2.999573
v 0.990677 0.640632 -2.999573
v 0.993711 0.640632 -2.998322
v 0.996316 0.640632 -2.996331
v 0.998315 0.640632 -2.993737
v 0.993711 1.067721 -2.998322
v 0.996316 1.067721 -2.996331
v 0.998315 1.067721 -2.993737
v 0.999572 1.067721 -2.990716
v 0.990677 0.925358 -2.999573
v 0.990677 0.854177 -2.999573
v 0.990677 0.782995 -2.999573
v 0.993711 0.782995 -2.998322
v 0.993711 0.711814 -2.998322
v 0.996316 0.711814 -2.996331
v 0.993711 0.854177 -2.998322
v 0.990677 0.711814 -2.999573
v 0.993711 0.427088 -2.998322
v 0.996316 0.427088 -2.996331
v 0.998315 0.427088 -2.993737
v 0.999572 0.427088 -2.990716
v 0.990677 0.284725 -2.999573
v 0.990677 0.213544 -2.999573
v 0.990677 0.142362 -2.999573
v 0.993711 0.142362 -2.998322
v 0.993711 0.213544 -2.998322
v 0.996316 0.996539 -2.996331
v 0.998315 0.925358 -2.993737
v 0.999572 0.854177 -2.990716
v 0.996316 0.782995 -2.996331
v 0.996316 0.355907 -2.996331
v 0.998315 0.284725 -2.993737
v 0.999572 0.213544 -2.990716
v 0.996316 0.142362 -2.996331
v 0.998315 0.996539 -2.993737
v 0.999572 0.996539 -2.990716
v 0.998315 0.711814 -2.993737
v 0.998315 0.355907 -2.993737
v 0.999572 0.355907 -2.990716
v 0.999572 0.925358 -2.990716
v 0.999572 0.284725 -2.990716
v 1.000000 0.000000 2.987474
v 0.999572 1.138903 2.990715
v 0.999572 1.067722 2.990715
v 0.999572 0.996540 2.990716
v 0.998315 0.996540 2.993737
v 0.998315 0.925359 2.993737
v 0.996316 0.925359 2.996331
v 0.996316 0.854177 2.996331
v 0.993711 0.854177 2.998322
v 0.993711 0.782996 2.998322
v 0.990677 0.782996 2.999573
v 0.990677 0.711815 2.999573
v 0.990677 0.640633 2.999573
v 0.987421 0.000000 3.000000
v 0.990677 0.569452 2.999573
v 0.990677 0.498270 2.999573
v 0.993711 0.569452 2.998322
v 0.993711 0.498270 2.998322
v 0.996316 0.569452 2.996331
v 0.996316 0.498270 2.996331
v 0.998315 0.569452 2.993737
v 0.998315 0.498270 2.993737
v 0.999572 0.569452 2.990716
v 0.999572 0.498270 2.990716
v 0.999572 0.427089 2.990716
v 0.999572 0.355907 2.990716
v 0.998315 0.355907 2.993737
v 0.998315 0.284726 2.993737
v 0.996316 0.284726 2.996331
v 0.996316 0.213545 2.996331
v 0.993711 0.213545 2.998322
v 0.993711 0.142363 2.998322
v 0.990677 0.142363 2.999573
v 0.990677 0.071182 2.999573
v 0.990677 0.000000 2.999573
v 0.998315 1.138903 2.993737
v 0.996316 1.138903 2.996331
v 0.993711 1.138903 2.998321
v 0.990677 1.138903 2.999573
v 0.993711 0.071182 2.998322
v 0.993711 0.000000 2.998322
v 0.996316 0.071182 2.996331
v 0.996316 0.000000 2.996331
v 0.998315 0.071182 2.993737
v 0.998315 0.000000 2.993737
v 0.999572 0.071182 2.990716
v 0.999572 0.000000 2.990716
v 0.999572 0.640633 2.990716
v 0.998315 0.640633 2.993737
v 0.996316 0.640633 2.996331
v 0.993711 0.640633 2.998322
v 0.998315 1.067722 2.993737
v 0.996316 1.067722 2.996331
v 0.993711 1.067722 2.998321
v 0.990677 1.067722 2.999573
v 0.999572 0.925359 2.990716
v 0.999572 0.854177 2.990716
v 0.999572 0.782996 2.990716
v 0.998315 0.782996 2.993737
v 0.998315 0.711815 2.993737
v 0.996316 0.711815 2.996331
v 0.998315 0.854177 2.993737
v 0.999572 0.711815 2.990716
v 0.998315 0.427089 2.993737
v 0.996316 0.427089 2.996331
v 0.993711 0.427089 2.998322
v 0.990677 0.427089 2.999573
v 0.999572 0.284726 2.990716
v 0.999572 0.213545 2.990716
v 0.999572 0.142363 2.990716
v 0.998315 0.142363 2.993737
v 0.998315 0.213545 2.993737
v 0.996316 0.996540 2.996331
v 0.993711 0.925359 2.998322
v 0.990677 0.854177 2.999573
v 0.996316 0.782996 2.996331
v 0.996316 0.355907 2.996331
v 0.993711 0.284726 2.998322
v 0.990677 0.213545 2.999573
v 0.996316 0.142363 2.996331
v 0.993711 0.996540 2.998322
v 0.990677 0.996540 2.999573
v 0.993711 0.711815 2.998322
v 0.993711 0.355907 2.998322
v 0.990677 0.355907 2.999573
v 0.990677 0.925359 2.999573
v 0.990677 0.284726 2.999573
v -0.335642 0.000000 1.952549
v -0.335642 1.115547 1.952548
v -0.339623 0.000000 2.004175
v -0.339623 1.115547 2.004175
v -0.335642 0.000000 2.055802
v -0.335642 1.115547 2.055802
v -0.323795 0.000000 2.106219
v -0.323795 1.115547 2.106218
v -0.304358 0.000000 2.154243
v -0.304358 1.115547 2.154243
v -0.277787 0.000000 2.198750
v -0.277787 1.115547 2.198750
v -0.244705 0.000000 2.238697
v -0.244705 1.115547 2.238697
v -0.205888 0.000000 2.273147
v -0.205888 1.115547 2.273147
v -0.162244 0.000000 2.301292
v -0.162244 1.115547 2.301292
v -0.114798 0.000000 2.322473
v -0.114798 1.115547 2.322473
v -0.064661 0.000000 2.336193
v -0.064661 1.115547 2.336193
v -0.013008 0.000000 2.342132
v -0.013008 1.115547 2.342131
v 0.038949 0.000000 2.340148
v 0.038949 1.115547 2.340148
v 0.089994 0.000000 2.330290
v 0.089994 1.115547 2.330290
v 0.138929 0.000000 2.312788
v 0.138929 1.115547 2.312788
v 0.184608 0.000000 2.288052
v 0.184608 1.115547 2.288052
v 0.225960 0.000000 2.256663
v 0.225960 1.115547 2.256663
v 0.262015 0.000000 2.219355
v 0.262015 1.115547 2.219355
v 0.291929 0.000000 2.177004
v 0.291929 1.115547 2.177004
v 0.315001 0.000000 2.130602
v 0.315001 1.115547 2.130602
v 0.330689 0.000000 2.081236
v 0.330689 1.115547 2.081236
v 0.338626 0.000000 2.030064
v 0.338626 1.115547 2.030064
v 0.338626 0.000000 1.978286
v 0.338626 1.115547 1.978286
v 0.330689 0.000000 1.927114
v 0.330689 1.115547 1.927114
v 0.315001 0.000000 1.877749
v 0.315001 1.115547 1.877748
v 0.291929 0.000000 1.831346
v 0.291929 1.115547 1.831346
v 0.262015 0.000000 1.788995
v 0.262015 1.115547 1.788995
v 0.225960 0.000000 1.751688
v 0.225960 1.115547 1.751687
v 0.184608 0.000000 1.720298
v 0.184608 1.115547 1.720298
v 0.138929 0.000000 1.695562
v 0.138929 1.115547 1.695562
v 0.089994 0.000000 1.678060
v 0.089994 1.115547 1.678060
v 0.038949 0.000000 1.668202
v 0.038949 1.115547 1.668202
v -0.013008 0.000000 1.666219
v -0.013008 1.115547 1.666219
v -0.064661 0.000000 1.672157
v -0.064661 1.115547 1.672157
v -0.114798 0.000000 1.685877
v -0.114798 1.115547 1.685877
v -0.162244 0.000000 1.707058
v -0.162244 1.115547 1.707058
v -0.205888 0.000000 1.735204
v -0.205888 1.115547 1.735203
v -0.244705 0.000000 1.769653
v -0.244705 1.115547 1.769653
v -0.277787 0.000000 1.809600
v -0.277787 1.115547 1.809600
v -0.304358 0.000000 1.854107
v -0.304358 1.115547 1.854107
v -0.323795 0.000000 1.902132
v -0.323795 1.115547 1.902132
v -0.411055 0.000000 2.061704
v -0.411055 1.115547 2.061704
v -0.415094 0.000000 2.004175
v -0.415094 1.115547 2.004175
v -0.411055 0.000000 1.946646
v -0.411055 1.115547 1.946646
v -0.399014 0.000000 1.890237
v -0.399014 1.115547 1.890237
v -0.379208 0.000000 1.836046
v -0.379208 1.115547 1.836046
v -0.352020 0.000000 1.785127
v -0.352020 1.115547 1.785127
v -0.317981 0.000000 1.738472
v -0.317981 1.115547 1.738472
v -0.277752 0.000000 1.696988
v -0.277752 1.115547 1.696988
v -0.232118 0.000000 1.661483
v -0.232118 1.115547 1.661483
v -0.181965 0.000000 1.632649
v -0.181965 1.115547 1.632648
v -0.128271 0.000000 1.611045
v -0.128271 1.115547 1.611045
v -0.072080 0.000000 1.597094
v -0.072080 1.115547 1.597094
v -0.014487 0.000000 1.591066
v -0.014487 1.115547 1.591066
v 0.043389 0.000000 1.593078
v 0.043389 1.115547 1.593078
v 0.100420 0.000000 1.603093
v 0.100420 1.115547 1.603093
v 0.155497 0.000000 1.620913
v 0.155497 1.115547 1.620913
v 0.207547 0.000000 1.646194
v 0.207547 1.115547 1.646194
v 0.255558 0.000000 1.678442
v 0.255558 1.115547 1.678442
v 0.298594 0.000000 1.717030
v 0.298594 1.115547 1.717030
v 0.335818 0.000000 1.761208
v 0.335818 1.115547 1.761207
v 0.366507 0.000000 1.810114
v 0.366507 1.115547 1.810114
v 0.390061 0.000000 1.862797
v 0.390061 1.115547 1.862797
v 0.406024 0.000000 1.918233
v 0.406024 1.115547 1.918232
v 0.414083 0.000000 1.975341
v 0.414083 1.115547 1.975340
v 0.414083 0.000000 2.033010
v 0.414083 1.115547 2.033010
v 0.406024 0.000000 2.090118
v 0.406024 1.115547 2.090117
v 0.390061 0.000000 2.145553
v 0.390061 1.115547 2.145553
v 0.366507 0.000000 2.198236
v 0.366507 1.115547 2.198236
v 0.335818 0.000000 2.247143
v 0.335818 1.115547 2.247143
v 0.298594 0.000000 2.291320
v 0.298594 1.115547 2.291320
v 0.255558 0.000000 2.329908
v 0.255558 1.115547 2.329908
v 0.207547 0.000000 2.362156
v 0.207547 1.115547 2.362156
v 0.155497 0.000000 2.387437
v 0.155497 1.115547 2.387437
v 0.100420 0.000000 2.405258
v 0.100420 1.115547 2.405258
v 0.043389 0.000000 2.415272
v 0.043389 1.115547 2.415272
v -0.014487 0.000000 2.417284
v -0.014487 1.115547 2.417284
v -0.072080 0.000000 2.411257
v -0.072080 1.115547 2.411256
v -0.128271 0.000000 2.397305
v -0.128271 1.115547 2.397305
v -0.181965 0.000000 2.375702
v -0.181965 1.115547 2.375701
v -0.232118 0.000000 2.346867
v -0.232118 1.115547 2.346867
v -0.277752 0.000000 2.311362
v -0.277752 1.115547 2.311362
v -0.317981 0.000000 2.269879
v -0.317981 1.115547 2.269878
v -0.352020 0.000000 2.223223
v -0.352020 1.115547 2.223223
v -0.379208 0.000000 2.172304
v -0.379208 1.115547 2.172304
v -0.399014 0.000000 2.118113
v -0.399014 1.115547 2.118113
v -0.411055 1.115546 1.059616
v -0.792453 1.115546 1.471816
v -0.415094 1.115546 1.002087
v -0.792453 1.115546 0.532359
v -0.411055 1.115546 0.944559
v -0.399014 1.115546 0.888150
v -0.399014 1.115546 0.113938
v -0.379208 1.115546 0.168129
v -0.399014 1.115546 1.116025
v -0.792453 1.115547 1.534446
v -0.379208 1.115546 1.170217
v -0.352020 1.115546 1.221135
v -0.317981 1.115546 1.267791
v -0.277752 1.115546 1.309275
v -0.232118 1.115546 1.344779
v -0.181965 1.115546 1.373614
v -0.128271 1.115546 1.395217
v -0.072080 1.115546 1.409169
v -0.014487 1.115546 1.415197
v 0.043389 1.115546 1.413184
v 0.100420 1.115546 1.403170
v 0.155497 1.115546 1.385349
v 0.207547 1.115546 1.360069
v 0.255558 1.115546 1.327820
v 0.298594 1.115546 1.289232
v 0.335818 1.115546 1.245055
v 0.366507 1.115546 1.196149
v 0.390061 1.115546 1.143465
v 0.406024 1.115546 1.088030
v 0.792453 1.115547 1.534446
v 0.792453 1.115547 2.473903
v 0.534591 1.115547 2.793319
v 0.792453 1.115547 2.536534
v 0.534591 1.115547 2.906054
v 0.905660 1.115547 2.906054
v 0.905660 1.115547 2.536534
v 0.792453 1.115546 1.471816
v 0.414083 1.115546 1.030922
v 0.792453 1.115546 0.532359
v 0.414083 1.115546 0.973253
v 0.406024 1.115546 0.916145
v 0.406024 1.115546 0.085942
v 0.390061 1.115546 0.860710
v 0.390061 1.115546 0.141378
v 0.366507 1.115546 0.808026
v 0.366507 1.115546 0.194061
v 0.335818 1.115546 0.759120
v 0.335818 1.115546 0.242967
v 0.298594 1.115546 0.714943
v 0.298594 1.115546 0.287145
v 0.255558 1.115546 0.676354
v 0.255558 1.115546 0.325733
v 0.207547 1.115546 0.644106
v 0.207547 1.115546 0.357981
v 0.155497 1.115546 0.618826
v 0.155497 1.115546 0.383262
v 0.100420 1.115546 0.601005
v 0.100420 1.115546 0.401082
v 0.043389 1.115546 0.590991
v 0.043389 1.115546 0.411097
v -0.014487 1.115546 0.588978
v -0.014487 1.115546 0.413109
v -0.072080 1.115546 0.595006
v -0.072080 1.115546 0.407081
v -0.128271 1.115546 0.608958
v -0.128271 1.115546 0.393130
v -0.181965 1.115546 0.630561
v -0.181965 1.115546 0.371526
v -0.232118 1.115546 0.659396
v -0.232118 1.115546 0.342692
v -0.277752 1.115546 0.694900
v -0.277752 1.115546 0.307187
v -0.317981 1.115546 0.736384
v -0.317981 1.115546 0.265703
v -0.352020 1.115546 0.783039
v -0.352020 1.115546 0.219048
v -0.379208 1.115546 0.833958
v -0.411055 1.115546 -0.944559
v -0.792453 1.115546 -0.532359
v -0.415094 1.115546 -1.002088
v -0.792453 1.115546 -1.471816
v -0.411055 1.115546 -1.059616
v -0.399014 1.115546 -1.116025
v -0.399014 1.115546 -1.890238
v -0.379208 1.115546 -1.836046
v -0.399014 1.115546 -0.888150
v -0.792453 1.115546 -0.469729
v -0.399014 1.115546 -0.113938
v -0.411055 1.115546 -0.057529
v -0.379208 1.115546 -0.833959
v -0.379208 1.115546 -0.168129
v -0.352020 1.115546 -0.783040
v -0.352020 1.115546 -0.219048
v -0.317981 1.115546 -0.736384
v -0.317981 1.115546 -0.265704
v -0.277752 1.115546 -0.694901
v -0.277752 1.115546 -0.307187
v -0.232118 1.115546 -0.659396
v -0.232118 1.115546 -0.342692
v -0.181965 1.115546 -0.630561
v -0.181965 1.115546 -0.371527
v -0.128271 1.115546 -0.608958
v -0.128271 1.115546 -0.393130
v -0.072080 1.115546 -0.595006
v -0.072080 1.115546 -0.407081
v -0.014487 1.115546 -0.588978
v -0.014487 1.115546 -0.413109
v 0.043389 1.115546 -0.590991
v 0.043389 1.115546 -0.411097
v 0.100420 1.115546 -0.601005
v 0.100420 1.115546 -0.401083
v 0.155497 1.115546 -0.618826
v 0.155497 1.115546 -0.383262
v 0.207547 1.115546 -0.644106
v 0.207547 1.115546 -0.357981
v 0.255558 1.115546 -0.676355
v 0.255558 1.115546 -0.325733
v 0.298594 1.115546 -0.714943
v 0.298594 1.115546 -0.287145
v 0.335818 1.115546 -0.759120
v 0.335818 1.115546 -0.242968
v 0.366507 1.115546 -0.808026
v 0.366507 1.115546 -0.194061
v 0.390061 1.115546 -0.860710
v 0.390061 1.115546 -0.141378
v 0.406024 1.115546 -0.916145
v 0.406024 1.115546 -0.085943
v 0.792453 1.115546 -0.469729
v 0.414083 1.115546 -0.028835
v 0.414083 1.115546 0.028834
v 0.792453 1.115546 0.469728
v 0.792453 1.115546 -0.532359
v 0.414083 1.115546 -0.973253
v 0.792453 1.115546 -1.471816
v 0.414083 1.115546 -1.030922
v 0.406024 1.115546 -1.088030
v 0.406024 1.115546 -1.918233
v 0.390061 1.115546 -1.143466
v 0.390061 1.115546 -1.862797
v 0.366507 1.115546 -1.196149
v 0.366507 1.115546 -1.810114
v 0.335818 1.115546 -1.245055
v 0.335818 1.115546 -1.761208
v 0.298594 1.115546 -1.289232
v 0.298594 1.115546 -1.717031
v 0.255558 1.115546 -1.327821
v 0.255558 1.115546 -1.678442
v 0.207547 1.115546 -1.360069
v 0.207547 1.115546 -1.646194
v 0.155497 1.115546 -1.385350
v 0.155497 1.115546 -1.620914
v 0.100420 1.115546 -1.403170
v 0.100420 1.115546 -1.603093
v 0.043389 1.115546 -1.413184
v 0.043389 1.115546 -1.593079
v -0.014487 1.115546 -1.415197
v -0.014487 1.115546 -1.591066
v -0.072080 1.115546 -1.409169
v -0.072080 1.115546 -1.597094
v -0.128271 1.115546 -1.395218
v -0.128271 1.115546 -1.611045
v -0.181965 1.115546 -1.373614
v -0.181965 1.115546 -1.632649
v -0.232118 1.115546 -1.344780
v -0.232118 1.115546 -1.661483
v -0.277752 1.115546 -1.309275
v -0.277752 1.115546 -1.696988
v -0.317981 1.115546 -1.267791
v -0.317981 1.115546 -1.738472
v -0.352020 1.115546 -1.221136
v -0.352020 1.115546 -1.785127
v -0.379208 1.115546 -1.170217
v 0.471698 1.115547 2.793319
v 0.471698 1.115547 2.906054
v -0.471698 1.115547 2.906054
v -0.471698 1.115547 2.793319
v -0.534591 1.115547 2.793319
v -0.792453 1.115547 2.473903
v -0.792453 1.115547 2.536534
v -0.534591 1.115547 2.906054
v -0.905660 1.115547 2.906054
v -0.905660 1.115547 2.536534
v -0.905660 1.115547 2.473903
v -0.905660 1.115547 1.534446
v -0.905660 1.115546 1.471816
v -0.905660 1.115546 0.532359
v -0.792453 1.115546 0.469728
v -0.411055 1.115546 0.057529
v -0.415094 1.115546 -0.000000
v -0.905660 1.115546 0.469728
v -0.905660 1.115546 -0.469729
v -0.905660 1.115546 -0.532359
v -0.905660 1.115546 -1.471816
v -0.792453 1.115546 -1.534447
v -0.411055 1.115546 -1.946647
v -0.415094 1.115546 -2.004175
v -0.792453 1.115546 -2.473904
v -0.411055 1.115546 -2.061704
v -0.534591 1.115546 -2.793319
v -0.399014 1.115546 -2.118113
v -0.471698 1.115546 -2.793319
v -0.379208 1.115546 -2.172305
v -0.352020 1.115546 -2.223223
v -0.317981 1.115546 -2.269879
v -0.277752 1.115546 -2.311363
v -0.471698 1.115546 -2.906054
v -0.232118 1.115546 -2.346867
v -0.181965 1.115546 -2.375702
v -0.128271 1.115546 -2.397305
v -0.072080 1.115546 -2.411257
v -0.014487 1.115546 -2.417285
v 0.471698 1.115546 -2.906054
v 0.043389 1.115546 -2.415272
v 0.100420 1.115546 -2.405258
v 0.155497 1.115546 -2.387437
v 0.207547 1.115546 -2.362157
v 0.255558 1.115546 -2.329908
v 0.471698 1.115546 -2.793319
v 0.298594 1.115546 -2.291320
v 0.335818 1.115546 -2.247143
v 0.366507 1.115546 -2.198237
v 0.390061 1.115546 -2.145553
v 0.406024 1.115546 -2.090118
v 0.534591 1.115546 -2.793319
v 0.414083 1.115546 -2.033010
v 0.792453 1.115546 -2.473904
v 0.414083 1.115546 -1.975341
v 0.792453 1.115546 -1.534447
v -0.905660 1.115546 -1.534447
v -0.905660 1.115546 -2.473904
v -0.792453 1.115546 -2.536535
v -0.534591 1.115546 -2.906054
v -0.905660 1.115546 -2.906054
v -0.905660 1.115546 -2.536535
v 0.792453 1.115546 -2.536535
v 0.534591 1.115546 -2.906054
v 0.905660 1.115546 -2.906054
v 0.905660 1.115546 -2.536535
v 0.905660 1.115546 -2.473904
v 0.905660 1.115546 -1.534447
v 0.905660 1.115546 -1.471816
v 0.905660 1.115546 -0.532359
v 0.905660 1.115546 -0.469729
v 0.905660 1.115546 0.469728
v 0.905660 1.115546 0.532359
v 0.905660 1.115546 1.471816
v 0.905660 1.115547 1.534446
v 0.905660 1.115547 2.473903
v -0.335642 0.000000 0.950461
v -0.335642 1.115546 0.950461
v -0.339623 0.000000 1.002088
v -0.339623 1.115546 1.002087
v -0.335642 0.000000 1.053714
v -0.335642 1.115546 1.053714
v -0.323795 0.000000 1.104131
v -0.323795 1.115546 1.104131
v -0.304358 0.000000 1.152156
v -0.304358 1.115546 1.152156
v -0.277787 0.000000 1.196663
v -0.277787 1.115546 1.196663
v -0.244705 0.000000 1.236610
v -0.244705 1.115546 1.236609
v -0.205888 0.000000 1.271059
v -0.205888 1.115546 1.271059
v -0.162244 0.000000 1.299204
v -0.162244 1.115546 1.299204
v -0.114798 0.000000 1.320385
v -0.114798 1.115546 1.320385
v -0.064661 0.000000 1.334106
v -0.064661 1.115546 1.334106
v -0.013008 0.000000 1.340044
v -0.013008 1.115546 1.340044
v 0.038949 0.000000 1.338061
v 0.038949 1.115546 1.338060
v 0.089994 0.000000 1.328202
v 0.089994 1.115546 1.328202
v 0.138929 0.000000 1.310700
v 0.138929 1.115546 1.310700
v 0.184608 0.000000 1.285965
v 0.184608 1.115546 1.285965
v 0.225960 0.000000 1.254575
v 0.225960 1.115546 1.254575
v 0.262015 0.000000 1.217268
v 0.262015 1.115546 1.217268
v 0.291929 0.000000 1.174916
v 0.291929 1.115546 1.174916
v 0.315001 0.000000 1.128514
v 0.315001 1.115546 1.128514
v 0.330689 0.000000 1.079149
v 0.330689 1.115546 1.079149
v 0.338626 0.000000 1.027977
v 0.338626 1.115546 1.027977
v 0.338626 0.000000 0.976198
v 0.338626 1.115546 0.976198
v 0.330689 0.000000 0.925027
v 0.330689 1.115546 0.925026
v 0.315001 0.000000 0.875661
v 0.315001 1.115546 0.875661
v 0.291929 0.000000 0.829259
v 0.291929 1.115546 0.829259
v 0.262015 0.000000 0.786907
v 0.262015 1.115546 0.786907
v 0.225960 0.000000 0.749600
v 0.225960 1.115546 0.749600
v 0.184608 0.000000 0.718210
v 0.184608 1.115546 0.718210
v 0.138929 0.000000 0.693475
v 0.138929 1.115546 0.693475
v 0.089994 0.000000 0.675973
v 0.089994 1.115546 0.675973
v 0.038949 0.000000 0.666114
v 0.038949 1.115546 0.666114
v -0.013008 0.000000 0.664131
v -0.013008 1.115546 0.664131
v -0.064661 0.000000 0.670069
v -0.064661 1.115546 0.670069
v -0.114798 0.000000 0.683790
v -0.114798 1.115546 0.683790
v -0.162244 0.000000 0.704971
v -0.162244 1.115546 0.704971
v -0.205888 0.000000 0.733116
v -0.205888 1.115546 0.733116
v -0.244705 0.000000 0.767566
v -0.244705 1.115546 0.767565
v -0.277787 0.000000 0.807512
v -0.277787 1.115546 0.807512
v -0.304358 0.000000 0.852020
v -0.304358 1.115546 0.852019
v -0.323795 0.000000 0.900044
v -0.323795 1.115546 0.900044
v -0.411055 0.000000 1.059616
v -0.415094 0.000000 1.002088
v -0.411055 0.000000 0.944559
v -0.399014 0.000000 0.888150
v -0.379208 0.000000 0.833959
v -0.352020 0.000000 0.783040
v -0.317981 0.000000 0.736384
v -0.277752 0.000000 0.694900
v -0.232118 0.000000 0.659396
v -0.181965 0.000000 0.630561
v -0.128271 0.000000 0.608958
v -0.072080 0.000000 0.595006
v -0.014487 0.000000 0.588978
v 0.043389 0.000000 0.590991
v 0.100420 0.000000 0.601005
v 0.155497 0.000000 0.618826
v 0.207547 0.000000 0.644106
v 0.255558 0.000000 0.676355
v 0.298594 0.000000 0.714943
v 0.335818 0.000000 0.759120
v 0.366507 0.000000 0.808026
v 0.390061 0.000000 0.860710
v 0.406024 0.000000 0.916145
v 0.414083 0.000000 0.973253
v 0.414083 0.000000 1.030922
v 0.406024 0.000000 1.088030
v 0.390061 0.000000 1.143466
v 0.366507 0.000000 1.196149
v 0.335818 0.000000 1.245055
v 0.298594 0.000000 1.289232
v 0.255558 0.000000 1.327821
v 0.207547 0.000000 1.360069
v 0.155497 0.000000 1.385349
v 0.100420 0.000000 1.403170
v 0.043389 0.000000 1.413184
v -0.014487 0.000000 1.415197
v -0.072080 0.000000 1.409169
v -0.128271 0.000000 1.395217
v -0.181965 0.000000 1.373614
v -0.232118 0.000000 1.344779
v -0.277752 0.000000 1.309275
v -0.317981 0.000000 1.267791
v -0.352020 0.000000 1.221136
v -0.379208 0.000000 1.170217
v -0.399014 0.000000 1.116025
v -0.335642 -0.000000 -0.051627
v -0.335642 1.115546 -0.051627
v -0.339623 0.000000 0.000000
v -0.339623 1.115546 -0.000000
v -0.335642 0.000000 0.051627
v -0.335642 1.115546 0.051627
v -0.323795 0.000000 0.102043
v -0.323795 1.115546 0.102043
v -0.304358 0.000000 0.150068
v -0.304358 1.115546 0.150068
v -0.277787 0.000000 0.194575
v -0.277787 1.115546 0.194575
v -0.244705 0.000000 0.234522
v -0.244705 1.115546 0.234522
v -0.205888 0.000000 0.268972
v -0.205888 1.115546 0.268972
v -0.162244 0.000000 0.297117
v -0.162244 1.115546 0.297117
v -0.114798 0.000000 0.318298
v -0.114798 1.115546 0.318298
v -0.064661 0.000000 0.332018
v -0.064661 1.115546 0.332018
v -0.013008 0.000000 0.337956
v -0.013008 1.115546 0.337956
v 0.038949 0.000000 0.335973
v 0.038949 1.115546 0.335973
v 0.089994 0.000000 0.326115
v 0.089994 1.115546 0.326115
v 0.138929 0.000000 0.308613
v 0.138929 1.115546 0.308613
v 0.184608 0.000000 0.283877
v 0.184608 1.115546 0.283877
v 0.225960 0.000000 0.252488
v 0.225960 1.115546 0.252488
v 0.262015 0.000000 0.215180
v 0.262015 1.115546 0.215180
v 0.291929 0.000000 0.172829
v 0.291929 1.115546 0.172829
v 0.315001 0.000000 0.126427
v 0.315001 1.115546 0.126427
v 0.330689 0.000000 0.077061
v 0.330689 1.115546 0.077061
v 0.338626 0.000000 0.025889
v 0.338626 1.115546 0.025889
v 0.338626 -0.000000 -0.025889
v 0.338626 1.115546 -0.025889
v 0.330689 -0.000000 -0.077061
v 0.330689 1.115546 -0.077061
v 0.315001 -0.000000 -0.126427
v 0.315001 1.115546 -0.126427
v 0.291929 -0.000000 -0.172829
v 0.291929 1.115546 -0.172829
v 0.262015 -0.000000 -0.215180
v 0.262015 1.115546 -0.215180
v 0.225960 -0.000000 -0.252488
v 0.225960 1.115546 -0.252488
v 0.184608 -0.000000 -0.283877
v 0.184608 1.115546 -0.283877
v 0.138929 -0.000000 -0.308613
v 0.138929 1.115546 -0.308613
v 0.089994 -0.000000 -0.326115
v 0.089994 1.115546 -0.326115
v 0.038949 -0.000000 -0.335973
v 0.038949 1.115546 -0.335973
v -0.013008 -0.000000 -0.337956
v -0.013008 1.115546 -0.337957
v -0.064661 -0.000000 -0.332018
v -0.064661 1.115546 -0.332018
v -0.114798 -0.000000 -0.318298
v -0.114798 1.115546 -0.318298
v -0.162244 -0.000000 -0.297117
v -0.162244 1.115546 -0.297117
v -0.205888 -0.000000 -0.268972
v -0.205888 1.115546 -0.268972
v -0.244705 -0.000000 -0.234522
v -0.244705 1.115546 -0.234522
v -0.277787 -0.000000 -0.194575
v -0.277787 1.115546 -0.194576
v -0.304358 -0.000000 -0.150068
v -0.304358 1.115546 -0.150068
v -0.323795 -0.000000 -0.102043
v -0.323795 1.115546 -0.102043
v -0.411055 0.000000 0.057529
v -0.415094 0.000000 0.000000
v -0.411055 -0.000000 -0.057529
v -0.399014 -0.000000 -0.113938
v -0.379208 -0.000000 -0.168129
v -0.352020 -0.000000 -0.219048
v -0.317981 -0.000000 -0.265703
v -0.277752 -0.000000 -0.307187
v -0.232118 -0.000000 -0.342692
v -0.181965 -0.000000 -0.371527
v -0.128271 -0.000000 -0.393130
v -0.072080 -0.000000 -0.407081
v -0.014487 -0.000000 -0.413109
v 0.043389 -0.000000 -0.411097
v 0.100420 -0.000000 -0.401083
v 0.155497 -0.000000 -0.383262
v 0.207547 -0.000000 -0.357981
v 0.255558 -0.000000 -0.325733
v 0.298594 -0.000000 -0.287145
v 0.335818 -0.000000 -0.242968
v 0.366507 -0.000000 -0.194061
v 0.390061 -0.000000 -0.141378
v 0.406024 -0.000000 -0.085943
v 0.414083 -0.000000 -0.028835
v 0.414083 0.000000 0.028835
v 0.406024 0.000000 0.085943
v 0.390061 0.000000 0.141378
v 0.366507 0.000000 0.194061
v 0.335818 0.000000 0.242968
v 0.298594 0.000000 0.287145
v 0.255558 0.000000 0.325733
v 0.207547 0.000000 0.357981
v 0.155497 0.000000 0.383262
v 0.100420 0.000000 0.401083
v 0.043389 0.000000 0.411097
v -0.014487 0.000000 0.413109
v -0.072080 0.000000 0.407081
v -0.128271 0.000000 0.393130
v -0.181965 0.000000 0.371527
v -0.232118 0.000000 0.342692
v -0.277752 0.000000 0.307187
v -0.317981 0.000000 0.265703
v -0.352020 0.000000 0.219048
v -0.379208 0.000000 0.168129
v -0.399014 0.000000 0.113938
v -0.335642 -0.000000 -1.053714
v -0.335642 1.115546 -1.053714
v -0.339623 -0.000000 -1.002088
v -0.339623 1.115546 -1.002088
v -0.335642 -0.000000 -0.950461
v -0.335642 1.115546 -0.950461
v -0.323795 -0.000000 -0.900044
v -0.323795 1.115546 -0.900044
v -0.304358 -0.000000 -0.852020
v -0.304358 1.115546 -0.852020
v -0.277787 -0.000000 -0.807512
v -0.277787 1.115546 -0.807512
v -0.244705 -0.000000 -0.767566
v -0.244705 1.115546 -0.767566
v -0.205888 -0.000000 -0.733116
v -0.205888 1.115546 -0.733116
v -0.162244 -0.000000 -0.704971
v -0.162244 1.115546 -0.704971
v -0.114798 -0.000000 -0.683790
v -0.114798 1.115546 -0.683790
v -0.064661 -0.000000 -0.670069
v -0.064661 1.115546 -0.670070
v -0.013008 -0.000000 -0.664131
v -0.013008 1.115546 -0.664131
v 0.038949 -0.000000 -0.666114
v 0.038949 1.115546 -0.666115
v 0.089994 -0.000000 -0.675973
v 0.089994 1.115546 -0.675973
v 0.138929 -0.000000 -0.693475
v 0.138929 1.115546 -0.693475
v 0.184608 -0.000000 -0.718210
v 0.184608 1.115546 -0.718210
v 0.225960 -0.000000 -0.749600
v 0.225960 1.115546 -0.749600
v 0.262015 -0.000000 -0.786907
v 0.262015 1.115546 -0.786908
v 0.291929 -0.000000 -0.829259
v 0.291929 1.115546 -0.829259
v 0.315001 -0.000000 -0.875661
v 0.315001 1.115546 -0.875661
v 0.330689 -0.000000 -0.925027
v 0.330689 1.115546 -0.925027
v 0.338626 -0.000000 -0.976198
v 0.338626 1.115546 -0.976198
v 0.338626 -0.000000 -1.027977
v 0.338626 1.115546 -1.027977
v 0.330689 -0.000000 -1.079149
v 0.330689 1.115546 -1.079149
v 0.315001 -0.000000 -1.128514
v 0.315001 1.115546 -1.128514
v 0.291929 -0.000000 -1.174916
v 0.291929 1.115546 -1.174917
v 0.262015 -0.000000 -1.217268
v 0.262015 1.115546 -1.217268
v 0.225960 -0.000000 -1.254575
v 0.225960 1.115546 -1.254575
v 0.184608 -0.000000 -1.285965
v 0.184608 1.115546 -1.285965
v 0.138929 -0.000000 -1.310700
v 0.138929 1.115546 -1.310701
v 0.089994 -0.000000 -1.328202
v 0.089994 1.115546 -1.328203
v 0.038949 -0.000000 -1.338061
v 0.038949 1.115546 -1.338061
v -0.013008 -0.000000 -1.340044
v -0.013008 1.115546 -1.340044
v -0.064661 -0.000000 -1.334106
v -0.064661 1.115546 -1.334106
v -0.114798 -0.000000 -1.320385
v -0.114798 1.115546 -1.320386
v -0.162244 -0.000000 -1.299204
v -0.162244 1.115546 -1.299205
v -0.205888 -0.000000 -1.271059
v -0.205888 1.115546 -1.271059
v -0.244705 -0.000000 -1.236610
v -0.244705 1.115546 -1.236610
v -0.277787 -0.000000 -1.196663
v -0.277787 1.115546 -1.196663
v -0.304358 -0.000000 -1.152156
v -0.304358 1.115546 -1.152156
v -0.323795 -0.000000 -1.104131
v -0.323795 1.115546 -1.104131
v -0.411055 -0.000000 -0.944559
v -0.415094 -0.000000 -1.002088
v -0.411055 -0.000000 -1.059616
v -0.399014 -0.000000 -1.116025
v -0.379208 -0.000000 -1.170217
v -0.352020 -0.000000 -1.221136
v -0.317981 -0.000000 -1.267791
v -0.277752 -0.000000 -1.309275
v -0.232118 -0.000000 -1.344779
v -0.181965 -0.000000 -1.373614
v -0.128271 -0.000000 -1.395217
v -0.072080 -0.000000 -1.409169
v -0.014487 -0.000000 -1.415197
v 0.043389 -0.000000 -1.413184
v 0.100420 -0.000000 -1.403170
v 0.155497 -0.000000 -1.385349
v 0.207547 -0.000000 -1.360069
v 0.255558 -0.000000 -1.327821
v 0.298594 -0.000000 -1.289232
v 0.335818 -0.000000 -1.245055
v 0.366507 -0.000000 -1.196149
v 0.390061 -0.000000 -1.143466
v 0.406024 -0.000000 -1.088030
v 0.414083 -0.000000 -1.030922
v 0.414083 -0.000000 -0.973253
v 0.406024 -0.000000 -0.916145
v 0.390061 -0.000000 -0.860710
v 0.366507 -0.000000 -0.808026
v 0.335818 -0.000000 -0.759120
v 0.298594 -0.000000 -0.714943
v 0.255558 -0.000000 -0.676355
v 0.207547 -0.000000 -0.644106
v 0.155497 -0.000000 -0.618826
v 0.100420 -0.000000 -0.601005
v 0.043389 -0.000000 -0.590991
v -0.014487 -0.000000 -0.588978
v -0.072080 -0.000000 -0.595006
v -0.128271 -0.000000 -0.608958
v -0.181965 -0.000000 -0.630561
v -0.232118 -0.000000 -0.659396
v -0.277752 -0.000000 -0.694900
v -0.317981 -0.000000 -0.736384
v -0.352020 -0.000000 -0.783040
v -0.379208 -0.000000 -0.833959
v -0.399014 -0.000000 -0.888150
v -0.335642 -0.000000 -2.055802
v -0.335642 1.115546 -2.055802
v -0.339623 -0.000000 -2.004175
v -0.339623 1.115546 -2.004175
v -0.335642 -0.000000 -1.952549
v -0.335642 1.115546 -1.952549
v -0.323795 -0.000000 -1.902132
v -0.323795 1.115546 -1.902132
v -0.304358 -0.000000 -1.854107
v -0.304358 1.115546 -1.854107
v -0.277787 -0.000000 -1.809600
v -0.277787 1.115546 -1.809600
v -0.244705 -0.000000 -1.769653
v -0.244705 1.115546 -1.769653
v -0.205888 -0.000000 -1.735204
v -0.205888 1.115546 -1.735204
v -0.162244 -0.000000 -1.707058
v -0.162244 1.115546 -1.707058
v -0.114798 -0.000000 -1.685877
v -0.114798 1.115546 -1.685877
v -0.064661 -0.000000 -1.672157
v -0.064661 1.115546 -1.672157
v -0.013008 -0.000000 -1.666219
v -0.013008 1.115546 -1.666219
v 0.038949 -0.000000 -1.668202
v 0.038949 1.115546 -1.668202
v 0.089994 -0.000000 -1.678060
v 0.089994 1.115546 -1.678060
v 0.138929 -0.000000 -1.695562
v 0.138929 1.115546 -1.695562
v 0.184608 -0.000000 -1.720298
v 0.184608 1.115546 -1.720298
v 0.225960 -0.000000 -1.751688
v 0.225960 1.115546 -1.751688
v 0.262015 -0.000000 -1.788995
v 0.262015 1.115546 -1.788995
v 0.291929 -0.000000 -1.831346
v 0.291929 1.115546 -1.831347
v 0.315001 -0.000000 -1.877749
v 0.315001 1.115546 -1.877749
v 0.330689 -0.000000 -1.927114
v 0.330689 1.115546 -1.927114
v 0.338626 -0.000000 -1.978286
v 0.338626 1.115546 -1.978286
v 0.338626 -0.000000 -2.030064
v 0.338626 1.115546 -2.030065
v 0.330689 -0.000000 -2.081236
v 0.330689 1.115546 -2.081236
v 0.315001 -0.000000 -2.130602
v 0.315001 1.115546 -2.130602
v 0.291929 -0.000000 -2.177004
v 0.291929 1.115546 -2.177004
v 0.262015 -0.000000 -2.219355
v 0.262015 1.115546 -2.219356
v 0.225960 -0.000000 -2.256663
v 0.225960 1.115546 -2.256663
v 0.184608 -0.000000 -2.288052
v 0.184608 1.115546 -2.288053
v 0.138929 -0.000000 -2.312788
v 0.138929 1.115546 -2.312788
v 0.089994 -0.000000 -2.330290
v 0.089994 1.115546 -2.330291
v 0.038949 -0.000000 -2.340148
v 0.038949 1.115546 -2.340149
v -0.013008 -0.000000 -2.342132
v -0.013008 1.115546 -2.342132
v -0.064661 -0.000000 -2.336193
v -0.064661 1.115546 -2.336194
v -0.114798 -0.000000 -2.322473
v -0.114798 1.115546 -2.322473
v -0.162244 -0.000000 -2.301292
v -0.162244 1.115546 -2.301292
v -0.205888 -0.000000 -2.273147
v -0.205888 1.115546 -2.273147
v -0.244705 -0.000000 -2.238697
v -0.244705 1.115546 -2.238698
v -0.277787 -0.000000 -2.198750
v -0.277787 1.115546 -2.198751
v -0.304358 -0.000000 -2.154243
v -0.304358 1.115546 -2.154243
v -0.323795 -0.000000 -2.106219
v -0.323795 1.115546 -2.106219
v -0.411055 -0.000000 -1.946646
v -0.415094 -0.000000 -2.004175
v -0.411055 -0.000000 -2.061704
v -0.399014 -0.000000 -2.118113
v -0.379208 -0.000000 -2.172304
v -0.352020 -0.000000 -2.223223
v -0.317981 -0.000000 -2.269879
v -0.277752 -0.000000 -2.311362
v -0.232118 -0.000000 -2.346867
v -0.181965 -0.000000 -2.375702
v -0.128271 -0.000000 -2.397305
v -0.072080 -0.000000 -2.411257
v -0.014487 -0.000000 -2.417284
v 0.043389 -0.000000 -2.415272
v 0.100420 -0.000000 -2.405258
v 0.155497 -0.000000 -2.387437
v 0.207547 -0.000000 -2.362156
v 0.255558 -0.000000 -2.329908
v 0.298594 -0.000000 -2.291320
v 0.335818 -0.000000 -2.247143
v 0.366507 -0.000000 -2.198236
v 0.390061 -0.000000 -2.145553
v 0.406024 -0.000000 -2.090118
v 0.414083 -0.000000 -2.033010
v 0.414083 -0.000000 -1.975341
v 0.406024 -0.000000 -1.918233
v 0.390061 -0.000000 -1.862797
v 0.366507 -0.000000 -1.810114
v 0.335818 -0.000000 -1.761208
v 0.298594 -0.000000 -1.717030
v 0.255558 -0.000000 -1.678442
v 0.207547 -0.000000 -1.646194
v 0.155497 -0.000000 -1.620913
v 0.100420 -0.000000 -1.603093
v 0.043389 -0.000000 -1.593078
v -0.014487 -0.000000 -1.591066
v -0.072080 -0.000000 -1.597094
v -0.128271 -0.000000 -1.611045
v -0.181965 -0.000000 -1.632649
v -0.232118 -0.000000 -1.661483
v -0.277752 -0.000000 -1.696988
v -0.317981 -0.000000 -1.738472
v -0.352020 -0.000000 -1.785127
v -0.379208 -0.000000 -1.836046
v -0.399014 -0.000000 -1.890237
v 0.471698 0.000000 2.906054
v 0.471698 0.000000 2.793319
v 0.534591 0.000000 2.793319
v 0.534591 0.000000 2.906054
v -0.471698 0.000000 2.906054
v -0.534591 0.000000 2.906054
v -0.534591 0.000000 2.793319
v -0.471698 0.000000 2.793319
v -0.905660 0.000000 2.906054
v 0.534591 -0.000000 -2.906054
v 0.534591 -0.000000 -2.793319
v 0.471698 -0.000000 -2.793319
v 0.471698 -0.000000 -2.906054
v 0.905660 -0.000000 -2.906054
v -0.471698 -0.000000 -2.906054
v -0.471698 -0.000000 -2.793319
v -0.534591 -0.000000 -2.793319
v -0.534591 -0.000000 -2.906054
v -0.792453 0.000000 2.536534
v -0.905660 0.000000 2.536534
v -0.905660 0.000000 2.473904
v -0.792453 0.000000 2.473904
v -0.905660 0.000000 1.534447
v -0.792453 0.000000 1.534447
v -0.905660 0.000000 1.471816
v -0.792453 0.000000 1.471816
v -0.905660 0.000000 0.532359
v -0.792453 0.000000 0.532359
v -0.905660 0.000000 0.469729
v -0.792453 0.000000 0.469729
v -0.905660 -0.000000 -0.469729
v -0.792453 -0.000000 -0.469729
v -0.905660 -0.000000 -0.532359
v -0.792453 -0.000000 -0.532359
v -0.905660 -0.000000 -1.471816
v -0.792453 -0.000000 -1.471816
v -0.905660 -0.000000 -1.534447
v -0.792453 -0.000000 -1.534447
v -0.905660 -0.000000 -2.473904
v -0.792453 -0.000000 -2.473904
v -0.905660 -0.000000 -2.536534
v -0.792453 -0.000000 -2.536534
v -0.905660 -0.000000 -2.906054
v 0.905660 0.000000 2.536534
v 0.792453 0.000000 2.536534
v 0.792453 0.000000 2.473904
v 0.905660 0.000000 2.473904
v 0.905660 0.000000 1.534447
v 0.905660 0.000000 2.906054
v 0.792453 0.000000 1.534447
v 0.792453 0.000000 1.471816
v 0.905660 0.000000 1.471816
v 0.905660 0.000000 0.532359
v 0.792453 0.000000 0.532359
v 0.792453 0.000000 0.469729
v 0.905660 0.000000 0.469729
v 0.905660 -0.000000 -0.469729
v 0.792453 -0.000000 -0.469729
v 0.792453 -0.000000 -0.532359
v 0.905660 -0.000000 -0.532359
v 0.905660 -0.000000 -1.471816
v 0.792453 -0.000000 -1.471816
v 0.792453 -0.000000 -1.534447
v 0.905660 -0.000000 -1.534447
v 0.905660 -0.000000 -2.473904
v 0.792453 -0.000000 -2.473904
v 0.792453 -0.000000 -2.536534
v 0.905660 -0.000000 -2.536534
vn -0.9800 0.1754 -0.0940
vn -0.9879 0.1298 -0.0844
vn -0.9879 0.1298 0.0844
vn -0.9213 0.3808 0.0787
vn -0.7921 0.6066 0.0677
vn -0.7922 0.6066 0.0677
vn -0.6088 0.7916 0.0520
vn -0.6087 0.7917 0.0520
vn -0.3832 0.9231 0.0327
vn -0.3831 0.9231 0.0327
vn -0.1317 0.9912 0.0114
vn -0.1308 0.9913 0.0112
vn -0.1332 0.9910 0.0119
vn -0.1340 0.9909 0.0121
vn -0.9636 0.0891 -0.2520
vn -0.9379 0.2092 -0.2766
vn -0.9090 0.0593 -0.4126
vn -0.8639 0.2317 -0.4472
vn -0.8267 0.0408 -0.5611
vn -0.7612 0.2434 -0.6011
vn -0.7201 0.0336 -0.6931
vn -0.6335 0.2445 -0.7341
vn -0.5926 0.0379 -0.8046
vn -0.4844 0.2352 -0.8426
vn -0.4481 0.0535 -0.8924
vn -0.3182 0.2152 -0.9233
vn -0.2908 0.0803 -0.9534
vn -0.1393 0.1842 -0.9730
vn -0.1256 0.1182 -0.9850
vn 0.0418 0.1410 -0.9891
vn 0.0391 0.3794 -0.9244
vn 0.0391 0.3795 -0.9244
vn 0.1941 0.3795 -0.9046
vn 0.1671 0.6051 -0.7785
vn 0.1671 0.6050 -0.7785
vn 0.2958 0.6052 -0.7391
vn 0.2275 0.7906 -0.5685
vn 0.3200 0.7908 -0.5218
vn 0.2015 0.9227 -0.3287
vn 0.2540 0.9228 -0.2898
vn 0.0800 0.9926 -0.0913
vn 0.1084 0.9896 -0.0951
vn 0.0954 0.9924 -0.0774
vn 0.1216 0.9899 -0.0729
vn 0.1087 0.9922 -0.0610
vn 0.1302 0.9903 -0.0491
vn 0.1224 0.9915 -0.0442
vn 0.1274 0.9907 -0.0473
vn 0.1196 0.9919 -0.0424
vn 0.1339 0.9907 -0.0244
vn 0.1294 0.9913 -0.0226
vn 0.1324 0.9909 -0.0238
vn 0.1278 0.9916 -0.0220
vn 0.1330 0.9911 -0.0000
vn 0.3845 0.9231 -0.0000
vn 0.3846 0.9231 -0.0000
vn 0.6109 0.7917 -0.0000
vn 0.6110 0.7917 -0.0000
vn 0.7950 0.6066 -0.0000
vn 0.9246 0.3808 -0.0000
vn 0.9247 0.3808 -0.0000
vn 0.9881 0.1540 -0.0000
vn 0.9797 0.1081 0.1687
vn 0.9632 0.1937 0.1864
vn 0.9399 0.0728 0.3335
vn 0.9047 0.2218 0.3637
vn 0.8711 0.0487 0.4887
vn 0.8159 0.2389 0.5265
vn 0.7763 0.0358 0.6294
vn 0.7002 0.2453 0.6705
vn 0.6587 0.0344 0.7516
vn 0.5614 0.2412 0.7916
vn 0.5222 0.0443 0.8517
vn 0.4032 0.2265 0.8866
vn 0.3707 0.0655 0.9264
vn 0.2300 0.2011 0.9522
vn 0.2088 0.0979 0.9730
vn 0.0467 0.1644 0.9853
vn 0.0418 0.1410 0.9891
vn -0.1256 0.1182 0.9850
vn -0.1170 0.3795 0.9178
vn -0.2699 0.3796 0.8849
vn -0.2699 0.3795 0.8849
vn -0.2322 0.6051 0.7615
vn -0.3572 0.6053 0.7114
vn -0.2747 0.7907 0.5471
vn -0.3629 0.7909 0.4928
vn -0.2286 0.9227 0.3104
vn -0.2286 0.9227 0.3103
vn -0.2775 0.9228 0.2671
vn -0.0879 0.9925 0.0846
vn -0.1156 0.9897 0.0843
vn -0.1023 0.9923 0.0695
vn -0.1265 0.9901 0.0612
vn -0.1145 0.9921 0.0520
vn -0.1327 0.9905 0.0368
vn -0.1263 0.9914 0.0336
vn -0.1305 0.9908 0.0357
vn -0.1241 0.9917 0.0324
vn 0.0467 0.1644 -0.9853
vn 0.2088 0.0980 -0.9730
vn 0.3437 0.3796 -0.8589
vn 0.4161 0.6054 -0.6785
vn 0.4160 0.6054 -0.6785
vn 0.4033 0.7910 -0.4602
vn 0.4033 0.7910 -0.4601
vn 0.2991 0.9229 -0.2425
vn 0.2300 0.2011 -0.9522
vn 0.3707 0.0656 -0.9264
vn 0.4835 0.3799 -0.7886
vn 0.4835 0.3798 -0.7886
vn 0.5245 0.6057 -0.5984
vn 0.4750 0.7912 -0.3852
vn 0.3357 0.9230 -0.1883
vn 0.4032 0.2265 -0.8866
vn 0.5222 0.0443 -0.8517
vn 0.6097 0.3801 -0.6956
vn 0.6097 0.3800 -0.6956
vn 0.5245 0.6056 -0.5984
vn 0.6179 0.6059 -0.5010
vn 0.5332 0.7914 -0.2991
vn 0.3625 0.9230 -0.1286
vn 0.3626 0.9230 -0.1286
vn 0.5614 0.2412 -0.7916
vn 0.6587 0.0344 -0.7516
vn 0.7184 0.3803 -0.5825
vn 0.6936 0.6062 -0.3891
vn 0.5760 0.7915 -0.2044
vn 0.5759 0.7915 -0.2043
vn 0.3790 0.9231 -0.0653
vn 0.7002 0.2453 -0.6705
vn 0.7763 0.0358 -0.6294
vn 0.8065 0.3805 -0.4525
vn 0.7494 0.6064 -0.2659
vn 0.6022 0.7916 -0.1037
vn 0.6021 0.7916 -0.1037
vn 0.8159 0.2389 -0.5265
vn 0.8711 0.0487 -0.4887
vn 0.8065 0.3805 -0.4524
vn 0.8715 0.3807 -0.3092
vn 0.7835 0.6065 -0.1349
vn 0.9047 0.2218 -0.3637
vn 0.9399 0.0728 -0.3335
vn 0.9113 0.3808 -0.1569
vn 0.9632 0.1937 -0.1864
vn 0.9797 0.1081 -0.1687
vn -0.1393 0.1842 0.9730
vn -0.2908 0.0803 0.9534
vn -0.4151 0.3798 0.8267
vn -0.4151 0.3797 0.8267
vn -0.4719 0.6055 0.6408
vn -0.4720 0.6055 0.6408
vn -0.4407 0.7911 0.4242
vn -0.4408 0.7911 0.4242
vn -0.3185 0.9229 0.2162
vn -0.3182 0.2152 0.9233
vn -0.4481 0.0535 0.8924
vn -0.4151 0.3797 0.8268
vn -0.5485 0.3800 0.7448
vn -0.5732 0.6058 0.5517
vn -0.5060 0.7913 0.3434
vn -0.5059 0.7913 0.3434
vn -0.3504 0.9230 0.1590
vn -0.4844 0.2352 0.8426
vn -0.5926 0.0379 0.8046
vn -0.5486 0.3800 0.7448
vn -0.6664 0.3801 0.6414
vn -0.6664 0.3802 0.6414
vn -0.6581 0.6061 0.4467
vn -0.5566 0.7915 0.2526
vn -0.3721 0.9231 0.0973
vn -0.6335 0.2445 0.7341
vn -0.7201 0.0336 0.6931
vn -0.7652 0.3804 0.5194
vn -0.7241 0.6063 0.3287
vn -0.5912 0.7916 0.1546
vn -0.7612 0.2434 0.6011
vn -0.8267 0.0408 0.5611
vn -0.8421 0.3806 0.3822
vn -0.8420 0.3806 0.3822
vn -0.7693 0.6065 0.2011
vn -0.7692 0.6065 0.2011
vn -0.8639 0.2317 0.4472
vn -0.9090 0.0593 0.4126
vn -0.8946 0.3807 0.2339
vn -0.9379 0.2092 0.2766
vn -0.9636 0.0891 0.2520
vn -0.9800 0.1754 0.0940
vn -0.1001 0.9894 0.1051
vn -0.0716 0.9927 0.0972
vn -0.1730 0.9226 0.3446
vn -0.1730 0.9227 0.3446
vn -0.1787 0.7905 0.5858
vn -0.1786 0.7905 0.5858
vn -0.2322 0.6052 0.7615
vn -0.1007 0.6049 0.7899
vn -0.1007 0.6050 0.7899
vn -0.1007 0.6050 0.7898
vn 0.0391 0.3795 0.9244
vn 0.0391 0.3794 0.9244
vn -0.0807 0.9891 0.1228
vn -0.0538 0.9928 0.1071
vn -0.1125 0.9226 0.3690
vn -0.0775 0.7904 0.6076
vn -0.0775 0.7905 0.6076
vn 0.0337 0.6050 0.7955
vn 0.1941 0.3795 0.9046
vn -0.0581 0.9889 0.1365
vn -0.0348 0.9929 0.1140
vn -0.0488 0.9225 0.3828
vn 0.0259 0.7904 0.6120
vn 0.0337 0.6049 0.7956
vn 0.1671 0.6050 0.7785
vn 0.1671 0.6051 0.7785
vn 0.3437 0.3796 0.8589
vn -0.0331 0.9888 0.1455
vn -0.0150 0.9929 0.1179
vn 0.0163 0.9225 0.3856
vn 0.1285 0.7905 0.5989
vn 0.1285 0.7905 0.5988
vn 0.2957 0.6052 0.7391
vn 0.2958 0.6052 0.7391
vn 0.4835 0.3798 0.7886
vn 0.4835 0.3799 0.7886
vn -0.0067 0.9887 0.1494
vn 0.0050 0.9929 0.1186
vn 0.0810 0.9226 0.3773
vn 0.2275 0.7906 0.5685
vn 0.4160 0.6054 0.6785
vn 0.6097 0.3801 0.6956
vn 0.0200 0.9888 0.1481
vn 0.0250 0.9929 0.1163
vn 0.1433 0.9226 0.3581
vn 0.3200 0.7908 0.5218
vn 0.3199 0.7908 0.5218
vn 0.5245 0.6057 0.5984
vn 0.7184 0.3803 0.5825
vn 0.0458 0.9889 0.1416
vn 0.0444 0.9928 0.1109
vn 0.2015 0.9227 0.3287
vn 0.4033 0.7910 0.4602
vn 0.4033 0.7910 0.4601
vn 0.6179 0.6060 0.5010
vn 0.6179 0.6059 0.5010
vn 0.8066 0.3805 0.4525
vn 0.8065 0.3805 0.4525
vn 0.0698 0.9890 0.1302
vn 0.0629 0.9927 0.1025
vn 0.2540 0.9228 0.2898
vn 0.4750 0.7912 0.3852
vn 0.6936 0.6062 0.3891
vn 0.8715 0.3807 0.3092
vn 0.0909 0.9893 0.1144
vn 0.0800 0.9926 0.0913
vn 0.2991 0.9229 0.2425
vn 0.5332 0.7914 0.2991
vn 0.7494 0.6064 0.2659
vn 0.9113 0.3808 0.1569
vn 0.1084 0.9896 0.0951
vn 0.0954 0.9924 0.0774
vn 0.3357 0.9230 0.1883
vn 0.5760 0.7915 0.2044
vn 0.7835 0.6065 0.1349
vn 0.1216 0.9899 0.0729
vn 0.1087 0.9922 0.0610
vn 0.3626 0.9230 0.1286
vn 0.6021 0.7916 0.1037
vn 0.1302 0.9903 0.0491
vn 0.1274 0.9907 0.0473
vn 0.1224 0.9915 0.0442
vn 0.1196 0.9919 0.0424
vn 0.3790 0.9231 0.0653
vn 0.1339 0.9907 0.0244
vn 0.1324 0.9909 0.0238
vn 0.1294 0.9913 0.0226
vn 0.1278 0.9916 0.0220
vn 0.0909 0.9893 -0.1144
vn 0.0629 0.9927 -0.1025
vn 0.1433 0.9226 -0.3581
vn 0.1285 0.7905 -0.5988
vn 0.1285 0.7905 -0.5989
vn 0.1671 0.6051 -0.7784
vn 0.0337 0.6050 -0.7955
vn -0.1170 0.3795 -0.9178
vn 0.0698 0.9890 -0.1302
vn 0.0444 0.9928 -0.1109
vn 0.0810 0.9226 -0.3773
vn 0.0259 0.7905 -0.6120
vn 0.0259 0.7904 -0.6120
vn -0.1007 0.6050 -0.7899
vn -0.1007 0.6050 -0.7898
vn -0.2699 0.3796 -0.8849
vn -0.2699 0.3795 -0.8849
vn 0.0458 0.9889 -0.1416
vn 0.0250 0.9929 -0.1163
vn 0.0163 0.9225 -0.3856
vn -0.0775 0.7904 -0.6076
vn -0.0775 0.7905 -0.6076
vn -0.2322 0.6051 -0.7615
vn -0.4151 0.3797 -0.8267
vn -0.4151 0.3798 -0.8267
vn 0.0200 0.9888 -0.1481
vn 0.0050 0.9929 -0.1186
vn -0.0488 0.9225 -0.3828
vn -0.1787 0.7905 -0.5858
vn -0.1786 0.7905 -0.5858
vn -0.3572 0.6053 -0.7114
vn -0.5485 0.3799 -0.7448
vn -0.5485 0.3800 -0.7448
vn -0.0067 0.9887 -0.1494
vn -0.0150 0.9929 -0.1179
vn -0.1125 0.9226 -0.3690
vn -0.2747 0.7907 -0.5471
vn -0.4719 0.6055 -0.6408
vn -0.4720 0.6055 -0.6408
vn -0.6664 0.3802 -0.6414
vn -0.6664 0.3801 -0.6414
vn -0.0331 0.9888 -0.1455
vn -0.0348 0.9929 -0.1140
vn -0.1730 0.9226 -0.3446
vn -0.1730 0.9227 -0.3446
vn -0.3629 0.7909 -0.4928
vn -0.5732 0.6058 -0.5517
vn -0.7652 0.3804 -0.5194
vn -0.0581 0.9889 -0.1365
vn -0.0538 0.9928 -0.1071
vn -0.2286 0.9227 -0.3103
vn -0.2286 0.9227 -0.3104
vn -0.4408 0.7911 -0.4242
vn -0.4407 0.7911 -0.4242
vn -0.6581 0.6061 -0.4467
vn -0.8420 0.3806 -0.3822
vn -0.8421 0.3806 -0.3822
vn -0.0807 0.9891 -0.1228
vn -0.0716 0.9927 -0.0972
vn -0.2775 0.9228 -0.2671
vn -0.5059 0.7913 -0.3434
vn -0.7241 0.6063 -0.3287
vn -0.8946 0.3807 -0.2339
vn -0.1001 0.9894 -0.1051
vn -0.0879 0.9925 -0.0846
vn -0.3185 0.9229 -0.2162
vn -0.5566 0.7914 -0.2526
vn -0.5566 0.7915 -0.2526
vn -0.7692 0.6065 -0.2011
vn -0.9213 0.3808 -0.0787
vn -0.1156 0.9897 -0.0843
vn -0.1024 0.9923 -0.0695
vn -0.3504 0.9230 -0.1590
vn -0.5912 0.7916 -0.1546
vn -0.7922 0.6066 -0.0677
vn -0.7921 0.6066 -0.0677
vn -0.1265 0.9901 -0.0612
vn -0.1145 0.9921 -0.0520
vn -0.3721 0.9231 -0.0973
vn -0.6087 0.7917 -0.0520
vn -0.6088 0.7917 -0.0520
vn -0.1327 0.9905 -0.0368
vn -0.1305 0.9908 -0.0356
vn -0.1264 0.9914 -0.0336
vn -0.1241 0.9917 -0.0324
vn -0.3831 0.9231 -0.0327
vn -0.3832 0.9231 -0.0327
vn -0.1340 0.9909 -0.0121
vn -0.1332 0.9910 -0.0119
vn -0.1316 0.9912 -0.0114
vn -0.1308 0.9913 -0.0112
vn -0.0000 1.0000 -0.0000
vn -0.9954 -0.0000 -0.0955
vn -0.9954 -0.0000 0.0955
vn -0.9592 -0.0000 0.2828
vn -0.8881 -0.0000 0.4597
vn -0.7848 -0.0000 0.6198
vn -0.6533 -0.0000 0.7571
vn -0.4984 -0.0000 0.8669
vn -0.3258 -0.0000 0.9454
vn -0.1417 -0.0000 0.9899
vn 0.0474 -0.0000 0.9989
vn 0.2348 -0.0000 0.9720
vn 0.4140 -0.0000 0.9103
vn 0.5784 -0.0000 0.8157
vn 0.7223 -0.0000 0.6916
vn 0.8402 -0.0000 0.5422
vn 0.9278 -0.0000 0.3730
vn 0.9818 -0.0000 0.1900
vn 1.0000 -0.0000 -0.0000
vn 0.9818 -0.0000 -0.1900
vn 0.9278 -0.0000 -0.3730
vn 0.8402 -0.0000 -0.5422
vn 0.7223 -0.0000 -0.6916
vn 0.5784 -0.0000 -0.8157
vn 0.4140 -0.0000 -0.9103
vn 0.2348 -0.0000 -0.9720
vn 0.0474 -0.0000 -0.9989
vn -0.1417 -0.0000 -0.9899
vn -0.3258 -0.0000 -0.9454
vn -0.4984 -0.0000 -0.8669
vn -0.6533 -0.0000 -0.7571
vn -0.7848 -0.0000 -0.6198
vn -0.8881 -0.0000 -0.4597
vn -0.9592 -0.0000 -0.2828
vn 0.9881 0.1298 -0.0822
vn 0.9881 0.1298 0.0822
vn 0.9610 0.1298 0.2444
vn 0.9074 0.1297 0.3997
vn 0.8291 0.1297 0.5439
vn 0.7281 0.1295 0.6731
vn 0.7281 0.1296 0.6731
vn 0.6075 0.1295 0.7837
vn 0.6074 0.1295 0.7837
vn 0.4704 0.1294 0.8729
vn 0.3208 0.1294 0.9383
vn 0.1625 0.1292 0.9782
vn 0.1625 0.1293 0.9782
vn 0.1625 0.1294 0.9782
vn -0.0000 0.1293 0.9916
vn -0.0000 0.1294 0.9916
vn -0.1625 0.1293 0.9782
vn -0.1626 0.1293 0.9782
vn -0.3208 0.1294 0.9383
vn -0.3208 0.1293 0.9383
vn -0.4704 0.1294 0.8729
vn -0.6074 0.1295 0.7837
vn -0.6074 0.1296 0.7837
vn -0.7281 0.1295 0.6731
vn -0.7281 0.1296 0.6731
vn -0.8291 0.1297 0.5439
vn -0.9074 0.1297 0.3997
vn -0.9610 0.1298 0.2444
vn -0.9881 0.1298 0.0822
vn -0.9881 0.1298 -0.0822
vn -0.9610 0.1298 -0.2444
vn -0.9074 0.1297 -0.3997
vn -0.8291 0.1297 -0.5439
vn -0.7281 0.1296 -0.6731
vn -0.7281 0.1295 -0.6731
vn -0.6075 0.1295 -0.7837
vn -0.6074 0.1295 -0.7837
vn -0.4704 0.1294 -0.8729
vn -0.3208 0.1294 -0.9383
vn -0.1625 0.1293 -0.9782
vn -0.0000 0.1292 -0.9916
vn -0.0000 0.1294 -0.9916
vn -0.0000 0.1291 -0.9916
vn 0.1625 0.1292 -0.9782
vn 0.1626 0.1293 -0.9782
vn 0.3208 0.1294 -0.9383
vn 0.3208 0.1293 -0.9383
vn 0.4704 0.1294 -0.8729
vn 0.6074 0.1295 -0.7837
vn 0.6074 0.1296 -0.7837
vn 0.7281 0.1296 -0.6731
vn 0.7281 0.1295 -0.6731
vn 0.8291 0.1297 -0.5439
vn 0.9074 0.1297 -0.3997
vn 0.9074 0.1298 -0.3997
vn 0.9610 0.1298 -0.2444
vn 0.1276 0.9918 0.0112
vn 0.1299 0.9915 0.0110
vn 0.1284 0.9917 0.0111
vn 0.1308 0.9914 0.0109
vn 0.1284 0.9917 -0.0111
vn 0.1308 0.9914 -0.0109
vn 0.1299 0.9915 -0.0110
vn 0.3832 0.9231 -0.0319
vn 0.6088 0.7917 -0.0507
vn 0.7922 0.6066 -0.0659
vn 0.9214 0.3809 -0.0767
vn 0.1302 0.9909 0.0331
vn 0.1234 0.9918 0.0327
vn 0.1278 0.9912 0.0330
vn 0.1210 0.9921 0.0326
vn 0.1257 0.9905 0.0554
vn 0.1114 0.9924 0.0522
vn 0.1170 0.9902 0.0768
vn 0.0992 0.9926 0.0697
vn 0.1045 0.9898 0.0966
vn 0.0845 0.9928 0.0849
vn 0.0885 0.9895 0.1141
vn 0.0678 0.9929 0.0973
vn 0.0692 0.9893 0.1285
vn 0.0496 0.9930 0.1068
vn 0.0476 0.9891 0.1393
vn 0.0302 0.9931 0.1133
vn 0.0242 0.9890 0.1459
vn 0.0102 0.9931 0.1165
vn -0.0000 0.9890 0.1481
vn -0.0102 0.9931 0.1165
vn -0.0242 0.9890 0.1459
vn -0.0302 0.9931 0.1133
vn -0.0476 0.9891 0.1393
vn -0.0496 0.9930 0.1068
vn -0.0692 0.9893 0.1285
vn -0.0678 0.9929 0.0973
vn -0.0885 0.9895 0.1141
vn -0.0845 0.9928 0.0849
vn -0.1045 0.9898 0.0966
vn -0.0992 0.9926 0.0697
vn -0.1170 0.9902 0.0768
vn -0.1114 0.9924 0.0522
vn -0.1257 0.9905 0.0554
vn -0.1278 0.9912 0.0330
vn -0.1210 0.9921 0.0326
vn -0.1234 0.9918 0.0327
vn -0.1302 0.9909 0.0331
vn -0.1299 0.9915 0.0110
vn -0.1276 0.9918 0.0112
vn -0.1284 0.9917 0.0111
vn -0.1308 0.9914 0.0109
vn -0.1308 0.9914 -0.0109
vn -0.1284 0.9917 -0.0111
vn -0.1299 0.9915 -0.0110
vn -0.3832 0.9231 -0.0319
vn -0.3727 0.9231 -0.0948
vn -0.5921 0.7916 -0.1506
vn -0.5593 0.7915 -0.2464
vn -0.7277 0.6064 -0.3205
vn -0.6650 0.6062 -0.4363
vn -0.7732 0.3805 -0.5073
vn -0.6791 0.3803 -0.6278
vn -0.6792 0.3803 -0.6278
vn -0.1276 0.9918 -0.0112
vn -0.1302 0.9909 -0.0331
vn -0.1234 0.9918 -0.0327
vn -0.1278 0.9912 -0.0330
vn -0.3521 0.9230 -0.1551
vn -0.5112 0.7913 -0.3354
vn -0.5112 0.7914 -0.3354
vn -0.5842 0.6059 -0.5400
vn -0.5667 0.3800 -0.7311
vn -0.5666 0.3801 -0.7311
vn -0.1210 0.9921 -0.0326
vn -0.1257 0.9905 -0.0554
vn -0.3218 0.9230 -0.2111
vn -0.4491 0.7911 -0.4152
vn -0.4491 0.7912 -0.4152
vn -0.4875 0.6056 -0.6289
vn -0.4388 0.3799 -0.8143
vn -0.4389 0.3798 -0.8143
vn -0.1114 0.9924 -0.0522
vn -0.1170 0.9902 -0.0768
vn -0.2828 0.9229 -0.2614
vn -0.3748 0.7910 -0.4836
vn -0.3776 0.6054 -0.7006
vn -0.2993 0.3797 -0.8754
vn -0.0992 0.9926 -0.0697
vn -0.1045 0.9898 -0.0966
vn -0.2361 0.9228 -0.3046
vn -0.2360 0.9228 -0.3046
vn -0.2904 0.7908 -0.5389
vn -0.2904 0.7908 -0.5388
vn -0.2575 0.6052 -0.7533
vn -0.1517 0.3795 -0.9127
vn -0.1517 0.3796 -0.9126
vn -0.0845 0.9928 -0.0849
vn -0.0885 0.9895 -0.1141
vn -0.1829 0.9227 -0.3394
vn -0.1981 0.7906 -0.5794
vn -0.1305 0.6051 -0.7854
vn -0.0000 0.3795 -0.9252
vn -0.0678 0.9929 -0.0973
vn -0.0692 0.9893 -0.1285
vn -0.1248 0.9226 -0.3650
vn -0.1004 0.7905 -0.6042
vn -0.1004 0.7905 -0.6041
vn -0.0000 0.6050 -0.7962
vn 0.1517 0.3795 -0.9127
vn -0.0496 0.9930 -0.1068
vn -0.0476 0.9891 -0.1393
vn -0.0633 0.9226 -0.3806
vn -0.0632 0.9226 -0.3806
vn -0.0000 0.7905 -0.6125
vn -0.0000 0.6051 -0.7962
vn 0.1305 0.6051 -0.7854
vn 0.2993 0.3796 -0.8754
vn 0.2993 0.3797 -0.8754
vn -0.0302 0.9931 -0.1133
vn -0.0242 0.9890 -0.1459
vn -0.0000 0.9226 -0.3859
vn 0.1004 0.7905 -0.6041
vn 0.1004 0.7905 -0.6042
vn 0.2575 0.6052 -0.7533
vn 0.4389 0.3798 -0.8143
vn -0.0102 0.9931 -0.1165
vn -0.0000 0.9890 -0.1481
vn -0.0000 0.9226 -0.3858
vn 0.0632 0.9226 -0.3806
vn 0.1981 0.7906 -0.5794
vn 0.3776 0.6054 -0.7007
vn 0.3776 0.6054 -0.7006
vn 0.5667 0.3800 -0.7311
vn 0.5666 0.3801 -0.7311
vn 0.0102 0.9931 -0.1165
vn 0.0242 0.9890 -0.1459
vn 0.1248 0.9226 -0.3650
vn 0.2904 0.7908 -0.5389
vn 0.4875 0.6056 -0.6290
vn 0.4875 0.6057 -0.6289
vn 0.6791 0.3803 -0.6278
vn 0.6792 0.3802 -0.6278
vn 0.0302 0.9931 -0.1133
vn 0.0476 0.9891 -0.1393
vn 0.1829 0.9227 -0.3394
vn 0.3748 0.7910 -0.4836
vn 0.3749 0.7910 -0.4836
vn 0.5841 0.6059 -0.5400
vn 0.5842 0.6059 -0.5400
vn 0.7732 0.3805 -0.5073
vn 0.0496 0.9930 -0.1068
vn 0.0692 0.9893 -0.1285
vn 0.2361 0.9228 -0.3046
vn 0.3749 0.7909 -0.4836
vn 0.4491 0.7912 -0.4152
vn 0.6650 0.6061 -0.4363
vn 0.6650 0.6062 -0.4363
vn 0.8463 0.3807 -0.3728
vn 0.0678 0.9929 -0.0973
vn 0.0885 0.9895 -0.1141
vn 0.2828 0.9229 -0.2614
vn 0.5112 0.7914 -0.3354
vn 0.7277 0.6064 -0.3205
vn 0.8961 0.3808 -0.2279
vn 0.0845 0.9928 -0.0849
vn 0.1045 0.9898 -0.0966
vn 0.3218 0.9230 -0.2111
vn 0.5593 0.7915 -0.2464
vn 0.5593 0.7915 -0.2463
vn 0.7705 0.6066 -0.1959
vn 0.7705 0.6065 -0.1959
vn 0.0992 0.9926 -0.0697
vn 0.1170 0.9902 -0.0768
vn 0.3521 0.9230 -0.1551
vn 0.5921 0.7917 -0.1506
vn 0.5921 0.7916 -0.1506
vn 0.1114 0.9924 -0.0522
vn 0.1257 0.9905 -0.0554
vn 0.3727 0.9231 -0.0948
vn 0.1210 0.9921 -0.0326
vn 0.1234 0.9918 -0.0327
vn 0.1278 0.9912 -0.0330
vn 0.1302 0.9909 -0.0331
vn 0.1276 0.9918 -0.0112
vn -0.9214 0.3809 -0.0767
vn -0.8961 0.3808 -0.2279
vn -0.8463 0.3807 -0.3728
vn -0.7922 0.6066 -0.0659
vn -0.7705 0.6066 -0.1959
vn -0.7705 0.6065 -0.1959
vn -0.9214 0.3809 0.0767
vn -0.8961 0.3808 0.2279
vn -0.8463 0.3807 0.3728
vn -0.7732 0.3805 0.5073
vn -0.6792 0.3802 0.6278
vn -0.6791 0.3803 0.6278
vn -0.5666 0.3801 0.7311
vn -0.5667 0.3800 0.7311
vn -0.4389 0.3798 0.8143
vn -0.2993 0.3797 0.8754
vn -0.2993 0.3796 0.8754
vn -0.1517 0.3796 0.9127
vn -0.1517 0.3795 0.9127
vn -0.0000 0.3795 0.9252
vn 0.1517 0.3796 0.9127
vn 0.1517 0.3795 0.9127
vn 0.2993 0.3796 0.8754
vn 0.2993 0.3797 0.8754
vn 0.4389 0.3798 0.8144
vn 0.4389 0.3798 0.8143
vn 0.4388 0.3799 0.8143
vn 0.5666 0.3801 0.7311
vn 0.5667 0.3800 0.7311
vn 0.6792 0.3802 0.6278
vn 0.6791 0.3803 0.6278
vn 0.7732 0.3805 0.5073
vn 0.8463 0.3806 0.3728
vn 0.8463 0.3807 0.3728
vn 0.8961 0.3808 0.2279
vn 0.9214 0.3809 0.0767
vn -0.6088 0.7917 -0.0507
vn -0.7922 0.6066 0.0659
vn -0.7705 0.6065 0.1959
vn -0.7705 0.6066 0.1959
vn -0.7277 0.6064 0.3205
vn -0.6650 0.6062 0.4363
vn -0.5842 0.6059 0.5400
vn -0.4875 0.6057 0.6289
vn -0.4875 0.6056 0.6290
vn -0.3776 0.6054 0.7006
vn -0.3776 0.6054 0.7007
vn -0.2575 0.6052 0.7532
vn -0.2575 0.6052 0.7533
vn -0.1305 0.6051 0.7854
vn -0.0000 0.6050 0.7962
vn -0.0000 0.6051 0.7962
vn 0.1305 0.6051 0.7854
vn 0.1305 0.6051 0.7853
vn 0.2575 0.6052 0.7533
vn 0.3776 0.6054 0.7007
vn 0.3776 0.6054 0.7006
vn 0.4875 0.6056 0.6289
vn 0.5842 0.6059 0.5400
vn 0.6650 0.6062 0.4363
vn 0.7277 0.6064 0.3205
vn 0.7705 0.6065 0.1959
vn 0.7705 0.6066 0.1959
vn 0.7922 0.6066 0.0659
vn -0.3832 0.9231 0.0319
vn -0.6088 0.7917 0.0507
vn -0.5921 0.7916 0.1506
vn -0.5921 0.7917 0.1506
vn -0.5593 0.7915 0.2464
vn -0.5112 0.7914 0.3354
vn -0.4491 0.7911 0.4152
vn -0.4491 0.7912 0.4152
vn -0.3749 0.7909 0.4836
vn -0.3748 0.7910 0.4836
vn -0.2904 0.7907 0.5389
vn -0.2904 0.7908 0.5389
vn -0.1981 0.7906 0.5794
vn -0.1004 0.7905 0.6042
vn -0.1004 0.7905 0.6041
vn -0.0000 0.7905 0.6125
vn 0.1004 0.7905 0.6042
vn 0.1981 0.7906 0.5794
vn 0.2904 0.7908 0.5388
vn 0.2904 0.7908 0.5389
vn 0.2904 0.7907 0.5389
vn 0.3749 0.7909 0.4836
vn 0.3748 0.7910 0.4836
vn 0.4491 0.7912 0.4152
vn 0.4491 0.7911 0.4152
vn 0.5112 0.7914 0.3354
vn 0.5593 0.7915 0.2464
vn 0.5921 0.7916 0.1506
vn 0.6088 0.7917 0.0507
vn 0.3832 0.9231 0.0319
vn -0.3727 0.9231 0.0948
vn -0.3521 0.9230 0.1551
vn -0.3218 0.9230 0.2111
vn -0.2828 0.9229 0.2614
vn -0.2361 0.9228 0.3046
vn -0.1829 0.9227 0.3394
vn -0.1248 0.9226 0.3650
vn -0.0632 0.9226 0.3806
vn -0.0000 0.9226 0.3859
vn 0.0632 0.9226 0.3806
vn 0.1248 0.9226 0.3650
vn 0.1829 0.9227 0.3394
vn 0.2361 0.9228 0.3046
vn 0.2360 0.9228 0.3046
vn 0.2828 0.9229 0.2614
vn 0.3218 0.9230 0.2111
vn 0.3521 0.9230 0.1551
vn 0.3727 0.9231 0.0948
vn 0.9966 -0.0000 -0.0829
vn 0.9966 -0.0000 0.0829
vn 0.9692 -0.0000 0.2465
vn 0.9152 -0.0000 0.4031
vn 0.8361 -0.0000 0.5486
vn 0.7343 -0.0000 0.6788
vn 0.6126 -0.0000 0.7904
vn 0.4744 -0.0000 0.8803
vn 0.3235 -0.0000 0.9462
vn 0.1639 -0.0000 0.9865
vn -0.0000 -0.0000 1.0000
vn -0.1639 -0.0000 0.9865
vn -0.3235 -0.0000 0.9462
vn -0.4744 -0.0000 0.8803
vn -0.6126 -0.0000 0.7904
vn -0.7343 -0.0000 0.6788
vn -0.8361 -0.0000 0.5486
vn -0.9152 -0.0000 0.4031
vn -0.9692 -0.0000 0.2465
vn -0.9966 -0.0000 0.0829
vn -0.9966 -0.0000 -0.0829
vn -0.9692 -0.0000 -0.2465
vn -0.9152 -0.0000 -0.4031
vn -0.8361 -0.0000 -0.5486
vn -0.7343 -0.0000 -0.6788
vn -0.6126 -0.0000 -0.7904
vn -0.4744 -0.0000 -0.8803
vn -0.3235 -0.0000 -0.9462
vn -0.1639 -0.0000 -0.9865
vn -0.0000 -0.0000 -1.0000
vn 0.1639 -0.0000 -0.9865
vn 0.3235 -0.0000 -0.9462
vn 0.4744 -0.0000 -0.8803
vn 0.6126 -0.0000 -0.7904
vn 0.7343 -0.0000 -0.6788
vn 0.8361 -0.0000 -0.5486
vn 0.9152 -0.0000 -0.4031
vn 0.9692 -0.0000 -0.2465
vn -0.1316 0.9912 0.0114
vn -0.7201 0.0337 -0.6931
vn -0.4845 0.2352 -0.8426
vn -0.2908 0.0804 -0.9534
vn -0.1256 0.1181 -0.9850
vn 0.1083 0.9896 -0.0951
vn 0.3707 0.0656 0.9264
vn -0.1256 0.1181 0.9850
vn -0.2776 0.9228 0.2671
vn -0.1155 0.9897 0.0843
vn -0.1024 0.9923 0.0695
vn 0.2088 0.0979 -0.9730
vn 0.3437 0.3797 -0.8589
vn 0.4751 0.7912 -0.3852
vn 0.5614 0.2411 -0.7916
vn 0.6096 0.3801 -0.6956
vn 0.5760 0.7915 -0.2043
vn -0.2908 0.0804 0.9534
vn -0.5485 0.3799 0.7448
vn -0.3503 0.9230 0.1590
vn -0.4845 0.2352 0.8426
vn -0.5733 0.6058 0.5517
vn -0.6582 0.6061 0.4467
vn -0.7201 0.0337 0.6931
vn -0.5566 0.7914 0.2526
vn -0.1001 0.9894 0.1052
vn -0.1730 0.9226 0.3447
vn 0.3437 0.3797 0.8589
vn 0.4836 0.3798 0.7886
vn 0.6097 0.3800 0.6956
vn 0.2016 0.9227 0.3287
vn 0.5245 0.6056 0.5984
vn 0.8065 0.3805 0.4524
vn 0.1083 0.9896 0.0951
vn 0.5759 0.7915 0.2043
vn 0.1329 0.9911 -0.0000
vn -0.5486 0.3800 -0.7448
vn -0.2776 0.9228 -0.2671
vn -0.6582 0.6061 -0.4467
vn -0.1001 0.9894 -0.1052
vn -0.1155 0.9897 -0.0843
vn -0.1023 0.9923 -0.0695
vn -0.1341 0.9909 -0.0121
vn 0.3208 0.1293 0.9383
vn 0.1626 0.1293 0.9782
vn -0.6075 0.1295 0.7837
vn -0.3208 0.1293 -0.9383
vn -0.1626 0.1293 -0.9782
vn -0.0000 0.1293 -0.9916
vn 0.1625 0.1293 -0.9782
vn 0.4704 0.1295 -0.8729
vn 0.6075 0.1295 -0.7837
vn 0.7922 0.6067 -0.0659
vn 0.1171 0.9902 0.0768
vn 0.0884 0.9895 0.1141
vn 0.0679 0.9929 0.0973
vn 0.0693 0.9893 0.1285
vn -0.0693 0.9893 0.1285
vn -0.0679 0.9929 0.0973
vn -0.0884 0.9895 0.1141
vn -0.1171 0.9902 0.0768
vn -0.3520 0.9231 -0.1551
vn -0.4875 0.6057 -0.6289
vn -0.5666 0.3800 -0.7311
vn -0.1171 0.9902 -0.0768
vn -0.3749 0.7909 -0.4836
vn -0.3776 0.6054 -0.7007
vn -0.2904 0.7907 -0.5389
vn -0.2993 0.3796 -0.8754
vn -0.1516 0.3796 -0.9126
vn -0.0884 0.9895 -0.1141
vn -0.0679 0.9929 -0.0973
vn -0.0693 0.9893 -0.1285
vn 0.1517 0.3796 -0.9126
vn 0.2904 0.7907 -0.5389
vn 0.2904 0.7908 -0.5388
vn 0.5666 0.3800 -0.7311
vn 0.0693 0.9893 -0.1285
vn 0.2360 0.9228 -0.3046
vn 0.8463 0.3806 -0.3728
vn 0.0679 0.9929 -0.0973
vn 0.0884 0.9895 -0.1141
vn 0.5112 0.7913 -0.3354
vn 0.1171 0.9902 -0.0768
vn -0.8463 0.3806 -0.3728
vn -0.7922 0.6067 -0.0659
vn 0.1517 0.3796 0.9126
vn 0.4389 0.3799 0.8143
vn -0.7922 0.6067 0.0659
vn -0.4875 0.6056 0.6289
vn 0.4875 0.6057 0.6289
vn 0.7922 0.6067 0.0659
vn -0.5112 0.7913 0.3354
vn -0.3748 0.7909 0.4836
vn -0.2904 0.7908 0.5388
vn 0.5112 0.7913 0.3354
vn -0.3520 0.9230 0.1551
vn 0.0633 0.9226 0.3806
vn 0.3520 0.9231 0.1551
vn 0.2957 0.6052 -0.7391
vn -0.3629 0.7908 0.4928
vn -0.1264 0.9914 0.0336
vn 0.5244 0.6057 -0.5984
vn 0.6179 0.6060 -0.5010
vn 0.7763 0.0359 -0.6294
vn -0.5732 0.6059 0.5517
vn 0.6096 0.3801 0.6956
vn -0.4719 0.6056 -0.6408
vn -0.7693 0.6065 -0.2011
vn -0.1263 0.9914 -0.0336
vn -0.9074 0.1298 0.3997
vn -0.1625 0.1292 -0.9782
vn -0.6792 0.3802 -0.6278
vn -0.2575 0.6052 -0.7532
vn -0.8463 0.3806 0.3728
vn -0.6792 0.3803 0.6278
vn -0.1517 0.3796 0.9126
vn -0.6650 0.6061 0.4363
vn -0.5841 0.6059 0.5400
vn -0.5922 0.7916 0.1506
vn -0.5593 0.7915 0.2463
vn 0.5921 0.7917 0.1506
vn 0.4751 0.7912 0.3852
vn -0.4388 0.3798 -0.8143
vn -0.1517 0.3796 -0.9127
vn 0.6792 0.3803 -0.6278
vn 0.4491 0.7911 -0.4152
vn 0.3520 0.9230 -0.1551
vn -0.5666 0.3800 0.7311
vn -0.0000 0.3796 0.9252
vn 0.5666 0.3800 0.7311
vn 0.6792 0.3803 0.6278
vn -0.3749 0.7910 0.4836
vn 0.3707 0.0655 -0.9264
vn -0.5486 0.3799 0.7448
vn -0.5565 0.7915 0.2526
vn -0.7201 0.0337 0.6930
vn 0.5760 0.7915 0.2043
vn -0.5486 0.3799 -0.7448
vn -0.1126 0.9226 -0.3690
vn -0.3186 0.9229 -0.2162
vn -0.6088 0.7916 -0.0520
vn 0.1303 0.9909 0.0331
vn -0.1303 0.9909 0.0331
vn -0.1300 0.9915 0.0110
vn -0.1300 0.9915 -0.0110
vn -0.5921 0.7917 -0.1506
vn -0.1303 0.9909 -0.0331
vn -0.3520 0.9230 -0.1551
vn -0.3749 0.7910 -0.4836
vn 0.1517 0.3796 -0.9127
vn 0.4875 0.6056 -0.6289
vn 0.8462 0.3807 -0.3728
vn 0.1303 0.9909 -0.0331
vn -0.8462 0.3807 -0.3728
vn -0.7923 0.6066 -0.0659
vn -0.4388 0.3798 0.8143
vn 0.7923 0.6066 0.0659
vn 0.3520 0.9230 0.1551
vn 0.8159 0.2389 0.5266
vn 0.5614 0.2412 -0.7917
vn 0.1300 0.9915 0.0110
vn -0.1516 0.3796 -0.9127
vn 0.6791 0.3802 -0.6278
vn -0.6088 0.7917 0.0520
vn -0.7201 0.0337 -0.6930
vn 0.5614 0.2412 0.7917
vn -0.1731 0.9226 -0.3446
vn 0.4388 0.3798 -0.8143
vn -0.8462 0.3807 0.3728
vn -0.6791 0.3802 0.6278
vn 0.4388 0.3798 0.8143
vn 0.8462 0.3807 0.3728
vn -0.3520 0.9231 0.1551
vn 0.5759 0.7915 -0.2044
vn 0.8159 0.2389 -0.5266
vn 0.1300 0.9915 -0.0110
vn 0.6650 0.6061 0.4363
vn 0.3749 0.7910 0.4836
vn -0.4704 0.1295 0.8729
vn -0.4389 0.3799 -0.8143
vn 0.3748 0.7909 -0.4836
vn -0.2360 0.9228 0.3046
vn -0.0000 0.3796 -0.9252
vn 0.0336 0.6050 0.7955
vn -0.1170 0.3794 -0.9178
vn -0.6582 0.6060 0.4467
vn 0.3625 0.9230 0.1286
vn -0.6664 0.3803 -0.6414
vn 0.7763 0.0359 0.6294
vn 0.9112 0.3808 -0.1569
vn -0.0000 0.1292 0.9916
vn -0.0000 0.1291 0.9916
vn -0.1625 0.1292 0.9782
vn -0.1625 0.1294 -0.9782
vn -0.0000 0.7905 0.6124
vn 0.1004 0.7905 0.6041
vn 0.5111 0.7914 0.3354
vn -0.0000 0.9226 0.3858
vn -0.7732 0.3804 0.5073
vn -0.9914 -0.0000 -0.1311
vn -0.9914 -0.0000 -0.1310
vn -0.9914 -0.0000 -0.1312
vn -0.9233 -0.0000 -0.3840
vn -0.7921 -0.0000 -0.6103
vn -0.6071 -0.0000 -0.7946
vn -0.3813 -0.0000 -0.9244
vn -0.1300 -0.0000 -0.9915
vn -0.1301 -0.0000 -0.9915
vn -0.9913 -0.0000 -0.1313
vn -0.9233 -0.0000 -0.3841
vn 0.0002 1.0000 -0.0000
vn -0.0002 1.0000 -0.0000
vn -1.0000 -0.0000 -0.0000
vn -0.1300 -0.0000 0.9915
vn -0.3813 -0.0000 0.9244
vn -0.6071 -0.0000 0.7946
vn -0.7921 -0.0000 0.6103
vn -0.9233 -0.0000 0.3840
vn -0.9914 -0.0000 0.1310
vn -0.9914 -0.0000 0.1312
vn -0.9914 -0.0000 0.1311
vn -0.1301 -0.0000 0.9915
vn -0.9233 -0.0000 0.3841
vn 0.1300 -0.0000 -0.9915
vn 0.3813 -0.0000 -0.9244
vn 0.6071 -0.0000 -0.7946
vn 0.7921 -0.0000 -0.6103
vn 0.9233 -0.0000 -0.3840
vn 0.9914 -0.0000 -0.1310
vn 0.9914 -0.0000 -0.1312
vn 0.9914 -0.0000 -0.1311
vn 0.1301 -0.0000 -0.9915
vn 0.9233 -0.0000 -0.3841
vn 0.9914 -0.0000 0.1311
vn 0.9914 -0.0000 0.1310
vn 0.9914 -0.0000 0.1312
vn 0.9233 -0.0000 0.3840
vn 0.7921 -0.0000 0.6103
vn 0.6071 -0.0000 0.7946
vn 0.3813 -0.0000 0.9244
vn 0.1300 -0.0000 0.9915
vn 0.1301 -0.0000 0.9915
vn 0.9913 -0.0000 0.1313
vn 0.9233 -0.0000 0.3841
vn 0.9970 -0.0000 0.0769
vn 0.9970 -0.0000 -0.0769
vn 0.9735 -0.0000 -0.2288
vn 0.9270 -0.0000 -0.3752
vn 0.8586 -0.0000 -0.5126
vn 0.7702 -0.0000 -0.6378
vn 0.6638 -0.0000 -0.7479
vn 0.5420 -0.0000 -0.8404
vn 0.4076 -0.0000 -0.9131
vn 0.2639 -0.0000 -0.9645
vn 0.1142 -0.0000 -0.9935
vn -0.0381 -0.0000 -0.9993
vn -0.1896 -0.0000 -0.9819
vn -0.3368 -0.0000 -0.9416
vn -0.4762 -0.0000 -0.8793
vn -0.6046 -0.0000 -0.7965
vn -0.7191 -0.0000 -0.6949
vn -0.8168 -0.0000 -0.5769
vn -0.8954 -0.0000 -0.4452
vn -0.9530 -0.0000 -0.3029
vn -0.9882 -0.0000 -0.1533
vn -0.9882 -0.0000 0.1533
vn -0.9530 -0.0000 0.3029
vn -0.8954 -0.0000 0.4452
vn -0.8168 -0.0000 0.5769
vn -0.7191 -0.0000 0.6949
vn -0.6046 -0.0000 0.7965
vn -0.4762 -0.0000 0.8793
vn -0.3368 -0.0000 0.9416
vn -0.1896 -0.0000 0.9819
vn -0.0381 -0.0000 0.9993
vn 0.1142 -0.0000 0.9935
vn 0.2640 -0.0000 0.9645
vn 0.4076 -0.0000 0.9131
vn 0.5420 -0.0000 0.8404
vn 0.6638 -0.0000 0.7479
vn 0.7702 -0.0000 0.6378
vn 0.8586 -0.0000 0.5126
vn 0.9270 -0.0000 0.3752
vn 0.9735 -0.0000 0.2288
vn -0.9975 -0.0000 0.0700
vn -0.9975 -0.0000 -0.0700
vn -0.9780 -0.0000 -0.2087
vn -0.9392 -0.0000 -0.3433
vn -0.8821 -0.0000 -0.4710
vn -0.8078 -0.0000 -0.5894
vn -0.7179 -0.0000 -0.6962
vn -0.6141 -0.0000 -0.7893
vn -0.3733 -0.0000 -0.9277
vn -0.2410 -0.0000 -0.9705
vn -0.1041 -0.0000 -0.9946
vn 0.0348 -0.0000 -0.9994
vn 0.1729 -0.0000 -0.9849
vn 0.3078 -0.0000 -0.9514
vn 0.4369 -0.0000 -0.8995
vn 0.5576 -0.0000 -0.8301
vn 0.6676 -0.0000 -0.7445
vn 0.7647 -0.0000 -0.6444
vn 0.8470 -0.0000 -0.5315
vn 0.9129 -0.0000 -0.4082
vn 0.9610 -0.0000 -0.2767
vn 0.9902 -0.0000 -0.1397
vn 0.9902 -0.0000 0.1397
vn 0.9610 -0.0000 0.2767
vn 0.9129 -0.0000 0.4082
vn 0.8470 -0.0000 0.5315
vn 0.7647 -0.0000 0.6444
vn 0.6676 -0.0000 0.7445
vn 0.5576 -0.0000 0.8301
vn 0.4369 -0.0000 0.8995
vn 0.3078 -0.0000 0.9514
vn 0.1729 -0.0000 0.9849
vn 0.0348 -0.0000 0.9994
vn -0.1041 -0.0000 0.9946
vn -0.2410 -0.0000 0.9705
vn -0.3733 -0.0000 0.9277
vn -0.6141 -0.0000 0.7893
vn -0.7179 -0.0000 0.6962
vn -0.8078 -0.0000 0.5894
vn -0.8821 -0.0000 0.4710
vn -0.9392 -0.0000 0.3433
vn -0.9780 -0.0000 0.2087
vn -0.0000 -1.0000 -0.0000
vn 0.2640 -0.0000 -0.9645
vn 0.2639 -0.0000 0.9645
s 1
f 1//1 2//1 3//1
f 3//2 2//2 4//2
f 3//3 4//3 5//3
f 5//4 4//4 6//4
f 5//4 6//4 7//4
f 7//5 6//6 8//6
f 7//5 8//6 9//5
f 9//7 8//8 10//8
f 9//7 10//8 11//7
f 11//9 10//10 12//10
f 11//9 12//10 13//9
f 13//11 12//12 14//13
f 13//11 14//13 15//14
f 2//15 1//15 16//15
f 16//16 1//16 17//16
f 16//17 17//17 18//17
f 18//18 17//18 19//18
f 18//19 19//19 20//19
f 20//20 19//20 21//20
f 20//21 21//21 22//21
f 22//22 21//22 23//22
f 22//23 23//23 24//23
f 24//24 23//24 25//24
f 24//25 25//25 26//25
f 26//26 25//26 27//26
f 26//27 27//27 28//27
f 28//28 27//28 29//28
f 28//29 29//29 30//29
f 30//30 29//30 31//30
f 30//31 31//32 32//32
f 32//33 31//33 33//33
f 32//34 33//35 34//35
f 34//36 33//36 35//36
f 34//37 35//37 36//37
f 36//38 35//38 37//38
f 36//39 37//39 38//39
f 38//40 37//40 39//40
f 38//41 39//41 40//41
f 40//42 39//42 41//42
f 41//43 39//43 42//43
f 41//44 42//44 43//44
f 43//45 42//45 44//45
f 43//46 44//47 45//48
f 45//48 44//47 46//49
f 45//50 46//51 47//52
f 47//52 46//51 48//53
f 47//54 48//54 49//54
f 49//55 48//56 50//55
f 49//55 50//55 51//55
f 51//57 50//58 52//58
f 51//57 52//58 53//57
f 53//59 52//59 54//59
f 53//59 54//59 55//59
f 55//60 54//60 56//60
f 55//60 56//60 57//61
f 57//62 56//62 58//62
f 57//63 58//63 59//63
f 59//64 58//64 60//64
f 59//65 60//65 61//65
f 61//66 60//66 62//66
f 61//67 62//67 63//67
f 63//68 62//68 64//68
f 63//69 64//69 65//69
f 65//70 64//70 66//70
f 65//71 66//71 67//71
f 67//72 66//72 68//72
f 67//73 68//73 69//73
f 69//74 68//74 70//74
f 69//75 70//75 71//75
f 71//76 70//76 72//76
f 71//77 72//77 73//77
f 73//78 72//78 74//78
f 73//79 74//79 75//79
f 75//80 74//80 76//80
f 75//81 76//81 77//81
f 77//82 76//82 78//83
f 77//84 78//84 79//84
f 79//85 78//85 80//85
f 79//86 80//86 81//86
f 81//87 80//87 82//87
f 81//88 82//89 83//89
f 83//90 82//90 84//90
f 83//91 84//91 85//91
f 85//92 84//92 86//92
f 86//93 84//93 87//93
f 86//94 87//94 88//94
f 88//95 87//95 89//95
f 88//96 89//97 15//98
f 15//98 89//97 13//99
f 29//100 90//100 31//100
f 31//101 90//101 91//101
f 31//33 91//33 33//33
f 33//102 91//102 92//102
f 33//36 92//36 35//36
f 35//103 92//104 93//104
f 35//38 93//38 37//38
f 37//105 93//105 94//106
f 37//40 94//40 39//40
f 39//107 94//107 42//107
f 90//108 95//108 91//108
f 91//109 95//109 96//109
f 91//102 96//102 92//102
f 92//110 96//110 97//111
f 92//104 97//104 93//104
f 93//112 97//112 98//112
f 93//105 98//106 94//106
f 94//113 98//113 99//113
f 94//107 99//107 42//107
f 42//114 99//114 44//114
f 95//115 100//115 96//115
f 96//116 100//116 101//116
f 96//110 101//111 97//111
f 97//117 101//117 102//118
f 97//112 102//119 98//112
f 98//120 102//120 103//120
f 98//113 103//113 99//113
f 99//121 103//121 104//121
f 99//114 104//114 44//114
f 44//122 104//122 46//123
f 100//124 105//124 101//124
f 101//125 105//125 106//125
f 101//117 106//118 102//118
f 102//126 106//126 107//126
f 102//120 107//120 103//120
f 103//127 107//127 108//127
f 103//121 108//121 104//121
f 104//128 108//128 109//129
f 104//122 109//123 46//123
f 46//130 109//130 48//130
f 105//131 110//131 106//131
f 106//132 110//132 111//132
f 106//126 111//126 107//126
f 107//133 111//133 112//133
f 107//127 112//127 108//127
f 108//134 112//134 113//134
f 108//128 113//129 109//129
f 109//135 113//136 50//136
f 109//130 50//130 48//130
f 110//137 114//137 111//137
f 111//138 114//138 115//138
f 111//133 115//139 112//133
f 112//140 115//140 116//140
f 112//134 116//134 113//134
f 113//141 116//141 52//141
f 113//136 52//136 50//136
f 114//142 117//142 115//142
f 115//143 117//143 118//143
f 115//140 118//140 116//140
f 116//144 118//144 54//144
f 116//141 54//141 52//141
f 117//145 119//145 118//145
f 118//146 119//146 56//146
f 118//144 56//144 54//144
f 119//62 58//62 56//62
f 74//147 120//147 76//147
f 76//148 120//148 121//148
f 76//82 121//83 78//83
f 78//149 121//149 122//150
f 78//85 122//85 80//85
f 80//151 122//151 123//152
f 80//87 123//87 82//87
f 82//153 123//153 124//154
f 82//90 124//90 84//90
f 84//155 124//155 87//155
f 120//156 125//156 121//156
f 121//157 125//157 126//157
f 121//149 126//158 122//150
f 122//159 126//159 127//159
f 122//151 127//152 123//152
f 123//160 127//160 128//160
f 123//153 128//154 124//154
f 124//161 128//161 129//162
f 124//155 129//155 87//155
f 87//163 129//163 89//163
f 125//164 130//164 126//164
f 126//165 130//165 131//165
f 126//159 131//166 127//159
f 127//167 131//168 132//168
f 127//160 132//160 128//160
f 128//169 132//169 133//169
f 128//161 133//162 129//162
f 129//170 133//170 134//170
f 129//163 134//163 89//163
f 89//171 134//171 13//171
f 130//172 135//172 131//172
f 131//173 135//173 136//173
f 131//168 136//168 132//168
f 132//174 136//174 137//174
f 132//169 137//169 133//169
f 133//175 137//175 138//175
f 133//170 138//170 134//170
f 134//176 138//176 11//176
f 134//171 11//171 13//171
f 135//177 139//177 136//177
f 136//178 139//178 140//178
f 136//174 140//174 137//174
f 137//179 140//179 141//180
f 137//175 141//175 138//175
f 138//181 141//181 9//182
f 138//176 9//176 11//176
f 139//183 142//183 140//183
f 140//184 142//184 143//184
f 140//179 143//180 141//180
f 141//185 143//185 7//185
f 141//181 7//182 9//182
f 142//186 144//186 143//186
f 143//187 144//187 5//187
f 143//185 5//185 7//185
f 144//188 3//188 5//188
f 85//189 145//189 83//189
f 83//190 145//190 146//190
f 83//89 146//88 81//88
f 81//191 146//191 147//192
f 81//86 147//86 79//86
f 79//193 147//193 148//194
f 79//84 148//195 77//84
f 77//196 148//197 149//198
f 77//81 149//81 75//81
f 75//199 149//199 73//200
f 145//201 150//201 146//201
f 146//202 150//202 151//202
f 146//191 151//192 147//192
f 147//203 151//203 152//203
f 147//193 152//194 148//194
f 148//204 152//204 153//205
f 148//197 153//198 149//198
f 149//206 153//206 154//206
f 149//199 154//200 73//200
f 73//207 154//207 71//207
f 150//208 155//208 151//208
f 151//209 155//209 156//209
f 151//203 156//203 152//203
f 152//210 156//210 157//210
f 152//204 157//205 153//205
f 153//211 157//211 158//211
f 153//206 158//212 154//206
f 154//213 158//213 159//214
f 154//207 159//207 71//207
f 71//215 159//215 69//215
f 155//216 160//216 156//216
f 156//217 160//217 161//217
f 156//210 161//210 157//210
f 157//218 161//218 162//218
f 157//211 162//211 158//211
f 158//219 162//219 163//220
f 158//213 163//214 159//214
f 159//221 163//221 164//222
f 159//215 164//215 69//215
f 69//223 164//223 67//224
f 160//225 165//225 161//225
f 161//226 165//226 166//226
f 161//218 166//218 162//218
f 162//227 166//227 167//227
f 162//219 167//220 163//220
f 163//228 167//228 168//228
f 163//221 168//222 164//222
f 164//229 168//229 169//229
f 164//223 169//224 67//224
f 67//230 169//230 65//230
f 165//231 170//231 166//231
f 166//232 170//232 171//232
f 166//227 171//227 167//227
f 167//233 171//233 172//233
f 167//228 172//228 168//228
f 168//234 172//234 173//235
f 168//229 173//229 169//229
f 169//236 173//236 174//236
f 169//230 174//230 65//230
f 65//237 174//237 63//237
f 170//238 175//238 171//238
f 171//239 175//239 176//239
f 171//233 176//233 172//233
f 172//240 176//240 177//240
f 172//234 177//235 173//235
f 173//241 177//241 178//242
f 173//236 178//236 174//236
f 174//243 178//243 179//244
f 174//237 179//237 63//237
f 63//245 179//246 61//246
f 175//247 180//247 176//247
f 176//248 180//248 181//248
f 176//240 181//240 177//240
f 177//249 181//249 182//249
f 177//241 182//242 178//242
f 178//250 182//250 183//250
f 178//243 183//244 179//244
f 179//251 183//251 184//251
f 179//246 184//246 61//246
f 61//252 184//252 59//252
f 180//253 185//253 181//253
f 181//254 185//254 186//254
f 181//249 186//249 182//249
f 182//255 186//255 187//255
f 182//250 187//250 183//250
f 183//256 187//256 188//256
f 183//251 188//251 184//251
f 184//257 188//257 189//257
f 184//252 189//252 59//252
f 59//258 189//258 57//258
f 185//259 190//259 186//259
f 186//260 190//260 191//260
f 186//255 191//255 187//255
f 187//261 191//261 192//261
f 187//256 192//256 188//256
f 188//262 192//262 193//262
f 188//257 193//257 189//257
f 189//263 193//263 55//263
f 189//258 55//258 57//258
f 190//264 194//264 191//264
f 191//265 194//265 195//265
f 191//261 195//261 192//261
f 192//266 195//266 196//266
f 192//262 196//262 193//262
f 193//267 196//267 53//267
f 193//263 53//263 55//263
f 194//268 197//269 195//270
f 195//270 197//269 198//271
f 195//266 198//266 196//266
f 196//272 198//272 51//272
f 196//267 51//267 53//267
f 197//273 199//274 198//275
f 198//275 199//274 49//276
f 198//272 49//272 51//272
f 199//54 47//54 49//54
f 40//277 200//277 38//277
f 38//278 200//278 201//278
f 38//39 201//39 36//39
f 36//279 201//279 202//279
f 36//37 202//37 34//37
f 34//280 202//280 203//281
f 34//35 203//282 32//34
f 32//283 203//283 204//283
f 32//32 204//31 30//31
f 30//284 204//284 28//284
f 200//285 205//285 201//285
f 201//286 205//286 206//286
f 201//279 206//279 202//279
f 202//287 206//287 207//287
f 202//280 207//281 203//281
f 203//288 207//289 208//289
f 203//283 208//283 204//283
f 204//290 208//291 209//291
f 204//284 209//284 28//284
f 28//292 209//292 26//293
f 205//294 210//294 206//294
f 206//295 210//295 211//295
f 206//287 211//287 207//287
f 207//296 211//296 212//296
f 207//289 212//289 208//289
f 208//297 212//297 213//298
f 208//291 213//291 209//291
f 209//299 213//299 214//299
f 209//292 214//293 26//293
f 26//300 214//300 24//301
f 210//302 215//302 211//302
f 211//303 215//303 216//303
f 211//296 216//296 212//296
f 212//304 216//304 217//304
f 212//297 217//298 213//298
f 213//305 217//305 218//306
f 213//299 218//299 214//299
f 214//307 218//307 219//307
f 214//300 219//301 24//301
f 24//308 219//309 22//309
f 215//310 220//310 216//310
f 216//311 220//311 221//311
f 216//304 221//304 217//304
f 217//312 221//312 222//312
f 217//305 222//306 218//306
f 218//313 222//313 223//313
f 218//307 223//307 219//307
f 219//314 223//314 224//315
f 219//309 224//309 22//309
f 22//316 224//316 20//317
f 220//318 225//318 221//318
f 221//319 225//319 226//319
f 221//312 226//312 222//312
f 222//320 226//320 227//321
f 222//313 227//313 223//313
f 223//322 227//322 228//322
f 223//314 228//315 224//315
f 224//323 228//323 229//323
f 224//316 229//317 20//317
f 20//324 229//324 18//324
f 225//325 230//325 226//325
f 226//326 230//326 231//326
f 226//320 231//321 227//321
f 227//327 231//327 232//328
f 227//322 232//322 228//322
f 228//329 232//329 233//330
f 228//323 233//323 229//323
f 229//331 233//331 234//331
f 229//324 234//324 18//324
f 18//332 234//332 16//333
f 230//334 235//334 231//334
f 231//335 235//335 236//335
f 231//327 236//328 232//328
f 232//336 236//336 237//336
f 232//329 237//330 233//330
f 233//337 237//337 238//337
f 233//331 238//331 234//331
f 234//338 238//338 239//338
f 234//332 239//333 16//333
f 16//339 239//339 2//339
f 235//340 240//340 236//340
f 236//341 240//341 241//341
f 236//336 241//336 237//336
f 237//342 241//342 242//342
f 237//337 242//337 238//337
f 238//343 242//344 243//344
f 238//338 243//338 239//338
f 239//345 243//345 244//345
f 239//339 244//339 2//339
f 2//346 244//346 4//346
f 240//347 245//347 241//347
f 241//348 245//348 246//348
f 241//342 246//342 242//342
f 242//349 246//349 247//349
f 242//344 247//344 243//344
f 243//350 247//350 248//350
f 243//345 248//345 244//345
f 244//351 248//351 6//352
f 244//346 6//346 4//346
f 245//353 249//353 246//353
f 246//354 249//354 250//354
f 246//349 250//349 247//349
f 247//355 250//355 251//355
f 247//350 251//350 248//350
f 248//356 251//356 8//357
f 248//351 8//352 6//352
f 249//358 252//359 250//360
f 250//360 252//359 253//361
f 250//355 253//355 251//355
f 251//362 253//362 10//363
f 251//356 10//357 8//357
f 252//364 14//365 253//366
f 253//366 14//365 12//367
f 253//362 12//363 10//363
f 254//368 255//368 14//368
f 14//368 255//368 256//368
f 14//368 256//368 15//368
f 15//368 256//368 257//368
f 15//368 257//368 88//368
f 88//368 257//368 258//368
f 88//368 258//368 86//368
f 86//368 258//368 259//368
f 86//368 259//368 85//368
f 85//368 259//368 260//368
f 85//368 260//368 145//368
f 145//368 260//368 261//368
f 145//368 261//368 150//368
f 150//368 261//368 262//368
f 150//368 262//368 155//368
f 155//368 262//368 263//368
f 155//368 263//368 160//368
f 160//368 263//368 264//368
f 160//368 264//368 165//368
f 165//368 264//368 265//368
f 165//368 265//368 170//368
f 170//368 265//368 266//368
f 170//368 266//368 175//368
f 175//368 266//368 267//368
f 175//368 267//368 180//368
f 180//368 267//368 268//368
f 180//368 268//368 185//368
f 185//368 268//368 269//368
f 185//368 269//368 190//368
f 190//368 269//368 270//368
f 190//368 270//368 194//368
f 194//368 270//368 271//368
f 194//368 271//368 197//368
f 197//368 271//368 272//368
f 197//368 272//368 199//368
f 199//368 272//368 273//368
f 199//368 273//368 47//368
f 47//368 273//368 274//368
f 47//368 274//368 45//368
f 45//368 274//368 275//368
f 45//368 275//368 43//368
f 43//368 275//368 276//368
f 43//368 276//368 41//368
f 41//368 276//368 277//368
f 41//368 277//368 40//368
f 40//368 277//368 278//368
f 40//368 278//368 200//368
f 200//368 278//368 279//368
f 200//368 279//368 205//368
f 205//368 279//368 280//368
f 205//368 280//368 210//368
f 210//368 280//368 281//368
f 210//368 281//368 215//368
f 215//368 281//368 282//368
f 215//368 282//368 220//368
f 220//368 282//368 283//368
f 220//368 283//368 225//368
f 225//368 283//368 284//368
f 225//368 284//368 230//368
f 230//368 284//368 285//368
f 230//368 285//368 235//368
f 235//368 285//368 286//368
f 235//368 286//368 240//368
f 240//368 286//368 287//368
f 240//368 287//368 245//368
f 245//368 287//368 288//368
f 245//368 288//368 249//368
f 249//368 288//368 289//368
f 249//368 289//368 252//368
f 252//368 289//368 254//368
f 252//368 254//368 14//368
f 290//369 1//369 291//369
f 291//369 1//369 3//369
f 291//370 3//370 292//370
f 292//370 3//370 144//370
f 292//371 144//371 293//371
f 293//371 144//371 142//371
f 293//372 142//372 294//372
f 294//372 142//372 139//372
f 294//373 139//373 295//373
f 295//373 139//373 135//373
f 295//374 135//374 296//374
f 296//374 135//374 130//374
f 296//375 130//375 297//375
f 297//375 130//375 125//375
f 297//376 125//376 298//376
f 298//376 125//376 120//376
f 298//377 120//377 299//377
f 299//377 120//377 74//377
f 299//378 74//378 300//378
f 300//378 74//378 72//378
f 300//379 72//379 301//379
f 301//379 72//379 70//379
f 301//380 70//380 302//380
f 302//380 70//380 68//380
f 302//381 68//381 303//381
f 303//381 68//381 66//381
f 303//382 66//382 304//382
f 304//382 66//382 64//382
f 304//383 64//383 305//383
f 305//383 64//383 62//383
f 305//384 62//384 306//384
f 306//384 62//384 60//384
f 306//385 60//385 307//385
f 307//385 60//385 58//385
f 307//386 58//386 308//386
f 308//386 58//386 119//386
f 308//387 119//387 309//387
f 309//387 119//387 117//387
f 309//388 117//388 310//388
f 310//388 117//388 114//388
f 310//389 114//389 311//389
f 311//389 114//389 110//389
f 311//390 110//390 312//390
f 312//390 110//390 105//390
f 312//391 105//391 313//391
f 313//391 105//391 100//391
f 313//392 100//392 314//392
f 314//392 100//392 95//392
f 314//393 95//393 315//393
f 315//393 95//393 90//393
f 315//394 90//394 316//394
f 316//394 90//394 29//394
f 316//395 29//395 317//395
f 317//395 29//395 27//395
f 317//396 27//396 318//396
f 318//396 27//396 25//396
f 318//397 25//397 319//397
f 319//397 25//397 23//397
f 319//398 23//398 320//398
f 320//398 23//398 21//398
f 320//399 21//399 321//399
f 321//399 21//399 19//399
f 321//400 19//400 322//400
f 322//400 19//400 17//400
f 322//401 17//401 290//401
f 290//401 17//401 1//401
f 323//402 324//402 325//402
f 325//402 324//402 326//402
f 325//403 326//403 327//403
f 327//403 326//403 328//403
f 327//404 328//404 329//404
f 329//404 328//404 330//404
f 329//405 330//405 331//405
f 331//405 330//405 332//405
f 331//406 332//406 333//406
f 333//406 332//406 334//406
f 333//407 334//407 335//408
f 335//408 334//407 336//408
f 335//409 336//409 337//410
f 337//410 336//409 338//410
f 337//411 338//411 339//411
f 339//411 338//411 340//411
f 339//412 340//412 341//412
f 341//412 340//412 342//412
f 341//413 342//414 343//415
f 343//415 342//414 344//415
f 343//416 344//416 345//416
f 345//416 344//416 346//417
f 345//418 346//418 347//419
f 347//419 346//418 348//419
f 347//420 348//421 349//421
f 349//421 348//421 350//421
f 349//422 350//422 351//422
f 351//422 350//422 352//422
f 351//423 352//423 353//423
f 353//423 352//423 354//424
f 353//425 354//425 355//426
f 355//426 354//425 356//426
f 355//427 356//427 357//427
f 357//427 356//427 358//427
f 357//428 358//428 359//428
f 359//428 358//428 360//428
f 359//429 360//429 361//429
f 361//429 360//429 362//429
f 361//430 362//430 363//430
f 363//430 362//430 364//430
f 363//431 364//431 365//431
f 365//431 364//431 366//431
f 365//432 366//432 367//432
f 367//432 366//432 368//432
f 367//433 368//433 369//433
f 369//433 368//433 370//433
f 369//434 370//434 371//434
f 371//434 370//434 372//434
f 371//435 372//435 373//436
f 373//436 372//435 374//436
f 373//437 374//437 375//438
f 375//438 374//437 376//438
f 375//439 376//439 377//439
f 377//439 376//439 378//439
f 377//440 378//440 379//440
f 379//440 378//440 380//440
f 379//441 380//441 381//441
f 381//441 380//441 382//441
f 381//442 382//442 383//443
f 383//443 382//442 384//444
f 383//445 384//445 385//446
f 385//446 384//445 386//446
f 385//447 386//448 387//448
f 387//448 386//448 388//448
f 387//449 388//449 389//449
f 389//449 388//449 390//449
f 389//450 390//450 391//450
f 391//450 390//450 392//451
f 391//452 392//452 393//453
f 393//453 392//452 394//453
f 393//454 394//454 395//454
f 395//454 394//454 396//454
f 395//455 396//455 397//456
f 397//456 396//455 398//456
f 397//457 398//457 323//457
f 323//457 398//457 324//457
f 254//458 399//459 255//460
f 255//460 399//459 400//461
f 255//462 400//463 401//464
f 401//465 400//465 402//465
f 401//465 402//465 403//465
f 403//466 402//466 404//466
f 403//466 404//466 405//466
f 405//467 404//467 406//467
f 405//467 406//467 407//467
f 407//468 406//468 326//468
f 407//468 326//468 324//468
f 399//469 254//470 408//471
f 408//471 254//470 289//472
f 408//473 289//473 409//473
f 409//474 289//474 288//474
f 409//475 288//475 410//475
f 410//476 288//476 287//476
f 410//477 287//477 411//477
f 411//478 287//478 286//478
f 411//479 286//479 412//479
f 412//480 286//480 285//480
f 412//481 285//481 413//481
f 413//482 285//482 284//482
f 413//483 284//483 414//483
f 414//484 284//484 283//484
f 414//485 283//485 415//485
f 415//486 283//486 282//486
f 415//487 282//487 416//487
f 416//488 282//488 281//488
f 416//489 281//489 417//489
f 417//490 281//490 280//490
f 417//491 280//491 418//491
f 418//492 280//492 279//492
f 418//493 279//493 419//493
f 419//494 279//494 278//494
f 419//495 278//495 420//495
f 420//496 278//496 277//496
f 420//497 277//497 421//497
f 421//498 277//498 276//498
f 421//499 276//499 422//499
f 422//500 276//500 275//500
f 422//501 275//501 423//501
f 423//502 275//503 274//504
f 423//502 274//504 424//505
f 424//506 274//507 273//508
f 424//506 273//508 425//509
f 425//510 273//511 426//512
f 425//513 426//513 427//513
f 427//514 426//514 428//514
f 427//515 428//515 429//515
f 429//516 428//516 430//516
f 429//517 430//517 431//517
f 431//518 430//518 432//518
f 431//519 432//519 372//519
f 372//520 432//520 374//521
f 273//511 272//522 426//512
f 426//523 272//524 433//525
f 426//514 433//514 428//514
f 428//526 433//526 434//526
f 428//516 434//516 430//516
f 430//527 434//527 435//528
f 430//518 435//518 432//518
f 432//529 435//529 436//529
f 432//520 436//521 374//521
f 374//530 436//530 376//531
f 272//524 271//532 433//525
f 433//533 271//533 437//533
f 433//526 437//526 434//526
f 434//534 437//534 438//534
f 434//527 438//528 435//528
f 435//535 438//535 439//536
f 435//529 439//529 436//529
f 436//537 439//537 440//537
f 436//530 440//531 376//531
f 376//538 440//538 378//539
f 271//540 270//540 437//540
f 437//541 270//541 441//541
f 437//534 441//534 438//534
f 438//542 441//542 442//542
f 438//535 442//536 439//536
f 439//543 442//543 443//543
f 439//537 443//537 440//537
f 440//544 443//544 444//544
f 440//538 444//539 378//539
f 378//545 444//545 380//545
f 270//546 269//546 441//546
f 441//547 269//547 445//547
f 441//542 445//542 442//542
f 442//548 445//548 446//549
f 442//543 446//543 443//543
f 443//550 446//550 447//551
f 443//544 447//544 444//544
f 444//552 447//552 448//552
f 444//545 448//545 380//545
f 380//553 448//553 382//554
f 269//555 268//555 445//555
f 445//556 268//556 449//556
f 445//548 449//549 446//549
f 446//557 449//557 450//557
f 446//550 450//551 447//551
f 447//558 450//558 451//558
f 447//552 451//552 448//552
f 448//559 451//559 452//559
f 448//553 452//554 382//554
f 382//560 452//560 384//560
f 268//561 267//561 449//561
f 449//562 267//562 453//562
f 449//557 453//557 450//557
f 450//563 453//563 454//563
f 450//558 454//558 451//558
f 451//564 454//564 455//565
f 451//559 455//559 452//559
f 452//566 455//566 456//566
f 452//560 456//560 384//560
f 384//567 456//567 386//567
f 267//568 266//568 453//568
f 453//569 266//569 457//569
f 453//563 457//563 454//563
f 454//570 457//570 458//571
f 454//564 458//565 455//565
f 455//572 458//572 459//572
f 455//566 459//573 456//566
f 456//574 459//574 460//574
f 456//567 460//567 386//567
f 386//575 460//575 388//576
f 266//577 265//577 457//577
f 457//578 265//578 461//578
f 457//570 461//571 458//571
f 458//579 461//579 462//579
f 458//572 462//572 459//572
f 459//580 462//580 463//581
f 459//574 463//574 460//574
f 460//582 463//582 464//582
f 460//575 464//576 388//576
f 388//583 464//583 390//583
f 265//584 264//584 461//584
f 461//585 264//585 465//585
f 461//579 465//586 462//579
f 462//587 465//587 466//587
f 462//580 466//581 463//581
f 463//588 466//588 467//588
f 463//582 467//582 464//582
f 464//589 467//589 468//590
f 464//583 468//583 390//583
f 390//591 468//591 392//592
f 264//593 263//593 465//593
f 465//594 263//594 469//594
f 465//587 469//587 466//587
f 466//595 469//595 470//595
f 466//588 470//588 467//588
f 467//596 470//596 471//596
f 467//589 471//590 468//590
f 468//597 471//597 472//598
f 468//591 472//592 392//592
f 392//599 472//599 394//600
f 263//601 262//601 469//601
f 469//602 262//602 473//602
f 469//595 473//595 470//595
f 470//603 473//603 474//603
f 470//596 474//596 471//596
f 471//604 474//604 475//605
f 471//597 475//598 472//598
f 472//606 475//607 476//607
f 472//599 476//600 394//600
f 394//608 476//608 396//608
f 262//609 261//609 473//609
f 473//610 261//610 477//610
f 473//603 477//603 474//603
f 474//611 477//611 478//611
f 474//604 478//612 475//605
f 475//613 478//613 479//613
f 475//607 479//607 476//607
f 476//614 479//614 480//615
f 476//608 480//608 396//608
f 396//616 480//616 398//616
f 261//617 260//617 477//617
f 477//618 260//618 481//618
f 477//611 481//611 478//611
f 478//619 481//619 482//619
f 478//613 482//613 479//613
f 479//620 482//620 483//620
f 479//614 483//615 480//615
f 480//621 483//621 484//621
f 480//616 484//616 398//616
f 398//622 484//622 324//622
f 260//623 259//623 481//623
f 481//624 259//624 485//624
f 481//619 485//619 482//619
f 482//625 485//625 486//625
f 482//620 486//620 483//620
f 483//626 486//626 487//627
f 483//621 487//621 484//621
f 484//628 487//628 407//629
f 484//622 407//622 324//622
f 259//630 258//630 485//630
f 485//631 258//631 488//631
f 485//625 488//625 486//625
f 486//632 488//632 489//632
f 486//626 489//627 487//627
f 487//633 489//633 405//634
f 487//628 405//629 407//629
f 258//635 257//635 488//635
f 488//636 257//636 490//636
f 488//632 490//632 489//632
f 489//637 490//637 403//637
f 489//633 403//634 405//634
f 257//638 256//639 490//640
f 490//640 256//639 401//641
f 490//637 401//637 403//637
f 256//642 255//462 401//464
f 364//643 491//643 366//643
f 366//643 491//643 492//643
f 366//644 492//644 368//644
f 368//644 492//644 493//644
f 368//645 493//645 370//645
f 370//645 493//645 431//645
f 370//519 431//519 372//519
f 491//646 494//646 492//646
f 492//646 494//646 495//646
f 492//647 495//647 493//648
f 493//648 495//647 429//648
f 493//517 429//517 431//517
f 491//649 364//649 496//649
f 496//649 364//649 362//649
f 496//650 362//650 497//650
f 497//650 362//650 360//650
f 497//651 360//651 498//651
f 498//651 360//651 358//651
f 498//652 358//652 499//652
f 499//652 358//652 356//652
f 499//653 356//653 500//654
f 500//654 356//653 354//654
f 500//655 354//655 501//656
f 501//656 354//655 352//656
f 501//657 352//657 502//657
f 502//657 352//657 350//657
f 502//658 350//658 503//659
f 503//659 350//658 348//659
f 503//660 348//660 504//661
f 504//661 348//660 346//661
f 504//662 346//662 505//662
f 505//662 346//662 344//662
f 505//663 344//663 506//664
f 506//664 344//663 342//664
f 506//665 342//665 507//666
f 507//666 342//665 340//666
f 507//667 340//668 508//669
f 508//669 340//668 338//669
f 508//670 338//670 509//671
f 509//671 338//670 336//671
f 509//672 336//672 510//673
f 510//673 336//672 334//673
f 510//674 334//674 511//674
f 511//674 334//674 332//674
f 511//675 332//675 512//676
f 512//676 332//675 330//676
f 512//677 330//677 513//677
f 513//677 330//677 328//677
f 513//678 328//678 406//678
f 406//678 328//678 326//678
f 494//679 514//679 495//679
f 495//679 514//679 427//679
f 495//515 427//515 429//515
f 494//680 491//680 515//680
f 515//680 491//680 496//680
f 515//681 496//681 516//682
f 516//682 496//681 497//682
f 516//683 497//683 517//683
f 517//683 497//683 498//683
f 517//684 498//684 518//684
f 518//684 498//684 499//684
f 518//685 499//685 519//685
f 519//685 499//685 500//685
f 519//686 500//686 520//687
f 520//687 500//686 501//687
f 520//688 501//688 521//689
f 521//689 501//688 502//689
f 521//690 502//691 522//691
f 522//691 502//691 503//691
f 522//692 503//692 523//692
f 523//692 503//692 504//692
f 523//693 504//693 524//693
f 524//693 504//693 505//694
f 524//695 505//695 525//695
f 525//695 505//695 506//696
f 525//697 506//697 526//697
f 526//697 506//697 507//697
f 526//698 507//698 527//699
f 527//699 507//698 508//699
f 527//700 508//700 528//700
f 528//700 508//700 509//700
f 528//701 509//701 529//701
f 529//701 509//701 510//701
f 529//702 510//702 530//702
f 530//702 510//702 511//702
f 530//703 511//703 531//703
f 531//703 511//703 512//703
f 531//704 512//704 532//705
f 532//705 512//704 513//705
f 532//706 513//706 404//706
f 404//706 513//706 406//706
f 424//707 425//707 514//707
f 514//513 425//513 427//513
f 514//708 494//708 533//708
f 533//708 494//708 515//708
f 533//709 515//709 534//710
f 534//710 515//709 516//710
f 534//711 516//711 535//711
f 535//711 516//711 517//711
f 535//712 517//712 536//712
f 536//712 517//712 518//712
f 536//713 518//713 537//714
f 537//714 518//713 519//714
f 537//715 519//715 538//716
f 538//716 519//715 520//716
f 538//717 520//717 539//718
f 539//718 520//717 521//718
f 539//719 521//719 540//719
f 540//719 521//719 522//719
f 540//720 522//720 541//721
f 541//721 522//720 523//721
f 541//722 523//722 542//722
f 542//722 523//722 524//722
f 542//723 524//723 543//723
f 543//723 524//723 525//723
f 543//724 525//724 544//724
f 544//724 525//724 526//724
f 544//725 526//725 545//726
f 545//726 526//725 527//727
f 545//728 527//728 546//729
f 546//729 527//728 528//729
f 546//730 528//730 547//731
f 547//731 528//730 529//731
f 547//732 529//732 548//732
f 548//732 529//732 530//732
f 548//733 530//733 549//733
f 549//733 530//733 531//733
f 549//734 531//734 550//734
f 550//734 531//734 532//734
f 550//735 532//735 402//735
f 402//735 532//735 404//735
f 550//736 402//736 400//736
f 550//736 400//736 399//736
f 423//737 424//737 533//737
f 533//707 424//707 514//707
f 423//737 533//737 534//737
f 422//738 423//738 534//738
f 422//738 534//738 535//738
f 421//739 422//739 535//739
f 421//739 535//739 536//739
f 420//740 421//740 536//740
f 420//740 536//740 537//740
f 419//741 420//741 537//741
f 419//741 537//741 538//741
f 418//742 419//742 538//742
f 418//742 538//742 539//742
f 417//743 418//743 539//743
f 417//743 539//743 540//743
f 416//744 417//744 540//744
f 416//744 540//744 541//744
f 415//745 416//745 541//745
f 415//745 541//745 542//745
f 414//746 415//746 542//746
f 414//746 542//746 543//746
f 413//747 414//747 543//747
f 413//747 543//747 544//747
f 412//748 413//748 544//748
f 412//748 544//748 545//748
f 411//749 412//750 545//749
f 411//749 545//749 546//749
f 410//751 411//751 546//751
f 410//751 546//751 547//751
f 409//752 410//752 547//752
f 409//752 547//752 548//752
f 408//753 409//753 548//753
f 408//753 548//753 549//753
f 399//754 408//754 549//754
f 399//754 549//754 550//754
f 551//755 323//755 552//755
f 552//755 323//755 325//755
f 552//756 325//756 553//756
f 553//756 325//756 327//756
f 553//757 327//757 554//757
f 554//757 327//757 329//757
f 554//758 329//758 555//758
f 555//758 329//758 331//758
f 555//759 331//759 556//759
f 556//759 331//759 333//759
f 556//760 333//760 557//760
f 557//760 333//760 335//760
f 557//761 335//761 558//761
f 558//761 335//761 337//761
f 558//762 337//762 559//762
f 559//762 337//762 339//762
f 559//763 339//763 560//763
f 560//763 339//763 341//763
f 560//764 341//764 561//764
f 561//764 341//764 343//764
f 561//765 343//765 562//765
f 562//765 343//765 345//765
f 562//766 345//766 563//766
f 563//766 345//766 347//766
f 563//767 347//767 564//767
f 564//767 347//767 349//767
f 564//768 349//768 565//768
f 565//768 349//768 351//768
f 565//769 351//769 566//769
f 566//769 351//769 353//769
f 566//770 353//770 567//770
f 567//770 353//770 355//770
f 567//771 355//771 568//771
f 568//771 355//771 357//771
f 568//772 357//772 569//772
f 569//772 357//772 359//772
f 569//773 359//773 570//773
f 570//773 359//773 361//773
f 570//774 361//774 571//774
f 571//774 361//774 363//774
f 571//775 363//775 572//775
f 572//775 363//775 365//775
f 572//776 365//776 573//776
f 573//776 365//776 367//776
f 573//777 367//777 574//777
f 574//777 367//777 369//777
f 574//778 369//778 575//778
f 575//778 369//778 371//778
f 575//779 371//779 576//779
f 576//779 371//779 373//779
f 576//780 373//780 577//780
f 577//780 373//780 375//780
f 577//781 375//781 578//781
f 578//781 375//781 377//781
f 578//782 377//782 579//782
f 579//782 377//782 379//782
f 579//783 379//783 580//783
f 580//783 379//783 381//783
f 580//784 381//784 581//784
f 581//784 381//784 383//784
f 581//785 383//785 582//785
f 582//785 383//785 385//785
f 582//786 385//786 583//786
f 583//786 385//786 387//786
f 583//787 387//787 584//787
f 584//787 387//787 389//787
f 584//788 389//788 585//788
f 585//788 389//788 391//788
f 585//789 391//789 586//789
f 586//789 391//789 393//789
f 586//790 393//790 587//790
f 587//790 393//790 395//790
f 587//791 395//791 588//791
f 588//791 395//791 397//791
f 588//792 397//792 551//792
f 551//792 397//792 323//792
f 589//1 590//1 591//1
f 591//2 590//2 592//2
f 591//3 592//3 593//3
f 593//4 592//4 594//4
f 593//4 594//4 595//4
f 595//5 594//5 596//5
f 595//5 596//5 597//5
f 597//8 596//8 598//8
f 597//8 598//8 599//8
f 599//9 598//9 600//9
f 599//9 600//9 601//10
f 601//793 600//12 602//13
f 601//793 602//13 603//14
f 590//15 589//15 604//15
f 604//16 589//16 605//16
f 604//17 605//17 606//17
f 606//18 605//18 607//18
f 606//19 607//19 608//19
f 608//20 607//20 609//20
f 608//794 609//794 610//794
f 610//22 609//22 611//22
f 610//23 611//23 612//23
f 612//795 611//795 613//795
f 612//25 613//25 614//25
f 614//26 613//26 615//26
f 614//796 615//796 616//796
f 616//28 615//28 617//28
f 616//797 617//797 618//797
f 618//30 617//30 619//30
f 618//32 619//32 620//32
f 620//33 619//33 621//33
f 620//35 621//35 622//35
f 622//36 621//36 623//36
f 622//37 623//37 624//37
f 624//38 623//38 625//38
f 624//39 625//39 626//39
f 626//40 625//40 627//40
f 626//41 627//41 628//41
f 628//798 627//798 629//798
f 629//43 627//43 630//43
f 629//44 630//44 631//44
f 631//45 630//45 632//45
f 631//46 632//47 633//48
f 633//48 632//47 634//49
f 633//50 634//51 635//52
f 635//52 634//51 636//53
f 635//54 636//54 637//54
f 637//55 636//55 638//55
f 637//55 638//55 639//55
f 639//57 638//58 640//58
f 639//57 640//58 641//57
f 641//59 640//59 642//59
f 641//59 642//59 643//59
f 643//60 642//60 644//60
f 643//60 644//60 645//60
f 645//62 644//62 646//62
f 645//63 646//63 647//63
f 647//64 646//64 648//64
f 647//65 648//65 649//65
f 649//66 648//66 650//66
f 649//67 650//67 651//67
f 651//68 650//68 652//68
f 651//69 652//69 653//69
f 653//70 652//70 654//70
f 653//71 654//71 655//71
f 655//72 654//72 656//72
f 655//73 656//73 657//73
f 657//74 656//74 658//74
f 657//799 658//799 659//799
f 659//76 658//76 660//76
f 659//77 660//77 661//77
f 661//78 660//78 662//78
f 661//79 662//79 663//79
f 663//800 662//800 664//800
f 663//81 664//81 665//81
f 665//82 664//82 666//82
f 665//84 666//84 667//84
f 667//85 666//85 668//85
f 667//86 668//86 669//86
f 669//87 668//87 670//87
f 669//89 670//88 671//89
f 671//801 670//801 672//90
f 671//91 672//91 673//91
f 673//802 672//802 674//802
f 674//803 672//803 675//803
f 674//94 675//94 676//94
f 676//95 675//95 677//95
f 676//96 677//97 603//98
f 603//98 677//97 601//99
f 617//100 678//100 619//100
f 619//804 678//804 679//804
f 619//33 679//33 621//33
f 621//805 679//805 680//102
f 621//36 680//36 623//36
f 623//104 680//104 681//104
f 623//38 681//38 625//38
f 625//105 681//105 682//106
f 625//40 682//40 627//40
f 627//107 682//107 630//107
f 678//108 683//108 679//108
f 679//109 683//109 684//109
f 679//805 684//102 680//102
f 680//111 684//111 685//111
f 680//104 685//104 681//104
f 681//112 685//112 686//112
f 681//105 686//106 682//106
f 682//113 686//113 687//806
f 682//107 687//107 630//107
f 630//114 687//114 632//114
f 683//115 688//115 684//115
f 684//116 688//116 689//116
f 684//111 689//111 685//111
f 685//118 689//118 690//117
f 685//112 690//112 686//112
f 686//120 690//120 691//120
f 686//113 691//806 687//806
f 687//121 691//121 692//121
f 687//114 692//114 632//114
f 632//123 692//123 634//123
f 688//807 693//807 689//807
f 689//125 693//125 694//125
f 689//118 694//808 690//117
f 690//126 694//126 695//126
f 690//120 695//120 691//120
f 691//127 695//127 696//127
f 691//121 696//121 692//121
f 692//129 696//129 697//809
f 692//123 697//122 634//123
f 634//130 697//130 636//130
f 693//131 698//131 694//131
f 694//132 698//132 699//132
f 694//126 699//126 695//126
f 695//133 699//133 700//133
f 695//127 700//127 696//127
f 696//134 700//134 701//134
f 696//129 701//809 697//809
f 697//136 701//136 638//136
f 697//130 638//130 636//130
f 698//137 702//137 699//137
f 699//138 702//138 703//138
f 699//133 703//133 700//133
f 700//140 703//140 704//140
f 700//134 704//134 701//134
f 701//141 704//141 640//141
f 701//136 640//136 638//136
f 702//142 705//142 703//142
f 703//143 705//143 706//143
f 703//140 706//140 704//140
f 704//144 706//144 642//144
f 704//141 642//141 640//141
f 705//145 707//145 706//145
f 706//146 707//146 644//146
f 706//144 644//144 642//144
f 707//62 646//62 644//62
f 662//147 708//147 664//147
f 664//810 708//810 709//810
f 664//82 709//82 666//82
f 666//150 709//150 710//150
f 666//85 710//85 668//85
f 668//151 710//151 711//151
f 668//87 711//87 670//87
f 670//153 711//153 712//154
f 670//801 712//90 672//90
f 672//155 712//155 675//155
f 708//156 713//156 709//156
f 709//157 713//157 714//157
f 709//150 714//150 710//150
f 710//811 714//811 715//166
f 710//151 715//151 711//151
f 711//160 715//160 716//160
f 711//153 716//154 712//154
f 712//162 716//162 717//162
f 712//155 717//155 675//155
f 675//812 717//812 677//163
f 713//813 718//813 714//813
f 714//165 718//165 719//165
f 714//811 719//166 715//166
f 715//168 719//168 720//168
f 715//160 720//814 716//160
f 716//815 720//169 721//169
f 716//162 721//162 717//162
f 717//170 721//170 722//170
f 717//812 722//163 677//163
f 677//171 722//171 601//171
f 718//172 723//172 719//172
f 719//816 723//816 724//816
f 719//168 724//168 720//168
f 720//174 724//174 725//174
f 720//169 725//169 721//169
f 721//175 725//175 726//175
f 721//170 726//817 722//170
f 722//176 726//176 599//176
f 722//171 599//171 601//171
f 723//177 727//177 724//177
f 724//178 727//178 728//178
f 724//174 728//174 725//174
f 725//179 728//179 729//180
f 725//175 729//175 726//175
f 726//181 729//181 597//182
f 726//176 597//176 599//176
f 727//183 730//183 728//183
f 728//184 730//184 731//184
f 728//179 731//180 729//180
f 729//185 731//185 595//185
f 729//181 595//182 597//182
f 730//186 732//186 731//186
f 731//187 732//187 593//187
f 731//185 593//185 595//185
f 732//188 591//188 593//188
f 673//818 733//818 671//818
f 671//190 733//190 734//190
f 671//89 734//89 669//89
f 669//192 734//192 735//191
f 669//86 735//86 667//86
f 667//194 735//194 736//194
f 667//84 736//84 665//84
f 665//198 736//198 737//198
f 665//81 737//81 663//81
f 663//199 737//199 661//200
f 733//201 738//201 734//201
f 734//202 738//202 739//202
f 734//192 739//819 735//191
f 735//203 739//203 740//203
f 735//194 740//194 736//194
f 736//205 740//205 741//205
f 736//198 741//198 737//198
f 737//206 741//206 742//206
f 737//199 742//200 661//200
f 661//207 742//207 659//207
f 738//208 743//208 739//208
f 739//209 743//209 744//209
f 739//203 744//203 740//203
f 740//210 744//210 745//210
f 740//205 745//205 741//205
f 741//211 745//211 746//211
f 741//206 746//212 742//206
f 742//214 746//214 747//213
f 742//207 747//207 659//207
f 659//820 747//820 657//215
f 743//216 748//216 744//216
f 744//217 748//217 749//217
f 744//210 749//210 745//210
f 745//218 749//218 750//218
f 745//211 750//211 746//211
f 746//219 750//219 751//220
f 746//214 751//213 747//213
f 747//222 751//222 752//222
f 747//820 752//215 657//215
f 657//821 752//821 655//223
f 748//225 753//225 749//225
f 749//226 753//226 754//226
f 749//218 754//218 750//218
f 750//227 754//227 755//227
f 750//219 755//220 751//220
f 751//228 755//228 756//228
f 751//222 756//222 752//222
f 752//229 756//229 757//229
f 752//821 757//223 655//223
f 655//230 757//230 653//822
f 753//231 758//231 754//231
f 754//232 758//232 759//232
f 754//227 759//227 755//227
f 755//233 759//233 760//233
f 755//228 760//228 756//228
f 756//234 760//234 761//234
f 756//229 761//229 757//229
f 757//236 761//236 762//236
f 757//230 762//822 653//822
f 653//237 762//237 651//237
f 758//238 763//238 759//238
f 759//239 763//239 764//239
f 759//233 764//233 760//233
f 760//823 764//240 765//240
f 760//234 765//235 761//234
f 761//242 765//242 766//242
f 761//236 766//824 762//236
f 762//244 766//244 767//244
f 762//237 767//237 651//237
f 651//825 767//246 649//246
f 763//247 768//247 764//247
f 764//248 768//248 769//248
f 764//240 769//240 765//240
f 765//249 769//249 770//249
f 765//242 770//242 766//242
f 766//250 770//250 771//250
f 766//244 771//244 767//244
f 767//251 771//251 772//251
f 767//246 772//246 649//246
f 649//252 772//252 647//252
f 768//253 773//253 769//253
f 769//254 773//254 774//254
f 769//249 774//249 770//249
f 770//255 774//255 775//255
f 770//250 775//250 771//250
f 771//256 775//256 776//256
f 771//251 776//251 772//251
f 772//257 776//257 777//257
f 772//252 777//252 647//252
f 647//258 777//258 645//258
f 773//826 778//826 774//826
f 774//260 778//260 779//260
f 774//255 779//255 775//255
f 775//261 779//261 780//261
f 775//256 780//256 776//256
f 776//827 780//827 781//262
f 776//257 781//257 777//257
f 777//263 781//263 643//263
f 777//258 643//258 645//258
f 778//264 782//264 779//264
f 779//265 782//265 783//265
f 779//261 783//261 780//261
f 780//266 783//266 784//266
f 780//827 784//262 781//262
f 781//267 784//267 641//267
f 781//263 641//263 643//263
f 782//268 785//269 783//270
f 783//270 785//269 786//271
f 783//266 786//266 784//266
f 784//272 786//272 639//272
f 784//267 639//267 641//267
f 785//273 787//274 786//275
f 786//275 787//274 637//276
f 786//272 637//272 639//272
f 787//828 635//54 637//54
f 628//277 788//277 626//277
f 626//278 788//278 789//278
f 626//39 789//39 624//39
f 624//279 789//279 790//279
f 624//37 790//37 622//37
f 622//280 790//280 791//280
f 622//35 791//34 620//35
f 620//283 791//283 792//283
f 620//32 792//32 618//32
f 618//284 792//284 616//284
f 788//285 793//285 789//285
f 789//286 793//286 794//286
f 789//279 794//279 790//279
f 790//287 794//287 795//287
f 790//280 795//280 791//280
f 791//289 795//289 796//289
f 791//283 796//283 792//283
f 792//291 796//291 797//291
f 792//284 797//284 616//284
f 616//292 797//292 614//292
f 793//294 798//294 794//294
f 794//295 798//295 799//295
f 794//287 799//287 795//287
f 795//296 799//296 800//296
f 795//289 800//289 796//289
f 796//298 800//298 801//297
f 796//291 801//291 797//291
f 797//299 801//299 802//299
f 797//292 802//292 614//292
f 614//300 802//300 612//300
f 798//302 803//302 799//302
f 799//303 803//303 804//303
f 799//296 804//296 800//296
f 800//304 804//304 805//304
f 800//298 805//297 801//297
f 801//306 805//306 806//306
f 801//299 806//299 802//299
f 802//307 806//307 807//307
f 802//300 807//300 612//300
f 612//308 807//308 610//829
f 803//310 808//310 804//310
f 804//311 808//311 809//311
f 804//304 809//304 805//304
f 805//312 809//312 810//312
f 805//306 810//306 806//306
f 806//313 810//313 811//313
f 806//307 811//307 807//307
f 807//315 811//315 812//314
f 807//308 812//829 610//829
f 610//317 812//316 608//316
f 808//318 813//318 809//318
f 809//319 813//319 814//319
f 809//312 814//312 810//312
f 810//320 814//320 815//320
f 810//313 815//313 811//313
f 811//322 815//322 816//322
f 811//315 816//314 812//314
f 812//323 816//323 817//323
f 812//316 817//316 608//316
f 608//324 817//324 606//324
f 813//325 818//325 814//325
f 814//326 818//326 819//326
f 814//320 819//320 815//320
f 815//327 819//327 820//327
f 815//322 820//322 816//322
f 816//329 820//329 821//330
f 816//323 821//323 817//323
f 817//331 821//331 822//331
f 817//324 822//324 606//324
f 606//333 822//333 604//332
f 818//334 823//334 819//334
f 819//335 823//335 824//335
f 819//327 824//327 820//327
f 820//830 824//830 825//336
f 820//329 825//330 821//330
f 821//337 825//337 826//337
f 821//331 826//831 822//331
f 822//338 826//338 827//338
f 822//333 827//332 604//332
f 604//339 827//339 590//339
f 823//832 828//832 824//832
f 824//341 828//341 829//341
f 824//830 829//336 825//336
f 825//342 829//342 830//342
f 825//337 830//337 826//337
f 826//344 830//344 831//344
f 826//338 831//338 827//338
f 827//345 831//345 832//345
f 827//339 832//339 590//339
f 590//346 832//346 592//346
f 828//833 833//833 829//833
f 829//834 833//834 834//834
f 829//342 834//342 830//342
f 830//349 834//349 835//349
f 830//344 835//344 831//344
f 831//350 835//350 836//350
f 831//345 836//345 832//345
f 832//352 836//352 594//352
f 832//346 594//346 592//346
f 833//353 837//353 834//353
f 834//354 837//354 838//354
f 834//349 838//349 835//349
f 835//355 838//355 839//355
f 835//350 839//350 836//350
f 836//356 839//356 596//356
f 836//352 596//352 594//352
f 837//358 840//359 838//360
f 838//360 840//359 841//361
f 838//355 841//355 839//355
f 839//363 841//363 598//363
f 839//356 598//356 596//356
f 840//835 602//365 841//366
f 841//366 602//365 600//367
f 841//363 600//363 598//363
f 842//368 843//368 602//368
f 602//368 843//368 844//368
f 602//368 844//368 603//368
f 603//368 844//368 845//368
f 603//368 845//368 676//368
f 676//368 845//368 846//368
f 676//368 846//368 674//368
f 674//368 846//368 847//368
f 674//368 847//368 673//368
f 673//368 847//368 848//368
f 673//368 848//368 733//368
f 733//368 848//368 849//368
f 733//368 849//368 738//368
f 738//368 849//368 850//368
f 738//368 850//368 743//368
f 743//368 850//368 851//368
f 743//368 851//368 748//368
f 748//368 851//368 852//368
f 748//368 852//368 753//368
f 753//368 852//368 853//368
f 753//368 853//368 758//368
f 758//368 853//368 854//368
f 758//368 854//368 763//368
f 763//368 854//368 855//368
f 763//368 855//368 768//368
f 768//368 855//368 856//368
f 768//368 856//368 773//368
f 773//368 856//368 857//368
f 773//368 857//368 778//368
f 778//368 857//368 858//368
f 778//368 858//368 782//368
f 782//368 858//368 859//368
f 782//368 859//368 785//368
f 785//368 859//368 860//368
f 785//368 860//368 787//368
f 787//368 860//368 861//368
f 787//368 861//368 635//368
f 635//368 861//368 862//368
f 635//368 862//368 633//368
f 633//368 862//368 863//368
f 633//368 863//368 631//368
f 631//368 863//368 864//368
f 631//368 864//368 629//368
f 629//368 864//368 865//368
f 629//368 865//368 628//368
f 628//368 865//368 866//368
f 628//368 866//368 788//368
f 788//368 866//368 867//368
f 788//368 867//368 793//368
f 793//368 867//368 868//368
f 793//368 868//368 798//368
f 798//368 868//368 869//368
f 798//368 869//368 803//368
f 803//368 869//368 870//368
f 803//368 870//368 808//368
f 808//368 870//368 871//368
f 808//368 871//368 813//368
f 813//368 871//368 872//368
f 813//368 872//368 818//368
f 818//368 872//368 873//368
f 818//368 873//368 823//368
f 823//368 873//368 874//368
f 823//368 874//368 828//368
f 828//368 874//368 875//368
f 828//368 875//368 833//368
f 833//368 875//368 876//368
f 833//368 876//368 837//368
f 837//368 876//368 877//368
f 837//368 877//368 840//368
f 840//368 877//368 842//368
f 840//368 842//368 602//368
f 878//369 589//369 879//369
f 879//369 589//369 591//369
f 879//370 591//370 880//370
f 880//370 591//370 732//370
f 880//371 732//371 881//371
f 881//371 732//371 730//371
f 881//372 730//372 882//372
f 882//372 730//372 727//372
f 882//373 727//373 883//373
f 883//373 727//373 723//373
f 883//374 723//374 884//374
f 884//374 723//374 718//374
f 884//375 718//375 885//375
f 885//375 718//375 713//375
f 885//376 713//376 886//376
f 886//376 713//376 708//376
f 886//377 708//377 887//377
f 887//377 708//377 662//377
f 887//378 662//378 888//378
f 888//378 662//378 660//378
f 888//379 660//379 889//379
f 889//379 660//379 658//379
f 889//380 658//380 890//380
f 890//380 658//380 656//380
f 890//381 656//381 891//381
f 891//381 656//381 654//381
f 891//382 654//382 892//382
f 892//382 654//382 652//382
f 892//383 652//383 893//383
f 893//383 652//383 650//383
f 893//384 650//384 894//384
f 894//384 650//384 648//384
f 894//385 648//385 895//385
f 895//385 648//385 646//385
f 895//386 646//386 896//386
f 896//386 646//386 707//386
f 896//387 707//387 897//387
f 897//387 707//387 705//387
f 897//388 705//388 898//388
f 898//388 705//388 702//388
f 898//389 702//389 899//389
f 899//389 702//389 698//389
f 899//390 698//390 900//390
f 900//390 698//390 693//390
f 900//391 693//391 901//391
f 901//391 693//391 688//391
f 901//392 688//392 902//392
f 902//392 688//392 683//392
f 902//393 683//393 903//393
f 903//393 683//393 678//393
f 903//394 678//394 904//394
f 904//394 678//394 617//394
f 904//395 617//395 905//395
f 905//395 617//395 615//395
f 905//396 615//396 906//396
f 906//396 615//396 613//396
f 906//397 613//397 907//397
f 907//397 613//397 611//397
f 907//398 611//398 908//398
f 908//398 611//398 609//398
f 908//399 609//399 909//399
f 909//399 609//399 607//399
f 909//400 607//400 910//400
f 910//400 607//400 605//400
f 910//401 605//401 878//401
f 878//401 605//401 589//401
f 911//402 912//402 913//402
f 913//402 912//402 914//402
f 913//403 914//403 915//403
f 915//403 914//403 916//403
f 915//404 916//404 917//404
f 917//404 916//404 918//404
f 917//405 918//405 919//405
f 919//405 918//405 920//405
f 919//406 920//406 921//406
f 921//406 920//406 922//406
f 921//408 922//408 923//408
f 923//408 922//408 924//408
f 923//410 924//410 925//409
f 925//409 924//410 926//409
f 925//411 926//411 927//411
f 927//411 926//411 928//411
f 927//836 928//836 929//412
f 929//412 928//836 930//412
f 929//837 930//837 931//837
f 931//837 930//837 932//414
f 931//416 932//416 933//416
f 933//416 932//416 934//416
f 933//419 934//419 935//419
f 935//419 934//419 936//418
f 935//420 936//420 937//420
f 937//420 936//420 938//420
f 937//422 938//422 939//422
f 939//422 938//422 940//422
f 939//423 940//423 941//838
f 941//838 940//423 942//838
f 941//426 942//426 943//426
f 943//426 942//426 944//426
f 943//427 944//427 945//427
f 945//427 944//427 946//427
f 945//428 946//428 947//428
f 947//428 946//428 948//428
f 947//429 948//429 949//429
f 949//429 948//429 950//429
f 949//430 950//430 951//430
f 951//430 950//430 952//430
f 951//431 952//431 953//431
f 953//431 952//431 954//431
f 953//432 954//432 955//432
f 955//432 954//432 956//432
f 955//433 956//433 957//433
f 957//433 956//433 958//433
f 957//434 958//434 959//434
f 959//434 958//434 960//434
f 959//435 960//435 961//435
f 961//435 960//435 962//435
f 961//438 962//438 963//437
f 963//437 962//438 964//437
f 963//439 964//439 965//439
f 965//439 964//439 966//439
f 965//839 966//839 967//440
f 967//440 966//839 968//440
f 967//840 968//840 969//840
f 969//840 968//840 970//840
f 969//841 970//841 971//841
f 971//841 970//841 972//841
f 971//446 972//446 973//842
f 973//842 972//446 974//842
f 973//447 974//447 975//448
f 975//448 974//447 976//448
f 975//843 976//449 977//449
f 977//449 976//449 978//449
f 977//450 978//450 979//450
f 979//450 978//450 980//844
f 979//452 980//452 981//452
f 981//452 980//452 982//452
f 981//454 982//454 983//454
f 983//454 982//454 984//454
f 983//455 984//455 985//455
f 985//455 984//455 986//455
f 985//457 986//457 911//457
f 911//457 986//457 912//457
f 842//458 987//459 843//460
f 843//460 987//459 988//461
f 843//462 988//463 989//464
f 989//465 988//465 990//465
f 989//465 990//465 991//465
f 991//466 990//466 992//466
f 991//466 992//466 993//466
f 993//845 992//467 994//467
f 993//845 994//467 995//845
f 995//468 994//468 914//468
f 995//468 914//468 912//468
f 987//469 842//470 996//471
f 996//471 842//470 877//472
f 996//473 877//473 997//473
f 997//474 877//474 876//474
f 997//846 876//846 998//846
f 998//476 876//476 875//476
f 998//477 875//477 999//477
f 999//478 875//478 874//478
f 999//847 874//847 1000//847
f 1000//848 874//848 873//848
f 1000//849 873//849 1001//849
f 1001//482 873//482 872//482
f 1001//483 872//483 1002//483
f 1002//484 872//484 871//484
f 1002//485 871//485 1003//485
f 1003//486 871//486 870//486
f 1003//487 870//487 1004//487
f 1004//488 870//488 869//488
f 1004//489 869//489 1005//489
f 1005//490 869//490 868//490
f 1005//491 868//491 1006//491
f 1006//492 868//492 867//492
f 1006//850 867//850 1007//850
f 1007//851 867//851 866//851
f 1007//852 866//852 1008//852
f 1008//496 866//496 865//496
f 1008//497 865//497 1009//497
f 1009//498 865//498 864//498
f 1009//853 864//853 1010//853
f 1010//500 864//500 863//500
f 1010//501 863//501 1011//501
f 1011//502 863//503 862//504
f 1011//502 862//504 1012//505
f 1012//506 862//507 861//508
f 1012//506 861//508 1013//509
f 1013//510 861//511 1014//512
f 1013//513 1014//513 1015//513
f 1015//514 1014//514 1016//514
f 1015//515 1016//515 1017//515
f 1017//516 1016//516 1018//516
f 1017//517 1018//517 1019//517
f 1019//518 1018//518 1020//518
f 1019//519 1020//519 960//519
f 960//521 1020//521 962//520
f 861//511 860//522 1014//512
f 1014//523 860//524 1021//525
f 1014//514 1021//514 1016//514
f 1016//854 1021//854 1022//526
f 1016//516 1022//516 1018//516
f 1018//528 1022//528 1023//527
f 1018//518 1023//518 1020//518
f 1020//529 1023//529 1024//529
f 1020//521 1024//520 962//520
f 962//530 1024//530 964//530
f 860//524 859//532 1021//525
f 1021//533 859//533 1025//533
f 1021//854 1025//526 1022//526
f 1022//534 1025//534 1026//534
f 1022//528 1026//527 1023//527
f 1023//535 1026//535 1027//536
f 1023//529 1027//529 1024//529
f 1024//855 1027//855 1028//537
f 1024//530 1028//856 964//530
f 964//539 1028//539 966//539
f 859//540 858//540 1025//540
f 1025//857 858//857 1029//857
f 1025//534 1029//534 1026//534
f 1026//542 1029//542 1030//542
f 1026//535 1030//536 1027//536
f 1027//543 1030//543 1031//858
f 1027//855 1031//537 1028//537
f 1028//544 1031//859 1032//859
f 1028//539 1032//539 966//539
f 966//545 1032//545 968//545
f 858//546 857//546 1029//546
f 1029//547 857//547 1033//547
f 1029//542 1033//542 1030//542
f 1030//548 1033//548 1034//548
f 1030//543 1034//858 1031//858
f 1031//860 1034//550 1035//551
f 1031//859 1035//859 1032//859
f 1032//552 1035//552 1036//552
f 1032//545 1036//861 968//545
f 968//862 1036//862 970//553
f 857//555 856//555 1033//555
f 1033//863 856//863 1037//863
f 1033//548 1037//548 1034//548
f 1034//557 1037//557 1038//557
f 1034//550 1038//551 1035//551
f 1035//558 1038//558 1039//558
f 1035//552 1039//552 1036//552
f 1036//559 1039//559 1040//559
f 1036//862 1040//553 970//553
f 970//560 1040//560 972//560
f 856//864 855//864 1037//864
f 1037//865 855//865 1041//865
f 1037//557 1041//557 1038//557
f 1038//563 1041//563 1042//563
f 1038//558 1042//558 1039//558
f 1039//564 1042//564 1043//564
f 1039//559 1043//559 1040//559
f 1040//566 1043//566 1044//566
f 1040//560 1044//560 972//560
f 972//866 1044//866 974//567
f 855//568 854//568 1041//568
f 1041//569 854//569 1045//569
f 1041//563 1045//563 1042//563
f 1042//571 1045//571 1046//571
f 1042//564 1046//564 1043//564
f 1043//572 1046//572 1047//572
f 1043//566 1047//566 1044//566
f 1044//574 1047//574 1048//574
f 1044//866 1048//567 974//567
f 974//575 1048//575 976//576
f 854//577 853//577 1045//577
f 1045//578 853//578 1049//578
f 1045//571 1049//571 1046//571
f 1046//579 1049//579 1050//579
f 1046//572 1050//572 1047//572
f 1047//581 1050//581 1051//581
f 1047//574 1051//574 1048//574
f 1048//582 1051//582 1052//582
f 1048//575 1052//576 976//576
f 976//583 1052//583 978//583
f 853//584 852//584 1049//584
f 1049//585 852//585 1053//585
f 1049//579 1053//579 1050//579
f 1050//587 1053//587 1054//587
f 1050//581 1054//581 1051//581
f 1051//588 1054//588 1055//588
f 1051//582 1055//582 1052//582
f 1052//589 1055//589 1056//589
f 1052//583 1056//583 978//583
f 978//591 1056//591 980//591
f 852//593 851//593 1053//593
f 1053//594 851//594 1057//594
f 1053//587 1057//587 1054//587
f 1054//595 1057//595 1058//595
f 1054//588 1058//588 1055//588
f 1055//867 1058//596 1059//868
f 1055//589 1059//589 1056//589
f 1056//598 1059//598 1060//598
f 1056//591 1060//869 980//591
f 980//599 1060//599 982//600
f 851//601 850//601 1057//601
f 1057//602 850//602 1061//602
f 1057//595 1061//595 1058//595
f 1058//603 1061//603 1062//603
f 1058//596 1062//868 1059//868
f 1059//604 1062//604 1063//605
f 1059//598 1063//598 1060//598
f 1060//607 1063//607 1064//607
f 1060//599 1064//600 982//600
f 982//608 1064//608 984//608
f 850//609 849//609 1061//609
f 1061//870 849//870 1065//870
f 1061//603 1065//603 1062//603
f 1062//871 1065//871 1066//611
f 1062//604 1066//612 1063//605
f 1063//613 1066//613 1067//613
f 1063//607 1067//607 1064//607
f 1064//615 1067//615 1068//615
f 1064//608 1068//608 984//608
f 984//616 1068//616 986//872
f 849//873 848//873 1065//873
f 1065//874 848//874 1069//874
f 1065//871 1069//611 1066//611
f 1066//619 1069//619 1070//619
f 1066//613 1070//613 1067//613
f 1067//620 1070//620 1071//875
f 1067//615 1071//615 1068//615
f 1068//621 1071//621 1072//621
f 1068//616 1072//872 986//872
f 986//622 1072//622 912//622
f 848//623 847//623 1069//623
f 1069//624 847//624 1073//624
f 1069//619 1073//619 1070//619
f 1070//625 1073//625 1074//625
f 1070//620 1074//875 1071//875
f 1071//626 1074//626 1075//626
f 1071//621 1075//621 1072//621
f 1072//628 1075//628 995//628
f 1072//622 995//622 912//622
f 847//630 846//630 1073//630
f 1073//876 846//876 1076//876
f 1073//625 1076//625 1074//625
f 1074//632 1076//632 1077//632
f 1074//626 1077//626 1075//626
f 1075//634 1077//634 993//634
f 1075//628 993//628 995//628
f 846//635 845//635 1076//635
f 1076//636 845//636 1078//636
f 1076//632 1078//632 1077//632
f 1077//637 1078//637 991//637
f 1077//634 991//634 993//634
f 845//638 844//639 1078//640
f 1078//640 844//639 989//641
f 1078//637 989//637 991//637
f 844//642 843//462 989//464
f 952//643 1079//643 954//643
f 954//643 1079//643 1080//643
f 954//644 1080//644 956//644
f 956//644 1080//644 1081//644
f 956//877 1081//877 958//645
f 958//645 1081//877 1019//645
f 958//519 1019//519 960//519
f 1079//646 1082//646 1080//878
f 1080//878 1082//646 1083//878
f 1080//647 1083//647 1081//648
f 1081//648 1083//647 1017//648
f 1081//517 1017//517 1019//517
f 1079//649 952//649 1084//649
f 1084//649 952//649 950//649
f 1084//650 950//650 1085//650
f 1085//650 950//650 948//650
f 1085//651 948//651 1086//651
f 1086//651 948//651 946//651
f 1086//652 946//652 1087//652
f 1087//652 946//652 944//652
f 1087//654 944//654 1088//654
f 1088//654 944//654 942//654
f 1088//655 942//655 1089//656
f 1089//656 942//655 940//656
f 1089//657 940//657 1090//657
f 1090//657 940//657 938//657
f 1090//658 938//658 1091//659
f 1091//659 938//658 936//659
f 1091//660 936//660 1092//660
f 1092//660 936//660 934//660
f 1092//662 934//662 1093//662
f 1093//662 934//662 932//662
f 1093//664 932//664 1094//879
f 1094//879 932//664 930//879
f 1094//666 930//666 1095//666
f 1095//666 930//666 928//666
f 1095//880 928//880 1096//668
f 1096//668 928//880 926//668
f 1096//671 926//671 1097//671
f 1097//671 926//671 924//671
f 1097//673 924//673 1098//672
f 1098//672 924//673 922//672
f 1098//674 922//674 1099//674
f 1099//674 922//674 920//674
f 1099//676 920//676 1100//675
f 1100//675 920//676 918//675
f 1100//677 918//677 1101//677
f 1101//677 918//677 916//677
f 1101//678 916//678 994//678
f 994//678 916//678 914//678
f 1082//679 1102//679 1083//679
f 1083//679 1102//679 1015//679
f 1083//515 1015//515 1017//515
f 1082//680 1079//680 1103//881
f 1103//881 1079//680 1084//881
f 1103//681 1084//682 1104//682
f 1104//682 1084//682 1085//682
f 1104//683 1085//683 1105//683
f 1105//683 1085//683 1086//683
f 1105//684 1086//684 1106//684
f 1106//684 1086//684 1087//684
f 1106//685 1087//685 1107//685
f 1107//685 1087//685 1088//685
f 1107//686 1088//686 1108//882
f 1108//882 1088//686 1089//882
f 1108//689 1089//689 1109//689
f 1109//689 1089//689 1090//689
f 1109//691 1090//691 1110//691
f 1110//691 1090//691 1091//691
f 1110//692 1091//692 1111//692
f 1111//692 1091//692 1092//692
f 1111//693 1092//693 1112//693
f 1112//693 1092//693 1093//694
f 1112//695 1093//695 1113//695
f 1113//695 1093//695 1094//695
f 1113//697 1094//697 1114//697
f 1114//697 1094//697 1095//697
f 1114//698 1095//698 1115//698
f 1115//698 1095//698 1096//698
f 1115//700 1096//700 1116//883
f 1116//883 1096//700 1097//883
f 1116//701 1097//701 1117//701
f 1117//701 1097//701 1098//701
f 1117//702 1098//702 1118//702
f 1118//702 1098//702 1099//702
f 1118//703 1099//703 1119//703
f 1119//703 1099//703 1100//703
f 1119//704 1100//704 1120//705
f 1120//705 1100//704 1101//705
f 1120//884 1101//884 992//706
f 992//706 1101//884 994//706
f 1012//707 1013//707 1102//707
f 1102//513 1013//513 1015//513
f 1102//708 1082//708 1121//708
f 1121//708 1082//708 1103//708
f 1121//709 1103//709 1122//709
f 1122//709 1103//709 1104//709
f 1122//711 1104//711 1123//711
f 1123//711 1104//711 1105//711
f 1123//885 1105//885 1124//712
f 1124//712 1105//885 1106//712
f 1124//714 1106//714 1125//713
f 1125//713 1106//714 1107//713
f 1125//716 1107//716 1126//886
f 1126//886 1107//716 1108//886
f 1126//887 1108//887 1127//718
f 1127//718 1108//887 1109//718
f 1127//719 1109//719 1128//719
f 1128//719 1109//719 1110//719
f 1128//721 1110//721 1129//720
f 1129//720 1110//721 1111//720
f 1129//722 1111//722 1130//722
f 1130//722 1111//722 1112//722
f 1130//723 1112//723 1131//723
f 1131//723 1112//723 1113//723
f 1131//724 1113//724 1132//724
f 1132//724 1113//724 1114//724
f 1132//726 1114//726 1133//726
f 1133//726 1114//726 1115//726
f 1133//728 1115//728 1134//729
f 1134//729 1115//728 1116//729
f 1134//730 1116//730 1135//731
f 1135//731 1116//730 1117//731
f 1135//888 1117//888 1136//732
f 1136//732 1117//888 1118//732
f 1136//733 1118//733 1137//733
f 1137//733 1118//733 1119//733
f 1137//734 1119//734 1138//734
f 1138//734 1119//734 1120//734
f 1138//735 1120//735 990//735
f 990//735 1120//735 992//735
f 1138//736 990//736 988//736
f 1138//736 988//736 987//736
f 1011//737 1012//737 1121//737
f 1121//707 1012//707 1102//707
f 1011//737 1121//737 1122//737
f 1010//738 1011//889 1122//738
f 1010//738 1122//738 1123//738
f 1009//739 1010//739 1123//739
f 1009//739 1123//739 1124//739
f 1008//740 1009//740 1124//740
f 1008//740 1124//740 1125//740
f 1007//741 1008//741 1125//741
f 1007//741 1125//741 1126//741
f 1006//742 1007//742 1126//742
f 1006//742 1126//742 1127//742
f 1005//743 1006//743 1127//743
f 1005//743 1127//743 1128//743
f 1004//744 1005//744 1128//744
f 1004//744 1128//744 1129//744
f 1003//745 1004//745 1129//745
f 1003//745 1129//745 1130//745
f 1002//890 1003//746 1130//746
f 1002//890 1130//746 1131//890
f 1001//747 1002//747 1131//747
f 1001//747 1131//747 1132//747
f 1000//748 1001//748 1132//748
f 1000//748 1132//748 1133//748
f 999//749 1000//749 1133//749
f 999//749 1133//749 1134//749
f 998//751 999//751 1134//751
f 998//751 1134//751 1135//751
f 997//752 998//752 1135//752
f 997//752 1135//752 1136//752
f 996//891 997//753 1136//753
f 996//891 1136//753 1137//891
f 987//754 996//754 1137//754
f 987//754 1137//754 1138//754
f 1139//755 911//755 1140//755
f 1140//755 911//755 913//755
f 1140//756 913//756 1141//756
f 1141//756 913//756 915//756
f 1141//757 915//757 1142//757
f 1142//757 915//757 917//757
f 1142//758 917//758 1143//758
f 1143//758 917//758 919//758
f 1143//759 919//759 1144//759
f 1144//759 919//759 921//759
f 1144//760 921//760 1145//760
f 1145//760 921//760 923//760
f 1145//761 923//761 1146//761
f 1146//761 923//761 925//761
f 1146//762 925//762 1147//762
f 1147//762 925//762 927//762
f 1147//763 927//763 1148//763
f 1148//763 927//763 929//763
f 1148//764 929//764 1149//764
f 1149//764 929//764 931//764
f 1149//765 931//765 1150//765
f 1150//765 931//765 933//765
f 1150//766 933//766 1151//766
f 1151//766 933//766 935//766
f 1151//767 935//767 1152//767
f 1152//767 935//767 937//767
f 1152//768 937//768 1153//768
f 1153//768 937//768 939//768
f 1153//769 939//769 1154//769
f 1154//769 939//769 941//769
f 1154//770 941//770 1155//770
f 1155//770 941//770 943//770
f 1155//771 943//771 1156//771
f 1156//771 943//771 945//771
f 1156//772 945//772 1157//772
f 1157//772 945//772 947//772
f 1157//773 947//773 1158//773
f 1158//773 947//773 949//773
f 1158//774 949//774 1159//774
f 1159//774 949//774 951//774
f 1159//775 951//775 1160//775
f 1160//775 951//775 953//775
f 1160//776 953//776 1161//776
f 1161//776 953//776 955//776
f 1161//777 955//777 1162//777
f 1162//777 955//777 957//777
f 1162//778 957//778 1163//778
f 1163//778 957//778 959//778
f 1163//779 959//779 1164//779
f 1164//779 959//779 961//779
f 1164//780 961//780 1165//780
f 1165//780 961//780 963//780
f 1165//781 963//781 1166//781
f 1166//781 963//781 965//781
f 1166//782 965//782 1167//782
f 1167//782 965//782 967//782
f 1167//783 967//783 1168//783
f 1168//783 967//783 969//783
f 1168//784 969//784 1169//784
f 1169//784 969//784 971//784
f 1169//785 971//785 1170//785
f 1170//785 971//785 973//785
f 1170//786 973//786 1171//786
f 1171//786 973//786 975//786
f 1171//787 975//787 1172//787
f 1172//787 975//787 977//787
f 1172//788 977//788 1173//788
f 1173//788 977//788 979//788
f 1173//789 979//789 1174//789
f 1174//789 979//789 981//789
f 1174//790 981//790 1175//790
f 1175//790 981//790 983//790
f 1175//791 983//791 1176//791
f 1176//791 983//791 985//791
f 1176//792 985//792 1139//792
f 1139//792 985//792 911//792
f 1177//1 1178//1 1179//1
f 1179//2 1178//2 1180//2
f 1179//3 1180//3 1181//3
f 1181//4 1180//4 1182//4
f 1181//4 1182//4 1183//4
f 1183//5 1182//5 1184//5
f 1183//5 1184//5 1185//5
f 1185//7 1184//8 1186//8
f 1185//7 1186//8 1187//7
f 1187//9 1186//10 1188//10
f 1187//9 1188//10 1189//9
f 1189//11 1188//12 1190//13
f 1189//11 1190//13 1191//14
f 1178//15 1177//15 1192//15
f 1192//16 1177//16 1193//16
f 1192//17 1193//17 1194//17
f 1194//18 1193//18 1195//18
f 1194//19 1195//19 1196//19
f 1196//20 1195//20 1197//20
f 1196//21 1197//21 1198//21
f 1198//22 1197//22 1199//22
f 1198//23 1199//23 1200//23
f 1200//24 1199//24 1201//24
f 1200//25 1201//25 1202//25
f 1202//26 1201//26 1203//26
f 1202//27 1203//27 1204//27
f 1204//28 1203//28 1205//28
f 1204//797 1205//797 1206//797
f 1206//30 1205//30 1207//30
f 1206//31 1207//32 1208//32
f 1208//33 1207//33 1209//33
f 1208//34 1209//35 1210//35
f 1210//892 1209//892 1211//36
f 1210//37 1211//37 1212//37
f 1212//38 1211//38 1213//38
f 1212//39 1213//39 1214//39
f 1214//40 1213//40 1215//40
f 1214//41 1215//41 1216//41
f 1216//42 1215//42 1217//42
f 1217//43 1215//43 1218//43
f 1217//44 1218//44 1219//44
f 1219//45 1218//45 1220//45
f 1219//46 1220//47 1221//48
f 1221//48 1220//47 1222//49
f 1221//50 1222//51 1223//52
f 1223//52 1222//51 1224//53
f 1223//54 1224//54 1225//54
f 1225//55 1224//55 1226//55
f 1225//55 1226//55 1227//55
f 1227//58 1226//58 1228//58
f 1227//58 1228//58 1229//57
f 1229//59 1228//59 1230//59
f 1229//59 1230//59 1231//59
f 1231//60 1230//60 1232//60
f 1231//60 1232//60 1233//61
f 1233//62 1232//62 1234//62
f 1233//63 1234//63 1235//63
f 1235//64 1234//64 1236//64
f 1235//65 1236//65 1237//65
f 1237//66 1236//66 1238//66
f 1237//67 1238//67 1239//67
f 1239//68 1238//68 1240//68
f 1239//69 1240//69 1241//69
f 1241//70 1240//70 1242//70
f 1241//71 1242//71 1243//71
f 1243//72 1242//72 1244//72
f 1243//73 1244//73 1245//73
f 1245//74 1244//74 1246//74
f 1245//799 1246//799 1247//799
f 1247//76 1246//76 1248//76
f 1247//77 1248//77 1249//77
f 1249//78 1248//78 1250//78
f 1249//79 1250//79 1251//79
f 1251//800 1250//800 1252//800
f 1251//81 1252//81 1253//81
f 1253//82 1252//82 1254//82
f 1253//84 1254//84 1255//84
f 1255//85 1254//85 1256//85
f 1255//86 1256//86 1257//86
f 1257//87 1256//87 1258//893
f 1257//88 1258//89 1259//89
f 1259//90 1258//90 1260//90
f 1259//91 1260//91 1261//91
f 1261//802 1260//802 1262//802
f 1262//803 1260//803 1263//803
f 1262//94 1263//94 1264//94
f 1264//95 1263//95 1265//95
f 1264//96 1265//894 1191//98
f 1191//98 1265//894 1189//99
f 1205//100 1266//100 1207//100
f 1207//101 1266//101 1267//101
f 1207//33 1267//33 1209//33
f 1209//102 1267//102 1268//102
f 1209//892 1268//36 1211//36
f 1211//103 1268//104 1269//104
f 1211//38 1269//38 1213//38
f 1213//106 1269//106 1270//106
f 1213//40 1270//40 1215//40
f 1215//107 1270//107 1218//107
f 1266//108 1271//108 1267//108
f 1267//109 1271//109 1272//109
f 1267//102 1272//102 1268//102
f 1268//110 1272//110 1273//111
f 1268//104 1273//104 1269//104
f 1269//895 1273//895 1274//119
f 1269//106 1274//106 1270//106
f 1270//113 1274//113 1275//113
f 1270//107 1275//107 1218//107
f 1218//114 1275//114 1220//114
f 1271//115 1276//115 1272//115
f 1272//116 1276//116 1277//116
f 1272//110 1277//111 1273//111
f 1273//117 1277//117 1278//117
f 1273//895 1278//119 1274//119
f 1274//896 1278//896 1279//120
f 1274//113 1279//113 1275//113
f 1275//121 1279//121 1280//121
f 1275//114 1280//114 1220//114
f 1220//122 1280//122 1222//123
f 1276//124 1281//124 1277//124
f 1277//125 1281//125 1282//125
f 1277//117 1282//118 1278//117
f 1278//126 1282//126 1283//126
f 1278//896 1283//120 1279//120
f 1279//127 1283//127 1284//127
f 1279//121 1284//121 1280//121
f 1280//128 1284//128 1285//129
f 1280//122 1285//123 1222//123
f 1222//130 1285//130 1224//130
f 1281//131 1286//131 1282//131
f 1282//897 1286//897 1287//897
f 1282//126 1287//126 1283//126
f 1283//133 1287//133 1288//133
f 1283//127 1288//127 1284//127
f 1284//134 1288//134 1289//134
f 1284//128 1289//129 1285//129
f 1285//136 1289//136 1226//136
f 1285//130 1226//130 1224//130
f 1286//137 1290//137 1287//137
f 1287//138 1290//138 1291//138
f 1287//133 1291//139 1288//133
f 1288//140 1291//140 1292//140
f 1288//134 1292//134 1289//134
f 1289//141 1292//141 1228//141
f 1289//136 1228//136 1226//136
f 1290//142 1293//142 1291//142
f 1291//143 1293//143 1294//143
f 1291//140 1294//140 1292//140
f 1292//144 1294//144 1230//144
f 1292//141 1230//141 1228//141
f 1293//145 1295//145 1294//145
f 1294//146 1295//146 1232//146
f 1294//144 1232//144 1230//144
f 1295//62 1234//62 1232//62
f 1250//147 1296//147 1252//147
f 1252//148 1296//148 1297//148
f 1252//82 1297//83 1254//82
f 1254//149 1297//149 1298//150
f 1254//85 1298//85 1256//85
f 1256//151 1298//151 1299//152
f 1256//87 1299//893 1258//893
f 1258//153 1299//153 1300//154
f 1258//90 1300//801 1260//90
f 1260//155 1300//155 1263//155
f 1296//156 1301//156 1297//156
f 1297//157 1301//157 1302//157
f 1297//149 1302//150 1298//150
f 1298//159 1302//159 1303//159
f 1298//151 1303//152 1299//152
f 1299//160 1303//160 1304//160
f 1299//153 1304//154 1300//154
f 1300//161 1304//161 1305//162
f 1300//155 1305//155 1263//155
f 1263//163 1305//163 1265//163
f 1301//164 1306//164 1302//164
f 1302//165 1306//165 1307//165
f 1302//159 1307//159 1303//159
f 1303//167 1307//167 1308//168
f 1303//160 1308//898 1304//160
f 1304//169 1308//169 1309//169
f 1304//161 1309//162 1305//162
f 1305//170 1309//170 1310//170
f 1305//163 1310//163 1265//163
f 1265//171 1310//171 1189//171
f 1306//172 1311//172 1307//172
f 1307//173 1311//173 1312//173
f 1307//167 1312//168 1308//168
f 1308//174 1312//174 1313//174
f 1308//169 1313//169 1309//169
f 1309//175 1313//175 1314//175
f 1309//170 1314//170 1310//170
f 1310//176 1314//176 1187//176
f 1310//171 1187//171 1189//171
f 1311//177 1315//177 1312//177
f 1312//178 1315//178 1316//178
f 1312//174 1316//174 1313//174
f 1313//179 1316//179 1317//180
f 1313//175 1317//175 1314//175
f 1314//181 1317//181 1185//182
f 1314//176 1185//176 1187//176
f 1315//183 1318//183 1316//183
f 1316//184 1318//184 1319//184
f 1316//179 1319//180 1317//180
f 1317//185 1319//185 1183//185
f 1317//181 1183//182 1185//182
f 1318//186 1320//186 1319//186
f 1319//187 1320//187 1181//187
f 1319//185 1181//185 1183//185
f 1320//188 1179//188 1181//188
f 1261//818 1321//818 1259//818
f 1259//190 1321//190 1322//190
f 1259//89 1322//88 1257//88
f 1257//191 1322//191 1323//192
f 1257//86 1323//86 1255//86
f 1255//193 1323//193 1324//193
f 1255//84 1324//84 1253//84
f 1253//196 1324//197 1325//198
f 1253//81 1325//81 1251//81
f 1251//199 1325//199 1249//200
f 1321//201 1326//201 1322//201
f 1322//202 1326//202 1327//202
f 1322//191 1327//192 1323//192
f 1323//203 1327//203 1328//203
f 1323//193 1328//193 1324//193
f 1324//204 1328//204 1329//205
f 1324//197 1329//198 1325//198
f 1325//206 1329//206 1330//206
f 1325//199 1330//200 1249//200
f 1249//207 1330//207 1247//207
f 1326//208 1331//208 1327//208
f 1327//209 1331//209 1332//209
f 1327//203 1332//203 1328//203
f 1328//210 1332//210 1333//210
f 1328//204 1333//205 1329//205
f 1329//211 1333//211 1334//211
f 1329//206 1334//212 1330//206
f 1330//213 1334//213 1335//214
f 1330//207 1335//207 1247//207
f 1247//215 1335//215 1245//215
f 1331//216 1336//216 1332//216
f 1332//217 1336//217 1337//217
f 1332//210 1337//210 1333//210
f 1333//218 1337//218 1338//218
f 1333//211 1338//211 1334//211
f 1334//219 1338//219 1339//220
f 1334//213 1339//214 1335//214
f 1335//221 1339//221 1340//221
f 1335//215 1340//215 1245//215
f 1245//223 1340//223 1243//224
f 1336//225 1341//225 1337//225
f 1337//226 1341//226 1342//226
f 1337//218 1342//218 1338//218
f 1338//227 1342//227 1343//227
f 1338//219 1343//220 1339//220
f 1339//228 1343//228 1344//228
f 1339//221 1344//221 1340//221
f 1340//229 1344//229 1345//229
f 1340//223 1345//224 1243//224
f 1243//230 1345//230 1241//230
f 1341//231 1346//231 1342//231
f 1342//232 1346//232 1347//232
f 1342//227 1347//227 1343//227
f 1343//233 1347//233 1348//233
f 1343//228 1348//228 1344//228
f 1344//234 1348//234 1349//235
f 1344//229 1349//229 1345//229
f 1345//824 1349//824 1350//236
f 1345//230 1350//899 1241//230
f 1241//237 1350//237 1239//237
f 1346//238 1351//238 1347//238
f 1347//239 1351//239 1352//239
f 1347//233 1352//233 1348//233
f 1348//240 1352//240 1353//240
f 1348//234 1353//235 1349//235
f 1349//241 1353//241 1354//242
f 1349//824 1354//236 1350//236
f 1350//244 1354//244 1355//244
f 1350//237 1355//237 1239//237
f 1239//245 1355//246 1237//246
f 1351//247 1356//247 1352//247
f 1352//248 1356//248 1357//248
f 1352//240 1357//240 1353//240
f 1353//249 1357//249 1358//249
f 1353//241 1358//242 1354//242
f 1354//250 1358//250 1359//250
f 1354//244 1359//244 1355//244
f 1355//251 1359//251 1360//251
f 1355//246 1360//246 1237//246
f 1237//252 1360//252 1235//252
f 1356//253 1361//253 1357//253
f 1357//254 1361//254 1362//254
f 1357//249 1362//249 1358//249
f 1358//255 1362//255 1363//255
f 1358//250 1363//250 1359//250
f 1359//256 1363//256 1364//256
f 1359//251 1364//251 1360//251
f 1360//257 1364//257 1365//257
f 1360//252 1365//252 1235//252
f 1235//258 1365//258 1233//258
f 1361//259 1366//259 1362//259
f 1362//260 1366//260 1367//260
f 1362//255 1367//255 1363//255
f 1363//261 1367//261 1368//261
f 1363//256 1368//256 1364//256
f 1364//262 1368//262 1369//262
f 1364//257 1369//257 1365//257
f 1365//263 1369//263 1231//263
f 1365//258 1231//258 1233//258
f 1366//264 1370//264 1367//264
f 1367//265 1370//265 1371//265
f 1367//261 1371//261 1368//261
f 1368//266 1371//266 1372//266
f 1368//262 1372//262 1369//262
f 1369//267 1372//267 1229//267
f 1369//263 1229//263 1231//263
f 1370//268 1373//269 1371//270
f 1371//270 1373//269 1374//271
f 1371//266 1374//266 1372//266
f 1372//272 1374//272 1227//272
f 1372//267 1227//267 1229//267
f 1373//273 1375//274 1374//275
f 1374//275 1375//274 1225//276
f 1374//272 1225//272 1227//272
f 1375//54 1223//54 1225//54
f 1216//277 1376//277 1214//277
f 1214//278 1376//278 1377//278
f 1214//39 1377//39 1212//39
f 1212//279 1377//279 1378//279
f 1212//37 1378//37 1210//37
f 1210//280 1378//280 1379//281
f 1210//35 1379//282 1208//34
f 1208//283 1379//283 1380//283
f 1208//32 1380//31 1206//31
f 1206//284 1380//284 1204//284
f 1376//285 1381//285 1377//285
f 1377//286 1381//286 1382//286
f 1377//279 1382//279 1378//279
f 1378//287 1382//287 1383//287
f 1378//280 1383//281 1379//281
f 1379//288 1383//289 1384//289
f 1379//283 1384//283 1380//283
f 1380//290 1384//291 1385//291
f 1380//284 1385//284 1204//284
f 1204//292 1385//292 1202//293
f 1381//294 1386//294 1382//294
f 1382//295 1386//295 1387//295
f 1382//287 1387//287 1383//287
f 1383//296 1387//296 1388//296
f 1383//289 1388//289 1384//289
f 1384//297 1388//297 1389//298
f 1384//291 1389//291 1385//291
f 1385//299 1389//299 1390//299
f 1385//292 1390//293 1202//293
f 1202//300 1390//300 1200//301
f 1386//302 1391//302 1387//302
f 1387//303 1391//303 1392//303
f 1387//296 1392//296 1388//296
f 1388//304 1392//304 1393//304
f 1388//297 1393//298 1389//298
f 1389//305 1393//305 1394//305
f 1389//299 1394//299 1390//299
f 1390//307 1394//307 1395//307
f 1390//300 1395//301 1200//301
f 1200//309 1395//309 1198//309
f 1391//310 1396//310 1392//310
f 1392//311 1396//311 1397//311
f 1392//304 1397//304 1393//304
f 1393//312 1397//312 1398//312
f 1393//305 1398//305 1394//305
f 1394//313 1398//313 1399//313
f 1394//307 1399//307 1395//307
f 1395//315 1399//315 1400//314
f 1395//309 1400//829 1198//309
f 1198//316 1400//316 1196//317
f 1396//318 1401//318 1397//318
f 1397//319 1401//319 1402//319
f 1397//312 1402//312 1398//312
f 1398//320 1402//320 1403//321
f 1398//313 1403//313 1399//313
f 1399//322 1403//322 1404//322
f 1399//315 1404//900 1400//314
f 1400//323 1404//323 1405//323
f 1400//316 1405//317 1196//317
f 1196//324 1405//324 1194//324
f 1401//325 1406//325 1402//325
f 1402//326 1406//326 1407//326
f 1402//320 1407//321 1403//321
f 1403//327 1407//327 1408//328
f 1403//322 1408//322 1404//322
f 1404//329 1408//329 1409//330
f 1404//323 1409//323 1405//323
f 1405//331 1409//331 1410//331
f 1405//324 1410//324 1194//324
f 1194//333 1410//333 1192//333
f 1406//334 1411//334 1407//334
f 1407//335 1411//335 1412//335
f 1407//327 1412//328 1408//328
f 1408//336 1412//336 1413//336
f 1408//329 1413//330 1409//330
f 1409//337 1413//337 1414//337
f 1409//331 1414//331 1410//331
f 1410//338 1414//338 1415//338
f 1410//333 1415//333 1192//333
f 1192//339 1415//339 1178//339
f 1411//832 1416//832 1412//832
f 1412//341 1416//341 1417//341
f 1412//336 1417//336 1413//336
f 1413//342 1417//342 1418//342
f 1413//337 1418//337 1414//337
f 1414//343 1418//344 1419//344
f 1414//338 1419//338 1415//338
f 1415//345 1419//345 1420//345
f 1415//339 1420//339 1178//339
f 1178//346 1420//346 1180//346
f 1416//347 1421//347 1417//347
f 1417//348 1421//348 1422//348
f 1417//342 1422//342 1418//342
f 1418//349 1422//349 1423//349
f 1418//344 1423//344 1419//344
f 1419//350 1423//350 1424//350
f 1419//345 1424//901 1420//345
f 1420//351 1424//351 1182//352
f 1420//346 1182//346 1180//346
f 1421//353 1425//353 1422//353
f 1422//354 1425//354 1426//354
f 1422//349 1426//349 1423//349
f 1423//355 1426//355 1427//355
f 1423//350 1427//350 1424//350
f 1424//356 1427//356 1184//357
f 1424//351 1184//352 1182//352
f 1425//358 1428//359 1426//902
f 1426//902 1428//359 1429//361
f 1426//355 1429//355 1427//355
f 1427//362 1429//362 1186//363
f 1427//356 1186//357 1184//357
f 1428//364 1190//365 1429//366
f 1429//366 1190//365 1188//367
f 1429//362 1188//363 1186//363
f 1430//368 1431//368 1190//368
f 1190//368 1431//368 1432//368
f 1190//368 1432//368 1191//368
f 1191//368 1432//368 1433//368
f 1191//368 1433//368 1264//368
f 1264//368 1433//368 1434//368
f 1264//368 1434//368 1262//368
f 1262//368 1434//368 1435//368
f 1262//368 1435//368 1261//368
f 1261//368 1435//368 1436//368
f 1261//368 1436//368 1321//368
f 1321//368 1436//368 1437//368
f 1321//368 1437//368 1326//368
f 1326//368 1437//368 1438//368
f 1326//368 1438//368 1331//368
f 1331//368 1438//368 1439//368
f 1331//368 1439//368 1336//368
f 1336//368 1439//368 1440//368
f 1336//368 1440//368 1341//368
f 1341//368 1440//368 1441//368
f 1341//368 1441//368 1346//368
f 1346//368 1441//368 1442//368
f 1346//368 1442//368 1351//368
f 1351//368 1442//368 1443//368
f 1351//368 1443//368 1356//368
f 1356//368 1443//368 1444//368
f 1356//368 1444//368 1361//368
f 1361//368 1444//368 1445//368
f 1361//368 1445//368 1366//368
f 1366//368 1445//368 1446//368
f 1366//368 1446//368 1370//368
f 1370//368 1446//368 1447//368
f 1370//368 1447//368 1373//368
f 1373//368 1447//368 1448//368
f 1373//368 1448//368 1375//368
f 1375//368 1448//368 1449//368
f 1375//368 1449//368 1223//368
f 1223//368 1449//368 1450//368
f 1223//368 1450//368 1221//368
f 1221//368 1450//368 1451//368
f 1221//368 1451//368 1219//368
f 1219//368 1451//368 1452//368
f 1219//368 1452//368 1217//368
f 1217//368 1452//368 1453//368
f 1217//368 1453//368 1216//368
f 1216//368 1453//368 1454//368
f 1216//368 1454//368 1376//368
f 1376//368 1454//368 1455//368
f 1376//368 1455//368 1381//368
f 1381//368 1455//368 1456//368
f 1381//368 1456//368 1386//368
f 1386//368 1456//368 1457//368
f 1386//368 1457//368 1391//368
f 1391//368 1457//368 1458//368
f 1391//368 1458//368 1396//368
f 1396//368 1458//368 1459//368
f 1396//368 1459//368 1401//368
f 1401//368 1459//368 1460//368
f 1401//368 1460//368 1406//368
f 1406//368 1460//368 1461//368
f 1406//368 1461//368 1411//368
f 1411//368 1461//368 1462//368
f 1411//368 1462//368 1416//368
f 1416//368 1462//368 1463//368
f 1416//368 1463//368 1421//368
f 1421//368 1463//368 1464//368
f 1421//368 1464//368 1425//368
f 1425//368 1464//368 1465//368
f 1425//368 1465//368 1428//368
f 1428//368 1465//368 1430//368
f 1428//368 1430//368 1190//368
f 1466//369 1177//369 1467//369
f 1467//369 1177//369 1179//369
f 1467//370 1179//370 1468//370
f 1468//370 1179//370 1320//370
f 1468//371 1320//371 1469//371
f 1469//371 1320//371 1318//371
f 1469//372 1318//372 1470//372
f 1470//372 1318//372 1315//372
f 1470//373 1315//373 1471//373
f 1471//373 1315//373 1311//373
f 1471//374 1311//374 1472//374
f 1472//374 1311//374 1306//374
f 1472//375 1306//375 1473//375
f 1473//375 1306//375 1301//375
f 1473//376 1301//376 1474//376
f 1474//376 1301//376 1296//376
f 1474//377 1296//377 1475//377
f 1475//377 1296//377 1250//377
f 1475//378 1250//378 1476//378
f 1476//378 1250//378 1248//378
f 1476//379 1248//379 1477//379
f 1477//379 1248//379 1246//379
f 1477//380 1246//380 1478//380
f 1478//380 1246//380 1244//380
f 1478//381 1244//381 1479//381
f 1479//381 1244//381 1242//381
f 1479//382 1242//382 1480//382
f 1480//382 1242//382 1240//382
f 1480//383 1240//383 1481//383
f 1481//383 1240//383 1238//383
f 1481//384 1238//384 1482//384
f 1482//384 1238//384 1236//384
f 1482//385 1236//385 1483//385
f 1483//385 1236//385 1234//385
f 1483//386 1234//386 1484//386
f 1484//386 1234//386 1295//386
f 1484//387 1295//387 1485//387
f 1485//387 1295//387 1293//387
f 1485//388 1293//388 1486//388
f 1486//388 1293//388 1290//388
f 1486//389 1290//389 1487//389
f 1487//389 1290//389 1286//389
f 1487//390 1286//390 1488//390
f 1488//390 1286//390 1281//390
f 1488//391 1281//391 1489//391
f 1489//391 1281//391 1276//391
f 1489//392 1276//392 1490//392
f 1490//392 1276//392 1271//392
f 1490//393 1271//393 1491//393
f 1491//393 1271//393 1266//393
f 1491//394 1266//394 1492//394
f 1492//394 1266//394 1205//394
f 1492//395 1205//395 1493//395
f 1493//395 1205//395 1203//395
f 1493//396 1203//396 1494//396
f 1494//396 1203//396 1201//396
f 1494//397 1201//397 1495//397
f 1495//397 1201//397 1199//397
f 1495//398 1199//398 1496//398
f 1496//398 1199//398 1197//398
f 1496//399 1197//399 1497//399
f 1497//399 1197//399 1195//399
f 1497//400 1195//400 1498//400
f 1498//400 1195//400 1193//400
f 1498//401 1193//401 1466//401
f 1466//401 1193//401 1177//401
f 1499//402 1500//402 1501//402
f 1501//402 1500//402 1502//402
f 1501//403 1502//403 1503//403
f 1503//403 1502//403 1504//403
f 1503//404 1504//404 1505//404
f 1505//404 1504//404 1506//404
f 1505//405 1506//405 1507//405
f 1507//405 1506//405 1508//405
f 1507//406 1508//406 1509//406
f 1509//406 1508//406 1510//406
f 1509//408 1510//408 1511//407
f 1511//407 1510//408 1512//407
f 1511//409 1512//409 1513//410
f 1513//410 1512//409 1514//410
f 1513//411 1514//411 1515//411
f 1515//411 1514//411 1516//411
f 1515//836 1516//836 1517//412
f 1517//412 1516//836 1518//412
f 1517//413 1518//413 1519//414
f 1519//414 1518//413 1520//414
f 1519//416 1520//416 1521//416
f 1521//416 1520//416 1522//416
f 1521//418 1522//418 1523//418
f 1523//418 1522//418 1524//418
f 1523//420 1524//420 1525//421
f 1525//421 1524//420 1526//421
f 1525//422 1526//422 1527//422
f 1527//422 1526//422 1528//422
f 1527//423 1528//423 1529//423
f 1529//423 1528//423 1530//424
f 1529//426 1530//426 1531//425
f 1531//425 1530//426 1532//425
f 1531//427 1532//427 1533//427
f 1533//427 1532//427 1534//427
f 1533//428 1534//428 1535//903
f 1535//903 1534//428 1536//903
f 1535//429 1536//429 1537//429
f 1537//429 1536//429 1538//429
f 1537//430 1538//430 1539//430
f 1539//430 1538//430 1540//430
f 1539//431 1540//431 1541//431
f 1541//431 1540//431 1542//431
f 1541//432 1542//432 1543//432
f 1543//432 1542//432 1544//432
f 1543//433 1544//433 1545//433
f 1545//433 1544//433 1546//433
f 1545//434 1546//434 1547//434
f 1547//434 1546//434 1548//434
f 1547//436 1548//436 1549//435
f 1549//435 1548//436 1550//435
f 1549//437 1550//437 1551//438
f 1551//438 1550//437 1552//438
f 1551//439 1552//439 1553//439
f 1553//439 1552//439 1554//439
f 1553//839 1554//839 1555//440
f 1555//440 1554//839 1556//440
f 1555//904 1556//904 1557//840
f 1557//840 1556//904 1558//840
f 1557//841 1558//841 1559//841
f 1559//841 1558//841 1560//841
f 1559//842 1560//842 1561//842
f 1561//842 1560//842 1562//842
f 1561//447 1562//447 1563//447
f 1563//447 1562//447 1564//447
f 1563//449 1564//449 1565//449
f 1565//449 1564//449 1566//449
f 1565//450 1566//450 1567//450
f 1567//450 1566//450 1568//451
f 1567//453 1568//453 1569//452
f 1569//452 1568//453 1570//452
f 1569//454 1570//454 1571//454
f 1571//454 1570//454 1572//454
f 1571//455 1572//455 1573//455
f 1573//455 1572//455 1574//455
f 1573//457 1574//457 1499//457
f 1499//457 1574//457 1500//457
f 1430//458 1575//459 1431//460
f 1431//460 1575//459 1576//461
f 1431//462 1576//463 1577//464
f 1577//465 1576//465 1578//465
f 1577//465 1578//465 1579//465
f 1579//466 1578//466 1580//466
f 1579//466 1580//466 1581//466
f 1581//467 1580//467 1582//467
f 1581//467 1582//467 1583//467
f 1583//468 1582//468 1502//468
f 1583//468 1502//468 1500//468
f 1575//469 1430//470 1584//471
f 1584//471 1430//470 1465//472
f 1584//473 1465//473 1585//473
f 1585//474 1465//474 1464//474
f 1585//475 1464//475 1586//475
f 1586//476 1464//476 1463//476
f 1586//477 1463//477 1587//477
f 1587//478 1463//478 1462//478
f 1587//479 1462//479 1588//479
f 1588//480 1462//480 1461//480
f 1588//481 1461//481 1589//481
f 1589//482 1461//482 1460//482
f 1589//483 1460//483 1590//483
f 1590//484 1460//484 1459//484
f 1590//485 1459//485 1591//485
f 1591//486 1459//486 1458//486
f 1591//487 1458//487 1592//487
f 1592//488 1458//488 1457//488
f 1592//489 1457//489 1593//489
f 1593//490 1457//490 1456//490
f 1593//491 1456//491 1594//491
f 1594//492 1456//492 1455//492
f 1594//493 1455//493 1595//493
f 1595//494 1455//494 1454//494
f 1595//495 1454//495 1596//495
f 1596//496 1454//496 1453//496
f 1596//497 1453//497 1597//497
f 1597//498 1453//498 1452//498
f 1597//499 1452//499 1598//499
f 1598//500 1452//500 1451//500
f 1598//501 1451//501 1599//501
f 1599//502 1451//503 1450//504
f 1599//502 1450//504 1600//505
f 1600//506 1450//507 1449//508
f 1600//506 1449//508 1601//509
f 1601//510 1449//511 1602//512
f 1601//513 1602//513 1603//513
f 1603//514 1602//514 1604//514
f 1603//515 1604//515 1605//515
f 1605//516 1604//516 1606//516
f 1605//517 1606//517 1607//517
f 1607//518 1606//518 1608//518
f 1607//519 1608//519 1548//519
f 1548//520 1608//520 1550//905
f 1449//511 1448//522 1602//512
f 1602//523 1448//524 1609//525
f 1602//514 1609//514 1604//514
f 1604//526 1609//526 1610//526
f 1604//516 1610//516 1606//516
f 1606//527 1610//527 1611//528
f 1606//518 1611//518 1608//518
f 1608//529 1611//529 1612//529
f 1608//520 1612//905 1550//905
f 1550//530 1612//530 1552//531
f 1448//524 1447//532 1609//525
f 1609//533 1447//533 1613//533
f 1609//526 1613//526 1610//526
f 1610//534 1613//534 1614//534
f 1610//527 1614//528 1611//528
f 1611//535 1614//535 1615//536
f 1611//529 1615//529 1612//529
f 1612//537 1615//537 1616//537
f 1612//530 1616//531 1552//531
f 1552//538 1616//538 1554//539
f 1447//540 1446//540 1613//540
f 1613//541 1446//541 1617//541
f 1613//534 1617//534 1614//534
f 1614//542 1617//542 1618//542
f 1614//535 1618//536 1615//536
f 1615//543 1618//543 1619//543
f 1615//537 1619//537 1616//537
f 1616//544 1619//544 1620//544
f 1616//538 1620//539 1554//539
f 1554//545 1620//545 1556//861
f 1446//546 1445//546 1617//546
f 1617//547 1445//547 1621//547
f 1617//542 1621//542 1618//542
f 1618//548 1621//548 1622//548
f 1618//543 1622//543 1619//543
f 1619//860 1622//860 1623//551
f 1619//544 1623//859 1620//544
f 1620//906 1623//906 1624//552
f 1620//545 1624//861 1556//861
f 1556//553 1624//553 1558//553
f 1445//555 1444//555 1621//555
f 1621//556 1444//556 1625//556
f 1621//548 1625//549 1622//548
f 1622//557 1625//557 1626//557
f 1622//860 1626//551 1623//551
f 1623//558 1626//558 1627//558
f 1623//906 1627//552 1624//552
f 1624//559 1627//559 1628//559
f 1624//553 1628//553 1558//553
f 1558//560 1628//560 1560//560
f 1444//561 1443//561 1625//561
f 1625//562 1443//562 1629//562
f 1625//557 1629//557 1626//557
f 1626//563 1629//563 1630//563
f 1626//558 1630//558 1627//558
f 1627//564 1630//564 1631//565
f 1627//559 1631//559 1628//559
f 1628//566 1631//566 1632//573
f 1628//560 1632//560 1560//560
f 1560//567 1632//567 1562//866
f 1443//568 1442//568 1629//568
f 1629//569 1442//569 1633//569
f 1629//563 1633//563 1630//563
f 1630//570 1633//570 1634//571
f 1630//564 1634//565 1631//565
f 1631//572 1634//572 1635//572
f 1631//566 1635//573 1632//573
f 1632//574 1635//574 1636//574
f 1632//567 1636//866 1562//866
f 1562//575 1636//576 1564//576
f 1442//577 1441//577 1633//577
f 1633//578 1441//578 1637//578
f 1633//570 1637//571 1634//571
f 1634//579 1637//579 1638//579
f 1634//572 1638//572 1635//572
f 1635//580 1638//580 1639//581
f 1635//574 1639//574 1636//574
f 1636//582 1639//582 1640//582
f 1636//576 1640//576 1564//576
f 1564//583 1640//583 1566//583
f 1441//584 1440//584 1637//584
f 1637//585 1440//585 1641//585
f 1637//579 1641//586 1638//579
f 1638//587 1641//587 1642//587
f 1638//580 1642//581 1639//581
f 1639//588 1642//588 1643//588
f 1639//582 1643//582 1640//582
f 1640//589 1643//589 1644//590
f 1640//583 1644//583 1566//583
f 1566//591 1644//591 1568//592
f 1440//593 1439//593 1641//593
f 1641//594 1439//594 1645//594
f 1641//587 1645//587 1642//587
f 1642//595 1645//595 1646//595
f 1642//588 1646//588 1643//588
f 1643//596 1646//596 1647//596
f 1643//589 1647//590 1644//590
f 1644//597 1647//597 1648//598
f 1644//591 1648//592 1568//592
f 1568//599 1648//599 1570//600
f 1439//601 1438//601 1645//601
f 1645//602 1438//602 1649//602
f 1645//595 1649//595 1646//595
f 1646//603 1649//603 1650//603
f 1646//596 1650//596 1647//596
f 1647//604 1650//604 1651//612
f 1647//597 1651//598 1648//598
f 1648//607 1651//607 1652//607
f 1648//599 1652//600 1570//600
f 1570//608 1652//608 1572//608
f 1438//609 1437//609 1649//609
f 1649//610 1437//610 1653//610
f 1649//603 1653//603 1650//603
f 1650//611 1653//611 1654//611
f 1650//604 1654//612 1651//612
f 1651//613 1654//613 1655//613
f 1651//607 1655//607 1652//607
f 1652//615 1655//615 1656//615
f 1652//608 1656//608 1572//608
f 1572//616 1656//616 1574//616
f 1437//617 1436//617 1653//617
f 1653//618 1436//618 1657//618
f 1653//611 1657//611 1654//611
f 1654//619 1657//619 1658//619
f 1654//613 1658//613 1655//613
f 1655//620 1658//620 1659//620
f 1655//615 1659//615 1656//615
f 1656//621 1659//621 1660//621
f 1656//616 1660//616 1574//616
f 1574//622 1660//622 1500//622
f 1436//623 1435//623 1657//623
f 1657//624 1435//624 1661//624
f 1657//619 1661//619 1658//619
f 1658//625 1661//625 1662//625
f 1658//620 1662//620 1659//620
f 1659//626 1662//626 1663//627
f 1659//621 1663//621 1660//621
f 1660//628 1663//628 1583//629
f 1660//622 1583//622 1500//622
f 1435//630 1434//630 1661//630
f 1661//631 1434//631 1664//631
f 1661//625 1664//625 1662//625
f 1662//632 1664//632 1665//632
f 1662//626 1665//627 1663//627
f 1663//633 1665//633 1581//634
f 1663//628 1581//629 1583//629
f 1434//635 1433//635 1664//635
f 1664//636 1433//636 1666//636
f 1664//632 1666//632 1665//632
f 1665//637 1666//637 1579//637
f 1665//633 1579//634 1581//634
f 1433//638 1432//639 1666//640
f 1666//640 1432//639 1577//641
f 1666//637 1577//637 1579//637
f 1432//642 1431//462 1577//464
f 1540//643 1667//643 1542//643
f 1542//643 1667//643 1668//643
f 1542//644 1668//644 1544//644
f 1544//644 1668//644 1669//644
f 1544//645 1669//645 1546//877
f 1546//877 1669//645 1607//877
f 1546//519 1607//519 1548//519
f 1667//646 1670//646 1668//646
f 1668//646 1670//646 1671//646
f 1668//647 1671//647 1669//648
f 1669//648 1671//647 1605//648
f 1669//517 1605//517 1607//517
f 1667//649 1540//649 1672//649
f 1672//649 1540//649 1538//649
f 1672//650 1538//650 1673//650
f 1673//650 1538//650 1536//650
f 1673//907 1536//907 1674//651
f 1674//651 1536//907 1534//651
f 1674//652 1534//652 1675//652
f 1675//652 1534//652 1532//652
f 1675//908 1532//654 1676//654
f 1676//654 1532//654 1530//654
f 1676//655 1530//655 1677//656
f 1677//656 1530//655 1528//656
f 1677//657 1528//657 1678//657
f 1678//657 1528//657 1526//657
f 1678//658 1526//658 1679//659
f 1679//659 1526//658 1524//659
f 1679//909 1524//909 1680//661
f 1680//661 1524//909 1522//661
f 1680//662 1522//662 1681//662
f 1681//662 1522//662 1520//662
f 1681//663 1520//663 1682//664
f 1682//664 1520//663 1518//664
f 1682//665 1518//665 1683//666
f 1683//666 1518//665 1516//666
f 1683//667 1516//668 1684//669
f 1684//669 1516//668 1514//669
f 1684//670 1514//670 1685//671
f 1685//671 1514//670 1512//671
f 1685//673 1512//673 1686//673
f 1686//673 1512//673 1510//673
f 1686//674 1510//674 1687//674
f 1687//674 1510//674 1508//674
f 1687//676 1508//676 1688//676
f 1688//676 1508//676 1506//676
f 1688//677 1506//677 1689//677
f 1689//677 1506//677 1504//677
f 1689//678 1504//678 1582//678
f 1582//678 1504//678 1502//678
f 1670//679 1690//679 1671//679
f 1671//679 1690//679 1603//679
f 1671//515 1603//515 1605//515
f 1670//680 1667//680 1691//680
f 1691//680 1667//680 1672//680
f 1691//681 1672//681 1692//682
f 1692//682 1672//681 1673//682
f 1692//683 1673//683 1693//683
f 1693//683 1673//683 1674//683
f 1693//684 1674//684 1694//910
f 1694//910 1674//684 1675//910
f 1694//685 1675//685 1695//911
f 1695//911 1675//685 1676//911
f 1695//686 1676//686 1696//687
f 1696//687 1676//686 1677//687
f 1696//688 1677//688 1697//689
f 1697//689 1677//688 1678//689
f 1697//690 1678//691 1698//691
f 1698//691 1678//691 1679//691
f 1698//692 1679//692 1699//692
f 1699//692 1679//692 1680//692
f 1699//694 1680//694 1700//693
f 1700//693 1680//694 1681//693
f 1700//695 1681//695 1701//695
f 1701//695 1681//695 1682//695
f 1701//697 1682//697 1702//697
f 1702//697 1682//697 1683//697
f 1702//698 1683//698 1703//699
f 1703//699 1683//698 1684//699
f 1703//700 1684//700 1704//700
f 1704//700 1684//700 1685//700
f 1704//701 1685//701 1705//701
f 1705//701 1685//701 1686//701
f 1705//702 1686//702 1706//702
f 1706//702 1686//702 1687//702
f 1706//703 1687//703 1707//703
f 1707//703 1687//703 1688//703
f 1707//704 1688//704 1708//705
f 1708//705 1688//704 1689//705
f 1708//706 1689//706 1580//706
f 1580//706 1689//706 1582//706
f 1600//707 1601//707 1690//707
f 1690//513 1601//513 1603//513
f 1690//708 1670//708 1709//708
f 1709//708 1670//708 1691//708
f 1709//912 1691//709 1710//710
f 1710//710 1691//709 1692//710
f 1710//913 1692//913 1711//711
f 1711//711 1692//913 1693//711
f 1711//712 1693//712 1712//712
f 1712//712 1693//712 1694//712
f 1712//714 1694//714 1713//714
f 1713//714 1694//714 1695//714
f 1713//715 1695//715 1714//716
f 1714//716 1695//715 1696//716
f 1714//717 1696//717 1715//718
f 1715//718 1696//717 1697//718
f 1715//719 1697//719 1716//719
f 1716//719 1697//719 1698//719
f 1716//720 1698//720 1717//720
f 1717//720 1698//720 1699//720
f 1717//722 1699//722 1718//722
f 1718//722 1699//722 1700//722
f 1718//723 1700//723 1719//723
f 1719//723 1700//723 1701//723
f 1719//724 1701//724 1720//724
f 1720//724 1701//724 1702//724
f 1720//725 1702//725 1721//727
f 1721//727 1702//725 1703//727
f 1721//729 1703//729 1722//729
f 1722//729 1703//729 1704//729
f 1722//730 1704//730 1723//731
f 1723//731 1704//730 1705//731
f 1723//732 1705//732 1724//732
f 1724//732 1705//732 1706//732
f 1724//733 1706//733 1725//733
f 1725//733 1706//733 1707//733
f 1725//914 1707//914 1726//734
f 1726//734 1707//914 1708//734
f 1726//735 1708//735 1578//735
f 1578//735 1708//735 1580//735
f 1726//736 1578//736 1576//736
f 1726//736 1576//736 1575//736
f 1599//737 1600//737 1709//737
f 1709//707 1600//707 1690//707
f 1599//737 1709//737 1710//737
f 1598//738 1599//738 1710//738
f 1598//738 1710//738 1711//738
f 1597//739 1598//739 1711//739
f 1597//739 1711//739 1712//739
f 1596//740 1597//740 1712//740
f 1596//740 1712//740 1713//740
f 1595//741 1596//741 1713//741
f 1595//741 1713//741 1714//741
f 1594//742 1595//742 1714//742
f 1594//742 1714//742 1715//742
f 1593//743 1594//743 1715//743
f 1593//743 1715//743 1716//743
f 1592//744 1593//744 1716//744
f 1592//744 1716//744 1717//744
f 1591//745 1592//745 1717//745
f 1591//745 1717//745 1718//745
f 1590//746 1591//746 1718//746
f 1590//746 1718//746 1719//746
f 1589//747 1590//747 1719//747
f 1589//747 1719//747 1720//747
f 1588//748 1589//748 1720//748
f 1588//748 1720//748 1721//748
f 1587//749 1588//750 1721//750
f 1587//749 1721//750 1722//749
f 1586//751 1587//751 1722//751
f 1586//751 1722//751 1723//751
f 1585//752 1586//752 1723//752
f 1585//752 1723//752 1724//752
f 1584//753 1585//753 1724//753
f 1584//753 1724//753 1725//753
f 1575//754 1584//754 1725//754
f 1575//754 1725//754 1726//754
f 1727//755 1499//755 1728//755
f 1728//755 1499//755 1501//755
f 1728//756 1501//756 1729//756
f 1729//756 1501//756 1503//756
f 1729//757 1503//757 1730//757
f 1730//757 1503//757 1505//757
f 1730//758 1505//758 1731//758
f 1731//758 1505//758 1507//758
f 1731//759 1507//759 1732//759
f 1732//759 1507//759 1509//759
f 1732//760 1509//760 1733//760
f 1733//760 1509//760 1511//760
f 1733//761 1511//761 1734//761
f 1734//761 1511//761 1513//761
f 1734//762 1513//762 1735//762
f 1735//762 1513//762 1515//762
f 1735//763 1515//763 1736//763
f 1736//763 1515//763 1517//763
f 1736//764 1517//764 1737//764
f 1737//764 1517//764 1519//764
f 1737//765 1519//765 1738//765
f 1738//765 1519//765 1521//765
f 1738//766 1521//766 1739//766
f 1739//766 1521//766 1523//766
f 1739//767 1523//767 1740//767
f 1740//767 1523//767 1525//767
f 1740//768 1525//768 1741//768
f 1741//768 1525//768 1527//768
f 1741//769 1527//769 1742//769
f 1742//769 1527//769 1529//769
f 1742//770 1529//770 1743//770
f 1743//770 1529//770 1531//770
f 1743//771 1531//771 1744//771
f 1744//771 1531//771 1533//771
f 1744//772 1533//772 1745//772
f 1745//772 1533//772 1535//772
f 1745//773 1535//773 1746//773
f 1746//773 1535//773 1537//773
f 1746//774 1537//774 1747//774
f 1747//774 1537//774 1539//774
f 1747//775 1539//775 1748//775
f 1748//775 1539//775 1541//775
f 1748//776 1541//776 1749//776
f 1749//776 1541//776 1543//776
f 1749//777 1543//777 1750//777
f 1750//777 1543//777 1545//777
f 1750//778 1545//778 1751//778
f 1751//778 1545//778 1547//778
f 1751//779 1547//779 1752//779
f 1752//779 1547//779 1549//779
f 1752//780 1549//780 1753//780
f 1753//780 1549//780 1551//780
f 1753//781 1551//781 1754//781
f 1754//781 1551//781 1553//781
f 1754//782 1553//782 1755//782
f 1755//782 1553//782 1555//782
f 1755//783 1555//783 1756//783
f 1756//783 1555//783 1557//783
f 1756//784 1557//784 1757//784
f 1757//784 1557//784 1559//784
f 1757//785 1559//785 1758//785
f 1758//785 1559//785 1561//785
f 1758//786 1561//786 1759//786
f 1759//786 1561//786 1563//786
f 1759//787 1563//787 1760//787
f 1760//787 1563//787 1565//787
f 1760//788 1565//788 1761//788
f 1761//788 1565//788 1567//788
f 1761//789 1567//789 1762//789
f 1762//789 1567//789 1569//789
f 1762//790 1569//790 1763//790
f 1763//790 1569//790 1571//790
f 1763//791 1571//791 1764//791
f 1764//791 1571//791 1573//791
f 1764//792 1573//792 1727//792
f 1727//792 1573//792 1499//792
f 1765//1 1766//1 1767//1
f 1767//2 1766//2 1768//2
f 1767//3 1768//3 1769//3
f 1769//4 1768//4 1770//4
f 1769//4 1770//4 1771//4
f 1771//5 1770//5 1772//5
f 1771//5 1772//5 1773//6
f 1773//8 1772//8 1774//8
f 1773//8 1774//8 1775//8
f 1775//10 1774//9 1776//9
f 1775//10 1776//9 1777//10
f 1777//11 1776//12 1778//13
f 1777//11 1778//13 1779//14
f 1766//15 1765//15 1780//15
f 1780//16 1765//16 1781//16
f 1780//17 1781//17 1782//17
f 1782//18 1781//18 1783//18
f 1782//19 1783//19 1784//19
f 1784//20 1783//20 1785//20
f 1784//794 1785//794 1786//794
f 1786//22 1785//22 1787//22
f 1786//23 1787//23 1788//23
f 1788//795 1787//795 1789//795
f 1788//25 1789//25 1790//25
f 1790//26 1789//26 1791//26
f 1790//796 1791//796 1792//796
f 1792//28 1791//28 1793//28
f 1792//797 1793//797 1794//797
f 1794//30 1793//30 1795//30
f 1794//32 1795//32 1796//32
f 1796//33 1795//33 1797//33
f 1796//35 1797//35 1798//35
f 1798//36 1797//36 1799//36
f 1798//37 1799//37 1800//37
f 1800//38 1799//38 1801//38
f 1800//39 1801//39 1802//39
f 1802//40 1801//40 1803//40
f 1802//41 1803//41 1804//41
f 1804//798 1803//798 1805//798
f 1805//43 1803//43 1806//43
f 1805//44 1806//44 1807//44
f 1807//45 1806//45 1808//45
f 1807//46 1808//47 1809//48
f 1809//48 1808//47 1810//49
f 1809//50 1810//51 1811//52
f 1811//52 1810//51 1812//53
f 1811//54 1812//54 1813//54
f 1813//55 1812//55 1814//55
f 1813//55 1814//55 1815//55
f 1815//57 1814//58 1816//58
f 1815//57 1816//58 1817//57
f 1817//59 1816//59 1818//59
f 1817//59 1818//59 1819//59
f 1819//60 1818//60 1820//60
f 1819//60 1820//60 1821//60
f 1821//62 1820//62 1822//62
f 1821//63 1822//63 1823//63
f 1823//64 1822//64 1824//64
f 1823//65 1824//65 1825//65
f 1825//66 1824//66 1826//66
f 1825//67 1826//67 1827//67
f 1827//68 1826//68 1828//68
f 1827//69 1828//69 1829//69
f 1829//70 1828//70 1830//70
f 1829//71 1830//71 1831//71
f 1831//72 1830//72 1832//72
f 1831//73 1832//73 1833//73
f 1833//74 1832//74 1834//74
f 1833//75 1834//75 1835//75
f 1835//76 1834//76 1836//76
f 1835//77 1836//77 1837//77
f 1837//78 1836//78 1838//78
f 1837//79 1838//79 1839//79
f 1839//80 1838//80 1840//80
f 1839//81 1840//81 1841//81
f 1841//82 1840//82 1842//82
f 1841//84 1842//84 1843//84
f 1843//85 1842//85 1844//85
f 1843//86 1844//86 1845//86
f 1845//87 1844//87 1846//87
f 1845//89 1846//88 1847//89
f 1847//801 1846//801 1848//90
f 1847//91 1848//91 1849//91
f 1849//802 1848//802 1850//802
f 1850//803 1848//803 1851//803
f 1850//94 1851//94 1852//94
f 1852//95 1851//95 1853//95
f 1852//96 1853//97 1779//98
f 1779//98 1853//97 1777//99
f 1793//100 1854//100 1795//100
f 1795//101 1854//101 1855//101
f 1795//33 1855//33 1797//33
f 1797//805 1855//805 1856//805
f 1797//36 1856//36 1799//36
f 1799//104 1856//104 1857//104
f 1799//38 1857//38 1801//38
f 1801//106 1857//106 1858//106
f 1801//40 1858//40 1803//40
f 1803//107 1858//107 1806//107
f 1854//108 1859//108 1855//108
f 1855//109 1859//109 1860//109
f 1855//805 1860//805 1856//805
f 1856//111 1860//111 1861//111
f 1856//104 1861//104 1857//104
f 1857//119 1861//119 1862//112
f 1857//106 1862//106 1858//106
f 1858//113 1862//113 1863//806
f 1858//107 1863//107 1806//107
f 1806//114 1863//114 1808//114
f 1859//115 1864//115 1860//115
f 1860//116 1864//116 1865//116
f 1860//111 1865//111 1861//111
f 1861//117 1865//117 1866//808
f 1861//119 1866//112 1862//112
f 1862//120 1866//120 1867//120
f 1862//113 1867//806 1863//806
f 1863//121 1867//121 1868//121
f 1863//114 1868//114 1808//114
f 1808//123 1868//123 1810//123
f 1864//124 1869//124 1865//124
f 1865//125 1869//125 1870//125
f 1865//117 1870//808 1866//808
f 1866//126 1870//126 1871//126
f 1866//120 1871//120 1867//120
f 1867//127 1871//127 1872//127
f 1867//121 1872//121 1868//121
f 1868//129 1872//129 1873//809
f 1868//123 1873//122 1810//123
f 1810//130 1873//130 1812//130
f 1869//131 1874//131 1870//131
f 1870//132 1874//132 1875//132
f 1870//126 1875//126 1871//126
f 1871//133 1875//133 1876//139
f 1871//127 1876//127 1872//127
f 1872//134 1876//134 1877//134
f 1872//129 1877//809 1873//809
f 1873//136 1877//136 1814//136
f 1873//130 1814//130 1812//130
f 1874//137 1878//137 1875//137
f 1875//138 1878//138 1879//138
f 1875//133 1879//139 1876//139
f 1876//140 1879//140 1880//140
f 1876//134 1880//134 1877//134
f 1877//141 1880//141 1816//141
f 1877//136 1816//136 1814//136
f 1878//142 1881//142 1879//142
f 1879//143 1881//143 1882//143
f 1879//140 1882//140 1880//140
f 1880//144 1882//144 1818//144
f 1880//141 1818//141 1816//141
f 1881//145 1883//145 1882//145
f 1882//146 1883//146 1820//146
f 1882//144 1820//144 1818//144
f 1883//62 1822//62 1820//62
f 1838//147 1884//147 1840//147
f 1840//810 1884//810 1885//810
f 1840//82 1885//82 1842//82
f 1842//150 1885//150 1886//150
f 1842//85 1886//85 1844//85
f 1844//151 1886//151 1887//151
f 1844//87 1887//87 1846//87
f 1846//153 1887//153 1888//153
f 1846//801 1888//90 1848//90
f 1848//155 1888//155 1851//155
f 1884//156 1889//156 1885//156
f 1885//157 1889//157 1890//157
f 1885//150 1890//150 1886//150
f 1886//811 1890//811 1891//159
f 1886//151 1891//151 1887//151
f 1887//160 1891//160 1892//160
f 1887//153 1892//153 1888//153
f 1888//162 1892//162 1893//162
f 1888//155 1893//155 1851//155
f 1851//812 1893//812 1853//163
f 1889//813 1894//813 1890//813
f 1890//165 1894//165 1895//165
f 1890//811 1895//159 1891//159
f 1891//168 1895//168 1896//168
f 1891//160 1896//814 1892//160
f 1892//815 1896//169 1897//169
f 1892//162 1897//162 1893//162
f 1893//170 1897//170 1898//170
f 1893//812 1898//163 1853//163
f 1853//171 1898//171 1777//171
f 1894//172 1899//172 1895//172
f 1895//816 1899//816 1900//816
f 1895//168 1900//168 1896//168
f 1896//174 1900//174 1901//174
f 1896//169 1901//169 1897//169
f 1897//175 1901//175 1902//175
f 1897//170 1902//817 1898//170
f 1898//176 1902//176 1775//176
f 1898//171 1775//171 1777//171
f 1899//177 1903//177 1900//177
f 1900//178 1903//178 1904//178
f 1900//174 1904//174 1901//174
f 1901//179 1904//179 1905//179
f 1901//175 1905//175 1902//175
f 1902//182 1905//182 1773//182
f 1902//176 1773//176 1775//176
f 1903//183 1906//183 1904//183
f 1904//184 1906//184 1907//184
f 1904//179 1907//179 1905//179
f 1905//185 1907//185 1771//185
f 1905//182 1771//182 1773//182
f 1906//186 1908//186 1907//186
f 1907//187 1908//187 1769//187
f 1907//185 1769//185 1771//185
f 1908//188 1767//188 1769//188
f 1849//818 1909//818 1847//818
f 1847//190 1909//190 1910//190
f 1847//89 1910//89 1845//89
f 1845//191 1910//191 1911//192
f 1845//86 1911//86 1843//86
f 1843//194 1911//194 1912//194
f 1843//84 1912//84 1841//84
f 1841//198 1912//198 1913//198
f 1841//81 1913//81 1839//81
f 1839//199 1913//199 1837//200
f 1909//201 1914//201 1910//201
f 1910//202 1914//202 1915//202
f 1910//191 1915//192 1911//192
f 1911//203 1915//203 1916//203
f 1911//194 1916//194 1912//194
f 1912//205 1916//205 1917//205
f 1912//198 1917//198 1913//198
f 1913//206 1917//206 1918//206
f 1913//199 1918//200 1837//200
f 1837//207 1918//207 1835//207
f 1914//208 1919//208 1915//208
f 1915//209 1919//209 1920//209
f 1915//203 1920//203 1916//203
f 1916//210 1920//210 1921//210
f 1916//205 1921//205 1917//205
f 1917//211 1921//211 1922//211
f 1917//206 1922//212 1918//206
f 1918//214 1922//214 1923//213
f 1918//207 1923//207 1835//207
f 1835//820 1923//820 1833//820
f 1919//216 1924//216 1920//216
f 1920//217 1924//217 1925//217
f 1920//210 1925//210 1921//210
f 1921//218 1925//218 1926//218
f 1921//211 1926//211 1922//211
f 1922//219 1926//219 1927//220
f 1922//214 1927//213 1923//213
f 1923//222 1927//222 1928//222
f 1923//820 1928//820 1833//820
f 1833//821 1928//821 1831//223
f 1924//225 1929//225 1925//225
f 1925//226 1929//226 1930//226
f 1925//218 1930//218 1926//218
f 1926//227 1930//227 1931//227
f 1926//219 1931//220 1927//220
f 1927//228 1931//228 1932//228
f 1927//222 1932//222 1928//222
f 1928//229 1932//229 1933//229
f 1928//821 1933//223 1831//223
f 1831//230 1933//230 1829//230
f 1929//231 1934//231 1930//231
f 1930//232 1934//232 1935//232
f 1930//227 1935//227 1931//227
f 1931//233 1935//233 1936//233
f 1931//228 1936//228 1932//228
f 1932//234 1936//234 1937//234
f 1932//229 1937//229 1933//229
f 1933//236 1937//236 1938//824
f 1933//230 1938//899 1829//230
f 1829//237 1938//237 1827//237
f 1934//238 1939//238 1935//238
f 1935//239 1939//239 1940//239
f 1935//233 1940//233 1936//233
f 1936//240 1940//240 1941//240
f 1936//234 1941//234 1937//234
f 1937//242 1941//242 1942//242
f 1937//236 1942//824 1938//824
f 1938//244 1942//244 1943//244
f 1938//237 1943//237 1827//237
f 1827//825 1943//825 1825//246
f 1939//247 1944//247 1940//247
f 1940//248 1944//248 1945//248
f 1940//240 1945//240 1941//240
f 1941//249 1945//249 1946//249
f 1941//242 1946//242 1942//242
f 1942//915 1946//915 1947//250
f 1942//244 1947//244 1943//244
f 1943//251 1947//251 1948//251
f 1943//825 1948//246 1825//246
f 1825//252 1948//252 1823//252
f 1944//253 1949//253 1945//253
f 1945//254 1949//254 1950//254
f 1945//249 1950//249 1946//249
f 1946//255 1950//255 1951//255
f 1946//915 1951//250 1947//250
f 1947//256 1951//256 1952//256
f 1947//251 1952//251 1948//251
f 1948//257 1952//257 1953//257
f 1948//252 1953//252 1823//252
f 1823//258 1953//258 1821//258
f 1949//826 1954//826 1950//826
f 1950//260 1954//260 1955//260
f 1950//255 1955//255 1951//255
f 1951//261 1955//261 1956//261
f 1951//256 1956//256 1952//256
f 1952//827 1956//827 1957//262
f 1952//257 1957//257 1953//257
f 1953//263 1957//263 1819//263
f 1953//258 1819//258 1821//258
f 1954//264 1958//264 1955//264
f 1955//265 1958//265 1959//265
f 1955//261 1959//261 1956//261
f 1956//266 1959//266 1960//266
f 1956//827 1960//262 1957//262
f 1957//267 1960//267 1817//267
f 1957//263 1817//263 1819//263
f 1958//268 1961//269 1959//270
f 1959//270 1961//269 1962//271
f 1959//266 1962//266 1960//266
f 1960//272 1962//272 1815//272
f 1960//267 1815//267 1817//267
f 1961//273 1963//274 1962//275
f 1962//275 1963//274 1813//276
f 1962//272 1813//272 1815//272
f 1963//828 1811//54 1813//54
f 1804//277 1964//277 1802//277
f 1802//278 1964//278 1965//278
f 1802//39 1965//39 1800//39
f 1800//279 1965//279 1966//279
f 1800//37 1966//37 1798//37
f 1798//280 1966//280 1967//280
f 1798//35 1967//34 1796//35
f 1796//283 1967//283 1968//283
f 1796//32 1968//32 1794//32
f 1794//284 1968//284 1792//284
f 1964//285 1969//285 1965//285
f 1965//286 1969//286 1970//286
f 1965//279 1970//279 1966//279
f 1966//287 1970//287 1971//287
f 1966//280 1971//280 1967//280
f 1967//289 1971//289 1972//289
f 1967//283 1972//283 1968//283
f 1968//291 1972//291 1973//291
f 1968//284 1973//284 1792//284
f 1792//292 1973//292 1790//292
f 1969//294 1974//294 1970//294
f 1970//295 1974//295 1975//295
f 1970//287 1975//287 1971//287
f 1971//296 1975//296 1976//296
f 1971//289 1976//289 1972//289
f 1972//298 1976//298 1977//297
f 1972//291 1977//291 1973//291
f 1973//299 1977//299 1978//299
f 1973//292 1978//292 1790//292
f 1790//300 1978//300 1788//300
f 1974//302 1979//302 1975//302
f 1975//303 1979//303 1980//303
f 1975//296 1980//296 1976//296
f 1976//304 1980//304 1981//304
f 1976//298 1981//297 1977//297
f 1977//306 1981//306 1982//306
f 1977//299 1982//299 1978//299
f 1978//307 1982//307 1983//307
f 1978//300 1983//300 1788//300
f 1788//308 1983//308 1786//309
f 1979//310 1984//310 1980//310
f 1980//311 1984//311 1985//311
f 1980//304 1985//304 1981//304
f 1981//312 1985//312 1986//312
f 1981//306 1986//306 1982//306
f 1982//313 1986//313 1987//313
f 1982//307 1987//307 1983//307
f 1983//315 1987//315 1988//314
f 1983//308 1988//829 1786//309
f 1786//317 1988//316 1784//316
f 1984//318 1989//318 1985//318
f 1985//319 1989//319 1990//319
f 1985//312 1990//312 1986//312
f 1986//321 1990//321 1991//320
f 1986//313 1991//313 1987//313
f 1987//322 1991//322 1992//322
f 1987//315 1992//314 1988//314
f 1988//323 1992//323 1993//323
f 1988//316 1993//316 1784//316
f 1784//324 1993//324 1782//324
f 1989//325 1994//325 1990//325
f 1990//326 1994//326 1995//326
f 1990//321 1995//320 1991//320
f 1991//327 1995//327 1996//327
f 1991//322 1996//322 1992//322
f 1992//330 1996//330 1997//330
f 1992//323 1997//323 1993//323
f 1993//331 1997//331 1998//331
f 1993//324 1998//324 1782//324
f 1782//333 1998//333 1780//332
f 1994//334 1999//334 1995//334
f 1995//335 1999//335 2000//335
f 1995//327 2000//327 1996//327
f 1996//830 2000//830 2001//336
f 1996//330 2001//330 1997//330
f 1997//337 2001//337 2002//337
f 1997//331 2002//831 1998//331
f 1998//338 2002//338 2003//338
f 1998//333 2003//332 1780//332
f 1780//339 2003//339 1766//339
f 1999//832 2004//832 2000//832
f 2000//341 2004//341 2005//341
f 2000//830 2005//336 2001//336
f 2001//342 2005//342 2006//342
f 2001//337 2006//337 2002//337
f 2002//344 2006//344 2007//344
f 2002//338 2007//338 2003//338
f 2003//345 2007//345 2008//345
f 2003//339 2008//339 1766//339
f 1766//346 2008//346 1768//346
f 2004//833 2009//833 2005//833
f 2005//834 2009//834 2010//834
f 2005//342 2010//342 2006//342
f 2006//349 2010//349 2011//349
f 2006//344 2011//344 2007//344
f 2007//350 2011//350 2012//350
f 2007//345 2012//345 2008//345
f 2008//351 2012//351 1770//352
f 2008//346 1770//346 1768//346
f 2009//353 2013//353 2010//353
f 2010//354 2013//354 2014//354
f 2010//349 2014//349 2011//349
f 2011//355 2014//355 2015//355
f 2011//350 2015//350 2012//350
f 2012//356 2015//356 1772//356
f 2012//351 1772//352 1770//352
f 2013//358 2016//359 2014//360
f 2014//360 2016//359 2017//361
f 2014//355 2017//355 2015//355
f 2015//363 2017//363 1774//363
f 2015//356 1774//356 1772//356
f 2016//835 1778//365 2017//366
f 2017//366 1778//365 1776//367
f 2017//363 1776//363 1774//363
f 2018//368 2019//368 1778//368
f 1778//368 2019//368 2020//368
f 1778//368 2020//368 1779//368
f 1779//368 2020//368 2021//368
f 1779//368 2021//368 1852//368
f 1852//368 2021//368 2022//368
f 1852//368 2022//368 1850//368
f 1850//368 2022//368 2023//368
f 1850//368 2023//368 1849//368
f 1849//368 2023//368 2024//368
f 1849//368 2024//368 1909//368
f 1909//368 2024//368 2025//368
f 1909//368 2025//368 1914//368
f 1914//368 2025//368 2026//368
f 1914//368 2026//368 1919//368
f 1919//368 2026//368 2027//368
f 1919//368 2027//368 1924//368
f 1924//368 2027//368 2028//368
f 1924//368 2028//368 1929//368
f 1929//368 2028//368 2029//368
f 1929//368 2029//368 1934//368
f 1934//368 2029//368 2030//368
f 1934//368 2030//368 1939//368
f 1939//368 2030//368 2031//368
f 1939//368 2031//368 1944//368
f 1944//368 2031//368 2032//368
f 1944//368 2032//368 1949//368
f 1949//368 2032//368 2033//368
f 1949//368 2033//368 1954//368
f 1954//368 2033//368 2034//368
f 1954//368 2034//368 1958//368
f 1958//368 2034//368 2035//368
f 1958//368 2035//368 1961//368
f 1961//368 2035//368 2036//368
f 1961//368 2036//368 1963//368
f 1963//368 2036//368 2037//368
f 1963//368 2037//368 1811//368
f 1811//368 2037//368 2038//368
f 1811//368 2038//368 1809//368
f 1809//368 2038//368 2039//368
f 1809//368 2039//368 1807//368
f 1807//368 2039//368 2040//368
f 1807//368 2040//368 1805//368
f 1805//368 2040//368 2041//368
f 1805//368 2041//368 1804//368
f 1804//368 2041//368 2042//368
f 1804//368 2042//368 1964//368
f 1964//368 2042//368 2043//368
f 1964//368 2043//368 1969//368
f 1969//368 2043//368 2044//368
f 1969//368 2044//368 1974//368
f 1974//368 2044//368 2045//368
f 1974//368 2045//368 1979//368
f 1979//368 2045//368 2046//368
f 1979//368 2046//368 1984//368
f 1984//368 2046//368 2047//368
f 1984//368 2047//368 1989//368
f 1989//368 2047//368 2048//368
f 1989//368 2048//368 1994//368
f 1994//368 2048//368 2049//368
f 1994//368 2049//368 1999//368
f 1999//368 2049//368 2050//368
f 1999//368 2050//368 2004//368
f 2004//368 2050//368 2051//368
f 2004//368 2051//368 2009//368
f 2009//368 2051//368 2052//368
f 2009//368 2052//368 2013//368
f 2013//368 2052//368 2053//368
f 2013//368 2053//368 2016//368
f 2016//368 2053//368 2018//368
f 2016//368 2018//368 1778//368
f 2054//369 1765//369 2055//369
f 2055//369 1765//369 1767//369
f 2055//370 1767//370 2056//370
f 2056//370 1767//370 1908//370
f 2056//371 1908//371 2057//371
f 2057//371 1908//371 1906//371
f 2057//372 1906//372 2058//372
f 2058//372 1906//372 1903//372
f 2058//373 1903//373 2059//373
f 2059//373 1903//373 1899//373
f 2059//374 1899//374 2060//374
f 2060//374 1899//374 1894//374
f 2060//375 1894//375 2061//375
f 2061//375 1894//375 1889//375
f 2061//376 1889//376 2062//376
f 2062//376 1889//376 1884//376
f 2062//377 1884//377 2063//377
f 2063//377 1884//377 1838//377
f 2063//378 1838//378 2064//378
f 2064//378 1838//378 1836//378
f 2064//379 1836//379 2065//379
f 2065//379 1836//379 1834//379
f 2065//380 1834//380 2066//380
f 2066//380 1834//380 1832//380
f 2066//381 1832//381 2067//381
f 2067//381 1832//381 1830//381
f 2067//382 1830//382 2068//382
f 2068//382 1830//382 1828//382
f 2068//383 1828//383 2069//383
f 2069//383 1828//383 1826//383
f 2069//384 1826//384 2070//384
f 2070//384 1826//384 1824//384
f 2070//385 1824//385 2071//385
f 2071//385 1824//385 1822//385
f 2071//386 1822//386 2072//386
f 2072//386 1822//386 1883//386
f 2072//387 1883//387 2073//387
f 2073//387 1883//387 1881//387
f 2073//388 1881//388 2074//388
f 2074//388 1881//388 1878//388
f 2074//389 1878//389 2075//389
f 2075//389 1878//389 1874//389
f 2075//390 1874//390 2076//390
f 2076//390 1874//390 1869//390
f 2076//391 1869//391 2077//391
f 2077//391 1869//391 1864//391
f 2077//392 1864//392 2078//392
f 2078//392 1864//392 1859//392
f 2078//393 1859//393 2079//393
f 2079//393 1859//393 1854//393
f 2079//394 1854//394 2080//394
f 2080//394 1854//394 1793//394
f 2080//395 1793//395 2081//395
f 2081//395 1793//395 1791//395
f 2081//396 1791//396 2082//396
f 2082//396 1791//396 1789//396
f 2082//397 1789//397 2083//397
f 2083//397 1789//397 1787//397
f 2083//398 1787//398 2084//398
f 2084//398 1787//398 1785//398
f 2084//399 1785//399 2085//399
f 2085//399 1785//399 1783//399
f 2085//400 1783//400 2086//400
f 2086//400 1783//400 1781//400
f 2086//401 1781//401 2054//401
f 2054//401 1781//401 1765//401
f 2087//402 2088//402 2089//402
f 2089//402 2088//402 2090//402
f 2089//403 2090//403 2091//403
f 2091//403 2090//403 2092//403
f 2091//404 2092//404 2093//404
f 2093//404 2092//404 2094//404
f 2093//405 2094//405 2095//405
f 2095//405 2094//405 2096//405
f 2095//406 2096//406 2097//406
f 2097//406 2096//406 2098//406
f 2097//408 2098//408 2099//408
f 2099//408 2098//408 2100//408
f 2099//410 2100//410 2101//409
f 2101//409 2100//410 2102//409
f 2101//411 2102//411 2103//411
f 2103//411 2102//411 2104//411
f 2103//412 2104//412 2105//412
f 2105//412 2104//412 2106//412
f 2105//837 2106//837 2107//837
f 2107//837 2106//837 2108//837
f 2107//416 2108//416 2109//416
f 2109//416 2108//416 2110//416
f 2109//419 2110//419 2111//419
f 2111//419 2110//419 2112//418
f 2111//420 2112//421 2113//421
f 2113//421 2112//421 2114//421
f 2113//422 2114//422 2115//422
f 2115//422 2114//422 2116//422
f 2115//423 2116//423 2117//838
f 2117//838 2116//423 2118//838
f 2117//426 2118//426 2119//426
f 2119//426 2118//426 2120//426
f 2119//427 2120//427 2121//427
f 2121//427 2120//427 2122//427
f 2121//428 2122//428 2123//428
f 2123//428 2122//428 2124//428
f 2123//429 2124//429 2125//429
f 2125//429 2124//429 2126//429
f 2125//430 2126//430 2127//430
f 2127//430 2126//430 2128//430
f 2127//431 2128//431 2129//431
f 2129//431 2128//431 2130//431
f 2129//432 2130//432 2131//432
f 2131//432 2130//432 2132//432
f 2131//433 2132//433 2133//433
f 2133//433 2132//433 2134//433
f 2133//434 2134//434 2135//434
f 2135//434 2134//434 2136//434
f 2135//435 2136//435 2137//435
f 2137//435 2136//435 2138//435
f 2137//438 2138//438 2139//437
f 2139//437 2138//438 2140//437
f 2139//439 2140//439 2141//439
f 2141//439 2140//439 2142//439
f 2141//440 2142//440 2143//440
f 2143//440 2142//440 2144//440
f 2143//840 2144//840 2145//441
f 2145//441 2144//840 2146//441
f 2145//841 2146//841 2147//841
f 2147//841 2146//841 2148//841
f 2147//446 2148//446 2149//446
f 2149//446 2148//446 2150//446
f 2149//447 2150//448 2151//448
f 2151//448 2150//448 2152//448
f 2151//843 2152//449 2153//449
f 2153//449 2152//449 2154//449
f 2153//450 2154//450 2155//450
f 2155//450 2154//450 2156//450
f 2155//452 2156//452 2157//452
f 2157//452 2156//452 2158//452
f 2157//454 2158//454 2159//454
f 2159//454 2158//454 2160//454
f 2159//455 2160//455 2161//455
f 2161//455 2160//455 2162//455
f 2161//457 2162//457 2087//457
f 2087//457 2162//457 2088//457
f 2018//458 2163//459 2019//460
f 2019//460 2163//459 2164//461
f 2019//462 2164//463 2165//464
f 2165//465 2164//465 2166//465
f 2165//465 2166//465 2167//465
f 2167//466 2166//466 2168//466
f 2167//466 2168//466 2169//466
f 2169//845 2168//467 2170//467
f 2169//845 2170//467 2171//845
f 2171//468 2170//468 2090//468
f 2171//468 2090//468 2088//468
f 2163//469 2018//470 2172//471
f 2172//471 2018//470 2053//472
f 2172//473 2053//473 2173//473
f 2173//474 2053//474 2052//474
f 2173//846 2052//846 2174//846
f 2174//476 2052//476 2051//476
f 2174//477 2051//477 2175//477
f 2175//478 2051//478 2050//478
f 2175//847 2050//847 2176//847
f 2176//848 2050//848 2049//848
f 2176//849 2049//849 2177//849
f 2177//482 2049//482 2048//482
f 2177//483 2048//483 2178//483
f 2178//484 2048//484 2047//484
f 2178//485 2047//485 2179//485
f 2179//486 2047//486 2046//486
f 2179//487 2046//487 2180//487
f 2180//488 2046//488 2045//488
f 2180//489 2045//489 2181//489
f 2181//490 2045//490 2044//490
f 2181//491 2044//491 2182//491
f 2182//492 2044//492 2043//492
f 2182//850 2043//850 2183//850
f 2183//851 2043//851 2042//851
f 2183//852 2042//852 2184//852
f 2184//496 2042//496 2041//496
f 2184//497 2041//497 2185//497
f 2185//498 2041//498 2040//498
f 2185//853 2040//853 2186//853
f 2186//500 2040//500 2039//500
f 2186//501 2039//501 2187//501
f 2187//502 2039//503 2038//504
f 2187//502 2038//504 2188//505
f 2188//506 2038//507 2037//508
f 2188//506 2037//508 2189//509
f 2189//510 2037//511 2190//512
f 2189//513 2190//513 2191//513
f 2191//514 2190//514 2192//514
f 2191//515 2192//515 2193//515
f 2193//516 2192//516 2194//516
f 2193//517 2194//517 2195//517
f 2195//518 2194//518 2196//518
f 2195//519 2196//519 2136//519
f 2136//905 2196//905 2138//520
f 2037//511 2036//522 2190//512
f 2190//523 2036//524 2197//525
f 2190//514 2197//514 2192//514
f 2192//854 2197//854 2198//526
f 2192//516 2198//516 2194//516
f 2194//528 2198//528 2199//527
f 2194//518 2199//518 2196//518
f 2196//529 2199//529 2200//529
f 2196//905 2200//520 2138//520
f 2138//530 2200//530 2140//530
f 2036//524 2035//532 2197//525
f 2197//533 2035//533 2201//533
f 2197//854 2201//526 2198//526
f 2198//534 2201//534 2202//534
f 2198//528 2202//527 2199//527
f 2199//535 2202//535 2203//536
f 2199//529 2203//529 2200//529
f 2200//855 2203//855 2204//537
f 2200//530 2204//530 2140//530
f 2140//916 2204//539 2142//539
f 2035//540 2034//540 2201//540
f 2201//857 2034//857 2205//857
f 2201//534 2205//534 2202//534
f 2202//542 2205//542 2206//542
f 2202//535 2206//536 2203//536
f 2203//543 2206//543 2207//858
f 2203//855 2207//537 2204//537
f 2204//544 2207//859 2208//859
f 2204//539 2208//539 2142//539
f 2142//545 2208//545 2144//545
f 2034//546 2033//546 2205//546
f 2205//547 2033//547 2209//547
f 2205//542 2209//542 2206//542
f 2206//548 2209//548 2210//548
f 2206//543 2210//858 2207//858
f 2207//860 2210//550 2211//551
f 2207//859 2211//859 2208//859
f 2208//552 2211//552 2212//552
f 2208//545 2212//545 2144//545
f 2144//862 2212//554 2146//917
f 2033//555 2032//555 2209//555
f 2209//863 2032//863 2213//863
f 2209//548 2213//548 2210//548
f 2210//557 2213//557 2214//557
f 2210//550 2214//551 2211//551
f 2211//558 2214//558 2215//558
f 2211//552 2215//552 2212//552
f 2212//559 2215//559 2216//559
f 2212//554 2216//553 2146//917
f 2146//560 2216//560 2148//560
f 2032//864 2031//864 2213//864
f 2213//865 2031//865 2217//865
f 2213//557 2217//557 2214//557
f 2214//563 2217//563 2218//563
f 2214//558 2218//558 2215//558
f 2215//564 2218//564 2219//564
f 2215//559 2219//559 2216//559
f 2216//566 2219//566 2220//566
f 2216//560 2220//560 2148//560
f 2148//866 2220//866 2150//567
f 2031//568 2030//568 2217//568
f 2217//569 2030//569 2221//569
f 2217//563 2221//563 2218//563
f 2218//571 2221//571 2222//571
f 2218//564 2222//564 2219//564
f 2219//572 2222//572 2223//572
f 2219//566 2223//566 2220//566
f 2220//574 2223//574 2224//574
f 2220//866 2224//567 2150//567
f 2150//575 2224//575 2152//576
f 2030//577 2029//577 2221//577
f 2221//578 2029//578 2225//578
f 2221//571 2225//571 2222//571
f 2222//579 2225//579 2226//579
f 2222//572 2226//572 2223//572
f 2223//581 2226//581 2227//581
f 2223//574 2227//574 2224//574
f 2224//582 2227//582 2228//582
f 2224//575 2228//576 2152//576
f 2152//583 2228//583 2154//583
f 2029//584 2028//584 2225//584
f 2225//585 2028//585 2229//585
f 2225//579 2229//579 2226//579
f 2226//587 2229//587 2230//587
f 2226//581 2230//581 2227//581
f 2227//588 2230//588 2231//588
f 2227//582 2231//582 2228//582
f 2228//589 2231//589 2232//589
f 2228//583 2232//583 2154//583
f 2154//591 2232//591 2156//869
f 2028//593 2027//593 2229//593
f 2229//594 2027//594 2233//594
f 2229//587 2233//587 2230//587
f 2230//595 2233//595 2234//595
f 2230//588 2234//588 2231//588
f 2231//596 2234//868 2235//868
f 2231//589 2235//589 2232//589
f 2232//598 2235//598 2236//598
f 2232//591 2236//869 2156//869
f 2156//599 2236//599 2158//918
f 2027//601 2026//601 2233//601
f 2233//602 2026//602 2237//602
f 2233//595 2237//595 2234//595
f 2234//603 2237//603 2238//603
f 2234//868 2238//868 2235//868
f 2235//604 2238//604 2239//612
f 2235//598 2239//598 2236//598
f 2236//607 2239//607 2240//607
f 2236//599 2240//918 2158//918
f 2158//608 2240//608 2160//608
f 2026//609 2025//609 2237//609
f 2237//870 2025//870 2241//870
f 2237//603 2241//603 2238//603
f 2238//871 2241//871 2242//611
f 2238//604 2242//612 2239//612
f 2239//919 2242//919 2243//613
f 2239//607 2243//607 2240//607
f 2240//615 2243//615 2244//615
f 2240//608 2244//608 2160//608
f 2160//616 2244//616 2162//616
f 2025//873 2024//873 2241//873
f 2241//874 2024//874 2245//874
f 2241//871 2245//611 2242//611
f 2242//619 2245//619 2246//619
f 2242//919 2246//613 2243//613
f 2243//620 2246//620 2247//875
f 2243//615 2247//615 2244//615
f 2244//621 2247//621 2248//621
f 2244//616 2248//616 2162//616
f 2162//622 2248//622 2088//622
f 2024//623 2023//623 2245//623
f 2245//624 2023//624 2249//624
f 2245//619 2249//619 2246//619
f 2246//625 2249//625 2250//625
f 2246//620 2250//875 2247//875
f 2247//626 2250//626 2251//626
f 2247//621 2251//621 2248//621
f 2248//629 2251//629 2171//628
f 2248//622 2171//622 2088//622
f 2023//630 2022//630 2249//630
f 2249//876 2022//876 2252//876
f 2249//625 2252//625 2250//625
f 2250//632 2252//632 2253//632
f 2250//626 2253//626 2251//626
f 2251//634 2253//634 2169//634
f 2251//629 2169//628 2171//628
f 2022//635 2021//635 2252//635
f 2252//636 2021//636 2254//636
f 2252//632 2254//920 2253//632
f 2253//637 2254//637 2167//637
f 2253//634 2167//634 2169//634
f 2021//638 2020//639 2254//640
f 2254//640 2020//639 2165//641
f 2254//637 2165//637 2167//637
f 2020//642 2019//462 2165//464
f 2128//643 2255//643 2130//643
f 2130//643 2255//643 2256//643
f 2130//644 2256//644 2132//644
f 2132//644 2256//644 2257//644
f 2132//877 2257//877 2134//645
f 2134//645 2257//877 2195//645
f 2134//519 2195//519 2136//519
f 2255//646 2258//646 2256//878
f 2256//878 2258//646 2259//878
f 2256//647 2259//647 2257//648
f 2257//648 2259//647 2193//648
f 2257//517 2193//517 2195//517
f 2255//649 2128//649 2260//649
f 2260//649 2128//649 2126//649
f 2260//650 2126//650 2261//650
f 2261//650 2126//650 2124//650
f 2261//907 2124//907 2262//651
f 2262//651 2124//907 2122//651
f 2262//652 2122//652 2263//652
f 2263//652 2122//652 2120//652
f 2263//653 2120//653 2264//654
f 2264//654 2120//653 2118//654
f 2264//921 2118//656 2265//656
f 2265//656 2118//656 2116//656
f 2265//657 2116//657 2266//657
f 2266//657 2116//657 2114//657
f 2266//658 2114//658 2267//658
f 2267//658 2114//658 2112//658
f 2267//661 2112//661 2268//909
f 2268//909 2112//661 2110//909
f 2268//662 2110//662 2269//662
f 2269//662 2110//662 2108//922
f 2269//664 2108//664 2270//879
f 2270//879 2108//664 2106//879
f 2270//666 2106//666 2271//665
f 2271//665 2106//666 2104//665
f 2271//880 2104//880 2272//668
f 2272//668 2104//880 2102//668
f 2272//923 2102//923 2273//671
f 2273//671 2102//923 2100//671
f 2273//673 2100//673 2274//924
f 2274//924 2100//673 2098//924
f 2274//674 2098//674 2275//674
f 2275//674 2098//674 2096//674
f 2275//676 2096//676 2276//676
f 2276//676 2096//676 2094//676
f 2276//677 2094//677 2277//677
f 2277//677 2094//677 2092//677
f 2277//678 2092//678 2170//678
f 2170//678 2092//678 2090//678
f 2258//679 2278//679 2259//679
f 2259//679 2278//679 2191//679
f 2259//515 2191//515 2193//515
f 2258//680 2255//680 2279//881
f 2279//881 2255//680 2260//881
f 2279//681 2260//682 2280//682
f 2280//682 2260//682 2261//682
f 2280//683 2261//683 2281//683
f 2281//683 2261//683 2262//683
f 2281//684 2262//684 2282//684
f 2282//684 2262//684 2263//684
f 2282//685 2263//685 2283//685
f 2283//685 2263//685 2264//685
f 2283//686 2264//686 2284//882
f 2284//882 2264//686 2265//882
f 2284//689 2265//689 2285//689
f 2285//689 2265//689 2266//689
f 2285//691 2266//691 2286//691
f 2286//691 2266//691 2267//691
f 2286//692 2267//692 2287//692
f 2287//692 2267//692 2268//692
f 2287//693 2268//693 2288//693
f 2288//693 2268//693 2269//694
f 2288//695 2269//695 2289//695
f 2289//695 2269//695 2270//695
f 2289//697 2270//697 2290//697
f 2290//697 2270//697 2271//697
f 2290//698 2271//698 2291//698
f 2291//698 2271//698 2272//698
f 2291//700 2272//700 2292//883
f 2292//883 2272//700 2273//883
f 2292//701 2273//701 2293//701
f 2293//701 2273//701 2274//701
f 2293//702 2274//702 2294//702
f 2294//702 2274//702 2275//702
f 2294//703 2275//703 2295//703
f 2295//703 2275//703 2276//703
f 2295//704 2276//704 2296//705
f 2296//705 2276//704 2277//705
f 2296//884 2277//884 2168//706
f 2168//706 2277//884 2170//706
f 2188//707 2189//707 2278//707
f 2278//513 2189//513 2191//513
f 2278//708 2258//708 2297//708
f 2297//708 2258//708 2279//708
f 2297//709 2279//709 2298//709
f 2298//709 2279//709 2280//709
f 2298//711 2280//711 2299//711
f 2299//711 2280//711 2281//711
f 2299//885 2281//885 2300//712
f 2300//712 2281//885 2282//712
f 2300//713 2282//713 2301//714
f 2301//714 2282//713 2283//714
f 2301//925 2283//925 2302//886
f 2302//886 2283//925 2284//886
f 2302//718 2284//718 2303//718
f 2303//718 2284//718 2285//718
f 2303//719 2285//719 2304//719
f 2304//719 2285//719 2286//719
f 2304//721 2286//721 2305//720
f 2305//720 2286//721 2287//720
f 2305//722 2287//722 2306//722
f 2306//722 2287//722 2288//722
f 2306//723 2288//723 2307//723
f 2307//723 2288//723 2289//723
f 2307//724 2289//724 2308//724
f 2308//724 2289//724 2290//724
f 2308//725 2290//725 2309//726
f 2309//726 2290//725 2291//726
f 2309//728 2291//728 2310//729
f 2310//729 2291//728 2292//729
f 2310//730 2292//730 2311//731
f 2311//731 2292//730 2293//731
f 2311//888 2293//888 2312//732
f 2312//732 2293//888 2294//732
f 2312//733 2294//733 2313//733
f 2313//733 2294//733 2295//733
f 2313//734 2295//734 2314//734
f 2314//734 2295//734 2296//734
f 2314//735 2296//735 2166//735
f 2166//735 2296//735 2168//735
f 2314//736 2166//736 2164//736
f 2314//736 2164//736 2163//736
f 2187//737 2188//737 2297//737
f 2297//707 2188//707 2278//707
f 2187//737 2297//737 2298//737
f 2186//738 2187//738 2298//738
f 2186//738 2298//738 2299//738
f 2185//739 2186//739 2299//739
f 2185//739 2299//739 2300//739
f 2184//740 2185//740 2300//740
f 2184//740 2300//740 2301//740
f 2183//741 2184//741 2301//741
f 2183//741 2301//741 2302//741
f 2182//742 2183//742 2302//742
f 2182//742 2302//742 2303//742
f 2181//743 2182//743 2303//743
f 2181//743 2303//743 2304//743
f 2180//744 2181//744 2304//744
f 2180//744 2304//744 2305//744
f 2179//745 2180//745 2305//745
f 2179//745 2305//745 2306//745
f 2178//746 2179//746 2306//746
f 2178//746 2306//746 2307//890
f 2177//747 2178//747 2307//747
f 2177//747 2307//747 2308//747
f 2176//748 2177//748 2308//748
f 2176//748 2308//748 2309//748
f 2175//749 2176//749 2309//749
f 2175//749 2309//749 2310//749
f 2174//751 2175//751 2310//751
f 2174//751 2310//751 2311//751
f 2173//752 2174//752 2311//752
f 2173//752 2311//752 2312//752
f 2172//891 2173//753 2312//753
f 2172//891 2312//753 2313//891
f 2163//754 2172//754 2313//754
f 2163//754 2313//754 2314//754
f 2315//755 2087//755 2316//755
f 2316//755 2087//755 2089//755
f 2316//756 2089//756 2317//756
f 2317//756 2089//756 2091//756
f 2317//757 2091//757 2318//757
f 2318//757 2091//757 2093//757
f 2318//758 2093//758 2319//758
f 2319//758 2093//758 2095//758
f 2319//759 2095//759 2320//759
f 2320//759 2095//759 2097//759
f 2320//760 2097//760 2321//760
f 2321//760 2097//760 2099//760
f 2321//761 2099//761 2322//761
f 2322//761 2099//761 2101//761
f 2322//762 2101//762 2323//762
f 2323//762 2101//762 2103//762
f 2323//763 2103//763 2324//763
f 2324//763 2103//763 2105//763
f 2324//764 2105//764 2325//764
f 2325//764 2105//764 2107//764
f 2325//765 2107//765 2326//765
f 2326//765 2107//765 2109//765
f 2326//766 2109//766 2327//766
f 2327//766 2109//766 2111//766
f 2327//767 2111//767 2328//767
f 2328//767 2111//767 2113//767
f 2328//768 2113//768 2329//768
f 2329//768 2113//768 2115//768
f 2329//769 2115//769 2330//769
f 2330//769 2115//769 2117//769
f 2330//770 2117//770 2331//770
f 2331//770 2117//770 2119//770
f 2331//771 2119//771 2332//771
f 2332//771 2119//771 2121//771
f 2332//772 2121//772 2333//772
f 2333//772 2121//772 2123//772
f 2333//773 2123//773 2334//773
f 2334//773 2123//773 2125//773
f 2334//774 2125//774 2335//774
f 2335//774 2125//774 2127//774
f 2335//775 2127//775 2336//775
f 2336//775 2127//775 2129//775
f 2336//776 2129//776 2337//776
f 2337//776 2129//776 2131//776
f 2337//777 2131//777 2338//777
f 2338//777 2131//777 2133//777
f 2338//778 2133//778 2339//778
f 2339//778 2133//778 2135//778
f 2339//779 2135//779 2340//779
f 2340//779 2135//779 2137//779
f 2340//780 2137//780 2341//780
f 2341//780 2137//780 2139//780
f 2341//781 2139//781 2342//781
f 2342//781 2139//781 2141//781
f 2342//782 2141//782 2343//782
f 2343//782 2141//782 2143//782
f 2343//783 2143//783 2344//783
f 2344//783 2143//783 2145//783
f 2344//784 2145//784 2345//784
f 2345//784 2145//784 2147//784
f 2345//785 2147//785 2346//785
f 2346//785 2147//785 2149//785
f 2346//786 2149//786 2347//786
f 2347//786 2149//786 2151//786
f 2347//787 2151//787 2348//787
f 2348//787 2151//787 2153//787
f 2348//788 2153//788 2349//788
f 2349//788 2153//788 2155//788
f 2349//789 2155//789 2350//789
f 2350//789 2155//789 2157//789
f 2350//790 2157//790 2351//790
f 2351//790 2157//790 2159//790
f 2351//791 2159//791 2352//791
f 2352//791 2159//791 2161//791
f 2352//792 2161//792 2315//792
f 2315//792 2161//792 2087//792
f 2353//1 2354//1 2355//1
f 2355//2 2354//2 2356//2
f 2355//3 2356//3 2357//3
f 2357//4 2356//4 2358//4
f 2357//4 2358//4 2359//4
f 2359//5 2358//6 2360//6
f 2359//5 2360//6 2361//5
f 2361//8 2360//8 2362//8
f 2361//8 2362//8 2363//8
f 2363//9 2362//9 2364//9
f 2363//9 2364//9 2365//9
f 2365//793 2364//12 2366//13
f 2365//793 2366//13 2367//14
f 2354//15 2353//15 2368//15
f 2368//16 2353//16 2369//16
f 2368//17 2369//17 2370//17
f 2370//18 2369//18 2371//18
f 2370//19 2371//19 2372//19
f 2372//20 2371//20 2373//20
f 2372//794 2373//794 2374//794
f 2374//22 2373//22 2375//22
f 2374//23 2375//23 2376//23
f 2376//795 2375//795 2377//795
f 2376//25 2377//25 2378//25
f 2378//26 2377//26 2379//26
f 2378//27 2379//27 2380//27
f 2380//28 2379//28 2381//28
f 2380//29 2381//29 2382//29
f 2382//30 2381//30 2383//30
f 2382//32 2383//32 2384//32
f 2384//33 2383//33 2385//33
f 2384//35 2385//35 2386//35
f 2386//36 2385//36 2387//36
f 2386//37 2387//37 2388//37
f 2388//38 2387//38 2389//38
f 2388//39 2389//39 2390//39
f 2390//40 2389//40 2391//40
f 2390//41 2391//41 2392//41
f 2392//798 2391//798 2393//798
f 2393//43 2391//43 2394//43
f 2393//44 2394//44 2395//44
f 2395//45 2394//45 2396//45
f 2395//46 2396//47 2397//48
f 2397//48 2396//47 2398//49
f 2397//50 2398//51 2399//52
f 2399//52 2398//51 2400//53
f 2399//54 2400//54 2401//54
f 2401//55 2400//55 2402//55
f 2401//55 2402//55 2403//55
f 2403//57 2402//58 2404//58
f 2403//57 2404//58 2405//57
f 2405//59 2404//59 2406//59
f 2405//59 2406//59 2407//59
f 2407//60 2406//60 2408//60
f 2407//60 2408//60 2409//60
f 2409//62 2408//62 2410//62
f 2409//63 2410//63 2411//63
f 2411//64 2410//64 2412//64
f 2411//65 2412//65 2413//65
f 2413//66 2412//66 2414//66
f 2413//67 2414//67 2415//67
f 2415//68 2414//68 2416//68
f 2415//69 2416//69 2417//69
f 2417//70 2416//70 2418//70
f 2417//71 2418//71 2419//71
f 2419//72 2418//72 2420//72
f 2419//73 2420//73 2421//73
f 2421//74 2420//74 2422//74
f 2421//75 2422//75 2423//75
f 2423//76 2422//76 2424//76
f 2423//77 2424//77 2425//77
f 2425//78 2424//78 2426//78
f 2425//79 2426//79 2427//79
f 2427//800 2426//800 2428//800
f 2427//81 2428//81 2429//81
f 2429//82 2428//82 2430//82
f 2429//84 2430//84 2431//84
f 2431//85 2430//85 2432//85
f 2431//86 2432//86 2433//86
f 2433//87 2432//87 2434//87
f 2433//89 2434//89 2435//89
f 2435//801 2434//801 2436//90
f 2435//91 2436//91 2437//91
f 2437//802 2436//802 2438//802
f 2438//803 2436//803 2439//803
f 2438//94 2439//94 2440//94
f 2440//95 2439//95 2441//95
f 2440//96 2441//894 2367//98
f 2367//98 2441//894 2365//99
f 2381//100 2442//100 2383//100
f 2383//804 2442//804 2443//804
f 2383//33 2443//33 2385//33
f 2385//102 2443//102 2444//805
f 2385//36 2444//36 2387//36
f 2387//104 2444//104 2445//104
f 2387//38 2445//38 2389//38
f 2389//106 2445//106 2446//106
f 2389//40 2446//40 2391//40
f 2391//107 2446//107 2394//107
f 2442//108 2447//108 2443//108
f 2443//926 2447//926 2448//926
f 2443//102 2448//805 2444//805
f 2444//111 2448//111 2449//111
f 2444//104 2449//104 2445//104
f 2445//112 2449//112 2450//112
f 2445//106 2450//106 2446//106
f 2446//113 2450//113 2451//113
f 2446//107 2451//107 2394//107
f 2394//114 2451//114 2396//114
f 2447//115 2452//115 2448//115
f 2448//116 2452//116 2453//116
f 2448//111 2453//111 2449//111
f 2449//117 2453//117 2454//117
f 2449//112 2454//112 2450//112
f 2450//120 2454//120 2455//120
f 2450//113 2455//113 2451//113
f 2451//121 2455//121 2456//121
f 2451//114 2456//114 2396//114
f 2396//123 2456//123 2398//123
f 2452//124 2457//124 2453//124
f 2453//125 2457//125 2458//125
f 2453//117 2458//117 2454//117
f 2454//126 2458//126 2459//126
f 2454//120 2459//120 2455//120
f 2455//127 2459//127 2460//127
f 2455//121 2460//121 2456//121
f 2456//128 2460//128 2461//128
f 2456//123 2461//123 2398//123
f 2398//130 2461//130 2400//130
f 2457//131 2462//131 2458//131
f 2458//132 2462//132 2463//132
f 2458//126 2463//126 2459//126
f 2459//139 2463//139 2464//133
f 2459//127 2464//127 2460//127
f 2460//134 2464//134 2465//134
f 2460//128 2465//128 2461//128
f 2461//136 2465//136 2402//136
f 2461//130 2402//130 2400//130
f 2462//137 2466//137 2463//137
f 2463//138 2466//138 2467//138
f 2463//139 2467//133 2464//133
f 2464//140 2467//140 2468//140
f 2464//134 2468//134 2465//134
f 2465//141 2468//141 2404//141
f 2465//136 2404//136 2402//136
f 2466//142 2469//142 2467//142
f 2467//143 2469//143 2470//143
f 2467//140 2470//140 2468//140
f 2468//144 2470//144 2406//144
f 2468//141 2406//141 2404//141
f 2469//145 2471//145 2470//145
f 2470//146 2471//146 2408//146
f 2470//144 2408//144 2406//144
f 2471//62 2410//62 2408//62
f 2426//147 2472//147 2428//147
f 2428//810 2472//810 2473//810
f 2428//82 2473//82 2430//82
f 2430//150 2473//150 2474//150
f 2430//85 2474//85 2432//85
f 2432//151 2474//151 2475//151
f 2432//87 2475//87 2434//87
f 2434//154 2475//154 2476//154
f 2434//801 2476//90 2436//90
f 2436//155 2476//155 2439//155
f 2472//156 2477//156 2473//156
f 2473//157 2477//157 2478//157
f 2473//150 2478//150 2474//150
f 2474//159 2478//159 2479//927
f 2474//151 2479//151 2475//151
f 2475//160 2479//160 2480//160
f 2475//154 2480//154 2476//154
f 2476//162 2480//162 2481//162
f 2476//155 2481//155 2439//155
f 2439//163 2481//163 2441//163
f 2477//813 2482//813 2478//813
f 2478//165 2482//165 2483//165
f 2478//159 2483//927 2479//927
f 2479//168 2483//168 2484//168
f 2479//160 2484//160 2480//160
f 2480//169 2484//169 2485//169
f 2480//162 2485//162 2481//162
f 2481//928 2485//170 2486//170
f 2481//163 2486//163 2441//163
f 2441//171 2486//171 2365//171
f 2482//172 2487//172 2483//172
f 2483//929 2487//929 2488//929
f 2483//168 2488//168 2484//168
f 2484//174 2488//174 2489//174
f 2484//169 2489//169 2485//169
f 2485//175 2489//175 2490//175
f 2485//170 2490//170 2486//170
f 2486//176 2490//176 2363//176
f 2486//171 2363//171 2365//171
f 2487//177 2491//177 2488//177
f 2488//178 2491//178 2492//178
f 2488//174 2492//174 2489//174
f 2489//179 2492//179 2493//180
f 2489//175 2493//175 2490//175
f 2490//182 2493//182 2361//182
f 2490//176 2361//176 2363//176
f 2491//183 2494//183 2492//183
f 2492//184 2494//184 2495//184
f 2492//179 2495//180 2493//180
f 2493//185 2495//185 2359//185
f 2493//182 2359//182 2361//182
f 2494//186 2496//186 2495//186
f 2495//187 2496//187 2357//187
f 2495//185 2357//185 2359//185
f 2496//188 2355//188 2357//188
f 2437//189 2497//189 2435//189
f 2435//190 2497//190 2498//190
f 2435//89 2498//89 2433//89
f 2433//192 2498//192 2499//191
f 2433//86 2499//86 2431//86
f 2431//194 2499//194 2500//194
f 2431//84 2500//84 2429//84
f 2429//198 2500//198 2501//198
f 2429//81 2501//81 2427//81
f 2427//199 2501//199 2425//199
f 2497//201 2502//201 2498//201
f 2498//202 2502//202 2503//202
f 2498//192 2503//191 2499//191
f 2499//203 2503//203 2504//203
f 2499//194 2504//194 2500//194
f 2500//205 2504//205 2505//204
f 2500//198 2505//198 2501//198
f 2501//206 2505//206 2506//206
f 2501//199 2506//199 2425//199
f 2425//207 2506//207 2423//207
f 2502//208 2507//208 2503//208
f 2503//209 2507//209 2508//209
f 2503//203 2508//203 2504//203
f 2504//210 2508//210 2509//210
f 2504//205 2509//204 2505//204
f 2505//211 2509//211 2510//211
f 2505//206 2510//206 2506//206
f 2506//213 2510//213 2511//213
f 2506//207 2511//207 2423//207
f 2423//820 2511//820 2421//215
f 2507//216 2512//216 2508//216
f 2508//217 2512//217 2513//217
f 2508//210 2513//210 2509//210
f 2509//218 2513//218 2514//218
f 2509//211 2514//211 2510//211
f 2510//220 2514//220 2515//220
f 2510//213 2515//213 2511//213
f 2511//222 2515//222 2516//222
f 2511//820 2516//215 2421//215
f 2421//223 2516//223 2419//223
f 2512//225 2517//225 2513//225
f 2513//226 2517//226 2518//226
f 2513//218 2518//218 2514//218
f 2514//227 2518//227 2519//227
f 2514//220 2519//220 2515//220
f 2515//228 2519//228 2520//228
f 2515//222 2520//222 2516//222
f 2516//229 2520//229 2521//229
f 2516//223 2521//223 2419//223
f 2419//230 2521//230 2417//822
f 2517//231 2522//231 2518//231
f 2518//232 2522//232 2523//232
f 2518//227 2523//227 2519//227
f 2519//233 2523//233 2524//233
f 2519//228 2524//228 2520//228
f 2520//234 2524//234 2525//234
f 2520//229 2525//229 2521//229
f 2521//236 2525//236 2526//236
f 2521//230 2526//822 2417//822
f 2417//237 2526//237 2415//237
f 2522//238 2527//238 2523//238
f 2523//239 2527//239 2528//239
f 2523//233 2528//233 2524//233
f 2524//240 2528//240 2529//240
f 2524//234 2529//234 2525//234
f 2525//242 2529//242 2530//242
f 2525//236 2530//236 2526//236
f 2526//244 2530//244 2531//244
f 2526//237 2531//237 2415//237
f 2415//825 2531//825 2413//825
f 2527//247 2532//247 2528//247
f 2528//248 2532//248 2533//248
f 2528//240 2533//240 2529//240
f 2529//249 2533//249 2534//249
f 2529//242 2534//242 2530//242
f 2530//250 2534//250 2535//250
f 2530//244 2535//244 2531//244
f 2531//251 2535//251 2536//251
f 2531//825 2536//825 2413//825
f 2413//252 2536//252 2411//252
f 2532//253 2537//253 2533//253
f 2533//254 2537//254 2538//254
f 2533//249 2538//249 2534//249
f 2534//255 2538//255 2539//255
f 2534//250 2539//250 2535//250
f 2535//256 2539//256 2540//256
f 2535//251 2540//251 2536//251
f 2536//257 2540//257 2541//257
f 2536//252 2541//252 2411//252
f 2411//258 2541//258 2409//258
f 2537//826 2542//826 2538//826
f 2538//260 2542//260 2543//260
f 2538//255 2543//255 2539//255
f 2539//261 2543//261 2544//261
f 2539//256 2544//256 2540//256
f 2540//827 2544//930 2545//262
f 2540//257 2545//257 2541//257
f 2541//263 2545//263 2407//263
f 2541//258 2407//258 2409//258
f 2542//264 2546//264 2543//264
f 2543//265 2546//265 2547//265
f 2543//261 2547//261 2544//261
f 2544//266 2547//266 2548//266
f 2544//930 2548//262 2545//262
f 2545//267 2548//267 2405//267
f 2545//263 2405//263 2407//263
f 2546//268 2549//269 2547//270
f 2547//270 2549//269 2550//271
f 2547//266 2550//266 2548//266
f 2548//272 2550//272 2403//272
f 2548//267 2403//267 2405//267
f 2549//273 2551//274 2550//275
f 2550//275 2551//274 2401//276
f 2550//272 2401//272 2403//272
f 2551//828 2399//54 2401//54
f 2392//277 2552//277 2390//277
f 2390//278 2552//278 2553//278
f 2390//39 2553//39 2388//39
f 2388//279 2553//279 2554//279
f 2388//37 2554//37 2386//37
f 2386//280 2554//280 2555//280
f 2386//35 2555//35 2384//35
f 2384//283 2555//283 2556//283
f 2384//32 2556//32 2382//32
f 2382//284 2556//284 2380//284
f 2552//285 2557//285 2553//285
f 2553//286 2557//286 2558//286
f 2553//279 2558//279 2554//279
f 2554//287 2558//287 2559//287
f 2554//280 2559//280 2555//280
f 2555//289 2559//289 2560//289
f 2555//283 2560//283 2556//283
f 2556//291 2560//291 2561//291
f 2556//284 2561//284 2380//284
f 2380//292 2561//292 2378//292
f 2557//294 2562//294 2558//294
f 2558//295 2562//295 2563//295
f 2558//287 2563//287 2559//287
f 2559//296 2563//296 2564//296
f 2559//289 2564//289 2560//289
f 2560//297 2564//297 2565//297
f 2560//291 2565//291 2561//291
f 2561//299 2565//299 2566//299
f 2561//292 2566//292 2378//292
f 2378//300 2566//300 2376//300
f 2562//302 2567//302 2563//302
f 2563//303 2567//303 2568//303
f 2563//296 2568//296 2564//296
f 2564//304 2568//304 2569//304
f 2564//297 2569//297 2565//297
f 2565//306 2569//306 2570//306
f 2565//299 2570//299 2566//299
f 2566//307 2570//307 2571//307
f 2566//300 2571//300 2376//300
f 2376//308 2571//308 2374//931
f 2567//310 2572//310 2568//310
f 2568//311 2572//311 2573//311
f 2568//304 2573//304 2569//304
f 2569//932 2573//932 2574//312
f 2569//306 2574//306 2570//306
f 2570//313 2574//313 2575//313
f 2570//307 2575//307 2571//307
f 2571//314 2575//314 2576//314
f 2571//308 2576//931 2374//931
f 2374//316 2576//316 2372//316
f 2572//318 2577//318 2573//318
f 2573//319 2577//319 2578//319
f 2573//932 2578//312 2574//312
f 2574//321 2578//321 2579//320
f 2574//313 2579//313 2575//313
f 2575//322 2579//322 2580//322
f 2575//314 2580//314 2576//314
f 2576//323 2580//323 2581//323
f 2576//316 2581//316 2372//316
f 2372//324 2581//324 2370//324
f 2577//325 2582//325 2578//325
f 2578//326 2582//326 2583//326
f 2578//321 2583//320 2579//320
f 2579//327 2583//327 2584//327
f 2579//322 2584//322 2580//322
f 2580//329 2584//329 2585//330
f 2580//323 2585//323 2581//323
f 2581//331 2585//331 2586//331
f 2581//324 2586//324 2370//324
f 2370//333 2586//333 2368//333
f 2582//334 2587//334 2583//334
f 2583//335 2587//335 2588//335
f 2583//327 2588//327 2584//327
f 2584//830 2588//830 2589//336
f 2584//329 2589//330 2585//330
f 2585//337 2589//337 2590//337
f 2585//331 2590//331 2586//331
f 2586//338 2590//338 2591//338
f 2586//333 2591//333 2368//333
f 2368//339 2591//339 2354//339
f 2587//340 2592//340 2588//340
f 2588//341 2592//341 2593//341
f 2588//830 2593//336 2589//336
f 2589//342 2593//342 2594//342
f 2589//337 2594//337 2590//337
f 2590//344 2594//344 2595//344
f 2590//338 2595//338 2591//338
f 2591//345 2595//345 2596//345
f 2591//339 2596//339 2354//339
f 2354//346 2596//346 2356//346
f 2592//833 2597//833 2593//833
f 2593//348 2597//348 2598//348
f 2593//342 2598//933 2594//342
f 2594//349 2598//349 2599//349
f 2594//344 2599//344 2595//344
f 2595//350 2599//350 2600//350
f 2595//345 2600//901 2596//345
f 2596//352 2600//352 2358//352
f 2596//346 2358//346 2356//346
f 2597//353 2601//353 2598//353
f 2598//354 2601//354 2602//354
f 2598//349 2602//349 2599//349
f 2599//355 2602//355 2603//355
f 2599//350 2603//350 2600//350
f 2600//934 2603//357 2360//356
f 2600//352 2360//352 2358//352
f 2601//358 2604//359 2602//902
f 2602//902 2604//359 2605//361
f 2602//355 2605//355 2603//355
f 2603//363 2605//363 2362//363
f 2603//357 2362//356 2360//356
f 2604//835 2366//365 2605//366
f 2605//366 2366//365 2364//367
f 2605//363 2364//363 2362//363
f 2606//368 2607//368 2366//368
f 2366//368 2607//368 2608//368
f 2366//368 2608//368 2367//368
f 2367//368 2608//368 2609//368
f 2367//368 2609//368 2440//368
f 2440//368 2609//368 2610//368
f 2440//368 2610//368 2438//368
f 2438//368 2610//368 2611//368
f 2438//368 2611//368 2437//368
f 2437//368 2611//368 2612//368
f 2437//368 2612//368 2497//368
f 2497//368 2612//368 2613//368
f 2497//368 2613//368 2502//368
f 2502//368 2613//368 2614//368
f 2502//368 2614//368 2507//368
f 2507//368 2614//368 2615//368
f 2507//368 2615//368 2512//368
f 2512//368 2615//368 2616//368
f 2512//368 2616//368 2517//368
f 2517//368 2616//368 2617//368
f 2517//368 2617//368 2522//368
f 2522//368 2617//368 2618//368
f 2522//368 2618//368 2527//368
f 2527//368 2618//368 2619//368
f 2527//368 2619//368 2532//368
f 2532//368 2619//368 2620//368
f 2532//368 2620//368 2537//368
f 2537//368 2620//368 2621//368
f 2537//368 2621//368 2542//368
f 2542//368 2621//368 2622//368
f 2542//368 2622//368 2546//368
f 2546//368 2622//368 2623//368
f 2546//368 2623//368 2549//368
f 2549//368 2623//368 2624//368
f 2549//368 2624//368 2551//368
f 2551//368 2624//368 2625//368
f 2551//368 2625//368 2399//368
f 2399//368 2625//368 2626//368
f 2399//368 2626//368 2397//368
f 2397//368 2626//368 2627//368
f 2397//368 2627//368 2395//368
f 2395//368 2627//368 2628//368
f 2395//368 2628//368 2393//368
f 2393//368 2628//368 2629//368
f 2393//368 2629//368 2392//368
f 2392//368 2629//368 2630//368
f 2392//368 2630//368 2552//368
f 2552//368 2630//368 2631//368
f 2552//368 2631//368 2557//368
f 2557//368 2631//368 2632//368
f 2557//368 2632//368 2562//368
f 2562//368 2632//368 2633//368
f 2562//368 2633//368 2567//368
f 2567//368 2633//368 2634//368
f 2567//368 2634//368 2572//368
f 2572//368 2634//368 2635//368
f 2572//368 2635//368 2577//368
f 2577//368 2635//368 2636//368
f 2577//368 2636//368 2582//368
f 2582//368 2636//368 2637//368
f 2582//368 2637//368 2587//368
f 2587//368 2637//368 2638//368
f 2587//368 2638//368 2592//368
f 2592//368 2638//368 2639//368
f 2592//368 2639//368 2597//368
f 2597//368 2639//368 2640//368
f 2597//368 2640//368 2601//368
f 2601//368 2640//368 2641//368
f 2601//368 2641//368 2604//368
f 2604//368 2641//368 2606//368
f 2604//368 2606//368 2366//368
f 2642//369 2353//369 2643//369
f 2643//369 2353//369 2355//369
f 2643//370 2355//370 2644//370
f 2644//370 2355//370 2496//370
f 2644//371 2496//371 2645//371
f 2645//371 2496//371 2494//371
f 2645//372 2494//372 2646//372
f 2646//372 2494//372 2491//372
f 2646//373 2491//373 2647//373
f 2647//373 2491//373 2487//373
f 2647//374 2487//374 2648//374
f 2648//374 2487//374 2482//374
f 2648//375 2482//375 2649//375
f 2649//375 2482//375 2477//375
f 2649//376 2477//376 2650//376
f 2650//376 2477//376 2472//376
f 2650//377 2472//377 2651//377
f 2651//377 2472//377 2426//377
f 2651//378 2426//378 2652//378
f 2652//378 2426//378 2424//378
f 2652//379 2424//379 2653//379
f 2653//379 2424//379 2422//379
f 2653//380 2422//380 2654//380
f 2654//380 2422//380 2420//380
f 2654//381 2420//381 2655//381
f 2655//381 2420//381 2418//381
f 2655//382 2418//382 2656//382
f 2656//382 2418//382 2416//382
f 2656//383 2416//383 2657//383
f 2657//383 2416//383 2414//383
f 2657//384 2414//384 2658//384
f 2658//384 2414//384 2412//384
f 2658//385 2412//385 2659//385
f 2659//385 2412//385 2410//385
f 2659//386 2410//386 2660//386
f 2660//386 2410//386 2471//386
f 2660//387 2471//387 2661//387
f 2661//387 2471//387 2469//387
f 2661//388 2469//388 2662//388
f 2662//388 2469//388 2466//388
f 2662//389 2466//389 2663//389
f 2663//389 2466//389 2462//389
f 2663//390 2462//390 2664//390
f 2664//390 2462//390 2457//390
f 2664//391 2457//391 2665//391
f 2665//391 2457//391 2452//391
f 2665//392 2452//392 2666//392
f 2666//392 2452//392 2447//392
f 2666//393 2447//393 2667//393
f 2667//393 2447//393 2442//393
f 2667//394 2442//394 2668//394
f 2668//394 2442//394 2381//394
f 2668//395 2381//395 2669//395
f 2669//395 2381//395 2379//395
f 2669//396 2379//396 2670//396
f 2670//396 2379//396 2377//396
f 2670//397 2377//397 2671//397
f 2671//397 2377//397 2375//397
f 2671//398 2375//398 2672//398
f 2672//398 2375//398 2373//398
f 2672//399 2373//399 2673//399
f 2673//399 2373//399 2371//399
f 2673//400 2371//400 2674//400
f 2674//400 2371//400 2369//400
f 2674//401 2369//401 2642//401
f 2642//401 2369//401 2353//401
f 2675//402 2676//402 2677//402
f 2677//402 2676//402 2678//402
f 2677//403 2678//403 2679//403
f 2679//403 2678//403 2680//403
f 2679//404 2680//404 2681//404
f 2681//404 2680//404 2682//404
f 2681//405 2682//405 2683//405
f 2683//405 2682//405 2684//405
f 2683//406 2684//406 2685//406
f 2685//406 2684//406 2686//406
f 2685//408 2686//408 2687//408
f 2687//408 2686//408 2688//408
f 2687//410 2688//410 2689//409
f 2689//409 2688//410 2690//409
f 2689//411 2690//411 2691//411
f 2691//411 2690//411 2692//411
f 2691//836 2692//836 2693//836
f 2693//836 2692//836 2694//836
f 2693//414 2694//414 2695//414
f 2695//414 2694//414 2696//414
f 2695//416 2696//416 2697//416
f 2697//416 2696//416 2698//416
f 2697//418 2698//418 2699//418
f 2699//418 2698//418 2700//418
f 2699//421 2700//421 2701//421
f 2701//421 2700//421 2702//421
f 2701//422 2702//422 2703//422
f 2703//422 2702//422 2704//422
f 2703//838 2704//838 2705//838
f 2705//838 2704//838 2706//423
f 2705//426 2706//426 2707//426
f 2707//426 2706//426 2708//426
f 2707//427 2708//427 2709//427
f 2709//427 2708//427 2710//427
f 2709//428 2710//428 2711//428
f 2711//428 2710//428 2712//428
f 2711//429 2712//429 2713//429
f 2713//429 2712//429 2714//429
f 2713//430 2714//430 2715//430
f 2715//430 2714//430 2716//430
f 2715//431 2716//431 2717//431
f 2717//431 2716//431 2718//431
f 2717//432 2718//432 2719//432
f 2719//432 2718//432 2720//432
f 2719//433 2720//433 2721//433
f 2721//433 2720//433 2722//433
f 2721//434 2722//434 2723//434
f 2723//434 2722//434 2724//434
f 2723//435 2724//435 2725//435
f 2725//435 2724//435 2726//435
f 2725//438 2726//438 2727//437
f 2727//437 2726//438 2728//437
f 2727//439 2728//439 2729//439
f 2729//439 2728//439 2730//439
f 2729//839 2730//839 2731//440
f 2731//440 2730//839 2732//440
f 2731//441 2732//441 2733//840
f 2733//840 2732//441 2734//840
f 2733//841 2734//841 2735//841
f 2735//841 2734//841 2736//841
f 2735//842 2736//842 2737//842
f 2737//842 2736//842 2738//446
f 2737//448 2738//448 2739//447
f 2739//447 2738//448 2740//447
f 2739//449 2740//449 2741//449
f 2741//449 2740//449 2742//449
f 2741//844 2742//844 2743//844
f 2743//844 2742//844 2744//450
f 2743//452 2744//452 2745//452
f 2745//452 2744//452 2746//452
f 2745//454 2746//454 2747//454
f 2747//454 2746//454 2748//454
f 2747//455 2748//455 2749//455
f 2749//455 2748//455 2750//455
f 2749//457 2750//457 2675//457
f 2675//457 2750//457 2676//457
f 2606//458 2751//459 2607//460
f 2607//460 2751//459 2752//461
f 2607//462 2752//463 2753//464
f 2753//465 2752//465 2754//465
f 2753//465 2754//465 2755//465
f 2755//466 2754//466 2756//466
f 2755//466 2756//466 2757//466
f 2757//467 2756//467 2758//467
f 2757//467 2758//467 2759//467
f 2759//468 2758//468 2678//468
f 2759//468 2678//468 2676//468
f 2751//935 2606//470 2760//471
f 2760//471 2606//470 2641//472
f 2760//473 2641//473 2761//473
f 2761//474 2641//474 2640//474
f 2761//475 2640//475 2762//475
f 2762//476 2640//476 2639//476
f 2762//477 2639//477 2763//477
f 2763//478 2639//478 2638//478
f 2763//847 2638//847 2764//847
f 2764//480 2638//480 2637//480
f 2764//849 2637//849 2765//849
f 2765//482 2637//482 2636//482
f 2765//483 2636//483 2766//483
f 2766//484 2636//484 2635//484
f 2766//485 2635//485 2767//485
f 2767//486 2635//486 2634//486
f 2767//487 2634//487 2768//487
f 2768//488 2634//488 2633//488
f 2768//489 2633//489 2769//489
f 2769//490 2633//490 2632//490
f 2769//491 2632//491 2770//491
f 2770//492 2632//492 2631//492
f 2770//850 2631//850 2771//850
f 2771//494 2631//494 2630//494
f 2771//852 2630//852 2772//852
f 2772//496 2630//496 2629//496
f 2772//497 2629//497 2773//497
f 2773//498 2629//498 2628//498
f 2773//499 2628//499 2774//499
f 2774//500 2628//500 2627//500
f 2774//501 2627//501 2775//501
f 2775//502 2627//503 2626//504
f 2775//502 2626//504 2776//936
f 2776//937 2626//507 2625//508
f 2776//937 2625//508 2777//509
f 2777//510 2625//511 2778//938
f 2777//513 2778//513 2779//513
f 2779//514 2778//514 2780//514
f 2779//939 2780//515 2781//515
f 2781//516 2780//516 2782//516
f 2781//517 2782//517 2783//517
f 2783//518 2782//518 2784//518
f 2783//519 2784//519 2724//519
f 2724//520 2784//520 2726//521
f 2625//511 2624//522 2778//938
f 2778//940 2624//524 2785//525
f 2778//514 2785//514 2780//514
f 2780//526 2785//526 2786//941
f 2780//516 2786//516 2782//516
f 2782//528 2786//528 2787//528
f 2782//518 2787//518 2784//518
f 2784//529 2787//529 2788//529
f 2784//520 2788//521 2726//521
f 2726//856 2788//856 2728//856
f 2624//524 2623//532 2785//525
f 2785//533 2623//533 2789//533
f 2785//526 2789//941 2786//941
f 2786//534 2789//534 2790//534
f 2786//528 2790//528 2787//528
f 2787//536 2790//536 2791//536
f 2787//529 2791//529 2788//529
f 2788//537 2791//537 2792//537
f 2788//856 2792//856 2728//856
f 2728//916 2792//916 2730//539
f 2623//540 2622//540 2789//540
f 2789//541 2622//541 2793//541
f 2789//534 2793//534 2790//534
f 2790//542 2793//542 2794//542
f 2790//536 2794//536 2791//536
f 2791//858 2794//942 2795//543
f 2791//537 2795//537 2792//537
f 2792//859 2795//859 2796//859
f 2792//916 2796//539 2730//539
f 2730//545 2796//545 2732//545
f 2622//546 2621//546 2793//546
f 2793//547 2621//547 2797//547
f 2793//542 2797//542 2794//542
f 2794//548 2797//548 2798//548
f 2794//942 2798//543 2795//543
f 2795//551 2798//551 2799//550
f 2795//859 2799//859 2796//859
f 2796//552 2799//552 2800//552
f 2796//545 2800//545 2732//545
f 2732//862 2800//554 2734//917
f 2621//555 2620//555 2797//555
f 2797//863 2620//863 2801//863
f 2797//548 2801//548 2798//548
f 2798//557 2801//557 2802//557
f 2798//551 2802//550 2799//550
f 2799//558 2802//558 2803//558
f 2799//552 2803//552 2800//552
f 2800//559 2803//559 2804//559
f 2800//554 2804//553 2734//917
f 2734//560 2804//560 2736//560
f 2620//561 2619//561 2801//561
f 2801//865 2619//865 2805//865
f 2801//557 2805//557 2802//557
f 2802//563 2805//563 2806//563
f 2802//558 2806//558 2803//558
f 2803//564 2806//564 2807//564
f 2803//559 2807//559 2804//559
f 2804//566 2807//566 2808//566
f 2804//560 2808//560 2736//560
f 2736//943 2808//943 2738//943
f 2619//568 2618//568 2805//568
f 2805//569 2618//569 2809//569
f 2805//563 2809//563 2806//563
f 2806//571 2809//571 2810//571
f 2806//564 2810//564 2807//564
f 2807//572 2810//572 2811//572
f 2807//566 2811//566 2808//566
f 2808//574 2811//574 2812//574
f 2808//943 2812//943 2738//943
f 2738//576 2812//576 2740//576
f 2618//577 2617//577 2809//577
f 2809//578 2617//578 2813//578
f 2809//571 2813//571 2810//571
f 2810//579 2813//579 2814//579
f 2810//572 2814//572 2811//572
f 2811//581 2814//581 2815//581
f 2811//574 2815//574 2812//574
f 2812//582 2815//582 2816//582
f 2812//576 2816//576 2740//576
f 2740//583 2816//583 2742//583
f 2617//584 2616//584 2813//584
f 2813//585 2616//585 2817//585
f 2813//579 2817//579 2814//579
f 2814//587 2817//587 2818//587
f 2814//581 2818//581 2815//581
f 2815//588 2818//588 2819//588
f 2815//582 2819//582 2816//582
f 2816//590 2819//590 2820//589
f 2816//583 2820//583 2742//583
f 2742//591 2820//591 2744//869
f 2616//593 2615//593 2817//593
f 2817//594 2615//594 2821//594
f 2817//587 2821//587 2818//587
f 2818//595 2821//595 2822//595
f 2818//588 2822//588 2819//588
f 2819//596 2822//596 2823//596
f 2819//590 2823//589 2820//589
f 2820//944 2823//944 2824//944
f 2820//591 2824//869 2744//869
f 2744//599 2824//599 2746//918
f 2615//601 2614//601 2821//601
f 2821//602 2614//602 2825//602
f 2821//595 2825//595 2822//595
f 2822//603 2825//603 2826//603
f 2822//596 2826//596 2823//596
f 2823//612 2826//605 2827//604
f 2823//944 2827//944 2824//944
f 2824//607 2827//607 2828//607
f 2824//599 2828//918 2746//918
f 2746//608 2828//608 2748//608
f 2614//609 2613//609 2825//609
f 2825//870 2613//870 2829//870
f 2825//603 2829//603 2826//603
f 2826//611 2829//611 2830//611
f 2826//605 2830//604 2827//604
f 2827//613 2830//613 2831//613
f 2827//607 2831//607 2828//607
f 2828//615 2831//615 2832//615
f 2828//608 2832//608 2748//608
f 2748//945 2832//616 2750//616
f 2613//617 2612//617 2829//617
f 2829//874 2612//874 2833//874
f 2829//611 2833//611 2830//611
f 2830//619 2833//619 2834//619
f 2830//613 2834//613 2831//613
f 2831//620 2834//620 2835//620
f 2831//615 2835//615 2832//615
f 2832//621 2835//621 2836//621
f 2832//616 2836//616 2750//616
f 2750//622 2836//622 2676//622
f 2612//623 2611//623 2833//623
f 2833//624 2611//624 2837//624
f 2833//619 2837//619 2834//619
f 2834//625 2837//625 2838//625
f 2834//620 2838//620 2835//620
f 2835//626 2838//626 2839//626
f 2835//621 2839//621 2836//621
f 2836//628 2839//628 2759//629
f 2836//622 2759//622 2676//622
f 2611//630 2610//630 2837//630
f 2837//631 2610//631 2840//631
f 2837//625 2840//625 2838//625
f 2838//632 2840//632 2841//632
f 2838//626 2841//626 2839//626
f 2839//633 2841//633 2757//634
f 2839//628 2757//629 2759//629
f 2610//635 2609//635 2840//635
f 2840//636 2609//636 2842//636
f 2840//632 2842//632 2841//632
f 2841//637 2842//637 2755//637
f 2841//633 2755//634 2757//634
f 2609//638 2608//639 2842//640
f 2842//640 2608//639 2753//946
f 2842//637 2753//637 2755//637
f 2608//642 2607//462 2753//464
f 2716//643 2843//643 2718//643
f 2718//643 2843//643 2844//643
f 2718//644 2844//644 2720//644
f 2720//644 2844//644 2845//644
f 2720//645 2845//645 2722//947
f 2722//947 2845//645 2783//947
f 2722//519 2783//519 2724//519
f 2843//948 2846//948 2844//646
f 2844//646 2846//948 2847//878
f 2844//648 2847//648 2845//648
f 2845//648 2847//648 2781//648
f 2845//517 2781//517 2783//517
f 2843//649 2716//649 2848//649
f 2848//649 2716//649 2714//649
f 2848//650 2714//650 2849//650
f 2849//650 2714//650 2712//650
f 2849//651 2712//651 2850//651
f 2850//651 2712//651 2710//651
f 2850//652 2710//652 2851//652
f 2851//652 2710//652 2708//652
f 2851//908 2708//908 2852//908
f 2852//908 2708//908 2706//908
f 2852//656 2706//656 2853//656
f 2853//656 2706//656 2704//656
f 2853//949 2704//657 2854//657
f 2854//657 2704//657 2702//657
f 2854//658 2702//658 2855//658
f 2855//658 2702//658 2700//658
f 2855//660 2700//660 2856//660
f 2856//660 2700//660 2698//660
f 2856//662 2698//662 2857//662
f 2857//662 2698//662 2696//662
f 2857//663 2696//663 2858//663
f 2858//663 2696//663 2694//663
f 2858//666 2694//666 2859//666
f 2859//666 2694//666 2692//666
f 2859//668 2692//668 2860//668
f 2860//668 2692//668 2690//668
f 2860//671 2690//671 2861//923
f 2861//923 2690//671 2688//923
f 2861//673 2688//673 2862//924
f 2862//924 2688//673 2686//924
f 2862//674 2686//674 2863//674
f 2863//674 2686//674 2684//674
f 2863//676 2684//676 2864//676
f 2864//676 2684//676 2682//676
f 2864//677 2682//677 2865//677
f 2865//677 2682//677 2680//677
f 2865//678 2680//678 2758//678
f 2758//678 2680//678 2678//678
f 2846//679 2866//679 2847//679
f 2847//679 2866//679 2779//679
f 2847//939 2779//939 2781//515
f 2846//680 2843//680 2867//680
f 2867//680 2843//680 2848//680
f 2867//681 2848//681 2868//682
f 2868//682 2848//681 2849//682
f 2868//683 2849//683 2869//683
f 2869//683 2849//683 2850//683
f 2869//684 2850//684 2870//684
f 2870//684 2850//684 2851//684
f 2870//685 2851//685 2871//685
f 2871//685 2851//685 2852//685
f 2871//882 2852//882 2872//882
f 2872//882 2852//882 2853//882
f 2872//688 2853//688 2873//689
f 2873//689 2853//688 2854//689
f 2873//691 2854//691 2874//691
f 2874//691 2854//691 2855//691
f 2874//692 2855//692 2875//692
f 2875//692 2855//692 2856//692
f 2875//693 2856//693 2876//693
f 2876//693 2856//693 2857//693
f 2876//695 2857//695 2877//695
f 2877//695 2857//695 2858//695
f 2877//697 2858//697 2878//697
f 2878//697 2858//697 2859//697
f 2878//699 2859//699 2879//698
f 2879//698 2859//699 2860//698
f 2879//700 2860//700 2880//700
f 2880//700 2860//700 2861//700
f 2880//701 2861//701 2881//701
f 2881//701 2861//701 2862//701
f 2881//702 2862//702 2882//702
f 2882//702 2862//702 2863//702
f 2882//703 2863//703 2883//703
f 2883//703 2863//703 2864//703
f 2883//705 2864//705 2884//704
f 2884//704 2864//705 2865//704
f 2884//884 2865//706 2756//950
f 2756//950 2865//706 2758//950
f 2776//707 2777//707 2866//707
f 2866//513 2777//513 2779//513
f 2866//708 2846//708 2885//708
f 2885//708 2846//708 2867//708
f 2885//709 2867//709 2886//709
f 2886//709 2867//709 2868//709
f 2886//711 2868//711 2887//711
f 2887//711 2868//711 2869//711
f 2887//712 2869//712 2888//712
f 2888//712 2869//712 2870//712
f 2888//714 2870//714 2889//714
f 2889//714 2870//714 2871//714
f 2889//716 2871//716 2890//715
f 2890//715 2871//716 2872//715
f 2890//718 2872//718 2891//718
f 2891//718 2872//718 2873//718
f 2891//719 2873//719 2892//719
f 2892//719 2873//719 2874//719
f 2892//720 2874//720 2893//720
f 2893//720 2874//720 2875//720
f 2893//722 2875//722 2894//722
f 2894//722 2875//722 2876//722
f 2894//723 2876//723 2895//723
f 2895//723 2876//723 2877//723
f 2895//724 2877//724 2896//724
f 2896//724 2877//724 2878//724
f 2896//726 2878//726 2897//726
f 2897//726 2878//726 2879//726
f 2897//729 2879//729 2898//728
f 2898//728 2879//729 2880//728
f 2898//730 2880//730 2899//730
f 2899//730 2880//730 2881//730
f 2899//732 2881//732 2900//732
f 2900//732 2881//732 2882//732
f 2900//733 2882//733 2901//733
f 2901//733 2882//733 2883//733
f 2901//734 2883//734 2902//734
f 2902//734 2883//734 2884//734
f 2902//735 2884//735 2754//735
f 2754//735 2884//735 2756//735
f 2902//736 2754//736 2752//736
f 2902//736 2752//736 2751//736
f 2775//737 2776//737 2885//737
f 2885//707 2776//707 2866//707
f 2775//737 2885//737 2886//737
f 2774//738 2775//738 2886//738
f 2774//738 2886//738 2887//738
f 2773//739 2774//739 2887//739
f 2773//739 2887//739 2888//739
f 2772//740 2773//740 2888//740
f 2772//740 2888//740 2889//740
f 2771//741 2772//741 2889//741
f 2771//741 2889//741 2890//741
f 2770//742 2771//742 2890//742
f 2770//742 2890//742 2891//742
f 2769//743 2770//743 2891//743
f 2769//743 2891//743 2892//743
f 2768//744 2769//744 2892//744
f 2768//744 2892//744 2893//744
f 2767//745 2768//745 2893//745
f 2767//745 2893//745 2894//745
f 2766//746 2767//890 2894//890
f 2766//746 2894//890 2895//746
f 2765//747 2766//747 2895//747
f 2765//747 2895//747 2896//747
f 2764//748 2765//748 2896//748
f 2764//748 2896//748 2897//748
f 2763//749 2764//749 2897//749
f 2763//749 2897//749 2898//749
f 2762//751 2763//751 2898//751
f 2762//751 2898//751 2899//751
f 2761//752 2762//752 2899//752
f 2761//752 2899//752 2900//752
f 2760//753 2761//951 2900//951
f 2760//753 2900//951 2901//753
f 2751//754 2760//754 2901//754
f 2751//754 2901//754 2902//754
f 2903//755 2675//755 2904//755
f 2904//755 2675//755 2677//755
f 2904//756 2677//756 2905//756
f 2905//756 2677//756 2679//756
f 2905//757 2679//757 2906//757
f 2906//757 2679//757 2681//757
f 2906//758 2681//758 2907//758
f 2907//758 2681//758 2683//758
f 2907//759 2683//759 2908//759
f 2908//759 2683//759 2685//759
f 2908//760 2685//760 2909//760
f 2909//760 2685//760 2687//760
f 2909//761 2687//761 2910//761
f 2910//761 2687//761 2689//761
f 2910//762 2689//762 2911//762
f 2911//762 2689//762 2691//762
f 2911//763 2691//763 2912//763
f 2912//763 2691//763 2693//763
f 2912//764 2693//764 2913//764
f 2913//764 2693//764 2695//764
f 2913//765 2695//765 2914//765
f 2914//765 2695//765 2697//765
f 2914//766 2697//766 2915//766
f 2915//766 2697//766 2699//766
f 2915//767 2699//767 2916//767
f 2916//767 2699//767 2701//767
f 2916//768 2701//768 2917//768
f 2917//768 2701//768 2703//768
f 2917//769 2703//769 2918//769
f 2918//769 2703//769 2705//769
f 2918//770 2705//770 2919//770
f 2919//770 2705//770 2707//770
f 2919//771 2707//771 2920//771
f 2920//771 2707//771 2709//771
f 2920//772 2709//772 2921//772
f 2921//772 2709//772 2711//772
f 2921//773 2711//773 2922//773
f 2922//773 2711//773 2713//773
f 2922//774 2713//774 2923//774
f 2923//774 2713//774 2715//774
f 2923//775 2715//775 2924//775
f 2924//775 2715//775 2717//775
f 2924//776 2717//776 2925//776
f 2925//776 2717//776 2719//776
f 2925//777 2719//777 2926//777
f 2926//777 2719//777 2721//777
f 2926//778 2721//778 2927//778
f 2927//778 2721//778 2723//778
f 2927//779 2723//779 2928//779
f 2928//779 2723//779 2725//779
f 2928//780 2725//780 2929//780
f 2929//780 2725//780 2727//780
f 2929//781 2727//781 2930//781
f 2930//781 2727//781 2729//781
f 2930//782 2729//782 2931//782
f 2931//782 2729//782 2731//782
f 2931//783 2731//783 2932//783
f 2932//783 2731//783 2733//783
f 2932//784 2733//784 2933//784
f 2933//784 2733//784 2735//784
f 2933//785 2735//785 2934//785
f 2934//785 2735//785 2737//785
f 2934//786 2737//786 2935//786
f 2935//786 2737//786 2739//786
f 2935//787 2739//787 2936//787
f 2936//787 2739//787 2741//787
f 2936//788 2741//788 2937//788
f 2937//788 2741//788 2743//788
f 2937//789 2743//789 2938//789
f 2938//789 2743//789 2745//789
f 2938//790 2745//790 2939//790
f 2939//790 2745//790 2747//790
f 2939//791 2747//791 2940//791
f 2940//791 2747//791 2749//791
f 2940//792 2749//792 2903//792
f 2903//792 2749//792 2675//792
f 2941//1 2942//1 2943//1
f 2943//2 2942//2 2944//2
f 2943//3 2944//3 2945//3
f 2945//4 2944//4 2946//4
f 2945//4 2946//4 2947//4
f 2947//5 2946//6 2948//6
f 2947//5 2948//6 2949//5
f 2949//8 2948//8 2950//8
f 2949//8 2950//8 2951//8
f 2951//9 2950//9 2952//9
f 2951//9 2952//9 2953//9
f 2953//793 2952//12 2954//13
f 2953//793 2954//13 2955//14
f 2942//15 2941//15 2956//15
f 2956//16 2941//16 2957//16
f 2956//17 2957//17 2958//17
f 2958//18 2957//18 2959//18
f 2958//19 2959//19 2960//19
f 2960//20 2959//20 2961//20
f 2960//794 2961//794 2962//794
f 2962//22 2961//22 2963//22
f 2962//23 2963//23 2964//23
f 2964//795 2963//795 2965//795
f 2964//25 2965//25 2966//25
f 2966//26 2965//26 2967//26
f 2966//27 2967//27 2968//27
f 2968//28 2967//28 2969//28
f 2968//29 2969//29 2970//29
f 2970//30 2969//30 2971//30
f 2970//32 2971//32 2972//32
f 2972//33 2971//33 2973//33
f 2972//35 2973//35 2974//35
f 2974//36 2973//36 2975//36
f 2974//37 2975//37 2976//37
f 2976//38 2975//38 2977//38
f 2976//39 2977//39 2978//39
f 2978//40 2977//40 2979//40
f 2978//41 2979//41 2980//41
f 2980//798 2979//798 2981//798
f 2981//43 2979//43 2982//43
f 2981//44 2982//44 2983//44
f 2983//45 2982//45 2984//45
f 2983//46 2984//47 2985//48
f 2985//48 2984//47 2986//49
f 2985//50 2986//51 2987//52
f 2987//52 2986//51 2988//53
f 2987//54 2988//54 2989//54
f 2989//55 2988//55 2990//55
f 2989//55 2990//55 2991//55
f 2991//57 2990//58 2992//58
f 2991//57 2992//58 2993//57
f 2993//59 2992//59 2994//59
f 2993//59 2994//59 2995//59
f 2995//60 2994//60 2996//60
f 2995//60 2996//60 2997//60
f 2997//62 2996//62 2998//62
f 2997//63 2998//63 2999//63
f 2999//64 2998//64 3000//64
f 2999//65 3000//65 3001//65
f 3001//66 3000//66 3002//66
f 3001//67 3002//67 3003//67
f 3003//952 3002//952 3004//952
f 3003//69 3004//69 3005//69
f 3005//70 3004//70 3006//70
f 3005//71 3006//71 3007//71
f 3007//72 3006//72 3008//72
f 3007//73 3008//73 3009//73
f 3009//74 3008//74 3010//74
f 3009//75 3010//75 3011//75
f 3011//76 3010//76 3012//76
f 3011//77 3012//77 3013//77
f 3013//78 3012//78 3014//78
f 3013//79 3014//79 3015//79
f 3015//80 3014//80 3016//80
f 3015//81 3016//81 3017//81
f 3017//82 3016//82 3018//82
f 3017//84 3018//84 3019//84
f 3019//85 3018//85 3020//85
f 3019//86 3020//86 3021//86
f 3021//87 3020//87 3022//87
f 3021//89 3022//89 3023//89
f 3023//801 3022//801 3024//90
f 3023//91 3024//91 3025//91
f 3025//802 3024//802 3026//802
f 3026//803 3024//803 3027//803
f 3026//94 3027//94 3028//94
f 3028//95 3027//95 3029//95
f 3028//96 3029//894 2955//98
f 2955//98 3029//894 2953//99
f 2969//100 3030//100 2971//100
f 2971//804 3030//804 3031//804
f 2971//33 3031//33 2973//33
f 2973//102 3031//102 3032//805
f 2973//36 3032//36 2975//36
f 2975//104 3032//104 3033//104
f 2975//38 3033//38 2977//38
f 2977//106 3033//106 3034//106
f 2977//40 3034//40 2979//40
f 2979//107 3034//107 2982//107
f 3030//108 3035//108 3031//108
f 3031//926 3035//926 3036//926
f 3031//102 3036//805 3032//805
f 3032//111 3036//111 3037//111
f 3032//104 3037//104 3033//104
f 3033//112 3037//112 3038//112
f 3033//106 3038//106 3034//106
f 3034//113 3038//113 3039//113
f 3034//107 3039//107 2982//107
f 2982//114 3039//114 2984//114
f 3035//115 3040//115 3036//115
f 3036//116 3040//116 3041//116
f 3036//111 3041//111 3037//111
f 3037//117 3041//117 3042//117
f 3037//112 3042//112 3038//112
f 3038//120 3042//120 3043//120
f 3038//113 3043//113 3039//113
f 3039//121 3043//121 3044//121
f 3039//114 3044//114 2984//114
f 2984//123 3044//123 2986//123
f 3040//953 3045//953 3041//953
f 3041//125 3045//125 3046//125
f 3041//117 3046//117 3042//117
f 3042//126 3046//126 3047//126
f 3042//120 3047//120 3043//120
f 3043//127 3047//127 3048//127
f 3043//121 3048//121 3044//121
f 3044//128 3048//128 3049//128
f 3044//123 3049//123 2986//123
f 2986//130 3049//130 2988//130
f 3045//131 3050//131 3046//131
f 3046//132 3050//132 3051//132
f 3046//126 3051//126 3047//126
f 3047//139 3051//139 3052//133
f 3047//127 3052//127 3048//127
f 3048//134 3052//134 3053//134
f 3048//128 3053//128 3049//128
f 3049//136 3053//136 2990//136
f 3049//130 2990//130 2988//130
f 3050//137 3054//137 3051//137
f 3051//138 3054//138 3055//138
f 3051//139 3055//133 3052//133
f 3052//140 3055//140 3056//140
f 3052//134 3056//134 3053//134
f 3053//141 3056//141 2992//141
f 3053//136 2992//136 2990//136
f 3054//142 3057//142 3055//142
f 3055//143 3057//143 3058//143
f 3055//140 3058//140 3056//140
f 3056//144 3058//144 2994//144
f 3056//141 2994//141 2992//141
f 3057//145 3059//145 3058//145
f 3058//146 3059//146 2996//146
f 3058//144 2996//144 2994//144
f 3059//62 2998//62 2996//62
f 3014//147 3060//147 3016//147
f 3016//810 3060//810 3061//810
f 3016//82 3061//82 3018//82
f 3018//150 3061//150 3062//150
f 3018//85 3062//85 3020//85
f 3020//151 3062//151 3063//151
f 3020//87 3063//87 3022//87
f 3022//153 3063//153 3064//154
f 3022//801 3064//90 3024//90
f 3024//155 3064//155 3027//155
f 3060//156 3065//156 3061//156
f 3061//157 3065//157 3066//157
f 3061//150 3066//150 3062//150
f 3062//811 3066//811 3067//927
f 3062//151 3067//151 3063//151
f 3063//160 3067//160 3068//160
f 3063//153 3068//154 3064//154
f 3064//162 3068//162 3069//162
f 3064//155 3069//155 3027//155
f 3027//163 3069//163 3029//163
f 3065//813 3070//813 3066//813
f 3066//165 3070//165 3071//165
f 3066//811 3071//927 3067//927
f 3067//168 3071//168 3072//168
f 3067//160 3072//160 3068//160
f 3068//169 3072//169 3073//169
f 3068//162 3073//162 3069//162
f 3069//928 3073//170 3074//170
f 3069//163 3074//163 3029//163
f 3029//171 3074//171 2953//171
f 3070//172 3075//172 3071//172
f 3071//929 3075//929 3076//929
f 3071//168 3076//168 3072//168
f 3072//174 3076//174 3077//174
f 3072//169 3077//169 3073//169
f 3073//175 3077//175 3078//175
f 3073//170 3078//170 3074//170
f 3074//176 3078//176 2951//176
f 3074//171 2951//171 2953//171
f 3075//177 3079//177 3076//177
f 3076//178 3079//178 3080//178
f 3076//174 3080//174 3077//174
f 3077//179 3080//179 3081//179
f 3077//175 3081//175 3078//175
f 3078//182 3081//182 2949//182
f 3078//176 2949//176 2951//176
f 3079//183 3082//183 3080//183
f 3080//184 3082//184 3083//184
f 3080//179 3083//179 3081//179
f 3081//185 3083//185 2947//185
f 3081//182 2947//182 2949//182
f 3082//186 3084//186 3083//186
f 3083//187 3084//187 2945//187
f 3083//185 2945//185 2947//185
f 3084//188 2943//188 2945//188
f 3025//189 3085//189 3023//189
f 3023//190 3085//190 3086//190
f 3023//89 3086//89 3021//89
f 3021//192 3086//192 3087//191
f 3021//86 3087//86 3019//86
f 3019//194 3087//194 3088//194
f 3019//84 3088//84 3017//84
f 3017//198 3088//198 3089//198
f 3017//81 3089//81 3015//81
f 3015//200 3089//199 3013//199
f 3085//201 3090//201 3086//201
f 3086//202 3090//202 3091//202
f 3086//192 3091//191 3087//191
f 3087//203 3091//203 3092//203
f 3087//194 3092//194 3088//194
f 3088//205 3092//205 3093//204
f 3088//198 3093//198 3089//198
f 3089//206 3093//206 3094//206
f 3089//199 3094//199 3013//199
f 3013//207 3094//207 3011//207
f 3090//208 3095//208 3091//208
f 3091//209 3095//209 3096//209
f 3091//203 3096//203 3092//203
f 3092//210 3096//210 3097//210
f 3092//205 3097//204 3093//204
f 3093//211 3097//211 3098//211
f 3093//206 3098//206 3094//206
f 3094//213 3098//213 3099//213
f 3094//207 3099//207 3011//207
f 3011//820 3099//820 3009//215
f 3095//216 3100//216 3096//216
f 3096//217 3100//217 3101//217
f 3096//210 3101//210 3097//210
f 3097//218 3101//218 3102//218
f 3097//211 3102//211 3098//211
f 3098//220 3102//220 3103//220
f 3098//213 3103//213 3099//213
f 3099//222 3103//222 3104//222
f 3099//820 3104//215 3009//215
f 3009//223 3104//223 3007//223
f 3100//225 3105//225 3101//225
f 3101//226 3105//226 3106//226
f 3101//218 3106//218 3102//218
f 3102//227 3106//227 3107//227
f 3102//220 3107//220 3103//220
f 3103//228 3107//228 3108//228
f 3103//222 3108//222 3104//222
f 3104//229 3108//229 3109//229
f 3104//223 3109//223 3007//223
f 3007//230 3109//230 3005//822
f 3105//231 3110//231 3106//231
f 3106//232 3110//232 3111//232
f 3106//227 3111//227 3107//227
f 3107//233 3111//233 3112//233
f 3107//228 3112//228 3108//228
f 3108//234 3112//234 3113//234
f 3108//229 3113//229 3109//229
f 3109//236 3113//236 3114//236
f 3109//230 3114//822 3005//822
f 3005//237 3114//237 3003//237
f 3110//238 3115//238 3111//238
f 3111//239 3115//239 3116//239
f 3111//233 3116//233 3112//233
f 3112//240 3116//240 3117//240
f 3112//234 3117//234 3113//234
f 3113//242 3117//242 3118//242
f 3113//236 3118//236 3114//236
f 3114//244 3118//244 3119//244
f 3114//237 3119//237 3003//237
f 3003//825 3119//825 3001//825
f 3115//247 3120//247 3116//247
f 3116//248 3120//248 3121//248
f 3116//240 3121//240 3117//240
f 3117//249 3121//249 3122//249
f 3117//242 3122//242 3118//242
f 3118//250 3122//250 3123//250
f 3118//244 3123//244 3119//244
f 3119//251 3123//251 3124//251
f 3119//825 3124//825 3001//825
f 3001//252 3124//252 2999//252
f 3120//253 3125//253 3121//253
f 3121//254 3125//254 3126//254
f 3121//249 3126//249 3122//249
f 3122//255 3126//255 3127//255
f 3122//250 3127//250 3123//250
f 3123//256 3127//256 3128//256
f 3123//251 3128//251 3124//251
f 3124//257 3128//257 3129//257
f 3124//252 3129//252 2999//252
f 2999//258 3129//258 2997//258
f 3125//826 3130//826 3126//826
f 3126//260 3130//260 3131//260
f 3126//255 3131//255 3127//255
f 3127//261 3131//261 3132//261
f 3127//256 3132//256 3128//256
f 3128//827 3132//930 3133//262
f 3128//257 3133//257 3129//257
f 3129//263 3133//263 2995//263
f 3129//258 2995//258 2997//258
f 3130//264 3134//264 3131//264
f 3131//265 3134//265 3135//265
f 3131//261 3135//261 3132//261
f 3132//266 3135//266 3136//266
f 3132//930 3136//262 3133//262
f 3133//267 3136//267 2993//267
f 3133//263 2993//263 2995//263
f 3134//268 3137//269 3135//270
f 3135//270 3137//269 3138//271
f 3135//266 3138//266 3136//266
f 3136//272 3138//272 2991//272
f 3136//267 2991//267 2993//267
f 3137//273 3139//274 3138//275
f 3138//275 3139//274 2989//276
f 3138//272 2989//272 2991//272
f 3139//828 2987//54 2989//54
f 2980//277 3140//277 2978//277
f 2978//278 3140//278 3141//278
f 2978//39 3141//39 2976//39
f 2976//279 3141//279 3142//279
f 2976//37 3142//37 2974//37
f 2974//280 3142//280 3143//280
f 2974//35 3143//35 2972//35
f 2972//283 3143//283 3144//283
f 2972//32 3144//32 2970//32
f 2970//284 3144//284 2968//284
f 3140//285 3145//285 3141//285
f 3141//286 3145//286 3146//286
f 3141//279 3146//279 3142//279
f 3142//287 3146//287 3147//287
f 3142//280 3147//280 3143//280
f 3143//289 3147//289 3148//289
f 3143//283 3148//283 3144//283
f 3144//291 3148//291 3149//291
f 3144//284 3149//284 2968//284
f 2968//292 3149//292 2966//292
f 3145//294 3150//294 3146//294
f 3146//295 3150//295 3151//295
f 3146//287 3151//287 3147//287
f 3147//296 3151//296 3152//296
f 3147//289 3152//289 3148//289
f 3148//297 3152//297 3153//297
f 3148//291 3153//291 3149//291
f 3149//299 3153//299 3154//299
f 3149//292 3154//292 2966//292
f 2966//300 3154//300 2964//300
f 3150//302 3155//302 3151//302
f 3151//303 3155//303 3156//303
f 3151//296 3156//296 3152//296
f 3152//304 3156//304 3157//304
f 3152//297 3157//297 3153//297
f 3153//306 3157//306 3158//306
f 3153//299 3158//299 3154//299
f 3154//307 3158//307 3159//307
f 3154//300 3159//300 2964//300
f 2964//308 3159//308 2962//931
f 3155//310 3160//310 3156//310
f 3156//311 3160//311 3161//311
f 3156//304 3161//304 3157//304
f 3157//932 3161//932 3162//312
f 3157//306 3162//306 3158//306
f 3158//313 3162//313 3163//313
f 3158//307 3163//307 3159//307
f 3159//314 3163//314 3164//314
f 3159//308 3164//931 2962//931
f 2962//316 3164//316 2960//316
f 3160//318 3165//318 3161//318
f 3161//319 3165//319 3166//319
f 3161//932 3166//312 3162//312
f 3162//321 3166//321 3167//320
f 3162//313 3167//313 3163//313
f 3163//322 3167//322 3168//322
f 3163//314 3168//314 3164//314
f 3164//323 3168//323 3169//323
f 3164//316 3169//316 2960//316
f 2960//324 3169//324 2958//324
f 3165//325 3170//325 3166//325
f 3166//326 3170//326 3171//326
f 3166//321 3171//320 3167//320
f 3167//327 3171//327 3172//327
f 3167//322 3172//322 3168//322
f 3168//329 3172//329 3173//330
f 3168//323 3173//323 3169//323
f 3169//331 3173//331 3174//331
f 3169//324 3174//324 2958//324
f 2958//333 3174//333 2956//333
f 3170//334 3175//334 3171//334
f 3171//335 3175//335 3176//335
f 3171//327 3176//327 3172//327
f 3172//830 3176//830 3177//336
f 3172//329 3177//330 3173//330
f 3173//337 3177//337 3178//337
f 3173//331 3178//331 3174//331
f 3174//338 3178//338 3179//338
f 3174//333 3179//333 2956//333
f 2956//339 3179//339 2942//339
f 3175//340 3180//340 3176//340
f 3176//341 3180//341 3181//341
f 3176//830 3181//336 3177//336
f 3177//342 3181//342 3182//342
f 3177//337 3182//337 3178//337
f 3178//344 3182//344 3183//344
f 3178//338 3183//338 3179//338
f 3179//345 3183//345 3184//345
f 3179//339 3184//339 2942//339
f 2942//346 3184//346 2944//346
f 3180//833 3185//833 3181//833
f 3181//348 3185//348 3186//348
f 3181//342 3186//933 3182//342
f 3182//349 3186//349 3187//349
f 3182//344 3187//344 3183//344
f 3183//350 3187//350 3188//350
f 3183//345 3188//345 3184//345
f 3184//352 3188//352 2946//352
f 3184//346 2946//346 2944//346
f 3185//353 3189//353 3186//353
f 3186//354 3189//354 3190//354
f 3186//349 3190//349 3187//349
f 3187//355 3190//355 3191//355
f 3187//350 3191//350 3188//350
f 3188//934 3191//934 2948//356
f 3188//352 2948//352 2946//352
f 3189//358 3192//359 3190//902
f 3190//902 3192//359 3193//361
f 3190//355 3193//355 3191//355
f 3191//363 3193//363 2950//363
f 3191//934 2950//356 2948//356
f 3192//835 2954//365 3193//366
f 3193//366 2954//365 2952//367
f 3193//363 2952//363 2950//363
f 3194//368 3195//368 2954//368
f 2954//368 3195//368 3196//368
f 2954//368 3196//368 2955//368
f 2955//368 3196//368 3197//368
f 2955//368 3197//368 3028//368
f 3028//368 3197//368 3198//368
f 3028//368 3198//368 3026//368
f 3026//368 3198//368 3199//368
f 3026//368 3199//368 3025//368
f 3025//368 3199//368 3200//368
f 3025//368 3200//368 3085//368
f 3085//368 3200//368 3201//368
f 3085//368 3201//368 3090//368
f 3090//368 3201//368 3202//368
f 3090//368 3202//368 3095//368
f 3095//368 3202//368 3203//368
f 3095//368 3203//368 3100//368
f 3100//368 3203//368 3204//368
f 3100//368 3204//368 3105//368
f 3105//368 3204//368 3205//368
f 3105//368 3205//368 3110//368
f 3110//368 3205//368 3206//368
f 3110//368 3206//368 3115//368
f 3115//368 3206//368 3207//368
f 3115//368 3207//368 3120//368
f 3120//368 3207//368 3208//368
f 3120//368 3208//368 3125//368
f 3125//368 3208//368 3209//368
f 3125//368 3209//368 3130//368
f 3130//368 3209//368 3210//368
f 3130//368 3210//368 3134//368
f 3134//368 3210//368 3211//368
f 3134//368 3211//368 3137//368
f 3137//368 3211//368 3212//368
f 3137//368 3212//368 3139//368
f 3139//368 3212//368 3213//368
f 3139//368 3213//368 2987//368
f 2987//368 3213//368 3214//368
f 2987//368 3214//368 2985//368
f 2985//368 3214//368 3215//368
f 2985//368 3215//368 2983//368
f 2983//368 3215//368 3216//368
f 2983//368 3216//368 2981//368
f 2981//368 3216//368 3217//368
f 2981//368 3217//368 2980//368
f 2980//368 3217//368 3218//368
f 2980//368 3218//368 3140//368
f 3140//368 3218//368 3219//368
f 3140//368 3219//368 3145//368
f 3145//368 3219//368 3220//368
f 3145//368 3220//368 3150//368
f 3150//368 3220//368 3221//368
f 3150//368 3221//368 3155//368
f 3155//368 3221//368 3222//368
f 3155//368 3222//368 3160//368
f 3160//368 3222//368 3223//368
f 3160//368 3223//368 3165//368
f 3165//368 3223//368 3224//368
f 3165//368 3224//368 3170//368
f 3170//368 3224//368 3225//368
f 3170//368 3225//368 3175//368
f 3175//368 3225//368 3226//368
f 3175//368 3226//368 3180//368
f 3180//368 3226//368 3227//368
f 3180//368 3227//368 3185//368
f 3185//368 3227//368 3228//368
f 3185//368 3228//368 3189//368
f 3189//368 3228//368 3229//368
f 3189//368 3229//368 3192//368
f 3192//368 3229//368 3194//368
f 3192//368 3194//368 2954//368
f 3230//369 2941//369 3231//369
f 3231//369 2941//369 2943//369
f 3231//370 2943//370 3232//370
f 3232//370 2943//370 3084//370
f 3232//371 3084//371 3233//371
f 3233//371 3084//371 3082//371
f 3233//372 3082//372 3234//372
f 3234//372 3082//372 3079//372
f 3234//373 3079//373 3235//373
f 3235//373 3079//373 3075//373
f 3235//374 3075//374 3236//374
f 3236//374 3075//374 3070//374
f 3236//375 3070//375 3237//375
f 3237//375 3070//375 3065//375
f 3237//376 3065//376 3238//376
f 3238//376 3065//376 3060//376
f 3238//377 3060//377 3239//377
f 3239//377 3060//377 3014//377
f 3239//378 3014//378 3240//378
f 3240//378 3014//378 3012//378
f 3240//379 3012//379 3241//379
f 3241//379 3012//379 3010//379
f 3241//380 3010//380 3242//380
f 3242//380 3010//380 3008//380
f 3242//381 3008//381 3243//381
f 3243//381 3008//381 3006//381
f 3243//382 3006//382 3244//382
f 3244//382 3006//382 3004//382
f 3244//383 3004//383 3245//383
f 3245//383 3004//383 3002//383
f 3245//384 3002//384 3246//384
f 3246//384 3002//384 3000//384
f 3246//385 3000//385 3247//385
f 3247//385 3000//385 2998//385
f 3247//386 2998//386 3248//386
f 3248//386 2998//386 3059//386
f 3248//387 3059//387 3249//387
f 3249//387 3059//387 3057//387
f 3249//388 3057//388 3250//388
f 3250//388 3057//388 3054//388
f 3250//389 3054//389 3251//389
f 3251//389 3054//389 3050//389
f 3251//390 3050//390 3252//390
f 3252//390 3050//390 3045//390
f 3252//391 3045//391 3253//391
f 3253//391 3045//391 3040//391
f 3253//392 3040//392 3254//392
f 3254//392 3040//392 3035//392
f 3254//393 3035//393 3255//393
f 3255//393 3035//393 3030//393
f 3255//394 3030//394 3256//394
f 3256//394 3030//394 2969//394
f 3256//395 2969//395 3257//395
f 3257//395 2969//395 2967//395
f 3257//396 2967//396 3258//396
f 3258//396 2967//396 2965//396
f 3258//397 2965//397 3259//397
f 3259//397 2965//397 2963//397
f 3259//398 2963//398 3260//398
f 3260//398 2963//398 2961//398
f 3260//399 2961//399 3261//399
f 3261//399 2961//399 2959//399
f 3261//400 2959//400 3262//400
f 3262//400 2959//400 2957//400
f 3262//401 2957//401 3230//401
f 3230//401 2957//401 2941//401
f 3263//402 3264//402 3265//402
f 3265//402 3264//402 3266//402
f 3265//403 3266//403 3267//403
f 3267//403 3266//403 3268//403
f 3267//404 3268//404 3269//404
f 3269//404 3268//404 3270//404
f 3269//405 3270//405 3271//405
f 3271//405 3270//405 3272//405
f 3271//406 3272//406 3273//406
f 3273//406 3272//406 3274//406
f 3273//408 3274//408 3275//408
f 3275//408 3274//408 3276//408
f 3275//410 3276//410 3277//409
f 3277//409 3276//410 3278//409
f 3277//411 3278//411 3279//411
f 3279//411 3278//411 3280//411
f 3279//836 3280//836 3281//836
f 3281//836 3280//836 3282//836
f 3281//414 3282//414 3283//414
f 3283//414 3282//414 3284//414
f 3283//416 3284//416 3285//416
f 3285//416 3284//416 3286//416
f 3285//418 3286//418 3287//418
f 3287//418 3286//418 3288//418
f 3287//421 3288//421 3289//421
f 3289//421 3288//421 3290//421
f 3289//422 3290//422 3291//422
f 3291//422 3290//422 3292//422
f 3291//838 3292//838 3293//838
f 3293//838 3292//838 3294//423
f 3293//426 3294//426 3295//426
f 3295//426 3294//426 3296//426
f 3295//427 3296//427 3297//427
f 3297//427 3296//427 3298//427
f 3297//428 3298//428 3299//428
f 3299//428 3298//428 3300//428
f 3299//429 3300//429 3301//429
f 3301//429 3300//429 3302//429
f 3301//430 3302//430 3303//430
f 3303//430 3302//430 3304//430
f 3303//431 3304//431 3305//431
f 3305//431 3304//431 3306//431
f 3305//432 3306//432 3307//432
f 3307//432 3306//432 3308//432
f 3307//433 3308//433 3309//433
f 3309//433 3308//433 3310//433
f 3309//434 3310//434 3311//434
f 3311//434 3310//434 3312//434
f 3311//435 3312//435 3313//435
f 3313//435 3312//435 3314//435
f 3313//438 3314//438 3315//437
f 3315//437 3314//438 3316//437
f 3315//439 3316//439 3317//439
f 3317//439 3316//439 3318//439
f 3317//440 3318//839 3319//839
f 3319//839 3318//839 3320//839
f 3319//441 3320//441 3321//840
f 3321//840 3320//441 3322//840
f 3321//841 3322//841 3323//841
f 3323//841 3322//841 3324//841
f 3323//842 3324//842 3325//446
f 3325//446 3324//842 3326//446
f 3325//448 3326//448 3327//447
f 3327//447 3326//448 3328//447
f 3327//449 3328//449 3329//449
f 3329//449 3328//449 3330//449
f 3329//844 3330//844 3331//844
f 3331//844 3330//844 3332//450
f 3331//452 3332//452 3333//452
f 3333//452 3332//452 3334//452
f 3333//454 3334//454 3335//454
f 3335//454 3334//454 3336//454
f 3335//455 3336//455 3337//455
f 3337//455 3336//455 3338//455
f 3337//457 3338//457 3263//457
f 3263//457 3338//457 3264//457
f 3194//458 3339//954 3195//460
f 3195//460 3339//954 3340//461
f 3195//462 3340//463 3341//464
f 3341//465 3340//465 3342//465
f 3341//465 3342//465 3343//465
f 3343//466 3342//466 3344//466
f 3343//466 3344//466 3345//466
f 3345//467 3344//467 3346//467
f 3345//467 3346//467 3347//467
f 3347//468 3346//468 3266//468
f 3347//468 3266//468 3264//468
f 3339//935 3194//470 3348//471
f 3348//471 3194//470 3229//472
f 3348//473 3229//473 3349//473
f 3349//474 3229//474 3228//474
f 3349//475 3228//475 3350//475
f 3350//476 3228//476 3227//476
f 3350//477 3227//477 3351//477
f 3351//478 3227//478 3226//478
f 3351//847 3226//847 3352//847
f 3352//480 3226//480 3225//480
f 3352//849 3225//849 3353//849
f 3353//482 3225//482 3224//482
f 3353//483 3224//483 3354//483
f 3354//484 3224//484 3223//484
f 3354//485 3223//485 3355//485
f 3355//486 3223//486 3222//486
f 3355//487 3222//487 3356//487
f 3356//488 3222//488 3221//488
f 3356//489 3221//489 3357//489
f 3357//490 3221//490 3220//490
f 3357//491 3220//491 3358//491
f 3358//492 3220//492 3219//492
f 3358//850 3219//850 3359//850
f 3359//494 3219//494 3218//494
f 3359//852 3218//852 3360//852
f 3360//496 3218//496 3217//496
f 3360//497 3217//497 3361//497
f 3361//498 3217//498 3216//498
f 3361//499 3216//499 3362//499
f 3362//500 3216//500 3215//500
f 3362//501 3215//501 3363//501
f 3363//502 3215//503 3214//504
f 3363//502 3214//504 3364//936
f 3364//506 3214//507 3213//508
f 3364//506 3213//508 3365//509
f 3365//510 3213//511 3366//512
f 3365//513 3366//513 3367//513
f 3367//514 3366//514 3368//514
f 3367//939 3368//515 3369//515
f 3369//516 3368//516 3370//516
f 3369//517 3370//517 3371//517
f 3371//518 3370//518 3372//518
f 3371//519 3372//519 3312//519
f 3312//520 3372//520 3314//521
f 3213//511 3212//522 3366//512
f 3366//940 3212//524 3373//525
f 3366//514 3373//514 3368//514
f 3368//526 3373//526 3374//941
f 3368//516 3374//516 3370//516
f 3370//528 3374//528 3375//528
f 3370//518 3375//518 3372//518
f 3372//529 3375//529 3376//529
f 3372//520 3376//521 3314//521
f 3314//856 3376//856 3316//856
f 3212//524 3211//532 3373//525
f 3373//533 3211//533 3377//533
f 3373//526 3377//941 3374//941
f 3374//534 3377//534 3378//534
f 3374//528 3378//528 3375//528
f 3375//536 3378//536 3379//536
f 3375//529 3379//529 3376//529
f 3376//537 3379//537 3380//537
f 3376//856 3380//856 3316//856
f 3316//916 3380//916 3318//539
f 3211//540 3210//540 3377//540
f 3377//541 3210//541 3381//541
f 3377//534 3381//534 3378//534
f 3378//542 3381//542 3382//542
f 3378//536 3382//536 3379//536
f 3379//858 3382//858 3383//543
f 3379//537 3383//537 3380//537
f 3380//859 3383//859 3384//859
f 3380//916 3384//539 3318//539
f 3318//545 3384//545 3320//545
f 3210//546 3209//546 3381//546
f 3381//547 3209//547 3385//547
f 3381//542 3385//542 3382//542
f 3382//548 3385//548 3386//548
f 3382//858 3386//543 3383//543
f 3383//551 3386//551 3387//550
f 3383//859 3387//859 3384//859
f 3384//552 3387//552 3388//552
f 3384//545 3388//545 3320//545
f 3320//955 3388//917 3322//554
f 3209//555 3208//555 3385//555
f 3385//863 3208//863 3389//863
f 3385//548 3389//548 3386//548
f 3386//557 3389//557 3390//557
f 3386//551 3390//550 3387//550
f 3387//558 3390//558 3391//558
f 3387//552 3391//552 3388//552
f 3388//559 3391//559 3392//559
f 3388//917 3392//554 3322//554
f 3322//560 3392//560 3324//560
f 3208//561 3207//561 3389//561
f 3389//865 3207//865 3393//865
f 3389//557 3393//557 3390//557
f 3390//563 3393//563 3394//563
f 3390//558 3394//558 3391//558
f 3391//564 3394//564 3395//564
f 3391//559 3395//559 3392//559
f 3392//566 3395//566 3396//573
f 3392//560 3396//560 3324//560
f 3324//866 3396//866 3326//567
f 3207//568 3206//568 3393//568
f 3393//569 3206//569 3397//569
f 3393//563 3397//563 3394//563
f 3394//571 3397//571 3398//571
f 3394//564 3398//564 3395//564
f 3395//572 3398//572 3399//572
f 3395//566 3399//573 3396//573
f 3396//574 3399//574 3400//574
f 3396//866 3400//567 3326//567
f 3326//576 3400//576 3328//576
f 3206//577 3205//577 3397//577
f 3397//578 3205//578 3401//578
f 3397//571 3401//571 3398//571
f 3398//579 3401//579 3402//579
f 3398//572 3402//572 3399//572
f 3399//581 3402//581 3403//581
f 3399//574 3403//574 3400//574
f 3400//582 3403//582 3404//582
f 3400//576 3404//576 3328//576
f 3328//583 3404//583 3330//583
f 3205//584 3204//584 3401//584
f 3401//585 3204//585 3405//585
f 3401//579 3405//579 3402//579
f 3402//587 3405//587 3406//587
f 3402//581 3406//581 3403//581
f 3403//588 3406//588 3407//588
f 3403//582 3407//582 3404//582
f 3404//590 3407//590 3408//589
f 3404//583 3408//583 3330//583
f 3330//591 3408//591 3332//869
f 3204//593 3203//593 3405//593
f 3405//594 3203//594 3409//594
f 3405//587 3409//587 3406//587
f 3406//595 3409//595 3410//595
f 3406//588 3410//588 3407//588
f 3407//596 3410//596 3411//596
f 3407//590 3411//589 3408//589
f 3408//944 3411//944 3412//944
f 3408//591 3412//869 3332//869
f 3332//956 3412//599 3334//918
f 3203//601 3202//601 3409//601
f 3409//602 3202//602 3413//602
f 3409//595 3413//595 3410//595
f 3410//603 3413//603 3414//603
f 3410//596 3414//596 3411//596
f 3411//605 3414//605 3415//604
f 3411//944 3415//944 3412//944
f 3412//607 3415//607 3416//607
f 3412//599 3416//918 3334//918
f 3334//608 3416//608 3336//608
f 3202//609 3201//609 3413//609
f 3413//870 3201//870 3417//870
f 3413//603 3417//603 3414//603
f 3414//611 3417//611 3418//611
f 3414//605 3418//604 3415//604
f 3415//613 3418//613 3419//613
f 3415//607 3419//607 3416//607
f 3416//615 3419//615 3420//615
f 3416//608 3420//608 3336//608
f 3336//945 3420//945 3338//616
f 3201//617 3200//617 3417//617
f 3417//874 3200//874 3421//874
f 3417//611 3421//611 3418//611
f 3418//619 3421//619 3422//619
f 3418//613 3422//613 3419//613
f 3419//620 3422//620 3423//620
f 3419//615 3423//615 3420//615
f 3420//621 3423//621 3424//621
f 3420//945 3424//616 3338//616
f 3338//622 3424//622 3264//622
f 3200//623 3199//623 3421//623
f 3421//624 3199//624 3425//624
f 3421//619 3425//619 3422//619
f 3422//625 3425//625 3426//625
f 3422//620 3426//620 3423//620
f 3423//626 3426//626 3427//626
f 3423//621 3427//621 3424//621
f 3424//628 3427//628 3347//629
f 3424//622 3347//622 3264//622
f 3199//630 3198//630 3425//630
f 3425//631 3198//631 3428//631
f 3425//625 3428//625 3426//625
f 3426//632 3428//632 3429//632
f 3426//626 3429//626 3427//626
f 3427//633 3429//633 3345//634
f 3427//628 3345//629 3347//629
f 3198//635 3197//635 3428//635
f 3428//636 3197//636 3430//636
f 3428//632 3430//632 3429//632
f 3429//637 3430//637 3343//637
f 3429//633 3343//634 3345//634
f 3197//638 3196//639 3430//640
f 3430//640 3196//639 3341//946
f 3430//637 3341//637 3343//637
f 3196//642 3195//462 3341//464
f 3304//643 3431//643 3306//643
f 3306//643 3431//643 3432//643
f 3306//644 3432//644 3308//644
f 3308//644 3432//644 3433//644
f 3308//645 3433//645 3310//947
f 3310//947 3433//645 3371//947
f 3310//519 3371//519 3312//519
f 3431//948 3434//948 3432//646
f 3432//646 3434//948 3435//878
f 3432//648 3435//648 3433//648
f 3433//648 3435//648 3369//648
f 3433//517 3369//517 3371//517
f 3431//649 3304//649 3436//649
f 3436//649 3304//649 3302//649
f 3436//650 3302//650 3437//650
f 3437//650 3302//650 3300//650
f 3437//651 3300//651 3438//651
f 3438//651 3300//651 3298//651
f 3438//652 3298//652 3439//652
f 3439//652 3298//652 3296//652
f 3439//908 3296//908 3440//908
f 3440//908 3296//908 3294//908
f 3440//921 3294//921 3441//656
f 3441//656 3294//921 3292//656
f 3441//949 3292//657 3442//657
f 3442//657 3292//657 3290//657
f 3442//658 3290//658 3443//658
f 3443//658 3290//658 3288//658
f 3443//660 3288//660 3444//660
f 3444//660 3288//660 3286//660
f 3444//662 3286//662 3445//662
f 3445//662 3286//662 3284//662
f 3445//663 3284//663 3446//663
f 3446//663 3284//663 3282//663
f 3446//666 3282//666 3447//666
f 3447//666 3282//666 3280//666
f 3447//668 3280//668 3448//668
f 3448//668 3280//668 3278//668
f 3448//671 3278//671 3449//923
f 3449//923 3278//671 3276//923
f 3449//924 3276//924 3450//924
f 3450//924 3276//924 3274//924
f 3450//674 3274//674 3451//674
f 3451//674 3274//674 3272//674
f 3451//676 3272//676 3452//676
f 3452//676 3272//676 3270//676
f 3452//677 3270//677 3453//677
f 3453//677 3270//677 3268//677
f 3453//678 3268//678 3346//678
f 3346//678 3268//678 3266//678
f 3434//679 3454//679 3435//679
f 3435//679 3454//679 3367//679
f 3435//939 3367//939 3369//515
f 3434//680 3431//680 3455//680
f 3455//680 3431//680 3436//680
f 3455//681 3436//681 3456//682
f 3456//682 3436//681 3437//682
f 3456//683 3437//683 3457//683
f 3457//683 3437//683 3438//683
f 3457//684 3438//684 3458//684
f 3458//684 3438//684 3439//684
f 3458//685 3439//685 3459//685
f 3459//685 3439//685 3440//685
f 3459//882 3440//882 3460//882
f 3460//882 3440//882 3441//882
f 3460//688 3441//688 3461//688
f 3461//688 3441//688 3442//688
f 3461//691 3442//691 3462//691
f 3462//691 3442//691 3443//691
f 3462//692 3443//692 3463//692
f 3463//692 3443//692 3444//692
f 3463//693 3444//693 3464//693
f 3464//693 3444//693 3445//693
f 3464//695 3445//695 3465//695
f 3465//695 3445//695 3446//695
f 3465//697 3446//697 3466//697
f 3466//697 3446//697 3447//697
f 3466//699 3447//699 3467//698
f 3467//698 3447//699 3448//698
f 3467//700 3448//700 3468//700
f 3468//700 3448//700 3449//700
f 3468//701 3449//701 3469//701
f 3469//701 3449//701 3450//701
f 3469//702 3450//702 3470//702
f 3470//702 3450//702 3451//702
f 3470//703 3451//703 3471//703
f 3471//703 3451//703 3452//703
f 3471//705 3452//705 3472//704
f 3472//704 3452//705 3453//704
f 3472//884 3453//884 3344//950
f 3344//950 3453//884 3346//950
f 3364//707 3365//707 3454//707
f 3454//513 3365//513 3367//513
f 3454//708 3434//708 3473//708
f 3473//708 3434//708 3455//708
f 3473//709 3455//709 3474//709
f 3474//709 3455//709 3456//709
f 3474//711 3456//711 3475//711
f 3475//711 3456//711 3457//711
f 3475//712 3457//712 3476//712
f 3476//712 3457//712 3458//712
f 3476//714 3458//714 3477//714
f 3477//714 3458//714 3459//714
f 3477//716 3459//716 3478//715
f 3478//715 3459//716 3460//715
f 3478//718 3460//718 3479//718
f 3479//718 3460//718 3461//718
f 3479//719 3461//719 3480//719
f 3480//719 3461//719 3462//719
f 3480//720 3462//720 3481//720
f 3481//720 3462//720 3463//720
f 3481//722 3463//722 3482//722
f 3482//722 3463//722 3464//722
f 3482//723 3464//723 3483//723
f 3483//723 3464//723 3465//723
f 3483//724 3465//724 3484//724
f 3484//724 3465//724 3466//724
f 3484//726 3466//726 3485//726
f 3485//726 3466//726 3467//726
f 3485//729 3467//729 3486//728
f 3486//728 3467//729 3468//728
f 3486//730 3468//730 3487//730
f 3487//730 3468//730 3469//730
f 3487//732 3469//732 3488//732
f 3488//732 3469//732 3470//732
f 3488//733 3470//733 3489//733
f 3489//733 3470//733 3471//733
f 3489//734 3471//734 3490//734
f 3490//734 3471//734 3472//734
f 3490//735 3472//735 3342//735
f 3342//735 3472//735 3344//735
f 3490//736 3342//736 3340//736
f 3490//736 3340//736 3339//736
f 3363//737 3364//737 3473//737
f 3473//707 3364//707 3454//707
f 3363//737 3473//737 3474//737
f 3362//738 3363//738 3474//738
f 3362//738 3474//738 3475//738
f 3361//739 3362//739 3475//739
f 3361//739 3475//739 3476//739
f 3360//740 3361//740 3476//740
f 3360//740 3476//740 3477//740
f 3359//741 3360//741 3477//741
f 3359//741 3477//741 3478//741
f 3358//742 3359//742 3478//742
f 3358//742 3478//742 3479//742
f 3357//743 3358//743 3479//743
f 3357//743 3479//743 3480//743
f 3356//744 3357//744 3480//744
f 3356//744 3480//744 3481//744
f 3355//745 3356//745 3481//745
f 3355//745 3481//745 3482//745
f 3354//746 3355//890 3482//890
f 3354//746 3482//890 3483//746
f 3353//747 3354//747 3483//747
f 3353//747 3483//747 3484//747
f 3352//748 3353//748 3484//748
f 3352//748 3484//748 3485//748
f 3351//749 3352//749 3485//749
f 3351//749 3485//749 3486//749
f 3350//751 3351//751 3486//751
f 3350//751 3486//751 3487//751
f 3349//752 3350//752 3487//752
f 3349//752 3487//752 3488//752
f 3348//753 3349//951 3488//951
f 3348//753 3488//951 3489//753
f 3339//754 3348//754 3489//754
f 3339//754 3489//754 3490//754
f 3491//755 3263//755 3492//755
f 3492//755 3263//755 3265//755
f 3492//756 3265//756 3493//756
f 3493//756 3265//756 3267//756
f 3493//757 3267//757 3494//757
f 3494//757 3267//757 3269//757
f 3494//758 3269//758 3495//758
f 3495//758 3269//758 3271//758
f 3495//759 3271//759 3496//759
f 3496//759 3271//759 3273//759
f 3496//760 3273//760 3497//760
f 3497//760 3273//760 3275//760
f 3497//761 3275//761 3498//761
f 3498//761 3275//761 3277//761
f 3498//762 3277//762 3499//762
f 3499//762 3277//762 3279//762
f 3499//763 3279//763 3500//763
f 3500//763 3279//763 3281//763
f 3500//764 3281//764 3501//764
f 3501//764 3281//764 3283//764
f 3501//765 3283//765 3502//765
f 3502//765 3283//765 3285//765
f 3502//766 3285//766 3503//766
f 3503//766 3285//766 3287//766
f 3503//767 3287//767 3504//767
f 3504//767 3287//767 3289//767
f 3504//768 3289//768 3505//768
f 3505//768 3289//768 3291//768
f 3505//769 3291//769 3506//769
f 3506//769 3291//769 3293//769
f 3506//770 3293//770 3507//770
f 3507//770 3293//770 3295//770
f 3507//771 3295//771 3508//771
f 3508//771 3295//771 3297//771
f 3508//772 3297//772 3509//772
f 3509//772 3297//772 3299//772
f 3509//773 3299//773 3510//773
f 3510//773 3299//773 3301//773
f 3510//774 3301//774 3511//774
f 3511//774 3301//774 3303//774
f 3511//775 3303//775 3512//775
f 3512//775 3303//775 3305//775
f 3512//776 3305//776 3513//776
f 3513//776 3305//776 3307//776
f 3513//777 3307//777 3514//777
f 3514//777 3307//777 3309//777
f 3514//778 3309//778 3515//778
f 3515//778 3309//778 3311//778
f 3515//779 3311//779 3516//779
f 3516//779 3311//779 3313//779
f 3516//780 3313//780 3517//780
f 3517//780 3313//780 3315//780
f 3517//781 3315//781 3518//781
f 3518//781 3315//781 3317//781
f 3518//782 3317//782 3519//782
f 3519//782 3317//782 3319//782
f 3519//783 3319//783 3520//783
f 3520//783 3319//783 3321//783
f 3520//784 3321//784 3521//784
f 3521//784 3321//784 3323//784
f 3521//785 3323//785 3522//785
f 3522//785 3323//785 3325//785
f 3522//786 3325//786 3523//786
f 3523//786 3325//786 3327//786
f 3523//787 3327//787 3524//787
f 3524//787 3327//787 3329//787
f 3524//788 3329//788 3525//788
f 3525//788 3329//788 3331//788
f 3525//789 3331//789 3526//789
f 3526//789 3331//789 3333//789
f 3526//790 3333//790 3527//790
f 3527//790 3333//790 3335//790
f 3527//791 3335//791 3528//791
f 3528//791 3335//791 3337//791
f 3528//792 3337//792 3491//792
f 3491//792 3337//792 3263//792
f 3529//1 3530//1 3531//1
f 3531//2 3530//2 3532//2
f 3531//3 3532//3 3533//3
f 3533//4 3532//4 3534//4
f 3533//4 3534//4 3535//4
f 3535//5 3534//5 3536//5
f 3535//5 3536//5 3537//5
f 3537//957 3536//8 3538//8
f 3537//957 3538//8 3539//7
f 3539//9 3538//9 3540//9
f 3539//9 3540//9 3541//9
f 3541//11 3540//12 3542//13
f 3541//11 3542//13 3543//14
f 3530//15 3529//15 3544//15
f 3544//16 3529//16 3545//16
f 3544//17 3545//17 3546//17
f 3546//18 3545//18 3547//18
f 3546//19 3547//19 3548//19
f 3548//20 3547//20 3549//20
f 3548//958 3549//958 3550//958
f 3550//22 3549//22 3551//22
f 3550//23 3551//23 3552//23
f 3552//795 3551//795 3553//795
f 3552//25 3553//25 3554//25
f 3554//26 3553//26 3555//26
f 3554//796 3555//796 3556//796
f 3556//28 3555//28 3557//28
f 3556//797 3557//797 3558//797
f 3558//30 3557//30 3559//30
f 3558//32 3559//32 3560//32
f 3560//33 3559//33 3561//33
f 3560//35 3561//35 3562//35
f 3562//892 3561//36 3563//36
f 3562//37 3563//37 3564//37
f 3564//38 3563//38 3565//38
f 3564//39 3565//39 3566//39
f 3566//40 3565//40 3567//40
f 3566//41 3567//41 3568//41
f 3568//798 3567//798 3569//798
f 3569//43 3567//43 3570//43
f 3569//44 3570//44 3571//44
f 3571//45 3570//45 3572//45
f 3571//46 3572//47 3573//48
f 3573//48 3572//47 3574//49
f 3573//50 3574//51 3575//52
f 3575//52 3574//51 3576//53
f 3575//54 3576//54 3577//54
f 3577//55 3576//55 3578//55
f 3577//55 3578//55 3579//55
f 3579//57 3578//58 3580//58
f 3579//57 3580//58 3581//57
f 3581//59 3580//59 3582//59
f 3581//59 3582//59 3583//59
f 3583//60 3582//60 3584//60
f 3583//60 3584//60 3585//60
f 3585//62 3584//62 3586//62
f 3585//63 3586//63 3587//63
f 3587//64 3586//64 3588//64
f 3587//65 3588//65 3589//65
f 3589//66 3588//66 3590//66
f 3589//67 3590//67 3591//67
f 3591//68 3590//68 3592//68
f 3591//69 3592//69 3593//69
f 3593//70 3592//70 3594//70
f 3593//71 3594//71 3595//71
f 3595//959 3594//959 3596//959
f 3595//73 3596//73 3597//73
f 3597//74 3596//74 3598//74
f 3597//75 3598//75 3599//75
f 3599//76 3598//76 3600//76
f 3599//77 3600//77 3601//77
f 3601//78 3600//78 3602//78
f 3601//79 3602//79 3603//79
f 3603//80 3602//80 3604//80
f 3603//81 3604//81 3605//81
f 3605//82 3604//82 3606//82
f 3605//84 3606//84 3607//84
f 3607//85 3606//85 3608//85
f 3607//86 3608//86 3609//86
f 3609//87 3608//87 3610//87
f 3609//89 3610//89 3611//89
f 3611//90 3610//90 3612//801
f 3611//91 3612//91 3613//91
f 3613//802 3612//802 3614//802
f 3614//803 3612//803 3615//803
f 3614//94 3615//94 3616//94
f 3616//95 3615//95 3617//95
f 3616//96 3617//97 3543//98
f 3543//98 3617//97 3541//99
f 3557//100 3618//100 3559//100
f 3559//804 3618//804 3619//804
f 3559//33 3619//33 3561//33
f 3561//805 3619//805 3620//102
f 3561//36 3620//36 3563//36
f 3563//104 3620//104 3621//104
f 3563//38 3621//38 3565//38
f 3565//106 3621//106 3622//106
f 3565//40 3622//40 3567//40
f 3567//107 3622//107 3570//107
f 3618//108 3623//108 3619//108
f 3619//926 3623//926 3624//926
f 3619//805 3624//102 3620//102
f 3620//111 3624//111 3625//111
f 3620//104 3625//104 3621//104
f 3621//112 3625//112 3626//112
f 3621//106 3626//106 3622//106
f 3622//113 3626//113 3627//113
f 3622//107 3627//107 3570//107
f 3570//114 3627//114 3572//114
f 3623//115 3628//115 3624//115
f 3624//116 3628//116 3629//116
f 3624//111 3629//111 3625//111
f 3625//118 3629//118 3630//117
f 3625//112 3630//112 3626//112
f 3626//120 3630//120 3631//120
f 3626//113 3631//113 3627//113
f 3627//121 3631//121 3632//121
f 3627//114 3632//114 3572//114
f 3572//123 3632//123 3574//123
f 3628//124 3633//124 3629//124
f 3629//125 3633//125 3634//125
f 3629//118 3634//117 3630//117
f 3630//126 3634//126 3635//126
f 3630//120 3635//120 3631//120
f 3631//127 3635//127 3636//127
f 3631//121 3636//121 3632//121
f 3632//128 3636//128 3637//129
f 3632//123 3637//123 3574//123
f 3574//130 3637//130 3576//130
f 3633//131 3638//131 3634//131
f 3634//132 3638//132 3639//132
f 3634//126 3639//126 3635//126
f 3635//139 3639//139 3640//133
f 3635//127 3640//127 3636//127
f 3636//134 3640//134 3641//134
f 3636//128 3641//129 3637//129
f 3637//136 3641//136 3578//136
f 3637//130 3578//130 3576//130
f 3638//137 3642//137 3639//137
f 3639//138 3642//138 3643//138
f 3639//139 3643//133 3640//133
f 3640//140 3643//140 3644//140
f 3640//134 3644//134 3641//134
f 3641//141 3644//141 3580//141
f 3641//136 3580//136 3578//136
f 3642//142 3645//142 3643//142
f 3643//143 3645//143 3646//143
f 3643//140 3646//140 3644//140
f 3644//144 3646//144 3582//144
f 3644//141 3582//141 3580//141
f 3645//145 3647//145 3646//145
f 3646//146 3647//146 3584//146
f 3646//144 3584//144 3582//144
f 3647//62 3586//62 3584//62
f 3602//147 3648//147 3604//147
f 3604//148 3648//148 3649//148
f 3604//82 3649//82 3606//82
f 3606//150 3649//150 3650//150
f 3606//85 3650//85 3608//85
f 3608//151 3650//151 3651//151
f 3608//87 3651//87 3610//87
f 3610//153 3651//153 3652//154
f 3610//90 3652//801 3612//801
f 3612//155 3652//155 3615//155
f 3648//156 3653//156 3649//156
f 3649//157 3653//157 3654//157
f 3649//150 3654//150 3650//150
f 3650//927 3654//927 3655//811
f 3650//151 3655//151 3651//151
f 3651//160 3655//160 3656//160
f 3651//153 3656//154 3652//154
f 3652//162 3656//162 3657//162
f 3652//155 3657//155 3615//155
f 3615//163 3657//163 3617//163
f 3653//813 3658//813 3654//813
f 3654//165 3658//165 3659//165
f 3654//927 3659//811 3655//811
f 3655//168 3659//168 3660//168
f 3655//160 3660//814 3656//160
f 3656//169 3660//169 3661//169
f 3656//162 3661//162 3657//162
f 3657//170 3661//170 3662//170
f 3657//163 3662//163 3617//163
f 3617//171 3662//171 3541//171
f 3658//172 3663//172 3659//172
f 3659//816 3663//816 3664//816
f 3659//168 3664//168 3660//168
f 3660//174 3664//174 3665//174
f 3660//169 3665//169 3661//169
f 3661//175 3665//175 3666//175
f 3661//170 3666//170 3662//170
f 3662//176 3666//176 3539//176
f 3662//171 3539//171 3541//171
f 3663//177 3667//177 3664//177
f 3664//178 3667//178 3668//178
f 3664//174 3668//174 3665//174
f 3665//179 3668//179 3669//179
f 3665//175 3669//175 3666//175
f 3666//182 3669//182 3537//182
f 3666//176 3537//176 3539//176
f 3667//183 3670//183 3668//183
f 3668//184 3670//184 3671//184
f 3668//179 3671//179 3669//179
f 3669//185 3671//185 3535//185
f 3669//182 3535//182 3537//182
f 3670//186 3672//186 3671//186
f 3671//187 3672//187 3533//187
f 3671//185 3533//185 3535//185
f 3672//188 3531//188 3533//188
f 3613//189 3673//189 3611//189
f 3611//190 3673//190 3674//190
f 3611//89 3674//89 3609//89
f 3609//191 3674//191 3675//191
f 3609//86 3675//86 3607//86
f 3607//194 3675//194 3676//194
f 3607//84 3676//84 3605//84
f 3605//198 3676//198 3677//198
f 3605//81 3677//81 3603//81
f 3603//199 3677//199 3601//199
f 3673//201 3678//201 3674//201
f 3674//202 3678//202 3679//202
f 3674//191 3679//191 3675//191
f 3675//203 3679//203 3680//203
f 3675//194 3680//194 3676//194
f 3676//204 3680//204 3681//204
f 3676//198 3681//198 3677//198
f 3677//206 3681//206 3682//206
f 3677//199 3682//199 3601//199
f 3601//207 3682//207 3599//207
f 3678//208 3683//208 3679//208
f 3679//209 3683//209 3684//209
f 3679//203 3684//203 3680//203
f 3680//210 3684//210 3685//210
f 3680//204 3685//204 3681//204
f 3681//211 3685//211 3686//211
f 3681//206 3686//206 3682//206
f 3682//213 3686//213 3687//213
f 3682//207 3687//207 3599//207
f 3599//820 3687//820 3597//215
f 3683//216 3688//216 3684//216
f 3684//217 3688//217 3689//217
f 3684//210 3689//210 3685//210
f 3685//218 3689//218 3690//218
f 3685//211 3690//211 3686//211
f 3686//220 3690//220 3691//220
f 3686//213 3691//213 3687//213
f 3687//222 3691//222 3692//222
f 3687//820 3692//215 3597//215
f 3597//223 3692//223 3595//821
f 3688//225 3693//225 3689//225
f 3689//226 3693//226 3694//226
f 3689//218 3694//218 3690//218
f 3690//227 3694//227 3695//227
f 3690//220 3695//220 3691//220
f 3691//228 3695//228 3696//228
f 3691//222 3696//222 3692//222
f 3692//229 3696//229 3697//229
f 3692//223 3697//821 3595//821
f 3595//822 3697//230 3593//230
f 3693//231 3698//231 3694//231
f 3694//232 3698//232 3699//232
f 3694//227 3699//227 3695//227
f 3695//233 3699//233 3700//233
f 3695//228 3700//228 3696//228
f 3696//234 3700//234 3701//234
f 3696//229 3701//229 3697//229
f 3697//236 3701//236 3702//236
f 3697//230 3702//230 3593//230
f 3593//237 3702//237 3591//237
f 3698//238 3703//238 3699//238
f 3699//239 3703//239 3704//239
f 3699//233 3704//233 3700//233
f 3700//240 3704//240 3705//240
f 3700//234 3705//234 3701//234
f 3701//242 3705//242 3706//242
f 3701//236 3706//236 3702//236
f 3702//244 3706//244 3707//244
f 3702//237 3707//237 3591//237
f 3591//825 3707//825 3589//825
f 3703//247 3708//247 3704//247
f 3704//248 3708//248 3709//248
f 3704//240 3709//240 3705//240
f 3705//249 3709//249 3710//249
f 3705//242 3710//242 3706//242
f 3706//915 3710//250 3711//250
f 3706//244 3711//244 3707//244
f 3707//251 3711//251 3712//251
f 3707//825 3712//825 3589//825
f 3589//252 3712//252 3587//252
f 3708//253 3713//253 3709//253
f 3709//254 3713//254 3714//254
f 3709//249 3714//249 3710//249
f 3710//255 3714//255 3715//255
f 3710//250 3715//250 3711//250
f 3711//256 3715//256 3716//256
f 3711//251 3716//251 3712//251
f 3712//257 3716//257 3717//257
f 3712//252 3717//252 3587//252
f 3587//258 3717//258 3585//258
f 3713//826 3718//826 3714//826
f 3714//260 3718//260 3719//260
f 3714//255 3719//255 3715//255
f 3715//261 3719//261 3720//261
f 3715//256 3720//256 3716//256
f 3716//262 3720//262 3721//262
f 3716//257 3721//257 3717//257
f 3717//263 3721//263 3583//263
f 3717//258 3583//258 3585//258
f 3718//264 3722//264 3719//264
f 3719//265 3722//265 3723//265
f 3719//261 3723//261 3720//261
f 3720//266 3723//266 3724//266
f 3720//262 3724//262 3721//262
f 3721//267 3724//267 3581//267
f 3721//263 3581//263 3583//263
f 3722//268 3725//269 3723//270
f 3723//270 3725//269 3726//271
f 3723//266 3726//266 3724//266
f 3724//272 3726//272 3579//272
f 3724//267 3579//267 3581//267
f 3725//273 3727//274 3726//275
f 3726//275 3727//274 3577//276
f 3726//272 3577//272 3579//272
f 3727//828 3575//54 3577//54
f 3568//277 3728//277 3566//277
f 3566//278 3728//278 3729//278
f 3566//39 3729//39 3564//39
f 3564//279 3729//279 3730//279
f 3564//37 3730//37 3562//37
f 3562//280 3730//280 3731//280
f 3562//35 3731//35 3560//35
f 3560//283 3731//283 3732//283
f 3560//32 3732//32 3558//32
f 3558//284 3732//284 3556//284
f 3728//285 3733//285 3729//285
f 3729//286 3733//286 3734//286
f 3729//279 3734//279 3730//279
f 3730//287 3734//287 3735//287
f 3730//280 3735//280 3731//280
f 3731//289 3735//289 3736//289
f 3731//283 3736//283 3732//283
f 3732//291 3736//291 3737//291
f 3732//284 3737//284 3556//284
f 3556//292 3737//292 3554//292
f 3733//294 3738//294 3734//294
f 3734//295 3738//295 3739//295
f 3734//287 3739//287 3735//287
f 3735//296 3739//296 3740//296
f 3735//289 3740//289 3736//289
f 3736//297 3740//297 3741//298
f 3736//291 3741//291 3737//291
f 3737//299 3741//299 3742//299
f 3737//292 3742//292 3554//292
f 3554//300 3742//300 3552//300
f 3738//302 3743//302 3739//302
f 3739//303 3743//303 3744//303
f 3739//296 3744//296 3740//296
f 3740//304 3744//304 3745//304
f 3740//297 3745//298 3741//298
f 3741//306 3745//306 3746//306
f 3741//299 3746//299 3742//299
f 3742//307 3746//307 3747//307
f 3742//300 3747//300 3552//300
f 3552//308 3747//308 3550//931
f 3743//310 3748//310 3744//310
f 3744//311 3748//311 3749//311
f 3744//304 3749//304 3745//304
f 3745//312 3749//312 3750//312
f 3745//306 3750//306 3746//306
f 3746//313 3750//313 3751//313
f 3746//307 3751//307 3747//307
f 3747//314 3751//314 3752//314
f 3747//308 3752//931 3550//931
f 3550//316 3752//316 3548//316
f 3748//318 3753//318 3749//318
f 3749//319 3753//319 3754//319
f 3749//312 3754//312 3750//312
f 3750//321 3754//321 3755//320
f 3750//313 3755//313 3751//313
f 3751//322 3755//322 3756//322
f 3751//314 3756//314 3752//314
f 3752//323 3756//323 3757//323
f 3752//316 3757//316 3548//316
f 3548//324 3757//324 3546//324
f 3753//325 3758//325 3754//325
f 3754//326 3758//326 3759//326
f 3754//321 3759//960 3755//320
f 3755//327 3759//327 3760//327
f 3755//322 3760//322 3756//322
f 3756//329 3760//329 3761//329
f 3756//323 3761//323 3757//323
f 3757//331 3761//331 3762//331
f 3757//324 3762//324 3546//324
f 3546//333 3762//333 3544//332
f 3758//334 3763//334 3759//334
f 3759//335 3763//335 3764//335
f 3759//327 3764//327 3760//327
f 3760//830 3764//830 3765//336
f 3760//329 3765//329 3761//329
f 3761//337 3765//337 3766//337
f 3761//331 3766//331 3762//331
f 3762//338 3766//338 3767//338
f 3762//333 3767//332 3544//332
f 3544//339 3767//339 3530//339
f 3763//340 3768//340 3764//340
f 3764//341 3768//341 3769//341
f 3764//830 3769//336 3765//336
f 3765//342 3769//342 3770//342
f 3765//337 3770//337 3766//337
f 3766//344 3770//344 3771//344
f 3766//338 3771//338 3767//338
f 3767//345 3771//345 3772//901
f 3767//339 3772//339 3530//339
f 3530//346 3772//346 3532//346
f 3768//833 3773//833 3769//833
f 3769//348 3773//348 3774//348
f 3769//342 3774//933 3770//342
f 3770//349 3774//349 3775//349
f 3770//344 3775//344 3771//344
f 3771//350 3775//350 3776//350
f 3771//345 3776//901 3772//901
f 3772//351 3776//351 3534//352
f 3772//346 3534//346 3532//346
f 3773//353 3777//353 3774//353
f 3774//354 3777//354 3778//354
f 3774//349 3778//349 3775//349
f 3775//355 3778//355 3779//355
f 3775//350 3779//350 3776//350
f 3776//356 3779//356 3536//356
f 3776//351 3536//352 3534//352
f 3777//358 3780//359 3778//902
f 3778//902 3780//359 3781//361
f 3778//355 3781//355 3779//355
f 3779//363 3781//363 3538//363
f 3779//356 3538//356 3536//356
f 3780//835 3542//365 3781//366
f 3781//366 3542//365 3540//367
f 3781//363 3540//363 3538//363
f 3782//368 3783//368 3542//368
f 3542//368 3783//368 3784//368
f 3542//368 3784//368 3543//368
f 3543//368 3784//368 3785//368
f 3543//368 3785//368 3616//368
f 3616//368 3785//368 3786//368
f 3616//368 3786//368 3614//368
f 3614//368 3786//368 3787//368
f 3614//368 3787//368 3613//368
f 3613//368 3787//368 3788//368
f 3613//368 3788//368 3673//368
f 3673//368 3788//368 3789//368
f 3673//368 3789//368 3678//368
f 3678//368 3789//368 3790//368
f 3678//368 3790//368 3683//368
f 3683//368 3790//368 3791//368
f 3683//368 3791//368 3688//368
f 3688//368 3791//368 3792//368
f 3688//368 3792//368 3693//368
f 3693//368 3792//368 3793//368
f 3693//368 3793//368 3698//368
f 3698//368 3793//368 3794//368
f 3698//368 3794//368 3703//368
f 3703//368 3794//368 3795//368
f 3703//368 3795//368 3708//368
f 3708//368 3795//368 3796//368
f 3708//368 3796//368 3713//368
f 3713//368 3796//368 3797//368
f 3713//368 3797//368 3718//368
f 3718//368 3797//368 3798//368
f 3718//368 3798//368 3722//368
f 3722//368 3798//368 3799//368
f 3722//368 3799//368 3725//368
f 3725//368 3799//368 3800//368
f 3725//368 3800//368 3727//368
f 3727//368 3800//368 3801//368
f 3727//368 3801//368 3575//368
f 3575//368 3801//368 3802//368
f 3575//368 3802//368 3573//368
f 3573//368 3802//368 3803//368
f 3573//368 3803//368 3571//368
f 3571//368 3803//368 3804//368
f 3571//368 3804//368 3569//368
f 3569//368 3804//368 3805//368
f 3569//368 3805//368 3568//368
f 3568//368 3805//368 3806//368
f 3568//368 3806//368 3728//368
f 3728//368 3806//368 3807//368
f 3728//368 3807//368 3733//368
f 3733//368 3807//368 3808//368
f 3733//368 3808//368 3738//368
f 3738//368 3808//368 3809//368
f 3738//368 3809//368 3743//368
f 3743//368 3809//368 3810//368
f 3743//368 3810//368 3748//368
f 3748//368 3810//368 3811//368
f 3748//368 3811//368 3753//368
f 3753//368 3811//368 3812//368
f 3753//368 3812//368 3758//368
f 3758//368 3812//368 3813//368
f 3758//368 3813//368 3763//368
f 3763//368 3813//368 3814//368
f 3763//368 3814//368 3768//368
f 3768//368 3814//368 3815//368
f 3768//368 3815//368 3773//368
f 3773//368 3815//368 3816//368
f 3773//368 3816//368 3777//368
f 3777//368 3816//368 3817//368
f 3777//368 3817//368 3780//368
f 3780//368 3817//368 3782//368
f 3780//368 3782//368 3542//368
f 3818//369 3529//369 3819//369
f 3819//369 3529//369 3531//369
f 3819//370 3531//370 3820//370
f 3820//370 3531//370 3672//370
f 3820//371 3672//371 3821//371
f 3821//371 3672//371 3670//371
f 3821//372 3670//372 3822//372
f 3822//372 3670//372 3667//372
f 3822//373 3667//373 3823//373
f 3823//373 3667//373 3663//373
f 3823//374 3663//374 3824//374
f 3824//374 3663//374 3658//374
f 3824//375 3658//375 3825//375
f 3825//375 3658//375 3653//375
f 3825//376 3653//376 3826//376
f 3826//376 3653//376 3648//376
f 3826//377 3648//377 3827//377
f 3827//377 3648//377 3602//377
f 3827//378 3602//378 3828//378
f 3828//378 3602//378 3600//378
f 3828//379 3600//379 3829//379
f 3829//379 3600//379 3598//379
f 3829//380 3598//380 3830//380
f 3830//380 3598//380 3596//380
f 3830//381 3596//381 3831//381
f 3831//381 3596//381 3594//381
f 3831//382 3594//382 3832//382
f 3832//382 3594//382 3592//382
f 3832//383 3592//383 3833//383
f 3833//383 3592//383 3590//383
f 3833//384 3590//384 3834//384
f 3834//384 3590//384 3588//384
f 3834//385 3588//385 3835//385
f 3835//385 3588//385 3586//385
f 3835//386 3586//386 3836//386
f 3836//386 3586//386 3647//386
f 3836//387 3647//387 3837//387
f 3837//387 3647//387 3645//387
f 3837//388 3645//388 3838//388
f 3838//388 3645//388 3642//388
f 3838//389 3642//389 3839//389
f 3839//389 3642//389 3638//389
f 3839//390 3638//390 3840//390
f 3840//390 3638//390 3633//390
f 3840//391 3633//391 3841//391
f 3841//391 3633//391 3628//391
f 3841//392 3628//392 3842//392
f 3842//392 3628//392 3623//392
f 3842//393 3623//393 3843//393
f 3843//393 3623//393 3618//393
f 3843//394 3618//394 3844//394
f 3844//394 3618//394 3557//394
f 3844//395 3557//395 3845//395
f 3845//395 3557//395 3555//395
f 3845//396 3555//396 3846//396
f 3846//396 3555//396 3553//396
f 3846//397 3553//397 3847//397
f 3847//397 3553//397 3551//397
f 3847//398 3551//398 3848//398
f 3848//398 3551//398 3549//398
f 3848//399 3549//399 3849//399
f 3849//399 3549//399 3547//399
f 3849//400 3547//400 3850//400
f 3850//400 3547//400 3545//400
f 3850//401 3545//401 3818//401
f 3818//401 3545//401 3529//401
f 3851//402 3852//402 3853//402
f 3853//402 3852//402 3854//402
f 3853//403 3854//403 3855//403
f 3855//403 3854//403 3856//403
f 3855//404 3856//404 3857//404
f 3857//404 3856//404 3858//404
f 3857//405 3858//405 3859//405
f 3859//405 3858//405 3860//405
f 3859//406 3860//406 3861//406
f 3861//406 3860//406 3862//406
f 3861//408 3862//408 3863//408
f 3863//408 3862//408 3864//408
f 3863//410 3864//410 3865//409
f 3865//409 3864//410 3866//409
f 3865//411 3866//411 3867//411
f 3867//411 3866//411 3868//411
f 3867//412 3868//836 3869//836
f 3869//836 3868//836 3870//836
f 3869//414 3870//414 3871//837
f 3871//837 3870//414 3872//837
f 3871//416 3872//416 3873//416
f 3873//416 3872//416 3874//416
f 3873//418 3874//418 3875//419
f 3875//419 3874//418 3876//419
f 3875//421 3876//421 3877//420
f 3877//420 3876//421 3878//420
f 3877//422 3878//422 3879//422
f 3879//422 3878//422 3880//422
f 3879//838 3880//838 3881//838
f 3881//838 3880//838 3882//423
f 3881//426 3882//426 3883//426
f 3883//426 3882//426 3884//426
f 3883//427 3884//427 3885//427
f 3885//427 3884//427 3886//427
f 3885//428 3886//428 3887//428
f 3887//428 3886//428 3888//428
f 3887//429 3888//429 3889//429
f 3889//429 3888//429 3890//429
f 3889//430 3890//430 3891//430
f 3891//430 3890//430 3892//430
f 3891//431 3892//431 3893//431
f 3893//431 3892//431 3894//431
f 3893//432 3894//432 3895//432
f 3895//432 3894//432 3896//432
f 3895//433 3896//433 3897//433
f 3897//433 3896//433 3898//433
f 3897//434 3898//434 3899//434
f 3899//434 3898//434 3900//434
f 3899//435 3900//435 3901//435
f 3901//435 3900//435 3902//435
f 3901//438 3902//438 3903//437
f 3903//437 3902//438 3904//437
f 3903//439 3904//439 3905//439
f 3905//439 3904//439 3906//439
f 3905//839 3906//839 3907//839
f 3907//839 3906//839 3908//839
f 3907//441 3908//441 3909//441
f 3909//441 3908//441 3910//441
f 3909//841 3910//841 3911//841
f 3911//841 3910//841 3912//841
f 3911//842 3912//842 3913//842
f 3913//842 3912//842 3914//842
f 3913//448 3914//448 3915//448
f 3915//448 3914//448 3916//448
f 3915//449 3916//449 3917//449
f 3917//449 3916//449 3918//449
f 3917//844 3918//844 3919//450
f 3919//450 3918//844 3920//450
f 3919//452 3920//452 3921//452
f 3921//452 3920//452 3922//452
f 3921//454 3922//454 3923//454
f 3923//454 3922//454 3924//454
f 3923//455 3924//455 3925//455
f 3925//455 3924//455 3926//455
f 3925//457 3926//457 3851//457
f 3851//457 3926//457 3852//457
f 3782//458 3927//459 3783//460
f 3783//460 3927//459 3928//461
f 3783//462 3928//463 3929//464
f 3929//465 3928//465 3930//465
f 3929//465 3930//465 3931//465
f 3931//466 3930//466 3932//466
f 3931//466 3932//466 3933//466
f 3933//467 3932//467 3934//467
f 3933//467 3934//467 3935//467
f 3935//468 3934//468 3854//468
f 3935//468 3854//468 3852//468
f 3927//935 3782//470 3936//471
f 3936//471 3782//470 3817//472
f 3936//473 3817//473 3937//473
f 3937//474 3817//474 3816//474
f 3937//475 3816//475 3938//475
f 3938//476 3816//476 3815//476
f 3938//477 3815//477 3939//477
f 3939//478 3815//478 3814//478
f 3939//847 3814//847 3940//847
f 3940//480 3814//480 3813//480
f 3940//849 3813//849 3941//849
f 3941//482 3813//482 3812//482
f 3941//483 3812//483 3942//483
f 3942//484 3812//484 3811//484
f 3942//485 3811//485 3943//485
f 3943//486 3811//486 3810//486
f 3943//487 3810//487 3944//487
f 3944//488 3810//488 3809//488
f 3944//489 3809//489 3945//489
f 3945//490 3809//490 3808//490
f 3945//491 3808//491 3946//491
f 3946//492 3808//492 3807//492
f 3946//850 3807//850 3947//850
f 3947//494 3807//494 3806//494
f 3947//852 3806//852 3948//852
f 3948//496 3806//496 3805//496
f 3948//497 3805//497 3949//497
f 3949//498 3805//498 3804//498
f 3949//499 3804//499 3950//499
f 3950//500 3804//500 3803//500
f 3950//501 3803//501 3951//501
f 3951//502 3803//503 3802//504
f 3951//502 3802//504 3952//936
f 3952//506 3802//507 3801//508
f 3952//506 3801//508 3953//509
f 3953//510 3801//511 3954//512
f 3953//513 3954//513 3955//513
f 3955//514 3954//514 3956//514
f 3955//515 3956//515 3957//515
f 3957//516 3956//516 3958//516
f 3957//517 3958//517 3959//517
f 3959//518 3958//518 3960//518
f 3959//519 3960//519 3900//519
f 3900//521 3960//521 3902//521
f 3801//511 3800//522 3954//512
f 3954//940 3800//524 3961//525
f 3954//514 3961//514 3956//514
f 3956//526 3961//526 3962//941
f 3956//516 3962//516 3958//516
f 3958//528 3962//528 3963//528
f 3958//518 3963//518 3960//518
f 3960//529 3963//529 3964//529
f 3960//521 3964//521 3902//521
f 3902//856 3964//856 3904//530
f 3800//524 3799//532 3961//525
f 3961//533 3799//533 3965//533
f 3961//526 3965//941 3962//941
f 3962//534 3965//534 3966//534
f 3962//528 3966//528 3963//528
f 3963//536 3966//536 3967//536
f 3963//529 3967//529 3964//529
f 3964//537 3967//537 3968//537
f 3964//856 3968//530 3904//530
f 3904//539 3968//539 3906//916
f 3799//540 3798//540 3965//540
f 3965//541 3798//541 3969//541
f 3965//534 3969//534 3966//534
f 3966//542 3969//542 3970//542
f 3966//536 3970//536 3967//536
f 3967//858 3970//858 3971//543
f 3967//537 3971//537 3968//537
f 3968//859 3971//859 3972//859
f 3968//539 3972//916 3906//916
f 3906//545 3972//545 3908//545
f 3798//546 3797//546 3969//546
f 3969//547 3797//547 3973//547
f 3969//542 3973//542 3970//542
f 3970//548 3973//548 3974//548
f 3970//858 3974//543 3971//543
f 3971//550 3974//550 3975//550
f 3971//859 3975//859 3972//859
f 3972//552 3975//552 3976//552
f 3972//545 3976//545 3908//545
f 3908//917 3976//917 3910//917
f 3797//555 3796//555 3973//555
f 3973//863 3796//863 3977//863
f 3973//548 3977//548 3974//548
f 3974//557 3977//557 3978//557
f 3974//550 3978//550 3975//550
f 3975//558 3978//558 3979//558
f 3975//552 3979//552 3976//552
f 3976//559 3979//559 3980//559
f 3976//917 3980//917 3910//917
f 3910//560 3980//560 3912//560
f 3796//561 3795//561 3977//561
f 3977//865 3795//865 3981//865
f 3977//557 3981//557 3978//557
f 3978//563 3981//563 3982//563
f 3978//558 3982//558 3979//558
f 3979//564 3982//564 3983//564
f 3979//559 3983//559 3980//559
f 3980//566 3983//566 3984//566
f 3980//560 3984//560 3912//560
f 3912//943 3984//943 3914//943
f 3795//568 3794//568 3981//568
f 3981//569 3794//569 3985//569
f 3981//563 3985//563 3982//563
f 3982//571 3985//571 3986//570
f 3982//564 3986//564 3983//564
f 3983//572 3986//572 3987//572
f 3983//566 3987//566 3984//566
f 3984//574 3987//574 3988//574
f 3984//943 3988//943 3914//943
f 3914//576 3988//576 3916//576
f 3794//577 3793//577 3985//577
f 3985//578 3793//578 3989//578
f 3985//571 3989//570 3986//570
f 3986//579 3989//579 3990//579
f 3986//572 3990//572 3987//572
f 3987//581 3990//581 3991//581
f 3987//574 3991//574 3988//574
f 3988//582 3991//582 3992//582
f 3988//576 3992//576 3916//576
f 3916//583 3992//583 3918//961
f 3793//584 3792//584 3989//584
f 3989//585 3792//585 3993//585
f 3989//579 3993//579 3990//579
f 3990//587 3993//587 3994//587
f 3990//581 3994//581 3991//581
f 3991//588 3994//588 3995//588
f 3991//582 3995//582 3992//582
f 3992//589 3995//589 3996//589
f 3992//583 3996//961 3918//961
f 3918//591 3996//591 3920//591
f 3792//593 3791//593 3993//593
f 3993//594 3791//594 3997//594
f 3993//587 3997//587 3994//587
f 3994//595 3997//595 3998//595
f 3994//588 3998//588 3995//588
f 3995//596 3998//596 3999//596
f 3995//589 3999//589 3996//589
f 3996//944 3999//944 4000//944
f 3996//591 4000//869 3920//591
f 3920//918 4000//918 3922//918
f 3791//601 3790//601 3997//601
f 3997//602 3790//602 4001//602
f 3997//595 4001//595 3998//595
f 3998//603 4001//603 4002//603
f 3998//596 4002//596 3999//596
f 3999//612 4002//612 4003//604
f 3999//944 4003//944 4000//944
f 4000//607 4003//607 4004//607
f 4000//918 4004//918 3922//918
f 3922//608 4004//608 3924//608
f 3790//609 3789//609 4001//609
f 4001//870 3789//870 4005//870
f 4001//603 4005//603 4002//603
f 4002//611 4005//611 4006//611
f 4002//612 4006//604 4003//604
f 4003//613 4006//613 4007//613
f 4003//607 4007//607 4004//607
f 4004//615 4007//615 4008//615
f 4004//608 4008//608 3924//608
f 3924//616 4008//616 3926//616
f 3789//617 3788//617 4005//617
f 4005//874 3788//874 4009//874
f 4005//611 4009//611 4006//611
f 4006//619 4009//619 4010//619
f 4006//613 4010//613 4007//613
f 4007//620 4010//620 4011//620
f 4007//615 4011//615 4008//615
f 4008//621 4011//621 4012//621
f 4008//616 4012//616 3926//616
f 3926//622 4012//622 3852//622
f 3788//623 3787//623 4009//623
f 4009//624 3787//624 4013//624
f 4009//619 4013//619 4010//619
f 4010//625 4013//625 4014//625
f 4010//620 4014//620 4011//620
f 4011//626 4014//626 4015//626
f 4011//621 4015//621 4012//621
f 4012//628 4015//628 3935//628
f 4012//622 3935//622 3852//622
f 3787//630 3786//630 4013//630
f 4013//631 3786//631 4016//631
f 4013//625 4016//625 4014//625
f 4014//632 4016//632 4017//632
f 4014//626 4017//626 4015//626
f 4015//634 4017//634 3933//634
f 4015//628 3933//628 3935//628
f 3786//635 3785//635 4016//635
f 4016//636 3785//636 4018//636
f 4016//632 4018//632 4017//632
f 4017//637 4018//637 3931//637
f 4017//634 3931//634 3933//634
f 3785//638 3784//639 4018//640
f 4018//640 3784//639 3929//946
f 4018//637 3929//637 3931//637
f 3784//642 3783//462 3929//464
f 3892//643 4019//643 3894//643
f 3894//643 4019//643 4020//643
f 3894//644 4020//644 3896//644
f 3896//644 4020//644 4021//644
f 3896//645 4021//645 3898//645
f 3898//645 4021//645 3959//645
f 3898//519 3959//519 3900//519
f 4019//948 4022//948 4020//646
f 4020//646 4022//948 4023//878
f 4020//648 4023//648 4021//647
f 4021//647 4023//648 3957//647
f 4021//517 3957//517 3959//517
f 4019//649 3892//649 4024//649
f 4024//649 3892//649 3890//649
f 4024//650 3890//650 4025//650
f 4025//650 3890//650 3888//650
f 4025//651 3888//651 4026//962
f 4026//962 3888//651 3886//962
f 4026//652 3886//652 4027//652
f 4027//652 3886//652 3884//652
f 4027//908 3884//908 4028//654
f 4028//654 3884//908 3882//963
f 4028//921 3882//921 4029//656
f 4029//656 3882//921 3880//656
f 4029//657 3880//657 4030//657
f 4030//657 3880//657 3878//657
f 4030//658 3878//658 4031//658
f 4031//658 3878//658 3876//658
f 4031//661 3876//661 4032//909
f 4032//909 3876//661 3874//909
f 4032//662 3874//662 4033//662
f 4033//662 3874//662 3872//662
f 4033//663 3872//663 4034//663
f 4034//663 3872//663 3870//663
f 4034//666 3870//666 4035//666
f 4035//666 3870//666 3868//666
f 4035//668 3868//668 4036//964
f 4036//964 3868//668 3866//964
f 4036//923 3866//923 4037//923
f 4037//923 3866//923 3864//923
f 4037//924 3864//924 4038//673
f 4038//673 3864//924 3862//673
f 4038//674 3862//674 4039//674
f 4039//674 3862//674 3860//674
f 4039//965 3860//965 4040//676
f 4040//676 3860//965 3858//676
f 4040//677 3858//677 4041//677
f 4041//677 3858//677 3856//677
f 4041//678 3856//678 3934//678
f 3934//678 3856//678 3854//678
f 4022//679 4042//679 4023//679
f 4023//679 4042//679 3955//679
f 4023//515 3955//515 3957//515
f 4022//680 4019//680 4043//680
f 4043//680 4019//680 4024//680
f 4043//681 4024//681 4044//682
f 4044//682 4024//681 4025//682
f 4044//683 4025//683 4045//683
f 4045//683 4025//683 4026//683
f 4045//684 4026//684 4046//684
f 4046//684 4026//684 4027//684
f 4046//685 4027//685 4047//685
f 4047//685 4027//685 4028//685
f 4047//882 4028//882 4048//882
f 4048//882 4028//882 4029//882
f 4048//689 4029//689 4049//688
f 4049//688 4029//689 4030//688
f 4049//691 4030//691 4050//691
f 4050//691 4030//691 4031//691
f 4050//692 4031//692 4051//692
f 4051//692 4031//692 4032//692
f 4051//693 4032//693 4052//693
f 4052//693 4032//693 4033//693
f 4052//695 4033//695 4053//695
f 4053//695 4033//695 4034//695
f 4053//697 4034//697 4054//697
f 4054//697 4034//697 4035//697
f 4054//698 4035//698 4055//698
f 4055//698 4035//698 4036//698
f 4055//700 4036//700 4056//700
f 4056//700 4036//700 4037//700
f 4056//701 4037//701 4057//701
f 4057//701 4037//701 4038//701
f 4057//702 4038//702 4058//702
f 4058//702 4038//702 4039//702
f 4058//703 4039//703 4059//703
f 4059//703 4039//703 4040//703
f 4059//704 4040//704 4060//704
f 4060//704 4040//704 4041//704
f 4060//884 4041//706 3932//950
f 3932//950 4041//706 3934//950
f 3952//707 3953//707 4042//707
f 4042//513 3953//513 3955//513
f 4042//708 4022//708 4061//708
f 4061//708 4022//708 4043//708
f 4061//709 4043//709 4062//710
f 4062//710 4043//709 4044//710
f 4062//711 4044//711 4063//711
f 4063//711 4044//711 4045//711
f 4063//712 4045//712 4064//712
f 4064//712 4045//712 4046//712
f 4064//714 4046//714 4065//714
f 4065//714 4046//714 4047//714
f 4065//716 4047//716 4066//716
f 4066//716 4047//716 4048//716
f 4066//887 4048//887 4067//718
f 4067//718 4048//887 4049//718
f 4067//719 4049//719 4068//719
f 4068//719 4049//719 4050//719
f 4068//721 4050//720 4069//720
f 4069//720 4050//720 4051//720
f 4069//722 4051//722 4070//722
f 4070//722 4051//722 4052//722
f 4070//723 4052//723 4071//723
f 4071//723 4052//723 4053//723
f 4071//724 4053//724 4072//724
f 4072//724 4053//724 4054//724
f 4072//726 4054//726 4073//726
f 4073//726 4054//726 4055//726
f 4073//729 4055//729 4074//728
f 4074//728 4055//729 4056//728
f 4074//730 4056//730 4075//730
f 4075//730 4056//730 4057//730
f 4075//732 4057//732 4076//732
f 4076//732 4057//732 4058//732
f 4076//733 4058//733 4077//733
f 4077//733 4058//733 4059//733
f 4077//734 4059//734 4078//914
f 4078//914 4059//734 4060//914
f 4078//735 4060//735 3930//735
f 3930//735 4060//735 3932//735
f 4078//736 3930//736 3928//736
f 4078//736 3928//736 3927//736
f 3951//737 3952//737 4061//737
f 4061//707 3952//707 4042//707
f 3951//737 4061//737 4062//737
f 3950//889 3951//738 4062//738
f 3950//889 4062//738 4063//966
f 3949//739 3950//739 4063//739
f 3949//739 4063//739 4064//739
f 3948//740 3949//740 4064//740
f 3948//740 4064//740 4065//740
f 3947//741 3948//741 4065//741
f 3947//741 4065//741 4066//741
f 3946//742 3947//742 4066//742
f 3946//742 4066//742 4067//742
f 3945//743 3946//743 4067//743
f 3945//743 4067//743 4068//743
f 3944//744 3945//744 4068//744
f 3944//744 4068//744 4069//744
f 3943//745 3944//745 4069//745
f 3943//745 4069//745 4070//745
f 3942//746 3943//746 4070//746
f 3942//746 4070//746 4071//746
f 3941//747 3942//747 4071//747
f 3941//747 4071//747 4072//747
f 3940//748 3941//748 4072//748
f 3940//748 4072//748 4073//748
f 3939//749 3940//749 4073//749
f 3939//749 4073//749 4074//749
f 3938//751 3939//751 4074//751
f 3938//751 4074//751 4075//751
f 3937//752 3938//752 4075//752
f 3937//752 4075//752 4076//752
f 3936//753 3937//951 4076//951
f 3936//753 4076//951 4077//753
f 3927//754 3936//754 4077//754
f 3927//754 4077//754 4078//754
f 4079//755 3851//755 4080//755
f 4080//755 3851//755 3853//755
f 4080//756 3853//756 4081//756
f 4081//756 3853//756 3855//756
f 4081//757 3855//757 4082//757
f 4082//757 3855//757 3857//757
f 4082//758 3857//758 4083//758
f 4083//758 3857//758 3859//758
f 4083//759 3859//759 4084//759
f 4084//759 3859//759 3861//759
f 4084//760 3861//760 4085//760
f 4085//760 3861//760 3863//760
f 4085//761 3863//761 4086//761
f 4086//761 3863//761 3865//761
f 4086//762 3865//762 4087//762
f 4087//762 3865//762 3867//762
f 4087//763 3867//763 4088//763
f 4088//763 3867//763 3869//763
f 4088//764 3869//764 4089//764
f 4089//764 3869//764 3871//764
f 4089//765 3871//765 4090//765
f 4090//765 3871//765 3873//765
f 4090//766 3873//766 4091//766
f 4091//766 3873//766 3875//766
f 4091//767 3875//767 4092//767
f 4092//767 3875//767 3877//767
f 4092//768 3877//768 4093//768
f 4093//768 3877//768 3879//768
f 4093//769 3879//769 4094//769
f 4094//769 3879//769 3881//769
f 4094//770 3881//770 4095//770
f 4095//770 3881//770 3883//770
f 4095//771 3883//771 4096//771
f 4096//771 3883//771 3885//771
f 4096//772 3885//772 4097//772
f 4097//772 3885//772 3887//772
f 4097//773 3887//773 4098//773
f 4098//773 3887//773 3889//773
f 4098//774 3889//774 4099//774
f 4099//774 3889//774 3891//774
f 4099//775 3891//775 4100//775
f 4100//775 3891//775 3893//775
f 4100//776 3893//776 4101//776
f 4101//776 3893//776 3895//776
f 4101//777 3895//777 4102//777
f 4102//777 3895//777 3897//777
f 4102//778 3897//778 4103//778
f 4103//778 3897//778 3899//778
f 4103//779 3899//779 4104//779
f 4104//779 3899//779 3901//779
f 4104//780 3901//780 4105//780
f 4105//780 3901//780 3903//780
f 4105//781 3903//781 4106//781
f 4106//781 3903//781 3905//781
f 4106//782 3905//782 4107//782
f 4107//782 3905//782 3907//782
f 4107//783 3907//783 4108//783
f 4108//783 3907//783 3909//783
f 4108//784 3909//784 4109//784
f 4109//784 3909//784 3911//784
f 4109//785 3911//785 4110//785
f 4110//785 3911//785 3913//785
f 4110//786 3913//786 4111//786
f 4111//786 3913//786 3915//786
f 4111//787 3915//787 4112//787
f 4112//787 3915//787 3917//787
f 4112//788 3917//788 4113//788
f 4113//788 3917//788 3919//788
f 4113//789 3919//789 4114//789
f 4114//789 3919//789 3921//789
f 4114//790 3921//790 4115//790
f 4115//790 3921//790 3923//790
f 4115//791 3923//791 4116//791
f 4116//791 3923//791 3925//791
f 4116//792 3925//792 4079//792
f 4079//792 3925//792 3851//792
f 4117//1 4118//1 4119//1
f 4119//2 4118//2 4120//2
f 4119//3 4120//3 4121//3
f 4121//4 4120//4 4122//4
f 4121//4 4122//4 4123//4
f 4123//5 4122//5 4124//5
f 4123//5 4124//5 4125//5
f 4125//7 4124//8 4126//8
f 4125//7 4126//8 4127//7
f 4127//9 4126//9 4128//9
f 4127//9 4128//9 4129//9
f 4129//11 4128//12 4130//13
f 4129//11 4130//13 4131//14
f 4118//15 4117//15 4132//15
f 4132//16 4117//16 4133//16
f 4132//17 4133//17 4134//17
f 4134//18 4133//18 4135//18
f 4134//19 4135//19 4136//19
f 4136//20 4135//20 4137//20
f 4136//958 4137//958 4138//958
f 4138//22 4137//22 4139//22
f 4138//23 4139//23 4140//23
f 4140//795 4139//795 4141//795
f 4140//25 4141//25 4142//25
f 4142//26 4141//26 4143//26
f 4142//796 4143//796 4144//796
f 4144//28 4143//28 4145//28
f 4144//29 4145//29 4146//29
f 4146//30 4145//30 4147//30
f 4146//32 4147//32 4148//32
f 4148//33 4147//33 4149//33
f 4148//35 4149//35 4150//35
f 4150//892 4149//36 4151//36
f 4150//37 4151//37 4152//37
f 4152//38 4151//38 4153//38
f 4152//39 4153//39 4154//39
f 4154//40 4153//40 4155//40
f 4154//41 4155//41 4156//41
f 4156//798 4155//798 4157//798
f 4157//43 4155//43 4158//43
f 4157//44 4158//44 4159//44
f 4159//45 4158//45 4160//45
f 4159//46 4160//47 4161//48
f 4161//48 4160//47 4162//49
f 4161//50 4162//51 4163//52
f 4163//52 4162//51 4164//53
f 4163//54 4164//54 4165//54
f 4165//55 4164//55 4166//55
f 4165//55 4166//55 4167//55
f 4167//57 4166//58 4168//58
f 4167//57 4168//58 4169//57
f 4169//59 4168//59 4170//59
f 4169//59 4170//59 4171//59
f 4171//60 4170//60 4172//60
f 4171//60 4172//60 4173//60
f 4173//62 4172//62 4174//62
f 4173//63 4174//63 4175//63
f 4175//64 4174//64 4176//64
f 4175//65 4176//65 4177//65
f 4177//66 4176//66 4178//66
f 4177//67 4178//67 4179//67
f 4179//68 4178//68 4180//68
f 4179//69 4180//69 4181//69
f 4181//70 4180//70 4182//70
f 4181//71 4182//71 4183//71
f 4183//959 4182//959 4184//959
f 4183//73 4184//73 4185//73
f 4185//74 4184//74 4186//74
f 4185//75 4186//75 4187//75
f 4187//76 4186//76 4188//76
f 4187//77 4188//77 4189//77
f 4189//78 4188//78 4190//78
f 4189//79 4190//79 4191//79
f 4191//80 4190//80 4192//80
f 4191//81 4192//81 4193//81
f 4193//82 4192//82 4194//82
f 4193//84 4194//84 4195//84
f 4195//85 4194//85 4196//85
f 4195//86 4196//86 4197//86
f 4197//87 4196//87 4198//87
f 4197//89 4198//89 4199//89
f 4199//90 4198//90 4200//801
f 4199//91 4200//91 4201//91
f 4201//802 4200//802 4202//802
f 4202//803 4200//803 4203//803
f 4202//94 4203//94 4204//94
f 4204//95 4203//95 4205//95
f 4204//96 4205//894 4131//98
f 4131//98 4205//894 4129//99
f 4145//100 4206//100 4147//100
f 4147//804 4206//804 4207//804
f 4147//33 4207//33 4149//33
f 4149//805 4207//805 4208//102
f 4149//36 4208//36 4151//36
f 4151//104 4208//104 4209//104
f 4151//38 4209//38 4153//38
f 4153//106 4209//106 4210//106
f 4153//40 4210//40 4155//40
f 4155//107 4210//107 4158//107
f 4206//108 4211//108 4207//108
f 4207//926 4211//926 4212//926
f 4207//805 4212//102 4208//102
f 4208//111 4212//111 4213//111
f 4208//104 4213//104 4209//104
f 4209//112 4213//112 4214//112
f 4209//106 4214//106 4210//106
f 4210//113 4214//113 4215//113
f 4210//107 4215//107 4158//107
f 4158//114 4215//114 4160//114
f 4211//115 4216//115 4212//115
f 4212//116 4216//116 4217//116
f 4212//111 4217//111 4213//111
f 4213//117 4217//117 4218//118
f 4213//112 4218//112 4214//112
f 4214//120 4218//120 4219//120
f 4214//113 4219//113 4215//113
f 4215//121 4219//121 4220//121
f 4215//114 4220//114 4160//114
f 4160//123 4220//123 4162//123
f 4216//124 4221//124 4217//124
f 4217//125 4221//125 4222//125
f 4217//117 4222//118 4218//118
f 4218//126 4222//126 4223//126
f 4218//120 4223//120 4219//120
f 4219//127 4223//127 4224//127
f 4219//121 4224//121 4220//121
f 4220//128 4224//128 4225//967
f 4220//123 4225//123 4162//123
f 4162//130 4225//130 4164//130
f 4221//131 4226//131 4222//131
f 4222//132 4226//132 4227//132
f 4222//126 4227//126 4223//126
f 4223//139 4227//139 4228//133
f 4223//127 4228//127 4224//127
f 4224//134 4228//134 4229//134
f 4224//128 4229//967 4225//967
f 4225//136 4229//136 4166//136
f 4225//130 4166//130 4164//130
f 4226//968 4230//968 4227//968
f 4227//138 4230//138 4231//138
f 4227//139 4231//133 4228//133
f 4228//140 4231//140 4232//140
f 4228//134 4232//134 4229//134
f 4229//141 4232//141 4168//141
f 4229//136 4168//136 4166//136
f 4230//142 4233//142 4231//142
f 4231//143 4233//143 4234//143
f 4231//140 4234//140 4232//140
f 4232//144 4234//144 4170//144
f 4232//141 4170//141 4168//141
f 4233//145 4235//145 4234//145
f 4234//146 4235//146 4172//146
f 4234//144 4172//144 4170//144
f 4235//62 4174//62 4172//62
f 4190//147 4236//147 4192//147
f 4192//148 4236//148 4237//148
f 4192//82 4237//82 4194//82
f 4194//150 4237//150 4238//150
f 4194//85 4238//85 4196//85
f 4196//151 4238//151 4239//151
f 4196//87 4239//87 4198//87
f 4198//153 4239//153 4240//154
f 4198//90 4240//801 4200//801
f 4200//155 4240//155 4203//155
f 4236//156 4241//156 4237//156
f 4237//157 4241//157 4242//157
f 4237//150 4242//150 4238//150
f 4238//927 4242//927 4243//927
f 4238//151 4243//151 4239//151
f 4239//160 4243//160 4244//160
f 4239//153 4244//154 4240//154
f 4240//162 4244//162 4245//162
f 4240//155 4245//155 4203//155
f 4203//163 4245//163 4205//163
f 4241//813 4246//813 4242//813
f 4242//165 4246//165 4247//165
f 4242//927 4247//811 4243//927
f 4243//168 4247//168 4248//168
f 4243//160 4248//814 4244//160
f 4244//169 4248//169 4249//169
f 4244//162 4249//162 4245//162
f 4245//170 4249//170 4250//170
f 4245//163 4250//163 4205//163
f 4205//171 4250//171 4129//171
f 4246//172 4251//172 4247//172
f 4247//816 4251//816 4252//816
f 4247//168 4252//168 4248//168
f 4248//174 4252//174 4253//174
f 4248//169 4253//169 4249//169
f 4249//175 4253//175 4254//175
f 4249//170 4254//170 4250//170
f 4250//176 4254//176 4127//176
f 4250//171 4127//171 4129//171
f 4251//177 4255//177 4252//177
f 4252//178 4255//178 4256//178
f 4252//174 4256//174 4253//174
f 4253//179 4256//179 4257//179
f 4253//175 4257//175 4254//175
f 4254//182 4257//182 4125//182
f 4254//176 4125//176 4127//176
f 4255//183 4258//183 4256//183
f 4256//184 4258//184 4259//184
f 4256//179 4259//179 4257//179
f 4257//185 4259//185 4123//185
f 4257//182 4123//182 4125//182
f 4258//186 4260//186 4259//186
f 4259//187 4260//187 4121//187
f 4259//185 4121//185 4123//185
f 4260//188 4119//188 4121//188
f 4201//189 4261//189 4199//189
f 4199//190 4261//190 4262//190
f 4199//89 4262//89 4197//89
f 4197//191 4262//191 4263//191
f 4197//86 4263//86 4195//86
f 4195//194 4263//194 4264//194
f 4195//84 4264//84 4193//84
f 4193//198 4264//198 4265//198
f 4193//81 4265//81 4191//81
f 4191//199 4265//199 4189//199
f 4261//201 4266//201 4262//201
f 4262//202 4266//202 4267//202
f 4262//191 4267//191 4263//191
f 4263//203 4267//203 4268//203
f 4263//194 4268//194 4264//194
f 4264//204 4268//204 4269//205
f 4264//198 4269//198 4265//198
f 4265//206 4269//206 4270//206
f 4265//199 4270//199 4189//199
f 4189//207 4270//207 4187//207
f 4266//208 4271//208 4267//208
f 4267//209 4271//209 4272//209
f 4267//203 4272//203 4268//203
f 4268//210 4272//210 4273//210
f 4268//204 4273//205 4269//205
f 4269//211 4273//211 4274//211
f 4269//206 4274//206 4270//206
f 4270//213 4274//213 4275//213
f 4270//207 4275//207 4187//207
f 4187//820 4275//820 4185//820
f 4271//216 4276//216 4272//216
f 4272//217 4276//217 4277//217
f 4272//210 4277//210 4273//210
f 4273//218 4277//218 4278//218
f 4273//211 4278//211 4274//211
f 4274//220 4278//220 4279//220
f 4274//213 4279//213 4275//213
f 4275//222 4279//222 4280//222
f 4275//820 4280//820 4185//820
f 4185//223 4280//223 4183//821
f 4276//225 4281//225 4277//225
f 4277//226 4281//226 4282//226
f 4277//218 4282//218 4278//218
f 4278//227 4282//227 4283//227
f 4278//220 4283//220 4279//220
f 4279//228 4283//228 4284//228
f 4279//222 4284//222 4280//222
f 4280//229 4284//229 4285//229
f 4280//223 4285//821 4183//821
f 4183//822 4285//822 4181//230
f 4281//231 4286//231 4282//231
f 4282//232 4286//232 4287//232
f 4282//227 4287//227 4283//227
f 4283//233 4287//233 4288//233
f 4283//228 4288//228 4284//228
f 4284//234 4288//234 4289//234
f 4284//229 4289//229 4285//229
f 4285//236 4289//236 4290//236
f 4285//822 4290//230 4181//230
f 4181//237 4290//237 4179//237
f 4286//238 4291//238 4287//238
f 4287//239 4291//239 4292//239
f 4287//233 4292//233 4288//233
f 4288//240 4292//240 4293//240
f 4288//234 4293//234 4289//234
f 4289//242 4293//242 4294//242
f 4289//236 4294//236 4290//236
f 4290//244 4294//244 4295//244
f 4290//237 4295//237 4179//237
f 4179//825 4295//825 4177//825
f 4291//247 4296//247 4292//247
f 4292//248 4296//248 4297//248
f 4292//240 4297//240 4293//240
f 4293//249 4297//249 4298//249
f 4293//242 4298//242 4294//242
f 4294//915 4298//250 4299//250
f 4294//244 4299//244 4295//244
f 4295//251 4299//251 4300//251
f 4295//825 4300//825 4177//825
f 4177//252 4300//252 4175//252
f 4296//253 4301//253 4297//253
f 4297//254 4301//254 4302//254
f 4297//249 4302//249 4298//249
f 4298//255 4302//255 4303//255
f 4298//250 4303//250 4299//250
f 4299//256 4303//256 4304//256
f 4299//251 4304//251 4300//251
f 4300//257 4304//257 4305//257
f 4300//252 4305//252 4175//252
f 4175//258 4305//258 4173//258
f 4301//826 4306//826 4302//826
f 4302//260 4306//260 4307//260
f 4302//255 4307//255 4303//255
f 4303//261 4307//261 4308//261
f 4303//256 4308//256 4304//256
f 4304//262 4308//262 4309//262
f 4304//257 4309//257 4305//257
f 4305//263 4309//263 4171//263
f 4305//258 4171//258 4173//258
f 4306//264 4310//264 4307//264
f 4307//265 4310//265 4311//265
f 4307//261 4311//261 4308//261
f 4308//266 4311//266 4312//266
f 4308//262 4312//262 4309//262
f 4309//267 4312//267 4169//267
f 4309//263 4169//263 4171//263
f 4310//268 4313//269 4311//270
f 4311//270 4313//269 4314//271
f 4311//266 4314//266 4312//266
f 4312//272 4314//272 4167//272
f 4312//267 4167//267 4169//267
f 4313//273 4315//274 4314//275
f 4314//275 4315//274 4165//276
f 4314//272 4165//272 4167//272
f 4315//828 4163//54 4165//54
f 4156//277 4316//277 4154//277
f 4154//278 4316//278 4317//278
f 4154//39 4317//39 4152//39
f 4152//279 4317//279 4318//279
f 4152//37 4318//37 4150//37
f 4150//280 4318//280 4319//280
f 4150//35 4319//35 4148//35
f 4148//283 4319//283 4320//283
f 4148//32 4320//32 4146//32
f 4146//284 4320//284 4144//284
f 4316//285 4321//285 4317//285
f 4317//286 4321//286 4322//286
f 4317//279 4322//279 4318//279
f 4318//287 4322//287 4323//287
f 4318//280 4323//280 4319//280
f 4319//289 4323//289 4324//289
f 4319//283 4324//283 4320//283
f 4320//291 4324//291 4325//291
f 4320//284 4325//284 4144//284
f 4144//292 4325//292 4142//292
f 4321//294 4326//294 4322//294
f 4322//295 4326//295 4327//295
f 4322//287 4327//287 4323//287
f 4323//296 4327//296 4328//296
f 4323//289 4328//289 4324//289
f 4324//298 4328//298 4329//298
f 4324//291 4329//291 4325//291
f 4325//299 4329//299 4330//299
f 4325//292 4330//292 4142//292
f 4142//300 4330//300 4140//300
f 4326//302 4331//302 4327//302
f 4327//303 4331//303 4332//303
f 4327//296 4332//296 4328//296
f 4328//304 4332//304 4333//304
f 4328//298 4333//298 4329//298
f 4329//306 4333//306 4334//306
f 4329//299 4334//299 4330//299
f 4330//307 4334//307 4335//307
f 4330//300 4335//300 4140//300
f 4140//308 4335//308 4138//931
f 4331//310 4336//310 4332//310
f 4332//311 4336//311 4337//311
f 4332//304 4337//304 4333//304
f 4333//312 4337//312 4338//312
f 4333//306 4338//306 4334//306
f 4334//313 4338//313 4339//313
f 4334//307 4339//307 4335//307
f 4335//314 4339//314 4340//314
f 4335//308 4340//931 4138//931
f 4138//316 4340//316 4136//316
f 4336//318 4341//318 4337//318
f 4337//319 4341//319 4342//319
f 4337//312 4342//312 4338//312
f 4338//321 4342//321 4343//320
f 4338//313 4343//313 4339//313
f 4339//322 4343//322 4344//322
f 4339//314 4344//314 4340//314
f 4340//323 4344//323 4345//323
f 4340//316 4345//316 4136//316
f 4136//324 4345//324 4134//324
f 4341//325 4346//325 4342//325
f 4342//326 4346//326 4347//326
f 4342//321 4347//320 4343//320
f 4343//327 4347//327 4348//327
f 4343//322 4348//322 4344//322
f 4344//330 4348//330 4349//329
f 4344//323 4349//323 4345//323
f 4345//331 4349//331 4350//331
f 4345//324 4350//324 4134//324
f 4134//333 4350//333 4132//333
f 4346//334 4351//334 4347//334
f 4347//335 4351//335 4352//335
f 4347//327 4352//327 4348//327
f 4348//830 4352//830 4353//336
f 4348//330 4353//329 4349//329
f 4349//337 4353//337 4354//337
f 4349//331 4354//331 4350//331
f 4350//338 4354//338 4355//338
f 4350//333 4355//333 4132//333
f 4132//339 4355//339 4118//339
f 4351//832 4356//832 4352//832
f 4352//341 4356//341 4357//341
f 4352//830 4357//336 4353//336
f 4353//342 4357//342 4358//342
f 4353//337 4358//337 4354//337
f 4354//344 4358//344 4359//344
f 4354//338 4359//338 4355//338
f 4355//345 4359//345 4360//345
f 4355//339 4360//339 4118//339
f 4118//346 4360//346 4120//346
f 4356//833 4361//833 4357//833
f 4357//348 4361//348 4362//348
f 4357//342 4362//933 4358//342
f 4358//349 4362//349 4363//349
f 4358//344 4363//344 4359//344
f 4359//350 4363//350 4364//350
f 4359//345 4364//901 4360//345
f 4360//351 4364//351 4122//352
f 4360//346 4122//346 4120//346
f 4361//353 4365//353 4362//353
f 4362//354 4365//354 4366//354
f 4362//349 4366//349 4363//349
f 4363//355 4366//355 4367//355
f 4363//350 4367//350 4364//350
f 4364//356 4367//356 4124//356
f 4364//351 4124//352 4122//352
f 4365//358 4368//359 4366//902
f 4366//902 4368//359 4369//361
f 4366//355 4369//355 4367//355
f 4367//363 4369//363 4126//363
f 4367//356 4126//356 4124//356
f 4368//835 4130//365 4369//366
f 4369//366 4130//365 4128//367
f 4369//363 4128//363 4126//363
f 4370//368 4371//368 4130//368
f 4130//368 4371//368 4372//368
f 4130//368 4372//368 4131//368
f 4131//368 4372//368 4373//368
f 4131//368 4373//368 4204//368
f 4204//368 4373//368 4374//368
f 4204//368 4374//368 4202//368
f 4202//368 4374//368 4375//368
f 4202//368 4375//368 4201//368
f 4201//368 4375//368 4376//368
f 4201//368 4376//368 4261//368
f 4261//368 4376//368 4377//368
f 4261//368 4377//368 4266//368
f 4266//368 4377//368 4378//368
f 4266//368 4378//368 4271//368
f 4271//368 4378//368 4379//368
f 4271//368 4379//368 4276//368
f 4276//368 4379//368 4380//368
f 4276//368 4380//368 4281//368
f 4281//368 4380//368 4381//368
f 4281//368 4381//368 4286//368
f 4286//368 4381//368 4382//368
f 4286//368 4382//368 4291//368
f 4291//368 4382//368 4383//368
f 4291//368 4383//368 4296//368
f 4296//368 4383//368 4384//368
f 4296//368 4384//368 4301//368
f 4301//368 4384//368 4385//368
f 4301//368 4385//368 4306//368
f 4306//368 4385//368 4386//368
f 4306//368 4386//368 4310//368
f 4310//368 4386//368 4387//368
f 4310//368 4387//368 4313//368
f 4313//368 4387//368 4388//368
f 4313//368 4388//368 4315//368
f 4315//368 4388//368 4389//368
f 4315//368 4389//368 4163//368
f 4163//368 4389//368 4390//368
f 4163//368 4390//368 4161//368
f 4161//368 4390//368 4391//368
f 4161//368 4391//368 4159//368
f 4159//368 4391//368 4392//368
f 4159//368 4392//368 4157//368
f 4157//368 4392//368 4393//368
f 4157//368 4393//368 4156//368
f 4156//368 4393//368 4394//368
f 4156//368 4394//368 4316//368
f 4316//368 4394//368 4395//368
f 4316//368 4395//368 4321//368
f 4321//368 4395//368 4396//368
f 4321//368 4396//368 4326//368
f 4326//368 4396//368 4397//368
f 4326//368 4397//368 4331//368
f 4331//368 4397//368 4398//368
f 4331//368 4398//368 4336//368
f 4336//368 4398//368 4399//368
f 4336//368 4399//368 4341//368
f 4341//368 4399//368 4400//368
f 4341//368 4400//368 4346//368
f 4346//368 4400//368 4401//368
f 4346//368 4401//368 4351//368
f 4351//368 4401//368 4402//368
f 4351//368 4402//368 4356//368
f 4356//368 4402//368 4403//368
f 4356//368 4403//368 4361//368
f 4361//368 4403//368 4404//368
f 4361//368 4404//368 4365//368
f 4365//368 4404//368 4405//368
f 4365//368 4405//368 4368//368
f 4368//368 4405//368 4370//368
f 4368//368 4370//368 4130//368
f 4406//369 4117//369 4407//369
f 4407//369 4117//369 4119//369
f 4407//370 4119//370 4408//370
f 4408//370 4119//370 4260//370
f 4408//371 4260//371 4409//371
f 4409//371 4260//371 4258//371
f 4409//372 4258//372 4410//372
f 4410//372 4258//372 4255//372
f 4410//373 4255//373 4411//373
f 4411//373 4255//373 4251//373
f 4411//374 4251//374 4412//374
f 4412//374 4251//374 4246//374
f 4412//375 4246//375 4413//375
f 4413//375 4246//375 4241//375
f 4413//376 4241//376 4414//376
f 4414//376 4241//376 4236//376
f 4414//377 4236//377 4415//377
f 4415//377 4236//377 4190//377
f 4415//378 4190//378 4416//378
f 4416//378 4190//378 4188//378
f 4416//379 4188//379 4417//379
f 4417//379 4188//379 4186//379
f 4417//380 4186//380 4418//380
f 4418//380 4186//380 4184//380
f 4418//381 4184//381 4419//381
f 4419//381 4184//381 4182//381
f 4419//382 4182//382 4420//382
f 4420//382 4182//382 4180//382
f 4420//383 4180//383 4421//383
f 4421//383 4180//383 4178//383
f 4421//384 4178//384 4422//384
f 4422//384 4178//384 4176//384
f 4422//385 4176//385 4423//385
f 4423//385 4176//385 4174//385
f 4423//386 4174//386 4424//386
f 4424//386 4174//386 4235//386
f 4424//387 4235//387 4425//387
f 4425//387 4235//387 4233//387
f 4425//388 4233//388 4426//388
f 4426//388 4233//388 4230//388
f 4426//389 4230//389 4427//389
f 4427//389 4230//389 4226//389
f 4427//390 4226//390 4428//390
f 4428//390 4226//390 4221//390
f 4428//391 4221//391 4429//391
f 4429//391 4221//391 4216//391
f 4429//392 4216//392 4430//392
f 4430//392 4216//392 4211//392
f 4430//393 4211//393 4431//393
f 4431//393 4211//393 4206//393
f 4431//394 4206//394 4432//394
f 4432//394 4206//394 4145//394
f 4432//395 4145//395 4433//395
f 4433//395 4145//395 4143//395
f 4433//396 4143//396 4434//396
f 4434//396 4143//396 4141//396
f 4434//397 4141//397 4435//397
f 4435//397 4141//397 4139//397
f 4435//398 4139//398 4436//398
f 4436//398 4139//398 4137//398
f 4436//399 4137//399 4437//399
f 4437//399 4137//399 4135//399
f 4437//400 4135//400 4438//400
f 4438//400 4135//400 4133//400
f 4438//401 4133//401 4406//401
f 4406//401 4133//401 4117//401
f 4439//402 4440//402 4441//402
f 4441//402 4440//402 4442//402
f 4441//403 4442//403 4443//403
f 4443//403 4442//403 4444//403
f 4443//404 4444//404 4445//404
f 4445//404 4444//404 4446//404
f 4445//405 4446//405 4447//405
f 4447//405 4446//405 4448//405
f 4447//406 4448//406 4449//406
f 4449//406 4448//406 4450//406
f 4449//408 4450//408 4451//408
f 4451//408 4450//408 4452//408
f 4451//410 4452//410 4453//409
f 4453//409 4452//410 4454//409
f 4453//411 4454//411 4455//411
f 4455//411 4454//411 4456//411
f 4455//836 4456//836 4457//412
f 4457//412 4456//836 4458//412
f 4457//414 4458//414 4459//837
f 4459//837 4458//414 4460//837
f 4459//416 4460//416 4461//416
f 4461//416 4460//416 4462//416
f 4461//418 4462//418 4463//418
f 4463//418 4462//418 4464//419
f 4463//421 4464//421 4465//420
f 4465//420 4464//421 4466//420
f 4465//422 4466//422 4467//422
f 4467//422 4466//422 4468//422
f 4467//838 4468//838 4469//838
f 4469//838 4468//838 4470//423
f 4469//426 4470//426 4471//426
f 4471//426 4470//426 4472//426
f 4471//427 4472//427 4473//427
f 4473//427 4472//427 4474//427
f 4473//428 4474//428 4475//428
f 4475//428 4474//428 4476//428
f 4475//429 4476//429 4477//429
f 4477//429 4476//429 4478//429
f 4477//430 4478//430 4479//430
f 4479//430 4478//430 4480//430
f 4479//431 4480//431 4481//431
f 4481//431 4480//431 4482//431
f 4481//432 4482//432 4483//432
f 4483//432 4482//432 4484//432
f 4483//433 4484//433 4485//433
f 4485//433 4484//433 4486//433
f 4485//434 4486//434 4487//434
f 4487//434 4486//434 4488//434
f 4487//435 4488//435 4489//435
f 4489//435 4488//435 4490//435
f 4489//438 4490//438 4491//437
f 4491//437 4490//438 4492//437
f 4491//439 4492//439 4493//439
f 4493//439 4492//439 4494//439
f 4493//839 4494//839 4495//839
f 4495//839 4494//839 4496//839
f 4495//441 4496//441 4497//441
f 4497//441 4496//441 4498//441
f 4497//841 4498//841 4499//841
f 4499//841 4498//841 4500//841
f 4499//842 4500//842 4501//842
f 4501//842 4500//842 4502//842
f 4501//448 4502//448 4503//448
f 4503//448 4502//448 4504//448
f 4503//449 4504//449 4505//449
f 4505//449 4504//449 4506//449
f 4505//844 4506//844 4507//450
f 4507//450 4506//844 4508//450
f 4507//452 4508//452 4509//452
f 4509//452 4508//452 4510//452
f 4509//454 4510//454 4511//454
f 4511//454 4510//454 4512//454
f 4511//455 4512//455 4513//455
f 4513//455 4512//455 4514//455
f 4513//457 4514//457 4439//457
f 4439//457 4514//457 4440//457
f 4370//458 4515//459 4371//460
f 4371//460 4515//459 4516//461
f 4371//462 4516//463 4517//969
f 4517//465 4516//465 4518//465
f 4517//465 4518//465 4519//465
f 4519//466 4518//466 4520//466
f 4519//466 4520//466 4521//466
f 4521//467 4520//467 4522//467
f 4521//467 4522//467 4523//467
f 4523//468 4522//468 4442//468
f 4523//468 4442//468 4440//468
f 4515//935 4370//470 4524//471
f 4524//471 4370//470 4405//472
f 4524//473 4405//473 4525//473
f 4525//474 4405//474 4404//474
f 4525//475 4404//475 4526//475
f 4526//476 4404//476 4403//476
f 4526//477 4403//477 4527//477
f 4527//478 4403//478 4402//478
f 4527//847 4402//847 4528//847
f 4528//480 4402//480 4401//480
f 4528//849 4401//849 4529//849
f 4529//482 4401//482 4400//482
f 4529//483 4400//483 4530//483
f 4530//484 4400//484 4399//484
f 4530//485 4399//485 4531//485
f 4531//486 4399//486 4398//486
f 4531//487 4398//487 4532//487
f 4532//488 4398//488 4397//488
f 4532//489 4397//489 4533//489
f 4533//490 4397//490 4396//490
f 4533//491 4396//491 4534//491
f 4534//492 4396//492 4395//492
f 4534//850 4395//850 4535//850
f 4535//494 4395//494 4394//494
f 4535//852 4394//852 4536//852
f 4536//496 4394//496 4393//496
f 4536//497 4393//497 4537//497
f 4537//498 4393//498 4392//498
f 4537//499 4392//499 4538//499
f 4538//500 4392//500 4391//500
f 4538//501 4391//501 4539//501
f 4539//502 4391//503 4390//504
f 4539//502 4390//504 4540//936
f 4540//506 4390//507 4389//508
f 4540//506 4389//508 4541//509
f 4541//510 4389//511 4542//512
f 4541//513 4542//513 4543//513
f 4543//514 4542//514 4544//514
f 4543//515 4544//515 4545//515
f 4545//516 4544//516 4546//516
f 4545//517 4546//517 4547//517
f 4547//518 4546//518 4548//518
f 4547//519 4548//519 4488//519
f 4488//521 4548//521 4490//520
f 4389//511 4388//522 4542//512
f 4542//940 4388//524 4549//525
f 4542//514 4549//514 4544//514
f 4544//526 4549//526 4550//941
f 4544//516 4550//516 4546//516
f 4546//528 4550//528 4551//528
f 4546//518 4551//518 4548//518
f 4548//529 4551//529 4552//529
f 4548//521 4552//520 4490//520
f 4490//856 4552//856 4492//530
f 4388//524 4387//532 4549//525
f 4549//533 4387//533 4553//533
f 4549//526 4553//941 4550//941
f 4550//534 4553//534 4554//534
f 4550//528 4554//527 4551//528
f 4551//536 4554//536 4555//536
f 4551//529 4555//529 4552//529
f 4552//537 4555//537 4556//537
f 4552//856 4556//530 4492//530
f 4492//539 4556//539 4494//539
f 4387//540 4386//540 4553//540
f 4553//541 4386//541 4557//541
f 4553//534 4557//534 4554//534
f 4554//542 4557//542 4558//542
f 4554//536 4558//536 4555//536
f 4555//858 4558//858 4559//543
f 4555//537 4559//537 4556//537
f 4556//859 4559//859 4560//544
f 4556//539 4560//916 4494//539
f 4494//545 4560//545 4496//545
f 4386//546 4385//546 4557//546
f 4557//547 4385//547 4561//547
f 4557//542 4561//542 4558//542
f 4558//548 4561//548 4562//548
f 4558//858 4562//543 4559//543
f 4559//550 4562//550 4563//550
f 4559//859 4563//544 4560//544
f 4560//552 4563//552 4564//552
f 4560//545 4564//545 4496//545
f 4496//917 4564//917 4498//917
f 4385//555 4384//555 4561//555
f 4561//863 4384//863 4565//863
f 4561//548 4565//548 4562//548
f 4562//557 4565//557 4566//557
f 4562//550 4566//550 4563//550
f 4563//558 4566//558 4567//558
f 4563//552 4567//552 4564//552
f 4564//559 4567//559 4568//559
f 4564//917 4568//917 4498//917
f 4498//560 4568//560 4500//560
f 4384//561 4383//561 4565//561
f 4565//865 4383//865 4569//865
f 4565//557 4569//557 4566//557
f 4566//563 4569//563 4570//563
f 4566//558 4570//558 4567//558
f 4567//564 4570//564 4571//564
f 4567//559 4571//559 4568//559
f 4568//566 4571//566 4572//566
f 4568//560 4572//560 4500//560
f 4500//943 4572//943 4502//943
f 4383//568 4382//568 4569//568
f 4569//569 4382//569 4573//569
f 4569//563 4573//563 4570//563
f 4570//571 4573//571 4574//571
f 4570//564 4574//564 4571//564
f 4571//572 4574//572 4575//572
f 4571//566 4575//566 4572//566
f 4572//574 4575//574 4576//574
f 4572//943 4576//943 4502//943
f 4502//576 4576//576 4504//576
f 4382//577 4381//577 4573//577
f 4573//578 4381//578 4577//578
f 4573//571 4577//570 4574//571
f 4574//579 4577//579 4578//579
f 4574//572 4578//572 4575//572
f 4575//581 4578//581 4579//581
f 4575//574 4579//574 4576//574
f 4576//582 4579//582 4580//582
f 4576//576 4580//576 4504//576
f 4504//583 4580//583 4506//961
f 4381//584 4380//584 4577//584
f 4577//585 4380//585 4581//585
f 4577//579 4581//579 4578//579
f 4578//587 4581//587 4582//587
f 4578//581 4582//581 4579//581
f 4579//588 4582//588 4583//588
f 4579//582 4583//582 4580//582
f 4580//589 4583//589 4584//589
f 4580//583 4584//961 4506//961
f 4506//591 4584//591 4508//591
f 4380//593 4379//593 4581//593
f 4581//594 4379//594 4585//594
f 4581//587 4585//587 4582//587
f 4582//595 4585//595 4586//595
f 4582//588 4586//588 4583//588
f 4583//596 4586//596 4587//596
f 4583//589 4587//589 4584//589
f 4584//944 4587//944 4588//944
f 4584//591 4588//591 4508//591
f 4508//918 4588//918 4510//918
f 4379//601 4378//601 4585//601
f 4585//602 4378//602 4589//602
f 4585//595 4589//595 4586//595
f 4586//603 4589//603 4590//603
f 4586//596 4590//596 4587//596
f 4587//612 4590//612 4591//604
f 4587//944 4591//944 4588//944
f 4588//607 4591//607 4592//607
f 4588//918 4592//918 4510//918
f 4510//608 4592//608 4512//608
f 4378//609 4377//609 4589//609
f 4589//870 4377//870 4593//870
f 4589//603 4593//603 4590//603
f 4590//611 4593//611 4594//611
f 4590//612 4594//604 4591//604
f 4591//613 4594//613 4595//613
f 4591//607 4595//607 4592//607
f 4592//615 4595//615 4596//615
f 4592//608 4596//608 4512//608
f 4512//616 4596//616 4514//616
f 4377//617 4376//617 4593//617
f 4593//874 4376//874 4597//874
f 4593//611 4597//611 4594//611
f 4594//619 4597//619 4598//619
f 4594//613 4598//613 4595//613
f 4595//620 4598//620 4599//620
f 4595//615 4599//615 4596//615
f 4596//621 4599//621 4600//621
f 4596//616 4600//616 4514//616
f 4514//622 4600//622 4440//622
f 4376//623 4375//623 4597//623
f 4597//624 4375//624 4601//624
f 4597//619 4601//619 4598//619
f 4598//625 4601//625 4602//625
f 4598//620 4602//620 4599//620
f 4599//626 4602//626 4603//626
f 4599//621 4603//621 4600//621
f 4600//628 4603//628 4523//628
f 4600//622 4523//622 4440//622
f 4375//630 4374//630 4601//630
f 4601//631 4374//631 4604//631
f 4601//625 4604//625 4602//625
f 4602//632 4604//632 4605//632
f 4602//626 4605//626 4603//626
f 4603//634 4605//634 4521//634
f 4603//628 4521//628 4523//628
f 4374//635 4373//635 4604//635
f 4604//636 4373//636 4606//636
f 4604//632 4606//632 4605//632
f 4605//637 4606//637 4519//637
f 4605//634 4519//634 4521//634
f 4373//638 4372//639 4606//640
f 4606//640 4372//639 4517//946
f 4606//637 4517//637 4519//637
f 4372//642 4371//462 4517//969
f 4480//643 4607//643 4482//643
f 4482//643 4607//643 4608//643
f 4482//644 4608//644 4484//644
f 4484//644 4608//644 4609//644
f 4484//645 4609//645 4486//645
f 4486//645 4609//645 4547//645
f 4486//519 4547//519 4488//519
f 4607//948 4610//948 4608//646
f 4608//646 4610//948 4611//878
f 4608//648 4611//648 4609//647
f 4609//647 4611//648 4545//647
f 4609//517 4545//517 4547//517
f 4607//649 4480//649 4612//649
f 4612//649 4480//649 4478//649
f 4612//650 4478//650 4613//650
f 4613//650 4478//650 4476//650
f 4613//651 4476//651 4614//651
f 4614//651 4476//651 4474//962
f 4614//652 4474//652 4615//652
f 4615//652 4474//652 4472//652
f 4615//908 4472//908 4616//654
f 4616//654 4472//908 4470//654
f 4616//921 4470//921 4617//656
f 4617//656 4470//921 4468//656
f 4617//657 4468//657 4618//657
f 4618//657 4468//657 4466//657
f 4618//658 4466//658 4619//658
f 4619//658 4466//658 4464//658
f 4619//660 4464//660 4620//909
f 4620//909 4464//660 4462//909
f 4620//662 4462//662 4621//662
f 4621//662 4462//662 4460//662
f 4621//664 4460//664 4622//879
f 4622//879 4460//664 4458//879
f 4622//666 4458//666 4623//666
f 4623//666 4458//666 4456//666
f 4623//668 4456//668 4624//964
f 4624//964 4456//668 4454//964
f 4624//923 4454//923 4625//923
f 4625//923 4454//923 4452//923
f 4625//924 4452//924 4626//673
f 4626//673 4452//924 4450//673
f 4626//674 4450//674 4627//674
f 4627//674 4450//674 4448//674
f 4627//965 4448//965 4628//676
f 4628//676 4448//965 4446//676
f 4628//677 4446//677 4629//677
f 4629//677 4446//677 4444//677
f 4629//678 4444//678 4522//678
f 4522//678 4444//678 4442//678
f 4610//679 4630//679 4611//679
f 4611//679 4630//679 4543//679
f 4611//515 4543//515 4545//515
f 4610//680 4607//680 4631//680
f 4631//680 4607//680 4612//680
f 4631//681 4612//681 4632//681
f 4632//681 4612//681 4613//682
f 4632//683 4613//683 4633//683
f 4633//683 4613//683 4614//683
f 4633//684 4614//684 4634//684
f 4634//684 4614//684 4615//684
f 4634//685 4615//685 4635//685
f 4635//685 4615//685 4616//685
f 4635//882 4616//882 4636//882
f 4636//882 4616//882 4617//882
f 4636//689 4617//689 4637//688
f 4637//688 4617//689 4618//688
f 4637//691 4618//691 4638//691
f 4638//691 4618//691 4619//691
f 4638//692 4619//692 4639//692
f 4639//692 4619//692 4620//692
f 4639//693 4620//693 4640//693
f 4640//693 4620//693 4621//693
f 4640//695 4621//695 4641//695
f 4641//695 4621//695 4622//695
f 4641//697 4622//697 4642//697
f 4642//697 4622//697 4623//697
f 4642//698 4623//698 4643//698
f 4643//698 4623//698 4624//698
f 4643//700 4624//700 4644//700
f 4644//700 4624//700 4625//700
f 4644//701 4625//701 4645//701
f 4645//701 4625//701 4626//701
f 4645//970 4626//702 4646//702
f 4646//702 4626//702 4627//702
f 4646//703 4627//703 4647//703
f 4647//703 4627//703 4628//703
f 4647//704 4628//704 4648//704
f 4648//704 4628//704 4629//704
f 4648//884 4629//706 4520//950
f 4520//950 4629//706 4522//950
f 4540//707 4541//707 4630//707
f 4630//513 4541//513 4543//513
f 4630//708 4610//708 4649//708
f 4649//708 4610//708 4631//708
f 4649//709 4631//709 4650//710
f 4650//710 4631//709 4632//710
f 4650//711 4632//711 4651//711
f 4651//711 4632//711 4633//711
f 4651//712 4633//712 4652//712
f 4652//712 4633//712 4634//712
f 4652//714 4634//714 4653//714
f 4653//714 4634//714 4635//714
f 4653//716 4635//716 4654//716
f 4654//716 4635//716 4636//716
f 4654//887 4636//887 4655//887
f 4655//887 4636//887 4637//718
f 4655//719 4637//719 4656//719
f 4656//719 4637//719 4638//719
f 4656//720 4638//720 4657//720
f 4657//720 4638//720 4639//720
f 4657//722 4639//722 4658//722
f 4658//722 4639//722 4640//722
f 4658//723 4640//723 4659//723
f 4659//723 4640//723 4641//723
f 4659//724 4641//724 4660//724
f 4660//724 4641//724 4642//724
f 4660//726 4642//726 4661//726
f 4661//726 4642//726 4643//726
f 4661//729 4643//729 4662//971
f 4662//971 4643//729 4644//728
f 4662//730 4644//730 4663//730
f 4663//730 4644//730 4645//730
f 4663//732 4645//732 4664//732
f 4664//732 4645//732 4646//732
f 4664//733 4646//733 4665//733
f 4665//733 4646//733 4647//733
f 4665//734 4647//734 4666//914
f 4666//914 4647//734 4648//914
f 4666//735 4648//735 4518//735
f 4518//735 4648//735 4520//735
f 4666//736 4518//736 4516//736
f 4666//736 4516//736 4515//736
f 4539//737 4540//737 4649//737
f 4649//707 4540//707 4630//707
f 4539//737 4649//737 4650//737
f 4538//889 4539//738 4650//738
f 4538//889 4650//738 4651//966
f 4537//739 4538//739 4651//739
f 4537//739 4651//739 4652//739
f 4536//740 4537//740 4652//740
f 4536//740 4652//740 4653//740
f 4535//741 4536//741 4653//741
f 4535//741 4653//741 4654//741
f 4534//742 4535//742 4654//742
f 4534//742 4654//742 4655//742
f 4533//743 4534//743 4655//743
f 4533//743 4655//743 4656//743
f 4532//744 4533//744 4656//744
f 4532//744 4656//744 4657//744
f 4531//745 4532//745 4657//745
f 4531//745 4657//745 4658//745
f 4530//746 4531//746 4658//746
f 4530//746 4658//746 4659//746
f 4529//747 4530//747 4659//747
f 4529//747 4659//747 4660//747
f 4528//748 4529//748 4660//748
f 4528//748 4660//748 4661//748
f 4527//749 4528//749 4661//749
f 4527//749 4661//749 4662//749
f 4526//751 4527//751 4662//751
f 4526//751 4662//751 4663//751
f 4525//752 4526//752 4663//752
f 4525//752 4663//752 4664//752
f 4524//753 4525//951 4664//951
f 4524//753 4664//951 4665//753
f 4515//754 4524//754 4665//754
f 4515//754 4665//754 4666//754
f 4667//755 4439//755 4668//755
f 4668//755 4439//755 4441//755
f 4668//756 4441//756 4669//756
f 4669//756 4441//756 4443//756
f 4669//757 4443//757 4670//757
f 4670//757 4443//757 4445//757
f 4670//758 4445//758 4671//758
f 4671//758 4445//758 4447//758
f 4671//759 4447//759 4672//759
f 4672//759 4447//759 4449//759
f 4672//760 4449//760 4673//760
f 4673//760 4449//760 4451//760
f 4673//761 4451//761 4674//761
f 4674//761 4451//761 4453//761
f 4674//762 4453//762 4675//762
f 4675//762 4453//762 4455//762
f 4675//763 4455//763 4676//763
f 4676//763 4455//763 4457//763
f 4676//764 4457//764 4677//764
f 4677//764 4457//764 4459//764
f 4677//765 4459//765 4678//765
f 4678//765 4459//765 4461//765
f 4678//766 4461//766 4679//766
f 4679//766 4461//766 4463//766
f 4679//767 4463//767 4680//767
f 4680//767 4463//767 4465//767
f 4680//768 4465//768 4681//768
f 4681//768 4465//768 4467//768
f 4681//769 4467//769 4682//769
f 4682//769 4467//769 4469//769
f 4682//770 4469//770 4683//770
f 4683//770 4469//770 4471//770
f 4683//771 4471//771 4684//771
f 4684//771 4471//771 4473//771
f 4684//772 4473//772 4685//772
f 4685//772 4473//772 4475//772
f 4685//773 4475//773 4686//773
f 4686//773 4475//773 4477//773
f 4686//774 4477//774 4687//774
f 4687//774 4477//774 4479//774
f 4687//775 4479//775 4688//775
f 4688//775 4479//775 4481//775
f 4688//776 4481//776 4689//776
f 4689//776 4481//776 4483//776
f 4689//777 4483//777 4690//777
f 4690//777 4483//777 4485//777
f 4690//778 4485//778 4691//778
f 4691//778 4485//778 4487//778
f 4691//779 4487//779 4692//779
f 4692//779 4487//779 4489//779
f 4692//780 4489//780 4693//780
f 4693//780 4489//780 4491//780
f 4693//781 4491//781 4694//781
f 4694//781 4491//781 4493//781
f 4694//782 4493//782 4695//782
f 4695//782 4493//782 4495//782
f 4695//783 4495//783 4696//783
f 4696//783 4495//783 4497//783
f 4696//784 4497//784 4697//784
f 4697//784 4497//784 4499//784
f 4697//785 4499//785 4698//785
f 4698//785 4499//785 4501//785
f 4698//786 4501//786 4699//786
f 4699//786 4501//786 4503//786
f 4699//787 4503//787 4700//787
f 4700//787 4503//787 4505//787
f 4700//788 4505//788 4701//788
f 4701//788 4505//788 4507//788
f 4701//789 4507//789 4702//789
f 4702//789 4507//789 4509//789
f 4702//790 4509//790 4703//790
f 4703//790 4509//790 4511//790
f 4703//791 4511//791 4704//791
f 4704//791 4511//791 4513//791
f 4704//792 4513//792 4667//792
f 4667//792 4513//792 4439//792
f 4705//1 4706//1 4707//1
f 4707//2 4706//2 4708//2
f 4707//3 4708//3 4709//3
f 4709//4 4708//4 4710//4
f 4709//4 4710//4 4711//4
f 4711//5 4710//5 4712//5
f 4711//5 4712//5 4713//6
f 4713//8 4712//8 4714//8
f 4713//8 4714//8 4715//8
f 4715//10 4714//9 4716//9
f 4715//10 4716//9 4717//10
f 4717//11 4716//12 4718//13
f 4717//11 4718//13 4719//14
f 4706//15 4705//15 4720//15
f 4720//16 4705//16 4721//16
f 4720//17 4721//17 4722//17
f 4722//18 4721//18 4723//18
f 4722//19 4723//19 4724//19
f 4724//20 4723//20 4725//20
f 4724//794 4725//794 4726//794
f 4726//22 4725//22 4727//22
f 4726//23 4727//23 4728//23
f 4728//795 4727//795 4729//795
f 4728//25 4729//25 4730//25
f 4730//26 4729//26 4731//26
f 4730//796 4731//796 4732//796
f 4732//28 4731//28 4733//28
f 4732//797 4733//797 4734//797
f 4734//30 4733//30 4735//30
f 4734//31 4735//32 4736//32
f 4736//33 4735//33 4737//33
f 4736//34 4737//35 4738//35
f 4738//36 4737//36 4739//36
f 4738//37 4739//37 4740//37
f 4740//38 4739//38 4741//38
f 4740//39 4741//39 4742//39
f 4742//40 4741//40 4743//40
f 4742//41 4743//41 4744//41
f 4744//798 4743//798 4745//798
f 4745//43 4743//43 4746//43
f 4745//44 4746//44 4747//44
f 4747//45 4746//45 4748//45
f 4747//46 4748//47 4749//48
f 4749//48 4748//47 4750//49
f 4749//50 4750//51 4751//52
f 4751//52 4750//51 4752//53
f 4751//54 4752//54 4753//54
f 4753//55 4752//55 4754//55
f 4753//55 4754//55 4755//55
f 4755//57 4754//58 4756//58
f 4755//57 4756//58 4757//57
f 4757//59 4756//59 4758//59
f 4757//59 4758//59 4759//59
f 4759//60 4758//60 4760//60
f 4759//60 4760//60 4761//60
f 4761//62 4760//62 4762//62
f 4761//63 4762//63 4763//63
f 4763//64 4762//64 4764//64
f 4763//65 4764//65 4765//65
f 4765//66 4764//66 4766//66
f 4765//67 4766//67 4767//67
f 4767//68 4766//68 4768//68
f 4767//69 4768//69 4769//69
f 4769//70 4768//70 4770//70
f 4769//71 4770//71 4771//71
f 4771//72 4770//72 4772//72
f 4771//73 4772//73 4773//73
f 4773//74 4772//74 4774//74
f 4773//75 4774//75 4775//75
f 4775//76 4774//76 4776//76
f 4775//77 4776//77 4777//77
f 4777//78 4776//78 4778//78
f 4777//79 4778//79 4779//79
f 4779//80 4778//80 4780//80
f 4779//81 4780//81 4781//81
f 4781//82 4780//82 4782//82
f 4781//84 4782//84 4783//84
f 4783//85 4782//85 4784//85
f 4783//86 4784//86 4785//86
f 4785//87 4784//87 4786//87
f 4785//89 4786//88 4787//89
f 4787//801 4786//801 4788//90
f 4787//91 4788//91 4789//91
f 4789//802 4788//802 4790//802
f 4790//803 4788//803 4791//803
f 4790//94 4791//94 4792//94
f 4792//95 4791//95 4793//95
f 4792//96 4793//894 4719//98
f 4719//98 4793//894 4717//99
f 4733//100 4794//100 4735//100
f 4735//101 4794//101 4795//101
f 4735//33 4795//33 4737//33
f 4737//805 4795//805 4796//805
f 4737//36 4796//36 4739//36
f 4739//104 4796//104 4797//104
f 4739//38 4797//38 4741//38
f 4741//106 4797//106 4798//106
f 4741//40 4798//40 4743//40
f 4743//107 4798//107 4746//107
f 4794//108 4799//108 4795//108
f 4795//109 4799//109 4800//109
f 4795//805 4800//805 4796//805
f 4796//111 4800//111 4801//111
f 4796//104 4801//104 4797//104
f 4797//119 4801//119 4802//112
f 4797//106 4802//106 4798//106
f 4798//113 4802//113 4803//806
f 4798//107 4803//107 4746//107
f 4746//114 4803//114 4748//114
f 4799//115 4804//115 4800//115
f 4800//116 4804//116 4805//116
f 4800//111 4805//111 4801//111
f 4801//117 4805//117 4806//808
f 4801//119 4806//112 4802//112
f 4802//120 4806//120 4807//120
f 4802//113 4807//806 4803//806
f 4803//121 4807//121 4808//121
f 4803//114 4808//114 4748//114
f 4748//123 4808//123 4750//122
f 4804//124 4809//124 4805//124
f 4805//125 4809//125 4810//125
f 4805//117 4810//808 4806//808
f 4806//126 4810//126 4811//126
f 4806//120 4811//120 4807//120
f 4807//127 4811//127 4812//127
f 4807//121 4812//121 4808//121
f 4808//129 4812//129 4813//809
f 4808//123 4813//122 4750//122
f 4750//130 4813//130 4752//130
f 4809//131 4814//131 4810//131
f 4810//132 4814//132 4815//132
f 4810//126 4815//126 4811//126
f 4811//133 4815//133 4816//139
f 4811//127 4816//127 4812//127
f 4812//134 4816//134 4817//134
f 4812//129 4817//809 4813//809
f 4813//136 4817//136 4754//136
f 4813//130 4754//130 4752//130
f 4814//137 4818//137 4815//137
f 4815//138 4818//138 4819//138
f 4815//133 4819//139 4816//139
f 4816//140 4819//140 4820//140
f 4816//134 4820//134 4817//134
f 4817//141 4820//141 4756//141
f 4817//136 4756//136 4754//136
f 4818//142 4821//142 4819//142
f 4819//143 4821//143 4822//143
f 4819//140 4822//140 4820//140
f 4820//144 4822//144 4758//144
f 4820//141 4758//141 4756//141
f 4821//145 4823//145 4822//145
f 4822//146 4823//146 4760//146
f 4822//144 4760//144 4758//144
f 4823//62 4762//62 4760//62
f 4778//147 4824//147 4780//147
f 4780//810 4824//810 4825//810
f 4780//82 4825//82 4782//82
f 4782//150 4825//150 4826//150
f 4782//85 4826//85 4784//85
f 4784//151 4826//151 4827//151
f 4784//87 4827//87 4786//87
f 4786//153 4827//153 4828//153
f 4786//801 4828//90 4788//90
f 4788//155 4828//155 4791//155
f 4824//156 4829//156 4825//156
f 4825//157 4829//157 4830//157
f 4825//150 4830//150 4826//150
f 4826//811 4830//811 4831//159
f 4826//151 4831//151 4827//151
f 4827//160 4831//160 4832//160
f 4827//153 4832//153 4828//153
f 4828//162 4832//162 4833//162
f 4828//155 4833//155 4791//155
f 4791//812 4833//812 4793//163
f 4829//813 4834//813 4830//813
f 4830//165 4834//165 4835//165
f 4830//811 4835//159 4831//159
f 4831//168 4835//168 4836//168
f 4831//160 4836//814 4832//160
f 4832//815 4836//169 4837//169
f 4832//162 4837//162 4833//162
f 4833//928 4837//170 4838//817
f 4833//812 4838//163 4793//163
f 4793//171 4838//171 4717//171
f 4834//172 4839//172 4835//172
f 4835//816 4839//816 4840//816
f 4835//168 4840//168 4836//168
f 4836//174 4840//174 4841//174
f 4836//169 4841//169 4837//169
f 4837//175 4841//175 4842//175
f 4837//170 4842//817 4838//817
f 4838//176 4842//176 4715//176
f 4838//171 4715//171 4717//171
f 4839//177 4843//177 4840//177
f 4840//178 4843//178 4844//178
f 4840//174 4844//174 4841//174
f 4841//179 4844//179 4845//179
f 4841//175 4845//175 4842//175
f 4842//182 4845//182 4713//182
f 4842//176 4713//176 4715//176
f 4843//183 4846//183 4844//183
f 4844//184 4846//184 4847//184
f 4844//179 4847//179 4845//179
f 4845//185 4847//185 4711//185
f 4845//182 4711//182 4713//182
f 4846//186 4848//186 4847//186
f 4847//187 4848//187 4709//187
f 4847//185 4709//185 4711//185
f 4848//188 4707//188 4709//188
f 4789//818 4849//818 4787//818
f 4787//190 4849//190 4850//190
f 4787//89 4850//89 4785//89
f 4785//191 4850//191 4851//191
f 4785//86 4851//86 4783//86
f 4783//194 4851//194 4852//194
f 4783//84 4852//84 4781//84
f 4781//198 4852//198 4853//197
f 4781//81 4853//81 4779//81
f 4779//200 4853//199 4777//199
f 4849//201 4854//201 4850//201
f 4850//202 4854//202 4855//202
f 4850//191 4855//191 4851//191
f 4851//203 4855//203 4856//203
f 4851//194 4856//194 4852//194
f 4852//205 4856//205 4857//204
f 4852//198 4857//197 4853//197
f 4853//206 4857//206 4858//206
f 4853//199 4858//199 4777//199
f 4777//207 4858//207 4775//207
f 4854//208 4859//208 4855//208
f 4855//209 4859//209 4860//209
f 4855//203 4860//203 4856//203
f 4856//210 4860//210 4861//210
f 4856//205 4861//204 4857//204
f 4857//211 4861//211 4862//211
f 4857//206 4862//206 4858//206
f 4858//214 4862//214 4863//213
f 4858//207 4863//207 4775//207
f 4775//820 4863//820 4773//820
f 4859//216 4864//216 4860//216
f 4860//217 4864//217 4865//217
f 4860//210 4865//210 4861//210
f 4861//218 4865//218 4866//218
f 4861//211 4866//211 4862//211
f 4862//220 4866//220 4867//220
f 4862//214 4867//213 4863//213
f 4863//222 4867//222 4868//222
f 4863//820 4868//820 4773//820
f 4773//821 4868//821 4771//223
f 4864//225 4869//225 4865//225
f 4865//226 4869//226 4870//226
f 4865//218 4870//218 4866//218
f 4866//227 4870//227 4871//227
f 4866//220 4871//220 4867//220
f 4867//228 4871//228 4872//228
f 4867//222 4872//222 4868//222
f 4868//229 4872//229 4873//229
f 4868//821 4873//223 4771//223
f 4771//230 4873//230 4769//230
f 4869//231 4874//231 4870//231
f 4870//232 4874//232 4875//232
f 4870//227 4875//227 4871//227
f 4871//233 4875//233 4876//233
f 4871//228 4876//228 4872//228
f 4872//234 4876//234 4877//234
f 4872//229 4877//229 4873//229
f 4873//236 4877//236 4878//824
f 4873//230 4878//899 4769//230
f 4769//237 4878//237 4767//237
f 4874//238 4879//238 4875//238
f 4875//239 4879//239 4880//239
f 4875//233 4880//233 4876//233
f 4876//240 4880//240 4881//240
f 4876//234 4881//234 4877//234
f 4877//242 4881//242 4882//242
f 4877//236 4882//824 4878//824
f 4878//244 4882//244 4883//244
f 4878//237 4883//237 4767//237
f 4767//825 4883//825 4765//246
f 4879//247 4884//247 4880//247
f 4880//248 4884//248 4885//248
f 4880//240 4885//240 4881//240
f 4881//249 4885//249 4886//249
f 4881//242 4886//242 4882//242
f 4882//915 4886//915 4887//250
f 4882//244 4887//244 4883//244
f 4883//251 4887//251 4888//251
f 4883//825 4888//246 4765//246
f 4765//252 4888//252 4763//252
f 4884//253 4889//253 4885//253
f 4885//254 4889//254 4890//254
f 4885//249 4890//249 4886//249
f 4886//255 4890//255 4891//255
f 4886//915 4891//250 4887//250
f 4887//256 4891//256 4892//256
f 4887//251 4892//251 4888//251
f 4888//257 4892//257 4893//257
f 4888//252 4893//252 4763//252
f 4763//258 4893//258 4761//258
f 4889//826 4894//826 4890//826
f 4890//260 4894//260 4895//260
f 4890//255 4895//255 4891//255
f 4891//261 4895//261 4896//261
f 4891//256 4896//256 4892//256
f 4892//827 4896//827 4897//262
f 4892//257 4897//257 4893//257
f 4893//263 4897//263 4759//263
f 4893//258 4759//258 4761//258
f 4894//264 4898//264 4895//264
f 4895//265 4898//265 4899//265
f 4895//261 4899//261 4896//261
f 4896//266 4899//266 4900//266
f 4896//827 4900//262 4897//262
f 4897//267 4900//267 4757//267
f 4897//263 4757//263 4759//263
f 4898//268 4901//269 4899//270
f 4899//270 4901//269 4902//271
f 4899//266 4902//266 4900//266
f 4900//272 4902//272 4755//272
f 4900//267 4755//267 4757//267
f 4901//273 4903//274 4902//275
f 4902//275 4903//274 4753//276
f 4902//272 4753//272 4755//272
f 4903//828 4751//54 4753//54
f 4744//277 4904//277 4742//277
f 4742//278 4904//278 4905//278
f 4742//39 4905//39 4740//39
f 4740//279 4905//279 4906//279
f 4740//37 4906//37 4738//37
f 4738//280 4906//280 4907//281
f 4738//35 4907//282 4736//34
f 4736//283 4907//283 4908//283
f 4736//32 4908//31 4734//31
f 4734//284 4908//284 4732//284
f 4904//285 4909//285 4905//285
f 4905//286 4909//286 4910//286
f 4905//279 4910//279 4906//279
f 4906//287 4910//287 4911//287
f 4906//280 4911//281 4907//281
f 4907//289 4911//289 4912//289
f 4907//283 4912//283 4908//283
f 4908//290 4912//291 4913//291
f 4908//284 4913//284 4732//284
f 4732//292 4913//292 4730//292
f 4909//294 4914//294 4910//294
f 4910//295 4914//295 4915//295
f 4910//287 4915//287 4911//287
f 4911//296 4915//296 4916//296
f 4911//289 4916//289 4912//289
f 4912//298 4916//298 4917//298
f 4912//291 4917//291 4913//291
f 4913//299 4917//299 4918//299
f 4913//292 4918//292 4730//292
f 4730//300 4918//300 4728//300
f 4914//302 4919//302 4915//302
f 4915//303 4919//303 4920//303
f 4915//296 4920//296 4916//296
f 4916//304 4920//304 4921//304
f 4916//298 4921//298 4917//298
f 4917//306 4921//306 4922//306
f 4917//299 4922//299 4918//299
f 4918//307 4922//307 4923//307
f 4918//300 4923//300 4728//300
f 4728//308 4923//308 4726//309
f 4919//310 4924//310 4920//310
f 4920//311 4924//311 4925//311
f 4920//304 4925//304 4921//304
f 4921//312 4925//312 4926//312
f 4921//306 4926//306 4922//306
f 4922//313 4926//313 4927//313
f 4922//307 4927//307 4923//307
f 4923//315 4927//315 4928//314
f 4923//308 4928//829 4726//309
f 4726//317 4928//316 4724//316
f 4924//318 4929//318 4925//318
f 4925//319 4929//319 4930//319
f 4925//312 4930//312 4926//312
f 4926//321 4930//321 4931//320
f 4926//313 4931//313 4927//313
f 4927//322 4931//322 4932//322
f 4927//315 4932//314 4928//314
f 4928//323 4932//323 4933//323
f 4928//316 4933//316 4724//316
f 4724//324 4933//324 4722//324
f 4929//325 4934//325 4930//325
f 4930//326 4934//326 4935//326
f 4930//321 4935//320 4931//320
f 4931//327 4935//327 4936//327
f 4931//322 4936//322 4932//322
f 4932//330 4936//330 4937//330
f 4932//323 4937//323 4933//323
f 4933//331 4937//331 4938//331
f 4933//324 4938//324 4722//324
f 4722//333 4938//333 4720//332
f 4934//334 4939//334 4935//334
f 4935//335 4939//335 4940//335
f 4935//327 4940//327 4936//327
f 4936//830 4940//830 4941//336
f 4936//330 4941//330 4937//330
f 4937//337 4941//337 4942//337
f 4937//331 4942//831 4938//331
f 4938//338 4942//338 4943//338
f 4938//333 4943//332 4720//332
f 4720//339 4943//339 4706//339
f 4939//832 4944//832 4940//832
f 4940//341 4944//341 4945//341
f 4940//830 4945//336 4941//336
f 4941//342 4945//342 4946//342
f 4941//337 4946//337 4942//337
f 4942//343 4946//344 4947//344
f 4942//338 4947//338 4943//338
f 4943//345 4947//345 4948//345
f 4943//339 4948//339 4706//339
f 4706//346 4948//346 4708//346
f 4944//833 4949//833 4945//833
f 4945//834 4949//834 4950//834
f 4945//342 4950//342 4946//342
f 4946//349 4950//349 4951//349
f 4946//344 4951//344 4947//344
f 4947//350 4951//350 4952//350
f 4947//345 4952//345 4948//345
f 4948//351 4952//351 4710//352
f 4948//346 4710//346 4708//346
f 4949//353 4953//353 4950//353
f 4950//354 4953//354 4954//354
f 4950//349 4954//349 4951//349
f 4951//355 4954//355 4955//355
f 4951//350 4955//350 4952//350
f 4952//356 4955//356 4712//356
f 4952//351 4712//352 4710//352
f 4953//358 4956//359 4954//902
f 4954//902 4956//359 4957//361
f 4954//355 4957//355 4955//355
f 4955//363 4957//363 4714//363
f 4955//356 4714//356 4712//356
f 4956//835 4718//365 4957//366
f 4957//366 4718//365 4716//367
f 4957//363 4716//363 4714//363
f 4958//368 4959//368 4718//368
f 4718//368 4959//368 4960//368
f 4718//368 4960//368 4719//368
f 4719//368 4960//368 4961//368
f 4719//368 4961//368 4792//368
f 4792//368 4961//368 4962//368
f 4792//368 4962//368 4790//368
f 4790//368 4962//368 4963//368
f 4790//368 4963//368 4789//368
f 4789//368 4963//368 4964//368
f 4789//368 4964//368 4849//368
f 4849//368 4964//368 4965//368
f 4849//368 4965//368 4854//368
f 4854//368 4965//368 4966//368
f 4854//368 4966//368 4859//368
f 4859//368 4966//368 4967//368
f 4859//368 4967//368 4864//368
f 4864//368 4967//368 4968//368
f 4864//368 4968//368 4869//368
f 4869//368 4968//368 4969//368
f 4869//368 4969//368 4874//368
f 4874//368 4969//368 4970//368
f 4874//368 4970//368 4879//368
f 4879//368 4970//368 4971//368
f 4879//368 4971//368 4884//368
f 4884//368 4971//368 4972//368
f 4884//368 4972//368 4889//368
f 4889//368 4972//368 4973//368
f 4889//368 4973//368 4894//368
f 4894//368 4973//368 4974//368
f 4894//368 4974//368 4898//368
f 4898//368 4974//368 4975//368
f 4898//368 4975//368 4901//368
f 4901//368 4975//368 4976//368
f 4901//368 4976//368 4903//368
f 4903//368 4976//368 4977//368
f 4903//368 4977//368 4751//368
f 4751//368 4977//368 4978//368
f 4751//368 4978//368 4749//368
f 4749//368 4978//368 4979//368
f 4749//368 4979//368 4747//368
f 4747//368 4979//368 4980//368
f 4747//368 4980//368 4745//368
f 4745//368 4980//368 4981//368
f 4745//368 4981//368 4744//368
f 4744//368 4981//368 4982//368
f 4744//368 4982//368 4904//368
f 4904//368 4982//368 4983//368
f 4904//368 4983//368 4909//368
f 4909//368 4983//368 4984//368
f 4909//368 4984//368 4914//368
f 4914//368 4984//368 4985//368
f 4914//368 4985//368 4919//368
f 4919//368 4985//368 4986//368
f 4919//368 4986//368 4924//368
f 4924//368 4986//368 4987//368
f 4924//368 4987//368 4929//368
f 4929//368 4987//368 4988//368
f 4929//368 4988//368 4934//368
f 4934//368 4988//368 4989//368
f 4934//368 4989//368 4939//368
f 4939//368 4989//368 4990//368
f 4939//368 4990//368 4944//368
f 4944//368 4990//368 4991//368
f 4944//368 4991//368 4949//368
f 4949//368 4991//368 4992//368
f 4949//368 4992//368 4953//368
f 4953//368 4992//368 4993//368
f 4953//368 4993//368 4956//368
f 4956//368 4993//368 4958//368
f 4956//368 4958//368 4718//368
f 4994//369 4705//369 4995//369
f 4995//369 4705//369 4707//369
f 4995//370 4707//370 4996//370
f 4996//370 4707//370 4848//370
f 4996//371 4848//371 4997//371
f 4997//371 4848//371 4846//371
f 4997//372 4846//372 4998//372
f 4998//372 4846//372 4843//372
f 4998//373 4843//373 4999//373
f 4999//373 4843//373 4839//373
f 4999//374 4839//374 5000//374
f 5000//374 4839//374 4834//374
f 5000//375 4834//375 5001//375
f 5001//375 4834//375 4829//375
f 5001//376 4829//376 5002//376
f 5002//376 4829//376 4824//376
f 5002//377 4824//377 5003//377
f 5003//377 4824//377 4778//377
f 5003//378 4778//378 5004//378
f 5004//378 4778//378 4776//378
f 5004//379 4776//379 5005//379
f 5005//379 4776//379 4774//379
f 5005//380 4774//380 5006//380
f 5006//380 4774//380 4772//380
f 5006//381 4772//381 5007//381
f 5007//381 4772//381 4770//381
f 5007//382 4770//382 5008//382
f 5008//382 4770//382 4768//382
f 5008//383 4768//383 5009//383
f 5009//383 4768//383 4766//383
f 5009//384 4766//384 5010//384
f 5010//384 4766//384 4764//384
f 5010//385 4764//385 5011//385
f 5011//385 4764//385 4762//385
f 5011//386 4762//386 5012//386
f 5012//386 4762//386 4823//386
f 5012//387 4823//387 5013//387
f 5013//387 4823//387 4821//387
f 5013//388 4821//388 5014//388
f 5014//388 4821//388 4818//388
f 5014//389 4818//389 5015//389
f 5015//389 4818//389 4814//389
f 5015//390 4814//390 5016//390
f 5016//390 4814//390 4809//390
f 5016//391 4809//391 5017//391
f 5017//391 4809//391 4804//391
f 5017//392 4804//392 5018//392
f 5018//392 4804//392 4799//392
f 5018//393 4799//393 5019//393
f 5019//393 4799//393 4794//393
f 5019//394 4794//394 5020//394
f 5020//394 4794//394 4733//394
f 5020//395 4733//395 5021//395
f 5021//395 4733//395 4731//395
f 5021//396 4731//396 5022//396
f 5022//396 4731//396 4729//396
f 5022//397 4729//397 5023//397
f 5023//397 4729//397 4727//397
f 5023//398 4727//398 5024//398
f 5024//398 4727//398 4725//398
f 5024//399 4725//399 5025//399
f 5025//399 4725//399 4723//399
f 5025//400 4723//400 5026//400
f 5026//400 4723//400 4721//400
f 5026//401 4721//401 4994//401
f 4994//401 4721//401 4705//401
f 5027//402 5028//402 5029//402
f 5029//402 5028//402 5030//402
f 5029//403 5030//403 5031//403
f 5031//403 5030//403 5032//403
f 5031//404 5032//404 5033//404
f 5033//404 5032//404 5034//404
f 5033//405 5034//405 5035//405
f 5035//405 5034//405 5036//405
f 5035//406 5036//406 5037//406
f 5037//406 5036//406 5038//406
f 5037//408 5038//408 5039//408
f 5039//408 5038//408 5040//408
f 5039//410 5040//410 5041//409
f 5041//409 5040//410 5042//409
f 5041//411 5042//411 5043//411
f 5043//411 5042//411 5044//411
f 5043//836 5044//836 5045//412
f 5045//412 5044//836 5046//412
f 5045//837 5046//837 5047//837
f 5047//837 5046//837 5048//837
f 5047//416 5048//416 5049//416
f 5049//416 5048//416 5050//416
f 5049//419 5050//419 5051//418
f 5051//418 5050//419 5052//418
f 5051//420 5052//420 5053//421
f 5053//421 5052//420 5054//421
f 5053//972 5054//422 5055//422
f 5055//422 5054//422 5056//422
f 5055//423 5056//423 5057//423
f 5057//423 5056//423 5058//838
f 5057//426 5058//426 5059//426
f 5059//426 5058//426 5060//426
f 5059//427 5060//427 5061//427
f 5061//427 5060//427 5062//427
f 5061//428 5062//428 5063//428
f 5063//428 5062//428 5064//428
f 5063//429 5064//429 5065//429
f 5065//429 5064//429 5066//429
f 5065//430 5066//430 5067//430
f 5067//430 5066//430 5068//430
f 5067//431 5068//431 5069//431
f 5069//431 5068//431 5070//431
f 5069//432 5070//432 5071//432
f 5071//432 5070//432 5072//432
f 5071//433 5072//433 5073//433
f 5073//433 5072//433 5074//433
f 5073//434 5074//434 5075//434
f 5075//434 5074//434 5076//434
f 5075//435 5076//435 5077//435
f 5077//435 5076//435 5078//435
f 5077//438 5078//438 5079//437
f 5079//437 5078//438 5080//437
f 5079//439 5080//439 5081//439
f 5081//439 5080//439 5082//439
f 5081//839 5082//839 5083//839
f 5083//839 5082//839 5084//440
f 5083//840 5084//840 5085//840
f 5085//840 5084//840 5086//441
f 5085//841 5086//841 5087//841
f 5087//841 5086//841 5088//841
f 5087//446 5088//446 5089//446
f 5089//446 5088//446 5090//842
f 5089//447 5090//447 5091//447
f 5091//447 5090//447 5092//447
f 5091//449 5092//449 5093//449
f 5093//449 5092//449 5094//449
f 5093//450 5094//450 5095//844
f 5095//844 5094//450 5096//844
f 5095//452 5096//452 5097//452
f 5097//452 5096//452 5098//452
f 5097//454 5098//454 5099//454
f 5099//454 5098//454 5100//454
f 5099//455 5100//455 5101//455
f 5101//455 5100//455 5102//455
f 5101//457 5102//457 5027//457
f 5027//457 5102//457 5028//457
f 4958//458 5103//459 4959//460
f 4959//460 5103//459 5104//461
f 4959//462 5104//463 5105//464
f 5105//465 5104//465 5106//465
f 5105//465 5106//465 5107//465
f 5107//466 5106//466 5108//466
f 5107//466 5108//466 5109//466
f 5109//845 5108//467 5110//467
f 5109//845 5110//467 5111//845
f 5111//468 5110//468 5030//468
f 5111//468 5030//468 5028//468
f 5103//469 4958//470 5112//471
f 5112//471 4958//470 4993//472
f 5112//473 4993//473 5113//473
f 5113//474 4993//474 4992//474
f 5113//846 4992//846 5114//846
f 5114//476 4992//476 4991//476
f 5114//477 4991//477 5115//477
f 5115//478 4991//478 4990//478
f 5115//847 4990//847 5116//847
f 5116//848 4990//848 4989//848
f 5116//849 4989//849 5117//849
f 5117//482 4989//482 4988//482
f 5117//483 4988//483 5118//483
f 5118//484 4988//484 4987//484
f 5118//485 4987//485 5119//485
f 5119//486 4987//486 4986//486
f 5119//487 4986//487 5120//487
f 5120//488 4986//488 4985//488
f 5120//489 4985//489 5121//489
f 5121//490 4985//490 4984//490
f 5121//491 4984//491 5122//491
f 5122//492 4984//492 4983//492
f 5122//850 4983//850 5123//850
f 5123//851 4983//851 4982//851
f 5123//852 4982//852 5124//852
f 5124//496 4982//496 4981//496
f 5124//497 4981//497 5125//497
f 5125//498 4981//498 4980//498
f 5125//853 4980//853 5126//853
f 5126//500 4980//500 4979//500
f 5126//501 4979//501 5127//501
f 5127//502 4979//503 4978//504
f 5127//502 4978//504 5128//505
f 5128//506 4978//507 4977//508
f 5128//506 4977//508 5129//509
f 5129//510 4977//511 5130//512
f 5129//513 5130//513 5131//513
f 5131//514 5130//514 5132//514
f 5131//515 5132//515 5133//515
f 5133//516 5132//516 5134//516
f 5133//517 5134//517 5135//517
f 5135//518 5134//518 5136//518
f 5135//519 5136//519 5076//519
f 5076//905 5136//905 5078//520
f 4977//511 4976//522 5130//512
f 5130//523 4976//524 5137//525
f 5130//514 5137//514 5132//514
f 5132//854 5137//854 5138//526
f 5132//516 5138//516 5134//516
f 5134//528 5138//528 5139//527
f 5134//518 5139//518 5136//518
f 5136//529 5139//529 5140//529
f 5136//905 5140//520 5078//520
f 5078//530 5140//530 5080//856
f 4976//524 4975//532 5137//525
f 5137//533 4975//533 5141//533
f 5137//854 5141//526 5138//526
f 5138//534 5141//534 5142//534
f 5138//528 5142//527 5139//527
f 5139//535 5142//535 5143//536
f 5139//529 5143//529 5140//529
f 5140//855 5143//855 5144//537
f 5140//530 5144//856 5080//856
f 5080//539 5144//539 5082//973
f 4975//540 4974//540 5141//540
f 5141//857 4974//857 5145//857
f 5141//534 5145//534 5142//534
f 5142//542 5145//542 5146//542
f 5142//535 5146//536 5143//536
f 5143//543 5146//543 5147//858
f 5143//855 5147//537 5144//537
f 5144//859 5147//859 5148//859
f 5144//539 5148//973 5082//973
f 5082//545 5148//545 5084//545
f 4974//546 4973//546 5145//546
f 5145//547 4973//547 5149//547
f 5145//542 5149//542 5146//542
f 5146//548 5149//548 5150//548
f 5146//543 5150//858 5147//858
f 5147//550 5150//550 5151//550
f 5147//859 5151//859 5148//859
f 5148//552 5151//552 5152//552
f 5148//545 5152//545 5084//545
f 5084//862 5152//554 5086//917
f 4973//555 4972//555 5149//555
f 5149//863 4972//863 5153//863
f 5149//548 5153//548 5150//548
f 5150//557 5153//557 5154//557
f 5150//550 5154//550 5151//550
f 5151//558 5154//558 5155//558
f 5151//552 5155//552 5152//552
f 5152//559 5155//559 5156//559
f 5152//554 5156//553 5086//917
f 5086//560 5156//560 5088//560
f 4972//864 4971//864 5153//864
f 5153//865 4971//865 5157//865
f 5153//557 5157//557 5154//557
f 5154//563 5157//563 5158//563
f 5154//558 5158//558 5155//558
f 5155//564 5158//564 5159//564
f 5155//559 5159//559 5156//559
f 5156//566 5159//566 5160//566
f 5156//560 5160//560 5088//560
f 5088//943 5160//943 5090//943
f 4971//568 4970//568 5157//568
f 5157//569 4970//569 5161//569
f 5157//563 5161//563 5158//563
f 5158//571 5161//571 5162//571
f 5158//564 5162//564 5159//564
f 5159//572 5162//572 5163//572
f 5159//566 5163//566 5160//566
f 5160//574 5163//574 5164//574
f 5160//943 5164//943 5090//943
f 5090//575 5164//575 5092//576
f 4970//577 4969//577 5161//577
f 5161//578 4969//578 5165//578
f 5161//571 5165//571 5162//571
f 5162//579 5165//579 5166//579
f 5162//572 5166//572 5163//572
f 5163//581 5166//581 5167//580
f 5163//574 5167//574 5164//574
f 5164//582 5167//582 5168//582
f 5164//575 5168//576 5092//576
f 5092//583 5168//583 5094//583
f 4969//584 4968//584 5165//584
f 5165//585 4968//585 5169//585
f 5165//579 5169//579 5166//579
f 5166//587 5169//587 5170//587
f 5166//581 5170//580 5167//580
f 5167//588 5170//588 5171//588
f 5167//582 5171//582 5168//582
f 5168//589 5171//589 5172//589
f 5168//583 5172//583 5094//583
f 5094//591 5172//591 5096//869
f 4968//593 4967//593 5169//593
f 5169//594 4967//594 5173//594
f 5169//587 5173//587 5170//587
f 5170//595 5173//595 5174//595
f 5170//588 5174//588 5171//588
f 5171//596 5174//596 5175//596
f 5171//589 5175//589 5172//589
f 5172//944 5175//944 5176//598
f 5172//591 5176//592 5096//869
f 5096//599 5176//599 5098//918
f 4967//601 4966//601 5173//601
f 5173//602 4966//602 5177//602
f 5173//595 5177//595 5174//595
f 5174//603 5177//603 5178//603
f 5174//596 5178//596 5175//596
f 5175//974 5178//974 5179//604
f 5175//944 5179//598 5176//598
f 5176//607 5179//607 5180//607
f 5176//599 5180//918 5098//918
f 5098//608 5180//608 5100//608
f 4966//609 4965//609 5177//609
f 5177//870 4965//870 5181//870
f 5177//603 5181//603 5178//603
f 5178//611 5181//611 5182//611
f 5178//974 5182//604 5179//604
f 5179//919 5182//919 5183//613
f 5179//607 5183//607 5180//607
f 5180//615 5183//615 5184//615
f 5180//608 5184//608 5100//608
f 5100//616 5184//616 5102//616
f 4965//873 4964//873 5181//873
f 5181//874 4964//874 5185//874
f 5181//611 5185//611 5182//611
f 5182//619 5185//619 5186//619
f 5182//919 5186//613 5183//613
f 5183//620 5186//620 5187//875
f 5183//615 5187//615 5184//615
f 5184//621 5187//621 5188//621
f 5184//616 5188//616 5102//616
f 5102//622 5188//622 5028//622
f 4964//623 4963//623 5185//623
f 5185//624 4963//624 5189//624
f 5185//619 5189//619 5186//619
f 5186//625 5189//625 5190//625
f 5186//620 5190//875 5187//875
f 5187//626 5190//626 5191//626
f 5187//621 5191//621 5188//621
f 5188//629 5191//629 5111//628
f 5188//622 5111//622 5028//622
f 4963//630 4962//630 5189//630
f 5189//876 4962//876 5192//876
f 5189//625 5192//625 5190//625
f 5190//632 5192//632 5193//632
f 5190//626 5193//626 5191//626
f 5191//634 5193//634 5109//634
f 5191//629 5109//628 5111//628
f 4962//635 4961//635 5192//635
f 5192//636 4961//636 5194//636
f 5192//632 5194//920 5193//632
f 5193//637 5194//637 5107//637
f 5193//634 5107//634 5109//634
f 4961//638 4960//639 5194//640
f 5194//640 4960//639 5105//641
f 5194//637 5105//637 5107//637
f 4960//642 4959//462 5105//464
f 5068//643 5195//643 5070//643
f 5070//643 5195//643 5196//643
f 5070//644 5196//644 5072//644
f 5072//644 5196//644 5197//644
f 5072//877 5197//877 5074//645
f 5074//645 5197//877 5135//645
f 5074//519 5135//519 5076//519
f 5195//646 5198//646 5196//878
f 5196//878 5198//646 5199//878
f 5196//647 5199//647 5197//648
f 5197//648 5199//647 5133//648
f 5197//517 5133//517 5135//517
f 5195//649 5068//649 5200//649
f 5200//649 5068//649 5066//649
f 5200//650 5066//650 5201//650
f 5201//650 5066//650 5064//650
f 5201//907 5064//907 5202//651
f 5202//651 5064//907 5062//651
f 5202//652 5062//652 5203//652
f 5203//652 5062//652 5060//652
f 5203//653 5060//653 5204//654
f 5204//654 5060//653 5058//654
f 5204//921 5058//656 5205//656
f 5205//656 5058//656 5056//656
f 5205//657 5056//657 5206//657
f 5206//657 5056//657 5054//657
f 5206//658 5054//658 5207//659
f 5207//659 5054//658 5052//659
f 5207//660 5052//660 5208//909
f 5208//909 5052//660 5050//909
f 5208//662 5050//662 5209//662
f 5209//662 5050//662 5048//662
f 5209//664 5048//664 5210//879
f 5210//879 5048//664 5046//879
f 5210//665 5046//665 5211//666
f 5211//666 5046//665 5044//666
f 5211//668 5044//668 5212//668
f 5212//668 5044//668 5042//668
f 5212//671 5042//671 5213//671
f 5213//671 5042//671 5040//671
f 5213//673 5040//673 5214//924
f 5214//924 5040//673 5038//924
f 5214//674 5038//674 5215//674
f 5215//674 5038//674 5036//674
f 5215//676 5036//676 5216//676
f 5216//676 5036//676 5034//676
f 5216//677 5034//677 5217//677
f 5217//677 5034//677 5032//677
f 5217//678 5032//678 5110//678
f 5110//678 5032//678 5030//678
f 5198//679 5218//679 5199//679
f 5199//679 5218//679 5131//679
f 5199//515 5131//515 5133//515
f 5198//680 5195//680 5219//881
f 5219//881 5195//680 5200//881
f 5219//681 5200//682 5220//682
f 5220//682 5200//682 5201//682
f 5220//683 5201//683 5221//683
f 5221//683 5201//683 5202//683
f 5221//684 5202//684 5222//684
f 5222//684 5202//684 5203//684
f 5222//685 5203//685 5223//685
f 5223//685 5203//685 5204//685
f 5223//686 5204//686 5224//686
f 5224//686 5204//686 5205//686
f 5224//689 5205//689 5225//689
f 5225//689 5205//689 5206//689
f 5225//691 5206//691 5226//691
f 5226//691 5206//691 5207//691
f 5226//692 5207//692 5227//692
f 5227//692 5207//692 5208//692
f 5227//693 5208//693 5228//693
f 5228//693 5208//693 5209//694
f 5228//695 5209//695 5229//695
f 5229//695 5209//695 5210//695
f 5229//697 5210//697 5230//697
f 5230//697 5210//697 5211//697
f 5230//698 5211//698 5231//698
f 5231//698 5211//698 5212//699
f 5231//700 5212//700 5232//883
f 5232//883 5212//700 5213//883
f 5232//701 5213//701 5233//701
f 5233//701 5213//701 5214//701
f 5233//702 5214//702 5234//702
f 5234//702 5214//702 5215//702
f 5234//703 5215//703 5235//703
f 5235//703 5215//703 5216//703
f 5235//704 5216//704 5236//705
f 5236//705 5216//704 5217//705
f 5236//884 5217//884 5108//706
f 5108//706 5217//884 5110//706
f 5128//707 5129//707 5218//707
f 5218//513 5129//513 5131//513
f 5218//708 5198//708 5237//708
f 5237//708 5198//708 5219//708
f 5237//709 5219//709 5238//709
f 5238//709 5219//709 5220//709
f 5238//711 5220//711 5239//711
f 5239//711 5220//711 5221//711
f 5239//885 5221//885 5240//712
f 5240//712 5221//885 5222//712
f 5240//713 5222//713 5241//714
f 5241//714 5222//713 5223//714
f 5241//715 5223//715 5242//716
f 5242//716 5223//715 5224//716
f 5242//887 5224//887 5243//718
f 5243//718 5224//887 5225//717
f 5243//719 5225//719 5244//719
f 5244//719 5225//719 5226//719
f 5244//720 5226//720 5245//720
f 5245//720 5226//720 5227//720
f 5245//722 5227//722 5246//722
f 5246//722 5227//722 5228//722
f 5246//723 5228//723 5247//723
f 5247//723 5228//723 5229//723
f 5247//724 5229//724 5248//724
f 5248//724 5229//724 5230//724
f 5248//725 5230//725 5249//726
f 5249//726 5230//725 5231//727
f 5249//728 5231//728 5250//729
f 5250//729 5231//728 5232//729
f 5250//730 5232//730 5251//731
f 5251//731 5232//730 5233//731
f 5251//888 5233//888 5252//732
f 5252//732 5233//888 5234//732
f 5252//733 5234//733 5253//733
f 5253//733 5234//733 5235//733
f 5253//734 5235//734 5254//734
f 5254//734 5235//734 5236//734
f 5254//735 5236//735 5106//735
f 5106//735 5236//735 5108//735
f 5254//736 5106//736 5104//736
f 5254//736 5104//736 5103//736
f 5127//737 5128//737 5237//737
f 5237//707 5128//707 5218//707
f 5127//737 5237//737 5238//737
f 5126//738 5127//738 5238//738
f 5126//738 5238//738 5239//738
f 5125//739 5126//739 5239//739
f 5125//739 5239//739 5240//739
f 5124//740 5125//740 5240//740
f 5124//740 5240//740 5241//740
f 5123//975 5124//741 5241//741
f 5123//975 5241//741 5242//975
f 5122//742 5123//742 5242//742
f 5122//742 5242//742 5243//742
f 5121//743 5122//743 5243//743
f 5121//743 5243//743 5244//743
f 5120//744 5121//744 5244//744
f 5120//744 5244//744 5245//744
f 5119//745 5120//745 5245//745
f 5119//745 5245//745 5246//745
f 5118//746 5119//746 5246//746
f 5118//746 5246//746 5247//890
f 5117//747 5118//747 5247//747
f 5117//747 5247//747 5248//747
f 5116//748 5117//748 5248//748
f 5116//748 5248//748 5249//748
f 5115//749 5116//749 5249//749
f 5115//749 5249//749 5250//749
f 5114//751 5115//751 5250//751
f 5114//751 5250//751 5251//751
f 5113//752 5114//752 5251//752
f 5113//752 5251//752 5252//752
f 5112//891 5113//753 5252//753
f 5112//891 5252//753 5253//891
f 5103//754 5112//754 5253//754
f 5103//754 5253//754 5254//754
f 5255//755 5027//755 5256//755
f 5256//755 5027//755 5029//755
f 5256//756 5029//756 5257//756
f 5257//756 5029//756 5031//756
f 5257//757 5031//757 5258//757
f 5258//757 5031//757 5033//757
f 5258//758 5033//758 5259//758
f 5259//758 5033//758 5035//758
f 5259//759 5035//759 5260//759
f 5260//759 5035//759 5037//759
f 5260//760 5037//760 5261//760
f 5261//760 5037//760 5039//760
f 5261//761 5039//761 5262//761
f 5262//761 5039//761 5041//761
f 5262//762 5041//762 5263//762
f 5263//762 5041//762 5043//762
f 5263//763 5043//763 5264//763
f 5264//763 5043//763 5045//763
f 5264//764 5045//764 5265//764
f 5265//764 5045//764 5047//764
f 5265//765 5047//765 5266//765
f 5266//765 5047//765 5049//765
f 5266//766 5049//766 5267//766
f 5267//766 5049//766 5051//766
f 5267//767 5051//767 5268//767
f 5268//767 5051//767 5053//767
f 5268//768 5053//768 5269//768
f 5269//768 5053//768 5055//768
f 5269//769 5055//769 5270//769
f 5270//769 5055//769 5057//769
f 5270//770 5057//770 5271//770
f 5271//770 5057//770 5059//770
f 5271//771 5059//771 5272//771
f 5272//771 5059//771 5061//771
f 5272//772 5061//772 5273//772
f 5273//772 5061//772 5063//772
f 5273//773 5063//773 5274//773
f 5274//773 5063//773 5065//773
f 5274//774 5065//774 5275//774
f 5275//774 5065//774 5067//774
f 5275//775 5067//775 5276//775
f 5276//775 5067//775 5069//775
f 5276//776 5069//776 5277//776
f 5277//776 5069//776 5071//776
f 5277//777 5071//777 5278//777
f 5278//777 5071//777 5073//777
f 5278//778 5073//778 5279//778
f 5279//778 5073//778 5075//778
f 5279//779 5075//779 5280//779
f 5280//779 5075//779 5077//779
f 5280//780 5077//780 5281//780
f 5281//780 5077//780 5079//780
f 5281//781 5079//781 5282//781
f 5282//781 5079//781 5081//781
f 5282//782 5081//782 5283//782
f 5283//782 5081//782 5083//782
f 5283//783 5083//783 5284//783
f 5284//783 5083//783 5085//783
f 5284//784 5085//784 5285//784
f 5285//784 5085//784 5087//784
f 5285//785 5087//785 5286//785
f 5286//785 5087//785 5089//785
f 5286//786 5089//786 5287//786
f 5287//786 5089//786 5091//786
f 5287//787 5091//787 5288//787
f 5288//787 5091//787 5093//787
f 5288//788 5093//788 5289//788
f 5289//788 5093//788 5095//788
f 5289//789 5095//789 5290//789
f 5290//789 5095//789 5097//789
f 5290//790 5097//790 5291//790
f 5291//790 5097//790 5099//790
f 5291//791 5099//791 5292//791
f 5292//791 5099//791 5101//791
f 5292//792 5101//792 5255//792
f 5255//792 5101//792 5027//792
f 5293//402 5294//402 5295//402
f 5295//402 5294//402 5296//402
f 5295//403 5296//403 5297//403
f 5297//403 5296//403 5298//403
f 5297//404 5298//404 5299//404
f 5299//404 5298//404 5300//404
f 5299//405 5300//405 5301//405
f 5301//405 5300//405 5302//405
f 5301//406 5302//406 5303//406
f 5303//406 5302//406 5304//406
f 5303//408 5304//408 5305//408
f 5305//408 5304//408 5306//408
f 5305//410 5306//410 5307//409
f 5307//409 5306//410 5308//409
f 5307//411 5308//411 5309//411
f 5309//411 5308//411 5310//411
f 5309//412 5310//412 5311//412
f 5311//412 5310//412 5312//412
f 5311//837 5312//837 5313//414
f 5313//414 5312//837 5314//414
f 5313//416 5314//416 5315//416
f 5315//416 5314//416 5316//416
f 5315//419 5316//419 5317//419
f 5317//419 5316//419 5318//419
f 5317//420 5318//421 5319//421
f 5319//421 5318//421 5320//421
f 5319//972 5320//422 5321//422
f 5321//422 5320//422 5322//422
f 5321//423 5322//423 5323//423
f 5323//423 5322//423 5324//423
f 5323//426 5324//426 5325//426
f 5325//426 5324//426 5326//426
f 5325//427 5326//427 5327//427
f 5327//427 5326//427 5328//427
f 5327//428 5328//428 5329//428
f 5329//428 5328//428 5330//428
f 5329//429 5330//429 5331//429
f 5331//429 5330//429 5332//429
f 5331//430 5332//430 5333//430
f 5333//430 5332//430 5334//430
f 5333//431 5334//431 5335//431
f 5335//431 5334//431 5336//431
f 5335//432 5336//432 5337//432
f 5337//432 5336//432 5338//432
f 5337//433 5338//433 5339//433
f 5339//433 5338//433 5340//433
f 5339//434 5340//434 5341//434
f 5341//434 5340//434 5342//434
f 5341//435 5342//435 5343//435
f 5343//435 5342//435 5344//435
f 5343//438 5344//438 5345//437
f 5345//437 5344//438 5346//437
f 5345//439 5346//439 5347//439
f 5347//439 5346//439 5348//439
f 5347//440 5348//440 5349//440
f 5349//440 5348//440 5350//440
f 5349//840 5350//840 5351//840
f 5351//840 5350//840 5352//840
f 5351//841 5352//841 5353//841
f 5353//841 5352//841 5354//841
f 5353//446 5354//446 5355//446
f 5355//446 5354//446 5356//842
f 5355//447 5356//448 5357//448
f 5357//448 5356//448 5358//448
f 5357//449 5358//449 5359//449
f 5359//449 5358//449 5360//449
f 5359//450 5360//450 5361//844
f 5361//844 5360//450 5362//844
f 5361//452 5362//452 5363//452
f 5363//452 5362//452 5364//452
f 5363//454 5364//454 5365//454
f 5365//454 5364//454 5366//454
f 5365//455 5366//455 5367//455
f 5367//455 5366//455 5368//455
f 5367//457 5368//457 5293//457
f 5293//457 5368//457 5294//457
f 5369//458 5370//459 5371//460
f 5371//460 5370//459 5372//461
f 5371//462 5372//463 5373//464
f 5373//465 5372//465 5374//465
f 5373//465 5374//465 5375//465
f 5375//466 5374//466 5376//466
f 5375//466 5376//466 5377//466
f 5377//845 5376//467 5378//467
f 5377//845 5378//467 5379//845
f 5379//468 5378//468 5296//468
f 5379//468 5296//468 5294//468
f 5370//469 5369//470 5380//471
f 5380//471 5369//470 5381//472
f 5380//473 5381//473 5382//473
f 5382//474 5381//474 5383//474
f 5382//846 5383//846 5384//846
f 5384//476 5383//476 5385//476
f 5384//477 5385//477 5386//477
f 5386//478 5385//478 5387//478
f 5386//847 5387//847 5388//847
f 5388//848 5387//848 5389//848
f 5388//849 5389//849 5390//849
f 5390//482 5389//482 5391//482
f 5390//483 5391//483 5392//483
f 5392//484 5391//484 5393//484
f 5392//485 5393//485 5394//485
f 5394//486 5393//486 5395//486
f 5394//487 5395//487 5396//487
f 5396//488 5395//488 5397//488
f 5396//489 5397//489 5398//489
f 5398//490 5397//490 5399//490
f 5398//491 5399//491 5400//491
f 5400//492 5399//492 5401//492
f 5400//850 5401//850 5402//850
f 5402//851 5401//851 5403//851
f 5402//852 5403//852 5404//852
f 5404//496 5403//496 5405//496
f 5404//497 5405//497 5406//497
f 5406//498 5405//498 5407//498
f 5406//853 5407//853 5408//853
f 5408//500 5407//500 5409//500
f 5408//501 5409//501 5410//501
f 5410//502 5409//503 5411//504
f 5410//502 5411//504 5412//505
f 5412//506 5411//507 5413//508
f 5412//506 5413//508 5414//509
f 5414//510 5413//511 5415//512
f 5414//513 5415//513 5416//513
f 5416//514 5415//514 5417//514
f 5416//515 5417//515 5418//515
f 5418//516 5417//516 5419//516
f 5418//517 5419//517 5420//517
f 5420//518 5419//518 5421//518
f 5420//519 5421//519 5342//519
f 5342//521 5421//521 5344//520
f 5413//511 5422//522 5415//512
f 5415//523 5422//524 5423//525
f 5415//514 5423//514 5417//514
f 5417//854 5423//854 5424//526
f 5417//516 5424//516 5419//516
f 5419//528 5424//528 5425//527
f 5419//518 5425//518 5421//518
f 5421//529 5425//529 5426//529
f 5421//521 5426//520 5344//520
f 5344//530 5426//530 5346//856
f 5422//524 5427//532 5423//525
f 5423//533 5427//533 5428//533
f 5423//854 5428//526 5424//526
f 5424//534 5428//534 5429//534
f 5424//528 5429//527 5425//527
f 5425//535 5429//535 5430//536
f 5425//529 5430//529 5426//529
f 5426//855 5430//855 5431//537
f 5426//530 5431//856 5346//856
f 5346//539 5431//539 5348//973
f 5427//540 5432//540 5428//540
f 5428//857 5432//857 5433//857
f 5428//534 5433//534 5429//534
f 5429//542 5433//542 5434//542
f 5429//535 5434//536 5430//536
f 5430//543 5434//543 5435//858
f 5430//855 5435//537 5431//537
f 5431//859 5435//859 5436//859
f 5431//539 5436//973 5348//973
f 5348//861 5436//861 5350//861
f 5432//546 5437//546 5433//546
f 5433//547 5437//547 5438//547
f 5433//542 5438//542 5434//542
f 5434//548 5438//548 5439//548
f 5434//543 5439//858 5435//858
f 5435//550 5439//550 5440//550
f 5435//859 5440//859 5436//859
f 5436//552 5440//552 5441//552
f 5436//861 5441//545 5350//861
f 5350//862 5441//862 5352//917
f 5437//555 5442//555 5438//555
f 5438//863 5442//863 5443//863
f 5438//548 5443//548 5439//548
f 5439//557 5443//557 5444//557
f 5439//550 5444//550 5440//550
f 5440//558 5444//558 5445//558
f 5440//552 5445//552 5441//552
f 5441//559 5445//559 5446//559
f 5441//862 5446//917 5352//917
f 5352//976 5446//560 5354//560
f 5442//864 5447//864 5443//864
f 5443//865 5447//865 5448//865
f 5443//557 5448//557 5444//557
f 5444//563 5448//563 5449//563
f 5444//558 5449//558 5445//558
f 5445//564 5449//564 5450//564
f 5445//559 5450//559 5446//559
f 5446//566 5450//566 5451//566
f 5446//560 5451//560 5354//560
f 5354//866 5451//866 5356//567
f 5447//568 5452//568 5448//568
f 5448//569 5452//569 5453//569
f 5448//563 5453//563 5449//563
f 5449//571 5453//571 5454//571
f 5449//564 5454//564 5450//564
f 5450//572 5454//572 5455//572
f 5450//566 5455//566 5451//566
f 5451//574 5455//574 5456//574
f 5451//866 5456//567 5356//567
f 5356//576 5456//576 5358//576
f 5452//577 5457//577 5453//577
f 5453//578 5457//578 5458//578
f 5453//571 5458//571 5454//571
f 5454//579 5458//579 5459//579
f 5454//572 5459//572 5455//572
f 5455//581 5459//581 5460//580
f 5455//574 5460//574 5456//574
f 5456//582 5460//582 5461//582
f 5456//576 5461//576 5358//576
f 5358//583 5461//583 5360//583
f 5457//584 5462//584 5458//584
f 5458//585 5462//585 5463//585
f 5458//579 5463//579 5459//579
f 5459//587 5463//587 5464//587
f 5459//581 5464//580 5460//580
f 5460//588 5464//588 5465//588
f 5460//582 5465//582 5461//582
f 5461//589 5465//589 5466//589
f 5461//583 5466//583 5360//583
f 5360//591 5466//591 5362//869
f 5462//593 5467//593 5463//593
f 5463//594 5467//594 5468//594
f 5463//587 5468//587 5464//587
f 5464//595 5468//595 5469//595
f 5464//588 5469//588 5465//588
f 5465//596 5469//596 5470//596
f 5465//589 5470//589 5466//589
f 5466//944 5470//944 5471//598
f 5466//591 5471//869 5362//869
f 5362//599 5471//599 5364//600
f 5467//601 5472//601 5468//601
f 5468//602 5472//602 5473//602
f 5468//595 5473//595 5469//595
f 5469//603 5473//603 5474//603
f 5469//596 5474//596 5470//596
f 5470//974 5474//974 5475//612
f 5470//944 5475//598 5471//598
f 5471//607 5475//607 5476//607
f 5471//599 5476//600 5364//600
f 5364//608 5476//608 5366//608
f 5472//609 5477//609 5473//609
f 5473//870 5477//870 5478//870
f 5473//603 5478//603 5474//603
f 5474//611 5478//611 5479//611
f 5474//974 5479//612 5475//612
f 5475//613 5479//613 5480//613
f 5475//607 5480//607 5476//607
f 5476//615 5480//615 5481//615
f 5476//608 5481//608 5366//608
f 5366//616 5481//616 5368//872
f 5477//873 5482//873 5478//873
f 5478//874 5482//874 5483//874
f 5478//611 5483//611 5479//611
f 5479//619 5483//619 5484//619
f 5479//613 5484//613 5480//613
f 5480//620 5484//620 5485//875
f 5480//615 5485//615 5481//615
f 5481//621 5485//621 5486//621
f 5481//616 5486//872 5368//872
f 5368//622 5486//622 5294//622
f 5482//623 5487//623 5483//623
f 5483//624 5487//624 5488//624
f 5483//619 5488//619 5484//619
f 5484//625 5488//625 5489//625
f 5484//620 5489//875 5485//875
f 5485//626 5489//626 5490//626
f 5485//621 5490//621 5486//621
f 5486//628 5490//628 5379//628
f 5486//622 5379//622 5294//622
f 5487//630 5491//630 5488//630
f 5488//876 5491//876 5492//876
f 5488//625 5492//625 5489//625
f 5489//632 5492//632 5493//632
f 5489//626 5493//626 5490//626
f 5490//634 5493//634 5377//634
f 5490//628 5377//628 5379//628
f 5491//635 5494//635 5492//635
f 5492//636 5494//636 5495//636
f 5492//632 5495//632 5493//632
f 5493//637 5495//637 5375//637
f 5493//634 5375//634 5377//634
f 5494//638 5496//639 5495//640
f 5495//640 5496//639 5373//641
f 5495//637 5373//637 5375//637
f 5496//642 5371//462 5373//464
f 5334//643 5497//643 5336//643
f 5336//643 5497//643 5498//643
f 5336//644 5498//644 5338//644
f 5338//644 5498//644 5499//644
f 5338//645 5499//645 5340//645
f 5340//645 5499//645 5420//645
f 5340//519 5420//519 5342//519
f 5497//646 5500//646 5498//878
f 5498//878 5500//646 5501//878
f 5498//647 5501//647 5499//648
f 5499//648 5501//647 5418//648
f 5499//517 5418//517 5420//517
f 5497//649 5334//649 5502//649
f 5502//649 5334//649 5332//649
f 5502//650 5332//650 5503//650
f 5503//650 5332//650 5330//650
f 5503//651 5330//651 5504//651
f 5504//651 5330//651 5328//651
f 5504//652 5328//652 5505//652
f 5505//652 5328//652 5326//652
f 5505//654 5326//654 5506//654
f 5506//654 5326//654 5324//654
f 5506//921 5324//656 5507//656
f 5507//656 5324//656 5322//656
f 5507//657 5322//657 5508//657
f 5508//657 5322//657 5320//657
f 5508//658 5320//658 5509//659
f 5509//659 5320//658 5318//659
f 5509//660 5318//660 5510//909
f 5510//909 5318//660 5316//909
f 5510//662 5316//662 5511//662
f 5511//662 5316//662 5314//662
f 5511//663 5314//663 5512//879
f 5512//879 5314//663 5312//879
f 5512//665 5312//665 5513//666
f 5513//666 5312//665 5310//666
f 5513//668 5310//668 5514//668
f 5514//668 5310//668 5308//964
f 5514//671 5308//671 5515//671
f 5515//671 5308//671 5306//671
f 5515//673 5306//673 5516//672
f 5516//672 5306//673 5304//672
f 5516//674 5304//674 5517//674
f 5517//674 5304//674 5302//674
f 5517//676 5302//676 5518//676
f 5518//676 5302//676 5300//676
f 5518//677 5300//677 5519//677
f 5519//677 5300//677 5298//677
f 5519//678 5298//678 5378//678
f 5378//678 5298//678 5296//678
f 5500//679 5520//679 5501//679
f 5501//679 5520//679 5416//679
f 5501//515 5416//515 5418//515
f 5500//680 5497//680 5521//881
f 5521//881 5497//680 5502//881
f 5521//681 5502//682 5522//682
f 5522//682 5502//682 5503//682
f 5522//683 5503//683 5523//683
f 5523//683 5503//683 5504//683
f 5523//684 5504//684 5524//684
f 5524//684 5504//684 5505//684
f 5524//685 5505//685 5525//685
f 5525//685 5505//685 5506//685
f 5525//686 5506//686 5526//686
f 5526//686 5506//686 5507//686
f 5526//689 5507//689 5527//689
f 5527//689 5507//689 5508//689
f 5527//691 5508//691 5528//691
f 5528//691 5508//691 5509//691
f 5528//692 5509//692 5529//692
f 5529//692 5509//692 5510//692
f 5529//693 5510//693 5530//693
f 5530//693 5510//693 5511//694
f 5530//695 5511//695 5531//695
f 5531//695 5511//695 5512//695
f 5531//697 5512//697 5532//697
f 5532//697 5512//697 5513//697
f 5532//698 5513//698 5533//698
f 5533//698 5513//698 5514//699
f 5533//700 5514//700 5534//883
f 5534//883 5514//700 5515//883
f 5534//701 5515//701 5535//701
f 5535//701 5515//701 5516//701
f 5535//702 5516//702 5536//702
f 5536//702 5516//702 5517//702
f 5536//703 5517//703 5537//703
f 5537//703 5517//703 5518//703
f 5537//704 5518//704 5538//705
f 5538//705 5518//704 5519//705
f 5538//884 5519//884 5376//706
f 5376//706 5519//884 5378//706
f 5412//707 5414//707 5520//707
f 5520//513 5414//513 5416//513
f 5520//708 5500//708 5539//708
f 5539//708 5500//708 5521//708
f 5539//709 5521//709 5540//709
f 5540//709 5521//709 5522//709
f 5540//711 5522//711 5541//711
f 5541//711 5522//711 5523//711
f 5541//885 5523//885 5542//712
f 5542//712 5523//885 5524//712
f 5542//714 5524//714 5543//713
f 5543//713 5524//714 5525//713
f 5543//715 5525//715 5544//716
f 5544//716 5525//715 5526//716
f 5544//887 5526//887 5545//718
f 5545//718 5526//887 5527//717
f 5545//719 5527//719 5546//719
f 5546//719 5527//719 5528//719
f 5546//720 5528//720 5547//720
f 5547//720 5528//720 5529//720
f 5547//722 5529//722 5548//722
f 5548//722 5529//722 5530//722
f 5548//723 5530//723 5549//723
f 5549//723 5530//723 5531//723
f 5549//724 5531//724 5550//724
f 5550//724 5531//724 5532//724
f 5550//725 5532//725 5551//726
f 5551//726 5532//725 5533//727
f 5551//728 5533//728 5552//729
f 5552//729 5533//728 5534//729
f 5552//730 5534//730 5553//731
f 5553//731 5534//730 5535//731
f 5553//888 5535//888 5554//732
f 5554//732 5535//888 5536//732
f 5554//733 5536//733 5555//733
f 5555//733 5536//733 5537//733
f 5555//734 5537//734 5556//734
f 5556//734 5537//734 5538//734
f 5556//735 5538//735 5374//735
f 5374//735 5538//735 5376//735
f 5556//736 5374//736 5372//736
f 5556//736 5372//736 5370//736
f 5410//737 5412//737 5539//737
f 5539//707 5412//707 5520//707
f 5410//737 5539//737 5540//737
f 5408//738 5410//889 5540//738
f 5408//738 5540//738 5541//738
f 5406//739 5408//739 5541//739
f 5406//739 5541//739 5542//739
f 5404//740 5406//740 5542//740
f 5404//740 5542//740 5543//740
f 5402//975 5404//741 5543//741
f 5402//975 5543//741 5544//975
f 5400//742 5402//742 5544//742
f 5400//742 5544//742 5545//742
f 5398//743 5400//743 5545//743
f 5398//743 5545//743 5546//743
f 5396//744 5398//744 5546//744
f 5396//744 5546//744 5547//744
f 5394//745 5396//745 5547//745
f 5394//745 5547//745 5548//745
f 5392//746 5394//746 5548//746
f 5392//746 5548//746 5549//890
f 5390//747 5392//747 5549//747
f 5390//747 5549//747 5550//747
f 5388//748 5390//748 5550//748
f 5388//748 5550//748 5551//748
f 5386//749 5388//749 5551//749
f 5386//749 5551//749 5552//749
f 5384//751 5386//751 5552//751
f 5384//751 5552//751 5553//751
f 5382//752 5384//752 5553//752
f 5382//752 5553//752 5554//752
f 5380//891 5382//753 5554//753
f 5380//891 5554//753 5555//891
f 5370//754 5380//754 5555//754
f 5370//754 5555//754 5556//754
f 5557//368 5369//368 5558//368
f 5558//368 5369//368 5371//368
f 5558//368 5371//368 5496//368
f 5369//368 5557//368 5381//368
f 5381//368 5557//368 5559//368
f 5381//368 5559//368 5383//368
f 5383//368 5559//368 5560//368
f 5383//368 5560//368 5385//368
f 5385//368 5560//368 5561//368
f 5385//368 5561//368 5387//368
f 5387//368 5561//368 5562//368
f 5387//368 5562//368 5389//368
f 5389//368 5562//368 5563//368
f 5389//368 5563//368 5391//368
f 5391//368 5563//368 5564//368
f 5391//368 5564//368 5393//368
f 5393//368 5564//368 5565//368
f 5393//368 5565//368 5395//368
f 5395//368 5565//368 5566//368
f 5395//368 5566//368 5397//368
f 5397//368 5566//368 5567//368
f 5397//368 5567//368 5399//368
f 5399//368 5567//368 5568//368
f 5399//368 5568//368 5401//368
f 5401//368 5568//368 5569//368
f 5401//368 5569//368 5403//368
f 5403//368 5569//368 5570//368
f 5403//368 5570//368 5405//368
f 5405//368 5570//368 5571//368
f 5405//368 5571//368 5407//368
f 5407//368 5571//368 5572//368
f 5407//368 5572//368 5409//368
f 5409//368 5572//368 5573//368
f 5409//368 5573//368 5411//368
f 5411//368 5573//368 5574//368
f 5411//368 5574//368 5413//368
f 5413//368 5574//368 5575//368
f 5413//368 5575//368 5422//368
f 5422//368 5575//368 5576//368
f 5422//368 5576//368 5427//368
f 5427//368 5576//368 5577//368
f 5427//368 5577//368 5432//368
f 5432//368 5577//368 5578//368
f 5432//368 5578//368 5437//368
f 5437//368 5578//368 5579//368
f 5437//368 5579//368 5442//368
f 5442//368 5579//368 5580//368
f 5442//368 5580//368 5447//368
f 5447//368 5580//368 5581//368
f 5447//368 5581//368 5452//368
f 5452//368 5581//368 5582//368
f 5452//368 5582//368 5457//368
f 5457//368 5582//368 5583//368
f 5457//368 5583//368 5462//368
f 5462//368 5583//368 5584//368
f 5462//368 5584//368 5467//368
f 5467//368 5584//368 5585//368
f 5467//368 5585//368 5472//368
f 5472//368 5585//368 5586//368
f 5472//368 5586//368 5477//368
f 5477//368 5586//368 5587//368
f 5477//368 5587//368 5482//368
f 5482//368 5587//368 5588//368
f 5482//368 5588//368 5487//368
f 5487//368 5588//368 5589//368
f 5487//368 5589//368 5491//368
f 5491//368 5589//368 5590//368
f 5491//368 5590//368 5494//368
f 5494//368 5590//368 5591//368
f 5494//368 5591//368 5496//368
f 5496//368 5591//368 5558//368
f 5592//755 5293//755 5593//755
f 5593//755 5293//755 5295//755
f 5593//756 5295//756 5594//756
f 5594//756 5295//756 5297//756
f 5594//757 5297//757 5595//757
f 5595//757 5297//757 5299//757
f 5595//758 5299//758 5596//758
f 5596//758 5299//758 5301//758
f 5596//759 5301//759 5597//759
f 5597//759 5301//759 5303//759
f 5597//760 5303//760 5598//760
f 5598//760 5303//760 5305//760
f 5598//761 5305//761 5599//761
f 5599//761 5305//761 5307//761
f 5599//762 5307//762 5600//762
f 5600//762 5307//762 5309//762
f 5600//763 5309//763 5601//763
f 5601//763 5309//763 5311//763
f 5601//764 5311//764 5602//764
f 5602//764 5311//764 5313//764
f 5602//765 5313//765 5603//765
f 5603//765 5313//765 5315//765
f 5603//766 5315//766 5604//766
f 5604//766 5315//766 5317//766
f 5604//767 5317//767 5605//767
f 5605//767 5317//767 5319//767
f 5605//768 5319//768 5606//768
f 5606//768 5319//768 5321//768
f 5606//769 5321//769 5607//769
f 5607//769 5321//769 5323//769
f 5607//770 5323//770 5608//770
f 5608//770 5323//770 5325//770
f 5608//771 5325//771 5609//771
f 5609//771 5325//771 5327//771
f 5609//772 5327//772 5610//772
f 5610//772 5327//772 5329//772
f 5610//773 5329//773 5611//773
f 5611//773 5329//773 5331//773
f 5611//774 5331//774 5612//774
f 5612//774 5331//774 5333//774
f 5612//775 5333//775 5613//775
f 5613//775 5333//775 5335//775
f 5613//776 5335//776 5614//776
f 5614//776 5335//776 5337//776
f 5614//777 5337//777 5615//777
f 5615//777 5337//777 5339//777
f 5615//778 5339//778 5616//778
f 5616//778 5339//778 5341//778
f 5616//779 5341//779 5617//779
f 5617//779 5341//779 5343//779
f 5617//780 5343//780 5618//780
f 5618//780 5343//780 5345//780
f 5618//781 5345//781 5619//781
f 5619//781 5345//781 5347//781
f 5619//782 5347//782 5620//782
f 5620//782 5347//782 5349//782
f 5620//783 5349//783 5621//783
f 5621//783 5349//783 5351//783
f 5621//784 5351//784 5622//784
f 5622//784 5351//784 5353//784
f 5622//785 5353//785 5623//785
f 5623//785 5353//785 5355//785
f 5623//786 5355//786 5624//786
f 5624//786 5355//786 5357//786
f 5624//787 5357//787 5625//787
f 5625//787 5357//787 5359//787
f 5625//788 5359//788 5626//788
f 5626//788 5359//788 5361//788
f 5626//789 5361//789 5627//789
f 5627//789 5361//789 5363//789
f 5627//790 5363//790 5628//790
f 5628//790 5363//790 5365//790
f 5628//791 5365//791 5629//791
f 5629//791 5365//791 5367//791
f 5629//792 5367//792 5592//792
f 5592//792 5367//792 5293//792
f 5630//1 5631//1 5632//1
f 5632//2 5631//2 5633//2
f 5632//3 5633//3 5634//3
f 5634//4 5633//4 5635//4
f 5634//4 5635//4 5636//4
f 5636//5 5635//5 5637//5
f 5636//5 5637//5 5638//5
f 5638//8 5637//8 5639//8
f 5638//8 5639//8 5640//8
f 5640//9 5639//9 5641//9
f 5640//9 5641//9 5642//10
f 5642//793 5641//12 5558//13
f 5642//793 5558//13 5591//14
f 5631//15 5630//15 5643//15
f 5643//16 5630//16 5644//16
f 5643//17 5644//17 5645//17
f 5645//18 5644//18 5646//18
f 5645//19 5646//19 5647//19
f 5647//20 5646//20 5648//20
f 5647//794 5648//794 5649//794
f 5649//22 5648//22 5650//22
f 5649//23 5650//23 5651//23
f 5651//795 5650//795 5652//795
f 5651//25 5652//25 5653//25
f 5653//26 5652//26 5654//26
f 5653//796 5654//796 5655//796
f 5655//28 5654//28 5656//28
f 5655//797 5656//797 5657//797
f 5657//30 5656//30 5658//30
f 5657//31 5658//32 5659//32
f 5659//33 5658//33 5660//33
f 5659//34 5660//35 5661//35
f 5661//36 5660//36 5662//36
f 5661//37 5662//37 5663//37
f 5663//38 5662//38 5664//38
f 5663//39 5664//39 5665//39
f 5665//40 5664//40 5666//40
f 5665//41 5666//41 5570//41
f 5570//798 5666//798 5571//798
f 5571//43 5666//43 5667//43
f 5571//44 5667//44 5572//44
f 5572//45 5667//45 5668//45
f 5572//46 5668//47 5573//48
f 5573//48 5668//47 5669//49
f 5573//50 5669//51 5574//52
f 5574//52 5669//51 5670//53
f 5574//54 5670//54 5671//54
f 5671//55 5670//55 5672//55
f 5671//55 5672//55 5673//55
f 5673//57 5672//58 5674//58
f 5673//57 5674//58 5675//57
f 5675//59 5674//59 5676//59
f 5675//59 5676//59 5677//59
f 5677//60 5676//60 5678//60
f 5677//60 5678//60 5679//60
f 5679//62 5678//62 5680//62
f 5679//63 5680//63 5681//63
f 5681//64 5680//64 5682//64
f 5681//65 5682//65 5683//65
f 5683//66 5682//66 5684//66
f 5683//67 5684//67 5685//67
f 5685//68 5684//68 5686//68
f 5685//69 5686//69 5687//69
f 5687//70 5686//70 5688//70
f 5687//71 5688//71 5689//71
f 5689//72 5688//72 5690//72
f 5689//73 5690//73 5691//73
f 5691//74 5690//74 5692//74
f 5691//799 5692//799 5693//799
f 5693//76 5692//76 5694//76
f 5693//77 5694//77 5695//77
f 5695//78 5694//78 5696//78
f 5695//79 5696//79 5697//79
f 5697//800 5696//800 5698//800
f 5697//81 5698//81 5699//81
f 5699//82 5698//82 5700//82
f 5699//84 5700//84 5701//84
f 5701//85 5700//85 5702//85
f 5701//86 5702//86 5703//86
f 5703//87 5702//87 5704//87
f 5703//89 5704//89 5705//89
f 5705//801 5704//801 5706//90
f 5705//91 5706//91 5588//91
f 5588//802 5706//802 5589//802
f 5589//803 5706//803 5707//803
f 5589//94 5707//94 5590//94
f 5590//95 5707//95 5708//95
f 5590//96 5708//97 5591//98
f 5591//98 5708//97 5642//99
f 5656//100 5709//100 5658//100
f 5658//804 5709//804 5710//804
f 5658//33 5710//33 5660//33
f 5660//805 5710//805 5711//102
f 5660//36 5711//36 5662//36
f 5662//104 5711//104 5712//104
f 5662//38 5712//38 5664//38
f 5664//105 5712//105 5713//106
f 5664//40 5713//40 5666//40
f 5666//107 5713//107 5667//107
f 5709//108 5714//108 5710//108
f 5710//109 5714//109 5715//109
f 5710//805 5715//102 5711//102
f 5711//111 5715//111 5716//111
f 5711//104 5716//104 5712//104
f 5712//112 5716//112 5717//112
f 5712//105 5717//106 5713//106
f 5713//113 5717//113 5718//806
f 5713//107 5718//107 5667//107
f 5667//114 5718//114 5668//114
f 5714//115 5719//115 5715//115
f 5715//116 5719//116 5720//116
f 5715//111 5720//111 5716//111
f 5716//118 5720//118 5721//117
f 5716//112 5721//112 5717//112
f 5717//120 5721//120 5722//120
f 5717//113 5722//806 5718//806
f 5718//121 5722//121 5723//121
f 5718//114 5723//114 5668//114
f 5668//123 5723//123 5669//122
f 5719//124 5724//124 5720//124
f 5720//125 5724//125 5725//125
f 5720//118 5725//808 5721//117
f 5721//126 5725//126 5726//126
f 5721//120 5726//120 5722//120
f 5722//127 5726//127 5727//127
f 5722//121 5727//121 5723//121
f 5723//129 5727//129 5728//809
f 5723//123 5728//122 5669//122
f 5669//130 5728//130 5670//130
f 5724//131 5729//131 5725//131
f 5725//132 5729//132 5730//132
f 5725//126 5730//126 5726//126
f 5726//133 5730//133 5731//133
f 5726//127 5731//127 5727//127
f 5727//134 5731//134 5732//134
f 5727//129 5732//809 5728//809
f 5728//136 5732//136 5672//136
f 5728//130 5672//130 5670//130
f 5729//137 5733//137 5730//137
f 5730//138 5733//138 5734//138
f 5730//133 5734//139 5731//133
f 5731//140 5734//140 5735//140
f 5731//134 5735//134 5732//134
f 5732//141 5735//141 5674//141
f 5732//136 5674//136 5672//136
f 5733//142 5736//142 5734//142
f 5734//143 5736//143 5737//143
f 5734//140 5737//140 5735//140
f 5735//144 5737//144 5676//144
f 5735//141 5676//141 5674//141
f 5736//145 5738//145 5737//145
f 5737//146 5738//146 5678//146
f 5737//144 5678//144 5676//144
f 5738//62 5680//62 5678//62
f 5696//147 5739//147 5698//147
f 5698//810 5739//810 5740//810
f 5698//82 5740//82 5700//82
f 5700//150 5740//150 5741//150
f 5700//85 5741//85 5702//85
f 5702//151 5741//151 5742//151
f 5702//87 5742//87 5704//87
f 5704//153 5742//153 5743//154
f 5704//801 5743//90 5706//90
f 5706//155 5743//155 5707//155
f 5739//156 5744//156 5740//156
f 5740//157 5744//157 5745//157
f 5740//150 5745//150 5741//150
f 5741//811 5745//811 5746//166
f 5741//151 5746//151 5742//151
f 5742//160 5746//160 5747//160
f 5742//153 5747//154 5743//154
f 5743//162 5747//162 5748//162
f 5743//155 5748//155 5707//155
f 5707//812 5748//812 5708//163
f 5744//813 5749//813 5745//813
f 5745//165 5749//165 5750//165
f 5745//811 5750//166 5746//166
f 5746//168 5750//168 5751//168
f 5746//160 5751//814 5747//160
f 5747//815 5751//169 5752//169
f 5747//162 5752//162 5748//162
f 5748//928 5752//170 5753//817
f 5748//812 5753//163 5708//163
f 5708//171 5753//171 5642//171
f 5749//172 5754//172 5750//172
f 5750//816 5754//816 5755//816
f 5750//168 5755//168 5751//168
f 5751//174 5755//174 5756//174
f 5751//169 5756//169 5752//169
f 5752//175 5756//175 5757//175
f 5752//170 5757//817 5753//817
f 5753//176 5757//176 5640//176
f 5753//171 5640//171 5642//171
f 5754//177 5758//177 5755//177
f 5755//178 5758//178 5759//178
f 5755//174 5759//174 5756//174
f 5756//179 5759//179 5760//180
f 5756//175 5760//175 5757//175
f 5757//181 5760//181 5638//182
f 5757//176 5638//176 5640//176
f 5758//183 5761//183 5759//183
f 5759//184 5761//184 5762//184
f 5759//179 5762//180 5760//180
f 5760//185 5762//185 5636//185
f 5760//181 5636//182 5638//182
f 5761//186 5763//186 5762//186
f 5762//187 5763//187 5634//187
f 5762//185 5634//185 5636//185
f 5763//188 5632//188 5634//188
f 5588//818 5587//818 5705//818
f 5705//190 5587//190 5764//190
f 5705//89 5764//89 5703//89
f 5703//191 5764//191 5765//191
f 5703//86 5765//86 5701//86
f 5701//194 5765//194 5766//194
f 5701//84 5766//84 5699//84
f 5699//198 5766//198 5767//198
f 5699//81 5767//81 5697//81
f 5697//199 5767//199 5695//199
f 5587//201 5586//201 5764//201
f 5764//202 5586//202 5768//202
f 5764//191 5768//191 5765//191
f 5765//203 5768//203 5769//203
f 5765//194 5769//194 5766//194
f 5766//205 5769//205 5770//204
f 5766//198 5770//198 5767//198
f 5767//206 5770//206 5771//206
f 5767//199 5771//199 5695//199
f 5695//207 5771//207 5693//207
f 5586//208 5585//208 5768//208
f 5768//209 5585//209 5772//209
f 5768//203 5772//203 5769//203
f 5769//210 5772//210 5773//210
f 5769//205 5773//204 5770//204
f 5770//211 5773//211 5774//211
f 5770//206 5774//977 5771//206
f 5771//214 5774//214 5775//213
f 5771//207 5775//207 5693//207
f 5693//820 5775//820 5691//215
f 5585//216 5584//216 5772//216
f 5772//217 5584//217 5776//217
f 5772//210 5776//210 5773//210
f 5773//218 5776//218 5777//218
f 5773//211 5777//211 5774//211
f 5774//220 5777//220 5778//220
f 5774//214 5778//213 5775//213
f 5775//222 5778//222 5779//222
f 5775//820 5779//215 5691//215
f 5691//821 5779//821 5689//223
f 5584//225 5583//225 5776//225
f 5776//226 5583//226 5780//226
f 5776//218 5780//218 5777//218
f 5777//227 5780//227 5781//227
f 5777//220 5781//220 5778//220
f 5778//228 5781//228 5782//228
f 5778//222 5782//222 5779//222
f 5779//229 5782//229 5783//229
f 5779//821 5783//223 5689//223
f 5689//230 5783//230 5687//822
f 5583//231 5582//231 5780//231
f 5780//232 5582//232 5784//232
f 5780//227 5784//227 5781//227
f 5781//233 5784//233 5785//233
f 5781//228 5785//228 5782//228
f 5782//234 5785//234 5786//234
f 5782//229 5786//229 5783//229
f 5783//236 5786//236 5787//236
f 5783//230 5787//822 5687//822
f 5687//237 5787//237 5685//237
f 5582//238 5581//238 5784//238
f 5784//239 5581//239 5788//239
f 5784//233 5788//233 5785//233
f 5785//823 5788//240 5789//240
f 5785//234 5789//235 5786//234
f 5786//242 5789//242 5790//242
f 5786//236 5790//824 5787//236
f 5787//244 5790//244 5791//244
f 5787//237 5791//237 5685//237
f 5685//825 5791//246 5683//246
f 5581//247 5580//247 5788//247
f 5788//248 5580//248 5792//248
f 5788//240 5792//240 5789//240
f 5789//249 5792//249 5793//249
f 5789//242 5793//242 5790//242
f 5790//915 5793//915 5794//250
f 5790//244 5794//244 5791//244
f 5791//251 5794//251 5795//251
f 5791//246 5795//246 5683//246
f 5683//252 5795//252 5681//252
f 5580//253 5579//253 5792//253
f 5792//254 5579//254 5796//254
f 5792//249 5796//249 5793//249
f 5793//255 5796//255 5797//255
f 5793//915 5797//250 5794//250
f 5794//256 5797//256 5798//256
f 5794//251 5798//251 5795//251
f 5795//257 5798//257 5799//257
f 5795//252 5799//252 5681//252
f 5681//258 5799//258 5679//258
f 5579//826 5578//826 5796//826
f 5796//260 5578//260 5800//260
f 5796//255 5800//255 5797//255
f 5797//261 5800//261 5801//261
f 5797//256 5801//256 5798//256
f 5798//827 5801//827 5802//262
f 5798//257 5802//257 5799//257
f 5799//263 5802//263 5677//263
f 5799//258 5677//258 5679//258
f 5578//264 5577//264 5800//264
f 5800//265 5577//265 5803//265
f 5800//261 5803//261 5801//261
f 5801//266 5803//266 5804//266
f 5801//827 5804//262 5802//262
f 5802//267 5804//267 5675//267
f 5802//263 5675//263 5677//263
f 5577//268 5576//269 5803//270
f 5803//270 5576//269 5805//271
f 5803//266 5805//266 5804//266
f 5804//272 5805//272 5673//272
f 5804//267 5673//267 5675//267
f 5576//273 5575//274 5805//275
f 5805//275 5575//274 5671//276
f 5805//272 5671//272 5673//272
f 5575//828 5574//54 5671//54
f 5570//277 5569//277 5665//277
f 5665//278 5569//278 5806//278
f 5665//39 5806//39 5663//39
f 5663//279 5806//279 5807//279
f 5663//37 5807//37 5661//37
f 5661//280 5807//280 5808//281
f 5661//35 5808//282 5659//34
f 5659//283 5808//283 5809//283
f 5659//32 5809//31 5657//31
f 5657//284 5809//284 5655//284
f 5569//285 5568//285 5806//285
f 5806//286 5568//286 5810//286
f 5806//279 5810//279 5807//279
f 5807//287 5810//287 5811//287
f 5807//280 5811//281 5808//281
f 5808//289 5811//289 5812//289
f 5808//283 5812//283 5809//283
f 5809//291 5812//291 5813//291
f 5809//284 5813//978 5655//284
f 5655//292 5813//292 5653//292
f 5568//294 5567//294 5810//294
f 5810//295 5567//295 5814//295
f 5810//287 5814//287 5811//287
f 5811//296 5814//296 5815//296
f 5811//289 5815//289 5812//289
f 5812//298 5815//298 5816//297
f 5812//291 5816//291 5813//291
f 5813//299 5816//299 5817//299
f 5813//292 5817//292 5653//292
f 5653//300 5817//300 5651//300
f 5567//302 5566//302 5814//302
f 5814//303 5566//303 5818//303
f 5814//296 5818//296 5815//296
f 5815//304 5818//304 5819//304
f 5815//298 5819//297 5816//297
f 5816//306 5819//306 5820//306
f 5816//299 5820//299 5817//299
f 5817//307 5820//307 5821//307
f 5817//300 5821//300 5651//300
f 5651//308 5821//308 5649//829
f 5566//310 5565//310 5818//310
f 5818//311 5565//311 5822//311
f 5818//304 5822//304 5819//304
f 5819//312 5822//312 5823//312
f 5819//306 5823//306 5820//306
f 5820//313 5823//313 5824//313
f 5820//307 5824//307 5821//307
f 5821//315 5824//315 5825//314
f 5821//308 5825//829 5649//829
f 5649//317 5825//316 5647//316
f 5565//318 5564//318 5822//318
f 5822//319 5564//319 5826//319
f 5822//312 5826//312 5823//312
f 5823//320 5826//320 5827//320
f 5823//313 5827//313 5824//313
f 5824//322 5827//322 5828//322
f 5824//315 5828//314 5825//314
f 5825//323 5828//323 5829//323
f 5825//316 5829//316 5647//316
f 5647//324 5829//324 5645//324
f 5564//325 5563//325 5826//325
f 5826//326 5563//326 5830//326
f 5826//320 5830//320 5827//320
f 5827//327 5830//327 5831//327
f 5827//322 5831//322 5828//322
f 5828//330 5831//330 5832//330
f 5828//323 5832//323 5829//323
f 5829//331 5832//331 5833//331
f 5829//324 5833//324 5645//324
f 5645//333 5833//333 5643//332
f 5563//334 5562//334 5830//334
f 5830//335 5562//335 5834//335
f 5830//327 5834//327 5831//327
f 5831//830 5834//830 5835//336
f 5831//330 5835//330 5832//330
f 5832//337 5835//337 5836//337
f 5832//331 5836//831 5833//331
f 5833//338 5836//338 5837//338
f 5833//333 5837//332 5643//332
f 5643//339 5837//339 5631//339
f 5562//832 5561//832 5834//832
f 5834//341 5561//341 5838//341
f 5834//830 5838//336 5835//336
f 5835//342 5838//342 5839//342
f 5835//337 5839//337 5836//337
f 5836//343 5839//344 5840//344
f 5836//338 5840//338 5837//338
f 5837//345 5840//345 5841//345
f 5837//339 5841//339 5631//339
f 5631//346 5841//346 5633//346
f 5561//833 5560//833 5838//833
f 5838//834 5560//834 5842//834
f 5838//342 5842//342 5839//342
f 5839//349 5842//349 5843//349
f 5839//344 5843//344 5840//344
f 5840//350 5843//350 5844//350
f 5840//345 5844//345 5841//345
f 5841//352 5844//352 5635//352
f 5841//346 5635//346 5633//346
f 5560//353 5559//353 5842//353
f 5842//354 5559//354 5845//354
f 5842//349 5845//349 5843//349
f 5843//355 5845//355 5846//355
f 5843//350 5846//350 5844//350
f 5844//356 5846//356 5637//356
f 5844//352 5637//352 5635//352
f 5559//358 5557//359 5845//360
f 5845//360 5557//359 5847//361
f 5845//355 5847//355 5846//355
f 5846//363 5847//363 5639//363
f 5846//356 5639//356 5637//356
f 5557//835 5558//365 5847//366
f 5847//366 5558//365 5641//367
f 5847//363 5641//363 5639//363
f 5848//369 5630//369 5849//369
f 5849//369 5630//369 5632//369
f 5849//370 5632//370 5850//370
f 5850//370 5632//370 5763//370
f 5850//371 5763//371 5851//371
f 5851//371 5763//371 5761//371
f 5851//372 5761//372 5852//372
f 5852//372 5761//372 5758//372
f 5852//373 5758//373 5853//373
f 5853//373 5758//373 5754//373
f 5853//374 5754//374 5854//374
f 5854//374 5754//374 5749//374
f 5854//375 5749//375 5855//375
f 5855//375 5749//375 5744//375
f 5855//376 5744//376 5856//376
f 5856//376 5744//376 5739//376
f 5856//377 5739//377 5857//377
f 5857//377 5739//377 5696//377
f 5857//378 5696//378 5858//378
f 5858//378 5696//378 5694//378
f 5858//379 5694//379 5859//379
f 5859//379 5694//379 5692//379
f 5859//380 5692//380 5860//380
f 5860//380 5692//380 5690//380
f 5860//381 5690//381 5861//381
f 5861//381 5690//381 5688//381
f 5861//382 5688//382 5862//382
f 5862//382 5688//382 5686//382
f 5862//383 5686//383 5863//383
f 5863//383 5686//383 5684//383
f 5863//384 5684//384 5864//384
f 5864//384 5684//384 5682//384
f 5864//385 5682//385 5865//385
f 5865//385 5682//385 5680//385
f 5865//386 5680//386 5866//386
f 5866//386 5680//386 5738//386
f 5866//387 5738//387 5867//387
f 5867//387 5738//387 5736//387
f 5867//388 5736//388 5868//388
f 5868//388 5736//388 5733//388
f 5868//389 5733//389 5869//389
f 5869//389 5733//389 5729//389
f 5869//390 5729//390 5870//390
f 5870//390 5729//390 5724//390
f 5870//391 5724//391 5871//391
f 5871//391 5724//391 5719//391
f 5871//392 5719//392 5872//392
f 5872//392 5719//392 5714//392
f 5872//393 5714//393 5873//393
f 5873//393 5714//393 5709//393
f 5873//394 5709//394 5874//394
f 5874//394 5709//394 5656//394
f 5874//395 5656//395 5875//395
f 5875//395 5656//395 5654//395
f 5875//396 5654//396 5876//396
f 5876//396 5654//396 5652//396
f 5876//397 5652//397 5877//397
f 5877//397 5652//397 5650//397
f 5877//398 5650//398 5878//398
f 5878//398 5650//398 5648//398
f 5878//399 5648//399 5879//399
f 5879//399 5648//399 5646//399
f 5879//400 5646//400 5880//400
f 5880//400 5646//400 5644//400
f 5880//401 5644//401 5848//401
f 5848//401 5644//401 5630//401
f 5881//1 5882//1 5883//1
f 5883//2 5882//2 5884//2
f 5883//3 5884//3 5885//3
f 5885//4 5884//4 5886//4
f 5885//4 5886//4 5887//4
f 5887//5 5886//6 5888//6
f 5887//5 5888//6 5889//5
f 5889//7 5888//8 5890//8
f 5889//7 5890//8 5891//7
f 5891//9 5890//10 5892//10
f 5891//9 5892//10 5893//9
f 5893//11 5892//12 5894//13
f 5893//11 5894//13 5895//14
f 5882//15 5881//15 5896//15
f 5896//16 5881//16 5897//16
f 5896//17 5897//17 5898//17
f 5898//18 5897//18 5899//18
f 5898//19 5899//19 5900//19
f 5900//20 5899//20 5901//20
f 5900//21 5901//21 5902//21
f 5902//22 5901//22 5903//22
f 5902//23 5903//23 5904//23
f 5904//24 5903//24 5905//24
f 5904//25 5905//25 5906//25
f 5906//26 5905//26 5907//26
f 5906//27 5907//27 5908//27
f 5908//28 5907//28 5909//28
f 5908//29 5909//29 5910//29
f 5910//30 5909//30 5911//30
f 5910//31 5911//32 5912//32
f 5912//33 5911//33 5913//33
f 5912//34 5913//35 5914//35
f 5914//36 5913//36 5915//36
f 5914//37 5915//37 5916//37
f 5916//38 5915//38 5917//38
f 5916//39 5917//39 5918//39
f 5918//40 5917//40 5919//40
f 5918//41 5919//41 5920//41
f 5920//42 5919//42 5921//42
f 5921//43 5919//43 5922//43
f 5921//44 5922//44 5923//44
f 5923//45 5922//45 5924//45
f 5923//46 5924//47 5925//48
f 5925//48 5924//47 5926//49
f 5925//50 5926//51 5927//52
f 5927//52 5926//51 5928//53
f 5927//54 5928//54 5929//54
f 5929//55 5928//56 5930//55
f 5929//55 5930//55 5931//55
f 5931//57 5930//58 5932//58
f 5931//57 5932//58 5933//57
f 5933//59 5932//59 5934//59
f 5933//59 5934//59 5935//59
f 5935//60 5934//60 5936//60
f 5935//60 5936//60 5937//61
f 5937//62 5936//62 5938//62
f 5937//63 5938//63 5939//63
f 5939//64 5938//64 5940//64
f 5939//65 5940//65 5941//65
f 5941//66 5940//66 5942//66
f 5941//67 5942//67 5943//67
f 5943//68 5942//68 5944//68
f 5943//69 5944//69 5945//69
f 5945//70 5944//70 5946//70
f 5945//71 5946//71 5947//71
f 5947//72 5946//72 5948//72
f 5947//73 5948//73 5949//73
f 5949//74 5948//74 5950//74
f 5949//75 5950//75 5951//75
f 5951//76 5950//76 5952//76
f 5951//77 5952//77 5953//77
f 5953//78 5952//78 5954//78
f 5953//79 5954//79 5955//79
f 5955//80 5954//80 5956//80
f 5955//81 5956//81 5957//81
f 5957//82 5956//82 5958//83
f 5957//84 5958//84 5959//84
f 5959//85 5958//85 5960//85
f 5959//86 5960//86 5961//86
f 5961//87 5960//87 5962//87
f 5961//88 5962//89 5963//89
f 5963//90 5962//90 5964//90
f 5963//91 5964//91 5965//91
f 5965//92 5964//92 5966//92
f 5966//93 5964//93 5967//93
f 5966//94 5967//94 5968//94
f 5968//95 5967//95 5969//95
f 5968//96 5969//97 5895//98
f 5895//98 5969//97 5893//99
f 5909//100 5970//100 5911//100
f 5911//101 5970//101 5971//101
f 5911//33 5971//33 5913//33
f 5913//102 5971//102 5972//102
f 5913//36 5972//36 5915//36
f 5915//103 5972//104 5973//104
f 5915//38 5973//38 5917//38
f 5917//105 5973//105 5974//106
f 5917//40 5974//40 5919//40
f 5919//107 5974//107 5922//107
f 5970//108 5975//108 5971//108
f 5971//109 5975//109 5976//109
f 5971//102 5976//102 5972//102
f 5972//110 5976//110 5977//111
f 5972//104 5977//104 5973//104
f 5973//112 5977//112 5978//112
f 5973//105 5978//106 5974//106
f 5974//113 5978//113 5979//113
f 5974//107 5979//107 5922//107
f 5922//114 5979//114 5924//114
f 5975//115 5980//115 5976//115
f 5976//116 5980//116 5981//116
f 5976//110 5981//111 5977//111
f 5977//117 5981//117 5982//118
f 5977//112 5982//119 5978//112
f 5978//120 5982//120 5983//120
f 5978//113 5983//113 5979//113
f 5979//121 5983//121 5984//121
f 5979//114 5984//114 5924//114
f 5924//122 5984//122 5926//123
f 5980//124 5985//124 5981//124
f 5981//125 5985//125 5986//125
f 5981//117 5986//118 5982//118
f 5982//126 5986//126 5987//126
f 5982//120 5987//896 5983//120
f 5983//127 5987//127 5988//127
f 5983//121 5988//121 5984//121
f 5984//128 5988//128 5989//129
f 5984//122 5989//123 5926//123
f 5926//130 5989//130 5928//130
f 5985//131 5990//131 5986//131
f 5986//132 5990//132 5991//132
f 5986//126 5991//126 5987//126
f 5987//133 5991//133 5992//133
f 5987//127 5992//127 5988//127
f 5988//134 5992//134 5993//134
f 5988//128 5993//129 5989//129
f 5989//135 5993//136 5930//136
f 5989//130 5930//130 5928//130
f 5990//137 5994//137 5991//137
f 5991//138 5994//138 5995//138
f 5991//133 5995//139 5992//133
f 5992//140 5995//140 5996//140
f 5992//134 5996//134 5993//134
f 5993//141 5996//141 5932//141
f 5993//136 5932//136 5930//136
f 5994//142 5997//142 5995//142
f 5995//143 5997//143 5998//143
f 5995//140 5998//140 5996//140
f 5996//144 5998//144 5934//144
f 5996//141 5934//141 5932//141
f 5997//145 5999//145 5998//145
f 5998//146 5999//146 5936//146
f 5998//144 5936//144 5934//144
f 5999//62 5938//62 5936//62
f 5954//147 6000//147 5956//147
f 5956//148 6000//148 6001//148
f 5956//82 6001//83 5958//83
f 5958//149 6001//149 6002//150
f 5958//85 6002//85 5960//85
f 5960//151 6002//151 6003//152
f 5960//87 6003//87 5962//87
f 5962//153 6003//153 6004//154
f 5962//90 6004//90 5964//90
f 5964//155 6004//155 5967//155
f 6000//156 6005//156 6001//156
f 6001//157 6005//157 6006//157
f 6001//149 6006//158 6002//150
f 6002//159 6006//159 6007//159
f 6002//151 6007//152 6003//152
f 6003//160 6007//160 6008//160
f 6003//153 6008//154 6004//154
f 6004//161 6008//161 6009//162
f 6004//155 6009//155 5967//155
f 5967//163 6009//163 5969//163
f 6005//164 6010//164 6006//164
f 6006//165 6010//165 6011//165
f 6006//159 6011//166 6007//159
f 6007//167 6011//168 6012//168
f 6007//160 6012//160 6008//160
f 6008//979 6012//979 6013//169
f 6008//161 6013//162 6009//162
f 6009//170 6013//170 6014//170
f 6009//163 6014//163 5969//163
f 5969//171 6014//171 5893//171
f 6010//172 6015//172 6011//172
f 6011//173 6015//173 6016//173
f 6011//168 6016//168 6012//168
f 6012//174 6016//174 6017//174
f 6012//979 6017//169 6013//169
f 6013//175 6017//175 6018//175
f 6013//170 6018//170 6014//170
f 6014//176 6018//176 5891//176
f 6014//171 5891//171 5893//171
f 6015//177 6019//177 6016//177
f 6016//178 6019//178 6020//178
f 6016//174 6020//174 6017//174
f 6017//179 6020//179 6021//180
f 6017//175 6021//175 6018//175
f 6018//181 6021//181 5889//182
f 6018//176 5889//176 5891//176
f 6019//183 6022//183 6020//183
f 6020//184 6022//184 6023//184
f 6020//179 6023//180 6021//180
f 6021//185 6023//185 5887//185
f 6021//181 5887//182 5889//182
f 6022//186 6024//186 6023//186
f 6023//187 6024//187 5885//187
f 6023//185 5885//185 5887//185
f 6024//188 5883//188 5885//188
f 5965//189 6025//189 5963//189
f 5963//190 6025//190 6026//190
f 5963//89 6026//88 5961//88
f 5961//191 6026//191 6027//192
f 5961//86 6027//86 5959//86
f 5959//193 6027//193 6028//194
f 5959//84 6028//195 5957//84
f 5957//196 6028//197 6029//198
f 5957//81 6029//81 5955//81
f 5955//199 6029//199 5953//200
f 6025//201 6030//201 6026//201
f 6026//202 6030//202 6031//202
f 6026//191 6031//192 6027//192
f 6027//203 6031//203 6032//203
f 6027//193 6032//194 6028//194
f 6028//204 6032//204 6033//205
f 6028//197 6033//198 6029//198
f 6029//206 6033//206 6034//206
f 6029//199 6034//200 5953//200
f 5953//207 6034//207 5951//207
f 6030//208 6035//208 6031//208
f 6031//209 6035//209 6036//209
f 6031//203 6036//203 6032//203
f 6032//210 6036//210 6037//210
f 6032//204 6037//205 6033//205
f 6033//211 6037//211 6038//211
f 6033//206 6038//212 6034//206
f 6034//213 6038//213 6039//214
f 6034//207 6039//207 5951//207
f 5951//215 6039//215 5949//215
f 6035//216 6040//216 6036//216
f 6036//217 6040//217 6041//217
f 6036//210 6041//210 6037//210
f 6037//218 6041//218 6042//218
f 6037//211 6042//211 6038//211
f 6038//219 6042//219 6043//220
f 6038//213 6043//214 6039//214
f 6039//221 6043//221 6044//222
f 6039//215 6044//215 5949//215
f 5949//223 6044//223 5947//224
f 6040//225 6045//225 6041//225
f 6041//226 6045//226 6046//226
f 6041//218 6046//218 6042//218
f 6042//227 6046//227 6047//227
f 6042//219 6047//220 6043//220
f 6043//228 6047//228 6048//228
f 6043//221 6048//222 6044//222
f 6044//229 6048//229 6049//229
f 6044//223 6049//224 5947//224
f 5947//230 6049//230 5945//230
f 6045//231 6050//231 6046//231
f 6046//232 6050//232 6051//232
f 6046//227 6051//227 6047//227
f 6047//233 6051//233 6052//233
f 6047//228 6052//228 6048//228
f 6048//234 6052//234 6053//235
f 6048//229 6053//229 6049//229
f 6049//236 6053//236 6054//236
f 6049//230 6054//230 5945//230
f 5945//237 6054//237 5943//237
f 6050//238 6055//238 6051//238
f 6051//239 6055//239 6056//239
f 6051//233 6056//233 6052//233
f 6052//240 6056//240 6057//240
f 6052//234 6057//235 6053//235
f 6053//241 6057//241 6058//242
f 6053//236 6058//236 6054//236
f 6054//244 6058//244 6059//244
f 6054//237 6059//237 5943//237
f 5943//245 6059//246 5941//246
f 6055//247 6060//247 6056//247
f 6056//248 6060//248 6061//248
f 6056//240 6061//240 6057//240
f 6057//249 6061//249 6062//249
f 6057//241 6062//242 6058//242
f 6058//250 6062//250 6063//250
f 6058//244 6063//244 6059//244
f 6059//251 6063//251 6064//251
f 6059//246 6064//246 5941//246
f 5941//252 6064//252 5939//252
f 6060//253 6065//253 6061//253
f 6061//254 6065//254 6066//254
f 6061//249 6066//249 6062//249
f 6062//255 6066//255 6067//255
f 6062//250 6067//250 6063//250
f 6063//256 6067//256 6068//256
f 6063//251 6068//251 6064//251
f 6064//257 6068//257 6069//257
f 6064//252 6069//252 5939//252
f 5939//258 6069//258 5937//258
f 6065//259 6070//259 6066//259
f 6066//260 6070//260 6071//260
f 6066//255 6071//255 6067//255
f 6067//261 6071//261 6072//261
f 6067//256 6072//256 6068//256
f 6068//930 6072//930 6073//262
f 6068//257 6073//257 6069//257
f 6069//263 6073//263 5935//263
f 6069//258 5935//258 5937//258
f 6070//264 6074//264 6071//264
f 6071//265 6074//265 6075//265
f 6071//261 6075//261 6072//261
f 6072//980 6075//266 6076//266
f 6072//930 6076//262 6073//262
f 6073//267 6076//267 5933//267
f 6073//263 5933//263 5935//263
f 6074//268 6077//269 6075//270
f 6075//270 6077//269 6078//271
f 6075//266 6078//266 6076//266
f 6076//272 6078//272 5931//272
f 6076//267 5931//267 5933//267
f 6077//273 6079//274 6078//275
f 6078//275 6079//274 5929//276
f 6078//272 5929//272 5931//272
f 6079//54 5927//54 5929//54
f 5920//277 6080//277 5918//277
f 5918//278 6080//278 6081//278
f 5918//39 6081//39 5916//39
f 5916//279 6081//279 6082//279
f 5916//37 6082//37 5914//37
f 5914//280 6082//280 6083//281
f 5914//35 6083//282 5912//34
f 5912//283 6083//283 6084//283
f 5912//32 6084//31 5910//31
f 5910//284 6084//284 5908//284
f 6080//285 6085//285 6081//285
f 6081//286 6085//286 6086//286
f 6081//279 6086//279 6082//279
f 6082//287 6086//287 6087//287
f 6082//280 6087//281 6083//281
f 6083//288 6087//289 6088//289
f 6083//283 6088//283 6084//283
f 6084//290 6088//291 6089//291
f 6084//284 6089//284 5908//284
f 5908//292 6089//292 5906//293
f 6085//294 6090//294 6086//294
f 6086//295 6090//295 6091//295
f 6086//287 6091//287 6087//287
f 6087//296 6091//296 6092//296
f 6087//289 6092//289 6088//289
f 6088//297 6092//297 6093//298
f 6088//291 6093//291 6089//291
f 6089//299 6093//299 6094//299
f 6089//292 6094//293 5906//293
f 5906//300 6094//300 5904//301
f 6090//302 6095//302 6091//302
f 6091//303 6095//303 6096//303
f 6091//296 6096//296 6092//296
f 6092//304 6096//304 6097//304
f 6092//297 6097//298 6093//298
f 6093//305 6097//305 6098//306
f 6093//299 6098//299 6094//299
f 6094//307 6098//307 6099//307
f 6094//300 6099//301 5904//301
f 5904//308 6099//309 5902//309
f 6095//310 6100//310 6096//310
f 6096//311 6100//311 6101//311
f 6096//304 6101//304 6097//304
f 6097//312 6101//312 6102//312
f 6097//305 6102//306 6098//306
f 6098//313 6102//313 6103//313
f 6098//307 6103//307 6099//307
f 6099//314 6103//314 6104//315
f 6099//309 6104//309 5902//309
f 5902//981 6104//316 5900//317
f 6100//318 6105//318 6101//318
f 6101//319 6105//319 6106//319
f 6101//312 6106//312 6102//312
f 6102//320 6106//320 6107//321
f 6102//313 6107//313 6103//313
f 6103//322 6107//322 6108//322
f 6103//314 6108//315 6104//315
f 6104//323 6108//323 6109//323
f 6104//316 6109//317 5900//317
f 5900//324 6109//324 5898//324
f 6105//325 6110//325 6106//325
f 6106//326 6110//326 6111//326
f 6106//320 6111//321 6107//321
f 6107//327 6111//327 6112//328
f 6107//322 6112//322 6108//322
f 6108//329 6112//329 6113//330
f 6108//323 6113//323 6109//323
f 6109//331 6113//331 6114//331
f 6109//324 6114//324 5898//324
f 5898//332 6114//332 5896//333
f 6110//334 6115//334 6111//334
f 6111//335 6115//335 6116//335
f 6111//327 6116//328 6112//328
f 6112//336 6116//336 6117//336
f 6112//329 6117//330 6113//330
f 6113//337 6117//337 6118//337
f 6113//331 6118//331 6114//331
f 6114//338 6118//338 6119//338
f 6114//332 6119//333 5896//333
f 5896//339 6119//339 5882//339
f 6115//340 6120//340 6116//340
f 6116//341 6120//341 6121//341
f 6116//336 6121//336 6117//336
f 6117//342 6121//342 6122//342
f 6117//337 6122//337 6118//337
f 6118//343 6122//344 6123//344
f 6118//338 6123//338 6119//338
f 6119//345 6123//345 6124//345
f 6119//339 6124//339 5882//339
f 5882//346 6124//346 5884//346
f 6120//347 6125//347 6121//347
f 6121//348 6125//348 6126//348
f 6121//342 6126//342 6122//342
f 6122//349 6126//349 6127//349
f 6122//344 6127//344 6123//344
f 6123//350 6127//350 6128//350
f 6123//345 6128//345 6124//345
f 6124//351 6128//351 5886//352
f 6124//346 5886//346 5884//346
f 6125//353 6129//353 6126//353
f 6126//354 6129//354 6130//354
f 6126//349 6130//349 6127//349
f 6127//355 6130//355 6131//355
f 6127//350 6131//350 6128//350
f 6128//356 6131//356 5888//357
f 6128//351 5888//352 5886//352
f 6129//358 6132//359 6130//360
f 6130//360 6132//359 6133//361
f 6130//355 6133//355 6131//355
f 6131//362 6133//362 5890//363
f 6131//356 5890//357 5888//357
f 6132//364 5894//365 6133//366
f 6133//366 5894//365 5892//367
f 6133//362 5892//363 5890//363
f 6134//368 6135//368 5894//368
f 5894//368 6135//368 6136//368
f 5894//368 6136//368 5895//368
f 5895//368 6136//368 6137//368
f 5895//368 6137//368 5968//368
f 5968//368 6137//368 6138//368
f 5968//368 6138//368 5966//368
f 5966//368 6138//368 6139//368
f 5966//368 6139//368 5965//368
f 5965//368 6139//368 6140//368
f 5965//368 6140//368 6025//368
f 6025//368 6140//368 6141//368
f 6025//368 6141//368 6030//368
f 6030//368 6141//368 6142//368
f 6030//368 6142//368 6035//368
f 6035//368 6142//368 6143//368
f 6035//368 6143//368 6040//368
f 6040//368 6143//368 6144//368
f 6040//368 6144//368 6045//368
f 6045//368 6144//368 6145//368
f 6045//368 6145//368 6050//368
f 6050//368 6145//368 6146//368
f 6050//368 6146//368 6055//368
f 6055//368 6146//368 6147//368
f 6055//368 6147//368 6060//368
f 6060//368 6147//368 6148//368
f 6060//368 6148//368 6065//368
f 6065//368 6148//368 6149//368
f 6065//368 6149//368 6070//368
f 6070//368 6149//368 6150//368
f 6070//368 6150//368 6074//368
f 6074//368 6150//368 6151//368
f 6074//368 6151//368 6077//368
f 6077//368 6151//368 6152//368
f 6077//368 6152//368 6079//368
f 6079//368 6152//368 6153//368
f 6079//368 6153//368 5927//368
f 5927//368 6153//368 6154//368
f 5927//368 6154//368 5925//368
f 5925//368 6154//368 6155//368
f 5925//368 6155//368 5923//368
f 5923//368 6155//368 6156//368
f 5923//368 6156//368 5921//368
f 5921//368 6156//368 6157//368
f 5921//368 6157//368 5920//368
f 5920//368 6157//368 6158//368
f 5920//368 6158//368 6080//368
f 6080//368 6158//368 6159//368
f 6080//368 6159//368 6085//368
f 6085//368 6159//368 6160//368
f 6085//368 6160//368 6090//368
f 6090//368 6160//368 6161//368
f 6090//368 6161//368 6095//368
f 6095//368 6161//368 6162//368
f 6095//368 6162//368 6100//368
f 6100//368 6162//368 6163//368
f 6100//368 6163//368 6105//368
f 6105//368 6163//368 6164//368
f 6105//368 6164//368 6110//368
f 6110//368 6164//368 6165//368
f 6110//368 6165//368 6115//368
f 6115//368 6165//368 6166//368
f 6115//368 6166//368 6120//368
f 6120//368 6166//368 6167//368
f 6120//368 6167//368 6125//368
f 6125//368 6167//368 6168//368
f 6125//368 6168//368 6129//368
f 6129//368 6168//368 6169//368
f 6129//368 6169//368 6132//368
f 6132//368 6169//368 6134//368
f 6132//368 6134//368 5894//368
f 6170//369 5881//369 6171//369
f 6171//369 5881//369 5883//369
f 6171//370 5883//370 6172//370
f 6172//370 5883//370 6024//370
f 6172//371 6024//371 6173//371
f 6173//371 6024//371 6022//371
f 6173//372 6022//372 6174//372
f 6174//372 6022//372 6019//372
f 6174//373 6019//373 6175//373
f 6175//373 6019//373 6015//373
f 6175//374 6015//374 6176//374
f 6176//374 6015//374 6010//374
f 6176//375 6010//375 6177//375
f 6177//375 6010//375 6005//375
f 6177//376 6005//376 6178//376
f 6178//376 6005//376 6000//376
f 6178//377 6000//377 6179//377
f 6179//377 6000//377 5954//377
f 6179//378 5954//378 6180//378
f 6180//378 5954//378 5952//378
f 6180//379 5952//379 6181//379
f 6181//379 5952//379 5950//379
f 6181//380 5950//380 6182//380
f 6182//380 5950//380 5948//380
f 6182//381 5948//381 6183//381
f 6183//381 5948//381 5946//381
f 6183//382 5946//382 6184//382
f 6184//382 5946//382 5944//382
f 6184//383 5944//383 6185//383
f 6185//383 5944//383 5942//383
f 6185//384 5942//384 6186//384
f 6186//384 5942//384 5940//384
f 6186//385 5940//385 6187//385
f 6187//385 5940//385 5938//385
f 6187//386 5938//386 6188//386
f 6188//386 5938//386 5999//386
f 6188//387 5999//387 6189//387
f 6189//387 5999//387 5997//387
f 6189//388 5997//388 6190//388
f 6190//388 5997//388 5994//388
f 6190//389 5994//389 6191//389
f 6191//389 5994//389 5990//389
f 6191//390 5990//390 6192//390
f 6192//390 5990//390 5985//390
f 6192//391 5985//391 6193//391
f 6193//391 5985//391 5980//391
f 6193//392 5980//392 6194//392
f 6194//392 5980//392 5975//392
f 6194//393 5975//393 6195//393
f 6195//393 5975//393 5970//393
f 6195//394 5970//394 6196//394
f 6196//394 5970//394 5909//394
f 6196//395 5909//395 6197//395
f 6197//395 5909//395 5907//395
f 6197//396 5907//396 6198//396
f 6198//396 5907//396 5905//396
f 6198//397 5905//397 6199//397
f 6199//397 5905//397 5903//397
f 6199//398 5903//398 6200//398
f 6200//398 5903//398 5901//398
f 6200//399 5901//399 6201//399
f 6201//399 5901//399 5899//399
f 6201//400 5899//400 6202//400
f 6202//400 5899//400 5897//400
f 6202//401 5897//401 6170//401
f 6170//401 5897//401 5881//401
f 6203//1 6204//1 6205//1
f 6205//2 6204//2 6206//2
f 6205//3 6206//3 6207//3
f 6207//4 6206//4 6208//4
f 6207//4 6208//4 6209//4
f 6209//5 6208//5 6210//5
f 6209//5 6210//5 6211//5
f 6211//7 6210//8 6212//8
f 6211//7 6212//8 6213//7
f 6213//9 6212//10 6214//10
f 6213//9 6214//10 6215//9
f 6215//11 6214//12 6216//13
f 6215//11 6216//13 6217//14
f 6204//15 6203//15 6218//15
f 6218//16 6203//16 6219//16
f 6218//17 6219//17 6220//17
f 6220//18 6219//18 6221//18
f 6220//19 6221//19 6222//19
f 6222//20 6221//20 6223//20
f 6222//21 6223//21 6224//21
f 6224//22 6223//22 6225//22
f 6224//23 6225//23 6226//23
f 6226//24 6225//24 6227//24
f 6226//25 6227//25 6228//25
f 6228//26 6227//26 6229//26
f 6228//27 6229//27 6230//27
f 6230//28 6229//28 6231//28
f 6230//797 6231//797 6232//797
f 6232//30 6231//30 6233//30
f 6232//31 6233//32 6234//32
f 6234//33 6233//33 6235//33
f 6234//34 6235//35 6236//35
f 6236//892 6235//892 6237//36
f 6236//37 6237//37 6238//37
f 6238//38 6237//38 6239//38
f 6238//39 6239//39 6240//39
f 6240//40 6239//40 6241//40
f 6240//41 6241//41 6242//41
f 6242//42 6241//42 6243//42
f 6243//43 6241//43 6244//43
f 6243//44 6244//44 6245//44
f 6245//45 6244//45 6246//45
f 6245//46 6246//47 6247//48
f 6247//48 6246//47 6248//49
f 6247//50 6248//51 6249//52
f 6249//52 6248//51 6250//53
f 6249//54 6250//54 6251//54
f 6251//55 6250//55 6252//55
f 6251//55 6252//55 6253//55
f 6253//58 6252//58 6254//58
f 6253//58 6254//58 6255//57
f 6255//59 6254//59 6256//59
f 6255//59 6256//59 6257//59
f 6257//60 6256//60 6258//60
f 6257//60 6258//60 6259//61
f 6259//62 6258//62 6260//62
f 6259//63 6260//63 6261//63
f 6261//64 6260//64 6262//64
f 6261//65 6262//65 6263//65
f 6263//66 6262//66 6264//66
f 6263//67 6264//67 6265//67
f 6265//68 6264//68 6266//68
f 6265//982 6266//982 6267//982
f 6267//70 6266//70 6268//70
f 6267//71 6268//71 6269//71
f 6269//72 6268//72 6270//72
f 6269//73 6270//73 6271//73
f 6271//74 6270//74 6272//74
f 6271//799 6272//799 6273//799
f 6273//76 6272//76 6274//76
f 6273//77 6274//77 6275//77
f 6275//78 6274//78 6276//78
f 6275//79 6276//79 6277//79
f 6277//800 6276//800 6278//800
f 6277//81 6278//81 6279//81
f 6279//82 6278//82 6280//82
f 6279//84 6280//84 6281//84
f 6281//85 6280//85 6282//85
f 6281//86 6282//86 6283//86
f 6283//87 6282//87 6284//893
f 6283//88 6284//89 6285//89
f 6285//90 6284//90 6286//90
f 6285//91 6286//91 6287//91
f 6287//92 6286//92 6288//92
f 6288//93 6286//93 6289//93
f 6288//94 6289//94 6290//94
f 6290//95 6289//95 6291//95
f 6290//96 6291//894 6217//98
f 6217//98 6291//894 6215//99
f 6231//100 6292//100 6233//100
f 6233//101 6292//101 6293//101
f 6233//33 6293//33 6235//33
f 6235//102 6293//102 6294//102
f 6235//892 6294//36 6237//36
f 6237//103 6294//104 6295//104
f 6237//38 6295//38 6239//38
f 6239//106 6295//106 6296//106
f 6239//40 6296//40 6241//40
f 6241//107 6296//107 6244//107
f 6292//108 6297//108 6293//108
f 6293//109 6297//109 6298//109
f 6293//102 6298//102 6294//102
f 6294//110 6298//110 6299//111
f 6294//104 6299//104 6295//104
f 6295//112 6299//112 6300//119
f 6295//106 6300//106 6296//106
f 6296//113 6300//113 6301//113
f 6296//107 6301//107 6244//107
f 6244//114 6301//114 6246//114
f 6297//115 6302//115 6298//115
f 6298//116 6302//116 6303//116
f 6298//110 6303//111 6299//111
f 6299//117 6303//117 6304//117
f 6299//112 6304//119 6300//119
f 6300//896 6304//896 6305//120
f 6300//113 6305//113 6301//113
f 6301//121 6305//121 6306//121
f 6301//114 6306//114 6246//114
f 6246//122 6306//122 6248//123
f 6302//124 6307//124 6303//124
f 6303//125 6307//125 6308//125
f 6303//117 6308//118 6304//117
f 6304//126 6308//126 6309//126
f 6304//896 6309//120 6305//120
f 6305//127 6309//127 6310//127
f 6305//121 6310//121 6306//121
f 6306//128 6310//128 6311//129
f 6306//122 6311//123 6248//123
f 6248//130 6311//130 6250//130
f 6307//131 6312//131 6308//131
f 6308//132 6312//132 6313//132
f 6308//126 6313//126 6309//126
f 6309//133 6313//133 6314//133
f 6309//127 6314//127 6310//127
f 6310//134 6314//134 6315//134
f 6310//128 6315//129 6311//129
f 6311//136 6315//136 6252//136
f 6311//130 6252//130 6250//130
f 6312//137 6316//137 6313//137
f 6313//138 6316//138 6317//138
f 6313//133 6317//139 6314//133
f 6314//140 6317//140 6318//140
f 6314//134 6318//134 6315//134
f 6315//141 6318//141 6254//141
f 6315//136 6254//136 6252//136
f 6316//142 6319//142 6317//142
f 6317//143 6319//143 6320//143
f 6317//140 6320//140 6318//140
f 6318//144 6320//144 6256//983
f 6318//141 6256//141 6254//141
f 6319//145 6321//145 6320//145
f 6320//146 6321//146 6258//146
f 6320//144 6258//983 6256//983
f 6321//62 6260//62 6258//62
f 6276//147 6322//147 6278//147
f 6278//148 6322//148 6323//148
f 6278//82 6323//83 6280//82
f 6280//149 6323//149 6324//150
f 6280//85 6324//85 6282//85
f 6282//151 6324//151 6325//151
f 6282//87 6325//893 6284//893
f 6284//153 6325//153 6326//154
f 6284//90 6326//801 6286//90
f 6286//155 6326//155 6289//155
f 6322//156 6327//156 6323//156
f 6323//157 6327//157 6328//157
f 6323//149 6328//150 6324//150
f 6324//159 6328//159 6329//159
f 6324//151 6329//152 6325//151
f 6325//160 6329//160 6330//160
f 6325//153 6330//154 6326//154
f 6326//161 6330//161 6331//162
f 6326//155 6331//155 6289//155
f 6289//163 6331//163 6291//163
f 6327//164 6332//164 6328//164
f 6328//165 6332//165 6333//165
f 6328//159 6333//159 6329//159
f 6329//167 6333//168 6334//168
f 6329//160 6334//160 6330//160
f 6330//979 6334//979 6335//169
f 6330//161 6335//162 6331//162
f 6331//170 6335//170 6336//170
f 6331//163 6336//163 6291//163
f 6291//171 6336//171 6215//171
f 6332//172 6337//172 6333//172
f 6333//173 6337//173 6338//173
f 6333//168 6338//168 6334//168
f 6334//174 6338//174 6339//174
f 6334//979 6339//169 6335//169
f 6335//175 6339//175 6340//175
f 6335//170 6340//170 6336//170
f 6336//176 6340//176 6213//176
f 6336//171 6213//171 6215//171
f 6337//177 6341//177 6338//177
f 6338//178 6341//178 6342//178
f 6338//174 6342//174 6339//174
f 6339//179 6342//179 6343//180
f 6339//175 6343//175 6340//175
f 6340//181 6343//181 6211//182
f 6340//176 6211//176 6213//176
f 6341//183 6344//183 6342//183
f 6342//184 6344//184 6345//184
f 6342//179 6345//180 6343//180
f 6343//185 6345//185 6209//185
f 6343//181 6209//182 6211//182
f 6344//186 6346//186 6345//186
f 6345//187 6346//187 6207//187
f 6345//185 6207//185 6209//185
f 6346//188 6205//188 6207//188
f 6287//818 6347//818 6285//818
f 6285//190 6347//190 6348//190
f 6285//89 6348//88 6283//88
f 6283//191 6348//191 6349//192
f 6283//86 6349//86 6281//86
f 6281//193 6349//193 6350//193
f 6281//84 6350//84 6279//84
f 6279//196 6350//197 6351//198
f 6279//81 6351//81 6277//81
f 6277//199 6351//199 6275//200
f 6347//201 6352//201 6348//201
f 6348//202 6352//202 6353//202
f 6348//191 6353//192 6349//192
f 6349//203 6353//203 6354//203
f 6349//193 6354//193 6350//193
f 6350//204 6354//204 6355//205
f 6350//197 6355//198 6351//198
f 6351//206 6355//206 6356//206
f 6351//199 6356//200 6275//200
f 6275//207 6356//207 6273//207
f 6352//208 6357//208 6353//208
f 6353//209 6357//209 6358//209
f 6353//203 6358//203 6354//203
f 6354//210 6358//210 6359//210
f 6354//204 6359//205 6355//205
f 6355//211 6359//211 6360//211
f 6355//206 6360//212 6356//206
f 6356//213 6360//213 6361//214
f 6356//207 6361//207 6273//207
f 6273//215 6361//215 6271//215
f 6357//216 6362//216 6358//216
f 6358//217 6362//217 6363//217
f 6358//210 6363//210 6359//210
f 6359//218 6363//218 6364//218
f 6359//211 6364//211 6360//211
f 6360//219 6364//219 6365//220
f 6360//213 6365//214 6361//214
f 6361//221 6365//221 6366//221
f 6361//215 6366//215 6271//215
f 6271//223 6366//223 6269//224
f 6362//225 6367//225 6363//225
f 6363//226 6367//226 6368//226
f 6363//218 6368//218 6364//218
f 6364//227 6368//227 6369//227
f 6364//219 6369//220 6365//220
f 6365//228 6369//228 6370//228
f 6365//221 6370//221 6366//221
f 6366//229 6370//229 6371//229
f 6366//223 6371//224 6269//224
f 6269//230 6371//230 6267//230
f 6367//231 6372//231 6368//231
f 6368//232 6372//232 6373//232
f 6368//227 6373//227 6369//227
f 6369//233 6373//233 6374//233
f 6369//228 6374//228 6370//228
f 6370//234 6374//234 6375//235
f 6370//229 6375//229 6371//229
f 6371//236 6375//236 6376//236
f 6371//230 6376//899 6267//230
f 6267//237 6376//237 6265//237
f 6372//238 6377//238 6373//238
f 6373//239 6377//239 6378//239
f 6373//233 6378//233 6374//233
f 6374//240 6378//240 6379//240
f 6374//234 6379//235 6375//235
f 6375//241 6379//241 6380//242
f 6375//236 6380//236 6376//236
f 6376//244 6380//244 6381//244
f 6376//237 6381//237 6265//237
f 6265//245 6381//246 6263//246
f 6377//247 6382//247 6378//247
f 6378//248 6382//248 6383//248
f 6378//240 6383//240 6379//240
f 6379//249 6383//249 6384//249
f 6379//241 6384//242 6380//242
f 6380//250 6384//250 6385//250
f 6380//244 6385//244 6381//244
f 6381//251 6385//251 6386//251
f 6381//246 6386//246 6263//246
f 6263//252 6386//252 6261//252
f 6382//253 6387//253 6383//253
f 6383//254 6387//254 6388//254
f 6383//249 6388//249 6384//249
f 6384//255 6388//255 6389//255
f 6384//250 6389//250 6385//250
f 6385//256 6389//256 6390//256
f 6385//251 6390//251 6386//251
f 6386//257 6390//257 6391//257
f 6386//252 6391//252 6261//252
f 6261//258 6391//258 6259//258
f 6387//259 6392//259 6388//259
f 6388//260 6392//260 6393//260
f 6388//255 6393//255 6389//255
f 6389//261 6393//261 6394//261
f 6389//256 6394//256 6390//256
f 6390//930 6394//930 6395//262
f 6390//257 6395//257 6391//257
f 6391//263 6395//263 6257//263
f 6391//258 6257//258 6259//258
f 6392//264 6396//264 6393//264
f 6393//265 6396//265 6397//265
f 6393//261 6397//261 6394//261
f 6394//266 6397//266 6398//266
f 6394//930 6398//262 6395//262
f 6395//267 6398//267 6255//267
f 6395//263 6255//263 6257//263
f 6396//268 6399//269 6397//270
f 6397//270 6399//269 6400//271
f 6397//266 6400//266 6398//266
f 6398//272 6400//272 6253//272
f 6398//267 6253//267 6255//267
f 6399//273 6401//274 6400//275
f 6400//275 6401//274 6251//276
f 6400//272 6251//272 6253//272
f 6401//54 6249//54 6251//54
f 6242//277 6402//277 6240//277
f 6240//278 6402//278 6403//278
f 6240//39 6403//39 6238//39
f 6238//279 6403//279 6404//279
f 6238//37 6404//37 6236//37
f 6236//280 6404//280 6405//281
f 6236//35 6405//282 6234//34
f 6234//283 6405//283 6406//283
f 6234//32 6406//31 6232//31
f 6232//284 6406//284 6230//284
f 6402//285 6407//285 6403//285
f 6403//286 6407//286 6408//286
f 6403//279 6408//279 6404//279
f 6404//287 6408//287 6409//287
f 6404//280 6409//281 6405//281
f 6405//288 6409//289 6410//289
f 6405//283 6410//283 6406//283
f 6406//290 6410//291 6411//291
f 6406//284 6411//284 6230//284
f 6230//292 6411//292 6228//293
f 6407//294 6412//294 6408//294
f 6408//295 6412//295 6413//295
f 6408//287 6413//287 6409//287
f 6409//296 6413//296 6414//296
f 6409//289 6414//289 6410//289
f 6410//297 6414//297 6415//298
f 6410//291 6415//291 6411//291
f 6411//299 6415//299 6416//299
f 6411//292 6416//293 6228//293
f 6228//300 6416//300 6226//301
f 6412//302 6417//302 6413//302
f 6413//303 6417//303 6418//303
f 6413//296 6418//296 6414//296
f 6414//304 6418//304 6419//304
f 6414//297 6419//298 6415//298
f 6415//305 6419//305 6420//305
f 6415//299 6420//299 6416//299
f 6416//307 6420//307 6421//307
f 6416//300 6421//301 6226//301
f 6226//309 6421//309 6224//309
f 6417//310 6422//310 6418//310
f 6418//311 6422//311 6423//311
f 6418//304 6423//304 6419//304
f 6419//312 6423//312 6424//312
f 6419//305 6424//305 6420//305
f 6420//313 6424//313 6425//313
f 6420//307 6425//307 6421//307
f 6421//315 6425//315 6426//314
f 6421//309 6426//829 6224//309
f 6224//316 6426//316 6222//317
f 6422//318 6427//318 6423//318
f 6423//319 6427//319 6428//319
f 6423//312 6428//312 6424//312
f 6424//320 6428//320 6429//321
f 6424//313 6429//313 6425//313
f 6425//322 6429//322 6430//322
f 6425//315 6430//900 6426//314
f 6426//323 6430//323 6431//323
f 6426//316 6431//317 6222//317
f 6222//324 6431//324 6220//324
f 6427//325 6432//325 6428//325
f 6428//326 6432//326 6433//326
f 6428//320 6433//321 6429//321
f 6429//327 6433//327 6434//328
f 6429//322 6434//322 6430//322
f 6430//329 6434//329 6435//330
f 6430//323 6435//323 6431//323
f 6431//331 6435//331 6436//331
f 6431//324 6436//324 6220//324
f 6220//333 6436//333 6218//333
f 6432//334 6437//334 6433//334
f 6433//335 6437//335 6438//335
f 6433//327 6438//328 6434//328
f 6434//336 6438//336 6439//336
f 6434//329 6439//330 6435//330
f 6435//337 6439//337 6440//337
f 6435//331 6440//331 6436//331
f 6436//338 6440//338 6441//338
f 6436//333 6441//333 6218//333
f 6218//339 6441//339 6204//339
f 6437//832 6442//832 6438//832
f 6438//341 6442//341 6443//341
f 6438//336 6443//336 6439//336
f 6439//342 6443//342 6444//342
f 6439//337 6444//337 6440//337
f 6440//343 6444//344 6445//344
f 6440//338 6445//338 6441//338
f 6441//345 6445//345 6446//345
f 6441//339 6446//339 6204//339
f 6204//346 6446//346 6206//346
f 6442//833 6447//833 6443//833
f 6443//348 6447//348 6448//348
f 6443//342 6448//342 6444//342
f 6444//349 6448//349 6449//349
f 6444//344 6449//344 6445//344
f 6445//350 6449//350 6450//350
f 6445//345 6450//901 6446//345
f 6446//351 6450//351 6208//352
f 6446//346 6208//346 6206//346
f 6447//353 6451//353 6448//353
f 6448//354 6451//354 6452//354
f 6448//349 6452//349 6449//349
f 6449//355 6452//355 6453//355
f 6449//350 6453//350 6450//350
f 6450//356 6453//356 6210//357
f 6450//351 6210//352 6208//352
f 6451//358 6454//359 6452//902
f 6452//902 6454//359 6455//361
f 6452//355 6455//355 6453//355
f 6453//362 6455//362 6212//363
f 6453//356 6212//357 6210//357
f 6454//364 6216//365 6455//366
f 6455//366 6216//365 6214//367
f 6455//362 6214//363 6212//363
f 6456//368 6457//368 6216//368
f 6216//368 6457//368 6458//368
f 6216//368 6458//368 6217//368
f 6217//368 6458//368 6459//368
f 6217//368 6459//368 6290//368
f 6290//368 6459//368 6460//368
f 6290//368 6460//368 6288//368
f 6288//368 6460//368 6461//368
f 6288//368 6461//368 6287//368
f 6287//368 6461//368 6462//368
f 6287//368 6462//368 6347//368
f 6347//368 6462//368 6463//368
f 6347//368 6463//368 6352//368
f 6352//368 6463//368 6464//368
f 6352//368 6464//368 6357//368
f 6357//368 6464//368 6465//368
f 6357//368 6465//368 6362//368
f 6362//368 6465//368 6466//368
f 6362//368 6466//368 6367//368
f 6367//368 6466//368 6467//368
f 6367//368 6467//368 6372//368
f 6372//368 6467//368 6468//368
f 6372//368 6468//368 6377//368
f 6377//368 6468//368 6469//368
f 6377//368 6469//368 6382//368
f 6382//368 6469//368 6470//368
f 6382//368 6470//368 6387//368
f 6387//368 6470//368 6471//368
f 6387//368 6471//368 6392//368
f 6392//368 6471//368 6472//368
f 6392//368 6472//368 6396//368
f 6396//368 6472//368 6473//368
f 6396//368 6473//368 6399//368
f 6399//368 6473//368 6474//368
f 6399//368 6474//368 6401//368
f 6401//368 6474//368 6475//368
f 6401//368 6475//368 6249//368
f 6249//368 6475//368 6476//368
f 6249//368 6476//368 6247//368
f 6247//368 6476//368 6477//368
f 6247//368 6477//368 6245//368
f 6245//368 6477//368 6478//368
f 6245//368 6478//368 6243//368
f 6243//368 6478//368 6479//368
f 6243//368 6479//368 6242//368
f 6242//368 6479//368 6480//368
f 6242//368 6480//368 6402//368
f 6402//368 6480//368 6481//368
f 6402//368 6481//368 6407//368
f 6407//368 6481//368 6482//368
f 6407//368 6482//368 6412//368
f 6412//368 6482//368 6483//368
f 6412//368 6483//368 6417//368
f 6417//368 6483//368 6484//368
f 6417//368 6484//368 6422//368
f 6422//368 6484//368 6485//368
f 6422//368 6485//368 6427//368
f 6427//368 6485//368 6486//368
f 6427//368 6486//368 6432//368
f 6432//368 6486//368 6487//368
f 6432//368 6487//368 6437//368
f 6437//368 6487//368 6488//368
f 6437//368 6488//368 6442//368
f 6442//368 6488//368 6489//368
f 6442//368 6489//368 6447//368
f 6447//368 6489//368 6490//368
f 6447//368 6490//368 6451//368
f 6451//368 6490//368 6491//368
f 6451//368 6491//368 6454//368
f 6454//368 6491//368 6456//368
f 6454//368 6456//368 6216//368
f 6492//369 6203//369 6493//369
f 6493//369 6203//369 6205//369
f 6493//370 6205//370 6494//370
f 6494//370 6205//370 6346//370
f 6494//371 6346//371 6495//371
f 6495//371 6346//371 6344//371
f 6495//372 6344//372 6496//372
f 6496//372 6344//372 6341//372
f 6496//373 6341//373 6497//373
f 6497//373 6341//373 6337//373
f 6497//374 6337//374 6498//374
f 6498//374 6337//374 6332//374
f 6498//375 6332//375 6499//375
f 6499//375 6332//375 6327//375
f 6499//376 6327//376 6500//376
f 6500//376 6327//376 6322//376
f 6500//377 6322//377 6501//377
f 6501//377 6322//377 6276//377
f 6501//378 6276//378 6502//378
f 6502//378 6276//378 6274//378
f 6502//379 6274//379 6503//379
f 6503//379 6274//379 6272//379
f 6503//380 6272//380 6504//380
f 6504//380 6272//380 6270//380
f 6504//381 6270//381 6505//381
f 6505//381 6270//381 6268//381
f 6505//382 6268//382 6506//382
f 6506//382 6268//382 6266//382
f 6506//383 6266//383 6507//383
f 6507//383 6266//383 6264//383
f 6507//384 6264//384 6508//384
f 6508//384 6264//384 6262//384
f 6508//385 6262//385 6509//385
f 6509//385 6262//385 6260//385
f 6509//386 6260//386 6510//386
f 6510//386 6260//386 6321//386
f 6510//387 6321//387 6511//387
f 6511//387 6321//387 6319//387
f 6511//388 6319//388 6512//388
f 6512//388 6319//388 6316//388
f 6512//389 6316//389 6513//389
f 6513//389 6316//389 6312//389
f 6513//390 6312//390 6514//390
f 6514//390 6312//390 6307//390
f 6514//391 6307//391 6515//391
f 6515//391 6307//391 6302//391
f 6515//392 6302//392 6516//392
f 6516//392 6302//392 6297//392
f 6516//393 6297//393 6517//393
f 6517//393 6297//393 6292//393
f 6517//394 6292//394 6518//394
f 6518//394 6292//394 6231//394
f 6518//395 6231//395 6519//395
f 6519//395 6231//395 6229//395
f 6519//396 6229//396 6520//396
f 6520//396 6229//396 6227//396
f 6520//397 6227//397 6521//397
f 6521//397 6227//397 6225//397
f 6521//398 6225//398 6522//398
f 6522//398 6225//398 6223//398
f 6522//399 6223//399 6523//399
f 6523//399 6223//399 6221//399
f 6523//400 6221//400 6524//400
f 6524//400 6221//400 6219//400
f 6524//401 6219//401 6492//401
f 6492//401 6219//401 6203//401
f 6525//402 6526//402 6527//402
f 6527//402 6526//402 6528//402
f 6527//403 6528//403 6529//403
f 6529//403 6528//403 6530//403
f 6529//404 6530//404 6531//404
f 6531//404 6530//404 6532//404
f 6531//405 6532//405 6533//405
f 6533//405 6532//405 6534//405
f 6533//406 6534//406 6535//406
f 6535//406 6534//406 6536//406
f 6535//408 6536//408 6537//407
f 6537//407 6536//408 6538//407
f 6537//409 6538//409 6539//410
f 6539//410 6538//409 6540//410
f 6539//411 6540//411 6541//411
f 6541//411 6540//411 6542//411
f 6541//412 6542//412 6543//412
f 6543//412 6542//412 6544//412
f 6543//414 6544//414 6545//414
f 6545//414 6544//414 6546//414
f 6545//984 6546//984 6547//417
f 6547//417 6546//984 6548//985
f 6547//986 6548//986 6549//419
f 6549//419 6548//986 6550//419
f 6549//420 6550//421 6551//421
f 6551//421 6550//421 6552//421
f 6551//422 6552//422 6553//422
f 6553//422 6552//422 6554//422
f 6553//423 6554//423 6555//423
f 6555//423 6554//423 6556//424
f 6555//426 6556//426 6557//425
f 6557//425 6556//426 6558//425
f 6557//427 6558//427 6559//427
f 6559//427 6558//427 6560//427
f 6559//428 6560//428 6561//903
f 6561//903 6560//428 6562//903
f 6561//429 6562//429 6563//429
f 6563//429 6562//429 6564//429
f 6563//430 6564//430 6565//430
f 6565//430 6564//430 6566//430
f 6565//431 6566//431 6567//431
f 6567//431 6566//431 6568//431
f 6567//432 6568//432 6569//432
f 6569//432 6568//432 6570//432
f 6569//433 6570//433 6571//433
f 6571//433 6570//433 6572//433
f 6571//434 6572//434 6573//434
f 6573//434 6572//434 6574//434
f 6573//436 6574//436 6575//435
f 6575//435 6574//436 6576//435
f 6575//437 6576//437 6577//438
f 6577//438 6576//437 6578//438
f 6577//439 6578//439 6579//439
f 6579//439 6578//439 6580//439
f 6579//440 6580//440 6581//440
f 6581//440 6580//440 6582//440
f 6581//904 6582//441 6583//987
f 6583//987 6582//441 6584//987
f 6583//841 6584//841 6585//841
f 6585//841 6584//841 6586//443
f 6585//842 6586//842 6587//446
f 6587//446 6586//842 6588//446
f 6587//447 6588//448 6589//448
f 6589//448 6588//448 6590//448
f 6589//449 6590//449 6591//449
f 6591//449 6590//449 6592//449
f 6591//450 6592//450 6593//450
f 6593//450 6592//450 6594//451
f 6593//453 6594//453 6595//452
f 6595//452 6594//453 6596//452
f 6595//454 6596//454 6597//454
f 6597//454 6596//454 6598//454
f 6597//455 6598//455 6599//455
f 6599//455 6598//455 6600//455
f 6599//457 6600//457 6525//457
f 6525//457 6600//457 6526//457
f 6456//458 6601//459 6457//460
f 6457//460 6601//459 6602//461
f 6457//462 6602//463 6603//464
f 6603//465 6602//465 6604//465
f 6603//465 6604//465 6605//465
f 6605//466 6604//466 6606//466
f 6605//466 6606//466 6607//466
f 6607//467 6606//467 6608//467
f 6607//467 6608//467 6609//467
f 6609//468 6608//468 6528//468
f 6609//468 6528//468 6526//468
f 6601//469 6456//470 6610//471
f 6610//471 6456//470 6491//472
f 6610//473 6491//473 6611//473
f 6611//474 6491//474 6490//474
f 6611//475 6490//475 6612//475
f 6612//476 6490//476 6489//476
f 6612//477 6489//477 6613//477
f 6613//478 6489//478 6488//478
f 6613//479 6488//479 6614//479
f 6614//480 6488//480 6487//480
f 6614//481 6487//481 6615//481
f 6615//482 6487//482 6486//482
f 6615//483 6486//483 6616//483
f 6616//484 6486//484 6485//484
f 6616//485 6485//485 6617//485
f 6617//486 6485//486 6484//486
f 6617//487 6484//487 6618//487
f 6618//488 6484//488 6483//488
f 6618//489 6483//489 6619//489
f 6619//490 6483//490 6482//490
f 6619//491 6482//491 6620//491
f 6620//492 6482//492 6481//492
f 6620//493 6481//493 6621//493
f 6621//494 6481//494 6480//494
f 6621//495 6480//495 6622//495
f 6622//496 6480//496 6479//496
f 6622//497 6479//497 6623//497
f 6623//498 6479//498 6478//498
f 6623//499 6478//499 6624//499
f 6624//500 6478//500 6477//500
f 6624//501 6477//501 6625//501
f 6625//502 6477//503 6476//504
f 6625//502 6476//504 6626//505
f 6626//506 6476//507 6475//508
f 6626//506 6475//508 6627//509
f 6627//510 6475//511 6628//512
f 6627//513 6628//513 6629//513
f 6629//514 6628//514 6630//514
f 6629//515 6630//515 6631//515
f 6631//516 6630//516 6632//516
f 6631//517 6632//517 6633//517
f 6633//518 6632//518 6634//518
f 6633//519 6634//519 6574//519
f 6574//520 6634//520 6576//905
f 6475//511 6474//522 6628//512
f 6628//523 6474//524 6635//525
f 6628//514 6635//514 6630//514
f 6630//526 6635//526 6636//526
f 6630//516 6636//516 6632//516
f 6632//527 6636//527 6637//528
f 6632//518 6637//518 6634//518
f 6634//529 6637//529 6638//529
f 6634//520 6638//905 6576//905
f 6576//530 6638//530 6578//531
f 6474//524 6473//532 6635//525
f 6635//533 6473//533 6639//533
f 6635//526 6639//526 6636//526
f 6636//534 6639//534 6640//534
f 6636//527 6640//528 6637//528
f 6637//536 6640//536 6641//536
f 6637//529 6641//529 6638//529
f 6638//537 6641//537 6642//537
f 6638//530 6642//531 6578//531
f 6578//538 6642//538 6580//539
f 6473//540 6472//540 6639//540
f 6639//541 6472//541 6643//541
f 6639//534 6643//534 6640//534
f 6640//542 6643//542 6644//542
f 6640//536 6644//536 6641//536
f 6641//543 6644//543 6645//543
f 6641//537 6645//537 6642//537
f 6642//544 6645//544 6646//544
f 6642//538 6646//539 6580//539
f 6580//545 6646//545 6582//545
f 6472//546 6471//546 6643//546
f 6643//547 6471//547 6647//547
f 6643//542 6647//542 6644//542
f 6644//548 6647//548 6648//548
f 6644//543 6648//543 6645//543
f 6645//860 6648//860 6649//551
f 6645//544 6649//859 6646//544
f 6646//552 6649//552 6650//552
f 6646//545 6650//545 6582//545
f 6582//553 6650//553 6584//553
f 6471//555 6470//555 6647//555
f 6647//556 6470//556 6651//556
f 6647//548 6651//549 6648//548
f 6648//557 6651//557 6652//557
f 6648//860 6652//551 6649//551
f 6649//558 6652//558 6653//558
f 6649//552 6653//552 6650//552
f 6650//559 6653//559 6654//559
f 6650//553 6654//553 6584//553
f 6584//560 6654//560 6586//560
f 6470//561 6469//561 6651//561
f 6651//562 6469//562 6655//562
f 6651//557 6655//557 6652//557
f 6652//563 6655//563 6656//563
f 6652//558 6656//558 6653//558
f 6653//564 6656//564 6657//564
f 6653//559 6657//559 6654//559
f 6654//566 6657//566 6658//566
f 6654//560 6658//560 6586//560
f 6586//567 6658//567 6588//567
f 6469//568 6468//568 6655//568
f 6655//569 6468//569 6659//569
f 6655//563 6659//563 6656//563
f 6656//570 6659//570 6660//571
f 6656//564 6660//564 6657//564
f 6657//572 6660//572 6661//572
f 6657//566 6661//566 6658//566
f 6658//574 6661//574 6662//574
f 6658//567 6662//567 6588//567
f 6588//575 6662//575 6590//576
f 6468//577 6467//577 6659//577
f 6659//578 6467//578 6663//578
f 6659//570 6663//571 6660//571
f 6660//579 6663//579 6664//579
f 6660//572 6664//572 6661//572
f 6661//580 6664//580 6665//581
f 6661//574 6665//574 6662//574
f 6662//582 6665//582 6666//582
f 6662//575 6666//576 6590//576
f 6590//583 6666//583 6592//583
f 6467//584 6466//584 6663//584
f 6663//585 6466//585 6667//585
f 6663//579 6667//579 6664//579
f 6664//587 6667//587 6668//587
f 6664//580 6668//581 6665//581
f 6665//588 6668//588 6669//588
f 6665//582 6669//582 6666//582
f 6666//589 6669//589 6670//590
f 6666//583 6670//583 6592//583
f 6592//591 6670//591 6594//592
f 6466//593 6465//593 6667//593
f 6667//594 6465//594 6671//594
f 6667//587 6671//587 6668//587
f 6668//595 6671//595 6672//595
f 6668//588 6672//588 6669//588
f 6669//596 6672//596 6673//596
f 6669//589 6673//590 6670//590
f 6670//597 6673//597 6674//598
f 6670//591 6674//592 6594//592
f 6594//599 6674//599 6596//600
f 6465//601 6464//601 6671//601
f 6671//602 6464//602 6675//602
f 6671//595 6675//595 6672//595
f 6672//603 6675//603 6676//603
f 6672//596 6676//596 6673//596
f 6673//604 6676//604 6677//612
f 6673//597 6677//598 6674//598
f 6674//607 6677//607 6678//607
f 6674//599 6678//600 6596//600
f 6596//608 6678//608 6598//608
f 6464//609 6463//609 6675//609
f 6675//610 6463//610 6679//610
f 6675//603 6679//603 6676//603
f 6676//611 6679//611 6680//611
f 6676//604 6680//612 6677//612
f 6677//613 6680//613 6681//613
f 6677//607 6681//607 6678//607
f 6678//615 6681//615 6682//615
f 6678//608 6682//608 6598//608
f 6598//616 6682//616 6600//616
f 6463//617 6462//617 6679//617
f 6679//618 6462//618 6683//618
f 6679//611 6683//611 6680//611
f 6680//619 6683//619 6684//619
f 6680//613 6684//613 6681//613
f 6681//620 6684//620 6685//875
f 6681//615 6685//615 6682//615
f 6682//621 6685//621 6686//621
f 6682//616 6686//616 6600//616
f 6600//622 6686//622 6526//622
f 6462//623 6461//623 6683//623
f 6683//624 6461//624 6687//624
f 6683//619 6687//619 6684//619
f 6684//625 6687//625 6688//625
f 6684//620 6688//875 6685//875
f 6685//626 6688//626 6689//626
f 6685//621 6689//621 6686//621
f 6686//628 6689//628 6609//629
f 6686//622 6609//622 6526//622
f 6461//630 6460//630 6687//630
f 6687//631 6460//631 6690//631
f 6687//625 6690//625 6688//625
f 6688//632 6690//632 6691//632
f 6688//626 6691//626 6689//626
f 6689//633 6691//633 6607//634
f 6689//628 6607//629 6609//629
f 6460//635 6459//635 6690//635
f 6690//636 6459//636 6692//636
f 6690//632 6692//632 6691//632
f 6691//637 6692//637 6605//637
f 6691//633 6605//634 6607//634
f 6459//638 6458//639 6692//640
f 6692//640 6458//639 6603//641
f 6692//637 6603//637 6605//637
f 6458//642 6457//462 6603//464
f 6566//643 6693//643 6568//643
f 6568//643 6693//643 6694//643
f 6568//644 6694//644 6570//644
f 6570//644 6694//644 6695//644
f 6570//645 6695//645 6572//877
f 6572//877 6695//645 6633//877
f 6572//519 6633//519 6574//519
f 6693//646 6696//646 6694//646
f 6694//646 6696//646 6697//646
f 6694//647 6697//647 6695//648
f 6695//648 6697//647 6631//648
f 6695//517 6631//517 6633//517
f 6693//649 6566//649 6698//649
f 6698//649 6566//649 6564//649
f 6698//650 6564//650 6699//650
f 6699//650 6564//650 6562//650
f 6699//907 6562//907 6700//651
f 6700//651 6562//907 6560//651
f 6700//652 6560//652 6701//652
f 6701//652 6560//652 6558//652
f 6701//908 6558//654 6702//654
f 6702//654 6558//654 6556//654
f 6702//655 6556//655 6703//656
f 6703//656 6556//655 6554//656
f 6703//657 6554//657 6704//657
f 6704//657 6554//657 6552//657
f 6704//658 6552//658 6705//658
f 6705//658 6552//658 6550//659
f 6705//661 6550//661 6706//661
f 6706//661 6550//661 6548//661
f 6706//922 6548//922 6707//662
f 6707//662 6548//922 6546//662
f 6707//879 6546//879 6708//664
f 6708//664 6546//879 6544//664
f 6708//666 6544//666 6709//665
f 6709//665 6544//666 6542//665
f 6709//667 6542//668 6710//669
f 6710//669 6542//668 6540//669
f 6710//670 6540//670 6711//671
f 6711//671 6540//670 6538//671
f 6711//673 6538//673 6712//673
f 6712//673 6538//673 6536//673
f 6712//674 6536//674 6713//674
f 6713//674 6536//674 6534//674
f 6713//676 6534//676 6714//676
f 6714//676 6534//676 6532//676
f 6714//677 6532//677 6715//677
f 6715//677 6532//677 6530//677
f 6715//678 6530//678 6608//678
f 6608//678 6530//678 6528//678
f 6696//679 6716//679 6697//679
f 6697//679 6716//679 6629//679
f 6697//515 6629//515 6631//515
f 6696//680 6693//680 6717//680
f 6717//680 6693//680 6698//680
f 6717//681 6698//681 6718//682
f 6718//682 6698//681 6699//682
f 6718//683 6699//683 6719//683
f 6719//683 6699//683 6700//683
f 6719//684 6700//684 6720//910
f 6720//910 6700//684 6701//910
f 6720//685 6701//685 6721//911
f 6721//911 6701//685 6702//911
f 6721//686 6702//686 6722//687
f 6722//687 6702//686 6703//687
f 6722//688 6703//688 6723//689
f 6723//689 6703//688 6704//689
f 6723//690 6704//691 6724//691
f 6724//691 6704//691 6705//691
f 6724//692 6705//692 6725//692
f 6725//692 6705//692 6706//692
f 6725//694 6706//694 6726//693
f 6726//693 6706//694 6707//693
f 6726//695 6707//695 6727//695
f 6727//695 6707//695 6708//695
f 6727//697 6708//697 6728//697
f 6728//697 6708//697 6709//697
f 6728//698 6709//698 6729//699
f 6729//699 6709//698 6710//699
f 6729//700 6710//700 6730//700
f 6730//700 6710//700 6711//700
f 6730//701 6711//701 6731//701
f 6731//701 6711//701 6712//701
f 6731//702 6712//702 6732//702
f 6732//702 6712//702 6713//702
f 6732//703 6713//703 6733//703
f 6733//703 6713//703 6714//703
f 6733//704 6714//704 6734//705
f 6734//705 6714//704 6715//705
f 6734//706 6715//706 6606//706
f 6606//706 6715//706 6608//706
f 6626//707 6627//707 6716//707
f 6716//513 6627//513 6629//513
f 6716//708 6696//708 6735//708
f 6735//708 6696//708 6717//708
f 6735//912 6717//709 6736//710
f 6736//710 6717//709 6718//710
f 6736//913 6718//913 6737//711
f 6737//711 6718//913 6719//711
f 6737//712 6719//712 6738//712
f 6738//712 6719//712 6720//712
f 6738//714 6720//714 6739//714
f 6739//714 6720//714 6721//714
f 6739//715 6721//715 6740//716
f 6740//716 6721//715 6722//716
f 6740//717 6722//717 6741//718
f 6741//718 6722//717 6723//718
f 6741//719 6723//719 6742//719
f 6742//719 6723//719 6724//719
f 6742//720 6724//720 6743//721
f 6743//721 6724//720 6725//721
f 6743//988 6725//722 6744//722
f 6744//722 6725//722 6726//722
f 6744//989 6726//989 6745//723
f 6745//723 6726//989 6727//723
f 6745//724 6727//724 6746//724
f 6746//724 6727//724 6728//724
f 6746//725 6728//725 6747//727
f 6747//727 6728//725 6729//727
f 6747//729 6729//729 6748//729
f 6748//729 6729//729 6730//729
f 6748//730 6730//730 6749//731
f 6749//731 6730//730 6731//731
f 6749//990 6731//732 6750//732
f 6750//732 6731//732 6732//732
f 6750//733 6732//733 6751//733
f 6751//733 6732//733 6733//733
f 6751//914 6733//734 6752//734
f 6752//734 6733//734 6734//734
f 6752//735 6734//735 6604//735
f 6604//735 6734//735 6606//735
f 6752//736 6604//736 6602//736
f 6752//736 6602//736 6601//736
f 6625//737 6626//737 6735//737
f 6735//707 6626//707 6716//707
f 6625//737 6735//737 6736//737
f 6624//738 6625//738 6736//738
f 6624//738 6736//738 6737//738
f 6623//739 6624//739 6737//739
f 6623//739 6737//739 6738//739
f 6622//740 6623//740 6738//740
f 6622//740 6738//740 6739//740
f 6621//741 6622//741 6739//741
f 6621//741 6739//741 6740//741
f 6620//742 6621//742 6740//742
f 6620//742 6740//742 6741//742
f 6619//743 6620//743 6741//743
f 6619//743 6741//743 6742//743
f 6618//744 6619//744 6742//744
f 6618//744 6742//744 6743//744
f 6617//745 6618//991 6743//745
f 6617//745 6743//745 6744//745
f 6616//746 6617//746 6744//746
f 6616//746 6744//746 6745//746
f 6615//747 6616//747 6745//747
f 6615//747 6745//747 6746//747
f 6614//748 6615//748 6746//748
f 6614//748 6746//748 6747//748
f 6613//749 6614//750 6747//750
f 6613//749 6747//750 6748//749
f 6612//751 6613//751 6748//751
f 6612//751 6748//751 6749//751
f 6611//752 6612//752 6749//752
f 6611//752 6749//752 6750//752
f 6610//753 6611//753 6750//753
f 6610//753 6750//753 6751//753
f 6601//754 6610//754 6751//754
f 6601//754 6751//754 6752//754
f 6753//755 6525//755 6754//755
f 6754//755 6525//755 6527//755
f 6754//756 6527//756 6755//756
f 6755//756 6527//756 6529//756
f 6755//757 6529//757 6756//757
f 6756//757 6529//757 6531//757
f 6756//758 6531//758 6757//758
f 6757//758 6531//758 6533//758
f 6757//759 6533//759 6758//759
f 6758//759 6533//759 6535//759
f 6758//760 6535//760 6759//760
f 6759//760 6535//760 6537//760
f 6759//761 6537//761 6760//761
f 6760//761 6537//761 6539//761
f 6760//762 6539//762 6761//762
f 6761//762 6539//762 6541//762
f 6761//763 6541//763 6762//763
f 6762//763 6541//763 6543//763
f 6762//764 6543//764 6763//764
f 6763//764 6543//764 6545//764
f 6763//765 6545//765 6764//765
f 6764//765 6545//765 6547//765
f 6764//766 6547//766 6765//766
f 6765//766 6547//766 6549//766
f 6765//767 6549//767 6766//767
f 6766//767 6549//767 6551//767
f 6766//768 6551//768 6767//768
f 6767//768 6551//768 6553//768
f 6767//769 6553//769 6768//769
f 6768//769 6553//769 6555//769
f 6768//770 6555//770 6769//770
f 6769//770 6555//770 6557//770
f 6769//771 6557//771 6770//771
f 6770//771 6557//771 6559//771
f 6770//772 6559//772 6771//772
f 6771//772 6559//772 6561//772
f 6771//773 6561//773 6772//773
f 6772//773 6561//773 6563//773
f 6772//774 6563//774 6773//774
f 6773//774 6563//774 6565//774
f 6773//775 6565//775 6774//775
f 6774//775 6565//775 6567//775
f 6774//776 6567//776 6775//776
f 6775//776 6567//776 6569//776
f 6775//777 6569//777 6776//777
f 6776//777 6569//777 6571//777
f 6776//778 6571//778 6777//778
f 6777//778 6571//778 6573//778
f 6777//779 6573//779 6778//779
f 6778//779 6573//779 6575//779
f 6778//780 6575//780 6779//780
f 6779//780 6575//780 6577//780
f 6779//781 6577//781 6780//781
f 6780//781 6577//781 6579//781
f 6780//782 6579//782 6781//782
f 6781//782 6579//782 6581//782
f 6781//783 6581//783 6782//783
f 6782//783 6581//783 6583//783
f 6782//784 6583//784 6783//784
f 6783//784 6583//784 6585//784
f 6783//785 6585//785 6784//785
f 6784//785 6585//785 6587//785
f 6784//786 6587//786 6785//786
f 6785//786 6587//786 6589//786
f 6785//787 6589//787 6786//787
f 6786//787 6589//787 6591//787
f 6786//788 6591//788 6787//788
f 6787//788 6591//788 6593//788
f 6787//789 6593//789 6788//789
f 6788//789 6593//789 6595//789
f 6788//790 6595//790 6789//790
f 6789//790 6595//790 6597//790
f 6789//791 6597//791 6790//791
f 6790//791 6597//791 6599//791
f 6790//792 6599//792 6753//792
f 6753//792 6599//792 6525//792
f 6791//402 6792//402 6793//402
f 6793//402 6792//402 6794//402
f 6793//403 6794//403 6795//403
f 6795//403 6794//403 6796//403
f 6795//404 6796//404 6797//404
f 6797//404 6796//404 6798//404
f 6797//405 6798//405 6799//405
f 6799//405 6798//405 6800//405
f 6799//406 6800//406 6801//406
f 6801//406 6800//406 6802//406
f 6801//407 6802//407 6803//408
f 6803//408 6802//407 6804//408
f 6803//409 6804//409 6805//410
f 6805//410 6804//409 6806//410
f 6805//411 6806//411 6807//411
f 6807//411 6806//411 6808//411
f 6807//836 6808//836 6809//412
f 6809//412 6808//836 6810//412
f 6809//413 6810//413 6811//837
f 6811//837 6810//413 6812//837
f 6811//416 6812//416 6813//416
f 6813//416 6812//416 6814//416
f 6813//418 6814//418 6815//418
f 6815//418 6814//418 6816//418
f 6815//420 6816//420 6817//420
f 6817//420 6816//420 6818//420
f 6817//422 6818//422 6819//422
f 6819//422 6818//422 6820//422
f 6819//423 6820//423 6821//423
f 6821//423 6820//423 6822//424
f 6821//425 6822//425 6823//426
f 6823//426 6822//425 6824//426
f 6823//427 6824//427 6825//427
f 6825//427 6824//427 6826//427
f 6825//428 6826//428 6827//428
f 6827//428 6826//428 6828//428
f 6827//429 6828//429 6829//429
f 6829//429 6828//429 6830//429
f 6829//430 6830//430 6831//430
f 6831//430 6830//430 6832//430
f 6831//431 6832//431 6833//431
f 6833//431 6832//431 6834//431
f 6833//432 6834//432 6835//432
f 6835//432 6834//432 6836//432
f 6835//433 6836//433 6837//433
f 6837//433 6836//433 6838//433
f 6837//434 6838//434 6839//434
f 6839//434 6838//434 6840//434
f 6839//435 6840//435 6841//436
f 6841//436 6840//435 6842//436
f 6841//437 6842//437 6843//438
f 6843//438 6842//437 6844//438
f 6843//439 6844//439 6845//439
f 6845//439 6844//439 6846//439
f 6845//839 6846//839 6847//440
f 6847//440 6846//839 6848//440
f 6847//904 6848//904 6849//441
f 6849//441 6848//904 6850//441
f 6849//841 6850//841 6851//841
f 6851//841 6850//841 6852//841
f 6851//842 6852//842 6853//842
f 6853//842 6852//842 6854//842
f 6853//447 6854//447 6855//448
f 6855//448 6854//447 6856//448
f 6855//449 6856//449 6857//449
f 6857//449 6856//449 6858//449
f 6857//450 6858//450 6859//450
f 6859//450 6858//450 6860//451
f 6859//452 6860//452 6861//453
f 6861//453 6860//452 6862//453
f 6861//454 6862//454 6863//454
f 6863//454 6862//454 6864//454
f 6863//455 6864//455 6865//456
f 6865//456 6864//455 6866//456
f 6865//457 6866//457 6791//457
f 6791//457 6866//457 6792//457
f 6134//458 6867//459 6135//460
f 6135//460 6867//459 6868//461
f 6135//462 6868//463 6869//464
f 6869//465 6868//465 6870//465
f 6869//465 6870//465 6871//465
f 6871//466 6870//466 6872//466
f 6871//466 6872//466 6873//466
f 6873//467 6872//467 6874//467
f 6873//467 6874//467 6875//467
f 6875//468 6874//468 6794//468
f 6875//468 6794//468 6792//468
f 6867//469 6134//470 6876//471
f 6876//471 6134//470 6169//472
f 6876//473 6169//473 6877//473
f 6877//474 6169//474 6168//474
f 6877//475 6168//475 6878//475
f 6878//476 6168//476 6167//476
f 6878//477 6167//477 6879//477
f 6879//478 6167//478 6166//478
f 6879//479 6166//479 6880//479
f 6880//480 6166//480 6165//480
f 6880//481 6165//481 6881//481
f 6881//482 6165//482 6164//482
f 6881//483 6164//483 6882//483
f 6882//484 6164//484 6163//484
f 6882//485 6163//485 6883//485
f 6883//486 6163//486 6162//486
f 6883//487 6162//487 6884//487
f 6884//488 6162//488 6161//488
f 6884//489 6161//489 6885//489
f 6885//490 6161//490 6160//490
f 6885//491 6160//491 6886//491
f 6886//492 6160//492 6159//492
f 6886//493 6159//493 6887//493
f 6887//494 6159//494 6158//494
f 6887//495 6158//495 6888//495
f 6888//496 6158//496 6157//496
f 6888//497 6157//497 6889//497
f 6889//498 6157//498 6156//498
f 6889//499 6156//499 6890//499
f 6890//500 6156//500 6155//500
f 6890//501 6155//501 6891//501
f 6891//502 6155//503 6154//504
f 6891//502 6154//504 6892//505
f 6892//506 6154//507 6153//508
f 6892//506 6153//508 6893//509
f 6893//510 6153//511 6894//512
f 6893//513 6894//513 6895//513
f 6895//514 6894//514 6896//514
f 6895//515 6896//515 6897//515
f 6897//516 6896//516 6898//516
f 6897//517 6898//517 6899//517
f 6899//518 6898//518 6900//518
f 6899//519 6900//519 6840//519
f 6840//520 6900//520 6842//521
f 6153//511 6152//522 6894//512
f 6894//523 6152//524 6901//525
f 6894//514 6901//514 6896//514
f 6896//526 6901//526 6902//526
f 6896//516 6902//516 6898//516
f 6898//528 6902//528 6903//528
f 6898//518 6903//518 6900//518
f 6900//529 6903//529 6904//529
f 6900//520 6904//521 6842//521
f 6842//530 6904//530 6844//531
f 6152//524 6151//532 6901//525
f 6901//533 6151//533 6905//533
f 6901//526 6905//526 6902//526
f 6902//534 6905//534 6906//534
f 6902//528 6906//528 6903//528
f 6903//536 6906//536 6907//536
f 6903//529 6907//529 6904//529
f 6904//537 6907//537 6908//537
f 6904//530 6908//531 6844//531
f 6844//538 6908//538 6846//539
f 6151//540 6150//540 6905//540
f 6905//541 6150//541 6909//541
f 6905//534 6909//534 6906//534
f 6906//542 6909//542 6910//542
f 6906//536 6910//536 6907//536
f 6907//543 6910//543 6911//543
f 6907//537 6911//537 6908//537
f 6908//544 6911//544 6912//544
f 6908//538 6912//539 6846//539
f 6846//545 6912//545 6848//545
f 6150//546 6149//546 6909//546
f 6909//547 6149//547 6913//547
f 6909//542 6913//542 6910//542
f 6910//548 6913//548 6914//549
f 6910//543 6914//543 6911//543
f 6911//550 6914//550 6915//551
f 6911//544 6915//544 6912//544
f 6912//552 6915//552 6916//552
f 6912//545 6916//545 6848//545
f 6848//553 6916//553 6850//554
f 6149//555 6148//555 6913//555
f 6913//556 6148//556 6917//556
f 6913//548 6917//549 6914//549
f 6914//557 6917//557 6918//557
f 6914//550 6918//551 6915//551
f 6915//558 6918//558 6919//558
f 6915//552 6919//552 6916//552
f 6916//559 6919//559 6920//559
f 6916//553 6920//554 6850//554
f 6850//560 6920//560 6852//560
f 6148//561 6147//561 6917//561
f 6917//562 6147//562 6921//562
f 6917//557 6921//557 6918//557
f 6918//563 6921//563 6922//563
f 6918//558 6922//558 6919//558
f 6919//564 6922//564 6923//564
f 6919//559 6923//559 6920//559
f 6920//566 6923//573 6924//573
f 6920//560 6924//560 6852//560
f 6852//567 6924//567 6854//866
f 6147//568 6146//568 6921//568
f 6921//569 6146//569 6925//569
f 6921//563 6925//563 6922//563
f 6922//570 6925//570 6926//571
f 6922//564 6926//564 6923//564
f 6923//572 6926//572 6927//572
f 6923//573 6927//573 6924//573
f 6924//574 6927//574 6928//574
f 6924//567 6928//866 6854//866
f 6854//575 6928//575 6856//576
f 6146//577 6145//577 6925//577
f 6925//578 6145//578 6929//578
f 6925//570 6929//571 6926//571
f 6926//579 6929//579 6930//579
f 6926//572 6930//572 6927//572
f 6927//581 6930//581 6931//581
f 6927//574 6931//574 6928//574
f 6928//582 6931//582 6932//582
f 6928//575 6932//576 6856//576
f 6856//583 6932//583 6858//583
f 6145//584 6144//584 6929//584
f 6929//585 6144//585 6933//585
f 6929//579 6933//579 6930//579
f 6930//587 6933//587 6934//587
f 6930//581 6934//581 6931//581
f 6931//588 6934//588 6935//588
f 6931//582 6935//582 6932//582
f 6932//589 6935//589 6936//590
f 6932//583 6936//583 6858//583
f 6858//591 6936//591 6860//592
f 6144//593 6143//593 6933//593
f 6933//594 6143//594 6937//594
f 6933//587 6937//587 6934//587
f 6934//595 6937//595 6938//595
f 6934//588 6938//588 6935//588
f 6935//596 6938//596 6939//596
f 6935//589 6939//590 6936//590
f 6936//597 6939//597 6940//598
f 6936//591 6940//592 6860//592
f 6860//599 6940//599 6862//600
f 6143//601 6142//601 6937//601
f 6937//602 6142//602 6941//602
f 6937//595 6941//595 6938//595
f 6938//603 6941//603 6942//603
f 6938//596 6942//596 6939//596
f 6939//604 6942//604 6943//605
f 6939//597 6943//598 6940//598
f 6940//606 6943//607 6944//607
f 6940//599 6944//600 6862//600
f 6862//608 6944//608 6864//608
f 6142//609 6141//609 6941//609
f 6941//610 6141//610 6945//610
f 6941//603 6945//603 6942//603
f 6942//611 6945//611 6946//611
f 6942//604 6946//612 6943//605
f 6943//613 6946//613 6947//613
f 6943//607 6947//607 6944//607
f 6944//614 6947//614 6948//615
f 6944//608 6948//608 6864//608
f 6864//616 6948//616 6866//616
f 6141//617 6140//617 6945//617
f 6945//618 6140//618 6949//618
f 6945//611 6949//611 6946//611
f 6946//619 6949//619 6950//619
f 6946//613 6950//613 6947//613
f 6947//620 6950//620 6951//620
f 6947//614 6951//615 6948//615
f 6948//621 6951//621 6952//621
f 6948//616 6952//616 6866//616
f 6866//622 6952//622 6792//622
f 6140//623 6139//623 6949//623
f 6949//624 6139//624 6953//624
f 6949//619 6953//619 6950//619
f 6950//625 6953//625 6954//625
f 6950//620 6954//620 6951//620
f 6951//626 6954//626 6955//627
f 6951//621 6955//621 6952//621
f 6952//628 6955//628 6875//629
f 6952//622 6875//622 6792//622
f 6139//630 6138//630 6953//630
f 6953//631 6138//631 6956//631
f 6953//625 6956//625 6954//625
f 6954//632 6956//632 6957//632
f 6954//626 6957//627 6955//627
f 6955//633 6957//633 6873//634
f 6955//628 6873//629 6875//629
f 6138//635 6137//635 6956//635
f 6956//636 6137//636 6958//636
f 6956//632 6958//632 6957//632
f 6957//637 6958//637 6871//637
f 6957//633 6871//634 6873//634
f 6137//638 6136//639 6958//640
f 6958//640 6136//639 6869//641
f 6958//637 6869//637 6871//637
f 6136//642 6135//462 6869//464
f 6832//643 6959//643 6834//643
f 6834//643 6959//643 6960//643
f 6834//644 6960//644 6836//644
f 6836//644 6960//644 6961//644
f 6836//645 6961//645 6838//645
f 6838//645 6961//645 6899//645
f 6838//519 6899//519 6840//519
f 6959//646 6962//646 6960//646
f 6960//646 6962//646 6963//646
f 6960//647 6963//647 6961//648
f 6961//648 6963//647 6897//648
f 6961//517 6897//517 6899//517
f 6959//649 6832//649 6964//649
f 6964//649 6832//649 6830//649
f 6964//650 6830//650 6965//650
f 6965//650 6830//650 6828//650
f 6965//651 6828//651 6966//651
f 6966//651 6828//651 6826//651
f 6966//992 6826//992 6967//652
f 6967//652 6826//992 6824//652
f 6967//653 6824//653 6968//654
f 6968//654 6824//653 6822//654
f 6968//655 6822//655 6969//656
f 6969//656 6822//655 6820//656
f 6969//657 6820//657 6970//657
f 6970//657 6820//657 6818//657
f 6970//658 6818//658 6971//658
f 6971//658 6818//658 6816//659
f 6971//909 6816//909 6972//661
f 6972//661 6816//909 6814//661
f 6972//922 6814//922 6973//662
f 6973//662 6814//922 6812//662
f 6973//664 6812//664 6974//664
f 6974//664 6812//664 6810//664
f 6974//665 6810//665 6975//666
f 6975//666 6810//665 6808//666
f 6975//667 6808//668 6976//669
f 6976//669 6808//668 6806//669
f 6976//670 6806//670 6977//671
f 6977//671 6806//670 6804//671
f 6977//672 6804//672 6978//673
f 6978//673 6804//672 6802//673
f 6978//674 6802//674 6979//674
f 6979//674 6802//674 6800//674
f 6979//675 6800//675 6980//676
f 6980//676 6800//675 6798//676
f 6980//677 6798//677 6981//677
f 6981//677 6798//677 6796//677
f 6981//678 6796//678 6874//678
f 6874//678 6796//678 6794//678
f 6962//679 6982//679 6963//679
f 6963//679 6982//679 6895//679
f 6963//515 6895//515 6897//515
f 6962//680 6959//680 6983//680
f 6983//680 6959//680 6964//680
f 6983//681 6964//681 6984//682
f 6984//682 6964//681 6965//682
f 6984//683 6965//683 6985//683
f 6985//683 6965//683 6966//683
f 6985//684 6966//684 6986//684
f 6986//684 6966//684 6967//684
f 6986//685 6967//685 6987//685
f 6987//685 6967//685 6968//685
f 6987//686 6968//686 6988//687
f 6988//687 6968//686 6969//687
f 6988//688 6969//688 6989//689
f 6989//689 6969//688 6970//689
f 6989//690 6970//691 6990//691
f 6990//691 6970//691 6971//691
f 6990//692 6971//692 6991//692
f 6991//692 6971//692 6972//692
f 6991//694 6972//694 6992//693
f 6992//693 6972//694 6973//693
f 6992//695 6973//695 6993//695
f 6993//695 6973//695 6974//695
f 6993//697 6974//697 6994//697
f 6994//697 6974//697 6975//697
f 6994//698 6975//698 6995//699
f 6995//699 6975//698 6976//699
f 6995//700 6976//700 6996//700
f 6996//700 6976//700 6977//700
f 6996//701 6977//701 6997//701
f 6997//701 6977//701 6978//701
f 6997//702 6978//702 6998//702
f 6998//702 6978//702 6979//702
f 6998//703 6979//703 6999//703
f 6999//703 6979//703 6980//703
f 6999//704 6980//704 7000//705
f 7000//705 6980//704 6981//705
f 7000//706 6981//706 6872//706
f 6872//706 6981//706 6874//706
f 6892//707 6893//707 6982//707
f 6982//513 6893//513 6895//513
f 6982//708 6962//708 7001//708
f 7001//708 6962//708 6983//708
f 7001//709 6983//709 7002//710
f 7002//710 6983//709 6984//710
f 7002//913 6984//913 7003//711
f 7003//711 6984//913 6985//711
f 7003//712 6985//712 7004//712
f 7004//712 6985//712 6986//712
f 7004//713 6986//713 7005//714
f 7005//714 6986//713 6987//714
f 7005//715 6987//715 7006//716
f 7006//716 6987//715 6988//716
f 7006//717 6988//717 7007//718
f 7007//718 6988//717 6989//718
f 7007//719 6989//719 7008//719
f 7008//719 6989//719 6990//719
f 7008//720 6990//720 7009//721
f 7009//721 6990//720 6991//721
f 7009//988 6991//722 7010//722
f 7010//722 6991//722 6992//722
f 7010//989 6992//989 7011//723
f 7011//723 6992//989 6993//723
f 7011//724 6993//724 7012//724
f 7012//724 6993//724 6994//724
f 7012//725 6994//725 7013//726
f 7013//726 6994//725 6995//727
f 7013//728 6995//728 7014//729
f 7014//729 6995//728 6996//729
f 7014//730 6996//730 7015//731
f 7015//731 6996//730 6997//731
f 7015//990 6997//732 7016//732
f 7016//732 6997//732 6998//732
f 7016//733 6998//733 7017//733
f 7017//733 6998//733 6999//733
f 7017//914 6999//914 7018//734
f 7018//734 6999//914 7000//734
f 7018//735 7000//735 6870//735
f 6870//735 7000//735 6872//735
f 7018//736 6870//736 6868//736
f 7018//736 6868//736 6867//736
f 6891//737 6892//737 7001//737
f 7001//707 6892//707 6982//707
f 6891//737 7001//737 7002//737
f 6890//738 6891//738 7002//738
f 6890//738 7002//738 7003//738
f 6889//739 6890//739 7003//739
f 6889//739 7003//739 7004//739
f 6888//740 6889//740 7004//740
f 6888//740 7004//740 7005//740
f 6887//741 6888//741 7005//741
f 6887//741 7005//741 7006//741
f 6886//742 6887//742 7006//742
f 6886//742 7006//742 7007//742
f 6885//743 6886//743 7007//743
f 6885//743 7007//743 7008//743
f 6884//744 6885//744 7008//744
f 6884//744 7008//744 7009//744
f 6883//745 6884//991 7009//745
f 6883//745 7009//745 7010//745
f 6882//746 6883//746 7010//746
f 6882//746 7010//746 7011//746
f 6881//747 6882//747 7011//747
f 6881//747 7011//747 7012//747
f 6880//748 6881//748 7012//748
f 6880//748 7012//748 7013//748
f 6879//749 6880//750 7013//749
f 6879//749 7013//749 7014//749
f 6878//751 6879//751 7014//751
f 6878//751 7014//751 7015//751
f 6877//752 6878//752 7015//752
f 6877//752 7015//752 7016//752
f 6876//753 6877//753 7016//753
f 6876//753 7016//753 7017//753
f 6867//754 6876//754 7017//754
f 6867//754 7017//754 7018//754
f 7019//755 6791//755 7020//755
f 7020//755 6791//755 6793//755
f 7020//756 6793//756 7021//756
f 7021//756 6793//756 6795//756
f 7021//757 6795//757 7022//757
f 7022//757 6795//757 6797//757
f 7022//758 6797//758 7023//758
f 7023//758 6797//758 6799//758
f 7023//759 6799//759 7024//759
f 7024//759 6799//759 6801//759
f 7024//760 6801//760 7025//760
f 7025//760 6801//760 6803//760
f 7025//761 6803//761 7026//761
f 7026//761 6803//761 6805//761
f 7026//762 6805//762 7027//762
f 7027//762 6805//762 6807//762
f 7027//763 6807//763 7028//763
f 7028//763 6807//763 6809//763
f 7028//764 6809//764 7029//764
f 7029//764 6809//764 6811//764
f 7029//765 6811//765 7030//765
f 7030//765 6811//765 6813//765
f 7030//766 6813//766 7031//766
f 7031//766 6813//766 6815//766
f 7031//767 6815//767 7032//767
f 7032//767 6815//767 6817//767
f 7032//768 6817//768 7033//768
f 7033//768 6817//768 6819//768
f 7033//769 6819//769 7034//769
f 7034//769 6819//769 6821//769
f 7034//770 6821//770 7035//770
f 7035//770 6821//770 6823//770
f 7035//771 6823//771 7036//771
f 7036//771 6823//771 6825//771
f 7036//772 6825//772 7037//772
f 7037//772 6825//772 6827//772
f 7037//773 6827//773 7038//773
f 7038//773 6827//773 6829//773
f 7038//774 6829//774 7039//774
f 7039//774 6829//774 6831//774
f 7039//775 6831//775 7040//775
f 7040//775 6831//775 6833//775
f 7040//776 6833//776 7041//776
f 7041//776 6833//776 6835//776
f 7041//777 6835//777 7042//777
f 7042//777 6835//777 6837//777
f 7042//778 6837//778 7043//778
f 7043//778 6837//778 6839//778
f 7043//779 6839//779 7044//779
f 7044//779 6839//779 6841//779
f 7044//780 6841//780 7045//780
f 7045//780 6841//780 6843//780
f 7045//781 6843//781 7046//781
f 7046//781 6843//781 6845//781
f 7046//782 6845//782 7047//782
f 7047//782 6845//782 6847//782
f 7047//783 6847//783 7048//783
f 7048//783 6847//783 6849//783
f 7048//784 6849//784 7049//784
f 7049//784 6849//784 6851//784
f 7049//785 6851//785 7050//785
f 7050//785 6851//785 6853//785
f 7050//786 6853//786 7051//786
f 7051//786 6853//786 6855//786
f 7051//787 6855//787 7052//787
f 7052//787 6855//787 6857//787
f 7052//788 6857//788 7053//788
f 7053//788 6857//788 6859//788
f 7053//789 6859//789 7054//789
f 7054//789 6859//789 6861//789
f 7054//790 6861//790 7055//790
f 7055//790 6861//790 6863//790
f 7055//791 6863//791 7056//791
f 7056//791 6863//791 6865//791
f 7056//792 6865//792 7019//792
f 7019//792 6865//792 6791//792
f 7057//993 7058//993 7059//993
f 7059//993 7058//993 7060//994
f 7059//993 7060//994 7061//995
f 7061//996 7060//996 7062//996
f 7061//996 7062//996 7063//996
f 7063//997 7062//997 7064//997
f 7063//997 7064//997 7065//997
f 7065//998 7064//998 7066//998
f 7065//998 7066//998 7067//998
f 7067//999 7066//999 7068//999
f 7067//999 7068//999 7069//999
f 7069//1000 7068//1001 7070//1000
f 7069//1000 7070//1000 7071//1000
f 7071//1000 7070//1000 7072//1000
f 7071//1000 7072//1000 7073//1001
f 7073//1001 7072//1000 7074//1000
f 7073//999 7074//999 7075//999
f 7075//999 7074//999 7076//999
f 7075//998 7076//998 7077//998
f 7077//998 7076//998 7078//998
f 7077//997 7078//997 7079//997
f 7079//997 7078//997 7080//997
f 7079//996 7080//996 7081//996
f 7081//996 7080//996 7082//996
f 7081//994 7082//994 7083//993
f 7083//993 7082//994 7084//1002
f 7083//993 7084//1002 7085//994
f 7085//996 7084//996 7086//996
f 7085//996 7086//996 7087//996
f 7087//997 7086//997 7088//997
f 7087//997 7088//997 7089//997
f 7089//998 7088//998 7090//998
f 7089//998 7090//998 7091//998
f 7091//999 7090//999 7092//999
f 7091//999 7092//999 7093//999
f 7093//1000 7092//1000 7072//1000
f 7093//1000 7072//1000 7094//1000
f 7058//996 7057//1003 7095//996
f 7095//996 7057//1003 7096//1003
f 7095//997 7096//997 7097//997
f 7097//997 7096//997 7098//997
f 7097//998 7098//998 7099//998
f 7099//998 7098//998 7100//998
f 7099//999 7100//999 7101//999
f 7101//999 7100//999 7102//999
f 7101//1000 7102//1000 7070//1000
f 7093//999 7094//999 7103//999
f 7103//999 7094//999 7104//999
f 7103//998 7104//998 7105//998
f 7105//998 7104//998 7106//998
f 7105//997 7106//997 7107//997
f 7107//997 7106//997 7108//997
f 7107//996 7108//996 7109//996
f 7109//996 7108//996 7110//996
f 7109//993 7110//993 7083//993
f 7083//993 7059//993 7081//994
f 7081//994 7059//993 7111//994
f 7081//996 7111//996 7079//996
f 7079//996 7111//996 7112//996
f 7079//997 7112//997 7077//997
f 7077//997 7112//997 7113//997
f 7077//998 7113//998 7075//998
f 7075//998 7113//998 7114//998
f 7075//999 7114//999 7073//999
f 7073//999 7114//999 7071//999
f 7060//996 7058//996 7115//996
f 7115//996 7058//996 7095//996
f 7115//997 7095//997 7116//997
f 7116//997 7095//997 7097//997
f 7116//998 7097//998 7117//998
f 7117//998 7097//998 7099//998
f 7117//999 7099//999 7118//999
f 7118//999 7099//999 7101//999
f 7118//1000 7101//1000 7070//1000
f 7061//995 7119//994 7059//993
f 7059//993 7119//994 7120//994
f 7059//993 7120//994 7121//995
f 7121//996 7120//996 7122//996
f 7121//996 7122//996 7123//996
f 7123//997 7122//997 7124//997
f 7123//997 7124//997 7113//997
f 7113//998 7124//998 7114//998
f 7061//996 7063//996 7119//996
f 7119//996 7063//996 7125//996
f 7119//996 7125//996 7120//996
f 7120//996 7125//996 7122//996
f 7111//994 7059//993 7126//994
f 7126//994 7059//993 7121//995
f 7126//996 7121//996 7123//996
f 7112//996 7111//996 7126//996
f 7112//996 7126//996 7123//996
f 7084//996 7082//996 7127//996
f 7127//996 7082//996 7080//996
f 7127//997 7080//997 7128//997
f 7128//997 7080//997 7078//997
f 7128//998 7078//998 7129//998
f 7129//998 7078//998 7076//998
f 7129//999 7076//999 7130//999
f 7130//999 7076//999 7074//999
f 7130//1000 7074//1000 7072//1000
f 7085//994 7131//994 7083//993
f 7083//993 7131//994 7132//995
f 7083//993 7132//995 7133//994
f 7133//996 7132//996 7134//996
f 7133//996 7134//996 7107//996
f 7107//997 7134//997 7105//997
f 7085//996 7087//996 7131//996
f 7131//996 7087//996 7135//996
f 7131//996 7135//996 7132//996
f 7132//996 7135//996 7134//996
f 7109//993 7083//993 7133//994
f 7107//996 7109//996 7133//996
f 7060//996 7115//996 7062//996
f 7062//997 7115//997 7136//997
f 7062//997 7136//997 7064//997
f 7064//998 7136//998 7137//998
f 7064//998 7137//998 7066//998
f 7066//999 7137//999 7138//999
f 7066//999 7138//999 7068//999
f 7068//1001 7138//1000 7070//1000
f 7136//997 7115//997 7116//997
f 7063//997 7065//997 7125//997
f 7125//997 7065//997 7139//997
f 7125//997 7139//997 7122//997
f 7122//997 7139//997 7124//997
f 7113//997 7112//997 7123//997
f 7084//996 7127//996 7086//996
f 7086//997 7127//997 7140//997
f 7086//997 7140//997 7088//997
f 7088//998 7140//998 7141//998
f 7088//998 7141//998 7090//998
f 7090//999 7141//999 7142//999
f 7090//999 7142//999 7092//999
f 7092//1000 7142//1000 7072//1000
f 7140//997 7127//997 7128//997
f 7087//997 7089//997 7135//997
f 7135//997 7089//997 7143//997
f 7135//997 7143//997 7134//997
f 7134//997 7143//997 7105//997
f 7136//998 7116//998 7144//998
f 7144//998 7116//998 7117//998
f 7144//999 7117//999 7145//999
f 7145//999 7117//999 7118//999
f 7145//1000 7118//1000 7070//1000
f 7065//998 7067//998 7139//998
f 7139//998 7067//998 7146//998
f 7139//998 7146//998 7124//998
f 7124//998 7146//998 7114//998
f 7140//998 7128//998 7147//998
f 7147//998 7128//998 7129//998
f 7147//999 7129//999 7148//999
f 7148//999 7129//999 7130//999
f 7148//1000 7130//1000 7072//1000
f 7103//998 7105//998 7143//998
f 7103//998 7143//998 7091//998
f 7091//998 7143//998 7089//998
f 7136//998 7144//998 7137//998
f 7137//999 7144//999 7149//999
f 7137//999 7149//999 7138//999
f 7138//1000 7149//1000 7070//1000
f 7149//999 7144//999 7145//999
f 7071//999 7114//999 7146//999
f 7071//999 7146//999 7069//999
f 7069//999 7146//999 7067//999
f 7140//998 7147//998 7141//998
f 7141//999 7147//999 7150//999
f 7141//999 7150//999 7142//999
f 7142//1000 7150//1000 7072//1000
f 7150//999 7147//999 7148//999
f 7093//999 7103//999 7091//999
f 7070//1000 7149//1000 7145//1000
f 7072//1000 7150//1000 7148//1000
f 1141//368 3492//368 1140//368
f 1140//368 3492//368 7151//368
f 1140//368 7151//368 1139//368
f 1139//368 7151//368 553//368
f 1139//368 553//368 554//368
f 3492//368 1141//368 3491//368
f 3491//368 1141//368 1142//368
f 3491//368 1142//368 3528//368
f 3528//368 1142//368 1143//368
f 3528//368 1143//368 3527//368
f 3527//368 1143//368 1144//368
f 3527//368 1144//368 3526//368
f 3526//368 1144//368 1145//368
f 3526//368 1145//368 3525//368
f 3525//368 1145//368 1146//368
f 3525//368 1146//368 3524//368
f 3524//368 1146//368 1147//368
f 3524//368 1147//368 3523//368
f 3523//368 1147//368 1148//368
f 3523//368 1148//368 3522//368
f 3522//368 1148//368 1149//368
f 3522//368 1149//368 3521//368
f 3521//368 1149//368 1150//368
f 3521//368 1150//368 3520//368
f 3520//368 1150//368 3519//368
f 3519//368 1150//368 1151//368
f 3519//368 1151//368 3518//368
f 3518//368 1151//368 1152//368
f 3518//368 1152//368 3517//368
f 3517//368 1152//368 1153//368
f 3517//368 1153//368 3516//368
f 3516//368 1153//368 1154//368
f 3516//368 1154//368 3515//368
f 3515//368 1154//368 1155//368
f 3515//368 1155//368 1156//368
f 3515//368 1156//368 3514//368
f 3514//368 1156//368 1157//368
f 3514//368 1157//368 3513//368
f 3513//368 1157//368 1158//368
f 3513//368 1158//368 3512//368
f 3512//368 1158//368 2317//368
f 3512//368 2317//368 2903//368
f 2903//368 2317//368 2318//368
f 2903//368 2318//368 2940//368
f 2940//368 2318//368 2319//368
f 2940//368 2319//368 2939//368
f 2939//368 2319//368 2320//368
f 2939//368 2320//368 2938//368
f 2938//368 2320//368 2321//368
f 2938//368 2321//368 2937//368
f 2937//368 2321//368 2322//368
f 2937//368 2322//368 2936//368
f 2936//368 2322//368 2323//368
f 2936//368 2323//368 2935//368
f 2935//368 2323//368 2324//368
f 2935//368 2324//368 2934//368
f 2934//368 2324//368 2325//368
f 2934//368 2325//368 2933//368
f 2933//368 2325//368 2326//368
f 2933//368 2326//368 2932//368
f 2932//368 2326//368 2931//368
f 2931//368 2326//368 2327//368
f 2931//368 2327//368 2930//368
f 2930//368 2327//368 2328//368
f 2930//368 2328//368 2929//368
f 2929//368 2328//368 2329//368
f 2929//368 2329//368 2928//368
f 2928//368 2329//368 2330//368
f 2928//368 2330//368 2927//368
f 2927//368 2330//368 2331//368
f 2927//368 2331//368 2926//368
f 2926//368 2331//368 2332//368
f 2926//368 2332//368 2925//368
f 2925//368 2332//368 2333//368
f 2925//368 2333//368 2924//368
f 2924//368 2333//368 2334//368
f 2924//368 2334//368 2923//368
f 2923//368 2334//368 2335//368
f 2923//368 2335//368 7059//368
f 7059//368 2335//368 2336//368
f 7059//368 2336//368 1746//368
f 1746//368 2336//368 1745//368
f 1745//368 2336//368 2337//368
f 1745//368 2337//368 1744//368
f 1744//368 2337//368 2338//368
f 1744//368 2338//368 1743//368
f 1743//368 2338//368 2339//368
f 1743//368 2339//368 1742//368
f 1742//368 2339//368 2340//368
f 1742//368 2340//368 1741//368
f 1741//368 2340//368 2341//368
f 1741//368 2341//368 1740//368
f 1740//368 2341//368 2342//368
f 1740//368 2342//368 1739//368
f 1739//368 2342//368 2343//368
f 1739//368 2343//368 1738//368
f 1738//368 2343//368 2344//368
f 1738//368 2344//368 2345//368
f 2317//368 1158//368 2316//368
f 2316//368 1158//368 1159//368
f 2316//368 1159//368 2315//368
f 2315//368 1159//368 1160//368
f 2315//368 1160//368 1729//368
f 1729//368 1160//368 570//368
f 1729//368 570//368 1728//368
f 1728//368 570//368 571//368
f 1728//368 571//368 1727//368
f 1727//368 571//368 572//368
f 1727//368 572//368 1764//368
f 1764//368 572//368 573//368
f 1764//368 573//368 1763//368
f 1763//368 573//368 574//368
f 1763//368 574//368 1762//368
f 1762//368 574//368 575//368
f 1762//368 575//368 1761//368
f 1761//368 575//368 576//368
f 1761//368 576//368 1760//368
f 1760//368 576//368 577//368
f 1760//368 577//368 1759//368
f 1759//368 577//368 578//368
f 1759//368 578//368 1758//368
f 1758//368 578//368 579//368
f 1758//368 579//368 7070//368
f 7070//368 579//368 7152//368
f 7152//368 579//368 580//368
f 7152//368 580//368 581//368
f 1160//368 1161//368 570//368
f 570//368 1161//368 569//368
f 569//368 1161//368 1162//368
f 569//368 1162//368 568//368
f 568//368 1162//368 1163//368
f 568//368 1163//368 567//368
f 567//368 1163//368 566//368
f 566//368 1163//368 1164//368
f 566//368 1164//368 565//368
f 565//368 1164//368 1165//368
f 565//368 1165//368 564//368
f 564//368 1165//368 1166//368
f 564//368 1166//368 563//368
f 563//368 1166//368 1167//368
f 563//368 1167//368 562//368
f 562//368 1167//368 1168//368
f 562//368 1168//368 1169//368
f 562//368 1169//368 561//368
f 561//368 1169//368 1170//368
f 561//368 1170//368 560//368
f 560//368 1170//368 1171//368
f 560//368 1171//368 559//368
f 559//368 1171//368 1172//368
f 559//368 1172//368 558//368
f 558//368 1172//368 1173//368
f 558//368 1173//368 557//368
f 557//368 1173//368 1174//368
f 557//368 1174//368 556//368
f 556//368 1174//368 1175//368
f 556//368 1175//368 555//368
f 555//368 1175//368 1176//368
f 555//368 1176//368 554//368
f 554//368 1176//368 1139//368
f 4669//368 5592//368 4668//368
f 4668//368 5592//368 5593//368
f 4668//368 5593//368 7153//368
f 7153//368 5593//368 5594//368
f 7153//368 5594//368 7019//368
f 7019//368 5594//368 7056//368
f 7056//368 5594//368 5595//368
f 7056//368 5595//368 5596//368
f 4669//368 4670//368 5592//368
f 5592//368 4670//368 5629//368
f 5629//368 4670//368 4671//368
f 5629//368 4671//368 5628//368
f 5628//368 4671//368 4672//368
f 5628//368 4672//368 5627//368
f 5627//368 4672//368 4673//368
f 5627//368 4673//368 5626//368
f 5626//368 4673//368 4674//368
f 5626//368 4674//368 5625//368
f 5625//368 4674//368 4675//368
f 5625//368 4675//368 5624//368
f 5624//368 4675//368 4676//368
f 5624//368 4676//368 5623//368
f 5623//368 4676//368 4677//368
f 5623//368 4677//368 5622//368
f 5622//368 4677//368 4678//368
f 5622//368 4678//368 5621//368
f 5621//368 4678//368 5620//368
f 5620//368 4678//368 4679//368
f 5620//368 4679//368 5619//368
f 5619//368 4679//368 4680//368
f 5619//368 4680//368 5618//368
f 5618//368 4680//368 4681//368
f 5618//368 4681//368 5617//368
f 5617//368 4681//368 4682//368
f 5617//368 4682//368 5616//368
f 5616//368 4682//368 4683//368
f 5616//368 4683//368 4684//368
f 5616//368 4684//368 5615//368
f 5615//368 4684//368 4685//368
f 5615//368 4685//368 5614//368
f 5614//368 4685//368 4686//368
f 5614//368 4686//368 5613//368
f 5613//368 4686//368 4081//368
f 5613//368 4081//368 5255//368
f 5255//368 4081//368 4082//368
f 5255//368 4082//368 5292//368
f 5292//368 4082//368 4083//368
f 5292//368 4083//368 5291//368
f 5291//368 4083//368 4084//368
f 5291//368 4084//368 5290//368
f 5290//368 4084//368 4085//368
f 5290//368 4085//368 5289//368
f 5289//368 4085//368 4086//368
f 5289//368 4086//368 5288//368
f 5288//368 4086//368 4087//368
f 5288//368 4087//368 5287//368
f 5287//368 4087//368 4088//368
f 5287//368 4088//368 5286//368
f 5286//368 4088//368 4089//368
f 5286//368 4089//368 5285//368
f 5285//368 4089//368 4090//368
f 5285//368 4090//368 5284//368
f 5284//368 4090//368 5283//368
f 5283//368 4090//368 4091//368
f 5283//368 4091//368 5282//368
f 5282//368 4091//368 4092//368
f 5282//368 4092//368 5281//368
f 5281//368 4092//368 4093//368
f 5281//368 4093//368 5280//368
f 5280//368 4093//368 4094//368
f 5280//368 4094//368 5279//368
f 5279//368 4094//368 4095//368
f 5279//368 4095//368 5278//368
f 5278//368 4095//368 4096//368
f 5278//368 4096//368 5277//368
f 5277//368 4096//368 4097//368
f 5277//368 4097//368 5276//368
f 5276//368 4097//368 4098//368
f 5276//368 4098//368 4099//368
f 4081//368 4686//368 4080//368
f 4080//368 4686//368 4687//368
f 4080//368 4687//368 4079//368
f 4079//368 4687//368 4688//368
f 4079//368 4688//368 2905//368
f 2905//368 4688//368 3510//368
f 2905//368 3510//368 2904//368
f 2904//368 3510//368 3511//368
f 2904//368 3511//368 2903//368
f 2903//368 3511//368 3512//368
f 4688//368 4689//368 3510//368
f 3510//368 4689//368 3509//368
f 3509//368 4689//368 4690//368
f 3509//368 4690//368 3508//368
f 3508//368 4690//368 4691//368
f 3508//368 4691//368 3507//368
f 3507//368 4691//368 3506//368
f 3506//368 4691//368 4692//368
f 3506//368 4692//368 3505//368
f 3505//368 4692//368 4693//368
f 3505//368 4693//368 3504//368
f 3504//368 4693//368 4694//368
f 3504//368 4694//368 3503//368
f 3503//368 4694//368 4695//368
f 3503//368 4695//368 3502//368
f 3502//368 4695//368 4696//368
f 3502//368 4696//368 4697//368
f 3502//368 4697//368 3501//368
f 3501//368 4697//368 4698//368
f 3501//368 4698//368 3500//368
f 3500//368 4698//368 4699//368
f 3500//368 4699//368 3499//368
f 3499//368 4699//368 4700//368
f 3499//368 4700//368 3498//368
f 3498//368 4700//368 4701//368
f 3498//368 4701//368 3497//368
f 3497//368 4701//368 4702//368
f 3497//368 4702//368 3496//368
f 3496//368 4702//368 4703//368
f 3496//368 4703//368 3495//368
f 3495//368 4703//368 4704//368
f 3495//368 4704//368 3494//368
f 3494//368 4704//368 4667//368
f 3494//368 4667//368 3493//368
f 3493//368 4667//368 4668//368
f 3493//368 4668//368 3492//368
f 3492//368 4668//368 7153//368
f 3492//368 7153//368 7151//368
f 7021//368 7154//368 7020//368
f 7020//368 7154//368 7153//368
f 7020//368 7153//368 7019//368
f 7021//368 7022//368 7154//368
f 7154//368 7022//368 7023//368
f 7154//368 7023//368 7024//368
f 7024//368 7025//368 7154//368
f 7154//368 7025//368 7026//368
f 7154//368 7026//368 7027//368
f 7027//368 7028//368 7154//368
f 7154//368 7028//368 7029//368
f 7154//368 7029//368 7030//368
f 7030//368 7031//368 7154//368
f 7154//368 7031//368 6762//368
f 7154//368 6762//368 7155//368
f 7155//368 6762//368 6763//368
f 7155//368 6763//368 6764//368
f 6762//368 7031//368 6761//368
f 6761//368 7031//368 7032//368
f 6761//368 7032//368 6760//368
f 6760//368 7032//368 7033//368
f 6760//368 7033//368 6759//368
f 6759//368 7033//368 7034//368
f 6759//368 7034//368 6758//368
f 6758//368 7034//368 7035//368
f 6758//368 7035//368 6757//368
f 6757//368 7035//368 7036//368
f 6757//368 7036//368 6756//368
f 6756//368 7036//368 7037//368
f 6756//368 7037//368 6755//368
f 6755//368 7037//368 7038//368
f 6755//368 7038//368 6754//368
f 6754//368 7038//368 7039//368
f 6754//368 7039//368 6753//368
f 6753//368 7039//368 7040//368
f 6753//368 7040//368 5257//368
f 5257//368 7040//368 5611//368
f 5257//368 5611//368 5256//368
f 5256//368 5611//368 5612//368
f 5256//368 5612//368 5255//368
f 5255//368 5612//368 5613//368
f 7040//368 7041//368 5611//368
f 5611//368 7041//368 5610//368
f 5610//368 7041//368 7042//368
f 5610//368 7042//368 5609//368
f 5609//368 7042//368 7043//368
f 5609//368 7043//368 5608//368
f 5608//368 7043//368 5607//368
f 5607//368 7043//368 7044//368
f 5607//368 7044//368 5606//368
f 5606//368 7044//368 7045//368
f 5606//368 7045//368 5605//368
f 5605//368 7045//368 7046//368
f 5605//368 7046//368 5604//368
f 5604//368 7046//368 7047//368
f 5604//368 7047//368 5603//368
f 5603//368 7047//368 7048//368
f 5603//368 7048//368 7049//368
f 5603//368 7049//368 5602//368
f 5602//368 7049//368 7050//368
f 5602//368 7050//368 5601//368
f 5601//368 7050//368 7051//368
f 5601//368 7051//368 5600//368
f 5600//368 7051//368 7052//368
f 5600//368 7052//368 5599//368
f 5599//368 7052//368 7053//368
f 5599//368 7053//368 5598//368
f 5598//368 7053//368 7054//368
f 5598//368 7054//368 5597//368
f 5597//368 7054//368 7055//368
f 5597//368 7055//368 5596//368
f 5596//368 7055//368 7056//368
f 1738//368 2345//368 1737//368
f 1737//368 2345//368 2346//368
f 1737//368 2346//368 1736//368
f 1736//368 2346//368 2347//368
f 1736//368 2347//368 1735//368
f 1735//368 2347//368 2348//368
f 1735//368 2348//368 1734//368
f 1734//368 2348//368 2349//368
f 1734//368 2349//368 1733//368
f 1733//368 2349//368 2350//368
f 1733//368 2350//368 1732//368
f 1732//368 2350//368 2351//368
f 1732//368 2351//368 1731//368
f 1731//368 2351//368 2352//368
f 1731//368 2352//368 1730//368
f 1730//368 2352//368 2315//368
f 1730//368 2315//368 1729//368
f 4100//368 2922//368 4099//368
f 4099//368 2922//368 2923//368
f 4099//368 2923//368 7156//368
f 7156//368 2923//368 7059//368
f 2922//368 4100//368 2921//368
f 2921//368 4100//368 4101//368
f 2921//368 4101//368 2920//368
f 2920//368 4101//368 4102//368
f 2920//368 4102//368 2919//368
f 2919//368 4102//368 4103//368
f 2919//368 4103//368 2918//368
f 2918//368 4103//368 4104//368
f 2918//368 4104//368 2917//368
f 2917//368 4104//368 4105//368
f 2917//368 4105//368 2916//368
f 2916//368 4105//368 4106//368
f 2916//368 4106//368 2915//368
f 2915//368 4106//368 4107//368
f 2915//368 4107//368 2914//368
f 2914//368 4107//368 4108//368
f 2914//368 4108//368 4109//368
f 2914//368 4109//368 2913//368
f 2913//368 4109//368 4110//368
f 2913//368 4110//368 2912//368
f 2912//368 4110//368 4111//368
f 2912//368 4111//368 2911//368
f 2911//368 4111//368 4112//368
f 2911//368 4112//368 2910//368
f 2910//368 4112//368 4113//368
f 2910//368 4113//368 2909//368
f 2909//368 4113//368 4114//368
f 2909//368 4114//368 2908//368
f 2908//368 4114//368 4115//368
f 2908//368 4115//368 2907//368
f 2907//368 4115//368 4116//368
f 2907//368 4116//368 2906//368
f 2906//368 4116//368 4079//368
f 2906//368 4079//368 2905//368
f 6764//368 6765//368 7155//368
f 7155//368 6765//368 6766//368
f 7155//368 6766//368 6767//368
f 6767//368 6768//368 7155//368
f 7155//368 6768//368 6769//368
f 7155//368 6769//368 6770//368
f 6770//368 6771//368 7155//368
f 7155//368 6771//368 6772//368
f 7155//368 6772//368 6773//368
f 7155//368 6773//368 7156//368
f 7156//368 6773//368 6774//368
f 7156//368 6774//368 5274//368
f 5274//368 6774//368 6775//368
f 5274//368 6775//368 5273//368
f 5273//368 6775//368 5272//368
f 5272//368 6775//368 6776//368
f 5272//368 6776//368 5271//368
f 5271//368 6776//368 6777//368
f 5271//368 6777//368 5270//368
f 5270//368 6777//368 6778//368
f 5270//368 6778//368 5269//368
f 5269//368 6778//368 6779//368
f 5269//368 6779//368 5268//368
f 5268//368 6779//368 6780//368
f 5268//368 6780//368 5267//368
f 5267//368 6780//368 6781//368
f 5267//368 6781//368 5266//368
f 5266//368 6781//368 6782//368
f 5266//368 6782//368 6783//368
f 5266//368 6783//368 5265//368
f 5265//368 6783//368 6784//368
f 5265//368 6784//368 5264//368
f 5264//368 6784//368 6785//368
f 5264//368 6785//368 5263//368
f 5263//368 6785//368 6786//368
f 5263//368 6786//368 5262//368
f 5262//368 6786//368 6787//368
f 5262//368 6787//368 5261//368
f 5261//368 6787//368 6788//368
f 5261//368 6788//368 5260//368
f 5260//368 6788//368 6789//368
f 5260//368 6789//368 5259//368
f 5259//368 6789//368 6790//368
f 5259//368 6790//368 5258//368
f 5258//368 6790//368 6753//368
f 5258//368 6753//368 5257//368
f 7102//368 7059//368 7070//368
f 7070//368 7059//368 1747//368
f 7070//368 1747//368 1748//368
f 7102//368 7100//368 7059//368
f 7059//368 7100//368 7098//368
f 7059//368 7098//368 7096//368
f 7096//368 7057//1004 7059//368
f 7157//368 7158//368 7156//368
f 7156//368 7158//368 7159//368
f 7156//368 7159//368 7160//368
f 7160//368 7161//368 7156//368
f 7156//368 7161//368 7155//368
f 7154//368 7162//368 7153//368
f 7153//368 7162//368 7163//368
f 7153//368 7163//368 7164//368
f 7164//368 7165//368 7153//368
f 7153//368 7165//368 7166//1005
f 7167//368 7168//368 7151//368
f 7151//368 7168//368 7169//368
f 7151//368 7169//368 7170//368
f 7170//368 7171//368 7151//368
f 7151//368 7171//368 7152//368
f 7151//368 7152//368 552//368
f 552//368 7152//368 551//368
f 551//368 7152//368 588//368
f 588//368 7152//368 587//368
f 587//368 7152//368 586//368
f 586//368 7152//368 585//368
f 585//368 7152//368 584//368
f 584//368 7152//368 583//368
f 583//368 7152//368 582//368
f 582//368 7152//368 581//368
f 5274//368 5275//368 7156//368
f 7156//368 5275//368 4099//368
f 5275//368 5276//368 4099//368
f 1746//368 1747//368 7059//368
f 1748//368 1749//368 7070//368
f 7070//368 1749//368 1750//368
f 7070//368 1750//368 1751//368
f 1751//368 1752//368 7070//368
f 7070//368 1752//368 1753//368
f 7070//368 1753//368 1754//368
f 1754//368 1755//368 7070//368
f 7070//368 1755//368 1756//368
f 7070//368 1756//368 1757//368
f 1757//368 1758//368 7070//368
f 552//368 553//368 7151//368
f 7083//1006 7172//1006 7059//1006
f 7059//1006 7172//1006 7156//1006
f 7161//1007 7173//1007 7155//1007
f 7155//1007 7173//1007 7174//1007
f 7155//1007 7174//1007 7175//1007
f 7175//1008 7174//1008 7176//1008
f 7175//1008 7176//1008 7177//1008
f 7177//1009 7176//1009 7178//1009
f 7177//1009 7178//1009 7179//1009
f 7179//1010 7178//1010 7180//1010
f 7179//1010 7180//1010 7181//1010
f 7181//1011 7180//1011 7182//1011
f 7181//1011 7182//1011 7183//1011
f 7183//1012 7182//1013 7156//1014
f 7183//1012 7156//1014 7184//1012
f 7184//1012 7156//1014 7172//1014
f 7184//1012 7172//1014 7185//1012
f 7185//1012 7172//1014 7186//1012
f 7185//1011 7186//1011 7187//1011
f 7187//1011 7186//1011 7188//1011
f 7187//1010 7188//1010 7189//1010
f 7189//1010 7188//1010 7190//1010
f 7189//1009 7190//1009 7191//1009
f 7191//1009 7190//1009 7192//1009
f 7191//1008 7192//1008 7193//1008
f 7193//1008 7192//1008 7194//1008
f 7193//1007 7194//1007 7195//1007
f 7195//1007 7194//1007 7196//1015
f 7195//1007 7196//1015 7197//1007
f 7197//1008 7196//1008 7198//1008
f 7197//1008 7198//1008 7199//1008
f 7199//1009 7198//1009 7200//1009
f 7199//1009 7200//1009 7201//1009
f 7201//1010 7200//1010 7202//1010
f 7201//1010 7202//1010 7203//1010
f 7203//1011 7202//1011 7204//1011
f 7203//1011 7204//1011 7205//1011
f 7205//1014 7204//1012 7172//1014
f 7205//1014 7172//1014 7206//1014
f 7173//1008 7161//1008 7207//1008
f 7207//1008 7161//1008 7160//1008
f 7207//1009 7160//1009 7208//1009
f 7208//1009 7160//1009 7159//1009
f 7208//1010 7159//1010 7209//1010
f 7209//1010 7159//1010 7158//1010
f 7209//1011 7158//1011 7210//1011
f 7210//1011 7158//1011 7157//1011
f 7210//1014 7157//1014 7156//1014
f 7205//1011 7206//1016 7211//1011
f 7211//1011 7206//1016 7212//1016
f 7211//1010 7212//1010 7213//1010
f 7213//1010 7212//1010 7214//1010
f 7213//1009 7214//1009 7215//1009
f 7215//1009 7214//1009 7216//1009
f 7215//1008 7216//1008 7217//1008
f 7217//1008 7216//1008 7218//1008
f 7217//1007 7218//1007 7195//1007
f 7195//1007 7155//1007 7193//1007
f 7193//1007 7155//1007 7219//1015
f 7193//1008 7219//1008 7191//1008
f 7191//1008 7219//1008 7220//1008
f 7191//1009 7220//1009 7189//1009
f 7189//1009 7220//1009 7221//1009
f 7189//1010 7221//1010 7187//1010
f 7187//1010 7221//1010 7222//1010
f 7187//1011 7222//1011 7185//1011
f 7185//1011 7222//1011 7184//1011
f 7174//1008 7173//1008 7223//1008
f 7223//1008 7173//1008 7207//1008
f 7223//1009 7207//1009 7224//1009
f 7224//1009 7207//1009 7208//1009
f 7224//1010 7208//1010 7225//1010
f 7225//1010 7208//1010 7209//1010
f 7225//1011 7209//1011 7226//1011
f 7226//1011 7209//1011 7210//1011
f 7226//1014 7210//1014 7156//1014
f 7175//1007 7227//1007 7155//1007
f 7155//1007 7227//1007 7228//1007
f 7155//1007 7228//1007 7229//1015
f 7229//1008 7228//1008 7230//1008
f 7229//1008 7230//1008 7231//1008
f 7231//1009 7230//1009 7232//1009
f 7231//1009 7232//1009 7221//1009
f 7221//1010 7232//1010 7222//1010
f 7175//1008 7177//1008 7227//1008
f 7227//1008 7177//1008 7233//1008
f 7227//1008 7233//1008 7228//1008
f 7228//1008 7233//1008 7230//1008
f 7219//1015 7155//1007 7234//1007
f 7234//1007 7155//1007 7229//1015
f 7234//1008 7229//1008 7231//1008
f 7220//1008 7219//1008 7234//1008
f 7220//1008 7234//1008 7231//1008
f 7196//1008 7194//1008 7235//1008
f 7235//1008 7194//1008 7192//1008
f 7235//1009 7192//1009 7236//1009
f 7236//1009 7192//1009 7190//1009
f 7236//1010 7190//1010 7237//1010
f 7237//1010 7190//1010 7188//1010
f 7237//1011 7188//1011 7238//1011
f 7238//1011 7188//1011 7186//1011
f 7238//1013 7186//1012 7172//1014
f 7197//1007 7239//1007 7195//1007
f 7195//1007 7239//1007 7240//1007
f 7195//1007 7240//1007 7241//1007
f 7241//1008 7240//1008 7242//1008
f 7241//1008 7242//1008 7215//1008
f 7215//1009 7242//1009 7213//1009
f 7197//1008 7199//1008 7239//1008
f 7239//1008 7199//1008 7243//1008
f 7239//1008 7243//1008 7240//1008
f 7240//1008 7243//1008 7242//1008
f 7217//1007 7195//1007 7241//1007
f 7215//1008 7217//1008 7241//1008
f 7174//1008 7223//1008 7176//1008
f 7176//1009 7223//1009 7244//1009
f 7176//1009 7244//1009 7178//1009
f 7178//1010 7244//1010 7245//1010
f 7178//1010 7245//1010 7180//1010
f 7180//1011 7245//1011 7246//1011
f 7180//1011 7246//1011 7182//1011
f 7182//1013 7246//1012 7156//1014
f 7244//1009 7223//1009 7224//1009
f 7177//1009 7179//1009 7233//1009
f 7233//1009 7179//1009 7247//1009
f 7233//1009 7247//1009 7230//1009
f 7230//1009 7247//1009 7232//1009
f 7221//1009 7220//1009 7231//1009
f 7196//1008 7235//1008 7198//1008
f 7198//1009 7235//1009 7248//1009
f 7198//1009 7248//1009 7200//1009
f 7200//1010 7248//1010 7249//1010
f 7200//1010 7249//1010 7202//1010
f 7202//1011 7249//1011 7250//1011
f 7202//1011 7250//1011 7204//1011
f 7204//1012 7250//1013 7172//1014
f 7248//1009 7235//1009 7236//1009
f 7199//1009 7201//1009 7243//1009
f 7243//1009 7201//1009 7251//1009
f 7243//1009 7251//1009 7242//1009
f 7242//1009 7251//1009 7213//1009
f 7244//1010 7224//1010 7252//1010
f 7252//1010 7224//1010 7225//1010
f 7252//1011 7225//1011 7253//1011
f 7253//1011 7225//1011 7226//1011
f 7253//1013 7226//1014 7156//1014
f 7179//1010 7181//1010 7247//1010
f 7247//1010 7181//1010 7254//1010
f 7247//1010 7254//1010 7232//1010
f 7232//1010 7254//1010 7222//1010
f 7248//1010 7236//1010 7255//1010
f 7255//1010 7236//1010 7237//1010
f 7255//1011 7237//1011 7256//1011
f 7256//1011 7237//1011 7238//1011
f 7256//1012 7238//1013 7172//1014
f 7211//1010 7213//1010 7251//1010
f 7211//1010 7251//1010 7203//1010
f 7203//1010 7251//1010 7201//1010
f 7244//1010 7252//1010 7245//1010
f 7245//1011 7252//1011 7257//1011
f 7245//1011 7257//1011 7246//1011
f 7246//1012 7257//1012 7156//1014
f 7257//1011 7252//1011 7253//1011
f 7184//1011 7222//1011 7254//1011
f 7184//1011 7254//1011 7183//1011
f 7183//1011 7254//1011 7181//1011
f 7248//1010 7255//1010 7249//1010
f 7249//1011 7255//1011 7258//1011
f 7249//1011 7258//1011 7250//1011
f 7250//1013 7258//1012 7172//1014
f 7258//1011 7255//1011 7256//1011
f 7205//1011 7211//1011 7203//1011
f 7156//1014 7257//1012 7253//1013
f 7172//1014 7258//1012 7256//1012
f 7171//1017 7259//1017 7152//1017
f 7152//1017 7259//1017 7260//1017
f 7152//1017 7260//1017 7261//1017
f 7261//1018 7260//1018 7262//1018
f 7261//1018 7262//1018 7263//1018
f 7263//1019 7262//1019 7264//1019
f 7263//1019 7264//1019 7265//1019
f 7265//1020 7264//1020 7266//1020
f 7265//1020 7266//1020 7267//1020
f 7267//1021 7266//1021 7268//1021
f 7267//1021 7268//1021 7269//1021
f 7269//1022 7268//1023 7151//1024
f 7269//1022 7151//1024 7270//1022
f 7270//1022 7151//1024 7271//1024
f 7270//1022 7271//1024 7272//1022
f 7272//1022 7271//1024 7273//1022
f 7272//1021 7273//1021 7274//1021
f 7274//1021 7273//1021 7275//1021
f 7274//1020 7275//1020 7276//1020
f 7276//1020 7275//1020 7277//1020
f 7276//1019 7277//1019 7278//1019
f 7278//1019 7277//1019 7279//1019
f 7278//1018 7279//1018 7280//1018
f 7280//1018 7279//1018 7281//1018
f 7280//1017 7281//1017 7282//1017
f 7282//1017 7281//1017 7283//1025
f 7282//1017 7283//1025 7284//1017
f 7284//1018 7283//1018 7285//1018
f 7284//1018 7285//1018 7286//1018
f 7286//1019 7285//1019 7287//1019
f 7286//1019 7287//1019 7288//1019
f 7288//1020 7287//1020 7289//1020
f 7288//1020 7289//1020 7290//1020
f 7290//1021 7289//1021 7291//1021
f 7290//1021 7291//1021 7292//1021
f 7292//1024 7291//1022 7271//1024
f 7292//1024 7271//1024 7293//1024
f 7259//1018 7171//1018 7294//1018
f 7294//1018 7171//1018 7170//1018
f 7294//1019 7170//1019 7295//1019
f 7295//1019 7170//1019 7169//1019
f 7295//1020 7169//1020 7296//1020
f 7296//1020 7169//1020 7168//1020
f 7296//1021 7168//1021 7297//1021
f 7297//1021 7168//1021 7167//1021
f 7297//1024 7167//1024 7151//1024
f 7292//1021 7293//1026 7298//1021
f 7298//1021 7293//1026 7299//1026
f 7298//1020 7299//1020 7300//1020
f 7300//1020 7299//1020 7301//1020
f 7300//1019 7301//1019 7302//1019
f 7302//1019 7301//1019 7303//1019
f 7302//1018 7303//1018 7304//1018
f 7304//1018 7303//1018 7305//1018
f 7304//1017 7305//1017 7282//1017
f 7282//1017 7152//1017 7280//1017
f 7280//1017 7152//1017 7306//1025
f 7280//1018 7306//1018 7278//1018
f 7278//1018 7306//1018 7307//1018
f 7278//1019 7307//1019 7276//1019
f 7276//1019 7307//1019 7308//1019
f 7276//1020 7308//1020 7274//1020
f 7274//1020 7308//1020 7309//1020
f 7274//1021 7309//1021 7272//1021
f 7272//1021 7309//1021 7270//1021
f 7260//1018 7259//1018 7310//1018
f 7310//1018 7259//1018 7294//1018
f 7310//1019 7294//1019 7311//1019
f 7311//1019 7294//1019 7295//1019
f 7311//1020 7295//1020 7312//1020
f 7312//1020 7295//1020 7296//1020
f 7312//1021 7296//1021 7313//1021
f 7313//1021 7296//1021 7297//1021
f 7313//1024 7297//1024 7151//1024
f 7261//1017 7314//1017 7152//1017
f 7152//1017 7314//1017 7315//1017
f 7152//1017 7315//1017 7316//1025
f 7316//1018 7315//1018 7317//1018
f 7316//1018 7317//1018 7318//1018
f 7318//1019 7317//1019 7319//1019
f 7318//1019 7319//1019 7308//1019
f 7308//1020 7319//1020 7309//1020
f 7261//1018 7263//1018 7314//1018
f 7314//1018 7263//1018 7320//1018
f 7314//1018 7320//1018 7315//1018
f 7315//1018 7320//1018 7317//1018
f 7306//1025 7152//1017 7321//1017
f 7321//1017 7152//1017 7316//1025
f 7321//1018 7316//1018 7318//1018
f 7307//1018 7306//1018 7321//1018
f 7307//1018 7321//1018 7318//1018
f 7283//1018 7281//1018 7322//1018
f 7322//1018 7281//1018 7279//1018
f 7322//1019 7279//1019 7323//1019
f 7323//1019 7279//1019 7277//1019
f 7323//1020 7277//1020 7324//1020
f 7324//1020 7277//1020 7275//1020
f 7324//1021 7275//1021 7325//1021
f 7325//1021 7275//1021 7273//1021
f 7325//1023 7273//1022 7271//1024
f 7284//1017 7326//1017 7282//1017
f 7282//1017 7326//1017 7327//1017
f 7282//1017 7327//1017 7328//1017
f 7328//1018 7327//1018 7329//1018
f 7328//1018 7329//1018 7302//1018
f 7302//1019 7329//1019 7300//1019
f 7284//1018 7286//1018 7326//1018
f 7326//1018 7286//1018 7330//1018
f 7326//1018 7330//1018 7327//1018
f 7327//1018 7330//1018 7329//1018
f 7304//1017 7282//1017 7328//1017
f 7302//1018 7304//1018 7328//1018
f 7260//1018 7310//1018 7262//1018
f 7262//1019 7310//1019 7331//1019
f 7262//1019 7331//1019 7264//1019
f 7264//1020 7331//1020 7332//1020
f 7264//1020 7332//1020 7266//1020
f 7266//1021 7332//1021 7333//1021
f 7266//1021 7333//1021 7268//1021
f 7268//1023 7333//1022 7151//1024
f 7331//1019 7310//1019 7311//1019
f 7263//1019 7265//1019 7320//1019
f 7320//1019 7265//1019 7334//1019
f 7320//1019 7334//1019 7317//1019
f 7317//1019 7334//1019 7319//1019
f 7308//1019 7307//1019 7318//1019
f 7283//1018 7322//1018 7285//1018
f 7285//1019 7322//1019 7335//1019
f 7285//1019 7335//1019 7287//1019
f 7287//1020 7335//1020 7336//1020
f 7287//1020 7336//1020 7289//1020
f 7289//1021 7336//1021 7337//1021
f 7289//1021 7337//1021 7291//1021
f 7291//1022 7337//1023 7271//1024
f 7335//1019 7322//1019 7323//1019
f 7286//1019 7288//1019 7330//1019
f 7330//1019 7288//1019 7338//1019
f 7330//1019 7338//1019 7329//1019
f 7329//1019 7338//1019 7300//1019
f 7331//1020 7311//1020 7339//1020
f 7339//1020 7311//1020 7312//1020
f 7339//1021 7312//1021 7340//1021
f 7340//1021 7312//1021 7313//1021
f 7340//1023 7313//1024 7151//1024
f 7265//1020 7267//1020 7334//1020
f 7334//1020 7267//1020 7341//1020
f 7334//1020 7341//1020 7319//1020
f 7319//1020 7341//1020 7309//1020
f 7335//1020 7323//1020 7342//1020
f 7342//1020 7323//1020 7324//1020
f 7342//1021 7324//1021 7343//1021
f 7343//1021 7324//1021 7325//1021
f 7343//1022 7325//1023 7271//1024
f 7298//1020 7300//1020 7338//1020
f 7298//1020 7338//1020 7290//1020
f 7290//1020 7338//1020 7288//1020
f 7331//1020 7339//1020 7332//1020
f 7332//1021 7339//1021 7344//1021
f 7332//1021 7344//1021 7333//1021
f 7333//1022 7344//1022 7151//1024
f 7344//1021 7339//1021 7340//1021
f 7270//1021 7309//1021 7341//1021
f 7270//1021 7341//1021 7269//1021
f 7269//1021 7341//1021 7267//1021
f 7335//1020 7342//1020 7336//1020
f 7336//1021 7342//1021 7345//1021
f 7336//1021 7345//1021 7337//1021
f 7337//1023 7345//1022 7271//1024
f 7345//1021 7342//1021 7343//1021
f 7292//1021 7298//1021 7290//1021
f 7151//1024 7344//1022 7340//1023
f 7271//1024 7345//1022 7343//1022
f 7151//386 7153//386 7271//386
f 7271//386 7153//386 7346//386
f 7166//1027 7347//1027 7153//1027
f 7153//1027 7347//1027 7348//1028
f 7153//1027 7348//1028 7349//1029
f 7349//1030 7348//1030 7350//1030
f 7349//1030 7350//1030 7351//1030
f 7351//1031 7350//1031 7352//1031
f 7351//1031 7352//1031 7353//1031
f 7353//1032 7352//1032 7354//1032
f 7353//1032 7354//1032 7355//1032
f 7355//1033 7354//1033 7356//1033
f 7355//1033 7356//1033 7357//1033
f 7357//1034 7356//1035 7154//1034
f 7357//1034 7154//1034 7358//1034
f 7358//1034 7154//1034 7359//1034
f 7358//1034 7359//1034 7360//1035
f 7360//1035 7359//1034 7361//1034
f 7360//1033 7361//1033 7362//1033
f 7362//1033 7361//1033 7363//1033
f 7362//1032 7363//1032 7364//1032
f 7364//1032 7363//1032 7365//1032
f 7364//1031 7365//1031 7366//1031
f 7366//1031 7365//1031 7367//1031
f 7366//1030 7367//1030 7368//1030
f 7368//1030 7367//1030 7369//1030
f 7368//1028 7369//1028 7346//1027
f 7346//1027 7369//1028 7370//1036
f 7346//1027 7370//1036 7371//1028
f 7371//1030 7370//1030 7372//1030
f 7371//1030 7372//1030 7373//1030
f 7373//1031 7372//1031 7374//1031
f 7373//1031 7374//1031 7375//1031
f 7375//1032 7374//1032 7376//1032
f 7375//1032 7376//1032 7377//1032
f 7377//1033 7376//1033 7378//1033
f 7377//1033 7378//1033 7379//1033
f 7379//1034 7378//1034 7359//1034
f 7379//1034 7359//1034 7380//1034
f 7347//1030 7166//1037 7381//1030
f 7381//1030 7166//1037 7165//1037
f 7381//1031 7165//1031 7382//1031
f 7382//1031 7165//1031 7164//1031
f 7382//1032 7164//1032 7383//1032
f 7383//1032 7164//1032 7163//1032
f 7383//1033 7163//1033 7384//1033
f 7384//1033 7163//1033 7162//1033
f 7384//1034 7162//1034 7154//1034
f 7379//1033 7380//1033 7385//1033
f 7385//1033 7380//1033 7386//1033
f 7385//1032 7386//1032 7387//1032
f 7387//1032 7386//1032 7388//1032
f 7387//1031 7388//1031 7389//1031
f 7389//1031 7388//1031 7390//1031
f 7389//1030 7390//1030 7391//1030
f 7391//1030 7390//1030 7392//1030
f 7391//1027 7392//1027 7346//1027
f 7346//1027 7153//1027 7368//1028
f 7368//1028 7153//1027 7393//1028
f 7368//1030 7393//1030 7366//1030
f 7366//1030 7393//1030 7394//1030
f 7366//1031 7394//1031 7364//1031
f 7364//1031 7394//1031 7395//1031
f 7364//1032 7395//1032 7362//1032
f 7362//1032 7395//1032 7396//1032
f 7362//1033 7396//1033 7360//1033
f 7360//1033 7396//1033 7358//1033
f 7348//1030 7347//1030 7397//1030
f 7397//1030 7347//1030 7381//1030
f 7397//1031 7381//1031 7398//1031
f 7398//1031 7381//1031 7382//1031
f 7398//1032 7382//1032 7399//1032
f 7399//1032 7382//1032 7383//1032
f 7399//1033 7383//1033 7400//1033
f 7400//1033 7383//1033 7384//1033
f 7400//1034 7384//1034 7154//1034
f 7349//1029 7401//1028 7153//1027
f 7153//1027 7401//1028 7402//1028
f 7153//1027 7402//1028 7403//1029
f 7403//1030 7402//1030 7404//1030
f 7403//1030 7404//1030 7405//1030
f 7405//1031 7404//1031 7406//1031
f 7405//1031 7406//1031 7395//1031
f 7395//1032 7406//1032 7396//1032
f 7349//1030 7351//1030 7401//1030
f 7401//1030 7351//1030 7407//1030
f 7401//1030 7407//1030 7402//1030
f 7402//1030 7407//1030 7404//1030
f 7393//1028 7153//1027 7408//1028
f 7408//1028 7153//1027 7403//1029
f 7408//1030 7403//1030 7405//1030
f 7394//1030 7393//1030 7408//1030
f 7394//1030 7408//1030 7405//1030
f 7370//1030 7369//1030 7409//1030
f 7409//1030 7369//1030 7367//1030
f 7409//1031 7367//1031 7410//1031
f 7410//1031 7367//1031 7365//1031
f 7410//1032 7365//1032 7411//1032
f 7411//1032 7365//1032 7363//1032
f 7411//1033 7363//1033 7412//1033
f 7412//1033 7363//1033 7361//1033
f 7412//1034 7361//1034 7359//1034
f 7371//1028 7413//1028 7346//1027
f 7346//1027 7413//1028 7414//1029
f 7346//1027 7414//1029 7415//1028
f 7415//1030 7414//1030 7416//1030
f 7415//1030 7416//1030 7389//1030
f 7389//1031 7416//1031 7387//1031
f 7371//1030 7373//1030 7413//1030
f 7413//1030 7373//1030 7417//1030
f 7413//1030 7417//1030 7414//1030
f 7414//1030 7417//1030 7416//1030
f 7391//1027 7346//1027 7415//1028
f 7389//1030 7391//1030 7415//1030
f 7348//1030 7397//1030 7350//1030
f 7350//1031 7397//1031 7418//1031
f 7350//1031 7418//1031 7352//1031
f 7352//1032 7418//1032 7419//1032
f 7352//1032 7419//1032 7354//1032
f 7354//1033 7419//1033 7420//1033
f 7354//1033 7420//1033 7356//1033
f 7356//1035 7420//1034 7154//1034
f 7418//1031 7397//1031 7398//1031
f 7351//1031 7353//1031 7407//1031
f 7407//1031 7353//1031 7421//1031
f 7407//1031 7421//1031 7404//1031
f 7404//1031 7421//1031 7406//1031
f 7395//1031 7394//1031 7405//1031
f 7370//1030 7409//1030 7372//1030
f 7372//1031 7409//1031 7422//1031
f 7372//1031 7422//1031 7374//1031
f 7374//1032 7422//1032 7423//1032
f 7374//1032 7423//1032 7376//1032
f 7376//1033 7423//1033 7424//1033
f 7376//1033 7424//1033 7378//1033
f 7378//1034 7424//1034 7359//1034
f 7422//1031 7409//1031 7410//1031
f 7373//1031 7375//1031 7417//1031
f 7417//1031 7375//1031 7425//1031
f 7417//1031 7425//1031 7416//1031
f 7416//1031 7425//1031 7387//1031
f 7418//1032 7398//1032 7426//1032
f 7426//1032 7398//1032 7399//1032
f 7426//1033 7399//1033 7427//1033
f 7427//1033 7399//1033 7400//1033
f 7427//1034 7400//1034 7154//1034
f 7353//1032 7355//1032 7421//1032
f 7421//1032 7355//1032 7428//1032
f 7421//1032 7428//1032 7406//1032
f 7406//1032 7428//1032 7396//1032
f 7422//1032 7410//1032 7429//1032
f 7429//1032 7410//1032 7411//1032
f 7429//1033 7411//1033 7430//1033
f 7430//1033 7411//1033 7412//1033
f 7430//1034 7412//1034 7359//1034
f 7385//1032 7387//1032 7425//1032
f 7385//1032 7425//1032 7377//1032
f 7377//1032 7425//1032 7375//1032
f 7418//1032 7426//1032 7419//1032
f 7419//1033 7426//1033 7431//1033
f 7419//1033 7431//1033 7420//1033
f 7420//1034 7431//1034 7154//1034
f 7431//1033 7426//1033 7427//1033
f 7358//1033 7396//1033 7428//1033
f 7358//1033 7428//1033 7357//1033
f 7357//1033 7428//1033 7355//1033
f 7422//1032 7429//1032 7423//1032
f 7423//1033 7429//1033 7432//1033
f 7423//1033 7432//1033 7424//1033
f 7424//1034 7432//1034 7359//1034
f 7432//1033 7429//1033 7430//1033
f 7379//1033 7385//1033 7377//1033
f 7154//1034 7431//1034 7427//1034
f 7359//1034 7432//1034 7430//1034
f 7195//765 7359//765 7155//765
f 7155//765 7359//765 7154//765
f 290//368 291//368 312//368
f 312//368 291//368 292//368
f 312//368 292//368 311//368
f 311//368 292//368 293//368
f 311//368 293//368 294//368
f 294//368 295//368 311//368
f 311//368 295//368 296//368
f 311//368 296//368 297//368
f 297//368 298//368 311//368
f 311//368 298//368 299//368
f 311//368 299//368 300//368
f 300//368 301//368 311//368
f 311//368 301//368 302//368
f 311//368 302//368 303//368
f 303//368 304//368 311//368
f 311//368 304//368 310//368
f 310//368 304//368 305//368
f 310//368 305//368 309//368
f 309//368 305//368 306//368
f 309//368 306//368 308//368
f 308//368 306//368 307//368
f 313//368 319//368 312//368
f 312//368 319//368 320//368
f 312//368 320//368 321//368
f 319//368 313//368 318//368
f 318//368 313//368 314//368
f 318//368 314//368 317//368
f 317//368 314//368 315//368
f 317//368 315//368 316//368
f 321//368 322//368 312//368
f 312//368 322//368 290//368
f 878//368 879//368 900//368
f 900//368 879//368 880//368
f 900//368 880//368 899//368
f 899//368 880//368 881//368
f 899//368 881//368 882//368
f 882//368 883//368 899//368
f 899//368 883//368 884//368
f 899//368 884//368 885//368
f 885//368 886//368 899//368
f 899//368 886//368 887//368
f 899//368 887//368 888//368
f 888//368 889//368 899//368
f 899//368 889//368 890//368
f 899//368 890//368 891//368
f 891//368 892//368 899//368
f 899//368 892//368 898//368
f 898//368 892//368 893//368
f 898//368 893//368 897//368
f 897//368 893//368 894//368
f 897//368 894//368 896//368
f 896//368 894//368 895//368
f 901//368 907//368 900//368
f 900//368 907//368 908//368
f 900//368 908//368 909//368
f 907//368 901//368 906//368
f 906//368 901//368 902//368
f 906//368 902//368 905//368
f 905//368 902//368 903//368
f 905//368 903//368 904//368
f 909//368 910//368 900//368
f 900//368 910//368 878//368
f 3230//368 3231//368 3252//368
f 3252//368 3231//368 3232//368
f 3252//368 3232//368 3251//368
f 3251//368 3232//368 3233//368
f 3251//368 3233//368 3234//368
f 3234//368 3235//368 3251//368
f 3251//368 3235//368 3236//368
f 3251//368 3236//368 3237//368
f 3237//368 3238//368 3251//368
f 3251//368 3238//368 3239//368
f 3251//368 3239//368 3240//368
f 3240//368 3241//368 3251//368
f 3251//368 3241//368 3242//368
f 3251//368 3242//368 3243//368
f 3243//368 3244//368 3251//368
f 3251//368 3244//368 3250//368
f 3250//368 3244//368 3245//368
f 3250//368 3245//368 3249//368
f 3249//368 3245//368 3246//368
f 3249//368 3246//368 3248//368
f 3248//368 3246//368 3247//368
f 3253//368 3259//368 3252//368
f 3252//368 3259//368 3260//368
f 3252//368 3260//368 3261//368
f 3259//368 3253//368 3258//368
f 3258//368 3253//368 3254//368
f 3258//368 3254//368 3257//368
f 3257//368 3254//368 3255//368
f 3257//368 3255//368 3256//368
f 3261//368 3262//368 3252//368
f 3252//368 3262//368 3230//368
f 4406//368 4407//368 4428//368
f 4428//368 4407//368 4408//368
f 4428//368 4408//368 4427//368
f 4427//368 4408//368 4409//368
f 4427//368 4409//368 4410//368
f 4410//368 4411//368 4427//368
f 4427//368 4411//368 4412//368
f 4427//368 4412//368 4413//368
f 4413//368 4414//368 4427//368
f 4427//368 4414//368 4415//368
f 4427//368 4415//368 4416//368
f 4416//368 4417//368 4427//368
f 4427//368 4417//368 4418//368
f 4427//368 4418//368 4419//368
f 4419//368 4420//368 4427//368
f 4427//368 4420//368 4426//368
f 4426//368 4420//368 4421//368
f 4426//368 4421//368 4425//368
f 4425//368 4421//368 4422//368
f 4425//368 4422//368 4424//368
f 4424//368 4422//368 4423//368
f 4429//368 4435//368 4428//368
f 4428//368 4435//368 4436//368
f 4428//368 4436//368 4437//368
f 4435//368 4429//368 4434//368
f 4434//368 4429//368 4430//368
f 4434//368 4430//368 4433//368
f 4433//368 4430//368 4431//368
f 4433//368 4431//368 4432//368
f 4437//368 4438//368 4428//368
f 4428//368 4438//368 4406//368
f 5848//368 5849//368 5870//368
f 5870//368 5849//368 5850//368
f 5870//368 5850//368 5869//368
f 5869//368 5850//368 5851//368
f 5869//368 5851//368 5852//368
f 5852//368 5853//368 5869//368
f 5869//368 5853//368 5854//368
f 5869//368 5854//368 5855//368
f 5855//368 5856//368 5869//368
f 5869//368 5856//368 5857//368
f 5869//368 5857//368 5858//368
f 5858//368 5859//368 5869//368
f 5869//368 5859//368 5860//368
f 5869//368 5860//368 5861//368
f 5861//368 5862//368 5869//368
f 5869//368 5862//368 5868//368
f 5868//368 5862//368 5863//368
f 5868//368 5863//368 5867//368
f 5867//368 5863//368 5864//368
f 5867//368 5864//368 5866//368
f 5866//368 5864//368 5865//368
f 5871//368 5877//368 5870//368
f 5870//368 5877//368 5878//368
f 5870//368 5878//368 5879//368
f 5877//368 5871//368 5876//368
f 5876//368 5871//368 5872//368
f 5876//368 5872//368 5875//368
f 5875//368 5872//368 5873//368
f 5875//368 5873//368 5874//368
f 5879//368 5880//368 5870//368
f 5870//368 5880//368 5848//368
f 6170//368 6171//368 6192//368
f 6192//368 6171//368 6172//368
f 6192//368 6172//368 6191//368
f 6191//368 6172//368 6173//368
f 6191//368 6173//368 6174//368
f 6174//368 6175//368 6191//368
f 6191//368 6175//368 6176//368
f 6191//368 6176//368 6177//368
f 6177//368 6178//368 6191//368
f 6191//368 6178//368 6179//368
f 6191//368 6179//368 6180//368
f 6180//368 6181//368 6191//368
f 6191//368 6181//368 6182//368
f 6191//368 6182//368 6183//368
f 6183//368 6184//368 6191//368
f 6191//368 6184//368 6190//368
f 6190//368 6184//368 6185//368
f 6190//368 6185//368 6189//368
f 6189//368 6185//368 6186//368
f 6189//368 6186//368 6188//368
f 6188//368 6186//368 6187//368
f 6193//368 6199//368 6192//368
f 6192//368 6199//368 6200//368
f 6192//368 6200//368 6201//368
f 6199//368 6193//368 6198//368
f 6198//368 6193//368 6194//368
f 6198//368 6194//368 6197//368
f 6197//368 6194//368 6195//368
f 6197//368 6195//368 6196//368
f 6201//368 6202//368 6192//368
f 6192//368 6202//368 6170//368
f 1466//368 1467//368 1488//368
f 1488//368 1467//368 1468//368
f 1488//368 1468//368 1487//368
f 1487//368 1468//368 1469//368
f 1487//368 1469//368 1470//368
f 1470//368 1471//368 1487//368
f 1487//368 1471//368 1472//368
f 1487//368 1472//368 1473//368
f 1473//368 1474//368 1487//368
f 1487//368 1474//368 1475//368
f 1487//368 1475//368 1476//368
f 1476//368 1477//368 1487//368
f 1487//368 1477//368 1478//368
f 1487//368 1478//368 1479//368
f 1479//368 1480//368 1487//368
f 1487//368 1480//368 1486//368
f 1486//368 1480//368 1481//368
f 1486//368 1481//368 1485//368
f 1485//368 1481//368 1482//368
f 1485//368 1482//368 1484//368
f 1484//368 1482//368 1483//368
f 1489//368 1495//368 1488//368
f 1488//368 1495//368 1496//368
f 1488//368 1496//368 1497//368
f 1495//368 1489//368 1494//368
f 1494//368 1489//368 1490//368
f 1494//368 1490//368 1493//368
f 1493//368 1490//368 1491//368
f 1493//368 1491//368 1492//368
f 1497//368 1498//368 1488//368
f 1488//368 1498//368 1466//368
f 2054//368 2055//368 2076//368
f 2076//368 2055//368 2056//368
f 2076//368 2056//368 2075//368
f 2075//368 2056//368 2057//368
f 2075//368 2057//368 2058//368
f 2058//368 2059//368 2075//368
f 2075//368 2059//368 2060//368
f 2075//368 2060//368 2061//368
f 2061//368 2062//368 2075//368
f 2075//368 2062//368 2063//368
f 2075//368 2063//368 2064//368
f 2064//368 2065//368 2075//368
f 2075//368 2065//368 2066//368
f 2075//368 2066//368 2067//368
f 2067//368 2068//368 2075//368
f 2075//368 2068//368 2074//368
f 2074//368 2068//368 2069//368
f 2074//368 2069//368 2073//368
f 2073//368 2069//368 2070//368
f 2073//368 2070//368 2072//368
f 2072//368 2070//368 2071//368
f 2077//368 2083//368 2076//368
f 2076//368 2083//368 2084//368
f 2076//368 2084//368 2085//368
f 2083//368 2077//368 2082//368
f 2082//368 2077//368 2078//368
f 2082//368 2078//368 2081//368
f 2081//368 2078//368 2079//368
f 2081//368 2079//368 2080//368
f 2085//368 2086//368 2076//368
f 2076//368 2086//368 2054//368
f 2642//368 2643//368 2664//368
f 2664//368 2643//368 2644//368
f 2664//368 2644//368 2663//368
f 2663//368 2644//368 2645//368
f 2663//368 2645//368 2646//368
f 2646//368 2647//368 2663//368
f 2663//368 2647//368 2648//368
f 2663//368 2648//368 2649//368
f 2649//368 2650//368 2663//368
f 2663//368 2650//368 2651//368
f 2663//368 2651//368 2652//368
f 2652//368 2653//368 2663//368
f 2663//368 2653//368 2654//368
f 2663//368 2654//368 2655//368
f 2655//368 2656//368 2663//368
f 2663//368 2656//368 2662//368
f 2662//368 2656//368 2657//368
f 2662//368 2657//368 2661//368
f 2661//368 2657//368 2658//368
f 2661//368 2658//368 2660//368
f 2660//368 2658//368 2659//368
f 2665//368 2671//368 2664//368
f 2664//368 2671//368 2672//368
f 2664//368 2672//368 2673//368
f 2671//368 2665//368 2670//368
f 2670//368 2665//368 2666//368
f 2670//368 2666//368 2669//368
f 2669//368 2666//368 2667//368
f 2669//368 2667//368 2668//368
f 2673//368 2674//368 2664//368
f 2664//368 2674//368 2642//368
f 3818//368 3819//368 3840//368
f 3840//368 3819//368 3820//368
f 3840//368 3820//368 3839//368
f 3839//368 3820//368 3821//368
f 3839//368 3821//368 3822//368
f 3822//368 3823//368 3839//368
f 3839//368 3823//368 3824//368
f 3839//368 3824//368 3825//368
f 3825//368 3826//368 3839//368
f 3839//368 3826//368 3827//368
f 3839//368 3827//368 3828//368
f 3828//368 3829//368 3839//368
f 3839//368 3829//368 3830//368
f 3839//368 3830//368 3831//368
f 3831//368 3832//368 3839//368
f 3839//368 3832//368 3838//368
f 3838//368 3832//368 3833//368
f 3838//368 3833//368 3837//368
f 3837//368 3833//368 3834//368
f 3837//368 3834//368 3836//368
f 3836//368 3834//368 3835//368
f 3841//368 3847//368 3840//368
f 3840//368 3847//368 3848//368
f 3840//368 3848//368 3849//368
f 3847//368 3841//368 3846//368
f 3846//368 3841//368 3842//368
f 3846//368 3842//368 3845//368
f 3845//368 3842//368 3843//368
f 3845//368 3843//368 3844//368
f 3849//368 3850//368 3840//368
f 3840//368 3850//368 3818//368
f 4994//368 4995//368 5016//368
f 5016//368 4995//368 4996//368
f 5016//368 4996//368 5015//368
f 5015//368 4996//368 4997//368
f 5015//368 4997//368 4998//368
f 4998//368 4999//368 5015//368
f 5015//368 4999//368 5000//368
f 5015//368 5000//368 5001//368
f 5001//368 5002//368 5015//368
f 5015//368 5002//368 5003//368
f 5015//368 5003//368 5004//368
f 5004//368 5005//368 5015//368
f 5015//368 5005//368 5006//368
f 5015//368 5006//368 5007//368
f 5007//368 5008//368 5015//368
f 5015//368 5008//368 5014//368
f 5014//368 5008//368 5009//368
f 5014//368 5009//368 5013//368
f 5013//368 5009//368 5010//368
f 5013//368 5010//368 5012//368
f 5012//368 5010//368 5011//368
f 5017//368 5023//368 5016//368
f 5016//368 5023//368 5024//368
f 5016//368 5024//368 5025//368
f 5023//368 5017//368 5022//368
f 5022//368 5017//368 5018//368
f 5022//368 5018//368 5021//368
f 5021//368 5018//368 5019//368
f 5021//368 5019//368 5020//368
f 5025//368 5026//368 5016//368
f 5016//368 5026//368 4994//368
f 7433//1038 7434//1038 7435//1038
f 7435//1038 7434//1038 7436//1038
f 7435//1039 7436//1039 7437//1039
f 7437//1039 7436//1039 7438//1039
f 7437//1040 7438//1040 7439//1040
f 7439//1040 7438//1040 7440//1040
f 7439//1041 7440//1041 7441//1041
f 7441//1041 7440//1041 7442//1041
f 7441//1042 7442//1042 7443//1042
f 7443//1042 7442//1042 7444//1042
f 7443//1043 7444//1043 7445//1043
f 7445//1043 7444//1043 7446//1043
f 7445//1044 7446//1044 7447//1044
f 7447//1044 7446//1044 7448//1044
f 7447//1045 7448//1045 7449//1045
f 7449//1045 7448//1045 7450//1045
f 7449//1046 7450//1046 7451//1046
f 7451//1046 7450//1046 7452//1046
f 7451//1047 7452//1047 7453//1047
f 7453//1047 7452//1047 7454//1047
f 7453//1048 7454//1048 7455//1048
f 7455//1048 7454//1048 7456//1048
f 7455//1049 7456//1049 7457//1049
f 7457//1049 7456//1049 7458//1049
f 7457//1050 7458//1050 7459//1050
f 7459//1050 7458//1050 7460//1050
f 7459//1051 7460//1051 7461//1051
f 7461//1051 7460//1051 7462//1051
f 7461//1052 7462//1052 7463//1052
f 7463//1052 7462//1052 7464//1052
f 7463//1053 7464//1053 7465//1053
f 7465//1053 7464//1053 7466//1053
f 7465//1054 7466//1054 7467//1054
f 7467//1054 7466//1054 7468//1054
f 7467//1055 7468//1055 7469//1055
f 7469//1055 7468//1055 7470//1055
f 7469//1056 7470//1056 7471//1056
f 7471//1056 7470//1056 7472//1056
f 7471//1057 7472//1057 7473//1057
f 7473//1057 7472//1057 7474//1057
f 7473//1058 7474//1058 7475//1058
f 7475//1058 7474//1058 7476//1058
f 7475//1006 7476//1006 7477//1006
f 7477//1006 7476//1006 7478//1006
f 7477//1059 7478//1059 7479//1059
f 7479//1059 7478//1059 7480//1059
f 7479//1060 7480//1060 7481//1060
f 7481//1060 7480//1060 7482//1060
f 7481//1061 7482//1061 7483//1061
f 7483//1061 7482//1061 7484//1061
f 7483//1062 7484//1062 7485//1062
f 7485//1062 7484//1062 7486//1062
f 7485//1063 7486//1063 7487//1063
f 7487//1063 7486//1063 7488//1063
f 7487//1064 7488//1064 7489//1064
f 7489//1064 7488//1064 7490//1064
f 7489//1065 7490//1065 7491//1065
f 7491//1065 7490//1065 7492//1065
f 7491//1066 7492//1066 7493//1066
f 7493//1066 7492//1066 7494//1066
f 7493//1067 7494//1067 7495//1067
f 7495//1067 7494//1067 7496//1067
f 7495//1068 7496//1068 7497//1068
f 7497//1068 7496//1068 7498//1068
f 7497//1069 7498//1069 7499//1069
f 7499//1069 7498//1069 7500//1069
f 7499//1070 7500//1070 7501//1070
f 7501//1070 7500//1070 7502//1070
f 7501//1071 7502//1071 7503//1071
f 7503//1071 7502//1071 7504//1071
f 7503//1072 7504//1072 7505//1072
f 7505//1072 7504//1072 7506//1072
f 7505//1073 7506//1073 7507//1073
f 7507//1073 7506//1073 7508//1073
f 7507//1074 7508//1074 7509//1074
f 7509//1074 7508//1074 7510//1074
f 7509//1075 7510//1075 7511//1075
f 7511//1075 7510//1075 7512//1075
f 7511//1076 7512//1076 7513//1076
f 7513//1076 7512//1076 7514//1076
f 7513//1077 7514//1077 7433//1077
f 7433//1077 7514//1077 7434//1077
f 7515//1078 7516//1078 7517//1078
f 7517//1078 7516//1078 7518//1078
f 7517//1079 7518//1079 7519//1079
f 7519//1079 7518//1079 7520//1079
f 7519//1080 7520//1080 7521//1080
f 7521//1080 7520//1080 7522//1080
f 7521//1081 7522//1081 7523//1081
f 7523//1081 7522//1081 7524//1081
f 7523//1082 7524//1082 7525//1082
f 7525//1082 7524//1082 7526//1082
f 7525//1083 7526//1083 7527//1083
f 7527//1083 7526//1083 7528//1083
f 7527//1084 7528//1084 7529//1084
f 7529//1084 7528//1084 7530//1084
f 7529//1085 7530//1085 7531//1085
f 7531//1085 7530//1085 7532//1085
f 7531//397 7532//397 7533//397
f 7533//397 7532//397 7534//397
f 7533//1086 7534//1086 7535//1086
f 7535//1086 7534//1086 7536//1086
f 7535//1087 7536//1087 7537//1087
f 7537//1087 7536//1087 7538//1087
f 7537//1088 7538//1088 7539//1088
f 7539//1088 7538//1088 7540//1088
f 7539//1089 7540//1089 7541//1089
f 7541//1089 7540//1089 7542//1089
f 7541//1090 7542//1090 7543//1090
f 7543//1090 7542//1090 7544//1090
f 7543//1091 7544//1091 7545//1091
f 7545//1091 7544//1091 7546//1091
f 7545//1092 7546//1092 7547//1092
f 7547//1092 7546//1092 7548//1092
f 7547//1093 7548//1093 7549//1093
f 7549//1093 7548//1093 7550//1093
f 7549//1094 7550//1094 7551//1094
f 7551//1094 7550//1094 7552//1094
f 7551//1095 7552//1095 7553//1095
f 7553//1095 7552//1095 7554//1095
f 7553//1096 7554//1096 7555//1096
f 7555//1096 7554//1096 7556//1096
f 7555//1097 7556//1097 7557//1097
f 7557//1097 7556//1097 7558//1097
f 7557//1098 7558//1098 7559//1098
f 7559//1098 7558//1098 7560//1098
f 7559//1099 7560//1099 7561//1099
f 7561//1099 7560//1099 7562//1099
f 7561//386 7562//386 7563//386
f 7563//386 7562//386 7564//386
f 7563//1100 7564//1100 7565//1100
f 7565//1100 7564//1100 7566//1100
f 7565//1101 7566//1101 7567//1101
f 7567//1101 7566//1101 7568//1101
f 7567//1102 7568//1102 7569//1102
f 7569//1102 7568//1102 7570//1102
f 7569//1103 7570//1103 7571//1103
f 7571//1103 7570//1103 7572//1103
f 7571//1104 7572//1104 7573//1104
f 7573//1104 7572//1104 7574//1104
f 7573//1105 7574//1105 7575//1105
f 7575//1105 7574//1105 7576//1105
f 7575//1106 7576//1106 7577//1106
f 7577//1106 7576//1106 7578//1106
f 7577//1107 7578//1107 7579//1107
f 7579//1107 7578//1107 7580//1107
f 7579//1108 7580//1108 7581//1108
f 7581//1108 7580//1108 7582//1108
f 7581//1109 7582//1109 7583//1109
f 7583//1109 7582//1109 7584//1109
f 7583//1110 7584//1110 7585//1110
f 7585//1110 7584//1110 7586//1110
f 7585//1111 7586//1111 7587//1111
f 7587//1111 7586//1111 7588//1111
f 7587//1112 7588//1112 7589//1112
f 7589//1112 7588//1112 7590//1112
f 7589//1113 7590//1113 7591//1113
f 7591//1113 7590//1113 7592//1113
f 7591//375 7592//375 7593//375
f 7593//375 7592//375 7594//375
f 7593//1114 7594//1114 7595//1114
f 7595//1114 7594//1114 7596//1114
f 7595//1115 7596//1115 7597//1115
f 7597//1115 7596//1115 7598//1115
f 7597//1116 7598//1116 7599//1116
f 7599//1116 7598//1116 7600//1116
f 7599//1117 7600//1117 7601//1117
f 7601//1117 7600//1117 7602//1117
f 7601//1118 7602//1118 7603//1118
f 7603//1118 7602//1118 7604//1118
f 7603//1119 7604//1119 7515//1119
f 7515//1119 7604//1119 7516//1119
f 7437//1120 7515//1120 7435//1120
f 7435//1120 7515//1120 7517//1120
f 7435//1120 7517//1120 7519//1120
f 7515//1120 7437//1120 7603//1120
f 7603//1120 7437//1120 7439//1120
f 7603//1120 7439//1120 7601//1120
f 7601//1120 7439//1120 7441//1120
f 7601//1120 7441//1120 7599//1120
f 7599//1120 7441//1120 7443//1120
f 7599//1120 7443//1120 7597//1120
f 7597//1120 7443//1120 7445//1120
f 7597//1120 7445//1120 7595//1120
f 7595//1120 7445//1120 7447//1120
f 7595//1120 7447//1120 7593//1120
f 7593//1120 7447//1120 7449//1120
f 7593//1120 7449//1120 7591//1120
f 7591//1120 7449//1120 7451//1120
f 7591//1120 7451//1120 7589//1120
f 7589//1120 7451//1120 7453//1120
f 7589//1120 7453//1120 7587//1120
f 7587//1120 7453//1120 7455//1120
f 7587//1120 7455//1120 7585//1120
f 7585//1120 7455//1120 7583//1120
f 7583//1120 7455//1120 7457//1120
f 7583//1120 7457//1120 7581//1120
f 7581//1120 7457//1120 7459//1120
f 7581//1120 7459//1120 7579//1120
f 7579//1120 7459//1120 7461//1120
f 7579//1120 7461//1120 7577//1120
f 7577//1120 7461//1120 7463//1120
f 7577//1120 7463//1120 7575//1120
f 7575//1120 7463//1120 7465//1120
f 7575//1120 7465//1120 7573//1120
f 7573//1120 7465//1120 7467//1120
f 7573//1120 7467//1120 7571//1120
f 7571//1120 7467//1120 7469//1120
f 7571//1120 7469//1120 7569//1120
f 7569//1120 7469//1120 7471//1120
f 7569//1120 7471//1120 7567//1120
f 7567//1120 7471//1120 7473//1120
f 7567//1120 7473//1120 7565//1120
f 7565//1120 7473//1120 7475//1120
f 7565//1120 7475//1120 7563//1120
f 7563//1120 7475//1120 7561//1120
f 7561//1120 7475//1120 7477//1120
f 7561//1120 7477//1120 7559//1120
f 7559//1120 7477//1120 7479//1120
f 7559//1120 7479//1120 7557//1120
f 7557//1120 7479//1120 7481//1120
f 7557//1120 7481//1120 7555//1120
f 7555//1120 7481//1120 7483//1120
f 7555//1120 7483//1120 7553//1120
f 7553//1120 7483//1120 7485//1120
f 7553//1120 7485//1120 7551//1120
f 7551//1120 7485//1120 7487//1120
f 7551//1120 7487//1120 7549//1120
f 7549//1120 7487//1120 7489//1120
f 7549//1120 7489//1120 7547//1120
f 7547//1120 7489//1120 7491//1120
f 7547//1120 7491//1120 7545//1120
f 7545//1120 7491//1120 7493//1120
f 7545//1120 7493//1120 7543//1120
f 7543//1120 7493//1120 7495//1120
f 7543//1120 7495//1120 7541//1120
f 7541//1120 7495//1120 7497//1120
f 7541//1120 7497//1120 7539//1120
f 7539//1120 7497//1120 7537//1120
f 7537//1120 7497//1120 7499//1120
f 7537//1120 7499//1120 7535//1120
f 7535//1120 7499//1120 7501//1120
f 7535//1120 7501//1120 7533//1120
f 7533//1120 7501//1120 7503//1120
f 7533//1120 7503//1120 7531//1120
f 7531//1120 7503//1120 7505//1120
f 7531//1120 7505//1120 7529//1120
f 7529//1120 7505//1120 7507//1120
f 7529//1120 7507//1120 7527//1120
f 7527//1120 7507//1120 7509//1120
f 7527//1120 7509//1120 7525//1120
f 7525//1120 7509//1120 7511//1120
f 7525//1120 7511//1120 7523//1120
f 7523//1120 7511//1120 7513//1120
f 7523//1120 7513//1120 7521//1120
f 7521//1120 7513//1120 7433//1120
f 7521//1120 7433//1120 7519//1120
f 7519//1120 7433//1120 7435//1120
f 7605//1120 7606//1120 7607//1120
f 7607//1120 7606//1120 7608//1120
f 7607//1120 7608//1120 7609//1120
f 7609//1120 7608//1120 7610//1120
f 7610//1120 7608//1120 7611//1120
f 7610//1120 7611//1120 7612//1120
f 7605//1120 7613//1120 7606//1120
f 7606//1120 7613//1120 7614//1120
f 7614//1120 7613//1120 7522//1120
f 7614//1120 7522//1120 7520//1120
f 7613//1120 7615//1120 7522//1120
f 7522//1120 7615//1120 7524//1120
f 7524//1120 7615//1120 7616//1120
f 7524//1120 7616//1120 7526//1120
f 7526//1120 7616//1120 7617//1120
f 7526//1120 7617//1120 7528//1120
f 7528//1120 7617//1120 7618//1120
f 7528//1120 7618//1120 7530//1120
f 7530//1120 7618//1120 7619//1120
f 7530//1120 7619//1120 7532//1120
f 7532//1120 7619//1120 7620//1120
f 7532//1120 7620//1120 7534//1120
f 7534//1120 7620//1120 7621//1120
f 7534//1120 7621//1120 7536//1120
f 7536//1120 7621//1120 7622//1120
f 7536//1120 7622//1120 7538//1120
f 7538//1120 7622//1120 7623//1120
f 7538//1120 7623//1120 7540//1120
f 7540//1120 7623//1120 7624//1120
f 7540//1120 7624//1120 7542//1120
f 7542//1120 7624//1120 7625//1120
f 7542//1120 7625//1120 7544//1120
f 7544//1120 7625//1120 7626//1120
f 7544//1120 7626//1120 7546//1120
f 7546//1120 7626//1120 7627//1120
f 7546//1120 7627//1120 7548//1120
f 7548//1120 7627//1120 7628//1120
f 7548//1120 7628//1120 7550//1120
f 7550//1120 7628//1120 7629//1120
f 7550//1120 7629//1120 7552//1120
f 7552//1120 7629//1120 7630//1120
f 7552//1120 7630//1120 7554//1120
f 7554//1120 7630//1120 7631//1120
f 7554//1120 7631//1120 7556//1120
f 7556//1120 7631//1120 7632//1120
f 7556//1120 7632//1120 7558//1120
f 7558//1120 7632//1120 7633//1120
f 7558//1120 7633//1120 7560//1120
f 7560//1120 7633//1120 7634//1120
f 7560//1120 7634//1120 7562//1120
f 7562//1120 7634//1120 7564//1120
f 7564//1120 7634//1120 7635//1120
f 7564//1120 7635//1120 7636//1120
f 7636//1120 7635//1120 7637//1120
f 7636//1120 7637//1120 7638//1120
f 7638//1120 7637//1120 7639//1120
f 7639//1120 7637//1120 7640//1120
f 7634//1120 7633//1120 7641//1120
f 7641//1120 7633//1120 7642//1120
f 7641//1120 7642//1120 7643//1120
f 7643//1120 7642//1120 7644//1120
f 7643//1120 7644//1120 7645//1120
f 7643//1120 7645//1120 7646//1120
f 7646//1120 7645//1120 7647//1120
f 7646//1120 7647//1120 7648//1120
f 7648//1120 7647//1120 7649//1120
f 7648//1120 7649//1120 7650//1120
f 7650//1120 7649//1120 7651//1120
f 7650//1120 7651//1120 7652//1120
f 7652//1120 7651//1120 7653//1120
f 7652//1120 7653//1120 7654//1120
f 7654//1120 7653//1120 7655//1120
f 7654//1120 7655//1120 7656//1120
f 7656//1120 7655//1120 7657//1120
f 7656//1120 7657//1120 7658//1120
f 7658//1120 7657//1120 7659//1120
f 7658//1120 7659//1120 7660//1120
f 7660//1120 7659//1120 7661//1120
f 7660//1120 7661//1120 7662//1120
f 7662//1120 7661//1120 7663//1120
f 7662//1120 7663//1120 7664//1120
f 7664//1120 7663//1120 7665//1120
f 7664//1120 7665//1120 7666//1120
f 7666//1120 7665//1120 7667//1120
f 7666//1120 7667//1120 7668//1120
f 7668//1120 7667//1120 7669//1120
f 7668//1120 7669//1120 7670//1120
f 7670//1120 7669//1120 7671//1120
f 7670//1120 7671//1120 7672//1120
f 7672//1120 7671//1120 7673//1120
f 7672//1120 7673//1120 7674//1120
f 7674//1120 7673//1120 7675//1120
f 7674//1120 7675//1120 7676//1120
f 7676//1120 7675//1120 7677//1120
f 7676//1120 7677//1120 7678//1120
f 7678//1120 7677//1120 7679//1120
f 7678//1120 7679//1120 7680//1120
f 7680//1120 7679//1120 7681//1120
f 7680//1120 7681//1120 7612//1120
f 7612//1120 7681//1120 7610//1120
f 7682//1120 7683//1120 7684//1120
f 7684//1120 7683//1120 7685//1120
f 7684//1120 7685//1120 7686//1120
f 7686//1120 7685//1120 7687//1120
f 7687//1120 7685//1120 7688//1120
f 7687//1120 7688//1120 7689//1120
f 7682//1120 7690//1120 7683//1120
f 7683//1120 7690//1120 7691//1120
f 7691//1120 7690//1120 7692//1120
f 7691//1120 7692//1120 7693//1120
f 7690//1120 7694//1120 7692//1120
f 7692//1120 7694//1120 7695//1120
f 7695//1120 7694//1120 7696//1120
f 7695//1120 7696//1120 7697//1120
f 7697//1120 7696//1120 7698//1120
f 7697//1120 7698//1120 7699//1120
f 7699//1120 7698//1120 7700//1120
f 7699//1120 7700//1120 7701//1120
f 7701//1120 7700//1120 7702//1120
f 7701//1120 7702//1120 7703//1120
f 7703//1120 7702//1120 7704//1120
f 7703//1120 7704//1120 7705//1120
f 7705//1120 7704//1120 7706//1120
f 7705//1120 7706//1120 7707//1120
f 7707//1120 7706//1120 7708//1120
f 7707//1120 7708//1120 7709//1120
f 7709//1120 7708//1120 7710//1120
f 7709//1120 7710//1120 7711//1120
f 7711//1120 7710//1120 7712//1120
f 7711//1120 7712//1120 7713//1120
f 7713//1120 7712//1120 7714//1120
f 7713//1120 7714//1120 7715//1120
f 7715//1120 7714//1120 7716//1120
f 7715//1120 7716//1120 7717//1120
f 7717//1120 7716//1120 7718//1120
f 7717//1120 7718//1120 7719//1120
f 7719//1120 7718//1120 7720//1120
f 7719//1120 7720//1120 7721//1120
f 7721//1120 7720//1120 7722//1120
f 7721//1120 7722//1120 7723//1120
f 7723//1120 7722//1120 7724//1120
f 7723//1120 7724//1120 7725//1120
f 7725//1120 7724//1120 7726//1120
f 7725//1120 7726//1120 7727//1120
f 7727//1120 7726//1120 7728//1120
f 7727//1120 7728//1120 7729//1120
f 7729//1120 7728//1120 7730//1120
f 7729//1120 7730//1120 7731//1120
f 7731//1120 7730//1120 7732//1120
f 7731//1120 7732//1120 7733//1120
f 7733//1120 7732//1120 7734//1120
f 7734//1120 7732//1120 7735//1120
f 7734//1120 7735//1120 7646//1120
f 7646//1120 7735//1120 7643//1120
f 7732//1120 7730//1120 7736//1120
f 7736//1120 7730//1120 7737//1120
f 7736//1120 7737//1120 7738//1120
f 7738//1120 7737//1120 7739//1120
f 7738//1120 7739//1120 7740//1120
f 7738//1120 7740//1120 7741//1120
f 7741//1120 7740//1120 7742//1120
f 7741//1120 7742//1120 7743//1120
f 7743//1120 7742//1120 7744//1120
f 7743//1120 7744//1120 7745//1120
f 7745//1120 7744//1120 7746//1120
f 7745//1120 7746//1120 7747//1120
f 7747//1120 7746//1120 7748//1120
f 7747//1120 7748//1120 7749//1120
f 7749//1120 7748//1120 7750//1120
f 7749//1120 7750//1120 7751//1120
f 7751//1120 7750//1120 7752//1120
f 7751//1120 7752//1120 7753//1120
f 7753//1120 7752//1120 7754//1120
f 7753//1120 7754//1120 7755//1120
f 7755//1120 7754//1120 7756//1120
f 7755//1120 7756//1120 7757//1120
f 7757//1120 7756//1120 7758//1120
f 7757//1120 7758//1120 7759//1120
f 7759//1120 7758//1120 7760//1120
f 7759//1120 7760//1120 7761//1120
f 7761//1120 7760//1120 7762//1120
f 7761//1120 7762//1120 7763//1120
f 7763//1120 7762//1120 7764//1120
f 7763//1120 7764//1120 7765//1120
f 7765//1120 7764//1120 7766//1120
f 7765//1120 7766//1120 7767//1120
f 7767//1120 7766//1120 7768//1120
f 7767//1120 7768//1120 7769//1120
f 7769//1120 7768//1120 7770//1120
f 7769//1120 7770//1120 7771//1120
f 7771//1120 7770//1120 7772//1120
f 7771//1120 7772//1120 7773//1120
f 7773//1120 7772//1120 7774//1120
f 7773//1120 7774//1120 7775//1120
f 7775//1120 7774//1120 7776//1120
f 7775//1120 7776//1120 7689//1120
f 7689//1120 7776//1120 7687//1120
f 7564//1120 7636//1120 7566//1120
f 7566//1120 7636//1120 7777//1120
f 7566//1120 7777//1120 7568//1120
f 7568//1120 7777//1120 7570//1120
f 7570//1120 7777//1120 7572//1120
f 7572//1120 7777//1120 7574//1120
f 7574//1120 7777//1120 7576//1120
f 7576//1120 7777//1120 7778//1120
f 7576//1120 7778//1120 7578//1120
f 7578//1120 7778//1120 7580//1120
f 7580//1120 7778//1120 7582//1120
f 7582//1120 7778//1120 7584//1120
f 7584//1120 7778//1120 7586//1120
f 7586//1120 7778//1120 7779//1120
f 7586//1120 7779//1120 7588//1120
f 7588//1120 7779//1120 7590//1120
f 7590//1120 7779//1120 7592//1120
f 7592//1120 7779//1120 7594//1120
f 7594//1120 7779//1120 7596//1120
f 7596//1120 7779//1120 7780//1120
f 7596//1120 7780//1120 7598//1120
f 7598//1120 7780//1120 7600//1120
f 7600//1120 7780//1120 7602//1120
f 7602//1120 7780//1120 7604//1120
f 7604//1120 7780//1120 7781//1120
f 7604//1120 7781//1120 7516//1120
f 7516//1120 7781//1120 7782//1120
f 7516//1120 7782//1120 7518//1120
f 7518//1120 7782//1120 7614//1120
f 7518//1120 7614//1120 7520//1120
f 7782//1120 7781//1120 7783//1120
f 7783//1120 7781//1120 7784//1120
f 7783//1120 7784//1120 7785//1120
f 7785//1120 7786//1120 7783//1120
f 7787//1120 7788//1120 7782//1120
f 7782//1120 7788//1120 7614//1120
f 7789//1120 7790//1120 7606//1120
f 7606//1120 7790//1120 7608//1120
f 7608//1120 7791//1120 7611//1120
f 7611//1120 7791//1120 7792//1120
f 7792//1120 7791//1120 7793//1120
f 7793//1120 7791//1120 7691//1120
f 7793//1120 7691//1120 7693//1120
f 7794//1120 7795//1120 7791//1120
f 7791//1120 7795//1120 7691//1120
f 7796//1120 7797//1120 7683//1120
f 7683//1120 7797//1120 7685//1120
f 7685//1120 7798//1120 7688//1120
f 7688//1120 7798//1120 7799//1120
f 7799//1120 7798//1120 7800//1120
f 7800//1120 7798//1120 7801//1120
f 7800//1120 7801//1120 7802//1120
f 7802//1120 7801//1120 7803//1120
f 7802//1120 7803//1120 7804//1120
f 7804//1120 7803//1120 7805//1120
f 7804//1120 7805//1120 7806//1120
f 7806//1120 7805//1120 7807//1120
f 7807//1120 7805//1120 7808//1120
f 7808//1120 7805//1120 7809//1120
f 7809//1120 7805//1120 7810//1120
f 7809//1120 7810//1120 7811//1120
f 7811//1120 7810//1120 7812//1120
f 7812//1120 7810//1120 7813//1120
f 7813//1120 7810//1120 7814//1120
f 7814//1120 7810//1120 7815//1120
f 7815//1120 7810//1120 7816//1120
f 7815//1120 7816//1120 7817//1120
f 7817//1120 7816//1120 7818//1120
f 7818//1120 7816//1120 7819//1120
f 7819//1120 7816//1120 7820//1120
f 7820//1120 7816//1120 7821//1120
f 7821//1120 7816//1120 7822//1120
f 7821//1120 7822//1120 7823//1120
f 7823//1120 7822//1120 7824//1120
f 7824//1120 7822//1120 7825//1120
f 7825//1120 7822//1120 7826//1120
f 7826//1120 7822//1120 7827//1120
f 7827//1120 7822//1120 7828//1120
f 7827//1120 7828//1120 7829//1120
f 7829//1120 7828//1120 7830//1120
f 7829//1120 7830//1120 7831//1120
f 7831//1120 7830//1120 7832//1120
f 7831//1120 7832//1120 7741//1120
f 7741//1120 7832//1120 7738//1120
f 7833//1120 7834//1120 7798//1120
f 7798//1120 7834//1120 7801//1120
f 7801//1120 7835//1120 7803//1120
f 7803//1120 7835//1120 7836//1120
f 7836//1120 7835//1120 7837//1120
f 7837//1120 7835//1120 7838//1120
f 7830//1120 7828//1120 7839//1120
f 7839//1120 7828//1120 7840//1120
f 7839//1120 7840//1120 7841//1120
f 7841//1120 7842//1120 7839//1120
f 7843//1120 7844//1120 7830//1120
f 7830//1120 7844//1120 7832//1120
f 7845//1120 7846//1120 7738//1120
f 7738//1120 7846//1120 7736//1120
f 7847//1120 7848//1120 7732//1120
f 7732//1120 7848//1120 7735//1120
f 7849//1120 7850//1120 7643//1120
f 7643//1120 7850//1120 7641//1120
f 7851//1120 7852//1120 7634//1120
f 7634//1120 7852//1120 7635//1120
f 7853//1038 7854//1038 7855//1038
f 7855//1038 7854//1038 7856//1038
f 7855//1039 7856//1039 7857//1039
f 7857//1039 7856//1039 7858//1039
f 7857//1040 7858//1040 7859//1040
f 7859//1040 7858//1040 7860//1040
f 7859//1041 7860//1041 7861//1041
f 7861//1041 7860//1041 7862//1041
f 7861//1042 7862//1042 7863//1042
f 7863//1042 7862//1042 7864//1042
f 7863//1043 7864//1043 7865//1043
f 7865//1043 7864//1043 7866//1043
f 7865//1044 7866//1044 7867//1044
f 7867//1044 7866//1044 7868//1044
f 7867//1045 7868//1045 7869//1045
f 7869//1045 7868//1045 7870//1045
f 7869//1046 7870//1046 7871//1046
f 7871//1046 7870//1046 7872//1046
f 7871//1121 7872//1121 7873//1121
f 7873//1121 7872//1121 7874//1121
f 7873//1048 7874//1048 7875//1048
f 7875//1048 7874//1048 7876//1048
f 7875//1049 7876//1049 7877//1049
f 7877//1049 7876//1049 7878//1049
f 7877//1050 7878//1050 7879//1050
f 7879//1050 7878//1050 7880//1050
f 7879//1051 7880//1051 7881//1051
f 7881//1051 7880//1051 7882//1051
f 7881//1052 7882//1052 7883//1052
f 7883//1052 7882//1052 7884//1052
f 7883//1053 7884//1053 7885//1053
f 7885//1053 7884//1053 7886//1053
f 7885//1054 7886//1054 7887//1054
f 7887//1054 7886//1054 7888//1054
f 7887//1055 7888//1055 7889//1055
f 7889//1055 7888//1055 7890//1055
f 7889//1056 7890//1056 7891//1056
f 7891//1056 7890//1056 7892//1056
f 7891//1057 7892//1057 7893//1057
f 7893//1057 7892//1057 7894//1057
f 7893//1058 7894//1058 7895//1058
f 7895//1058 7894//1058 7896//1058
f 7895//1006 7896//1006 7897//1006
f 7897//1006 7896//1006 7898//1006
f 7897//1059 7898//1059 7899//1059
f 7899//1059 7898//1059 7900//1059
f 7899//1060 7900//1060 7901//1060
f 7901//1060 7900//1060 7902//1060
f 7901//1061 7902//1061 7903//1061
f 7903//1061 7902//1061 7904//1061
f 7903//1062 7904//1062 7905//1062
f 7905//1062 7904//1062 7906//1062
f 7905//1063 7906//1063 7907//1063
f 7907//1063 7906//1063 7908//1063
f 7907//1064 7908//1064 7909//1064
f 7909//1064 7908//1064 7910//1064
f 7909//1065 7910//1065 7911//1065
f 7911//1065 7910//1065 7912//1065
f 7911//1066 7912//1066 7913//1066
f 7913//1066 7912//1066 7914//1066
f 7913//1067 7914//1067 7915//1067
f 7915//1067 7914//1067 7916//1067
f 7915//1068 7916//1068 7917//1068
f 7917//1068 7916//1068 7918//1068
f 7917//1069 7918//1069 7919//1069
f 7919//1069 7918//1069 7920//1069
f 7919//1070 7920//1070 7921//1070
f 7921//1070 7920//1070 7922//1070
f 7921//1071 7922//1071 7923//1071
f 7923//1071 7922//1071 7924//1071
f 7923//1072 7924//1072 7925//1072
f 7925//1072 7924//1072 7926//1072
f 7925//1073 7926//1073 7927//1073
f 7927//1073 7926//1073 7928//1073
f 7927//1074 7928//1074 7929//1074
f 7929//1074 7928//1074 7930//1074
f 7929//1075 7930//1075 7931//1075
f 7931//1075 7930//1075 7932//1075
f 7931//1076 7932//1076 7933//1076
f 7933//1076 7932//1076 7934//1076
f 7933//1077 7934//1077 7853//1077
f 7853//1077 7934//1077 7854//1077
f 7935//1078 7605//1078 7936//1078
f 7936//1078 7605//1078 7607//1078
f 7936//1079 7607//1079 7937//1079
f 7937//1079 7607//1079 7609//1079
f 7937//1080 7609//1080 7938//1080
f 7938//1080 7609//1080 7610//1080
f 7938//1081 7610//1081 7939//1081
f 7939//1081 7610//1081 7681//1081
f 7939//1082 7681//1082 7940//1082
f 7940//1082 7681//1082 7679//1082
f 7940//1083 7679//1083 7941//1083
f 7941//1083 7679//1083 7677//1083
f 7941//1084 7677//1084 7942//1084
f 7942//1084 7677//1084 7675//1084
f 7942//1085 7675//1085 7943//1085
f 7943//1085 7675//1085 7673//1085
f 7943//397 7673//397 7944//397
f 7944//397 7673//397 7671//397
f 7944//1086 7671//1086 7945//1086
f 7945//1086 7671//1086 7669//1086
f 7945//1087 7669//1087 7946//1087
f 7946//1087 7669//1087 7667//1087
f 7946//1088 7667//1088 7947//1088
f 7947//1088 7667//1088 7665//1088
f 7947//1089 7665//1089 7948//1089
f 7948//1089 7665//1089 7663//1089
f 7948//1090 7663//1090 7949//1090
f 7949//1090 7663//1090 7661//1090
f 7949//1091 7661//1091 7950//1091
f 7950//1091 7661//1091 7659//1091
f 7950//1092 7659//1092 7951//1092
f 7951//1092 7659//1092 7657//1092
f 7951//1093 7657//1093 7952//1093
f 7952//1093 7657//1093 7655//1093
f 7952//1094 7655//1094 7953//1094
f 7953//1094 7655//1094 7653//1094
f 7953//1095 7653//1095 7954//1095
f 7954//1095 7653//1095 7651//1095
f 7954//1096 7651//1096 7955//1096
f 7955//1096 7651//1096 7649//1096
f 7955//1097 7649//1097 7956//1097
f 7956//1097 7649//1097 7647//1097
f 7956//1098 7647//1098 7957//1098
f 7957//1098 7647//1098 7645//1098
f 7957//1099 7645//1099 7958//1099
f 7958//1099 7645//1099 7644//1099
f 7958//386 7644//386 7959//386
f 7959//386 7644//386 7642//386
f 7959//1100 7642//1100 7960//1100
f 7960//1100 7642//1100 7633//1100
f 7960//1101 7633//1101 7961//1101
f 7961//1101 7633//1101 7632//1101
f 7961//1102 7632//1102 7962//1102
f 7962//1102 7632//1102 7631//1102
f 7962//1103 7631//1103 7963//1103
f 7963//1103 7631//1103 7630//1103
f 7963//1104 7630//1104 7964//1104
f 7964//1104 7630//1104 7629//1104
f 7964//1105 7629//1105 7965//1105
f 7965//1105 7629//1105 7628//1105
f 7965//1106 7628//1106 7966//1106
f 7966//1106 7628//1106 7627//1106
f 7966//1107 7627//1107 7967//1107
f 7967//1107 7627//1107 7626//1107
f 7967//1108 7626//1108 7968//1108
f 7968//1108 7626//1108 7625//1108
f 7968//1109 7625//1109 7969//1109
f 7969//1109 7625//1109 7624//1109
f 7969//1110 7624//1110 7970//1110
f 7970//1110 7624//1110 7623//1110
f 7970//1111 7623//1111 7971//1111
f 7971//1111 7623//1111 7622//1111
f 7971//1112 7622//1112 7972//1112
f 7972//1112 7622//1112 7621//1112
f 7972//1113 7621//1113 7973//1113
f 7973//1113 7621//1113 7620//1113
f 7973//375 7620//375 7974//375
f 7974//375 7620//375 7619//375
f 7974//1114 7619//1114 7975//1114
f 7975//1114 7619//1114 7618//1114
f 7975//1115 7618//1115 7976//1115
f 7976//1115 7618//1115 7617//1115
f 7976//1116 7617//1116 7977//1116
f 7977//1116 7617//1116 7616//1116
f 7977//1117 7616//1117 7978//1117
f 7978//1117 7616//1117 7615//1117
f 7978//1118 7615//1118 7979//1118
f 7979//1118 7615//1118 7613//1118
f 7979//1119 7613//1119 7935//1119
f 7935//1119 7613//1119 7605//1119
f 7857//1120 7935//1120 7855//1120
f 7855//1120 7935//1120 7936//1120
f 7855//1120 7936//1120 7937//1120
f 7935//1120 7857//1120 7979//1120
f 7979//1120 7857//1120 7859//1120
f 7979//1120 7859//1120 7978//1120
f 7978//1120 7859//1120 7861//1120
f 7978//1120 7861//1120 7977//1120
f 7977//1120 7861//1120 7863//1120
f 7977//1120 7863//1120 7976//1120
f 7976//1120 7863//1120 7865//1120
f 7976//1120 7865//1120 7975//1120
f 7975//1120 7865//1120 7867//1120
f 7975//1120 7867//1120 7974//1120
f 7974//1120 7867//1120 7869//1120
f 7974//1120 7869//1120 7973//1120
f 7973//1120 7869//1120 7871//1120
f 7973//1120 7871//1120 7972//1120
f 7972//1120 7871//1120 7873//1120
f 7972//1120 7873//1120 7971//1120
f 7971//1120 7873//1120 7875//1120
f 7971//1120 7875//1120 7970//1120
f 7970//1120 7875//1120 7969//1120
f 7969//1120 7875//1120 7877//1120
f 7969//1120 7877//1120 7968//1120
f 7968//1120 7877//1120 7879//1120
f 7968//1120 7879//1120 7967//1120
f 7967//1120 7879//1120 7881//1120
f 7967//1120 7881//1120 7966//1120
f 7966//1120 7881//1120 7883//1120
f 7966//1120 7883//1120 7965//1120
f 7965//1120 7883//1120 7885//1120
f 7965//1120 7885//1120 7964//1120
f 7964//1120 7885//1120 7887//1120
f 7964//1120 7887//1120 7963//1120
f 7963//1120 7887//1120 7889//1120
f 7963//1120 7889//1120 7962//1120
f 7962//1120 7889//1120 7891//1120
f 7962//1120 7891//1120 7961//1120
f 7961//1120 7891//1120 7893//1120
f 7961//1120 7893//1120 7960//1120
f 7960//1120 7893//1120 7895//1120
f 7960//1120 7895//1120 7959//1120
f 7959//1120 7895//1120 7958//1120
f 7958//1120 7895//1120 7897//1120
f 7958//1120 7897//1120 7957//1120
f 7957//1120 7897//1120 7899//1120
f 7957//1120 7899//1120 7956//1120
f 7956//1120 7899//1120 7901//1120
f 7956//1120 7901//1120 7955//1120
f 7955//1120 7901//1120 7903//1120
f 7955//1120 7903//1120 7954//1120
f 7954//1120 7903//1120 7905//1120
f 7954//1120 7905//1120 7953//1120
f 7953//1120 7905//1120 7907//1120
f 7953//1120 7907//1120 7952//1120
f 7952//1120 7907//1120 7909//1120
f 7952//1120 7909//1120 7951//1120
f 7951//1120 7909//1120 7911//1120
f 7951//1120 7911//1120 7950//1120
f 7950//1120 7911//1120 7913//1120
f 7950//1120 7913//1120 7949//1120
f 7949//1120 7913//1120 7915//1120
f 7949//1120 7915//1120 7948//1120
f 7948//1120 7915//1120 7917//1120
f 7948//1120 7917//1120 7947//1120
f 7947//1120 7917//1120 7946//1120
f 7946//1120 7917//1120 7919//1120
f 7946//1120 7919//1120 7945//1120
f 7945//1120 7919//1120 7921//1120
f 7945//1120 7921//1120 7944//1120
f 7944//1120 7921//1120 7923//1120
f 7944//1120 7923//1120 7943//1120
f 7943//1120 7923//1120 7925//1120
f 7943//1120 7925//1120 7942//1120
f 7942//1120 7925//1120 7927//1120
f 7942//1120 7927//1120 7941//1120
f 7941//1120 7927//1120 7929//1120
f 7941//1120 7929//1120 7940//1120
f 7940//1120 7929//1120 7931//1120
f 7940//1120 7931//1120 7939//1120
f 7939//1120 7931//1120 7933//1120
f 7939//1120 7933//1120 7938//1120
f 7938//1120 7933//1120 7853//1120
f 7938//1120 7853//1120 7937//1120
f 7937//1120 7853//1120 7855//1120
f 7438//1120 7436//1120 7470//1120
f 7470//1120 7436//1120 7434//1120
f 7470//1120 7434//1120 7514//1120
f 7514//1120 7512//1120 7470//1120
f 7470//1120 7512//1120 7510//1120
f 7470//1120 7510//1120 7508//1120
f 7508//1120 7506//1120 7470//1120
f 7470//1120 7506//1120 7504//1120
f 7470//1120 7504//1120 7502//1120
f 7502//1120 7500//1120 7470//1120
f 7470//1120 7500//1120 7498//1120
f 7470//1120 7498//1120 7496//1120
f 7470//1120 7496//1120 7472//1120
f 7472//1120 7496//1120 7494//1120
f 7472//1120 7494//1120 7492//1120
f 7492//1120 7490//1120 7472//1120
f 7472//1120 7490//1120 7488//1120
f 7472//1120 7488//1120 7486//1120
f 7486//1120 7484//1120 7472//1120
f 7472//1120 7484//1120 7482//1120
f 7472//1120 7482//1120 7474//1120
f 7474//1120 7482//1120 7480//1120
f 7474//1120 7480//1120 7476//1120
f 7476//1120 7480//1120 7478//1120
f 7468//1120 7444//1120 7470//1120
f 7470//1120 7444//1120 7442//1120
f 7470//1120 7442//1120 7440//1120
f 7444//1120 7468//1120 7446//1120
f 7446//1120 7468//1120 7466//1120
f 7446//1120 7466//1120 7448//1120
f 7448//1120 7466//1120 7464//1120
f 7448//1120 7464//1120 7450//1120
f 7450//1120 7464//1120 7462//1120
f 7450//1120 7462//1120 7452//1120
f 7452//1120 7462//1120 7460//1120
f 7452//1120 7460//1120 7454//1120
f 7454//1120 7460//1120 7458//1120
f 7454//1120 7458//1120 7456//1120
f 7440//1120 7438//1120 7470//1120
f 7980//1038 7981//1038 7982//1038
f 7982//1038 7981//1038 7983//1038
f 7982//1039 7983//1039 7984//1039
f 7984//1039 7983//1039 7985//1039
f 7984//1040 7985//1040 7986//1040
f 7986//1040 7985//1040 7987//1040
f 7986//1041 7987//1041 7988//1041
f 7988//1041 7987//1041 7989//1041
f 7988//1042 7989//1042 7990//1042
f 7990//1042 7989//1042 7991//1042
f 7990//1043 7991//1043 7992//1043
f 7992//1043 7991//1043 7993//1043
f 7992//1044 7993//1044 7994//1044
f 7994//1044 7993//1044 7995//1044
f 7994//1045 7995//1045 7996//1045
f 7996//1045 7995//1045 7997//1045
f 7996//1046 7997//1046 7998//1046
f 7998//1046 7997//1046 7999//1046
f 7998//1121 7999//1121 8000//1121
f 8000//1121 7999//1121 8001//1121
f 8000//1048 8001//1048 8002//1048
f 8002//1048 8001//1048 8003//1048
f 8002//1049 8003//1049 8004//1049
f 8004//1049 8003//1049 8005//1049
f 8004//1050 8005//1050 8006//1050
f 8006//1050 8005//1050 8007//1050
f 8006//1051 8007//1051 8008//1051
f 8008//1051 8007//1051 8009//1051
f 8008//1052 8009//1052 8010//1052
f 8010//1052 8009//1052 8011//1052
f 8010//1053 8011//1053 8012//1053
f 8012//1053 8011//1053 8013//1053
f 8012//1054 8013//1054 8014//1054
f 8014//1054 8013//1054 8015//1054
f 8014//1055 8015//1055 8016//1055
f 8016//1055 8015//1055 8017//1055
f 8016//1056 8017//1056 8018//1056
f 8018//1056 8017//1056 8019//1056
f 8018//1057 8019//1057 8020//1057
f 8020//1057 8019//1057 8021//1057
f 8020//1058 8021//1058 8022//1058
f 8022//1058 8021//1058 8023//1058
f 8022//1006 8023//1006 8024//1006
f 8024//1006 8023//1006 8025//1006
f 8024//1059 8025//1059 8026//1059
f 8026//1059 8025//1059 8027//1059
f 8026//1060 8027//1060 8028//1060
f 8028//1060 8027//1060 8029//1060
f 8028//1061 8029//1061 8030//1061
f 8030//1061 8029//1061 8031//1061
f 8030//1062 8031//1062 8032//1062
f 8032//1062 8031//1062 8033//1062
f 8032//1063 8033//1063 8034//1063
f 8034//1063 8033//1063 8035//1063
f 8034//1064 8035//1064 8036//1064
f 8036//1064 8035//1064 8037//1064
f 8036//1065 8037//1065 8038//1065
f 8038//1065 8037//1065 8039//1065
f 8038//1066 8039//1066 8040//1066
f 8040//1066 8039//1066 8041//1066
f 8040//1067 8041//1067 8042//1067
f 8042//1067 8041//1067 8043//1067
f 8042//1068 8043//1068 8044//1068
f 8044//1068 8043//1068 8045//1068
f 8044//1069 8045//1069 8046//1069
f 8046//1069 8045//1069 8047//1069
f 8046//1070 8047//1070 8048//1070
f 8048//1070 8047//1070 8049//1070
f 8048//1071 8049//1071 8050//1071
f 8050//1071 8049//1071 8051//1071
f 8050//1072 8051//1072 8052//1072
f 8052//1072 8051//1072 8053//1072
f 8052//1073 8053//1073 8054//1073
f 8054//1073 8053//1073 8055//1073
f 8054//1074 8055//1074 8056//1074
f 8056//1074 8055//1074 8057//1074
f 8056//1075 8057//1075 8058//1075
f 8058//1075 8057//1075 8059//1075
f 8058//1076 8059//1076 8060//1076
f 8060//1076 8059//1076 8061//1076
f 8060//1077 8061//1077 7980//1077
f 7980//1077 8061//1077 7981//1077
f 8062//1078 7792//1078 8063//1078
f 8063//1078 7792//1078 7793//1078
f 8063//1079 7793//1079 8064//1079
f 8064//1079 7793//1079 7693//1079
f 8064//1080 7693//1080 8065//1080
f 8065//1080 7693//1080 7692//1080
f 8065//1081 7692//1081 8066//1081
f 8066//1081 7692//1081 7695//1081
f 8066//1082 7695//1082 8067//1082
f 8067//1082 7695//1082 7697//1082
f 8067//1083 7697//1083 8068//1083
f 8068//1083 7697//1083 7699//1083
f 8068//1084 7699//1084 8069//1084
f 8069//1084 7699//1084 7701//1084
f 8069//1085 7701//1085 8070//1085
f 8070//1085 7701//1085 7703//1085
f 8070//397 7703//397 8071//397
f 8071//397 7703//397 7705//397
f 8071//1086 7705//1086 8072//1086
f 8072//1086 7705//1086 7707//1086
f 8072//1087 7707//1087 8073//1087
f 8073//1087 7707//1087 7709//1087
f 8073//1088 7709//1088 8074//1088
f 8074//1088 7709//1088 7711//1088
f 8074//1089 7711//1089 8075//1089
f 8075//1089 7711//1089 7713//1089
f 8075//1090 7713//1090 8076//1090
f 8076//1090 7713//1090 7715//1090
f 8076//1091 7715//1091 8077//1091
f 8077//1091 7715//1091 7717//1091
f 8077//1092 7717//1092 8078//1092
f 8078//1092 7717//1092 7719//1092
f 8078//1093 7719//1093 8079//1093
f 8079//1093 7719//1093 7721//1093
f 8079//1094 7721//1094 8080//1094
f 8080//1094 7721//1094 7723//1094
f 8080//1095 7723//1095 8081//1095
f 8081//1095 7723//1095 7725//1095
f 8081//1096 7725//1096 8082//1096
f 8082//1096 7725//1096 7727//1096
f 8082//1097 7727//1097 8083//1097
f 8083//1097 7727//1097 7729//1097
f 8083//1098 7729//1098 8084//1098
f 8084//1098 7729//1098 7731//1098
f 8084//1099 7731//1099 8085//1099
f 8085//1099 7731//1099 7733//1099
f 8085//386 7733//386 8086//386
f 8086//386 7733//386 7734//386
f 8086//1100 7734//1100 8087//1100
f 8087//1100 7734//1100 7646//1100
f 8087//1101 7646//1101 8088//1101
f 8088//1101 7646//1101 7648//1101
f 8088//1102 7648//1102 8089//1102
f 8089//1102 7648//1102 7650//1102
f 8089//1103 7650//1103 8090//1103
f 8090//1103 7650//1103 7652//1103
f 8090//1104 7652//1104 8091//1104
f 8091//1104 7652//1104 7654//1104
f 8091//1105 7654//1105 8092//1105
f 8092//1105 7654//1105 7656//1105
f 8092//1106 7656//1106 8093//1106
f 8093//1106 7656//1106 7658//1106
f 8093//1107 7658//1107 8094//1107
f 8094//1107 7658//1107 7660//1107
f 8094//1108 7660//1108 8095//1108
f 8095//1108 7660//1108 7662//1108
f 8095//1109 7662//1109 8096//1109
f 8096//1109 7662//1109 7664//1109
f 8096//1110 7664//1110 8097//1110
f 8097//1110 7664//1110 7666//1110
f 8097//1111 7666//1111 8098//1111
f 8098//1111 7666//1111 7668//1111
f 8098//1112 7668//1112 8099//1112
f 8099//1112 7668//1112 7670//1112
f 8099//1113 7670//1113 8100//1113
f 8100//1113 7670//1113 7672//1113
f 8100//375 7672//375 8101//375
f 8101//375 7672//375 7674//375
f 8101//1114 7674//1114 8102//1114
f 8102//1114 7674//1114 7676//1114
f 8102//1115 7676//1115 8103//1115
f 8103//1115 7676//1115 7678//1115
f 8103//1116 7678//1116 8104//1116
f 8104//1116 7678//1116 7680//1116
f 8104//1117 7680//1117 8105//1117
f 8105//1117 7680//1117 7612//1117
f 8105//1118 7612//1118 8106//1118
f 8106//1118 7612//1118 7611//1118
f 8106//1119 7611//1119 8062//1119
f 8062//1119 7611//1119 7792//1119
f 7984//1120 8062//1120 7982//1120
f 7982//1120 8062//1120 8063//1120
f 7982//1120 8063//1120 8064//1120
f 8062//1120 7984//1120 8106//1120
f 8106//1120 7984//1120 7986//1120
f 8106//1120 7986//1120 8105//1120
f 8105//1120 7986//1120 7988//1120
f 8105//1120 7988//1120 8104//1120
f 8104//1120 7988//1120 7990//1120
f 8104//1120 7990//1120 8103//1120
f 8103//1120 7990//1120 7992//1120
f 8103//1120 7992//1120 8102//1120
f 8102//1120 7992//1120 7994//1120
f 8102//1120 7994//1120 8101//1120
f 8101//1120 7994//1120 7996//1120
f 8101//1120 7996//1120 8100//1120
f 8100//1120 7996//1120 7998//1120
f 8100//1120 7998//1120 8099//1120
f 8099//1120 7998//1120 8000//1120
f 8099//1120 8000//1120 8098//1120
f 8098//1120 8000//1120 8002//1120
f 8098//1120 8002//1120 8097//1120
f 8097//1120 8002//1120 8096//1120
f 8096//1120 8002//1120 8004//1120
f 8096//1120 8004//1120 8095//1120
f 8095//1120 8004//1120 8006//1120
f 8095//1120 8006//1120 8094//1120
f 8094//1120 8006//1120 8008//1120
f 8094//1120 8008//1120 8093//1120
f 8093//1120 8008//1120 8010//1120
f 8093//1120 8010//1120 8092//1120
f 8092//1120 8010//1120 8012//1120
f 8092//1120 8012//1120 8091//1120
f 8091//1120 8012//1120 8014//1120
f 8091//1120 8014//1120 8090//1120
f 8090//1120 8014//1120 8016//1120
f 8090//1120 8016//1120 8089//1120
f 8089//1120 8016//1120 8018//1120
f 8089//1120 8018//1120 8088//1120
f 8088//1120 8018//1120 8020//1120
f 8088//1120 8020//1120 8087//1120
f 8087//1120 8020//1120 8022//1120
f 8087//1120 8022//1120 8086//1120
f 8086//1120 8022//1120 8085//1120
f 8085//1120 8022//1120 8024//1120
f 8085//1120 8024//1120 8084//1120
f 8084//1120 8024//1120 8026//1120
f 8084//1120 8026//1120 8083//1120
f 8083//1120 8026//1120 8028//1120
f 8083//1120 8028//1120 8082//1120
f 8082//1120 8028//1120 8030//1120
f 8082//1120 8030//1120 8081//1120
f 8081//1120 8030//1120 8032//1120
f 8081//1120 8032//1120 8080//1120
f 8080//1120 8032//1120 8034//1120
f 8080//1120 8034//1120 8079//1120
f 8079//1120 8034//1120 8036//1120
f 8079//1120 8036//1120 8078//1120
f 8078//1120 8036//1120 8038//1120
f 8078//1120 8038//1120 8077//1120
f 8077//1120 8038//1120 8040//1120
f 8077//1120 8040//1120 8076//1120
f 8076//1120 8040//1120 8042//1120
f 8076//1120 8042//1120 8075//1120
f 8075//1120 8042//1120 8044//1120
f 8075//1120 8044//1120 8074//1120
f 8074//1120 8044//1120 8073//1120
f 8073//1120 8044//1120 8046//1120
f 8073//1120 8046//1120 8072//1120
f 8072//1120 8046//1120 8048//1120
f 8072//1120 8048//1120 8071//1120
f 8071//1120 8048//1120 8050//1120
f 8071//1120 8050//1120 8070//1120
f 8070//1120 8050//1120 8052//1120
f 8070//1120 8052//1120 8069//1120
f 8069//1120 8052//1120 8054//1120
f 8069//1120 8054//1120 8068//1120
f 8068//1120 8054//1120 8056//1120
f 8068//1120 8056//1120 8067//1120
f 8067//1120 8056//1120 8058//1120
f 8067//1120 8058//1120 8066//1120
f 8066//1120 8058//1120 8060//1120
f 8066//1120 8060//1120 8065//1120
f 8065//1120 8060//1120 7980//1120
f 8065//1120 7980//1120 8064//1120
f 8064//1120 7980//1120 7982//1120
f 7858//1120 7856//1120 7890//1120
f 7890//1120 7856//1120 7854//1120
f 7890//1120 7854//1120 7934//1120
f 7934//1120 7932//1120 7890//1120
f 7890//1120 7932//1120 7930//1120
f 7890//1120 7930//1120 7928//1120
f 7928//1120 7926//1120 7890//1120
f 7890//1120 7926//1120 7924//1120
f 7890//1120 7924//1120 7922//1120
f 7922//1120 7920//1120 7890//1120
f 7890//1120 7920//1120 7918//1120
f 7890//1120 7918//1120 7916//1120
f 7890//1120 7916//1120 7892//1120
f 7892//1120 7916//1120 7914//1120
f 7892//1120 7914//1120 7912//1120
f 7912//1120 7910//1120 7892//1120
f 7892//1120 7910//1120 7908//1120
f 7892//1120 7908//1120 7906//1120
f 7906//1120 7904//1120 7892//1120
f 7892//1120 7904//1120 7902//1120
f 7892//1120 7902//1120 7894//1120
f 7894//1120 7902//1120 7900//1120
f 7894//1120 7900//1120 7896//1120
f 7896//1120 7900//1120 7898//1120
f 7888//1120 7864//1120 7890//1120
f 7890//1120 7864//1120 7862//1120
f 7890//1120 7862//1120 7860//1120
f 7864//1120 7888//1120 7866//1120
f 7866//1120 7888//1120 7886//1120
f 7866//1120 7886//1120 7868//1120
f 7868//1120 7886//1120 7884//1120
f 7868//1120 7884//1120 7870//1120
f 7870//1120 7884//1120 7882//1120
f 7870//1120 7882//1120 7872//1120
f 7872//1120 7882//1120 7880//1120
f 7872//1120 7880//1120 7874//1120
f 7874//1120 7880//1120 7878//1120
f 7874//1120 7878//1120 7876//1120
f 7860//1120 7858//1120 7890//1120
f 8107//1038 8108//1038 8109//1038
f 8109//1038 8108//1038 8110//1038
f 8109//1039 8110//1039 8111//1039
f 8111//1039 8110//1039 8112//1039
f 8111//1040 8112//1040 8113//1040
f 8113//1040 8112//1040 8114//1040
f 8113//1041 8114//1041 8115//1041
f 8115//1041 8114//1041 8116//1041
f 8115//1042 8116//1042 8117//1042
f 8117//1042 8116//1042 8118//1042
f 8117//1043 8118//1043 8119//1043
f 8119//1043 8118//1043 8120//1043
f 8119//1044 8120//1044 8121//1044
f 8121//1044 8120//1044 8122//1044
f 8121//1045 8122//1045 8123//1045
f 8123//1045 8122//1045 8124//1045
f 8123//1046 8124//1046 8125//1046
f 8125//1046 8124//1046 8126//1046
f 8125//1121 8126//1121 8127//1121
f 8127//1121 8126//1121 8128//1121
f 8127//1048 8128//1048 8129//1048
f 8129//1048 8128//1048 8130//1048
f 8129//1049 8130//1049 8131//1049
f 8131//1049 8130//1049 8132//1049
f 8131//1050 8132//1050 8133//1050
f 8133//1050 8132//1050 8134//1050
f 8133//1051 8134//1051 8135//1051
f 8135//1051 8134//1051 8136//1051
f 8135//1052 8136//1052 8137//1052
f 8137//1052 8136//1052 8138//1052
f 8137//1053 8138//1053 8139//1053
f 8139//1053 8138//1053 8140//1053
f 8139//1054 8140//1054 8141//1054
f 8141//1054 8140//1054 8142//1054
f 8141//1055 8142//1055 8143//1055
f 8143//1055 8142//1055 8144//1055
f 8143//1056 8144//1056 8145//1056
f 8145//1056 8144//1056 8146//1056
f 8145//1057 8146//1057 8147//1057
f 8147//1057 8146//1057 8148//1057
f 8147//1058 8148//1058 8149//1058
f 8149//1058 8148//1058 8150//1058
f 8149//1006 8150//1006 8151//1006
f 8151//1006 8150//1006 8152//1006
f 8151//1059 8152//1059 8153//1059
f 8153//1059 8152//1059 8154//1059
f 8153//1060 8154//1060 8155//1060
f 8155//1060 8154//1060 8156//1060
f 8155//1061 8156//1061 8157//1061
f 8157//1061 8156//1061 8158//1061
f 8157//1062 8158//1062 8159//1062
f 8159//1062 8158//1062 8160//1062
f 8159//1063 8160//1063 8161//1063
f 8161//1063 8160//1063 8162//1063
f 8161//1064 8162//1064 8163//1064
f 8163//1064 8162//1064 8164//1064
f 8163//1065 8164//1065 8165//1065
f 8165//1065 8164//1065 8166//1065
f 8165//1066 8166//1066 8167//1066
f 8167//1066 8166//1066 8168//1066
f 8167//1067 8168//1067 8169//1067
f 8169//1067 8168//1067 8170//1067
f 8169//1068 8170//1068 8171//1068
f 8171//1068 8170//1068 8172//1068
f 8171//1069 8172//1069 8173//1069
f 8173//1069 8172//1069 8174//1069
f 8173//1070 8174//1070 8175//1070
f 8175//1070 8174//1070 8176//1070
f 8175//1071 8176//1071 8177//1071
f 8177//1071 8176//1071 8178//1071
f 8177//1072 8178//1072 8179//1072
f 8179//1072 8178//1072 8180//1072
f 8179//1073 8180//1073 8181//1073
f 8181//1073 8180//1073 8182//1073
f 8181//1074 8182//1074 8183//1074
f 8183//1074 8182//1074 8184//1074
f 8183//1075 8184//1075 8185//1075
f 8185//1075 8184//1075 8186//1075
f 8185//1076 8186//1076 8187//1076
f 8187//1076 8186//1076 8188//1076
f 8187//1077 8188//1077 8107//1077
f 8107//1077 8188//1077 8108//1077
f 8189//1078 7682//1078 8190//1078
f 8190//1078 7682//1078 7684//1078
f 8190//1079 7684//1079 8191//1079
f 8191//1079 7684//1079 7686//1079
f 8191//1080 7686//1080 8192//1080
f 8192//1080 7686//1080 7687//1080
f 8192//1081 7687//1081 8193//1081
f 8193//1081 7687//1081 7776//1081
f 8193//1082 7776//1082 8194//1082
f 8194//1082 7776//1082 7774//1082
f 8194//1083 7774//1083 8195//1083
f 8195//1083 7774//1083 7772//1083
f 8195//1084 7772//1084 8196//1084
f 8196//1084 7772//1084 7770//1084
f 8196//1085 7770//1085 8197//1085
f 8197//1085 7770//1085 7768//1085
f 8197//397 7768//397 8198//397
f 8198//397 7768//397 7766//397
f 8198//1086 7766//1086 8199//1086
f 8199//1086 7766//1086 7764//1086
f 8199//1087 7764//1087 8200//1087
f 8200//1087 7764//1087 7762//1087
f 8200//1088 7762//1088 8201//1088
f 8201//1088 7762//1088 7760//1088
f 8201//1089 7760//1089 8202//1089
f 8202//1089 7760//1089 7758//1089
f 8202//1090 7758//1090 8203//1090
f 8203//1090 7758//1090 7756//1090
f 8203//1091 7756//1091 8204//1091
f 8204//1091 7756//1091 7754//1091
f 8204//1092 7754//1092 8205//1092
f 8205//1092 7754//1092 7752//1092
f 8205//1093 7752//1093 8206//1093
f 8206//1093 7752//1093 7750//1093
f 8206//1094 7750//1094 8207//1094
f 8207//1094 7750//1094 7748//1094
f 8207//1095 7748//1095 8208//1095
f 8208//1095 7748//1095 7746//1095
f 8208//1096 7746//1096 8209//1096
f 8209//1096 7746//1096 7744//1096
f 8209//1097 7744//1097 8210//1097
f 8210//1097 7744//1097 7742//1097
f 8210//1098 7742//1098 8211//1098
f 8211//1098 7742//1098 7740//1098
f 8211//1099 7740//1099 8212//1099
f 8212//1099 7740//1099 7739//1099
f 8212//386 7739//386 8213//386
f 8213//386 7739//386 7737//386
f 8213//1100 7737//1100 8214//1100
f 8214//1100 7737//1100 7730//1100
f 8214//1101 7730//1101 8215//1101
f 8215//1101 7730//1101 7728//1101
f 8215//1102 7728//1102 8216//1102
f 8216//1102 7728//1102 7726//1102
f 8216//1103 7726//1103 8217//1103
f 8217//1103 7726//1103 7724//1103
f 8217//1104 7724//1104 8218//1104
f 8218//1104 7724//1104 7722//1104
f 8218//1105 7722//1105 8219//1105
f 8219//1105 7722//1105 7720//1105
f 8219//1106 7720//1106 8220//1106
f 8220//1106 7720//1106 7718//1106
f 8220//1107 7718//1107 8221//1107
f 8221//1107 7718//1107 7716//1107
f 8221//1108 7716//1108 8222//1108
f 8222//1108 7716//1108 7714//1108
f 8222//1109 7714//1109 8223//1109
f 8223//1109 7714//1109 7712//1109
f 8223//1110 7712//1110 8224//1110
f 8224//1110 7712//1110 7710//1110
f 8224//1111 7710//1111 8225//1111
f 8225//1111 7710//1111 7708//1111
f 8225//1112 7708//1112 8226//1112
f 8226//1112 7708//1112 7706//1112
f 8226//1113 7706//1113 8227//1113
f 8227//1113 7706//1113 7704//1113
f 8227//375 7704//375 8228//375
f 8228//375 7704//375 7702//375
f 8228//1114 7702//1114 8229//1114
f 8229//1114 7702//1114 7700//1114
f 8229//1115 7700//1115 8230//1115
f 8230//1115 7700//1115 7698//1115
f 8230//1116 7698//1116 8231//1116
f 8231//1116 7698//1116 7696//1116
f 8231//1117 7696//1117 8232//1117
f 8232//1117 7696//1117 7694//1117
f 8232//1118 7694//1118 8233//1118
f 8233//1118 7694//1118 7690//1118
f 8233//1119 7690//1119 8189//1119
f 8189//1119 7690//1119 7682//1119
f 8111//1120 8189//1120 8109//1120
f 8109//1120 8189//1120 8190//1120
f 8109//1120 8190//1120 8191//1120
f 8189//1120 8111//1120 8233//1120
f 8233//1120 8111//1120 8113//1120
f 8233//1120 8113//1120 8232//1120
f 8232//1120 8113//1120 8115//1120
f 8232//1120 8115//1120 8231//1120
f 8231//1120 8115//1120 8117//1120
f 8231//1120 8117//1120 8230//1120
f 8230//1120 8117//1120 8119//1120
f 8230//1120 8119//1120 8229//1120
f 8229//1120 8119//1120 8121//1120
f 8229//1120 8121//1120 8228//1120
f 8228//1120 8121//1120 8123//1120
f 8228//1120 8123//1120 8227//1120
f 8227//1120 8123//1120 8125//1120
f 8227//1120 8125//1120 8226//1120
f 8226//1120 8125//1120 8127//1120
f 8226//1120 8127//1120 8225//1120
f 8225//1120 8127//1120 8129//1120
f 8225//1120 8129//1120 8224//1120
f 8224//1120 8129//1120 8223//1120
f 8223//1120 8129//1120 8131//1120
f 8223//1120 8131//1120 8222//1120
f 8222//1120 8131//1120 8133//1120
f 8222//1120 8133//1120 8221//1120
f 8221//1120 8133//1120 8135//1120
f 8221//1120 8135//1120 8220//1120
f 8220//1120 8135//1120 8137//1120
f 8220//1120 8137//1120 8219//1120
f 8219//1120 8137//1120 8139//1120
f 8219//1120 8139//1120 8218//1120
f 8218//1120 8139//1120 8141//1120
f 8218//1120 8141//1120 8217//1120
f 8217//1120 8141//1120 8143//1120
f 8217//1120 8143//1120 8216//1120
f 8216//1120 8143//1120 8145//1120
f 8216//1120 8145//1120 8215//1120
f 8215//1120 8145//1120 8147//1120
f 8215//1120 8147//1120 8214//1120
f 8214//1120 8147//1120 8149//1120
f 8214//1120 8149//1120 8213//1120
f 8213//1120 8149//1120 8212//1120
f 8212//1120 8149//1120 8151//1120
f 8212//1120 8151//1120 8211//1120
f 8211//1120 8151//1120 8153//1120
f 8211//1120 8153//1120 8210//1120
f 8210//1120 8153//1120 8155//1120
f 8210//1120 8155//1120 8209//1120
f 8209//1120 8155//1120 8157//1120
f 8209//1120 8157//1120 8208//1120
f 8208//1120 8157//1120 8159//1120
f 8208//1120 8159//1120 8207//1120
f 8207//1120 8159//1120 8161//1120
f 8207//1120 8161//1120 8206//1120
f 8206//1120 8161//1120 8163//1120
f 8206//1120 8163//1120 8205//1120
f 8205//1120 8163//1120 8165//1120
f 8205//1120 8165//1120 8204//1120
f 8204//1120 8165//1120 8167//1120
f 8204//1120 8167//1120 8203//1120
f 8203//1120 8167//1120 8169//1120
f 8203//1120 8169//1120 8202//1120
f 8202//1120 8169//1120 8171//1120
f 8202//1120 8171//1120 8201//1120
f 8201//1120 8171//1120 8200//1120
f 8200//1120 8171//1120 8173//1120
f 8200//1120 8173//1120 8199//1120
f 8199//1120 8173//1120 8175//1120
f 8199//1120 8175//1120 8198//1120
f 8198//1120 8175//1120 8177//1120
f 8198//1120 8177//1120 8197//1120
f 8197//1120 8177//1120 8179//1120
f 8197//1120 8179//1120 8196//1120
f 8196//1120 8179//1120 8181//1120
f 8196//1120 8181//1120 8195//1120
f 8195//1120 8181//1120 8183//1120
f 8195//1120 8183//1120 8194//1120
f 8194//1120 8183//1120 8185//1120
f 8194//1120 8185//1120 8193//1120
f 8193//1120 8185//1120 8187//1120
f 8193//1120 8187//1120 8192//1120
f 8192//1120 8187//1120 8107//1120
f 8192//1120 8107//1120 8191//1120
f 8191//1120 8107//1120 8109//1120
f 7985//1120 7983//1120 8017//1120
f 8017//1120 7983//1120 7981//1120
f 8017//1120 7981//1120 8061//1120
f 8061//1120 8059//1120 8017//1120
f 8017//1120 8059//1120 8057//1120
f 8017//1120 8057//1120 8055//1120
f 8055//1120 8053//1120 8017//1120
f 8017//1120 8053//1120 8051//1120
f 8017//1120 8051//1120 8049//1120
f 8049//1120 8047//1120 8017//1120
f 8017//1120 8047//1120 8045//1120
f 8017//1120 8045//1120 8043//1120
f 8017//1120 8043//1120 8019//1120
f 8019//1120 8043//1120 8041//1120
f 8019//1120 8041//1120 8039//1120
f 8039//1120 8037//1120 8019//1120
f 8019//1120 8037//1120 8035//1120
f 8019//1120 8035//1120 8033//1120
f 8033//1120 8031//1120 8019//1120
f 8019//1120 8031//1120 8029//1120
f 8019//1120 8029//1120 8021//1120
f 8021//1120 8029//1120 8027//1120
f 8021//1120 8027//1120 8023//1120
f 8023//1120 8027//1120 8025//1120
f 8015//1120 7991//1120 8017//1120
f 8017//1120 7991//1120 7989//1120
f 8017//1120 7989//1120 7987//1120
f 7991//1120 8015//1120 7993//1120
f 7993//1120 8015//1120 8013//1120
f 7993//1120 8013//1120 7995//1120
f 7995//1120 8013//1120 8011//1120
f 7995//1120 8011//1120 7997//1120
f 7997//1120 8011//1120 8009//1120
f 7997//1120 8009//1120 7999//1120
f 7999//1120 8009//1120 8007//1120
f 7999//1120 8007//1120 8001//1120
f 8001//1120 8007//1120 8005//1120
f 8001//1120 8005//1120 8003//1120
f 7987//1120 7985//1120 8017//1120
f 8234//1038 8235//1038 8236//1038
f 8236//1038 8235//1038 8237//1038
f 8236//1039 8237//1039 8238//1039
f 8238//1039 8237//1039 8239//1039
f 8238//1040 8239//1040 8240//1040
f 8240//1040 8239//1040 8241//1040
f 8240//1041 8241//1041 8242//1041
f 8242//1041 8241//1041 8243//1041
f 8242//1042 8243//1042 8244//1042
f 8244//1042 8243//1042 8245//1042
f 8244//1043 8245//1043 8246//1043
f 8246//1043 8245//1043 8247//1043
f 8246//1044 8247//1044 8248//1044
f 8248//1044 8247//1044 8249//1044
f 8248//1045 8249//1045 8250//1045
f 8250//1045 8249//1045 8251//1045
f 8250//1046 8251//1046 8252//1046
f 8252//1046 8251//1046 8253//1046
f 8252//1121 8253//1121 8254//1121
f 8254//1121 8253//1121 8255//1121
f 8254//1048 8255//1048 8256//1048
f 8256//1048 8255//1048 8257//1048
f 8256//1049 8257//1049 8258//1049
f 8258//1049 8257//1049 8259//1049
f 8258//1050 8259//1050 8260//1050
f 8260//1050 8259//1050 8261//1050
f 8260//1051 8261//1051 8262//1051
f 8262//1051 8261//1051 8263//1051
f 8262//1052 8263//1052 8264//1052
f 8264//1052 8263//1052 8265//1052
f 8264//1053 8265//1053 8266//1053
f 8266//1053 8265//1053 8267//1053
f 8266//1054 8267//1054 8268//1054
f 8268//1054 8267//1054 8269//1054
f 8268//1055 8269//1055 8270//1055
f 8270//1055 8269//1055 8271//1055
f 8270//1056 8271//1056 8272//1056
f 8272//1056 8271//1056 8273//1056
f 8272//1057 8273//1057 8274//1057
f 8274//1057 8273//1057 8275//1057
f 8274//1058 8275//1058 8276//1058
f 8276//1058 8275//1058 8277//1058
f 8276//1006 8277//1006 8278//1006
f 8278//1006 8277//1006 8279//1006
f 8278//1059 8279//1059 8280//1059
f 8280//1059 8279//1059 8281//1059
f 8280//1060 8281//1060 8282//1060
f 8282//1060 8281//1060 8283//1060
f 8282//1061 8283//1061 8284//1061
f 8284//1061 8283//1061 8285//1061
f 8284//1062 8285//1062 8286//1062
f 8286//1062 8285//1062 8287//1062
f 8286//1063 8287//1063 8288//1063
f 8288//1063 8287//1063 8289//1063
f 8288//1064 8289//1064 8290//1064
f 8290//1064 8289//1064 8291//1064
f 8290//1065 8291//1065 8292//1065
f 8292//1065 8291//1065 8293//1065
f 8292//1066 8293//1066 8294//1066
f 8294//1066 8293//1066 8295//1066
f 8294//1067 8295//1067 8296//1067
f 8296//1067 8295//1067 8297//1067
f 8296//1068 8297//1068 8298//1068
f 8298//1068 8297//1068 8299//1068
f 8298//1069 8299//1069 8300//1069
f 8300//1069 8299//1069 8301//1069
f 8300//1122 8301//1122 8302//1122
f 8302//1122 8301//1122 8303//1122
f 8302//1071 8303//1071 8304//1071
f 8304//1071 8303//1071 8305//1071
f 8304//1072 8305//1072 8306//1072
f 8306//1072 8305//1072 8307//1072
f 8306//1073 8307//1073 8308//1073
f 8308//1073 8307//1073 8309//1073
f 8308//1074 8309//1074 8310//1074
f 8310//1074 8309//1074 8311//1074
f 8310//1075 8311//1075 8312//1075
f 8312//1075 8311//1075 8313//1075
f 8312//1076 8313//1076 8314//1076
f 8314//1076 8313//1076 8315//1076
f 8314//1077 8315//1077 8234//1077
f 8234//1077 8315//1077 8235//1077
f 8316//1078 7799//1078 8317//1078
f 8317//1078 7799//1078 7800//1078
f 8317//1079 7800//1079 8318//1079
f 8318//1079 7800//1079 7802//1079
f 8318//1080 7802//1080 8319//1080
f 8319//1080 7802//1080 7804//1080
f 8319//1081 7804//1081 8320//1081
f 8320//1081 7804//1081 7806//1081
f 8320//1082 7806//1082 8321//1082
f 8321//1082 7806//1082 7807//1082
f 8321//1083 7807//1083 8322//1083
f 8322//1083 7807//1083 7808//1083
f 8322//1084 7808//1084 8323//1084
f 8323//1084 7808//1084 7809//1084
f 8323//1085 7809//1085 8324//1085
f 8324//1085 7809//1085 7811//1085
f 8324//397 7811//397 8325//397
f 8325//397 7811//397 7812//397
f 8325//1086 7812//1086 8326//1086
f 8326//1086 7812//1086 7813//1086
f 8326//1087 7813//1087 8327//1087
f 8327//1087 7813//1087 7814//1087
f 8327//1088 7814//1088 8328//1088
f 8328//1088 7814//1088 7815//1088
f 8328//1089 7815//1089 8329//1089
f 8329//1089 7815//1089 7817//1089
f 8329//1090 7817//1090 8330//1090
f 8330//1090 7817//1090 7818//1090
f 8330//1091 7818//1091 8331//1091
f 8331//1091 7818//1091 7819//1091
f 8331//1092 7819//1092 8332//1092
f 8332//1092 7819//1092 7820//1092
f 8332//1093 7820//1093 8333//1093
f 8333//1093 7820//1093 7821//1093
f 8333//1094 7821//1094 8334//1094
f 8334//1094 7821//1094 7823//1094
f 8334//1095 7823//1095 8335//1095
f 8335//1095 7823//1095 7824//1095
f 8335//1096 7824//1096 8336//1096
f 8336//1096 7824//1096 7825//1096
f 8336//1097 7825//1097 8337//1097
f 8337//1097 7825//1097 7826//1097
f 8337//1098 7826//1098 8338//1098
f 8338//1098 7826//1098 7827//1098
f 8338//1099 7827//1099 8339//1099
f 8339//1099 7827//1099 7829//1099
f 8339//386 7829//386 8340//386
f 8340//386 7829//386 7831//386
f 8340//1100 7831//1100 8341//1100
f 8341//1100 7831//1100 7741//1100
f 8341//1101 7741//1101 8342//1101
f 8342//1101 7741//1101 7743//1101
f 8342//1102 7743//1102 8343//1102
f 8343//1102 7743//1102 7745//1102
f 8343//1103 7745//1103 8344//1103
f 8344//1103 7745//1103 7747//1103
f 8344//1104 7747//1104 8345//1104
f 8345//1104 7747//1104 7749//1104
f 8345//1105 7749//1105 8346//1105
f 8346//1105 7749//1105 7751//1105
f 8346//1106 7751//1106 8347//1106
f 8347//1106 7751//1106 7753//1106
f 8347//1107 7753//1107 8348//1107
f 8348//1107 7753//1107 7755//1107
f 8348//1108 7755//1108 8349//1108
f 8349//1108 7755//1108 7757//1108
f 8349//1109 7757//1109 8350//1109
f 8350//1109 7757//1109 7759//1109
f 8350//1110 7759//1110 8351//1110
f 8351//1110 7759//1110 7761//1110
f 8351//1111 7761//1111 8352//1111
f 8352//1111 7761//1111 7763//1111
f 8352//1112 7763//1112 8353//1112
f 8353//1112 7763//1112 7765//1112
f 8353//1113 7765//1113 8354//1113
f 8354//1113 7765//1113 7767//1113
f 8354//375 7767//375 8355//375
f 8355//375 7767//375 7769//375
f 8355//1114 7769//1114 8356//1114
f 8356//1114 7769//1114 7771//1114
f 8356//1115 7771//1115 8357//1115
f 8357//1115 7771//1115 7773//1115
f 8357//1116 7773//1116 8358//1116
f 8358//1116 7773//1116 7775//1116
f 8358//1117 7775//1117 8359//1117
f 8359//1117 7775//1117 7689//1117
f 8359//1118 7689//1118 8360//1118
f 8360//1118 7689//1118 7688//1118
f 8360//1119 7688//1119 8316//1119
f 8316//1119 7688//1119 7799//1119
f 8238//1120 8316//1120 8236//1120
f 8236//1120 8316//1120 8317//1120
f 8236//1120 8317//1120 8318//1120
f 8316//1120 8238//1120 8360//1120
f 8360//1120 8238//1120 8240//1120
f 8360//1120 8240//1120 8359//1120
f 8359//1120 8240//1120 8242//1120
f 8359//1120 8242//1120 8358//1120
f 8358//1120 8242//1120 8244//1120
f 8358//1120 8244//1120 8357//1120
f 8357//1120 8244//1120 8246//1120
f 8357//1120 8246//1120 8356//1120
f 8356//1120 8246//1120 8248//1120
f 8356//1120 8248//1120 8355//1120
f 8355//1120 8248//1120 8250//1120
f 8355//1120 8250//1120 8354//1120
f 8354//1120 8250//1120 8252//1120
f 8354//1120 8252//1120 8353//1120
f 8353//1120 8252//1120 8254//1120
f 8353//1120 8254//1120 8352//1120
f 8352//1120 8254//1120 8256//1120
f 8352//1120 8256//1120 8351//1120
f 8351//1120 8256//1120 8350//1120
f 8350//1120 8256//1120 8258//1120
f 8350//1120 8258//1120 8349//1120
f 8349//1120 8258//1120 8260//1120
f 8349//1120 8260//1120 8348//1120
f 8348//1120 8260//1120 8262//1120
f 8348//1120 8262//1120 8347//1120
f 8347//1120 8262//1120 8264//1120
f 8347//1120 8264//1120 8346//1120
f 8346//1120 8264//1120 8266//1120
f 8346//1120 8266//1120 8345//1120
f 8345//1120 8266//1120 8268//1120
f 8345//1120 8268//1120 8344//1120
f 8344//1120 8268//1120 8270//1120
f 8344//1120 8270//1120 8343//1120
f 8343//1120 8270//1120 8272//1120
f 8343//1120 8272//1120 8342//1120
f 8342//1120 8272//1120 8274//1120
f 8342//1120 8274//1120 8341//1120
f 8341//1120 8274//1120 8276//1120
f 8341//1120 8276//1120 8340//1120
f 8340//1120 8276//1120 8339//1120
f 8339//1120 8276//1120 8278//1120
f 8339//1120 8278//1120 8338//1120
f 8338//1120 8278//1120 8280//1120
f 8338//1120 8280//1120 8337//1120
f 8337//1120 8280//1120 8282//1120
f 8337//1120 8282//1120 8336//1120
f 8336//1120 8282//1120 8284//1120
f 8336//1120 8284//1120 8335//1120
f 8335//1120 8284//1120 8286//1120
f 8335//1120 8286//1120 8334//1120
f 8334//1120 8286//1120 8288//1120
f 8334//1120 8288//1120 8333//1120
f 8333//1120 8288//1120 8290//1120
f 8333//1120 8290//1120 8332//1120
f 8332//1120 8290//1120 8292//1120
f 8332//1120 8292//1120 8331//1120
f 8331//1120 8292//1120 8294//1120
f 8331//1120 8294//1120 8330//1120
f 8330//1120 8294//1120 8296//1120
f 8330//1120 8296//1120 8329//1120
f 8329//1120 8296//1120 8298//1120
f 8329//1120 8298//1120 8328//1120
f 8328//1120 8298//1120 8327//1120
f 8327//1120 8298//1120 8300//1120
f 8327//1120 8300//1120 8326//1120
f 8326//1120 8300//1120 8302//1120
f 8326//1120 8302//1120 8325//1120
f 8325//1120 8302//1120 8304//1120
f 8325//1120 8304//1120 8324//1120
f 8324//1120 8304//1120 8306//1120
f 8324//1120 8306//1120 8323//1120
f 8323//1120 8306//1120 8308//1120
f 8323//1120 8308//1120 8322//1120
f 8322//1120 8308//1120 8310//1120
f 8322//1120 8310//1120 8321//1120
f 8321//1120 8310//1120 8312//1120
f 8321//1120 8312//1120 8320//1120
f 8320//1120 8312//1120 8314//1120
f 8320//1120 8314//1120 8319//1120
f 8319//1120 8314//1120 8234//1120
f 8319//1120 8234//1120 8318//1120
f 8318//1120 8234//1120 8236//1120
f 8112//1120 8110//1120 8144//1120
f 8144//1120 8110//1120 8108//1120
f 8144//1120 8108//1120 8188//1120
f 8188//1120 8186//1120 8144//1120
f 8144//1120 8186//1120 8184//1120
f 8144//1120 8184//1120 8182//1120
f 8182//1120 8180//1120 8144//1120
f 8144//1120 8180//1120 8178//1120
f 8144//1120 8178//1120 8176//1120
f 8176//1120 8174//1120 8144//1120
f 8144//1120 8174//1120 8172//1120
f 8144//1120 8172//1120 8170//1120
f 8144//1120 8170//1120 8146//1120
f 8146//1120 8170//1120 8168//1120
f 8146//1120 8168//1120 8166//1120
f 8166//1120 8164//1120 8146//1120
f 8146//1120 8164//1120 8162//1120
f 8146//1120 8162//1120 8160//1120
f 8160//1120 8158//1120 8146//1120
f 8146//1120 8158//1120 8156//1120
f 8146//1120 8156//1120 8148//1120
f 8148//1120 8156//1120 8154//1120
f 8148//1120 8154//1120 8150//1120
f 8150//1120 8154//1120 8152//1120
f 8142//1120 8118//1120 8144//1120
f 8144//1120 8118//1120 8116//1120
f 8144//1120 8116//1120 8114//1120
f 8118//1120 8142//1120 8120//1120
f 8120//1120 8142//1120 8140//1120
f 8120//1120 8140//1120 8122//1120
f 8122//1120 8140//1120 8138//1120
f 8122//1120 8138//1120 8124//1120
f 8124//1120 8138//1120 8136//1120
f 8124//1120 8136//1120 8126//1120
f 8126//1120 8136//1120 8134//1120
f 8126//1120 8134//1120 8128//1120
f 8128//1120 8134//1120 8132//1120
f 8128//1120 8132//1120 8130//1120
f 8114//1120 8112//1120 8144//1120
f 7778//1006 7777//1006 8361//1006
f 8361//1006 7777//1006 8362//1006
f 7777//784 7636//784 8362//784
f 8362//784 7636//784 8363//784
f 7636//386 7638//386 8363//386
f 8363//386 7638//386 8364//386
f 8239//1120 8237//1120 8271//1120
f 8271//1120 8237//1120 8235//1120
f 8271//1120 8235//1120 8315//1120
f 8315//1120 8313//1120 8271//1120
f 8271//1120 8313//1120 8311//1120
f 8271//1120 8311//1120 8309//1120
f 8309//1120 8307//1120 8271//1120
f 8271//1120 8307//1120 8305//1120
f 8271//1120 8305//1120 8303//1120
f 8303//1120 8301//1120 8271//1120
f 8271//1120 8301//1120 8299//1120
f 8271//1120 8299//1120 8297//1120
f 8271//1120 8297//1120 8273//1120
f 8273//1120 8297//1120 8295//1120
f 8273//1120 8295//1120 8293//1120
f 8293//1120 8291//1120 8273//1120
f 8273//1120 8291//1120 8289//1120
f 8273//1120 8289//1120 8287//1120
f 8287//1120 8285//1120 8273//1120
f 8273//1120 8285//1120 8283//1120
f 8273//1120 8283//1120 8275//1120
f 8275//1120 8283//1120 8281//1120
f 8275//1120 8281//1120 8277//1120
f 8277//1120 8281//1120 8279//1120
f 8269//1120 8245//1120 8271//1120
f 8271//1120 8245//1120 8243//1120
f 8271//1120 8243//1120 8241//1120
f 8245//1120 8269//1120 8247//1120
f 8247//1120 8269//1120 8267//1120
f 8247//1120 8267//1120 8249//1120
f 8249//1120 8267//1120 8265//1120
f 8249//1120 8265//1120 8251//1120
f 8251//1120 8265//1120 8263//1120
f 8251//1120 8263//1120 8253//1120
f 8253//1120 8263//1120 8261//1120
f 8253//1120 8261//1120 8255//1120
f 8255//1120 8261//1120 8259//1120
f 8255//1120 8259//1120 8257//1120
f 8241//1120 8239//1120 8271//1120
f 8361//784 8365//784 7778//784
f 7778//784 8365//784 7779//784
f 7784//1006 7781//1006 8366//1006
f 8366//1006 7781//1006 8367//1006
f 7781//784 7780//784 8367//784
f 8367//784 7780//784 8368//784
f 7780//386 7779//386 8368//386
f 8368//386 7779//386 8365//386
f 8366//784 8369//784 7784//784
f 7784//784 8369//784 7785//784
f 7840//386 7828//386 8370//386
f 8370//386 7828//386 8371//386
f 7828//765 7822//765 8371//765
f 8371//765 7822//765 8372//765
f 7822//1006 7816//1006 8372//1006
f 8372//1006 7816//1006 8373//1006
f 8370//765 8374//765 7840//765
f 7840//765 8374//765 7841//765
f 7810//386 7805//386 8375//386
f 8375//386 7805//386 8376//386
f 7805//765 7803//765 8376//765
f 8376//765 7803//765 8377//765
f 7803//1006 7836//1006 8377//1006
f 8377//1006 7836//1006 8378//1006
f 7816//765 7810//765 8373//765
f 8373//765 7810//765 8375//765
f 7783//765 7786//765 8379//765
f 8379//765 7786//765 8380//765
f 7787//784 7782//784 8381//784
f 8381//784 7782//784 8382//784
f 7782//386 7783//386 8382//386
f 8382//386 7783//386 8379//386
f 7786//386 7785//386 8380//386
f 8380//386 7785//386 8369//386
f 8381//386 8383//386 7787//386
f 7787//386 8383//386 7788//386
f 7614//765 7788//765 8384//765
f 8384//765 7788//765 8383//765
f 7789//784 7606//784 8385//784
f 8385//784 7606//784 8386//784
f 7606//386 7614//386 8386//386
f 8386//386 7614//386 8384//386
f 8385//386 8387//386 7789//386
f 7789//386 8387//386 7790//386
f 7608//765 7790//765 8388//765
f 8388//765 7790//765 8387//765
f 7794//784 7791//784 8389//784
f 8389//784 7791//784 8390//784
f 7791//386 7608//386 8390//386
f 8390//386 7608//386 8388//386
f 8389//386 8391//386 7794//386
f 7794//386 8391//386 7795//386
f 7691//765 7795//765 8392//765
f 8392//765 7795//765 8391//765
f 7796//784 7683//784 8393//784
f 8393//784 7683//784 8394//784
f 7683//386 7691//386 8394//386
f 8394//386 7691//386 8392//386
f 8393//386 8395//386 7796//386
f 7796//386 8395//386 7797//386
f 7685//765 7797//765 8396//765
f 8396//765 7797//765 8395//765
f 7833//784 7798//784 8397//784
f 8397//784 7798//784 8398//784
f 7798//386 7685//386 8398//386
f 8398//386 7685//386 8396//386
f 8397//386 8399//386 7833//386
f 7833//386 8399//386 7834//386
f 7801//765 7834//765 8400//765
f 8400//765 7834//765 8399//765
f 7838//784 7835//784 8401//784
f 8401//784 7835//784 8402//784
f 7835//386 7801//386 8402//386
f 8402//386 7801//386 8400//386
f 8401//386 8403//386 7838//386
f 7838//386 8403//386 7837//386
f 7640//765 7637//765 8404//765
f 8404//765 7637//765 8405//765
f 7637//1006 7635//1006 8405//1006
f 8405//1006 7635//1006 8406//1006
f 7635//784 7852//784 8406//784
f 8406//784 7852//784 8407//784
f 7852//1006 7851//1006 8407//1006
f 8407//1006 7851//1006 8408//1006
f 8404//1006 8409//1006 7640//1006
f 7640//1006 8409//1006 7639//1006
f 7851//765 7634//765 8408//765
f 8408//765 7634//765 8410//765
f 7634//1006 7641//1006 8410//1006
f 8410//1006 7641//1006 8411//1006
f 7641//784 7850//784 8411//784
f 8411//784 7850//784 8412//784
f 7850//1006 7849//1006 8412//1006
f 8412//1006 7849//1006 8413//1006
f 7849//765 7643//765 8413//765
f 8413//765 7643//765 8414//765
f 7643//1006 7735//1006 8414//1006
f 8414//1006 7735//1006 8415//1006
f 7735//784 7848//784 8415//784
f 8415//784 7848//784 8416//784
f 7848//1006 7847//1006 8416//1006
f 8416//1006 7847//1006 8417//1006
f 7847//765 7732//765 8417//765
f 8417//765 7732//765 8418//765
f 7732//1006 7736//1006 8418//1006
f 8418//1006 7736//1006 8419//1006
f 7736//784 7846//784 8419//784
f 8419//784 7846//784 8420//784
f 7846//1006 7845//1006 8420//1006
f 8420//1006 7845//1006 8421//1006
f 7845//765 7738//765 8421//765
f 8421//765 7738//765 8422//765
f 7738//1006 7832//1006 8422//1006
f 8422//1006 7832//1006 8423//1006
f 7832//784 7844//784 8423//784
f 8423//784 7844//784 8424//784
f 7844//1006 7843//1006 8424//1006
f 8424//1006 7843//1006 8425//1006
f 7843//765 7830//765 8425//765
f 8425//765 7830//765 8426//765
f 7830//1006 7839//1006 8426//1006
f 8426//1006 7839//1006 8427//1006
f 7839//784 7842//784 8427//784
f 8427//784 7842//784 8428//784
f 7842//1006 7841//1006 8428//1006
f 8428//1006 7841//1006 8374//1006
f 7638//784 7639//784 8364//784
f 8364//784 7639//784 8409//784
f 7836//765 7837//765 8378//765
f 8378//765 7837//765 8403//765
f 7070//784 7152//784 7072//784
f 7072//784 7152//784 7282//784
f 6492//368 6493//368 6514//368
f 6514//368 6493//368 6494//368
f 6514//368 6494//368 6513//368
f 6513//368 6494//368 6495//368
f 6513//368 6495//368 6496//368
f 6496//368 6497//368 6513//368
f 6513//368 6497//368 6498//368
f 6513//368 6498//368 6499//368
f 6499//368 6500//368 6513//368
f 6513//368 6500//368 6501//368
f 6513//368 6501//368 6502//368
f 6502//368 6503//368 6513//368
f 6513//368 6503//368 6504//368
f 6513//368 6504//368 6505//368
f 6505//368 6506//368 6513//368
f 6513//368 6506//368 6512//368
f 6512//368 6506//368 6507//368
f 6512//368 6507//368 6511//368
f 6511//368 6507//368 6508//368
f 6511//368 6508//368 6510//368
f 6510//368 6508//368 6509//368
f 6515//368 6521//368 6514//368
f 6514//368 6521//368 6522//368
f 6514//368 6522//368 6523//368
f 6521//368 6515//368 6520//368
f 6520//368 6515//368 6516//368
f 6520//368 6516//368 6519//368
f 6519//368 6516//368 6517//368
f 6519//368 6517//368 6518//368
f 6523//368 6524//368 6514//368
f 6514//368 6524//368 6492//368
f 7110//1120 7108//1120 7083//1120
f 7083//1120 7108//1120 7106//1120
f 7083//1120 7106//1120 7104//1120
f 7104//1120 7094//1120 7083//1120
f 7083//1120 7094//1120 7072//1120
f 7083//1120 7072//1120 8403//1120
f 8403//1120 7072//1120 8378//1120
f 8378//1120 7072//1120 8375//1120
f 8378//1120 8375//1120 8377//1120
f 8377//1120 8375//1120 8376//1120
f 7072//1120 7282//1120 8375//1120
f 8375//1120 7282//1120 8373//1120
f 8373//1120 7282//1120 8370//1120
f 8373//1120 8370//1120 8372//1120
f 8372//1120 8370//1120 8371//1120
f 7305//1120 7271//1120 7282//1120
f 7282//1120 7271//1120 8374//1120
f 7282//1120 8374//1120 8370//1120
f 7305//1120 7303//1120 7271//1120
f 7271//1120 7303//1120 7301//1120
f 7271//1120 7301//1120 7299//1120
f 7299//1120 7293//1120 7271//1120
f 7346//1120 8417//1120 7271//1120
f 7271//1120 8417//1120 8420//1120
f 7271//1120 8420//1120 8421//1120
f 7392//1120 7390//1120 7346//1120
f 7346//1120 7390//1120 7388//1120
f 7346//1120 7388//1120 7386//1120
f 7386//1120 7380//1120 7346//1120
f 7346//1120 7380//1120 7359//1120
f 7346//1120 7359//1120 8409//1120
f 8409//1120 7359//1120 8364//1120
f 8364//1120 7359//1120 8361//1120
f 8364//1120 8361//1120 8363//1120
f 8363//1120 8361//1120 8362//1120
f 7359//1120 7195//1120 8361//1120
f 8361//1120 7195//1120 8365//1120
f 8365//1120 7195//1120 8366//1120
f 8365//1120 8366//1120 8368//1120
f 8368//1120 8366//1120 8367//1120
f 7218//1120 7172//1120 7195//1120
f 7195//1120 7172//1120 8369//1120
f 7195//1120 8369//1120 8366//1120
f 7218//1120 7216//1120 7172//1120
f 7172//1120 7216//1120 7214//1120
f 7172//1120 7214//1120 7212//1120
f 7212//1120 7206//1120 7172//1120
f 7083//1120 8391//1120 7172//1120
f 7172//1120 8391//1120 8389//1120
f 7172//1120 8389//1120 8387//1120
f 8387//1120 8389//1120 8390//1120
f 8387//1120 8390//1120 8388//1120
f 8409//1120 8404//1120 7346//1120
f 7346//1120 8404//1120 8407//1120
f 7346//1120 8407//1120 8408//1120
f 8404//1120 8405//1120 8407//1120
f 8407//1120 8405//1120 8406//1120
f 7346//1120 8408//1120 8412//1120
f 8412//1120 8408//1120 8410//1120
f 8412//1120 8410//1120 8411//1120
f 8412//1120 8413//1120 7346//1120
f 7346//1120 8413//1120 8416//1120
f 7346//1120 8416//1120 8417//1120
f 8413//1120 8414//1120 8416//1120
f 8416//1120 8414//1120 8415//1120
f 8417//1120 8418//1120 8420//1120
f 8420//1120 8418//1120 8419//1120
f 7271//1120 8421//1120 8424//1120
f 8424//1120 8421//1120 8422//1120
f 8424//1120 8422//1120 8423//1120
f 8424//1120 8425//1120 7271//1120
f 7271//1120 8425//1120 8428//1120
f 7271//1120 8428//1120 8374//1120
f 8425//1120 8426//1120 8428//1120
f 8428//1120 8426//1120 8427//1120
f 8403//1120 8401//1120 7083//1120
f 7083//1120 8401//1120 8399//1120
f 7083//1120 8399//1120 8397//1120
f 8401//1120 8402//1120 8399//1120
f 8399//1120 8402//1120 8400//1120
f 7083//1120 8397//1120 8395//1120
f 8395//1120 8397//1120 8398//1120
f 8395//1120 8398//1120 8396//1120
f 8395//1120 8393//1120 7083//1120
f 7083//1120 8393//1120 8391//1120
f 8393//1120 8394//1120 8391//1120
f 8391//1120 8394//1120 8392//1120
f 8387//1120 8385//1120 7172//1120
f 7172//1120 8385//1120 8383//1120
f 7172//1120 8383//1120 8381//1120
f 8385//1120 8386//1120 8383//1120
f 8383//1120 8386//1120 8384//1120
f 7172//1120 8381//1120 8380//1120
f 8380//1120 8381//1120 8382//1120
f 8380//1120 8382//1120 8379//1120
f 8380//1120 8369//1120 7172//1120
