# Blender 4.0.1
# www.blender.org
mtllib track_2x6.mtl
o track_2x6
v -0.999572 1.210000 -2.990716
v -0.999572 1.138823 -2.990716
v -1.000000 1.210000 -2.987474
v -0.999572 1.067647 -2.990716
v -0.999572 0.996470 -2.990716
v -0.998315 0.996470 -2.993737
v -0.998315 0.925294 -2.993737
v -0.996316 0.925294 -2.996331
v -0.996316 0.854117 -2.996331
v -0.993711 0.854117 -2.998322
v -0.993711 0.782941 -2.998322
v -0.990677 0.782941 -2.999573
v -0.990677 0.711764 -2.999573
v -0.987421 1.210000 -3.000000
v -0.990677 0.640588 -2.999573
v -0.987421 -0.000000 -3.000000
v -0.990677 0.569411 -2.999573
v -0.990677 0.498235 -2.999573
v -0.993711 0.569411 -2.998322
v -0.993711 0.498235 -2.998322
v -0.996316 0.569411 -2.996331
v -0.996316 0.498235 -2.996331
v -0.998315 0.569411 -2.993737
v -0.998315 0.498235 -2.993737
v -0.999572 0.569411 -2.990716
v -0.999572 0.498235 -2.990716
v -1.000000 -0.000000 -2.987474
v -0.999572 0.427058 -2.990716
v -0.999572 0.355882 -2.990716
v -0.998315 0.355882 -2.993737
v -0.998315 0.284706 -2.993737
v -0.996316 0.284706 -2.996331
v -0.996316 0.213529 -2.996331
v -0.993711 0.213529 -2.998322
v -0.993711 0.142353 -2.998322
v -0.990677 0.142353 -2.999573
v -0.990677 0.071176 -2.999573
v -0.990677 -0.000000 -2.999573
v -0.998315 1.138823 -2.993737
v -0.998315 1.210000 -2.993737
v -0.996316 1.138823 -2.996331
v -0.996316 1.210000 -2.996331
v -0.993711 1.138823 -2.998322
v -0.993711 1.210000 -2.998322
v -0.990677 1.138823 -2.999573
v -0.990677 1.210000 -2.999573
v -0.993711 0.071176 -2.998322
v -0.993711 -0.000000 -2.998322
v -0.996316 0.071176 -2.996331
v -0.996316 -0.000000 -2.996331
v -0.998315 0.071176 -2.993737
v -0.998315 -0.000000 -2.993737
v -0.999572 0.071176 -2.990716
v -0.999572 -0.000000 -2.990716
v -0.999572 0.640588 -2.990716
v -0.998315 0.640588 -2.993737
v -0.996316 0.640588 -2.996331
v -0.993711 0.640588 -2.998322
v -0.998315 1.067647 -2.993737
v -0.996316 1.067647 -2.996331
v -0.993711 1.067647 -2.998322
v -0.990677 1.067647 -2.999573
v -0.999572 0.925294 -2.990716
v -0.999572 0.854117 -2.990716
v -0.999572 0.782941 -2.990716
v -0.998315 0.782941 -2.993737
v -0.998315 0.711764 -2.993737
v -0.996316 0.711764 -2.996331
v -0.998315 0.854117 -2.993737
v -0.999572 0.711764 -2.990716
v -0.998315 0.427058 -2.993737
v -0.996316 0.427058 -2.996331
v -0.993711 0.427058 -2.998322
v -0.990677 0.427058 -2.999573
v -0.999572 0.284706 -2.990716
v -0.999572 0.213529 -2.990716
v -0.999572 0.142353 -2.990716
v -0.998315 0.142353 -2.993737
v -0.998315 0.213529 -2.993737
v -0.996316 0.996470 -2.996331
v -0.993711 0.925294 -2.998322
v -0.990677 0.854117 -2.999573
v -0.996316 0.782941 -2.996331
v -0.996316 0.355882 -2.996331
v -0.993711 0.284706 -2.998322
v -0.990677 0.213529 -2.999573
v -0.996316 0.142353 -2.996331
v -0.993711 0.996470 -2.998322
v -0.990677 0.996470 -2.999573
v -0.993711 0.711764 -2.998322
v -0.993711 0.355882 -2.998322
v -0.990677 0.355882 -2.999573
v -0.990677 0.925294 -2.999573
v -0.990677 0.284706 -2.999573
v -0.749563 0.898890 -3.000000
v -0.715521 0.826769 -3.000000
v -0.674589 0.758338 -3.000000
v -0.811321 1.210000 -3.000000
v -0.807414 1.130315 -3.000000
v -0.795731 1.051397 -3.000000
v -0.776386 0.974007 -3.000000
v -0.627159 0.694258 -3.000000
v -0.573690 0.635144 -3.000000
v -0.514696 0.581566 -3.000000
v -0.450746 0.534041 -3.000000
v -0.382454 0.493025 -3.000000
v -0.310479 0.458914 -3.000000
v -0.235514 0.432037 -3.000000
v -0.158281 0.412652 -3.000000
v -0.079523 0.400946 -3.000000
v -0.000000 0.397031 -3.000000
v 0.987421 -0.000000 -3.000000
v 0.079523 0.400946 -3.000000
v 0.158281 0.412652 -3.000000
v 0.235514 0.432037 -3.000000
v 0.310479 0.458914 -3.000000
v 0.382454 0.493025 -3.000000
v 0.450746 0.534041 -3.000000
v 0.514696 0.581566 -3.000000
v 0.573690 0.635144 -3.000000
v 0.627159 0.694258 -3.000000
v 0.674589 0.758338 -3.000000
v 0.715521 0.826769 -3.000000
v 0.749563 0.898890 -3.000000
v 0.987421 1.210000 -3.000000
v 0.776386 0.974007 -3.000000
v 0.795731 1.051397 -3.000000
v 0.807414 1.130315 -3.000000
v 0.811321 1.210000 -3.000000
v -0.987421 1.210000 3.000000
v -0.811321 1.210000 3.000000
v -1.000000 1.210000 2.987473
v -0.990677 1.210000 2.999573
v -0.993711 1.210000 2.998321
v -0.996316 1.210000 2.996331
v -0.998315 1.210000 2.993737
v -0.999572 1.210000 2.990715
v -0.990677 1.138824 2.999573
v -0.990677 1.067647 2.999573
v -0.990677 0.996471 2.999573
v -0.993711 0.996471 2.998322
v -0.993711 0.925294 2.998322
v -0.996316 0.925294 2.996331
v -0.996316 0.854118 2.996331
v -0.998315 0.854118 2.993737
v -0.998315 0.782942 2.993737
v -0.999572 0.782942 2.990716
v -0.999572 0.711765 2.990716
v -0.999572 0.640589 2.990716
v -1.000000 0.000000 2.987474
v -0.999572 0.569412 2.990716
v -0.999572 0.498236 2.990716
v -0.998315 0.569412 2.993737
v -0.998315 0.498236 2.993737
v -0.996316 0.569412 2.996331
v -0.996316 0.498236 2.996331
v -0.993711 0.569412 2.998322
v -0.993711 0.498236 2.998322
v -0.990677 0.569412 2.999573
v -0.990677 0.498236 2.999573
v -0.987421 0.000000 3.000000
v -0.990677 0.427059 2.999573
v -0.990677 0.355883 2.999573
v -0.993711 0.355883 2.998322
v -0.993711 0.284706 2.998322
v -0.996316 0.284706 2.996331
v -0.996316 0.213530 2.996331
v -0.998315 0.213530 2.993737
v -0.998315 0.142353 2.993737
v -0.999572 0.142353 2.990716
v -0.999572 0.071177 2.990716
v -0.999572 0.000000 2.990716
v -0.993711 1.138824 2.998321
v -0.996316 1.138824 2.996331
v -0.998315 1.138824 2.993737
v -0.999572 1.138824 2.990715
v -0.998315 0.071177 2.993737
v -0.998315 0.000000 2.993737
v -0.996316 0.071177 2.996331
v -0.996316 0.000000 2.996331
v -0.993711 0.071177 2.998322
v -0.993711 0.000000 2.998322
v -0.990677 0.071177 2.999573
v -0.990677 0.000000 2.999573
v -0.990677 0.640589 2.999573
v -0.993711 0.640589 2.998322
v -0.996316 0.640589 2.996331
v -0.998315 0.640589 2.993737
v -0.993711 1.067647 2.998321
v -0.996316 1.067647 2.996331
v -0.998315 1.067647 2.993737
v -0.999572 1.067647 2.990715
v -0.990677 0.925294 2.999573
v -0.990677 0.854118 2.999573
v -0.990677 0.782942 2.999573
v -0.993711 0.782942 2.998322
v -0.993711 0.711765 2.998322
v -0.996316 0.711765 2.996331
v -0.993711 0.854118 2.998322
v -0.990677 0.711765 2.999573
v -0.993711 0.427059 2.998322
v -0.996316 0.427059 2.996331
v -0.998315 0.427059 2.993737
v -0.999572 0.427059 2.990716
v -0.990677 0.284706 2.999573
v -0.990677 0.213530 2.999573
v -0.990677 0.142353 2.999573
v -0.993711 0.142353 2.998322
v -0.993711 0.213530 2.998322
v -0.996316 0.996471 2.996331
v -0.998315 0.925294 2.993737
v -0.999572 0.854118 2.990716
v -0.996316 0.782942 2.996331
v -0.996316 0.355883 2.996331
v -0.998315 0.284706 2.993737
v -0.999572 0.213530 2.990716
v -0.996316 0.142353 2.996331
v -0.998315 0.996471 2.993737
v -0.999572 0.996471 2.990716
v -0.998315 0.711765 2.993737
v -0.998315 0.355883 2.993737
v -0.999572 0.355883 2.990716
v -0.999572 0.925294 2.990716
v -0.999572 0.284706 2.990716
v -0.749563 0.898891 3.000000
v -0.776386 0.974008 3.000000
v -0.795731 1.051398 3.000000
v 0.987421 0.000000 3.000000
v -0.000000 0.397032 3.000000
v -0.079523 0.400946 3.000000
v -0.158281 0.412653 3.000000
v 0.987421 1.210000 3.000000
v 0.749563 0.898891 3.000000
v 0.715521 0.826770 3.000000
v 0.674589 0.758339 3.000000
v 0.811321 1.210000 3.000000
v 0.807414 1.130316 3.000000
v 0.795731 1.051398 3.000000
v 0.776386 0.974008 3.000000
v 0.627159 0.694258 3.000000
v 0.573690 0.635145 3.000000
v 0.514696 0.581567 3.000000
v 0.450746 0.534042 3.000000
v 0.382454 0.493026 3.000000
v 0.310479 0.458915 3.000000
v 0.235514 0.432038 3.000000
v 0.158281 0.412653 3.000000
v 0.079523 0.400946 3.000000
v -0.235514 0.432038 3.000000
v -0.310479 0.458915 3.000000
v -0.382454 0.493026 3.000000
v -0.450746 0.534042 3.000000
v -0.514696 0.581567 3.000000
v -0.573690 0.635145 3.000000
v -0.627159 0.694258 3.000000
v -0.674589 0.758339 3.000000
v -0.715521 0.826770 3.000000
v -0.807414 1.130316 3.000000
v 0.990677 1.210000 -2.999573
v 0.990677 1.138823 -2.999573
v 0.990677 1.067647 -2.999573
v 0.990677 0.996470 -2.999573
v 0.993711 0.996470 -2.998322
v 0.993711 0.925294 -2.998322
v 0.996316 0.925294 -2.996331
v 0.996316 0.854117 -2.996331
v 0.998315 0.854117 -2.993737
v 0.998315 0.782941 -2.993737
v 0.999572 0.782941 -2.990716
v 0.999572 0.711764 -2.990716
v 1.000000 1.210000 -2.987474
v 0.999572 0.640588 -2.990716
v 1.000000 -0.000000 -2.987474
v 0.999572 0.569411 -2.990716
v 0.999572 0.498235 -2.990716
v 0.998315 0.569411 -2.993737
v 0.998315 0.498235 -2.993737
v 0.996316 0.569411 -2.996331
v 0.996316 0.498235 -2.996331
v 0.993711 0.569411 -2.998322
v 0.993711 0.498235 -2.998322
v 0.990677 0.569411 -2.999573
v 0.990677 0.498235 -2.999573
v 0.990677 0.427058 -2.999573
v 0.990677 0.355882 -2.999573
v 0.993711 0.355882 -2.998322
v 0.993711 0.284706 -2.998322
v 0.996316 0.284706 -2.996331
v 0.996316 0.213529 -2.996331
v 0.998315 0.213529 -2.993737
v 0.998315 0.142353 -2.993737
v 0.999572 0.142353 -2.990716
v 0.999572 0.071176 -2.990716
v 0.999572 -0.000000 -2.990716
v 0.993711 1.138823 -2.998322
v 0.993711 1.210000 -2.998322
v 0.996316 1.138823 -2.996331
v 0.996316 1.210000 -2.996331
v 0.998315 1.138823 -2.993737
v 0.998315 1.210000 -2.993737
v 0.999572 1.138823 -2.990716
v 0.999572 1.210000 -2.990716
v 0.998315 0.071176 -2.993737
v 0.998315 -0.000000 -2.993737
v 0.996316 0.071176 -2.996331
v 0.996316 -0.000000 -2.996331
v 0.993711 0.071176 -2.998322
v 0.993711 -0.000000 -2.998322
v 0.990677 0.071176 -2.999573
v 0.990677 -0.000000 -2.999573
v 0.990677 0.640588 -2.999573
v 0.993711 0.640588 -2.998322
v 0.996316 0.640588 -2.996331
v 0.998315 0.640588 -2.993737
v 0.993711 1.067647 -2.998322
v 0.996316 1.067647 -2.996331
v 0.998315 1.067647 -2.993737
v 0.999572 1.067647 -2.990716
v 0.990677 0.925294 -2.999573
v 0.990677 0.854117 -2.999573
v 0.990677 0.782941 -2.999573
v 0.993711 0.782941 -2.998322
v 0.993711 0.711764 -2.998322
v 0.996316 0.711764 -2.996331
v 0.993711 0.854117 -2.998322
v 0.990677 0.711764 -2.999573
v 0.993711 0.427058 -2.998322
v 0.996316 0.427058 -2.996331
v 0.998315 0.427058 -2.993737
v 0.999572 0.427058 -2.990716
v 0.990677 0.284706 -2.999573
v 0.990677 0.213529 -2.999573
v 0.990677 0.142353 -2.999573
v 0.993711 0.142353 -2.998322
v 0.993711 0.213529 -2.998322
v 0.996316 0.996470 -2.996331
v 0.998315 0.925294 -2.993737
v 0.999572 0.854117 -2.990716
v 0.996316 0.782941 -2.996331
v 0.996316 0.355882 -2.996331
v 0.998315 0.284706 -2.993737
v 0.999572 0.213529 -2.990716
v 0.996316 0.142353 -2.996331
v 0.998315 0.996470 -2.993737
v 0.999572 0.996470 -2.990716
v 0.998315 0.711764 -2.993737
v 0.998315 0.355882 -2.993737
v 0.999572 0.355882 -2.990716
v 0.999572 0.925294 -2.990716
v 0.999572 0.284706 -2.990716
v 1.000000 1.210000 2.987473
v 1.000000 0.000000 2.987474
v 0.990677 1.210000 2.999573
v 0.993711 1.210000 2.998321
v 0.996316 1.210000 2.996331
v 0.998315 1.210000 2.993737
v 0.999572 1.210000 2.990715
v 0.999572 1.138824 2.990715
v 0.999572 1.067647 2.990715
v 0.999572 0.996471 2.990716
v 0.998315 0.996471 2.993737
v 0.998315 0.925294 2.993737
v 0.996316 0.925294 2.996331
v 0.996316 0.854118 2.996331
v 0.993711 0.854118 2.998322
v 0.993711 0.782942 2.998322
v 0.990677 0.782942 2.999573
v 0.990677 0.711765 2.999573
v 0.990677 0.640589 2.999573
v 0.990677 0.569412 2.999573
v 0.990677 0.498236 2.999573
v 0.993711 0.569412 2.998322
v 0.993711 0.498236 2.998322
v 0.996316 0.569412 2.996331
v 0.996316 0.498236 2.996331
v 0.998315 0.569412 2.993737
v 0.998315 0.498236 2.993737
v 0.999572 0.569412 2.990716
v 0.999572 0.498236 2.990716
v 0.999572 0.427059 2.990716
v 0.999572 0.355883 2.990716
v 0.998315 0.355883 2.993737
v 0.998315 0.284706 2.993737
v 0.996316 0.284706 2.996331
v 0.996316 0.213530 2.996331
v 0.993711 0.213530 2.998322
v 0.993711 0.142353 2.998322
v 0.990677 0.142353 2.999573
v 0.990677 0.071177 2.999573
v 0.990677 0.000000 2.999573
v 0.998315 1.138824 2.993737
v 0.996316 1.138824 2.996331
v 0.993711 1.138824 2.998321
v 0.990677 1.138824 2.999573
v 0.993711 0.071177 2.998322
v 0.993711 0.000000 2.998322
v 0.996316 0.071177 2.996331
v 0.996316 0.000000 2.996331
v 0.998315 0.071177 2.993737
v 0.998315 0.000000 2.993737
v 0.999572 0.071177 2.990716
v 0.999572 0.000000 2.990716
v 0.999572 0.640589 2.990716
v 0.998315 0.640589 2.993737
v 0.996316 0.640589 2.996331
v 0.993711 0.640589 2.998322
v 0.998315 1.067647 2.993737
v 0.996316 1.067647 2.996331
v 0.993711 1.067647 2.998321
v 0.990677 1.067647 2.999573
v 0.999572 0.925294 2.990716
v 0.999572 0.854118 2.990716
v 0.999572 0.782942 2.990716
v 0.998315 0.782942 2.993737
v 0.998315 0.711765 2.993737
v 0.996316 0.711765 2.996331
v 0.998315 0.854118 2.993737
v 0.999572 0.711765 2.990716
v 0.998315 0.427059 2.993737
v 0.996316 0.427059 2.996331
v 0.993711 0.427059 2.998322
v 0.990677 0.427059 2.999573
v 0.999572 0.284706 2.990716
v 0.999572 0.213530 2.990716
v 0.999572 0.142353 2.990716
v 0.998315 0.142353 2.993737
v 0.998315 0.213530 2.993737
v 0.996316 0.996471 2.996331
v 0.993711 0.925294 2.998322
v 0.990677 0.854118 2.999573
v 0.996316 0.782942 2.996331
v 0.996316 0.355883 2.996331
v 0.993711 0.284706 2.998322
v 0.990677 0.213530 2.999573
v 0.996316 0.142353 2.996331
v 0.993711 0.996471 2.998322
v 0.990677 0.996471 2.999573
v 0.993711 0.711765 2.998322
v 0.993711 0.355883 2.998322
v 0.990677 0.355883 2.999573
v 0.990677 0.925294 2.999573
v 0.990677 0.284706 2.999573
v 0.339623 0.368725 -2.004175
v 0.337992 0.368050 -1.971607
v 0.337992 0.368050 -2.036743
v 0.333102 0.366083 -2.069660
v 0.333102 0.366083 -1.938690
v 0.324953 0.362911 -2.102324
v 0.324953 0.362911 -1.906026
v 0.313548 0.358622 -2.134134
v 0.313548 0.358622 -1.874216
v 0.298966 0.353380 -2.164533
v 0.298966 0.353380 -1.843818
v 0.281584 0.347496 -2.193108
v 0.281584 0.347496 -1.815243
v 0.261852 0.341270 -2.219476
v 0.261852 0.341270 -1.788875
v 0.240218 0.335004 -1.765097
v 0.216350 0.328788 -1.743538
v 0.216350 0.328788 -2.264812
v 0.240218 0.335004 -2.243253
v 0.189865 0.322692 -2.284487
v 0.189865 0.322692 -1.723863
v 0.161152 0.316997 -1.706524
v 0.130597 0.311985 -1.691975
v 0.130597 0.311985 -2.316375
v 0.161152 0.316997 -2.301826
v 0.098621 0.307928 -2.327753
v 0.098621 0.307928 -1.680598
v 0.065790 0.304954 -1.672471
v 0.032713 0.303124 -1.667596
v 0.032713 0.303124 -2.340755
v 0.065790 0.304954 -2.335879
v 0.000000 0.302500 -2.342380
v -0.000000 0.302500 -1.665971
v -0.032713 0.303124 -2.340755
v -0.032713 0.303124 -1.667596
v -0.065790 0.304954 -2.335879
v -0.065790 0.304954 -1.672471
v -0.098621 0.307928 -1.680598
v -0.130597 0.311985 -1.691975
v -0.130597 0.311985 -2.316375
v -0.098621 0.307928 -2.327753
v -0.161152 0.316997 -2.301826
v -0.161152 0.316997 -1.706524
v -0.189865 0.322692 -1.723863
v -0.216350 0.328788 -1.743538
v -0.216350 0.328788 -2.264812
v -0.189865 0.322692 -2.284487
v -0.240218 0.335004 -2.243253
v -0.240218 0.335004 -1.765097
v -0.261852 0.341270 -1.788875
v -0.281584 0.347496 -1.815243
v -0.281584 0.347496 -2.193108
v -0.261852 0.341270 -2.219476
v -0.298966 0.353380 -2.164533
v -0.298966 0.353380 -1.843818
v -0.313548 0.358622 -2.134134
v -0.313548 0.358622 -1.874216
v -0.324953 0.362911 -2.102324
v -0.324953 0.362911 -1.906026
v -0.333102 0.366083 -2.069660
v -0.333102 0.366083 -1.938690
v -0.337992 0.368050 -2.036743
v -0.337992 0.368050 -1.971607
v -0.339623 0.368725 -2.004175
v 0.413084 0.402370 -1.042082
v 0.415094 0.403432 -1.453027
v 0.415094 0.403432 -1.002088
v 0.450280 0.422612 -1.453027
v 0.450280 0.422612 -0.000000
v 0.522498 0.468757 -0.000000
v 0.522498 0.468757 1.453027
v 0.534591 0.477466 1.453027
v 0.534591 0.477466 2.793319
v 0.590043 0.521531 1.453027
v 0.600023 0.530247 2.906054
v 0.652311 0.580464 1.453027
v 0.660293 0.588875 2.906054
v 0.708744 0.645027 1.453027
v 0.714883 0.652846 2.906054
v 0.758838 0.714643 1.453027
v 0.763323 0.721610 2.906054
v 0.792453 0.770659 1.471816
v 0.792453 0.770659 1.534446
v 0.407066 0.399288 -1.082420
v 0.397065 0.394343 -1.122376
v 0.397065 0.394343 -1.883887
v 0.383101 0.387690 -1.161222
v 0.374034 0.383510 -1.453027
v 0.365290 0.379609 -1.198294
v 0.344092 0.370583 -1.233111
v 0.320053 0.361075 -1.265222
v 0.344092 0.370583 -1.773152
v 0.365290 0.379609 -1.807969
v 0.383101 0.387690 -1.845041
v 0.293717 0.351550 -1.294177
v 0.293717 0.351550 -1.453027
v 0.320053 0.361075 -1.741041
v 0.264669 0.342138 -1.320448
v 0.264669 0.342138 -1.685814
v 0.293717 0.351550 -1.712085
v 0.232405 0.332928 -1.344461
v 0.232405 0.332928 -1.661802
v 0.212218 0.327766 -1.453027
v 0.197388 0.324339 -1.640606
v 0.197388 0.324339 -1.365656
v 0.160078 0.316788 -1.383475
v 0.120972 0.310678 -1.397439
v 0.128095 0.311623 -1.453027
v 0.160078 0.316788 -1.622788
v 0.120972 0.310678 -1.608824
v 0.080760 0.306197 -1.407434
v 0.080760 0.306197 -1.598829
v 0.042826 0.303515 -1.453027
v 0.040187 0.303440 -1.592821
v 0.040187 0.303440 -1.413442
v -0.000000 0.302500 -1.415449
v 0.000000 0.302500 -1.590814
v -0.040187 0.303440 -1.413442
v -0.040187 0.303440 -1.592821
v -0.042826 0.303515 -1.453027
v -0.080760 0.306197 -1.598829
v -0.080760 0.306197 -1.407434
v -0.120972 0.310678 -1.397439
v -0.160078 0.316788 -1.383475
v -0.128095 0.311623 -1.453027
v -0.120972 0.310678 -1.608824
v -0.160078 0.316788 -1.622788
v -0.197388 0.324339 -1.365656
v -0.197388 0.324339 -1.640606
v -0.212218 0.327766 -1.453027
v -0.232405 0.332928 -1.661802
v -0.232405 0.332928 -1.344461
v -0.264669 0.342138 -1.320448
v -0.293717 0.351550 -1.294177
v -0.293717 0.351550 -1.453027
v -0.264669 0.342138 -1.685814
v -0.320053 0.361075 -1.265222
v -0.320053 0.361075 -1.741041
v -0.293717 0.351550 -1.712085
v -0.344092 0.370583 -1.233111
v -0.344092 0.370583 -1.773152
v -0.365290 0.379609 -1.198294
v -0.374034 0.383510 -1.453027
v -0.383101 0.387690 -1.161222
v -0.383101 0.387690 -1.845041
v -0.397065 0.394343 -1.122376
v -0.397065 0.394343 -1.883887
v -0.407066 0.399288 -1.082420
v -0.407066 0.399288 -1.923843
v -0.413084 0.402370 -1.042082
v -0.413084 0.402370 -1.964181
v -0.450280 0.422612 -1.453027
v -0.415094 0.403432 -2.004175
v -0.399242 0.395436 -2.906054
v -0.413084 0.402370 -2.044169
v -0.407066 0.399288 -2.084508
v -0.397065 0.394343 -2.124464
v -0.383101 0.387690 -2.163310
v -0.365290 0.379609 -2.200382
v -0.323459 0.362353 -2.906054
v -0.344092 0.370583 -2.235198
v -0.320053 0.361075 -2.267310
v -0.293717 0.351550 -2.296265
v -0.244982 0.336332 -2.906054
v -0.264669 0.342138 -2.322536
v -0.232405 0.332928 -2.346549
v -0.197388 0.324339 -2.367744
v -0.164464 0.317588 -2.906054
v -0.160078 0.316788 -2.385562
v -0.120972 0.310678 -2.399526
v -0.082576 0.306280 -2.906054
v -0.080760 0.306197 -2.409521
v -0.040187 0.303440 -2.415530
v 0.000000 0.302500 -2.906054
v 0.000000 0.302500 -2.417536
v 0.040187 0.303440 -2.415530
v 0.082576 0.306280 -2.906054
v 0.080760 0.306197 -2.409521
v 0.120972 0.310678 -2.399526
v 0.164464 0.317588 -2.906054
v 0.160078 0.316788 -2.385562
v 0.197388 0.324339 -2.367744
v 0.244982 0.336332 -2.906054
v 0.232405 0.332928 -2.346549
v 0.264669 0.342138 -2.322536
v 0.293717 0.351550 -2.296265
v 0.323459 0.362353 -2.906054
v 0.320053 0.361075 -2.267310
v 0.344092 0.370583 -2.235198
v 0.365290 0.379609 -2.200382
v 0.399242 0.395436 -2.906054
v 0.383101 0.387690 -2.163310
v 0.397065 0.394343 -2.124464
v 0.407066 0.399288 -2.084508
v 0.413084 0.402370 -2.044169
v 0.471698 0.435305 -2.793319
v 0.415094 0.403432 -2.004175
v -0.415094 0.403432 -1.002088
v -0.450280 0.422612 -0.000000
v -0.471698 0.435305 -1.453027
v -0.471698 0.435305 -0.000000
v -0.522498 0.468756 -1.453027
v -0.522498 0.468757 -0.000000
v -0.590043 0.521531 -1.453027
v -0.590043 0.521531 -0.000000
v -0.652311 0.580463 -1.453027
v -0.652311 0.580463 -0.000000
v -0.708744 0.645026 -1.453027
v -0.708744 0.645026 -0.000000
v -0.758838 0.714642 -1.453027
v -0.758838 0.714643 -0.000000
v -0.792453 0.770658 -0.532359
v -0.792453 0.770658 -0.469729
v -0.792453 0.770658 -0.000000
v -0.802145 0.788689 -0.000000
v -0.792453 0.770658 0.469728
v -0.825032 0.835687 0.469728
v -0.413084 0.402370 -0.962093
v -0.413084 0.402370 -0.039994
v -0.415094 0.403432 -0.000000
v -0.415094 0.403432 1.002088
v -0.450280 0.422612 1.453027
v -0.413084 0.402370 1.042082
v -0.413084 0.402370 1.964181
v -0.407066 0.399289 1.082420
v -0.407066 0.399289 1.923843
v -0.397065 0.394344 1.122376
v -0.397065 0.394344 1.883887
v -0.383101 0.387691 1.161222
v -0.374034 0.383510 1.453027
v -0.365290 0.379609 1.198294
v -0.344092 0.370583 1.233111
v -0.407066 0.399289 -0.080333
v -0.407066 0.399288 -0.921755
v -0.397065 0.394343 -0.120288
v -0.397065 0.394343 -0.881799
v -0.383101 0.387691 -0.159135
v -0.383101 0.387691 -0.842953
v -0.365290 0.379609 -0.805881
v -0.344092 0.370583 -0.771064
v -0.344092 0.370583 -0.231023
v -0.365290 0.379609 -0.196207
v -0.320053 0.361076 -0.263135
v -0.320053 0.361076 -0.738953
v -0.293717 0.351550 -0.292090
v -0.293717 0.351550 -0.709998
v -0.264669 0.342138 -0.318361
v -0.264669 0.342138 -0.683727
v -0.232405 0.332928 -0.342373
v -0.232405 0.332928 -0.659714
v -0.197388 0.324339 -0.638519
v -0.160078 0.316788 -0.620700
v -0.160078 0.316788 -0.381387
v -0.197388 0.324339 -0.363569
v -0.120972 0.310678 -0.606736
v -0.120972 0.310678 -0.395351
v -0.080760 0.306198 -0.405346
v -0.080760 0.306198 -0.596742
v -0.040187 0.303440 -0.590733
v 0.000000 0.302500 -0.588727
v 0.000000 0.302500 -0.413361
v -0.040187 0.303440 -0.411355
v 0.040187 0.303440 -0.411355
v 0.040187 0.303440 -0.590733
v 0.080760 0.306198 -0.596742
v 0.120972 0.310678 -0.606736
v 0.120972 0.310678 -0.395351
v 0.080760 0.306198 -0.405346
v 0.160078 0.316788 -0.620700
v 0.160078 0.316788 -0.381387
v 0.197388 0.324339 -0.363569
v 0.197388 0.324339 -0.638519
v 0.232405 0.332928 -0.659714
v 0.264669 0.342138 -0.683727
v 0.264669 0.342138 -0.318361
v 0.232405 0.332928 -0.342373
v 0.293717 0.351550 -0.292090
v 0.293717 0.351550 -0.709998
v 0.320053 0.361076 -0.263135
v 0.320053 0.361076 -0.738953
v 0.344092 0.370583 -0.231023
v 0.344092 0.370583 -0.771064
v 0.365290 0.379609 -0.196207
v 0.365290 0.379609 -0.805881
v 0.383101 0.387691 -0.842953
v 0.397065 0.394343 -0.881799
v 0.397065 0.394343 -0.120288
v 0.383101 0.387691 -0.159135
v 0.407066 0.399289 -0.080333
v 0.407066 0.399288 -0.921755
v 0.413084 0.402370 -0.039994
v 0.413084 0.402370 -0.962093
v 0.415094 0.403432 -0.000000
v 0.413084 0.402370 0.962093
v 0.413084 0.402370 0.039994
v 0.415094 0.403432 1.002088
v 0.407066 0.399289 0.080333
v 0.407066 0.399289 0.921755
v 0.397065 0.394343 0.120288
v 0.397065 0.394344 0.881799
v 0.383101 0.387691 0.159135
v 0.383101 0.387691 0.842953
v 0.365290 0.379609 0.805881
v 0.344092 0.370583 0.771064
v 0.344092 0.370583 0.231023
v 0.365290 0.379609 0.196206
v 0.320053 0.361076 0.263135
v 0.320053 0.361076 0.738953
v 0.293717 0.351550 0.292090
v 0.293717 0.351551 0.709998
v 0.264669 0.342138 0.318361
v 0.264669 0.342138 0.683727
v 0.232405 0.332928 0.342373
v 0.232405 0.332928 0.659714
v 0.197388 0.324339 0.638519
v 0.160078 0.316788 0.620700
v 0.160078 0.316788 0.381387
v 0.197388 0.324339 0.363569
v 0.120972 0.310678 0.606736
v 0.120972 0.310678 0.395351
v 0.080760 0.306198 0.405346
v 0.080760 0.306198 0.596742
v 0.040187 0.303440 0.590733
v 0.000000 0.302500 0.588726
v 0.000000 0.302500 0.413361
v 0.040187 0.303440 0.411355
v -0.040187 0.303440 0.411355
v -0.040187 0.303440 0.590733
v -0.080760 0.306198 0.596742
v -0.120972 0.310678 0.606736
v -0.120972 0.310678 0.395351
v -0.080760 0.306198 0.405346
v -0.160078 0.316788 0.620700
v -0.160078 0.316788 0.381387
v -0.197388 0.324339 0.363569
v -0.197388 0.324339 0.638519
v -0.232405 0.332928 0.659714
v -0.264669 0.342138 0.683727
v -0.264669 0.342138 0.318361
v -0.232405 0.332928 0.342373
v -0.293717 0.351550 0.292090
v -0.293717 0.351551 0.709998
v -0.320053 0.361076 0.263135
v -0.320053 0.361076 0.738953
v -0.344092 0.370583 0.231023
v -0.344092 0.370583 0.771064
v -0.365290 0.379609 0.196206
v -0.365290 0.379609 0.805881
v -0.383101 0.387691 0.842953
v -0.397065 0.394344 0.881799
v -0.397065 0.394343 0.120288
v -0.383101 0.387691 0.159135
v -0.407066 0.399289 0.080333
v -0.407066 0.399289 0.921755
v -0.413084 0.402370 0.039994
v -0.413084 0.402370 0.962093
v -0.320053 0.361076 1.265222
v -0.344092 0.370583 1.773152
v -0.365290 0.379609 1.807969
v -0.383101 0.387691 1.845041
v -0.293717 0.351551 1.294177
v -0.293717 0.351551 1.453027
v -0.320053 0.361076 1.741041
v -0.264669 0.342138 1.320448
v -0.264669 0.342138 1.685814
v -0.293717 0.351551 1.712085
v -0.232405 0.332928 1.344461
v -0.232405 0.332928 1.661802
v -0.212218 0.327766 1.453027
v -0.197388 0.324339 1.640606
v -0.197388 0.324339 1.365656
v -0.160078 0.316788 1.383475
v -0.120972 0.310679 1.397439
v -0.128095 0.311623 1.453027
v -0.160078 0.316788 1.622788
v -0.120972 0.310679 1.608824
v -0.080760 0.306198 1.407434
v -0.080760 0.306198 1.598829
v -0.042826 0.303515 1.453027
v -0.040187 0.303440 1.592821
v -0.040187 0.303440 1.413442
v 0.000000 0.302500 1.415449
v 0.000000 0.302500 1.590814
v 0.040187 0.303440 1.413442
v 0.040187 0.303440 1.592821
v 0.042826 0.303515 1.453027
v 0.080760 0.306198 1.598829
v 0.080760 0.306198 1.407434
v 0.120972 0.310679 1.397439
v 0.160078 0.316788 1.383475
v 0.128095 0.311623 1.453027
v 0.120972 0.310679 1.608824
v 0.160078 0.316788 1.622788
v 0.197388 0.324339 1.365656
v 0.197388 0.324339 1.640606
v 0.212218 0.327766 1.453027
v 0.232405 0.332928 1.661802
v 0.232405 0.332928 1.344461
v 0.264669 0.342138 1.685814
v 0.264669 0.342138 1.320448
v 0.293717 0.351551 1.453027
v 0.293717 0.351551 1.294177
v 0.320053 0.361076 1.265222
v 0.320053 0.361076 1.741041
v 0.344092 0.370583 1.233111
v 0.344092 0.370583 1.773152
v 0.365290 0.379609 1.198294
v 0.374034 0.383510 1.453027
v 0.383101 0.387691 1.161222
v 0.383101 0.387691 1.845041
v 0.397065 0.394344 1.122376
v 0.397065 0.394344 1.883887
v 0.415094 0.403432 1.453027
v 0.407066 0.399289 1.923843
v 0.413084 0.402370 1.964181
v 0.415094 0.403432 2.004175
v 0.450280 0.422612 1.453027
v 0.471698 0.435305 2.906054
v 0.471698 0.435305 2.793319
v 0.493051 0.448772 2.793319
v 0.514020 0.462829 2.793319
v 0.407066 0.399289 1.082420
v 0.413084 0.402370 1.042082
v -0.534591 0.477466 2.906054
v -0.590043 0.521531 1.453027
v -0.534591 0.477466 2.793319
v -0.522498 0.468757 1.453027
v -0.514020 0.462829 2.793319
v -0.493051 0.448772 2.793319
v -0.471698 0.435305 1.453027
v -0.471698 0.435305 2.793319
v -0.399242 0.395437 2.906054
v -0.415094 0.403432 2.004175
v -0.413084 0.402370 2.044169
v -0.600023 0.530247 2.906054
v -0.652311 0.580464 1.453027
v -0.660293 0.588875 2.906054
v -0.708744 0.645027 1.453027
v -0.714883 0.652846 2.906054
v -0.758838 0.714643 1.453027
v -0.792453 0.770658 0.532359
v -0.763323 0.721610 2.906054
v -0.792453 0.770659 1.453027
v -0.802145 0.788690 1.453027
v -0.825032 0.835687 0.532359
v -0.825032 0.835687 1.471816
v -0.838278 0.866505 1.453027
v -0.852307 0.903122 1.471816
v -0.852307 0.903122 0.532359
v -0.866912 0.947392 1.453027
v -0.874103 0.972530 0.532359
v -0.874103 0.972530 1.471816
v -0.887793 1.030628 1.453027
v -0.890280 1.043464 1.471816
v -0.890280 1.043464 0.532359
v -0.900734 1.115469 0.532359
v -0.900734 1.115469 1.471816
v -0.805197 0.794575 2.906054
v -0.792453 0.770659 2.536534
v -0.792453 0.770659 2.473904
v -0.792453 0.770659 1.534446
v -0.825032 0.835687 2.473904
v -0.825032 0.835687 1.534446
v -0.852307 0.903122 2.473904
v -0.852307 0.903122 1.534446
v -0.874103 0.972530 2.473904
v -0.874103 0.972530 1.534446
v -0.890280 1.043464 2.473903
v -0.890280 1.043464 1.534446
v -0.900734 1.115469 1.534446
v -0.900734 1.115469 2.473903
v -0.825032 0.835687 2.536534
v -0.840144 0.871114 2.906054
v -0.852307 0.903122 2.536534
v -0.867864 0.950568 2.906054
v -0.874103 0.972530 2.536534
v -0.888119 1.032254 2.906054
v -0.890280 1.043464 2.536534
v -0.900734 1.115469 2.906054
v -0.900734 1.115469 2.536534
v -0.792453 0.770659 1.471816
v -0.852307 0.903122 0.469728
v -0.838278 0.866505 -0.000000
v -0.825032 0.835687 -0.469729
v -0.874103 0.972530 0.469728
v -0.866912 0.947392 -0.000000
v -0.852307 0.903122 -0.469729
v -0.890280 1.043464 0.469728
v -0.887793 1.030628 -0.000000
v -0.874103 0.972529 -0.469729
v -0.900734 1.115469 0.469728
v -0.900734 1.115469 -0.469729
v -0.890280 1.043464 -0.469729
v -0.825032 0.835687 -0.532359
v -0.802145 0.788689 -1.453027
v -0.792453 0.770658 -1.453027
v -0.792453 0.770658 -1.471816
v -0.792453 0.770658 -1.534447
v -0.852307 0.903122 -0.532359
v -0.838278 0.866504 -1.453027
v -0.825032 0.835687 -1.471816
v -0.874103 0.972529 -0.532359
v -0.866912 0.947392 -1.453027
v -0.852307 0.903122 -1.471816
v -0.890280 1.043464 -0.532359
v -0.887793 1.030628 -1.453027
v -0.874103 0.972529 -1.471816
v -0.900734 1.115469 -0.532359
v -0.900734 1.115469 -1.471816
v -0.890280 1.043464 -1.471816
v -0.792453 0.770658 -2.473904
v -0.825032 0.835687 -1.534447
v -0.825032 0.835687 -2.473904
v -0.852307 0.903122 -1.534447
v -0.852307 0.903121 -2.473904
v -0.874103 0.972529 -1.534447
v -0.874103 0.972529 -2.473904
v -0.890280 1.043463 -1.534447
v -0.890280 1.043463 -2.473904
v -0.900734 1.115469 -2.473904
v -0.900734 1.115469 -1.534447
v -0.763323 0.721609 -2.906054
v -0.792453 0.770658 -2.536534
v -0.805197 0.794575 -2.906054
v -0.825032 0.835687 -2.536534
v -0.840144 0.871114 -2.906054
v -0.852307 0.903121 -2.536534
v -0.867864 0.950568 -2.906054
v -0.874103 0.972529 -2.536534
v -0.888119 1.032254 -2.906054
v -0.890280 1.043463 -2.536535
v -0.900734 1.115468 -2.906054
v -0.900734 1.115468 -2.536535
v -0.714883 0.652845 -2.906054
v -0.660293 0.588874 -2.906054
v -0.600023 0.530246 -2.906054
v -0.534591 0.477465 -2.906054
v -0.534591 0.477466 -2.793319
v -0.514020 0.462828 -2.793319
v -0.493051 0.448771 -2.793319
v -0.471698 0.435305 -2.793319
v -0.471698 0.435305 -2.906054
v 0.471698 0.435305 -2.906054
v 0.493051 0.448771 -2.793319
v 0.522498 0.468756 -1.453027
v 0.534591 0.477466 -0.000000
v 0.514020 0.462828 -2.793319
v 0.534591 0.477466 -2.793319
v 0.534591 0.477466 -1.453027
v 0.590043 0.521531 -1.453027
v 0.590043 0.521531 -0.000000
v 0.652311 0.580463 -0.000000
v 0.534591 0.477465 -2.906054
v 0.600023 0.530246 -2.906054
v 0.652311 0.580463 -1.453027
v 0.660293 0.588874 -2.906054
v 0.708744 0.645026 -1.453027
v 0.714883 0.652845 -2.906054
v 0.758838 0.714642 -1.453027
v 0.763323 0.721609 -2.906054
v 0.792453 0.770658 -1.471816
v 0.792453 0.770658 -1.534447
v 0.792453 0.770658 -2.473904
v 0.825032 0.835687 -2.473904
v 0.792453 0.770658 -2.536534
v 0.805197 0.794575 -2.906054
v 0.825032 0.835687 -2.536534
v 0.840144 0.871114 -2.906054
v 0.852307 0.903121 -2.536534
v 0.867864 0.950568 -2.906054
v 0.874103 0.972529 -2.536534
v 0.888119 1.032254 -2.906054
v 0.890280 1.043463 -2.536535
v 0.900734 1.115468 -2.906054
v 0.900734 1.115468 -2.536535
v 0.825032 0.835687 -1.534447
v 0.852307 0.903121 -2.473904
v 0.852307 0.903122 -1.534447
v 0.874103 0.972529 -2.473904
v 0.874103 0.972529 -1.534447
v 0.890280 1.043463 -2.473904
v 0.890280 1.043463 -1.534447
v 0.900734 1.115469 -1.534447
v 0.900734 1.115469 -2.473904
v 0.825032 0.835687 -1.471816
v 0.802145 0.788689 -1.453027
v 0.792453 0.770658 -0.532359
v 0.758838 0.714643 -0.000000
v 0.708744 0.645026 -0.000000
v 0.852307 0.903122 -1.471816
v 0.838278 0.866504 -1.453027
v 0.825032 0.835687 -0.532359
v 0.874103 0.972529 -1.471816
v 0.866912 0.947392 -1.453027
v 0.852307 0.903122 -0.532359
v 0.890280 1.043464 -1.471816
v 0.887793 1.030628 -1.453027
v 0.874103 0.972529 -0.532359
v 0.900734 1.115469 -1.471816
v 0.900734 1.115469 -0.532359
v 0.890280 1.043464 -0.532359
v 0.792453 0.770658 -0.469729
v 0.792453 0.770658 0.469728
v 0.792453 0.770658 0.532359
v 0.802145 0.788689 -0.000000
v 0.825032 0.835687 -0.469729
v 0.825032 0.835687 0.469728
v 0.838278 0.866505 -0.000000
v 0.852307 0.903122 0.469728
v 0.852307 0.903122 -0.469729
v 0.866912 0.947392 -0.000000
v 0.874103 0.972529 -0.469729
v 0.874103 0.972530 0.469728
v 0.887793 1.030628 -0.000000
v 0.890280 1.043464 0.469728
v 0.890280 1.043464 -0.469729
v 0.900734 1.115469 0.469728
v 0.900734 1.115469 -0.469729
v 0.825032 0.835687 0.532359
v 0.802145 0.788690 1.453027
v 0.852307 0.903122 0.532359
v 0.838278 0.866505 1.453027
v 0.825032 0.835687 1.471816
v 0.874103 0.972530 0.532359
v 0.866912 0.947392 1.453027
v 0.852307 0.903122 1.471816
v 0.890280 1.043464 0.532359
v 0.887793 1.030628 1.453027
v 0.874103 0.972530 1.471816
v 0.900734 1.115469 0.532359
v 0.900734 1.115469 1.471816
v 0.890280 1.043464 1.471816
v 0.792453 0.770659 2.473904
v 0.825032 0.835687 1.534446
v 0.825032 0.835687 2.473904
v 0.852307 0.903122 1.534446
v 0.852307 0.903122 2.473904
v 0.874103 0.972530 1.534446
v 0.874103 0.972530 2.473904
v 0.890280 1.043464 1.534446
v 0.890280 1.043464 2.473903
v 0.900734 1.115469 2.473903
v 0.900734 1.115469 1.534446
v 0.792453 0.770659 2.536534
v 0.805197 0.794575 2.906054
v 0.825032 0.835687 2.536534
v 0.840144 0.871114 2.906054
v 0.852307 0.903122 2.536534
v 0.867864 0.950568 2.906054
v 0.874103 0.972530 2.536534
v 0.888119 1.032254 2.906054
v 0.890280 1.043464 2.536534
v 0.900734 1.115469 2.906054
v 0.900734 1.115469 2.536534
v 0.534591 0.477466 2.906054
v 0.399242 0.395437 2.906054
v 0.413084 0.402370 2.044169
v 0.407066 0.399289 2.084508
v 0.397065 0.394344 2.124464
v 0.383101 0.387691 2.163310
v 0.365290 0.379609 2.200382
v 0.323459 0.362354 2.906054
v 0.344092 0.370583 2.235198
v 0.320053 0.361076 2.267310
v 0.293717 0.351551 2.296265
v 0.244982 0.336332 2.906054
v 0.264669 0.342138 2.322536
v 0.232405 0.332929 2.346549
v 0.197388 0.324339 2.367744
v 0.164464 0.317589 2.906054
v 0.160078 0.316789 2.385562
v 0.120972 0.310679 2.399526
v 0.082576 0.306280 2.906054
v 0.080760 0.306198 2.409521
v 0.040187 0.303440 2.415530
v 0.000000 0.302500 2.906054
v 0.000000 0.302500 2.417536
v -0.040187 0.303440 2.415530
v -0.082576 0.306280 2.906054
v -0.080760 0.306198 2.409521
v -0.120972 0.310679 2.399526
v -0.164464 0.317589 2.906054
v -0.160078 0.316789 2.385562
v -0.197388 0.324339 2.367744
v -0.244982 0.336332 2.906054
v -0.232405 0.332929 2.346549
v -0.264669 0.342138 2.322536
v -0.293717 0.351551 2.296265
v -0.323459 0.362354 2.906054
v -0.320053 0.361076 2.267310
v -0.344092 0.370583 2.235198
v -0.365290 0.379609 2.200382
v -0.383101 0.387691 2.163310
v -0.397065 0.394344 2.124464
v -0.407066 0.399289 2.084508
v -0.471698 0.435305 2.906054
v 0.365290 0.379609 1.807969
v 0.293717 0.351551 1.712085
v -0.365290 0.379609 -1.807969
v 0.407066 0.399288 -1.923843
v 0.413084 0.402370 -1.964181
v 0.339623 0.368725 -0.000000
v 0.337992 0.368050 0.032568
v 0.337992 0.368050 -0.032568
v 0.333102 0.366083 -0.065485
v 0.333102 0.366083 0.065485
v 0.324953 0.362912 -0.098149
v 0.324953 0.362912 0.098149
v 0.313548 0.358622 -0.129959
v 0.313548 0.358622 0.129959
v 0.298966 0.353381 -0.160358
v 0.298966 0.353381 0.160358
v 0.281584 0.347496 -0.188933
v 0.281584 0.347496 0.188933
v 0.261852 0.341270 -0.215301
v 0.261852 0.341270 0.215301
v 0.240218 0.335005 0.239078
v 0.216350 0.328788 0.260637
v 0.216350 0.328788 -0.260637
v 0.240218 0.335005 -0.239078
v 0.189865 0.322692 -0.280313
v 0.189865 0.322692 0.280312
v 0.161152 0.316997 0.297651
v 0.130597 0.311985 0.312200
v 0.130597 0.311985 -0.312200
v 0.161152 0.316997 -0.297651
v 0.098621 0.307928 -0.323578
v 0.098621 0.307928 0.323578
v 0.065790 0.304954 0.331704
v 0.032713 0.303124 0.336579
v 0.032713 0.303124 -0.336580
v 0.065790 0.304954 -0.331704
v 0.000000 0.302500 -0.338205
v -0.000000 0.302500 0.338205
v -0.032713 0.303124 -0.336580
v -0.032713 0.303124 0.336579
v -0.065790 0.304954 -0.331704
v -0.065790 0.304954 0.331704
v -0.098621 0.307928 0.323578
v -0.130597 0.311985 0.312200
v -0.130597 0.311985 -0.312200
v -0.098621 0.307928 -0.323578
v -0.161152 0.316997 -0.297651
v -0.161152 0.316997 0.297651
v -0.189865 0.322692 0.280312
v -0.216350 0.328788 0.260637
v -0.216350 0.328788 -0.260637
v -0.189865 0.322692 -0.280313
v -0.240218 0.335005 -0.239078
v -0.240218 0.335005 0.239078
v -0.261852 0.341270 0.215301
v -0.281584 0.347496 0.188933
v -0.281584 0.347496 -0.188933
v -0.261852 0.341270 -0.215301
v -0.298966 0.353381 -0.160358
v -0.298966 0.353381 0.160358
v -0.313548 0.358622 -0.129959
v -0.313548 0.358622 0.129959
v -0.324953 0.362912 -0.098149
v -0.324953 0.362912 0.098149
v -0.333102 0.366083 -0.065485
v -0.333102 0.366083 0.065485
v -0.337992 0.368050 -0.032568
v -0.337992 0.368050 0.032568
v -0.339623 0.368725 -0.000000
v 0.339623 0.368725 2.004175
v 0.337992 0.368050 2.036743
v 0.337992 0.368050 1.971607
v 0.333102 0.366083 1.938690
v 0.333102 0.366083 2.069660
v 0.324953 0.362912 1.906026
v 0.324953 0.362912 2.102324
v 0.313548 0.358622 1.874216
v 0.313548 0.358622 2.134134
v 0.298966 0.353381 1.843818
v 0.298966 0.353381 2.164533
v 0.281584 0.347496 1.815243
v 0.281584 0.347496 2.193108
v 0.261852 0.341270 1.788875
v 0.261852 0.341270 2.219476
v 0.240218 0.335005 2.243253
v 0.216350 0.328788 2.264812
v 0.216350 0.328788 1.743538
v 0.240218 0.335005 1.765097
v 0.189865 0.322692 1.723863
v 0.189865 0.322692 2.284487
v 0.161152 0.316997 2.301826
v 0.130597 0.311985 2.316375
v 0.130597 0.311985 1.691975
v 0.161152 0.316997 1.706524
v 0.098621 0.307928 1.680598
v 0.098621 0.307928 2.327753
v 0.065790 0.304954 2.335879
v 0.032713 0.303124 2.340755
v 0.032713 0.303124 1.667596
v 0.065790 0.304954 1.672471
v 0.000000 0.302500 1.665971
v 0.000000 0.302500 2.342380
v -0.032713 0.303124 1.667596
v -0.032713 0.303124 2.340755
v -0.065790 0.304954 1.672471
v -0.065790 0.304954 2.335879
v -0.098621 0.307928 2.327753
v -0.130597 0.311985 2.316375
v -0.130597 0.311985 1.691975
v -0.098621 0.307928 1.680598
v -0.161152 0.316997 1.706524
v -0.161152 0.316997 2.301826
v -0.189865 0.322692 2.284487
v -0.216350 0.328788 2.264812
v -0.216350 0.328788 1.743538
v -0.189865 0.322692 1.723863
v -0.240218 0.335005 1.765097
v -0.240218 0.335005 2.243253
v -0.261852 0.341270 2.219476
v -0.281584 0.347496 2.193108
v -0.281584 0.347496 1.815243
v -0.261852 0.341270 1.788875
v -0.298966 0.353381 1.843818
v -0.298966 0.353381 2.164533
v -0.313548 0.358622 1.874216
v -0.313548 0.358622 2.134134
v -0.324953 0.362912 1.906026
v -0.324953 0.362912 2.102324
v -0.333102 0.366083 1.938690
v -0.333102 0.366083 2.069660
v -0.337992 0.368050 1.971607
v -0.337992 0.368050 2.036743
v -0.339623 0.368725 2.004175
v 0.339623 0.368725 1.002088
v 0.337992 0.368050 1.034656
v 0.337992 0.368050 0.969519
v 0.333102 0.366083 0.936603
v 0.333102 0.366083 1.067572
v 0.324953 0.362912 0.903938
v 0.324953 0.362912 1.100237
v 0.313548 0.358622 0.872128
v 0.313548 0.358622 1.132047
v 0.298966 0.353381 0.841730
v 0.298966 0.353381 1.162445
v 0.281584 0.347496 0.813155
v 0.281584 0.347496 1.191020
v 0.261852 0.341270 0.786787
v 0.261852 0.341270 1.217388
v 0.240218 0.335005 1.241166
v 0.216350 0.328788 1.262725
v 0.216350 0.328788 0.741450
v 0.240218 0.335005 0.763009
v 0.189865 0.322692 0.721775
v 0.189865 0.322692 1.282400
v 0.161152 0.316997 1.299739
v 0.130597 0.311985 1.314288
v 0.130597 0.311985 0.689887
v 0.161152 0.316997 0.704436
v 0.098621 0.307928 0.678510
v 0.098621 0.307928 1.325665
v 0.065790 0.304954 1.333791
v 0.032713 0.303124 1.338667
v 0.032713 0.303124 0.665508
v 0.065790 0.304954 0.670384
v -0.000000 0.302500 0.663883
v 0.000000 0.302500 1.340292
v -0.032713 0.303124 0.665508
v -0.032713 0.303124 1.338667
v -0.065790 0.304954 0.670384
v -0.065790 0.304954 1.333791
v -0.098621 0.307928 1.325665
v -0.130597 0.311985 1.314288
v -0.130597 0.311985 0.689887
v -0.098621 0.307928 0.678510
v -0.161152 0.316997 0.704436
v -0.161152 0.316997 1.299739
v -0.189865 0.322692 1.282400
v -0.216350 0.328788 1.262725
v -0.216350 0.328788 0.741450
v -0.189865 0.322692 0.721775
v -0.240218 0.335005 0.763009
v -0.240218 0.335005 1.241166
v -0.261852 0.341270 1.217388
v -0.281584 0.347496 1.191020
v -0.281584 0.347496 0.813155
v -0.261852 0.341270 0.786787
v -0.298966 0.353381 0.841730
v -0.298966 0.353381 1.162445
v -0.313548 0.358622 0.872128
v -0.313548 0.358622 1.132047
v -0.324953 0.362912 0.903938
v -0.324953 0.362912 1.100237
v -0.333102 0.366083 0.936603
v -0.333102 0.366083 1.067572
v -0.337992 0.368050 0.969519
v -0.337992 0.368050 1.034656
v -0.339623 0.368725 1.002088
v 0.339623 0.368725 -1.002088
v 0.337992 0.368050 -0.969520
v 0.337992 0.368050 -1.034656
v 0.333102 0.366083 -1.067572
v 0.333102 0.366083 -0.936603
v 0.324953 0.362911 -1.100237
v 0.324953 0.362911 -0.903939
v 0.313548 0.358622 -1.132047
v 0.313548 0.358622 -0.872129
v 0.298966 0.353381 -1.162445
v 0.298966 0.353381 -0.841730
v 0.281584 0.347496 -1.191020
v 0.281584 0.347496 -0.813155
v 0.261852 0.341270 -1.217388
v 0.261852 0.341270 -0.786787
v 0.240218 0.335005 -0.763009
v 0.216350 0.328788 -0.741450
v 0.216350 0.328788 -1.262725
v 0.240218 0.335005 -1.241166
v 0.189865 0.322692 -1.282400
v 0.189865 0.322692 -0.721775
v 0.161152 0.316997 -0.704437
v 0.130597 0.311985 -0.689888
v 0.130597 0.311985 -1.314288
v 0.161152 0.316997 -1.299739
v 0.098621 0.307928 -1.325665
v 0.098621 0.307928 -0.678510
v 0.065790 0.304954 -0.670384
v 0.032713 0.303124 -0.665508
v 0.032713 0.303124 -1.338667
v 0.065790 0.304954 -1.333791
v -0.000000 0.302500 -1.340292
v 0.000000 0.302500 -0.663883
v -0.032713 0.303124 -1.338667
v -0.032713 0.303124 -0.665508
v -0.065790 0.304954 -1.333791
v -0.065790 0.304954 -0.670384
v -0.098621 0.307928 -0.678510
v -0.130597 0.311985 -0.689888
v -0.130597 0.311985 -1.314288
v -0.098621 0.307928 -1.325665
v -0.161152 0.316997 -1.299739
v -0.161152 0.316997 -0.704437
v -0.189865 0.322692 -0.721775
v -0.216350 0.328788 -0.741450
v -0.216350 0.328788 -1.262725
v -0.189865 0.322692 -1.282400
v -0.240218 0.335005 -1.241166
v -0.240218 0.335005 -0.763009
v -0.261852 0.341270 -0.786787
v -0.281584 0.347496 -0.813155
v -0.281584 0.347496 -1.191020
v -0.261852 0.341270 -1.217388
v -0.298966 0.353381 -1.162445
v -0.298966 0.353381 -0.841730
v -0.313548 0.358622 -1.132047
v -0.313548 0.358622 -0.872129
v -0.324953 0.362911 -1.100237
v -0.324953 0.362911 -0.903939
v -0.333102 0.366083 -1.067572
v -0.333102 0.366083 -0.936603
v -0.337992 0.368050 -1.034656
v -0.337992 0.368050 -0.969520
v -0.339623 0.368725 -1.002088
v -0.335642 -0.000000 -1.952549
v -0.411055 -0.000000 -1.946646
v -0.339623 -0.000000 -2.004175
v -0.415094 -0.000000 -2.004175
v -0.411055 -0.000000 -2.061704
v -0.399014 -0.000000 -1.890237
v -0.323795 -0.000000 -1.902132
v -0.379208 -0.000000 -1.836046
v -0.304358 -0.000000 -1.854107
v -0.352020 -0.000000 -1.785127
v -0.277787 -0.000000 -1.809600
v -0.317981 -0.000000 -1.738472
v -0.244705 -0.000000 -1.769653
v -0.277752 -0.000000 -1.696988
v -0.205888 -0.000000 -1.735204
v -0.232118 -0.000000 -1.661483
v -0.162244 -0.000000 -1.707058
v -0.181965 -0.000000 -1.632649
v -0.114798 -0.000000 -1.685877
v -0.128271 -0.000000 -1.611045
v -0.064661 -0.000000 -1.672157
v -0.072080 -0.000000 -1.597094
v -0.013008 -0.000000 -1.666219
v -0.014487 -0.000000 -1.591066
v 0.043389 -0.000000 -1.593078
v 0.038949 -0.000000 -1.668202
v 0.100420 -0.000000 -1.603093
v 0.089994 -0.000000 -1.678060
v 0.155497 -0.000000 -1.620913
v 0.138929 -0.000000 -1.695562
v 0.207547 -0.000000 -1.646194
v 0.184608 -0.000000 -1.720298
v 0.255558 -0.000000 -1.678442
v 0.225960 -0.000000 -1.751688
v 0.298594 -0.000000 -1.717030
v 0.262015 -0.000000 -1.788995
v 0.335818 -0.000000 -1.761208
v 0.291929 -0.000000 -1.831346
v 0.366507 -0.000000 -1.810114
v 0.315001 -0.000000 -1.877749
v 0.390061 -0.000000 -1.862797
v 0.330689 -0.000000 -1.927114
v 0.406024 -0.000000 -1.918233
v 0.338626 -0.000000 -1.978286
v 0.414083 -0.000000 -1.975341
v 0.414083 -0.000000 -2.033010
v 0.338626 -0.000000 -2.030064
v 0.406024 -0.000000 -2.090118
v 0.330689 -0.000000 -2.081236
v 0.390061 -0.000000 -2.145553
v 0.315001 -0.000000 -2.130602
v 0.366507 -0.000000 -2.198236
v 0.291929 -0.000000 -2.177004
v 0.335818 -0.000000 -2.247143
v 0.262015 -0.000000 -2.219355
v 0.298594 -0.000000 -2.291320
v 0.225960 -0.000000 -2.256663
v 0.255558 -0.000000 -2.329908
v 0.184608 -0.000000 -2.288052
v 0.207547 -0.000000 -2.362156
v 0.138929 -0.000000 -2.312788
v 0.155497 -0.000000 -2.387437
v 0.089994 -0.000000 -2.330290
v 0.100420 -0.000000 -2.405258
v 0.038949 -0.000000 -2.340148
v 0.043389 -0.000000 -2.415272
v -0.013008 -0.000000 -2.342132
v -0.014487 -0.000000 -2.417284
v -0.072080 -0.000000 -2.411257
v -0.064661 -0.000000 -2.336193
v -0.128271 -0.000000 -2.397305
v -0.114798 -0.000000 -2.322473
v -0.181965 -0.000000 -2.375702
v -0.162244 -0.000000 -2.301292
v -0.232118 -0.000000 -2.346867
v -0.205888 -0.000000 -2.273147
v -0.277752 -0.000000 -2.311362
v -0.244705 -0.000000 -2.238697
v -0.317981 -0.000000 -2.269879
v -0.277787 -0.000000 -2.198750
v -0.352020 -0.000000 -2.223223
v -0.304358 -0.000000 -2.154243
v -0.379208 -0.000000 -2.172304
v -0.323795 -0.000000 -2.106219
v -0.399014 -0.000000 -2.118113
v -0.335642 -0.000000 -2.055802
v -0.335642 0.000000 0.051627
v -0.411055 0.000000 0.057529
v -0.339623 0.000000 0.000000
v -0.415094 0.000000 0.000000
v -0.411055 -0.000000 -0.057529
v -0.399014 0.000000 0.113938
v -0.323795 0.000000 0.102043
v -0.379208 0.000000 0.168129
v -0.304358 0.000000 0.150068
v -0.352020 0.000000 0.219048
v -0.277787 0.000000 0.194575
v -0.317981 0.000000 0.265703
v -0.244705 0.000000 0.234522
v -0.277752 0.000000 0.307187
v -0.205888 0.000000 0.268972
v -0.232118 0.000000 0.342692
v -0.162244 0.000000 0.297117
v -0.181965 0.000000 0.371527
v -0.114798 0.000000 0.318298
v -0.128271 0.000000 0.393130
v -0.064661 0.000000 0.332018
v -0.072080 0.000000 0.407081
v -0.013008 0.000000 0.337956
v -0.014487 0.000000 0.413109
v 0.043389 0.000000 0.411097
v 0.038949 0.000000 0.335973
v 0.100420 0.000000 0.401083
v 0.089994 0.000000 0.326115
v 0.155497 0.000000 0.383262
v 0.138929 0.000000 0.308613
v 0.207547 0.000000 0.357981
v 0.184608 0.000000 0.283877
v 0.255558 0.000000 0.325733
v 0.225960 0.000000 0.252488
v 0.298594 0.000000 0.287145
v 0.262015 0.000000 0.215180
v 0.335818 0.000000 0.242968
v 0.291929 0.000000 0.172829
v 0.366507 0.000000 0.194061
v 0.315001 0.000000 0.126427
v 0.390061 0.000000 0.141378
v 0.330689 0.000000 0.077061
v 0.406024 0.000000 0.085943
v 0.338626 0.000000 0.025889
v 0.414083 0.000000 0.028835
v 0.414083 -0.000000 -0.028835
v 0.338626 -0.000000 -0.025889
v 0.406024 -0.000000 -0.085943
v 0.330689 -0.000000 -0.077061
v 0.390061 -0.000000 -0.141378
v 0.315001 -0.000000 -0.126427
v 0.366507 -0.000000 -0.194061
v 0.291929 -0.000000 -0.172829
v 0.335818 -0.000000 -0.242968
v 0.262015 -0.000000 -0.215180
v 0.298594 -0.000000 -0.287145
v 0.225960 -0.000000 -0.252488
v 0.255558 -0.000000 -0.325733
v 0.184608 -0.000000 -0.283877
v 0.207547 -0.000000 -0.357981
v 0.138929 -0.000000 -0.308613
v 0.155497 -0.000000 -0.383262
v 0.089994 -0.000000 -0.326115
v 0.100420 -0.000000 -0.401083
v 0.038949 -0.000000 -0.335973
v 0.043389 -0.000000 -0.411097
v -0.013008 -0.000000 -0.337956
v -0.014487 -0.000000 -0.413109
v -0.072080 -0.000000 -0.407081
v -0.064661 -0.000000 -0.332018
v -0.128271 -0.000000 -0.393130
v -0.114798 -0.000000 -0.318298
v -0.181965 -0.000000 -0.371527
v -0.162244 -0.000000 -0.297117
v -0.232118 -0.000000 -0.342692
v -0.205888 -0.000000 -0.268972
v -0.277752 -0.000000 -0.307187
v -0.244705 -0.000000 -0.234522
v -0.317981 -0.000000 -0.265703
v -0.277787 -0.000000 -0.194575
v -0.352020 -0.000000 -0.219048
v -0.304358 -0.000000 -0.150068
v -0.379208 -0.000000 -0.168129
v -0.323795 -0.000000 -0.102043
v -0.399014 -0.000000 -0.113938
v -0.335642 -0.000000 -0.051627
v -0.335642 0.000000 2.055802
v -0.411055 0.000000 2.061704
v -0.339623 0.000000 2.004175
v -0.415094 0.000000 2.004175
v -0.411055 0.000000 1.946646
v -0.399014 0.000000 2.118113
v -0.323795 0.000000 2.106219
v -0.379208 0.000000 2.172304
v -0.304358 0.000000 2.154243
v -0.352020 0.000000 2.223223
v -0.277787 0.000000 2.198750
v -0.317981 0.000000 2.269879
v -0.244705 0.000000 2.238697
v -0.277752 0.000000 2.311362
v -0.205888 0.000000 2.273147
v -0.232118 0.000000 2.346867
v -0.162244 0.000000 2.301292
v -0.181965 0.000000 2.375702
v -0.114798 0.000000 2.322473
v -0.128271 0.000000 2.397305
v -0.064661 0.000000 2.336193
v -0.072080 0.000000 2.411257
v -0.013008 0.000000 2.342132
v -0.014487 0.000000 2.417284
v 0.043389 0.000000 2.415272
v 0.038949 0.000000 2.340148
v 0.100420 0.000000 2.405258
v 0.089994 0.000000 2.330290
v 0.155497 0.000000 2.387437
v 0.138929 0.000000 2.312788
v 0.207547 0.000000 2.362156
v 0.184608 0.000000 2.288052
v 0.255558 0.000000 2.329908
v 0.225960 0.000000 2.256663
v 0.298594 0.000000 2.291320
v 0.262015 0.000000 2.219355
v 0.335818 0.000000 2.247143
v 0.291929 0.000000 2.177004
v 0.366507 0.000000 2.198236
v 0.315001 0.000000 2.130602
v 0.390061 0.000000 2.145553
v 0.330689 0.000000 2.081236
v 0.406024 0.000000 2.090118
v 0.338626 0.000000 2.030064
v 0.414083 0.000000 2.033010
v 0.414083 0.000000 1.975341
v 0.338626 0.000000 1.978286
v 0.406024 0.000000 1.918233
v 0.330689 0.000000 1.927114
v 0.390061 0.000000 1.862797
v 0.315001 0.000000 1.877749
v 0.366507 0.000000 1.810114
v 0.291929 0.000000 1.831346
v 0.335818 0.000000 1.761208
v 0.262015 0.000000 1.788995
v 0.298594 0.000000 1.717030
v 0.225960 0.000000 1.751688
v 0.255558 0.000000 1.678442
v 0.184608 0.000000 1.720298
v 0.207547 0.000000 1.646194
v 0.138929 0.000000 1.695562
v 0.155497 0.000000 1.620913
v 0.089994 0.000000 1.678060
v 0.100420 0.000000 1.603093
v 0.038949 0.000000 1.668202
v 0.043389 0.000000 1.593078
v -0.013008 0.000000 1.666219
v -0.014487 0.000000 1.591066
v -0.072080 0.000000 1.597094
v -0.064661 0.000000 1.672157
v -0.128271 0.000000 1.611045
v -0.114798 0.000000 1.685877
v -0.181965 0.000000 1.632649
v -0.162244 0.000000 1.707058
v -0.232118 0.000000 1.661483
v -0.205888 0.000000 1.735204
v -0.277752 0.000000 1.696988
v -0.244705 0.000000 1.769653
v -0.317981 0.000000 1.738472
v -0.277787 0.000000 1.809600
v -0.352020 0.000000 1.785127
v -0.304358 0.000000 1.854107
v -0.379208 0.000000 1.836046
v -0.323795 0.000000 1.902132
v -0.399014 0.000000 1.890237
v -0.335642 0.000000 1.952549
v 0.534591 -0.000000 -2.906054
v 0.534591 -0.000000 -2.793319
v 0.471698 -0.000000 -2.793319
v 0.471698 -0.000000 -2.906054
v -0.471698 -0.000000 -2.906054
v -0.471698 -0.000000 -2.793319
v -0.534591 -0.000000 -2.793319
v -0.534591 -0.000000 -2.906054
v -0.905660 -0.000000 -2.906054
v -0.905660 1.115468 -2.906054
v -0.905660 1.115468 -2.536535
v -0.905660 -0.000000 -2.536534
v -0.792453 -0.000000 -2.536534
v -0.792453 -0.000000 -2.473904
v -0.905660 -0.000000 -2.473904
v -0.905660 1.115469 -2.473904
v -0.905660 1.115469 -1.534447
v -0.905660 -0.000000 -1.534447
v -0.792453 -0.000000 -1.534447
v -0.792453 -0.000000 -1.471816
v -0.905660 -0.000000 -1.471816
v -0.905660 1.115469 -1.471816
v -0.905660 1.115469 -0.532359
v -0.905660 -0.000000 -0.532359
v -0.792453 -0.000000 -0.532359
v -0.792453 -0.000000 -0.469729
v -0.905660 -0.000000 -0.469729
v -0.905660 1.115469 -0.469729
v -0.905660 1.115469 0.469728
v -0.905660 0.000000 0.469729
v -0.792453 0.000000 0.469729
v -0.792453 0.000000 0.532359
v -0.905660 0.000000 0.532359
v -0.905660 1.115469 0.532359
v -0.905660 1.115469 1.471816
v -0.905660 0.000000 1.471816
v -0.792453 0.000000 1.471816
v -0.792453 0.000000 1.534447
v -0.905660 0.000000 1.534447
v -0.905660 1.115469 1.534446
v -0.905660 1.115469 2.473903
v -0.905660 0.000000 2.473904
v -0.792453 0.000000 2.473904
v -0.792453 0.000000 2.536534
v -0.905660 0.000000 2.536534
v -0.905660 1.115469 2.536534
v -0.905660 1.115469 2.906054
v -0.905660 0.000000 2.906054
v -0.534591 0.000000 2.906054
v 0.471698 0.000000 2.906054
v 0.471698 0.000000 2.793319
v 0.534591 0.000000 2.793319
v 0.534591 0.000000 2.906054
v 0.905660 0.000000 2.906054
v 0.905660 1.115469 2.906054
v 0.905660 1.115469 2.536534
v 0.905660 0.000000 2.536534
v 0.792453 0.000000 2.536534
v 0.792453 0.000000 2.473904
v 0.905660 0.000000 2.473904
v 0.905660 1.115469 2.473903
v 0.905660 1.115469 1.534446
v 0.905660 0.000000 1.534447
v 0.792453 0.000000 1.534447
v 0.792453 0.000000 1.471816
v 0.905660 0.000000 1.471816
v 0.905660 1.115469 1.471816
v 0.905660 1.115469 0.532359
v 0.905660 0.000000 0.532359
v 0.792453 0.000000 0.532359
v 0.792453 0.000000 0.469729
v 0.905660 0.000000 0.469729
v 0.905660 1.115469 0.469728
v 0.905660 1.115469 -0.469729
v 0.905660 -0.000000 -0.469729
v 0.792453 -0.000000 -0.469729
v 0.792453 -0.000000 -0.532359
v 0.905660 -0.000000 -0.532359
v 0.905660 1.115469 -0.532359
v 0.905660 1.115469 -1.471816
v 0.905660 -0.000000 -1.471816
v 0.792453 -0.000000 -1.471816
v 0.792453 -0.000000 -1.534447
v 0.905660 -0.000000 -1.534447
v 0.905660 1.115469 -1.534447
v 0.905660 1.115469 -2.473904
v 0.905660 -0.000000 -2.473904
v 0.792453 -0.000000 -2.473904
v 0.792453 -0.000000 -2.536534
v 0.905660 -0.000000 -2.536534
v 0.905660 1.115468 -2.536535
v 0.905660 1.115468 -2.906054
v 0.905660 -0.000000 -2.906054
v -0.471698 0.000000 2.906054
v -0.534591 0.000000 2.793319
v -0.471698 0.000000 2.793319
v 0.338626 0.000000 0.976198
v 0.338626 0.000000 1.027977
v 0.330689 0.000000 1.079149
v 0.315001 0.000000 1.128514
v 0.291929 0.000000 1.174916
v 0.262015 0.000000 1.217268
v 0.225960 0.000000 1.254575
v 0.184608 0.000000 1.285965
v 0.138929 0.000000 1.310700
v 0.089994 0.000000 1.328202
v 0.038949 0.000000 1.338061
v -0.013008 0.000000 1.340044
v -0.064661 0.000000 1.334106
v -0.114798 0.000000 1.320385
v -0.162244 0.000000 1.299204
v -0.205888 0.000000 1.271059
v -0.244705 0.000000 1.236610
v -0.277787 0.000000 1.196663
v -0.304358 0.000000 1.152156
v -0.323795 0.000000 1.104131
v -0.335642 0.000000 1.053714
v -0.339623 0.000000 1.002088
v -0.335642 0.000000 0.950461
v -0.323795 0.000000 0.900044
v -0.304358 0.000000 0.852020
v -0.277787 0.000000 0.807512
v -0.244705 0.000000 0.767566
v -0.205888 0.000000 0.733116
v -0.162244 0.000000 0.704971
v -0.114798 0.000000 0.683790
v -0.064661 0.000000 0.670069
v -0.013008 0.000000 0.664131
v 0.038949 0.000000 0.666114
v 0.089994 0.000000 0.675973
v 0.138929 0.000000 0.693475
v 0.184608 0.000000 0.718210
v 0.225960 0.000000 0.749600
v 0.262015 0.000000 0.786907
v 0.291929 0.000000 0.829259
v 0.315001 0.000000 0.875661
v 0.330689 0.000000 0.925027
v 0.414083 0.000000 1.030922
v 0.414083 0.000000 0.973253
v 0.406024 0.000000 0.916145
v 0.390061 0.000000 0.860710
v 0.366507 0.000000 0.808026
v 0.335818 0.000000 0.759120
v 0.298594 0.000000 0.714943
v 0.255558 0.000000 0.676355
v 0.207547 0.000000 0.644106
v 0.155497 0.000000 0.618826
v 0.100420 0.000000 0.601005
v 0.043389 0.000000 0.590991
v -0.014487 0.000000 0.588978
v -0.072080 0.000000 0.595006
v -0.128271 0.000000 0.608958
v -0.181965 0.000000 0.630561
v -0.232118 0.000000 0.659396
v -0.277752 0.000000 0.694900
v -0.317981 0.000000 0.736384
v -0.352020 0.000000 0.783040
v -0.379208 0.000000 0.833959
v -0.399014 0.000000 0.888150
v -0.411055 0.000000 0.944559
v -0.415094 0.000000 1.002088
v -0.411055 0.000000 1.059616
v -0.399014 0.000000 1.116025
v -0.379208 0.000000 1.170217
v -0.352020 0.000000 1.221136
v -0.317981 0.000000 1.267791
v -0.277752 0.000000 1.309275
v -0.232118 0.000000 1.344779
v -0.181965 0.000000 1.373614
v -0.128271 0.000000 1.395217
v -0.072080 0.000000 1.409169
v -0.014487 0.000000 1.415197
v 0.043389 0.000000 1.413184
v 0.100420 0.000000 1.403170
v 0.155497 0.000000 1.385349
v 0.207547 0.000000 1.360069
v 0.255558 0.000000 1.327821
v 0.298594 0.000000 1.289232
v 0.335818 0.000000 1.245055
v 0.366507 0.000000 1.196149
v 0.390061 0.000000 1.143466
v 0.406024 0.000000 1.088030
v 0.807414 1.130315 -1.500000
v 0.807414 1.130315 -0.000000
v 0.807414 1.130315 1.500000
v 0.795731 1.051398 1.500000
v 0.776386 0.974008 1.500000
v 0.749563 0.898890 1.500000
v 0.715521 0.826769 1.500000
v 0.674589 0.758339 1.500000
v 0.627159 0.694258 1.500000
v 0.573690 0.635144 1.500000
v 0.514696 0.581567 1.500000
v 0.450746 0.534041 1.500000
v 0.382454 0.493026 1.500000
v 0.310479 0.458915 1.500000
v 0.235514 0.432038 1.500000
v 0.158281 0.412652 1.500000
v 0.079523 0.400946 1.500000
v -0.000000 0.397031 1.500000
v -0.079523 0.400946 1.500000
v -0.158281 0.412652 1.500000
v -0.235514 0.432038 1.500000
v -0.310479 0.458915 1.500000
v -0.382454 0.493026 1.500000
v -0.450746 0.534041 1.500000
v -0.514696 0.581567 1.500000
v -0.573690 0.635144 1.500000
v -0.627159 0.694258 1.500000
v -0.674589 0.758339 1.500000
v -0.715521 0.826769 1.500000
v -0.749563 0.898890 1.500000
v -0.776386 0.974008 1.500000
v -0.795731 1.051398 1.500000
v -0.807414 1.130315 1.500000
v -0.807414 1.130315 -0.000000
v -0.807414 1.130315 -1.500000
v -0.795731 1.051398 -1.500000
v -0.776386 0.974007 -1.500000
v -0.749563 0.898890 -1.500000
v -0.715521 0.826769 -1.500000
v -0.674589 0.758339 -1.500000
v -0.627159 0.694258 -1.500000
v -0.573690 0.635144 -1.500000
v -0.514696 0.581567 -1.500000
v -0.450746 0.534041 -1.500000
v -0.382454 0.493025 -1.500000
v -0.310479 0.458915 -1.500000
v -0.235514 0.432037 -1.500000
v -0.158281 0.412652 -1.500000
v -0.079523 0.400946 -1.500000
v -0.000000 0.397031 -1.500000
v 0.079523 0.400946 -1.500000
v 0.158281 0.412652 -1.500000
v 0.235514 0.432037 -1.500000
v 0.310479 0.458915 -1.500000
v 0.382454 0.493025 -1.500000
v 0.450746 0.534041 -1.500000
v 0.514696 0.581567 -1.500000
v 0.573690 0.635144 -1.500000
v 0.627159 0.694258 -1.500000
v 0.674589 0.758339 -1.500000
v 0.715521 0.826769 -1.500000
v 0.749563 0.898890 -1.500000
v 0.776386 0.974007 -1.500000
v 0.795731 1.051398 -1.500000
v 0.795731 1.051398 -0.000000
v 0.776386 0.974008 -0.000000
v 0.749563 0.898890 -0.000000
v 0.715521 0.826769 -0.000000
v 0.674589 0.758339 -0.000000
v 0.627159 0.694258 -0.000000
v 0.573690 0.635144 -0.000000
v 0.514696 0.581567 -0.000000
v 0.450746 0.534041 -0.000000
v 0.382454 0.493026 -0.000000
v 0.310479 0.458915 -0.000000
v 0.235514 0.432037 -0.000000
v 0.158281 0.412652 -0.000000
v 0.079523 0.400946 -0.000000
v -0.000000 0.397031 -0.000000
v -0.079523 0.400946 -0.000000
v -0.158281 0.412652 -0.000000
v -0.235514 0.432037 -0.000000
v -0.310479 0.458915 -0.000000
v -0.382454 0.493026 -0.000000
v -0.450746 0.534041 -0.000000
v -0.514696 0.581567 -0.000000
v -0.573690 0.635144 -0.000000
v -0.627159 0.694258 -0.000000
v -0.674589 0.758339 -0.000000
v -0.715521 0.826769 -0.000000
v -0.749563 0.898890 -0.000000
v -0.776386 0.974008 -0.000000
v -0.795731 1.051398 -0.000000
v 0.338626 -0.000000 -1.027977
v 0.338626 -0.000000 -0.976198
v 0.330689 -0.000000 -0.925027
v 0.315001 -0.000000 -0.875661
v 0.291929 -0.000000 -0.829259
v 0.262015 -0.000000 -0.786907
v 0.225960 -0.000000 -0.749600
v 0.184608 -0.000000 -0.718210
v 0.138929 -0.000000 -0.693475
v 0.089994 -0.000000 -0.675973
v 0.038949 -0.000000 -0.666114
v -0.013008 -0.000000 -0.664131
v -0.064661 -0.000000 -0.670069
v -0.114798 -0.000000 -0.683790
v -0.162244 -0.000000 -0.704971
v -0.205888 -0.000000 -0.733116
v -0.244705 -0.000000 -0.767566
v -0.277787 -0.000000 -0.807512
v -0.304358 -0.000000 -0.852020
v -0.323795 -0.000000 -0.900044
v -0.335642 -0.000000 -0.950461
v -0.339623 -0.000000 -1.002088
v -0.335642 -0.000000 -1.053714
v -0.323795 -0.000000 -1.104131
v -0.304358 -0.000000 -1.152156
v -0.277787 -0.000000 -1.196663
v -0.244705 -0.000000 -1.236610
v -0.205888 -0.000000 -1.271059
v -0.162244 -0.000000 -1.299204
v -0.114798 -0.000000 -1.320385
v -0.064661 -0.000000 -1.334106
v -0.013008 -0.000000 -1.340044
v 0.038949 -0.000000 -1.338061
v 0.089994 -0.000000 -1.328202
v 0.138929 -0.000000 -1.310700
v 0.184608 -0.000000 -1.285965
v 0.225960 -0.000000 -1.254575
v 0.262015 -0.000000 -1.217268
v 0.291929 -0.000000 -1.174916
v 0.315001 -0.000000 -1.128514
v 0.330689 -0.000000 -1.079149
v 0.414083 -0.000000 -0.973253
v 0.414083 -0.000000 -1.030922
v 0.406024 -0.000000 -1.088030
v 0.390061 -0.000000 -1.143466
v 0.366507 -0.000000 -1.196149
v 0.335818 -0.000000 -1.245055
v 0.298594 -0.000000 -1.289232
v 0.255558 -0.000000 -1.327821
v 0.207547 -0.000000 -1.360069
v 0.155497 -0.000000 -1.385349
v 0.100420 -0.000000 -1.403170
v 0.043389 -0.000000 -1.413184
v -0.014487 -0.000000 -1.415197
v -0.072080 -0.000000 -1.409169
v -0.128271 -0.000000 -1.395217
v -0.181965 -0.000000 -1.373614
v -0.232118 -0.000000 -1.344779
v -0.277752 -0.000000 -1.309275
v -0.317981 -0.000000 -1.267791
v -0.352020 -0.000000 -1.221136
v -0.379208 -0.000000 -1.170217
v -0.399014 -0.000000 -1.116025
v -0.411055 -0.000000 -1.059616
v -0.415094 -0.000000 -1.002088
v -0.411055 -0.000000 -0.944559
v -0.399014 -0.000000 -0.888150
v -0.379208 -0.000000 -0.833959
v -0.352020 -0.000000 -0.783040
v -0.317981 -0.000000 -0.736384
v -0.277752 -0.000000 -0.694900
v -0.232118 -0.000000 -0.659396
v -0.181965 -0.000000 -0.630561
v -0.128271 -0.000000 -0.608958
v -0.072080 -0.000000 -0.595006
v -0.014487 -0.000000 -0.588978
v 0.043389 -0.000000 -0.590991
v 0.100420 -0.000000 -0.601005
v 0.155497 -0.000000 -0.618826
v 0.207547 -0.000000 -0.644106
v 0.255558 -0.000000 -0.676355
v 0.298594 -0.000000 -0.714943
v 0.335818 -0.000000 -0.759120
v 0.366507 -0.000000 -0.808026
v 0.390061 -0.000000 -0.860710
v 0.406024 -0.000000 -0.916145
vn -0.9914 -0.0000 -0.1311
vn -0.9914 -0.0000 -0.1310
vn -0.9914 -0.0000 -0.1312
vn -0.9233 -0.0000 -0.3840
vn -0.7921 -0.0000 -0.6103
vn -0.6071 -0.0000 -0.7946
vn -0.3813 -0.0000 -0.9244
vn -0.1300 -0.0000 -0.9915
vn -0.1301 -0.0000 -0.9915
vn -0.9913 -0.0000 -0.1313
vn -0.9233 -0.0000 -0.3841
vn -0.0000 -0.0000 -1.0000
vn -0.0000 1.0000 -0.0000
vn 0.0002 1.0000 -0.0000
vn -0.1300 -0.0000 0.9915
vn -0.3813 -0.0000 0.9244
vn -0.6071 -0.0000 0.7946
vn -0.7921 -0.0000 0.6103
vn -0.9233 -0.0000 0.3840
vn -0.9914 -0.0000 0.1310
vn -0.9914 -0.0000 0.1312
vn -0.9914 -0.0000 0.1311
vn -0.1301 -0.0000 0.9915
vn -0.9233 -0.0000 0.3841
vn -0.0000 -0.0000 1.0000
vn 0.1300 -0.0000 -0.9915
vn 0.3813 -0.0000 -0.9244
vn 0.6071 -0.0000 -0.7946
vn 0.7921 -0.0000 -0.6103
vn 0.9233 -0.0000 -0.3840
vn 0.9914 -0.0000 -0.1310
vn 0.9914 -0.0000 -0.1312
vn 0.9914 -0.0000 -0.1311
vn 0.1301 -0.0000 -0.9915
vn 0.9233 -0.0000 -0.3841
vn 1.0000 -0.0000 -0.0000
vn -0.0002 1.0000 -0.0000
vn 0.9914 -0.0000 0.1311
vn 0.9914 -0.0000 0.1310
vn 0.9914 -0.0000 0.1312
vn 0.9233 -0.0000 0.3840
vn 0.7921 -0.0000 0.6103
vn 0.6071 -0.0000 0.7946
vn 0.3813 -0.0000 0.9244
vn 0.1300 -0.0000 0.9915
vn 0.1301 -0.0000 0.9915
vn 0.9913 -0.0000 0.1313
vn 0.9233 -0.0000 0.3841
vn 0.3825 -0.9240 -0.0000
vn 0.3786 -0.9256 -0.0000
vn 0.3798 -0.9251 -0.0000
vn 0.3713 -0.9285 -0.0000
vn 0.3690 -0.9294 -0.0000
vn 0.3609 -0.9326 -0.0000
vn 0.3586 -0.9335 -0.0000
vn 0.3520 -0.9360 -0.0000
vn 0.3383 -0.9411 -0.0000
vn 0.3207 -0.9472 -0.0000
vn 0.3009 -0.9537 -0.0000
vn 0.2782 -0.9605 -0.0000
vn 0.2520 -0.9677 -0.0000
vn 0.2243 -0.9745 -0.0000
vn 0.1945 -0.9809 -0.0000
vn 0.1619 -0.9868 -0.0000
vn 0.1259 -0.9920 -0.0000
vn 0.0902 -0.9959 -0.0000
vn 0.0552 -0.9985 -0.0000
vn 0.0191 -0.9998 -0.0000
vn -0.0191 -0.9998 -0.0000
vn -0.0552 -0.9985 -0.0000
vn -0.0902 -0.9959 -0.0000
vn -0.1259 -0.9920 -0.0000
vn -0.1619 -0.9868 -0.0000
vn -0.1945 -0.9809 -0.0000
vn -0.2243 -0.9745 -0.0000
vn -0.2520 -0.9677 -0.0000
vn -0.2782 -0.9605 -0.0000
vn -0.3009 -0.9537 -0.0000
vn -0.3207 -0.9472 -0.0000
vn -0.3383 -0.9411 -0.0000
vn -0.3520 -0.9360 -0.0000
vn -0.3586 -0.9335 -0.0000
vn -0.3610 -0.9326 -0.0000
vn -0.3690 -0.9294 -0.0000
vn -0.3713 -0.9285 -0.0000
vn -0.3786 -0.9256 -0.0000
vn -0.3798 -0.9251 -0.0000
vn -0.3825 -0.9240 -0.0000
vn 0.4592 -0.8884 -0.0000
vn 0.4585 -0.8887 -0.0000
vn 0.4670 -0.8843 -0.0000
vn 0.4727 -0.8812 -0.0000
vn 0.4719 -0.8817 -0.0000
vn 0.4786 -0.8780 -0.0000
vn 0.5384 -0.8427 -0.0000
vn 0.5359 -0.8443 0.0003
vn 0.5384 -0.8427 -0.0004
vn 0.5817 -0.8134 -0.0000
vn 0.5844 -0.8115 -0.0000
vn 0.5831 -0.8124 -0.0000
vn 0.6244 -0.7811 -0.0000
vn 0.6221 -0.7829 -0.0000
vn 0.6249 -0.7807 0.0002
vn 0.6277 -0.7785 0.0001
vn 0.6902 -0.7236 -0.0002
vn 0.6874 -0.7263 -0.0002
vn 0.6925 -0.7215 0.0002
vn 0.6973 -0.7168 0.0003
vn 0.7551 -0.6556 -0.0002
vn 0.7529 -0.6581 -0.0002
vn 0.7569 -0.6536 0.0001
vn 0.7607 -0.6491 0.0003
vn 0.8133 -0.5818 -0.0001
vn 0.8117 -0.5841 -0.0001
vn 0.8147 -0.5799 0.0001
vn 0.8175 -0.5759 0.0002
vn 0.8602 -0.5100 -0.0000
vn 0.8575 -0.5145 -0.0001
vn 0.8588 -0.5123 -0.0000
vn 0.8598 -0.5106 -0.0000
vn 0.4476 -0.8943 -0.0003
vn 0.4485 -0.8938 -0.0001
vn 0.4484 -0.8938 0.0001
vn 0.4293 -0.9032 -0.0000
vn 0.4301 -0.9028 -0.0000
vn 0.4186 -0.9082 -0.0000
vn 0.4158 -0.9095 0.0001
vn 0.4128 -0.9108 0.0002
vn 0.3942 -0.9190 -0.0004
vn 0.3926 -0.9197 -0.0006
vn 0.3958 -0.9183 0.0005
vn 0.3678 -0.9299 -0.0000
vn 0.3918 -0.9201 -0.0000
vn 0.3965 -0.9180 0.0002
vn 0.4129 -0.9108 -0.0002
vn 0.4309 -0.9024 0.0003
vn 0.3401 -0.9404 -0.0000
vn 0.3083 -0.9513 -0.0000
vn 0.3082 -0.9513 -0.0000
vn 0.2745 -0.9616 -0.0000
vn 0.2451 -0.9695 -0.0003
vn 0.2453 -0.9694 0.0005
vn 0.2439 -0.9698 0.0032
vn 0.2287 -0.9735 -0.0003
vn 0.2283 -0.9736 0.0006
vn 0.1984 -0.9801 -0.0000
vn 0.1534 -0.9882 0.0029
vn 0.1540 -0.9881 0.0007
vn 0.1586 -0.9873 0.0004
vn 0.1581 -0.9874 -0.0002
vn 0.1315 -0.9913 -0.0000
vn 0.1107 -0.9938 -0.0000
vn 0.0698 -0.9976 -0.0002
vn 0.0689 -0.9976 0.0013
vn 0.0674 -0.9977 0.0007
vn 0.0677 -0.9977 -0.0007
vn 0.0264 -0.9997 -0.0000
vn 0.0284 -0.9996 -0.0000
vn 0.0270 -0.9996 -0.0000
vn 0.0234 -0.9997 -0.0000
vn 0.0674 -0.9977 0.0026
vn -0.0234 -0.9997 -0.0000
vn -0.0264 -0.9997 -0.0000
vn -0.0270 -0.9996 -0.0000
vn -0.0284 -0.9996 -0.0000
vn -0.0677 -0.9977 -0.0007
vn -0.0673 -0.9977 0.0007
vn -0.0698 -0.9976 -0.0002
vn -0.0689 -0.9976 0.0013
vn -0.1107 -0.9938 -0.0000
vn -0.0674 -0.9977 0.0026
vn -0.1587 -0.9873 0.0004
vn -0.1540 -0.9881 0.0007
vn -0.1534 -0.9882 0.0029
vn -0.1315 -0.9913 -0.0000
vn -0.1581 -0.9874 -0.0002
vn -0.1984 -0.9801 -0.0000
vn -0.2287 -0.9735 -0.0003
vn -0.2283 -0.9736 0.0006
vn -0.2439 -0.9698 0.0032
vn -0.2451 -0.9695 -0.0003
vn -0.2453 -0.9694 0.0005
vn -0.2745 -0.9616 -0.0000
vn -0.3083 -0.9513 -0.0000
vn -0.3082 -0.9513 -0.0000
vn -0.3401 -0.9404 -0.0000
vn -0.3678 -0.9299 -0.0000
vn -0.3964 -0.9181 -0.0003
vn -0.3918 -0.9201 -0.0000
vn -0.3975 -0.9176 -0.0002
vn -0.3944 -0.9190 0.0002
vn -0.4145 -0.9101 0.0002
vn -0.4128 -0.9108 0.0002
vn -0.4176 -0.9087 0.0001
vn -0.4235 -0.9059 -0.0000
vn -0.4301 -0.9028 -0.0000
vn -0.4432 -0.8964 -0.0000
vn -0.4453 -0.8954 -0.0000
vn -0.4481 -0.8940 -0.0000
vn -0.4558 -0.8901 -0.0000
vn -0.4767 -0.8790 0.0001
vn -0.4769 -0.8790 -0.0001
vn -0.4750 -0.8800 -0.0000
vn -0.4735 -0.8808 0.0004
vn -0.4890 -0.8723 -0.0009
vn -0.4882 -0.8727 -0.0008
vn -0.4870 -0.8734 -0.0008
vn -0.4757 -0.8796 -0.0006
vn -0.4568 -0.8896 -0.0002
vn -0.4433 -0.8964 -0.0000
vn -0.4303 -0.9027 -0.0001
vn -0.4140 -0.9103 -0.0005
vn -0.3985 -0.9172 -0.0012
vn -0.4001 -0.9165 -0.0013
vn -0.3950 -0.9187 -0.0009
vn -0.3929 -0.9196 -0.0008
vn -0.3677 -0.9300 0.0001
vn -0.3402 -0.9404 -0.0001
vn -0.3133 -0.9496 -0.0013
vn -0.3147 -0.9492 -0.0015
vn -0.3106 -0.9505 -0.0011
vn -0.3090 -0.9510 -0.0010
vn -0.2743 -0.9617 0.0003
vn -0.2385 -0.9711 -0.0005
vn -0.2352 -0.9719 -0.0009
vn -0.2299 -0.9732 -0.0014
vn -0.2267 -0.9740 -0.0017
vn -0.1983 -0.9801 0.0002
vn -0.1544 -0.9880 -0.0002
vn -0.1368 -0.9906 -0.0018
vn -0.1107 -0.9939 0.0002
vn -0.0678 -0.9977 0.0001
vn -0.0457 -0.9990 -0.0018
vn 0.0457 -0.9990 -0.0018
vn 0.0678 -0.9977 0.0001
vn 0.1107 -0.9939 0.0002
vn 0.1368 -0.9906 -0.0018
vn 0.1544 -0.9880 -0.0002
vn 0.1983 -0.9801 0.0002
vn 0.2299 -0.9732 -0.0014
vn 0.2267 -0.9740 -0.0017
vn 0.2352 -0.9719 -0.0009
vn 0.2385 -0.9711 -0.0005
vn 0.2743 -0.9617 0.0003
vn 0.3090 -0.9510 -0.0010
vn 0.3106 -0.9505 -0.0011
vn 0.3133 -0.9496 -0.0013
vn 0.3147 -0.9492 -0.0015
vn 0.3402 -0.9404 -0.0001
vn 0.3677 -0.9300 0.0001
vn 0.3929 -0.9196 -0.0008
vn 0.3950 -0.9187 -0.0009
vn 0.3985 -0.9172 -0.0012
vn 0.4001 -0.9165 -0.0013
vn 0.4140 -0.9103 -0.0005
vn 0.4303 -0.9027 -0.0001
vn 0.4433 -0.8964 -0.0000
vn 0.4568 -0.8896 -0.0002
vn 0.4824 -0.8760 -0.0008
vn 0.4824 -0.8759 -0.0003
vn 0.4828 -0.8757 -0.0006
vn 0.4821 -0.8761 -0.0008
vn 0.4850 -0.8745 -0.0005
vn 0.4676 -0.8839 -0.0000
vn -0.4709 -0.8822 -0.0001
vn -0.4786 -0.8780 -0.0000
vn -0.5098 -0.8603 -0.0000
vn -0.5500 -0.8352 0.0002
vn -0.5500 -0.8352 -0.0000
vn -0.5534 -0.8329 0.0001
vn -0.6157 -0.7880 0.0002
vn -0.6157 -0.7880 -0.0000
vn -0.6874 -0.7263 0.0002
vn -0.6874 -0.7263 -0.0000
vn -0.6925 -0.7215 -0.0002
vn -0.7529 -0.6581 0.0002
vn -0.7529 -0.6581 -0.0000
vn -0.7569 -0.6536 -0.0001
vn -0.8117 -0.5841 0.0001
vn -0.8117 -0.5841 -0.0000
vn -0.8147 -0.5799 -0.0001
vn -0.8581 -0.5135 0.0001
vn -0.8575 -0.5146 -0.0000
vn -0.8808 -0.4735 -0.0000
vn -0.8949 -0.4463 -0.0000
vn -0.8941 -0.4479 0.0013
vn -0.8977 -0.4406 0.0003
vn -0.4577 -0.8891 -0.0000
vn -0.4603 -0.8878 -0.0000
vn -0.4695 -0.8829 -0.0000
vn -0.4722 -0.8815 0.0002
vn -0.4769 -0.8790 0.0001
vn -0.4767 -0.8790 -0.0001
vn -0.4293 -0.9032 -0.0000
vn -0.4186 -0.9082 -0.0000
vn -0.4158 -0.9095 -0.0001
vn -0.4128 -0.9108 -0.0002
vn -0.3942 -0.9190 0.0004
vn -0.3926 -0.9197 0.0006
vn -0.3958 -0.9183 -0.0005
vn -0.4132 -0.9106 -0.0000
vn -0.2382 -0.9712 -0.0000
vn -0.1544 -0.9880 -0.0000
vn -0.0678 -0.9977 -0.0000
vn 0.0678 -0.9977 -0.0000
vn 0.1544 -0.9880 -0.0000
vn 0.2382 -0.9712 -0.0000
vn 0.4132 -0.9106 -0.0000
vn 0.4432 -0.8964 -0.0000
vn 0.4453 -0.8954 -0.0000
vn 0.4481 -0.8940 -0.0000
vn 0.4577 -0.8891 -0.0000
vn 0.4603 -0.8878 -0.0000
vn 0.4695 -0.8829 -0.0000
vn 0.4703 -0.8825 -0.0000
vn -0.3965 -0.9180 -0.0002
vn -0.4129 -0.9108 0.0002
vn -0.4309 -0.9024 -0.0003
vn -0.2451 -0.9695 0.0003
vn -0.2453 -0.9694 -0.0005
vn -0.2439 -0.9698 -0.0032
vn -0.2287 -0.9735 0.0003
vn -0.2283 -0.9736 -0.0006
vn -0.1534 -0.9882 -0.0029
vn -0.1540 -0.9881 -0.0007
vn -0.1586 -0.9873 -0.0004
vn -0.1581 -0.9874 0.0002
vn -0.0698 -0.9976 0.0002
vn -0.0689 -0.9976 -0.0013
vn -0.0674 -0.9977 -0.0007
vn -0.0677 -0.9977 0.0007
vn -0.0674 -0.9977 -0.0026
vn 0.0677 -0.9977 0.0007
vn 0.0673 -0.9977 -0.0007
vn 0.0698 -0.9976 0.0002
vn 0.0689 -0.9976 -0.0013
vn 0.0674 -0.9977 -0.0026
vn 0.1587 -0.9873 -0.0004
vn 0.1540 -0.9881 -0.0007
vn 0.1534 -0.9882 -0.0029
vn 0.1581 -0.9874 0.0002
vn 0.2287 -0.9735 0.0003
vn 0.2283 -0.9736 -0.0006
vn 0.2439 -0.9698 -0.0032
vn 0.2451 -0.9695 0.0003
vn 0.2453 -0.9694 -0.0005
vn 0.3964 -0.9181 0.0003
vn 0.3975 -0.9176 0.0002
vn 0.3944 -0.9190 -0.0002
vn 0.4145 -0.9101 -0.0002
vn 0.4128 -0.9108 -0.0002
vn 0.4176 -0.9087 -0.0001
vn 0.4235 -0.9059 -0.0000
vn 0.4484 -0.8938 -0.0001
vn 0.4485 -0.8938 0.0001
vn 0.4450 -0.8955 -0.0000
vn 0.4474 -0.8943 -0.0002
vn 0.4561 -0.8899 -0.0001
vn 0.4661 -0.8847 -0.0000
vn 0.4752 -0.8799 0.0003
vn 0.4817 -0.8763 0.0003
vn 0.4839 -0.8751 0.0006
vn 0.5098 -0.8603 -0.0000
vn 0.5335 -0.8458 -0.0005
vn 0.5356 -0.8445 -0.0005
vn 0.5370 -0.8436 -0.0007
vn 0.5568 -0.8306 -0.0002
vn 0.5798 -0.8148 0.0001
vn 0.4445 -0.8958 0.0004
vn 0.4562 -0.8899 0.0001
vn -0.6237 -0.7816 0.0001
vn -0.6237 -0.7817 0.0001
vn -0.6221 -0.7829 -0.0000
vn -0.6157 -0.7880 -0.0004
vn -0.6157 -0.7880 -0.0002
vn -0.5798 -0.8148 0.0001
vn -0.5568 -0.8306 -0.0002
vn -0.5539 -0.8326 -0.0002
vn -0.5519 -0.8339 -0.0003
vn -0.5500 -0.8352 -0.0002
vn -0.5334 -0.8458 -0.0000
vn -0.4822 -0.8760 0.0001
vn -0.4882 -0.8727 0.0008
vn -0.4862 -0.8738 0.0007
vn -0.4890 -0.8723 0.0009
vn -0.4757 -0.8796 0.0006
vn -0.6278 -0.7783 0.0004
vn -0.6874 -0.7263 -0.0002
vn -0.6902 -0.7236 -0.0002
vn -0.6932 -0.7208 0.0001
vn -0.7529 -0.6581 -0.0002
vn -0.6973 -0.7168 0.0003
vn -0.7551 -0.6556 -0.0002
vn -0.7575 -0.6529 0.0001
vn -0.8117 -0.5841 -0.0001
vn -0.7607 -0.6491 0.0003
vn -0.8133 -0.5818 -0.0001
vn -0.8151 -0.5793 0.0001
vn -0.8575 -0.5146 -0.0001
vn -0.8175 -0.5759 0.0002
vn -0.8601 -0.5101 -0.0000
vn -0.8588 -0.5122 -0.0000
vn -0.8941 -0.4479 -0.0006
vn -0.8955 -0.4451 -0.0005
vn -0.8977 -0.4407 -0.0002
vn -0.8991 -0.4378 -0.0000
vn -0.9187 -0.3949 -0.0000
vn -0.9264 -0.3747 0.0385
vn -0.9338 -0.3578 -0.0000
vn -0.9497 -0.3133 -0.0000
vn -0.9541 -0.2996 -0.0007
vn -0.9614 -0.2750 -0.0000
vn -0.9738 -0.2274 -0.0001
vn -0.9733 -0.2293 -0.0000
vn -0.9745 -0.2243 -0.0003
vn -0.9747 -0.2223 0.0228
vn -0.9817 -0.1902 -0.0000
vn -0.9896 -0.1437 -0.0000
vn -0.8673 -0.4977 0.0023
vn -0.8598 -0.5106 -0.0000
vn -0.8941 -0.4479 -0.0000
vn -0.9270 -0.3750 -0.0000
vn -0.9541 -0.2996 -0.0000
vn -0.9750 -0.2223 -0.0000
vn -0.8941 -0.4479 -0.0018
vn -0.9097 -0.4153 0.0026
vn -0.9270 -0.3750 -0.0020
vn -0.9442 -0.3294 0.0025
vn -0.9541 -0.2996 -0.0017
vn -0.9706 -0.2407 0.0021
vn -0.9750 -0.2223 -0.0010
vn -0.9889 -0.1483 0.0009
vn -0.9887 -0.1499 0.0012
vn -0.9894 -0.1453 0.0003
vn -0.8598 -0.5107 -0.0000
vn -0.8936 -0.4477 0.0313
vn -0.9535 -0.2994 0.0357
vn -0.9750 -0.2223 -0.0005
vn -0.9270 -0.3750 -0.0008
vn -0.9270 -0.3750 0.0015
vn -0.8977 -0.4406 -0.0003
vn -0.8941 -0.4479 -0.0013
vn -0.9541 -0.2996 0.0014
vn -0.9270 -0.3750 -0.0015
vn -0.9750 -0.2223 0.0009
vn -0.9747 -0.2235 -0.0000
vn -0.9738 -0.2275 0.0002
vn -0.9738 -0.2275 -0.0002
vn -0.9541 -0.2996 -0.0014
vn -0.9750 -0.2223 -0.0009
vn -0.8977 -0.4407 0.0002
vn -0.8955 -0.4451 0.0005
vn -0.8941 -0.4479 0.0006
vn -0.9270 -0.3750 0.0008
vn -0.8936 -0.4477 -0.0313
vn -0.9541 -0.2996 0.0007
vn -0.9264 -0.3747 -0.0385
vn -0.9750 -0.2223 0.0005
vn -0.9745 -0.2243 0.0003
vn -0.9738 -0.2274 0.0001
vn -0.9535 -0.2994 -0.0357
vn -0.9747 -0.2223 -0.0228
vn -0.8580 -0.5136 -0.0003
vn -0.8596 -0.5109 -0.0000
vn -0.8673 -0.4977 -0.0023
vn -0.8941 -0.4479 0.0018
vn -0.9097 -0.4153 -0.0026
vn -0.9270 -0.3750 0.0020
vn -0.9442 -0.3294 -0.0025
vn -0.9541 -0.2996 0.0017
vn -0.9706 -0.2407 -0.0021
vn -0.9750 -0.2223 0.0010
vn -0.9887 -0.1499 -0.0012
vn -0.9889 -0.1483 -0.0009
vn -0.9894 -0.1453 -0.0003
vn -0.8175 -0.5759 -0.0002
vn -0.8133 -0.5818 0.0001
vn -0.7607 -0.6491 -0.0003
vn -0.7551 -0.6556 0.0002
vn -0.6973 -0.7168 -0.0003
vn -0.6902 -0.7236 0.0002
vn -0.6278 -0.7783 -0.0000
vn -0.6275 -0.7786 -0.0003
vn -0.6277 -0.7785 -0.0001
vn -0.6275 -0.7786 -0.0004
vn -0.6157 -0.7880 0.0004
vn -0.5798 -0.8148 -0.0001
vn -0.5568 -0.8306 0.0002
vn -0.5519 -0.8339 0.0003
vn -0.4821 -0.8761 -0.0005
vn 0.4821 -0.8761 -0.0000
vn 0.5335 -0.8458 0.0005
vn 0.5370 -0.8436 0.0007
vn 0.5384 -0.8427 0.0004
vn 0.5820 -0.8132 -0.0000
vn 0.5568 -0.8306 0.0002
vn 0.5798 -0.8148 -0.0001
vn 0.6251 -0.7806 -0.0002
vn 0.6874 -0.7263 -0.0000
vn 0.6874 -0.7263 0.0002
vn 0.7529 -0.6581 -0.0000
vn 0.6237 -0.7816 -0.0001
vn 0.6278 -0.7783 -0.0004
vn 0.6902 -0.7236 0.0002
vn 0.6932 -0.7208 -0.0001
vn 0.6973 -0.7168 -0.0003
vn 0.7529 -0.6581 0.0002
vn 0.7551 -0.6556 0.0002
vn 0.7575 -0.6529 -0.0001
vn 0.7607 -0.6491 -0.0003
vn 0.8117 -0.5841 0.0001
vn 0.8133 -0.5818 0.0001
vn 0.8151 -0.5793 -0.0001
vn 0.8175 -0.5759 -0.0002
vn 0.8575 -0.5145 0.0001
vn 0.8941 -0.4479 -0.0000
vn 0.8673 -0.4977 -0.0023
vn 0.8941 -0.4479 0.0018
vn 0.9097 -0.4153 -0.0026
vn 0.9270 -0.3750 0.0020
vn 0.9442 -0.3294 -0.0025
vn 0.9541 -0.2996 0.0017
vn 0.9706 -0.2407 -0.0021
vn 0.9750 -0.2223 0.0010
vn 0.9889 -0.1483 -0.0009
vn 0.9887 -0.1499 -0.0012
vn 0.9894 -0.1453 -0.0003
vn 0.9896 -0.1437 -0.0000
vn 0.9270 -0.3750 -0.0000
vn 0.9541 -0.2996 -0.0000
vn 0.9750 -0.2223 -0.0000
vn 0.8936 -0.4477 -0.0313
vn 0.8808 -0.4735 -0.0000
vn 0.8575 -0.5146 -0.0000
vn 0.8117 -0.5841 -0.0000
vn 0.9264 -0.3747 -0.0385
vn 0.9187 -0.3949 -0.0000
vn 0.8991 -0.4378 -0.0000
vn 0.8977 -0.4407 0.0002
vn 0.8955 -0.4451 0.0005
vn 0.8941 -0.4479 0.0006
vn 0.9535 -0.2994 -0.0357
vn 0.9497 -0.3133 -0.0000
vn 0.9338 -0.3578 -0.0000
vn 0.9270 -0.3750 0.0008
vn 0.9747 -0.2223 -0.0228
vn 0.9733 -0.2293 -0.0000
vn 0.9745 -0.2243 0.0003
vn 0.9738 -0.2274 0.0001
vn 0.9614 -0.2750 -0.0000
vn 0.9541 -0.2996 0.0007
vn 0.9817 -0.1902 -0.0000
vn 0.9750 -0.2223 0.0005
vn 0.8949 -0.4463 -0.0000
vn 0.8941 -0.4479 -0.0013
vn 0.8977 -0.4406 -0.0003
vn 0.8977 -0.4406 0.0003
vn 0.9270 -0.3750 0.0015
vn 0.9541 -0.2996 -0.0014
vn 0.9738 -0.2275 0.0002
vn 0.9738 -0.2275 -0.0002
vn 0.9747 -0.2235 -0.0000
vn 0.9750 -0.2223 0.0009
vn 0.9270 -0.3750 -0.0015
vn 0.9750 -0.2223 -0.0009
vn 0.9541 -0.2996 0.0014
vn 0.8941 -0.4479 0.0013
vn 0.8977 -0.4407 -0.0002
vn 0.8955 -0.4451 -0.0005
vn 0.8941 -0.4479 -0.0006
vn 0.9270 -0.3750 -0.0008
vn 0.8936 -0.4477 0.0313
vn 0.9541 -0.2996 -0.0007
vn 0.9264 -0.3747 0.0385
vn 0.9750 -0.2223 -0.0005
vn 0.9745 -0.2243 -0.0003
vn 0.9738 -0.2274 -0.0001
vn 0.9535 -0.2994 0.0357
vn 0.9747 -0.2223 0.0228
vn 0.8673 -0.4977 0.0023
vn 0.8941 -0.4479 -0.0018
vn 0.9097 -0.4153 0.0026
vn 0.9270 -0.3750 -0.0020
vn 0.9442 -0.3294 0.0025
vn 0.9541 -0.2996 -0.0017
vn 0.9706 -0.2407 0.0021
vn 0.9750 -0.2223 -0.0010
vn 0.9887 -0.1499 0.0012
vn 0.9889 -0.1483 0.0009
vn 0.9894 -0.1453 0.0003
vn 0.6278 -0.7783 -0.0000
vn 0.4776 -0.8786 0.0006
vn 0.4757 -0.8796 0.0006
vn 0.4568 -0.8896 0.0002
vn 0.4303 -0.9027 0.0001
vn 0.4140 -0.9103 0.0005
vn 0.3985 -0.9172 0.0012
vn 0.4001 -0.9165 0.0013
vn 0.3950 -0.9187 0.0009
vn 0.3929 -0.9196 0.0008
vn 0.3677 -0.9300 -0.0001
vn 0.3402 -0.9404 0.0001
vn 0.3133 -0.9496 0.0013
vn 0.3147 -0.9492 0.0015
vn 0.3106 -0.9505 0.0011
vn 0.3090 -0.9510 0.0010
vn 0.2743 -0.9617 -0.0003
vn 0.2385 -0.9711 0.0005
vn 0.2352 -0.9719 0.0009
vn 0.2299 -0.9732 0.0014
vn 0.2267 -0.9740 0.0017
vn 0.1983 -0.9801 -0.0002
vn 0.1544 -0.9880 0.0002
vn 0.1368 -0.9906 0.0018
vn 0.1107 -0.9939 -0.0002
vn 0.0678 -0.9977 -0.0001
vn 0.0457 -0.9990 0.0018
vn -0.0457 -0.9990 0.0018
vn -0.0678 -0.9977 -0.0001
vn -0.1107 -0.9939 -0.0002
vn -0.1368 -0.9906 0.0018
vn -0.1544 -0.9880 0.0002
vn -0.1983 -0.9801 -0.0002
vn -0.2299 -0.9732 0.0014
vn -0.2267 -0.9740 0.0017
vn -0.2352 -0.9719 0.0009
vn -0.2385 -0.9711 0.0005
vn -0.2743 -0.9617 -0.0003
vn -0.3090 -0.9510 0.0010
vn -0.3106 -0.9505 0.0011
vn -0.3133 -0.9496 0.0013
vn -0.3147 -0.9492 0.0015
vn -0.3402 -0.9404 0.0001
vn -0.3677 -0.9300 -0.0001
vn -0.3929 -0.9196 0.0008
vn -0.3950 -0.9187 0.0009
vn -0.3985 -0.9172 0.0012
vn -0.4001 -0.9165 0.0013
vn -0.4140 -0.9103 0.0005
vn -0.4303 -0.9027 0.0001
vn -0.4568 -0.8896 0.0002
vn -0.4821 -0.8761 -0.0000
vn 0.4129 -0.9108 0.0002
vn 0.3924 -0.9198 -0.0004
vn 0.1540 -0.9881 0.0010
vn -0.1540 -0.9881 0.0010
vn -0.4735 -0.8808 -0.0004
vn -0.4129 -0.9108 -0.0002
vn -0.3924 -0.9198 0.0004
vn -0.1540 -0.9881 -0.0010
vn 0.1540 -0.9881 -0.0010
vn 0.4474 -0.8943 0.0002
vn 0.4561 -0.8899 0.0001
vn -0.3609 -0.9326 -0.0000
vn 0.2521 -0.9677 -0.0000
vn -0.2521 -0.9677 -0.0000
vn 0.3610 -0.9326 -0.0000
vn -0.0000 -1.0000 -0.0000
vn 0.9987 0.0011 0.0502
vn 1.0000 -0.0025 -0.0000
vn 0.9987 0.0011 -0.0502
vn 0.9899 -0.0012 -0.1418
vn 0.9902 -0.0014 -0.1397
vn 0.9894 -0.0008 -0.1454
vn 0.9891 -0.0005 -0.1475
vn 0.9700 0.0009 -0.2429
vn 0.9610 -0.0023 -0.2767
vn 0.9410 0.0014 -0.3385
vn 0.9129 -0.0023 -0.4082
vn 0.9013 0.0004 -0.4332
vn 0.8542 -0.0002 -0.5200
vn 0.8523 -0.0006 -0.5231
vn 0.8490 -0.0014 -0.5285
vn 0.8470 -0.0018 -0.5315
vn 0.8003 0.0015 -0.5996
vn 0.7647 -0.0026 -0.6444
vn 0.7397 0.0008 -0.6730
vn 0.6710 -0.0011 -0.7415
vn 0.6700 -0.0013 -0.7423
vn 0.6685 -0.0016 -0.7437
vn 0.6676 -0.0017 -0.7445
vn 0.5968 0.0014 -0.8024
vn 0.5576 -0.0027 -0.8301
vn 0.5176 0.0015 -0.8557
vn 0.4354 -0.0016 -0.9002
vn 0.4369 -0.0018 -0.8995
vn 0.4327 -0.0011 -0.9016
vn 0.4311 -0.0009 -0.9023
vn 0.3362 0.0007 -0.9418
vn 0.3078 -0.0028 -0.9514
vn 0.2410 0.0020 -0.9705
vn 0.1729 -0.0026 -0.9849
vn 0.1465 0.0007 -0.9892
vn 0.0499 -0.0003 -0.9988
vn 0.0348 -0.0025 -0.9994
vn -0.0498 0.0016 -0.9988
vn -0.1041 -0.0031 -0.9946
vn -0.1464 0.0015 -0.9892
vn -0.2413 -0.0013 -0.9704
vn -0.2410 -0.0013 -0.9705
vn -0.3361 0.0012 -0.9418
vn -0.3733 -0.0031 -0.9277
vn -0.4307 0.0017 -0.9025
vn -0.4984 -0.0024 -0.8669
vn -0.5177 0.0004 -0.8555
vn -0.5970 0.0003 -0.8022
vn -0.6141 -0.0023 -0.7893
vn -0.6705 0.0014 -0.7419
vn -0.7179 -0.0027 -0.6962
vn -0.7397 0.0005 -0.6729
vn -0.8006 -0.0003 -0.5992
vn -0.8026 -0.0007 -0.5966
vn -0.8060 -0.0014 -0.5919
vn -0.8078 -0.0018 -0.5894
vn -0.8540 0.0015 -0.5203
vn -0.8821 -0.0025 -0.4710
vn -0.9013 0.0010 -0.4333
vn -0.9397 -0.0013 -0.3419
vn -0.9392 -0.0015 -0.3433
vn -0.9406 -0.0010 -0.3395
vn -0.9411 -0.0008 -0.3381
vn -0.9700 0.0009 -0.2429
vn -0.9780 -0.0022 -0.2087
vn -0.9890 0.0014 -0.1476
vn -0.9975 -0.0020 -0.0700
vn -0.9987 -0.0000 -0.0502
vn -0.9987 -0.0000 0.0502
vn -0.9975 -0.0020 0.0700
vn -0.9890 0.0014 0.1476
vn -0.9780 -0.0022 0.2087
vn -0.9700 0.0009 0.2429
vn -0.9411 -0.0008 0.3381
vn -0.9406 -0.0010 0.3396
vn -0.9397 -0.0013 0.3419
vn -0.9392 -0.0015 0.3433
vn -0.9013 0.0010 0.4333
vn -0.8821 -0.0025 0.4710
vn -0.8540 0.0015 0.5203
vn -0.8060 -0.0014 0.5919
vn -0.8078 -0.0018 0.5894
vn -0.8026 -0.0007 0.5966
vn -0.8006 -0.0003 0.5992
vn -0.7397 0.0005 0.6729
vn -0.7179 -0.0027 0.6962
vn -0.6705 0.0014 0.7419
vn -0.6141 -0.0023 0.7893
vn -0.5970 0.0003 0.8022
vn -0.5177 0.0004 0.8555
vn -0.4984 -0.0024 0.8669
vn -0.4307 0.0017 0.9025
vn -0.3733 -0.0031 0.9277
vn -0.3361 0.0012 0.9418
vn -0.2413 -0.0013 0.9704
vn -0.2410 -0.0013 0.9705
vn -0.1464 0.0015 0.9892
vn -0.1041 -0.0031 0.9946
vn -0.0498 0.0016 0.9988
vn 0.0348 -0.0025 0.9994
vn 0.0499 -0.0003 0.9988
vn 0.1464 0.0007 0.9892
vn 0.1729 -0.0026 0.9849
vn 0.2410 0.0020 0.9705
vn 0.3078 -0.0028 0.9514
vn 0.3362 0.0007 0.9418
vn 0.4311 -0.0009 0.9023
vn 0.4326 -0.0011 0.9016
vn 0.4354 -0.0016 0.9002
vn 0.4369 -0.0018 0.8995
vn 0.5175 0.0015 0.8557
vn 0.5576 -0.0027 0.8301
vn 0.5968 0.0014 0.8024
vn 0.6685 -0.0016 0.7437
vn 0.6676 -0.0017 0.7445
vn 0.6700 -0.0013 0.7423
vn 0.6710 -0.0011 0.7415
vn 0.7397 0.0008 0.6730
vn 0.7647 -0.0026 0.6444
vn 0.8003 0.0015 0.5996
vn 0.8490 -0.0014 0.5285
vn 0.8470 -0.0018 0.5315
vn 0.8523 -0.0006 0.5231
vn 0.8542 -0.0002 0.5200
vn 0.9013 0.0004 0.4332
vn 0.9129 -0.0023 0.4082
vn 0.9410 0.0014 0.3385
vn 0.9610 -0.0023 0.2767
vn 0.9700 0.0009 0.2429
vn 0.9891 -0.0005 0.1475
vn 0.9894 -0.0008 0.1454
vn 0.9899 -0.0012 0.1418
vn 0.9902 -0.0014 0.1397
vn -0.9987 -0.0008 0.0500
vn -1.0000 0.0027 -0.0000
vn -0.9987 -0.0008 -0.0500
vn -0.9892 0.0010 -0.1469
vn -0.9889 0.0012 -0.1486
vn -0.9884 0.0015 -0.1516
vn -0.9882 0.0017 -0.1533
vn -0.9702 -0.0013 -0.2422
vn -0.9530 0.0025 -0.3029
vn -0.9413 -0.0005 -0.3376
vn -0.9017 0.0006 -0.4324
vn -0.8954 0.0021 -0.4452
vn -0.8542 -0.0013 -0.5199
vn -0.8168 0.0024 -0.5769
vn -0.8006 -0.0002 -0.5992
vn -0.7397 -0.0001 -0.6730
vn -0.7191 0.0028 -0.6949
vn -0.6701 -0.0012 -0.7422
vn -0.6025 0.0018 -0.7981
vn -0.6046 0.0021 -0.7965
vn -0.5987 0.0012 -0.8010
vn -0.5965 0.0009 -0.8026
vn -0.5168 -0.0010 -0.8561
vn -0.4762 0.0030 -0.8793
vn -0.4298 -0.0011 -0.9029
vn -0.3364 0.0018 -0.9417
vn -0.3368 0.0018 -0.9416
vn -0.3359 0.0017 -0.9419
vn -0.3354 0.0016 -0.9421
vn -0.2402 -0.0013 -0.9707
vn -0.1896 0.0029 -0.9819
vn -0.1458 -0.0010 -0.9893
vn -0.0496 0.0010 -0.9988
vn -0.0465 0.0014 -0.9989
vn -0.0411 0.0021 -0.9992
vn -0.0381 0.0025 -0.9993
vn 0.0496 -0.0013 -0.9988
vn 0.1142 0.0029 -0.9935
vn 0.1458 -0.0005 -0.9893
vn 0.2403 -0.0001 -0.9707
vn 0.2640 0.0027 -0.9645
vn 0.3351 -0.0014 -0.9422
vn 0.4076 0.0028 -0.9131
vn 0.4299 -0.0000 -0.9029
vn 0.5169 -0.0003 -0.8561
vn 0.5420 0.0026 -0.8404
vn 0.5961 -0.0014 -0.8029
vn 0.6656 0.0019 -0.7463
vn 0.6638 0.0022 -0.7479
vn 0.6686 0.0014 -0.7436
vn 0.6705 0.0011 -0.7419
vn 0.7396 -0.0008 -0.6731
vn 0.7702 0.0028 -0.6378
vn 0.8005 -0.0010 -0.5993
vn 0.8544 0.0009 -0.5196
vn 0.8556 0.0012 -0.5176
vn 0.8576 0.0016 -0.5144
vn 0.8586 0.0018 -0.5126
vn 0.9015 -0.0012 -0.4327
vn 0.9270 0.0027 -0.3752
vn 0.9413 -0.0006 -0.3376
vn 0.9703 0.0005 -0.2420
vn 0.9712 0.0009 -0.2384
vn 0.9727 0.0015 -0.2322
vn 0.9735 0.0019 -0.2288
vn 0.9891 -0.0013 -0.1470
vn 0.9970 0.0024 -0.0769
vn 0.9987 -0.0000 -0.0500
vn 0.9987 -0.0000 0.0500
vn 0.9970 0.0024 0.0769
vn 0.9891 -0.0013 0.1470
vn 0.9727 0.0015 0.2322
vn 0.9735 0.0019 0.2288
vn 0.9712 0.0009 0.2384
vn 0.9703 0.0005 0.2420
vn 0.9413 -0.0006 0.3376
vn 0.9270 0.0027 0.3752
vn 0.9015 -0.0012 0.4327
vn 0.8576 0.0016 0.5144
vn 0.8586 0.0018 0.5126
vn 0.8556 0.0012 0.5176
vn 0.8544 0.0009 0.5196
vn 0.8005 -0.0010 0.5993
vn 0.7702 0.0028 0.6378
vn 0.7396 -0.0008 0.6731
vn 0.6705 0.0011 0.7419
vn 0.6687 0.0014 0.7436
vn 0.6656 0.0019 0.7463
vn 0.6638 0.0022 0.7479
vn 0.5961 -0.0014 0.8029
vn 0.5420 0.0026 0.8404
vn 0.5169 -0.0003 0.8561
vn 0.4299 -0.0000 0.9029
vn 0.4076 0.0028 0.9131
vn 0.3351 -0.0014 0.9422
vn 0.2639 0.0027 0.9645
vn 0.2403 -0.0001 0.9707
vn 0.1458 -0.0005 0.9893
vn 0.1142 0.0029 0.9935
vn 0.0496 -0.0013 0.9988
vn -0.0411 0.0021 0.9992
vn -0.0381 0.0025 0.9993
vn -0.0465 0.0014 0.9989
vn -0.0496 0.0010 0.9988
vn -0.1458 -0.0010 0.9893
vn -0.1896 0.0029 0.9819
vn -0.2402 -0.0013 0.9707
vn -0.3364 0.0017 0.9417
vn -0.3368 0.0017 0.9416
vn -0.3358 0.0018 0.9419
vn -0.3354 0.0019 0.9421
vn -0.4298 -0.0011 0.9029
vn -0.4762 0.0030 0.8793
vn -0.5168 -0.0010 0.8561
vn -0.5965 0.0009 0.8026
vn -0.5987 0.0012 0.8010
vn -0.6025 0.0018 0.7981
vn -0.6046 0.0021 0.7965
vn -0.6701 -0.0012 0.7422
vn -0.7191 0.0028 0.6949
vn -0.7397 -0.0001 0.6730
vn -0.8006 -0.0002 0.5992
vn -0.8168 0.0024 0.5769
vn -0.8542 -0.0013 0.5199
vn -0.8954 0.0021 0.4452
vn -0.9017 0.0006 0.4324
vn -0.9413 -0.0005 0.3376
vn -0.9530 0.0025 0.3029
vn -0.9702 -0.0013 0.2422
vn -0.9884 0.0015 0.1516
vn -0.9882 0.0017 0.1533
vn -0.9889 0.0012 0.1486
vn -0.9892 0.0010 0.1469
vn 0.6701 -0.0013 -0.7423
vn 0.6685 -0.0016 -0.7438
vn 0.5175 0.0015 -0.8557
vn -0.9406 -0.0010 -0.3396
vn 0.1465 0.0007 0.9892
vn 0.4327 -0.0011 0.9016
vn 0.6685 -0.0016 0.7438
vn 0.6701 -0.0013 0.7423
vn -0.9889 0.0012 -0.1487
vn -0.3360 0.0017 -0.9419
vn 0.6655 0.0019 -0.7464
vn 0.8575 0.0016 0.5144
vn 0.6686 0.0014 0.7436
vn 0.2640 0.0027 0.9645
vn -0.9889 0.0012 0.1487
vn 0.4326 -0.0011 -0.9016
vn 0.1464 0.0007 -0.9892
vn -0.9406 -0.0010 0.3395
vn 0.5176 0.0015 0.8557
vn -0.3362 0.0017 -0.9418
vn -0.3358 0.0017 -0.9419
vn 0.2639 0.0027 -0.9645
vn 0.6687 0.0014 -0.7436
vn -1.0000 -0.0000 -0.0000
vn -0.3359 0.0018 0.9419
vn -0.9988 0.0490 -0.0000
vn -0.9892 0.1464 -0.0000
vn -0.9701 0.2425 -0.0000
vn -0.9418 0.3363 -0.0000
vn -0.9043 0.4268 -0.0000
vn -0.8582 0.5133 -0.0000
vn -0.8038 0.5949 -0.0000
vn -0.7416 0.6708 -0.0000
vn -0.6723 0.7403 -0.0000
vn -0.5965 0.8026 -0.0000
vn -0.5149 0.8573 -0.0000
vn -0.4283 0.9037 -0.0000
vn -0.3375 0.9413 -0.0000
vn -0.2434 0.9699 -0.0000
vn -0.1470 0.9891 -0.0000
vn -0.0492 0.9988 -0.0000
vn 0.0492 0.9988 -0.0000
vn 0.1470 0.9891 -0.0000
vn 0.2434 0.9699 -0.0000
vn 0.3375 0.9413 -0.0000
vn 0.4283 0.9037 -0.0000
vn 0.5149 0.8573 -0.0000
vn 0.5965 0.8026 -0.0000
vn 0.6723 0.7403 -0.0000
vn 0.7416 0.6708 -0.0000
vn 0.8038 0.5949 -0.0000
vn 0.8582 0.5133 -0.0000
vn 0.9043 0.4268 -0.0000
vn 0.9418 0.3363 -0.0000
vn 0.9701 0.2425 -0.0000
vn 0.9892 0.1464 -0.0000
vn 0.9988 0.0490 -0.0000
s 1
f 1//1 2//1 3//1
f 3//1 2//1 4//2
f 3//1 4//2 5//3
f 5//4 4//4 6//4
f 5//4 6//4 7//4
f 7//5 6//5 8//5
f 7//5 8//5 9//5
f 9//6 8//6 10//6
f 9//6 10//6 11//6
f 11//7 10//7 12//7
f 11//7 12//7 13//7
f 13//8 12//9 14//8
f 13//8 14//8 15//8
f 15//8 14//8 16//8
f 15//8 16//8 17//9
f 17//9 16//8 18//8
f 17//7 18//7 19//7
f 19//7 18//7 20//7
f 19//6 20//6 21//6
f 21//6 20//6 22//6
f 21//5 22//5 23//5
f 23//5 22//5 24//5
f 23//4 24//4 25//4
f 25//4 24//4 26//4
f 25//2 26//2 27//1
f 27//1 26//2 28//10
f 27//1 28//10 29//2
f 29//4 28//4 30//4
f 29//4 30//4 31//4
f 31//5 30//5 32//5
f 31//5 32//5 33//5
f 33//6 32//6 34//6
f 33//6 34//6 35//6
f 35//7 34//7 36//7
f 35//7 36//7 37//7
f 37//8 36//8 16//8
f 37//8 16//8 38//8
f 2//4 1//11 39//4
f 39//4 1//11 40//11
f 39//5 40//5 41//5
f 41//5 40//5 42//5
f 41//6 42//6 43//6
f 43//6 42//6 44//6
f 43//7 44//7 45//7
f 45//7 44//7 46//7
f 45//8 46//8 14//8
f 37//7 38//7 47//7
f 47//7 38//7 48//7
f 47//6 48//6 49//6
f 49//6 48//6 50//6
f 49//5 50//5 51//5
f 51//5 50//5 52//5
f 51//4 52//4 53//4
f 53//4 52//4 54//4
f 53//1 54//1 27//1
f 27//1 3//1 25//2
f 25//2 3//1 55//2
f 25//4 55//4 23//4
f 23//4 55//4 56//4
f 23//5 56//5 21//5
f 21//5 56//5 57//5
f 21//6 57//6 19//6
f 19//6 57//6 58//6
f 19//7 58//7 17//7
f 17//7 58//7 15//7
f 4//4 2//4 59//4
f 59//4 2//4 39//4
f 59//5 39//5 60//5
f 60//5 39//5 41//5
f 60//6 41//6 61//6
f 61//6 41//6 43//6
f 61//7 43//7 62//7
f 62//7 43//7 45//7
f 62//8 45//8 14//8
f 5//3 63//2 3//1
f 3//1 63//2 64//2
f 3//1 64//2 65//3
f 65//4 64//4 66//4
f 65//4 66//4 67//4
f 67//5 66//5 68//5
f 67//5 68//5 57//5
f 57//6 68//6 58//6
f 5//4 7//4 63//4
f 63//4 7//4 69//4
f 63//4 69//4 64//4
f 64//4 69//4 66//4
f 55//2 3//1 70//2
f 70//2 3//1 65//3
f 70//4 65//4 67//4
f 56//4 55//4 70//4
f 56//4 70//4 67//4
f 28//4 26//4 71//4
f 71//4 26//4 24//4
f 71//5 24//5 72//5
f 72//5 24//5 22//5
f 72//6 22//6 73//6
f 73//6 22//6 20//6
f 73//7 20//7 74//7
f 74//7 20//7 18//7
f 74//8 18//8 16//8
f 29//2 75//2 27//1
f 27//1 75//2 76//3
f 27//1 76//3 77//2
f 77//4 76//4 78//4
f 77//4 78//4 51//4
f 51//5 78//5 49//5
f 29//4 31//4 75//4
f 75//4 31//4 79//4
f 75//4 79//4 76//4
f 76//4 79//4 78//4
f 53//1 27//1 77//2
f 51//4 53//4 77//4
f 4//4 59//4 6//4
f 6//5 59//5 80//5
f 6//5 80//5 8//5
f 8//6 80//6 81//6
f 8//6 81//6 10//6
f 10//7 81//7 82//7
f 10//7 82//7 12//7
f 12//9 82//8 14//8
f 80//5 59//5 60//5
f 7//5 9//5 69//5
f 69//5 9//5 83//5
f 69//5 83//5 66//5
f 66//5 83//5 68//5
f 57//5 56//5 67//5
f 28//4 71//4 30//4
f 30//5 71//5 84//5
f 30//5 84//5 32//5
f 32//6 84//6 85//6
f 32//6 85//6 34//6
f 34//7 85//7 86//7
f 34//7 86//7 36//7
f 36//8 86//8 16//8
f 84//5 71//5 72//5
f 31//5 33//5 79//5
f 79//5 33//5 87//5
f 79//5 87//5 78//5
f 78//5 87//5 49//5
f 80//6 60//6 88//6
f 88//6 60//6 61//6
f 88//7 61//7 89//7
f 89//7 61//7 62//7
f 89//8 62//8 14//8
f 9//6 11//6 83//6
f 83//6 11//6 90//6
f 83//6 90//6 68//6
f 68//6 90//6 58//6
f 84//6 72//6 91//6
f 91//6 72//6 73//6
f 91//7 73//7 92//7
f 92//7 73//7 74//7
f 92//8 74//8 16//8
f 47//6 49//6 87//6
f 47//6 87//6 35//6
f 35//6 87//6 33//6
f 80//6 88//6 81//6
f 81//7 88//7 93//7
f 81//7 93//7 82//7
f 82//8 93//8 14//8
f 93//7 88//7 89//7
f 15//7 58//7 90//7
f 15//7 90//7 13//7
f 13//7 90//7 11//7
f 84//6 91//6 85//6
f 85//7 91//7 94//7
f 85//7 94//7 86//7
f 86//8 94//8 16//8
f 94//7 91//7 92//7
f 37//7 47//7 35//7
f 14//8 93//8 89//8
f 16//8 94//8 92//8
f 14//12 95//12 16//12
f 16//12 95//12 96//12
f 16//12 96//12 97//12
f 98//12 99//12 14//12
f 14//12 99//12 100//12
f 14//12 100//12 101//12
f 101//12 95//12 14//12
f 97//12 102//12 16//12
f 16//12 102//12 103//12
f 16//12 103//12 104//12
f 104//12 105//12 16//12
f 16//12 105//12 106//12
f 16//12 106//12 107//12
f 107//12 108//12 16//12
f 16//12 108//12 109//12
f 16//12 109//12 110//12
f 110//12 111//12 16//12
f 16//12 111//12 112//12
f 112//12 111//12 113//12
f 112//12 113//12 114//12
f 114//12 115//12 112//12
f 112//12 115//12 116//12
f 112//12 116//12 117//12
f 117//12 118//12 112//12
f 112//12 118//12 119//12
f 112//12 119//12 120//12
f 120//12 121//12 112//12
f 112//12 121//12 122//12
f 112//12 122//12 123//12
f 123//12 124//12 112//12
f 112//12 124//12 125//12
f 125//12 124//12 126//12
f 125//12 126//12 127//12
f 127//12 128//12 125//12
f 125//12 128//12 129//12
f 46//13 3//13 14//13
f 14//13 3//13 130//13
f 14//13 130//13 98//13
f 98//13 130//13 131//13
f 46//13 44//13 3//13
f 3//13 44//13 42//13
f 3//13 42//13 40//13
f 40//13 1//14 3//13
f 3//13 132//13 130//13
f 130//13 132//13 133//13
f 133//13 132//13 134//13
f 134//13 132//13 135//13
f 135//13 132//13 136//13
f 136//13 132//13 137//14
f 133//15 138//15 130//15
f 130//15 138//15 139//15
f 130//15 139//15 140//15
f 140//16 139//16 141//16
f 140//16 141//16 142//16
f 142//17 141//17 143//17
f 142//17 143//17 144//17
f 144//18 143//18 145//18
f 144//18 145//18 146//18
f 146//19 145//19 147//19
f 146//19 147//19 148//19
f 148//20 147//21 132//22
f 148//20 132//22 149//20
f 149//20 132//22 150//22
f 149//20 150//22 151//20
f 151//20 150//22 152//20
f 151//19 152//19 153//19
f 153//19 152//19 154//19
f 153//18 154//18 155//18
f 155//18 154//18 156//18
f 155//17 156//17 157//17
f 157//17 156//17 158//17
f 157//16 158//16 159//16
f 159//16 158//16 160//16
f 159//15 160//15 161//15
f 161//15 160//15 162//23
f 161//15 162//23 163//15
f 163//16 162//16 164//16
f 163//16 164//16 165//16
f 165//17 164//17 166//17
f 165//17 166//17 167//17
f 167//18 166//18 168//18
f 167//18 168//18 169//18
f 169//19 168//19 170//19
f 169//19 170//19 171//19
f 171//22 170//20 150//22
f 171//22 150//22 172//22
f 138//16 133//16 173//16
f 173//16 133//16 134//16
f 173//17 134//17 174//17
f 174//17 134//17 135//17
f 174//18 135//18 175//18
f 175//18 135//18 136//18
f 175//19 136//19 176//19
f 176//19 136//19 137//19
f 176//22 137//22 132//22
f 171//19 172//24 177//19
f 177//19 172//24 178//24
f 177//18 178//18 179//18
f 179//18 178//18 180//18
f 179//17 180//17 181//17
f 181//17 180//17 182//17
f 181//16 182//16 183//16
f 183//16 182//16 184//16
f 183//15 184//15 161//15
f 161//15 130//15 159//15
f 159//15 130//15 185//23
f 159//16 185//16 157//16
f 157//16 185//16 186//16
f 157//17 186//17 155//17
f 155//17 186//17 187//17
f 155//18 187//18 153//18
f 153//18 187//18 188//18
f 153//19 188//19 151//19
f 151//19 188//19 149//19
f 139//16 138//16 189//16
f 189//16 138//16 173//16
f 189//17 173//17 190//17
f 190//17 173//17 174//17
f 190//18 174//18 191//18
f 191//18 174//18 175//18
f 191//19 175//19 192//19
f 192//19 175//19 176//19
f 192//22 176//22 132//22
f 140//15 193//15 130//15
f 130//15 193//15 194//15
f 130//15 194//15 195//23
f 195//16 194//16 196//16
f 195//16 196//16 197//16
f 197//17 196//17 198//17
f 197//17 198//17 187//17
f 187//18 198//18 188//18
f 140//16 142//16 193//16
f 193//16 142//16 199//16
f 193//16 199//16 194//16
f 194//16 199//16 196//16
f 185//23 130//15 200//15
f 200//15 130//15 195//23
f 200//16 195//16 197//16
f 186//16 185//16 200//16
f 186//16 200//16 197//16
f 162//16 160//16 201//16
f 201//16 160//16 158//16
f 201//17 158//17 202//17
f 202//17 158//17 156//17
f 202//18 156//18 203//18
f 203//18 156//18 154//18
f 203//19 154//19 204//19
f 204//19 154//19 152//19
f 204//21 152//20 150//22
f 163//15 205//15 161//15
f 161//15 205//15 206//15
f 161//15 206//15 207//15
f 207//16 206//16 208//16
f 207//16 208//16 181//16
f 181//17 208//17 179//17
f 163//16 165//16 205//16
f 205//16 165//16 209//16
f 205//16 209//16 206//16
f 206//16 209//16 208//16
f 183//15 161//15 207//15
f 181//16 183//16 207//16
f 139//16 189//16 141//16
f 141//17 189//17 210//17
f 141//17 210//17 143//17
f 143//18 210//18 211//18
f 143//18 211//18 145//18
f 145//19 211//19 212//19
f 145//19 212//19 147//19
f 147//21 212//20 132//22
f 210//17 189//17 190//17
f 142//17 144//17 199//17
f 199//17 144//17 213//17
f 199//17 213//17 196//17
f 196//17 213//17 198//17
f 187//17 186//17 197//17
f 162//16 201//16 164//16
f 164//17 201//17 214//17
f 164//17 214//17 166//17
f 166//18 214//18 215//18
f 166//18 215//18 168//18
f 168//19 215//19 216//19
f 168//19 216//19 170//19
f 170//20 216//21 150//22
f 214//17 201//17 202//17
f 165//17 167//17 209//17
f 209//17 167//17 217//17
f 209//17 217//17 208//17
f 208//17 217//17 179//17
f 210//18 190//18 218//18
f 218//18 190//18 191//18
f 218//19 191//19 219//19
f 219//19 191//19 192//19
f 219//21 192//22 132//22
f 144//18 146//18 213//18
f 213//18 146//18 220//18
f 213//18 220//18 198//18
f 198//18 220//18 188//18
f 214//18 202//18 221//18
f 221//18 202//18 203//18
f 221//19 203//19 222//19
f 222//19 203//19 204//19
f 222//20 204//21 150//22
f 177//18 179//18 217//18
f 177//18 217//18 169//18
f 169//18 217//18 167//18
f 210//18 218//18 211//18
f 211//19 218//19 223//19
f 211//19 223//19 212//19
f 212//20 223//20 132//22
f 223//19 218//19 219//19
f 149//19 188//19 220//19
f 149//19 220//19 148//19
f 148//19 220//19 146//19
f 214//18 221//18 215//18
f 215//19 221//19 224//19
f 215//19 224//19 216//19
f 216//21 224//20 150//22
f 224//19 221//19 222//19
f 171//19 177//19 169//19
f 132//22 223//20 219//21
f 150//22 224//20 222//20
f 161//25 225//25 130//25
f 130//25 225//25 226//25
f 130//25 226//25 227//25
f 228//25 229//25 161//25
f 161//25 229//25 230//25
f 161//25 230//25 231//25
f 232//25 233//25 228//25
f 228//25 233//25 234//25
f 228//25 234//25 235//25
f 236//25 237//25 232//25
f 232//25 237//25 238//25
f 232//25 238//25 239//25
f 239//25 233//25 232//25
f 235//25 240//25 228//25
f 228//25 240//25 241//25
f 228//25 241//25 242//25
f 242//25 243//25 228//25
f 228//25 243//25 244//25
f 228//25 244//25 245//25
f 245//25 246//25 228//25
f 228//25 246//25 247//25
f 228//25 247//25 248//25
f 248//25 229//25 228//25
f 231//25 249//25 161//25
f 161//25 249//25 250//25
f 161//25 250//25 251//25
f 251//25 252//25 161//25
f 161//25 252//25 253//25
f 161//25 253//25 254//25
f 254//25 255//25 161//25
f 161//25 255//25 256//25
f 161//25 256//25 257//25
f 257//25 225//25 161//25
f 227//25 258//25 130//25
f 130//25 258//25 131//25
f 259//26 260//26 125//26
f 125//26 260//26 261//26
f 125//26 261//26 262//26
f 262//27 261//27 263//27
f 262//27 263//27 264//27
f 264//28 263//28 265//28
f 264//28 265//28 266//28
f 266//29 265//29 267//29
f 266//29 267//29 268//29
f 268//30 267//30 269//30
f 268//30 269//30 270//30
f 270//31 269//32 271//33
f 270//31 271//33 272//31
f 272//31 271//33 273//33
f 272//31 273//33 274//31
f 274//31 273//33 275//31
f 274//30 275//30 276//30
f 276//30 275//30 277//30
f 276//29 277//29 278//29
f 278//29 277//29 279//29
f 278//28 279//28 280//28
f 280//28 279//28 281//28
f 280//27 281//27 282//27
f 282//27 281//27 283//27
f 282//26 283//26 112//26
f 112//26 283//26 284//34
f 112//26 284//34 285//26
f 285//27 284//27 286//27
f 285//27 286//27 287//27
f 287//28 286//28 288//28
f 287//28 288//28 289//28
f 289//29 288//29 290//29
f 289//29 290//29 291//29
f 291//30 290//30 292//30
f 291//30 292//30 293//30
f 293//33 292//31 273//33
f 293//33 273//33 294//33
f 260//27 259//27 295//27
f 295//27 259//27 296//27
f 295//28 296//28 297//28
f 297//28 296//28 298//28
f 297//29 298//29 299//29
f 299//29 298//29 300//29
f 299//30 300//30 301//30
f 301//30 300//30 302//30
f 301//33 302//33 271//33
f 293//30 294//35 303//30
f 303//30 294//35 304//35
f 303//29 304//29 305//29
f 305//29 304//29 306//29
f 305//28 306//28 307//28
f 307//28 306//28 308//28
f 307//27 308//27 309//27
f 309//27 308//27 310//27
f 309//26 310//26 112//26
f 112//26 125//26 282//26
f 282//26 125//26 311//34
f 282//27 311//27 280//27
f 280//27 311//27 312//27
f 280//28 312//28 278//28
f 278//28 312//28 313//28
f 278//29 313//29 276//29
f 276//29 313//29 314//29
f 276//30 314//30 274//30
f 274//30 314//30 272//30
f 261//27 260//27 315//27
f 315//27 260//27 295//27
f 315//28 295//28 316//28
f 316//28 295//28 297//28
f 316//29 297//29 317//29
f 317//29 297//29 299//29
f 317//30 299//30 318//30
f 318//30 299//30 301//30
f 318//33 301//33 271//33
f 262//26 319//26 125//26
f 125//26 319//26 320//26
f 125//26 320//26 321//34
f 321//27 320//27 322//27
f 321//27 322//27 323//27
f 323//28 322//28 324//28
f 323//28 324//28 313//28
f 313//29 324//29 314//29
f 262//27 264//27 319//27
f 319//27 264//27 325//27
f 319//27 325//27 320//27
f 320//27 325//27 322//27
f 311//34 125//26 326//26
f 326//26 125//26 321//34
f 326//27 321//27 323//27
f 312//27 311//27 326//27
f 312//27 326//27 323//27
f 284//27 283//27 327//27
f 327//27 283//27 281//27
f 327//28 281//28 328//28
f 328//28 281//28 279//28
f 328//29 279//29 329//29
f 329//29 279//29 277//29
f 329//30 277//30 330//30
f 330//30 277//30 275//30
f 330//32 275//31 273//33
f 285//26 331//26 112//26
f 112//26 331//26 332//26
f 112//26 332//26 333//26
f 333//27 332//27 334//27
f 333//27 334//27 307//27
f 307//28 334//28 305//28
f 285//27 287//27 331//27
f 331//27 287//27 335//27
f 331//27 335//27 332//27
f 332//27 335//27 334//27
f 309//26 112//26 333//26
f 307//27 309//27 333//27
f 261//27 315//27 263//27
f 263//28 315//28 336//28
f 263//28 336//28 265//28
f 265//29 336//29 337//29
f 265//29 337//29 267//29
f 267//30 337//30 338//30
f 267//30 338//30 269//30
f 269//32 338//31 271//33
f 336//28 315//28 316//28
f 264//28 266//28 325//28
f 325//28 266//28 339//28
f 325//28 339//28 322//28
f 322//28 339//28 324//28
f 313//28 312//28 323//28
f 284//27 327//27 286//27
f 286//28 327//28 340//28
f 286//28 340//28 288//28
f 288//29 340//29 341//29
f 288//29 341//29 290//29
f 290//30 341//30 342//30
f 290//30 342//30 292//30
f 292//31 342//32 273//33
f 340//28 327//28 328//28
f 287//28 289//28 335//28
f 335//28 289//28 343//28
f 335//28 343//28 334//28
f 334//28 343//28 305//28
f 336//29 316//29 344//29
f 344//29 316//29 317//29
f 344//30 317//30 345//30
f 345//30 317//30 318//30
f 345//32 318//33 271//33
f 266//29 268//29 339//29
f 339//29 268//29 346//29
f 339//29 346//29 324//29
f 324//29 346//29 314//29
f 340//29 328//29 347//29
f 347//29 328//29 329//29
f 347//30 329//30 348//30
f 348//30 329//30 330//30
f 348//31 330//32 273//33
f 303//29 305//29 343//29
f 303//29 343//29 291//29
f 291//29 343//29 289//29
f 336//29 344//29 337//29
f 337//30 344//30 349//30
f 337//30 349//30 338//30
f 338//31 349//31 271//33
f 349//30 344//30 345//30
f 272//30 314//30 346//30
f 272//30 346//30 270//30
f 270//30 346//30 268//30
f 340//29 347//29 341//29
f 341//30 347//30 350//30
f 341//30 350//30 342//30
f 342//32 350//31 273//33
f 350//30 347//30 348//30
f 293//30 303//30 291//30
f 271//33 349//31 345//32
f 273//33 350//31 348//31
f 271//36 351//36 273//36
f 273//36 351//36 352//36
f 302//13 300//13 271//13
f 271//13 300//13 298//13
f 271//13 298//13 296//13
f 296//13 259//13 271//13
f 271//13 259//13 125//13
f 271//13 125//13 232//13
f 232//13 125//13 236//13
f 236//13 125//13 129//13
f 271//13 232//13 351//13
f 351//13 232//13 353//13
f 351//13 353//13 354//13
f 354//13 355//13 351//13
f 351//13 355//13 356//13
f 351//13 356//13 357//37
f 357//38 358//38 351//38
f 351//38 358//38 359//39
f 351//38 359//39 360//40
f 360//41 359//41 361//41
f 360//41 361//41 362//41
f 362//42 361//42 363//42
f 362//42 363//42 364//42
f 364//43 363//43 365//43
f 364//43 365//43 366//43
f 366//44 365//44 367//44
f 366//44 367//44 368//44
f 368//45 367//46 232//45
f 368//45 232//45 369//45
f 369//45 232//45 228//45
f 369//45 228//45 370//46
f 370//46 228//45 371//45
f 370//44 371//44 372//44
f 372//44 371//44 373//44
f 372//43 373//43 374//43
f 374//43 373//43 375//43
f 374//42 375//42 376//42
f 376//42 375//42 377//42
f 376//41 377//41 378//41
f 378//41 377//41 379//41
f 378//39 379//39 352//38
f 352//38 379//39 380//47
f 352//38 380//47 381//39
f 381//41 380//41 382//41
f 381//41 382//41 383//41
f 383//42 382//42 384//42
f 383//42 384//42 385//42
f 385//43 384//43 386//43
f 385//43 386//43 387//43
f 387//44 386//44 388//44
f 387//44 388//44 389//44
f 389//45 388//45 228//45
f 389//45 228//45 390//45
f 358//41 357//48 391//41
f 391//41 357//48 356//48
f 391//42 356//42 392//42
f 392//42 356//42 355//42
f 392//43 355//43 393//43
f 393//43 355//43 354//43
f 393//44 354//44 394//44
f 394//44 354//44 353//44
f 394//45 353//45 232//45
f 389//44 390//44 395//44
f 395//44 390//44 396//44
f 395//43 396//43 397//43
f 397//43 396//43 398//43
f 397//42 398//42 399//42
f 399//42 398//42 400//42
f 399//41 400//41 401//41
f 401//41 400//41 402//41
f 401//38 402//38 352//38
f 352//38 351//38 378//39
f 378//39 351//38 403//39
f 378//41 403//41 376//41
f 376//41 403//41 404//41
f 376//42 404//42 374//42
f 374//42 404//42 405//42
f 374//43 405//43 372//43
f 372//43 405//43 406//43
f 372//44 406//44 370//44
f 370//44 406//44 369//44
f 359//41 358//41 407//41
f 407//41 358//41 391//41
f 407//42 391//42 408//42
f 408//42 391//42 392//42
f 408//43 392//43 409//43
f 409//43 392//43 393//43
f 409//44 393//44 410//44
f 410//44 393//44 394//44
f 410//45 394//45 232//45
f 360//40 411//39 351//38
f 351//38 411//39 412//39
f 351//38 412//39 413//40
f 413//41 412//41 414//41
f 413//41 414//41 415//41
f 415//42 414//42 416//42
f 415//42 416//42 405//42
f 405//43 416//43 406//43
f 360//41 362//41 411//41
f 411//41 362//41 417//41
f 411//41 417//41 412//41
f 412//41 417//41 414//41
f 403//39 351//38 418//39
f 418//39 351//38 413//40
f 418//41 413//41 415//41
f 404//41 403//41 418//41
f 404//41 418//41 415//41
f 380//41 379//41 419//41
f 419//41 379//41 377//41
f 419//42 377//42 420//42
f 420//42 377//42 375//42
f 420//43 375//43 421//43
f 421//43 375//43 373//43
f 421//44 373//44 422//44
f 422//44 373//44 371//44
f 422//45 371//45 228//45
f 381//39 423//39 352//38
f 352//38 423//39 424//40
f 352//38 424//40 425//39
f 425//41 424//41 426//41
f 425//41 426//41 399//41
f 399//42 426//42 397//42
f 381//41 383//41 423//41
f 423//41 383//41 427//41
f 423//41 427//41 424//41
f 424//41 427//41 426//41
f 401//38 352//38 425//39
f 399//41 401//41 425//41
f 359//41 407//41 361//41
f 361//42 407//42 428//42
f 361//42 428//42 363//42
f 363//43 428//43 429//43
f 363//43 429//43 365//43
f 365//44 429//44 430//44
f 365//44 430//44 367//44
f 367//46 430//45 232//45
f 428//42 407//42 408//42
f 362//42 364//42 417//42
f 417//42 364//42 431//42
f 417//42 431//42 414//42
f 414//42 431//42 416//42
f 405//42 404//42 415//42
f 380//41 419//41 382//41
f 382//42 419//42 432//42
f 382//42 432//42 384//42
f 384//43 432//43 433//43
f 384//43 433//43 386//43
f 386//44 433//44 434//44
f 386//44 434//44 388//44
f 388//45 434//45 228//45
f 432//42 419//42 420//42
f 383//42 385//42 427//42
f 427//42 385//42 435//42
f 427//42 435//42 426//42
f 426//42 435//42 397//42
f 428//43 408//43 436//43
f 436//43 408//43 409//43
f 436//44 409//44 437//44
f 437//44 409//44 410//44
f 437//45 410//45 232//45
f 364//43 366//43 431//43
f 431//43 366//43 438//43
f 431//43 438//43 416//43
f 416//43 438//43 406//43
f 432//43 420//43 439//43
f 439//43 420//43 421//43
f 439//44 421//44 440//44
f 440//44 421//44 422//44
f 440//45 422//45 228//45
f 395//43 397//43 435//43
f 395//43 435//43 387//43
f 387//43 435//43 385//43
f 428//43 436//43 429//43
f 429//44 436//44 441//44
f 429//44 441//44 430//44
f 430//45 441//45 232//45
f 441//44 436//44 437//44
f 369//44 406//44 438//44
f 369//44 438//44 368//44
f 368//44 438//44 366//44
f 432//43 439//43 433//43
f 433//44 439//44 442//44
f 433//44 442//44 434//44
f 434//45 442//45 228//45
f 442//44 439//44 440//44
f 389//44 395//44 387//44
f 232//45 441//45 437//45
f 228//45 442//45 440//45
f 443//49 444//50 445//51
f 445//51 444//50 446//52
f 446//52 444//50 447//53
f 446//52 447//53 448//54
f 448//54 447//53 449//55
f 448//54 449//55 450//56
f 450//56 449//55 451//56
f 450//57 451//57 452//57
f 452//57 451//57 453//57
f 452//58 453//58 454//58
f 454//58 453//58 455//58
f 454//59 455//59 456//59
f 456//59 455//59 457//59
f 456//60 457//60 458//60
f 459//61 460//61 458//61
f 458//61 460//61 461//61
f 458//60 461//60 456//60
f 460//62 459//62 462//62
f 462//62 459//62 463//62
f 462//63 463//63 464//63
f 465//64 466//64 464//64
f 464//64 466//64 467//64
f 464//63 467//63 462//63
f 466//65 465//65 468//65
f 468//65 465//65 469//65
f 468//66 469//66 470//66
f 471//67 472//67 470//67
f 470//67 472//67 473//67
f 470//66 473//66 468//66
f 472//68 471//68 474//68
f 474//68 471//68 475//68
f 474//69 475//69 476//69
f 476//69 475//69 477//69
f 476//70 477//70 478//70
f 478//70 477//70 479//70
f 478//71 479//71 480//71
f 481//72 482//72 480//72
f 480//72 482//72 483//72
f 480//71 483//71 478//71
f 482//73 481//73 484//73
f 484//73 481//73 485//73
f 484//74 485//74 486//74
f 487//75 488//75 486//75
f 486//75 488//75 489//75
f 486//74 489//74 484//74
f 488//76 487//76 490//76
f 490//76 487//76 491//76
f 490//77 491//77 492//77
f 493//78 494//78 492//78
f 492//78 494//78 495//78
f 492//77 495//77 490//77
f 494//79 493//79 496//79
f 496//79 493//79 497//79
f 496//80 497//80 498//80
f 498//80 497//80 499//80
f 498//81 499//81 500//82
f 500//82 499//81 501//83
f 500//82 501//83 502//84
f 502//84 501//83 503//85
f 502//84 503//85 504//86
f 504//86 503//85 505//87
f 504//86 505//87 506//88
f 507//89 508//90 509//91
f 509//92 508//93 510//94
f 509//92 510//94 511//94
f 511//95 510//96 512//95
f 511//95 512//95 513//97
f 513//98 512//99 514//99
f 513//98 514//99 515//100
f 515//101 514//102 516//103
f 515//101 516//103 517//104
f 517//105 516//106 518//107
f 517//105 518//107 519//108
f 519//109 518//110 520//111
f 519//109 520//111 521//112
f 521//113 520//114 522//115
f 521//113 522//115 523//116
f 523//117 522//118 524//119
f 523//117 524//119 525//120
f 507//89 526//121 508//90
f 508//90 526//121 527//122
f 508//90 527//122 528//123
f 528//124 527//125 529//126
f 528//124 529//126 530//127
f 530//127 529//126 531//128
f 530//129 531//130 532//131
f 533//132 534//132 532//132
f 532//131 534//133 535//134
f 532//131 535//134 530//129
f 530//135 535//135 536//135
f 530//136 536//136 528//136
f 537//137 538//137 533//137
f 533//137 538//137 539//137
f 533//132 539//132 534//132
f 537//138 540//138 538//138
f 538//138 540//138 541//139
f 538//138 541//139 542//139
f 540//140 543//140 541//140
f 541//140 543//140 544//140
f 544//141 543//142 545//143
f 544//141 545//143 546//144
f 546//144 545//143 547//145
f 546//146 547//146 548//146
f 543//142 547//145 545//143
f 549//147 550//148 548//149
f 548//149 550//148 551//150
f 548//146 551//146 546//146
f 550//151 549//151 552//151
f 552//152 549//152 553//152
f 552//152 553//152 554//152
f 554//153 553//154 555//155
f 554//153 555//155 556//156
f 556//157 555//158 557//159
f 556//157 557//159 558//160
f 553//154 557//161 555//155
f 556//157 558//160 559//160
f 559//162 558//162 560//163
f 559//162 560//163 561//164
f 561//164 560//163 562//165
f 561//166 562//167 563//168
f 563//168 562//167 564//169
f 563//170 564//170 565//170
f 560//171 564//169 562//167
f 566//172 567//173 565//174
f 565//175 567//175 568//175
f 565//170 568//170 563//170
f 567//173 566//172 569//176
f 569//177 566//177 570//177
f 569//177 570//177 571//177
f 571//178 570//179 572//180
f 571//178 572//180 573//181
f 573//181 572//180 574//182
f 573//183 574//183 575//183
f 570//179 574//182 572//180
f 576//184 577//184 575//184
f 575//184 577//184 578//185
f 575//183 578//183 573//183
f 576//186 579//186 577//186
f 577//186 579//186 580//186
f 577//186 580//186 581//186
f 579//187 582//187 580//187
f 580//187 582//187 583//187
f 583//188 582//189 584//190
f 583//188 584//190 585//191
f 585//192 584//193 586//194
f 585//192 586//194 587//195
f 587//195 586//194 588//196
f 587//195 588//196 589//196
f 589//197 588//197 590//198
f 589//197 590//198 591//199
f 591//199 590//198 592//200
f 591//199 592//200 593//200
f 593//201 592//202 594//203
f 593//201 594//203 595//204
f 595//205 594//206 596//207
f 595//208 596//208 597//208
f 597//209 596//209 598//209
f 598//210 596//210 599//210
f 599//211 596//211 600//211
f 600//212 596//212 601//212
f 601//213 596//214 602//215
f 601//213 602//215 603//216
f 603//217 602//217 604//217
f 604//218 602//218 605//218
f 605//219 602//220 606//221
f 605//219 606//221 607//222
f 607//223 606//223 608//223
f 608//224 606//225 609//226
f 609//226 606//225 610//227
f 609//228 610//228 611//228
f 611//229 610//229 612//229
f 612//230 610//230 613//230
f 612//231 613//231 614//231
f 614//232 613//232 615//232
f 615//233 613//233 616//233
f 615//162 616//162 617//162
f 617//160 616//160 618//160
f 618//234 616//234 619//234
f 618//235 619//235 620//235
f 620//236 619//236 621//236
f 621//237 619//237 622//237
f 621//238 622//238 623//238
f 623//239 622//239 624//239
f 624//240 622//241 625//242
f 624//240 625//242 626//243
f 626//244 625//244 627//244
f 627//245 625//246 628//247
f 628//247 625//246 629//248
f 628//249 629//249 630//249
f 630//250 629//250 631//250
f 631//251 629//252 632//253
f 632//253 629//252 633//254
f 632//255 633//255 634//255
f 634//256 633//256 635//256
f 635//257 633//257 636//257
f 636//258 633//258 637//258
f 637//259 633//260 638//261
f 637//259 638//261 639//262
f 639//262 638//261 510//263
f 639//264 510//94 508//93
f 592//202 640//265 594//203
f 594//203 640//265 641//266
f 594//267 641//267 642//267
f 642//267 641//267 643//267
f 642//268 643//269 644//270
f 644//270 643//269 645//269
f 644//271 645//272 646//271
f 646//271 645//272 647//272
f 646//273 647//274 648//275
f 648//275 647//274 649//274
f 648//276 649//277 650//278
f 650//278 649//277 651//277
f 650//279 651//280 652//281
f 652//281 651//280 653//280
f 652//282 653//283 654//283
f 654//283 653//283 655//283
f 655//283 653//283 656//283
f 655//284 656//284 657//284
f 657//284 656//284 658//284
f 657//285 658//286 659//287
f 660//288 661//289 640//265
f 640//265 661//289 662//290
f 640//265 662//290 641//266
f 641//266 662//290 663//291
f 641//266 663//291 664//203
f 664//203 663//291 665//292
f 664//203 665//292 666//293
f 666//200 665//200 667//199
f 666//200 667//199 668//198
f 668//198 667//199 669//197
f 668//198 669//197 670//197
f 670//294 669//196 671//295
f 670//294 671//295 672//296
f 672//296 671//295 673//297
f 672//298 673//299 674//300
f 661//289 660//288 675//199
f 675//199 660//288 676//198
f 675//199 676//198 677//197
f 677//197 676//198 678//197
f 677//196 678//196 679//196
f 679//196 678//196 680//196
f 679//301 680//301 681//301
f 682//189 683//189 681//189
f 681//189 683//189 684//189
f 681//301 684//301 679//301
f 683//187 682//187 685//187
f 685//187 682//187 686//187
f 685//186 686//186 687//186
f 687//186 686//186 688//186
f 687//185 688//184 689//185
f 689//185 688//184 690//184
f 689//183 690//183 691//183
f 691//183 690//183 692//183
f 691//302 692//302 693//302
f 694//177 695//177 693//177
f 693//177 695//177 696//177
f 693//302 696//302 691//302
f 694//303 697//303 695//303
f 695//303 697//303 698//303
f 698//170 697//170 699//170
f 699//170 697//170 700//170
f 699//304 700//304 701//304
f 702//162 703//162 701//162
f 701//162 703//162 704//162
f 701//304 704//304 699//304
f 703//160 702//160 705//160
f 705//160 702//160 706//160
f 705//305 706//305 707//305
f 708//152 709//152 707//152
f 707//152 709//152 710//152
f 707//305 710//305 705//305
f 708//306 711//306 709//306
f 709//306 711//306 712//306
f 712//146 711//146 713//146
f 713//146 711//146 714//146
f 713//307 714//307 715//307
f 716//140 717//140 715//140
f 715//140 717//140 718//140
f 715//307 718//307 713//307
f 717//138 716//139 719//138
f 719//138 716//139 720//139
f 719//137 720//137 721//137
f 721//137 720//137 722//137
f 721//132 722//132 723//132
f 723//132 722//132 724//132
f 723//133 724//133 725//133
f 725//133 724//133 726//133
f 725//308 726//308 727//308
f 728//125 729//125 727//125
f 727//125 729//125 730//125
f 727//308 730//308 725//308
f 729//309 728//309 731//310
f 731//310 728//309 732//311
f 731//310 732//311 733//312
f 733//312 732//311 734//313
f 733//312 734//313 735//314
f 735//314 734//313 509//92
f 735//314 509//92 511//94
f 736//312 737//313 738//315
f 738//315 737//313 735//314
f 738//315 735//314 511//94
f 737//313 736//312 739//311
f 739//311 736//312 740//310
f 739//311 740//310 741//309
f 741//309 740//310 742//309
f 741//125 742//125 743//125
f 743//125 742//125 744//125
f 743//308 744//308 745//308
f 746//133 747//133 745//133
f 745//133 747//133 748//133
f 745//308 748//308 743//308
f 747//132 746//132 749//132
f 749//132 746//132 750//132
f 749//137 750//137 751//137
f 751//137 750//137 752//137
f 751//139 752//138 753//139
f 753//139 752//138 754//138
f 753//140 754//140 755//140
f 755//140 754//140 756//140
f 755//307 756//307 757//307
f 758//146 759//146 757//146
f 757//146 759//146 760//146
f 757//307 760//307 755//307
f 758//306 761//306 759//306
f 759//306 761//306 762//306
f 762//152 761//152 763//152
f 763//152 761//152 764//152
f 763//305 764//305 765//305
f 766//160 767//160 765//160
f 765//160 767//160 768//160
f 765//305 768//305 763//305
f 767//162 766//162 769//162
f 769//162 766//162 770//162
f 769//304 770//304 771//304
f 772//170 773//170 771//170
f 771//170 773//170 774//170
f 771//304 774//304 769//304
f 772//303 775//303 773//303
f 773//303 775//303 776//303
f 776//177 775//177 777//177
f 777//177 775//177 778//177
f 777//302 778//302 779//302
f 780//183 781//183 779//183
f 779//183 781//183 782//183
f 779//302 782//302 777//302
f 781//184 780//185 783//184
f 783//184 780//185 784//185
f 783//186 784//186 785//186
f 785//186 784//186 786//186
f 785//187 786//187 787//187
f 787//187 786//187 788//187
f 787//189 788//189 789//189
f 789//189 788//189 790//189
f 789//301 790//301 791//301
f 792//196 793//196 791//196
f 791//196 793//196 794//196
f 791//301 794//301 789//301
f 793//197 792//197 795//198
f 795//198 792//197 796//199
f 795//198 796//199 797//288
f 797//288 796//199 798//289
f 797//288 798//289 662//290
f 662//290 798//289 663//291
f 799//187 800//187 674//187
f 674//300 800//189 801//316
f 674//300 801//316 672//298
f 672//317 801//317 802//317
f 672//318 802//318 670//318
f 803//186 804//186 799//186
f 799//186 804//186 805//186
f 799//187 805//187 800//187
f 803//184 806//184 804//184
f 804//184 806//184 807//185
f 804//184 807//185 808//185
f 806//183 809//183 807//183
f 807//183 809//183 810//183
f 810//319 809//320 811//321
f 810//319 811//321 812//322
f 812//322 811//321 813//323
f 812//177 813//177 814//177
f 809//320 813//323 811//321
f 815//324 816//325 814//326
f 814//326 816//325 817//327
f 814//177 817//177 812//177
f 816//175 815//175 818//175
f 818//170 815//170 819//170
f 818//170 819//170 820//170
f 820//328 819//329 821//330
f 820//328 821//330 822//331
f 822//163 821//165 823//164
f 822//163 823//164 824//162
f 819//329 823//332 821//330
f 822//163 824//162 825//162
f 825//160 824//160 826//157
f 825//160 826//157 827//159
f 827//159 826//157 828//158
f 827//333 828//334 829//335
f 829//335 828//334 830//336
f 829//152 830//152 831//152
f 826//337 830//336 828//334
f 832//338 833//339 831//340
f 831//151 833//151 834//151
f 831//152 834//152 829//152
f 833//339 832//338 835//341
f 835//146 832//146 836//146
f 835//146 836//146 837//146
f 837//342 836//343 838//344
f 837//342 838//344 839//345
f 839//345 838//344 840//346
f 839//140 840//140 841//140
f 841//140 840//140 842//140
f 841//139 842//138 843//138
f 843//138 842//138 844//138
f 843//137 844//137 845//137
f 836//343 840//346 838//344
f 843//137 845//137 846//137
f 846//132 845//132 847//132
f 846//132 847//132 848//132
f 848//347 847//133 849//348
f 848//347 849//348 850//349
f 850//350 849//351 851//352
f 850//350 851//352 852//353
f 852//353 851//352 853//125
f 852//353 853//125 854//125
f 854//354 853//355 855//356
f 854//354 855//356 856//357
f 856//357 855//356 857//358
f 857//91 855//359 858//360
f 858//360 855//359 859//361
f 858//360 859//361 860//362
f 860//363 859//363 861//363
f 861//364 859//365 862//366
f 862//366 859//365 513//97
f 862//367 513//367 863//367
f 863//368 513//98 515//100
f 853//355 864//369 855//356
f 855//359 864//370 865//89
f 855//359 865//89 738//315
f 866//371 867//372 868//373
f 868//374 867//375 869//375
f 868//376 869//376 870//376
f 870//377 869//378 871//379
f 871//379 869//378 872//380
f 871//381 872//381 873//381
f 873//267 872//267 664//267
f 873//382 664//383 874//384
f 874//384 664//383 875//385
f 874//386 875//386 876//386
f 866//371 877//387 867//372
f 867//388 877//389 878//390
f 867//388 878//390 649//274
f 649//277 878//391 651//277
f 877//389 879//392 878//390
f 878//391 879//393 880//394
f 878//391 880//394 651//277
f 651//280 880//395 653//280
f 879//393 881//396 880//394
f 880//395 881//397 882//398
f 880//395 882//398 653//280
f 653//283 882//399 883//283
f 653//283 883//283 658//283
f 881//397 884//400 882//398
f 882//399 884//401 885//402
f 882//399 885//402 883//283
f 883//284 885//284 886//284
f 883//403 886//404 887//405
f 887//405 886//404 888//406
f 887//407 888//407 889//407
f 889//408 888//408 890//408
f 889//409 890//409 891//409
f 891//410 890//410 892//410
f 891//411 892//411 893//411
f 893//412 892//412 894//412
f 893//413 894//414 895//415
f 895//416 894//416 896//416
f 895//417 896//417 897//417
f 897//418 896//418 898//418
f 898//418 896//418 899//418
f 900//419 901//419 884//419
f 884//401 901//420 902//420
f 884//401 902//420 903//420
f 903//421 902//421 904//421
f 903//421 904//421 905//421
f 905//422 904//422 906//422
f 905//422 906//422 907//422
f 907//423 906//423 908//423
f 907//423 908//423 909//423
f 909//424 908//424 910//424
f 909//424 910//424 911//424
f 911//418 910//418 912//418
f 912//418 910//418 913//418
f 901//425 900//425 914//425
f 914//426 900//426 915//426
f 914//427 915//427 916//427
f 916//428 915//428 917//428
f 916//429 917//429 918//429
f 918//430 917//430 919//430
f 918//431 919//431 920//431
f 920//432 919//433 921//434
f 920//432 921//434 922//418
f 903//420 923//435 884//401
f 884//401 923//435 885//402
f 885//284 923//284 886//284
f 886//436 923//436 888//436
f 890//437 894//437 892//437
f 897//438 893//413 895//415
f 891//439 887//439 889//439
f 924//440 925//440 659//440
f 659//407 925//407 926//407
f 659//287 926//441 657//285
f 657//285 926//441 655//442
f 927//443 928//443 924//443
f 924//410 928//410 929//410
f 924//409 929//409 925//409
f 925//444 929//444 926//444
f 930//445 931//446 927//447
f 927//447 931//446 932//448
f 927//412 932//412 928//412
f 928//449 932//449 929//449
f 933//418 934//418 930//418
f 930//418 934//418 935//418
f 930//417 935//417 931//417
f 931//446 935//450 932//448
f 936//451 937//452 654//453
f 654//284 937//284 938//284
f 654//283 938//283 652//282
f 652//282 938//283 939//283
f 652//282 939//283 940//283
f 941//454 942//454 936//454
f 936//407 942//407 943//407
f 936//451 943//406 937//452
f 937//455 943//455 939//455
f 937//284 939//284 938//284
f 944//456 945//456 941//456
f 941//410 945//410 946//410
f 941//409 946//409 942//409
f 942//457 946//457 943//457
f 947//458 948//459 944//460
f 944//460 948//459 949//414
f 944//412 949//412 945//412
f 945//461 949//461 946//461
f 950//418 951//418 947//418
f 947//418 951//418 952//418
f 947//417 952//417 948//417
f 948//462 952//462 949//462
f 652//282 940//283 953//463
f 953//421 940//421 954//421
f 953//421 954//421 955//421
f 955//422 954//422 956//422
f 955//422 956//422 957//422
f 957//423 956//423 958//423
f 957//423 958//423 959//423
f 959//424 958//424 960//424
f 959//424 960//424 961//424
f 961//418 960//418 962//418
f 962//418 960//418 963//418
f 652//282 953//463 964//464
f 964//464 953//463 965//420
f 964//465 965//465 966//465
f 966//466 965//466 967//466
f 966//467 967//467 968//467
f 968//468 967//468 969//468
f 968//469 969//469 970//469
f 970//470 969//470 971//470
f 970//471 971//471 972//471
f 972//472 971//472 973//472
f 972//473 973//474 974//475
f 974//475 973//474 975//418
f 964//476 976//477 652//281
f 652//281 976//477 650//279
f 976//478 977//479 650//278
f 650//278 977//479 648//276
f 977//480 978//481 648//275
f 648//275 978//481 646//273
f 979//482 980//483 978//484
f 978//484 980//483 646//485
f 646//271 980//486 644//271
f 644//487 980//487 981//487
f 644//270 981//488 982//489
f 644//270 982//489 642//268
f 642//381 982//381 983//381
f 642//267 983//267 594//267
f 594//267 983//267 984//267
f 594//206 984//490 596//207
f 633//260 985//491 638//261
f 638//492 986//493 510//96
f 510//96 986//493 987//494
f 510//96 987//494 512//95
f 512//99 987//495 988//99
f 512//99 988//99 514//99
f 514//102 988//102 516//103
f 986//496 989//496 987//496
f 987//495 989//497 990//100
f 987//495 990//100 991//99
f 991//102 990//102 992//498
f 991//102 992//498 993//102
f 993//499 992//500 994//499
f 993//499 994//499 518//107
f 518//110 994//501 520//111
f 990//102 995//502 992//498
f 992//498 995//502 996//503
f 992//500 996//504 997//505
f 997//505 996//504 998//506
f 997//507 998//508 999//509
f 999//509 998//508 1000//510
f 999//511 1000//512 1001//513
f 1001//513 1000//512 1002//514
f 1001//515 1002//117 1003//119
f 1003//119 1002//117 1004//120
f 1004//120 1002//117 1005//120
f 1004//516 1005//516 1006//516
f 1005//120 1002//117 1007//120
f 1007//517 1002//517 1008//517
f 1007//518 1008//518 1009//518
f 1009//519 1008//519 1010//519
f 1009//520 1010//520 1011//520
f 1011//521 1010//521 1012//521
f 1011//522 1012//522 1013//522
f 1013//523 1012//523 1014//523
f 1013//524 1014//524 1015//524
f 1015//525 1014//526 1016//527
f 1015//525 1016//527 1017//528
f 1004//516 1006//516 1018//516
f 1018//529 1006//529 1019//529
f 1018//529 1019//529 1020//529
f 1020//530 1019//530 1021//530
f 1020//530 1021//530 1022//530
f 1022//531 1021//531 1023//531
f 1022//531 1023//531 1024//531
f 1024//528 1023//528 1025//528
f 1025//528 1023//528 1026//528
f 1027//532 1028//532 1003//532
f 1003//533 1028//533 1029//533
f 1003//119 1029//534 1001//515
f 1001//515 1029//534 1030//534
f 1001//513 1030//535 999//511
f 999//511 1030//535 1031//535
f 999//509 1031//501 997//507
f 997//507 1031//501 994//501
f 997//505 994//499 992//500
f 1032//536 1033//536 1027//536
f 1027//537 1033//537 1034//537
f 1027//538 1034//539 1028//540
f 1028//540 1034//539 1029//541
f 1035//542 1036//542 1032//542
f 1032//543 1036//543 1037//543
f 1032//544 1037//544 1033//544
f 1033//545 1037//545 1034//545
f 1038//546 1039//546 1035//546
f 1035//547 1039//548 1040//549
f 1035//550 1040//550 1036//550
f 1036//551 1040//551 1037//551
f 1041//528 1042//528 1038//528
f 1038//528 1042//528 1043//528
f 1038//552 1043//552 1039//552
f 1039//548 1043//553 1040//549
f 1029//534 1044//534 1030//534
f 1030//534 1044//534 1045//534
f 1030//534 1045//534 1046//534
f 1045//533 1044//533 1047//533
f 1047//554 1044//555 1048//556
f 1047//554 1048//556 1049//557
f 1049//537 1048//537 1050//537
f 1049//558 1050//558 1051//558
f 1051//544 1050//544 1052//544
f 1051//543 1052//543 1053//543
f 1053//559 1052//559 1054//559
f 1053//550 1054//550 1055//550
f 1055//560 1054//561 1056//562
f 1055//560 1056//562 1057//563
f 1057//552 1056//552 1058//552
f 1057//528 1058//528 1059//528
f 1059//528 1058//528 1060//528
f 1048//564 1052//564 1050//564
f 1054//561 1058//565 1056//562
f 1055//566 1051//566 1053//566
f 1049//557 1045//567 1047//554
f 1061//568 1062//569 1046//570
f 1046//533 1062//533 524//533
f 1046//534 524//119 522//118
f 1063//571 1064//571 1061//571
f 1061//537 1064//537 1065//537
f 1061//568 1065//538 1062//569
f 1062//572 1065//572 524//572
f 1066//573 1067//573 1063//573
f 1063//543 1067//543 1068//543
f 1063//544 1068//544 1064//544
f 1064//574 1068//574 1065//574
f 1069//575 1070//576 1066//577
f 1066//577 1070//576 1071//547
f 1066//550 1071//550 1067//550
f 1067//578 1071//578 1068//578
f 1072//528 1073//528 1069//528
f 1069//528 1073//528 1074//528
f 1069//552 1074//552 1070//552
f 1070//579 1074//579 1071//579
f 523//117 525//120 1075//120
f 1075//516 525//516 1076//516
f 1075//516 1076//516 1077//516
f 1077//529 1076//529 1078//529
f 1077//529 1078//529 1079//529
f 1079//530 1078//530 1080//530
f 1079//530 1080//530 1081//530
f 1081//531 1080//531 1082//531
f 1081//531 1082//531 1083//531
f 1083//528 1082//528 1084//528
f 1084//528 1082//528 1085//528
f 1075//120 1086//120 523//117
f 523//580 1086//580 1087//580
f 1087//581 1086//581 1088//581
f 1087//582 1088//582 1089//582
f 1089//583 1088//583 1090//583
f 1089//584 1090//584 1091//584
f 1091//585 1090//585 1092//585
f 1091//586 1092//586 1093//586
f 1093//587 1092//587 1094//587
f 1093//588 1094//589 1095//590
f 1095//590 1094//589 1096//528
f 517//104 1097//591 515//101
f 860//362 1098//592 858//360
f 858//360 1098//592 1099//593
f 1099//594 1098//594 1100//594
f 1100//257 1098//257 1101//257
f 1101//595 1098//595 1102//595
f 1102//596 1098//596 1103//596
f 1103//597 1098//598 1104//599
f 1103//597 1104//599 1105//600
f 1105//601 1104//601 1106//601
f 1106//602 1104//602 1107//602
f 1107//603 1104//604 1108//605
f 1107//603 1108//605 1109//606
f 1109//607 1108//607 1110//607
f 1110//608 1108//609 1111//610
f 1111//610 1108//609 1112//611
f 1111//612 1112//612 1113//612
f 1113//613 1112//613 1114//613
f 1114//614 1112//614 1115//614
f 1114//615 1115//615 1116//615
f 1116//616 1115//616 1117//616
f 1117//617 1115//617 1118//617
f 1117//160 1118//160 1119//160
f 1119//162 1118//162 1120//162
f 1120//618 1118//618 1121//618
f 1120//619 1121//619 1122//619
f 1122//620 1121//620 1123//620
f 1123//621 1121//621 1124//621
f 1123//622 1124//622 1125//622
f 1125//623 1124//623 1126//623
f 1126//624 1124//625 1127//626
f 1126//624 1127//626 1128//627
f 1128//628 1127//628 1129//628
f 1129//629 1127//630 1130//631
f 1130//631 1127//630 1131//632
f 1130//633 1131//633 1132//633
f 1132//634 1131//634 1133//634
f 1133//635 1131//636 1134//637
f 1134//637 1131//636 874//638
f 1134//639 874//639 1135//639
f 1135//640 874//640 1136//640
f 1136//210 874//210 1137//210
f 1137//641 874//641 876//641
f 874//384 1138//642 873//382
f 852//643 1139//643 850//643
f 850//349 1139//644 848//347
f 846//137 1140//137 843//137
f 843//138 1140//139 841//139
f 835//341 834//645 833//339
f 818//646 817//327 816//325
f 808//186 805//186 804//186
f 666//293 875//647 664//203
f 587//648 1141//648 585//648
f 585//191 1141//649 583//188
f 581//185 578//185 577//184
f 569//176 568//650 567//173
f 552//651 551//150 550//148
f 542//137 539//137 538//137
f 528//123 1142//652 508//90
f 508//90 1142//652 1143//653
f 508//93 1143//91 639//264
f 988//99 987//495 991//99
f 658//283 656//283 653//283
f 643//267 641//267 664//267
f 855//359 738//315 859//361
f 859//361 738//315 511//94
f 859//365 511//95 513//97
f 867//375 647//272 869//375
f 869//375 647//272 645//272
f 869//378 645//269 872//380
f 872//380 645//269 643//269
f 872//267 643//267 664//267
f 647//274 867//388 649//274
f 988//102 991//102 993//102
f 518//107 516//106 993//499
f 993//102 516//103 988//102
f 520//111 994//501 1031//501
f 522//115 520//114 1031//535
f 522//115 1031//535 1030//535
f 1046//534 522//118 1030//534
f 1144//49 1145//50 1146//51
f 1146//51 1145//50 1147//52
f 1147//52 1145//50 1148//53
f 1147//52 1148//53 1149//54
f 1149//54 1148//53 1150//55
f 1149//54 1150//55 1151//56
f 1151//56 1150//55 1152//56
f 1151//57 1152//57 1153//57
f 1153//57 1152//57 1154//57
f 1153//58 1154//58 1155//58
f 1155//58 1154//58 1156//58
f 1155//59 1156//59 1157//59
f 1157//59 1156//59 1158//59
f 1157//60 1158//60 1159//60
f 1160//61 1161//61 1159//61
f 1159//61 1161//61 1162//61
f 1159//60 1162//60 1157//60
f 1161//62 1160//62 1163//62
f 1163//62 1160//62 1164//62
f 1163//63 1164//63 1165//63
f 1166//64 1167//64 1165//64
f 1165//64 1167//64 1168//64
f 1165//63 1168//63 1163//63
f 1167//65 1166//65 1169//65
f 1169//65 1166//65 1170//65
f 1169//66 1170//66 1171//66
f 1172//67 1173//67 1171//67
f 1171//67 1173//67 1174//67
f 1171//66 1174//66 1169//66
f 1173//68 1172//68 1175//68
f 1175//68 1172//68 1176//68
f 1175//69 1176//69 1177//69
f 1177//69 1176//69 1178//69
f 1177//70 1178//70 1179//70
f 1179//70 1178//70 1180//70
f 1179//71 1180//71 1181//71
f 1182//72 1183//72 1181//72
f 1181//72 1183//72 1184//72
f 1181//71 1184//71 1179//71
f 1183//73 1182//73 1185//73
f 1185//73 1182//73 1186//73
f 1185//74 1186//74 1187//74
f 1188//75 1189//75 1187//75
f 1187//75 1189//75 1190//75
f 1187//74 1190//74 1185//74
f 1189//76 1188//76 1191//76
f 1191//76 1188//76 1192//76
f 1191//77 1192//77 1193//77
f 1194//78 1195//78 1193//78
f 1193//78 1195//78 1196//78
f 1193//77 1196//77 1191//77
f 1195//79 1194//79 1197//79
f 1197//79 1194//79 1198//79
f 1197//80 1198//80 1199//80
f 1199//80 1198//80 1200//80
f 1199//81 1200//81 1201//82
f 1201//82 1200//81 1202//654
f 1201//82 1202//654 1203//84
f 1203//84 1202//654 1204//85
f 1203//84 1204//85 1205//86
f 1205//86 1204//85 1206//87
f 1205//86 1206//87 1207//88
f 1208//49 1209//50 1210//51
f 1210//51 1209//50 1211//52
f 1211//52 1209//50 1212//53
f 1211//52 1212//53 1213//54
f 1213//54 1212//53 1214//55
f 1213//54 1214//55 1215//56
f 1215//56 1214//55 1216//56
f 1215//57 1216//57 1217//57
f 1217//57 1216//57 1218//57
f 1217//58 1218//58 1219//58
f 1219//58 1218//58 1220//58
f 1219//59 1220//59 1221//59
f 1221//59 1220//59 1222//59
f 1221//60 1222//60 1223//60
f 1224//61 1225//61 1223//61
f 1223//61 1225//61 1226//61
f 1223//60 1226//60 1221//60
f 1225//62 1224//62 1227//62
f 1227//62 1224//62 1228//62
f 1227//63 1228//63 1229//63
f 1230//64 1231//64 1229//64
f 1229//64 1231//64 1232//64
f 1229//63 1232//63 1227//63
f 1231//65 1230//65 1233//65
f 1233//65 1230//65 1234//65
f 1233//66 1234//66 1235//66
f 1236//67 1237//67 1235//67
f 1235//67 1237//67 1238//67
f 1235//66 1238//66 1233//66
f 1237//68 1236//68 1239//68
f 1239//68 1236//68 1240//68
f 1239//69 1240//69 1241//69
f 1241//69 1240//69 1242//69
f 1241//70 1242//70 1243//70
f 1243//70 1242//70 1244//70
f 1243//71 1244//71 1245//71
f 1246//72 1247//72 1245//72
f 1245//72 1247//72 1248//72
f 1245//71 1248//71 1243//71
f 1247//73 1246//73 1249//73
f 1249//73 1246//73 1250//73
f 1249//74 1250//74 1251//74
f 1252//75 1253//75 1251//75
f 1251//75 1253//75 1254//75
f 1251//74 1254//74 1249//74
f 1253//76 1252//76 1255//76
f 1255//76 1252//76 1256//76
f 1255//77 1256//77 1257//77
f 1258//78 1259//78 1257//78
f 1257//78 1259//78 1260//78
f 1257//77 1260//77 1255//77
f 1259//79 1258//79 1261//79
f 1261//79 1258//79 1262//79
f 1261//80 1262//80 1263//80
f 1263//80 1262//80 1264//80
f 1263//81 1264//81 1265//82
f 1265//82 1264//81 1266//654
f 1265//82 1266//654 1267//84
f 1267//84 1266//654 1268//85
f 1267//84 1268//85 1269//86
f 1269//86 1268//85 1270//87
f 1269//86 1270//87 1271//88
f 1272//49 1273//50 1274//51
f 1274//51 1273//50 1275//52
f 1275//52 1273//50 1276//53
f 1275//52 1276//53 1277//54
f 1277//54 1276//53 1278//55
f 1277//54 1278//55 1279//56
f 1279//56 1278//55 1280//56
f 1279//57 1280//57 1281//57
f 1281//57 1280//57 1282//57
f 1281//58 1282//58 1283//58
f 1283//58 1282//58 1284//58
f 1283//59 1284//59 1285//59
f 1285//59 1284//59 1286//59
f 1285//60 1286//60 1287//60
f 1288//61 1289//655 1287//61
f 1287//61 1289//655 1290//655
f 1287//60 1290//60 1285//60
f 1289//62 1288//62 1291//62
f 1291//62 1288//62 1292//62
f 1291//63 1292//63 1293//63
f 1294//64 1295//64 1293//64
f 1293//64 1295//64 1296//64
f 1293//63 1296//63 1291//63
f 1295//65 1294//65 1297//65
f 1297//65 1294//65 1298//65
f 1297//66 1298//66 1299//66
f 1300//67 1301//67 1299//67
f 1299//67 1301//67 1302//67
f 1299//66 1302//66 1297//66
f 1301//68 1300//68 1303//68
f 1303//68 1300//68 1304//68
f 1303//69 1304//69 1305//69
f 1305//69 1304//69 1306//69
f 1305//70 1306//70 1307//70
f 1307//70 1306//70 1308//70
f 1307//71 1308//71 1309//71
f 1310//72 1311//72 1309//72
f 1309//72 1311//72 1312//72
f 1309//71 1312//71 1307//71
f 1311//73 1310//73 1313//73
f 1313//73 1310//73 1314//73
f 1313//74 1314//74 1315//74
f 1316//75 1317//75 1315//75
f 1315//75 1317//75 1318//75
f 1315//74 1318//74 1313//74
f 1317//656 1316//76 1319//656
f 1319//656 1316//76 1320//76
f 1319//77 1320//77 1321//77
f 1322//78 1323//78 1321//78
f 1321//78 1323//78 1324//78
f 1321//77 1324//77 1319//77
f 1323//79 1322//79 1325//79
f 1325//79 1322//79 1326//79
f 1325//80 1326//80 1327//80
f 1327//80 1326//80 1328//80
f 1327//81 1328//81 1329//82
f 1329//82 1328//81 1330//654
f 1329//82 1330//654 1331//84
f 1331//84 1330//654 1332//85
f 1331//84 1332//85 1333//86
f 1333//86 1332//85 1334//87
f 1333//86 1334//87 1335//88
f 1336//49 1337//50 1338//51
f 1338//51 1337//50 1339//52
f 1339//52 1337//50 1340//53
f 1339//52 1340//53 1341//657
f 1341//657 1340//53 1342//55
f 1341//657 1342//55 1343//56
f 1343//56 1342//55 1344//56
f 1343//57 1344//57 1345//57
f 1345//57 1344//57 1346//57
f 1345//58 1346//58 1347//58
f 1347//58 1346//58 1348//58
f 1347//59 1348//59 1349//59
f 1349//59 1348//59 1350//59
f 1349//60 1350//60 1351//60
f 1352//655 1353//61 1351//655
f 1351//655 1353//61 1354//61
f 1351//60 1354//60 1349//60
f 1353//62 1352//62 1355//62
f 1355//62 1352//62 1356//62
f 1355//63 1356//63 1357//63
f 1358//64 1359//64 1357//64
f 1357//64 1359//64 1360//64
f 1357//63 1360//63 1355//63
f 1359//65 1358//65 1361//65
f 1361//65 1358//65 1362//65
f 1361//66 1362//66 1363//66
f 1364//67 1365//67 1363//67
f 1363//67 1365//67 1366//67
f 1363//66 1366//66 1361//66
f 1365//68 1364//68 1367//68
f 1367//68 1364//68 1368//68
f 1367//69 1368//69 1369//69
f 1369//69 1368//69 1370//69
f 1369//70 1370//70 1371//70
f 1371//70 1370//70 1372//70
f 1371//71 1372//71 1373//71
f 1374//72 1375//72 1373//72
f 1373//72 1375//72 1376//72
f 1373//71 1376//71 1371//71
f 1375//73 1374//73 1377//73
f 1377//73 1374//73 1378//73
f 1377//74 1378//74 1379//74
f 1380//75 1381//75 1379//75
f 1379//75 1381//75 1382//75
f 1379//74 1382//74 1377//74
f 1381//76 1380//656 1383//76
f 1383//76 1380//656 1384//656
f 1383//77 1384//77 1385//77
f 1386//78 1387//78 1385//78
f 1385//78 1387//78 1388//78
f 1385//77 1388//77 1383//77
f 1387//79 1386//79 1389//79
f 1389//79 1386//79 1390//79
f 1389//80 1390//80 1391//80
f 1391//80 1390//80 1392//80
f 1391//81 1392//81 1393//82
f 1393//82 1392//81 1394//654
f 1393//82 1394//654 1395//84
f 1395//84 1394//654 1396//85
f 1395//84 1396//85 1397//86
f 1397//86 1396//85 1398//87
f 1397//86 1398//87 1399//88
f 1400//658 1401//658 1402//658
f 1402//658 1401//658 1403//658
f 1402//658 1403//658 1404//658
f 1401//658 1400//658 1405//658
f 1405//658 1400//658 1406//658
f 1405//658 1406//658 1407//658
f 1407//658 1406//658 1408//658
f 1407//658 1408//658 1409//658
f 1409//658 1408//658 1410//658
f 1409//658 1410//658 1411//658
f 1411//658 1410//658 1412//658
f 1411//658 1412//658 1413//658
f 1413//658 1412//658 1414//658
f 1413//658 1414//658 1415//658
f 1415//658 1414//658 1416//658
f 1415//658 1416//658 1417//658
f 1417//658 1416//658 1418//658
f 1417//658 1418//658 1419//658
f 1419//658 1418//658 1420//658
f 1419//658 1420//658 1421//658
f 1421//658 1420//658 1422//658
f 1421//658 1422//658 1423//658
f 1423//658 1422//658 1424//658
f 1424//658 1422//658 1425//658
f 1424//658 1425//658 1426//658
f 1426//658 1425//658 1427//658
f 1426//658 1427//658 1428//658
f 1428//658 1427//658 1429//658
f 1428//658 1429//658 1430//658
f 1430//658 1429//658 1431//658
f 1430//658 1431//658 1432//658
f 1432//658 1431//658 1433//658
f 1432//658 1433//658 1434//658
f 1434//658 1433//658 1435//658
f 1434//658 1435//658 1436//658
f 1436//658 1435//658 1437//658
f 1436//658 1437//658 1438//658
f 1438//658 1437//658 1439//658
f 1438//658 1439//658 1440//658
f 1440//658 1439//658 1441//658
f 1440//658 1441//658 1442//658
f 1442//658 1441//658 1443//658
f 1442//658 1443//658 1444//658
f 1444//658 1443//658 1445//658
f 1445//658 1443//658 1446//658
f 1445//658 1446//658 1447//658
f 1447//658 1446//658 1448//658
f 1447//658 1448//658 1449//658
f 1449//658 1448//658 1450//658
f 1449//658 1450//658 1451//658
f 1451//658 1450//658 1452//658
f 1451//658 1452//658 1453//658
f 1453//658 1452//658 1454//658
f 1453//658 1454//658 1455//658
f 1455//658 1454//658 1456//658
f 1455//658 1456//658 1457//658
f 1457//658 1456//658 1458//658
f 1457//658 1458//658 1459//658
f 1459//658 1458//658 1460//658
f 1459//658 1460//658 1461//658
f 1461//658 1460//658 1462//658
f 1461//658 1462//658 1463//658
f 1463//658 1462//658 1464//658
f 1463//658 1464//658 1465//658
f 1465//658 1464//658 1466//658
f 1465//658 1466//658 1467//658
f 1467//658 1466//658 1468//658
f 1468//658 1466//658 1469//658
f 1468//658 1469//658 1470//658
f 1470//658 1469//658 1471//658
f 1470//658 1471//658 1472//658
f 1472//658 1471//658 1473//658
f 1472//658 1473//658 1474//658
f 1474//658 1473//658 1475//658
f 1474//658 1475//658 1476//658
f 1476//658 1475//658 1477//658
f 1476//658 1477//658 1478//658
f 1478//658 1477//658 1479//658
f 1478//658 1479//658 1480//658
f 1480//658 1479//658 1481//658
f 1480//658 1481//658 1482//658
f 1482//658 1481//658 1483//658
f 1482//658 1483//658 1484//658
f 1484//658 1483//658 1485//658
f 1484//658 1485//658 1404//658
f 1404//658 1485//658 1402//658
f 1143//659 1444//659 639//659
f 639//660 1444//660 1445//660
f 639//661 1445//661 637//661
f 637//662 1445//663 1447//664
f 637//662 1447//664 636//665
f 636//666 1447//666 635//666
f 635//667 1447//667 1449//667
f 635//668 1449//668 634//668
f 634//669 1449//669 1451//669
f 634//670 1451//670 632//670
f 632//671 1451//672 631//673
f 631//673 1451//672 1453//674
f 631//675 1453//675 630//675
f 630//676 1453//676 1455//676
f 630//677 1455//677 628//677
f 628//678 1455//679 627//680
f 627//680 1455//679 1457//681
f 627//682 1457//682 626//682
f 626//683 1457//683 1459//683
f 626//684 1459//684 624//684
f 624//685 1459//686 1461//687
f 624//685 1461//687 623//688
f 623//689 1461//689 621//689
f 621//690 1461//690 1463//690
f 621//691 1463//691 620//691
f 620//692 1463//692 1465//692
f 620//693 1465//693 618//693
f 618//694 1465//694 617//694
f 617//695 1465//695 1467//695
f 617//696 1467//696 615//696
f 615//697 1467//697 1468//697
f 615//698 1468//698 614//698
f 614//699 1468//700 1470//700
f 614//699 1470//700 612//699
f 612//701 1470//701 611//701
f 611//702 1470//702 1472//702
f 611//703 1472//703 609//703
f 609//704 1472//704 1474//704
f 609//705 1474//705 608//705
f 608//706 1474//706 607//706
f 607//707 1474//707 1476//707
f 607//708 1476//708 605//708
f 605//709 1476//709 1478//709
f 605//710 1478//710 604//710
f 604//711 1478//712 603//713
f 603//713 1478//712 1480//714
f 603//715 1480//715 601//715
f 601//716 1480//716 1482//716
f 601//717 1482//717 600//717
f 600//718 1482//719 1484//720
f 600//718 1484//720 599//721
f 599//722 1484//722 598//722
f 598//723 1484//723 1404//723
f 598//724 1404//724 597//724
f 597//725 1404//725 1403//725
f 597//726 1403//726 595//726
f 595//727 1403//727 593//727
f 593//728 1403//728 1401//728
f 593//729 1401//729 591//729
f 591//730 1401//730 1405//730
f 591//731 1405//731 589//731
f 589//732 1405//733 587//734
f 587//734 1405//733 1407//735
f 587//736 1407//736 1141//736
f 1141//737 1407//737 1409//737
f 1141//738 1409//738 583//738
f 583//739 1409//740 1411//741
f 583//739 1411//741 580//742
f 580//743 1411//743 581//743
f 581//744 1411//744 1413//744
f 581//745 1413//745 578//745
f 578//746 1413//746 1415//746
f 578//747 1415//747 573//747
f 573//748 1415//748 571//748
f 571//749 1415//749 1417//749
f 571//750 1417//750 569//750
f 569//751 1417//751 1419//751
f 569//752 1419//752 568//752
f 568//753 1419//754 563//753
f 563//753 1419//754 1421//754
f 563//755 1421//755 561//755
f 561//756 1421//756 1423//756
f 561//757 1423//757 559//757
f 559//758 1423//758 1424//758
f 559//759 1424//759 556//759
f 556//760 1424//760 554//760
f 554//761 1424//761 1426//761
f 554//762 1426//762 552//762
f 552//763 1426//763 1428//763
f 552//764 1428//764 551//764
f 551//765 1428//766 546//767
f 546//767 1428//766 1430//768
f 546//769 1430//769 544//769
f 544//770 1430//770 1432//770
f 544//771 1432//771 541//771
f 541//772 1432//773 1434//774
f 541//772 1434//774 542//775
f 542//776 1434//776 539//776
f 539//777 1434//777 1436//777
f 539//778 1436//778 534//778
f 534//779 1436//780 1438//781
f 534//779 1438//781 535//782
f 535//783 1438//783 536//783
f 536//784 1438//784 1440//784
f 536//785 1440//785 528//785
f 528//786 1440//786 1442//786
f 528//787 1442//787 1142//787
f 1142//788 1442//789 1143//790
f 1143//790 1442//789 1444//791
f 445//792 1446//792 443//792
f 443//793 1446//793 1443//793
f 443//794 1443//794 444//794
f 444//795 1443//796 447//797
f 447//797 1443//796 1441//798
f 447//799 1441//799 449//799
f 449//800 1441//800 1439//800
f 449//801 1439//801 451//801
f 451//802 1439//802 453//802
f 453//803 1439//803 1437//803
f 453//804 1437//804 455//804
f 455//805 1437//805 1435//805
f 455//806 1435//806 457//806
f 457//807 1435//807 458//807
f 458//808 1435//808 1433//808
f 458//809 1433//809 459//809
f 459//810 1433//811 1431//812
f 459//810 1431//812 463//813
f 463//814 1431//814 464//814
f 464//815 1431//815 1429//815
f 464//816 1429//816 465//816
f 465//817 1429//818 1427//819
f 465//817 1427//819 469//820
f 469//821 1427//821 470//821
f 470//822 1427//822 1425//822
f 470//823 1425//823 471//823
f 471//824 1425//825 475//826
f 475//826 1425//825 1422//827
f 475//828 1422//828 477//828
f 477//829 1422//829 1420//829
f 477//830 1420//830 479//830
f 479//831 1420//831 480//831
f 480//832 1420//832 1418//832
f 480//833 1418//833 481//833
f 481//834 1418//834 1416//834
f 481//835 1416//835 485//835
f 485//836 1416//836 486//836
f 486//837 1416//837 1414//837
f 486//838 1414//838 487//838
f 487//839 1414//840 1412//841
f 487//839 1412//841 491//842
f 491//843 1412//843 492//843
f 492//844 1412//844 1410//844
f 492//845 1410//845 493//845
f 493//846 1410//847 497//848
f 497//848 1410//847 1408//849
f 497//850 1408//850 499//850
f 499//851 1408//851 1406//851
f 499//852 1406//852 501//852
f 501//853 1406//854 503//855
f 503//855 1406//854 1400//856
f 503//857 1400//857 505//857
f 505//858 1400//858 1402//858
f 505//859 1402//859 506//859
f 506//860 1402//860 504//860
f 504//861 1402//861 1485//861
f 504//862 1485//862 502//862
f 502//863 1485//864 1483//865
f 502//863 1483//865 500//866
f 500//867 1483//867 498//867
f 498//868 1483//868 1481//868
f 498//869 1481//869 496//869
f 496//870 1481//871 1479//872
f 496//870 1479//872 494//873
f 494//874 1479//874 495//874
f 495//875 1479//875 1477//875
f 495//876 1477//876 490//876
f 490//877 1477//878 488//879
f 488//879 1477//878 1475//880
f 488//881 1475//881 489//881
f 489//882 1475//882 1473//882
f 489//883 1473//883 484//883
f 484//884 1473//884 482//884
f 482//885 1473//885 1471//885
f 482//886 1471//886 483//886
f 483//887 1471//887 1469//887
f 483//888 1469//888 478//888
f 478//889 1469//889 476//889
f 476//890 1469//890 1466//890
f 476//891 1466//891 474//891
f 474//892 1466//893 1464//894
f 474//892 1464//894 472//895
f 472//896 1464//896 473//896
f 473//897 1464//897 1462//897
f 473//898 1462//898 468//898
f 468//899 1462//900 1460//901
f 468//899 1460//901 466//902
f 466//903 1460//903 467//903
f 467//904 1460//904 1458//904
f 467//905 1458//905 462//905
f 462//906 1458//907 460//908
f 460//908 1458//907 1456//909
f 460//910 1456//910 461//910
f 461//911 1456//911 1454//911
f 461//912 1454//912 456//912
f 456//913 1454//913 454//913
f 454//914 1454//914 1452//914
f 454//915 1452//915 452//915
f 452//916 1452//916 1450//916
f 452//917 1450//917 450//917
f 450//918 1450//918 448//918
f 448//919 1450//919 1448//919
f 448//920 1448//920 446//920
f 446//921 1448//922 1446//923
f 446//921 1446//923 445//924
f 1486//658 1487//658 1488//658
f 1488//658 1487//658 1489//658
f 1488//658 1489//658 1490//658
f 1487//658 1486//658 1491//658
f 1491//658 1486//658 1492//658
f 1491//658 1492//658 1493//658
f 1493//658 1492//658 1494//658
f 1493//658 1494//658 1495//658
f 1495//658 1494//658 1496//658
f 1495//658 1496//658 1497//658
f 1497//658 1496//658 1498//658
f 1497//658 1498//658 1499//658
f 1499//658 1498//658 1500//658
f 1499//658 1500//658 1501//658
f 1501//658 1500//658 1502//658
f 1501//658 1502//658 1503//658
f 1503//658 1502//658 1504//658
f 1503//658 1504//658 1505//658
f 1505//658 1504//658 1506//658
f 1505//658 1506//658 1507//658
f 1507//658 1506//658 1508//658
f 1507//658 1508//658 1509//658
f 1509//658 1508//658 1510//658
f 1510//658 1508//658 1511//658
f 1510//658 1511//658 1512//658
f 1512//658 1511//658 1513//658
f 1512//658 1513//658 1514//658
f 1514//658 1513//658 1515//658
f 1514//658 1515//658 1516//658
f 1516//658 1515//658 1517//658
f 1516//658 1517//658 1518//658
f 1518//658 1517//658 1519//658
f 1518//658 1519//658 1520//658
f 1520//658 1519//658 1521//658
f 1520//658 1521//658 1522//658
f 1522//658 1521//658 1523//658
f 1522//658 1523//658 1524//658
f 1524//658 1523//658 1525//658
f 1524//658 1525//658 1526//658
f 1526//658 1525//658 1527//658
f 1526//658 1527//658 1528//658
f 1528//658 1527//658 1529//658
f 1528//658 1529//658 1530//658
f 1530//658 1529//658 1531//658
f 1531//658 1529//658 1532//658
f 1531//658 1532//658 1533//658
f 1533//658 1532//658 1534//658
f 1533//658 1534//658 1535//658
f 1535//658 1534//658 1536//658
f 1535//658 1536//658 1537//658
f 1537//658 1536//658 1538//658
f 1537//658 1538//658 1539//658
f 1539//658 1538//658 1540//658
f 1539//658 1540//658 1541//658
f 1541//658 1540//658 1542//658
f 1541//658 1542//658 1543//658
f 1543//658 1542//658 1544//658
f 1543//658 1544//658 1545//658
f 1545//658 1544//658 1546//658
f 1545//658 1546//658 1547//658
f 1547//658 1546//658 1548//658
f 1547//658 1548//658 1549//658
f 1549//658 1548//658 1550//658
f 1549//658 1550//658 1551//658
f 1551//658 1550//658 1552//658
f 1551//658 1552//658 1553//658
f 1553//658 1552//658 1554//658
f 1554//658 1552//658 1555//658
f 1554//658 1555//658 1556//658
f 1556//658 1555//658 1557//658
f 1556//658 1557//658 1558//658
f 1558//658 1557//658 1559//658
f 1558//658 1559//658 1560//658
f 1560//658 1559//658 1561//658
f 1560//658 1561//658 1562//658
f 1562//658 1561//658 1563//658
f 1562//658 1563//658 1564//658
f 1564//658 1563//658 1565//658
f 1564//658 1565//658 1566//658
f 1566//658 1565//658 1567//658
f 1566//658 1567//658 1568//658
f 1568//658 1567//658 1569//658
f 1568//658 1569//658 1570//658
f 1570//658 1569//658 1571//658
f 1570//658 1571//658 1490//658
f 1490//658 1571//658 1488//658
f 737//659 1530//659 735//659
f 735//660 1530//660 1531//660
f 735//661 1531//661 733//661
f 733//662 1531//663 1533//664
f 733//662 1533//664 731//665
f 731//666 1533//666 729//666
f 729//667 1533//667 1535//667
f 729//668 1535//668 730//668
f 730//669 1535//669 1537//669
f 730//670 1537//670 725//670
f 725//671 1537//672 723//673
f 723//673 1537//672 1539//674
f 723//675 1539//675 721//675
f 721//676 1539//676 1541//676
f 721//677 1541//677 719//677
f 719//678 1541//925 717//926
f 717//926 1541//925 1543//681
f 717//682 1543//682 718//682
f 718//683 1543//683 1545//683
f 718//927 1545//927 713//927
f 713//685 1545//686 1547//687
f 713//685 1547//687 712//688
f 712//689 1547//689 709//689
f 709//690 1547//690 1549//690
f 709//691 1549//691 710//691
f 710//692 1549//692 1551//692
f 710//693 1551//693 705//693
f 705//694 1551//694 703//694
f 703//695 1551//695 1553//695
f 703//696 1553//696 704//696
f 704//697 1553//697 1554//697
f 704//698 1554//698 699//698
f 699//699 1554//700 1556//700
f 699//699 1556//700 698//699
f 698//701 1556//701 695//701
f 695//702 1556//702 1558//702
f 695//703 1558//703 696//703
f 696//704 1558//704 1560//704
f 696//705 1560//705 691//705
f 691//706 1560//706 689//706
f 689//707 1560//707 1562//707
f 689//708 1562//708 687//708
f 687//709 1562//709 1564//709
f 687//710 1564//710 685//710
f 685//711 1564//712 683//713
f 683//713 1564//712 1566//714
f 683//715 1566//715 684//715
f 684//716 1566//716 1568//716
f 684//717 1568//717 679//717
f 679//718 1568//719 1570//928
f 679//718 1570//928 677//721
f 677//722 1570//722 675//722
f 675//723 1570//723 1490//723
f 675//724 1490//724 661//724
f 661//725 1490//725 1489//725
f 661//726 1489//726 662//726
f 662//727 1489//727 797//727
f 797//728 1489//728 1487//728
f 797//729 1487//729 795//729
f 795//730 1487//730 1491//730
f 795//731 1491//731 793//731
f 793//732 1491//733 794//734
f 794//734 1491//733 1493//735
f 794//736 1493//736 789//736
f 789//737 1493//737 1495//737
f 789//738 1495//738 787//738
f 787//739 1495//740 1497//741
f 787//739 1497//741 785//742
f 785//743 1497//743 783//743
f 783//744 1497//744 1499//744
f 783//745 1499//745 781//745
f 781//746 1499//746 1501//746
f 781//747 1501//747 782//747
f 782//748 1501//748 777//748
f 777//749 1501//749 1503//749
f 777//750 1503//750 776//750
f 776//751 1503//751 1505//751
f 776//752 1505//752 773//752
f 773//753 1505//754 774//753
f 774//753 1505//754 1507//754
f 774//755 1507//755 769//755
f 769//756 1507//756 1509//756
f 769//757 1509//757 767//757
f 767//758 1509//758 1510//758
f 767//759 1510//759 768//759
f 768//929 1510//929 763//929
f 763//761 1510//761 1512//761
f 763//762 1512//762 762//762
f 762//763 1512//763 1514//763
f 762//764 1514//764 759//764
f 759//765 1514//930 760//767
f 760//767 1514//930 1516//768
f 760//769 1516//769 755//769
f 755//770 1516//770 1518//770
f 755//771 1518//771 753//771
f 753//931 1518//773 1520//932
f 753//931 1520//932 751//775
f 751//776 1520//776 749//776
f 749//777 1520//777 1522//777
f 749//778 1522//778 747//778
f 747//779 1522//780 1524//781
f 747//779 1524//781 748//782
f 748//783 1524//783 743//783
f 743//784 1524//784 1526//784
f 743//785 1526//785 741//785
f 741//786 1526//786 1528//786
f 741//787 1528//787 739//787
f 739//788 1528//789 737//790
f 737//790 1528//789 1530//791
f 1146//792 1532//792 1144//792
f 1144//793 1532//793 1529//793
f 1144//794 1529//794 1145//794
f 1145//795 1529//933 1148//797
f 1148//797 1529//933 1527//798
f 1148//799 1527//799 1150//799
f 1150//800 1527//800 1525//800
f 1150//801 1525//801 1152//801
f 1152//802 1525//802 1154//802
f 1154//803 1525//803 1523//803
f 1154//804 1523//804 1156//804
f 1156//805 1523//805 1521//805
f 1156//806 1521//806 1158//806
f 1158//807 1521//807 1159//807
f 1159//808 1521//808 1519//808
f 1159//809 1519//809 1160//809
f 1160//810 1519//811 1517//812
f 1160//810 1517//812 1164//813
f 1164//814 1517//814 1165//814
f 1165//815 1517//815 1515//815
f 1165//816 1515//816 1166//816
f 1166//817 1515//818 1513//934
f 1166//817 1513//934 1170//820
f 1170//821 1513//821 1171//821
f 1171//822 1513//822 1511//822
f 1171//823 1511//823 1172//823
f 1172//824 1511//825 1176//826
f 1176//826 1511//825 1508//827
f 1176//828 1508//828 1178//828
f 1178//829 1508//829 1506//829
f 1178//830 1506//830 1180//830
f 1180//831 1506//831 1181//831
f 1181//832 1506//832 1504//832
f 1181//833 1504//833 1182//833
f 1182//834 1504//834 1502//834
f 1182//835 1502//835 1186//835
f 1186//836 1502//836 1187//836
f 1187//837 1502//837 1500//837
f 1187//838 1500//838 1188//838
f 1188//935 1500//840 1498//841
f 1188//935 1498//841 1192//842
f 1192//843 1498//843 1193//843
f 1193//844 1498//844 1496//844
f 1193//845 1496//845 1194//845
f 1194//846 1496//847 1198//848
f 1198//848 1496//847 1494//849
f 1198//850 1494//850 1200//850
f 1200//851 1494//851 1492//851
f 1200//852 1492//852 1202//852
f 1202//853 1492//854 1204//855
f 1204//855 1492//854 1486//856
f 1204//857 1486//857 1206//857
f 1206//858 1486//858 1488//858
f 1206//859 1488//859 1207//859
f 1207//860 1488//860 1205//860
f 1205//861 1488//861 1571//861
f 1205//862 1571//862 1203//862
f 1203//863 1571//864 1569//865
f 1203//863 1569//865 1201//866
f 1201//867 1569//867 1199//867
f 1199//868 1569//868 1567//868
f 1199//869 1567//869 1197//869
f 1197//936 1567//871 1565//872
f 1197//936 1565//872 1195//873
f 1195//874 1565//874 1196//874
f 1196//875 1565//875 1563//875
f 1196//876 1563//876 1191//876
f 1191//877 1563//937 1189//879
f 1189//879 1563//937 1561//880
f 1189//881 1561//881 1190//881
f 1190//882 1561//882 1559//882
f 1190//883 1559//883 1185//883
f 1185//884 1559//884 1183//884
f 1183//885 1559//885 1557//885
f 1183//886 1557//886 1184//886
f 1184//938 1557//938 1555//938
f 1184//888 1555//888 1179//888
f 1179//889 1555//889 1177//889
f 1177//890 1555//890 1552//890
f 1177//891 1552//891 1175//891
f 1175//892 1552//893 1550//894
f 1175//892 1550//894 1173//895
f 1173//896 1550//896 1174//896
f 1174//897 1550//897 1548//897
f 1174//898 1548//898 1169//898
f 1169//899 1548//900 1546//901
f 1169//899 1546//901 1167//902
f 1167//903 1546//903 1168//903
f 1168//904 1546//904 1544//904
f 1168//905 1544//905 1163//905
f 1163//906 1544//907 1161//908
f 1161//908 1544//907 1542//909
f 1161//910 1542//910 1162//910
f 1162//911 1542//911 1540//911
f 1162//912 1540//912 1157//912
f 1157//913 1540//913 1155//913
f 1155//914 1540//914 1538//914
f 1155//915 1538//915 1153//915
f 1153//916 1538//916 1536//916
f 1153//917 1536//917 1151//917
f 1151//918 1536//918 1149//918
f 1149//919 1536//919 1534//919
f 1149//920 1534//920 1147//920
f 1147//921 1534//922 1532//939
f 1147//921 1532//939 1146//924
f 1572//658 1573//658 1574//658
f 1574//658 1573//658 1575//658
f 1574//658 1575//658 1576//658
f 1573//658 1572//658 1577//658
f 1577//658 1572//658 1578//658
f 1577//658 1578//658 1579//658
f 1579//658 1578//658 1580//658
f 1579//658 1580//658 1581//658
f 1581//658 1580//658 1582//658
f 1581//658 1582//658 1583//658
f 1583//658 1582//658 1584//658
f 1583//658 1584//658 1585//658
f 1585//658 1584//658 1586//658
f 1585//658 1586//658 1587//658
f 1587//658 1586//658 1588//658
f 1587//658 1588//658 1589//658
f 1589//658 1588//658 1590//658
f 1589//658 1590//658 1591//658
f 1591//658 1590//658 1592//658
f 1591//658 1592//658 1593//658
f 1593//658 1592//658 1594//658
f 1593//658 1594//658 1595//658
f 1595//658 1594//658 1596//658
f 1596//658 1594//658 1597//658
f 1596//658 1597//658 1598//658
f 1598//658 1597//658 1599//658
f 1598//658 1599//658 1600//658
f 1600//658 1599//658 1601//658
f 1600//658 1601//658 1602//658
f 1602//658 1601//658 1603//658
f 1602//658 1603//658 1604//658
f 1604//658 1603//658 1605//658
f 1604//658 1605//658 1606//658
f 1606//658 1605//658 1607//658
f 1606//658 1607//658 1608//658
f 1608//658 1607//658 1609//658
f 1608//658 1609//658 1610//658
f 1610//658 1609//658 1611//658
f 1610//658 1611//658 1612//658
f 1612//658 1611//658 1613//658
f 1612//658 1613//658 1614//658
f 1614//658 1613//658 1615//658
f 1614//658 1615//658 1616//658
f 1616//658 1615//658 1617//658
f 1617//658 1615//658 1618//658
f 1617//658 1618//658 1619//658
f 1619//658 1618//658 1620//658
f 1619//658 1620//658 1621//658
f 1621//658 1620//658 1622//658
f 1621//658 1622//658 1623//658
f 1623//658 1622//658 1624//658
f 1623//658 1624//658 1625//658
f 1625//658 1624//658 1626//658
f 1625//658 1626//658 1627//658
f 1627//658 1626//658 1628//658
f 1627//658 1628//658 1629//658
f 1629//658 1628//658 1630//658
f 1629//658 1630//658 1631//658
f 1631//658 1630//658 1632//658
f 1631//658 1632//658 1633//658
f 1633//658 1632//658 1634//658
f 1633//658 1634//658 1635//658
f 1635//658 1634//658 1636//658
f 1635//658 1636//658 1637//658
f 1637//658 1636//658 1638//658
f 1637//658 1638//658 1639//658
f 1639//658 1638//658 1640//658
f 1640//658 1638//658 1641//658
f 1640//658 1641//658 1642//658
f 1642//658 1641//658 1643//658
f 1642//658 1643//658 1644//658
f 1644//658 1643//658 1645//658
f 1644//658 1645//658 1646//658
f 1646//658 1645//658 1647//658
f 1646//658 1647//658 1648//658
f 1648//658 1647//658 1649//658
f 1648//658 1649//658 1650//658
f 1650//658 1649//658 1651//658
f 1650//658 1651//658 1652//658
f 1652//658 1651//658 1653//658
f 1652//658 1653//658 1654//658
f 1654//658 1653//658 1655//658
f 1654//658 1655//658 1656//658
f 1656//658 1655//658 1657//658
f 1656//658 1657//658 1576//658
f 1576//658 1657//658 1574//658
f 1099//659 1616//659 858//659
f 858//660 1616//660 1617//660
f 858//661 1617//661 857//661
f 857//662 1617//663 1619//664
f 857//662 1619//664 856//665
f 856//666 1619//666 854//666
f 854//667 1619//667 1621//667
f 854//668 1621//668 852//668
f 852//669 1621//669 1623//669
f 852//670 1623//670 1139//670
f 1139//671 1623//672 848//673
f 848//673 1623//672 1625//674
f 848//675 1625//675 846//675
f 846//676 1625//676 1627//676
f 846//677 1627//677 1140//677
f 1140//678 1627//679 841//680
f 841//680 1627//679 1629//681
f 841//682 1629//682 839//682
f 839//683 1629//683 1631//683
f 839//927 1631//927 837//927
f 837//685 1631//686 1633//940
f 837//685 1633//940 835//688
f 835//689 1633//689 834//689
f 834//690 1633//690 1635//690
f 834//691 1635//691 829//691
f 829//692 1635//692 1637//692
f 829//941 1637//941 827//941
f 827//694 1637//694 825//694
f 825//695 1637//695 1639//695
f 825//696 1639//696 822//696
f 822//697 1639//697 1640//697
f 822//698 1640//698 820//698
f 820//699 1640//700 1642//700
f 820//699 1642//700 818//699
f 818//701 1642//701 817//701
f 817//702 1642//702 1644//702
f 817//703 1644//703 812//703
f 812//704 1644//704 1646//704
f 812//705 1646//705 810//705
f 810//706 1646//706 807//706
f 807//707 1646//707 1648//707
f 807//708 1648//708 808//708
f 808//709 1648//709 1650//709
f 808//710 1650//710 805//710
f 805//711 1650//712 800//713
f 800//713 1650//712 1652//714
f 800//715 1652//715 801//715
f 801//716 1652//716 1654//716
f 801//717 1654//717 802//717
f 802//718 1654//719 1656//928
f 802//718 1656//928 670//721
f 670//722 1656//722 668//722
f 668//723 1656//723 1576//723
f 668//724 1576//724 666//724
f 666//725 1576//725 1575//725
f 666//726 1575//726 875//726
f 875//727 1575//727 876//727
f 876//728 1575//728 1573//728
f 876//729 1573//729 1137//729
f 1137//730 1573//730 1577//730
f 1137//731 1577//731 1136//731
f 1136//732 1577//942 1135//734
f 1135//734 1577//942 1579//735
f 1135//736 1579//736 1134//736
f 1134//737 1579//737 1581//737
f 1134//738 1581//738 1133//738
f 1133//739 1581//740 1583//741
f 1133//739 1583//741 1132//742
f 1132//743 1583//743 1130//743
f 1130//744 1583//744 1585//744
f 1130//745 1585//745 1129//745
f 1129//746 1585//746 1587//746
f 1129//747 1587//747 1128//747
f 1128//748 1587//748 1126//748
f 1126//749 1587//749 1589//749
f 1126//750 1589//750 1125//750
f 1125//751 1589//751 1591//751
f 1125//752 1591//752 1123//752
f 1123//753 1591//754 1122//753
f 1122//753 1591//754 1593//754
f 1122//755 1593//755 1120//755
f 1120//756 1593//756 1595//756
f 1120//757 1595//757 1119//757
f 1119//758 1595//758 1596//758
f 1119//759 1596//759 1117//759
f 1117//929 1596//929 1116//929
f 1116//761 1596//761 1598//761
f 1116//762 1598//762 1114//762
f 1114//763 1598//763 1600//763
f 1114//764 1600//764 1113//764
f 1113//765 1600//930 1111//767
f 1111//767 1600//930 1602//768
f 1111//943 1602//943 1110//943
f 1110//770 1602//770 1604//770
f 1110//771 1604//771 1109//771
f 1109//772 1604//773 1606//774
f 1109//772 1606//774 1107//775
f 1107//776 1606//776 1106//776
f 1106//777 1606//777 1608//777
f 1106//778 1608//778 1105//778
f 1105//779 1608//780 1610//781
f 1105//779 1610//781 1103//782
f 1103//783 1610//783 1102//783
f 1102//784 1610//784 1612//784
f 1102//785 1612//785 1101//785
f 1101//786 1612//786 1614//786
f 1101//787 1614//787 1100//787
f 1100//788 1614//789 1099//790
f 1099//790 1614//789 1616//791
f 1210//792 1618//792 1208//792
f 1208//793 1618//793 1615//793
f 1208//794 1615//794 1209//794
f 1209//795 1615//796 1212//797
f 1212//797 1615//796 1613//798
f 1212//799 1613//799 1214//799
f 1214//800 1613//800 1611//800
f 1214//801 1611//801 1216//801
f 1216//802 1611//802 1218//802
f 1218//803 1611//803 1609//803
f 1218//804 1609//804 1220//804
f 1220//805 1609//805 1607//805
f 1220//806 1607//806 1222//806
f 1222//807 1607//807 1223//807
f 1223//808 1607//808 1605//808
f 1223//809 1605//809 1224//809
f 1224//810 1605//811 1603//812
f 1224//810 1603//812 1228//813
f 1228//814 1603//814 1229//814
f 1229//815 1603//815 1601//815
f 1229//816 1601//816 1230//816
f 1230//944 1601//818 1599//945
f 1230//944 1599//945 1234//820
f 1234//821 1599//821 1235//821
f 1235//822 1599//822 1597//822
f 1235//823 1597//823 1236//823
f 1236//824 1597//825 1240//826
f 1240//826 1597//825 1594//827
f 1240//828 1594//828 1242//828
f 1242//829 1594//829 1592//829
f 1242//830 1592//830 1244//830
f 1244//831 1592//831 1245//831
f 1245//946 1592//946 1590//946
f 1245//833 1590//833 1246//833
f 1246//834 1590//834 1588//834
f 1246//835 1588//835 1250//835
f 1250//836 1588//836 1251//836
f 1251//837 1588//837 1586//837
f 1251//838 1586//838 1252//838
f 1252//839 1586//840 1584//947
f 1252//839 1584//947 1256//842
f 1256//843 1584//843 1257//843
f 1257//844 1584//844 1582//844
f 1257//845 1582//845 1258//845
f 1258//846 1582//847 1262//848
f 1262//848 1582//847 1580//849
f 1262//850 1580//850 1264//850
f 1264//851 1580//851 1578//851
f 1264//852 1578//852 1266//852
f 1266//853 1578//854 1268//855
f 1268//855 1578//854 1572//856
f 1268//857 1572//857 1270//857
f 1270//858 1572//858 1574//858
f 1270//859 1574//859 1271//859
f 1271//860 1574//860 1269//860
f 1269//861 1574//861 1657//861
f 1269//862 1657//862 1267//862
f 1267//863 1657//864 1655//865
f 1267//863 1655//865 1265//866
f 1265//867 1655//867 1263//867
f 1263//868 1655//868 1653//868
f 1263//869 1653//869 1261//869
f 1261//870 1653//871 1651//872
f 1261//870 1651//872 1259//873
f 1259//874 1651//874 1260//874
f 1260//875 1651//875 1649//875
f 1260//876 1649//876 1255//876
f 1255//877 1649//937 1253//879
f 1253//879 1649//937 1647//880
f 1253//881 1647//881 1254//881
f 1254//882 1647//882 1645//882
f 1254//883 1645//883 1249//883
f 1249//884 1645//884 1247//884
f 1247//885 1645//885 1643//885
f 1247//886 1643//886 1248//886
f 1248//938 1643//938 1641//938
f 1248//888 1641//888 1243//888
f 1243//889 1641//889 1241//889
f 1241//890 1641//890 1638//890
f 1241//891 1638//891 1239//891
f 1239//892 1638//893 1636//894
f 1239//892 1636//894 1237//895
f 1237//896 1636//896 1238//896
f 1238//897 1636//897 1634//897
f 1238//898 1634//898 1233//898
f 1233//899 1634//900 1632//901
f 1233//899 1632//901 1231//902
f 1231//903 1632//903 1232//903
f 1232//904 1632//904 1630//904
f 1232//905 1630//905 1227//905
f 1227//906 1630//907 1225//908
f 1225//908 1630//907 1628//909
f 1225//910 1628//910 1226//910
f 1226//911 1628//911 1626//911
f 1226//912 1626//912 1221//912
f 1221//913 1626//913 1219//913
f 1219//914 1626//914 1624//914
f 1219//915 1624//915 1217//915
f 1217//916 1624//916 1622//916
f 1217//917 1622//917 1215//917
f 1215//918 1622//918 1213//918
f 1213//919 1622//919 1620//919
f 1213//920 1620//920 1211//920
f 1211//921 1620//922 1618//923
f 1211//921 1618//923 1210//924
f 995//36 990//36 1658//36
f 1658//36 990//36 1659//36
f 990//25 989//25 1659//25
f 1659//25 989//25 986//25
f 1659//25 986//25 1660//25
f 1660//25 986//25 638//25
f 638//948 985//948 1660//948
f 1660//948 985//948 1661//948
f 985//25 633//25 1661//25
f 1661//25 633//25 629//25
f 1661//25 629//25 625//25
f 625//25 622//25 1661//25
f 1661//25 622//25 619//25
f 1661//25 619//25 616//25
f 1661//25 616//25 1662//25
f 1662//25 616//25 613//25
f 1662//25 613//25 610//25
f 610//25 606//25 1662//25
f 1662//25 606//25 602//25
f 1662//25 602//25 596//25
f 596//25 984//25 1662//25
f 984//36 983//36 1662//36
f 1662//36 983//36 1663//36
f 983//25 982//25 1663//25
f 1663//25 982//25 1664//25
f 1664//25 982//25 981//25
f 1664//25 981//25 980//25
f 980//948 979//948 1664//948
f 1664//948 979//948 1665//948
f 979//25 978//25 1665//25
f 1665//25 978//25 977//25
f 1665//25 977//25 1666//25
f 1666//25 977//25 976//25
f 1666//25 976//25 964//25
f 964//25 966//25 1666//25
f 1666//25 966//25 968//25
f 1666//25 968//25 970//25
f 970//25 972//25 1666//25
f 1666//25 972//25 1667//25
f 1667//25 972//25 974//25
f 974//658 975//658 1667//658
f 1667//658 975//658 1668//658
f 975//12 973//12 1668//12
f 1668//12 973//12 1669//12
f 1669//12 973//12 971//12
f 1669//12 971//12 969//12
f 969//12 967//12 1669//12
f 1669//12 967//12 1670//12
f 1670//12 967//12 965//12
f 965//36 953//36 1670//36
f 1670//36 953//36 1671//36
f 953//25 955//25 1671//25
f 1671//25 955//25 1672//25
f 1672//25 955//25 957//25
f 1672//25 957//25 959//25
f 959//25 961//25 1672//25
f 1672//25 961//25 1673//25
f 1673//25 961//25 962//25
f 962//658 963//658 1673//658
f 1673//658 963//658 1674//658
f 963//12 960//12 1674//12
f 1674//12 960//12 1675//12
f 1675//12 960//12 958//12
f 1675//12 958//12 956//12
f 956//12 954//12 1675//12
f 1675//12 954//12 1676//12
f 1676//12 954//12 940//12
f 940//36 939//36 1676//36
f 1676//36 939//36 1677//36
f 939//25 943//25 1677//25
f 1677//25 943//25 1678//25
f 1678//25 943//25 946//25
f 1678//25 946//25 949//25
f 949//25 952//25 1678//25
f 1678//25 952//25 1679//25
f 1679//25 952//25 951//25
f 951//658 950//658 1679//658
f 1679//658 950//658 1680//658
f 950//12 947//12 1680//12
f 1680//12 947//12 1681//12
f 1681//12 947//12 944//12
f 1681//12 944//12 941//12
f 941//12 936//12 1681//12
f 1681//12 936//12 1682//12
f 1682//12 936//12 654//12
f 654//36 655//36 1682//36
f 1682//36 655//36 1683//36
f 655//25 926//25 1683//25
f 1683//25 926//25 1684//25
f 1684//25 926//25 929//25
f 1684//25 929//25 932//25
f 932//25 935//25 1684//25
f 1684//25 935//25 1685//25
f 1685//25 935//25 934//25
f 934//658 933//658 1685//658
f 1685//658 933//658 1686//658
f 933//12 930//12 1686//12
f 1686//12 930//12 1687//12
f 1687//12 930//12 927//12
f 1687//12 927//12 924//12
f 924//12 659//12 1687//12
f 1687//12 659//12 1688//12
f 1688//12 659//12 658//12
f 658//36 883//36 1688//36
f 1688//36 883//36 1689//36
f 883//25 887//25 1689//25
f 1689//25 887//25 1690//25
f 1690//25 887//25 891//25
f 1690//25 891//25 893//25
f 893//25 897//25 1690//25
f 1690//25 897//25 1691//25
f 1691//25 897//25 898//25
f 898//658 899//658 1691//658
f 1691//658 899//658 1692//658
f 899//12 896//12 1692//12
f 1692//12 896//12 1693//12
f 1693//12 896//12 894//12
f 1693//12 894//12 890//12
f 890//12 888//12 1693//12
f 1693//12 888//12 1694//12
f 1694//12 888//12 923//12
f 923//36 903//36 1694//36
f 1694//36 903//36 1695//36
f 903//25 905//25 1695//25
f 1695//25 905//25 1696//25
f 1696//25 905//25 907//25
f 1696//25 907//25 909//25
f 909//25 911//25 1696//25
f 1696//25 911//25 1697//25
f 1697//25 911//25 912//25
f 912//658 913//658 1697//658
f 1697//658 913//658 1698//658
f 913//12 910//12 1698//12
f 1698//12 910//12 1699//12
f 1699//12 910//12 908//12
f 1699//12 908//12 906//12
f 906//12 904//12 1699//12
f 1699//12 904//12 1700//12
f 1700//12 904//12 902//12
f 902//36 901//36 1700//36
f 1700//36 901//36 1701//36
f 901//25 914//25 1701//25
f 1701//25 914//25 1702//25
f 1702//25 914//25 916//25
f 1702//25 916//25 918//25
f 918//25 920//25 1702//25
f 1702//25 920//25 1703//25
f 1703//25 920//25 922//25
f 922//658 921//658 1703//658
f 1703//658 921//658 1704//658
f 921//12 919//12 1704//12
f 1704//12 919//12 1705//12
f 1705//12 919//12 917//12
f 1705//12 917//12 915//12
f 915//12 900//12 1705//12
f 1705//12 900//12 884//12
f 1705//12 884//12 881//12
f 881//12 879//12 1705//12
f 1705//12 879//12 1706//12
f 1706//12 879//12 877//12
f 1706//12 877//12 866//12
f 860//948 861//948 1707//948
f 1707//948 861//948 1708//948
f 861//12 862//12 1708//12
f 1708//12 862//12 1709//12
f 1709//12 862//12 863//12
f 1709//12 863//12 515//12
f 515//36 1097//36 1709//36
f 1709//36 1097//36 1710//36
f 1097//12 517//12 1710//12
f 1710//12 517//12 519//12
f 1710//12 519//12 1711//12
f 1711//12 519//12 521//12
f 1711//12 521//12 523//12
f 523//12 1087//12 1711//12
f 1711//12 1087//12 1089//12
f 1711//12 1089//12 1091//12
f 1091//12 1093//12 1711//12
f 1711//12 1093//12 1712//12
f 1712//12 1093//12 1095//12
f 1096//25 1094//25 1713//25
f 1713//25 1094//25 1714//25
f 1714//25 1094//25 1092//25
f 1714//25 1092//25 1090//25
f 1090//25 1088//25 1714//25
f 1714//25 1088//25 1715//25
f 1715//25 1088//25 1086//25
f 1086//948 1075//948 1715//948
f 1715//948 1075//948 1716//948
f 1075//12 1077//12 1716//12
f 1716//12 1077//12 1717//12
f 1717//12 1077//12 1079//12
f 1717//12 1079//12 1081//12
f 1081//12 1083//12 1717//12
f 1717//12 1083//12 1718//12
f 1718//12 1083//12 1084//12
f 1085//25 1082//25 1719//25
f 1719//25 1082//25 1720//25
f 1720//25 1082//25 1080//25
f 1720//25 1080//25 1078//25
f 1078//25 1076//25 1720//25
f 1720//25 1076//25 1721//25
f 1721//25 1076//25 525//25
f 525//948 524//948 1721//948
f 1721//948 524//948 1722//948
f 524//12 1065//12 1722//12
f 1722//12 1065//12 1723//12
f 1723//12 1065//12 1068//12
f 1723//12 1068//12 1071//12
f 1071//12 1074//12 1723//12
f 1723//12 1074//12 1724//12
f 1724//12 1074//12 1073//12
f 1072//25 1069//25 1725//25
f 1725//25 1069//25 1726//25
f 1726//25 1069//25 1066//25
f 1726//25 1066//25 1063//25
f 1063//25 1061//25 1726//25
f 1726//25 1061//25 1727//25
f 1727//25 1061//25 1046//25
f 1046//948 1045//948 1727//948
f 1727//948 1045//948 1728//948
f 1045//12 1049//12 1728//12
f 1728//12 1049//12 1729//12
f 1729//12 1049//12 1051//12
f 1729//12 1051//12 1055//12
f 1055//12 1057//12 1729//12
f 1729//12 1057//12 1730//12
f 1730//12 1057//12 1059//12
f 1060//25 1058//25 1731//25
f 1731//25 1058//25 1732//25
f 1732//25 1058//25 1054//25
f 1732//25 1054//25 1052//25
f 1052//25 1048//25 1732//25
f 1732//25 1048//25 1733//25
f 1733//25 1048//25 1044//25
f 1044//948 1029//948 1733//948
f 1733//948 1029//948 1734//948
f 1029//12 1034//12 1734//12
f 1734//12 1034//12 1735//12
f 1735//12 1034//12 1037//12
f 1735//12 1037//12 1040//12
f 1040//12 1043//12 1735//12
f 1735//12 1043//12 1736//12
f 1736//12 1043//12 1042//12
f 1041//25 1038//25 1737//25
f 1737//25 1038//25 1738//25
f 1738//25 1038//25 1035//25
f 1738//25 1035//25 1032//25
f 1032//25 1027//25 1738//25
f 1738//25 1027//25 1739//25
f 1739//25 1027//25 1003//25
f 1003//948 1004//948 1739//948
f 1739//948 1004//948 1740//948
f 1004//12 1018//12 1740//12
f 1740//12 1018//12 1741//12
f 1741//12 1018//12 1020//12
f 1741//12 1020//12 1022//12
f 1022//12 1024//12 1741//12
f 1741//12 1024//12 1742//12
f 1742//12 1024//12 1025//12
f 1026//25 1023//25 1743//25
f 1743//25 1023//25 1744//25
f 1744//25 1023//25 1021//25
f 1744//25 1021//25 1019//25
f 1019//25 1006//25 1744//25
f 1744//25 1006//25 1745//25
f 1745//25 1006//25 1005//25
f 1005//948 1007//948 1745//948
f 1745//948 1007//948 1746//948
f 1007//12 1009//12 1746//12
f 1746//12 1009//12 1747//12
f 1747//12 1009//12 1011//12
f 1747//12 1011//12 1013//12
f 1013//12 1015//12 1747//12
f 1747//12 1015//12 1748//12
f 1748//12 1015//12 1017//12
f 1016//25 1014//25 1749//25
f 1749//25 1014//25 1750//25
f 1750//25 1014//25 1012//25
f 1750//25 1012//25 1010//25
f 1010//25 1008//25 1750//25
f 1750//25 1008//25 1002//25
f 1750//25 1002//25 1000//25
f 1000//25 998//25 1750//25
f 1750//25 998//25 1658//25
f 1658//25 998//25 996//25
f 1658//25 996//25 995//25
f 1084//658 1085//658 1718//658
f 1718//658 1085//658 1719//658
f 1073//658 1072//658 1724//658
f 1724//658 1072//658 1725//658
f 1059//658 1060//658 1730//658
f 1730//658 1060//658 1731//658
f 1042//658 1041//658 1736//658
f 1736//658 1041//658 1737//658
f 1025//658 1026//658 1742//658
f 1742//658 1026//658 1743//658
f 1017//658 1016//658 1748//658
f 1748//658 1016//658 1749//658
f 1095//658 1096//658 1712//658
f 1712//658 1096//658 1713//658
f 1138//12 874//12 1751//12
f 1751//12 874//12 1131//12
f 1751//12 1131//12 1127//12
f 1127//12 1124//12 1751//12
f 1751//12 1124//12 1121//12
f 1751//12 1121//12 1118//12
f 1751//12 1118//12 1707//12
f 1707//12 1118//12 1115//12
f 1707//12 1115//12 1112//12
f 1112//12 1108//12 1707//12
f 1707//12 1108//12 1104//12
f 1707//12 1104//12 1098//12
f 1098//12 860//12 1707//12
f 866//948 868//948 1706//948
f 1706//948 868//948 1752//948
f 868//12 870//12 1752//12
f 1752//12 870//12 871//12
f 1752//12 871//12 1753//12
f 1753//12 871//12 873//12
f 873//36 1138//36 1753//36
f 1753//36 1138//36 1751//36
f 1703//36 1704//36 1702//36
f 1702//36 1704//36 1705//36
f 1699//36 1696//36 1698//36
f 1698//36 1696//36 1697//36
f 1693//36 1690//36 1692//36
f 1692//36 1690//36 1691//36
f 1687//36 1684//36 1686//36
f 1686//36 1684//36 1685//36
f 1681//36 1678//36 1680//36
f 1680//36 1678//36 1679//36
f 1675//36 1672//36 1674//36
f 1674//36 1672//36 1673//36
f 1669//36 1666//36 1668//36
f 1668//36 1666//36 1667//36
f 1718//948 1719//948 1717//948
f 1717//948 1719//948 1720//948
f 1714//948 1711//948 1713//948
f 1713//948 1711//948 1712//948
f 1724//948 1725//948 1723//948
f 1723//948 1725//948 1726//948
f 1730//948 1731//948 1729//948
f 1729//948 1731//948 1732//948
f 1736//948 1737//948 1735//948
f 1735//948 1737//948 1738//948
f 1742//948 1743//948 1741//948
f 1741//948 1743//948 1744//948
f 1748//948 1749//948 1747//948
f 1747//948 1749//948 1750//948
f 27//948 150//948 3//948
f 3//948 150//948 132//948
f 54//658 52//658 27//658
f 27//658 52//658 50//658
f 27//658 50//658 48//658
f 48//658 38//658 27//658
f 27//658 38//658 16//658
f 27//658 16//658 1666//658
f 1666//658 16//658 1665//658
f 1665//658 16//658 1662//658
f 1665//658 1662//658 1664//658
f 1664//658 1662//658 1663//658
f 16//658 112//658 1662//658
f 1662//658 112//658 1661//658
f 1661//658 112//658 1658//658
f 1661//658 1658//658 1660//658
f 1660//658 1658//658 1659//658
f 310//658 273//658 112//658
f 112//658 273//658 1750//658
f 112//658 1750//658 1658//658
f 310//658 308//658 273//658
f 273//658 308//658 306//658
f 273//658 306//658 304//658
f 304//658 294//658 273//658
f 352//658 1732//658 273//658
f 273//658 1732//658 1735//658
f 273//658 1735//658 1738//658
f 402//658 400//658 352//658
f 352//658 400//658 398//658
f 352//658 398//658 396//658
f 396//658 390//658 352//658
f 352//658 390//658 228//658
f 352//658 228//658 1711//658
f 1711//658 228//658 1710//658
f 1710//658 228//658 1707//658
f 1710//658 1707//658 1709//658
f 1709//658 1707//658 1708//658
f 228//658 161//658 1707//658
f 1707//658 161//658 1751//658
f 1751//658 161//658 1706//658
f 1751//658 1706//658 1753//658
f 1753//658 1706//658 1752//658
f 184//658 150//658 161//658
f 161//658 150//658 1705//658
f 161//658 1705//658 1706//658
f 184//658 182//658 150//658
f 150//658 182//658 180//658
f 150//658 180//658 178//658
f 178//658 172//658 150//658
f 27//658 1684//658 150//658
f 150//658 1684//658 1687//658
f 150//658 1687//658 1690//658
f 1690//658 1687//658 1688//658
f 1690//658 1688//658 1689//658
f 1711//658 1714//658 352//658
f 352//658 1714//658 1717//658
f 352//658 1717//658 1720//658
f 1714//658 1715//658 1717//658
f 1717//658 1715//658 1716//658
f 352//658 1720//658 1723//658
f 1723//658 1720//658 1721//658
f 1723//658 1721//658 1722//658
f 1723//658 1726//658 352//658
f 352//658 1726//658 1729//658
f 352//658 1729//658 1732//658
f 1726//658 1727//658 1729//658
f 1729//658 1727//658 1728//658
f 1732//658 1733//658 1735//658
f 1735//658 1733//658 1734//658
f 273//658 1738//658 1741//658
f 1741//658 1738//658 1739//658
f 1741//658 1739//658 1740//658
f 1741//658 1744//658 273//658
f 273//658 1744//658 1747//658
f 273//658 1747//658 1750//658
f 1744//658 1745//658 1747//658
f 1747//658 1745//658 1746//658
f 1666//658 1669//658 27//658
f 27//658 1669//658 1672//658
f 27//658 1672//658 1675//658
f 1669//658 1670//658 1672//658
f 1672//658 1670//658 1671//658
f 27//658 1675//658 1678//658
f 1678//658 1675//658 1676//658
f 1678//658 1676//658 1677//658
f 1678//658 1681//658 27//658
f 27//658 1681//658 1684//658
f 1681//658 1682//658 1684//658
f 1684//658 1682//658 1683//658
f 1690//658 1693//658 150//658
f 150//658 1693//658 1696//658
f 150//658 1696//658 1699//658
f 1693//658 1694//658 1696//658
f 1696//658 1694//658 1695//658
f 150//658 1699//658 1702//658
f 1702//658 1699//658 1700//658
f 1702//658 1700//658 1701//658
f 1702//658 1705//658 150//658
f 1274//792 1754//792 1272//792
f 1272//793 1754//793 1755//793
f 1272//794 1755//794 1273//794
f 1273//795 1755//796 1276//797
f 1276//797 1755//796 1756//798
f 1276//799 1756//799 1278//799
f 1278//800 1756//800 1757//800
f 1278//801 1757//801 1280//801
f 1280//802 1757//802 1282//802
f 1282//803 1757//803 1758//803
f 1282//804 1758//804 1284//804
f 1284//805 1758//805 1759//805
f 1284//806 1759//806 1286//806
f 1286//807 1759//807 1287//807
f 1287//808 1759//808 1760//808
f 1287//809 1760//809 1288//809
f 1288//810 1760//811 1761//812
f 1288//810 1761//812 1292//813
f 1292//814 1761//814 1293//814
f 1293//815 1761//815 1762//815
f 1293//816 1762//816 1294//816
f 1294//817 1762//818 1763//819
f 1294//817 1763//819 1298//820
f 1298//821 1763//821 1299//821
f 1299//822 1763//822 1764//822
f 1299//823 1764//823 1300//823
f 1300//824 1764//825 1304//826
f 1304//826 1764//825 1765//827
f 1304//828 1765//828 1306//828
f 1306//829 1765//829 1766//829
f 1306//830 1766//830 1308//830
f 1308//831 1766//831 1309//831
f 1309//832 1766//832 1767//832
f 1309//833 1767//833 1310//833
f 1310//834 1767//834 1768//834
f 1310//835 1768//835 1314//835
f 1314//836 1768//836 1315//836
f 1315//837 1768//837 1769//837
f 1315//838 1769//838 1316//838
f 1316//839 1769//840 1770//841
f 1316//839 1770//841 1320//842
f 1320//843 1770//843 1321//843
f 1321//844 1770//844 1771//844
f 1321//845 1771//845 1322//845
f 1322//846 1771//847 1326//848
f 1326//848 1771//847 1772//849
f 1326//850 1772//850 1328//850
f 1328//851 1772//851 1773//851
f 1328//852 1773//852 1330//852
f 1330//853 1773//854 1332//855
f 1332//855 1773//854 1774//856
f 1332//857 1774//857 1334//857
f 1334//858 1774//858 1775//858
f 1334//859 1775//859 1335//859
f 1335//860 1775//860 1333//860
f 1333//861 1775//861 1776//861
f 1333//862 1776//862 1331//862
f 1331//863 1776//864 1777//865
f 1331//863 1777//865 1329//866
f 1329//867 1777//867 1327//867
f 1327//868 1777//868 1778//868
f 1327//869 1778//869 1325//869
f 1325//870 1778//871 1779//872
f 1325//870 1779//872 1323//873
f 1323//874 1779//874 1324//874
f 1324//875 1779//875 1780//875
f 1324//876 1780//876 1319//876
f 1319//877 1780//937 1317//879
f 1317//879 1780//937 1781//880
f 1317//881 1781//881 1318//881
f 1318//882 1781//882 1782//882
f 1318//883 1782//883 1313//883
f 1313//884 1782//884 1311//884
f 1311//885 1782//885 1783//885
f 1311//886 1783//886 1312//886
f 1312//938 1783//938 1784//938
f 1312//888 1784//888 1307//888
f 1307//889 1784//889 1305//889
f 1305//890 1784//890 1785//890
f 1305//891 1785//891 1303//891
f 1303//892 1785//893 1786//894
f 1303//892 1786//894 1301//895
f 1301//896 1786//896 1302//896
f 1302//897 1786//897 1787//897
f 1302//898 1787//898 1297//898
f 1297//899 1787//900 1788//949
f 1297//899 1788//949 1295//902
f 1295//903 1788//903 1296//903
f 1296//904 1788//904 1789//904
f 1296//905 1789//905 1291//905
f 1291//906 1789//907 1289//908
f 1289//908 1789//907 1790//909
f 1289//910 1790//910 1290//910
f 1290//911 1790//911 1791//911
f 1290//912 1791//912 1285//912
f 1285//913 1791//913 1283//913
f 1283//914 1791//914 1792//914
f 1283//915 1792//915 1281//915
f 1281//916 1792//916 1793//916
f 1281//917 1793//917 1279//917
f 1279//918 1793//918 1277//918
f 1277//919 1793//919 1794//919
f 1277//920 1794//920 1275//920
f 1275//921 1794//922 1754//939
f 1275//921 1754//939 1274//924
f 865//659 1795//659 738//659
f 738//660 1795//660 1796//660
f 738//661 1796//661 736//661
f 736//662 1796//663 1797//664
f 736//662 1797//664 740//665
f 740//666 1797//666 742//666
f 742//667 1797//667 1798//667
f 742//668 1798//668 744//668
f 744//669 1798//669 1799//669
f 744//670 1799//670 745//670
f 745//671 1799//672 746//673
f 746//673 1799//672 1800//674
f 746//675 1800//675 750//675
f 750//676 1800//676 1801//676
f 750//677 1801//677 752//677
f 752//678 1801//925 754//680
f 754//680 1801//925 1802//681
f 754//682 1802//682 756//682
f 756//683 1802//683 1803//683
f 756//927 1803//927 757//927
f 757//685 1803//686 1804//687
f 757//685 1804//687 758//688
f 758//689 1804//689 761//689
f 761//690 1804//690 1805//690
f 761//691 1805//691 764//691
f 764//692 1805//692 1806//692
f 764//693 1806//693 765//693
f 765//694 1806//694 766//694
f 766//695 1806//695 1807//695
f 766//696 1807//696 770//696
f 770//697 1807//697 1808//697
f 770//698 1808//698 771//698
f 771//699 1808//700 1809//700
f 771//699 1809//700 772//699
f 772//701 1809//701 775//701
f 775//702 1809//702 1810//702
f 775//703 1810//703 778//703
f 778//704 1810//704 1811//704
f 778//705 1811//705 779//705
f 779//706 1811//706 780//706
f 780//707 1811//707 1812//707
f 780//708 1812//708 784//708
f 784//709 1812//709 1813//709
f 784//710 1813//710 786//710
f 786//711 1813//712 788//713
f 788//713 1813//712 1814//714
f 788//715 1814//715 790//715
f 790//716 1814//716 1815//716
f 790//717 1815//717 791//717
f 791//718 1815//719 1816//928
f 791//718 1816//928 792//721
f 792//722 1816//722 796//722
f 796//723 1816//723 1817//723
f 796//724 1817//724 798//724
f 798//725 1817//725 1818//725
f 798//726 1818//726 663//726
f 663//727 1818//727 665//727
f 665//728 1818//728 1819//728
f 665//729 1819//729 667//729
f 667//730 1819//730 1820//730
f 667//731 1820//731 669//731
f 669//732 1820//733 671//734
f 671//734 1820//733 1821//735
f 671//736 1821//736 673//736
f 673//737 1821//737 1822//737
f 673//738 1822//738 674//738
f 674//739 1822//740 1823//741
f 674//739 1823//741 799//742
f 799//743 1823//743 803//743
f 803//744 1823//744 1824//744
f 803//745 1824//745 806//745
f 806//746 1824//746 1825//746
f 806//747 1825//747 809//747
f 809//748 1825//748 813//748
f 813//749 1825//749 1826//749
f 813//750 1826//750 814//750
f 814//751 1826//751 1827//751
f 814//752 1827//752 815//752
f 815//753 1827//754 819//753
f 819//753 1827//754 1828//754
f 819//755 1828//755 823//755
f 823//756 1828//756 1829//756
f 823//757 1829//757 824//757
f 824//758 1829//758 1830//758
f 824//759 1830//759 826//759
f 826//760 1830//760 830//760
f 830//761 1830//761 1831//761
f 830//762 1831//762 831//762
f 831//763 1831//763 1832//763
f 831//764 1832//764 832//764
f 832//765 1832//766 836//767
f 836//767 1832//766 1833//768
f 836//769 1833//769 840//769
f 840//770 1833//770 1834//770
f 840//771 1834//771 842//771
f 842//772 1834//773 1835//774
f 842//772 1835//774 844//775
f 844//776 1835//776 845//776
f 845//777 1835//777 1836//777
f 845//778 1836//778 847//778
f 847//779 1836//780 1837//781
f 847//779 1837//781 849//782
f 849//783 1837//783 851//783
f 851//784 1837//784 1838//784
f 851//785 1838//785 853//785
f 853//786 1838//786 1839//786
f 853//787 1839//787 864//787
f 864//788 1839//789 865//790
f 865//790 1839//789 1795//791
f 1774//658 1819//658 1775//658
f 1775//658 1819//658 1818//658
f 1775//658 1818//658 1817//658
f 1819//658 1774//658 1820//658
f 1820//658 1774//658 1773//658
f 1820//658 1773//658 1821//658
f 1821//658 1773//658 1772//658
f 1821//658 1772//658 1822//658
f 1822//658 1772//658 1771//658
f 1822//658 1771//658 1823//658
f 1823//658 1771//658 1770//658
f 1823//658 1770//658 1824//658
f 1824//658 1770//658 1769//658
f 1824//658 1769//658 1825//658
f 1825//658 1769//658 1768//658
f 1825//658 1768//658 1826//658
f 1826//658 1768//658 1767//658
f 1826//658 1767//658 1827//658
f 1827//658 1767//658 1766//658
f 1827//658 1766//658 1828//658
f 1828//658 1766//658 1765//658
f 1828//658 1765//658 1829//658
f 1829//658 1765//658 1830//658
f 1830//658 1765//658 1764//658
f 1830//658 1764//658 1831//658
f 1831//658 1764//658 1763//658
f 1831//658 1763//658 1832//658
f 1832//658 1763//658 1762//658
f 1832//658 1762//658 1833//658
f 1833//658 1762//658 1761//658
f 1833//658 1761//658 1834//658
f 1834//658 1761//658 1760//658
f 1834//658 1760//658 1835//658
f 1835//658 1760//658 1759//658
f 1835//658 1759//658 1836//658
f 1836//658 1759//658 1758//658
f 1836//658 1758//658 1837//658
f 1837//658 1758//658 1757//658
f 1837//658 1757//658 1838//658
f 1838//658 1757//658 1756//658
f 1838//658 1756//658 1839//658
f 1839//658 1756//658 1755//658
f 1839//658 1755//658 1795//658
f 1795//658 1755//658 1796//658
f 1796//658 1755//658 1754//658
f 1796//658 1754//658 1797//658
f 1797//658 1754//658 1794//658
f 1797//658 1794//658 1798//658
f 1798//658 1794//658 1793//658
f 1798//658 1793//658 1799//658
f 1799//658 1793//658 1792//658
f 1799//658 1792//658 1800//658
f 1800//658 1792//658 1791//658
f 1800//658 1791//658 1801//658
f 1801//658 1791//658 1790//658
f 1801//658 1790//658 1802//658
f 1802//658 1790//658 1789//658
f 1802//658 1789//658 1803//658
f 1803//658 1789//658 1788//658
f 1803//658 1788//658 1804//658
f 1804//658 1788//658 1787//658
f 1804//658 1787//658 1805//658
f 1805//658 1787//658 1786//658
f 1805//658 1786//658 1806//658
f 1806//658 1786//658 1785//658
f 1806//658 1785//658 1807//658
f 1807//658 1785//658 1808//658
f 1808//658 1785//658 1784//658
f 1808//658 1784//658 1809//658
f 1809//658 1784//658 1783//658
f 1809//658 1783//658 1810//658
f 1810//658 1783//658 1782//658
f 1810//658 1782//658 1811//658
f 1811//658 1782//658 1781//658
f 1811//658 1781//658 1812//658
f 1812//658 1781//658 1780//658
f 1812//658 1780//658 1813//658
f 1813//658 1780//658 1779//658
f 1813//658 1779//658 1814//658
f 1814//658 1779//658 1778//658
f 1814//658 1778//658 1815//658
f 1815//658 1778//658 1777//658
f 1815//658 1777//658 1816//658
f 1816//658 1777//658 1776//658
f 1816//658 1776//658 1817//658
f 1817//658 1776//658 1775//658
f 128//950 1840//950 129//950
f 129//950 1840//950 1841//950
f 129//950 1841//950 236//950
f 236//950 1841//950 1842//950
f 236//950 1842//950 237//950
f 237//951 1842//951 238//951
f 238//951 1842//951 1843//951
f 238//952 1843//952 239//952
f 239//952 1843//952 1844//952
f 239//953 1844//953 233//953
f 233//953 1844//953 1845//953
f 233//954 1845//954 234//954
f 234//954 1845//954 1846//954
f 234//955 1846//955 235//955
f 235//955 1846//955 1847//955
f 235//956 1847//956 240//956
f 240//956 1847//956 1848//956
f 240//957 1848//957 241//957
f 241//957 1848//957 1849//957
f 241//958 1849//958 242//958
f 242//958 1849//958 1850//958
f 242//959 1850//959 243//959
f 243//959 1850//959 1851//959
f 243//960 1851//960 244//960
f 244//960 1851//960 1852//960
f 244//961 1852//961 245//961
f 245//961 1852//961 1853//961
f 245//962 1853//962 246//962
f 246//962 1853//962 1854//962
f 246//963 1854//963 247//963
f 247//963 1854//963 1855//963
f 247//964 1855//964 248//964
f 248//964 1855//964 1856//964
f 248//965 1856//965 229//965
f 229//965 1856//965 1857//965
f 229//966 1857//966 230//966
f 230//966 1857//966 1858//966
f 230//967 1858//967 231//967
f 231//967 1858//967 1859//967
f 231//968 1859//968 249//968
f 249//968 1859//968 1860//968
f 249//969 1860//969 250//969
f 250//969 1860//969 1861//969
f 250//970 1861//970 251//970
f 251//970 1861//970 1862//970
f 251//971 1862//971 252//971
f 252//971 1862//971 1863//971
f 252//972 1863//972 253//972
f 253//972 1863//972 1864//972
f 253//973 1864//973 254//973
f 254//973 1864//973 1865//973
f 254//974 1865//974 255//974
f 255//974 1865//974 1866//974
f 255//975 1866//975 256//975
f 256//975 1866//975 1867//975
f 256//976 1867//976 257//976
f 257//976 1867//976 1868//976
f 257//977 1868//977 225//977
f 225//977 1868//977 1869//977
f 225//978 1869//978 226//978
f 226//978 1869//978 1870//978
f 226//979 1870//979 227//979
f 227//979 1870//979 1871//979
f 227//980 1871//980 258//980
f 258//980 1871//980 1872//980
f 258//981 1872//981 131//981
f 131//981 1872//981 1873//981
f 131//981 1873//981 98//981
f 98//981 1873//981 1874//981
f 98//981 1874//981 99//981
f 99//980 1874//980 100//980
f 100//980 1874//980 1875//980
f 100//979 1875//979 101//979
f 101//979 1875//979 1876//979
f 101//978 1876//978 95//978
f 95//978 1876//978 1877//978
f 95//977 1877//977 96//977
f 96//977 1877//977 1878//977
f 96//976 1878//976 97//976
f 97//976 1878//976 1879//976
f 97//975 1879//975 102//975
f 102//975 1879//975 1880//975
f 102//974 1880//974 103//974
f 103//974 1880//974 1881//974
f 103//973 1881//973 104//973
f 104//973 1881//973 1882//973
f 104//972 1882//972 105//972
f 105//972 1882//972 1883//972
f 105//971 1883//971 106//971
f 106//971 1883//971 1884//971
f 106//970 1884//970 107//970
f 107//970 1884//970 1885//970
f 107//969 1885//969 108//969
f 108//969 1885//969 1886//969
f 108//968 1886//968 109//968
f 109//968 1886//968 1887//968
f 109//967 1887//967 110//967
f 110//967 1887//967 1888//967
f 110//966 1888//966 111//966
f 111//966 1888//966 1889//966
f 111//965 1889//965 113//965
f 113//965 1889//965 1890//965
f 113//964 1890//964 114//964
f 114//964 1890//964 1891//964
f 114//963 1891//963 115//963
f 115//963 1891//963 1892//963
f 115//962 1892//962 116//962
f 116//962 1892//962 1893//962
f 116//961 1893//961 117//961
f 117//961 1893//961 1894//961
f 117//960 1894//960 118//960
f 118//960 1894//960 1895//960
f 118//959 1895//959 119//959
f 119//959 1895//959 1896//959
f 119//958 1896//958 120//958
f 120//958 1896//958 1897//958
f 120//957 1897//957 121//957
f 121//957 1897//957 1898//957
f 121//956 1898//956 122//956
f 122//956 1898//956 1899//956
f 122//955 1899//955 123//955
f 123//955 1899//955 1900//955
f 123//954 1900//954 124//954
f 124//954 1900//954 1901//954
f 124//953 1901//953 126//953
f 126//953 1901//953 1902//953
f 126//952 1902//952 127//952
f 127//952 1902//952 1903//952
f 127//951 1903//951 128//951
f 128//951 1903//951 1840//951
f 1843//951 1842//951 1841//951
f 1841//951 1840//951 1904//951
f 1904//951 1840//951 1903//951
f 1904//952 1903//952 1905//952
f 1905//952 1903//952 1902//952
f 1905//953 1902//953 1906//953
f 1906//953 1902//953 1901//953
f 1906//954 1901//954 1907//954
f 1907//954 1901//954 1900//954
f 1907//955 1900//955 1908//955
f 1908//955 1900//955 1899//955
f 1908//956 1899//956 1909//956
f 1909//956 1899//956 1898//956
f 1909//957 1898//957 1910//957
f 1910//957 1898//957 1897//957
f 1910//958 1897//958 1911//958
f 1911//958 1897//958 1896//958
f 1911//959 1896//959 1912//959
f 1912//959 1896//959 1895//959
f 1912//960 1895//960 1913//960
f 1913//960 1895//960 1894//960
f 1913//961 1894//961 1914//961
f 1914//961 1894//961 1893//961
f 1914//962 1893//962 1915//962
f 1915//962 1893//962 1892//962
f 1915//963 1892//963 1916//963
f 1916//963 1892//963 1891//963
f 1916//964 1891//964 1917//964
f 1917//964 1891//964 1890//964
f 1917//965 1890//965 1918//965
f 1918//965 1890//965 1889//965
f 1918//966 1889//966 1919//966
f 1919//966 1889//966 1888//966
f 1919//967 1888//967 1920//967
f 1920//967 1888//967 1887//967
f 1920//968 1887//968 1921//968
f 1921//968 1887//968 1886//968
f 1921//969 1886//969 1922//969
f 1922//969 1886//969 1885//969
f 1922//970 1885//970 1923//970
f 1923//970 1885//970 1884//970
f 1923//971 1884//971 1924//971
f 1924//971 1884//971 1883//971
f 1924//972 1883//972 1925//972
f 1925//972 1883//972 1882//972
f 1925//973 1882//973 1926//973
f 1926//973 1882//973 1881//973
f 1926//974 1881//974 1927//974
f 1927//974 1881//974 1880//974
f 1927//975 1880//975 1928//975
f 1928//975 1880//975 1879//975
f 1928//976 1879//976 1929//976
f 1929//976 1879//976 1878//976
f 1929//977 1878//977 1930//977
f 1930//977 1878//977 1877//977
f 1930//978 1877//978 1931//978
f 1931//978 1877//978 1876//978
f 1931//979 1876//979 1932//979
f 1932//979 1876//979 1875//979
f 1932//980 1875//980 1873//980
f 1873//980 1875//980 1874//980
f 1844//952 1843//952 1904//952
f 1904//951 1843//951 1841//951
f 1844//952 1904//952 1905//952
f 1845//953 1844//953 1905//953
f 1845//953 1905//953 1906//953
f 1846//954 1845//954 1906//954
f 1846//954 1906//954 1907//954
f 1847//955 1846//955 1907//955
f 1847//955 1907//955 1908//955
f 1848//956 1847//956 1908//956
f 1848//956 1908//956 1909//956
f 1849//957 1848//957 1909//957
f 1849//957 1909//957 1910//957
f 1850//958 1849//958 1910//958
f 1850//958 1910//958 1911//958
f 1851//959 1850//959 1911//959
f 1851//959 1911//959 1912//959
f 1852//960 1851//960 1912//960
f 1852//960 1912//960 1913//960
f 1853//961 1852//961 1913//961
f 1853//961 1913//961 1914//961
f 1854//962 1853//962 1914//962
f 1854//962 1914//962 1915//962
f 1855//963 1854//963 1915//963
f 1855//963 1915//963 1916//963
f 1856//964 1855//964 1916//964
f 1856//964 1916//964 1917//964
f 1857//965 1856//965 1917//965
f 1857//965 1917//965 1918//965
f 1858//966 1857//966 1918//966
f 1858//966 1918//966 1919//966
f 1859//967 1858//967 1919//967
f 1859//967 1919//967 1920//967
f 1860//968 1859//968 1920//968
f 1860//968 1920//968 1921//968
f 1861//969 1860//969 1921//969
f 1861//969 1921//969 1922//969
f 1862//970 1861//970 1922//970
f 1862//970 1922//970 1923//970
f 1863//971 1862//971 1923//971
f 1863//971 1923//971 1924//971
f 1864//972 1863//972 1924//972
f 1864//972 1924//972 1925//972
f 1865//973 1864//973 1925//973
f 1865//973 1925//973 1926//973
f 1866//974 1865//974 1926//974
f 1866//974 1926//974 1927//974
f 1867//975 1866//975 1927//975
f 1867//975 1927//975 1928//975
f 1868//976 1867//976 1928//976
f 1868//976 1928//976 1929//976
f 1869//977 1868//977 1929//977
f 1869//977 1929//977 1930//977
f 1870//978 1869//978 1930//978
f 1870//978 1930//978 1931//978
f 1871//979 1870//979 1931//979
f 1871//979 1931//979 1932//979
f 1872//980 1871//980 1932//980
f 1872//980 1932//980 1873//980
f 1338//792 1933//792 1336//792
f 1336//793 1933//793 1934//793
f 1336//794 1934//794 1337//794
f 1337//795 1934//933 1340//797
f 1340//797 1934//933 1935//798
f 1340//799 1935//799 1342//799
f 1342//800 1935//800 1936//800
f 1342//801 1936//801 1344//801
f 1344//802 1936//802 1346//802
f 1346//803 1936//803 1937//803
f 1346//804 1937//804 1348//804
f 1348//805 1937//805 1938//805
f 1348//806 1938//806 1350//806
f 1350//807 1938//807 1351//807
f 1351//808 1938//808 1939//808
f 1351//809 1939//809 1352//809
f 1352//810 1939//811 1940//812
f 1352//810 1940//812 1356//813
f 1356//814 1940//814 1357//814
f 1357//815 1940//815 1941//815
f 1357//816 1941//816 1358//816
f 1358//817 1941//818 1942//934
f 1358//817 1942//934 1362//820
f 1362//821 1942//821 1363//821
f 1363//822 1942//822 1943//822
f 1363//823 1943//823 1364//823
f 1364//824 1943//825 1368//826
f 1368//826 1943//825 1944//827
f 1368//828 1944//828 1370//828
f 1370//829 1944//829 1945//829
f 1370//830 1945//830 1372//830
f 1372//831 1945//831 1373//831
f 1373//832 1945//832 1946//832
f 1373//833 1946//833 1374//833
f 1374//834 1946//834 1947//834
f 1374//835 1947//835 1378//835
f 1378//836 1947//836 1379//836
f 1379//837 1947//837 1948//837
f 1379//838 1948//838 1380//838
f 1380//839 1948//840 1949//841
f 1380//839 1949//841 1384//842
f 1384//843 1949//843 1385//843
f 1385//844 1949//844 1950//844
f 1385//845 1950//845 1386//845
f 1386//846 1950//847 1390//848
f 1390//848 1950//847 1951//849
f 1390//850 1951//850 1392//850
f 1392//851 1951//851 1952//851
f 1392//852 1952//852 1394//852
f 1394//853 1952//854 1396//855
f 1396//855 1952//854 1953//856
f 1396//857 1953//857 1398//857
f 1398//858 1953//858 1954//858
f 1398//859 1954//859 1399//859
f 1399//860 1954//860 1397//860
f 1397//861 1954//861 1955//861
f 1397//862 1955//862 1395//862
f 1395//863 1955//864 1956//865
f 1395//863 1956//865 1393//866
f 1393//867 1956//867 1391//867
f 1391//868 1956//868 1957//868
f 1391//869 1957//869 1389//869
f 1389//870 1957//871 1958//872
f 1389//870 1958//872 1387//873
f 1387//874 1958//874 1388//874
f 1388//875 1958//875 1959//875
f 1388//876 1959//876 1383//876
f 1383//877 1959//937 1381//879
f 1381//879 1959//937 1960//880
f 1381//881 1960//881 1382//881
f 1382//882 1960//882 1961//882
f 1382//883 1961//883 1377//883
f 1377//884 1961//884 1375//884
f 1375//885 1961//885 1962//885
f 1375//886 1962//886 1376//886
f 1376//938 1962//938 1963//938
f 1376//888 1963//888 1371//888
f 1371//889 1963//889 1369//889
f 1369//890 1963//890 1964//890
f 1369//891 1964//891 1367//891
f 1367//892 1964//893 1965//894
f 1367//892 1965//894 1365//895
f 1365//896 1965//896 1366//896
f 1366//897 1965//897 1966//897
f 1366//898 1966//898 1361//898
f 1361//899 1966//900 1967//901
f 1361//899 1967//901 1359//902
f 1359//903 1967//903 1360//903
f 1360//904 1967//904 1968//904
f 1360//905 1968//905 1355//905
f 1355//906 1968//907 1353//908
f 1353//908 1968//907 1969//909
f 1353//910 1969//910 1354//910
f 1354//911 1969//911 1970//911
f 1354//912 1970//912 1349//912
f 1349//913 1970//913 1347//913
f 1347//914 1970//914 1971//914
f 1347//915 1971//915 1345//915
f 1345//916 1971//916 1972//916
f 1345//917 1972//917 1343//917
f 1343//918 1972//918 1341//918
f 1341//919 1972//919 1973//919
f 1341//920 1973//920 1339//920
f 1339//921 1973//922 1933//923
f 1339//921 1933//923 1338//924
f 734//659 1974//659 509//659
f 509//660 1974//660 1975//660
f 509//661 1975//661 507//661
f 507//662 1975//663 1976//664
f 507//662 1976//664 526//665
f 526//666 1976//666 527//666
f 527//667 1976//667 1977//667
f 527//668 1977//668 529//668
f 529//669 1977//669 1978//669
f 529//670 1978//670 531//670
f 531//671 1978//672 532//673
f 532//673 1978//672 1979//674
f 532//675 1979//675 533//675
f 533//676 1979//676 1980//676
f 533//677 1980//677 537//677
f 537//678 1980//679 540//680
f 540//680 1980//679 1981//681
f 540//682 1981//682 543//682
f 543//683 1981//683 1982//683
f 543//927 1982//927 547//927
f 547//685 1982//686 1983//940
f 547//685 1983//940 548//688
f 548//689 1983//689 549//689
f 549//690 1983//690 1984//690
f 549//691 1984//691 553//691
f 553//692 1984//692 1985//692
f 553//941 1985//941 557//941
f 557//694 1985//694 558//694
f 558//695 1985//695 1986//695
f 558//696 1986//696 560//696
f 560//697 1986//697 1987//697
f 560//698 1987//698 564//698
f 564//699 1987//700 1988//700
f 564//699 1988//700 565//699
f 565//701 1988//701 566//701
f 566//702 1988//702 1989//702
f 566//703 1989//703 570//703
f 570//704 1989//704 1990//704
f 570//705 1990//705 574//705
f 574//706 1990//706 575//706
f 575//707 1990//707 1991//707
f 575//708 1991//708 576//708
f 576//709 1991//709 1992//709
f 576//710 1992//710 579//710
f 579//711 1992//712 582//713
f 582//713 1992//712 1993//714
f 582//715 1993//715 584//715
f 584//716 1993//716 1994//716
f 584//717 1994//717 586//717
f 586//718 1994//719 1995//928
f 586//718 1995//928 588//721
f 588//722 1995//722 590//722
f 590//723 1995//723 1996//723
f 590//724 1996//724 592//724
f 592//725 1996//725 1997//725
f 592//726 1997//726 640//726
f 640//727 1997//727 660//727
f 660//728 1997//728 1998//728
f 660//729 1998//729 676//729
f 676//730 1998//730 1999//730
f 676//731 1999//731 678//731
f 678//732 1999//942 680//734
f 680//734 1999//942 2000//735
f 680//736 2000//736 681//736
f 681//737 2000//737 2001//737
f 681//738 2001//738 682//738
f 682//739 2001//740 2002//741
f 682//739 2002//741 686//742
f 686//743 2002//743 688//743
f 688//744 2002//744 2003//744
f 688//745 2003//745 690//745
f 690//746 2003//746 2004//746
f 690//747 2004//747 692//747
f 692//748 2004//748 693//748
f 693//749 2004//749 2005//749
f 693//750 2005//750 694//750
f 694//751 2005//751 2006//751
f 694//752 2006//752 697//752
f 697//753 2006//754 700//753
f 700//753 2006//754 2007//754
f 700//755 2007//755 701//755
f 701//756 2007//756 2008//756
f 701//757 2008//757 702//757
f 702//758 2008//758 2009//758
f 702//759 2009//759 706//759
f 706//929 2009//929 707//929
f 707//761 2009//761 2010//761
f 707//762 2010//762 708//762
f 708//763 2010//763 2011//763
f 708//764 2011//764 711//764
f 711//765 2011//930 714//767
f 714//767 2011//930 2012//768
f 714//769 2012//769 715//769
f 715//770 2012//770 2013//770
f 715//771 2013//771 716//771
f 716//772 2013//773 2014//932
f 716//772 2014//932 720//775
f 720//776 2014//776 722//776
f 722//777 2014//777 2015//777
f 722//778 2015//778 724//778
f 724//779 2015//780 2016//781
f 724//779 2016//781 726//782
f 726//783 2016//783 727//783
f 727//784 2016//784 2017//784
f 727//785 2017//785 728//785
f 728//786 2017//786 2018//786
f 728//787 2018//787 732//787
f 732//788 2018//789 734//790
f 734//790 2018//789 1974//791
f 1953//658 1998//658 1954//658
f 1954//658 1998//658 1997//658
f 1954//658 1997//658 1996//658
f 1998//658 1953//658 1999//658
f 1999//658 1953//658 1952//658
f 1999//658 1952//658 2000//658
f 2000//658 1952//658 1951//658
f 2000//658 1951//658 2001//658
f 2001//658 1951//658 1950//658
f 2001//658 1950//658 2002//658
f 2002//658 1950//658 1949//658
f 2002//658 1949//658 2003//658
f 2003//658 1949//658 1948//658
f 2003//658 1948//658 2004//658
f 2004//658 1948//658 1947//658
f 2004//658 1947//658 2005//658
f 2005//658 1947//658 1946//658
f 2005//658 1946//658 2006//658
f 2006//658 1946//658 1945//658
f 2006//658 1945//658 2007//658
f 2007//658 1945//658 1944//658
f 2007//658 1944//658 2008//658
f 2008//658 1944//658 2009//658
f 2009//658 1944//658 1943//658
f 2009//658 1943//658 2010//658
f 2010//658 1943//658 1942//658
f 2010//658 1942//658 2011//658
f 2011//658 1942//658 1941//658
f 2011//658 1941//658 2012//658
f 2012//658 1941//658 1940//658
f 2012//658 1940//658 2013//658
f 2013//658 1940//658 1939//658
f 2013//658 1939//658 2014//658
f 2014//658 1939//658 1938//658
f 2014//658 1938//658 2015//658
f 2015//658 1938//658 1937//658
f 2015//658 1937//658 2016//658
f 2016//658 1937//658 1936//658
f 2016//658 1936//658 2017//658
f 2017//658 1936//658 1935//658
f 2017//658 1935//658 2018//658
f 2018//658 1935//658 1934//658
f 2018//658 1934//658 1974//658
f 1974//658 1934//658 1975//658
f 1975//658 1934//658 1933//658
f 1975//658 1933//658 1976//658
f 1976//658 1933//658 1973//658
f 1976//658 1973//658 1977//658
f 1977//658 1973//658 1972//658
f 1977//658 1972//658 1978//658
f 1978//658 1972//658 1971//658
f 1978//658 1971//658 1979//658
f 1979//658 1971//658 1970//658
f 1979//658 1970//658 1980//658
f 1980//658 1970//658 1969//658
f 1980//658 1969//658 1981//658
f 1981//658 1969//658 1968//658
f 1981//658 1968//658 1982//658
f 1982//658 1968//658 1967//658
f 1982//658 1967//658 1983//658
f 1983//658 1967//658 1966//658
f 1983//658 1966//658 1984//658
f 1984//658 1966//658 1965//658
f 1984//658 1965//658 1985//658
f 1985//658 1965//658 1964//658
f 1985//658 1964//658 1986//658
f 1986//658 1964//658 1987//658
f 1987//658 1964//658 1963//658
f 1987//658 1963//658 1988//658
f 1988//658 1963//658 1962//658
f 1988//658 1962//658 1989//658
f 1989//658 1962//658 1961//658
f 1989//658 1961//658 1990//658
f 1990//658 1961//658 1960//658
f 1990//658 1960//658 1991//658
f 1991//658 1960//658 1959//658
f 1991//658 1959//658 1992//658
f 1992//658 1959//658 1958//658
f 1992//658 1958//658 1993//658
f 1993//658 1958//658 1957//658
f 1993//658 1957//658 1994//658
f 1994//658 1957//658 1956//658
f 1994//658 1956//658 1995//658
f 1995//658 1956//658 1955//658
f 1995//658 1955//658 1996//658
f 1996//658 1955//658 1954//658
