# Blender 4.0.1
# www.blender.org
mtllib track_2x4.mtl
o track_2x4
v -0.999572 1.210000 -1.990706
v -0.999572 1.138823 -1.990706
v -1.000000 1.210000 -1.987461
v -0.999572 1.067647 -1.990706
v -0.999572 0.996470 -1.990706
v -0.998315 0.996470 -1.993731
v -0.998315 0.925294 -1.993731
v -0.996316 0.925294 -1.996328
v -0.996316 0.854117 -1.996328
v -0.993711 0.854117 -1.998320
v -0.993711 0.782941 -1.998320
v -0.990677 0.782941 -1.999573
v -0.990677 0.711764 -1.999573
v -0.987421 1.210000 -2.000000
v -0.990677 0.640588 -1.999573
v -0.987421 -0.000000 -2.000000
v -0.990677 0.569412 -1.999573
v -0.990677 0.498235 -1.999573
v -0.993711 0.569412 -1.998320
v -0.993711 0.498235 -1.998320
v -0.996316 0.569412 -1.996328
v -0.996316 0.498235 -1.996327
v -0.998315 0.569412 -1.993731
v -0.998315 0.498235 -1.993730
v -0.999572 0.569412 -1.990706
v -0.999572 0.498235 -1.990706
v -1.000000 -0.000000 -1.987461
v -0.999572 0.427059 -1.990706
v -0.999572 0.355882 -1.990706
v -0.998315 0.355882 -1.993730
v -0.998315 0.284706 -1.993730
v -0.996316 0.284706 -1.996327
v -0.996316 0.213529 -1.996327
v -0.993711 0.213529 -1.998320
v -0.993711 0.142353 -1.998320
v -0.990677 0.142353 -1.999573
v -0.990677 0.071176 -1.999573
v -0.990677 -0.000000 -1.999573
v -0.998315 1.138823 -1.993731
v -0.998315 1.210000 -1.993731
v -0.996316 1.138823 -1.996328
v -0.996316 1.210000 -1.996328
v -0.993711 1.138823 -1.998320
v -0.993711 1.210000 -1.998320
v -0.990677 1.138823 -1.999573
v -0.990677 1.210000 -1.999573
v -0.993711 0.071176 -1.998320
v -0.993711 -0.000000 -1.998320
v -0.996316 0.071176 -1.996327
v -0.996316 -0.000000 -1.996327
v -0.998315 0.071176 -1.993730
v -0.998315 -0.000000 -1.993730
v -0.999572 0.071176 -1.990706
v -0.999572 -0.000000 -1.990706
v -0.999572 0.640588 -1.990706
v -0.998315 0.640588 -1.993731
v -0.996316 0.640588 -1.996328
v -0.993711 0.640588 -1.998320
v -0.998315 1.067647 -1.993731
v -0.996316 1.067647 -1.996328
v -0.993711 1.067647 -1.998320
v -0.990677 1.067647 -1.999573
v -0.999572 0.925294 -1.990706
v -0.999572 0.854117 -1.990706
v -0.999572 0.782941 -1.990706
v -0.998315 0.782941 -1.993731
v -0.998315 0.711764 -1.993731
v -0.996316 0.711764 -1.996328
v -0.998315 0.854117 -1.993731
v -0.999572 0.711764 -1.990706
v -0.998315 0.427059 -1.993730
v -0.996316 0.427059 -1.996327
v -0.993711 0.427059 -1.998320
v -0.990677 0.427059 -1.999573
v -0.999572 0.284706 -1.990706
v -0.999572 0.213529 -1.990706
v -0.999572 0.142353 -1.990706
v -0.998315 0.142353 -1.993730
v -0.998315 0.213529 -1.993730
v -0.996316 0.996470 -1.996328
v -0.993711 0.925294 -1.998320
v -0.990677 0.854117 -1.999573
v -0.996316 0.782941 -1.996328
v -0.996316 0.355882 -1.996327
v -0.993711 0.284706 -1.998320
v -0.990677 0.213529 -1.999573
v -0.996316 0.142353 -1.996327
v -0.993711 0.996470 -1.998320
v -0.990677 0.996470 -1.999573
v -0.993711 0.711764 -1.998320
v -0.993711 0.355882 -1.998320
v -0.990677 0.355882 -1.999573
v -0.990677 0.925294 -1.999573
v -0.990677 0.284706 -1.999573
v -0.739299 0.875137 -2.000000
v -0.708295 0.813519 -2.000000
v -0.672187 0.754758 -2.000000
v -0.811321 1.210000 -2.000000
v -0.808398 1.141055 -2.000000
v -0.799651 1.072607 -2.000000
v -0.785142 1.005149 -2.000000
v -0.764976 0.939167 -2.000000
v -0.631237 0.699277 -2.000000
v -0.585738 0.647475 -2.000000
v -0.536019 0.599727 -2.000000
v -0.482438 0.556375 -2.000000
v -0.425381 0.517733 -2.000000
v -0.365260 0.484079 -2.000000
v -0.302506 0.455655 -2.000000
v -0.237573 0.432666 -2.000000
v -0.170928 0.415278 -2.000000
v -0.103052 0.403616 -2.000000
v -0.034433 0.397764 -2.000000
v 0.034433 0.397764 -2.000000
v 0.987421 -0.000000 -2.000000
v 0.103052 0.403616 -2.000000
v 0.170928 0.415278 -2.000000
v 0.237573 0.432666 -2.000000
v 0.302506 0.455655 -2.000000
v 0.365260 0.484079 -2.000000
v 0.425381 0.517733 -2.000000
v 0.482438 0.556375 -2.000000
v 0.536019 0.599727 -2.000000
v 0.585738 0.647475 -2.000000
v 0.631237 0.699277 -2.000000
v 0.672187 0.754758 -2.000000
v 0.708295 0.813519 -2.000000
v 0.739299 0.875137 -2.000000
v 0.987421 1.210000 -2.000000
v 0.764976 0.939167 -2.000000
v 0.785142 1.005149 -2.000000
v 0.799651 1.072607 -2.000000
v 0.808398 1.141055 -2.000000
v 0.811321 1.210000 -2.000000
v -0.990677 1.210000 1.999573
v -0.987421 1.210000 2.000000
v -0.811321 1.210000 2.000000
v -1.000000 1.210000 1.987461
v -0.993711 1.210000 1.998320
v -0.996316 1.210000 1.996327
v -0.998315 1.210000 1.993730
v -0.999572 1.210000 1.990706
v -0.990677 1.138824 1.999573
v -0.990677 1.067647 1.999573
v -0.990677 0.996471 1.999573
v -0.993711 0.996471 1.998320
v -0.993711 0.925294 1.998320
v -0.996316 0.925294 1.996327
v -0.996316 0.854118 1.996327
v -0.998315 0.854118 1.993730
v -0.998315 0.782941 1.993730
v -0.999572 0.782941 1.990706
v -0.999572 0.711765 1.990706
v -0.999572 0.640588 1.990706
v -1.000000 0.000000 1.987461
v -0.999572 0.569412 1.990706
v -0.999572 0.498236 1.990706
v -0.998315 0.569412 1.993730
v -0.998315 0.498236 1.993730
v -0.996316 0.569412 1.996327
v -0.996316 0.498236 1.996327
v -0.993711 0.569412 1.998320
v -0.993711 0.498236 1.998320
v -0.990677 0.569412 1.999573
v -0.990677 0.498236 1.999573
v -0.987421 0.000000 2.000000
v -0.990677 0.427059 1.999573
v -0.990677 0.355883 1.999573
v -0.993711 0.355883 1.998320
v -0.993711 0.284706 1.998320
v -0.996316 0.284706 1.996327
v -0.996316 0.213530 1.996327
v -0.998315 0.213530 1.993730
v -0.998315 0.142353 1.993730
v -0.999572 0.142353 1.990706
v -0.999572 0.071177 1.990706
v -0.999572 0.000000 1.990706
v -0.993711 1.138824 1.998320
v -0.996316 1.138824 1.996327
v -0.998315 1.138824 1.993730
v -0.999572 1.138824 1.990706
v -0.998315 0.071177 1.993730
v -0.998315 0.000000 1.993730
v -0.996316 0.071177 1.996327
v -0.996316 0.000000 1.996327
v -0.993711 0.071177 1.998320
v -0.993711 0.000000 1.998320
v -0.990677 0.071177 1.999573
v -0.990677 0.000000 1.999573
v -0.990677 0.640588 1.999573
v -0.993711 0.640588 1.998320
v -0.996316 0.640588 1.996327
v -0.998315 0.640588 1.993730
v -0.993711 1.067647 1.998320
v -0.996316 1.067647 1.996327
v -0.998315 1.067647 1.993730
v -0.999572 1.067647 1.990706
v -0.990677 0.925294 1.999573
v -0.990677 0.854118 1.999573
v -0.990677 0.782941 1.999573
v -0.993711 0.782941 1.998320
v -0.993711 0.711765 1.998320
v -0.996316 0.711765 1.996327
v -0.993711 0.854118 1.998320
v -0.990677 0.711765 1.999573
v -0.993711 0.427059 1.998320
v -0.996316 0.427059 1.996327
v -0.998315 0.427059 1.993730
v -0.999572 0.427059 1.990706
v -0.990677 0.284706 1.999573
v -0.990677 0.213530 1.999573
v -0.990677 0.142353 1.999573
v -0.993711 0.142353 1.998320
v -0.993711 0.213530 1.998320
v -0.996316 0.996471 1.996327
v -0.998315 0.925294 1.993730
v -0.999572 0.854118 1.990706
v -0.996316 0.782941 1.996327
v -0.996316 0.355883 1.996327
v -0.998315 0.284706 1.993730
v -0.999572 0.213530 1.990706
v -0.996316 0.142353 1.996327
v -0.998315 0.996471 1.993730
v -0.999572 0.996471 1.990706
v -0.998315 0.711765 1.993730
v -0.998315 0.355883 1.993730
v -0.999572 0.355883 1.990706
v -0.999572 0.925294 1.990706
v -0.999572 0.284706 1.990706
v -0.739299 0.875137 2.000000
v -0.764976 0.939168 2.000000
v -0.785142 1.005150 2.000000
v 0.987421 0.000000 2.000000
v -0.034433 0.397764 2.000000
v -0.103052 0.403616 2.000000
v -0.170928 0.415278 2.000000
v 0.987421 1.210000 2.000000
v 0.739299 0.875137 2.000000
v 0.708295 0.813519 2.000000
v 0.672187 0.754758 2.000000
v 0.811321 1.210000 2.000000
v 0.808398 1.141056 2.000000
v 0.799651 1.072608 2.000000
v 0.785142 1.005150 2.000000
v 0.764976 0.939168 2.000000
v 0.631237 0.699277 2.000000
v 0.585738 0.647476 2.000000
v 0.536019 0.599727 2.000000
v 0.482438 0.556376 2.000000
v 0.425381 0.517734 2.000000
v 0.365260 0.484079 2.000000
v 0.302506 0.455655 2.000000
v 0.237573 0.432667 2.000000
v 0.170928 0.415278 2.000000
v 0.103052 0.403616 2.000000
v 0.034433 0.397764 2.000000
v -0.237573 0.432667 2.000000
v -0.302506 0.455655 2.000000
v -0.365260 0.484079 2.000000
v -0.425381 0.517734 2.000000
v -0.482438 0.556376 2.000000
v -0.536019 0.599727 2.000000
v -0.585738 0.647476 2.000000
v -0.631237 0.699277 2.000000
v -0.672187 0.754758 2.000000
v -0.708295 0.813519 2.000000
v -0.799651 1.072608 2.000000
v -0.808398 1.141056 2.000000
v 0.990677 1.210000 -1.999573
v 0.990677 1.138823 -1.999573
v 0.990677 1.067647 -1.999573
v 0.990677 0.996470 -1.999573
v 0.993711 0.996470 -1.998320
v 0.993711 0.925294 -1.998320
v 0.996316 0.925294 -1.996328
v 0.996316 0.854117 -1.996328
v 0.998315 0.854117 -1.993731
v 0.998315 0.782941 -1.993731
v 0.999572 0.782941 -1.990706
v 0.999572 0.711764 -1.990706
v 1.000000 1.210000 -1.987461
v 0.999572 0.640588 -1.990706
v 1.000000 -0.000000 -1.987461
v 0.999572 0.569412 -1.990706
v 0.999572 0.498235 -1.990706
v 0.998315 0.569412 -1.993731
v 0.998315 0.498235 -1.993730
v 0.996316 0.569412 -1.996328
v 0.996316 0.498235 -1.996327
v 0.993711 0.569412 -1.998320
v 0.993711 0.498235 -1.998320
v 0.990677 0.569412 -1.999573
v 0.990677 0.498235 -1.999573
v 0.990677 0.427059 -1.999573
v 0.990677 0.355882 -1.999573
v 0.993711 0.355882 -1.998320
v 0.993711 0.284706 -1.998320
v 0.996316 0.284706 -1.996327
v 0.996316 0.213529 -1.996327
v 0.998315 0.213529 -1.993730
v 0.998315 0.142353 -1.993730
v 0.999572 0.142353 -1.990706
v 0.999572 0.071176 -1.990706
v 0.999572 -0.000000 -1.990706
v 0.993711 1.138823 -1.998320
v 0.993711 1.210000 -1.998320
v 0.996316 1.138823 -1.996328
v 0.996316 1.210000 -1.996328
v 0.998315 1.138823 -1.993731
v 0.998315 1.210000 -1.993731
v 0.999572 1.138823 -1.990706
v 0.999572 1.210000 -1.990706
v 0.998315 0.071176 -1.993730
v 0.998315 -0.000000 -1.993730
v 0.996316 0.071176 -1.996327
v 0.996316 -0.000000 -1.996327
v 0.993711 0.071176 -1.998320
v 0.993711 -0.000000 -1.998320
v 0.990677 0.071176 -1.999573
v 0.990677 -0.000000 -1.999573
v 0.990677 0.640588 -1.999573
v 0.993711 0.640588 -1.998320
v 0.996316 0.640588 -1.996328
v 0.998315 0.640588 -1.993731
v 0.993711 1.067647 -1.998320
v 0.996316 1.067647 -1.996328
v 0.998315 1.067647 -1.993731
v 0.999572 1.067647 -1.990706
v 0.990677 0.925294 -1.999573
v 0.990677 0.854117 -1.999573
v 0.990677 0.782941 -1.999573
v 0.993711 0.782941 -1.998320
v 0.993711 0.711764 -1.998320
v 0.996316 0.711764 -1.996328
v 0.993711 0.854117 -1.998320
v 0.990677 0.711764 -1.999573
v 0.993711 0.427059 -1.998320
v 0.996316 0.427059 -1.996327
v 0.998315 0.427059 -1.993730
v 0.999572 0.427059 -1.990706
v 0.990677 0.284706 -1.999573
v 0.990677 0.213529 -1.999573
v 0.990677 0.142353 -1.999573
v 0.993711 0.142353 -1.998320
v 0.993711 0.213529 -1.998320
v 0.996316 0.996470 -1.996328
v 0.998315 0.925294 -1.993731
v 0.999572 0.854117 -1.990706
v 0.996316 0.782941 -1.996328
v 0.996316 0.355882 -1.996327
v 0.998315 0.284706 -1.993730
v 0.999572 0.213529 -1.990706
v 0.996316 0.142353 -1.996327
v 0.998315 0.996470 -1.993731
v 0.999572 0.996470 -1.990706
v 0.998315 0.711764 -1.993731
v 0.998315 0.355882 -1.993730
v 0.999572 0.355882 -1.990706
v 0.999572 0.925294 -1.990706
v 0.999572 0.284706 -1.990706
v 1.000000 1.210000 1.987461
v 1.000000 0.000000 1.987461
v 0.990677 1.210000 1.999573
v 0.993711 1.210000 1.998320
v 0.996316 1.210000 1.996327
v 0.998315 1.210000 1.993730
v 0.999572 1.210000 1.990706
v 0.999572 1.138824 1.990706
v 0.999572 1.067647 1.990706
v 0.999572 0.996471 1.990706
v 0.998315 0.996471 1.993730
v 0.998315 0.925294 1.993730
v 0.996316 0.925294 1.996327
v 0.996316 0.854118 1.996327
v 0.993711 0.854118 1.998320
v 0.993711 0.782941 1.998320
v 0.990677 0.782941 1.999573
v 0.990677 0.711765 1.999573
v 0.990677 0.640588 1.999573
v 0.990677 0.569412 1.999573
v 0.990677 0.498236 1.999573
v 0.993711 0.569412 1.998320
v 0.993711 0.498236 1.998320
v 0.996316 0.569412 1.996327
v 0.996316 0.498236 1.996327
v 0.998315 0.569412 1.993730
v 0.998315 0.498236 1.993730
v 0.999572 0.569412 1.990706
v 0.999572 0.498236 1.990706
v 0.999572 0.427059 1.990706
v 0.999572 0.355883 1.990706
v 0.998315 0.355883 1.993730
v 0.998315 0.284706 1.993730
v 0.996316 0.284706 1.996327
v 0.996316 0.213530 1.996327
v 0.993711 0.213530 1.998320
v 0.993711 0.142353 1.998320
v 0.990677 0.142353 1.999573
v 0.990677 0.071177 1.999573
v 0.990677 0.000000 1.999573
v 0.998315 1.138824 1.993730
v 0.996316 1.138824 1.996327
v 0.993711 1.138824 1.998320
v 0.990677 1.138824 1.999573
v 0.993711 0.071177 1.998320
v 0.993711 0.000000 1.998320
v 0.996316 0.071177 1.996327
v 0.996316 0.000000 1.996327
v 0.998315 0.071177 1.993730
v 0.998315 0.000000 1.993730
v 0.999572 0.071177 1.990706
v 0.999572 0.000000 1.990706
v 0.999572 0.640588 1.990706
v 0.998315 0.640588 1.993730
v 0.996316 0.640588 1.996327
v 0.993711 0.640588 1.998320
v 0.998315 1.067647 1.993730
v 0.996316 1.067647 1.996327
v 0.993711 1.067647 1.998320
v 0.990677 1.067647 1.999573
v 0.999572 0.925294 1.990706
v 0.999572 0.854118 1.990706
v 0.999572 0.782941 1.990706
v 0.998315 0.782941 1.993730
v 0.998315 0.711765 1.993730
v 0.996316 0.711765 1.996327
v 0.998315 0.854118 1.993730
v 0.999572 0.711765 1.990706
v 0.998315 0.427059 1.993730
v 0.996316 0.427059 1.996327
v 0.993711 0.427059 1.998320
v 0.990677 0.427059 1.999573
v 0.999572 0.284706 1.990706
v 0.999572 0.213530 1.990706
v 0.999572 0.142353 1.990706
v 0.998315 0.142353 1.993730
v 0.998315 0.213530 1.993730
v 0.996316 0.996471 1.996327
v 0.993711 0.925294 1.998320
v 0.990677 0.854118 1.999573
v 0.996316 0.782941 1.996327
v 0.996316 0.355883 1.996327
v 0.993711 0.284706 1.998320
v 0.990677 0.213530 1.999573
v 0.996316 0.142353 1.996327
v 0.993711 0.996471 1.998320
v 0.990677 0.996471 1.999573
v 0.993711 0.711765 1.998320
v 0.993711 0.355883 1.998320
v 0.990677 0.355883 1.999573
v 0.990677 0.925294 1.999573
v 0.990677 0.284706 1.999573
v 0.339623 0.368725 -1.003135
v 0.337992 0.368050 -0.970533
v 0.337992 0.368050 -1.035737
v 0.333102 0.366083 -1.068688
v 0.333102 0.366083 -0.937582
v 0.324953 0.362911 -1.101387
v 0.324953 0.362911 -0.904883
v 0.313548 0.358622 -1.133230
v 0.313548 0.358622 -0.873040
v 0.298966 0.353381 -1.163660
v 0.298966 0.353381 -0.842610
v 0.281584 0.347496 -1.192265
v 0.281584 0.347496 -0.814005
v 0.261852 0.341270 -0.787609
v 0.240218 0.335005 -0.763807
v 0.240218 0.335005 -1.242463
v 0.261852 0.341270 -1.218660
v 0.216350 0.328788 -1.264045
v 0.216350 0.328788 -0.742225
v 0.189865 0.322692 -0.722529
v 0.161152 0.316997 -0.705173
v 0.161152 0.316997 -1.301097
v 0.189865 0.322692 -1.283740
v 0.130597 0.311985 -0.690609
v 0.130597 0.311985 -1.315661
v 0.098621 0.307928 -1.327050
v 0.098621 0.307928 -0.679219
v 0.065790 0.304954 -0.671084
v 0.032713 0.303124 -0.666204
v 0.032713 0.303124 -1.340066
v 0.065790 0.304954 -1.335185
v 0.000000 0.302500 -1.341693
v -0.000000 0.302500 -0.664577
v -0.032713 0.303124 -1.340066
v -0.032713 0.303124 -0.666204
v -0.065790 0.304954 -1.335185
v -0.065790 0.304954 -0.671084
v -0.098621 0.307928 -0.679219
v -0.130597 0.311985 -0.690609
v -0.130597 0.311985 -1.315661
v -0.098621 0.307928 -1.327050
v -0.161152 0.316997 -0.705173
v -0.161152 0.316997 -1.301097
v -0.189865 0.322692 -1.283740
v -0.189865 0.322692 -0.722529
v -0.216350 0.328788 -0.742225
v -0.240218 0.335005 -0.763807
v -0.240218 0.335005 -1.242463
v -0.216350 0.328788 -1.264045
v -0.261852 0.341270 -1.218660
v -0.261852 0.341270 -0.787609
v -0.281584 0.347496 -0.814005
v -0.298966 0.353381 -0.842610
v -0.298966 0.353381 -1.163660
v -0.281584 0.347496 -1.192265
v -0.313548 0.358622 -1.133230
v -0.313548 0.358622 -0.873040
v -0.324953 0.362911 -1.101387
v -0.324953 0.362911 -0.904883
v -0.333102 0.366083 -1.068688
v -0.333102 0.366083 -0.937582
v -0.337992 0.368050 -1.035737
v -0.337992 0.368050 -0.970533
v -0.339623 0.368725 -1.003135
v 0.413084 0.402370 -0.040036
v 0.415094 0.403432 -0.635319
v 0.415094 0.403432 -0.000000
v 0.446255 0.420315 -0.635319
v 0.446255 0.420315 0.635319
v 0.507258 0.458203 0.635319
v 0.471698 0.435305 1.793104
v 0.493051 0.448772 1.793104
v 0.514020 0.462829 1.793104
v 0.534591 0.477466 0.635319
v 0.534591 0.477466 1.793104
v 0.565075 0.500811 0.635319
v 0.588494 0.520201 1.905956
v 0.619343 0.547874 0.635319
v 0.639007 0.566910 1.905956
v 0.669722 0.599095 0.635319
v 0.685840 0.617322 1.905956
v 0.715895 0.654152 0.635319
v 0.728722 0.671149 1.905956
v 0.757572 0.712700 0.635319
v 0.767407 0.728079 1.905956
v 0.794491 0.774371 0.635319
v 0.792453 0.770659 1.473354
v 0.825032 0.835687 1.473354
v 0.826422 0.838778 0.635319
v 0.852307 0.903122 1.473354
v 0.853162 0.905516 0.635319
v 0.874103 0.972530 1.473354
v 0.874545 0.974166 0.635319
v 0.890280 1.043464 1.473354
v 0.890435 1.044297 0.635319
v 0.900734 1.115469 1.473354
v 0.900734 1.115469 0.532915
v 0.890280 1.043464 0.532915
v 0.874103 0.972530 0.532915
v 0.852307 0.903122 0.532915
v 0.825032 0.835687 0.532915
v 0.792453 0.770658 0.532915
v 0.792453 0.770658 0.470219
v 0.757572 0.712700 -0.635319
v 0.792453 0.770658 -0.470220
v 0.792453 0.770658 -0.532916
v 0.794491 0.774371 -0.635319
v 0.825032 0.835687 -0.532916
v 0.826422 0.838778 -0.635319
v 0.852307 0.903122 -0.532916
v 0.853162 0.905516 -0.635319
v 0.874103 0.972529 -0.532916
v 0.874545 0.974166 -0.635319
v 0.890280 1.043464 -0.532916
v 0.890435 1.044297 -0.635319
v 0.900734 1.115469 -0.532916
v 0.900734 1.115469 -1.473354
v 0.890280 1.043464 -1.473354
v 0.874103 0.972529 -1.473354
v 0.852307 0.903122 -1.473354
v 0.825032 0.835687 -1.473354
v 0.792453 0.770658 -1.473354
v 0.767407 0.728078 -1.905956
v 0.792453 0.770658 -1.536050
v 0.801671 0.787784 -1.905956
v 0.825032 0.835687 -1.536050
v 0.831318 0.849922 -1.905956
v 0.852307 0.903122 -1.536050
v 0.856177 0.914134 -1.905956
v 0.874103 0.972529 -1.536050
v 0.876104 0.980050 -1.905956
v 0.890280 1.043463 -1.536050
v 0.890985 1.047291 -1.905956
v 0.900734 1.115469 -1.536050
v 0.900734 1.115469 -1.905956
v 0.407066 0.399289 -0.080417
v 0.397065 0.394343 -0.120414
v 0.382450 0.387386 -0.635319
v 0.383101 0.387691 -0.159301
v 0.365290 0.379609 -0.196412
v 0.365290 0.379609 -0.806723
v 0.344092 0.370583 -0.231265
v 0.344092 0.370583 -0.771870
v 0.320053 0.361076 -0.263410
v 0.320053 0.361076 -0.739725
v 0.316243 0.359624 -0.635319
v 0.293717 0.351550 -0.710740
v 0.293717 0.351550 -0.292395
v 0.264669 0.342138 -0.684442
v 0.264669 0.342138 -0.318693
v 0.248051 0.337202 -0.635319
v 0.232405 0.332928 -0.342731
v 0.197388 0.324339 -0.639186
v 0.197388 0.324339 -0.363949
v 0.160078 0.316788 -0.381786
v 0.120972 0.310678 -0.395765
v 0.120972 0.310678 -0.607370
v 0.160078 0.316788 -0.621349
v 0.080760 0.306198 -0.405770
v 0.080760 0.306198 -0.597365
v 0.040187 0.303440 -0.591350
v 0.040187 0.303440 -0.411785
v -0.000000 0.302500 -0.413793
v 0.000000 0.302500 -0.589342
v -0.040187 0.303440 -0.411785
v -0.040187 0.303440 -0.591350
v -0.080760 0.306198 -0.597365
v -0.080760 0.306198 -0.405770
v -0.120972 0.310678 -0.395765
v -0.160078 0.316788 -0.381786
v -0.160078 0.316788 -0.621349
v -0.120972 0.310678 -0.607370
v -0.197388 0.324339 -0.363949
v -0.197388 0.324339 -0.639186
v -0.232405 0.332928 -0.342731
v -0.248051 0.337202 -0.635319
v -0.264669 0.342138 -0.318693
v -0.264669 0.342138 -0.684442
v -0.293717 0.351550 -0.292395
v -0.293717 0.351550 -0.710740
v -0.316243 0.359624 -0.635319
v -0.320053 0.361076 -0.739725
v -0.344092 0.370583 -0.231265
v -0.344092 0.370583 -0.771870
v -0.365290 0.379609 -0.196412
v -0.365290 0.379609 -0.806723
v -0.382450 0.387386 -0.635319
v -0.383101 0.387691 -0.843834
v -0.397065 0.394343 -0.882721
v -0.397065 0.394343 -0.120414
v -0.407066 0.399289 -0.080417
v -0.320053 0.361076 -0.263410
v -0.383101 0.387691 -0.159301
v -0.407066 0.399288 -0.922718
v -0.413084 0.402370 -0.040036
v -0.413084 0.402370 -0.963099
v -0.446255 0.420315 -0.635319
v -0.415094 0.403432 -1.003135
v -0.409811 0.400723 -1.905956
v -0.413084 0.402370 -1.043171
v -0.407066 0.399288 -1.083551
v -0.397065 0.394343 -1.123549
v -0.383101 0.387690 -1.162436
v -0.345414 0.371096 -1.905956
v -0.365290 0.379609 -1.199546
v -0.344092 0.370583 -1.234400
v -0.320053 0.361075 -1.266544
v -0.278904 0.346604 -1.905956
v -0.293717 0.351550 -1.295530
v -0.264669 0.342138 -1.321828
v -0.232405 0.332928 -1.345866
v -0.210685 0.327397 -1.905956
v -0.197388 0.324339 -1.367084
v -0.160078 0.316788 -1.384920
v -0.141178 0.313594 -1.905956
v -0.120972 0.310678 -1.398899
v -0.070806 0.305277 -1.905956
v -0.080760 0.306197 -1.408904
v -0.040187 0.303440 -1.414919
v 0.000000 0.302500 -1.905956
v -0.000000 0.302500 -1.416928
v 0.040187 0.303440 -1.414919
v 0.070806 0.305277 -1.905956
v 0.080760 0.306197 -1.408904
v 0.120972 0.310678 -1.398899
v 0.141178 0.313594 -1.905956
v 0.160078 0.316788 -1.384920
v 0.210685 0.327397 -1.905956
v 0.197388 0.324339 -1.367084
v 0.232405 0.332928 -1.345866
v 0.278904 0.346604 -1.905956
v 0.264669 0.342138 -1.321828
v 0.293717 0.351550 -1.295530
v 0.320053 0.361075 -1.266544
v 0.345414 0.371096 -1.905956
v 0.344092 0.370583 -1.234400
v 0.365290 0.379609 -1.199546
v 0.409811 0.400723 -1.905956
v 0.383101 0.387690 -1.162436
v 0.397065 0.394343 -1.123549
v 0.407066 0.399288 -1.083551
v 0.413084 0.402370 -1.043171
v 0.415094 0.403432 -1.003135
v 0.471698 0.435305 -1.793104
v 0.507258 0.458202 -0.635319
v -0.415094 0.403432 -0.000000
v -0.446255 0.420315 0.635319
v -0.471698 0.435305 -0.635319
v -0.471698 0.435305 0.635319
v -0.507258 0.458202 -0.635319
v -0.507258 0.458203 0.635319
v -0.565075 0.500811 -0.635319
v -0.565075 0.500811 0.635319
v -0.619343 0.547874 -0.635319
v -0.619343 0.547874 0.635319
v -0.669722 0.599095 -0.635319
v -0.669722 0.599095 0.635319
v -0.715895 0.654152 -0.635319
v -0.715895 0.654152 0.635319
v -0.757572 0.712700 -0.635319
v -0.757572 0.712700 0.635319
v -0.792453 0.770658 -0.470220
v -0.792453 0.770658 0.470219
v -0.825032 0.835687 0.470219
v -0.413084 0.402370 0.040036
v -0.413084 0.402370 0.963099
v -0.415094 0.403432 1.003135
v -0.407066 0.399289 0.080417
v -0.407066 0.399289 0.922718
v -0.397065 0.394343 0.120414
v -0.397065 0.394344 0.882721
v -0.382450 0.387386 0.635319
v -0.383101 0.387691 0.843834
v -0.365290 0.379609 0.806723
v -0.365290 0.379609 0.196412
v -0.344092 0.370583 0.231265
v -0.383101 0.387691 0.159301
v -0.344092 0.370583 0.771870
v -0.320053 0.361076 0.263410
v -0.320053 0.361076 0.739725
v -0.316243 0.359624 0.635319
v -0.293717 0.351551 0.710740
v -0.293717 0.351550 0.292395
v -0.264669 0.342138 0.318693
v -0.232405 0.332928 0.342731
v -0.248051 0.337202 0.635319
v -0.264669 0.342138 0.684441
v -0.197388 0.324339 0.639186
v -0.197388 0.324339 0.363949
v -0.160078 0.316788 0.381786
v -0.120972 0.310678 0.395764
v -0.120972 0.310678 0.607370
v -0.160078 0.316788 0.621349
v -0.080760 0.306198 0.405770
v -0.080760 0.306198 0.597365
v -0.040187 0.303440 0.591350
v -0.040187 0.303440 0.411784
v 0.000000 0.302500 0.413793
v 0.000000 0.302500 0.589342
v 0.040187 0.303440 0.411784
v 0.040187 0.303440 0.591350
v 0.080760 0.306198 0.597365
v 0.080760 0.306198 0.405770
v 0.120972 0.310678 0.395764
v 0.160078 0.316788 0.381786
v 0.160078 0.316788 0.621349
v 0.120972 0.310678 0.607370
v 0.197388 0.324339 0.363949
v 0.197388 0.324339 0.639186
v 0.232405 0.332928 0.342731
v 0.248051 0.337202 0.635319
v 0.264669 0.342138 0.318693
v 0.264669 0.342138 0.684441
v 0.293717 0.351550 0.292395
v 0.293717 0.351551 0.710740
v 0.316243 0.359624 0.635319
v 0.320053 0.361076 0.739725
v 0.344092 0.370583 0.231265
v 0.344092 0.370583 0.771870
v 0.365290 0.379609 0.196412
v 0.365290 0.379609 0.806723
v 0.382450 0.387386 0.635319
v 0.383101 0.387691 0.843834
v 0.397065 0.394344 0.882721
v 0.415094 0.403432 0.635319
v 0.407066 0.399289 0.922718
v 0.413084 0.402370 0.963099
v 0.415094 0.403432 1.003135
v 0.471698 0.435305 1.905956
v 0.320053 0.361076 0.263410
v 0.383101 0.387691 0.159301
v 0.397065 0.394343 0.120414
v 0.407066 0.399289 0.080417
v 0.413084 0.402370 0.040036
v -0.534591 0.477466 1.905956
v -0.534591 0.477466 1.793104
v -0.514020 0.462829 1.793104
v -0.493051 0.448772 1.793104
v -0.471698 0.435305 1.793104
v -0.409811 0.400724 1.905956
v -0.413084 0.402370 1.043171
v -0.588494 0.520201 1.905956
v -0.639007 0.566910 1.905956
v -0.685840 0.617322 1.905956
v -0.728722 0.671149 1.905956
v -0.767407 0.728079 1.905956
v -0.792453 0.770658 0.635319
v -0.792453 0.770658 0.532915
v -0.794491 0.774371 0.635319
v -0.825032 0.835687 0.532915
v -0.826422 0.838778 0.635319
v -0.852307 0.903122 0.532915
v -0.853162 0.905516 0.635319
v -0.874103 0.972530 0.532915
v -0.874545 0.974166 0.635319
v -0.890280 1.043464 0.532915
v -0.890435 1.044297 0.635319
v -0.900734 1.115469 0.532915
v -0.900734 1.115469 1.473354
v -0.890280 1.043464 1.473354
v -0.874103 0.972530 1.473354
v -0.852307 0.903122 1.473354
v -0.825032 0.835687 1.473354
v -0.792453 0.770659 1.473354
v -0.792453 0.770659 1.536050
v -0.801671 0.787785 1.905956
v -0.825032 0.835687 1.536050
v -0.831318 0.849923 1.905956
v -0.852307 0.903122 1.536050
v -0.856177 0.914135 1.905956
v -0.874103 0.972530 1.536050
v -0.876104 0.980051 1.905956
v -0.890280 1.043464 1.536050
v -0.890985 1.047291 1.905956
v -0.900734 1.115469 1.536050
v -0.900734 1.115469 1.905956
v -0.825032 0.835687 -0.470220
v -0.852307 0.903122 0.470219
v -0.852307 0.903122 -0.470220
v -0.874103 0.972530 0.470219
v -0.874103 0.972529 -0.470220
v -0.890280 1.043464 0.470219
v -0.890280 1.043464 -0.470220
v -0.900734 1.115469 0.470219
v -0.900734 1.115469 -0.470220
v -0.792453 0.770658 -0.532916
v -0.792453 0.770658 -0.635319
v -0.792453 0.770658 -1.473354
v -0.794491 0.774371 -0.635319
v -0.825032 0.835687 -1.473354
v -0.826422 0.838778 -0.635319
v -0.852307 0.903122 -1.473354
v -0.853162 0.905516 -0.635319
v -0.874103 0.972529 -1.473354
v -0.874545 0.974166 -0.635319
v -0.890280 1.043464 -1.473354
v -0.890435 1.044297 -0.635319
v -0.900734 1.115469 -1.473354
v -0.900734 1.115469 -0.532916
v -0.890280 1.043464 -0.532916
v -0.874103 0.972529 -0.532916
v -0.852307 0.903122 -0.532916
v -0.825032 0.835687 -0.532916
v -0.767407 0.728078 -1.905956
v -0.792453 0.770658 -1.536050
v -0.801671 0.787784 -1.905956
v -0.825032 0.835687 -1.536050
v -0.831318 0.849922 -1.905956
v -0.852307 0.903122 -1.536050
v -0.856177 0.914134 -1.905956
v -0.874103 0.972529 -1.536050
v -0.876104 0.980050 -1.905956
v -0.890280 1.043463 -1.536050
v -0.890985 1.047291 -1.905956
v -0.900734 1.115469 -1.536050
v -0.900734 1.115469 -1.905956
v -0.728722 0.671148 -1.905956
v -0.685840 0.617322 -1.905956
v -0.639007 0.566909 -1.905956
v -0.588494 0.520201 -1.905956
v -0.534591 0.477466 -1.905956
v -0.534591 0.477466 -1.793104
v -0.514020 0.462829 -1.793104
v -0.493051 0.448771 -1.793104
v -0.471698 0.435305 -1.793104
v -0.471698 0.435305 -1.905956
v 0.471698 0.435305 -1.905956
v 0.493051 0.448771 -1.793104
v 0.514020 0.462829 -1.793104
v 0.534591 0.477466 -0.635319
v 0.534591 0.477466 -1.793104
v 0.565075 0.500811 -0.635319
v 0.534591 0.477466 -1.905956
v 0.588494 0.520201 -1.905956
v 0.619343 0.547874 -0.635319
v 0.639007 0.566909 -1.905956
v 0.669722 0.599095 -0.635319
v 0.685840 0.617322 -1.905956
v 0.715895 0.654152 -0.635319
v 0.728722 0.671148 -1.905956
v 0.825032 0.835687 -0.470220
v 0.825032 0.835687 0.470219
v 0.852307 0.903122 -0.470220
v 0.852307 0.903122 0.470219
v 0.874103 0.972529 -0.470220
v 0.874103 0.972530 0.470219
v 0.890280 1.043464 -0.470220
v 0.890280 1.043464 0.470219
v 0.900734 1.115469 -0.470220
v 0.900734 1.115469 0.470219
v 0.792453 0.770659 1.536050
v 0.801671 0.787785 1.905956
v 0.825032 0.835687 1.536050
v 0.831318 0.849923 1.905956
v 0.852307 0.903122 1.536050
v 0.856177 0.914135 1.905956
v 0.874103 0.972530 1.536050
v 0.876104 0.980051 1.905956
v 0.890280 1.043464 1.536050
v 0.890985 1.047291 1.905956
v 0.900734 1.115469 1.536050
v 0.900734 1.115469 1.905956
v 0.534591 0.477466 1.905956
v 0.409811 0.400724 1.905956
v 0.413084 0.402370 1.043171
v 0.407066 0.399289 1.083551
v 0.397065 0.394344 1.123549
v 0.383101 0.387691 1.162436
v 0.345414 0.371096 1.905956
v 0.365290 0.379609 1.199546
v 0.344092 0.370583 1.234400
v 0.320053 0.361076 1.266544
v 0.278904 0.346604 1.905956
v 0.293717 0.351551 1.295530
v 0.264669 0.342138 1.321828
v 0.232405 0.332928 1.345866
v 0.210685 0.327398 1.905956
v 0.197388 0.324339 1.367084
v 0.160078 0.316788 1.384920
v 0.141178 0.313594 1.905956
v 0.120972 0.310679 1.398899
v 0.070806 0.305278 1.905956
v 0.080760 0.306198 1.408904
v 0.040187 0.303440 1.414919
v 0.000000 0.302500 1.905956
v 0.000000 0.302500 1.416928
v -0.040187 0.303440 1.414919
v -0.070806 0.305278 1.905956
v -0.080760 0.306198 1.408904
v -0.120972 0.310679 1.398899
v -0.141178 0.313594 1.905956
v -0.160078 0.316788 1.384920
v -0.210685 0.327398 1.905956
v -0.197388 0.324339 1.367084
v -0.232405 0.332928 1.345866
v -0.278904 0.346604 1.905956
v -0.264669 0.342138 1.321828
v -0.293717 0.351551 1.295530
v -0.320053 0.361076 1.266544
v -0.345414 0.371096 1.905956
v -0.344092 0.370583 1.234400
v -0.365290 0.379609 1.199546
v -0.383101 0.387691 1.162436
v -0.397065 0.394344 1.123549
v -0.407066 0.399289 1.083551
v -0.471698 0.435305 1.905956
v 0.232405 0.332928 0.660404
v -0.232405 0.332928 0.660404
v -0.232405 0.332928 -0.660404
v 0.232405 0.332928 -0.660404
v 0.383101 0.387691 -0.843834
v 0.397065 0.394343 -0.882721
v 0.407066 0.399288 -0.922718
v 0.413084 0.402370 -0.963099
v 0.339623 0.368725 1.003135
v 0.337992 0.368050 1.035737
v 0.337992 0.368050 0.970533
v 0.333102 0.366083 0.937581
v 0.333102 0.366083 1.068688
v 0.324953 0.362912 0.904883
v 0.324953 0.362912 1.101387
v 0.313548 0.358622 0.873040
v 0.313548 0.358622 1.133230
v 0.298966 0.353381 0.842610
v 0.298966 0.353381 1.163660
v 0.281584 0.347496 0.814005
v 0.281584 0.347496 1.192265
v 0.261852 0.341270 1.218660
v 0.240218 0.335005 1.242463
v 0.240218 0.335005 0.763807
v 0.261852 0.341270 0.787609
v 0.216350 0.328788 0.742225
v 0.216350 0.328788 1.264045
v 0.189865 0.322692 1.283740
v 0.161152 0.316997 1.301097
v 0.161152 0.316997 0.705173
v 0.189865 0.322692 0.722529
v 0.130597 0.311985 1.315661
v 0.130597 0.311985 0.690608
v 0.098621 0.307928 0.679219
v 0.098621 0.307928 1.327050
v 0.065790 0.304954 1.335185
v 0.032713 0.303124 1.340066
v 0.032713 0.303124 0.666204
v 0.065790 0.304954 0.671084
v 0.000000 0.302500 0.664577
v 0.000000 0.302500 1.341693
v -0.032713 0.303124 0.666204
v -0.032713 0.303124 1.340066
v -0.065790 0.304954 0.671084
v -0.065790 0.304954 1.335185
v -0.098621 0.307928 1.327050
v -0.130597 0.311985 1.315661
v -0.130597 0.311985 0.690608
v -0.098621 0.307928 0.679219
v -0.161152 0.316997 1.301097
v -0.161152 0.316997 0.705173
v -0.189865 0.322692 0.722529
v -0.189865 0.322692 1.283740
v -0.216350 0.328788 1.264045
v -0.240218 0.335005 1.242463
v -0.240218 0.335005 0.763807
v -0.216350 0.328788 0.742225
v -0.261852 0.341270 0.787609
v -0.261852 0.341270 1.218660
v -0.281584 0.347496 1.192265
v -0.298966 0.353381 1.163660
v -0.298966 0.353381 0.842610
v -0.281584 0.347496 0.814005
v -0.313548 0.358622 0.873040
v -0.313548 0.358622 1.133230
v -0.324953 0.362912 0.904883
v -0.324953 0.362912 1.101387
v -0.333102 0.366083 0.937581
v -0.333102 0.366083 1.068688
v -0.337992 0.368050 0.970533
v -0.337992 0.368050 1.035737
v -0.339623 0.368725 1.003135
v 0.339623 0.368725 -0.000000
v 0.337992 0.368050 0.032602
v 0.337992 0.368050 -0.032602
v 0.333102 0.366083 -0.065553
v 0.333102 0.366083 0.065553
v 0.324953 0.362912 -0.098252
v 0.324953 0.362912 0.098252
v 0.313548 0.358622 -0.130095
v 0.313548 0.358622 0.130095
v 0.298966 0.353381 -0.160525
v 0.298966 0.353381 0.160525
v 0.281584 0.347496 -0.189130
v 0.281584 0.347496 0.189130
v 0.261852 0.341270 0.215526
v 0.240218 0.335005 0.239328
v 0.240218 0.335005 -0.239328
v 0.261852 0.341270 -0.215526
v 0.216350 0.328788 -0.260910
v 0.216350 0.328788 0.260910
v 0.189865 0.322692 0.280605
v 0.161152 0.316997 0.297962
v 0.161152 0.316997 -0.297962
v 0.189865 0.322692 -0.280605
v 0.130597 0.311985 0.312526
v 0.130597 0.311985 -0.312526
v 0.098621 0.307928 -0.323916
v 0.098621 0.307928 0.323916
v 0.065790 0.304954 0.332051
v 0.032713 0.303124 0.336931
v 0.032713 0.303124 -0.336931
v 0.065790 0.304954 -0.332051
v 0.000000 0.302500 -0.338558
v 0.000000 0.302500 0.338558
v -0.032713 0.303124 -0.336931
v -0.032713 0.303124 0.336931
v -0.065790 0.304954 -0.332051
v -0.065790 0.304954 0.332051
v -0.098621 0.307928 0.323916
v -0.130597 0.311985 0.312526
v -0.130597 0.311985 -0.312526
v -0.098621 0.307928 -0.323916
v -0.161152 0.316997 0.297962
v -0.161152 0.316997 -0.297962
v -0.189865 0.322692 -0.280605
v -0.189865 0.322692 0.280605
v -0.216350 0.328788 0.260910
v -0.240218 0.335005 0.239328
v -0.240218 0.335005 -0.239328
v -0.216350 0.328788 -0.260910
v -0.261852 0.341270 -0.215526
v -0.261852 0.341270 0.215526
v -0.281584 0.347496 0.189130
v -0.298966 0.353381 0.160525
v -0.298966 0.353381 -0.160525
v -0.281584 0.347496 -0.189130
v -0.313548 0.358622 -0.130095
v -0.313548 0.358622 0.130095
v -0.324953 0.362912 -0.098252
v -0.324953 0.362912 0.098252
v -0.333102 0.366083 -0.065553
v -0.333102 0.366083 0.065553
v -0.337992 0.368050 -0.032602
v -0.337992 0.368050 0.032602
v -0.339623 0.368725 -0.000000
v -0.336717 -0.000000 -0.958944
v -0.412181 -0.000000 -0.954194
v -0.339623 -0.000000 -1.003135
v -0.415094 -0.000000 -1.003135
v -0.412181 -0.000000 -1.052076
v -0.403481 -0.000000 -0.905941
v -0.328050 -0.000000 -0.915510
v -0.389118 -0.000000 -0.859051
v -0.313770 -0.000000 -0.873574
v -0.369292 -0.000000 -0.814185
v -0.294122 -0.000000 -0.833856
v -0.344282 -0.000000 -0.771971
v -0.269441 -0.000000 -0.797034
v -0.314439 -0.000000 -0.733002
v -0.240149 -0.000000 -0.763738
v -0.280182 -0.000000 -0.697825
v -0.206749 -0.000000 -0.734539
v -0.241991 -0.000000 -0.666933
v -0.169811 -0.000000 -0.709935
v -0.200404 -0.000000 -0.640762
v -0.129968 -0.000000 -0.690348
v -0.156004 -0.000000 -0.619677
v -0.087901 -0.000000 -0.676113
v -0.109414 -0.000000 -0.603975
v -0.061287 -0.000000 -0.593877
v -0.044330 -0.000000 -0.667473
v -0.012301 -0.000000 -0.589523
v 0.000000 -0.000000 -0.664577
v 0.036859 -0.000000 -0.590976
v 0.044330 -0.000000 -0.667473
v 0.085501 -0.000000 -0.598215
v 0.087901 -0.000000 -0.676113
v 0.132942 -0.000000 -0.611138
v 0.129968 -0.000000 -0.690348
v 0.178518 -0.000000 -0.629563
v 0.169811 -0.000000 -0.709935
v 0.221587 -0.000000 -0.653233
v 0.206749 -0.000000 -0.734539
v 0.261546 -0.000000 -0.681815
v 0.240149 -0.000000 -0.763738
v 0.297833 -0.000000 -0.714907
v 0.269441 -0.000000 -0.797034
v 0.329940 -0.000000 -0.752045
v 0.357414 -0.000000 -0.792708
v 0.294122 -0.000000 -0.833856
v 0.379872 -0.000000 -0.836325
v 0.313770 -0.000000 -0.873574
v 0.396997 -0.000000 -0.882284
v 0.328050 -0.000000 -0.915510
v 0.408549 -0.000000 -0.929939
v 0.336717 -0.000000 -0.958944
v 0.414365 -0.000000 -0.978621
v 0.339623 -0.000000 -1.003135
v 0.414365 -0.000000 -1.027648
v 0.336717 -0.000000 -1.047325
v 0.408549 -0.000000 -1.076331
v 0.328050 -0.000000 -1.090760
v 0.396997 -0.000000 -1.123986
v 0.313770 -0.000000 -1.132695
v 0.379872 -0.000000 -1.169945
v 0.294122 -0.000000 -1.172414
v 0.357414 -0.000000 -1.213562
v 0.269441 -0.000000 -1.209236
v 0.329940 -0.000000 -1.254225
v 0.297833 -0.000000 -1.291363
v 0.240149 -0.000000 -1.242532
v 0.261546 -0.000000 -1.324455
v 0.206749 -0.000000 -1.271731
v 0.221587 -0.000000 -1.353037
v 0.169811 -0.000000 -1.296335
v 0.178518 -0.000000 -1.376706
v 0.129968 -0.000000 -1.315922
v 0.132942 -0.000000 -1.395132
v 0.087901 -0.000000 -1.330157
v 0.085501 -0.000000 -1.408055
v 0.044330 -0.000000 -1.338796
v 0.036859 -0.000000 -1.415293
v 0.000000 -0.000000 -1.341693
v -0.012301 -0.000000 -1.416746
v -0.044330 -0.000000 -1.338796
v -0.061287 -0.000000 -1.412393
v -0.087901 -0.000000 -1.330157
v -0.109414 -0.000000 -1.402294
v -0.156004 -0.000000 -1.386593
v -0.129968 -0.000000 -1.315922
v -0.200404 -0.000000 -1.365508
v -0.169811 -0.000000 -1.296335
v -0.241991 -0.000000 -1.339336
v -0.206749 -0.000000 -1.271731
v -0.280182 -0.000000 -1.308445
v -0.240149 -0.000000 -1.242532
v -0.314439 -0.000000 -1.273268
v -0.269441 -0.000000 -1.209236
v -0.344282 -0.000000 -1.234299
v -0.294122 -0.000000 -1.172414
v -0.369292 -0.000000 -1.192085
v -0.313770 -0.000000 -1.132695
v -0.389118 -0.000000 -1.147218
v -0.328050 -0.000000 -1.090760
v -0.403481 -0.000000 -1.100329
v -0.336717 -0.000000 -1.047325
v -0.336717 0.000000 1.047325
v -0.412181 0.000000 1.052076
v -0.339623 0.000000 1.003135
v -0.415094 0.000000 1.003135
v -0.412181 0.000000 0.954194
v -0.403481 0.000000 1.100329
v -0.328050 0.000000 1.090760
v -0.389118 0.000000 1.147218
v -0.313770 0.000000 1.132695
v -0.369292 0.000000 1.192085
v -0.294122 0.000000 1.172414
v -0.344282 0.000000 1.234299
v -0.269441 0.000000 1.209236
v -0.314439 0.000000 1.273268
v -0.240149 0.000000 1.242532
v -0.280182 0.000000 1.308445
v -0.206749 0.000000 1.271731
v -0.241991 0.000000 1.339336
v -0.169811 0.000000 1.296335
v -0.200404 0.000000 1.365508
v -0.129968 0.000000 1.315922
v -0.156004 0.000000 1.386593
v -0.087901 0.000000 1.330157
v -0.109414 0.000000 1.402294
v -0.061287 0.000000 1.412393
v -0.044330 0.000000 1.338796
v -0.012301 0.000000 1.416746
v 0.000000 0.000000 1.341693
v 0.036859 0.000000 1.415293
v 0.044330 0.000000 1.338796
v 0.085501 0.000000 1.408055
v 0.087901 0.000000 1.330157
v 0.132942 0.000000 1.395132
v 0.129968 0.000000 1.315922
v 0.178518 0.000000 1.376706
v 0.169811 0.000000 1.296335
v 0.221587 0.000000 1.353037
v 0.206749 0.000000 1.271731
v 0.261546 0.000000 1.324455
v 0.240149 0.000000 1.242532
v 0.297833 0.000000 1.291363
v 0.269441 0.000000 1.209236
v 0.329940 0.000000 1.254225
v 0.357414 0.000000 1.213562
v 0.294122 0.000000 1.172414
v 0.379872 0.000000 1.169945
v 0.313770 0.000000 1.132695
v 0.396997 0.000000 1.123986
v 0.328050 0.000000 1.090760
v 0.408549 0.000000 1.076331
v 0.336717 0.000000 1.047325
v 0.414365 0.000000 1.027648
v 0.339623 0.000000 1.003135
v 0.414365 0.000000 0.978621
v 0.336717 0.000000 0.958944
v 0.408549 0.000000 0.929939
v 0.328050 0.000000 0.915510
v 0.396997 0.000000 0.882284
v 0.313770 0.000000 0.873574
v 0.379872 0.000000 0.836325
v 0.294122 0.000000 0.833856
v 0.357414 0.000000 0.792708
v 0.269441 0.000000 0.797034
v 0.329940 0.000000 0.752045
v 0.297833 0.000000 0.714907
v 0.240149 0.000000 0.763738
v 0.261546 0.000000 0.681815
v 0.206749 0.000000 0.734539
v 0.221587 0.000000 0.653233
v 0.169811 0.000000 0.709935
v 0.178518 0.000000 0.629563
v 0.129968 0.000000 0.690348
v 0.132942 0.000000 0.611138
v 0.087901 0.000000 0.676113
v 0.085501 0.000000 0.598215
v 0.044330 0.000000 0.667473
v 0.036859 0.000000 0.590976
v 0.000000 0.000000 0.664577
v -0.012301 0.000000 0.589523
v -0.044330 0.000000 0.667473
v -0.061287 0.000000 0.593877
v -0.087901 0.000000 0.676113
v -0.109414 0.000000 0.603975
v -0.156004 0.000000 0.619677
v -0.129968 0.000000 0.690348
v -0.200404 0.000000 0.640762
v -0.169811 0.000000 0.709935
v -0.241991 0.000000 0.666933
v -0.206749 0.000000 0.734539
v -0.280182 0.000000 0.697825
v -0.240149 0.000000 0.763738
v -0.314439 0.000000 0.733002
v -0.269441 0.000000 0.797034
v -0.344282 0.000000 0.771971
v -0.294122 0.000000 0.833856
v -0.369292 0.000000 0.814185
v -0.313770 0.000000 0.873574
v -0.389118 0.000000 0.859051
v -0.328050 0.000000 0.915510
v -0.403481 0.000000 0.905941
v -0.336717 0.000000 0.958944
v 0.534591 -0.000000 -1.905956
v 0.534591 -0.000000 -1.793104
v 0.471698 -0.000000 -1.793104
v 0.471698 -0.000000 -1.905956
v -0.471698 -0.000000 -1.905956
v -0.471698 -0.000000 -1.793104
v -0.534591 -0.000000 -1.793104
v -0.534591 -0.000000 -1.905956
v -0.905660 -0.000000 -1.905956
v -0.905660 1.115469 -1.905956
v -0.905660 1.115469 -1.536050
v -0.905660 -0.000000 -1.536050
v -0.792453 -0.000000 -1.536050
v -0.792453 -0.000000 -1.473354
v -0.905660 -0.000000 -1.473354
v -0.905660 1.115469 -1.473354
v -0.905660 1.115469 -0.532916
v -0.905660 -0.000000 -0.532915
v -0.792453 -0.000000 -0.532915
v -0.792453 -0.000000 -0.470219
v -0.905660 -0.000000 -0.470219
v -0.905660 1.115469 -0.470220
v -0.905660 1.115469 0.470219
v -0.905660 0.000000 0.470219
v -0.792453 0.000000 0.470219
v -0.792453 0.000000 0.532915
v -0.905660 0.000000 0.532915
v -0.905660 1.115469 0.532915
v -0.905660 1.115469 1.473354
v -0.905660 0.000000 1.473354
v -0.792453 0.000000 1.473354
v -0.792453 0.000000 1.536050
v -0.905660 0.000000 1.536050
v -0.905660 1.115469 1.536050
v -0.905660 1.115469 1.905956
v -0.905660 0.000000 1.905956
v -0.534591 0.000000 1.905956
v 0.471698 0.000000 1.905956
v 0.471698 0.000000 1.793104
v 0.534591 0.000000 1.793104
v 0.534591 0.000000 1.905956
v 0.905660 0.000000 1.905956
v 0.905660 1.115469 1.905956
v 0.905660 1.115469 1.536050
v 0.905660 0.000000 1.536050
v 0.792453 0.000000 1.536050
v 0.792453 0.000000 1.473354
v 0.905660 0.000000 1.473354
v 0.905660 1.115469 1.473354
v 0.905660 1.115469 0.532915
v 0.905660 0.000000 0.532915
v 0.792453 0.000000 0.532915
v 0.792453 0.000000 0.470219
v 0.905660 0.000000 0.470219
v 0.905660 1.115469 0.470219
v 0.905660 1.115469 -0.470220
v 0.905660 -0.000000 -0.470219
v 0.792453 -0.000000 -0.470219
v 0.792453 -0.000000 -0.532915
v 0.905660 -0.000000 -0.532915
v 0.905660 1.115469 -0.532916
v 0.905660 1.115469 -1.473354
v 0.905660 -0.000000 -1.473354
v 0.792453 -0.000000 -1.473354
v 0.792453 -0.000000 -1.536050
v 0.905660 -0.000000 -1.536050
v 0.905660 1.115469 -1.536050
v 0.905660 1.115469 -1.905956
v 0.905660 -0.000000 -1.905956
v -0.471698 0.000000 1.905956
v -0.534591 0.000000 1.793104
v -0.471698 0.000000 1.793104
v 0.808398 1.141055 -0.666667
v 0.808398 1.141055 0.666667
v 0.799651 1.072608 0.666667
v 0.785142 1.005150 0.666667
v 0.764976 0.939168 0.666667
v 0.739299 0.875137 0.666667
v 0.708295 0.813519 0.666667
v 0.672187 0.754758 0.666667
v 0.631237 0.699277 0.666667
v 0.585738 0.647475 0.666667
v 0.536019 0.599727 0.666667
v 0.482438 0.556376 0.666667
v 0.425381 0.517733 0.666667
v 0.365260 0.484079 0.666667
v 0.302506 0.455655 0.666667
v 0.237573 0.432666 0.666667
v 0.170928 0.415278 0.666667
v 0.103052 0.403616 0.666667
v 0.034433 0.397764 0.666667
v -0.034433 0.397764 0.666667
v -0.103052 0.403616 0.666667
v -0.170928 0.415278 0.666667
v -0.237573 0.432666 0.666667
v -0.302506 0.455655 0.666667
v -0.365260 0.484079 0.666667
v -0.425381 0.517733 0.666667
v -0.482438 0.556376 0.666667
v -0.536019 0.599727 0.666667
v -0.585738 0.647475 0.666667
v -0.631237 0.699277 0.666667
v -0.672187 0.754758 0.666667
v -0.708295 0.813519 0.666667
v -0.739299 0.875137 0.666667
v -0.764976 0.939168 0.666667
v -0.785142 1.005150 0.666667
v -0.799651 1.072608 0.666667
v -0.808398 1.141055 0.666667
v -0.808398 1.141055 -0.666667
v -0.799651 1.072608 -0.666667
v -0.785142 1.005150 -0.666667
v -0.764976 0.939168 -0.666667
v -0.739299 0.875137 -0.666667
v -0.708295 0.813519 -0.666667
v -0.672187 0.754758 -0.666667
v -0.631237 0.699277 -0.666667
v -0.585738 0.647475 -0.666667
v -0.536019 0.599727 -0.666667
v -0.482438 0.556375 -0.666667
v -0.425381 0.517733 -0.666667
v -0.365260 0.484079 -0.666667
v -0.302506 0.455655 -0.666667
v -0.237573 0.432666 -0.666667
v -0.170928 0.415278 -0.666667
v -0.103052 0.403616 -0.666667
v -0.034433 0.397764 -0.666667
v 0.034433 0.397764 -0.666667
v 0.103052 0.403616 -0.666667
v 0.170928 0.415278 -0.666667
v 0.237573 0.432666 -0.666667
v 0.302506 0.455655 -0.666667
v 0.365260 0.484079 -0.666667
v 0.425381 0.517733 -0.666667
v 0.482438 0.556375 -0.666667
v 0.536019 0.599727 -0.666667
v 0.585738 0.647475 -0.666667
v 0.631237 0.699277 -0.666667
v 0.672187 0.754758 -0.666667
v 0.708295 0.813519 -0.666667
v 0.739299 0.875137 -0.666667
v 0.764976 0.939168 -0.666667
v 0.785142 1.005150 -0.666667
v 0.799651 1.072608 -0.666667
v 0.339623 0.000000 0.000000
v 0.336717 -0.000000 -0.044191
v 0.328050 -0.000000 -0.087625
v 0.313770 -0.000000 -0.129561
v 0.294122 -0.000000 -0.169279
v 0.269441 -0.000000 -0.206101
v 0.240149 -0.000000 -0.239397
v 0.206749 -0.000000 -0.268596
v 0.169811 -0.000000 -0.293200
v 0.129968 -0.000000 -0.312787
v 0.087901 -0.000000 -0.327022
v 0.044330 -0.000000 -0.335662
v 0.000000 -0.000000 -0.338558
v -0.044330 -0.000000 -0.335662
v -0.087901 -0.000000 -0.327022
v -0.129968 -0.000000 -0.312787
v -0.169811 -0.000000 -0.293200
v -0.206749 -0.000000 -0.268596
v -0.240149 -0.000000 -0.239397
v -0.269441 -0.000000 -0.206101
v -0.294122 -0.000000 -0.169279
v -0.313770 -0.000000 -0.129561
v -0.328050 -0.000000 -0.087625
v -0.336717 -0.000000 -0.044191
v -0.339623 0.000000 0.000000
v -0.336717 0.000000 0.044191
v -0.328050 0.000000 0.087625
v -0.313770 0.000000 0.129561
v -0.294122 0.000000 0.169279
v -0.269441 0.000000 0.206101
v -0.240149 0.000000 0.239397
v -0.206749 0.000000 0.268596
v -0.169811 0.000000 0.293200
v -0.129968 0.000000 0.312787
v -0.087901 0.000000 0.327022
v -0.044330 0.000000 0.335662
v 0.000000 0.000000 0.338558
v 0.044330 0.000000 0.335662
v 0.087901 0.000000 0.327022
v 0.129968 0.000000 0.312787
v 0.169811 0.000000 0.293200
v 0.206749 0.000000 0.268596
v 0.240149 0.000000 0.239397
v 0.269441 0.000000 0.206101
v 0.294122 0.000000 0.169279
v 0.313770 0.000000 0.129561
v 0.328050 0.000000 0.087625
v 0.336717 0.000000 0.044191
v 0.414365 0.000000 0.024513
v 0.414365 -0.000000 -0.024513
v 0.408549 -0.000000 -0.073196
v 0.396997 -0.000000 -0.120851
v 0.379872 -0.000000 -0.166810
v 0.357414 -0.000000 -0.210427
v 0.329940 -0.000000 -0.251090
v 0.297833 -0.000000 -0.288228
v 0.261546 -0.000000 -0.321320
v 0.221587 -0.000000 -0.349902
v 0.178518 -0.000000 -0.373572
v 0.132942 -0.000000 -0.391997
v 0.085501 -0.000000 -0.404920
v 0.036859 -0.000000 -0.412159
v -0.012301 -0.000000 -0.413611
v -0.061287 -0.000000 -0.409258
v -0.109414 -0.000000 -0.399160
v -0.156004 -0.000000 -0.383458
v -0.200404 -0.000000 -0.362373
v -0.241991 -0.000000 -0.336201
v -0.280182 -0.000000 -0.305310
v -0.314439 -0.000000 -0.270133
v -0.344282 -0.000000 -0.231164
v -0.369292 -0.000000 -0.188950
v -0.389118 -0.000000 -0.144083
v -0.403481 -0.000000 -0.097194
v -0.412181 -0.000000 -0.048941
v -0.415094 0.000000 0.000000
v -0.412181 0.000000 0.048941
v -0.403481 0.000000 0.097194
v -0.389118 0.000000 0.144083
v -0.369292 0.000000 0.188950
v -0.344282 0.000000 0.231164
v -0.314439 0.000000 0.270133
v -0.280182 0.000000 0.305310
v -0.241991 0.000000 0.336201
v -0.200404 0.000000 0.362373
v -0.156004 0.000000 0.383458
v -0.109414 0.000000 0.399160
v -0.061287 0.000000 0.409258
v -0.012301 0.000000 0.413611
v 0.036859 0.000000 0.412159
v 0.085501 0.000000 0.404920
v 0.132942 0.000000 0.391997
v 0.178518 0.000000 0.373572
v 0.221587 0.000000 0.349902
v 0.261546 0.000000 0.321320
v 0.297833 0.000000 0.288228
v 0.329940 0.000000 0.251090
v 0.357414 0.000000 0.210427
v 0.379872 0.000000 0.166810
v 0.396997 0.000000 0.120851
v 0.408549 0.000000 0.073196
vn -0.9914 -0.0000 -0.1310
vn -0.9914 -0.0000 -0.1309
vn -0.9914 -0.0000 -0.1311
vn -0.9234 -0.0000 -0.3837
vn -0.7924 -0.0000 -0.6100
vn -0.6076 -0.0000 -0.7943
vn -0.3816 -0.0000 -0.9243
vn -0.1301 -0.0000 -0.9915
vn -0.1302 -0.0000 -0.9915
vn -0.9235 -0.0000 -0.3837
vn -0.9914 -0.0000 -0.1308
vn -0.3817 -0.0000 -0.9243
vn -0.6075 -0.0000 -0.7943
vn -0.0000 -0.0000 -1.0000
vn -0.0000 1.0000 -0.0000
vn 0.0001 1.0000 -0.0000
vn -0.1301 -0.0000 0.9915
vn -0.3816 -0.0000 0.9243
vn -0.6076 -0.0000 0.7943
vn -0.7924 -0.0000 0.6100
vn -0.9234 -0.0000 0.3837
vn -0.9235 -0.0000 0.3837
vn -0.9914 -0.0000 0.1308
vn -0.9914 -0.0000 0.1311
vn -0.9914 -0.0000 0.1310
vn -0.9914 -0.0000 0.1309
vn -0.9914 -0.0000 0.1312
vn -0.1302 -0.0000 0.9915
vn -0.6075 -0.0000 0.7943
vn -0.3817 -0.0000 0.9243
vn -0.0000 -0.0000 1.0000
vn 0.1301 -0.0000 -0.9915
vn 0.3816 -0.0000 -0.9243
vn 0.6076 -0.0000 -0.7943
vn 0.7924 -0.0000 -0.6100
vn 0.9234 -0.0000 -0.3837
vn 0.9235 -0.0000 -0.3837
vn 0.9914 -0.0000 -0.1308
vn 0.9914 -0.0000 -0.1311
vn 0.9914 -0.0000 -0.1310
vn 0.9914 -0.0000 -0.1309
vn 0.9914 -0.0000 -0.1312
vn 0.1302 -0.0000 -0.9915
vn 0.6075 -0.0000 -0.7943
vn 0.3817 -0.0000 -0.9243
vn 1.0000 -0.0000 -0.0000
vn -0.0001 1.0000 -0.0000
vn 0.9914 -0.0000 0.1310
vn 0.9914 -0.0000 0.1309
vn 0.9914 -0.0000 0.1311
vn 0.9234 -0.0000 0.3837
vn 0.7924 -0.0000 0.6100
vn 0.6076 -0.0000 0.7943
vn 0.3816 -0.0000 0.9243
vn 0.1301 -0.0000 0.9915
vn 0.1302 -0.0000 0.9915
vn 0.9914 -0.0000 0.1308
vn 0.9235 -0.0000 0.3837
vn 0.3817 -0.0000 0.9243
vn 0.6075 -0.0000 0.7943
vn 0.3825 -0.9240 -0.0000
vn 0.3786 -0.9256 -0.0000
vn 0.3798 -0.9251 -0.0000
vn 0.3713 -0.9285 -0.0000
vn 0.3690 -0.9294 -0.0000
vn 0.3610 -0.9326 -0.0000
vn 0.3586 -0.9335 -0.0000
vn 0.3520 -0.9360 -0.0000
vn 0.3383 -0.9411 -0.0000
vn 0.3207 -0.9472 -0.0000
vn 0.3009 -0.9537 -0.0000
vn 0.2782 -0.9605 -0.0000
vn 0.2520 -0.9677 -0.0000
vn 0.2243 -0.9745 -0.0000
vn 0.1945 -0.9809 -0.0000
vn 0.1619 -0.9868 -0.0000
vn 0.1259 -0.9920 -0.0000
vn 0.0902 -0.9959 -0.0000
vn 0.0552 -0.9985 -0.0000
vn 0.0191 -0.9998 -0.0000
vn -0.0191 -0.9998 -0.0000
vn -0.0552 -0.9985 -0.0000
vn -0.0902 -0.9959 -0.0000
vn -0.1259 -0.9920 -0.0000
vn -0.1619 -0.9868 -0.0000
vn -0.1945 -0.9809 -0.0000
vn -0.2243 -0.9745 -0.0000
vn -0.2521 -0.9677 -0.0000
vn -0.2520 -0.9677 -0.0000
vn -0.2782 -0.9605 -0.0000
vn -0.3009 -0.9537 -0.0000
vn -0.3207 -0.9472 -0.0000
vn -0.3383 -0.9411 -0.0000
vn -0.3520 -0.9360 -0.0000
vn -0.3586 -0.9335 -0.0000
vn -0.3609 -0.9326 -0.0000
vn -0.3690 -0.9294 -0.0000
vn -0.3713 -0.9285 -0.0000
vn -0.3786 -0.9256 -0.0000
vn -0.3798 -0.9251 -0.0000
vn -0.3825 -0.9240 -0.0000
vn 0.4591 -0.8884 -0.0000
vn 0.4648 -0.8854 -0.0000
vn 0.4670 -0.8843 -0.0000
vn 0.4716 -0.8818 -0.0000
vn 0.4709 -0.8822 -0.0000
vn 0.4764 -0.8792 -0.0000
vn 0.4796 -0.8775 0.0004
vn 0.5276 -0.8495 -0.0003
vn 0.5276 -0.8495 0.0003
vn 0.5306 -0.8476 -0.0002
vn 0.5292 -0.8485 -0.0005
vn 0.5335 -0.8458 -0.0003
vn 0.5568 -0.8306 0.0001
vn 0.5771 -0.8166 -0.0001
vn 0.5761 -0.8174 -0.0000
vn 0.5779 -0.8161 -0.0000
vn 0.5798 -0.8148 -0.0000
vn 0.6080 -0.7939 -0.0000
vn 0.6211 -0.7837 0.0001
vn 0.6206 -0.7841 0.0005
vn 0.6207 -0.7840 0.0004
vn 0.6552 -0.7555 -0.0005
vn 0.6552 -0.7555 -0.0003
vn 0.6789 -0.7342 0.0005
vn 0.7129 -0.7012 -0.0005
vn 0.7129 -0.7012 -0.0003
vn 0.7326 -0.6806 0.0005
vn 0.7662 -0.6426 -0.0005
vn 0.7662 -0.6426 -0.0002
vn 0.7821 -0.6231 0.0004
vn 0.8147 -0.5799 -0.0005
vn 0.8147 -0.5799 -0.0002
vn 0.8271 -0.5620 0.0004
vn 0.8580 -0.5136 -0.0004
vn 0.8570 -0.5154 0.0003
vn 0.8580 -0.5136 0.0006
vn 0.8626 -0.5059 0.0002
vn 0.8612 -0.5082 -0.0002
vn 0.8617 -0.5074 -0.0001
vn 0.8941 -0.4479 0.0002
vn 0.8944 -0.4474 -0.0002
vn 0.8954 -0.4452 -0.0001
vn 0.8959 -0.4442 0.0005
vn 0.9270 -0.3750 0.0002
vn 0.9272 -0.3745 -0.0001
vn 0.9279 -0.3728 -0.0000
vn 0.9283 -0.3719 0.0004
vn 0.9541 -0.2996 0.0001
vn 0.9542 -0.2992 -0.0001
vn 0.9545 -0.2981 -0.0000
vn 0.9548 -0.2974 0.0003
vn 0.9750 -0.2223 0.0001
vn 0.9750 -0.2221 -0.0001
vn 0.9752 -0.2215 -0.0000
vn 0.9753 -0.2210 0.0001
vn 0.9896 -0.1437 -0.0000
vn 0.9897 -0.1433 -0.0001
vn 0.9896 -0.1436 -0.0000
vn 0.9897 -0.1435 -0.0002
vn 0.9896 -0.1437 -0.0003
vn 0.9752 -0.2211 0.0002
vn 0.9750 -0.2223 -0.0006
vn 0.9547 -0.2976 0.0005
vn 0.9541 -0.2996 -0.0010
vn 0.9282 -0.3722 0.0008
vn 0.9270 -0.3750 -0.0013
vn 0.8957 -0.4446 0.0009
vn 0.8941 -0.4479 -0.0016
vn 0.8578 -0.5141 0.0012
vn 0.8568 -0.5156 -0.0000
vn 0.8569 -0.5154 -0.0002
vn 0.8578 -0.5141 -0.0012
vn 0.8599 -0.5104 -0.0001
vn 0.8941 -0.4479 0.0016
vn 0.8944 -0.4473 0.0002
vn 0.8957 -0.4446 -0.0009
vn 0.8959 -0.4442 -0.0005
vn 0.9270 -0.3750 0.0013
vn 0.9272 -0.3745 0.0001
vn 0.9282 -0.3722 -0.0008
vn 0.9283 -0.3719 -0.0004
vn 0.9541 -0.2996 0.0010
vn 0.9542 -0.2992 0.0001
vn 0.9547 -0.2976 -0.0005
vn 0.9548 -0.2974 -0.0003
vn 0.9750 -0.2223 0.0006
vn 0.9750 -0.2221 0.0001
vn 0.9752 -0.2211 -0.0002
vn 0.9753 -0.2210 -0.0001
vn 0.9896 -0.1437 0.0003
vn 0.9896 -0.1436 0.0001
vn 0.9897 -0.1435 0.0002
vn 0.9750 -0.2223 -0.0001
vn 0.9541 -0.2996 -0.0001
vn 0.9270 -0.3750 -0.0002
vn 0.8954 -0.4452 0.0001
vn 0.8941 -0.4479 -0.0002
vn 0.8617 -0.5074 0.0001
vn 0.8611 -0.5085 -0.0000
vn 0.8658 -0.5003 -0.0010
vn 0.8673 -0.4977 -0.0014
vn 0.8941 -0.4479 0.0015
vn 0.9025 -0.4306 -0.0012
vn 0.9326 -0.3610 -0.0010
vn 0.9541 -0.2996 0.0011
vn 0.9549 -0.2970 0.0006
vn 0.9564 -0.2920 -0.0003
vn 0.9572 -0.2894 -0.0007
vn 0.9750 -0.2223 0.0008
vn 0.9753 -0.2208 0.0005
vn 0.9760 -0.2177 -0.0001
vn 0.9764 -0.2161 -0.0004
vn 0.9896 -0.1437 0.0004
vn 0.9897 -0.1432 0.0003
vn 0.9898 -0.1421 0.0001
vn 0.9899 -0.1416 -0.0000
vn 0.4561 -0.8899 -0.0000
vn 0.4428 -0.8966 -0.0001
vn 0.4441 -0.8960 -0.0003
vn 0.4353 -0.9003 -0.0002
vn 0.4333 -0.9013 0.0001
vn 0.4301 -0.9028 -0.0000
vn 0.4128 -0.9108 -0.0000
vn 0.4132 -0.9107 -0.0000
vn 0.4131 -0.9107 -0.0000
vn 0.3918 -0.9201 -0.0000
vn 0.3678 -0.9299 -0.0000
vn 0.3611 -0.9325 -0.0000
vn 0.3595 -0.9331 -0.0000
vn 0.3562 -0.9344 -0.0000
vn 0.3394 -0.9406 -0.0007
vn 0.3394 -0.9406 -0.0002
vn 0.3378 -0.9412 -0.0002
vn 0.3382 -0.9411 0.0001
vn 0.3082 -0.9513 -0.0000
vn 0.3083 -0.9513 -0.0000
vn 0.2847 -0.9586 -0.0000
vn 0.2818 -0.9595 0.0002
vn 0.2771 -0.9609 0.0004
vn 0.2741 -0.9617 0.0006
vn 0.2453 -0.9694 0.0107
vn 0.2443 -0.9697 -0.0008
vn 0.2387 -0.9711 0.0055
vn 0.2382 -0.9712 -0.0000
vn 0.1984 -0.9801 -0.0000
vn 0.3399 -0.9404 0.0002
vn 0.1544 -0.9880 -0.0000
vn 0.1107 -0.9938 -0.0000
vn 0.0678 -0.9977 -0.0000
vn 0.0234 -0.9997 -0.0000
vn -0.0234 -0.9997 -0.0000
vn -0.0678 -0.9977 -0.0000
vn -0.1107 -0.9938 -0.0000
vn -0.1544 -0.9880 -0.0000
vn -0.1984 -0.9801 -0.0000
vn -0.2387 -0.9711 0.0055
vn -0.2382 -0.9712 -0.0000
vn -0.2443 -0.9697 -0.0008
vn -0.2453 -0.9694 0.0107
vn -0.2771 -0.9609 0.0004
vn -0.2741 -0.9617 0.0006
vn -0.2818 -0.9595 0.0002
vn -0.2847 -0.9586 -0.0000
vn -0.3082 -0.9513 -0.0000
vn -0.3083 -0.9513 -0.0000
vn -0.3378 -0.9412 -0.0002
vn -0.3382 -0.9411 0.0001
vn -0.3393 -0.9407 -0.0002
vn -0.3394 -0.9406 -0.0007
vn -0.3642 -0.9313 0.0002
vn -0.3664 -0.9304 -0.0000
vn -0.3649 -0.9311 0.0002
vn -0.3678 -0.9299 -0.0000
vn -0.3918 -0.9201 -0.0000
vn -0.4131 -0.9107 -0.0000
vn -0.4132 -0.9107 -0.0000
vn -0.4302 -0.9027 -0.0000
vn -0.4298 -0.9029 -0.0000
vn -0.4301 -0.9028 -0.0000
vn -0.4432 -0.8964 -0.0000
vn -0.4453 -0.8954 -0.0000
vn -0.3399 -0.9404 0.0002
vn -0.3679 -0.9299 -0.0001
vn -0.4481 -0.8940 -0.0000
vn -0.4558 -0.8901 -0.0000
vn -0.4750 -0.8800 0.0001
vn -0.4746 -0.8802 -0.0001
vn -0.4734 -0.8809 -0.0000
vn -0.4742 -0.8804 0.0002
vn -0.4778 -0.8784 -0.0002
vn -0.4683 -0.8836 -0.0001
vn -0.4659 -0.8849 -0.0001
vn -0.4594 -0.8882 -0.0000
vn -0.4560 -0.8900 -0.0000
vn -0.4435 -0.8963 -0.0001
vn -0.4424 -0.8968 -0.0001
vn -0.4340 -0.9009 -0.0003
vn -0.4309 -0.9024 -0.0003
vn -0.4172 -0.9088 -0.0009
vn -0.4180 -0.9085 -0.0009
vn -0.4154 -0.9096 -0.0008
vn -0.4144 -0.9101 -0.0007
vn -0.3917 -0.9201 0.0001
vn -0.3444 -0.9388 -0.0009
vn -0.3456 -0.9384 -0.0010
vn -0.3421 -0.9397 -0.0007
vn -0.3408 -0.9402 -0.0007
vn -0.3081 -0.9514 0.0002
vn -0.2749 -0.9615 -0.0007
vn -0.2738 -0.9618 -0.0008
vn -0.2721 -0.9623 -0.0009
vn -0.2710 -0.9626 -0.0010
vn -0.2380 -0.9713 0.0004
vn -0.1987 -0.9801 -0.0007
vn -0.1975 -0.9803 -0.0008
vn -0.1959 -0.9806 -0.0009
vn -0.1948 -0.9808 -0.0011
vn -0.1542 -0.9880 0.0005
vn -0.1157 -0.9933 -0.0009
vn -0.1174 -0.9931 -0.0010
vn -0.1127 -0.9936 -0.0006
vn -0.1108 -0.9938 -0.0004
vn -0.0677 -0.9977 0.0005
vn -0.0392 -0.9992 -0.0013
vn 0.0392 -0.9992 -0.0013
vn 0.0677 -0.9977 0.0005
vn 0.1108 -0.9938 -0.0004
vn 0.1127 -0.9936 -0.0006
vn 0.1157 -0.9933 -0.0009
vn 0.1174 -0.9931 -0.0010
vn 0.1542 -0.9880 0.0005
vn 0.1959 -0.9806 -0.0009
vn 0.1948 -0.9808 -0.0011
vn 0.1975 -0.9803 -0.0008
vn 0.1987 -0.9801 -0.0007
vn 0.2380 -0.9713 0.0004
vn 0.2721 -0.9623 -0.0009
vn 0.2710 -0.9626 -0.0010
vn 0.2738 -0.9618 -0.0008
vn 0.2749 -0.9615 -0.0007
vn 0.3081 -0.9514 0.0002
vn 0.3408 -0.9402 -0.0007
vn 0.3421 -0.9397 -0.0007
vn 0.3444 -0.9388 -0.0009
vn 0.3456 -0.9384 -0.0010
vn 0.3917 -0.9201 0.0001
vn 0.4171 -0.9089 -0.0009
vn 0.4180 -0.9085 -0.0008
vn 0.4158 -0.9094 -0.0010
vn 0.4150 -0.9098 -0.0010
vn 0.4309 -0.9024 -0.0003
vn 0.4424 -0.8968 -0.0001
vn 0.4341 -0.9009 -0.0003
vn 0.4435 -0.8963 -0.0001
vn 0.4560 -0.8900 -0.0000
vn 0.4659 -0.8849 -0.0001
vn 0.4594 -0.8882 -0.0000
vn 0.4684 -0.8835 -0.0001
vn 0.4867 -0.8736 -0.0004
vn 0.4879 -0.8729 -0.0001
vn 0.4851 -0.8745 -0.0004
vn 0.4830 -0.8756 -0.0007
vn 0.5292 -0.8485 0.0005
vn 0.5310 -0.8474 0.0003
vn -0.4724 -0.8814 -0.0000
vn -0.4732 -0.8809 -0.0000
vn -0.5076 -0.8616 -0.0000
vn -0.5368 -0.8437 -0.0000
vn -0.5374 -0.8433 -0.0000
vn -0.5414 -0.8408 0.0001
vn -0.5414 -0.8408 -0.0001
vn -0.5933 -0.8050 0.0003
vn -0.5933 -0.8050 -0.0003
vn -0.6552 -0.7555 0.0003
vn -0.6552 -0.7555 -0.0003
vn -0.7129 -0.7012 0.0003
vn -0.7129 -0.7012 -0.0003
vn -0.7662 -0.6426 0.0002
vn -0.7662 -0.6426 -0.0002
vn -0.8147 -0.5799 0.0002
vn -0.8147 -0.5799 -0.0002
vn -0.8582 -0.5134 0.0002
vn -0.8568 -0.5156 -0.0002
vn -0.8568 -0.5156 -0.0000
vn -0.8941 -0.4479 -0.0000
vn -0.4746 -0.8802 0.0001
vn -0.4750 -0.8800 -0.0001
vn -0.4729 -0.8811 -0.0004
vn -0.4297 -0.9030 -0.0000
vn -0.4128 -0.9108 -0.0000
vn -0.3611 -0.9325 -0.0000
vn -0.3595 -0.9331 -0.0000
vn -0.3562 -0.9344 -0.0000
vn -0.3394 -0.9406 0.0007
vn -0.3394 -0.9406 0.0002
vn -0.3378 -0.9412 0.0002
vn -0.3382 -0.9411 -0.0001
vn -0.3399 -0.9404 -0.0002
vn -0.2741 -0.9617 -0.0006
vn -0.2771 -0.9609 -0.0004
vn -0.2818 -0.9595 -0.0002
vn -0.2453 -0.9694 -0.0107
vn -0.2443 -0.9697 0.0008
vn -0.2387 -0.9711 -0.0055
vn 0.2387 -0.9711 -0.0055
vn 0.2443 -0.9697 0.0008
vn 0.2453 -0.9694 -0.0107
vn 0.2771 -0.9609 -0.0004
vn 0.2741 -0.9617 -0.0006
vn 0.2818 -0.9595 -0.0002
vn 0.3378 -0.9412 0.0002
vn 0.3382 -0.9411 -0.0001
vn 0.3393 -0.9407 0.0002
vn 0.3394 -0.9406 0.0007
vn 0.3642 -0.9313 -0.0002
vn 0.3664 -0.9304 -0.0000
vn 0.3649 -0.9311 -0.0002
vn 0.4302 -0.9027 -0.0000
vn 0.4421 -0.8970 -0.0007
vn 0.4347 -0.9006 -0.0001
vn 0.4483 -0.8939 -0.0001
vn 0.4478 -0.8941 -0.0004
vn 0.4563 -0.8898 -0.0001
vn 0.4797 -0.8774 -0.0037
vn 0.4652 -0.8852 -0.0000
vn 0.4840 -0.8751 0.0005
vn 0.5076 -0.8616 -0.0000
vn 0.3399 -0.9404 -0.0002
vn 0.3679 -0.9299 0.0001
vn 0.4353 -0.9003 0.0002
vn 0.4441 -0.8960 0.0003
vn -0.6080 -0.7939 -0.0000
vn -0.5933 -0.8050 -0.0006
vn -0.5798 -0.8148 -0.0001
vn -0.5568 -0.8306 0.0001
vn -0.5391 -0.8422 -0.0001
vn -0.5334 -0.8458 -0.0000
vn -0.4879 -0.8729 0.0001
vn -0.4883 -0.8727 0.0006
vn -0.4821 -0.8761 0.0003
vn -0.4778 -0.8784 0.0002
vn -0.4659 -0.8849 0.0001
vn -0.4683 -0.8835 0.0001
vn -0.6213 -0.7836 0.0005
vn -0.6552 -0.7555 -0.0005
vn -0.6789 -0.7342 0.0005
vn -0.7129 -0.7012 -0.0005
vn -0.7326 -0.6806 0.0005
vn -0.7662 -0.6426 -0.0005
vn -0.7821 -0.6231 0.0004
vn -0.8147 -0.5799 -0.0005
vn -0.8271 -0.5620 0.0004
vn -0.8625 -0.5061 -0.0000
vn -0.8598 -0.5106 -0.0001
vn -0.8766 -0.4813 -0.0000
vn -0.8941 -0.4479 -0.0016
vn -0.8944 -0.4473 -0.0002
vn -0.8957 -0.4446 0.0009
vn -0.8959 -0.4442 0.0005
vn -0.9270 -0.3750 -0.0013
vn -0.9272 -0.3745 -0.0001
vn -0.9282 -0.3722 0.0008
vn -0.9283 -0.3719 0.0004
vn -0.9541 -0.2996 -0.0010
vn -0.9542 -0.2992 -0.0001
vn -0.9547 -0.2976 0.0005
vn -0.9548 -0.2974 0.0003
vn -0.9750 -0.2223 -0.0006
vn -0.9750 -0.2221 -0.0001
vn -0.9752 -0.2211 0.0002
vn -0.9753 -0.2210 0.0001
vn -0.9896 -0.1437 -0.0003
vn -0.9896 -0.1436 -0.0001
vn -0.9897 -0.1435 -0.0002
vn -0.9896 -0.1436 -0.0000
vn -0.9896 -0.1437 -0.0000
vn -0.9752 -0.2215 -0.0000
vn -0.9750 -0.2223 0.0001
vn -0.9545 -0.2981 -0.0000
vn -0.9541 -0.2996 0.0001
vn -0.9279 -0.3728 -0.0000
vn -0.9270 -0.3750 0.0002
vn -0.8954 -0.4452 -0.0001
vn -0.8941 -0.4479 0.0002
vn -0.8619 -0.5070 -0.0000
vn -0.8673 -0.4977 0.0014
vn -0.8941 -0.4479 -0.0015
vn -0.9025 -0.4306 0.0012
vn -0.9326 -0.3610 0.0010
vn -0.9541 -0.2996 -0.0011
vn -0.9549 -0.2970 -0.0006
vn -0.9564 -0.2920 0.0003
vn -0.9572 -0.2894 0.0007
vn -0.9750 -0.2223 -0.0008
vn -0.9753 -0.2208 -0.0005
vn -0.9760 -0.2177 0.0001
vn -0.9764 -0.2161 0.0004
vn -0.9896 -0.1437 -0.0004
vn -0.9897 -0.1432 -0.0003
vn -0.9898 -0.1421 -0.0001
vn -0.9899 -0.1416 -0.0000
vn -0.9270 -0.3750 -0.0000
vn -0.9541 -0.2996 -0.0000
vn -0.9750 -0.2223 -0.0000
vn -0.8577 -0.5142 0.0001
vn -0.8941 -0.4479 -0.0002
vn -0.8944 -0.4474 0.0002
vn -0.8954 -0.4452 0.0001
vn -0.8959 -0.4442 -0.0005
vn -0.9270 -0.3750 -0.0002
vn -0.9272 -0.3745 0.0001
vn -0.9283 -0.3719 -0.0004
vn -0.9541 -0.2996 -0.0001
vn -0.9542 -0.2992 0.0001
vn -0.9548 -0.2974 -0.0003
vn -0.9750 -0.2223 -0.0001
vn -0.9750 -0.2221 0.0001
vn -0.9753 -0.2210 -0.0001
vn -0.9897 -0.1433 0.0001
vn -0.9897 -0.1435 0.0002
vn -0.9896 -0.1437 0.0003
vn -0.9752 -0.2211 -0.0002
vn -0.9750 -0.2223 0.0006
vn -0.9547 -0.2976 -0.0005
vn -0.9541 -0.2996 0.0010
vn -0.9282 -0.3722 -0.0008
vn -0.9270 -0.3750 0.0013
vn -0.8957 -0.4446 -0.0009
vn -0.8941 -0.4479 0.0016
vn -0.8598 -0.5106 0.0005
vn -0.8635 -0.5043 -0.0004
vn -0.8658 -0.5003 -0.0010
vn -0.8673 -0.4977 -0.0014
vn -0.8941 -0.4479 0.0015
vn -0.9025 -0.4306 -0.0012
vn -0.9326 -0.3610 -0.0010
vn -0.9549 -0.2970 0.0006
vn -0.9541 -0.2996 0.0011
vn -0.9564 -0.2920 -0.0003
vn -0.9572 -0.2894 -0.0007
vn -0.9753 -0.2208 0.0005
vn -0.9750 -0.2223 0.0008
vn -0.9760 -0.2177 -0.0001
vn -0.9764 -0.2161 -0.0004
vn -0.9897 -0.1432 0.0003
vn -0.9896 -0.1437 0.0004
vn -0.9898 -0.1421 0.0001
vn -0.8271 -0.5620 -0.0004
vn -0.8147 -0.5799 0.0005
vn -0.7821 -0.6231 -0.0004
vn -0.7662 -0.6426 0.0005
vn -0.7326 -0.6806 -0.0005
vn -0.7129 -0.7012 0.0005
vn -0.6789 -0.7342 -0.0005
vn -0.6552 -0.7555 0.0005
vn -0.6213 -0.7836 -0.0000
vn -0.6211 -0.7837 -0.0001
vn -0.6207 -0.7840 -0.0004
vn -0.6206 -0.7841 -0.0005
vn -0.5933 -0.8050 0.0006
vn -0.5798 -0.8148 0.0001
vn -0.5568 -0.8306 -0.0001
vn -0.5391 -0.8422 0.0001
vn -0.4878 -0.8730 -0.0005
vn 0.4878 -0.8730 -0.0000
vn 0.5335 -0.8458 0.0003
vn 0.5568 -0.8306 -0.0001
vn 0.5771 -0.8166 0.0001
vn 0.5782 -0.8159 -0.0000
vn 0.6213 -0.7836 -0.0005
vn 0.6552 -0.7555 0.0003
vn 0.6552 -0.7555 0.0005
vn 0.6789 -0.7342 -0.0005
vn 0.7129 -0.7012 0.0003
vn 0.7129 -0.7012 0.0005
vn 0.7326 -0.6806 -0.0005
vn 0.7662 -0.6426 0.0002
vn 0.7662 -0.6426 0.0005
vn 0.7821 -0.6231 -0.0004
vn 0.8147 -0.5799 0.0002
vn 0.8147 -0.5799 0.0005
vn 0.8271 -0.5620 -0.0004
vn 0.8941 -0.4479 -0.0000
vn 0.9270 -0.3750 -0.0000
vn 0.9541 -0.2996 -0.0000
vn 0.9750 -0.2223 -0.0000
vn 0.8658 -0.5003 0.0010
vn 0.8673 -0.4977 0.0014
vn 0.8941 -0.4479 -0.0015
vn 0.9025 -0.4306 0.0012
vn 0.9326 -0.3610 0.0010
vn 0.9549 -0.2970 -0.0006
vn 0.9541 -0.2996 -0.0011
vn 0.9564 -0.2920 0.0003
vn 0.9572 -0.2894 0.0007
vn 0.9753 -0.2208 -0.0005
vn 0.9750 -0.2223 -0.0008
vn 0.9760 -0.2177 0.0001
vn 0.9764 -0.2161 0.0004
vn 0.9897 -0.1432 -0.0003
vn 0.9896 -0.1437 -0.0004
vn 0.9898 -0.1421 -0.0001
vn 0.6213 -0.7836 -0.0000
vn 0.4878 -0.8730 0.0002
vn 0.4683 -0.8836 0.0001
vn 0.4659 -0.8849 0.0001
vn 0.4435 -0.8963 0.0001
vn 0.4424 -0.8968 0.0001
vn 0.4340 -0.9009 0.0003
vn 0.4309 -0.9024 0.0003
vn 0.4172 -0.9088 0.0009
vn 0.4180 -0.9085 0.0009
vn 0.4154 -0.9096 0.0008
vn 0.4144 -0.9101 0.0007
vn 0.3917 -0.9201 -0.0001
vn 0.3444 -0.9388 0.0009
vn 0.3456 -0.9384 0.0010
vn 0.3421 -0.9397 0.0007
vn 0.3408 -0.9402 0.0007
vn 0.3081 -0.9514 -0.0002
vn 0.2749 -0.9615 0.0007
vn 0.2738 -0.9618 0.0008
vn 0.2721 -0.9623 0.0009
vn 0.2710 -0.9626 0.0010
vn 0.2380 -0.9713 -0.0004
vn 0.1987 -0.9801 0.0007
vn 0.1975 -0.9803 0.0008
vn 0.1959 -0.9806 0.0009
vn 0.1948 -0.9808 0.0011
vn 0.1542 -0.9880 -0.0005
vn 0.1157 -0.9933 0.0009
vn 0.1174 -0.9931 0.0010
vn 0.1127 -0.9936 0.0006
vn 0.1108 -0.9938 0.0004
vn 0.0677 -0.9977 -0.0005
vn 0.0392 -0.9992 0.0013
vn -0.0392 -0.9992 0.0013
vn -0.0677 -0.9977 -0.0005
vn -0.1108 -0.9938 0.0004
vn -0.1127 -0.9936 0.0006
vn -0.1157 -0.9933 0.0009
vn -0.1174 -0.9931 0.0010
vn -0.1542 -0.9880 -0.0005
vn -0.1959 -0.9806 0.0009
vn -0.1948 -0.9808 0.0011
vn -0.1975 -0.9803 0.0008
vn -0.1987 -0.9801 0.0007
vn -0.2380 -0.9713 -0.0004
vn -0.2721 -0.9623 0.0009
vn -0.2710 -0.9626 0.0010
vn -0.2738 -0.9618 0.0008
vn -0.2749 -0.9615 0.0007
vn -0.3081 -0.9514 -0.0002
vn -0.3408 -0.9402 0.0007
vn -0.3421 -0.9397 0.0007
vn -0.3444 -0.9388 0.0009
vn -0.3456 -0.9384 0.0010
vn -0.3917 -0.9201 -0.0001
vn -0.4171 -0.9089 0.0009
vn -0.4180 -0.9085 0.0008
vn -0.4158 -0.9094 0.0010
vn -0.4150 -0.9098 0.0010
vn -0.4309 -0.9024 0.0003
vn -0.4424 -0.8968 0.0001
vn -0.4341 -0.9009 0.0003
vn -0.4435 -0.8963 0.0001
vn -0.4878 -0.8730 -0.0000
vn 0.2710 -0.9626 0.0050
vn 0.2452 -0.9694 -0.0122
vn -0.2452 -0.9694 -0.0122
vn -0.2710 -0.9626 0.0050
vn -0.2710 -0.9626 -0.0050
vn -0.2452 -0.9694 0.0122
vn 0.2452 -0.9694 0.0122
vn 0.2710 -0.9626 -0.0050
vn 0.4395 -0.8982 0.0007
vn 0.4546 -0.8907 0.0001
vn 0.4448 -0.8956 0.0005
vn 0.4478 -0.8941 0.0004
vn 0.4563 -0.8898 0.0001
vn 0.4680 -0.8837 -0.0000
vn 0.3609 -0.9326 -0.0000
vn 0.2521 -0.9677 -0.0000
vn -0.0000 -1.0000 -0.0000
vn 0.9987 0.0012 0.0502
vn 1.0000 -0.0018 -0.0000
vn 0.9987 0.0012 -0.0502
vn 0.9929 -0.0014 -0.1186
vn 0.9891 0.0010 -0.1475
vn 0.9714 -0.0005 -0.2375
vn 0.9719 -0.0007 -0.2356
vn 0.9706 -0.0001 -0.2407
vn 0.9701 0.0001 -0.2426
vn 0.9412 0.0002 -0.3380
vn 0.9400 -0.0001 -0.3410
vn 0.9382 -0.0007 -0.3462
vn 0.9371 -0.0010 -0.3492
vn 0.9015 0.0009 -0.4329
vn 0.8891 -0.0015 -0.4578
vn 0.8542 0.0015 -0.5199
vn 0.8286 -0.0017 -0.5599
vn 0.8006 0.0015 -0.5992
vn 0.7565 -0.0016 -0.6540
vn 0.7400 0.0007 -0.6726
vn 0.6713 -0.0009 -0.7412
vn 0.6720 -0.0008 -0.7406
vn 0.6732 -0.0006 -0.7395
vn 0.6738 -0.0005 -0.7389
vn 0.5973 0.0007 -0.8020
vn 0.5818 -0.0014 -0.8134
vn 0.5179 0.0016 -0.8554
vn 0.4816 -0.0020 -0.8764
vn 0.4310 0.0017 -0.9023
vn 0.3748 -0.0022 -0.9271
vn 0.3364 0.0015 -0.9417
vn 0.2628 -0.0016 -0.9648
vn 0.2413 0.0010 -0.9704
vn 0.1471 -0.0004 -0.9891
vn 0.1472 -0.0005 -0.9891
vn 0.1468 -0.0004 -0.9892
vn 0.1467 -0.0004 -0.9892
vn 0.0499 0.0007 -0.9988
vn 0.0295 -0.0018 -0.9996
vn -0.0499 0.0014 -0.9988
vn -0.0885 -0.0021 -0.9961
vn -0.1465 0.0020 -0.9892
vn -0.2054 -0.0019 -0.9787
vn -0.2413 0.0016 -0.9705
vn -0.3194 -0.0015 -0.9476
vn -0.3365 0.0006 -0.9417
vn -0.4297 -0.0006 -0.9030
vn -0.4290 -0.0007 -0.9033
vn -0.4307 -0.0005 -0.9025
vn -0.4314 -0.0004 -0.9022
vn -0.5181 0.0007 -0.8553
vn -0.5326 -0.0013 -0.8464
vn -0.5972 0.0015 -0.8021
vn -0.6289 -0.0019 -0.7775
vn -0.6709 0.0014 -0.7416
vn -0.7164 -0.0020 -0.6977
vn -0.7400 0.0010 -0.6726
vn -0.7958 -0.0007 -0.6056
vn -0.7939 -0.0010 -0.6080
vn -0.7989 -0.0001 -0.6014
vn -0.8008 0.0002 -0.5989
vn -0.8544 0.0003 -0.5197
vn -0.8560 -0.0000 -0.5170
vn -0.8588 -0.0006 -0.5123
vn -0.8603 -0.0009 -0.5097
vn -0.9015 0.0010 -0.4329
vn -0.9147 -0.0017 -0.4042
vn -0.9411 0.0013 -0.3382
vn -0.9561 -0.0017 -0.2929
vn -0.9701 0.0015 -0.2428
vn -0.9841 -0.0014 -0.1774
vn -0.9891 0.0010 -0.1475
vn -0.9984 -0.0007 -0.0569
vn -0.9982 -0.0009 -0.0594
vn -0.9986 -0.0003 -0.0527
vn -0.9987 -0.0000 -0.0502
vn -0.9987 -0.0000 0.0502
vn -0.9986 -0.0003 0.0527
vn -0.9984 -0.0007 0.0569
vn -0.9982 -0.0009 0.0594
vn -0.9891 0.0010 0.1475
vn -0.9841 -0.0014 0.1774
vn -0.9701 0.0015 0.2428
vn -0.9561 -0.0017 0.2929
vn -0.9411 0.0013 0.3382
vn -0.9147 -0.0017 0.4042
vn -0.9015 0.0010 0.4329
vn -0.8588 -0.0006 0.5123
vn -0.8603 -0.0009 0.5097
vn -0.8560 -0.0000 0.5170
vn -0.8544 0.0003 0.5197
vn -0.8008 0.0002 0.5989
vn -0.7989 -0.0001 0.6014
vn -0.7958 -0.0007 0.6056
vn -0.7939 -0.0010 0.6080
vn -0.7400 0.0010 0.6726
vn -0.7164 -0.0020 0.6977
vn -0.6709 0.0014 0.7416
vn -0.6289 -0.0019 0.7775
vn -0.5972 0.0015 0.8021
vn -0.5326 -0.0013 0.8464
vn -0.5181 0.0007 0.8553
vn -0.4314 -0.0004 0.9022
vn -0.4307 -0.0005 0.9025
vn -0.4297 -0.0006 0.9030
vn -0.4290 -0.0007 0.9033
vn -0.3365 0.0006 0.9417
vn -0.3194 -0.0015 0.9476
vn -0.2413 0.0016 0.9705
vn -0.2054 -0.0019 0.9787
vn -0.1465 0.0020 0.9892
vn -0.0885 -0.0021 0.9961
vn -0.0499 0.0014 0.9988
vn 0.0295 -0.0018 0.9996
vn 0.0499 0.0007 0.9988
vn 0.1467 -0.0004 0.9892
vn 0.1468 -0.0004 0.9892
vn 0.1472 -0.0005 0.9891
vn 0.2413 0.0010 0.9704
vn 0.2628 -0.0016 0.9648
vn 0.3364 0.0015 0.9417
vn 0.3748 -0.0022 0.9271
vn 0.4310 0.0017 0.9023
vn 0.4816 -0.0020 0.8764
vn 0.5179 0.0016 0.8554
vn 0.5818 -0.0014 0.8134
vn 0.5973 0.0007 0.8020
vn 0.6712 -0.0004 0.7413
vn 0.6720 -0.0006 0.7406
vn 0.6731 -0.0008 0.7395
vn 0.6738 -0.0009 0.7389
vn 0.7400 0.0007 0.6726
vn 0.7565 -0.0016 0.6540
vn 0.8006 0.0015 0.5992
vn 0.8286 -0.0017 0.5599
vn 0.8542 0.0015 0.5199
vn 0.8891 -0.0015 0.4578
vn 0.9015 0.0009 0.4329
vn 0.9382 -0.0007 0.3462
vn 0.9371 -0.0010 0.3492
vn 0.9400 -0.0001 0.3410
vn 0.9412 0.0002 0.3380
vn 0.9701 0.0001 0.2426
vn 0.9706 -0.0001 0.2407
vn 0.9714 -0.0005 0.2375
vn 0.9719 -0.0007 0.2356
vn 0.9891 0.0010 0.1475
vn 0.9929 -0.0014 0.1186
vn -0.9988 -0.0000 -0.0500
vn -0.9988 -0.0000 0.0500
vn -0.9978 0.0014 0.0656
vn -0.9892 -0.0012 0.1469
vn -0.9807 0.0017 0.1957
vn -0.9703 -0.0012 0.2419
vn -0.9466 0.0014 0.3223
vn -0.9414 -0.0001 0.3372
vn -0.9003 0.0004 0.4352
vn -0.9018 0.0001 0.4321
vn -0.8978 0.0010 0.4404
vn -0.8963 0.0013 0.4434
vn -0.8545 -0.0012 0.5195
vn -0.8307 0.0018 0.5568
vn -0.8008 -0.0013 0.5989
vn -0.7508 0.0015 0.6605
vn -0.7400 -0.0000 0.6726
vn -0.6707 -0.0000 0.7417
vn -0.6582 0.0016 0.7529
vn -0.5965 -0.0013 0.8026
vn -0.5544 0.0020 0.8323
vn -0.5171 -0.0013 0.8559
vn -0.4412 0.0014 0.8974
vn -0.4384 0.0011 0.8988
vn -0.4333 0.0005 0.9013
vn -0.4303 0.0001 0.9027
vn -0.3355 -0.0001 0.9420
vn -0.3205 0.0016 0.9472
vn -0.2404 -0.0014 0.9707
vn -0.1945 0.0021 0.9809
vn -0.1459 -0.0014 0.9893
vn -0.0652 0.0017 0.9979
vn -0.0497 -0.0000 0.9988
vn 0.0497 -0.0000 0.9988
vn 0.0652 0.0017 0.9979
vn 0.1459 -0.0014 0.9893
vn 0.1945 0.0021 0.9809
vn 0.2404 -0.0014 0.9707
vn 0.3205 0.0016 0.9472
vn 0.3355 -0.0001 0.9420
vn 0.4333 0.0005 0.9013
vn 0.4303 0.0001 0.9027
vn 0.4384 0.0011 0.8988
vn 0.4412 0.0014 0.8974
vn 0.5171 -0.0013 0.8559
vn 0.5544 0.0020 0.8323
vn 0.5965 -0.0013 0.8026
vn 0.6582 0.0016 0.7529
vn 0.6707 -0.0000 0.7417
vn 0.7400 -0.0000 0.6726
vn 0.7508 0.0015 0.6605
vn 0.8008 -0.0013 0.5989
vn 0.8307 0.0018 0.5568
vn 0.8545 -0.0012 0.5195
vn 0.8963 0.0013 0.4434
vn 0.8978 0.0010 0.4404
vn 0.9003 0.0004 0.4352
vn 0.9018 0.0001 0.4321
vn 0.9414 -0.0001 0.3372
vn 0.9466 0.0014 0.3223
vn 0.9703 -0.0012 0.2419
vn 0.9807 0.0017 0.1957
vn 0.9892 -0.0012 0.1469
vn 0.9978 0.0014 0.0656
vn 0.9988 -0.0000 0.0500
vn 0.9988 -0.0000 -0.0500
vn 0.9978 0.0014 -0.0656
vn 0.9892 -0.0012 -0.1469
vn 0.9807 0.0017 -0.1957
vn 0.9703 -0.0012 -0.2419
vn 0.9466 0.0014 -0.3223
vn 0.9414 -0.0001 -0.3372
vn 0.9003 0.0004 -0.4352
vn 0.9018 0.0001 -0.4321
vn 0.8978 0.0010 -0.4404
vn 0.8963 0.0013 -0.4434
vn 0.8545 -0.0012 -0.5195
vn 0.8307 0.0018 -0.5568
vn 0.8008 -0.0013 -0.5989
vn 0.7508 0.0015 -0.6605
vn 0.7400 -0.0000 -0.6726
vn 0.6707 -0.0000 -0.7417
vn 0.6582 0.0016 -0.7529
vn 0.5965 -0.0013 -0.8026
vn 0.5544 0.0020 -0.8323
vn 0.5171 -0.0013 -0.8559
vn 0.4412 0.0014 -0.8974
vn 0.4383 0.0011 -0.8988
vn 0.4333 0.0005 -0.9013
vn 0.4303 0.0001 -0.9027
vn 0.3355 -0.0001 -0.9420
vn 0.3205 0.0016 -0.9472
vn 0.2404 -0.0014 -0.9707
vn 0.1945 0.0021 -0.9809
vn 0.1459 -0.0014 -0.9893
vn 0.0652 0.0017 -0.9979
vn 0.0497 -0.0000 -0.9988
vn -0.0497 -0.0000 -0.9988
vn -0.0652 0.0017 -0.9979
vn -0.1459 -0.0014 -0.9893
vn -0.1945 0.0021 -0.9809
vn -0.2404 -0.0014 -0.9707
vn -0.3205 0.0016 -0.9472
vn -0.3355 -0.0001 -0.9420
vn -0.4333 0.0005 -0.9013
vn -0.4303 0.0001 -0.9027
vn -0.4383 0.0011 -0.8988
vn -0.4412 0.0014 -0.8974
vn -0.5171 -0.0013 -0.8559
vn -0.5544 0.0020 -0.8323
vn -0.5965 -0.0013 -0.8026
vn -0.6582 0.0016 -0.7529
vn -0.6707 -0.0000 -0.7417
vn -0.7400 -0.0000 -0.6726
vn -0.7508 0.0015 -0.6605
vn -0.8008 -0.0013 -0.5989
vn -0.8307 0.0018 -0.5568
vn -0.8545 -0.0012 -0.5195
vn -0.8963 0.0013 -0.4434
vn -0.8978 0.0010 -0.4404
vn -0.9003 0.0004 -0.4352
vn -0.9018 0.0001 -0.4321
vn -0.9414 -0.0001 -0.3372
vn -0.9466 0.0014 -0.3223
vn -0.9703 -0.0012 -0.2419
vn -0.9807 0.0017 -0.1957
vn -0.9892 -0.0012 -0.1469
vn -0.9978 0.0014 -0.0656
vn 0.6731 -0.0006 -0.7395
vn 0.1471 -0.0004 0.9891
vn 0.6731 -0.0007 0.7395
vn -0.4383 0.0011 0.8988
vn 0.4383 0.0011 0.8988
vn 0.4384 0.0011 -0.8988
vn -0.4384 0.0011 -0.8988
vn -1.0000 -0.0000 -0.0000
vn -0.9991 0.0424 -0.0000
vn -0.9919 0.1268 -0.0000
vn -0.9776 0.2103 -0.0000
vn -0.9563 0.2923 -0.0000
vn -0.9282 0.3722 -0.0000
vn -0.8933 0.4495 -0.0000
vn -0.8520 0.5235 -0.0000
vn -0.8046 0.5939 -0.0000
vn -0.7513 0.6599 -0.0000
vn -0.6927 0.7213 -0.0000
vn -0.6290 0.7774 -0.0000
vn -0.5608 0.8280 -0.0000
vn -0.4884 0.8726 -0.0000
vn -0.4126 0.9109 -0.0000
vn -0.3337 0.9427 -0.0000
vn -0.2525 0.9676 -0.0000
vn -0.1693 0.9856 -0.0000
vn -0.0850 0.9964 -0.0000
vn 0.0850 0.9964 -0.0000
vn 0.1693 0.9856 -0.0000
vn 0.2525 0.9676 -0.0000
vn 0.3337 0.9427 -0.0000
vn 0.4126 0.9109 -0.0000
vn 0.4884 0.8726 -0.0000
vn 0.5608 0.8280 -0.0000
vn 0.6290 0.7774 -0.0000
vn 0.6927 0.7213 -0.0000
vn 0.7513 0.6599 -0.0000
vn 0.8046 0.5939 -0.0000
vn 0.8520 0.5235 -0.0000
vn 0.8933 0.4495 -0.0000
vn 0.9282 0.3722 -0.0000
vn 0.9563 0.2923 -0.0000
vn 0.9776 0.2103 -0.0000
vn 0.9919 0.1268 -0.0000
vn 0.9991 0.0424 -0.0000
vn -0.4296 -0.0006 -0.9030
vn -0.4296 -0.0006 0.9030
s 1
f 1//1 2//1 3//1
f 3//1 2//1 4//2
f 3//1 4//2 5//3
f 5//4 4//4 6//4
f 5//4 6//4 7//4
f 7//5 6//5 8//5
f 7//5 8//5 9//5
f 9//6 8//6 10//6
f 9//6 10//6 11//6
f 11//7 10//7 12//7
f 11//7 12//7 13//7
f 13//8 12//9 14//8
f 13//8 14//8 15//8
f 15//8 14//8 16//8
f 15//8 16//8 17//9
f 17//9 16//8 18//8
f 17//7 18//7 19//7
f 19//7 18//7 20//7
f 19//6 20//6 21//6
f 21//6 20//6 22//6
f 21//5 22//5 23//5
f 23//5 22//5 24//5
f 23//4 24//4 25//4
f 25//4 24//4 26//10
f 25//2 26//11 27//1
f 27//1 26//11 28//3
f 27//1 28//3 29//2
f 29//10 28//4 30//4
f 29//10 30//4 31//4
f 31//5 30//5 32//5
f 31//5 32//5 33//5
f 33//6 32//6 34//6
f 33//6 34//6 35//6
f 35//7 34//7 36//7
f 35//7 36//7 37//7
f 37//8 36//8 16//8
f 37//8 16//8 38//8
f 2//10 1//4 39//4
f 39//4 1//4 40//4
f 39//5 40//5 41//5
f 41//5 40//5 42//5
f 41//6 42//6 43//6
f 43//6 42//6 44//6
f 43//7 44//12 45//7
f 45//7 44//12 46//12
f 45//8 46//8 14//8
f 37//7 38//7 47//7
f 47//7 38//7 48//7
f 47//6 48//13 49//6
f 49//6 48//13 50//13
f 49//5 50//5 51//5
f 51//5 50//5 52//5
f 51//4 52//10 53//4
f 53//4 52//10 54//10
f 53//1 54//1 27//1
f 27//1 3//1 25//2
f 25//2 3//1 55//11
f 25//4 55//4 23//4
f 23//4 55//4 56//4
f 23//5 56//5 21//5
f 21//5 56//5 57//5
f 21//6 57//6 19//6
f 19//6 57//6 58//6
f 19//7 58//7 17//7
f 17//7 58//7 15//7
f 4//4 2//10 59//4
f 59//4 2//10 39//4
f 59//5 39//5 60//5
f 60//5 39//5 41//5
f 60//6 41//6 61//6
f 61//6 41//6 43//6
f 61//7 43//7 62//7
f 62//7 43//7 45//7
f 62//8 45//8 14//8
f 5//3 63//2 3//1
f 3//1 63//2 64//2
f 3//1 64//2 65//3
f 65//10 64//4 66//4
f 65//10 66//4 67//4
f 67//5 66//5 68//5
f 67//5 68//5 57//5
f 57//6 68//6 58//6
f 5//4 7//4 63//4
f 63//4 7//4 69//4
f 63//4 69//4 64//4
f 64//4 69//4 66//4
f 55//11 3//1 70//11
f 70//11 3//1 65//3
f 70//4 65//10 67//4
f 56//4 55//4 70//4
f 56//4 70//4 67//4
f 28//4 26//10 71//4
f 71//4 26//10 24//4
f 71//5 24//5 72//5
f 72//5 24//5 22//5
f 72//6 22//6 73//6
f 73//6 22//6 20//6
f 73//7 20//7 74//7
f 74//7 20//7 18//7
f 74//8 18//8 16//8
f 29//2 75//11 27//1
f 27//1 75//11 76//1
f 27//1 76//1 77//2
f 77//4 76//10 78//4
f 77//4 78//4 51//4
f 51//5 78//5 49//5
f 29//10 31//4 75//4
f 75//4 31//4 79//4
f 75//4 79//4 76//10
f 76//10 79//4 78//4
f 53//1 27//1 77//2
f 51//4 53//4 77//4
f 4//4 59//4 6//4
f 6//5 59//5 80//5
f 6//5 80//5 8//5
f 8//6 80//6 81//6
f 8//6 81//6 10//6
f 10//7 81//7 82//7
f 10//7 82//7 12//7
f 12//9 82//8 14//8
f 80//5 59//5 60//5
f 7//5 9//5 69//5
f 69//5 9//5 83//5
f 69//5 83//5 66//5
f 66//5 83//5 68//5
f 57//5 56//5 67//5
f 28//4 71//4 30//4
f 30//5 71//5 84//5
f 30//5 84//5 32//5
f 32//6 84//6 85//6
f 32//6 85//6 34//6
f 34//7 85//7 86//7
f 34//7 86//7 36//7
f 36//8 86//8 16//8
f 84//5 71//5 72//5
f 31//5 33//5 79//5
f 79//5 33//5 87//5
f 79//5 87//5 78//5
f 78//5 87//5 49//5
f 80//6 60//6 88//6
f 88//6 60//6 61//6
f 88//7 61//7 89//7
f 89//7 61//7 62//7
f 89//8 62//8 14//8
f 9//6 11//6 83//6
f 83//6 11//6 90//6
f 83//6 90//6 68//6
f 68//6 90//6 58//6
f 84//6 72//6 91//6
f 91//6 72//6 73//6
f 91//7 73//7 92//7
f 92//7 73//7 74//7
f 92//8 74//8 16//8
f 47//6 49//6 87//6
f 47//6 87//6 35//6
f 35//6 87//6 33//6
f 80//6 88//6 81//6
f 81//7 88//7 93//7
f 81//7 93//7 82//7
f 82//8 93//8 14//8
f 93//7 88//7 89//7
f 15//7 58//7 90//7
f 15//7 90//7 13//7
f 13//7 90//7 11//7
f 84//6 91//6 85//6
f 85//7 91//7 94//7
f 85//7 94//7 86//7
f 86//8 94//8 16//8
f 94//7 91//7 92//7
f 37//7 47//7 35//7
f 14//8 93//8 89//8
f 16//8 94//8 92//8
f 14//14 95//14 16//14
f 16//14 95//14 96//14
f 16//14 96//14 97//14
f 98//14 99//14 14//14
f 14//14 99//14 100//14
f 14//14 100//14 101//14
f 101//14 102//14 14//14
f 14//14 102//14 95//14
f 97//14 103//14 16//14
f 16//14 103//14 104//14
f 16//14 104//14 105//14
f 105//14 106//14 16//14
f 16//14 106//14 107//14
f 16//14 107//14 108//14
f 108//14 109//14 16//14
f 16//14 109//14 110//14
f 16//14 110//14 111//14
f 111//14 112//14 16//14
f 16//14 112//14 113//14
f 16//14 113//14 114//14
f 16//14 114//14 115//14
f 115//14 114//14 116//14
f 115//14 116//14 117//14
f 117//14 118//14 115//14
f 115//14 118//14 119//14
f 115//14 119//14 120//14
f 120//14 121//14 115//14
f 115//14 121//14 122//14
f 115//14 122//14 123//14
f 123//14 124//14 115//14
f 115//14 124//14 125//14
f 115//14 125//14 126//14
f 126//14 127//14 115//14
f 115//14 127//14 128//14
f 115//14 128//14 129//14
f 129//14 128//14 130//14
f 129//14 130//14 131//14
f 131//14 132//14 129//14
f 129//14 132//14 133//14
f 129//14 133//14 134//14
f 46//15 135//15 14//15
f 14//15 135//15 136//15
f 14//15 136//15 137//15
f 44//15 3//15 46//15
f 46//15 3//15 138//15
f 46//15 138//15 135//15
f 135//15 138//15 139//15
f 139//15 138//15 140//15
f 140//15 138//15 141//15
f 141//15 138//15 142//15
f 44//15 42//15 3//15
f 3//15 42//15 40//16
f 3//15 40//16 1//15
f 137//15 98//15 14//15
f 135//17 143//17 136//17
f 136//17 143//17 144//17
f 136//17 144//17 145//17
f 145//18 144//18 146//18
f 145//18 146//18 147//18
f 147//19 146//19 148//19
f 147//19 148//19 149//19
f 149//20 148//20 150//20
f 149//20 150//20 151//20
f 151//21 150//21 152//22
f 151//21 152//22 153//21
f 153//23 152//24 138//25
f 153//23 138//25 154//26
f 154//26 138//25 155//25
f 154//26 155//25 156//23
f 156//23 155//25 157//27
f 156//21 157//22 158//21
f 158//21 157//22 159//21
f 158//20 159//20 160//20
f 160//20 159//20 161//20
f 160//19 161//19 162//19
f 162//19 161//19 163//19
f 162//18 163//18 164//18
f 164//18 163//18 165//18
f 164//17 165//17 166//17
f 166//17 165//17 167//28
f 166//17 167//28 168//17
f 168//18 167//18 169//18
f 168//18 169//18 170//18
f 170//19 169//19 171//19
f 170//19 171//19 172//19
f 172//20 171//20 173//20
f 172//20 173//20 174//20
f 174//21 173//21 175//21
f 174//21 175//21 176//21
f 176//25 175//23 155//25
f 176//25 155//25 177//25
f 143//18 135//18 178//18
f 178//18 135//18 139//18
f 178//19 139//29 179//19
f 179//19 139//29 140//29
f 179//20 140//20 180//20
f 180//20 140//20 141//20
f 180//21 141//22 181//22
f 181//22 141//22 142//22
f 181//25 142//25 138//25
f 176//21 177//21 182//21
f 182//21 177//21 183//21
f 182//20 183//20 184//20
f 184//20 183//20 185//20
f 184//19 185//19 186//19
f 186//19 185//19 187//19
f 186//18 187//30 188//18
f 188//18 187//30 189//30
f 188//17 189//17 166//17
f 166//17 136//17 164//17
f 164//17 136//17 190//28
f 164//18 190//18 162//18
f 162//18 190//18 191//18
f 162//19 191//19 160//19
f 160//19 191//19 192//19
f 160//20 192//20 158//20
f 158//20 192//20 193//20
f 158//21 193//21 156//21
f 156//21 193//21 154//21
f 144//18 143//18 194//18
f 194//18 143//18 178//18
f 194//19 178//19 195//19
f 195//19 178//19 179//19
f 195//20 179//20 196//20
f 196//20 179//20 180//20
f 196//21 180//21 197//21
f 197//21 180//21 181//22
f 197//25 181//25 138//25
f 145//17 198//17 136//17
f 136//17 198//17 199//17
f 136//17 199//17 200//28
f 200//18 199//18 201//18
f 200//18 201//18 202//18
f 202//19 201//19 203//19
f 202//19 203//19 192//19
f 192//20 203//20 193//20
f 145//18 147//18 198//18
f 198//18 147//18 204//18
f 198//18 204//18 199//18
f 199//18 204//18 201//18
f 190//28 136//17 205//17
f 205//17 136//17 200//28
f 205//18 200//18 202//18
f 191//18 190//18 205//18
f 191//18 205//18 202//18
f 167//18 165//18 206//18
f 206//18 165//18 163//18
f 206//19 163//19 207//19
f 207//19 163//19 161//19
f 207//20 161//20 208//20
f 208//20 161//20 159//20
f 208//21 159//21 209//21
f 209//21 159//21 157//22
f 209//24 157//27 155//25
f 168//17 210//17 166//17
f 166//17 210//17 211//17
f 166//17 211//17 212//17
f 212//18 211//18 213//18
f 212//18 213//18 186//18
f 186//19 213//19 184//19
f 168//18 170//18 210//18
f 210//18 170//18 214//18
f 210//18 214//18 211//18
f 211//18 214//18 213//18
f 188//17 166//17 212//17
f 186//18 188//18 212//18
f 144//18 194//18 146//18
f 146//19 194//19 215//19
f 146//19 215//19 148//19
f 148//20 215//20 216//20
f 148//20 216//20 150//20
f 150//21 216//21 217//21
f 150//21 217//21 152//22
f 152//24 217//23 138//25
f 215//19 194//19 195//19
f 147//19 149//19 204//19
f 204//19 149//19 218//19
f 204//19 218//19 201//19
f 201//19 218//19 203//19
f 192//19 191//19 202//19
f 167//18 206//18 169//18
f 169//19 206//19 219//19
f 169//19 219//19 171//19
f 171//20 219//20 220//20
f 171//20 220//20 173//20
f 173//21 220//21 221//22
f 173//21 221//22 175//21
f 175//23 221//24 155//25
f 219//19 206//19 207//19
f 170//19 172//19 214//19
f 214//19 172//19 222//19
f 214//19 222//19 213//19
f 213//19 222//19 184//19
f 215//20 195//20 223//20
f 223//20 195//20 196//20
f 223//21 196//21 224//21
f 224//21 196//21 197//21
f 224//25 197//25 138//25
f 149//20 151//20 218//20
f 218//20 151//20 225//20
f 218//20 225//20 203//20
f 203//20 225//20 193//20
f 219//20 207//20 226//20
f 226//20 207//20 208//20
f 226//21 208//21 227//22
f 227//22 208//21 209//21
f 227//23 209//24 155//25
f 182//20 184//20 222//20
f 182//20 222//20 174//20
f 174//20 222//20 172//20
f 215//20 223//20 216//20
f 216//21 223//21 228//21
f 216//21 228//21 217//21
f 217//23 228//23 138//25
f 228//21 223//21 224//21
f 154//21 193//21 225//21
f 154//21 225//21 153//21
f 153//21 225//21 151//21
f 219//20 226//20 220//20
f 220//21 226//21 229//21
f 220//21 229//21 221//22
f 221//24 229//26 155//25
f 229//21 226//21 227//22
f 176//21 182//21 174//21
f 138//25 228//23 224//25
f 155//25 229//26 227//23
f 166//31 230//31 136//31
f 136//31 230//31 231//31
f 136//31 231//31 232//31
f 233//31 234//31 166//31
f 166//31 234//31 235//31
f 166//31 235//31 236//31
f 237//31 238//31 233//31
f 233//31 238//31 239//31
f 233//31 239//31 240//31
f 241//31 242//31 237//31
f 237//31 242//31 243//31
f 237//31 243//31 244//31
f 244//31 245//31 237//31
f 237//31 245//31 238//31
f 240//31 246//31 233//31
f 233//31 246//31 247//31
f 233//31 247//31 248//31
f 248//31 249//31 233//31
f 233//31 249//31 250//31
f 233//31 250//31 251//31
f 251//31 252//31 233//31
f 233//31 252//31 253//31
f 233//31 253//31 254//31
f 254//31 255//31 233//31
f 233//31 255//31 256//31
f 233//31 256//31 234//31
f 236//31 257//31 166//31
f 166//31 257//31 258//31
f 166//31 258//31 259//31
f 259//31 260//31 166//31
f 166//31 260//31 261//31
f 166//31 261//31 262//31
f 262//31 263//31 166//31
f 166//31 263//31 264//31
f 166//31 264//31 265//31
f 265//31 266//31 166//31
f 166//31 266//31 230//31
f 232//31 267//31 136//31
f 136//31 267//31 268//31
f 136//31 268//31 137//31
f 269//32 270//32 129//32
f 129//32 270//32 271//32
f 129//32 271//32 272//32
f 272//33 271//33 273//33
f 272//33 273//33 274//33
f 274//34 273//34 275//34
f 274//34 275//34 276//34
f 276//35 275//35 277//35
f 276//35 277//35 278//35
f 278//36 277//36 279//37
f 278//36 279//37 280//36
f 280//38 279//39 281//40
f 280//38 281//40 282//41
f 282//41 281//40 283//40
f 282//41 283//40 284//38
f 284//38 283//40 285//42
f 284//36 285//36 286//36
f 286//36 285//36 287//36
f 286//35 287//35 288//35
f 288//35 287//35 289//35
f 288//34 289//34 290//34
f 290//34 289//34 291//34
f 290//33 291//33 292//33
f 292//33 291//33 293//33
f 292//32 293//32 115//32
f 115//32 293//32 294//43
f 115//32 294//43 295//32
f 295//33 294//33 296//33
f 295//33 296//33 297//33
f 297//34 296//34 298//34
f 297//34 298//34 299//34
f 299//35 298//35 300//35
f 299//35 300//35 301//35
f 301//36 300//36 302//36
f 301//36 302//36 303//36
f 303//40 302//38 283//40
f 303//40 283//40 304//40
f 270//33 269//33 305//33
f 305//33 269//33 306//33
f 305//34 306//44 307//34
f 307//34 306//44 308//44
f 307//35 308//35 309//35
f 309//35 308//35 310//35
f 309//36 310//37 311//37
f 311//37 310//37 312//37
f 311//40 312//40 281//40
f 303//36 304//36 313//36
f 313//36 304//36 314//36
f 313//35 314//35 315//35
f 315//35 314//35 316//35
f 315//34 316//34 317//34
f 317//34 316//34 318//34
f 317//33 318//45 319//33
f 319//33 318//45 320//45
f 319//32 320//32 115//32
f 115//32 129//32 292//32
f 292//32 129//32 321//43
f 292//33 321//33 290//33
f 290//33 321//33 322//33
f 290//34 322//34 288//34
f 288//34 322//34 323//34
f 288//35 323//35 286//35
f 286//35 323//35 324//35
f 286//36 324//36 284//36
f 284//36 324//36 282//36
f 271//33 270//33 325//33
f 325//33 270//33 305//33
f 325//34 305//34 326//34
f 326//34 305//34 307//34
f 326//35 307//35 327//35
f 327//35 307//35 309//35
f 327//36 309//36 328//36
f 328//36 309//36 311//37
f 328//40 311//40 281//40
f 272//32 329//32 129//32
f 129//32 329//32 330//32
f 129//32 330//32 331//43
f 331//33 330//33 332//33
f 331//33 332//33 333//33
f 333//34 332//34 334//34
f 333//34 334//34 323//34
f 323//35 334//35 324//35
f 272//33 274//33 329//33
f 329//33 274//33 335//33
f 329//33 335//33 330//33
f 330//33 335//33 332//33
f 321//43 129//32 336//32
f 336//32 129//32 331//43
f 336//33 331//33 333//33
f 322//33 321//33 336//33
f 322//33 336//33 333//33
f 294//33 293//33 337//33
f 337//33 293//33 291//33
f 337//34 291//34 338//34
f 338//34 291//34 289//34
f 338//35 289//35 339//35
f 339//35 289//35 287//35
f 339//36 287//36 340//36
f 340//36 287//36 285//36
f 340//39 285//42 283//40
f 295//32 341//32 115//32
f 115//32 341//32 342//32
f 115//32 342//32 343//32
f 343//33 342//33 344//33
f 343//33 344//33 317//33
f 317//34 344//34 315//34
f 295//33 297//33 341//33
f 341//33 297//33 345//33
f 341//33 345//33 342//33
f 342//33 345//33 344//33
f 319//32 115//32 343//32
f 317//33 319//33 343//33
f 271//33 325//33 273//33
f 273//34 325//34 346//34
f 273//34 346//34 275//34
f 275//35 346//35 347//35
f 275//35 347//35 277//35
f 277//36 347//36 348//36
f 277//36 348//36 279//37
f 279//39 348//38 281//40
f 346//34 325//34 326//34
f 274//34 276//34 335//34
f 335//34 276//34 349//34
f 335//34 349//34 332//34
f 332//34 349//34 334//34
f 323//34 322//34 333//34
f 294//33 337//33 296//33
f 296//34 337//34 350//34
f 296//34 350//34 298//34
f 298//35 350//35 351//35
f 298//35 351//35 300//35
f 300//36 351//36 352//36
f 300//36 352//36 302//36
f 302//38 352//39 283//40
f 350//34 337//34 338//34
f 297//34 299//34 345//34
f 345//34 299//34 353//34
f 345//34 353//34 344//34
f 344//34 353//34 315//34
f 346//35 326//35 354//35
f 354//35 326//35 327//35
f 354//36 327//36 355//36
f 355//36 327//36 328//36
f 355//40 328//40 281//40
f 276//35 278//35 349//35
f 349//35 278//35 356//35
f 349//35 356//35 334//35
f 334//35 356//35 324//35
f 350//35 338//35 357//35
f 357//35 338//35 339//35
f 357//36 339//36 358//36
f 358//36 339//36 340//36
f 358//38 340//39 283//40
f 313//35 315//35 353//35
f 313//35 353//35 301//35
f 301//35 353//35 299//35
f 346//35 354//35 347//35
f 347//36 354//36 359//36
f 347//36 359//36 348//36
f 348//38 359//38 281//40
f 359//36 354//36 355//36
f 282//36 324//36 356//36
f 282//36 356//36 280//36
f 280//36 356//36 278//36
f 350//35 357//35 351//35
f 351//36 357//36 360//36
f 351//36 360//36 352//36
f 352//39 360//41 283//40
f 360//36 357//36 358//36
f 303//36 313//36 301//36
f 281//40 359//38 355//40
f 283//40 360//41 358//38
f 281//46 361//46 283//46
f 283//46 361//46 362//46
f 312//15 310//47 281//15
f 281//15 310//47 308//15
f 281//15 308//15 306//15
f 306//15 269//15 281//15
f 281//15 269//15 361//15
f 361//15 269//15 363//15
f 361//15 363//15 364//15
f 269//15 129//15 363//15
f 363//15 129//15 237//15
f 237//15 129//15 241//15
f 241//15 129//15 134//15
f 364//15 365//15 361//15
f 361//15 365//15 366//47
f 361//15 366//47 367//15
f 367//48 368//48 361//48
f 361//48 368//48 369//49
f 361//48 369//49 370//50
f 370//51 369//51 371//51
f 370//51 371//51 372//51
f 372//52 371//52 373//52
f 372//52 373//52 374//52
f 374//53 373//53 375//53
f 374//53 375//53 376//53
f 376//54 375//54 377//54
f 376//54 377//54 378//54
f 378//55 377//56 237//55
f 378//55 237//55 379//55
f 379//55 237//55 233//55
f 379//55 233//55 380//56
f 380//56 233//55 381//55
f 380//54 381//54 382//54
f 382//54 381//54 383//54
f 382//53 383//53 384//53
f 384//53 383//53 385//53
f 384//52 385//52 386//52
f 386//52 385//52 387//52
f 386//51 387//51 388//51
f 388//51 387//51 389//51
f 388//49 389//57 362//48
f 362//48 389//57 390//50
f 362//48 390//50 391//49
f 391//51 390//51 392//51
f 391//51 392//51 393//51
f 393//52 392//52 394//52
f 393//52 394//52 395//52
f 395//53 394//53 396//53
f 395//53 396//53 397//53
f 397//54 396//54 398//54
f 397//54 398//54 399//54
f 399//55 398//55 233//55
f 399//55 233//55 400//55
f 368//58 367//51 401//51
f 401//51 367//51 366//51
f 401//52 366//52 402//52
f 402//52 366//52 365//52
f 402//53 365//53 403//53
f 403//53 365//53 364//53
f 403//54 364//59 404//54
f 404//54 364//59 363//59
f 404//55 363//55 237//55
f 399//54 400//54 405//54
f 405//54 400//54 406//54
f 405//53 406//60 407//53
f 407//53 406//60 408//60
f 407//52 408//52 409//52
f 409//52 408//52 410//52
f 409//51 410//58 411//51
f 411//51 410//58 412//58
f 411//48 412//48 362//48
f 362//48 361//48 388//49
f 388//49 361//48 413//57
f 388//51 413//51 386//51
f 386//51 413//51 414//51
f 386//52 414//52 384//52
f 384//52 414//52 415//52
f 384//53 415//53 382//53
f 382//53 415//53 416//53
f 382//54 416//54 380//54
f 380//54 416//54 379//54
f 369//51 368//58 417//51
f 417//51 368//58 401//51
f 417//52 401//52 418//52
f 418//52 401//52 402//52
f 418//53 402//53 419//53
f 419//53 402//53 403//53
f 419//54 403//54 420//54
f 420//54 403//54 404//54
f 420//55 404//55 237//55
f 370//50 421//49 361//48
f 361//48 421//49 422//49
f 361//48 422//49 423//50
f 423//51 422//51 424//51
f 423//51 424//51 425//51
f 425//52 424//52 426//52
f 425//52 426//52 415//52
f 415//53 426//53 416//53
f 370//51 372//51 421//51
f 421//51 372//51 427//51
f 421//51 427//51 422//51
f 422//51 427//51 424//51
f 413//57 361//48 428//57
f 428//57 361//48 423//50
f 428//51 423//51 425//51
f 414//51 413//51 428//51
f 414//51 428//51 425//51
f 390//51 389//51 429//51
f 429//51 389//51 387//51
f 429//52 387//52 430//52
f 430//52 387//52 385//52
f 430//53 385//53 431//53
f 431//53 385//53 383//53
f 431//54 383//54 432//54
f 432//54 383//54 381//54
f 432//55 381//55 233//55
f 391//49 433//57 362//48
f 362//48 433//57 434//48
f 362//48 434//48 435//49
f 435//51 434//51 436//51
f 435//51 436//51 409//51
f 409//52 436//52 407//52
f 391//51 393//51 433//51
f 433//51 393//51 437//51
f 433//51 437//51 434//51
f 434//51 437//51 436//51
f 411//48 362//48 435//49
f 409//51 411//51 435//51
f 369//51 417//51 371//51
f 371//52 417//52 438//52
f 371//52 438//52 373//52
f 373//53 438//53 439//53
f 373//53 439//53 375//53
f 375//54 439//54 440//54
f 375//54 440//54 377//54
f 377//56 440//55 237//55
f 438//52 417//52 418//52
f 372//52 374//52 427//52
f 427//52 374//52 441//52
f 427//52 441//52 424//52
f 424//52 441//52 426//52
f 415//52 414//52 425//52
f 390//51 429//51 392//51
f 392//52 429//52 442//52
f 392//52 442//52 394//52
f 394//53 442//53 443//53
f 394//53 443//53 396//53
f 396//54 443//54 444//54
f 396//54 444//54 398//54
f 398//55 444//55 233//55
f 442//52 429//52 430//52
f 393//52 395//52 437//52
f 437//52 395//52 445//52
f 437//52 445//52 436//52
f 436//52 445//52 407//52
f 438//53 418//53 446//53
f 446//53 418//53 419//53
f 446//54 419//54 447//54
f 447//54 419//54 420//54
f 447//55 420//55 237//55
f 374//53 376//53 441//53
f 441//53 376//53 448//53
f 441//53 448//53 426//53
f 426//53 448//53 416//53
f 442//53 430//53 449//53
f 449//53 430//53 431//53
f 449//54 431//54 450//54
f 450//54 431//54 432//54
f 450//55 432//55 233//55
f 405//53 407//53 445//53
f 405//53 445//53 397//53
f 397//53 445//53 395//53
f 438//53 446//53 439//53
f 439//54 446//54 451//54
f 439//54 451//54 440//54
f 440//55 451//55 237//55
f 451//54 446//54 447//54
f 379//54 416//54 448//54
f 379//54 448//54 378//54
f 378//54 448//54 376//54
f 442//53 449//53 443//53
f 443//54 449//54 452//54
f 443//54 452//54 444//54
f 444//55 452//55 233//55
f 452//54 449//54 450//54
f 399//54 405//54 397//54
f 237//55 451//55 447//55
f 233//55 452//55 450//55
f 453//61 454//62 455//63
f 455//63 454//62 456//64
f 456//64 454//62 457//65
f 456//64 457//65 458//66
f 458//66 457//65 459//67
f 458//66 459//67 460//68
f 460//68 459//67 461//68
f 460//69 461//69 462//69
f 462//69 461//69 463//69
f 462//70 463//70 464//70
f 464//70 463//70 465//70
f 464//71 465//71 466//71
f 467//72 468//72 466//72
f 466//72 468//72 469//72
f 466//71 469//71 464//71
f 468//73 467//73 470//73
f 470//73 467//73 471//73
f 470//74 471//74 472//74
f 473//75 474//75 472//75
f 472//75 474//75 475//75
f 472//74 475//74 470//74
f 473//76 476//76 474//76
f 474//76 476//76 477//76
f 477//77 476//77 478//77
f 478//77 476//77 479//77
f 478//78 479//78 480//78
f 481//79 482//79 480//79
f 480//79 482//79 483//79
f 480//78 483//78 478//78
f 482//80 481//80 484//80
f 484//80 481//80 485//80
f 484//81 485//81 486//81
f 486//81 485//81 487//81
f 486//82 487//82 488//82
f 488//82 487//82 489//82
f 488//83 489//83 490//83
f 491//84 492//84 490//84
f 490//84 492//84 493//84
f 490//83 493//83 488//83
f 491//85 494//85 492//85
f 492//85 494//85 495//85
f 495//86 494//86 496//86
f 496//86 494//86 497//86
f 496//87 497//87 498//87
f 499//88 500//89 498//88
f 498//88 500//89 501//89
f 498//87 501//87 496//87
f 500//90 499//90 502//90
f 502//90 499//90 503//90
f 502//91 503//91 504//91
f 505//92 506//92 504//92
f 504//92 506//92 507//92
f 504//91 507//91 502//91
f 506//93 505//93 508//93
f 508//93 505//93 509//93
f 508//94 509//94 510//95
f 510//95 509//94 511//96
f 510//95 511//96 512//97
f 512//97 511//96 513//98
f 512//97 513//98 514//99
f 514//99 513//98 515//100
f 514//99 515//100 516//101
f 517//102 518//103 519//104
f 519//105 518//106 520//107
f 519//105 520//107 521//108
f 521//109 520//110 522//111
f 521//109 522//111 523//112
f 523//112 522//111 524//113
f 524//114 522//114 525//114
f 525//115 522//116 526//117
f 525//115 526//117 527//118
f 527//119 526//119 528//119
f 527//120 528//121 529//122
f 529//123 528//124 530//124
f 529//125 530//125 531//125
f 531//126 530//127 532//127
f 531//128 532//128 533//128
f 533//129 532//130 534//130
f 533//131 534//131 535//131
f 535//132 534//133 536//133
f 535//134 536//134 537//134
f 537//135 536//136 538//137
f 537//138 538//139 539//140
f 539//141 538//142 540//143
f 540//143 538//142 541//144
f 540//145 541//146 542//147
f 542//147 541//146 543//148
f 542//149 543//150 544//151
f 544//151 543//150 545//152
f 544//153 545//154 546//155
f 546//155 545//154 547//156
f 546//157 547//158 548//159
f 548//159 547//158 549//160
f 549//160 547//158 550//161
f 550//162 547//156 545//154
f 550//162 545//154 551//163
f 551//164 545//152 543//150
f 551//164 543//150 552//165
f 552//166 543//148 541//146
f 552//166 541//146 553//167
f 553//168 541//144 538//142
f 553//168 538//142 554//169
f 554//170 538//137 536//136
f 554//170 536//136 555//171
f 555//171 536//136 556//172
f 555//171 556//172 557//171
f 557//171 556//172 558//173
f 558//173 556//172 559//174
f 558//175 559//176 560//177
f 560//177 559//176 561//178
f 560//179 561//180 562//181
f 562//181 561//180 563//182
f 562//183 563//184 564//185
f 564//185 563//184 565//186
f 564//187 565//188 566//189
f 566//189 565//188 567//190
f 566//191 567//192 568//193
f 568//193 567//192 569//159
f 569//159 567//192 570//157
f 570//155 567//190 565//188
f 570//155 565//188 571//194
f 571//151 565//186 563//184
f 571//151 563//184 572//195
f 572//147 563//182 561//180
f 572//147 561//180 573//196
f 573//197 561//178 559//176
f 573//197 559//176 574//198
f 574//199 559//174 575//200
f 574//199 575//200 576//201
f 576//201 575//200 577//202
f 576//203 577//203 578//203
f 578//204 577//204 579//204
f 578//179 579//179 580//179
f 580//205 579//205 581//205
f 580//206 581//207 582//208
f 582//208 581//207 583//209
f 582//210 583//211 584//212
f 584//212 583//211 585//213
f 584//214 585//215 586//216
f 586//216 585//215 587//217
f 517//102 588//218 518//103
f 518//219 588//220 589//221
f 518//219 589//221 590//222
f 590//222 589//221 591//223
f 590//224 591//225 592//225
f 590//224 592//225 593//226
f 593//227 592//227 594//227
f 593//227 594//227 595//227
f 595//228 594//228 596//229
f 595//228 596//229 597//230
f 597//230 596//229 598//231
f 597//232 598//233 599//234
f 599//234 598//233 600//235
f 599//236 600//237 601//236
f 601//236 600//237 602//237
f 601//238 602//239 603//240
f 603//240 602//239 604//241
f 603//242 604//243 605//244
f 605//244 604//243 606//245
f 605//246 606//246 607//246
f 596//247 600//235 598//233
f 608//248 609//248 607//248
f 607//248 609//248 610//248
f 607//246 610//246 605//246
f 608//249 611//249 609//249
f 609//249 611//249 612//249
f 612//250 611//250 613//250
f 613//250 611//250 614//250
f 613//251 614//251 615//251
f 613//251 615//251 616//251
f 616//252 615//252 617//252
f 616//252 617//252 618//252
f 618//253 617//253 619//253
f 619//253 617//253 620//253
f 619//254 620//254 621//254
f 622//255 623//255 621//255
f 621//255 623//255 624//255
f 621//254 624//254 619//254
f 622//256 625//256 623//256
f 623//256 625//256 626//256
f 626//257 625//258 627//259
f 626//257 627//259 628//260
f 628//261 627//262 629//263
f 628//261 629//263 630//264
f 630//265 629//266 631//266
f 630//265 631//266 632//265
f 632//267 631//268 633//269
f 632//267 633//269 634//270
f 634//271 633//272 635//273
f 634//271 635//273 636//274
f 636//275 635//275 637//275
f 636//275 637//275 638//275
f 638//276 637//277 639//276
f 638//276 639//276 640//276
f 640//278 639//279 641//280
f 641//280 639//279 642//279
f 641//281 642//281 643//282
f 631//268 644//283 633//269
f 633//272 644//284 635//273
f 637//277 645//277 639//276
f 639//279 645//280 642//279
f 641//281 643//282 646//285
f 646//285 643//282 647//286
f 646//285 647//286 648//286
f 648//287 647//288 649//289
f 648//287 649//289 650//290
f 650//290 649//289 651//291
f 650//292 651//293 652//294
f 652//294 651//293 653//295
f 653//296 651//297 654//298
f 654//298 651//297 655//299
f 655//300 651//301 656//302
f 655//300 656//302 657//303
f 657//304 656//304 658//304
f 658//274 656//274 659//274
f 659//305 656//306 660//307
f 659//305 660//307 661//308
f 661//309 660//309 662//309
f 662//310 660//311 663//312
f 663//312 660//311 664//313
f 663//314 664//314 665//314
f 665//315 664//316 666//317
f 666//317 664//316 667//318
f 666//319 667//319 668//319
f 668//320 667//321 669//322
f 668//320 669//322 670//323
f 670//324 669//324 671//324
f 671//325 669//325 672//325
f 671//252 672//252 673//252
f 673//251 672//251 674//251
f 674//326 672//326 675//326
f 674//327 675//327 676//327
f 676//328 675//329 677//330
f 677//330 675//329 678//331
f 677//332 678//332 679//332
f 679//333 678//334 680//335
f 679//333 680//335 681//336
f 681//337 680//337 682//337
f 682//338 680//339 683//340
f 682//338 683//340 684//341
f 684//342 683//342 685//342
f 685//343 683//344 686//345
f 686//345 683//344 687//346
f 686//228 687//228 688//228
f 688//347 687//347 689//347
f 689//348 687//349 690//350
f 689//348 690//350 691//351
f 691//352 690//353 692//354
f 692//354 690//353 693//355
f 693//356 690//357 694//358
f 694//358 690//357 695//359
f 695//360 690//361 696//362
f 695//360 696//362 520//363
f 520//110 696//364 697//365
f 520//110 697//365 522//111
f 522//116 697//116 526//117
f 647//288 698//366 649//289
f 649//289 698//366 699//367
f 649//368 699//368 700//368
f 700//368 699//368 701//368
f 700//369 701//370 702//371
f 702//371 701//370 703//372
f 702//373 703//374 704//373
f 704//373 703//374 705//374
f 704//375 705//376 706//375
f 706//375 705//376 707//376
f 706//377 707//378 708//377
f 708//377 707//378 709//378
f 708//379 709//380 710//379
f 710//379 709//380 711//380
f 710//381 711//382 712//381
f 712//381 711//382 713//382
f 712//383 713//384 714//385
f 714//385 713//384 715//385
f 714//386 715//386 716//386
f 698//366 717//387 699//367
f 699//367 717//387 718//388
f 699//367 718//388 719//389
f 717//286 720//285 718//286
f 718//286 720//285 721//282
f 721//282 720//285 722//281
f 721//282 722//281 723//281
f 723//390 722//279 724//279
f 723//390 724//279 725//278
f 725//276 724//391 726//391
f 726//391 724//391 727//277
f 726//275 727//275 728//275
f 722//279 729//280 724//279
f 724//391 729//277 727//277
f 726//275 728//275 730//275
f 730//274 728//274 731//392
f 730//274 731//392 732//393
f 732//393 731//392 733//394
f 732//395 733//396 734//397
f 734//397 733//396 735//398
f 734//266 735//265 736//265
f 731//399 735//398 733//396
f 737//400 738//401 736//402
f 736//402 738//401 739//264
f 736//265 739//266 734//266
f 738//403 737//404 740//405
f 740//405 737//404 741//258
f 740//256 741//256 742//256
f 743//255 744//255 742//255
f 742//255 744//255 745//255
f 742//256 745//256 740//256
f 743//254 746//254 744//254
f 744//254 746//254 747//254
f 747//253 746//253 748//253
f 748//253 746//253 749//253
f 748//252 749//252 750//252
f 748//252 750//252 751//252
f 751//251 750//251 752//251
f 751//251 752//251 753//251
f 753//250 752//250 754//250
f 754//250 752//250 755//250
f 754//249 755//249 756//249
f 757//248 758//248 756//248
f 756//248 758//248 759//248
f 756//249 759//249 754//249
f 757//246 760//246 758//246
f 758//246 760//246 761//246
f 761//406 760//245 762//407
f 761//406 762//407 763//408
f 763//409 762//410 764//411
f 763//409 764//411 765//238
f 765//236 764//237 766//237
f 765//236 766//237 767//236
f 767//412 766//413 768//414
f 767//412 768//414 769//415
f 769//416 768//417 770//418
f 769//416 770//418 771//228
f 771//227 770//227 772//227
f 771//227 772//227 773//227
f 773//226 772//225 774//226
f 773//226 774//226 775//226
f 775//419 774//419 776//419
f 776//420 774//421 777//422
f 776//420 777//422 778//423
f 778//423 777//422 779//424
f 779//104 777//104 780//104
f 780//425 777//426 521//108
f 780//425 521//108 781//427
f 781//428 521//428 523//428
f 766//413 782//429 768//414
f 768//417 782//430 770//418
f 772//225 783//225 774//226
f 774//421 783//223 784//431
f 774//421 784//431 777//422
f 777//422 784//431 785//432
f 777//426 785//218 786//102
f 786//102 519//105 777//426
f 777//426 519//105 521//108
f 787//433 705//433 788//433
f 788//434 705//374 703//374
f 788//435 703//435 789//435
f 789//436 703//436 790//436
f 790//437 703//372 701//370
f 790//437 701//370 791//438
f 791//368 701//368 699//368
f 791//439 699//440 792//441
f 792//441 699//440 719//442
f 792//443 719//444 793//294
f 787//445 794//445 705//445
f 705//376 794//446 707//376
f 794//447 795//447 707//447
f 707//378 795//448 709//378
f 795//449 796//449 709//449
f 709//380 796//450 711//380
f 796//451 797//451 711//451
f 711//382 797//452 713//382
f 797//453 798//453 713//453
f 713//384 798//454 799//455
f 713//384 799//455 800//385
f 800//456 799//456 801//456
f 800//457 801//458 802//459
f 802//459 801//458 803//460
f 802//461 803//462 804//463
f 804//463 803//462 805//464
f 804//465 805//466 806//467
f 806//467 805//466 807//468
f 806//469 807//470 808//471
f 808//471 807//470 809//472
f 808//473 809//474 810//475
f 810//475 809//474 811//476
f 811//476 809//474 812//477
f 812//478 809//472 807//470
f 812//478 807//470 813//479
f 813//480 807//468 805//466
f 813//480 805//466 814//481
f 814//482 805//464 803//462
f 814//482 803//462 815//483
f 815//484 803//460 801//458
f 815//484 801//458 816//485
f 816//456 801//456 799//456
f 816//486 799//455 798//454
f 816//486 798//454 817//486
f 817//487 798//487 818//487
f 817//488 818//488 819//488
f 819//489 818//489 820//489
f 819//461 820//461 821//461
f 821//490 820//490 822//490
f 821//491 822//492 823//493
f 823//493 822//492 824//494
f 823//495 824//496 825//497
f 825//497 824//496 826//498
f 825//499 826//500 827//501
f 827//501 826//500 828//502
f 800//385 715//385 713//384
f 714//386 716//386 829//386
f 829//503 716//503 830//503
f 829//503 830//503 831//503
f 831//504 830//504 832//504
f 831//504 832//504 833//504
f 833//505 832//505 834//505
f 833//505 834//505 835//505
f 835//477 834//477 836//477
f 835//477 836//477 837//477
f 714//385 838//385 712//383
f 712//383 838//385 839//385
f 712//383 839//385 840//506
f 840//456 839//456 841//456
f 840//507 841//508 842//509
f 842//509 841//508 843//510
f 842//511 843//512 844//482
f 844//482 843//512 845//513
f 844//514 845//515 846//480
f 846//480 845//515 847//516
f 846//517 847//518 848//478
f 848//478 847//518 849//519
f 848//477 849//520 850//476
f 850//476 849//520 851//521
f 851//521 849//520 852//522
f 852//523 849//519 847//518
f 852//523 847//518 853//524
f 853//525 847//516 845//515
f 853//525 845//515 854//526
f 854//527 845//513 843//512
f 854//527 843//512 855//528
f 855//529 843//510 841//508
f 855//529 841//508 838//530
f 838//456 841//456 839//456
f 712//383 840//506 856//531
f 856//532 840//486 857//533
f 856//532 857//533 858//534
f 858//535 857//535 859//535
f 858//536 859//536 860//536
f 860//528 859//528 861//528
f 860//537 861//537 862//537
f 862//538 861//539 863//540
f 862//538 863//540 864//541
f 864//542 863//543 865//544
f 864//542 865//544 866//545
f 866//546 865//547 867//548
f 866//546 867//548 868//502
f 856//549 869//549 712//549
f 712//381 869//550 710//381
f 869//551 870//551 710//551
f 710//379 870//552 708//379
f 870//553 871//553 708//553
f 708//377 871//554 706//377
f 871//555 872//555 706//555
f 706//375 872//556 704//375
f 873//557 874//558 872//559
f 872//559 874//558 704//560
f 704//373 874//561 702//373
f 702//562 874//562 875//562
f 702//563 875//563 876//563
f 702//371 876//564 700//369
f 700//369 876//564 877//438
f 700//368 877//368 649//368
f 649//368 877//368 878//368
f 649//565 878//565 651//565
f 690//361 879//566 696//362
f 696//364 880//567 697//365
f 697//568 880//568 881//568
f 697//116 881//569 882//570
f 882//570 881//569 883//118
f 882//119 883//119 884//119
f 884//119 883//119 885//119
f 884//571 885//571 886//571
f 884//572 886//573 887//572
f 887//574 886//574 888//574
f 887//575 888//576 889//575
f 889//577 888//577 890//577
f 889//578 890//579 891//578
f 891//580 890//580 892//580
f 891//581 892//582 556//581
f 556//583 892//583 575//583
f 556//172 575//200 559//174
f 557//584 893//584 555//584
f 555//584 893//584 894//584
f 894//585 893//585 895//585
f 894//585 895//585 896//585
f 896//586 895//586 897//586
f 896//586 897//586 898//586
f 898//587 897//587 899//587
f 898//587 899//587 900//587
f 900//157 899//157 901//157
f 900//157 901//157 902//157
f 539//140 903//588 537//138
f 537//138 903//588 904//589
f 904//590 903//590 905//590
f 904//591 905//591 906//591
f 906//167 905//167 907//167
f 906//592 907//592 908//592
f 908//593 907//594 909//595
f 908//593 909//595 910//596
f 910//597 909//598 911//599
f 910//597 911//599 912//600
f 912//601 911//602 913//603
f 912//601 913//603 914//217
f 529//122 915//604 527//120
f 781//427 916//605 780//425
f 780//606 916//607 917//358
f 917//358 916//607 918//356
f 918//608 916//609 919//610
f 919//610 916//609 920//611
f 920//612 916//613 921//614
f 920//612 921//614 922//615
f 922//616 921//616 923//616
f 923//228 921//228 924//228
f 924//617 921//618 925//619
f 924//617 925//619 926//620
f 926//621 925//621 927//621
f 927//622 925//623 928//624
f 928//624 925//623 929//625
f 928//626 929//626 930//626
f 930//627 929//628 931//629
f 931//629 929//628 932//630
f 931//631 932//631 933//631
f 933//632 932//633 934//634
f 933//632 934//634 935//635
f 935//636 934//636 936//636
f 936//637 934//637 937//637
f 936//251 937//251 938//251
f 938//252 937//252 939//252
f 939//638 937//638 940//638
f 939//639 940//639 941//639
f 941//640 940//641 942//642
f 942//642 940//641 943//643
f 942//644 943//644 944//644
f 944//645 943//646 945//647
f 944//645 945//647 946//648
f 946//649 945//649 947//649
f 947//650 945//651 948//652
f 947//650 948//652 949//653
f 949//654 948//654 950//654
f 950//655 948//656 951//657
f 951//657 948//656 952//658
f 951//274 952//274 953//274
f 953//659 952//659 954//659
f 954//660 952//661 792//662
f 954//660 792//662 955//663
f 955//664 792//665 956//666
f 956//666 792//665 957//667
f 957//295 792//443 793//294
f 792//441 958//668 791//439
f 765//669 959//669 763//669
f 763//408 959//670 761//406
f 740//405 960//671 738//403
f 738//672 960//672 739//672
f 630//673 961//673 628//673
f 628//260 961//674 626//257
f 605//244 962//675 603//242
f 603//676 962//676 601//676
f 593//226 963//226 590//224
f 590//222 963//419 964//677
f 590//222 964//677 518//219
f 518//678 964//679 965//680
f 518//678 965//680 966//681
f 966//104 695//682 518//106
f 518//106 695//682 520//107
f 528//119 526//119 882//119
f 882//570 526//117 697//116
f 528//119 882//119 884//119
f 530//124 528//124 884//572
f 532//127 530//127 887//575
f 887//572 530//124 884//572
f 534//130 532//130 889//578
f 889//575 532//127 887//575
f 536//133 534//133 891//581
f 891//578 534//130 889//578
f 556//581 536//133 891//581
f 967//61 968//62 969//63
f 969//63 968//62 970//64
f 970//64 968//62 971//65
f 970//64 971//65 972//683
f 972//683 971//65 973//67
f 972//683 973//67 974//68
f 974//68 973//67 975//68
f 974//69 975//69 976//69
f 976//69 975//69 977//69
f 976//70 977//70 978//70
f 978//70 977//70 979//70
f 978//71 979//71 980//71
f 981//72 982//72 980//72
f 980//72 982//72 983//72
f 980//71 983//71 978//71
f 982//684 981//73 984//684
f 984//684 981//73 985//73
f 984//74 985//74 986//74
f 987//75 988//75 986//75
f 986//75 988//75 989//75
f 986//74 989//74 984//74
f 987//76 990//76 988//76
f 988//76 990//76 991//76
f 991//77 990//77 992//77
f 992//77 990//77 993//77
f 992//78 993//78 994//78
f 995//79 996//79 994//79
f 994//79 996//79 997//79
f 994//78 997//78 992//78
f 996//80 995//80 998//80
f 998//80 995//80 999//80
f 998//81 999//81 1000//81
f 1000//81 999//81 1001//81
f 1000//82 1001//82 1002//82
f 1002//82 1001//82 1003//82
f 1002//83 1003//83 1004//83
f 1005//84 1006//84 1004//84
f 1004//84 1006//84 1007//84
f 1004//83 1007//83 1002//83
f 1005//85 1008//85 1006//85
f 1006//85 1008//85 1009//85
f 1009//86 1008//86 1010//86
f 1010//86 1008//86 1011//86
f 1010//87 1011//87 1012//87
f 1013//89 1014//89 1012//89
f 1012//89 1014//89 1015//89
f 1012//87 1015//87 1010//87
f 1014//90 1013//90 1016//90
f 1016//90 1013//90 1017//90
f 1016//91 1017//91 1018//91
f 1019//92 1020//92 1018//92
f 1018//92 1020//92 1021//92
f 1018//91 1021//91 1016//91
f 1020//93 1019//93 1022//93
f 1022//93 1019//93 1023//93
f 1022//94 1023//94 1024//95
f 1024//95 1023//94 1025//96
f 1024//95 1025//96 1026//97
f 1026//97 1025//96 1027//98
f 1026//97 1027//98 1028//99
f 1028//99 1027//98 1029//100
f 1028//99 1029//100 1030//101
f 1031//61 1032//62 1033//63
f 1033//63 1032//62 1034//64
f 1034//64 1032//62 1035//65
f 1034//64 1035//65 1036//683
f 1036//683 1035//65 1037//67
f 1036//683 1037//67 1038//68
f 1038//68 1037//67 1039//68
f 1038//69 1039//69 1040//69
f 1040//69 1039//69 1041//69
f 1040//70 1041//70 1042//70
f 1042//70 1041//70 1043//70
f 1042//71 1043//71 1044//71
f 1045//72 1046//72 1044//72
f 1044//72 1046//72 1047//72
f 1044//71 1047//71 1042//71
f 1046//73 1045//73 1048//73
f 1048//73 1045//73 1049//73
f 1048//74 1049//74 1050//74
f 1051//75 1052//75 1050//75
f 1050//75 1052//75 1053//75
f 1050//74 1053//74 1048//74
f 1051//76 1054//76 1052//76
f 1052//76 1054//76 1055//76
f 1055//77 1054//77 1056//77
f 1056//77 1054//77 1057//77
f 1056//78 1057//78 1058//78
f 1059//79 1060//79 1058//79
f 1058//79 1060//79 1061//79
f 1058//78 1061//78 1056//78
f 1060//80 1059//80 1062//80
f 1062//80 1059//80 1063//80
f 1062//81 1063//81 1064//81
f 1064//81 1063//81 1065//81
f 1064//82 1065//82 1066//82
f 1066//82 1065//82 1067//82
f 1066//83 1067//83 1068//83
f 1069//84 1070//84 1068//84
f 1068//84 1070//84 1071//84
f 1068//83 1071//83 1066//83
f 1069//85 1072//85 1070//85
f 1070//85 1072//85 1073//85
f 1073//86 1072//86 1074//86
f 1074//86 1072//86 1075//86
f 1074//87 1075//87 1076//87
f 1077//89 1078//89 1076//89
f 1076//89 1078//89 1079//89
f 1076//87 1079//87 1074//87
f 1078//90 1077//90 1080//90
f 1080//90 1077//90 1081//90
f 1080//91 1081//91 1082//91
f 1083//92 1084//92 1082//92
f 1082//92 1084//92 1085//92
f 1082//91 1085//91 1080//91
f 1084//93 1083//93 1086//93
f 1086//93 1083//93 1087//93
f 1086//94 1087//94 1088//95
f 1088//95 1087//94 1089//96
f 1088//95 1089//96 1090//97
f 1090//97 1089//96 1091//98
f 1090//97 1091//98 1092//99
f 1092//99 1091//98 1093//100
f 1092//99 1093//100 1094//101
f 1095//685 1096//685 1097//685
f 1097//685 1096//685 1098//685
f 1097//685 1098//685 1099//685
f 1096//685 1095//685 1100//685
f 1100//685 1095//685 1101//685
f 1100//685 1101//685 1102//685
f 1102//685 1101//685 1103//685
f 1102//685 1103//685 1104//685
f 1104//685 1103//685 1105//685
f 1104//685 1105//685 1106//685
f 1106//685 1105//685 1107//685
f 1106//685 1107//685 1108//685
f 1108//685 1107//685 1109//685
f 1108//685 1109//685 1110//685
f 1110//685 1109//685 1111//685
f 1110//685 1111//685 1112//685
f 1112//685 1111//685 1113//685
f 1112//685 1113//685 1114//685
f 1114//685 1113//685 1115//685
f 1114//685 1115//685 1116//685
f 1116//685 1115//685 1117//685
f 1116//685 1117//685 1118//685
f 1118//685 1117//685 1119//685
f 1119//685 1117//685 1120//685
f 1119//685 1120//685 1121//685
f 1121//685 1120//685 1122//685
f 1121//685 1122//685 1123//685
f 1123//685 1122//685 1124//685
f 1123//685 1124//685 1125//685
f 1125//685 1124//685 1126//685
f 1125//685 1126//685 1127//685
f 1127//685 1126//685 1128//685
f 1127//685 1128//685 1129//685
f 1129//685 1128//685 1130//685
f 1129//685 1130//685 1131//685
f 1131//685 1130//685 1132//685
f 1131//685 1132//685 1133//685
f 1133//685 1132//685 1134//685
f 1133//685 1134//685 1135//685
f 1135//685 1134//685 1136//685
f 1135//685 1136//685 1137//685
f 1137//685 1136//685 1138//685
f 1138//685 1136//685 1139//685
f 1138//685 1139//685 1140//685
f 1140//685 1139//685 1141//685
f 1140//685 1141//685 1142//685
f 1142//685 1141//685 1143//685
f 1142//685 1143//685 1144//685
f 1144//685 1143//685 1145//685
f 1144//685 1145//685 1146//685
f 1146//685 1145//685 1147//685
f 1146//685 1147//685 1148//685
f 1148//685 1147//685 1149//685
f 1148//685 1149//685 1150//685
f 1150//685 1149//685 1151//685
f 1150//685 1151//685 1152//685
f 1152//685 1151//685 1153//685
f 1152//685 1153//685 1154//685
f 1154//685 1153//685 1155//685
f 1154//685 1155//685 1156//685
f 1156//685 1155//685 1157//685
f 1156//685 1157//685 1158//685
f 1158//685 1157//685 1159//685
f 1159//685 1157//685 1160//685
f 1159//685 1160//685 1161//685
f 1161//685 1160//685 1162//685
f 1161//685 1162//685 1163//685
f 1163//685 1162//685 1164//685
f 1163//685 1164//685 1165//685
f 1165//685 1164//685 1166//685
f 1165//685 1166//685 1167//685
f 1167//685 1166//685 1168//685
f 1167//685 1168//685 1169//685
f 1169//685 1168//685 1170//685
f 1169//685 1170//685 1171//685
f 1171//685 1170//685 1172//685
f 1171//685 1172//685 1173//685
f 1173//685 1172//685 1174//685
f 1173//685 1174//685 1175//685
f 1175//685 1174//685 1176//685
f 1175//685 1176//685 1177//685
f 1177//685 1176//685 1178//685
f 1178//685 1176//685 1179//685
f 1178//685 1179//685 1180//685
f 1180//685 1179//685 1181//685
f 1180//685 1181//685 1182//685
f 1182//685 1181//685 1183//685
f 1182//685 1183//685 1184//685
f 1184//685 1183//685 1185//685
f 1184//685 1185//685 1186//685
f 1186//685 1185//685 1187//685
f 1186//685 1187//685 1188//685
f 1188//685 1187//685 1189//685
f 1188//685 1189//685 1190//685
f 1190//685 1189//685 1191//685
f 1190//685 1191//685 1192//685
f 1192//685 1191//685 1193//685
f 1192//685 1193//685 1194//685
f 1194//685 1193//685 1195//685
f 1194//685 1195//685 1099//685
f 1099//685 1195//685 1097//685
f 966//686 1146//686 695//686
f 695//687 1146//687 1148//687
f 695//688 1148//688 694//688
f 694//689 1148//689 1150//689
f 694//690 1150//690 693//690
f 693//691 1150//692 1152//693
f 693//691 1152//693 692//694
f 692//695 1152//696 691//697
f 691//697 1152//696 1154//698
f 691//699 1154//699 689//699
f 689//700 1154//700 1156//700
f 689//701 1156//701 688//701
f 688//702 1156//702 1158//702
f 688//703 1158//703 686//703
f 686//704 1158//704 1159//704
f 686//705 1159//705 685//705
f 685//706 1159//707 684//708
f 684//708 1159//707 1161//709
f 684//710 1161//710 682//710
f 682//711 1161//711 1163//711
f 682//712 1163//712 681//712
f 681//713 1163//713 1165//713
f 681//714 1165//714 679//714
f 679//715 1165//715 1167//715
f 679//716 1167//716 677//716
f 677//717 1167//717 1169//717
f 677//718 1169//718 676//718
f 676//719 1169//720 1171//721
f 676//719 1171//721 674//722
f 674//723 1171//723 673//723
f 673//724 1171//724 1173//724
f 673//725 1173//725 671//725
f 671//726 1173//726 1175//726
f 671//727 1175//727 670//727
f 670//728 1175//728 1177//728
f 670//729 1177//729 668//729
f 668//730 1177//730 1178//730
f 668//731 1178//731 666//731
f 666//732 1178//733 1180//734
f 666//732 1180//734 665//735
f 665//736 1180//736 663//736
f 663//737 1180//737 1182//737
f 663//738 1182//738 662//738
f 662//739 1182//739 1184//739
f 662//740 1184//740 661//740
f 661//741 1184//741 1186//741
f 661//742 1186//742 659//742
f 659//743 1186//744 1188//745
f 659//743 1188//745 658//746
f 658//747 1188//748 657//749
f 657//749 1188//748 1190//750
f 657//751 1190//751 655//751
f 655//752 1190//752 1192//752
f 655//753 1192//753 654//753
f 654//754 1192//754 1194//754
f 654//755 1194//755 653//755
f 653//756 1194//756 1099//756
f 653//757 1099//757 652//757
f 652//758 1099//759 1098//760
f 652//758 1098//760 650//761
f 650//762 1098//763 648//764
f 648//764 1098//763 1096//765
f 648//766 1096//766 646//766
f 646//767 1096//767 1100//767
f 646//768 1100//768 641//768
f 641//769 1100//769 1102//769
f 641//770 1102//770 640//770
f 640//771 1102//771 1104//771
f 640//772 1104//772 638//772
f 638//773 1104//774 1106//775
f 638//773 1106//775 636//776
f 636//777 1106//778 634//779
f 634//779 1106//778 1108//780
f 634//781 1108//781 632//781
f 632//782 1108//782 1110//782
f 632//783 1110//783 630//783
f 630//784 1110//784 1112//784
f 630//785 1112//785 961//785
f 961//786 1112//786 1114//786
f 961//787 1114//787 626//787
f 626//788 1114//789 623//790
f 623//790 1114//789 1116//791
f 623//792 1116//792 624//792
f 624//793 1116//793 1118//793
f 624//794 1118//794 619//794
f 619//795 1118//795 1119//795
f 619//796 1119//796 618//796
f 618//797 1119//797 1121//797
f 618//798 1121//798 616//798
f 616//799 1121//799 1123//799
f 616//800 1123//800 613//800
f 613//801 1123//802 612//803
f 612//803 1123//802 1125//803
f 612//804 1125//804 609//804
f 609//805 1125//805 1127//805
f 609//806 1127//806 610//806
f 610//807 1127//807 1129//807
f 610//808 1129//808 605//808
f 605//809 1129//809 1131//809
f 605//810 1131//810 962//810
f 962//811 1131//811 1133//811
f 962//812 1133//812 601//812
f 601//813 1133//814 599//815
f 599//815 1133//814 1135//816
f 599//817 1135//817 597//817
f 597//818 1135//818 1137//818
f 597//819 1137//819 595//819
f 595//820 1137//820 1138//820
f 595//821 1138//821 593//821
f 593//822 1138//822 1140//822
f 593//823 1140//823 963//823
f 963//824 1140//825 1142//826
f 963//824 1142//826 964//827
f 964//828 1142//829 965//830
f 965//830 1142//829 1144//831
f 965//832 1144//832 966//832
f 966//833 1144//833 1146//833
f 454//834 453//834 1147//834
f 1147//835 453//835 455//835
f 1147//836 455//836 1149//836
f 1149//837 455//837 456//837
f 1149//838 456//838 1151//838
f 1151//839 456//839 458//839
f 1151//840 458//840 1153//840
f 1153//841 458//841 460//841
f 1153//842 460//843 462//844
f 1153//842 462//844 1155//845
f 1155//846 462//846 464//846
f 1155//847 464//847 1157//847
f 1157//848 464//848 469//848
f 1157//849 469//849 1160//849
f 1160//850 469//850 468//850
f 1160//851 468//851 470//851
f 1160//852 470//852 1162//852
f 1162//853 470//853 475//853
f 1162//854 475//854 1164//854
f 1164//855 475//855 474//855
f 1164//856 474//857 1166//858
f 1166//858 474//857 477//859
f 1166//860 477//860 478//860
f 1166//861 478//861 1168//861
f 1168//862 478//862 483//862
f 1168//863 483//863 1170//863
f 1170//864 483//864 482//864
f 1170//865 482//865 1172//865
f 1172//866 482//866 484//866
f 1172//867 484//867 486//867
f 1172//868 486//868 1174//868
f 1174//869 486//869 488//869
f 1174//870 488//870 1176//870
f 1176//871 488//871 493//871
f 1176//872 493//872 1179//872
f 1179//873 493//873 492//873
f 1179//874 492//875 495//876
f 1179//874 495//876 1181//877
f 1181//878 495//878 496//878
f 1181//879 496//879 1183//879
f 1183//880 496//880 501//880
f 1183//881 501//881 1185//881
f 1185//882 501//882 500//882
f 1185//883 500//883 502//883
f 1185//884 502//884 1187//884
f 1187//885 502//885 507//885
f 1187//886 507//886 1189//886
f 1189//887 507//887 506//887
f 1189//888 506//889 1191//890
f 1191//890 506//889 508//891
f 1191//892 508//892 510//892
f 1191//893 510//893 1193//893
f 1193//894 510//894 512//894
f 1193//895 512//895 1195//895
f 1195//896 512//896 514//896
f 1195//897 514//897 1097//897
f 1097//898 514//898 516//898
f 1097//899 516//899 515//899
f 1097//900 515//900 1095//900
f 1095//901 515//901 513//901
f 1095//902 513//902 1101//902
f 1101//903 513//903 511//903
f 1101//904 511//904 1103//904
f 1103//905 511//905 509//905
f 1103//906 509//907 505//908
f 1103//906 505//908 1105//909
f 1105//910 505//910 504//910
f 1105//911 504//911 1107//911
f 1107//912 504//912 503//912
f 1107//913 503//913 1109//913
f 1109//914 503//914 499//914
f 1109//915 499//915 498//915
f 1109//916 498//916 1111//916
f 1111//917 498//917 497//917
f 1111//918 497//918 1113//918
f 1113//919 497//919 494//919
f 1113//920 494//921 1115//922
f 1115//922 494//921 491//923
f 1115//924 491//924 490//924
f 1115//925 490//925 1117//925
f 1117//926 490//926 489//926
f 1117//927 489//927 1120//927
f 1120//928 489//928 487//928
f 1120//929 487//929 1122//929
f 1122//930 487//930 485//930
f 1122//931 485//931 481//931
f 1122//932 481//932 1124//932
f 1124//933 481//933 480//933
f 1124//934 480//934 1126//934
f 1126//935 480//935 479//935
f 1126//936 479//936 1128//936
f 1128//937 479//937 476//937
f 1128//938 476//939 473//940
f 1128//938 473//940 1130//941
f 1130//942 473//942 472//942
f 1130//943 472//943 1132//943
f 1132//944 472//944 471//944
f 1132//945 471//945 1134//945
f 1134//946 471//946 467//946
f 1134//947 467//947 466//947
f 1134//948 466//948 1136//948
f 1136//949 466//949 465//949
f 1136//950 465//950 1139//950
f 1139//951 465//951 463//951
f 1139//952 463//953 1141//954
f 1141//954 463//953 461//955
f 1141//956 461//956 459//956
f 1141//957 459//957 1143//957
f 1143//958 459//958 457//958
f 1143//959 457//959 1145//959
f 1145//960 457//960 454//960
f 1145//961 454//961 1147//961
f 1196//685 1197//685 1198//685
f 1198//685 1197//685 1199//685
f 1198//685 1199//685 1200//685
f 1197//685 1196//685 1201//685
f 1201//685 1196//685 1202//685
f 1201//685 1202//685 1203//685
f 1203//685 1202//685 1204//685
f 1203//685 1204//685 1205//685
f 1205//685 1204//685 1206//685
f 1205//685 1206//685 1207//685
f 1207//685 1206//685 1208//685
f 1207//685 1208//685 1209//685
f 1209//685 1208//685 1210//685
f 1209//685 1210//685 1211//685
f 1211//685 1210//685 1212//685
f 1211//685 1212//685 1213//685
f 1213//685 1212//685 1214//685
f 1213//685 1214//685 1215//685
f 1215//685 1214//685 1216//685
f 1215//685 1216//685 1217//685
f 1217//685 1216//685 1218//685
f 1217//685 1218//685 1219//685
f 1219//685 1218//685 1220//685
f 1220//685 1218//685 1221//685
f 1220//685 1221//685 1222//685
f 1222//685 1221//685 1223//685
f 1222//685 1223//685 1224//685
f 1224//685 1223//685 1225//685
f 1224//685 1225//685 1226//685
f 1226//685 1225//685 1227//685
f 1226//685 1227//685 1228//685
f 1228//685 1227//685 1229//685
f 1228//685 1229//685 1230//685
f 1230//685 1229//685 1231//685
f 1230//685 1231//685 1232//685
f 1232//685 1231//685 1233//685
f 1232//685 1233//685 1234//685
f 1234//685 1233//685 1235//685
f 1234//685 1235//685 1236//685
f 1236//685 1235//685 1237//685
f 1236//685 1237//685 1238//685
f 1238//685 1237//685 1239//685
f 1239//685 1237//685 1240//685
f 1239//685 1240//685 1241//685
f 1241//685 1240//685 1242//685
f 1241//685 1242//685 1243//685
f 1243//685 1242//685 1244//685
f 1243//685 1244//685 1245//685
f 1245//685 1244//685 1246//685
f 1245//685 1246//685 1247//685
f 1247//685 1246//685 1248//685
f 1247//685 1248//685 1249//685
f 1249//685 1248//685 1250//685
f 1249//685 1250//685 1251//685
f 1251//685 1250//685 1252//685
f 1251//685 1252//685 1253//685
f 1253//685 1252//685 1254//685
f 1253//685 1254//685 1255//685
f 1255//685 1254//685 1256//685
f 1255//685 1256//685 1257//685
f 1257//685 1256//685 1258//685
f 1257//685 1258//685 1259//685
f 1259//685 1258//685 1260//685
f 1260//685 1258//685 1261//685
f 1260//685 1261//685 1262//685
f 1262//685 1261//685 1263//685
f 1262//685 1263//685 1264//685
f 1264//685 1263//685 1265//685
f 1264//685 1265//685 1266//685
f 1266//685 1265//685 1267//685
f 1266//685 1267//685 1268//685
f 1268//685 1267//685 1269//685
f 1268//685 1269//685 1270//685
f 1270//685 1269//685 1271//685
f 1270//685 1271//685 1272//685
f 1272//685 1271//685 1273//685
f 1272//685 1273//685 1274//685
f 1274//685 1273//685 1275//685
f 1274//685 1275//685 1276//685
f 1276//685 1275//685 1277//685
f 1276//685 1277//685 1278//685
f 1278//685 1277//685 1279//685
f 1279//685 1277//685 1280//685
f 1279//685 1280//685 1281//685
f 1281//685 1280//685 1282//685
f 1281//685 1282//685 1283//685
f 1283//685 1282//685 1284//685
f 1283//685 1284//685 1285//685
f 1285//685 1284//685 1286//685
f 1285//685 1286//685 1287//685
f 1287//685 1286//685 1288//685
f 1287//685 1288//685 1289//685
f 1289//685 1288//685 1290//685
f 1289//685 1290//685 1291//685
f 1291//685 1290//685 1292//685
f 1291//685 1292//685 1293//685
f 1293//685 1292//685 1294//685
f 1293//685 1294//685 1295//685
f 1295//685 1294//685 1296//685
f 1295//685 1296//685 1200//685
f 1200//685 1296//685 1198//685
f 917//686 1247//686 780//686
f 780//687 1247//687 1249//687
f 780//688 1249//688 779//688
f 779//689 1249//689 1251//689
f 779//690 1251//690 778//690
f 778//691 1251//692 1253//693
f 778//691 1253//693 776//694
f 776//695 1253//696 775//697
f 775//697 1253//696 1255//698
f 775//699 1255//699 773//699
f 773//700 1255//700 1257//700
f 773//701 1257//701 771//701
f 771//702 1257//702 1259//702
f 771//703 1259//703 769//703
f 769//704 1259//704 1260//704
f 769//705 1260//705 767//705
f 767//706 1260//707 765//962
f 765//962 1260//707 1262//709
f 765//710 1262//710 959//710
f 959//711 1262//711 1264//711
f 959//712 1264//712 761//712
f 761//713 1264//713 1266//713
f 761//714 1266//714 758//714
f 758//715 1266//715 1268//715
f 758//716 1268//716 759//716
f 759//717 1268//717 1270//717
f 759//718 1270//718 754//718
f 754//720 1270//720 1272//721
f 754//720 1272//721 753//722
f 753//723 1272//723 751//723
f 751//724 1272//724 1274//724
f 751//725 1274//725 748//725
f 748//726 1274//726 1276//726
f 748//727 1276//727 747//727
f 747//728 1276//728 1278//728
f 747//729 1278//729 744//729
f 744//730 1278//730 1279//730
f 744//731 1279//731 745//731
f 745//732 1279//733 1281//734
f 745//732 1281//734 740//735
f 740//736 1281//736 960//736
f 960//737 1281//737 1283//737
f 960//738 1283//738 739//738
f 739//739 1283//739 1285//739
f 739//740 1285//740 734//740
f 734//741 1285//741 1287//741
f 734//742 1287//742 732//742
f 732//743 1287//744 1289//745
f 732//743 1289//745 730//746
f 730//747 1289//748 726//749
f 726//749 1289//748 1291//750
f 726//751 1291//751 725//751
f 725//752 1291//752 1293//752
f 725//753 1293//753 723//753
f 723//754 1293//754 1295//754
f 723//755 1295//755 721//755
f 721//756 1295//756 1200//756
f 721//757 1200//757 718//757
f 718//758 1200//759 1199//760
f 718//758 1199//760 719//761
f 719//762 1199//763 793//764
f 793//764 1199//763 1197//765
f 793//766 1197//766 957//766
f 957//767 1197//767 1201//767
f 957//768 1201//768 956//768
f 956//769 1201//769 1203//769
f 956//770 1203//770 955//770
f 955//771 1203//771 1205//771
f 955//772 1205//772 954//772
f 954//773 1205//774 1207//775
f 954//773 1207//775 953//776
f 953//777 1207//778 951//779
f 951//779 1207//778 1209//780
f 951//781 1209//781 950//781
f 950//782 1209//782 1211//782
f 950//783 1211//783 949//783
f 949//784 1211//784 1213//784
f 949//785 1213//785 947//785
f 947//786 1213//786 1215//786
f 947//787 1215//787 946//787
f 946//788 1215//789 944//790
f 944//790 1215//789 1217//791
f 944//792 1217//792 942//792
f 942//793 1217//793 1219//793
f 942//794 1219//794 941//794
f 941//795 1219//795 1220//795
f 941//796 1220//796 939//796
f 939//797 1220//797 1222//797
f 939//798 1222//798 938//798
f 938//799 1222//799 1224//799
f 938//800 1224//800 936//800
f 936//801 1224//802 935//963
f 935//963 1224//802 1226//803
f 935//804 1226//804 933//804
f 933//805 1226//805 1228//805
f 933//806 1228//806 931//806
f 931//807 1228//807 1230//807
f 931//808 1230//808 930//808
f 930//809 1230//809 1232//809
f 930//810 1232//810 928//810
f 928//811 1232//811 1234//811
f 928//812 1234//812 927//812
f 927//813 1234//814 926//964
f 926//964 1234//814 1236//816
f 926//817 1236//817 924//817
f 924//818 1236//818 1238//818
f 924//819 1238//819 923//819
f 923//820 1238//820 1239//820
f 923//821 1239//821 922//821
f 922//822 1239//822 1241//822
f 922//823 1241//823 920//823
f 920//824 1241//825 1243//826
f 920//824 1243//826 919//827
f 919//828 1243//829 918//830
f 918//830 1243//829 1245//831
f 918//832 1245//832 917//832
f 917//833 1245//833 1247//833
f 968//834 967//834 1248//834
f 1248//835 967//835 969//835
f 1248//836 969//836 1250//836
f 1250//837 969//837 970//837
f 1250//838 970//838 1252//838
f 1252//839 970//839 972//839
f 1252//840 972//840 1254//840
f 1254//841 972//841 974//841
f 1254//842 974//843 976//844
f 1254//842 976//844 1256//845
f 1256//846 976//846 978//846
f 1256//847 978//847 1258//847
f 1258//848 978//848 983//848
f 1258//849 983//849 1261//849
f 1261//850 983//850 982//850
f 1261//851 982//851 984//851
f 1261//852 984//852 1263//852
f 1263//853 984//853 989//853
f 1263//854 989//854 1265//854
f 1265//855 989//855 988//855
f 1265//856 988//965 1267//858
f 1267//858 988//965 991//859
f 1267//860 991//860 992//860
f 1267//861 992//861 1269//861
f 1269//862 992//862 997//862
f 1269//863 997//863 1271//863
f 1271//864 997//864 996//864
f 1271//865 996//865 1273//865
f 1273//866 996//866 998//866
f 1273//867 998//867 1000//867
f 1273//868 1000//868 1275//868
f 1275//869 1000//869 1002//869
f 1275//870 1002//870 1277//870
f 1277//871 1002//871 1007//871
f 1277//872 1007//872 1280//872
f 1280//873 1007//873 1006//873
f 1280//874 1006//875 1009//966
f 1280//874 1009//966 1282//877
f 1282//878 1009//878 1010//878
f 1282//879 1010//879 1284//879
f 1284//880 1010//880 1015//880
f 1284//881 1015//881 1286//881
f 1286//882 1015//882 1014//882
f 1286//883 1014//883 1016//883
f 1286//884 1016//884 1288//884
f 1288//885 1016//885 1021//885
f 1288//886 1021//886 1290//886
f 1290//887 1021//887 1020//887
f 1290//888 1020//889 1292//890
f 1292//890 1020//889 1022//891
f 1292//892 1022//892 1024//892
f 1292//893 1024//893 1294//893
f 1294//894 1024//894 1026//894
f 1294//895 1026//895 1296//895
f 1296//896 1026//896 1028//896
f 1296//897 1028//897 1198//897
f 1198//898 1028//898 1030//898
f 1198//899 1030//899 1029//899
f 1198//900 1029//900 1196//900
f 1196//901 1029//901 1027//901
f 1196//902 1027//902 1202//902
f 1202//903 1027//903 1025//903
f 1202//904 1025//904 1204//904
f 1204//905 1025//905 1023//905
f 1204//906 1023//907 1019//908
f 1204//906 1019//908 1206//909
f 1206//910 1019//910 1018//910
f 1206//911 1018//911 1208//911
f 1208//912 1018//912 1017//912
f 1208//913 1017//913 1210//913
f 1210//914 1017//914 1013//914
f 1210//915 1013//915 1012//915
f 1210//916 1012//916 1212//916
f 1212//917 1012//917 1011//917
f 1212//918 1011//918 1214//918
f 1214//919 1011//919 1008//919
f 1214//920 1008//967 1216//922
f 1216//922 1008//967 1005//923
f 1216//924 1005//924 1004//924
f 1216//925 1004//925 1218//925
f 1218//926 1004//926 1003//926
f 1218//927 1003//927 1221//927
f 1221//928 1003//928 1001//928
f 1221//929 1001//929 1223//929
f 1223//930 1001//930 999//930
f 1223//931 999//931 995//931
f 1223//932 995//932 1225//932
f 1225//933 995//933 994//933
f 1225//934 994//934 1227//934
f 1227//935 994//935 993//935
f 1227//936 993//936 1229//936
f 1229//937 993//937 990//937
f 1229//938 990//939 987//968
f 1229//938 987//968 1231//941
f 1231//942 987//942 986//942
f 1231//943 986//943 1233//943
f 1233//944 986//944 985//944
f 1233//945 985//945 1235//945
f 1235//946 985//946 981//946
f 1235//947 981//947 980//947
f 1235//948 980//948 1237//948
f 1237//949 980//949 979//949
f 1237//950 979//950 1240//950
f 1240//951 979//951 977//951
f 1240//952 977//953 1242//954
f 1242//954 977//953 975//955
f 1242//956 975//956 973//956
f 1242//957 973//957 1244//957
f 1244//958 973//958 971//958
f 1244//959 971//959 1246//959
f 1246//960 971//960 968//960
f 1246//961 968//961 1248//961
f 885//46 883//46 1297//46
f 1297//46 883//46 1298//46
f 883//31 881//31 1298//31
f 1298//31 881//31 880//31
f 1298//31 880//31 1299//31
f 1299//31 880//31 696//31
f 696//969 879//969 1299//969
f 1299//969 879//969 1300//969
f 879//31 690//31 1300//31
f 1300//31 690//31 687//31
f 1300//31 687//31 683//31
f 683//31 680//31 1300//31
f 1300//31 680//31 678//31
f 1300//31 678//31 675//31
f 675//31 672//31 1300//31
f 1300//31 672//31 1301//31
f 1301//31 672//31 669//31
f 1301//31 669//31 667//31
f 667//31 664//31 1301//31
f 1301//31 664//31 660//31
f 1301//31 660//31 656//31
f 656//31 651//31 1301//31
f 1301//31 651//31 878//31
f 878//46 877//46 1301//46
f 1301//46 877//46 1302//46
f 877//31 876//31 1302//31
f 1302//31 876//31 1303//31
f 1303//31 876//31 875//31
f 1303//31 875//31 874//31
f 874//969 873//969 1303//969
f 1303//969 873//969 1304//969
f 873//31 872//31 1304//31
f 1304//31 872//31 871//31
f 1304//31 871//31 1305//31
f 1305//31 871//31 870//31
f 1305//31 870//31 869//31
f 869//31 856//31 1305//31
f 1305//31 856//31 858//31
f 1305//31 858//31 860//31
f 860//31 862//31 1305//31
f 1305//31 862//31 864//31
f 1305//31 864//31 866//31
f 868//31 1306//31 866//31
f 866//31 1306//31 1305//31
f 868//685 867//685 1306//685
f 1306//685 867//685 1307//685
f 867//14 865//14 1307//14
f 1307//14 865//14 1308//14
f 1308//14 865//14 863//14
f 1308//14 863//14 861//14
f 861//14 859//14 1308//14
f 1308//14 859//14 1309//14
f 1309//14 859//14 857//14
f 857//46 840//46 1309//46
f 1309//46 840//46 1310//46
f 840//31 842//31 1310//31
f 1310//31 842//31 1311//31
f 1311//31 842//31 844//31
f 1311//31 844//31 846//31
f 846//31 848//31 1311//31
f 1311//31 848//31 1312//31
f 1312//31 848//31 850//31
f 850//685 851//685 1312//685
f 1312//685 851//685 1313//685
f 851//14 852//14 1313//14
f 1313//14 852//14 1314//14
f 1314//14 852//14 853//14
f 1314//14 853//14 854//14
f 854//14 855//14 1314//14
f 1314//14 855//14 1315//14
f 1315//14 855//14 838//14
f 838//46 714//46 1315//46
f 1315//46 714//46 1316//46
f 714//31 829//31 1316//31
f 1316//31 829//31 1317//31
f 1317//31 829//31 831//31
f 1317//31 831//31 833//31
f 833//31 835//31 1317//31
f 1317//31 835//31 1318//31
f 1318//31 835//31 837//31
f 837//685 836//685 1318//685
f 1318//685 836//685 1319//685
f 836//14 834//14 1319//14
f 1319//14 834//14 1320//14
f 1320//14 834//14 832//14
f 1320//14 832//14 830//14
f 830//14 716//14 1320//14
f 1320//14 716//14 1321//14
f 1321//14 716//14 715//14
f 715//46 800//46 1321//46
f 1321//46 800//46 1322//46
f 800//31 802//31 1322//31
f 1322//31 802//31 1323//31
f 1323//31 802//31 804//31
f 1323//31 804//31 806//31
f 806//31 808//31 1323//31
f 1323//31 808//31 1324//31
f 1324//31 808//31 810//31
f 810//685 811//685 1324//685
f 1324//685 811//685 1325//685
f 811//14 812//14 1325//14
f 1325//14 812//14 1326//14
f 1326//14 812//14 813//14
f 1326//14 813//14 814//14
f 814//14 815//14 1326//14
f 1326//14 815//14 1327//14
f 1327//14 815//14 816//14
f 816//46 817//46 1327//46
f 1327//46 817//46 1328//46
f 817//31 819//31 1328//31
f 1328//31 819//31 1329//31
f 1329//31 819//31 821//31
f 1329//31 821//31 823//31
f 823//31 825//31 1329//31
f 1329//31 825//31 1330//31
f 1330//31 825//31 827//31
f 827//685 828//685 1330//685
f 1330//685 828//685 1331//685
f 828//14 826//14 1331//14
f 1331//14 826//14 1332//14
f 1332//14 826//14 824//14
f 1332//14 824//14 822//14
f 822//14 820//14 1332//14
f 1332//14 820//14 818//14
f 1332//14 818//14 798//14
f 798//14 797//14 1332//14
f 1332//14 797//14 796//14
f 1332//14 796//14 795//14
f 1332//14 795//14 1333//14
f 1333//14 795//14 794//14
f 1333//14 794//14 787//14
f 781//969 523//969 1334//969
f 1334//969 523//969 1335//969
f 523//14 524//14 1335//14
f 1335//14 524//14 1336//14
f 1336//14 524//14 525//14
f 1336//14 525//14 527//14
f 527//46 915//46 1336//46
f 1336//46 915//46 1337//46
f 915//14 529//14 1337//14
f 1337//14 529//14 531//14
f 1337//14 531//14 1338//14
f 1338//14 531//14 533//14
f 1338//14 533//14 535//14
f 535//14 537//14 1338//14
f 1338//14 537//14 904//14
f 1338//14 904//14 906//14
f 906//14 908//14 1338//14
f 1338//14 908//14 910//14
f 1338//14 910//14 912//14
f 914//14 1339//14 912//14
f 912//14 1339//14 1338//14
f 913//31 911//31 1340//31
f 1340//31 911//31 1341//31
f 1341//31 911//31 909//31
f 1341//31 909//31 907//31
f 907//31 905//31 1341//31
f 1341//31 905//31 1342//31
f 1342//31 905//31 903//31
f 903//969 539//969 1342//969
f 1342//969 539//969 1343//969
f 539//14 540//14 1343//14
f 1343//14 540//14 1344//14
f 1344//14 540//14 542//14
f 1344//14 542//14 544//14
f 544//14 546//14 1344//14
f 1344//14 546//14 1345//14
f 1345//14 546//14 548//14
f 549//31 550//31 1346//31
f 1346//31 550//31 1347//31
f 1347//31 550//31 551//31
f 1347//31 551//31 552//31
f 552//31 553//31 1347//31
f 1347//31 553//31 1348//31
f 1348//31 553//31 554//31
f 554//969 555//969 1348//969
f 1348//969 555//969 1349//969
f 555//14 894//14 1349//14
f 1349//14 894//14 1350//14
f 1350//14 894//14 896//14
f 1350//14 896//14 898//14
f 898//14 900//14 1350//14
f 1350//14 900//14 1351//14
f 1351//14 900//14 902//14
f 901//31 899//31 1352//31
f 1352//31 899//31 1353//31
f 1353//31 899//31 897//31
f 1353//31 897//31 895//31
f 895//31 893//31 1353//31
f 1353//31 893//31 1354//31
f 1354//31 893//31 557//31
f 557//969 558//969 1354//969
f 1354//969 558//969 1355//969
f 558//14 560//14 1355//14
f 1355//14 560//14 1356//14
f 1356//14 560//14 562//14
f 1356//14 562//14 564//14
f 564//14 566//14 1356//14
f 1356//14 566//14 1357//14
f 1357//14 566//14 568//14
f 569//31 570//31 1358//31
f 1358//31 570//31 1359//31
f 1359//31 570//31 571//31
f 1359//31 571//31 572//31
f 572//31 573//31 1359//31
f 1359//31 573//31 1360//31
f 1360//31 573//31 574//31
f 574//969 576//969 1360//969
f 1360//969 576//969 1361//969
f 576//14 578//14 1361//14
f 1361//14 578//14 1362//14
f 1362//14 578//14 580//14
f 1362//14 580//14 582//14
f 582//14 584//14 1362//14
f 1362//14 584//14 1363//14
f 1363//14 584//14 586//14
f 587//31 585//31 1364//31
f 1364//31 585//31 1365//31
f 1365//31 585//31 583//31
f 1365//31 583//31 581//31
f 581//31 579//31 1365//31
f 1365//31 579//31 577//31
f 1365//31 577//31 575//31
f 575//31 892//31 1365//31
f 1365//31 892//31 890//31
f 1365//31 890//31 888//31
f 1365//31 888//31 1297//31
f 1297//31 888//31 886//31
f 1297//31 886//31 885//31
f 548//685 549//685 1345//685
f 1345//685 549//685 1346//685
f 902//685 901//685 1351//685
f 1351//685 901//685 1352//685
f 568//685 569//685 1357//685
f 1357//685 569//685 1358//685
f 586//685 587//685 1363//685
f 1363//685 587//685 1364//685
f 914//685 913//685 1339//685
f 1339//685 913//685 1340//685
f 958//14 792//14 1366//14
f 1366//14 792//14 952//14
f 1366//14 952//14 948//14
f 948//14 945//14 1366//14
f 1366//14 945//14 943//14
f 1366//14 943//14 940//14
f 940//14 937//14 1366//14
f 1366//14 937//14 1334//14
f 1334//14 937//14 934//14
f 1334//14 934//14 932//14
f 932//14 929//14 1334//14
f 1334//14 929//14 925//14
f 1334//14 925//14 921//14
f 921//14 916//14 1334//14
f 1334//14 916//14 781//14
f 787//969 788//969 1333//969
f 1333//969 788//969 1367//969
f 788//14 789//14 1367//14
f 1367//14 789//14 790//14
f 1367//14 790//14 1368//14
f 1368//14 790//14 791//14
f 791//46 958//46 1368//46
f 1368//46 958//46 1366//46
f 1330//46 1331//46 1329//46
f 1329//46 1331//46 1332//46
f 1326//46 1323//46 1325//46
f 1325//46 1323//46 1324//46
f 1320//46 1317//46 1319//46
f 1319//46 1317//46 1318//46
f 1314//46 1311//46 1313//46
f 1313//46 1311//46 1312//46
f 1308//46 1305//46 1307//46
f 1307//46 1305//46 1306//46
f 1345//969 1346//969 1344//969
f 1344//969 1346//969 1347//969
f 1341//969 1338//969 1340//969
f 1340//969 1338//969 1339//969
f 1351//969 1352//969 1350//969
f 1350//969 1352//969 1353//969
f 1357//969 1358//969 1356//969
f 1356//969 1358//969 1359//969
f 1363//969 1364//969 1362//969
f 1362//969 1364//969 1365//969
f 27//969 155//969 3//969
f 3//969 155//969 138//969
f 54//685 52//685 27//685
f 27//685 52//685 50//685
f 27//685 50//685 48//685
f 48//685 38//685 27//685
f 27//685 38//685 16//685
f 27//685 16//685 1305//685
f 1305//685 16//685 1304//685
f 1304//685 16//685 1301//685
f 1304//685 1301//685 1303//685
f 1303//685 1301//685 1302//685
f 16//685 115//685 1301//685
f 1301//685 115//685 1300//685
f 1300//685 115//685 1297//685
f 1300//685 1297//685 1299//685
f 1299//685 1297//685 1298//685
f 320//685 283//685 115//685
f 115//685 283//685 1365//685
f 115//685 1365//685 1297//685
f 320//685 318//685 283//685
f 283//685 318//685 316//685
f 283//685 316//685 314//685
f 314//685 304//685 283//685
f 362//685 1353//685 283//685
f 283//685 1353//685 1356//685
f 283//685 1356//685 1359//685
f 412//685 410//685 362//685
f 362//685 410//685 408//685
f 362//685 408//685 406//685
f 406//685 400//685 362//685
f 362//685 400//685 233//685
f 362//685 233//685 1338//685
f 1338//685 233//685 1337//685
f 1337//685 233//685 1334//685
f 1337//685 1334//685 1336//685
f 1336//685 1334//685 1335//685
f 233//685 166//685 1334//685
f 1334//685 166//685 1366//685
f 1366//685 166//685 1333//685
f 1366//685 1333//685 1368//685
f 1368//685 1333//685 1367//685
f 189//685 155//685 166//685
f 166//685 155//685 1332//685
f 166//685 1332//685 1333//685
f 189//685 187//685 155//685
f 155//685 187//685 185//685
f 155//685 185//685 183//685
f 183//685 177//685 155//685
f 27//685 1317//685 155//685
f 155//685 1317//685 1320//685
f 155//685 1320//685 1323//685
f 1323//685 1320//685 1321//685
f 1323//685 1321//685 1322//685
f 1338//685 1341//685 362//685
f 362//685 1341//685 1344//685
f 362//685 1344//685 1347//685
f 1341//685 1342//685 1344//685
f 1344//685 1342//685 1343//685
f 362//685 1347//685 1350//685
f 1350//685 1347//685 1348//685
f 1350//685 1348//685 1349//685
f 1350//685 1353//685 362//685
f 1353//685 1354//685 1356//685
f 1356//685 1354//685 1355//685
f 283//685 1359//685 1362//685
f 1362//685 1359//685 1360//685
f 1362//685 1360//685 1361//685
f 1362//685 1365//685 283//685
f 1305//685 1308//685 27//685
f 27//685 1308//685 1311//685
f 27//685 1311//685 1314//685
f 1308//685 1309//685 1311//685
f 1311//685 1309//685 1310//685
f 27//685 1314//685 1317//685
f 1317//685 1314//685 1315//685
f 1317//685 1315//685 1316//685
f 1323//685 1326//685 155//685
f 155//685 1326//685 1329//685
f 155//685 1329//685 1332//685
f 1326//685 1327//685 1329//685
f 1329//685 1327//685 1328//685
f 133//970 1369//970 134//970
f 134//970 1369//970 1370//970
f 134//970 1370//970 241//970
f 241//970 1370//970 242//970
f 242//971 1370//971 243//971
f 243//971 1370//971 1371//971
f 243//972 1371//972 244//972
f 244//972 1371//972 1372//972
f 244//973 1372//973 245//973
f 245//973 1372//973 1373//973
f 245//974 1373//974 238//974
f 238//974 1373//974 1374//974
f 238//975 1374//975 239//975
f 239//975 1374//975 1375//975
f 239//976 1375//976 240//976
f 240//976 1375//976 1376//976
f 240//977 1376//977 246//977
f 246//977 1376//977 1377//977
f 246//978 1377//978 247//978
f 247//978 1377//978 1378//978
f 247//979 1378//979 248//979
f 248//979 1378//979 1379//979
f 248//980 1379//980 249//980
f 249//980 1379//980 1380//980
f 249//981 1380//981 250//981
f 250//981 1380//981 1381//981
f 250//982 1381//982 251//982
f 251//982 1381//982 1382//982
f 251//983 1382//983 252//983
f 252//983 1382//983 1383//983
f 252//984 1383//984 253//984
f 253//984 1383//984 1384//984
f 253//985 1384//985 254//985
f 254//985 1384//985 1385//985
f 254//986 1385//986 255//986
f 255//986 1385//986 1386//986
f 255//987 1386//987 256//987
f 256//987 1386//987 1387//987
f 256//15 1387//15 234//15
f 234//15 1387//15 1388//15
f 234//988 1388//988 235//988
f 235//988 1388//988 1389//988
f 235//989 1389//989 236//989
f 236//989 1389//989 1390//989
f 236//990 1390//990 257//990
f 257//990 1390//990 1391//990
f 257//991 1391//991 258//991
f 258//991 1391//991 1392//991
f 258//992 1392//992 259//992
f 259//992 1392//992 1393//992
f 259//993 1393//993 260//993
f 260//993 1393//993 1394//993
f 260//994 1394//994 261//994
f 261//994 1394//994 1395//994
f 261//995 1395//995 262//995
f 262//995 1395//995 1396//995
f 262//996 1396//996 263//996
f 263//996 1396//996 1397//996
f 263//997 1397//997 264//997
f 264//997 1397//997 1398//997
f 264//998 1398//998 265//998
f 265//998 1398//998 1399//998
f 265//999 1399//999 266//999
f 266//999 1399//999 1400//999
f 266//1000 1400//1000 230//1000
f 230//1000 1400//1000 1401//1000
f 230//1001 1401//1001 231//1001
f 231//1001 1401//1001 1402//1001
f 231//1002 1402//1002 232//1002
f 232//1002 1402//1002 1403//1002
f 232//1003 1403//1003 267//1003
f 267//1003 1403//1003 1404//1003
f 267//1004 1404//1004 268//1004
f 268//1004 1404//1004 1405//1004
f 268//1005 1405//1005 137//1005
f 137//1005 1405//1005 1406//1005
f 137//1005 1406//1005 98//1005
f 98//1005 1406//1005 99//1005
f 99//1004 1406//1004 100//1004
f 100//1004 1406//1004 1407//1004
f 100//1003 1407//1003 101//1003
f 101//1003 1407//1003 1408//1003
f 101//1002 1408//1002 102//1002
f 102//1002 1408//1002 1409//1002
f 102//1001 1409//1001 95//1001
f 95//1001 1409//1001 1410//1001
f 95//1000 1410//1000 96//1000
f 96//1000 1410//1000 1411//1000
f 96//999 1411//999 97//999
f 97//999 1411//999 1412//999
f 97//998 1412//998 103//998
f 103//998 1412//998 1413//998
f 103//997 1413//997 104//997
f 104//997 1413//997 1414//997
f 104//996 1414//996 105//996
f 105//996 1414//996 1415//996
f 105//995 1415//995 106//995
f 106//995 1415//995 1416//995
f 106//994 1416//994 107//994
f 107//994 1416//994 1417//994
f 107//993 1417//993 108//993
f 108//993 1417//993 1418//993
f 108//992 1418//992 109//992
f 109//992 1418//992 1419//992
f 109//991 1419//991 110//991
f 110//991 1419//991 1420//991
f 110//990 1420//990 111//990
f 111//990 1420//990 1421//990
f 111//989 1421//989 112//989
f 112//989 1421//989 1422//989
f 112//988 1422//988 113//988
f 113//988 1422//988 1423//988
f 113//15 1423//15 114//15
f 114//15 1423//15 1424//15
f 114//987 1424//987 116//987
f 116//987 1424//987 1425//987
f 116//986 1425//986 117//986
f 117//986 1425//986 1426//986
f 117//985 1426//985 118//985
f 118//985 1426//985 1427//985
f 118//984 1427//984 119//984
f 119//984 1427//984 1428//984
f 119//983 1428//983 120//983
f 120//983 1428//983 1429//983
f 120//982 1429//982 121//982
f 121//982 1429//982 1430//982
f 121//981 1430//981 122//981
f 122//981 1430//981 1431//981
f 122//980 1431//980 123//980
f 123//980 1431//980 1432//980
f 123//979 1432//979 124//979
f 124//979 1432//979 1433//979
f 124//978 1433//978 125//978
f 125//978 1433//978 1434//978
f 125//977 1434//977 126//977
f 126//977 1434//977 1435//977
f 126//976 1435//976 127//976
f 127//976 1435//976 1436//976
f 127//975 1436//975 128//975
f 128//975 1436//975 1437//975
f 128//974 1437//974 130//974
f 130//974 1437//974 1438//974
f 130//973 1438//973 131//973
f 131//973 1438//973 1439//973
f 131//972 1439//972 132//972
f 132//972 1439//972 1440//972
f 132//971 1440//971 133//971
f 133//971 1440//971 1369//971
f 1371//971 1370//971 1369//971
f 1371//971 1369//971 1440//971
f 1372//972 1371//972 1440//972
f 1372//972 1440//972 1439//972
f 1373//973 1372//973 1439//973
f 1373//973 1439//973 1438//973
f 1374//974 1373//974 1438//974
f 1374//974 1438//974 1437//974
f 1375//975 1374//975 1437//975
f 1375//975 1437//975 1436//975
f 1376//976 1375//976 1436//976
f 1376//976 1436//976 1435//976
f 1377//977 1376//977 1435//977
f 1377//977 1435//977 1434//977
f 1378//978 1377//978 1434//978
f 1378//978 1434//978 1433//978
f 1379//979 1378//979 1433//979
f 1379//979 1433//979 1432//979
f 1380//980 1379//980 1432//980
f 1380//980 1432//980 1431//980
f 1381//981 1380//981 1431//981
f 1381//981 1431//981 1430//981
f 1382//982 1381//982 1430//982
f 1382//982 1430//982 1429//982
f 1383//983 1382//983 1429//983
f 1383//983 1429//983 1428//983
f 1384//984 1383//984 1428//984
f 1384//984 1428//984 1427//984
f 1385//985 1384//985 1427//985
f 1385//985 1427//985 1426//985
f 1386//986 1385//986 1426//986
f 1386//986 1426//986 1425//986
f 1387//987 1386//987 1425//987
f 1387//987 1425//987 1424//987
f 1388//15 1387//15 1424//15
f 1388//15 1424//15 1423//15
f 1389//988 1388//988 1423//988
f 1389//988 1423//988 1422//988
f 1390//989 1389//989 1422//989
f 1390//989 1422//989 1421//989
f 1391//990 1390//990 1421//990
f 1391//990 1421//990 1420//990
f 1392//991 1391//991 1420//991
f 1392//991 1420//991 1419//991
f 1393//992 1392//992 1419//992
f 1393//992 1419//992 1418//992
f 1394//993 1393//993 1418//993
f 1394//993 1418//993 1417//993
f 1395//994 1394//994 1417//994
f 1395//994 1417//994 1416//994
f 1396//995 1395//995 1416//995
f 1396//995 1416//995 1415//995
f 1397//996 1396//996 1415//996
f 1397//996 1415//996 1414//996
f 1398//997 1397//997 1414//997
f 1398//997 1414//997 1413//997
f 1399//998 1398//998 1413//998
f 1399//998 1413//998 1412//998
f 1400//999 1399//999 1412//999
f 1400//999 1412//999 1411//999
f 1401//1000 1400//1000 1411//1000
f 1401//1000 1411//1000 1410//1000
f 1402//1001 1401//1001 1410//1001
f 1402//1001 1410//1001 1409//1001
f 1403//1002 1402//1002 1409//1002
f 1403//1002 1409//1002 1408//1002
f 1404//1003 1403//1003 1408//1003
f 1404//1003 1408//1003 1407//1003
f 1405//1004 1404//1004 1407//1004
f 1405//1004 1407//1004 1406//1004
f 1032//834 1031//834 1441//834
f 1441//835 1031//835 1033//835
f 1441//836 1033//836 1442//836
f 1442//837 1033//837 1034//837
f 1442//838 1034//838 1443//838
f 1443//839 1034//839 1036//839
f 1443//840 1036//840 1444//840
f 1444//841 1036//841 1038//841
f 1444//842 1038//843 1040//844
f 1444//842 1040//844 1445//845
f 1445//846 1040//846 1042//846
f 1445//847 1042//847 1446//847
f 1446//848 1042//848 1047//848
f 1446//849 1047//849 1447//849
f 1447//850 1047//850 1046//850
f 1447//851 1046//851 1048//851
f 1447//852 1048//852 1448//852
f 1448//853 1048//853 1053//853
f 1448//854 1053//854 1449//854
f 1449//855 1053//855 1052//855
f 1449//856 1052//857 1450//858
f 1450//858 1052//857 1055//859
f 1450//860 1055//860 1056//860
f 1450//861 1056//861 1451//861
f 1451//862 1056//862 1061//862
f 1451//863 1061//863 1452//863
f 1452//864 1061//864 1060//864
f 1452//865 1060//865 1453//865
f 1453//866 1060//866 1062//866
f 1453//867 1062//867 1064//867
f 1453//868 1064//868 1454//868
f 1454//869 1064//869 1066//869
f 1454//870 1066//870 1455//870
f 1455//871 1066//871 1071//871
f 1455//872 1071//872 1456//872
f 1456//873 1071//873 1070//873
f 1456//874 1070//875 1073//876
f 1456//874 1073//876 1457//877
f 1457//878 1073//878 1074//878
f 1457//879 1074//879 1458//879
f 1458//880 1074//880 1079//880
f 1458//881 1079//881 1459//881
f 1459//882 1079//882 1078//882
f 1459//883 1078//883 1080//883
f 1459//884 1080//884 1460//884
f 1460//885 1080//885 1085//885
f 1460//886 1085//886 1461//886
f 1461//887 1085//887 1084//887
f 1461//888 1084//889 1462//890
f 1462//890 1084//889 1086//891
f 1462//892 1086//892 1088//892
f 1462//893 1088//893 1463//893
f 1463//894 1088//894 1090//894
f 1463//895 1090//895 1464//895
f 1464//896 1090//896 1092//896
f 1464//897 1092//897 1465//897
f 1465//898 1092//898 1094//898
f 1465//899 1094//899 1093//899
f 1465//900 1093//900 1466//900
f 1466//901 1093//901 1091//901
f 1466//902 1091//902 1467//902
f 1467//903 1091//903 1089//903
f 1467//904 1089//904 1468//904
f 1468//905 1089//905 1087//905
f 1468//906 1087//907 1083//908
f 1468//906 1083//908 1469//909
f 1469//910 1083//910 1082//910
f 1469//911 1082//911 1470//911
f 1470//912 1082//912 1081//912
f 1470//913 1081//913 1471//913
f 1471//914 1081//914 1077//914
f 1471//915 1077//915 1076//915
f 1471//916 1076//916 1472//916
f 1472//917 1076//917 1075//917
f 1472//918 1075//918 1473//918
f 1473//919 1075//919 1072//919
f 1473//920 1072//967 1474//922
f 1474//922 1072//967 1069//923
f 1474//924 1069//924 1068//924
f 1474//925 1068//925 1475//925
f 1475//926 1068//926 1067//926
f 1475//927 1067//927 1476//927
f 1476//928 1067//928 1065//928
f 1476//929 1065//929 1477//929
f 1477//930 1065//930 1063//930
f 1477//931 1063//931 1059//931
f 1477//932 1059//932 1478//932
f 1478//933 1059//933 1058//933
f 1478//934 1058//934 1479//934
f 1479//935 1058//935 1057//935
f 1479//936 1057//936 1480//936
f 1480//937 1057//937 1054//937
f 1480//938 1054//939 1051//968
f 1480//938 1051//968 1481//941
f 1481//942 1051//942 1050//942
f 1481//943 1050//943 1482//943
f 1482//944 1050//944 1049//944
f 1482//945 1049//945 1483//945
f 1483//946 1049//946 1045//946
f 1483//947 1045//947 1044//947
f 1483//948 1044//948 1484//948
f 1484//949 1044//949 1043//949
f 1484//950 1043//950 1485//950
f 1485//951 1043//951 1041//951
f 1485//952 1041//953 1486//954
f 1486//954 1041//953 1039//955
f 1486//956 1039//956 1037//956
f 1486//957 1037//957 1487//957
f 1487//958 1037//958 1035//958
f 1487//959 1035//959 1488//959
f 1488//960 1035//960 1032//960
f 1488//961 1032//961 1441//961
f 786//686 1489//686 519//686
f 519//687 1489//687 1490//687
f 519//688 1490//688 517//688
f 517//689 1490//689 1491//689
f 517//690 1491//690 588//690
f 588//691 1491//692 1492//693
f 588//691 1492//693 589//694
f 589//695 1492//696 591//697
f 591//697 1492//696 1493//698
f 591//699 1493//699 592//699
f 592//700 1493//700 1494//700
f 592//701 1494//701 594//701
f 594//702 1494//702 1495//702
f 594//703 1495//703 596//703
f 596//704 1495//704 1496//704
f 596//705 1496//705 600//705
f 600//706 1496//707 602//708
f 602//708 1496//707 1497//709
f 602//710 1497//710 604//710
f 604//711 1497//711 1498//711
f 604//712 1498//712 606//712
f 606//713 1498//713 1499//713
f 606//714 1499//714 607//714
f 607//715 1499//715 1500//715
f 607//716 1500//716 608//716
f 608//717 1500//717 1501//717
f 608//718 1501//718 611//718
f 611//720 1501//720 1502//721
f 611//720 1502//721 614//722
f 614//723 1502//723 615//723
f 615//724 1502//724 1503//724
f 615//725 1503//725 617//725
f 617//726 1503//726 1504//726
f 617//727 1504//727 620//727
f 620//728 1504//728 1505//728
f 620//729 1505//729 621//729
f 621//730 1505//730 1506//730
f 621//731 1506//731 622//731
f 622//1006 1506//733 1507//734
f 622//1006 1507//734 625//735
f 625//736 1507//736 627//736
f 627//737 1507//737 1508//737
f 627//738 1508//738 629//738
f 629//739 1508//739 1509//739
f 629//740 1509//740 631//740
f 631//741 1509//741 1510//741
f 631//742 1510//742 644//742
f 644//743 1510//744 1511//745
f 644//743 1511//745 635//746
f 635//747 1511//748 637//749
f 637//749 1511//748 1512//750
f 637//751 1512//751 645//751
f 645//752 1512//752 1513//752
f 645//753 1513//753 642//753
f 642//754 1513//754 1514//754
f 642//755 1514//755 643//755
f 643//756 1514//756 1515//756
f 643//757 1515//757 647//757
f 647//758 1515//759 1516//760
f 647//758 1516//760 698//761
f 698//762 1516//763 717//764
f 717//764 1516//763 1517//765
f 717//766 1517//766 720//766
f 720//767 1517//767 1518//767
f 720//768 1518//768 722//768
f 722//769 1518//769 1519//769
f 722//770 1519//770 729//770
f 729//771 1519//771 1520//771
f 729//772 1520//772 727//772
f 727//773 1520//774 1521//775
f 727//773 1521//775 728//776
f 728//777 1521//778 731//779
f 731//779 1521//778 1522//780
f 731//781 1522//781 735//781
f 735//782 1522//782 1523//782
f 735//783 1523//783 736//783
f 736//784 1523//784 1524//784
f 736//785 1524//785 737//785
f 737//786 1524//786 1525//786
f 737//787 1525//787 741//787
f 741//788 1525//789 742//1007
f 742//1007 1525//789 1526//791
f 742//792 1526//792 743//792
f 743//793 1526//793 1527//793
f 743//794 1527//794 746//794
f 746//795 1527//795 1528//795
f 746//796 1528//796 749//796
f 749//797 1528//797 1529//797
f 749//798 1529//798 750//798
f 750//799 1529//799 1530//799
f 750//800 1530//800 752//800
f 752//801 1530//802 755//803
f 755//803 1530//802 1531//803
f 755//804 1531//804 756//804
f 756//805 1531//805 1532//805
f 756//806 1532//806 757//806
f 757//807 1532//807 1533//807
f 757//808 1533//808 760//808
f 760//809 1533//809 1534//809
f 760//810 1534//810 762//810
f 762//811 1534//811 1535//811
f 762//812 1535//812 764//812
f 764//813 1535//814 766//964
f 766//964 1535//814 1536//816
f 766//817 1536//817 782//817
f 782//818 1536//818 1537//818
f 782//819 1537//819 770//819
f 770//820 1537//820 1538//820
f 770//821 1538//821 772//821
f 772//822 1538//822 1539//822
f 772//823 1539//823 783//823
f 783//824 1539//825 1540//826
f 783//824 1540//826 784//827
f 784//828 1540//829 785//830
f 785//830 1540//829 1541//831
f 785//832 1541//832 786//832
f 786//833 1541//833 1489//833
f 1466//685 1517//685 1465//685
f 1465//685 1517//685 1516//685
f 1465//685 1516//685 1515//685
f 1517//685 1466//685 1518//685
f 1518//685 1466//685 1467//685
f 1518//685 1467//685 1519//685
f 1519//685 1467//685 1468//685
f 1519//685 1468//685 1520//685
f 1520//685 1468//685 1469//685
f 1520//685 1469//685 1521//685
f 1521//685 1469//685 1470//685
f 1521//685 1470//685 1522//685
f 1522//685 1470//685 1471//685
f 1522//685 1471//685 1523//685
f 1523//685 1471//685 1472//685
f 1523//685 1472//685 1524//685
f 1524//685 1472//685 1473//685
f 1524//685 1473//685 1525//685
f 1525//685 1473//685 1474//685
f 1525//685 1474//685 1526//685
f 1526//685 1474//685 1475//685
f 1526//685 1475//685 1527//685
f 1527//685 1475//685 1528//685
f 1528//685 1475//685 1476//685
f 1528//685 1476//685 1529//685
f 1529//685 1476//685 1477//685
f 1529//685 1477//685 1530//685
f 1530//685 1477//685 1478//685
f 1530//685 1478//685 1531//685
f 1531//685 1478//685 1479//685
f 1531//685 1479//685 1532//685
f 1532//685 1479//685 1480//685
f 1532//685 1480//685 1533//685
f 1533//685 1480//685 1481//685
f 1533//685 1481//685 1534//685
f 1534//685 1481//685 1482//685
f 1534//685 1482//685 1535//685
f 1535//685 1482//685 1483//685
f 1535//685 1483//685 1536//685
f 1536//685 1483//685 1484//685
f 1536//685 1484//685 1537//685
f 1537//685 1484//685 1538//685
f 1538//685 1484//685 1485//685
f 1538//685 1485//685 1539//685
f 1539//685 1485//685 1486//685
f 1539//685 1486//685 1540//685
f 1540//685 1486//685 1487//685
f 1540//685 1487//685 1541//685
f 1541//685 1487//685 1488//685
f 1541//685 1488//685 1489//685
f 1489//685 1488//685 1441//685
f 1489//685 1441//685 1490//685
f 1490//685 1441//685 1442//685
f 1490//685 1442//685 1491//685
f 1491//685 1442//685 1443//685
f 1491//685 1443//685 1492//685
f 1492//685 1443//685 1444//685
f 1492//685 1444//685 1493//685
f 1493//685 1444//685 1445//685
f 1493//685 1445//685 1494//685
f 1494//685 1445//685 1446//685
f 1494//685 1446//685 1495//685
f 1495//685 1446//685 1496//685
f 1496//685 1446//685 1447//685
f 1496//685 1447//685 1497//685
f 1497//685 1447//685 1448//685
f 1497//685 1448//685 1498//685
f 1498//685 1448//685 1449//685
f 1498//685 1449//685 1499//685
f 1499//685 1449//685 1450//685
f 1499//685 1450//685 1500//685
f 1500//685 1450//685 1451//685
f 1500//685 1451//685 1501//685
f 1501//685 1451//685 1452//685
f 1501//685 1452//685 1502//685
f 1502//685 1452//685 1453//685
f 1502//685 1453//685 1503//685
f 1503//685 1453//685 1454//685
f 1503//685 1454//685 1504//685
f 1504//685 1454//685 1455//685
f 1504//685 1455//685 1505//685
f 1505//685 1455//685 1506//685
f 1506//685 1455//685 1456//685
f 1506//685 1456//685 1507//685
f 1507//685 1456//685 1457//685
f 1507//685 1457//685 1508//685
f 1508//685 1457//685 1458//685
f 1508//685 1458//685 1509//685
f 1509//685 1458//685 1459//685
f 1509//685 1459//685 1510//685
f 1510//685 1459//685 1460//685
f 1510//685 1460//685 1511//685
f 1511//685 1460//685 1461//685
f 1511//685 1461//685 1512//685
f 1512//685 1461//685 1462//685
f 1512//685 1462//685 1513//685
f 1513//685 1462//685 1463//685
f 1513//685 1463//685 1514//685
f 1514//685 1463//685 1464//685
f 1514//685 1464//685 1515//685
f 1515//685 1464//685 1465//685
