# Blender 3.6.5
# www.blender.org
mtllib track_2x2.mtl
o track_2x2
v -0.999572 1.209999 -0.990677
v -0.999572 1.138822 -0.990677
v -1.000000 1.209999 -0.987421
v -0.999572 1.067646 -0.990677
v -0.999572 0.996470 -0.990677
v -0.998315 0.996470 -0.993710
v -0.998315 0.925293 -0.993710
v -0.996316 0.925293 -0.996316
v -0.996316 0.854118 -0.996316
v -0.993711 0.854118 -0.998314
v -0.993711 0.782941 -0.998314
v -0.990677 0.782941 -0.999571
v -0.990677 0.711765 -0.999571
v -0.987421 1.209999 -1.000001
v -0.990677 0.640588 -0.999571
v -0.987421 -0.000000 -1.000000
v -0.990677 0.569412 -0.999571
v -0.990677 0.498235 -0.999571
v -0.993711 0.569412 -0.998314
v -0.993711 0.498235 -0.998314
v -0.996316 0.569412 -0.996316
v -0.996316 0.498235 -0.996316
v -0.998315 0.569412 -0.993710
v -0.998315 0.498235 -0.993710
v -0.999572 0.569412 -0.990677
v -0.999572 0.498235 -0.990677
v -1.000000 -0.000000 -0.987421
v -0.999572 0.427059 -0.990677
v -0.999572 0.355882 -0.990677
v -0.998315 0.355882 -0.993710
v -0.998315 0.284706 -0.993710
v -0.996316 0.284706 -0.996316
v -0.996316 0.213529 -0.996316
v -0.993711 0.213529 -0.998314
v -0.993711 0.142353 -0.998314
v -0.990677 0.142353 -0.999571
v -0.990677 0.071176 -0.999571
v -0.990677 -0.000000 -0.999571
v -0.998315 1.138822 -0.993710
v -0.998315 1.209999 -0.993710
v -0.996316 1.138822 -0.996316
v -0.996316 1.209999 -0.996316
v -0.993711 1.138822 -0.998314
v -0.993711 1.209999 -0.998314
v -0.990677 1.138822 -0.999571
v -0.990677 1.209999 -0.999571
v -0.993711 0.071176 -0.998314
v -0.993711 -0.000000 -0.998314
v -0.996316 0.071176 -0.996316
v -0.996316 -0.000000 -0.996316
v -0.998315 0.071176 -0.993710
v -0.998315 -0.000000 -0.993710
v -0.999572 0.071176 -0.990676
v -0.999572 -0.000000 -0.990676
v -0.999572 0.640588 -0.990677
v -0.998315 0.640588 -0.993710
v -0.996316 0.640588 -0.996316
v -0.993711 0.640588 -0.998314
v -0.998315 1.067646 -0.993710
v -0.996316 1.067646 -0.996316
v -0.993711 1.067646 -0.998314
v -0.990677 1.067646 -0.999571
v -0.999572 0.925293 -0.990677
v -0.999572 0.854118 -0.990677
v -0.999572 0.782941 -0.990677
v -0.998315 0.782941 -0.993710
v -0.998315 0.711765 -0.993710
v -0.996316 0.711765 -0.996316
v -0.998315 0.854118 -0.993710
v -0.999572 0.711765 -0.990677
v -0.998315 0.427059 -0.993710
v -0.996316 0.427059 -0.996316
v -0.993711 0.427059 -0.998314
v -0.990677 0.427059 -0.999571
v -0.999572 0.284706 -0.990677
v -0.999572 0.213529 -0.990676
v -0.999572 0.142353 -0.990676
v -0.998315 0.142353 -0.993710
v -0.998315 0.213529 -0.993710
v -0.996316 0.996470 -0.996316
v -0.993711 0.925293 -0.998314
v -0.990677 0.854118 -0.999571
v -0.996316 0.782941 -0.996316
v -0.996316 0.355882 -0.996316
v -0.993711 0.284706 -0.998314
v -0.990677 0.213529 -0.999571
v -0.996316 0.142353 -0.996316
v -0.993711 0.996470 -0.998314
v -0.990677 0.996470 -0.999571
v -0.993711 0.711765 -0.998314
v -0.993711 0.355882 -0.998314
v -0.990677 0.355882 -0.999571
v -0.990677 0.925293 -0.999571
v -0.990677 0.284706 -0.999571
v -0.744153 0.886112 -1.000001
v -0.720360 0.835981 -1.000001
v -0.693209 0.787594 -1.000000
v -0.811321 1.209999 -1.000001
v -0.809430 1.154521 -1.000001
v -0.803765 1.099300 -1.000001
v -0.794352 1.044596 -1.000001
v -0.781235 0.990663 -1.000001
v -0.764476 0.937753 -1.000001
v -0.662825 0.741176 -1.000000
v -0.629351 0.696945 -1.000000
v -0.592943 0.655105 -1.000000
v -0.553770 0.615853 -1.000000
v -0.512015 0.579371 -1.000000
v -0.467873 0.545829 -1.000000
v -0.421549 0.515383 -1.000000
v -0.373260 0.488177 -1.000000
v -0.323231 0.464335 -1.000000
v -0.271695 0.443971 -1.000000
v -0.218892 0.427178 -1.000000
v -0.165068 0.414034 -1.000000
v -0.110475 0.404603 -1.000000
v -0.055367 0.398926 -1.000000
v 0.000000 0.397031 -1.000000
v 0.987421 -0.000000 -1.000000
v 0.055367 0.398926 -1.000000
v 0.110475 0.404603 -1.000000
v 0.165068 0.414034 -1.000000
v 0.218892 0.427178 -1.000000
v 0.271695 0.443971 -1.000000
v 0.323231 0.464335 -1.000000
v 0.373260 0.488177 -1.000000
v 0.421549 0.515383 -1.000000
v 0.467873 0.545829 -1.000000
v 0.512015 0.579371 -1.000000
v 0.553770 0.615853 -1.000000
v 0.592943 0.655105 -1.000000
v 0.629351 0.696945 -1.000000
v 0.662825 0.741176 -1.000000
v 0.693209 0.787594 -1.000000
v 0.720360 0.835981 -1.000001
v 0.744153 0.886112 -1.000001
v 0.987421 1.209999 -1.000001
v 0.764476 0.937753 -1.000001
v 0.781235 0.990663 -1.000001
v 0.794352 1.044596 -1.000001
v 0.803765 1.099300 -1.000001
v 0.809430 1.154521 -1.000001
v 0.811321 1.209999 -1.000001
v -1.000000 1.210000 0.987421
v -0.987421 1.210000 0.999999
v -0.990677 1.210000 0.999571
v -0.993711 1.210000 0.998314
v -0.996316 1.210000 0.996316
v -0.998315 1.210000 0.993710
v -0.999572 1.210000 0.990676
v -0.811321 1.210000 0.999999
v -0.990677 1.138824 0.999571
v -0.990677 1.067647 0.999571
v -0.990677 0.996471 0.999571
v -0.993711 0.996471 0.998314
v -0.993711 0.925294 0.998314
v -0.996316 0.925294 0.996316
v -0.996316 0.854118 0.996316
v -0.998315 0.854118 0.993710
v -0.998315 0.782941 0.993710
v -0.999572 0.782941 0.990676
v -0.999572 0.711765 0.990676
v -0.999572 0.640588 0.990676
v -1.000000 0.000000 0.987421
v -0.999572 0.569412 0.990676
v -0.999572 0.498235 0.990676
v -0.998315 0.569412 0.993710
v -0.998315 0.498235 0.993710
v -0.996316 0.569412 0.996316
v -0.996316 0.498235 0.996316
v -0.993711 0.569412 0.998314
v -0.993711 0.498235 0.998314
v -0.990677 0.569412 0.999571
v -0.990677 0.498235 0.999571
v -0.987421 0.000000 1.000000
v -0.990677 0.427059 0.999571
v -0.990677 0.355882 0.999571
v -0.993711 0.355882 0.998314
v -0.993711 0.284706 0.998314
v -0.996316 0.284706 0.996316
v -0.996316 0.213529 0.996316
v -0.998315 0.213529 0.993710
v -0.998315 0.142353 0.993710
v -0.999572 0.142353 0.990676
v -0.999572 0.071177 0.990676
v -0.999572 0.000000 0.990676
v -0.993711 1.138824 0.998314
v -0.996316 1.138824 0.996316
v -0.998315 1.138824 0.993710
v -0.999572 1.138824 0.990676
v -0.998315 0.071177 0.993710
v -0.998315 0.000000 0.993710
v -0.996316 0.071177 0.996316
v -0.996316 0.000000 0.996316
v -0.993711 0.071177 0.998314
v -0.993711 0.000000 0.998314
v -0.990677 0.071177 0.999571
v -0.990677 0.000000 0.999571
v -0.990677 0.640588 0.999571
v -0.993711 0.640588 0.998314
v -0.996316 0.640588 0.996316
v -0.998315 0.640588 0.993710
v -0.993711 1.067647 0.998314
v -0.996316 1.067647 0.996316
v -0.998315 1.067647 0.993710
v -0.999572 1.067647 0.990676
v -0.990677 0.925294 0.999571
v -0.990677 0.854118 0.999571
v -0.990677 0.782941 0.999571
v -0.993711 0.782941 0.998314
v -0.993711 0.711765 0.998314
v -0.996316 0.711765 0.996316
v -0.993711 0.854118 0.998314
v -0.990677 0.711765 0.999571
v -0.993711 0.427059 0.998314
v -0.996316 0.427059 0.996316
v -0.998315 0.427059 0.993710
v -0.999572 0.427059 0.990676
v -0.990677 0.284706 0.999571
v -0.990677 0.213529 0.999571
v -0.990677 0.142353 0.999571
v -0.993711 0.142353 0.998314
v -0.993711 0.213529 0.998314
v -0.996316 0.996471 0.996316
v -0.998315 0.925294 0.993710
v -0.999572 0.854118 0.990676
v -0.996316 0.782941 0.996316
v -0.996316 0.355882 0.996316
v -0.998315 0.284706 0.993710
v -0.999572 0.213529 0.990676
v -0.996316 0.142353 0.996316
v -0.998315 0.996471 0.993710
v -0.999572 0.996471 0.990676
v -0.998315 0.711765 0.993710
v -0.998315 0.355882 0.993710
v -0.999572 0.355882 0.990676
v -0.999572 0.925294 0.990676
v -0.999572 0.284706 0.990676
v -0.744153 0.886112 0.999999
v -0.764476 0.937753 0.999999
v -0.781235 0.990664 0.999999
v 0.987421 0.000000 1.000000
v 0.000000 0.397031 0.999999
v -0.055367 0.398927 0.999999
v -0.110475 0.404604 0.999999
v 0.987421 1.210000 0.999999
v 0.744153 0.886112 0.999999
v 0.720360 0.835982 0.999999
v 0.693209 0.787595 0.999999
v 0.811321 1.210000 0.999999
v 0.809430 1.154521 0.999999
v 0.803765 1.099301 0.999999
v 0.794352 1.044597 0.999999
v 0.781235 0.990664 0.999999
v 0.764476 0.937753 0.999999
v 0.662825 0.741176 0.999999
v 0.629351 0.696945 0.999999
v 0.592943 0.655105 0.999999
v 0.553770 0.615853 0.999999
v 0.512015 0.579371 0.999999
v 0.467873 0.545829 0.999999
v 0.421549 0.515384 0.999999
v 0.373260 0.488177 0.999999
v 0.323231 0.464336 0.999999
v 0.271695 0.443971 0.999999
v 0.218892 0.427178 0.999999
v 0.165068 0.414036 0.999999
v 0.110475 0.404604 0.999999
v 0.055367 0.398927 0.999999
v -0.165068 0.414036 0.999999
v -0.218892 0.427178 0.999999
v -0.271695 0.443971 0.999999
v -0.323231 0.464336 0.999999
v -0.373260 0.488177 0.999999
v -0.421549 0.515384 0.999999
v -0.467873 0.545829 0.999999
v -0.512015 0.579371 0.999999
v -0.553770 0.615853 0.999999
v -0.592943 0.655105 0.999999
v -0.629351 0.696945 0.999999
v -0.662825 0.741176 0.999999
v -0.693209 0.787595 0.999999
v -0.720360 0.835982 0.999999
v -0.794352 1.044597 0.999999
v -0.803765 1.099301 0.999999
v -0.809430 1.154521 0.999999
v 0.990677 1.209999 -0.999571
v 0.990677 1.138822 -0.999571
v 0.990677 1.067646 -0.999571
v 0.990677 0.996470 -0.999571
v 0.993711 0.996470 -0.998314
v 0.993711 0.925293 -0.998314
v 0.996316 0.925293 -0.996316
v 0.996316 0.854118 -0.996316
v 0.998315 0.854118 -0.993710
v 0.998315 0.782941 -0.993710
v 0.999572 0.782941 -0.990677
v 0.999572 0.711765 -0.990677
v 1.000000 1.209999 -0.987421
v 0.999572 0.640588 -0.990677
v 1.000000 -0.000000 -0.987421
v 0.999572 0.569412 -0.990677
v 0.999572 0.498235 -0.990677
v 0.998315 0.569412 -0.993710
v 0.998315 0.498235 -0.993710
v 0.996316 0.569412 -0.996316
v 0.996316 0.498235 -0.996316
v 0.993711 0.569412 -0.998314
v 0.993711 0.498235 -0.998314
v 0.990677 0.569412 -0.999571
v 0.990677 0.498235 -0.999571
v 0.990677 0.427059 -0.999571
v 0.990677 0.355882 -0.999571
v 0.993711 0.355882 -0.998314
v 0.993711 0.284706 -0.998314
v 0.996316 0.284706 -0.996316
v 0.996316 0.213529 -0.996316
v 0.998315 0.213529 -0.993710
v 0.998315 0.142353 -0.993710
v 0.999572 0.142353 -0.990676
v 0.999572 0.071176 -0.990676
v 0.999572 -0.000000 -0.990676
v 0.993711 1.138822 -0.998314
v 0.993711 1.209999 -0.998314
v 0.996316 1.138822 -0.996316
v 0.996316 1.209999 -0.996316
v 0.998315 1.138822 -0.993710
v 0.998315 1.209999 -0.993710
v 0.999572 1.138822 -0.990677
v 0.999572 1.209999 -0.990677
v 0.998315 0.071176 -0.993710
v 0.998315 -0.000000 -0.993710
v 0.996316 0.071176 -0.996316
v 0.996316 -0.000000 -0.996316
v 0.993711 0.071176 -0.998314
v 0.993711 -0.000000 -0.998314
v 0.990677 0.071176 -0.999571
v 0.990677 -0.000000 -0.999571
v 0.990677 0.640588 -0.999571
v 0.993711 0.640588 -0.998314
v 0.996316 0.640588 -0.996316
v 0.998315 0.640588 -0.993710
v 0.993711 1.067646 -0.998314
v 0.996316 1.067646 -0.996316
v 0.998315 1.067646 -0.993710
v 0.999572 1.067646 -0.990677
v 0.990677 0.925293 -0.999571
v 0.990677 0.854118 -0.999571
v 0.990677 0.782941 -0.999571
v 0.993711 0.782941 -0.998314
v 0.993711 0.711765 -0.998314
v 0.996316 0.711765 -0.996316
v 0.993711 0.854118 -0.998314
v 0.990677 0.711765 -0.999571
v 0.993711 0.427059 -0.998314
v 0.996316 0.427059 -0.996316
v 0.998315 0.427059 -0.993710
v 0.999572 0.427059 -0.990677
v 0.990677 0.284706 -0.999571
v 0.990677 0.213529 -0.999571
v 0.990677 0.142353 -0.999571
v 0.993711 0.142353 -0.998314
v 0.993711 0.213529 -0.998314
v 0.996316 0.996470 -0.996316
v 0.998315 0.925293 -0.993710
v 0.999572 0.854118 -0.990677
v 0.996316 0.782941 -0.996316
v 0.996316 0.355882 -0.996316
v 0.998315 0.284706 -0.993710
v 0.999572 0.213529 -0.990676
v 0.996316 0.142353 -0.996316
v 0.998315 0.996470 -0.993710
v 0.999572 0.996470 -0.990677
v 0.998315 0.711765 -0.993710
v 0.998315 0.355882 -0.993710
v 0.999572 0.355882 -0.990677
v 0.999572 0.925293 -0.990677
v 0.999572 0.284706 -0.990677
v 1.000000 1.210000 0.987421
v 1.000000 0.000000 0.987421
v 0.990677 1.210000 0.999571
v 0.993711 1.210000 0.998314
v 0.996316 1.210000 0.996316
v 0.998315 1.210000 0.993710
v 0.999572 1.210000 0.990676
v 0.999572 1.138824 0.990676
v 0.999572 1.067647 0.990676
v 0.999572 0.996471 0.990676
v 0.998315 0.996471 0.993710
v 0.998315 0.925294 0.993710
v 0.996316 0.925294 0.996316
v 0.996316 0.854118 0.996316
v 0.993711 0.854118 0.998314
v 0.993711 0.782941 0.998314
v 0.990677 0.782941 0.999571
v 0.990677 0.711765 0.999571
v 0.990677 0.640588 0.999571
v 0.990677 0.569412 0.999571
v 0.990677 0.498235 0.999571
v 0.993711 0.569412 0.998314
v 0.993711 0.498235 0.998314
v 0.996316 0.569412 0.996316
v 0.996316 0.498235 0.996316
v 0.998315 0.569412 0.993710
v 0.998315 0.498235 0.993710
v 0.999572 0.569412 0.990676
v 0.999572 0.498235 0.990676
v 0.999572 0.427059 0.990676
v 0.999572 0.355882 0.990676
v 0.998315 0.355882 0.993710
v 0.998315 0.284706 0.993710
v 0.996316 0.284706 0.996316
v 0.996316 0.213529 0.996316
v 0.993711 0.213529 0.998314
v 0.993711 0.142353 0.998314
v 0.990677 0.142353 0.999571
v 0.990677 0.071177 0.999571
v 0.990677 0.000000 0.999571
v 0.998315 1.138824 0.993710
v 0.996316 1.138824 0.996316
v 0.993711 1.138824 0.998314
v 0.990677 1.138824 0.999571
v 0.993711 0.071177 0.998314
v 0.993711 0.000000 0.998314
v 0.996316 0.071177 0.996316
v 0.996316 0.000000 0.996316
v 0.998315 0.071177 0.993710
v 0.998315 0.000000 0.993710
v 0.999572 0.071177 0.990676
v 0.999572 0.000000 0.990676
v 0.999572 0.640588 0.990676
v 0.998315 0.640588 0.993710
v 0.996316 0.640588 0.996316
v 0.993711 0.640588 0.998314
v 0.998315 1.067647 0.993710
v 0.996316 1.067647 0.996316
v 0.993711 1.067647 0.998314
v 0.990677 1.067647 0.999571
v 0.999572 0.925294 0.990676
v 0.999572 0.854118 0.990676
v 0.999572 0.782941 0.990676
v 0.998315 0.782941 0.993710
v 0.998315 0.711765 0.993710
v 0.996316 0.711765 0.996316
v 0.998315 0.854118 0.993710
v 0.999572 0.711765 0.990676
v 0.998315 0.427059 0.993710
v 0.996316 0.427059 0.996316
v 0.993711 0.427059 0.998314
v 0.990677 0.427059 0.999571
v 0.999572 0.284706 0.990676
v 0.999572 0.213529 0.990676
v 0.999572 0.142353 0.990676
v 0.998315 0.142353 0.993710
v 0.998315 0.213529 0.993710
v 0.996316 0.996471 0.996316
v 0.993711 0.925294 0.998314
v 0.990677 0.854118 0.999571
v 0.996316 0.782941 0.996316
v 0.996316 0.355882 0.996316
v 0.993711 0.284706 0.998314
v 0.990677 0.213529 0.999571
v 0.996316 0.142353 0.996316
v 0.993711 0.996471 0.998314
v 0.990677 0.996471 0.999571
v 0.993711 0.711765 0.998314
v 0.993711 0.355882 0.998314
v 0.990677 0.355882 0.999571
v 0.990677 0.925294 0.999571
v 0.990677 0.284706 0.999571
v 0.339623 0.368725 -0.000000
v 0.337992 0.368050 0.032704
v 0.337992 0.368050 -0.032704
v 0.333102 0.366083 -0.065759
v 0.333102 0.366083 0.065759
v 0.324954 0.362912 -0.098560
v 0.324954 0.362912 0.098560
v 0.313548 0.358622 -0.130504
v 0.313548 0.358622 0.130504
v 0.298966 0.353381 -0.161030
v 0.298966 0.353381 0.161030
v 0.281584 0.347496 0.189724
v 0.261852 0.341270 0.216203
v 0.261852 0.341269 -0.216203
v 0.281584 0.347496 -0.189724
v 0.240219 0.335004 -0.240081
v 0.240219 0.335005 0.240081
v 0.216350 0.328788 0.261730
v 0.189865 0.322691 0.281487
v 0.189865 0.322691 -0.281488
v 0.216350 0.328788 -0.261730
v 0.161152 0.316997 0.298899
v 0.161152 0.316996 -0.298899
v 0.130597 0.311985 -0.313509
v 0.130597 0.311985 0.313509
v 0.098621 0.307928 0.324934
v 0.065790 0.304954 0.333095
v 0.065790 0.304954 -0.333095
v 0.098621 0.307928 -0.324934
v 0.032713 0.303124 0.337990
v 0.032713 0.303124 -0.337990
v 0.000000 0.302500 -0.339622
v 0.000000 0.302500 0.339622
v -0.032713 0.303124 -0.337990
v -0.032713 0.303124 0.337990
v -0.065790 0.304954 0.333095
v -0.098621 0.307928 0.324934
v -0.098621 0.307928 -0.324934
v -0.065790 0.304954 -0.333095
v -0.130597 0.311985 0.313509
v -0.130597 0.311985 -0.313509
v -0.161152 0.316996 -0.298899
v -0.161152 0.316997 0.298899
v -0.189865 0.322691 0.281487
v -0.216350 0.328788 0.261730
v -0.216350 0.328788 -0.261730
v -0.189865 0.322691 -0.281488
v -0.240219 0.335005 0.240081
v -0.240219 0.335004 -0.240081
v -0.261852 0.341269 -0.216203
v -0.261852 0.341270 0.216203
v -0.281584 0.347496 -0.189724
v -0.281584 0.347496 0.189724
v -0.298966 0.353381 0.161030
v -0.313548 0.358622 0.130504
v -0.313548 0.358622 -0.130504
v -0.298966 0.353381 -0.161030
v -0.324954 0.362912 -0.098560
v -0.324954 0.362912 0.098560
v -0.333102 0.366083 -0.065759
v -0.333102 0.366083 0.065759
v -0.337992 0.368050 -0.032704
v -0.337992 0.368050 0.032704
v -0.339623 0.368725 -0.000000
v -0.534591 0.477466 0.905660
v -0.572524 0.506835 -0.000000
v -0.534591 0.477466 0.792452
v -0.525604 0.470964 -0.000000
v -0.514020 0.462829 0.792452
v -0.493051 0.448771 0.792452
v -0.476453 0.438231 -0.000000
v -0.471698 0.435305 0.792452
v -0.471698 0.435305 -0.000000
v -0.425279 0.408777 -0.000000
v -0.471698 0.435304 -0.792452
v -0.471698 0.435304 -0.905660
v -0.580414 0.513361 0.905660
v -0.617011 0.545692 -0.000000
v -0.580414 0.513361 -0.905660
v -0.623843 0.552130 -0.905660
v -0.658879 0.587369 -0.000000
v -0.664700 0.593612 -0.905660
v -0.697949 0.631690 -0.000000
v -0.702814 0.637636 -0.905660
v -0.734056 0.678467 -0.000000
v -0.738030 0.684021 -0.905660
v -0.767046 0.727501 -0.000000
v -0.770203 0.732576 -0.905660
v -0.792453 0.770658 -0.471698
v -0.792453 0.770658 -0.534591
v -0.623843 0.552130 0.905660
v -0.664700 0.593613 0.905660
v -0.702814 0.637637 0.905660
v -0.738030 0.684023 0.905660
v -0.770203 0.732577 0.905660
v -0.792453 0.770658 -0.000000
v -0.796778 0.778584 -0.000000
v -0.816256 0.816842 -0.471698
v -0.823127 0.831498 -0.000000
v -0.837382 0.864317 -0.471698
v -0.845981 0.886020 -0.000000
v -0.855760 0.912926 -0.471698
v -0.865242 0.941918 -0.000000
v -0.871332 0.962509 -0.471698
v -0.880830 0.998953 -0.000000
v -0.884043 1.012905 -0.471698
v -0.892677 1.056886 -0.000000
v -0.893854 1.063947 -0.471698
v -0.900734 1.115469 -0.471698
v -0.893854 1.063947 0.471698
v -0.900734 1.115469 0.471698
v -0.799197 0.783100 0.905660
v -0.792453 0.770658 0.534591
v -0.792453 0.770658 0.471698
v -0.816256 0.816843 0.534591
v -0.824896 0.835386 0.905660
v -0.837382 0.864318 0.534591
v -0.847193 0.889215 0.905660
v -0.855760 0.912926 0.534591
v -0.865995 0.944367 0.905660
v -0.871332 0.962509 0.534591
v -0.881225 1.000616 0.905660
v -0.884043 1.012905 0.534591
v -0.892820 1.057728 0.905660
v -0.893854 1.063947 0.534591
v -0.900734 1.115469 0.905660
v -0.900734 1.115469 0.534591
v -0.816256 0.816843 0.471698
v -0.837382 0.864318 0.471698
v -0.855760 0.912926 0.471698
v -0.871332 0.962509 0.471698
v -0.884043 1.012905 0.471698
v -0.799197 0.783100 -0.905660
v -0.816256 0.816842 -0.534591
v -0.824896 0.835385 -0.905660
v -0.837382 0.864317 -0.534591
v -0.847193 0.889215 -0.905660
v -0.855760 0.912926 -0.534591
v -0.865995 0.944367 -0.905660
v -0.871332 0.962509 -0.534591
v -0.881225 1.000616 -0.905660
v -0.884043 1.012905 -0.534591
v -0.892820 1.057728 -0.905660
v -0.893854 1.063947 -0.534591
v -0.900734 1.115468 -0.905660
v -0.900734 1.115468 -0.534591
v -0.534591 0.477465 -0.905660
v -0.534591 0.477465 -0.792452
v -0.514020 0.462829 -0.792452
v -0.493051 0.448771 -0.792452
v -0.420925 0.406471 -0.905660
v -0.415094 0.403432 -0.000000
v -0.420925 0.406472 0.905660
v -0.414591 0.403163 0.019992
v -0.413084 0.402370 0.040162
v -0.368405 0.380975 -0.905660
v -0.397065 0.394343 -0.120793
v -0.402563 0.397039 -0.100825
v -0.407067 0.399289 -0.080670
v -0.314354 0.358920 -0.905660
v -0.344092 0.370582 -0.231993
v -0.355080 0.375185 -0.214822
v -0.365290 0.379608 -0.197029
v -0.258999 0.340400 -0.905660
v -0.293718 0.351550 -0.293314
v -0.307138 0.356286 -0.279200
v -0.320053 0.361075 -0.264238
v -0.202567 0.325490 -0.905660
v -0.232405 0.332928 -0.343809
v -0.248910 0.337481 -0.332070
v -0.264669 0.342138 -0.319695
v -0.145294 0.314255 -0.905660
v -0.178991 0.320408 -0.374499
v -0.197387 0.324339 -0.365093
v -0.215212 0.328530 -0.354840
v -0.087418 0.306737 -0.905660
v -0.120972 0.310678 -0.397009
v -0.140710 0.313535 -0.390495
v -0.160078 0.316788 -0.382987
v -0.029180 0.302971 -0.905660
v -0.060472 0.304597 -0.410564
v -0.080761 0.306197 -0.407046
v -0.100958 0.308229 -0.402526
v 0.029180 0.302971 -0.905660
v 0.000000 0.302500 -0.415094
v -0.019999 0.302737 -0.414590
v -0.040188 0.303440 -0.413080
v 0.087418 0.306737 -0.905660
v 0.060472 0.304597 -0.410564
v 0.040188 0.303440 -0.413080
v 0.019999 0.302737 -0.414590
v 0.145294 0.314255 -0.905660
v 0.120972 0.310678 -0.397009
v 0.100958 0.308229 -0.402526
v 0.080761 0.306197 -0.407046
v 0.202567 0.325490 -0.905660
v 0.178991 0.320408 -0.374499
v 0.160078 0.316788 -0.382987
v 0.140710 0.313535 -0.390495
v 0.258999 0.340400 -0.905660
v 0.232405 0.332928 -0.343809
v 0.215212 0.328530 -0.354840
v 0.197387 0.324339 -0.365093
v 0.314354 0.358920 -0.905660
v 0.279624 0.346844 -0.306753
v 0.264669 0.342138 -0.319695
v 0.248910 0.337481 -0.332070
v 0.368405 0.380975 -0.905660
v 0.344092 0.370582 -0.231993
v 0.332393 0.365861 -0.248482
v 0.320053 0.361075 -0.264238
v 0.420925 0.406471 -0.905660
v 0.390577 0.391220 -0.140482
v 0.383102 0.387691 -0.159802
v 0.374653 0.383797 -0.178670
v 0.471698 0.435304 -0.905660
v 0.471698 0.435304 -0.792452
v 0.425279 0.408777 -0.000000
v 0.415094 0.403432 -0.000000
v 0.420925 0.406472 0.905660
v 0.414591 0.403163 0.019992
v 0.413084 0.402370 0.040162
v 0.410575 0.401072 0.060418
v 0.407067 0.399289 0.080670
v 0.402563 0.397039 0.100825
v 0.397065 0.394343 0.120793
v 0.390577 0.391221 0.140482
v 0.368405 0.380975 0.905660
v 0.383102 0.387691 0.159802
v 0.374653 0.383797 0.178670
v 0.365290 0.379609 0.197029
v 0.355080 0.375185 0.214822
v 0.344092 0.370582 0.231991
v 0.314354 0.358920 0.905660
v 0.332393 0.365861 0.248482
v 0.320053 0.361075 0.264238
v 0.307138 0.356286 0.279200
v 0.293718 0.351550 0.293314
v 0.279624 0.346844 0.306753
v 0.258999 0.340400 0.905660
v 0.264669 0.342138 0.319695
v 0.248910 0.337481 0.332070
v 0.232405 0.332928 0.343808
v 0.202567 0.325491 0.905660
v 0.215212 0.328530 0.354840
v 0.197387 0.324339 0.365093
v 0.178991 0.320408 0.374498
v 0.145294 0.314255 0.905660
v 0.160078 0.316788 0.382986
v 0.140710 0.313535 0.390495
v 0.120972 0.310678 0.397009
v 0.087418 0.306737 0.905660
v 0.100958 0.308229 0.402526
v 0.080761 0.306198 0.407046
v 0.060472 0.304597 0.410564
v 0.029180 0.302971 0.905660
v 0.040188 0.303440 0.413080
v 0.019999 0.302737 0.414590
v 0.000000 0.302500 0.415094
v -0.029180 0.302971 0.905660
v -0.019999 0.302737 0.414590
v -0.040188 0.303440 0.413080
v -0.060472 0.304597 0.410564
v -0.087418 0.306737 0.905660
v -0.080761 0.306198 0.407046
v -0.100958 0.308229 0.402526
v -0.120972 0.310678 0.397009
v -0.145294 0.314255 0.905660
v -0.140710 0.313535 0.390495
v -0.160078 0.316788 0.382986
v -0.178991 0.320408 0.374498
v -0.202567 0.325491 0.905660
v -0.197387 0.324339 0.365093
v -0.215212 0.328530 0.354840
v -0.232405 0.332928 0.343808
v -0.258999 0.340400 0.905660
v -0.248910 0.337481 0.332070
v -0.264669 0.342138 0.319695
v -0.279624 0.346844 0.306753
v -0.314354 0.358920 0.905660
v -0.293718 0.351550 0.293314
v -0.307138 0.356286 0.279200
v -0.320053 0.361075 0.264238
v -0.332393 0.365861 0.248482
v -0.344092 0.370582 0.231991
v -0.368405 0.380975 0.905660
v -0.355080 0.375185 0.214822
v -0.365290 0.379609 0.197029
v -0.374653 0.383797 0.178670
v -0.383102 0.387691 0.159802
v -0.390577 0.391221 0.140482
v -0.397065 0.394343 0.120793
v -0.402563 0.397039 0.100825
v -0.407067 0.399289 0.080670
v -0.410575 0.401072 0.060418
v 0.476453 0.438231 -0.000000
v 0.493051 0.448771 -0.792452
v 0.525604 0.470964 -0.000000
v 0.514020 0.462829 -0.792452
v 0.534591 0.477465 -0.792452
v 0.534591 0.477465 -0.905660
v 0.572524 0.506835 -0.000000
v 0.534591 0.477465 -0.000000
v 0.534591 0.477466 0.792452
v 0.514020 0.462829 0.792452
v 0.580414 0.513361 -0.905660
v 0.617011 0.545692 -0.000000
v 0.580414 0.513361 0.905660
v 0.623843 0.552130 0.905660
v 0.658879 0.587369 -0.000000
v 0.664700 0.593613 0.905660
v 0.697949 0.631690 -0.000000
v 0.702814 0.637637 0.905660
v 0.734056 0.678467 -0.000000
v 0.738030 0.684023 0.905660
v 0.767046 0.727501 -0.000000
v 0.770203 0.732577 0.905660
v 0.792453 0.770658 0.471698
v 0.792453 0.770658 0.534591
v 0.623843 0.552130 -0.905660
v 0.664700 0.593612 -0.905660
v 0.702814 0.637636 -0.905660
v 0.738030 0.684021 -0.905660
v 0.770203 0.732576 -0.905660
v 0.792453 0.770658 -0.471698
v 0.796778 0.778584 -0.000000
v 0.816256 0.816842 -0.471698
v 0.823127 0.831498 -0.000000
v 0.837382 0.864317 -0.471698
v 0.845981 0.886020 -0.000000
v 0.855760 0.912926 -0.471698
v 0.865242 0.941918 -0.000000
v 0.871332 0.962509 -0.471698
v 0.880830 0.998953 -0.000000
v 0.884043 1.012905 -0.471698
v 0.892677 1.056886 -0.000000
v 0.893854 1.063947 -0.471698
v 0.900734 1.115469 0.471698
v 0.900734 1.115469 -0.471698
v 0.792453 0.770658 -0.534591
v 0.799197 0.783100 -0.905660
v 0.816256 0.816842 -0.534591
v 0.824896 0.835385 -0.905660
v 0.837382 0.864317 -0.534591
v 0.847193 0.889215 -0.905660
v 0.855760 0.912926 -0.534591
v 0.865995 0.944367 -0.905660
v 0.871332 0.962509 -0.534591
v 0.881225 1.000616 -0.905660
v 0.884043 1.012905 -0.534591
v 0.892820 1.057728 -0.905660
v 0.893854 1.063947 -0.534591
v 0.900734 1.115468 -0.905660
v 0.900734 1.115468 -0.534591
v 0.893854 1.063947 0.471698
v 0.884043 1.012905 0.471698
v 0.871332 0.962509 0.471698
v 0.855760 0.912926 0.471698
v 0.837382 0.864318 0.471698
v 0.816256 0.816843 0.471698
v 0.799197 0.783100 0.905660
v 0.816256 0.816843 0.534591
v 0.824896 0.835386 0.905660
v 0.837382 0.864318 0.534591
v 0.847193 0.889215 0.905660
v 0.855760 0.912926 0.534591
v 0.865995 0.944367 0.905660
v 0.871332 0.962509 0.534591
v 0.881225 1.000616 0.905660
v 0.884043 1.012905 0.534591
v 0.892820 1.057728 0.905660
v 0.893854 1.063947 0.534591
v 0.900734 1.115469 0.905660
v 0.900734 1.115469 0.534591
v 0.534591 0.477466 0.905660
v 0.493051 0.448771 0.792452
v 0.471698 0.435305 0.792452
v 0.471698 0.435305 0.905660
v -0.471698 0.435305 0.905660
v 0.414591 0.403163 -0.019992
v 0.413084 0.402370 -0.040162
v 0.410575 0.401072 -0.060418
v 0.407067 0.399289 -0.080670
v 0.402563 0.397039 -0.100825
v 0.397065 0.394343 -0.120793
v 0.365290 0.379608 -0.197029
v 0.355080 0.375185 -0.214822
v 0.307138 0.356286 -0.279200
v 0.293718 0.351550 -0.293314
v -0.279624 0.346844 -0.306753
v -0.332393 0.365861 -0.248482
v -0.374653 0.383797 -0.178670
v -0.383102 0.387691 -0.159802
v -0.390577 0.391220 -0.140482
v -0.410575 0.401072 -0.060418
v -0.413084 0.402370 -0.040162
v -0.414591 0.403163 -0.019992
v -0.337699 0.000000 0.036100
v -0.413157 0.000000 0.040063
v -0.339623 0.000000 0.000000
v -0.415094 0.000000 0.000000
v -0.413157 -0.000000 -0.040063
v -0.407361 0.000000 0.079750
v -0.331949 0.000000 0.071790
v -0.397763 0.000000 0.118694
v -0.322437 0.000000 0.106668
v -0.384450 0.000000 0.156530
v -0.309272 0.000000 0.140336
v -0.367548 0.000000 0.192904
v -0.292604 0.000000 0.172415
v -0.347214 0.000000 0.227477
v -0.272620 0.000000 0.202540
v -0.323639 0.000000 0.259926
v -0.249546 0.000000 0.230370
v -0.297041 0.000000 0.289948
v -0.223646 0.000000 0.255590
v -0.267670 0.000000 0.317263
v -0.195211 0.000000 0.277914
v -0.235800 0.000000 0.341616
v -0.164564 0.000000 0.297090
v -0.201729 0.000000 0.362779
v -0.165774 0.000000 0.380555
v -0.132053 0.000000 0.312898
v -0.128271 0.000000 0.394778
v -0.098046 0.000000 0.325162
v -0.089571 0.000000 0.405315
v -0.062928 0.000000 0.333741
v -0.050034 0.000000 0.412067
v -0.027097 0.000000 0.338540
v -0.010030 0.000000 0.414973
v 0.009041 0.000000 0.339503
v 0.030067 0.000000 0.414004
v 0.045076 0.000000 0.336618
v 0.069884 0.000000 0.409169
v 0.080602 0.000000 0.329920
v 0.109049 0.000000 0.400514
v 0.115213 0.000000 0.319483
v 0.147195 0.000000 0.388120
v 0.148520 0.000000 0.305427
v 0.183966 0.000000 0.372101
v 0.180143 0.000000 0.287909
v 0.219021 0.000000 0.352609
v 0.252030 0.000000 0.329825
v 0.209725 0.000000 0.267131
v 0.282685 0.000000 0.303960
v 0.236931 0.000000 0.243325
v 0.310703 0.000000 0.275258
v 0.261454 0.000000 0.216762
v 0.335818 0.000000 0.243986
v 0.283012 0.000000 0.187744
v 0.357799 0.000000 0.210436
v 0.301365 0.000000 0.156598
v 0.376439 0.000000 0.174922
v 0.316303 0.000000 0.123677
v 0.391563 0.000000 0.137773
v 0.327657 0.000000 0.089356
v 0.403033 0.000000 0.099338
v 0.335299 0.000000 0.054021
v 0.410739 0.000000 0.059977
v 0.339141 0.000000 0.018075
v 0.414610 0.000000 0.020055
v 0.414610 -0.000000 -0.020055
v 0.339141 -0.000000 -0.018075
v 0.410739 -0.000000 -0.059977
v 0.335299 -0.000000 -0.054021
v 0.403033 -0.000000 -0.099338
v 0.327657 -0.000000 -0.089356
v 0.391563 -0.000000 -0.137773
v 0.316303 -0.000000 -0.123677
v 0.376439 -0.000000 -0.174922
v 0.301365 -0.000000 -0.156598
v 0.357799 -0.000000 -0.210436
v 0.283012 -0.000000 -0.187744
v 0.335818 -0.000000 -0.243986
v 0.261454 -0.000000 -0.216762
v 0.310703 -0.000000 -0.275258
v 0.236931 -0.000000 -0.243325
v 0.282685 -0.000000 -0.303960
v 0.209725 -0.000000 -0.267131
v 0.252030 -0.000000 -0.329825
v 0.180143 -0.000000 -0.287909
v 0.219021 -0.000000 -0.352609
v 0.183966 -0.000000 -0.372101
v 0.148520 -0.000000 -0.305427
v 0.147195 -0.000000 -0.388120
v 0.115213 -0.000000 -0.319483
v 0.109049 -0.000000 -0.400514
v 0.080602 -0.000000 -0.329920
v 0.069884 -0.000000 -0.409169
v 0.045076 -0.000000 -0.336618
v 0.030067 -0.000000 -0.414004
v 0.009041 -0.000000 -0.339503
v -0.010030 -0.000000 -0.414973
v -0.027097 -0.000000 -0.338540
v -0.050034 -0.000000 -0.412067
v -0.062928 -0.000000 -0.333741
v -0.089571 -0.000000 -0.405315
v -0.098046 -0.000000 -0.325162
v -0.128271 -0.000000 -0.394778
v -0.132053 -0.000000 -0.312898
v -0.165774 -0.000000 -0.380555
v -0.164564 -0.000000 -0.297090
v -0.201729 -0.000000 -0.362779
v -0.235800 -0.000000 -0.341616
v -0.195211 -0.000000 -0.277914
v -0.267670 -0.000000 -0.317263
v -0.223646 -0.000000 -0.255590
v -0.297041 -0.000000 -0.289948
v -0.249546 -0.000000 -0.230370
v -0.323639 -0.000000 -0.259926
v -0.272620 -0.000000 -0.202540
v -0.347214 -0.000000 -0.227477
v -0.292604 -0.000000 -0.172415
v -0.367548 -0.000000 -0.192904
v -0.309272 -0.000000 -0.140336
v -0.384450 -0.000000 -0.156530
v -0.322437 -0.000000 -0.106668
v -0.397763 -0.000000 -0.118694
v -0.331949 -0.000000 -0.071790
v -0.407361 -0.000000 -0.079750
v -0.337699 -0.000000 -0.036100
v 0.534591 -0.000000 -0.905660
v 0.534591 -0.000000 -0.792452
v 0.471698 -0.000000 -0.792452
v 0.471698 -0.000000 -0.905660
v -0.471698 -0.000000 -0.905660
v -0.471698 -0.000000 -0.792452
v -0.534591 -0.000000 -0.792452
v -0.534591 -0.000000 -0.905660
v -0.905660 -0.000000 -0.905660
v -0.905660 1.115468 -0.905660
v -0.905660 1.115468 -0.534591
v -0.905660 -0.000000 -0.534591
v -0.792453 -0.000000 -0.534591
v -0.792453 -0.000000 -0.471698
v -0.905660 -0.000000 -0.471698
v -0.905660 1.115469 -0.471698
v -0.905660 1.115469 0.471698
v -0.905660 0.000000 0.471698
v -0.792453 0.000000 0.471698
v -0.792453 0.000000 0.534591
v -0.905660 0.000000 0.534591
v -0.905660 1.115469 0.534591
v -0.905660 1.115469 0.905660
v -0.905660 0.000000 0.905660
v -0.534591 0.000000 0.905660
v 0.809430 1.154521 -0.000000
v 0.803765 1.099301 -0.000000
v 0.794352 1.044596 -0.000000
v 0.781235 0.990664 -0.000000
v 0.764476 0.937753 -0.000000
v 0.744153 0.886112 -0.000000
v 0.720360 0.835981 -0.000000
v 0.693209 0.787594 -0.000000
v 0.662825 0.741176 -0.000000
v 0.629351 0.696945 -0.000000
v 0.592943 0.655105 -0.000000
v 0.553770 0.615853 -0.000000
v 0.512015 0.579371 -0.000000
v 0.467873 0.545829 -0.000000
v 0.421549 0.515384 -0.000000
v 0.373260 0.488177 -0.000000
v 0.323231 0.464336 -0.000000
v 0.271695 0.443971 -0.000000
v 0.218892 0.427178 -0.000000
v 0.165068 0.414035 -0.000000
v 0.110475 0.404603 -0.000000
v 0.055367 0.398927 -0.000000
v 0.000000 0.397031 -0.000000
v -0.055367 0.398927 -0.000000
v -0.110475 0.404603 -0.000000
v -0.165068 0.414035 -0.000000
v -0.218892 0.427178 -0.000000
v -0.271695 0.443971 -0.000000
v -0.323231 0.464336 -0.000000
v -0.373260 0.488177 -0.000000
v -0.421549 0.515384 -0.000000
v -0.467873 0.545829 -0.000000
v -0.512015 0.579371 -0.000000
v -0.553770 0.615853 -0.000000
v -0.592943 0.655105 -0.000000
v -0.629351 0.696945 -0.000000
v -0.662825 0.741176 -0.000000
v -0.693209 0.787594 -0.000000
v -0.720360 0.835981 -0.000000
v -0.744153 0.886112 -0.000000
v -0.764476 0.937753 -0.000000
v -0.781235 0.990664 -0.000000
v -0.794352 1.044596 -0.000000
v -0.803765 1.099301 -0.000000
v -0.809430 1.154521 -0.000000
v 0.471698 0.000000 0.905660
v 0.471698 0.000000 0.792452
v 0.534591 0.000000 0.792452
v 0.534591 0.000000 0.905660
v 0.905660 0.000000 0.905660
v 0.905660 1.115469 0.905660
v 0.905660 1.115469 0.534591
v 0.905660 0.000000 0.534591
v 0.792453 0.000000 0.534591
v 0.792453 0.000000 0.471698
v 0.905660 0.000000 0.471698
v 0.905660 1.115469 0.471698
v 0.905660 1.115469 -0.471698
v 0.905660 -0.000000 -0.471698
v 0.792453 -0.000000 -0.471698
v 0.792453 -0.000000 -0.534591
v 0.905660 -0.000000 -0.534591
v 0.905660 1.115468 -0.534591
v 0.905660 1.115468 -0.905660
v 0.905660 -0.000000 -0.905660
v -0.471698 0.000000 0.905660
v -0.534591 0.000000 0.792452
v -0.471698 0.000000 0.792452
vn -0.9915 -0.0000 -0.1304
vn -0.9239 -0.0000 -0.3825
vn -0.9238 -0.0000 -0.3828
vn -0.7935 -0.0000 -0.6086
vn -0.7934 -0.0000 -0.6086
vn -0.7934 -0.0000 -0.6087
vn -0.6086 -0.0000 -0.7934
vn -0.6086 -0.0000 -0.7935
vn -0.6089 -0.0000 -0.7932
vn -0.3827 -0.0000 -0.9239
vn -0.1309 -0.0000 -0.9914
vn -0.1308 -0.0000 -0.9914
vn -0.1306 -0.0000 -0.9914
vn -0.1305 -0.0000 -0.9915
vn -0.1304 -0.0000 -0.9915
vn -0.9914 -0.0000 -0.1307
vn -0.1305 -0.0000 -0.9914
vn -0.9240 -0.0000 -0.3824
vn -0.6090 -0.0000 -0.7932
vn -0.3828 -0.0000 -0.9239
vn -0.7933 -0.0000 -0.6089
vn -0.9239 -0.0000 -0.3827
vn -0.9915 -0.0000 -0.1305
vn -0.9914 -0.0000 -0.1305
vn -0.0000 -0.0000 -1.0000
vn -0.0000 1.0000 -0.0000
vn -0.0000 1.0000 -0.0001
vn -0.1305 -0.0000 0.9915
vn -0.1305 -0.0000 0.9914
vn -0.1307 -0.0000 0.9914
vn -0.3827 -0.0000 0.9239
vn -0.6086 -0.0000 0.7934
vn -0.7934 -0.0000 0.6086
vn -0.7932 -0.0000 0.6089
vn -0.9239 -0.0000 0.3827
vn -0.9915 -0.0000 0.1305
vn -0.9915 -0.0000 0.1304
vn -0.1304 -0.0000 0.9915
vn -0.6089 -0.0000 0.7932
vn -0.3828 -0.0000 0.9239
vn -0.7935 -0.0000 0.6086
vn -0.7934 -0.0000 0.6087
vn -0.1309 -0.0000 0.9914
vn -0.1306 -0.0000 0.9914
vn -0.0000 -0.0000 1.0000
vn 0.1308 -0.0000 -0.9914
vn 0.1304 -0.0000 -0.9915
vn 0.1306 -0.0000 -0.9914
vn 0.3827 -0.0000 -0.9239
vn 0.6090 -0.0000 -0.7931
vn 0.6086 -0.0000 -0.7934
vn 0.6090 -0.0000 -0.7932
vn 0.7935 -0.0000 -0.6086
vn 0.7934 -0.0000 -0.6087
vn 0.7933 -0.0000 -0.6089
vn 0.7932 -0.0000 -0.6089
vn 0.9240 -0.0000 -0.3824
vn 0.9238 -0.0000 -0.3828
vn 0.9915 -0.0000 -0.1304
vn 0.9914 -0.0000 -0.1307
vn 0.9239 -0.0000 -0.3825
vn 0.7934 -0.0000 -0.6086
vn 0.1305 -0.0000 -0.9914
vn 0.1305 -0.0000 -0.9915
vn 0.6089 -0.0000 -0.7932
vn 0.9239 -0.0000 -0.3827
vn 0.9915 -0.0000 -0.1305
vn 0.3828 -0.0000 -0.9239
vn 0.1309 -0.0000 -0.9914
vn 0.1303 -0.0000 -0.9915
vn 0.6086 -0.0000 -0.7935
vn 0.9914 -0.0000 -0.1305
vn 1.0000 -0.0000 -0.0000
vn 0.9915 -0.0000 0.1304
vn 0.9239 -0.0000 0.3827
vn 0.7934 -0.0000 0.6086
vn 0.7932 -0.0000 0.6089
vn 0.6086 -0.0000 0.7934
vn 0.3827 -0.0000 0.9239
vn 0.1307 -0.0000 0.9914
vn 0.1305 -0.0000 0.9915
vn 0.1304 -0.0000 0.9915
vn 0.1309 -0.0000 0.9914
vn 0.9915 -0.0000 0.1305
vn 0.1305 -0.0000 0.9914
vn 0.7934 -0.0000 0.6087
vn 0.6089 -0.0000 0.7932
vn 0.6090 -0.0000 0.7932
vn 0.3828 -0.0000 0.9239
vn 0.7935 -0.0000 0.6086
vn 0.7933 -0.0000 0.6089
vn 0.1306 -0.0000 0.9914
vn 0.3826 -0.9239 -0.0000
vn 0.3786 -0.9256 -0.0000
vn 0.3798 -0.9251 -0.0000
vn 0.3713 -0.9285 -0.0000
vn 0.3689 -0.9294 -0.0000
vn 0.3609 -0.9326 -0.0000
vn 0.3586 -0.9335 -0.0000
vn 0.3520 -0.9360 -0.0000
vn 0.3383 -0.9410 -0.0000
vn 0.3207 -0.9472 -0.0000
vn 0.3009 -0.9537 -0.0000
vn 0.2782 -0.9605 -0.0000
vn 0.2520 -0.9677 -0.0000
vn 0.2243 -0.9745 -0.0000
vn 0.1945 -0.9809 -0.0000
vn 0.1619 -0.9868 -0.0000
vn 0.1259 -0.9920 -0.0000
vn 0.0902 -0.9959 -0.0000
vn 0.0552 -0.9985 -0.0000
vn 0.0191 -0.9998 -0.0000
vn -0.0191 -0.9998 -0.0000
vn -0.0552 -0.9985 -0.0000
vn -0.0902 -0.9959 -0.0000
vn -0.1259 -0.9920 -0.0000
vn -0.1619 -0.9868 -0.0000
vn -0.1945 -0.9809 -0.0000
vn -0.2243 -0.9745 -0.0000
vn -0.2520 -0.9677 -0.0000
vn -0.2782 -0.9605 -0.0000
vn -0.3009 -0.9537 -0.0000
vn -0.3207 -0.9472 -0.0000
vn -0.3383 -0.9410 -0.0000
vn -0.3520 -0.9360 -0.0000
vn -0.3586 -0.9335 -0.0000
vn -0.3609 -0.9326 -0.0000
vn -0.3689 -0.9294 -0.0000
vn -0.3713 -0.9285 -0.0000
vn -0.3786 -0.9256 -0.0000
vn -0.3798 -0.9251 -0.0000
vn -0.3826 -0.9239 -0.0000
vn -0.6135 -0.7897 0.0001
vn -0.6136 -0.7896 -0.0000
vn -0.6088 -0.7934 -0.0003
vn -0.6074 -0.7944 -0.0000
vn -0.5798 -0.8148 0.0001
vn -0.5568 -0.8306 -0.0004
vn -0.5562 -0.8311 -0.0000
vn -0.5550 -0.8319 -0.0005
vn -0.5543 -0.8323 -0.0000
vn -0.5334 -0.8458 0.0001
vn -0.5307 -0.8475 -0.0000
vn -0.5270 -0.8499 -0.0000
vn -0.5242 -0.8516 -0.0000
vn -0.4952 -0.8688 -0.0000
vn -0.4962 -0.8682 -0.0000
vn -0.4948 -0.8690 -0.0000
vn -0.4955 -0.8686 -0.0000
vn -0.6167 -0.7872 0.0003
vn -0.6578 -0.7532 -0.0000
vn -0.6602 -0.7511 -0.0001
vn -0.6636 -0.7481 -0.0000
vn -0.6602 -0.7511 0.0001
vn -0.6659 -0.7460 -0.0003
vn -0.7074 -0.7068 0.0001
vn -0.7055 -0.7087 -0.0000
vn -0.7105 -0.7037 -0.0000
vn -0.7125 -0.7017 -0.0003
vn -0.7518 -0.6594 0.0001
vn -0.7501 -0.6613 -0.0000
vn -0.7544 -0.6565 -0.0000
vn -0.7560 -0.6545 -0.0002
vn -0.7930 -0.6092 0.0001
vn -0.7916 -0.6110 -0.0000
vn -0.7951 -0.6065 -0.0000
vn -0.7965 -0.6047 -0.0002
vn -0.8309 -0.5565 0.0001
vn -0.8297 -0.5582 -0.0000
vn -0.8325 -0.5540 -0.0000
vn -0.8336 -0.5523 -0.0002
vn -0.8637 -0.5041 -0.0001
vn -0.8621 -0.5067 0.0001
vn -0.8627 -0.5056 -0.0011
vn -0.8662 -0.4997 -0.0007
vn -0.6659 -0.7460 0.0003
vn -0.7074 -0.7068 -0.0001
vn -0.7125 -0.7017 0.0003
vn -0.7518 -0.6594 -0.0001
vn -0.7560 -0.6545 0.0002
vn -0.7930 -0.6092 -0.0001
vn -0.7965 -0.6047 0.0002
vn -0.8308 -0.5565 -0.0001
vn -0.8336 -0.5524 0.0002
vn -0.8633 -0.5046 0.0001
vn -0.8627 -0.5057 -0.0000
vn -0.8778 -0.4791 -0.0000
vn -0.8889 -0.4581 -0.0005
vn -0.8906 -0.4548 -0.0000
vn -0.8935 -0.4491 0.0005
vn -0.8952 -0.4457 -0.0000
vn -0.9136 -0.4066 -0.0007
vn -0.9223 -0.3866 0.0010
vn -0.9223 -0.3866 -0.0000
vn -0.9354 -0.3536 -0.0008
vn -0.9454 -0.3258 0.0010
vn -0.9454 -0.3258 -0.0000
vn -0.9541 -0.2996 -0.0008
vn -0.9646 -0.2636 0.0009
vn -0.9646 -0.2636 -0.0000
vn -0.9696 -0.2446 -0.0006
vn -0.9804 -0.1972 0.0004
vn -0.9797 -0.2004 -0.0000
vn -0.9814 -0.1919 -0.0000
vn -0.9820 -0.1888 -0.0004
vn -0.9912 -0.1323 0.0005
vn -0.9909 -0.1343 0.0002
vn -0.9907 -0.1364 -0.0003
vn -0.9905 -0.1374 -0.0003
vn -0.9912 -0.1323 -0.0000
vn -0.8673 -0.4977 0.0009
vn -0.8662 -0.4997 0.0007
vn -0.8634 -0.5045 -0.0000
vn -0.8889 -0.4581 -0.0008
vn -0.8975 -0.4411 0.0011
vn -0.9136 -0.4066 -0.0010
vn -0.9239 -0.3827 0.0013
vn -0.9354 -0.3536 -0.0010
vn -0.9465 -0.3227 0.0012
vn -0.9541 -0.2996 -0.0009
vn -0.9652 -0.2614 0.0011
vn -0.9696 -0.2446 -0.0007
vn -0.9805 -0.1963 0.0005
vn -0.9800 -0.1990 0.0009
vn -0.9815 -0.1915 -0.0001
vn -0.9909 -0.1349 0.0004
vn -0.9907 -0.1358 0.0005
vn -0.9911 -0.1333 0.0001
vn -0.8889 -0.4581 0.0005
vn -0.8935 -0.4491 -0.0005
vn -0.9136 -0.4066 0.0007
vn -0.9223 -0.3866 -0.0010
vn -0.9354 -0.3536 0.0008
vn -0.9454 -0.3258 -0.0010
vn -0.9541 -0.2996 0.0008
vn -0.9646 -0.2636 -0.0009
vn -0.9696 -0.2446 0.0006
vn -0.9804 -0.1972 -0.0004
vn -0.9820 -0.1888 0.0004
vn -0.8673 -0.4977 -0.0009
vn -0.8889 -0.4581 0.0008
vn -0.8975 -0.4411 -0.0011
vn -0.9136 -0.4066 0.0010
vn -0.9239 -0.3827 -0.0013
vn -0.9354 -0.3536 0.0010
vn -0.9465 -0.3227 -0.0012
vn -0.9541 -0.2996 0.0009
vn -0.9652 -0.2614 -0.0011
vn -0.9696 -0.2446 0.0007
vn -0.9800 -0.1990 -0.0009
vn -0.9805 -0.1963 -0.0005
vn -0.9815 -0.1915 0.0001
vn -0.9907 -0.1358 -0.0005
vn -0.9909 -0.1349 -0.0004
vn -0.9911 -0.1333 -0.0001
vn -0.6167 -0.7872 -0.0000
vn -0.6111 -0.7916 0.0003
vn -0.6165 -0.7873 -0.0001
vn -0.5798 -0.8148 -0.0001
vn -0.5568 -0.8306 0.0004
vn -0.5550 -0.8319 0.0005
vn -0.5334 -0.8458 -0.0001
vn -0.4938 -0.8696 -0.0002
vn -0.4647 -0.8855 -0.0000
vn -0.4673 -0.8841 -0.0000
vn -0.4680 -0.8837 -0.0000
vn -0.4659 -0.8849 -0.0000
vn -0.4666 -0.8845 -0.0000
vn -0.4613 -0.8872 -0.0000
vn -0.4314 -0.9022 -0.0004
vn -0.4368 -0.8996 -0.0006
vn -0.4437 -0.8962 -0.0004
vn -0.4432 -0.8964 -0.0004
vn -0.4478 -0.8942 -0.0003
vn -0.3758 -0.9267 -0.0005
vn -0.3771 -0.9262 -0.0006
vn -0.3778 -0.9259 -0.0006
vn -0.3973 -0.9177 -0.0000
vn -0.3867 -0.9222 -0.0003
vn -0.3891 -0.9212 -0.0002
vn -0.3976 -0.9176 -0.0000
vn -0.3173 -0.9483 -0.0007
vn -0.3329 -0.9429 -0.0001
vn -0.3476 -0.9376 0.0001
vn -0.2502 -0.9682 -0.0005
vn -0.2538 -0.9672 -0.0009
vn -0.2630 -0.9648 -0.0004
vn -0.2661 -0.9639 -0.0002
vn -0.2833 -0.9590 0.0001
vn -0.1894 -0.9819 -0.0006
vn -0.1914 -0.9815 -0.0008
vn -0.1925 -0.9813 -0.0008
vn -0.2090 -0.9779 -0.0001
vn -0.2288 -0.9735 0.0001
vn -0.1236 -0.9923 -0.0005
vn -0.1269 -0.9919 -0.0007
vn -0.1288 -0.9917 -0.0008
vn -0.1433 -0.9897 -0.0001
vn -0.1656 -0.9862 0.0001
vn -0.0591 -0.9983 -0.0005
vn -0.0625 -0.9980 -0.0007
vn -0.0645 -0.9979 -0.0008
vn -0.0786 -0.9969 -0.0000
vn -0.1000 -0.9950 0.0003
vn 0.0084 -1.0000 -0.0005
vn 0.0032 -1.0000 -0.0008
vn -0.0000 -1.0000 -0.0010
vn -0.0119 -0.9999 -0.0003
vn -0.0348 -0.9994 0.0002
vn 0.0747 -0.9972 -0.0002
vn 0.0620 -0.9981 -0.0007
vn 0.0592 -0.9982 -0.0004
vn 0.0570 -0.9984 -0.0003
vn 0.0348 -0.9994 0.0002
vn 0.1288 -0.9917 -0.0008
vn 0.1270 -0.9919 -0.0007
vn 0.1236 -0.9923 -0.0005
vn 0.1216 -0.9926 -0.0003
vn 0.1000 -0.9950 0.0003
vn 0.1925 -0.9813 -0.0008
vn 0.1914 -0.9815 -0.0008
vn 0.1894 -0.9819 -0.0006
vn 0.1882 -0.9821 -0.0006
vn 0.1656 -0.9862 0.0001
vn 0.2630 -0.9648 -0.0004
vn 0.2531 -0.9674 -0.0006
vn 0.2502 -0.9682 -0.0005
vn 0.2480 -0.9688 -0.0003
vn 0.2288 -0.9735 0.0001
vn 0.3173 -0.9483 -0.0007
vn 0.3003 -0.9539 -0.0001
vn 0.2833 -0.9590 0.0001
vn 0.3904 -0.9207 -0.0002
vn 0.3775 -0.9260 -0.0005
vn 0.3758 -0.9267 -0.0005
vn 0.3749 -0.9271 -0.0005
vn 0.3617 -0.9323 -0.0001
vn 0.4428 -0.8966 -0.0004
vn 0.4304 -0.9027 -0.0003
vn 0.4229 -0.9062 -0.0002
vn 0.4209 -0.9071 -0.0002
vn 0.4107 -0.9118 -0.0000
vn 0.4938 -0.8696 -0.0000
vn 0.4968 -0.8679 0.0001
vn 0.4939 -0.8695 -0.0000
vn 0.4954 -0.8687 -0.0000
vn 0.4659 -0.8848 -0.0000
vn 0.4647 -0.8855 -0.0000
vn 0.4680 -0.8837 -0.0000
vn 0.4675 -0.8840 -0.0000
vn 0.4665 -0.8845 -0.0000
vn 0.4614 -0.8872 -0.0000
vn 0.4599 -0.8880 -0.0001
vn 0.4538 -0.8911 0.0001
vn 0.4518 -0.8921 0.0002
vn 0.4494 -0.8934 0.0002
vn 0.4432 -0.8964 0.0004
vn 0.4416 -0.8972 0.0004
vn 0.4353 -0.9003 0.0007
vn 0.4358 -0.9001 0.0007
vn 0.4303 -0.9027 0.0003
vn 0.4250 -0.9052 0.0002
vn 0.4209 -0.9071 0.0001
vn 0.4187 -0.9081 0.0001
vn 0.4082 -0.9129 -0.0000
vn 0.4079 -0.9130 -0.0000
vn 0.4000 -0.9165 -0.0000
vn 0.3977 -0.9175 -0.0000
vn 0.3867 -0.9222 0.0003
vn 0.3841 -0.9233 0.0004
vn 0.3775 -0.9260 0.0005
vn 0.3758 -0.9267 0.0005
vn 0.3749 -0.9271 0.0005
vn 0.3617 -0.9323 0.0001
vn 0.3476 -0.9376 -0.0001
vn 0.3329 -0.9429 0.0001
vn 0.3173 -0.9483 0.0007
vn 0.3003 -0.9539 0.0001
vn 0.2833 -0.9590 -0.0001
vn 0.2661 -0.9639 0.0002
vn 0.2631 -0.9648 0.0004
vn 0.2539 -0.9672 0.0009
vn 0.2502 -0.9682 0.0005
vn 0.2480 -0.9688 0.0003
vn 0.2288 -0.9735 -0.0001
vn 0.2090 -0.9779 0.0001
vn 0.1913 -0.9815 0.0008
vn 0.1925 -0.9813 0.0008
vn 0.1895 -0.9819 0.0006
vn 0.1882 -0.9821 0.0006
vn 0.1656 -0.9862 -0.0001
vn 0.1433 -0.9897 0.0001
vn 0.1270 -0.9919 0.0007
vn 0.1288 -0.9917 0.0008
vn 0.1236 -0.9923 0.0005
vn 0.1216 -0.9926 0.0003
vn 0.1000 -0.9950 -0.0003
vn 0.0786 -0.9969 -0.0000
vn 0.0625 -0.9980 0.0007
vn 0.0645 -0.9979 0.0008
vn 0.0591 -0.9983 0.0005
vn 0.0570 -0.9984 0.0003
vn 0.0348 -0.9994 -0.0002
vn 0.0119 -0.9999 0.0003
vn -0.0032 -1.0000 0.0008
vn -0.0000 -1.0000 0.0010
vn -0.0084 -1.0000 0.0005
vn -0.0119 -0.9999 0.0003
vn -0.0348 -0.9994 -0.0002
vn -0.0570 -0.9984 0.0003
vn -0.0592 -0.9982 0.0004
vn -0.0620 -0.9981 0.0007
vn -0.0746 -0.9972 0.0002
vn -0.1000 -0.9950 -0.0003
vn -0.1216 -0.9926 0.0003
vn -0.1236 -0.9923 0.0005
vn -0.1269 -0.9919 0.0007
vn -0.1288 -0.9917 0.0008
vn -0.1433 -0.9897 0.0001
vn -0.1656 -0.9862 -0.0001
vn -0.1882 -0.9821 0.0006
vn -0.1895 -0.9819 0.0006
vn -0.1913 -0.9815 0.0008
vn -0.1925 -0.9813 0.0008
vn -0.2090 -0.9779 0.0001
vn -0.2288 -0.9735 -0.0001
vn -0.2480 -0.9688 0.0003
vn -0.2502 -0.9682 0.0005
vn -0.2531 -0.9675 0.0006
vn -0.2630 -0.9648 0.0004
vn -0.2661 -0.9639 0.0002
vn -0.2833 -0.9590 -0.0001
vn -0.3003 -0.9539 0.0001
vn -0.3173 -0.9483 0.0007
vn -0.3329 -0.9429 0.0001
vn -0.3476 -0.9376 -0.0001
vn -0.3617 -0.9323 0.0001
vn -0.3749 -0.9271 0.0005
vn -0.3758 -0.9267 0.0005
vn -0.3775 -0.9260 0.0005
vn -0.3904 -0.9207 0.0002
vn -0.3891 -0.9212 0.0002
vn -0.3977 -0.9175 -0.0000
vn -0.4082 -0.9129 -0.0000
vn -0.4229 -0.9062 0.0002
vn -0.4107 -0.9118 -0.0000
vn -0.4209 -0.9071 0.0002
vn -0.4303 -0.9027 0.0003
vn -0.4428 -0.8966 0.0004
vn -0.4369 -0.8995 0.0006
vn -0.4432 -0.8964 0.0004
vn -0.4478 -0.8942 0.0003
vn -0.4538 -0.8911 0.0001
vn -0.4554 -0.8903 0.0001
vn 0.4988 -0.8667 -0.0000
vn 0.5334 -0.8458 -0.0001
vn 0.5543 -0.8323 -0.0000
vn 0.5550 -0.8319 0.0005
vn 0.5562 -0.8311 -0.0000
vn 0.5568 -0.8306 0.0004
vn 0.5816 -0.8135 -0.0000
vn 0.5798 -0.8148 -0.0001
vn 0.5843 -0.8115 -0.0000
vn 0.6135 -0.7897 -0.0001
vn 0.6150 -0.7886 -0.0000
vn 0.6122 -0.7907 -0.0000
vn 0.5861 -0.8102 -0.0000
vn 0.5798 -0.8148 0.0001
vn 0.6167 -0.7872 -0.0003
vn 0.6578 -0.7532 -0.0000
vn 0.6602 -0.7511 0.0001
vn 0.6636 -0.7481 -0.0000
vn 0.6602 -0.7511 -0.0001
vn 0.6659 -0.7460 0.0003
vn 0.7074 -0.7068 -0.0001
vn 0.7055 -0.7087 -0.0000
vn 0.7105 -0.7037 -0.0000
vn 0.7125 -0.7017 0.0003
vn 0.7518 -0.6594 -0.0001
vn 0.7501 -0.6613 -0.0000
vn 0.7544 -0.6565 -0.0000
vn 0.7560 -0.6545 0.0002
vn 0.7930 -0.6092 -0.0001
vn 0.7916 -0.6110 -0.0000
vn 0.7951 -0.6065 -0.0000
vn 0.7965 -0.6047 0.0002
vn 0.8308 -0.5565 -0.0001
vn 0.8297 -0.5582 -0.0000
vn 0.8325 -0.5540 -0.0000
vn 0.8336 -0.5524 0.0002
vn 0.8637 -0.5041 0.0001
vn 0.8631 -0.5051 -0.0000
vn 0.8637 -0.5041 -0.0003
vn 0.8662 -0.4997 0.0007
vn 0.6659 -0.7460 -0.0003
vn 0.7074 -0.7068 0.0001
vn 0.7125 -0.7017 -0.0003
vn 0.7518 -0.6594 0.0001
vn 0.7560 -0.6545 -0.0002
vn 0.7930 -0.6092 0.0001
vn 0.7965 -0.6047 -0.0002
vn 0.8309 -0.5565 0.0001
vn 0.8336 -0.5523 -0.0002
vn 0.8637 -0.5039 -0.0001
vn 0.8637 -0.5041 0.0003
vn 0.8643 -0.5030 -0.0000
vn 0.8906 -0.4548 -0.0000
vn 0.8889 -0.4581 -0.0005
vn 0.8935 -0.4491 0.0005
vn 0.8952 -0.4457 -0.0000
vn 0.9136 -0.4066 -0.0007
vn 0.9223 -0.3866 -0.0000
vn 0.9223 -0.3866 0.0010
vn 0.9354 -0.3536 -0.0008
vn 0.9454 -0.3258 -0.0000
vn 0.9454 -0.3258 0.0010
vn 0.9541 -0.2996 -0.0008
vn 0.9646 -0.2636 -0.0000
vn 0.9646 -0.2636 0.0009
vn 0.9696 -0.2446 -0.0006
vn 0.9797 -0.2004 -0.0000
vn 0.9804 -0.1972 0.0004
vn 0.9814 -0.1919 -0.0000
vn 0.9820 -0.1888 -0.0004
vn 0.9909 -0.1343 -0.0002
vn 0.9905 -0.1374 0.0003
vn 0.9907 -0.1364 0.0003
vn 0.9912 -0.1323 -0.0000
vn 0.8662 -0.4997 -0.0007
vn 0.8673 -0.4977 -0.0009
vn 0.8889 -0.4581 0.0008
vn 0.8975 -0.4411 -0.0011
vn 0.9136 -0.4066 0.0010
vn 0.9239 -0.3827 -0.0013
vn 0.9354 -0.3536 0.0010
vn 0.9465 -0.3227 -0.0012
vn 0.9541 -0.2996 0.0009
vn 0.9652 -0.2614 -0.0011
vn 0.9696 -0.2446 0.0007
vn 0.9805 -0.1963 -0.0005
vn 0.9800 -0.1990 -0.0009
vn 0.9815 -0.1915 0.0001
vn 0.9820 -0.1888 0.0004
vn 0.9909 -0.1349 -0.0004
vn 0.9907 -0.1358 -0.0005
vn 0.9911 -0.1333 -0.0001
vn 0.9912 -0.1323 -0.0005
vn 0.9804 -0.1972 -0.0004
vn 0.9696 -0.2446 0.0006
vn 0.9646 -0.2636 -0.0009
vn 0.9541 -0.2996 0.0008
vn 0.9454 -0.3258 -0.0010
vn 0.9354 -0.3536 0.0008
vn 0.9223 -0.3866 -0.0010
vn 0.9136 -0.4066 0.0007
vn 0.8935 -0.4491 -0.0005
vn 0.8889 -0.4581 0.0005
vn 0.8673 -0.4977 0.0009
vn 0.8889 -0.4581 -0.0008
vn 0.8975 -0.4411 0.0011
vn 0.9136 -0.4066 -0.0010
vn 0.9239 -0.3827 0.0013
vn 0.9354 -0.3536 -0.0010
vn 0.9465 -0.3227 0.0012
vn 0.9541 -0.2996 -0.0009
vn 0.9652 -0.2614 0.0011
vn 0.9696 -0.2446 -0.0007
vn 0.9800 -0.1990 0.0009
vn 0.9805 -0.1963 0.0005
vn 0.9815 -0.1915 -0.0001
vn 0.9907 -0.1358 0.0005
vn 0.9909 -0.1349 0.0004
vn 0.9911 -0.1333 0.0001
vn 0.6167 -0.7872 -0.0000
vn 0.6139 -0.7894 -0.0000
vn 0.6165 -0.7873 0.0001
vn 0.5568 -0.8306 -0.0004
vn 0.5550 -0.8319 -0.0005
vn 0.5334 -0.8458 0.0001
vn 0.4982 -0.8671 -0.0002
vn 0.4955 -0.8686 -0.0000
vn 0.4938 -0.8696 0.0002
vn -0.4938 -0.8696 -0.0000
vn -0.4939 -0.8695 -0.0000
vn 0.4666 -0.8845 -0.0000
vn 0.4555 -0.8903 -0.0001
vn 0.4538 -0.8911 -0.0001
vn 0.4478 -0.8942 -0.0003
vn 0.4432 -0.8964 -0.0004
vn 0.4369 -0.8995 -0.0006
vn 0.4083 -0.9129 -0.0000
vn 0.3976 -0.9176 -0.0000
vn 0.3891 -0.9212 -0.0002
vn 0.3476 -0.9376 0.0001
vn 0.3329 -0.9429 -0.0001
vn 0.2661 -0.9639 -0.0002
vn 0.2090 -0.9779 -0.0001
vn 0.1433 -0.9897 -0.0001
vn 0.0119 -0.9999 -0.0003
vn -0.0570 -0.9984 -0.0003
vn -0.1216 -0.9926 -0.0003
vn -0.1882 -0.9821 -0.0006
vn -0.2480 -0.9688 -0.0003
vn -0.3003 -0.9539 -0.0001
vn -0.3617 -0.9323 -0.0001
vn -0.3749 -0.9271 -0.0005
vn -0.4083 -0.9129 -0.0000
vn -0.4183 -0.9083 -0.0001
vn -0.4187 -0.9081 -0.0001
vn -0.4275 -0.9040 -0.0003
vn -0.4295 -0.9031 -0.0004
vn -0.4538 -0.8911 -0.0001
vn -0.4555 -0.8903 -0.0001
vn -0.4614 -0.8872 -0.0000
vn -0.4665 -0.8845 -0.0000
vn -0.0000 -1.0000 -0.0000
vn 0.9997 0.0001 0.0252
vn 1.0000 -0.0012 -0.0000
vn 0.9997 0.0001 -0.0252
vn 0.9972 0.0001 -0.0745
vn 0.9953 -0.0010 -0.0965
vn 0.9924 0.0003 -0.1229
vn 0.9853 0.0002 -0.1707
vn 0.9814 -0.0009 -0.1921
vn 0.9759 0.0003 -0.2181
vn 0.9641 0.0001 -0.2655
vn 0.9582 -0.0011 -0.2860
vn 0.9498 0.0002 -0.3130
vn 0.9326 -0.0001 -0.3608
vn 0.9262 -0.0012 -0.3771
vn 0.9127 0.0003 -0.4087
vn 0.8909 -0.0003 -0.4543
vn 0.8894 -0.0005 -0.4572
vn 0.8869 -0.0009 -0.4619
vn 0.8854 -0.0011 -0.4647
vn 0.8673 0.0005 -0.4978
vn 0.8423 -0.0002 -0.5390
vn 0.8407 -0.0004 -0.5416
vn 0.8381 -0.0007 -0.5456
vn 0.8365 -0.0009 -0.5480
vn 0.8155 0.0005 -0.5787
vn 0.7873 -0.0002 -0.6166
vn 0.7851 -0.0005 -0.6193
vn 0.7818 -0.0008 -0.6236
vn 0.7797 -0.0011 -0.6262
vn 0.7569 0.0003 -0.6535
vn 0.7248 -0.0004 -0.6890
vn 0.7222 -0.0006 -0.6917
vn 0.7181 -0.0011 -0.6959
vn 0.7156 -0.0013 -0.6985
vn 0.6900 0.0003 -0.7238
vn 0.6544 -0.0003 -0.7561
vn 0.6518 -0.0006 -0.7584
vn 0.6475 -0.0010 -0.7621
vn 0.6449 -0.0012 -0.7643
vn 0.6175 0.0005 -0.7866
vn 0.5796 -0.0001 -0.8149
vn 0.5764 -0.0004 -0.8172
vn 0.5712 -0.0008 -0.8208
vn 0.5681 -0.0011 -0.8230
vn 0.5399 0.0005 -0.8417
vn 0.4986 -0.0001 -0.8668
vn 0.4860 -0.0012 -0.8740
vn 0.4552 0.0004 -0.8904
vn 0.4095 -0.0005 -0.9123
vn 0.4067 -0.0007 -0.9136
vn 0.4021 -0.0011 -0.9156
vn 0.3994 -0.0014 -0.9168
vn 0.3614 0.0004 -0.9324
vn 0.3135 -0.0007 -0.9496
vn 0.3122 -0.0008 -0.9500
vn 0.3103 -0.0010 -0.9506
vn 0.3090 -0.0011 -0.9511
vn 0.2657 0.0007 -0.9641
vn 0.2184 -0.0006 -0.9759
vn 0.2177 -0.0007 -0.9760
vn 0.2165 -0.0008 -0.9763
vn 0.2158 -0.0009 -0.9764
vn 0.1708 0.0008 -0.9853
vn 0.1231 -0.0007 -0.9924
vn 0.1224 -0.0008 -0.9925
vn 0.1213 -0.0009 -0.9926
vn 0.1205 -0.0010 -0.9927
vn 0.0746 0.0006 -0.9972
vn 0.0252 -0.0011 -0.9997
vn 0.0247 -0.0011 -0.9997
vn 0.0247 -0.0012 -0.9997
vn 0.0242 -0.0012 -0.9997
vn -0.0252 0.0004 -0.9997
vn -0.0730 -0.0011 -0.9973
vn -0.0725 -0.0011 -0.9974
vn -0.0739 -0.0010 -0.9973
vn -0.0746 -0.0009 -0.9972
vn -0.1230 0.0007 -0.9924
vn -0.1690 -0.0008 -0.9856
vn -0.1684 -0.0009 -0.9857
vn -0.1702 -0.0007 -0.9854
vn -0.1709 -0.0007 -0.9853
vn -0.2183 0.0008 -0.9759
vn -0.2635 -0.0009 -0.9647
vn -0.2627 -0.0010 -0.9649
vn -0.2650 -0.0008 -0.9643
vn -0.2659 -0.0007 -0.9640
vn -0.3133 0.0005 -0.9496
vn -0.3565 -0.0011 -0.9343
vn -0.3546 -0.0013 -0.9350
vn -0.3596 -0.0008 -0.9331
vn -0.3615 -0.0007 -0.9324
vn -0.4094 0.0004 -0.9124
vn -0.4465 -0.0010 -0.8948
vn -0.4432 -0.0013 -0.8964
vn -0.4519 -0.0006 -0.8921
vn -0.4553 -0.0003 -0.8903
vn -0.4985 0.0005 -0.8669
vn -0.5276 -0.0011 -0.8495
vn -0.5400 -0.0000 -0.8417
vn -0.5795 0.0005 -0.8150
vn -0.6100 -0.0009 -0.7924
vn -0.6072 -0.0011 -0.7946
vn -0.6147 -0.0004 -0.7887
vn -0.6176 -0.0002 -0.7865
vn -0.6543 0.0004 -0.7562
vn -0.6835 -0.0010 -0.7299
vn -0.6810 -0.0013 -0.7323
vn -0.6876 -0.0007 -0.7261
vn -0.6902 -0.0004 -0.7237
vn -0.7247 0.0003 -0.6891
vn -0.7508 -0.0010 -0.6605
vn -0.7485 -0.0012 -0.6631
vn -0.7547 -0.0005 -0.6561
vn -0.7570 -0.0003 -0.6534
vn -0.7872 0.0005 -0.6167
vn -0.8108 -0.0008 -0.5853
vn -0.8090 -0.0010 -0.5878
vn -0.8138 -0.0004 -0.5812
vn -0.8156 -0.0002 -0.5786
vn -0.8422 0.0005 -0.5391
vn -0.8635 -0.0008 -0.5044
vn -0.8620 -0.0010 -0.5070
vn -0.8659 -0.0005 -0.5003
vn -0.8674 -0.0002 -0.4976
vn -0.8908 0.0004 -0.4544
vn -0.9085 -0.0009 -0.4179
vn -0.9069 -0.0012 -0.4214
vn -0.9111 -0.0005 -0.4122
vn -0.9127 -0.0003 -0.4086
vn -0.9326 0.0002 -0.3609
vn -0.9433 -0.0012 -0.3319
vn -0.9498 -0.0000 -0.3130
vn -0.9641 0.0003 -0.2655
vn -0.9709 -0.0010 -0.2393
vn -0.9759 0.0002 -0.2181
vn -0.9853 0.0003 -0.1707
vn -0.9895 -0.0010 -0.1445
vn -0.9924 0.0001 -0.1229
vn -0.9972 0.0002 -0.0745
vn -0.9988 -0.0011 -0.0483
vn -0.9997 -0.0000 -0.0252
vn -0.9997 -0.0000 0.0252
vn -0.9988 -0.0011 0.0483
vn -0.9972 0.0002 0.0745
vn -0.9924 0.0001 0.1229
vn -0.9895 -0.0010 0.1445
vn -0.9853 0.0003 0.1707
vn -0.9759 0.0002 0.2181
vn -0.9709 -0.0010 0.2393
vn -0.9641 0.0003 0.2655
vn -0.9498 -0.0000 0.3130
vn -0.9433 -0.0012 0.3319
vn -0.9326 0.0002 0.3609
vn -0.9127 -0.0003 0.4086
vn -0.9111 -0.0005 0.4122
vn -0.9085 -0.0009 0.4179
vn -0.9069 -0.0012 0.4214
vn -0.8908 0.0004 0.4544
vn -0.8674 -0.0002 0.4976
vn -0.8659 -0.0005 0.5003
vn -0.8635 -0.0008 0.5044
vn -0.8620 -0.0010 0.5070
vn -0.8422 0.0005 0.5391
vn -0.8156 -0.0002 0.5786
vn -0.8138 -0.0004 0.5812
vn -0.8108 -0.0008 0.5853
vn -0.8090 -0.0010 0.5878
vn -0.7872 0.0005 0.6167
vn -0.7570 -0.0003 0.6534
vn -0.7547 -0.0005 0.6561
vn -0.7509 -0.0010 0.6604
vn -0.7485 -0.0012 0.6631
vn -0.7247 0.0003 0.6891
vn -0.6902 -0.0004 0.7237
vn -0.6876 -0.0007 0.7261
vn -0.6835 -0.0010 0.7299
vn -0.6810 -0.0013 0.7323
vn -0.6543 0.0004 0.7562
vn -0.6176 -0.0002 0.7865
vn -0.6147 -0.0004 0.7887
vn -0.6100 -0.0009 0.7924
vn -0.6072 -0.0011 0.7946
vn -0.5795 0.0005 0.8150
vn -0.5400 -0.0000 0.8416
vn -0.5276 -0.0011 0.8495
vn -0.4985 0.0005 0.8669
vn -0.4552 -0.0003 0.8904
vn -0.4519 -0.0006 0.8921
vn -0.4464 -0.0010 0.8948
vn -0.4432 -0.0013 0.8964
vn -0.4094 0.0004 0.9124
vn -0.3616 -0.0007 0.9323
vn -0.3596 -0.0008 0.9331
vn -0.3565 -0.0011 0.9343
vn -0.3546 -0.0013 0.9350
vn -0.3133 0.0005 0.9496
vn -0.2659 -0.0007 0.9640
vn -0.2650 -0.0008 0.9643
vn -0.2635 -0.0009 0.9647
vn -0.2627 -0.0010 0.9649
vn -0.2183 0.0008 0.9759
vn -0.1709 -0.0007 0.9853
vn -0.1702 -0.0007 0.9854
vn -0.1691 -0.0008 0.9856
vn -0.1684 -0.0009 0.9857
vn -0.1230 0.0007 0.9924
vn -0.0746 -0.0009 0.9972
vn -0.0739 -0.0010 0.9973
vn -0.0730 -0.0011 0.9973
vn -0.0725 -0.0011 0.9974
vn -0.0252 0.0004 0.9997
vn 0.0247 -0.0012 0.9997
vn 0.0242 -0.0012 0.9997
vn 0.0247 -0.0011 0.9997
vn 0.0252 -0.0011 0.9997
vn 0.0746 0.0006 0.9972
vn 0.1213 -0.0009 0.9926
vn 0.1205 -0.0010 0.9927
vn 0.1224 -0.0008 0.9925
vn 0.1231 -0.0007 0.9924
vn 0.1708 0.0008 0.9853
vn 0.2165 -0.0008 0.9763
vn 0.2158 -0.0009 0.9764
vn 0.2177 -0.0007 0.9760
vn 0.2184 -0.0006 0.9759
vn 0.2657 0.0007 0.9641
vn 0.3103 -0.0010 0.9506
vn 0.3090 -0.0011 0.9511
vn 0.3122 -0.0008 0.9500
vn 0.3135 -0.0007 0.9496
vn 0.3614 0.0004 0.9324
vn 0.4021 -0.0011 0.9156
vn 0.3994 -0.0014 0.9168
vn 0.4067 -0.0007 0.9136
vn 0.4095 -0.0005 0.9123
vn 0.4551 0.0004 0.8904
vn 0.4860 -0.0012 0.8740
vn 0.4986 -0.0001 0.8668
vn 0.5399 0.0005 0.8417
vn 0.5712 -0.0008 0.8208
vn 0.5681 -0.0011 0.8230
vn 0.5764 -0.0004 0.8172
vn 0.5796 -0.0001 0.8149
vn 0.6175 0.0005 0.7866
vn 0.6475 -0.0010 0.7621
vn 0.6449 -0.0012 0.7643
vn 0.6518 -0.0006 0.7584
vn 0.6544 -0.0003 0.7561
vn 0.6900 0.0003 0.7238
vn 0.7181 -0.0010 0.6959
vn 0.7156 -0.0013 0.6985
vn 0.7222 -0.0006 0.6917
vn 0.7248 -0.0004 0.6890
vn 0.7569 0.0003 0.6535
vn 0.7818 -0.0008 0.6236
vn 0.7797 -0.0011 0.6262
vn 0.7851 -0.0005 0.6193
vn 0.7873 -0.0002 0.6166
vn 0.8155 0.0005 0.5787
vn 0.8381 -0.0007 0.5456
vn 0.8365 -0.0009 0.5480
vn 0.8407 -0.0004 0.5416
vn 0.8423 -0.0002 0.5390
vn 0.8673 0.0005 0.4978
vn 0.8869 -0.0009 0.4619
vn 0.8854 -0.0011 0.4647
vn 0.8894 -0.0005 0.4572
vn 0.8909 -0.0003 0.4543
vn 0.9127 0.0003 0.4087
vn 0.9262 -0.0012 0.3771
vn 0.9326 -0.0001 0.3608
vn 0.9498 0.0002 0.3130
vn 0.9582 -0.0011 0.2860
vn 0.9641 0.0001 0.2655
vn 0.9759 0.0003 0.2181
vn 0.9814 -0.0009 0.1921
vn 0.9853 0.0002 0.1707
vn 0.9924 0.0003 0.1229
vn 0.9953 -0.0010 0.0965
vn 0.9972 0.0001 0.0745
vn -0.9988 -0.0011 0.0498
vn -1.0000 0.0013 -0.0000
vn -0.9988 -0.0011 -0.0498
vn -0.9943 0.0011 -0.1063
vn -0.9892 -0.0012 -0.1464
vn -0.9774 0.0009 -0.2114
vn -0.9705 -0.0011 -0.2412
vn -0.9494 0.0009 -0.3141
vn -0.9417 -0.0008 -0.3364
vn -0.9106 0.0009 -0.4132
vn -0.9023 -0.0007 -0.4311
vn -0.8599 0.0002 -0.5105
vn -0.8616 0.0005 -0.5077
vn -0.8570 -0.0003 -0.5153
vn -0.8553 -0.0006 -0.5182
vn -0.8026 0.0001 -0.5966
vn -0.8027 0.0001 -0.5964
vn -0.8021 -0.0000 -0.5972
vn -0.8018 -0.0000 -0.5975
vn -0.7410 -0.0002 -0.6715
vn -0.7393 -0.0000 -0.6734
vn -0.7365 0.0004 -0.6764
vn -0.7348 0.0006 -0.6783
vn -0.6717 -0.0006 -0.7408
vn -0.6585 0.0009 -0.7526
vn -0.5978 -0.0011 -0.8017
vn -0.5748 0.0010 -0.8183
vn -0.5183 -0.0014 -0.8552
vn -0.4846 0.0013 -0.8748
vn -0.4312 -0.0014 -0.9023
vn -0.3888 0.0015 -0.9213
vn -0.3363 -0.0014 -0.9417
vn -0.2887 0.0014 -0.9574
vn -0.2411 -0.0016 -0.9705
vn -0.1853 0.0012 -0.9827
vn -0.1463 -0.0015 -0.9892
vn -0.0798 0.0013 -0.9968
vn -0.0498 -0.0011 -0.9988
vn 0.0266 0.0012 -0.9996
vn 0.0498 -0.0009 -0.9988
vn 0.1364 0.0003 -0.9907
vn 0.1327 0.0007 -0.9912
vn 0.1427 -0.0004 -0.9898
vn 0.1464 -0.0007 -0.9892
vn 0.2383 0.0001 -0.9712
vn 0.2373 0.0002 -0.9714
vn 0.2401 -0.0001 -0.9707
vn 0.2412 -0.0003 -0.9705
vn 0.3365 -0.0001 -0.9417
vn 0.3373 -0.0000 -0.9414
vn 0.3384 0.0002 -0.9410
vn 0.3392 0.0003 -0.9407
vn 0.4313 -0.0002 -0.9022
vn 0.4330 -0.0001 -0.9014
vn 0.4357 0.0002 -0.9001
vn 0.4373 0.0004 -0.8993
vn 0.5184 -0.0007 -0.8551
vn 0.5304 0.0006 -0.8477
vn 0.5978 -0.0010 -0.8017
vn 0.6175 0.0010 -0.7866
vn 0.6717 -0.0011 -0.7408
vn 0.6976 0.0013 -0.7164
vn 0.7409 -0.0012 -0.6716
vn 0.7698 0.0013 -0.6382
vn 0.8017 -0.0014 -0.5977
vn 0.8333 0.0011 -0.5528
vn 0.8552 -0.0013 -0.5183
vn 0.8874 0.0011 -0.4611
vn 0.9023 -0.0011 -0.4312
vn 0.9313 0.0011 -0.3642
vn 0.9417 -0.0010 -0.3364
vn 0.9648 0.0008 -0.2631
vn 0.9705 -0.0009 -0.2412
vn 0.9878 0.0002 -0.1556
vn 0.9873 0.0005 -0.1591
vn 0.9887 -0.0003 -0.1499
vn 0.9892 -0.0006 -0.1464
vn 0.9986 0.0002 -0.0522
vn 0.9986 0.0003 -0.0532
vn 0.9987 0.0001 -0.0507
vn 0.9988 -0.0000 -0.0498
vn 0.9988 -0.0000 0.0498
vn 0.9987 0.0001 0.0507
vn 0.9986 0.0002 0.0522
vn 0.9986 0.0003 0.0532
vn 0.9892 -0.0006 0.1464
vn 0.9887 -0.0003 0.1499
vn 0.9878 0.0002 0.1556
vn 0.9873 0.0005 0.1591
vn 0.9705 -0.0009 0.2412
vn 0.9648 0.0008 0.2631
vn 0.9417 -0.0010 0.3364
vn 0.9313 0.0011 0.3642
vn 0.9023 -0.0011 0.4312
vn 0.8874 0.0011 0.4611
vn 0.8552 -0.0013 0.5183
vn 0.8333 0.0011 0.5528
vn 0.8017 -0.0014 0.5977
vn 0.7698 0.0013 0.6382
vn 0.7409 -0.0012 0.6716
vn 0.6976 0.0013 0.7164
vn 0.6717 -0.0011 0.7408
vn 0.6175 0.0010 0.7866
vn 0.5978 -0.0010 0.8016
vn 0.5304 0.0006 0.8477
vn 0.5184 -0.0007 0.8551
vn 0.4357 0.0002 0.9001
vn 0.4373 0.0004 0.8993
vn 0.4330 -0.0001 0.9014
vn 0.4313 -0.0002 0.9022
vn 0.3384 0.0002 0.9410
vn 0.3392 0.0003 0.9407
vn 0.3373 -0.0000 0.9414
vn 0.3365 -0.0001 0.9417
vn 0.2412 -0.0003 0.9705
vn 0.2401 -0.0001 0.9707
vn 0.2384 -0.0000 0.9712
vn 0.2373 0.0002 0.9714
vn 0.1464 -0.0007 0.9892
vn 0.1427 -0.0004 0.9898
vn 0.1364 0.0003 0.9907
vn 0.1327 0.0007 0.9912
vn 0.0498 -0.0009 0.9988
vn 0.0266 0.0012 0.9996
vn -0.0498 -0.0011 0.9988
vn -0.0798 0.0013 0.9968
vn -0.1463 -0.0015 0.9892
vn -0.1853 0.0012 0.9827
vn -0.2411 -0.0016 0.9705
vn -0.2887 0.0014 0.9574
vn -0.3363 -0.0014 0.9417
vn -0.3888 0.0015 0.9213
vn -0.4312 -0.0014 0.9023
vn -0.4846 0.0013 0.8748
vn -0.5183 -0.0014 0.8552
vn -0.5748 0.0010 0.8183
vn -0.5978 -0.0011 0.8017
vn -0.6585 0.0009 0.7526
vn -0.6717 -0.0006 0.7408
vn -0.7365 0.0004 0.6764
vn -0.7348 0.0006 0.6783
vn -0.7393 -0.0000 0.6734
vn -0.7410 -0.0002 0.6715
vn -0.8018 -0.0000 0.5975
vn -0.8021 -0.0000 0.5972
vn -0.8026 0.0001 0.5966
vn -0.8027 0.0001 0.5964
vn -0.8553 -0.0006 0.5182
vn -0.8570 -0.0003 0.5153
vn -0.8599 0.0002 0.5105
vn -0.8616 0.0005 0.5077
vn -0.9023 -0.0007 0.4311
vn -0.9106 0.0009 0.4132
vn -0.9417 -0.0008 0.3364
vn -0.9494 0.0009 0.3141
vn -0.9705 -0.0011 0.2412
vn -0.9774 0.0009 0.2114
vn -0.9892 -0.0012 0.1464
vn -0.9943 0.0011 0.1063
vn -1.0000 -0.0000 -0.0000
vn -0.9994 0.0341 -0.0000
vn -0.9948 0.1021 -0.0000
vn -0.9855 0.1696 -0.0000
vn -0.9717 0.2363 -0.0000
vn -0.9533 0.3020 -0.0000
vn -0.9305 0.3662 -0.0000
vn -0.9034 0.4288 -0.0000
vn -0.8721 0.4894 -0.0000
vn -0.8367 0.5477 -0.0000
vn -0.7974 0.6035 -0.0000
vn -0.7544 0.6564 -0.0000
vn -0.7078 0.7064 -0.0000
vn -0.6580 0.7531 -0.0000
vn -0.6050 0.7962 -0.0000
vn -0.5492 0.8357 -0.0000
vn -0.4909 0.8712 -0.0000
vn -0.4302 0.9027 -0.0000
vn -0.3675 0.9300 -0.0000
vn -0.3031 0.9530 -0.0000
vn -0.2372 0.9715 -0.0000
vn -0.1702 0.9854 -0.0000
vn -0.1025 0.9947 -0.0000
vn -0.0342 0.9994 -0.0000
vn 0.0342 0.9994 -0.0000
vn 0.1025 0.9947 -0.0000
vn 0.1702 0.9854 -0.0000
vn 0.2372 0.9715 -0.0000
vn 0.3031 0.9530 -0.0000
vn 0.3675 0.9300 -0.0000
vn 0.4302 0.9027 -0.0000
vn 0.4909 0.8712 -0.0000
vn 0.5492 0.8357 -0.0000
vn 0.6050 0.7962 -0.0000
vn 0.6580 0.7531 -0.0000
vn 0.7078 0.7064 -0.0000
vn 0.7544 0.6564 -0.0000
vn 0.7974 0.6035 -0.0000
vn 0.8367 0.5477 -0.0000
vn 0.8721 0.4894 -0.0000
vn 0.9034 0.4288 -0.0000
vn 0.9305 0.3662 -0.0000
vn 0.9533 0.3019 -0.0000
vn 0.9533 0.3020 -0.0000
vn 0.9717 0.2363 -0.0000
vn 0.9855 0.1696 -0.0000
vn 0.9948 0.1021 -0.0000
vn 0.9994 0.0341 -0.0000
vn -0.9533 0.3019 -0.0000
s 1
f 1//1 2//1 3//1
f 3//1 2//1 4//1
f 3//1 4//1 5//1
f 5//2 4//3 6//2
f 5//2 6//2 7//3
f 7//4 6//5 8//4
f 7//4 8//4 9//6
f 9//7 8//8 10//9
f 9//7 10//9 11//7
f 11//10 10//10 12//10
f 11//10 12//10 13//10
f 13//11 12//11 14//12
f 13//11 14//12 15//13
f 15//13 14//12 16//14
f 15//13 16//14 17//11
f 17//11 16//14 18//15
f 17//10 18//10 19//10
f 19//10 18//10 20//10
f 19//7 20//7 21//7
f 21//7 20//7 22//7
f 21//5 22//5 23//5
f 23//5 22//5 24//5
f 23//2 24//2 25//3
f 25//3 24//2 26//3
f 25//1 26//1 27//1
f 27//1 26//1 28//16
f 27//1 28//16 29//1
f 29//2 28//3 30//2
f 29//2 30//2 31//2
f 31//5 30//5 32//5
f 31//5 32//5 33//5
f 33//7 32//7 34//7
f 33//7 34//7 35//7
f 35//10 34//10 36//10
f 35//10 36//10 37//10
f 37//17 36//17 16//14
f 37//17 16//14 38//14
f 2//3 1//18 39//2
f 39//2 1//18 40//3
f 39//5 40//6 41//5
f 41//5 40//6 42//6
f 41//9 42//9 43//9
f 43//9 42//9 44//19
f 43//10 44//10 45//10
f 45//10 44//10 46//10
f 45//15 46//12 14//12
f 37//10 38//10 47//10
f 47//10 38//10 48//20
f 47//7 48//7 49//7
f 49//7 48//7 50//7
f 49//5 50//4 51//5
f 51//5 50//4 52//21
f 51//22 52//22 53//22
f 53//22 52//22 54//22
f 53//23 54//1 27//1
f 27//1 3//1 25//1
f 25//1 3//1 55//1
f 25//3 55//3 23//2
f 23//2 55//3 56//18
f 23//5 56//5 21//5
f 21//5 56//5 57//5
f 21//7 57//7 19//7
f 19//7 57//7 58//7
f 19//10 58//10 17//10
f 17//10 58//10 15//10
f 4//3 2//3 59//18
f 59//18 2//3 39//2
f 59//5 39//5 60//5
f 60//5 39//5 41//5
f 60//7 41//9 61//7
f 61//7 41//9 43//9
f 61//10 43//10 62//10
f 62//10 43//10 45//10
f 62//12 45//15 14//12
f 5//1 63//1 3//1
f 3//1 63//1 64//1
f 3//1 64//1 65//16
f 65//3 64//18 66//18
f 65//3 66//18 67//2
f 67//5 66//5 68//5
f 67//5 68//5 57//5
f 57//7 68//7 58//7
f 5//2 7//3 63//18
f 63//18 7//3 69//2
f 63//18 69//2 64//18
f 64//18 69//2 66//18
f 55//1 3//1 70//1
f 70//1 3//1 65//16
f 70//2 65//3 67//2
f 56//18 55//3 70//2
f 56//18 70//2 67//2
f 28//3 26//3 71//3
f 71//3 26//3 24//2
f 71//5 24//5 72//5
f 72//5 24//5 22//5
f 72//9 22//7 73//9
f 73//9 22//7 20//7
f 73//10 20//10 74//10
f 74//10 20//10 18//10
f 74//15 18//15 16//14
f 29//1 75//1 27//1
f 27//1 75//1 76//24
f 27//1 76//24 77//1
f 77//22 76//22 78//22
f 77//22 78//22 51//22
f 51//5 78//5 49//5
f 29//2 31//2 75//3
f 75//3 31//2 79//22
f 75//3 79//22 76//22
f 76//22 79//22 78//22
f 53//23 27//1 77//1
f 51//22 53//22 77//22
f 4//3 59//18 6//2
f 6//5 59//5 80//5
f 6//5 80//5 8//4
f 8//8 80//7 81//8
f 8//8 81//8 10//9
f 10//10 81//10 82//10
f 10//10 82//10 12//10
f 12//11 82//13 14//12
f 80//5 59//5 60//5
f 7//4 9//6 69//6
f 69//6 9//6 83//5
f 69//6 83//5 66//5
f 66//5 83//5 68//5
f 57//5 56//5 67//5
f 28//3 71//3 30//2
f 30//5 71//5 84//5
f 30//5 84//5 32//5
f 32//7 84//7 85//9
f 32//7 85//9 34//7
f 34//10 85//10 86//10
f 34//10 86//10 36//10
f 36//17 86//15 16//14
f 84//5 71//5 72//5
f 31//5 33//5 79//5
f 79//5 33//5 87//5
f 79//5 87//5 78//5
f 78//5 87//5 49//5
f 80//7 60//7 88//7
f 88//7 60//7 61//7
f 88//10 61//10 89//10
f 89//10 61//10 62//10
f 89//12 62//12 14//12
f 9//7 11//7 83//7
f 83//7 11//7 90//7
f 83//7 90//7 68//7
f 68//7 90//7 58//7
f 84//7 72//9 91//7
f 91//7 72//9 73//9
f 91//10 73//10 92//10
f 92//10 73//10 74//10
f 92//15 74//15 16//14
f 47//7 49//7 87//7
f 47//7 87//7 35//7
f 35//7 87//7 33//7
f 80//7 88//7 81//8
f 81//10 88//10 93//10
f 81//10 93//10 82//10
f 82//13 93//11 14//12
f 93//10 88//10 89//10
f 15//10 58//10 90//10
f 15//10 90//10 13//10
f 13//10 90//10 11//10
f 84//7 91//7 85//9
f 85//10 91//10 94//10
f 85//10 94//10 86//10
f 86//15 94//17 16//14
f 94//10 91//10 92//10
f 37//10 47//10 35//10
f 14//12 93//11 89//12
f 16//14 94//17 92//15
f 14//25 95//25 16//25
f 16//25 95//25 96//25
f 16//25 96//25 97//25
f 98//25 99//25 14//25
f 14//25 99//25 100//25
f 14//25 100//25 101//25
f 101//25 102//25 14//25
f 14//25 102//25 103//25
f 14//25 103//25 95//25
f 97//25 104//25 16//25
f 16//25 104//25 105//25
f 16//25 105//25 106//25
f 106//25 107//25 16//25
f 16//25 107//25 108//25
f 16//25 108//25 109//25
f 109//25 110//25 16//25
f 16//25 110//25 111//25
f 16//25 111//25 112//25
f 112//25 113//25 16//25
f 16//25 113//25 114//25
f 16//25 114//25 115//25
f 115//25 116//25 16//25
f 16//25 116//25 117//25
f 16//25 117//25 118//25
f 16//25 118//25 119//25
f 119//25 118//25 120//25
f 119//25 120//25 121//25
f 121//25 122//25 119//25
f 119//25 122//25 123//25
f 119//25 123//25 124//25
f 124//25 125//25 119//25
f 119//25 125//25 126//25
f 119//25 126//25 127//25
f 127//25 128//25 119//25
f 119//25 128//25 129//25
f 119//25 129//25 130//25
f 130//25 131//25 119//25
f 119//25 131//25 132//25
f 119//25 132//25 133//25
f 133//25 134//25 119//25
f 119//25 134//25 135//25
f 119//25 135//25 136//25
f 119//25 136//25 137//25
f 137//25 136//25 138//25
f 137//25 138//25 139//25
f 139//25 140//25 137//25
f 137//25 140//25 141//25
f 137//25 141//25 142//25
f 142//25 143//25 137//25
f 46//26 3//26 14//26
f 14//26 3//26 144//26
f 14//26 144//26 145//26
f 145//26 144//26 146//26
f 146//26 144//26 147//26
f 147//26 144//26 148//26
f 148//26 144//26 149//27
f 149//27 144//26 150//26
f 46//26 44//26 3//26
f 3//26 44//26 42//26
f 3//26 42//26 40//26
f 40//26 1//26 3//26
f 145//26 151//26 14//26
f 14//26 151//26 98//26
f 146//28 152//28 145//28
f 145//28 152//28 153//29
f 145//28 153//29 154//30
f 154//31 153//31 155//31
f 154//31 155//31 156//31
f 156//32 155//32 157//32
f 156//32 157//32 158//32
f 158//33 157//33 159//33
f 158//33 159//33 160//34
f 160//35 159//35 161//35
f 160//35 161//35 162//35
f 162//36 161//37 144//37
f 162//36 144//37 163//37
f 163//37 144//37 164//37
f 163//37 164//37 165//37
f 165//37 164//37 166//36
f 165//35 166//35 167//35
f 167//35 166//35 168//35
f 167//34 168//33 169//33
f 169//33 168//33 170//33
f 169//32 170//32 171//32
f 171//32 170//32 172//32
f 171//31 172//31 173//31
f 173//31 172//31 174//31
f 173//38 174//38 175//28
f 175//28 174//38 176//29
f 175//28 176//29 177//29
f 177//31 176//31 178//31
f 177//31 178//31 179//31
f 179//32 178//32 180//39
f 179//32 180//39 181//32
f 181//33 180//33 182//33
f 181//33 182//33 183//33
f 183//35 182//35 184//35
f 183//35 184//35 185//35
f 185//36 184//37 164//37
f 185//36 164//37 186//37
f 152//31 146//31 187//31
f 187//31 146//31 147//40
f 187//39 147//32 188//39
f 188//39 147//32 148//32
f 188//33 148//41 189//33
f 189//33 148//41 149//41
f 189//35 149//35 190//35
f 190//35 149//35 150//35
f 190//37 150//37 144//37
f 185//35 186//35 191//35
f 191//35 186//35 192//35
f 191//33 192//42 193//33
f 193//33 192//42 194//42
f 193//32 194//32 195//32
f 195//32 194//32 196//32
f 195//31 196//31 197//31
f 197//31 196//31 198//31
f 197//29 198//28 175//28
f 175//28 145//28 173//38
f 173//38 145//28 199//43
f 173//31 199//31 171//31
f 171//31 199//31 200//31
f 171//32 200//32 169//32
f 169//32 200//32 201//32
f 169//33 201//33 167//34
f 167//34 201//33 202//33
f 167//35 202//35 165//35
f 165//35 202//35 163//35
f 153//31 152//31 203//31
f 203//31 152//31 187//31
f 203//32 187//39 204//32
f 204//32 187//39 188//39
f 204//33 188//33 205//33
f 205//33 188//33 189//33
f 205//35 189//35 206//35
f 206//35 189//35 190//35
f 206//37 190//37 144//37
f 154//30 207//29 145//28
f 145//28 207//29 208//29
f 145//28 208//29 209//30
f 209//31 208//31 210//31
f 209//31 210//31 211//31
f 211//32 210//32 212//32
f 211//32 212//32 201//32
f 201//33 212//33 202//33
f 154//31 156//31 207//31
f 207//31 156//31 213//31
f 207//31 213//31 208//31
f 208//31 213//31 210//31
f 199//43 145//28 214//30
f 214//30 145//28 209//30
f 214//31 209//31 211//31
f 200//31 199//31 214//31
f 200//31 214//31 211//31
f 176//31 174//31 215//31
f 215//31 174//31 172//31
f 215//39 172//32 216//39
f 216//39 172//32 170//32
f 216//33 170//33 217//33
f 217//33 170//33 168//33
f 217//35 168//35 218//35
f 218//35 168//35 166//35
f 218//37 166//36 164//37
f 177//29 219//44 175//28
f 175//28 219//44 220//38
f 175//28 220//38 221//29
f 221//31 220//31 222//31
f 221//31 222//31 195//31
f 195//32 222//32 193//32
f 177//31 179//31 219//31
f 219//31 179//31 223//31
f 219//31 223//31 220//31
f 220//31 223//31 222//31
f 197//29 175//28 221//29
f 195//31 197//31 221//31
f 153//31 203//31 155//31
f 155//32 203//32 224//39
f 155//32 224//39 157//32
f 157//33 224//33 225//33
f 157//33 225//33 159//33
f 159//35 225//35 226//35
f 159//35 226//35 161//35
f 161//37 226//37 144//37
f 224//39 203//32 204//32
f 156//32 158//32 213//32
f 213//32 158//32 227//32
f 213//32 227//32 210//32
f 210//32 227//32 212//32
f 201//32 200//32 211//32
f 176//31 215//31 178//31
f 178//32 215//39 228//32
f 178//32 228//32 180//39
f 180//33 228//33 229//33
f 180//33 229//33 182//33
f 182//35 229//35 230//35
f 182//35 230//35 184//35
f 184//37 230//37 164//37
f 228//32 215//39 216//39
f 179//32 181//32 223//32
f 223//32 181//32 231//32
f 223//32 231//32 222//32
f 222//32 231//32 193//32
f 224//33 204//33 232//33
f 232//33 204//33 205//33
f 232//35 205//35 233//35
f 233//35 205//35 206//35
f 233//36 206//37 144//37
f 158//33 160//34 227//33
f 227//33 160//34 234//33
f 227//33 234//33 212//33
f 212//33 234//33 202//33
f 228//33 216//33 235//33
f 235//33 216//33 217//33
f 235//35 217//35 236//35
f 236//35 217//35 218//35
f 236//37 218//37 164//37
f 191//33 193//33 231//33
f 191//33 231//33 183//33
f 183//33 231//33 181//33
f 224//33 232//33 225//33
f 225//35 232//35 237//35
f 225//35 237//35 226//35
f 226//37 237//37 144//37
f 237//35 232//35 233//35
f 163//35 202//35 234//35
f 163//35 234//35 162//35
f 162//35 234//35 160//35
f 228//33 235//33 229//33
f 229//35 235//35 238//35
f 229//35 238//35 230//35
f 230//37 238//37 164//37
f 238//35 235//35 236//35
f 185//35 191//35 183//35
f 144//37 237//37 233//36
f 164//37 238//37 236//37
f 175//45 239//45 145//45
f 145//45 239//45 240//45
f 145//45 240//45 241//45
f 242//45 243//45 175//45
f 175//45 243//45 244//45
f 175//45 244//45 245//45
f 246//45 247//45 242//45
f 242//45 247//45 248//45
f 242//45 248//45 249//45
f 250//45 251//45 246//45
f 246//45 251//45 252//45
f 246//45 252//45 253//45
f 253//45 254//45 246//45
f 246//45 254//45 255//45
f 246//45 255//45 247//45
f 249//45 256//45 242//45
f 242//45 256//45 257//45
f 242//45 257//45 258//45
f 258//45 259//45 242//45
f 242//45 259//45 260//45
f 242//45 260//45 261//45
f 261//45 262//45 242//45
f 242//45 262//45 263//45
f 242//45 263//45 264//45
f 264//45 265//45 242//45
f 242//45 265//45 266//45
f 242//45 266//45 267//45
f 267//45 268//45 242//45
f 242//45 268//45 269//45
f 242//45 269//45 243//45
f 245//45 270//45 175//45
f 175//45 270//45 271//45
f 175//45 271//45 272//45
f 272//45 273//45 175//45
f 175//45 273//45 274//45
f 175//45 274//45 275//45
f 275//45 276//45 175//45
f 175//45 276//45 277//45
f 175//45 277//45 278//45
f 278//45 279//45 175//45
f 175//45 279//45 280//45
f 175//45 280//45 281//45
f 281//45 282//45 175//45
f 175//45 282//45 283//45
f 175//45 283//45 239//45
f 241//45 284//45 145//45
f 145//45 284//45 285//45
f 145//45 285//45 286//45
f 286//45 151//45 145//45
f 287//46 288//47 137//46
f 137//46 288//47 289//46
f 137//46 289//46 290//48
f 290//49 289//49 291//49
f 290//49 291//49 292//49
f 292//50 291//51 293//51
f 292//50 293//51 294//52
f 294//53 293//54 295//55
f 294//53 295//55 296//56
f 296//57 295//57 297//58
f 296//57 297//58 298//58
f 298//59 297//60 299//59
f 298//59 299//59 300//59
f 300//59 299//59 301//59
f 300//59 301//59 302//59
f 302//59 301//59 303//59
f 302//58 303//58 304//61
f 304//61 303//58 305//61
f 304//56 305//62 306//62
f 306//62 305//62 307//62
f 306//51 307//51 308//51
f 308//51 307//51 309//51
f 308//49 309//49 310//49
f 310//49 309//49 311//49
f 310//63 311//47 119//64
f 119//64 311//47 312//63
f 119//64 312//63 313//63
f 313//49 312//49 314//49
f 313//49 314//49 315//49
f 315//51 314//51 316//65
f 315//51 316//65 317//51
f 317//62 316//62 318//62
f 317//62 318//62 319//62
f 319//66 318//66 320//66
f 319//66 320//66 321//66
f 321//67 320//59 301//59
f 321//67 301//59 322//59
f 288//49 287//49 323//49
f 323//49 287//49 324//68
f 323//65 324//51 325//65
f 325//65 324//51 326//51
f 325//62 326//53 327//62
f 327//62 326//53 328//53
f 327//58 328//58 329//61
f 329//61 328//58 330//61
f 329//59 330//59 299//59
f 321//66 322//66 331//66
f 331//66 322//66 332//66
f 331//62 332//54 333//62
f 333//62 332//54 334//54
f 333//51 334//51 335//51
f 335//51 334//51 336//51
f 335//49 336//49 337//49
f 337//49 336//49 338//49
f 337//63 338//64 119//64
f 119//64 137//46 310//63
f 310//63 137//46 339//69
f 310//49 339//49 308//49
f 308//49 339//49 340//49
f 308//51 340//51 306//51
f 306//51 340//51 341//51
f 306//62 341//62 304//56
f 304//56 341//62 342//62
f 304//61 342//61 302//58
f 302//58 342//61 300//61
f 289//49 288//49 343//49
f 343//49 288//49 323//49
f 343//51 323//65 344//51
f 344//51 323//65 325//65
f 344//62 325//62 345//62
f 345//62 325//62 327//62
f 345//57 327//58 346//58
f 346//58 327//58 329//61
f 346//59 329//59 299//59
f 290//48 347//46 137//46
f 137//46 347//46 348//70
f 137//46 348//70 349//69
f 349//49 348//49 350//49
f 349//49 350//49 351//49
f 351//51 350//51 352//51
f 351//51 352//51 341//51
f 341//62 352//62 342//62
f 290//49 292//49 347//49
f 347//49 292//49 353//49
f 347//49 353//49 348//49
f 348//49 353//49 350//49
f 339//69 137//46 354//69
f 354//69 137//46 349//69
f 354//49 349//49 351//49
f 340//49 339//49 354//49
f 340//49 354//49 351//49
f 312//49 311//49 355//49
f 355//49 311//49 309//49
f 355//65 309//51 356//65
f 356//65 309//51 307//51
f 356//62 307//62 357//62
f 357//62 307//62 305//62
f 357//58 305//61 358//58
f 358//58 305//61 303//58
f 358//60 303//59 301//59
f 313//63 359//48 119//64
f 119//64 359//48 360//47
f 119//64 360//47 361//63
f 361//49 360//49 362//49
f 361//49 362//49 335//49
f 335//51 362//51 333//51
f 313//49 315//49 359//49
f 359//49 315//49 363//49
f 359//49 363//49 360//49
f 360//49 363//49 362//49
f 337//63 119//64 361//63
f 335//49 337//49 361//49
f 289//49 343//49 291//49
f 291//51 343//51 364//51
f 291//51 364//51 293//51
f 293//54 364//62 365//54
f 293//54 365//54 295//55
f 295//57 365//61 366//57
f 295//57 366//57 297//58
f 297//60 366//59 299//59
f 364//51 343//51 344//51
f 292//50 294//52 353//71
f 353//71 294//52 367//51
f 353//71 367//51 350//51
f 350//51 367//51 352//51
f 341//51 340//51 351//51
f 312//49 355//49 314//49
f 314//51 355//65 368//51
f 314//51 368//51 316//65
f 316//62 368//62 369//62
f 316//62 369//62 318//62
f 318//66 369//58 370//66
f 318//66 370//66 320//66
f 320//59 370//72 301//59
f 368//51 355//65 356//65
f 315//51 317//51 363//51
f 363//51 317//51 371//51
f 363//51 371//51 362//51
f 362//51 371//51 333//51
f 364//62 344//62 372//62
f 372//62 344//62 345//62
f 372//57 345//57 373//58
f 373//58 345//57 346//58
f 373//59 346//59 299//59
f 294//53 296//56 367//62
f 367//62 296//56 374//62
f 367//62 374//62 352//62
f 352//62 374//62 342//62
f 368//62 356//62 375//62
f 375//62 356//62 357//62
f 375//61 357//58 376//61
f 376//61 357//58 358//58
f 376//59 358//60 301//59
f 331//62 333//62 371//62
f 331//62 371//62 319//62
f 319//62 371//62 317//62
f 364//62 372//62 365//54
f 365//61 372//57 377//61
f 365//61 377//61 366//57
f 366//59 377//59 299//59
f 377//61 372//57 373//58
f 300//61 342//61 374//57
f 300//61 374//57 298//58
f 298//58 374//57 296//57
f 368//62 375//62 369//62
f 369//58 375//61 378//58
f 369//58 378//58 370//66
f 370//72 378//59 301//59
f 378//58 375//61 376//61
f 321//66 331//66 319//66
f 299//59 377//59 373//59
f 301//59 378//59 376//59
f 299//73 379//73 301//73
f 301//73 379//73 380//73
f 330//26 328//26 299//26
f 299//26 328//26 326//26
f 299//26 326//26 324//26
f 324//26 287//26 299//26
f 299//26 287//26 137//26
f 299//26 137//26 379//26
f 379//26 137//26 246//26
f 379//26 246//26 381//26
f 143//26 250//26 137//26
f 137//26 250//26 246//26
f 381//26 382//26 379//26
f 379//26 382//26 383//26
f 379//26 383//26 384//27
f 384//27 385//26 379//26
f 385//74 386//74 379//74
f 379//74 386//74 387//74
f 379//74 387//74 388//74
f 388//75 387//75 389//75
f 388//75 389//75 390//75
f 390//76 389//77 391//76
f 390//76 391//76 392//76
f 392//78 391//78 393//78
f 392//78 393//78 394//78
f 394//79 393//79 395//79
f 394//79 395//79 396//79
f 396//80 395//80 246//81
f 396//80 246//81 397//82
f 397//82 246//81 242//81
f 397//82 242//81 398//83
f 398//83 242//81 399//82
f 398//79 399//79 400//79
f 400//79 399//79 401//79
f 400//78 401//78 402//78
f 402//78 401//78 403//78
f 402//76 403//76 404//76
f 404//76 403//76 405//76
f 404//75 405//75 406//75
f 406//75 405//75 407//75
f 406//74 407//84 380//74
f 380//74 407//84 408//74
f 380//74 408//74 409//74
f 409//75 408//75 410//75
f 409//75 410//75 411//75
f 411//76 410//76 412//76
f 411//76 412//76 413//76
f 413//78 412//78 414//78
f 413//78 414//78 415//78
f 415//79 414//79 416//79
f 415//79 416//79 417//79
f 417//85 416//85 242//81
f 417//85 242//81 418//81
f 386//75 385//75 419//75
f 419//75 385//75 384//75
f 419//76 384//86 420//76
f 420//76 384//86 383//86
f 420//87 383//87 421//87
f 421//87 383//87 382//88
f 421//79 382//79 422//79
f 422//79 382//79 381//79
f 422//81 381//81 246//81
f 417//79 418//79 423//79
f 423//79 418//79 424//89
f 423//78 424//78 425//78
f 425//78 424//78 426//78
f 425//76 426//90 427//76
f 427//76 426//90 428//91
f 427//75 428//75 429//75
f 429//75 428//75 430//75
f 429//84 430//74 380//74
f 380//74 379//74 406//74
f 406//74 379//74 431//74
f 406//75 431//75 404//75
f 404//75 431//75 432//75
f 404//76 432//76 402//76
f 402//76 432//76 433//76
f 402//78 433//78 400//78
f 400//78 433//78 434//78
f 400//79 434//79 398//79
f 398//79 434//79 397//79
f 387//75 386//75 435//75
f 435//75 386//75 419//75
f 435//76 419//76 436//76
f 436//76 419//76 420//76
f 436//78 420//87 437//78
f 437//78 420//87 421//87
f 437//79 421//79 438//79
f 438//79 421//79 422//79
f 438//85 422//81 246//81
f 388//74 439//74 379//74
f 379//74 439//74 440//74
f 379//74 440//74 441//74
f 441//75 440//75 442//75
f 441//75 442//75 443//75
f 443//76 442//76 444//76
f 443//76 444//76 433//76
f 433//78 444//78 434//78
f 388//75 390//75 439//75
f 439//75 390//75 445//75
f 439//75 445//75 440//75
f 440//75 445//75 442//75
f 431//74 379//74 446//84
f 446//84 379//74 441//74
f 446//75 441//75 443//75
f 432//75 431//75 446//75
f 432//75 446//75 443//75
f 408//75 407//75 447//75
f 447//75 407//75 405//75
f 447//76 405//76 448//76
f 448//76 405//76 403//76
f 448//87 403//78 449//87
f 449//87 403//78 401//78
f 449//79 401//79 450//79
f 450//79 401//79 399//79
f 450//82 399//82 242//81
f 409//74 451//74 380//74
f 380//74 451//74 452//84
f 380//74 452//84 453//74
f 453//75 452//75 454//75
f 453//75 454//75 427//75
f 427//76 454//76 425//76
f 409//75 411//75 451//75
f 451//75 411//75 455//75
f 451//75 455//75 452//75
f 452//75 455//75 454//75
f 429//84 380//74 453//74
f 427//75 429//75 453//75
f 387//75 435//75 389//75
f 389//77 435//76 456//76
f 389//77 456//76 391//76
f 391//78 456//78 457//78
f 391//78 457//78 393//78
f 393//79 457//79 458//79
f 393//79 458//79 395//79
f 395//80 458//82 246//81
f 456//76 435//76 436//76
f 390//76 392//76 445//76
f 445//76 392//76 459//76
f 445//76 459//76 442//76
f 442//76 459//76 444//76
f 433//76 432//76 443//76
f 408//75 447//75 410//75
f 410//76 447//76 460//76
f 410//76 460//76 412//76
f 412//78 460//78 461//87
f 412//78 461//87 414//78
f 414//79 461//79 462//79
f 414//79 462//79 416//79
f 416//85 462//82 242//81
f 460//76 447//76 448//76
f 411//76 413//76 455//76
f 455//76 413//76 463//76
f 455//76 463//76 454//76
f 454//76 463//76 425//76
f 456//78 436//78 464//87
f 464//87 436//78 437//78
f 464//79 437//79 465//79
f 465//79 437//79 438//79
f 465//80 438//85 246//81
f 392//78 394//78 459//78
f 459//78 394//78 466//78
f 459//78 466//78 444//78
f 444//78 466//78 434//78
f 460//78 448//87 467//78
f 467//78 448//87 449//87
f 467//79 449//79 468//79
f 468//79 449//79 450//79
f 468//82 450//82 242//81
f 423//78 425//78 463//78
f 423//78 463//78 415//78
f 415//78 463//78 413//78
f 456//78 464//87 457//78
f 457//79 464//79 469//79
f 457//79 469//79 458//79
f 458//82 469//92 246//81
f 469//79 464//79 465//79
f 397//79 434//79 466//79
f 397//79 466//79 396//79
f 396//79 466//79 394//79
f 460//78 467//78 461//87
f 461//79 467//79 470//79
f 461//79 470//79 462//79
f 462//82 470//85 242//81
f 470//79 467//79 468//79
f 417//79 423//79 415//79
f 246//81 469//92 465//80
f 242//81 470//85 468//82
f 471//93 472//94 473//95
f 473//95 472//94 474//96
f 474//96 472//94 475//97
f 474//96 475//97 476//98
f 476//98 475//97 477//99
f 476//98 477//99 478//100
f 478//100 477//99 479//100
f 478//101 479//101 480//101
f 480//101 479//101 481//101
f 480//102 481//102 482//102
f 483//103 484//103 482//103
f 482//103 484//103 485//103
f 482//102 485//102 480//102
f 484//104 483//104 486//104
f 486//104 483//104 487//104
f 486//105 487//105 488//105
f 489//106 490//106 488//106
f 488//106 490//106 491//106
f 488//105 491//105 486//105
f 489//107 492//107 490//107
f 490//107 492//107 493//107
f 493//108 492//108 494//108
f 494//108 492//108 495//108
f 494//109 495//109 496//109
f 497//110 498//110 496//110
f 496//110 498//110 499//110
f 496//109 499//109 494//109
f 497//111 500//111 498//111
f 498//111 500//111 501//111
f 501//112 500//112 502//112
f 502//112 500//112 503//112
f 502//113 503//113 504//113
f 504//113 503//113 505//113
f 504//114 505//114 506//114
f 507//115 508//115 506//115
f 506//115 508//115 509//115
f 506//114 509//114 504//114
f 507//116 510//116 508//116
f 508//116 510//116 511//116
f 511//117 510//117 512//117
f 512//117 510//117 513//117
f 512//118 513//118 514//118
f 515//119 516//119 514//119
f 514//119 516//119 517//119
f 514//118 517//118 512//118
f 515//120 518//120 516//120
f 516//120 518//120 519//120
f 519//121 518//121 520//121
f 520//121 518//121 521//121
f 520//122 521//122 522//122
f 522//122 521//122 523//122
f 522//123 523//123 524//123
f 525//124 526//124 524//124
f 524//124 526//124 527//124
f 524//123 527//123 522//123
f 526//125 525//125 528//126
f 528//126 525//125 529//127
f 528//126 529//127 530//128
f 530//128 529//127 531//129
f 530//128 531//129 532//130
f 532//130 531//129 533//131
f 532//130 533//131 534//132
f 535//133 536//134 537//135
f 537//135 536//134 538//136
f 537//137 538//137 539//137
f 539//138 538//139 540//140
f 540//140 538//139 541//141
f 540//142 541//143 542//144
f 542//144 541//143 543//145
f 542//146 543//147 544//148
f 544//148 543//147 545//147
f 544//148 545//147 546//149
f 535//133 547//150 536//134
f 536//151 547//152 548//153
f 536//151 548//153 549//154
f 549//154 548//153 550//155
f 550//156 548//157 551//158
f 550//156 551//158 552//159
f 552//160 551//161 553//162
f 552//160 553//162 554//163
f 554//164 553//165 555//166
f 554//164 555//166 556//167
f 556//168 555//169 557//170
f 556//168 557//170 558//171
f 558//172 557//173 559//174
f 558//172 559//174 560//175
f 547//152 561//176 548//153
f 548//157 561//177 551//158
f 561//177 562//178 551//158
f 551//161 562//179 553//162
f 562//179 563//180 553//162
f 553//165 563//181 555//166
f 563//181 564//182 555//166
f 555//169 564//183 557//170
f 564//183 565//184 557//170
f 557//173 565//185 566//186
f 557//173 566//186 559//174
f 559//187 566//187 567//187
f 559//188 567//189 568//190
f 568//190 567//189 569//191
f 568//192 569//192 570//192
f 570//193 569//194 571//194
f 570//195 571//195 572//195
f 572//196 571//197 573//197
f 572//198 573//198 574//198
f 574//199 573//200 575//200
f 574//201 575//201 576//201
f 576//202 575//203 577//204
f 576//202 577//204 578//205
f 578//206 577//207 579//208
f 579//208 577//207 580//209
f 579//208 580//209 581//210
f 582//211 583//212 565//185
f 565//185 583//212 584//213
f 565//185 584//213 566//186
f 566//187 584//187 567//187
f 583//214 582//214 585//214
f 585//215 582//215 586//215
f 585//216 586//216 587//216
f 587//217 586//217 588//217
f 587//218 588//218 589//218
f 589//219 588//219 590//219
f 589//220 590//220 591//220
f 591//221 590//221 592//221
f 591//222 592//222 593//222
f 593//223 592//224 594//225
f 593//223 594//225 595//205
f 595//226 594//227 596//228
f 595//226 596//228 597//210
f 584//229 598//230 567//189
f 567//189 598//230 569//191
f 598//231 599//231 569//231
f 569//194 599//232 571//194
f 599//233 600//233 571//233
f 571//197 600//234 573//197
f 600//235 601//235 573//235
f 573//200 601//236 575//200
f 601//237 602//237 575//237
f 575//203 602//238 577//204
f 602//238 580//239 577//204
f 558//172 560//175 603//240
f 603//241 560//241 604//241
f 603//242 604//242 605//242
f 605//243 604//243 606//243
f 605//244 606//244 607//244
f 607//245 606//245 608//245
f 607//246 608//246 609//246
f 609//247 608//247 610//247
f 609//248 610//248 611//248
f 611//249 610//249 612//249
f 611//250 612//251 613//252
f 613//252 612//251 614//239
f 613//253 614//254 615//255
f 615//255 614//254 616//210
f 617//256 618//257 549//258
f 549//258 618//257 536//134
f 536//134 618//257 538//136
f 538//259 618//259 619//259
f 538//139 619//260 620//261
f 538//139 620//261 541//141
f 541//143 620//262 545//144
f 541//143 545//144 543//145
f 546//149 621//263 544//148
f 544//264 621//265 622//266
f 544//264 622//266 623//267
f 623//267 622//266 624//268
f 623//267 624//268 625//269
f 626//270 627//271 621//272
f 621//272 627//271 628//273
f 621//272 628//273 629//274
f 630//275 631//276 626//277
f 626//278 631//279 632//280
f 626//278 632//280 633//281
f 634//282 635//282 630//282
f 630//283 635//283 636//283
f 630//284 636//284 637//284
f 638//285 639//286 634//287
f 634//287 639//286 640//288
f 634//289 640//289 641//289
f 642//290 643//291 638//292
f 638//293 643//293 644//293
f 638//294 644//294 645//294
f 646//295 647//296 642//297
f 642//298 647//298 648//298
f 642//299 648//299 649//299
f 650//300 651//301 646//302
f 646//303 651//303 652//303
f 646//304 652//304 653//304
f 654//305 655//306 650//307
f 650//308 655//308 656//308
f 650//309 656//309 657//309
f 658//310 659//311 654//312
f 654//312 659//311 660//313
f 654//314 660//314 661//314
f 662//315 663//316 658//317
f 658//317 663//316 664//318
f 658//319 664//319 665//319
f 666//320 667//321 662//322
f 662//322 667//321 668//323
f 662//324 668//324 669//324
f 670//325 671//326 666//327
f 666//327 671//326 672//328
f 666//329 672//329 673//329
f 674//330 675//330 670//330
f 670//331 675//331 676//331
f 670//332 676//332 677//332
f 678//333 679//334 674//335
f 674//335 679//334 680//336
f 674//337 680//337 681//337
f 682//338 683//339 678//340
f 678//340 683//339 684//341
f 678//340 684//341 685//342
f 686//343 687//344 682//345
f 682//345 687//344 688//346
f 682//347 688//348 689//349
f 689//349 688//348 690//350
f 689//349 690//350 691//351
f 691//351 690//350 692//352
f 692//352 690//350 693//353
f 693//354 690//355 694//356
f 694//356 690//355 695//357
f 695//357 690//355 696//358
f 696//359 690//360 697//361
f 697//361 690//360 698//362
f 697//361 698//362 699//363
f 699//363 698//362 700//364
f 700//365 698//366 701//367
f 701//367 698//366 702//368
f 702//369 698//370 703//371
f 703//371 698//370 704//372
f 703//371 704//372 705//373
f 705//374 704//374 706//374
f 706//375 704//375 707//375
f 707//376 704//376 708//376
f 708//377 704//377 709//377
f 709//377 704//377 710//377
f 709//378 710//378 711//378
f 711//379 710//379 712//379
f 712//380 710//381 713//382
f 713//382 710//381 714//383
f 713//382 714//383 715//384
f 715//385 714//385 716//385
f 716//386 714//386 717//386
f 717//387 714//388 718//389
f 717//387 718//389 719//390
f 719//391 718//391 720//391
f 720//392 718//392 721//392
f 721//393 718//394 722//395
f 721//393 722//395 723//396
f 723//397 722//397 724//397
f 724//398 722//398 725//398
f 725//399 722//400 726//401
f 725//399 726//401 727//402
f 727//403 726//403 728//403
f 728//404 726//404 729//404
f 729//405 726//406 730//407
f 729//405 730//407 731//408
f 731//409 730//409 732//409
f 732//410 730//411 733//412
f 733//412 730//411 734//413
f 733//412 734//413 735//303
f 735//414 734//414 736//414
f 736//415 734//416 737//417
f 737//417 734//416 738//418
f 737//419 738//419 739//419
f 739//420 738//420 740//420
f 740//421 738//422 741//423
f 741//423 738//422 742//424
f 741//425 742//425 743//425
f 743//426 742//426 744//426
f 744//427 742//428 745//429
f 745//429 742//428 746//430
f 745//429 746//430 747//431
f 747//432 746//432 748//432
f 748//433 746//433 749//433
f 749//434 746//434 750//434
f 749//434 750//434 751//434
f 751//435 750//435 752//435
f 752//436 750//436 753//436
f 753//437 750//437 754//437
f 754//438 750//439 755//440
f 755//440 750//439 756//441
f 755//440 756//441 757//442
f 757//442 756//441 758//443
f 758//444 756//445 759//446
f 759//446 756//445 760//447
f 760//447 756//445 761//448
f 761//448 756//445 623//449
f 761//448 623//449 762//450
f 762//450 623//449 763//451
f 763//451 623//449 764//452
f 764//453 623//267 765//454
f 765//454 623//267 625//269
f 688//346 687//344 766//455
f 766//456 687//456 767//456
f 766//457 767//458 768//459
f 768//459 767//458 769//460
f 768//461 769//462 770//463
f 771//464 772//465 770//466
f 770//466 772//465 773//466
f 770//463 773//467 768//461
f 768//461 773//467 774//463
f 768//461 774//463 775//468
f 771//464 776//469 772//465
f 772//470 776//471 777//472
f 772//470 777//472 778//473
f 778//473 777//472 779//474
f 779//475 777//476 780//477
f 779//475 780//477 781//478
f 781//479 780//480 782//481
f 781//479 782//481 783//482
f 783//483 782//484 784//485
f 783//483 784//485 785//486
f 785//487 784//488 786//489
f 785//487 786//489 787//490
f 787//491 786//492 788//493
f 787//491 788//493 789//494
f 776//471 790//495 777//472
f 777//476 790//496 780//477
f 790//496 791//497 780//477
f 780//480 791//498 782//481
f 791//498 792//499 782//481
f 782//484 792//500 784//485
f 792//500 793//501 784//485
f 784//488 793//502 786//489
f 793//502 794//503 786//489
f 786//492 794//504 795//505
f 786//492 795//505 796//506
f 796//507 795//508 797//509
f 796//507 797//509 798//510
f 798//511 797//511 799//511
f 798//512 799//513 800//512
f 800//514 799//514 801//514
f 800//515 801//516 802//515
f 802//517 801//517 803//517
f 802//518 803//519 804//518
f 804//520 803//520 805//520
f 804//521 805//522 806//523
f 806//523 805//522 807//524
f 806//525 807//526 808//527
f 808//527 807//526 809//528
f 795//505 794//504 810//529
f 810//529 794//504 811//530
f 810//531 811//531 812//531
f 812//532 811//532 813//532
f 812//533 813//533 814//533
f 814//534 813//534 815//534
f 814//535 815//535 816//535
f 816//536 815//536 817//536
f 816//537 817//537 818//537
f 818//538 817//538 819//538
f 818//539 819//539 820//539
f 820//540 819//541 821//542
f 820//540 821//542 822//543
f 822//544 821//545 823//546
f 822//544 823//546 824//528
f 808//527 825//547 806//525
f 806//523 825//543 826//548
f 806//523 826//548 804//521
f 804//549 826//549 827//549
f 804//518 827//550 802//518
f 802//551 827//551 828//551
f 802//515 828//552 800//515
f 800//553 828//553 829//553
f 800//512 829//554 798//512
f 798//555 829//555 830//555
f 798//510 830//556 796//507
f 796//507 830//556 788//557
f 796//506 788//493 786//492
f 787//491 789//494 831//558
f 831//559 789//559 832//559
f 831//560 832//560 833//560
f 833//561 832//561 834//561
f 833//562 834//562 835//562
f 835//563 834//563 836//563
f 835//564 836//564 837//564
f 837//565 836//565 838//565
f 837//566 838//566 839//566
f 839//567 838//567 840//567
f 839//568 840//569 841//570
f 841//570 840//569 842//524
f 841//571 842//572 843//573
f 843//573 842//572 844//528
f 845//574 774//575 778//576
f 778//576 774//575 772//465
f 775//577 846//578 768//459
f 768//459 846//578 766//457
f 846//579 847//579 766//579
f 766//455 847//580 688//346
f 847//580 848//581 688//346
f 688//346 848//581 690//582
f 849//583 542//146 623//584
f 623//584 542//146 544//148
f 689//349 850//585 682//347
f 682//347 850//585 851//352
f 682//347 851//352 852//586
f 852//586 853//587 682//347
f 682//338 853//588 854//589
f 682//338 854//589 855//590
f 855//590 683//339 682//338
f 685//342 856//591 678//340
f 678//333 856//592 857//593
f 678//333 857//593 679//334
f 681//594 858//594 674//594
f 674//595 858//595 859//595
f 674//330 859//330 675//330
f 677//596 671//326 670//325
f 673//597 667//597 666//597
f 669//598 663//598 662//598
f 665//398 659//311 658//310
f 661//599 655//306 654//305
f 657//600 651//301 650//300
f 653//601 647//296 646//295
f 649//602 643//291 642//290
f 645//603 639//286 638//285
f 641//604 860//604 634//604
f 634//282 860//282 635//282
f 637//605 861//605 630//605
f 630//275 861//606 631//276
f 633//607 862//446 626//608
f 626//608 862//446 863//609
f 626//270 863//610 864//611
f 864//611 627//271 626//270
f 629//612 865//613 621//265
f 621//265 865//613 866//614
f 621//265 866//614 867//615
f 867//615 622//266 621//265
f 774//575 773//466 772//465
f 868//616 869//616 870//616
f 870//616 869//616 871//616
f 870//616 871//616 872//616
f 869//616 868//616 873//616
f 873//616 868//616 874//616
f 873//616 874//616 875//616
f 875//616 874//616 876//616
f 875//616 876//616 877//616
f 877//616 876//616 878//616
f 877//616 878//616 879//616
f 879//616 878//616 880//616
f 879//616 880//616 881//616
f 881//616 880//616 882//616
f 881//616 882//616 883//616
f 883//616 882//616 884//616
f 883//616 884//616 885//616
f 885//616 884//616 886//616
f 885//616 886//616 887//616
f 887//616 886//616 888//616
f 887//616 888//616 889//616
f 889//616 888//616 890//616
f 889//616 890//616 891//616
f 891//616 890//616 892//616
f 892//616 890//616 893//616
f 892//616 893//616 894//616
f 894//616 893//616 895//616
f 894//616 895//616 896//616
f 896//616 895//616 897//616
f 896//616 897//616 898//616
f 898//616 897//616 899//616
f 898//616 899//616 900//616
f 900//616 899//616 901//616
f 900//616 901//616 902//616
f 902//616 901//616 903//616
f 902//616 903//616 904//616
f 904//616 903//616 905//616
f 904//616 905//616 906//616
f 906//616 905//616 907//616
f 906//616 907//616 908//616
f 908//616 907//616 909//616
f 908//616 909//616 910//616
f 910//616 909//616 911//616
f 910//616 911//616 912//616
f 912//616 911//616 913//616
f 913//616 911//616 914//616
f 913//616 914//616 915//616
f 915//616 914//616 916//616
f 915//616 916//616 917//616
f 917//616 916//616 918//616
f 917//616 918//616 919//616
f 919//616 918//616 920//616
f 919//616 920//616 921//616
f 921//616 920//616 922//616
f 921//616 922//616 923//616
f 923//616 922//616 924//616
f 923//616 924//616 925//616
f 925//616 924//616 926//616
f 925//616 926//616 927//616
f 927//616 926//616 928//616
f 927//616 928//616 929//616
f 929//616 928//616 930//616
f 929//616 930//616 931//616
f 931//616 930//616 932//616
f 932//616 930//616 933//616
f 932//616 933//616 934//616
f 934//616 933//616 935//616
f 934//616 935//616 936//616
f 936//616 935//616 937//616
f 936//616 937//616 938//616
f 938//616 937//616 939//616
f 938//616 939//616 940//616
f 940//616 939//616 941//616
f 940//616 941//616 942//616
f 942//616 941//616 943//616
f 942//616 943//616 944//616
f 944//616 943//616 945//616
f 944//616 945//616 946//616
f 946//616 945//616 947//616
f 946//616 947//616 948//616
f 948//616 947//616 949//616
f 948//616 949//616 950//616
f 950//616 949//616 951//616
f 950//616 951//616 952//616
f 952//616 951//616 953//616
f 953//616 951//616 954//616
f 953//616 954//616 955//616
f 955//616 954//616 956//616
f 955//616 956//616 957//616
f 957//616 956//616 958//616
f 957//616 958//616 959//616
f 959//616 958//616 960//616
f 959//616 960//616 961//616
f 961//616 960//616 962//616
f 961//616 962//616 963//616
f 963//616 962//616 964//616
f 963//616 964//616 965//616
f 965//616 964//616 966//616
f 965//616 966//616 967//616
f 967//616 966//616 968//616
f 967//616 968//616 969//616
f 969//616 968//616 970//616
f 969//616 970//616 971//616
f 971//616 970//616 972//616
f 971//616 972//616 973//616
f 973//616 972//616 974//616
f 974//616 972//616 975//616
f 974//616 975//616 976//616
f 976//616 975//616 977//616
f 976//616 977//616 978//616
f 978//616 977//616 979//616
f 978//616 979//616 980//616
f 980//616 979//616 981//616
f 980//616 981//616 982//616
f 982//616 981//616 983//616
f 982//616 983//616 984//616
f 984//616 983//616 985//616
f 984//616 985//616 986//616
f 986//616 985//616 987//616
f 986//616 987//616 988//616
f 988//616 987//616 989//616
f 988//616 989//616 990//616
f 990//616 989//616 991//616
f 990//616 991//616 872//616
f 872//616 991//616 870//616
f 691//617 931//617 689//617
f 689//618 931//618 932//618
f 689//619 932//619 850//619
f 850//620 932//620 851//620
f 851//621 932//621 934//621
f 851//622 934//622 852//622
f 852//623 934//623 853//623
f 853//624 934//624 936//624
f 853//625 936//625 854//625
f 854//626 936//626 855//626
f 855//627 936//627 938//627
f 855//628 938//628 683//628
f 683//629 938//629 684//629
f 684//630 938//630 940//630
f 684//631 940//631 685//631
f 685//632 940//633 856//634
f 856//634 940//633 942//635
f 856//636 942//636 857//636
f 857//637 942//638 679//639
f 679//639 942//638 944//640
f 679//641 944//641 680//641
f 680//642 944//643 681//644
f 681//644 944//643 946//645
f 681//646 946//646 858//646
f 858//647 946//648 859//649
f 859//649 946//648 948//650
f 859//651 948//651 675//651
f 675//652 948//653 676//654
f 676//654 948//653 950//655
f 676//656 950//656 677//656
f 677//657 950//658 671//659
f 671//659 950//658 952//660
f 671//661 952//661 672//661
f 672//662 952//662 673//662
f 673//663 952//663 953//663
f 673//664 953//664 667//664
f 667//665 953//666 668//667
f 668//667 953//666 955//668
f 668//669 955//669 669//669
f 669//670 955//671 663//672
f 663//672 955//671 957//673
f 663//674 957//674 664//674
f 664//675 957//676 665//677
f 665//677 957//676 959//678
f 665//679 959//679 659//679
f 659//680 959//681 660//682
f 660//682 959//681 961//683
f 660//684 961//684 661//684
f 661//685 961//686 655//687
f 655//687 961//686 963//688
f 655//689 963//689 656//689
f 656//690 963//691 965//692
f 656//690 965//692 657//693
f 657//694 965//694 651//694
f 651//695 965//696 967//697
f 651//695 967//697 652//698
f 652//699 967//699 653//699
f 653//700 967//701 969//702
f 653//700 969//702 647//703
f 647//704 969//704 648//704
f 648//705 969//706 971//707
f 648//705 971//707 649//708
f 649//709 971//709 643//709
f 643//710 971//711 973//712
f 643//710 973//712 644//713
f 644//714 973//714 645//714
f 645//715 973//715 974//715
f 645//716 974//716 639//716
f 639//717 974//717 640//717
f 640//718 974//719 976//720
f 640//718 976//720 641//721
f 641//722 976//722 860//722
f 860//723 976//724 978//725
f 860//723 978//725 635//726
f 635//727 978//727 636//727
f 636//728 978//729 980//730
f 636//728 980//730 637//731
f 637//732 980//732 861//732
f 861//733 980//734 982//735
f 861//733 982//735 631//736
f 631//737 982//737 632//737
f 632//738 982//739 984//740
f 632//738 984//740 633//741
f 633//742 984//742 862//742
f 862//743 984//744 986//745
f 862//743 986//745 863//746
f 863//747 986//747 864//747
f 864//748 986//748 988//748
f 864//749 988//749 627//749
f 627//750 988//750 628//750
f 628//751 988//751 990//751
f 628//752 990//752 629//752
f 629//753 990//753 865//753
f 865//754 990//754 872//754
f 865//755 872//755 866//755
f 866//756 872//756 867//756
f 867//757 872//757 871//757
f 867//758 871//758 622//758
f 622//759 871//759 624//759
f 624//760 871//760 869//760
f 624//761 869//761 625//761
f 625//762 869//762 765//762
f 765//763 869//763 873//763
f 765//764 873//764 764//764
f 764//765 873//765 763//765
f 763//766 873//766 875//766
f 763//767 875//767 762//767
f 762//768 875//768 761//768
f 761//769 875//769 877//769
f 761//770 877//770 760//770
f 760//771 877//772 759//773
f 759//773 877//772 879//774
f 759//775 879//775 758//775
f 758//776 879//777 757//778
f 757//778 879//777 881//779
f 757//780 881//780 755//780
f 755//781 881//782 754//783
f 754//783 881//782 883//784
f 754//785 883//785 753//785
f 753//786 883//787 752//788
f 752//788 883//787 885//789
f 752//790 885//790 751//790
f 751//791 885//792 749//793
f 749//793 885//792 887//794
f 749//795 887//795 748//795
f 748//796 887//797 747//798
f 747//798 887//797 889//799
f 747//800 889//800 745//800
f 745//801 889//801 744//801
f 744//802 889//802 891//802
f 744//803 891//803 743//803
f 743//804 891//805 741//806
f 741//806 891//805 892//807
f 741//808 892//808 740//808
f 740//809 892//810 739//811
f 739//811 892//810 894//812
f 739//813 894//813 737//813
f 737//814 894//815 736//816
f 736//816 894//815 896//817
f 736//818 896//818 735//818
f 735//819 896//820 733//821
f 733//821 896//820 898//822
f 733//823 898//823 732//823
f 732//824 898//825 731//826
f 731//826 898//825 900//827
f 731//828 900//828 729//828
f 729//829 900//830 902//831
f 729//829 902//831 728//832
f 728//833 902//833 727//833
f 727//834 902//835 904//836
f 727//834 904//836 725//837
f 725//838 904//838 724//838
f 724//839 904//840 906//841
f 724//839 906//841 723//842
f 723//843 906//843 721//843
f 721//844 906//845 908//846
f 721//844 908//846 720//847
f 720//848 908//848 719//848
f 719//849 908//850 910//851
f 719//849 910//851 717//852
f 717//853 910//853 716//853
f 716//854 910//854 912//854
f 716//855 912//855 715//855
f 715//856 912//856 713//856
f 713//857 912//858 913//859
f 713//857 913//859 712//860
f 712//861 913//861 711//861
f 711//862 913//863 915//864
f 711//862 915//864 709//865
f 709//866 915//866 708//866
f 708//867 915//868 917//869
f 708//867 917//869 707//870
f 707//871 917//871 706//871
f 706//872 917//873 919//874
f 706//872 919//874 705//875
f 705//876 919//876 703//876
f 703//877 919//878 921//879
f 703//877 921//879 702//880
f 702//881 921//881 701//881
f 701//882 921//883 923//884
f 701//882 923//884 700//885
f 700//886 923//886 699//886
f 699//887 923//887 925//887
f 699//888 925//888 697//888
f 697//889 925//889 696//889
f 696//890 925//890 927//890
f 696//891 927//891 695//891
f 695//892 927//892 694//892
f 694//893 927//893 929//893
f 694//894 929//894 693//894
f 693//895 929//895 692//895
f 692//896 929//896 931//896
f 692//897 931//897 691//897
f 473//898 933//898 471//898
f 471//899 933//899 930//899
f 471//900 930//900 472//900
f 472//901 930//901 928//901
f 472//902 928//902 475//902
f 475//903 928//903 926//903
f 475//904 926//904 477//904
f 477//905 926//905 924//905
f 477//906 924//906 479//906
f 479//907 924//907 922//907
f 479//908 922//908 481//908
f 481//909 922//910 920//911
f 481//909 920//911 482//912
f 482//913 920//914 918//915
f 482//913 918//915 483//916
f 483//917 918//918 487//919
f 487//919 918//918 916//920
f 487//921 916//921 488//921
f 488//922 916//922 914//922
f 488//923 914//923 489//923
f 489//924 914//924 911//924
f 489//925 911//925 492//925
f 492//926 911//926 909//926
f 492//927 909//927 495//927
f 495//928 909//928 907//928
f 495//929 907//929 496//929
f 496//930 907//930 905//930
f 496//931 905//931 497//931
f 497//932 905//932 903//932
f 497//933 903//933 500//933
f 500//934 903//934 901//934
f 500//935 901//935 503//935
f 503//936 901//936 899//936
f 503//937 899//937 505//937
f 505//938 899//939 897//940
f 505//938 897//940 506//941
f 506//942 897//943 895//944
f 506//942 895//944 507//945
f 507//946 895//947 510//948
f 510//948 895//947 893//949
f 510//950 893//951 513//952
f 513//952 893//951 890//953
f 513//954 890//954 514//954
f 514//955 890//955 888//955
f 514//956 888//956 515//956
f 515//957 888//957 886//957
f 515//958 886//958 518//958
f 518//959 886//959 884//959
f 518//960 884//960 521//960
f 521//961 884//961 882//961
f 521//962 882//962 523//962
f 523//963 882//963 880//963
f 523//964 880//964 524//964
f 524//965 880//965 878//965
f 524//966 878//966 525//966
f 525//967 878//967 876//967
f 525//968 876//968 529//968
f 529//969 876//969 874//969
f 529//970 874//970 531//970
f 531//971 874//972 868//973
f 531//971 868//973 533//974
f 533//975 868//976 870//977
f 533//975 870//977 534//978
f 534//979 870//980 532//981
f 532//981 870//980 991//982
f 532//983 991//984 530//985
f 530//985 991//984 989//986
f 530//987 989//987 528//987
f 528//988 989//988 987//988
f 528//989 987//989 526//989
f 526//990 987//990 985//990
f 526//991 985//991 527//991
f 527//992 985//992 983//992
f 527//993 983//993 522//993
f 522//994 983//994 981//994
f 522//995 981//995 520//995
f 520//996 981//996 979//996
f 520//997 979//997 519//997
f 519//998 979//998 977//998
f 519//999 977//999 516//999
f 516//1000 977//1000 975//1000
f 516//1001 975//1001 517//1001
f 517//1002 975//1002 972//1002
f 517//1003 972//1003 512//1003
f 512//1004 972//1005 970//1006
f 512//1004 970//1006 511//1007
f 511//1008 970//1009 968//1010
f 511//1008 968//1010 508//1011
f 508//1012 968//1013 509//1014
f 509//1014 968//1013 966//1015
f 509//1016 966//1017 504//1018
f 504//1018 966//1017 964//1019
f 504//1020 964//1020 502//1020
f 502//1021 964//1021 962//1021
f 502//1022 962//1022 501//1022
f 501//1023 962//1023 960//1023
f 501//1024 960//1024 498//1024
f 498//1025 960//1025 958//1025
f 498//1026 958//1026 499//1026
f 499//1027 958//1027 956//1027
f 499//1028 956//1028 494//1028
f 494//1029 956//1029 954//1029
f 494//1030 954//1030 493//1030
f 493//1031 954//1031 951//1031
f 493//1032 951//1032 490//1032
f 490//1033 951//1033 949//1033
f 490//1034 949//1034 491//1034
f 491//1035 949//1035 947//1035
f 491//1036 947//1036 486//1036
f 486//1037 947//1038 945//1039
f 486//1037 945//1039 484//1040
f 484//1041 945//1042 485//1043
f 485//1043 945//1042 943//1044
f 485//1045 943//1046 480//1047
f 480//1047 943//1046 941//1048
f 480//1049 941//1049 478//1049
f 478//1050 941//1050 939//1050
f 478//1051 939//1051 476//1051
f 476//1052 939//1052 937//1052
f 476//1053 937//1053 474//1053
f 474//1054 937//1054 935//1054
f 474//1055 935//1055 473//1055
f 473//1056 935//1056 933//1056
f 771//73 770//73 992//73
f 992//73 770//73 993//73
f 770//45 769//45 993//45
f 993//45 769//45 767//45
f 993//45 767//45 994//45
f 994//45 767//45 687//45
f 687//1057 686//1057 994//1057
f 994//1057 686//1057 995//1057
f 686//45 682//45 995//45
f 995//45 682//45 678//45
f 995//45 678//45 674//45
f 674//45 670//45 995//45
f 995//45 670//45 666//45
f 995//45 666//45 662//45
f 662//45 658//45 995//45
f 995//45 658//45 654//45
f 995//45 654//45 650//45
f 995//45 650//45 996//45
f 996//45 650//45 646//45
f 996//45 646//45 642//45
f 642//45 638//45 996//45
f 996//45 638//45 634//45
f 996//45 634//45 630//45
f 630//45 626//45 996//45
f 996//45 626//45 621//45
f 996//45 621//45 546//45
f 546//73 545//73 996//73
f 996//73 545//73 997//73
f 545//45 620//45 997//45
f 997//45 620//45 998//45
f 998//45 620//45 619//45
f 998//45 619//45 618//45
f 618//1057 617//1057 998//1057
f 998//1057 617//1057 999//1057
f 617//45 549//45 999//45
f 999//45 549//45 550//45
f 999//45 550//45 552//45
f 999//45 552//45 1000//45
f 1000//45 552//45 554//45
f 1000//45 554//45 556//45
f 556//45 558//45 1000//45
f 1000//45 558//45 603//45
f 1000//45 603//45 605//45
f 605//45 607//45 1000//45
f 1000//45 607//45 609//45
f 1000//45 609//45 611//45
f 611//45 613//45 1000//45
f 1000//45 613//45 1001//45
f 1001//45 613//45 615//45
f 615//616 616//616 1001//616
f 1001//616 616//616 1002//616
f 616//25 614//25 1002//25
f 1002//25 614//25 1003//25
f 1003//25 614//25 612//25
f 1003//25 612//25 610//25
f 610//25 608//25 1003//25
f 1003//25 608//25 606//25
f 1003//25 606//25 1004//25
f 1004//25 606//25 604//25
f 1004//25 604//25 560//25
f 560//73 559//73 1004//73
f 1004//73 559//73 1005//73
f 559//45 568//45 1005//45
f 1005//45 568//45 570//45
f 1005//45 570//45 1006//45
f 1006//45 570//45 572//45
f 1006//45 572//45 574//45
f 574//45 576//45 1006//45
f 1006//45 576//45 578//45
f 1006//45 578//45 1007//45
f 1007//45 578//45 579//45
f 579//616 581//616 1007//616
f 1007//616 581//616 1008//616
f 581//25 580//25 1008//25
f 1008//25 580//25 1009//25
f 1009//25 580//25 602//25
f 1009//25 602//25 601//25
f 601//25 600//25 1009//25
f 1009//25 600//25 599//25
f 1009//25 599//25 1010//25
f 1010//25 599//25 598//25
f 1010//25 598//25 584//25
f 584//73 583//73 1010//73
f 1010//73 583//73 1011//73
f 583//45 585//45 1011//45
f 1011//45 585//45 587//45
f 1011//45 587//45 1012//45
f 1012//45 587//45 589//45
f 1012//45 589//45 591//45
f 591//45 593//45 1012//45
f 1012//45 593//45 595//45
f 1012//45 595//45 1013//45
f 1013//45 595//45 597//45
f 597//616 596//616 1013//616
f 1013//616 596//616 1014//616
f 596//25 594//25 1014//25
f 1014//25 594//25 1015//25
f 1015//25 594//25 592//25
f 1015//25 592//25 590//25
f 590//25 588//25 1015//25
f 1015//25 588//25 586//25
f 1015//25 586//25 582//25
f 582//25 565//25 1015//25
f 1015//25 565//25 564//25
f 1015//25 564//25 563//25
f 563//25 562//25 1015//25
f 1015//25 562//25 1016//25
f 1016//25 562//25 561//25
f 1016//25 561//25 547//25
f 547//25 535//25 1016//25
f 250//1058 143//1058 1017//1058
f 1017//1058 143//1058 142//1058
f 1017//1059 142//1059 1018//1059
f 1018//1059 142//1059 141//1059
f 1018//1060 141//1060 1019//1060
f 1019//1060 141//1060 140//1060
f 1019//1061 140//1061 1020//1061
f 1020//1061 140//1061 139//1061
f 1020//1062 139//1062 1021//1062
f 1021//1062 139//1062 138//1062
f 1021//1063 138//1063 1022//1063
f 1022//1063 138//1063 136//1063
f 1022//1064 136//1064 1023//1064
f 1023//1064 136//1064 135//1064
f 1023//1065 135//1065 1024//1065
f 1024//1065 135//1065 134//1065
f 1024//1066 134//1066 1025//1066
f 1025//1066 134//1066 133//1066
f 1025//1067 133//1067 1026//1067
f 1026//1067 133//1067 132//1067
f 1026//1068 132//1068 1027//1068
f 1027//1068 132//1068 131//1068
f 1027//1069 131//1069 1028//1069
f 1028//1069 131//1069 130//1069
f 1028//1070 130//1070 1029//1070
f 1029//1070 130//1070 129//1070
f 1029//1071 129//1071 1030//1071
f 1030//1071 129//1071 128//1071
f 1030//1072 128//1072 1031//1072
f 1031//1072 128//1072 127//1072
f 1031//1073 127//1073 1032//1073
f 1032//1073 127//1073 126//1073
f 1032//1074 126//1074 1033//1074
f 1033//1074 126//1074 125//1074
f 1033//1075 125//1075 1034//1075
f 1034//1075 125//1075 124//1075
f 1034//1076 124//1076 1035//1076
f 1035//1076 124//1076 123//1076
f 1035//1077 123//1077 1036//1077
f 1036//1077 123//1077 122//1077
f 1036//1078 122//1078 1037//1078
f 1037//1078 122//1078 121//1078
f 1037//1079 121//1079 1038//1079
f 1038//1079 121//1079 120//1079
f 1038//1080 120//1080 1039//1080
f 1039//1080 120//1080 118//1080
f 1039//1081 118//1081 1040//1081
f 1040//1081 118//1081 117//1081
f 1040//1082 117//1082 1041//1082
f 1041//1082 117//1082 116//1082
f 1041//1083 116//1083 1042//1083
f 1042//1083 116//1083 115//1083
f 1042//1084 115//1084 1043//1084
f 1043//1084 115//1084 114//1084
f 1043//1085 114//1085 1044//1085
f 1044//1085 114//1085 113//1085
f 1044//1086 113//1086 1045//1086
f 1045//1086 113//1086 112//1086
f 1045//1087 112//1087 1046//1087
f 1046//1087 112//1087 111//1087
f 1046//1088 111//1088 1047//1088
f 1047//1088 111//1088 110//1088
f 1047//1089 110//1089 1048//1089
f 1048//1089 110//1089 109//1089
f 1048//1090 109//1090 1049//1090
f 1049//1090 109//1090 108//1090
f 1049//1091 108//1091 1050//1091
f 1050//1091 108//1091 107//1091
f 1050//1092 107//1092 1051//1092
f 1051//1092 107//1092 106//1092
f 1051//1093 106//1093 1052//1093
f 1052//1093 106//1093 105//1093
f 1052//1094 105//1094 1053//1094
f 1053//1094 105//1094 104//1094
f 1053//1095 104//1095 1054//1095
f 1054//1095 104//1095 97//1095
f 1054//1096 97//1096 1055//1096
f 1055//1096 97//1096 96//1096
f 1055//1097 96//1097 1056//1097
f 1056//1097 96//1097 95//1097
f 1056//1098 95//1098 1057//1098
f 1057//1098 95//1098 103//1098
f 1057//1099 103//1100 1058//1099
f 1058//1099 103//1100 102//1100
f 1058//1101 102//1101 1059//1101
f 1059//1101 102//1101 101//1101
f 1059//1102 101//1102 1060//1102
f 1060//1102 101//1102 100//1102
f 1060//1103 100//1103 1061//1103
f 1061//1103 100//1103 99//1103
f 1061//1104 99//1104 98//1104
f 98//1104 151//1104 1061//1104
f 1061//1104 151//1104 286//1104
f 1061//1103 286//1103 1060//1103
f 1060//1103 286//1103 285//1103
f 1060//1102 285//1102 1059//1102
f 1059//1102 285//1102 284//1102
f 1059//1101 284//1101 1058//1101
f 1058//1101 284//1101 241//1101
f 1058//1099 241//1099 1057//1099
f 1057//1099 241//1099 240//1099
f 1057//1098 240//1098 1056//1098
f 1056//1098 240//1098 239//1098
f 1056//1097 239//1097 1055//1097
f 1055//1097 239//1097 283//1097
f 1055//1096 283//1096 1054//1096
f 1054//1096 283//1096 282//1096
f 1054//1095 282//1095 1053//1095
f 1053//1095 282//1095 281//1095
f 1053//1094 281//1094 1052//1094
f 1052//1094 281//1094 280//1094
f 1052//1093 280//1093 1051//1093
f 1051//1093 280//1093 279//1093
f 1051//1092 279//1092 1050//1092
f 1050//1092 279//1092 278//1092
f 1050//1091 278//1091 1049//1091
f 1049//1091 278//1091 277//1091
f 1049//1090 277//1090 1048//1090
f 1048//1090 277//1090 276//1090
f 1048//1089 276//1089 1047//1089
f 1047//1089 276//1089 275//1089
f 1047//1088 275//1088 1046//1088
f 1046//1088 275//1088 274//1088
f 1046//1087 274//1087 1045//1087
f 1045//1087 274//1087 273//1087
f 1045//1086 273//1086 1044//1086
f 1044//1086 273//1086 272//1086
f 1044//1085 272//1085 1043//1085
f 1043//1085 272//1085 271//1085
f 1043//1084 271//1084 1042//1084
f 1042//1084 271//1084 270//1084
f 1042//1083 270//1083 1041//1083
f 1041//1083 270//1083 245//1083
f 1041//1082 245//1082 1040//1082
f 1040//1082 245//1082 244//1082
f 1040//1081 244//1081 1039//1081
f 1039//1081 244//1081 243//1081
f 1039//1080 243//1080 1038//1080
f 1038//1080 243//1080 269//1080
f 1038//1079 269//1079 1037//1079
f 1037//1079 269//1079 268//1079
f 1037//1078 268//1078 1036//1078
f 1036//1078 268//1078 267//1078
f 1036//1077 267//1077 1035//1077
f 1035//1077 267//1077 266//1077
f 1035//1076 266//1076 1034//1076
f 1034//1076 266//1076 265//1076
f 1034//1075 265//1075 1033//1075
f 1033//1075 265//1075 264//1075
f 1033//1074 264//1074 1032//1074
f 1032//1074 264//1074 263//1074
f 1032//1073 263//1073 1031//1073
f 1031//1073 263//1073 262//1073
f 1031//1072 262//1072 1030//1072
f 1030//1072 262//1072 261//1072
f 1030//1071 261//1071 1029//1071
f 1029//1071 261//1071 260//1071
f 1029//1070 260//1070 1028//1070
f 1028//1070 260//1070 259//1070
f 1028//1069 259//1069 1027//1069
f 1027//1069 259//1069 258//1069
f 1027//1068 258//1068 1026//1068
f 1026//1068 258//1068 257//1068
f 1026//1067 257//1067 1025//1067
f 1025//1067 257//1067 256//1067
f 1025//1066 256//1066 1024//1066
f 1024//1066 256//1066 249//1066
f 1024//1065 249//1065 1023//1065
f 1023//1065 249//1065 248//1065
f 1023//1064 248//1064 1022//1064
f 1022//1064 248//1064 247//1064
f 1022//1063 247//1063 1021//1063
f 1021//1063 247//1063 255//1063
f 1021//1062 255//1105 1020//1062
f 1020//1062 255//1105 254//1105
f 1020//1061 254//1061 1019//1061
f 1019//1061 254//1061 253//1061
f 1019//1060 253//1060 1018//1060
f 1018//1060 253//1060 252//1060
f 1018//1059 252//1059 1017//1059
f 1017//1059 252//1059 251//1059
f 1017//1058 251//1058 250//1058
f 848//1057 847//1057 1062//1057
f 1062//1057 847//1057 1063//1057
f 847//25 846//25 1063//25
f 1063//25 846//25 1064//25
f 1064//25 846//25 775//25
f 1064//25 775//25 774//25
f 774//73 845//73 1064//73
f 1064//73 845//73 1065//73
f 845//25 778//25 1065//25
f 1065//25 778//25 779//25
f 1065//25 779//25 781//25
f 1065//25 781//25 1066//25
f 1066//25 781//25 783//25
f 1066//25 783//25 785//25
f 785//25 787//25 1066//25
f 1066//25 787//25 831//25
f 1066//25 831//25 833//25
f 833//25 835//25 1066//25
f 1066//25 835//25 837//25
f 1066//25 837//25 839//25
f 839//25 841//25 1066//25
f 1066//25 841//25 1067//25
f 1067//25 841//25 843//25
f 844//45 842//45 1068//45
f 1068//45 842//45 1069//45
f 1069//45 842//45 840//45
f 1069//45 840//45 838//45
f 838//45 836//45 1069//45
f 1069//45 836//45 834//45
f 1069//45 834//45 1070//45
f 1070//45 834//45 832//45
f 1070//45 832//45 789//45
f 789//1057 788//1057 1070//1057
f 1070//1057 788//1057 1071//1057
f 788//25 830//25 1071//25
f 1071//25 830//25 829//25
f 1071//25 829//25 1072//25
f 1072//25 829//25 828//25
f 1072//25 828//25 827//25
f 827//25 826//25 1072//25
f 1072//25 826//25 825//25
f 1072//25 825//25 1073//25
f 1073//25 825//25 808//25
f 809//45 807//45 1074//45
f 1074//45 807//45 1075//45
f 1075//45 807//45 805//45
f 1075//45 805//45 803//45
f 803//45 801//45 1075//45
f 1075//45 801//45 799//45
f 1075//45 799//45 1076//45
f 1076//45 799//45 797//45
f 1076//45 797//45 795//45
f 795//1057 810//1057 1076//1057
f 1076//1057 810//1057 1077//1057
f 810//25 812//25 1077//25
f 1077//25 812//25 814//25
f 1077//25 814//25 1078//25
f 1078//25 814//25 816//25
f 1078//25 816//25 818//25
f 818//25 820//25 1078//25
f 1078//25 820//25 822//25
f 1078//25 822//25 1079//25
f 1079//25 822//25 824//25
f 823//45 821//45 1080//45
f 1080//45 821//45 1081//45
f 1081//45 821//45 819//45
f 1081//45 819//45 817//45
f 817//45 815//45 1081//45
f 1081//45 815//45 813//45
f 1081//45 813//45 811//45
f 811//45 794//45 1081//45
f 1081//45 794//45 793//45
f 1081//45 793//45 792//45
f 792//45 791//45 1081//45
f 1081//45 791//45 992//45
f 992//45 791//45 790//45
f 992//45 790//45 776//45
f 776//45 771//45 992//45
f 808//616 809//616 1073//616
f 1073//616 809//616 1074//616
f 824//616 823//616 1079//616
f 1079//616 823//616 1080//616
f 843//616 844//616 1067//616
f 1067//616 844//616 1068//616
f 849//25 623//25 1082//25
f 1082//25 623//25 756//25
f 1082//25 756//25 750//25
f 750//25 746//25 1082//25
f 1082//25 746//25 742//25
f 1082//25 742//25 738//25
f 738//25 734//25 1082//25
f 1082//25 734//25 730//25
f 1082//25 730//25 726//25
f 1082//25 726//25 1062//25
f 1062//25 726//25 722//25
f 1062//25 722//25 718//25
f 718//25 714//25 1062//25
f 1062//25 714//25 710//25
f 1062//25 710//25 704//25
f 704//25 698//25 1062//25
f 1062//25 698//25 690//25
f 1062//25 690//25 848//25
f 535//1057 537//1057 1016//1057
f 1016//1057 537//1057 1083//1057
f 537//25 539//25 1083//25
f 1083//25 539//25 540//25
f 1083//25 540//25 1084//25
f 1084//25 540//25 542//25
f 542//73 849//73 1084//73
f 1084//73 849//73 1082//73
f 1013//73 1014//73 1012//73
f 1012//73 1014//73 1015//73
f 1009//73 1006//73 1008//73
f 1008//73 1006//73 1007//73
f 1003//73 1000//73 1002//73
f 1002//73 1000//73 1001//73
f 1073//1057 1074//1057 1072//1057
f 1072//1057 1074//1057 1075//1057
f 1069//1057 1066//1057 1068//1057
f 1068//1057 1066//1057 1067//1057
f 1079//1057 1080//1057 1078//1057
f 1078//1057 1080//1057 1081//1057
f 27//1057 164//1057 3//1057
f 3//1057 164//1057 144//1057
f 54//616 16//616 27//616
f 27//616 16//616 1000//616
f 27//616 1000//616 1003//616
f 54//616 52//616 16//616
f 16//616 52//616 50//616
f 16//616 50//616 48//616
f 48//616 38//616 16//616
f 119//616 996//616 16//616
f 16//616 996//616 999//616
f 16//616 999//616 1000//616
f 338//616 336//616 119//616
f 119//616 336//616 334//616
f 119//616 334//616 332//616
f 332//616 322//616 119//616
f 119//616 322//616 301//616
f 119//616 301//616 1081//616
f 1081//616 301//616 1078//616
f 1078//616 301//616 1075//616
f 1078//616 1075//616 1076//616
f 301//616 380//616 1075//616
f 1075//616 380//616 1072//616
f 1072//616 380//616 1069//616
f 1072//616 1069//616 1070//616
f 430//616 428//616 380//616
f 380//616 428//616 426//616
f 380//616 426//616 424//616
f 424//616 418//616 380//616
f 380//616 418//616 242//616
f 380//616 242//616 1066//616
f 1066//616 242//616 1065//616
f 1065//616 242//616 1062//616
f 1065//616 1062//616 1064//616
f 1064//616 1062//616 1063//616
f 242//616 175//616 1062//616
f 1062//616 175//616 1082//616
f 1082//616 175//616 1016//616
f 1082//616 1016//616 1084//616
f 1084//616 1016//616 1083//616
f 198//616 164//616 175//616
f 175//616 164//616 1015//616
f 175//616 1015//616 1016//616
f 198//616 196//616 164//616
f 164//616 196//616 194//616
f 164//616 194//616 192//616
f 192//616 186//616 164//616
f 27//616 1006//616 164//616
f 164//616 1006//616 1009//616
f 164//616 1009//616 1012//616
f 1012//616 1009//616 1010//616
f 1012//616 1010//616 1011//616
f 1066//616 1069//616 380//616
f 1070//616 1071//616 1072//616
f 1076//616 1077//616 1078//616
f 1081//616 992//616 119//616
f 119//616 992//616 995//616
f 119//616 995//616 996//616
f 993//616 994//616 992//616
f 992//616 994//616 995//616
f 997//616 998//616 996//616
f 996//616 998//616 999//616
f 27//616 1003//616 1006//616
f 1006//616 1003//616 1004//616
f 1006//616 1004//616 1005//616
f 1012//616 1015//616 164//616
