# Blender 4.0.1
# www.blender.org
mtllib track_2x8.mtl
o track_2x8
v -0.999572 1.210000 -3.990721
v -0.999572 1.138823 -3.990721
v -1.000000 1.210000 -3.987481
v -0.999572 1.067647 -3.990721
v -0.999572 0.996470 -3.990721
v -0.998315 0.996470 -3.993740
v -0.998315 0.925294 -3.993740
v -0.996316 0.925294 -3.996333
v -0.996316 0.854117 -3.996333
v -0.993711 0.854117 -3.998323
v -0.993711 0.782941 -3.998323
v -0.990677 0.782941 -3.999573
v -0.990677 0.711764 -3.999573
v -0.987421 1.210000 -4.000000
v -0.990677 0.640588 -3.999573
v -0.987421 -0.000000 -4.000000
v -0.990677 0.569411 -3.999573
v -0.990677 0.498235 -3.999573
v -0.993711 0.569411 -3.998323
v -0.993711 0.498235 -3.998323
v -0.996316 0.569411 -3.996333
v -0.996316 0.498235 -3.996333
v -0.998315 0.569411 -3.993740
v -0.998315 0.498235 -3.993740
v -0.999572 0.569411 -3.990721
v -0.999572 0.498235 -3.990721
v -1.000000 -0.000000 -3.987481
v -0.999572 0.427058 -3.990721
v -0.999572 0.355882 -3.990721
v -0.998315 0.355882 -3.993740
v -0.998315 0.284705 -3.993740
v -0.996316 0.284705 -3.996333
v -0.996316 0.213529 -3.996333
v -0.993711 0.213529 -3.998323
v -0.993711 0.142352 -3.998323
v -0.990677 0.142352 -3.999573
v -0.990677 0.071176 -3.999573
v -0.990677 -0.000000 -3.999573
v -0.998315 1.138823 -3.993741
v -0.998315 1.210000 -3.993741
v -0.996316 1.138823 -3.996334
v -0.996316 1.210000 -3.996334
v -0.993711 1.138823 -3.998323
v -0.993711 1.210000 -3.998323
v -0.990677 1.138823 -3.999574
v -0.990677 1.210000 -3.999574
v -0.993711 0.071176 -3.998323
v -0.993711 -0.000000 -3.998323
v -0.996316 0.071176 -3.996333
v -0.996316 -0.000000 -3.996333
v -0.998315 0.071176 -3.993740
v -0.998315 -0.000000 -3.993740
v -0.999572 0.071176 -3.990721
v -0.999572 -0.000000 -3.990721
v -0.999572 0.640588 -3.990721
v -0.998315 0.640588 -3.993740
v -0.996316 0.640588 -3.996333
v -0.993711 0.640588 -3.998323
v -0.998315 1.067647 -3.993741
v -0.996316 1.067647 -3.996334
v -0.993711 1.067647 -3.998323
v -0.990677 1.067647 -3.999574
v -0.999572 0.925294 -3.990721
v -0.999572 0.854117 -3.990721
v -0.999572 0.782941 -3.990721
v -0.998315 0.782941 -3.993740
v -0.998315 0.711764 -3.993740
v -0.996316 0.711764 -3.996333
v -0.998315 0.854117 -3.993740
v -0.999572 0.711764 -3.990721
v -0.998315 0.427058 -3.993740
v -0.996316 0.427058 -3.996333
v -0.993711 0.427058 -3.998323
v -0.990677 0.427058 -3.999573
v -0.999572 0.284705 -3.990721
v -0.999572 0.213529 -3.990721
v -0.999572 0.142352 -3.990721
v -0.998315 0.142352 -3.993740
v -0.998315 0.213529 -3.993740
v -0.996316 0.996470 -3.996333
v -0.993711 0.925294 -3.998323
v -0.990677 0.854117 -3.999573
v -0.996316 0.782941 -3.996333
v -0.996316 0.355882 -3.996333
v -0.993711 0.284705 -3.998323
v -0.990677 0.213529 -3.999573
v -0.996316 0.142352 -3.996333
v -0.993711 0.996470 -3.998323
v -0.990677 0.996470 -3.999573
v -0.993711 0.711764 -3.998323
v -0.993711 0.355882 -3.998323
v -0.990677 0.355882 -3.999573
v -0.990677 0.925294 -3.999573
v -0.990677 0.284705 -3.999573
v -0.730975 0.857266 -4.000000
v -0.686965 0.777474 -4.000000
v -0.634316 0.703122 -4.000000
v -0.811321 1.210000 -4.000000
v -0.806219 1.118976 -4.000000
v -0.790979 1.029097 -4.000000
v -0.765792 0.941493 -4.000000
v -0.573690 0.635144 -4.000000
v -0.505850 0.574395 -4.000000
v -0.431649 0.521639 -4.000000
v -0.352019 0.477540 -4.000000
v -0.267962 0.442652 -4.000000
v -0.180536 0.417414 -4.000000
v -0.090839 0.402143 -4.000000
v -0.000000 0.397031 -4.000000
v 0.987421 -0.000000 -4.000000
v 0.090839 0.402143 -4.000000
v 0.180536 0.417414 -4.000000
v 0.267962 0.442652 -4.000000
v 0.352019 0.477540 -4.000000
v 0.431649 0.521639 -4.000000
v 0.505850 0.574395 -4.000000
v 0.573690 0.635144 -4.000000
v 0.634316 0.703122 -4.000000
v 0.686965 0.777474 -4.000000
v 0.730975 0.857266 -4.000000
v 0.987421 1.210000 -4.000000
v 0.765792 0.941493 -4.000000
v 0.790979 1.029097 -4.000000
v 0.806219 1.118976 -4.000000
v 0.811321 1.210000 -4.000000
v -0.987421 1.210001 4.000000
v -0.811321 1.210001 4.000000
v -1.000000 1.210001 3.987480
v -0.990677 1.210001 3.999573
v -0.993711 1.210001 3.998322
v -0.996316 1.210001 3.996333
v -0.998315 1.210001 3.993740
v -0.999572 1.210001 3.990721
v -0.990677 1.138824 3.999573
v -0.990677 1.067648 3.999573
v -0.990677 0.996471 3.999573
v -0.993711 0.996471 3.998323
v -0.993711 0.925295 3.998323
v -0.996316 0.925295 3.996333
v -0.996316 0.854118 3.996333
v -0.998315 0.854118 3.993740
v -0.998315 0.782942 3.993740
v -0.999572 0.782942 3.990721
v -0.999572 0.711765 3.990721
v -0.999572 0.640589 3.990721
v -1.000000 0.000000 3.987481
v -0.999572 0.569412 3.990721
v -0.999572 0.498236 3.990721
v -0.998315 0.569412 3.993740
v -0.998315 0.498236 3.993740
v -0.996316 0.569412 3.996333
v -0.996316 0.498236 3.996333
v -0.993711 0.569412 3.998323
v -0.993711 0.498236 3.998323
v -0.990677 0.569412 3.999573
v -0.990677 0.498236 3.999573
v -0.987421 0.000000 4.000000
v -0.990677 0.427059 3.999573
v -0.990677 0.355883 3.999573
v -0.993711 0.355883 3.998323
v -0.993711 0.284706 3.998323
v -0.996316 0.284706 3.996333
v -0.996316 0.213530 3.996333
v -0.998315 0.213530 3.993740
v -0.998315 0.142353 3.993740
v -0.999572 0.142353 3.990721
v -0.999572 0.071177 3.990721
v -0.999572 0.000000 3.990721
v -0.993711 1.138824 3.998322
v -0.996316 1.138824 3.996333
v -0.998315 1.138824 3.993740
v -0.999572 1.138824 3.990721
v -0.998315 0.071177 3.993740
v -0.998315 0.000000 3.993740
v -0.996316 0.071177 3.996333
v -0.996316 0.000000 3.996333
v -0.993711 0.071177 3.998323
v -0.993711 0.000000 3.998323
v -0.990677 0.071177 3.999573
v -0.990677 0.000000 3.999573
v -0.990677 0.640589 3.999573
v -0.993711 0.640589 3.998323
v -0.996316 0.640589 3.996333
v -0.998315 0.640589 3.993740
v -0.993711 1.067648 3.998322
v -0.996316 1.067648 3.996333
v -0.998315 1.067648 3.993740
v -0.999572 1.067648 3.990721
v -0.990677 0.925295 3.999573
v -0.990677 0.854118 3.999573
v -0.990677 0.782942 3.999573
v -0.993711 0.782942 3.998323
v -0.993711 0.711765 3.998323
v -0.996316 0.711765 3.996333
v -0.993711 0.854118 3.998323
v -0.990677 0.711765 3.999573
v -0.993711 0.427059 3.998323
v -0.996316 0.427059 3.996333
v -0.998315 0.427059 3.993740
v -0.999572 0.427059 3.990721
v -0.990677 0.284706 3.999573
v -0.990677 0.213530 3.999573
v -0.990677 0.142353 3.999573
v -0.993711 0.142353 3.998323
v -0.993711 0.213530 3.998323
v -0.996316 0.996471 3.996333
v -0.998315 0.925295 3.993740
v -0.999572 0.854118 3.990721
v -0.996316 0.782942 3.996333
v -0.996316 0.355883 3.996333
v -0.998315 0.284706 3.993740
v -0.999572 0.213530 3.990721
v -0.996316 0.142353 3.996333
v -0.998315 0.996471 3.993740
v -0.999572 0.996471 3.990721
v -0.998315 0.711765 3.993740
v -0.998315 0.355883 3.993740
v -0.999572 0.355883 3.990721
v -0.999572 0.925295 3.990721
v -0.999572 0.284706 3.990721
v -0.730975 0.857267 4.000000
v -0.765792 0.941494 4.000000
v -0.790979 1.029098 4.000000
v 0.987421 0.000000 4.000000
v -0.000000 0.397032 4.000000
v -0.090839 0.402144 4.000000
v -0.180536 0.417415 4.000000
v 0.987421 1.210001 4.000000
v 0.730975 0.857267 4.000000
v 0.686965 0.777475 4.000000
v 0.634316 0.703123 4.000000
v 0.811321 1.210001 4.000000
v 0.806219 1.118977 4.000000
v 0.790979 1.029098 4.000000
v 0.765792 0.941494 4.000000
v 0.573690 0.635145 4.000000
v 0.505850 0.574396 4.000000
v 0.431649 0.521640 4.000000
v 0.352019 0.477541 4.000000
v 0.267962 0.442653 4.000000
v 0.180536 0.417415 4.000000
v 0.090839 0.402144 4.000000
v -0.267962 0.442653 4.000000
v -0.352019 0.477541 4.000000
v -0.431649 0.521640 4.000000
v -0.505850 0.574396 4.000000
v -0.573690 0.635145 4.000000
v -0.634316 0.703123 4.000000
v -0.686965 0.777475 4.000000
v -0.806219 1.118977 4.000000
v 0.990677 1.210000 -3.999574
v 0.990677 1.138823 -3.999574
v 0.990677 1.067647 -3.999574
v 0.990677 0.996470 -3.999573
v 0.993711 0.996470 -3.998323
v 0.993711 0.925294 -3.998323
v 0.996316 0.925294 -3.996333
v 0.996316 0.854117 -3.996333
v 0.998315 0.854117 -3.993740
v 0.998315 0.782941 -3.993740
v 0.999572 0.782941 -3.990721
v 0.999572 0.711764 -3.990721
v 1.000000 1.210000 -3.987481
v 0.999572 0.640588 -3.990721
v 1.000000 -0.000000 -3.987481
v 0.999572 0.569411 -3.990721
v 0.999572 0.498235 -3.990721
v 0.998315 0.569411 -3.993740
v 0.998315 0.498235 -3.993740
v 0.996316 0.569411 -3.996333
v 0.996316 0.498235 -3.996333
v 0.993711 0.569411 -3.998323
v 0.993711 0.498235 -3.998323
v 0.990677 0.569411 -3.999573
v 0.990677 0.498235 -3.999573
v 0.990677 0.427058 -3.999573
v 0.990677 0.355882 -3.999573
v 0.993711 0.355882 -3.998323
v 0.993711 0.284705 -3.998323
v 0.996316 0.284705 -3.996333
v 0.996316 0.213529 -3.996333
v 0.998315 0.213529 -3.993740
v 0.998315 0.142352 -3.993740
v 0.999572 0.142352 -3.990721
v 0.999572 0.071176 -3.990721
v 0.999572 -0.000000 -3.990721
v 0.993711 1.138823 -3.998323
v 0.993711 1.210000 -3.998323
v 0.996316 1.138823 -3.996334
v 0.996316 1.210000 -3.996334
v 0.998315 1.138823 -3.993741
v 0.998315 1.210000 -3.993741
v 0.999572 1.138823 -3.990721
v 0.999572 1.210000 -3.990721
v 0.998315 0.071176 -3.993740
v 0.998315 -0.000000 -3.993740
v 0.996316 0.071176 -3.996333
v 0.996316 -0.000000 -3.996333
v 0.993711 0.071176 -3.998323
v 0.993711 -0.000000 -3.998323
v 0.990677 0.071176 -3.999573
v 0.990677 -0.000000 -3.999573
v 0.990677 0.640588 -3.999573
v 0.993711 0.640588 -3.998323
v 0.996316 0.640588 -3.996333
v 0.998315 0.640588 -3.993740
v 0.993711 1.067647 -3.998323
v 0.996316 1.067647 -3.996334
v 0.998315 1.067647 -3.993741
v 0.999572 1.067647 -3.990721
v 0.990677 0.925294 -3.999573
v 0.990677 0.854117 -3.999573
v 0.990677 0.782941 -3.999573
v 0.993711 0.782941 -3.998323
v 0.993711 0.711764 -3.998323
v 0.996316 0.711764 -3.996333
v 0.993711 0.854117 -3.998323
v 0.990677 0.711764 -3.999573
v 0.993711 0.427058 -3.998323
v 0.996316 0.427058 -3.996333
v 0.998315 0.427058 -3.993740
v 0.999572 0.427058 -3.990721
v 0.990677 0.284705 -3.999573
v 0.990677 0.213529 -3.999573
v 0.990677 0.142352 -3.999573
v 0.993711 0.142352 -3.998323
v 0.993711 0.213529 -3.998323
v 0.996316 0.996470 -3.996333
v 0.998315 0.925294 -3.993740
v 0.999572 0.854117 -3.990721
v 0.996316 0.782941 -3.996333
v 0.996316 0.355882 -3.996333
v 0.998315 0.284705 -3.993740
v 0.999572 0.213529 -3.990721
v 0.996316 0.142352 -3.996333
v 0.998315 0.996470 -3.993740
v 0.999572 0.996470 -3.990721
v 0.998315 0.711764 -3.993740
v 0.998315 0.355882 -3.993740
v 0.999572 0.355882 -3.990721
v 0.999572 0.925294 -3.990721
v 0.999572 0.284705 -3.990721
v 1.000000 1.210001 3.987480
v 1.000000 0.000000 3.987481
v 0.990677 1.210001 3.999573
v 0.993711 1.210001 3.998322
v 0.996316 1.210001 3.996333
v 0.998315 1.210001 3.993740
v 0.999572 1.210001 3.990721
v 0.999572 1.138824 3.990721
v 0.999572 1.067648 3.990721
v 0.999572 0.996471 3.990721
v 0.998315 0.996471 3.993740
v 0.998315 0.925295 3.993740
v 0.996316 0.925295 3.996333
v 0.996316 0.854118 3.996333
v 0.993711 0.854118 3.998323
v 0.993711 0.782942 3.998323
v 0.990677 0.782942 3.999573
v 0.990677 0.711765 3.999573
v 0.990677 0.640589 3.999573
v 0.990677 0.569412 3.999573
v 0.990677 0.498236 3.999573
v 0.993711 0.569412 3.998323
v 0.993711 0.498236 3.998323
v 0.996316 0.569412 3.996333
v 0.996316 0.498236 3.996333
v 0.998315 0.569412 3.993740
v 0.998315 0.498236 3.993740
v 0.999572 0.569412 3.990721
v 0.999572 0.498236 3.990721
v 0.999572 0.427059 3.990721
v 0.999572 0.355883 3.990721
v 0.998315 0.355883 3.993740
v 0.998315 0.284706 3.993740
v 0.996316 0.284706 3.996333
v 0.996316 0.213530 3.996333
v 0.993711 0.213530 3.998323
v 0.993711 0.142353 3.998323
v 0.990677 0.142353 3.999573
v 0.990677 0.071177 3.999573
v 0.990677 0.000000 3.999573
v 0.998315 1.138824 3.993740
v 0.996316 1.138824 3.996333
v 0.993711 1.138824 3.998322
v 0.990677 1.138824 3.999573
v 0.993711 0.071177 3.998323
v 0.993711 0.000000 3.998323
v 0.996316 0.071177 3.996333
v 0.996316 0.000000 3.996333
v 0.998315 0.071177 3.993740
v 0.998315 0.000000 3.993740
v 0.999572 0.071177 3.990721
v 0.999572 0.000000 3.990721
v 0.999572 0.640589 3.990721
v 0.998315 0.640589 3.993740
v 0.996316 0.640589 3.996333
v 0.993711 0.640589 3.998323
v 0.998315 1.067648 3.993740
v 0.996316 1.067648 3.996333
v 0.993711 1.067648 3.998322
v 0.990677 1.067648 3.999573
v 0.999572 0.925295 3.990721
v 0.999572 0.854118 3.990721
v 0.999572 0.782942 3.990721
v 0.998315 0.782942 3.993740
v 0.998315 0.711765 3.993740
v 0.996316 0.711765 3.996333
v 0.998315 0.854118 3.993740
v 0.999572 0.711765 3.990721
v 0.998315 0.427059 3.993740
v 0.996316 0.427059 3.996333
v 0.993711 0.427059 3.998323
v 0.990677 0.427059 3.999573
v 0.999572 0.284706 3.990721
v 0.999572 0.213530 3.990721
v 0.999572 0.142353 3.990721
v 0.998315 0.142353 3.993740
v 0.998315 0.213530 3.993740
v 0.996316 0.996471 3.996333
v 0.993711 0.925295 3.998323
v 0.990677 0.854118 3.999573
v 0.996316 0.782942 3.996333
v 0.996316 0.355883 3.996333
v 0.993711 0.284706 3.998323
v 0.990677 0.213530 3.999573
v 0.996316 0.142353 3.996333
v 0.993711 0.996471 3.998323
v 0.990677 0.996471 3.999573
v 0.993711 0.711765 3.998323
v 0.993711 0.355883 3.998323
v 0.990677 0.355883 3.999573
v 0.990677 0.925295 3.999573
v 0.990677 0.284706 3.999573
v 0.339623 0.368725 -3.004695
v 0.337992 0.368050 -2.972144
v 0.337992 0.368050 -3.037246
v 0.333102 0.366083 -3.070146
v 0.333102 0.366083 -2.939244
v 0.324953 0.362911 -3.102793
v 0.324953 0.362911 -2.906597
v 0.313548 0.358622 -3.134586
v 0.313548 0.358622 -2.874804
v 0.298966 0.353380 -3.164969
v 0.298966 0.353380 -2.844421
v 0.281584 0.347496 -3.193529
v 0.281584 0.347496 -2.815861
v 0.261852 0.341270 -3.219883
v 0.261852 0.341270 -2.789507
v 0.240218 0.335004 -2.765741
v 0.216350 0.328788 -2.744194
v 0.216350 0.328788 -3.265196
v 0.240218 0.335004 -3.243649
v 0.189865 0.322691 -3.284861
v 0.189865 0.322691 -2.724529
v 0.161152 0.316997 -2.707199
v 0.130597 0.311984 -2.692658
v 0.130597 0.311984 -3.316732
v 0.161152 0.316997 -3.302191
v 0.098621 0.307928 -3.328104
v 0.098621 0.307928 -2.681286
v 0.065790 0.304953 -2.673164
v 0.032713 0.303123 -2.668291
v 0.032713 0.303123 -3.341099
v 0.065790 0.304953 -3.336226
v 0.000000 0.302500 -3.342723
v -0.000000 0.302500 -2.666667
v -0.032713 0.303123 -3.341099
v -0.032713 0.303123 -2.668291
v -0.065790 0.304953 -3.336226
v -0.065790 0.304953 -2.673164
v -0.098621 0.307928 -2.681286
v -0.130597 0.311984 -2.692658
v -0.130597 0.311984 -3.316732
v -0.098621 0.307928 -3.328104
v -0.161152 0.316997 -3.302191
v -0.161152 0.316997 -2.707199
v -0.189865 0.322691 -2.724529
v -0.216350 0.328788 -2.744194
v -0.216350 0.328788 -3.265196
v -0.189865 0.322691 -3.284861
v -0.240218 0.335004 -3.243649
v -0.240218 0.335004 -2.765741
v -0.261852 0.341270 -2.789507
v -0.281584 0.347496 -2.815861
v -0.281584 0.347496 -3.193529
v -0.261852 0.341270 -3.219883
v -0.298966 0.353380 -3.164969
v -0.298966 0.353380 -2.844421
v -0.313548 0.358622 -3.134586
v -0.313548 0.358622 -2.874804
v -0.324953 0.362911 -3.102793
v -0.324953 0.362911 -2.906597
v -0.333102 0.366083 -3.070146
v -0.333102 0.366083 -2.939244
v -0.337992 0.368050 -3.037246
v -0.337992 0.368050 -2.972144
v -0.339623 0.368725 -3.004695
v 0.413084 0.402370 -2.043103
v 0.413084 0.402370 -2.964721
v 0.415094 0.403432 -2.003130
v 0.415094 0.403431 -3.004695
v 0.425279 0.408776 -1.953052
v 0.471698 0.435305 -3.793427
v 0.509458 0.459698 -1.953052
v 0.493051 0.448771 -3.793427
v 0.514020 0.462828 -3.793427
v 0.407066 0.399288 -2.924404
v 0.407066 0.399288 -2.083421
v 0.397065 0.394343 -2.884469
v 0.397065 0.394343 -2.123356
v 0.383101 0.387690 -2.845643
v 0.383101 0.387690 -2.162182
v 0.365290 0.379609 -2.808591
v 0.365290 0.379609 -2.199234
v 0.344092 0.370582 -2.773792
v 0.344092 0.370583 -2.234033
v 0.320053 0.361075 -2.266127
v 0.293717 0.351550 -2.295068
v 0.293717 0.351550 -2.712757
v 0.320053 0.361075 -2.741698
v 0.264669 0.342138 -2.686500
v 0.264669 0.342138 -2.321325
v 0.232405 0.332928 -2.345325
v 0.197388 0.324339 -2.366509
v 0.197388 0.324339 -2.641316
v 0.232405 0.332928 -2.662500
v 0.160078 0.316788 -2.623507
v 0.160078 0.316788 -2.384318
v 0.120972 0.310678 -2.398275
v 0.080760 0.306197 -2.408264
v 0.080760 0.306197 -2.599560
v 0.120972 0.310678 -2.609550
v 0.040187 0.303440 -2.414270
v 0.040187 0.303440 -2.593555
v 0.000000 0.302500 -2.591549
v 0.000000 0.302500 -2.416276
v -0.040187 0.303440 -2.593555
v -0.040187 0.303440 -2.414270
v -0.080760 0.306197 -2.408264
v -0.120972 0.310678 -2.398275
v -0.120972 0.310678 -2.609550
v -0.080760 0.306197 -2.599560
v -0.160078 0.316788 -2.384318
v -0.160078 0.316788 -2.623507
v -0.197388 0.324339 -2.641316
v -0.197388 0.324339 -2.366509
v -0.232405 0.332928 -2.662500
v -0.232405 0.332928 -2.345325
v -0.264669 0.342138 -2.321325
v -0.293717 0.351550 -2.295068
v -0.293717 0.351550 -2.712757
v -0.264669 0.342138 -2.686500
v -0.320053 0.361075 -2.741698
v -0.320053 0.361075 -2.266127
v -0.344092 0.370583 -2.234033
v -0.365290 0.379609 -2.199234
v -0.365290 0.379609 -2.808591
v -0.344092 0.370582 -2.773792
v -0.383101 0.387690 -2.845643
v -0.383101 0.387690 -2.162182
v -0.397065 0.394343 -2.884469
v -0.397065 0.394343 -2.123356
v -0.407066 0.399288 -2.924404
v -0.407066 0.399288 -2.083421
v -0.413084 0.402370 -2.964721
v -0.413084 0.402370 -2.043103
v -0.415094 0.403431 -3.004695
v -0.415094 0.403432 -2.003130
v -0.425279 0.408776 -1.953052
v -0.413084 0.402370 -1.963156
v -0.415094 0.403432 -1.001565
v -0.413084 0.402370 -1.041538
v -0.407066 0.399288 -1.081856
v -0.407066 0.399288 -1.922839
v -0.397065 0.394343 -1.121791
v -0.397065 0.394343 -1.882904
v -0.383101 0.387690 -1.160617
v -0.383101 0.387690 -1.844078
v -0.365290 0.379609 -1.197669
v -0.365290 0.379609 -1.807026
v -0.344092 0.370583 -1.232468
v -0.344092 0.370583 -1.772227
v -0.320053 0.361075 -1.740133
v -0.293717 0.351550 -1.711192
v -0.293717 0.351550 -1.293503
v -0.320053 0.361075 -1.264562
v -0.264669 0.342138 -1.319760
v -0.264669 0.342138 -1.684935
v -0.232405 0.332928 -1.660935
v -0.197388 0.324339 -1.639751
v -0.197388 0.324339 -1.364944
v -0.232405 0.332928 -1.343760
v -0.160078 0.316788 -1.382753
v -0.160078 0.316788 -1.621942
v -0.120972 0.310678 -1.607985
v -0.080760 0.306197 -1.597995
v -0.080760 0.306197 -1.406700
v -0.120972 0.310678 -1.396710
v -0.040187 0.303440 -1.591990
v -0.040187 0.303440 -1.412705
v -0.000000 0.302500 -1.414711
v 0.000000 0.302500 -1.589984
v 0.040187 0.303440 -1.412705
v 0.040187 0.303440 -1.591990
v 0.080760 0.306197 -1.597995
v 0.120972 0.310678 -1.607985
v 0.120972 0.310678 -1.396710
v 0.080760 0.306197 -1.406700
v 0.160078 0.316788 -1.621942
v 0.160078 0.316788 -1.382753
v 0.197388 0.324339 -1.364944
v 0.197388 0.324339 -1.639751
v 0.232405 0.332928 -1.343760
v 0.232405 0.332928 -1.660935
v 0.264669 0.342138 -1.684935
v 0.293717 0.351550 -1.711192
v 0.293717 0.351550 -1.293503
v 0.264669 0.342138 -1.319760
v 0.320053 0.361075 -1.264562
v 0.320053 0.361075 -1.740133
v 0.344092 0.370583 -1.772227
v 0.365290 0.379609 -1.807026
v 0.365290 0.379609 -1.197669
v 0.344092 0.370583 -1.232468
v 0.383101 0.387690 -1.160617
v 0.383101 0.387690 -1.844078
v 0.397065 0.394343 -1.121791
v 0.397065 0.394343 -1.882904
v 0.407066 0.399288 -1.081856
v 0.407066 0.399288 -1.922839
v 0.413084 0.402370 -1.041538
v 0.413084 0.402370 -1.963156
v 0.415094 0.403432 -1.953052
v 0.413084 0.402370 -0.039973
v 0.413084 0.402370 -0.961592
v 0.415094 0.403432 -0.000000
v 0.415094 0.403432 -1.001565
v 0.425279 0.408777 -0.000000
v 0.509458 0.459698 -0.000000
v 0.534591 0.477466 -0.000000
v 0.534591 0.477466 -1.953052
v 0.587632 0.519464 -0.000000
v 0.587632 0.519463 -1.953052
v 0.658879 0.587369 -0.000000
v 0.658879 0.587369 -1.953052
v 0.722359 0.662614 -0.000000
v 0.722359 0.662614 -1.953052
v 0.777325 0.744312 -0.000000
v 0.777325 0.744311 -1.953052
v 0.792453 0.770658 -0.532081
v 0.792453 0.770658 -1.471049
v 0.832356 0.852337 -1.471049
v 0.407066 0.399288 -0.921274
v 0.407066 0.399289 -0.080291
v 0.397065 0.394343 -0.881339
v 0.397065 0.394343 -0.120226
v 0.383101 0.387691 -0.842513
v 0.383101 0.387691 -0.159052
v 0.365290 0.379609 -0.805461
v 0.365290 0.379609 -0.196104
v 0.344092 0.370583 -0.770662
v 0.344092 0.370583 -0.230903
v 0.320053 0.361076 -0.262997
v 0.293717 0.351550 -0.291938
v 0.293717 0.351550 -0.709627
v 0.320053 0.361076 -0.738568
v 0.264669 0.342138 -0.683370
v 0.264669 0.342138 -0.318195
v 0.232405 0.332928 -0.342195
v 0.197388 0.324339 -0.363379
v 0.197388 0.324339 -0.638186
v 0.232405 0.332928 -0.659370
v 0.160078 0.316788 -0.620377
v 0.160078 0.316788 -0.381188
v 0.120972 0.310678 -0.395145
v 0.080760 0.306198 -0.405135
v 0.080760 0.306198 -0.596430
v 0.120972 0.310678 -0.606420
v 0.040187 0.303440 -0.411140
v 0.040187 0.303440 -0.590425
v 0.000000 0.302500 -0.588419
v -0.000000 0.302500 -0.413146
v -0.040187 0.303440 -0.590425
v -0.040187 0.303440 -0.411140
v -0.080760 0.306198 -0.405135
v -0.120972 0.310678 -0.395145
v -0.120972 0.310678 -0.606420
v -0.080760 0.306198 -0.596430
v -0.160078 0.316788 -0.381188
v -0.160078 0.316788 -0.620377
v -0.197388 0.324339 -0.638186
v -0.197388 0.324339 -0.363379
v -0.232405 0.332928 -0.659370
v -0.232405 0.332928 -0.342195
v -0.264669 0.342138 -0.318195
v -0.293717 0.351550 -0.291938
v -0.293717 0.351550 -0.709627
v -0.264669 0.342138 -0.683370
v -0.320053 0.361076 -0.738568
v -0.320053 0.361076 -0.262997
v -0.344092 0.370583 -0.230903
v -0.365290 0.379609 -0.196104
v -0.365290 0.379609 -0.805461
v -0.344092 0.370583 -0.770662
v -0.383101 0.387691 -0.842513
v -0.383101 0.387691 -0.159052
v -0.397065 0.394343 -0.881339
v -0.397065 0.394343 -0.120226
v -0.407066 0.399288 -0.921274
v -0.407066 0.399289 -0.080291
v -0.413084 0.402370 -0.961592
v -0.413084 0.402370 -0.039973
v -0.415094 0.403432 -0.000000
v -0.425279 0.408777 -0.000000
v -0.415094 0.403432 1.001565
v -0.425279 0.408777 1.953052
v -0.413084 0.402370 1.963156
v -0.415094 0.403432 2.003130
v -0.413084 0.402370 0.961591
v -0.413084 0.402370 0.039973
v -0.407066 0.399289 0.921274
v -0.407066 0.399289 0.080291
v -0.397065 0.394344 0.881339
v -0.397065 0.394343 0.120226
v -0.383101 0.387691 0.842513
v -0.383101 0.387691 0.159052
v -0.365290 0.379609 0.805461
v -0.365290 0.379609 0.196104
v -0.344092 0.370583 0.770662
v -0.344092 0.370583 0.230903
v -0.320053 0.361076 0.262997
v -0.293717 0.351550 0.291938
v -0.293717 0.351551 0.709627
v -0.320053 0.361076 0.738568
v -0.264669 0.342138 0.683370
v -0.264669 0.342138 0.318195
v -0.232405 0.332928 0.342195
v -0.197388 0.324339 0.363379
v -0.197388 0.324339 0.638186
v -0.232405 0.332928 0.659370
v -0.160078 0.316788 0.620377
v -0.160078 0.316788 0.381188
v -0.120972 0.310678 0.395145
v -0.080760 0.306198 0.405134
v -0.080760 0.306198 0.596430
v -0.120972 0.310678 0.606420
v -0.040187 0.303440 0.411140
v -0.040187 0.303440 0.590425
v 0.000000 0.302500 0.588419
v 0.000000 0.302500 0.413146
v 0.040187 0.303440 0.590425
v 0.040187 0.303440 0.411140
v 0.080760 0.306198 0.405134
v 0.120972 0.310678 0.395145
v 0.120972 0.310678 0.606420
v 0.080760 0.306198 0.596430
v 0.160078 0.316788 0.381188
v 0.160078 0.316788 0.620377
v 0.197388 0.324339 0.638186
v 0.197388 0.324339 0.363379
v 0.232405 0.332928 0.659370
v 0.232405 0.332928 0.342195
v 0.264669 0.342138 0.318195
v 0.293717 0.351550 0.291938
v 0.293717 0.351551 0.709627
v 0.264669 0.342138 0.683370
v 0.320053 0.361076 0.738568
v 0.320053 0.361076 0.262997
v 0.344092 0.370583 0.230903
v 0.365290 0.379609 0.196104
v 0.365290 0.379609 0.805461
v 0.344092 0.370583 0.770662
v 0.383101 0.387691 0.842513
v 0.383101 0.387691 0.159052
v 0.397065 0.394344 0.881339
v 0.397065 0.394343 0.120226
v 0.407066 0.399289 0.921274
v 0.407066 0.399289 0.080291
v 0.413084 0.402370 0.961591
v 0.413084 0.402370 0.039973
v 0.415094 0.403432 1.001565
v 0.413084 0.402370 1.963156
v 0.415094 0.403432 1.953052
v 0.415094 0.403432 2.003130
v 0.425279 0.408777 1.953052
v 0.415094 0.403432 3.004695
v 0.471698 0.435305 3.906104
v 0.392480 0.392144 3.906104
v 0.407066 0.399289 1.922839
v 0.407066 0.399289 1.081856
v 0.413084 0.402370 1.041538
v 0.509458 0.459698 1.953052
v 0.534591 0.477466 1.953052
v 0.587632 0.519464 1.953052
v 0.658879 0.587369 1.953052
v 0.722359 0.662614 1.953052
v 0.777325 0.744312 1.953052
v 0.792453 0.770658 0.532081
v 0.792453 0.770658 0.469483
v 0.792453 0.770658 -0.469484
v 0.823127 0.831499 -0.000000
v 0.832356 0.852337 -0.469484
v 0.832356 0.852337 0.469483
v 0.859226 0.923147 -0.000000
v 0.863900 0.937607 0.469483
v 0.863900 0.937607 -0.469484
v 0.885197 1.018177 -0.000000
v 0.886769 1.025612 -0.469484
v 0.900734 1.115469 0.469483
v 0.900734 1.115469 -0.469484
v 0.397065 0.394344 1.121791
v 0.397065 0.394344 1.882904
v 0.383101 0.387691 1.160617
v 0.383101 0.387691 1.844078
v 0.365290 0.379609 1.197669
v 0.365290 0.379609 1.807026
v 0.344092 0.370583 1.232468
v 0.344092 0.370583 1.772227
v 0.320053 0.361076 1.740133
v 0.293717 0.351551 1.711192
v 0.293717 0.351551 1.293503
v 0.320053 0.361076 1.264562
v 0.264669 0.342138 1.319760
v 0.264669 0.342138 1.684935
v 0.232405 0.332928 1.660935
v 0.197388 0.324339 1.639751
v 0.197388 0.324339 1.364944
v 0.232405 0.332928 1.343760
v 0.160078 0.316788 1.382753
v 0.160078 0.316788 1.621942
v 0.120972 0.310679 1.607985
v 0.080760 0.306198 1.597995
v 0.080760 0.306198 1.406700
v 0.120972 0.310679 1.396710
v 0.040187 0.303440 1.591990
v 0.040187 0.303440 1.412705
v 0.000000 0.302500 1.414711
v 0.000000 0.302500 1.589984
v -0.040187 0.303440 1.412705
v -0.040187 0.303440 1.591990
v -0.080760 0.306198 1.597995
v -0.120972 0.310679 1.607985
v -0.120972 0.310679 1.396710
v -0.080760 0.306198 1.406700
v -0.160078 0.316788 1.621942
v -0.160078 0.316788 1.382753
v -0.197388 0.324339 1.364944
v -0.197388 0.324339 1.639751
v -0.232405 0.332928 1.343760
v -0.232405 0.332928 1.660935
v -0.264669 0.342138 1.684935
v -0.293717 0.351551 1.711192
v -0.293717 0.351551 1.293503
v -0.264669 0.342138 1.319760
v -0.320053 0.361076 1.264562
v -0.320053 0.361076 1.740133
v -0.344092 0.370583 1.772227
v -0.365290 0.379609 1.807026
v -0.365290 0.379609 1.197669
v -0.344092 0.370583 1.232468
v -0.383101 0.387691 1.160617
v -0.383101 0.387691 1.844078
v -0.397065 0.394344 1.121791
v -0.397065 0.394344 1.882904
v -0.407066 0.399289 1.081856
v -0.407066 0.399289 1.922839
v -0.413084 0.402370 1.041538
v -0.413084 0.402370 2.043103
v -0.413084 0.402370 2.964721
v -0.415094 0.403432 3.004695
v -0.471698 0.435305 3.793427
v -0.471698 0.435305 1.953052
v -0.493051 0.448772 3.793427
v -0.509458 0.459698 1.953052
v -0.514020 0.462829 3.793427
v -0.534591 0.477466 3.793427
v -0.407066 0.399289 2.924404
v -0.407066 0.399289 2.083421
v -0.397065 0.394344 2.884469
v -0.397065 0.394344 2.123356
v -0.383101 0.387691 2.845643
v -0.383101 0.387691 2.162182
v -0.365290 0.379609 2.808591
v -0.365290 0.379609 2.199234
v -0.344092 0.370583 2.773792
v -0.344092 0.370583 2.234033
v -0.320053 0.361076 2.266127
v -0.293717 0.351551 2.295068
v -0.293717 0.351551 2.712757
v -0.320053 0.361076 2.741698
v -0.264669 0.342138 2.686500
v -0.264669 0.342138 2.321325
v -0.232405 0.332929 2.345325
v -0.197388 0.324339 2.366509
v -0.197388 0.324340 2.641316
v -0.232405 0.332929 2.662500
v -0.160078 0.316789 2.623507
v -0.160078 0.316789 2.384318
v -0.120972 0.310679 2.398275
v -0.080760 0.306198 2.408264
v -0.080760 0.306198 2.599560
v -0.120972 0.310679 2.609550
v -0.040187 0.303440 2.414270
v -0.040187 0.303440 2.593555
v 0.000000 0.302500 2.591549
v -0.000000 0.302500 2.416276
v 0.040187 0.303440 2.593555
v 0.040187 0.303440 2.414270
v 0.080760 0.306198 2.408264
v 0.120972 0.310679 2.398275
v 0.120972 0.310679 2.609550
v 0.080760 0.306198 2.599560
v 0.160078 0.316789 2.384318
v 0.160078 0.316789 2.623507
v 0.197388 0.324340 2.641316
v 0.197388 0.324339 2.366509
v 0.232405 0.332929 2.662500
v 0.232405 0.332929 2.345325
v 0.264669 0.342138 2.321325
v 0.293717 0.351551 2.295068
v 0.293717 0.351551 2.712757
v 0.264669 0.342138 2.686500
v 0.320053 0.361076 2.741698
v 0.320053 0.361076 2.266127
v 0.344092 0.370583 2.234033
v 0.365290 0.379609 2.199234
v 0.365290 0.379609 2.808591
v 0.344092 0.370583 2.773792
v 0.383101 0.387691 2.845643
v 0.383101 0.387691 2.162182
v 0.397065 0.394344 2.884469
v 0.397065 0.394344 2.123356
v 0.407066 0.399289 2.924404
v 0.407066 0.399289 2.083421
v 0.413084 0.402370 2.964721
v 0.413084 0.402370 2.043103
v -0.587632 0.519464 1.953052
v -0.534591 0.477466 3.906104
v -0.607850 0.537266 3.906104
v -0.658879 0.587369 1.953052
v -0.674492 0.604388 3.906104
v -0.722359 0.662614 1.953052
v -0.733792 0.678102 3.906104
v -0.777325 0.744312 1.953052
v -0.785105 0.757606 3.906104
v -0.792453 0.770659 1.953052
v -0.792453 0.770659 2.472614
v -0.823127 0.831499 1.953052
v -0.832356 0.852337 2.472614
v -0.832356 0.852337 1.533646
v -0.859226 0.923148 1.953052
v -0.863900 0.937607 1.533646
v -0.863900 0.937607 2.472614
v -0.885197 1.018178 1.953052
v -0.886769 1.025612 2.472613
v -0.886769 1.025612 1.533646
v -0.900734 1.115469 1.533646
v -0.900734 1.115469 2.472613
v -0.827871 0.842035 3.906104
v -0.792453 0.770659 3.536776
v -0.792453 0.770659 3.474179
v -0.792453 0.770659 2.535211
v -0.832356 0.852337 3.474179
v -0.832356 0.852337 2.535211
v -0.863900 0.937607 3.474179
v -0.863900 0.937607 2.535211
v -0.886769 1.025612 3.474178
v -0.886769 1.025612 2.535211
v -0.900734 1.115469 2.535211
v -0.900734 1.115469 3.474178
v -0.832356 0.852337 3.536776
v -0.861626 0.930469 3.906104
v -0.863900 0.937607 3.536776
v -0.886002 1.021945 3.906103
v -0.886769 1.025612 3.536776
v -0.900734 1.115469 3.906103
v -0.900734 1.115469 3.536776
v -0.792453 0.770659 1.533646
v -0.792453 0.770659 1.471048
v -0.792453 0.770658 0.532081
v -0.832356 0.852337 1.471048
v -0.832356 0.852337 0.532081
v -0.863900 0.937607 1.471048
v -0.863900 0.937607 0.532081
v -0.886769 1.025612 1.471048
v -0.886769 1.025612 0.532081
v -0.900734 1.115469 0.532081
v -0.900734 1.115469 1.471048
v -0.777325 0.744312 -0.000000
v -0.792453 0.770658 0.469483
v -0.792453 0.770658 -0.000000
v -0.823127 0.831499 -0.000000
v -0.792453 0.770658 -0.469484
v -0.832356 0.852337 -0.469484
v -0.832356 0.852337 0.469483
v -0.859226 0.923147 -0.000000
v -0.863900 0.937607 0.469483
v -0.863900 0.937607 -0.469484
v -0.885197 1.018177 -0.000000
v -0.886769 1.025612 -0.469484
v -0.900734 1.115469 -0.469484
v -0.886769 1.025612 0.469483
v -0.900734 1.115469 0.469483
v -0.792453 0.770658 -0.532081
v -0.777325 0.744311 -1.953052
v -0.792453 0.770658 -1.471049
v -0.792453 0.770658 -1.533646
v -0.832356 0.852337 -0.532081
v -0.832356 0.852337 -1.471049
v -0.863900 0.937607 -0.532081
v -0.863900 0.937606 -1.471049
v -0.886769 1.025612 -0.532081
v -0.886769 1.025612 -1.471049
v -0.900734 1.115469 -1.471049
v -0.900734 1.115469 -0.532081
v -0.832356 0.852337 -1.533646
v -0.823127 0.831498 -1.953052
v -0.792453 0.770658 -1.953052
v -0.792453 0.770658 -2.472614
v -0.792453 0.770658 -2.535211
v -0.863900 0.937606 -1.533646
v -0.859226 0.923147 -1.953052
v -0.832356 0.852336 -2.472614
v -0.886769 1.025612 -1.533646
v -0.885197 1.018177 -1.953052
v -0.863900 0.937606 -2.472614
v -0.900734 1.115469 -1.533646
v -0.900734 1.115469 -2.472614
v -0.886769 1.025612 -2.472614
v -0.792453 0.770658 -3.474179
v -0.832356 0.852336 -2.535211
v -0.832356 0.852336 -3.474179
v -0.863900 0.937606 -2.535211
v -0.863900 0.937606 -3.474179
v -0.886769 1.025612 -2.535212
v -0.886769 1.025612 -3.474179
v -0.900734 1.115468 -3.474179
v -0.900734 1.115468 -2.535212
v -0.785105 0.757605 -3.906104
v -0.792453 0.770658 -3.536776
v -0.827871 0.842034 -3.906104
v -0.832356 0.852336 -3.536776
v -0.861626 0.930468 -3.906104
v -0.863900 0.937606 -3.536776
v -0.886002 1.021945 -3.906104
v -0.886769 1.025611 -3.536777
v -0.900734 1.115468 -3.906104
v -0.900734 1.115468 -3.536777
v -0.733792 0.678101 -3.906104
v -0.722359 0.662614 -1.953052
v -0.722359 0.662614 -0.000000
v -0.658879 0.587369 -0.000000
v -0.674492 0.604387 -3.906104
v -0.658879 0.587369 -1.953052
v -0.587632 0.519464 -0.000000
v -0.607850 0.537265 -3.906104
v -0.587632 0.519463 -1.953052
v -0.509458 0.459698 -0.000000
v -0.534591 0.477465 -3.906104
v -0.534591 0.477465 -3.793427
v -0.509458 0.459698 -1.953052
v -0.514020 0.462828 -3.793427
v -0.493051 0.448771 -3.793427
v -0.471698 0.435305 -1.953052
v -0.471698 0.435305 -3.793427
v -0.471698 0.435305 -3.906104
v -0.392480 0.392143 -3.906104
v -0.413084 0.402370 -3.044668
v -0.407066 0.399288 -3.084986
v -0.397065 0.394343 -3.124921
v -0.383101 0.387690 -3.163747
v -0.365290 0.379608 -3.200799
v -0.344092 0.370582 -3.235598
v -0.309372 0.357089 -3.906104
v -0.320053 0.361075 -3.267692
v -0.293717 0.351550 -3.296633
v -0.264669 0.342137 -3.322890
v -0.223197 0.330490 -3.906104
v -0.232405 0.332928 -3.346890
v -0.197388 0.324339 -3.368074
v -0.134809 0.312610 -3.906104
v -0.160078 0.316788 -3.385883
v -0.120972 0.310678 -3.399840
v -0.080760 0.306197 -3.409829
v -0.045085 0.303625 -3.906104
v -0.040187 0.303440 -3.415835
v 0.000000 0.302500 -3.417840
v 0.045085 0.303625 -3.906104
v 0.040187 0.303440 -3.415835
v 0.080760 0.306197 -3.409829
v 0.134809 0.312610 -3.906104
v 0.120972 0.310678 -3.399840
v 0.160078 0.316788 -3.385883
v 0.223197 0.330490 -3.906104
v 0.197388 0.324339 -3.368074
v 0.232405 0.332928 -3.346890
v 0.264669 0.342137 -3.322890
v 0.309372 0.357089 -3.906104
v 0.293717 0.351550 -3.296633
v 0.320053 0.361075 -3.267692
v 0.344092 0.370582 -3.235598
v 0.392480 0.392143 -3.906104
v 0.365290 0.379608 -3.200799
v 0.383101 0.387690 -3.163747
v 0.397065 0.394343 -3.124921
v 0.407066 0.399288 -3.084986
v 0.413084 0.402370 -3.044668
v 0.471698 0.435305 -3.906104
v 0.534591 0.477465 -3.793427
v 0.534591 0.477465 -3.906104
v 0.607850 0.537265 -3.906104
v 0.674492 0.604387 -3.906104
v 0.733792 0.678101 -3.906104
v 0.785105 0.757605 -3.906104
v 0.792453 0.770658 -2.472614
v 0.792453 0.770658 -2.535211
v 0.792453 0.770658 -3.474179
v 0.832356 0.852336 -3.474179
v 0.792453 0.770658 -3.536776
v 0.827871 0.842034 -3.906104
v 0.832356 0.852336 -3.536776
v 0.861626 0.930468 -3.906104
v 0.863900 0.937606 -3.536776
v 0.886002 1.021945 -3.906104
v 0.886769 1.025611 -3.536777
v 0.900734 1.115468 -3.906104
v 0.900734 1.115468 -3.536777
v 0.832356 0.852336 -2.535211
v 0.863900 0.937606 -3.474179
v 0.863900 0.937606 -2.535211
v 0.886769 1.025612 -3.474179
v 0.886769 1.025612 -2.535212
v 0.900734 1.115468 -2.535212
v 0.900734 1.115468 -3.474179
v 0.832356 0.852336 -2.472614
v 0.823127 0.831498 -1.953052
v 0.792453 0.770658 -1.533646
v 0.863900 0.937606 -2.472614
v 0.859226 0.923147 -1.953052
v 0.832356 0.852337 -1.533646
v 0.886769 1.025612 -2.472614
v 0.885197 1.018177 -1.953052
v 0.863900 0.937606 -1.533646
v 0.900734 1.115469 -2.472614
v 0.900734 1.115469 -1.533646
v 0.886769 1.025612 -1.533646
v 0.832356 0.852337 -0.532081
v 0.863900 0.937606 -1.471049
v 0.863900 0.937607 -0.532081
v 0.886769 1.025612 -1.471049
v 0.886769 1.025612 -0.532081
v 0.900734 1.115469 -0.532081
v 0.900734 1.115469 -1.471049
v 0.886769 1.025612 0.469483
v 0.792453 0.770659 1.471048
v 0.832356 0.852337 0.532081
v 0.832356 0.852337 1.471048
v 0.863900 0.937607 0.532081
v 0.863900 0.937607 1.471048
v 0.886769 1.025612 0.532081
v 0.886769 1.025612 1.471048
v 0.900734 1.115469 1.471048
v 0.900734 1.115469 0.532081
v 0.792453 0.770659 1.533646
v 0.792453 0.770659 2.472614
v 0.785105 0.757606 3.906104
v 0.792453 0.770659 2.535211
v 0.792453 0.770659 3.474179
v 0.832356 0.852337 2.535211
v 0.832356 0.852337 3.474179
v 0.863900 0.937607 2.535211
v 0.863900 0.937607 3.474179
v 0.886769 1.025612 2.535211
v 0.886769 1.025612 3.474178
v 0.900734 1.115469 3.474178
v 0.900734 1.115469 2.535211
v 0.823127 0.831499 1.953052
v 0.832356 0.852337 1.533646
v 0.832356 0.852337 2.472614
v 0.859226 0.923148 1.953052
v 0.863900 0.937607 2.472614
v 0.863900 0.937607 1.533646
v 0.885197 1.018178 1.953052
v 0.886769 1.025612 1.533646
v 0.900734 1.115469 2.472613
v 0.900734 1.115469 1.533646
v 0.886769 1.025612 2.472613
v 0.792453 0.770659 3.536776
v 0.827871 0.842035 3.906104
v 0.832356 0.852337 3.536776
v 0.861626 0.930469 3.906104
v 0.863900 0.937607 3.536776
v 0.886002 1.021945 3.906103
v 0.886769 1.025612 3.536776
v 0.900734 1.115469 3.906103
v 0.900734 1.115469 3.536776
v 0.733792 0.678102 3.906104
v 0.674492 0.604388 3.906104
v 0.607850 0.537266 3.906104
v 0.534591 0.477466 3.906104
v 0.534591 0.477466 3.793427
v 0.514020 0.462829 3.793427
v 0.493051 0.448772 3.793427
v 0.471698 0.435305 3.793427
v 0.309372 0.357090 3.906104
v 0.344092 0.370583 3.235598
v 0.365290 0.379609 3.200799
v 0.383101 0.387691 3.163747
v 0.223197 0.330491 3.906104
v 0.264669 0.342138 3.322890
v 0.293717 0.351551 3.296633
v 0.320053 0.361076 3.267692
v 0.134809 0.312611 3.906104
v 0.160078 0.316789 3.385883
v 0.197388 0.324340 3.368074
v 0.232405 0.332929 3.346890
v 0.045085 0.303626 3.906104
v 0.080760 0.306198 3.409829
v 0.120972 0.310679 3.399840
v -0.045085 0.303626 3.906104
v 0.000000 0.302500 3.417840
v 0.040187 0.303441 3.415835
v -0.134809 0.312611 3.906104
v -0.080760 0.306198 3.409829
v -0.040187 0.303441 3.415835
v -0.223197 0.330491 3.906104
v -0.160078 0.316789 3.385883
v -0.120972 0.310679 3.399840
v -0.309372 0.357090 3.906104
v -0.264669 0.342138 3.322890
v -0.232405 0.332929 3.346890
v -0.197388 0.324340 3.368074
v -0.392480 0.392144 3.906104
v -0.344092 0.370583 3.235598
v -0.320053 0.361076 3.267692
v -0.293717 0.351551 3.296633
v -0.471698 0.435305 3.906104
v -0.413084 0.402370 3.044668
v -0.407066 0.399289 3.084986
v -0.397065 0.394344 3.124921
v -0.383101 0.387691 3.163747
v -0.365290 0.379609 3.200799
v 0.397065 0.394344 3.124921
v 0.407066 0.399289 3.084986
v 0.413084 0.402370 3.044668
v -0.471698 0.435305 -0.000000
v 0.339623 0.368725 -1.001565
v 0.337992 0.368050 -0.969014
v 0.337992 0.368050 -1.034116
v 0.333102 0.366083 -1.067016
v 0.333102 0.366083 -0.936114
v 0.324953 0.362911 -1.099663
v 0.324953 0.362911 -0.903467
v 0.313548 0.358622 -1.131456
v 0.313548 0.358622 -0.871674
v 0.298966 0.353381 -1.161839
v 0.298966 0.353381 -0.841291
v 0.281584 0.347496 -1.190399
v 0.281584 0.347496 -0.812731
v 0.261852 0.341270 -1.216753
v 0.261852 0.341270 -0.786377
v 0.240218 0.335005 -0.762612
v 0.216350 0.328788 -0.741064
v 0.216350 0.328788 -1.262066
v 0.240218 0.335005 -1.240519
v 0.189865 0.322692 -1.281731
v 0.189865 0.322692 -0.721399
v 0.161152 0.316997 -0.704069
v 0.130597 0.311985 -0.689528
v 0.130597 0.311985 -1.313602
v 0.161152 0.316997 -1.299061
v 0.098621 0.307928 -1.324974
v 0.098621 0.307928 -0.678156
v 0.065790 0.304954 -0.670034
v 0.032713 0.303124 -0.665161
v 0.032713 0.303124 -1.337969
v 0.065790 0.304954 -1.333096
v -0.000000 0.302500 -1.339593
v 0.000000 0.302500 -0.663537
v -0.032713 0.303124 -1.337969
v -0.032713 0.303124 -0.665161
v -0.065790 0.304954 -1.333096
v -0.065790 0.304954 -0.670034
v -0.098621 0.307928 -0.678156
v -0.130597 0.311985 -0.689528
v -0.130597 0.311985 -1.313602
v -0.098621 0.307928 -1.324974
v -0.161152 0.316997 -1.299061
v -0.161152 0.316997 -0.704069
v -0.189865 0.322692 -0.721399
v -0.216350 0.328788 -0.741064
v -0.216350 0.328788 -1.262066
v -0.189865 0.322692 -1.281731
v -0.240218 0.335005 -1.240519
v -0.240218 0.335005 -0.762612
v -0.261852 0.341270 -0.786377
v -0.281584 0.347496 -0.812731
v -0.281584 0.347496 -1.190399
v -0.261852 0.341270 -1.216753
v -0.298966 0.353381 -1.161839
v -0.298966 0.353381 -0.841291
v -0.313548 0.358622 -1.131456
v -0.313548 0.358622 -0.871674
v -0.324953 0.362911 -1.099663
v -0.324953 0.362911 -0.903467
v -0.333102 0.366083 -1.067016
v -0.333102 0.366083 -0.936114
v -0.337992 0.368050 -1.034116
v -0.337992 0.368050 -0.969014
v -0.339623 0.368725 -1.001565
v 0.339623 0.368725 1.001565
v 0.337992 0.368050 1.034116
v 0.337992 0.368050 0.969014
v 0.333102 0.366083 0.936114
v 0.333102 0.366083 1.067016
v 0.324953 0.362912 0.903467
v 0.324953 0.362912 1.099663
v 0.313548 0.358622 0.871674
v 0.313548 0.358622 1.131456
v 0.298966 0.353381 0.841291
v 0.298966 0.353381 1.161839
v 0.281584 0.347496 0.812731
v 0.281584 0.347496 1.190399
v 0.261852 0.341270 0.786377
v 0.261852 0.341270 1.216753
v 0.240218 0.335005 1.240519
v 0.216350 0.328788 1.262066
v 0.216350 0.328788 0.741064
v 0.240218 0.335005 0.762611
v 0.189865 0.322692 0.721399
v 0.189865 0.322692 1.281731
v 0.161152 0.316997 1.299061
v 0.130597 0.311985 1.313602
v 0.130597 0.311985 0.689528
v 0.161152 0.316997 0.704069
v 0.098621 0.307928 0.678156
v 0.098621 0.307928 1.324974
v 0.065790 0.304954 1.333096
v 0.032713 0.303124 1.337969
v 0.032713 0.303124 0.665161
v 0.065790 0.304954 0.670034
v 0.000000 0.302500 0.663537
v 0.000000 0.302500 1.339593
v -0.032713 0.303124 0.665161
v -0.032713 0.303124 1.337969
v -0.065790 0.304954 0.670034
v -0.065790 0.304954 1.333096
v -0.098621 0.307928 1.324974
v -0.130597 0.311985 1.313602
v -0.130597 0.311985 0.689528
v -0.098621 0.307928 0.678156
v -0.161152 0.316997 0.704069
v -0.161152 0.316997 1.299061
v -0.189865 0.322692 1.281731
v -0.216350 0.328788 1.262066
v -0.216350 0.328788 0.741064
v -0.189865 0.322692 0.721399
v -0.240218 0.335005 0.762611
v -0.240218 0.335005 1.240519
v -0.261852 0.341270 1.216753
v -0.281584 0.347496 1.190399
v -0.281584 0.347496 0.812731
v -0.261852 0.341270 0.786377
v -0.298966 0.353381 0.841291
v -0.298966 0.353381 1.161839
v -0.313548 0.358622 0.871674
v -0.313548 0.358622 1.131456
v -0.324953 0.362912 0.903467
v -0.324953 0.362912 1.099663
v -0.333102 0.366083 0.936114
v -0.333102 0.366083 1.067016
v -0.337992 0.368050 0.969014
v -0.337992 0.368050 1.034116
v -0.339623 0.368725 1.001565
v 0.339623 0.368725 3.004695
v 0.337992 0.368050 3.037246
v 0.337992 0.368050 2.972144
v 0.333102 0.366084 2.939244
v 0.333102 0.366084 3.070146
v 0.324953 0.362912 2.906597
v 0.324953 0.362912 3.102793
v 0.313548 0.358622 2.874804
v 0.313548 0.358623 3.134586
v 0.298966 0.353381 2.844421
v 0.298966 0.353381 3.164969
v 0.281584 0.347496 2.815861
v 0.281584 0.347496 3.193529
v 0.261852 0.341270 2.789507
v 0.261852 0.341270 3.219883
v 0.240218 0.335005 3.243649
v 0.216350 0.328788 3.265196
v 0.216350 0.328788 2.744194
v 0.240218 0.335005 2.765741
v 0.189865 0.322692 2.724529
v 0.189865 0.322692 3.284861
v 0.161152 0.316997 3.302191
v 0.130597 0.311985 3.316732
v 0.130597 0.311985 2.692658
v 0.161152 0.316997 2.707199
v 0.098621 0.307928 2.681286
v 0.098621 0.307929 3.328104
v 0.065790 0.304954 3.336226
v 0.032713 0.303124 3.341099
v 0.032713 0.303124 2.668291
v 0.065790 0.304954 2.673164
v 0.000000 0.302500 2.666667
v -0.000000 0.302500 3.342723
v -0.032713 0.303124 2.668291
v -0.032713 0.303124 3.341099
v -0.065790 0.304954 2.673164
v -0.065790 0.304954 3.336226
v -0.098621 0.307929 3.328104
v -0.130597 0.311985 3.316732
v -0.130597 0.311985 2.692658
v -0.098621 0.307928 2.681286
v -0.161152 0.316997 2.707199
v -0.161152 0.316997 3.302191
v -0.189865 0.322692 3.284861
v -0.216350 0.328788 3.265196
v -0.216350 0.328788 2.744194
v -0.189865 0.322692 2.724529
v -0.240218 0.335005 2.765741
v -0.240218 0.335005 3.243649
v -0.261852 0.341270 3.219883
v -0.281584 0.347496 3.193529
v -0.281584 0.347496 2.815861
v -0.261852 0.341270 2.789507
v -0.298966 0.353381 2.844421
v -0.298966 0.353381 3.164969
v -0.313548 0.358622 2.874804
v -0.313548 0.358623 3.134586
v -0.324953 0.362912 2.906597
v -0.324953 0.362912 3.102793
v -0.333102 0.366084 2.939244
v -0.333102 0.366084 3.070146
v -0.337992 0.368050 2.972144
v -0.337992 0.368050 3.037246
v -0.339623 0.368725 3.004695
v 0.339623 0.368725 2.003130
v 0.337992 0.368050 2.035681
v 0.337992 0.368050 1.970579
v 0.333102 0.366083 1.937679
v 0.333102 0.366083 2.068581
v 0.324953 0.362912 1.905032
v 0.324953 0.362912 2.101228
v 0.313548 0.358622 1.873239
v 0.313548 0.358622 2.133021
v 0.298966 0.353381 1.842856
v 0.298966 0.353381 2.163404
v 0.281584 0.347496 1.814296
v 0.281584 0.347496 2.191964
v 0.261852 0.341270 1.787942
v 0.261852 0.341270 2.218318
v 0.240218 0.335005 2.242084
v 0.216350 0.328788 2.263631
v 0.216350 0.328788 1.742629
v 0.240218 0.335005 1.764176
v 0.189865 0.322692 1.722964
v 0.189865 0.322692 2.283296
v 0.161152 0.316997 2.300626
v 0.130597 0.311985 2.315167
v 0.130597 0.311985 1.691093
v 0.161152 0.316997 1.705634
v 0.098621 0.307928 1.679721
v 0.098621 0.307928 2.326539
v 0.065790 0.304954 2.334661
v 0.032713 0.303124 2.339534
v 0.032713 0.303124 1.666726
v 0.065790 0.304954 1.671599
v 0.000000 0.302500 1.665102
v 0.000000 0.302500 2.341158
v -0.032713 0.303124 1.666726
v -0.032713 0.303124 2.339534
v -0.065790 0.304954 1.671599
v -0.065790 0.304954 2.334661
v -0.098621 0.307928 2.326539
v -0.130597 0.311985 2.315167
v -0.130597 0.311985 1.691093
v -0.098621 0.307928 1.679721
v -0.161152 0.316997 1.705634
v -0.161152 0.316997 2.300626
v -0.189865 0.322692 2.283296
v -0.216350 0.328788 2.263631
v -0.216350 0.328788 1.742629
v -0.189865 0.322692 1.722964
v -0.240218 0.335005 1.764176
v -0.240218 0.335005 2.242084
v -0.261852 0.341270 2.218318
v -0.281584 0.347496 2.191964
v -0.281584 0.347496 1.814296
v -0.261852 0.341270 1.787942
v -0.298966 0.353381 1.842856
v -0.298966 0.353381 2.163404
v -0.313548 0.358622 1.873239
v -0.313548 0.358622 2.133021
v -0.324953 0.362912 1.905032
v -0.324953 0.362912 2.101228
v -0.333102 0.366083 1.937679
v -0.333102 0.366083 2.068581
v -0.337992 0.368050 1.970579
v -0.337992 0.368050 2.035681
v -0.339623 0.368725 2.003130
v 0.339623 0.368725 -0.000000
v 0.337992 0.368050 0.032551
v 0.337992 0.368050 -0.032551
v 0.333102 0.366083 -0.065451
v 0.333102 0.366083 0.065451
v 0.324953 0.362912 -0.098098
v 0.324953 0.362912 0.098098
v 0.313548 0.358622 -0.129891
v 0.313548 0.358622 0.129891
v 0.298966 0.353381 -0.160274
v 0.298966 0.353381 0.160274
v 0.281584 0.347496 -0.188834
v 0.281584 0.347496 0.188834
v 0.261852 0.341270 -0.215188
v 0.261852 0.341270 0.215188
v 0.240218 0.335005 0.238954
v 0.216350 0.328788 0.260501
v 0.216350 0.328788 -0.260501
v 0.240218 0.335005 -0.238954
v 0.189865 0.322692 -0.280166
v 0.189865 0.322692 0.280166
v 0.161152 0.316997 0.297496
v 0.130597 0.311985 0.312037
v 0.130597 0.311985 -0.312037
v 0.161152 0.316997 -0.297496
v 0.098621 0.307928 -0.323409
v 0.098621 0.307928 0.323409
v 0.065790 0.304954 0.331531
v 0.032713 0.303124 0.336404
v 0.032713 0.303124 -0.336404
v 0.065790 0.304954 -0.331531
v -0.000000 0.302500 -0.338028
v 0.000000 0.302500 0.338028
v -0.032713 0.303124 -0.336404
v -0.032713 0.303124 0.336404
v -0.065790 0.304954 -0.331531
v -0.065790 0.304954 0.331531
v -0.098621 0.307928 0.323409
v -0.130597 0.311985 0.312037
v -0.130597 0.311985 -0.312037
v -0.098621 0.307928 -0.323409
v -0.161152 0.316997 -0.297496
v -0.161152 0.316997 0.297496
v -0.189865 0.322692 0.280166
v -0.216350 0.328788 0.260501
v -0.216350 0.328788 -0.260501
v -0.189865 0.322692 -0.280166
v -0.240218 0.335005 -0.238954
v -0.240218 0.335005 0.238954
v -0.261852 0.341270 0.215188
v -0.281584 0.347496 0.188834
v -0.281584 0.347496 -0.188834
v -0.261852 0.341270 -0.215188
v -0.298966 0.353381 -0.160274
v -0.298966 0.353381 0.160274
v -0.313548 0.358622 -0.129891
v -0.313548 0.358622 0.129891
v -0.324953 0.362912 -0.098098
v -0.324953 0.362912 0.098098
v -0.333102 0.366083 -0.065451
v -0.333102 0.366083 0.065451
v -0.337992 0.368050 -0.032551
v -0.337992 0.368050 0.032551
v -0.339623 0.368725 -0.000000
v 0.339623 0.368725 -2.003130
v 0.337992 0.368050 -1.970579
v 0.337992 0.368050 -2.035681
v 0.333102 0.366083 -2.068581
v 0.333102 0.366083 -1.937679
v 0.324953 0.362911 -2.101228
v 0.324953 0.362911 -1.905032
v 0.313548 0.358622 -2.133021
v 0.313548 0.358622 -1.873239
v 0.298966 0.353380 -2.163404
v 0.298966 0.353380 -1.842856
v 0.281584 0.347496 -2.191964
v 0.281584 0.347496 -1.814296
v 0.261852 0.341270 -2.218318
v 0.261852 0.341270 -1.787942
v 0.240218 0.335004 -1.764176
v 0.216350 0.328788 -1.742629
v 0.216350 0.328788 -2.263631
v 0.240218 0.335004 -2.242084
v 0.189865 0.322692 -2.283296
v 0.189865 0.322692 -1.722964
v 0.161152 0.316997 -1.705634
v 0.130597 0.311985 -1.691093
v 0.130597 0.311985 -2.315167
v 0.161152 0.316997 -2.300626
v 0.098621 0.307928 -2.326539
v 0.098621 0.307928 -1.679721
v 0.065790 0.304954 -1.671599
v 0.032713 0.303124 -1.666726
v 0.032713 0.303124 -2.339534
v 0.065790 0.304954 -2.334661
v -0.000000 0.302500 -2.341158
v 0.000000 0.302500 -1.665102
v -0.032713 0.303124 -2.339534
v -0.032713 0.303124 -1.666726
v -0.065790 0.304954 -2.334661
v -0.065790 0.304954 -1.671599
v -0.098621 0.307928 -1.679721
v -0.130597 0.311985 -1.691093
v -0.130597 0.311985 -2.315167
v -0.098621 0.307928 -2.326539
v -0.161152 0.316997 -2.300626
v -0.161152 0.316997 -1.705634
v -0.189865 0.322692 -1.722964
v -0.216350 0.328788 -1.742629
v -0.216350 0.328788 -2.263631
v -0.189865 0.322692 -2.283296
v -0.240218 0.335004 -2.242084
v -0.240218 0.335004 -1.764176
v -0.261852 0.341270 -1.787942
v -0.281584 0.347496 -1.814296
v -0.281584 0.347496 -2.191964
v -0.261852 0.341270 -2.218318
v -0.298966 0.353380 -2.163404
v -0.298966 0.353380 -1.842856
v -0.313548 0.358622 -2.133021
v -0.313548 0.358622 -1.873239
v -0.324953 0.362911 -2.101228
v -0.324953 0.362911 -1.905032
v -0.333102 0.366083 -2.068581
v -0.333102 0.366083 -1.937679
v -0.337992 0.368050 -2.035681
v -0.337992 0.368050 -1.970579
v -0.339623 0.368725 -2.003130
v -0.334463 -0.000000 -2.945997
v -0.409984 -0.000000 -2.940065
v -0.339623 -0.000000 -3.004695
v -0.415094 -0.000000 -3.004695
v -0.409984 -0.000000 -3.069325
v -0.394778 -0.000000 -2.877026
v -0.319141 -0.000000 -2.889082
v -0.369852 -0.000000 -2.817131
v -0.294122 -0.000000 -2.835681
v -0.335818 -0.000000 -2.761854
v -0.260166 -0.000000 -2.787415
v -0.293516 -0.000000 -2.712557
v -0.218305 -0.000000 -2.745750
v -0.243986 -0.000000 -2.670453
v -0.169811 -0.000000 -2.711954
v -0.188449 -0.000000 -2.636580
v -0.116158 -0.000000 -2.687052
v -0.128271 -0.000000 -2.611770
v -0.058975 -0.000000 -2.671802
v -0.064935 -0.000000 -2.596636
v 0.000000 -0.000000 -2.666667
v 0.000000 -0.000000 -2.591549
v 0.064935 -0.000000 -2.596636
v 0.058975 -0.000000 -2.671802
v 0.128271 -0.000000 -2.611770
v 0.116158 -0.000000 -2.687052
v 0.188449 -0.000000 -2.636580
v 0.169811 -0.000000 -2.711954
v 0.243986 -0.000000 -2.670453
v 0.218305 -0.000000 -2.745750
v 0.293516 -0.000000 -2.712557
v 0.260166 -0.000000 -2.787415
v 0.335818 -0.000000 -2.761854
v 0.294122 -0.000000 -2.835681
v 0.369852 -0.000000 -2.817131
v 0.319141 -0.000000 -2.889082
v 0.394778 -0.000000 -2.877026
v 0.334463 -0.000000 -2.945997
v 0.409984 -0.000000 -2.940065
v 0.339623 -0.000000 -3.004695
v 0.415094 -0.000000 -3.004695
v 0.409984 -0.000000 -3.069325
v 0.334463 -0.000000 -3.063393
v 0.394778 -0.000000 -3.132364
v 0.319141 -0.000000 -3.120307
v 0.369852 -0.000000 -3.192259
v 0.294122 -0.000000 -3.173709
v 0.335818 -0.000000 -3.247536
v 0.260166 -0.000000 -3.221975
v 0.293516 -0.000000 -3.296833
v 0.218305 -0.000000 -3.263639
v 0.243986 -0.000000 -3.338937
v 0.169811 -0.000000 -3.297436
v 0.188449 -0.000000 -3.372810
v 0.116158 -0.000000 -3.322338
v 0.128271 -0.000000 -3.397620
v 0.058975 -0.000000 -3.337588
v 0.064935 -0.000000 -3.412754
v 0.000000 -0.000000 -3.342723
v 0.000000 -0.000000 -3.417840
v -0.064935 -0.000000 -3.412754
v -0.058975 -0.000000 -3.337588
v -0.128271 -0.000000 -3.397620
v -0.116158 -0.000000 -3.322338
v -0.188449 -0.000000 -3.372810
v -0.169811 -0.000000 -3.297436
v -0.243986 -0.000000 -3.338937
v -0.218305 -0.000000 -3.263639
v -0.293516 -0.000000 -3.296833
v -0.260166 -0.000000 -3.221975
v -0.335818 -0.000000 -3.247536
v -0.294122 -0.000000 -3.173709
v -0.369852 -0.000000 -3.192259
v -0.319141 -0.000000 -3.120307
v -0.394778 -0.000000 -3.132364
v -0.334463 -0.000000 -3.063393
v -0.334463 -0.000000 -0.942867
v -0.409984 -0.000000 -0.936935
v -0.339623 -0.000000 -1.001565
v -0.415094 -0.000000 -1.001565
v -0.409984 -0.000000 -1.066195
v -0.394778 -0.000000 -0.873896
v -0.319141 -0.000000 -0.885953
v -0.369852 -0.000000 -0.814001
v -0.294122 -0.000000 -0.832551
v -0.335818 -0.000000 -0.758724
v -0.260166 -0.000000 -0.784285
v -0.293516 -0.000000 -0.709427
v -0.218305 -0.000000 -0.742620
v -0.243986 -0.000000 -0.667323
v -0.169811 -0.000000 -0.708824
v -0.188449 -0.000000 -0.633450
v -0.116158 -0.000000 -0.683922
v -0.128271 -0.000000 -0.608640
v -0.058975 -0.000000 -0.668672
v -0.064935 -0.000000 -0.593506
v 0.000000 -0.000000 -0.663537
v 0.000000 -0.000000 -0.588419
v 0.064935 -0.000000 -0.593506
v 0.058975 -0.000000 -0.668672
v 0.128271 -0.000000 -0.608640
v 0.116158 -0.000000 -0.683922
v 0.188449 -0.000000 -0.633450
v 0.169811 -0.000000 -0.708824
v 0.243986 -0.000000 -0.667323
v 0.218305 -0.000000 -0.742620
v 0.293516 -0.000000 -0.709427
v 0.260166 -0.000000 -0.784285
v 0.335818 -0.000000 -0.758724
v 0.294122 -0.000000 -0.832551
v 0.369852 -0.000000 -0.814001
v 0.319141 -0.000000 -0.885953
v 0.394778 -0.000000 -0.873896
v 0.334463 -0.000000 -0.942867
v 0.409984 -0.000000 -0.936935
v 0.339623 -0.000000 -1.001565
v 0.415094 -0.000000 -1.001565
v 0.409984 -0.000000 -1.066195
v 0.334463 -0.000000 -1.060263
v 0.394778 -0.000000 -1.129234
v 0.319141 -0.000000 -1.117177
v 0.369852 -0.000000 -1.189129
v 0.294122 -0.000000 -1.170579
v 0.335818 -0.000000 -1.244406
v 0.260166 -0.000000 -1.218845
v 0.293516 -0.000000 -1.293703
v 0.218305 -0.000000 -1.260510
v 0.243986 -0.000000 -1.335807
v 0.169811 -0.000000 -1.294306
v 0.188449 -0.000000 -1.369680
v 0.116158 -0.000000 -1.319208
v 0.128271 -0.000000 -1.394490
v 0.058975 -0.000000 -1.334458
v 0.064935 -0.000000 -1.409624
v 0.000000 -0.000000 -1.339593
v 0.000000 -0.000000 -1.414711
v -0.064935 -0.000000 -1.409624
v -0.058975 -0.000000 -1.334458
v -0.128271 -0.000000 -1.394490
v -0.116158 -0.000000 -1.319208
v -0.188449 -0.000000 -1.369680
v -0.169811 -0.000000 -1.294306
v -0.243986 -0.000000 -1.335807
v -0.218305 -0.000000 -1.260510
v -0.293516 -0.000000 -1.293703
v -0.260166 -0.000000 -1.218845
v -0.335818 -0.000000 -1.244406
v -0.294122 -0.000000 -1.170579
v -0.369852 -0.000000 -1.189129
v -0.319141 -0.000000 -1.117177
v -0.394778 -0.000000 -1.129234
v -0.334463 -0.000000 -1.060263
v -0.334463 0.000000 1.060263
v -0.409984 0.000000 1.066195
v -0.339623 0.000000 1.001565
v -0.415094 0.000000 1.001565
v -0.409984 0.000000 0.936935
v -0.394778 0.000000 1.129234
v -0.319141 0.000000 1.117177
v -0.369852 0.000000 1.189129
v -0.294122 0.000000 1.170579
v -0.335818 0.000000 1.244406
v -0.260166 0.000000 1.218845
v -0.293516 0.000000 1.293703
v -0.218305 0.000000 1.260510
v -0.243986 0.000000 1.335807
v -0.169811 0.000000 1.294306
v -0.188449 0.000000 1.369680
v -0.116158 0.000000 1.319208
v -0.128271 0.000000 1.394490
v -0.058975 0.000000 1.334458
v -0.064935 0.000000 1.409624
v 0.000000 0.000000 1.339593
v 0.000000 0.000000 1.414711
v 0.064935 0.000000 1.409624
v 0.058975 0.000000 1.334458
v 0.128271 0.000000 1.394490
v 0.116158 0.000000 1.319208
v 0.188449 0.000000 1.369680
v 0.169811 0.000000 1.294306
v 0.243986 0.000000 1.335807
v 0.218305 0.000000 1.260510
v 0.293516 0.000000 1.293703
v 0.260166 0.000000 1.218845
v 0.335818 0.000000 1.244406
v 0.294122 0.000000 1.170579
v 0.369852 0.000000 1.189129
v 0.319141 0.000000 1.117177
v 0.394778 0.000000 1.129234
v 0.334463 0.000000 1.060263
v 0.409984 0.000000 1.066195
v 0.339623 0.000000 1.001565
v 0.415094 0.000000 1.001565
v 0.409984 0.000000 0.936935
v 0.334463 0.000000 0.942867
v 0.394778 0.000000 0.873896
v 0.319141 0.000000 0.885953
v 0.369852 0.000000 0.814001
v 0.294122 0.000000 0.832551
v 0.335818 0.000000 0.758724
v 0.260166 0.000000 0.784285
v 0.293516 0.000000 0.709427
v 0.218305 0.000000 0.742620
v 0.243986 0.000000 0.667323
v 0.169811 0.000000 0.708824
v 0.188449 0.000000 0.633450
v 0.116158 0.000000 0.683922
v 0.128271 0.000000 0.608640
v 0.058975 0.000000 0.668672
v 0.064935 0.000000 0.593506
v 0.000000 0.000000 0.663537
v 0.000000 0.000000 0.588419
v -0.064935 0.000000 0.593506
v -0.058975 0.000000 0.668672
v -0.128271 0.000000 0.608640
v -0.116158 0.000000 0.683922
v -0.188449 0.000000 0.633450
v -0.169811 0.000000 0.708824
v -0.243986 0.000000 0.667323
v -0.218305 0.000000 0.742620
v -0.293516 0.000000 0.709427
v -0.260166 0.000000 0.784285
v -0.335818 0.000000 0.758724
v -0.294122 0.000000 0.832551
v -0.369852 0.000000 0.814001
v -0.319141 0.000000 0.885953
v -0.394778 0.000000 0.873896
v -0.334463 0.000000 0.942867
v -0.334463 0.000000 3.063393
v -0.409984 0.000000 3.069325
v -0.339623 0.000000 3.004695
v -0.415094 0.000000 3.004695
v -0.409984 0.000000 2.940065
v -0.394778 0.000000 3.132364
v -0.319141 0.000000 3.120307
v -0.369852 0.000000 3.192259
v -0.294122 0.000000 3.173709
v -0.335818 0.000000 3.247536
v -0.260166 0.000000 3.221975
v -0.293516 0.000000 3.296833
v -0.218305 0.000000 3.263639
v -0.243986 0.000000 3.338937
v -0.169811 0.000000 3.297436
v -0.188449 0.000000 3.372810
v -0.116158 0.000000 3.322338
v -0.128271 0.000000 3.397620
v -0.058975 0.000000 3.337588
v -0.064935 0.000000 3.412754
v 0.000000 0.000000 3.342723
v 0.000000 0.000000 3.417840
v 0.064935 0.000000 3.412754
v 0.058975 0.000000 3.337588
v 0.128271 0.000000 3.397620
v 0.116158 0.000000 3.322338
v 0.188449 0.000000 3.372810
v 0.169811 0.000000 3.297436
v 0.243986 0.000000 3.338937
v 0.218305 0.000000 3.263639
v 0.293516 0.000000 3.296833
v 0.260166 0.000000 3.221975
v 0.335818 0.000000 3.247536
v 0.294122 0.000000 3.173709
v 0.369852 0.000000 3.192259
v 0.319141 0.000000 3.120307
v 0.394778 0.000000 3.132364
v 0.334463 0.000000 3.063393
v 0.409984 0.000000 3.069325
v 0.339623 0.000000 3.004695
v 0.415094 0.000000 3.004695
v 0.409984 0.000000 2.940065
v 0.334463 0.000000 2.945997
v 0.394778 0.000000 2.877026
v 0.319141 0.000000 2.889082
v 0.369852 0.000000 2.817131
v 0.294122 0.000000 2.835681
v 0.335818 0.000000 2.761854
v 0.260166 0.000000 2.787415
v 0.293516 0.000000 2.712557
v 0.218305 0.000000 2.745750
v 0.243986 0.000000 2.670453
v 0.169811 0.000000 2.711954
v 0.188449 0.000000 2.636580
v 0.116158 0.000000 2.687052
v 0.128271 0.000000 2.611770
v 0.058975 0.000000 2.671802
v 0.064935 0.000000 2.596636
v 0.000000 0.000000 2.666667
v 0.000000 0.000000 2.591549
v -0.064935 0.000000 2.596636
v -0.058975 0.000000 2.671802
v -0.128271 0.000000 2.611770
v -0.116158 0.000000 2.687052
v -0.188449 0.000000 2.636580
v -0.169811 0.000000 2.711954
v -0.243986 0.000000 2.670453
v -0.218305 0.000000 2.745750
v -0.293516 0.000000 2.712557
v -0.260166 0.000000 2.787415
v -0.335818 0.000000 2.761854
v -0.294122 0.000000 2.835681
v -0.369852 0.000000 2.817131
v -0.319141 0.000000 2.889082
v -0.394778 0.000000 2.877026
v -0.334463 0.000000 2.945997
v 0.534591 -0.000000 -3.906104
v 0.534591 -0.000000 -3.793427
v 0.471698 -0.000000 -3.793427
v 0.471698 -0.000000 -3.906104
v -0.471698 -0.000000 -3.906104
v -0.471698 -0.000000 -3.793427
v -0.534591 -0.000000 -3.793427
v -0.534591 -0.000000 -3.906104
v -0.905660 -0.000000 -3.906104
v -0.905660 1.115468 -3.906104
v -0.905660 1.115468 -3.536777
v -0.905660 -0.000000 -3.536776
v -0.792453 -0.000000 -3.536776
v -0.792453 -0.000000 -3.474179
v -0.905660 -0.000000 -3.474179
v -0.905660 1.115468 -3.474179
v -0.905660 1.115468 -2.535212
v -0.905660 -0.000000 -2.535211
v -0.792453 -0.000000 -2.535211
v -0.792453 -0.000000 -2.472614
v -0.905660 -0.000000 -2.472614
v -0.905660 1.115469 -2.472614
v -0.905660 1.115469 -1.533646
v -0.905660 -0.000000 -1.533646
v -0.792453 -0.000000 -1.533646
v -0.792453 -0.000000 -1.471049
v -0.905660 -0.000000 -1.471049
v -0.905660 1.115469 -1.471049
v -0.905660 1.115469 -0.532081
v -0.905660 -0.000000 -0.532081
v -0.792453 -0.000000 -0.532081
v -0.792453 -0.000000 -0.469484
v -0.905660 -0.000000 -0.469484
v -0.905660 1.115469 -0.469484
v -0.905660 1.115469 0.469483
v -0.905660 0.000000 0.469484
v -0.792453 0.000000 0.469484
v -0.792453 0.000000 0.532081
v -0.905660 0.000000 0.532081
v -0.905660 1.115469 0.532081
v -0.905660 1.115469 1.471048
v -0.905660 0.000000 1.471049
v -0.792453 0.000000 1.471049
v -0.792453 0.000000 1.533646
v -0.905660 0.000000 1.533646
v -0.905660 1.115469 1.533646
v -0.905660 1.115469 2.472613
v -0.905660 0.000000 2.472614
v -0.792453 0.000000 2.472614
v -0.792453 0.000000 2.535211
v -0.905660 0.000000 2.535211
v -0.905660 1.115469 2.535211
v -0.905660 1.115469 3.474178
v -0.905660 0.000000 3.474179
v -0.792453 0.000000 3.474179
v -0.792453 0.000000 3.536776
v -0.905660 0.000000 3.536776
v -0.905660 1.115469 3.536776
v -0.905660 1.115469 3.906103
v -0.905660 0.000000 3.906104
v -0.534591 0.000000 3.906104
v 0.471698 0.000000 3.906104
v 0.471698 0.000000 3.793427
v 0.534591 0.000000 3.793427
v 0.534591 0.000000 3.906104
v 0.905660 0.000000 3.906104
v 0.905660 1.115469 3.906103
v 0.905660 1.115469 3.536776
v 0.905660 0.000000 3.536776
v 0.792453 0.000000 3.536776
v 0.792453 0.000000 3.474179
v 0.905660 0.000000 3.474179
v 0.905660 1.115469 3.474178
v 0.905660 1.115469 2.535211
v 0.905660 0.000000 2.535211
v 0.792453 0.000000 2.535211
v 0.792453 0.000000 2.472614
v 0.905660 0.000000 2.472614
v 0.905660 1.115469 2.472613
v 0.905660 1.115469 1.533646
v 0.905660 0.000000 1.533646
v 0.792453 0.000000 1.533646
v 0.792453 0.000000 1.471049
v 0.905660 0.000000 1.471049
v 0.905660 1.115469 1.471048
v 0.905660 1.115469 0.532081
v 0.905660 0.000000 0.532081
v 0.792453 0.000000 0.532081
v 0.792453 0.000000 0.469484
v 0.905660 0.000000 0.469484
v 0.905660 1.115469 0.469483
v 0.905660 1.115469 -0.469484
v 0.905660 -0.000000 -0.469484
v 0.792453 -0.000000 -0.469484
v 0.792453 -0.000000 -0.532081
v 0.905660 -0.000000 -0.532081
v 0.905660 1.115469 -0.532081
v 0.905660 1.115469 -1.471049
v 0.905660 -0.000000 -1.471049
v 0.792453 -0.000000 -1.471049
v 0.792453 -0.000000 -1.533646
v 0.905660 -0.000000 -1.533646
v 0.905660 1.115469 -1.533646
v 0.905660 1.115469 -2.472614
v 0.905660 -0.000000 -2.472614
v 0.792453 -0.000000 -2.472614
v 0.792453 -0.000000 -2.535211
v 0.905660 -0.000000 -2.535211
v 0.905660 1.115468 -2.535212
v 0.905660 1.115468 -3.474179
v 0.905660 -0.000000 -3.474179
v 0.792453 -0.000000 -3.474179
v 0.792453 -0.000000 -3.536776
v 0.905660 -0.000000 -3.536776
v 0.905660 1.115468 -3.536777
v 0.905660 1.115468 -3.906104
v 0.905660 -0.000000 -3.906104
v -0.471698 0.000000 3.906104
v -0.534591 0.000000 3.793427
v -0.471698 0.000000 3.793427
v 0.339623 0.000000 2.003130
v 0.334463 0.000000 1.944432
v 0.319141 0.000000 1.887518
v 0.294122 0.000000 1.834116
v 0.260166 0.000000 1.785850
v 0.218305 0.000000 1.744185
v 0.169811 0.000000 1.710389
v 0.116158 0.000000 1.685487
v 0.058975 0.000000 1.670237
v 0.000000 0.000000 1.665102
v -0.058975 0.000000 1.670237
v -0.116158 0.000000 1.685487
v -0.169811 0.000000 1.710389
v -0.218305 0.000000 1.744185
v -0.260166 0.000000 1.785850
v -0.294122 0.000000 1.834116
v -0.319141 0.000000 1.887518
v -0.334463 0.000000 1.944432
v -0.339623 0.000000 2.003130
v -0.334463 0.000000 2.061828
v -0.319141 0.000000 2.118742
v -0.294122 0.000000 2.172144
v -0.260166 0.000000 2.220410
v -0.218305 0.000000 2.262074
v -0.169811 0.000000 2.295871
v -0.116158 0.000000 2.320773
v -0.058975 0.000000 2.336023
v 0.000000 0.000000 2.341158
v 0.058975 0.000000 2.336023
v 0.116158 0.000000 2.320773
v 0.169811 0.000000 2.295871
v 0.218305 0.000000 2.262074
v 0.260166 0.000000 2.220410
v 0.294122 0.000000 2.172144
v 0.319141 0.000000 2.118742
v 0.334463 0.000000 2.061828
v 0.415094 0.000000 2.003130
v 0.409984 0.000000 2.067760
v 0.394778 0.000000 2.130799
v 0.369852 0.000000 2.190694
v 0.335818 0.000000 2.245971
v 0.293516 0.000000 2.295268
v 0.243986 0.000000 2.337372
v 0.188449 0.000000 2.371245
v 0.128271 0.000000 2.396055
v 0.064935 0.000000 2.411189
v 0.000000 0.000000 2.416276
v -0.064935 0.000000 2.411189
v -0.128271 0.000000 2.396055
v -0.188449 0.000000 2.371245
v -0.243986 0.000000 2.337372
v -0.293516 0.000000 2.295268
v -0.335818 0.000000 2.245971
v -0.369852 0.000000 2.190694
v -0.394778 0.000000 2.130799
v -0.409984 0.000000 2.067760
v -0.415094 0.000000 2.003130
v -0.409984 0.000000 1.938500
v -0.394778 0.000000 1.875461
v -0.369852 0.000000 1.815566
v -0.335818 0.000000 1.760289
v -0.293516 0.000000 1.710992
v -0.243986 0.000000 1.668888
v -0.188449 0.000000 1.635015
v -0.128271 0.000000 1.610205
v -0.064935 0.000000 1.595071
v 0.000000 0.000000 1.589984
v 0.064935 0.000000 1.595071
v 0.128271 0.000000 1.610205
v 0.188449 0.000000 1.635015
v 0.243986 0.000000 1.668888
v 0.293516 0.000000 1.710992
v 0.335818 0.000000 1.760289
v 0.369852 0.000000 1.815566
v 0.394778 0.000000 1.875461
v 0.409984 0.000000 1.938500
v 0.339623 0.000000 0.000000
v 0.334463 -0.000000 -0.058698
v 0.319141 -0.000000 -0.115612
v 0.294122 -0.000000 -0.169014
v 0.260166 -0.000000 -0.217280
v 0.218305 -0.000000 -0.258945
v 0.169811 -0.000000 -0.292741
v 0.116158 -0.000000 -0.317643
v 0.058975 -0.000000 -0.332893
v 0.000000 -0.000000 -0.338028
v -0.058975 -0.000000 -0.332893
v -0.116158 -0.000000 -0.317643
v -0.169811 -0.000000 -0.292741
v -0.218305 -0.000000 -0.258945
v -0.260166 -0.000000 -0.217280
v -0.294122 -0.000000 -0.169014
v -0.319141 -0.000000 -0.115612
v -0.334463 -0.000000 -0.058698
v -0.339623 0.000000 0.000000
v -0.334463 0.000000 0.058698
v -0.319141 0.000000 0.115612
v -0.294122 0.000000 0.169014
v -0.260166 0.000000 0.217280
v -0.218305 0.000000 0.258945
v -0.169811 0.000000 0.292741
v -0.116158 0.000000 0.317643
v -0.058975 0.000000 0.332893
v 0.000000 0.000000 0.338028
v 0.058975 0.000000 0.332893
v 0.116158 0.000000 0.317643
v 0.169811 0.000000 0.292741
v 0.218305 0.000000 0.258945
v 0.260166 0.000000 0.217280
v 0.294122 0.000000 0.169014
v 0.319141 0.000000 0.115612
v 0.334463 0.000000 0.058698
v 0.415094 0.000000 0.000000
v 0.409984 0.000000 0.064630
v 0.394778 0.000000 0.127669
v 0.369852 0.000000 0.187564
v 0.335818 0.000000 0.242841
v 0.293516 0.000000 0.292138
v 0.243986 0.000000 0.334242
v 0.188449 0.000000 0.368115
v 0.128271 0.000000 0.392925
v 0.064935 0.000000 0.408059
v 0.000000 0.000000 0.413146
v -0.064935 0.000000 0.408059
v -0.128271 0.000000 0.392925
v -0.188449 0.000000 0.368115
v -0.243986 0.000000 0.334242
v -0.293516 0.000000 0.292138
v -0.335818 0.000000 0.242841
v -0.369852 0.000000 0.187564
v -0.394778 0.000000 0.127669
v -0.409984 0.000000 0.064630
v -0.415094 0.000000 0.000000
v -0.409984 -0.000000 -0.064630
v -0.394778 -0.000000 -0.127669
v -0.369852 -0.000000 -0.187564
v -0.335818 -0.000000 -0.242841
v -0.293516 -0.000000 -0.292138
v -0.243986 -0.000000 -0.334242
v -0.188449 -0.000000 -0.368115
v -0.128271 -0.000000 -0.392925
v -0.064935 -0.000000 -0.408059
v 0.000000 -0.000000 -0.413146
v 0.064935 -0.000000 -0.408059
v 0.128271 -0.000000 -0.392925
v 0.188449 -0.000000 -0.368115
v 0.243986 -0.000000 -0.334242
v 0.293516 -0.000000 -0.292138
v 0.335818 -0.000000 -0.242841
v 0.369852 -0.000000 -0.187564
v 0.394778 -0.000000 -0.127669
v 0.409984 -0.000000 -0.064630
v 0.806219 1.118976 -2.400000
v 0.806219 1.118976 -0.800000
v 0.806219 1.118977 0.800000
v 0.790979 1.029098 0.800000
v 0.790979 1.029098 2.400000
v 0.765792 0.941494 2.400000
v 0.730975 0.857266 2.400000
v 0.686965 0.777475 2.400000
v 0.634316 0.703123 2.400000
v 0.573690 0.635145 2.400000
v 0.505850 0.574396 2.400000
v 0.431649 0.521640 2.400000
v 0.352019 0.477541 2.400000
v 0.267962 0.442653 2.400000
v 0.180536 0.417414 2.400000
v 0.090839 0.402143 2.400000
v -0.000000 0.397032 2.400000
v -0.090839 0.402143 2.400000
v -0.180536 0.417414 2.400000
v -0.267962 0.442653 2.400000
v -0.352019 0.477541 2.400000
v -0.431649 0.521640 2.400000
v -0.505850 0.574396 2.400000
v -0.573690 0.635145 2.400000
v -0.634316 0.703123 2.400000
v -0.686965 0.777475 2.400000
v -0.730975 0.857266 2.400000
v -0.765792 0.941494 2.400000
v -0.790979 1.029098 2.400000
v -0.806219 1.118977 2.400000
v -0.806219 1.118977 0.800000
v -0.806219 1.118976 -0.800000
v -0.790979 1.029097 -0.800000
v -0.790979 1.029097 -2.400000
v -0.765792 0.941493 -2.400000
v -0.730975 0.857266 -2.400000
v -0.686965 0.777474 -2.400000
v -0.634316 0.703122 -2.400000
v -0.573690 0.635144 -2.400000
v -0.505850 0.574395 -2.400000
v -0.431649 0.521639 -2.400000
v -0.352019 0.477540 -2.400000
v -0.267962 0.442652 -2.400000
v -0.180536 0.417414 -2.400000
v -0.090839 0.402143 -2.400000
v -0.000000 0.397031 -2.400000
v 0.090839 0.402143 -2.400000
v 0.180536 0.417414 -2.400000
v 0.267962 0.442652 -2.400000
v 0.352019 0.477540 -2.400000
v 0.431649 0.521639 -2.400000
v 0.505850 0.574395 -2.400000
v 0.573690 0.635144 -2.400000
v 0.634316 0.703122 -2.400000
v 0.686965 0.777474 -2.400000
v 0.730975 0.857266 -2.400000
v 0.765792 0.941493 -2.400000
v 0.790979 1.029097 -2.400000
v -0.806219 1.118976 -2.400000
v 0.806219 1.118977 2.400000
v 0.790979 1.029097 -0.800000
v 0.765792 0.941493 -0.800000
v 0.730975 0.857266 -0.800000
v 0.686965 0.777474 -0.800000
v 0.634316 0.703122 -0.800000
v 0.573690 0.635144 -0.800000
v 0.505850 0.574395 -0.800000
v 0.431649 0.521640 -0.800000
v 0.352019 0.477540 -0.800000
v 0.267962 0.442652 -0.800000
v 0.180536 0.417414 -0.800000
v 0.090839 0.402143 -0.800000
v -0.000000 0.397031 -0.800000
v -0.090839 0.402143 -0.800000
v -0.180536 0.417414 -0.800000
v -0.267962 0.442652 -0.800000
v -0.352019 0.477540 -0.800000
v -0.431649 0.521640 -0.800000
v -0.505850 0.574395 -0.800000
v -0.573690 0.635144 -0.800000
v -0.634316 0.703122 -0.800000
v -0.686965 0.777474 -0.800000
v -0.730975 0.857266 -0.800000
v -0.765792 0.941493 -0.800000
v 0.765792 0.941494 0.800000
v 0.730975 0.857266 0.800000
v 0.686965 0.777475 0.800000
v 0.634316 0.703122 0.800000
v 0.573690 0.635144 0.800000
v 0.505850 0.574396 0.800000
v 0.431649 0.521640 0.800000
v 0.352019 0.477541 0.800000
v 0.267962 0.442652 0.800000
v 0.180536 0.417414 0.800000
v 0.090839 0.402143 0.800000
v -0.000000 0.397031 0.800000
v -0.090839 0.402143 0.800000
v -0.180536 0.417414 0.800000
v -0.267962 0.442652 0.800000
v -0.352019 0.477541 0.800000
v -0.431649 0.521640 0.800000
v -0.505850 0.574396 0.800000
v -0.573690 0.635144 0.800000
v -0.634316 0.703122 0.800000
v -0.686965 0.777475 0.800000
v -0.730975 0.857266 0.800000
v -0.765792 0.941494 0.800000
v -0.790979 1.029098 0.800000
v 0.339623 -0.000000 -2.003130
v 0.334463 -0.000000 -2.061828
v 0.319141 -0.000000 -2.118742
v 0.294122 -0.000000 -2.172144
v 0.260166 -0.000000 -2.220410
v 0.218305 -0.000000 -2.262074
v 0.169811 -0.000000 -2.295871
v 0.116158 -0.000000 -2.320773
v 0.058975 -0.000000 -2.336023
v 0.000000 -0.000000 -2.341158
v -0.058975 -0.000000 -2.336023
v -0.116158 -0.000000 -2.320773
v -0.169811 -0.000000 -2.295871
v -0.218305 -0.000000 -2.262074
v -0.260166 -0.000000 -2.220410
v -0.294122 -0.000000 -2.172144
v -0.319141 -0.000000 -2.118742
v -0.334463 -0.000000 -2.061828
v -0.339623 -0.000000 -2.003130
v -0.334463 -0.000000 -1.944432
v -0.319141 -0.000000 -1.887518
v -0.294122 -0.000000 -1.834116
v -0.260166 -0.000000 -1.785850
v -0.218305 -0.000000 -1.744185
v -0.169811 -0.000000 -1.710389
v -0.116158 -0.000000 -1.685487
v -0.058975 -0.000000 -1.670237
v 0.000000 -0.000000 -1.665102
v 0.058975 -0.000000 -1.670237
v 0.116158 -0.000000 -1.685487
v 0.169811 -0.000000 -1.710389
v 0.218305 -0.000000 -1.744185
v 0.260166 -0.000000 -1.785850
v 0.294122 -0.000000 -1.834116
v 0.319141 -0.000000 -1.887518
v 0.334463 -0.000000 -1.944432
v 0.415094 -0.000000 -2.003130
v 0.409984 -0.000000 -1.938500
v 0.394778 -0.000000 -1.875461
v 0.369852 -0.000000 -1.815566
v 0.335818 -0.000000 -1.760289
v 0.293516 -0.000000 -1.710992
v 0.243986 -0.000000 -1.668888
v 0.188449 -0.000000 -1.635015
v 0.128271 -0.000000 -1.610205
v 0.064935 -0.000000 -1.595071
v 0.000000 -0.000000 -1.589984
v -0.064935 -0.000000 -1.595071
v -0.128271 -0.000000 -1.610205
v -0.188449 -0.000000 -1.635015
v -0.243986 -0.000000 -1.668888
v -0.293516 -0.000000 -1.710992
v -0.335818 -0.000000 -1.760289
v -0.369852 -0.000000 -1.815566
v -0.394778 -0.000000 -1.875461
v -0.409984 -0.000000 -1.938500
v -0.415094 -0.000000 -2.003130
v -0.409984 -0.000000 -2.067760
v -0.394778 -0.000000 -2.130799
v -0.369852 -0.000000 -2.190694
v -0.335818 -0.000000 -2.245971
v -0.293516 -0.000000 -2.295268
v -0.243986 -0.000000 -2.337372
v -0.188449 -0.000000 -2.371245
v -0.128271 -0.000000 -2.396055
v -0.064935 -0.000000 -2.411189
v 0.000000 -0.000000 -2.416276
v 0.064935 -0.000000 -2.411189
v 0.128271 -0.000000 -2.396055
v 0.188449 -0.000000 -2.371245
v 0.243986 -0.000000 -2.337372
v 0.293516 -0.000000 -2.295268
v 0.335818 -0.000000 -2.245971
v 0.369852 -0.000000 -2.190694
v 0.394778 -0.000000 -2.130799
v 0.409984 -0.000000 -2.067760
vn -0.9914 -0.0000 -0.1312
vn -0.9914 -0.0000 -0.1311
vn -0.9913 -0.0000 -0.1313
vn -0.9232 -0.0000 -0.3842
vn -0.7920 -0.0000 -0.6105
vn -0.6069 -0.0000 -0.7948
vn -0.3812 -0.0000 -0.9245
vn -0.1299 -0.0000 -0.9915
vn -0.1300 -0.0000 -0.9915
vn -0.9914 -0.0000 -0.1310
vn -0.9233 -0.0000 -0.3842
vn -0.0000 -0.0000 -1.0000
vn -0.0000 1.0000 -0.0000
vn 0.0002 1.0000 -0.0000
vn -0.1300 -0.0000 0.9915
vn -0.1299 -0.0000 0.9915
vn -0.3812 -0.0000 0.9245
vn -0.6069 -0.0000 0.7948
vn -0.7920 -0.0000 0.6105
vn -0.9232 -0.0000 0.3842
vn -0.9914 -0.0000 0.1310
vn -0.9913 -0.0000 0.1313
vn -0.9914 -0.0000 0.1312
vn -0.9914 -0.0000 0.1311
vn -0.9233 -0.0000 0.3842
vn -0.0000 -0.0000 1.0000
vn 0.1300 -0.0000 -0.9915
vn 0.1299 -0.0000 -0.9915
vn 0.3812 -0.0000 -0.9245
vn 0.6069 -0.0000 -0.7948
vn 0.7920 -0.0000 -0.6105
vn 0.9232 -0.0000 -0.3842
vn 0.9914 -0.0000 -0.1310
vn 0.9913 -0.0000 -0.1313
vn 0.9914 -0.0000 -0.1312
vn 0.9914 -0.0000 -0.1311
vn 0.9233 -0.0000 -0.3842
vn 1.0000 -0.0000 -0.0000
vn -0.0002 1.0000 -0.0000
vn 0.9914 -0.0000 0.1312
vn 0.9914 -0.0000 0.1311
vn 0.9913 -0.0000 0.1313
vn 0.9232 -0.0000 0.3842
vn 0.7920 -0.0000 0.6105
vn 0.6069 -0.0000 0.7948
vn 0.3812 -0.0000 0.9245
vn 0.1299 -0.0000 0.9915
vn 0.1300 -0.0000 0.9915
vn 0.9914 -0.0000 0.1310
vn 0.9233 -0.0000 0.3842
vn 0.3825 -0.9240 -0.0000
vn 0.3786 -0.9256 -0.0000
vn 0.3798 -0.9251 -0.0000
vn 0.3714 -0.9285 -0.0000
vn 0.3690 -0.9294 -0.0000
vn 0.3609 -0.9326 -0.0000
vn 0.3586 -0.9335 -0.0000
vn 0.3520 -0.9360 -0.0000
vn 0.3383 -0.9411 -0.0000
vn 0.3207 -0.9472 -0.0000
vn 0.3009 -0.9537 -0.0000
vn 0.2782 -0.9605 -0.0000
vn 0.2521 -0.9677 -0.0000
vn 0.2520 -0.9677 -0.0000
vn 0.2243 -0.9745 -0.0000
vn 0.1945 -0.9809 -0.0000
vn 0.1619 -0.9868 -0.0000
vn 0.1259 -0.9920 -0.0000
vn 0.0902 -0.9959 -0.0000
vn 0.0552 -0.9985 -0.0000
vn 0.0191 -0.9998 -0.0000
vn -0.0191 -0.9998 -0.0000
vn -0.0552 -0.9985 -0.0000
vn -0.0902 -0.9959 -0.0000
vn -0.1259 -0.9920 -0.0000
vn -0.1619 -0.9868 -0.0000
vn -0.1945 -0.9809 -0.0000
vn -0.2243 -0.9745 -0.0000
vn -0.2521 -0.9677 -0.0000
vn -0.2520 -0.9677 -0.0000
vn -0.2782 -0.9605 -0.0000
vn -0.3009 -0.9537 -0.0000
vn -0.3207 -0.9472 -0.0000
vn -0.3383 -0.9411 -0.0000
vn -0.3520 -0.9360 -0.0000
vn -0.3586 -0.9335 -0.0000
vn -0.3609 -0.9326 -0.0000
vn -0.3690 -0.9294 -0.0000
vn -0.3714 -0.9285 -0.0000
vn -0.3786 -0.9256 -0.0000
vn -0.3798 -0.9251 -0.0000
vn -0.3825 -0.9240 -0.0000
vn 0.4578 -0.8891 -0.0000
vn 0.4603 -0.8878 -0.0000
vn 0.4664 -0.8846 -0.0000
vn 0.4652 -0.8852 -0.0000
vn 0.4647 -0.8855 -0.0000
vn 0.4876 -0.8730 -0.0003
vn 0.4829 -0.8757 -0.0007
vn 0.4837 -0.8753 -0.0003
vn 0.5176 -0.8556 -0.0001
vn 0.5176 -0.8556 0.0007
vn 0.5176 -0.8556 0.0004
vn 0.5334 -0.8458 0.0003
vn 0.5568 -0.8306 -0.0000
vn 0.4481 -0.8940 -0.0000
vn 0.4453 -0.8954 -0.0000
vn 0.4432 -0.8964 -0.0000
vn 0.4301 -0.9028 -0.0000
vn 0.4132 -0.9106 -0.0000
vn 0.3918 -0.9201 -0.0000
vn 0.3678 -0.9299 -0.0000
vn 0.3401 -0.9404 -0.0000
vn 0.3082 -0.9513 -0.0000
vn 0.3083 -0.9513 -0.0000
vn 0.2745 -0.9616 -0.0000
vn 0.2382 -0.9712 -0.0000
vn 0.1984 -0.9801 -0.0000
vn 0.1544 -0.9880 -0.0000
vn 0.1107 -0.9938 -0.0000
vn 0.0678 -0.9977 -0.0000
vn 0.0234 -0.9997 -0.0000
vn -0.0234 -0.9997 -0.0000
vn -0.0678 -0.9977 -0.0000
vn -0.1107 -0.9938 -0.0000
vn -0.1544 -0.9880 -0.0000
vn -0.1984 -0.9801 -0.0000
vn -0.2382 -0.9712 -0.0000
vn -0.2745 -0.9616 -0.0000
vn -0.3082 -0.9513 -0.0000
vn -0.3083 -0.9513 -0.0000
vn -0.3401 -0.9404 -0.0000
vn -0.3678 -0.9299 -0.0000
vn -0.3918 -0.9201 -0.0000
vn -0.4132 -0.9106 -0.0000
vn -0.4301 -0.9028 -0.0000
vn -0.4432 -0.8964 -0.0000
vn -0.4453 -0.8954 -0.0000
vn -0.4481 -0.8940 -0.0000
vn -0.4578 -0.8891 -0.0000
vn -0.4603 -0.8878 -0.0000
vn -0.4655 -0.8850 -0.0000
vn -0.4661 -0.8847 -0.0001
vn -0.4648 -0.8854 -0.0000
vn -0.4590 -0.8885 -0.0000
vn -0.4663 -0.8846 -0.0000
vn -0.4589 -0.8885 -0.0000
vn 0.4589 -0.8885 -0.0000
vn 0.4669 -0.8843 -0.0000
vn 0.4577 -0.8891 -0.0000
vn 0.4665 -0.8845 -0.0000
vn 0.4661 -0.8847 -0.0000
vn 0.5176 -0.8556 -0.0000
vn 0.5773 -0.8166 -0.0000
vn 0.5787 -0.8155 -0.0000
vn 0.6208 -0.7840 -0.0000
vn 0.6899 -0.7239 -0.0000
vn 0.6899 -0.7239 0.0003
vn 0.7643 -0.6448 -0.0000
vn 0.7643 -0.6448 0.0002
vn 0.8297 -0.5582 -0.0000
vn 0.8297 -0.5582 0.0002
vn 0.8672 -0.4980 -0.0000
vn 0.8675 -0.4975 -0.0000
vn 0.8672 -0.4979 -0.0000
vn 0.8985 -0.4390 -0.0000
vn -0.4480 -0.8940 -0.0000
vn -0.4577 -0.8891 -0.0000
vn -0.4664 -0.8846 -0.0000
vn -0.4647 -0.8855 -0.0000
vn -0.4661 -0.8847 -0.0000
vn -0.4646 -0.8855 -0.0000
vn -0.4601 -0.8879 -0.0001
vn 0.4480 -0.8940 -0.0000
vn 0.4663 -0.8846 -0.0000
vn 0.4670 -0.8843 -0.0000
vn 0.4655 -0.8851 -0.0000
vn 0.4873 -0.8733 0.0003
vn 0.4937 -0.8696 0.0001
vn 0.4952 -0.8688 -0.0000
vn 0.4849 -0.8746 0.0012
vn 0.4784 -0.8781 0.0010
vn 0.4842 -0.8750 0.0012
vn 0.5176 -0.8556 -0.0004
vn 0.5785 -0.8157 -0.0000
vn 0.6899 -0.7239 -0.0003
vn 0.7643 -0.6448 -0.0002
vn 0.8297 -0.5582 -0.0002
vn 0.8944 -0.4472 0.0005
vn 0.8944 -0.4472 -0.0005
vn 0.8977 -0.4407 -0.0000
vn 0.8985 -0.4390 -0.0018
vn 0.9143 -0.4049 -0.0000
vn 0.9357 -0.3528 0.0004
vn 0.9357 -0.3528 -0.0004
vn 0.9375 -0.3481 -0.0000
vn 0.9379 -0.3470 0.0013
vn 0.9515 -0.3076 -0.0000
vn 0.9671 -0.2546 0.0002
vn 0.9671 -0.2546 -0.0002
vn 0.9677 -0.2521 -0.0000
vn 0.9679 -0.2515 -0.0007
vn 0.9878 -0.1557 -0.0004
vn 0.9873 -0.1591 0.0005
vn 0.9874 -0.1581 0.0006
vn 0.9881 -0.1536 -0.0000
vn -0.4652 -0.8852 -0.0000
vn -0.4876 -0.8730 0.0003
vn -0.4829 -0.8757 0.0012
vn -0.4842 -0.8750 0.0001
vn -0.4962 -0.8682 -0.0000
vn -0.5380 -0.8429 -0.0000
vn -0.5334 -0.8458 -0.0000
vn -0.5400 -0.8417 -0.0001
vn -0.5426 -0.8400 -0.0001
vn -0.5568 -0.8306 -0.0000
vn -0.5798 -0.8148 -0.0001
vn -0.6074 -0.7944 -0.0003
vn -0.6074 -0.7944 -0.0006
vn -0.6208 -0.7840 -0.0000
vn -0.6324 -0.7747 0.0005
vn -0.6899 -0.7239 -0.0003
vn -0.6899 -0.7239 -0.0005
vn -0.7096 -0.7046 0.0005
vn -0.7643 -0.6448 -0.0002
vn -0.7643 -0.6448 -0.0005
vn -0.7792 -0.6268 0.0004
vn -0.8297 -0.5582 -0.0002
vn -0.8297 -0.5582 -0.0004
vn -0.8402 -0.5423 0.0003
vn -0.8672 -0.4979 -0.0000
vn -0.8718 -0.4899 -0.0000
vn -0.8696 -0.4937 -0.0000
vn -0.8714 -0.4906 -0.0000
vn -0.8929 -0.4502 -0.0000
vn -0.8944 -0.4472 0.0004
vn -0.8972 -0.4417 -0.0001
vn -0.8985 -0.4390 0.0016
vn -0.9143 -0.4049 -0.0000
vn -0.9357 -0.3528 -0.0004
vn -0.9357 -0.3527 0.0003
vn -0.9375 -0.3481 -0.0001
vn -0.9379 -0.3470 -0.0015
vn -0.9515 -0.3076 -0.0000
vn -0.9671 -0.2545 -0.0002
vn -0.9671 -0.2545 0.0002
vn -0.9677 -0.2521 -0.0001
vn -0.9679 -0.2515 0.0007
vn -0.9784 -0.2069 -0.0000
vn -0.9881 -0.1536 -0.0000
vn -0.8921 -0.4519 0.0018
vn -0.8714 -0.4905 -0.0000
vn -0.8985 -0.4390 -0.0000
vn -0.9379 -0.3470 -0.0000
vn -0.9679 -0.2515 -0.0000
vn -0.8985 -0.4390 -0.0013
vn -0.9351 -0.3543 0.0008
vn -0.9343 -0.3566 0.0014
vn -0.9370 -0.3493 -0.0004
vn -0.9379 -0.3470 -0.0009
vn -0.9666 -0.2561 0.0006
vn -0.9663 -0.2575 0.0010
vn -0.9675 -0.2529 -0.0001
vn -0.9679 -0.2515 -0.0005
vn -0.9879 -0.1552 0.0004
vn -0.9878 -0.1556 0.0005
vn -0.9881 -0.1541 0.0001
vn -0.9379 -0.3470 0.0012
vn -0.9679 -0.2515 -0.0008
vn -0.8985 -0.4390 -0.0020
vn -0.8944 -0.4473 -0.0005
vn -0.8672 -0.4980 -0.0000
vn -0.8944 -0.4472 0.0005
vn -0.8972 -0.4417 -0.0000
vn -0.8944 -0.4472 -0.0005
vn -0.8985 -0.4390 -0.0018
vn -0.9357 -0.3528 0.0004
vn -0.9375 -0.3481 -0.0000
vn -0.9379 -0.3470 0.0013
vn -0.9671 -0.2546 -0.0002
vn -0.9671 -0.2546 0.0002
vn -0.9677 -0.2521 -0.0000
vn -0.9679 -0.2515 -0.0007
vn -0.9881 -0.1536 0.0009
vn -0.9878 -0.1557 0.0004
vn -0.9874 -0.1581 -0.0006
vn -0.9873 -0.1591 -0.0005
vn -0.8985 -0.4390 0.0018
vn -0.9379 -0.3470 -0.0013
vn -0.8682 -0.4962 -0.0000
vn -0.8985 -0.4390 0.0020
vn -0.8972 -0.4417 0.0001
vn -0.8944 -0.4473 0.0005
vn -0.9379 -0.3470 0.0015
vn -0.9375 -0.3481 0.0001
vn -0.9357 -0.3527 -0.0003
vn -0.8985 -0.4390 -0.0016
vn -0.8944 -0.4472 -0.0004
vn -0.9679 -0.2515 0.0008
vn -0.9677 -0.2521 0.0001
vn -0.9379 -0.3470 -0.0012
vn -0.9874 -0.1586 -0.0006
vn -0.9872 -0.1597 -0.0006
vn -0.9878 -0.1559 0.0003
vn -0.9881 -0.1536 0.0008
vn -0.8681 -0.4964 -0.0002
vn -0.8710 -0.4912 -0.0000
vn -0.8921 -0.4519 -0.0018
vn -0.8985 -0.4390 0.0013
vn -0.9343 -0.3566 -0.0014
vn -0.9351 -0.3543 -0.0008
vn -0.9370 -0.3493 0.0004
vn -0.9379 -0.3470 0.0009
vn -0.9663 -0.2575 -0.0010
vn -0.9667 -0.2561 -0.0006
vn -0.9675 -0.2529 0.0001
vn -0.9679 -0.2515 0.0005
vn -0.9878 -0.1556 -0.0005
vn -0.9879 -0.1552 -0.0004
vn -0.9881 -0.1541 -0.0001
vn -0.8402 -0.5423 -0.0003
vn -0.8297 -0.5582 0.0002
vn -0.8297 -0.5582 0.0004
vn -0.8297 -0.5582 -0.0000
vn -0.7643 -0.6448 -0.0000
vn -0.7643 -0.6448 0.0002
vn -0.6899 -0.7239 -0.0000
vn -0.7792 -0.6268 -0.0004
vn -0.7643 -0.6448 0.0005
vn -0.6899 -0.7239 0.0003
vn -0.6074 -0.7944 -0.0000
vn -0.7096 -0.7046 -0.0005
vn -0.6899 -0.7239 0.0005
vn -0.6074 -0.7944 0.0003
vn -0.5426 -0.8400 -0.0000
vn -0.6324 -0.7747 -0.0000
vn -0.6323 -0.7748 -0.0001
vn -0.6321 -0.7749 -0.0002
vn -0.6319 -0.7751 -0.0005
vn -0.6074 -0.7944 0.0006
vn -0.5798 -0.8148 0.0001
vn -0.5426 -0.8400 0.0001
vn -0.5400 -0.8417 0.0001
vn -0.5373 -0.8434 -0.0000
vn -0.4917 -0.8708 -0.0001
vn -0.4900 -0.8717 -0.0003
vn -0.4821 -0.8761 -0.0012
vn -0.4842 -0.8750 -0.0012
vn -0.4865 -0.8737 -0.0013
vn -0.4579 -0.8890 -0.0004
vn -0.4435 -0.8963 -0.0001
vn -0.4136 -0.9105 -0.0002
vn -0.3934 -0.9194 -0.0012
vn -0.3920 -0.9200 -0.0013
vn -0.3900 -0.9208 -0.0015
vn -0.3886 -0.9214 -0.0016
vn -0.3682 -0.9298 -0.0004
vn -0.3399 -0.9404 0.0002
vn -0.3088 -0.9511 -0.0007
vn -0.2949 -0.9555 -0.0019
vn -0.2747 -0.9615 -0.0003
vn -0.2380 -0.9713 0.0003
vn -0.1985 -0.9801 -0.0017
vn -0.1983 -0.9801 -0.0017
vn -0.1991 -0.9800 -0.0018
vn -0.1992 -0.9800 -0.0018
vn -0.1542 -0.9880 0.0004
vn -0.1109 -0.9938 -0.0008
vn -0.1078 -0.9942 -0.0011
vn -0.1026 -0.9947 -0.0017
vn -0.0996 -0.9950 -0.0020
vn -0.0678 -0.9977 0.0003
vn -0.0234 -0.9997 -0.0001
vn -0.0000 -1.0000 -0.0023
vn 0.0234 -0.9997 -0.0001
vn 0.0678 -0.9977 0.0003
vn 0.1026 -0.9947 -0.0017
vn 0.0996 -0.9950 -0.0020
vn 0.1078 -0.9942 -0.0011
vn 0.1109 -0.9938 -0.0008
vn 0.1542 -0.9880 0.0004
vn 0.1986 -0.9801 -0.0017
vn 0.1983 -0.9801 -0.0018
vn 0.1989 -0.9800 -0.0017
vn 0.1991 -0.9800 -0.0017
vn 0.2380 -0.9713 0.0003
vn 0.2747 -0.9615 -0.0003
vn 0.2949 -0.9555 -0.0019
vn 0.3088 -0.9511 -0.0007
vn 0.3399 -0.9404 0.0002
vn 0.3682 -0.9298 -0.0004
vn 0.3900 -0.9208 -0.0015
vn 0.3886 -0.9214 -0.0016
vn 0.3920 -0.9200 -0.0013
vn 0.3934 -0.9194 -0.0012
vn 0.4136 -0.9105 -0.0002
vn 0.4435 -0.8963 -0.0001
vn 0.4579 -0.8890 -0.0004
vn 0.4800 -0.8773 -0.0010
vn 0.4789 -0.8779 -0.0004
vn 0.4784 -0.8781 -0.0000
vn 0.5780 -0.8160 -0.0000
vn 0.5798 -0.8148 -0.0000
vn 0.6324 -0.7747 -0.0005
vn 0.6899 -0.7239 0.0005
vn 0.7096 -0.7046 -0.0005
vn 0.7643 -0.6448 0.0005
vn 0.7792 -0.6268 -0.0004
vn 0.8297 -0.5582 0.0004
vn 0.8402 -0.5423 -0.0003
vn 0.8717 -0.4901 -0.0000
vn 0.8699 -0.4932 -0.0000
vn 0.8714 -0.4905 -0.0000
vn 0.8714 -0.4906 -0.0000
vn 0.8921 -0.4519 -0.0018
vn 0.8985 -0.4390 0.0013
vn 0.9351 -0.3543 -0.0008
vn 0.9343 -0.3566 -0.0014
vn 0.9370 -0.3493 0.0004
vn 0.9379 -0.3470 0.0009
vn 0.9666 -0.2561 -0.0006
vn 0.9663 -0.2575 -0.0010
vn 0.9675 -0.2529 0.0001
vn 0.9679 -0.2515 0.0005
vn 0.9879 -0.1552 -0.0004
vn 0.9878 -0.1556 -0.0005
vn 0.9881 -0.1541 -0.0001
vn 0.9379 -0.3470 -0.0000
vn 0.9679 -0.2515 -0.0000
vn 0.8985 -0.4390 -0.0016
vn 0.8977 -0.4407 0.0002
vn 0.8944 -0.4472 -0.0004
vn 0.8944 -0.4473 0.0005
vn 0.9379 -0.3470 -0.0012
vn 0.9375 -0.3481 0.0001
vn 0.9357 -0.3527 -0.0003
vn 0.8985 -0.4390 0.0020
vn 0.9677 -0.2521 0.0001
vn 0.9671 -0.2545 -0.0002
vn 0.9671 -0.2545 0.0002
vn 0.9379 -0.3470 0.0015
vn 0.9784 -0.2069 -0.0000
vn 0.9679 -0.2515 0.0008
vn 0.9379 -0.3470 -0.0013
vn 0.9881 -0.1536 -0.0009
vn 0.9679 -0.2515 0.0007
vn 0.8985 -0.4390 0.0018
vn 0.8944 -0.4472 0.0004
vn 0.8944 -0.4473 -0.0005
vn 0.8977 -0.4407 -0.0002
vn 0.8985 -0.4390 -0.0020
vn 0.9357 -0.3527 0.0003
vn 0.9375 -0.3481 -0.0001
vn 0.9379 -0.3470 0.0012
vn 0.9677 -0.2521 -0.0001
vn 0.9679 -0.2515 -0.0008
vn 0.9878 -0.1559 -0.0003
vn 0.9872 -0.1597 0.0006
vn 0.9874 -0.1586 0.0006
vn 0.9379 -0.3470 -0.0015
vn 0.9881 -0.1536 -0.0008
vn 0.8985 -0.4390 0.0016
vn 0.8921 -0.4519 0.0018
vn 0.8985 -0.4390 -0.0013
vn 0.9343 -0.3566 0.0014
vn 0.9351 -0.3543 0.0008
vn 0.9370 -0.3493 -0.0004
vn 0.9379 -0.3470 -0.0009
vn 0.9663 -0.2575 0.0010
vn 0.9667 -0.2561 0.0006
vn 0.9675 -0.2529 -0.0001
vn 0.9679 -0.2515 -0.0005
vn 0.9878 -0.1556 0.0005
vn 0.9879 -0.1552 0.0004
vn 0.9881 -0.1541 0.0001
vn 0.8402 -0.5423 0.0003
vn 0.8297 -0.5582 -0.0004
vn 0.7792 -0.6268 0.0004
vn 0.7643 -0.6448 -0.0005
vn 0.7096 -0.7046 0.0005
vn 0.6899 -0.7239 -0.0005
vn 0.6324 -0.7747 -0.0000
vn 0.6323 -0.7748 0.0001
vn 0.6321 -0.7749 0.0002
vn 0.6319 -0.7751 0.0005
vn 0.5334 -0.8458 -0.0003
vn 0.5176 -0.8556 -0.0007
vn 0.4962 -0.8682 -0.0000
vn 0.3886 -0.9214 0.0016
vn 0.3900 -0.9208 0.0015
vn 0.3920 -0.9200 0.0013
vn 0.3934 -0.9194 0.0012
vn 0.4136 -0.9105 0.0002
vn 0.2949 -0.9555 0.0019
vn 0.3088 -0.9511 0.0007
vn 0.3399 -0.9404 -0.0002
vn 0.1983 -0.9801 0.0018
vn 0.1986 -0.9801 0.0017
vn 0.1989 -0.9800 0.0017
vn 0.1991 -0.9800 0.0017
vn 0.2380 -0.9713 -0.0003
vn 0.0996 -0.9950 0.0020
vn 0.1026 -0.9947 0.0017
vn 0.1078 -0.9942 0.0011
vn 0.1109 -0.9938 0.0008
vn 0.1542 -0.9880 -0.0004
vn -0.0000 -1.0000 0.0023
vn 0.0234 -0.9997 0.0001
vn 0.0678 -0.9977 -0.0003
vn -0.1078 -0.9942 0.0011
vn -0.1026 -0.9947 0.0017
vn -0.0996 -0.9950 0.0020
vn -0.0678 -0.9977 -0.0003
vn -0.0234 -0.9997 0.0001
vn -0.1989 -0.9800 0.0017
vn -0.1986 -0.9801 0.0017
vn -0.1983 -0.9801 0.0018
vn -0.1542 -0.9880 -0.0004
vn -0.1109 -0.9938 0.0008
vn -0.2949 -0.9555 0.0019
vn -0.2747 -0.9615 0.0003
vn -0.2380 -0.9713 -0.0003
vn -0.3920 -0.9200 0.0013
vn -0.3900 -0.9208 0.0015
vn -0.3886 -0.9214 0.0016
vn -0.3682 -0.9298 0.0004
vn -0.3399 -0.9404 -0.0002
vn -0.4784 -0.8781 -0.0000
vn -0.4833 -0.8754 0.0010
vn -0.4865 -0.8737 0.0013
vn -0.4579 -0.8890 0.0004
vn -0.4435 -0.8963 0.0001
vn -0.4136 -0.9105 0.0002
vn -0.3934 -0.9194 0.0012
vn -0.3088 -0.9511 0.0007
vn -0.1991 -0.9800 0.0017
vn 0.2747 -0.9615 0.0003
vn 0.3682 -0.9298 0.0004
vn 0.4435 -0.8963 0.0001
vn 0.4579 -0.8890 0.0004
vn 0.4865 -0.8737 0.0013
vn 0.3713 -0.9285 -0.0000
vn 0.3610 -0.9326 -0.0000
vn -0.3713 -0.9285 -0.0000
vn -0.3610 -0.9326 -0.0000
vn -0.0000 -1.0000 -0.0000
vn 0.9987 -0.0000 -0.0502
vn 0.9987 -0.0000 0.0502
vn 0.9969 -0.0028 0.0788
vn 0.9890 0.0014 0.1477
vn 0.9721 -0.0021 0.2345
vn 0.9716 -0.0018 0.2366
vn 0.9706 -0.0013 0.2406
vn 0.9701 -0.0010 0.2428
vn 0.9409 0.0009 0.3386
vn 0.9232 -0.0033 0.3842
vn 0.9012 0.0011 0.4334
vn 0.8535 -0.0016 0.5211
vn 0.8542 -0.0014 0.5200
vn 0.8522 -0.0019 0.5232
vn 0.8515 -0.0021 0.5243
vn 0.8002 0.0015 0.5998
vn 0.7589 -0.0032 0.6512
vn 0.7396 -0.0000 0.6730
vn 0.6706 -0.0000 0.7419
vn 0.6477 -0.0034 0.7619
vn 0.5966 0.0016 0.8026
vn 0.5207 -0.0023 0.8537
vn 0.5200 -0.0022 0.8542
vn 0.5187 -0.0019 0.8550
vn 0.5179 -0.0018 0.8554
vn 0.4306 0.0013 0.9026
vn 0.3811 -0.0040 0.9245
vn 0.3360 0.0012 0.9419
vn 0.2389 -0.0017 0.9710
vn 0.2412 -0.0013 0.9705
vn 0.2346 -0.0024 0.9721
vn 0.2324 -0.0027 0.9726
vn 0.1463 0.0019 0.9892
vn 0.0781 -0.0038 0.9969
vn 0.0498 -0.0000 0.9988
vn -0.0498 -0.0000 0.9988
vn -0.0781 -0.0038 0.9969
vn -0.1463 0.0019 0.9892
vn -0.2324 -0.0027 0.9726
vn -0.2346 -0.0024 0.9721
vn -0.2389 -0.0017 0.9710
vn -0.2412 -0.0013 0.9705
vn -0.3360 0.0012 0.9419
vn -0.3811 -0.0040 0.9245
vn -0.4306 0.0013 0.9026
vn -0.5187 -0.0019 0.8550
vn -0.5179 -0.0018 0.8554
vn -0.5200 -0.0022 0.8542
vn -0.5207 -0.0023 0.8537
vn -0.5966 0.0016 0.8026
vn -0.6477 -0.0034 0.7619
vn -0.6706 -0.0000 0.7419
vn -0.7396 -0.0000 0.6730
vn -0.7589 -0.0032 0.6512
vn -0.8002 0.0015 0.5998
vn -0.8515 -0.0021 0.5243
vn -0.8522 -0.0019 0.5232
vn -0.8535 -0.0016 0.5211
vn -0.8542 -0.0014 0.5200
vn -0.9012 0.0011 0.4334
vn -0.9232 -0.0033 0.3842
vn -0.9409 0.0009 0.3386
vn -0.9706 -0.0013 0.2406
vn -0.9701 -0.0010 0.2428
vn -0.9716 -0.0018 0.2366
vn -0.9721 -0.0021 0.2345
vn -0.9890 0.0014 0.1477
vn -0.9969 -0.0028 0.0788
vn -0.9987 -0.0000 0.0502
vn -0.9987 -0.0000 -0.0502
vn -0.9969 -0.0028 -0.0788
vn -0.9890 0.0014 -0.1477
vn -0.9721 -0.0021 -0.2345
vn -0.9716 -0.0018 -0.2366
vn -0.9706 -0.0013 -0.2406
vn -0.9701 -0.0010 -0.2428
vn -0.9409 0.0009 -0.3386
vn -0.9232 -0.0033 -0.3842
vn -0.9012 0.0011 -0.4334
vn -0.8535 -0.0016 -0.5211
vn -0.8542 -0.0014 -0.5200
vn -0.8522 -0.0019 -0.5232
vn -0.8515 -0.0021 -0.5243
vn -0.8002 0.0015 -0.5998
vn -0.7589 -0.0032 -0.6512
vn -0.7396 -0.0000 -0.6730
vn -0.6706 -0.0000 -0.7419
vn -0.6477 -0.0034 -0.7619
vn -0.5966 0.0016 -0.8026
vn -0.5207 -0.0023 -0.8537
vn -0.5200 -0.0022 -0.8542
vn -0.5187 -0.0019 -0.8550
vn -0.5179 -0.0018 -0.8554
vn -0.4306 0.0013 -0.9026
vn -0.3811 -0.0040 -0.9245
vn -0.3360 0.0012 -0.9419
vn -0.2389 -0.0017 -0.9710
vn -0.2412 -0.0013 -0.9705
vn -0.2346 -0.0024 -0.9721
vn -0.2324 -0.0027 -0.9726
vn -0.1463 0.0019 -0.9892
vn -0.0781 -0.0038 -0.9969
vn -0.0498 -0.0000 -0.9988
vn 0.0498 -0.0000 -0.9988
vn 0.0781 -0.0038 -0.9969
vn 0.1463 0.0019 -0.9892
vn 0.2324 -0.0027 -0.9726
vn 0.2346 -0.0024 -0.9721
vn 0.2389 -0.0017 -0.9710
vn 0.2412 -0.0013 -0.9705
vn 0.3360 0.0012 -0.9419
vn 0.3811 -0.0040 -0.9245
vn 0.4306 0.0013 -0.9026
vn 0.5187 -0.0019 -0.8550
vn 0.5179 -0.0018 -0.8554
vn 0.5200 -0.0022 -0.8542
vn 0.5207 -0.0023 -0.8537
vn 0.5966 0.0016 -0.8026
vn 0.6477 -0.0034 -0.7619
vn 0.6706 -0.0000 -0.7419
vn 0.7396 -0.0000 -0.6730
vn 0.7589 -0.0032 -0.6512
vn 0.8002 0.0015 -0.5998
vn 0.8515 -0.0021 -0.5243
vn 0.8522 -0.0019 -0.5232
vn 0.8535 -0.0016 -0.5211
vn 0.8542 -0.0014 -0.5200
vn 0.9012 0.0011 -0.4334
vn 0.9232 -0.0033 -0.3842
vn 0.9409 0.0009 -0.3386
vn 0.9706 -0.0013 -0.2406
vn 0.9701 -0.0010 -0.2428
vn 0.9716 -0.0018 -0.2366
vn 0.9721 -0.0021 -0.2345
vn 0.9890 0.0014 -0.1477
vn 0.9969 -0.0028 -0.0788
vn -0.9987 -0.0000 -0.0500
vn -0.9987 -0.0000 0.0500
vn -0.9962 0.0033 0.0876
vn -0.9891 -0.0010 0.1471
vn -0.9703 0.0009 0.2421
vn -0.9656 0.0029 0.2600
vn -0.9412 -0.0012 0.3378
vn -0.9055 0.0028 0.4243
vn -0.9045 0.0025 0.4264
vn -0.9027 0.0020 0.4302
vn -0.9017 0.0017 0.4325
vn -0.8541 -0.0012 0.5201
vn -0.8179 0.0033 0.5754
vn -0.8005 0.0003 0.5993
vn -0.7394 -0.0005 0.6732
vn -0.7054 0.0038 0.7088
vn -0.6700 -0.0005 0.7423
vn -0.5962 0.0003 0.8029
vn -0.5718 0.0036 0.8204
vn -0.5165 -0.0013 0.8563
vn -0.4275 0.0022 0.9040
vn -0.4300 0.0018 0.9028
vn -0.4233 0.0028 0.9060
vn -0.4210 0.0032 0.9071
vn -0.3349 -0.0014 0.9423
vn -0.2577 0.0034 0.9662
vn -0.2402 0.0010 0.9707
vn -0.1457 -0.0012 0.9893
vn -0.0867 0.0040 0.9962
vn -0.0496 -0.0000 0.9988
vn 0.0496 -0.0000 0.9988
vn 0.0867 0.0040 0.9962
vn 0.1457 -0.0012 0.9893
vn 0.2402 0.0010 0.9707
vn 0.2577 0.0034 0.9662
vn 0.3349 -0.0014 0.9423
vn 0.4210 0.0032 0.9071
vn 0.4233 0.0029 0.9060
vn 0.4275 0.0022 0.9040
vn 0.4300 0.0018 0.9028
vn 0.5165 -0.0013 0.8563
vn 0.5718 0.0036 0.8204
vn 0.5962 0.0003 0.8029
vn 0.6700 -0.0005 0.7423
vn 0.7054 0.0038 0.7088
vn 0.7394 -0.0005 0.6732
vn 0.8005 0.0003 0.5993
vn 0.8179 0.0033 0.5754
vn 0.8541 -0.0012 0.5201
vn 0.9027 0.0020 0.4302
vn 0.9017 0.0017 0.4325
vn 0.9045 0.0025 0.4264
vn 0.9055 0.0028 0.4243
vn 0.9412 -0.0012 0.3378
vn 0.9656 0.0029 0.2600
vn 0.9703 0.0009 0.2421
vn 0.9891 -0.0010 0.1471
vn 0.9962 0.0033 0.0876
vn 0.9987 -0.0000 0.0500
vn 0.9987 -0.0000 -0.0500
vn 0.9962 0.0033 -0.0876
vn 0.9891 -0.0010 -0.1471
vn 0.9703 0.0009 -0.2421
vn 0.9656 0.0029 -0.2600
vn 0.9412 -0.0012 -0.3378
vn 0.9055 0.0028 -0.4243
vn 0.9045 0.0025 -0.4264
vn 0.9027 0.0020 -0.4302
vn 0.9017 0.0017 -0.4325
vn 0.8541 -0.0012 -0.5201
vn 0.8179 0.0033 -0.5754
vn 0.8005 0.0003 -0.5993
vn 0.7394 -0.0005 -0.6732
vn 0.7054 0.0038 -0.7088
vn 0.6700 -0.0005 -0.7423
vn 0.5962 0.0003 -0.8029
vn 0.5718 0.0036 -0.8204
vn 0.5165 -0.0013 -0.8563
vn 0.4275 0.0022 -0.9040
vn 0.4300 0.0018 -0.9028
vn 0.4233 0.0028 -0.9060
vn 0.4210 0.0032 -0.9071
vn 0.3349 -0.0014 -0.9423
vn 0.2577 0.0034 -0.9662
vn 0.2402 0.0010 -0.9707
vn 0.1457 -0.0012 -0.9893
vn 0.0867 0.0040 -0.9962
vn 0.0496 -0.0000 -0.9988
vn -0.0496 -0.0000 -0.9988
vn -0.0867 0.0040 -0.9962
vn -0.1457 -0.0012 -0.9893
vn -0.2402 0.0010 -0.9707
vn -0.2577 0.0034 -0.9662
vn -0.3349 -0.0014 -0.9423
vn -0.4210 0.0032 -0.9071
vn -0.4233 0.0029 -0.9060
vn -0.4275 0.0022 -0.9040
vn -0.4300 0.0018 -0.9028
vn -0.5165 -0.0013 -0.8563
vn -0.5718 0.0036 -0.8204
vn -0.5962 0.0003 -0.8029
vn -0.6700 -0.0005 -0.7423
vn -0.7054 0.0038 -0.7088
vn -0.7394 -0.0005 -0.6732
vn -0.8005 0.0003 -0.5993
vn -0.8179 0.0033 -0.5754
vn -0.8541 -0.0012 -0.5201
vn -0.9027 0.0020 -0.4302
vn -0.9017 0.0017 -0.4325
vn -0.9045 0.0025 -0.4264
vn -0.9055 0.0028 -0.4243
vn -0.9412 -0.0012 -0.3378
vn -0.9656 0.0029 -0.2600
vn -0.9703 0.0009 -0.2421
vn -0.9891 -0.0010 -0.1471
vn -0.9962 0.0033 -0.0876
vn -0.5201 -0.0022 -0.8541
vn 0.5201 -0.0022 -0.8541
vn 0.3349 -0.0014 -0.9422
vn -0.3349 -0.0014 -0.9422
vn 0.5201 -0.0022 0.8541
vn -0.5201 -0.0022 0.8541
vn -0.3349 -0.0014 0.9422
vn 0.3349 -0.0014 0.9422
vn -1.0000 -0.0000 -0.0000
vn -0.9984 0.0560 -0.0000
vn -0.9859 0.1672 -0.0000
vn -0.9611 0.2763 -0.0000
vn -0.9242 0.3820 -0.0000
vn -0.8756 0.4830 -0.0000
vn -0.8161 0.5779 -0.0000
vn -0.7463 0.6656 -0.0000
vn -0.6671 0.7450 -0.0000
vn -0.5795 0.8150 -0.0000
vn -0.4845 0.8748 -0.0000
vn -0.3833 0.9236 -0.0000
vn -0.2774 0.9608 -0.0000
vn -0.1678 0.9858 -0.0000
vn -0.0562 0.9984 -0.0000
vn 0.0562 0.9984 -0.0000
vn 0.1678 0.9858 -0.0000
vn 0.2774 0.9608 -0.0000
vn 0.3833 0.9236 -0.0000
vn 0.4845 0.8748 -0.0000
vn 0.5795 0.8150 -0.0000
vn 0.6671 0.7450 -0.0000
vn 0.7463 0.6656 -0.0000
vn 0.8161 0.5779 -0.0000
vn 0.8756 0.4830 -0.0000
vn 0.9242 0.3820 -0.0000
vn 0.9611 0.2763 -0.0000
vn 0.9859 0.1672 -0.0000
vn 0.9984 0.0560 -0.0000
s 1
f 1//1 2//1 3//1
f 3//1 2//1 4//2
f 3//1 4//2 5//3
f 5//4 4//4 6//4
f 5//4 6//4 7//4
f 7//5 6//5 8//5
f 7//5 8//5 9//5
f 9//6 8//6 10//6
f 9//6 10//6 11//6
f 11//7 10//7 12//7
f 11//7 12//7 13//7
f 13//8 12//9 14//9
f 13//8 14//9 15//9
f 15//9 14//9 16//9
f 15//9 16//9 17//9
f 17//9 16//9 18//8
f 17//7 18//7 19//7
f 19//7 18//7 20//7
f 19//6 20//6 21//6
f 21//6 20//6 22//6
f 21//5 22//5 23//5
f 23//5 22//5 24//5
f 23//4 24//4 25//4
f 25//4 24//4 26//4
f 25//2 26//10 27//1
f 27//1 26//10 28//3
f 27//1 28//3 29//2
f 29//4 28//4 30//4
f 29//4 30//4 31//4
f 31//5 30//5 32//5
f 31//5 32//5 33//5
f 33//6 32//6 34//6
f 33//6 34//6 35//6
f 35//7 34//7 36//7
f 35//7 36//7 37//7
f 37//9 36//9 16//9
f 37//9 16//9 38//9
f 2//4 1//4 39//4
f 39//4 1//4 40//4
f 39//5 40//5 41//5
f 41//5 40//5 42//5
f 41//6 42//6 43//6
f 43//6 42//6 44//6
f 43//7 44//7 45//7
f 45//7 44//7 46//7
f 45//9 46//9 14//9
f 37//7 38//7 47//7
f 47//7 38//7 48//7
f 47//6 48//6 49//6
f 49//6 48//6 50//6
f 49//5 50//5 51//5
f 51//5 50//5 52//5
f 51//4 52//11 53//4
f 53//4 52//11 54//11
f 53//1 54//1 27//1
f 27//1 3//1 25//2
f 25//2 3//1 55//10
f 25//4 55//4 23//4
f 23//4 55//4 56//4
f 23//5 56//5 21//5
f 21//5 56//5 57//5
f 21//6 57//6 19//6
f 19//6 57//6 58//6
f 19//7 58//7 17//7
f 17//7 58//7 15//7
f 4//4 2//4 59//4
f 59//4 2//4 39//4
f 59//5 39//5 60//5
f 60//5 39//5 41//5
f 60//6 41//6 61//6
f 61//6 41//6 43//6
f 61//7 43//7 62//7
f 62//7 43//7 45//7
f 62//9 45//9 14//9
f 5//3 63//2 3//1
f 3//1 63//2 64//2
f 3//1 64//2 65//3
f 65//4 64//4 66//4
f 65//4 66//4 67//4
f 67//5 66//5 68//5
f 67//5 68//5 57//5
f 57//6 68//6 58//6
f 5//4 7//4 63//4
f 63//4 7//4 69//4
f 63//4 69//4 64//4
f 64//4 69//4 66//4
f 55//10 3//1 70//10
f 70//10 3//1 65//3
f 70//4 65//4 67//4
f 56//4 55//4 70//4
f 56//4 70//4 67//4
f 28//4 26//4 71//4
f 71//4 26//4 24//4
f 71//5 24//5 72//5
f 72//5 24//5 22//5
f 72//6 22//6 73//6
f 73//6 22//6 20//6
f 73//7 20//7 74//7
f 74//7 20//7 18//7
f 74//9 18//8 16//9
f 29//2 75//10 27//1
f 27//1 75//10 76//1
f 27//1 76//1 77//2
f 77//4 76//4 78//4
f 77//4 78//4 51//4
f 51//5 78//5 49//5
f 29//4 31//4 75//4
f 75//4 31//4 79//4
f 75//4 79//4 76//4
f 76//4 79//4 78//4
f 53//1 27//1 77//2
f 51//4 53//4 77//4
f 4//4 59//4 6//4
f 6//5 59//5 80//5
f 6//5 80//5 8//5
f 8//6 80//6 81//6
f 8//6 81//6 10//6
f 10//7 81//7 82//7
f 10//7 82//7 12//7
f 12//9 82//9 14//9
f 80//5 59//5 60//5
f 7//5 9//5 69//5
f 69//5 9//5 83//5
f 69//5 83//5 66//5
f 66//5 83//5 68//5
f 57//5 56//5 67//5
f 28//4 71//4 30//4
f 30//5 71//5 84//5
f 30//5 84//5 32//5
f 32//6 84//6 85//6
f 32//6 85//6 34//6
f 34//7 85//7 86//7
f 34//7 86//7 36//7
f 36//9 86//9 16//9
f 84//5 71//5 72//5
f 31//5 33//5 79//5
f 79//5 33//5 87//5
f 79//5 87//5 78//5
f 78//5 87//5 49//5
f 80//6 60//6 88//6
f 88//6 60//6 61//6
f 88//7 61//7 89//7
f 89//7 61//7 62//7
f 89//9 62//9 14//9
f 9//6 11//6 83//6
f 83//6 11//6 90//6
f 83//6 90//6 68//6
f 68//6 90//6 58//6
f 84//6 72//6 91//6
f 91//6 72//6 73//6
f 91//7 73//7 92//7
f 92//7 73//7 74//7
f 92//9 74//9 16//9
f 47//6 49//6 87//6
f 47//6 87//6 35//6
f 35//6 87//6 33//6
f 80//6 88//6 81//6
f 81//7 88//7 93//7
f 81//7 93//7 82//7
f 82//9 93//8 14//9
f 93//7 88//7 89//7
f 15//7 58//7 90//7
f 15//7 90//7 13//7
f 13//7 90//7 11//7
f 84//6 91//6 85//6
f 85//7 91//7 94//7
f 85//7 94//7 86//7
f 86//9 94//9 16//9
f 94//7 91//7 92//7
f 37//7 47//7 35//7
f 14//9 93//8 89//9
f 16//9 94//9 92//9
f 14//12 95//12 16//12
f 16//12 95//12 96//12
f 16//12 96//12 97//12
f 98//12 99//12 14//12
f 14//12 99//12 100//12
f 14//12 100//12 101//12
f 101//12 95//12 14//12
f 97//12 102//12 16//12
f 16//12 102//12 103//12
f 16//12 103//12 104//12
f 104//12 105//12 16//12
f 16//12 105//12 106//12
f 16//12 106//12 107//12
f 107//12 108//12 16//12
f 16//12 108//12 109//12
f 16//12 109//12 110//12
f 110//12 109//12 111//12
f 110//12 111//12 112//12
f 112//12 113//12 110//12
f 110//12 113//12 114//12
f 110//12 114//12 115//12
f 115//12 116//12 110//12
f 110//12 116//12 117//12
f 110//12 117//12 118//12
f 118//12 119//12 110//12
f 110//12 119//12 120//12
f 110//12 120//12 121//12
f 121//12 120//12 122//12
f 121//12 122//12 123//12
f 123//12 124//12 121//12
f 121//12 124//12 125//12
f 46//13 3//13 14//13
f 14//13 3//13 126//13
f 14//13 126//13 98//13
f 98//13 126//13 127//13
f 46//13 44//13 3//13
f 3//13 44//13 42//13
f 3//13 42//13 40//13
f 40//13 1//14 3//13
f 3//13 128//13 126//13
f 126//13 128//13 129//13
f 129//13 128//13 130//13
f 130//13 128//13 131//13
f 131//13 128//13 132//13
f 132//13 128//13 133//14
f 129//15 134//15 126//15
f 126//15 134//15 135//15
f 126//15 135//15 136//16
f 136//17 135//17 137//17
f 136//17 137//17 138//17
f 138//18 137//18 139//18
f 138//18 139//18 140//18
f 140//19 139//19 141//19
f 140//19 141//19 142//19
f 142//20 141//20 143//20
f 142//20 143//20 144//20
f 144//21 143//22 128//23
f 144//21 128//23 145//24
f 145//24 128//23 146//23
f 145//24 146//23 147//21
f 147//21 146//23 148//21
f 147//20 148//20 149//20
f 149//20 148//20 150//20
f 149//19 150//19 151//19
f 151//19 150//19 152//19
f 151//18 152//18 153//18
f 153//18 152//18 154//18
f 153//17 154//17 155//17
f 155//17 154//17 156//17
f 155//15 156//16 157//15
f 157//15 156//16 158//15
f 157//15 158//15 159//15
f 159//17 158//17 160//17
f 159//17 160//17 161//17
f 161//18 160//18 162//18
f 161//18 162//18 163//18
f 163//19 162//19 164//19
f 163//19 164//19 165//19
f 165//20 164//20 166//20
f 165//20 166//20 167//20
f 167//23 166//21 146//23
f 167//23 146//23 168//23
f 134//17 129//17 169//17
f 169//17 129//17 130//17
f 169//18 130//18 170//18
f 170//18 130//18 131//18
f 170//19 131//19 171//19
f 171//19 131//19 132//19
f 171//20 132//25 172//20
f 172//20 132//25 133//25
f 172//23 133//23 128//23
f 167//20 168//20 173//20
f 173//20 168//20 174//20
f 173//19 174//19 175//19
f 175//19 174//19 176//19
f 175//18 176//18 177//18
f 177//18 176//18 178//18
f 177//17 178//17 179//17
f 179//17 178//17 180//17
f 179//15 180//15 157//15
f 157//15 126//15 155//15
f 155//15 126//15 181//15
f 155//17 181//17 153//17
f 153//17 181//17 182//17
f 153//18 182//18 151//18
f 151//18 182//18 183//18
f 151//19 183//19 149//19
f 149//19 183//19 184//19
f 149//20 184//20 147//20
f 147//20 184//20 145//20
f 135//17 134//17 185//17
f 185//17 134//17 169//17
f 185//18 169//18 186//18
f 186//18 169//18 170//18
f 186//19 170//19 187//19
f 187//19 170//19 171//19
f 187//20 171//20 188//20
f 188//20 171//20 172//20
f 188//23 172//23 128//23
f 136//16 189//15 126//15
f 126//15 189//15 190//15
f 126//15 190//15 191//15
f 191//17 190//17 192//17
f 191//17 192//17 193//17
f 193//18 192//18 194//18
f 193//18 194//18 183//18
f 183//19 194//19 184//19
f 136//17 138//17 189//17
f 189//17 138//17 195//17
f 189//17 195//17 190//17
f 190//17 195//17 192//17
f 181//15 126//15 196//16
f 196//16 126//15 191//15
f 196//17 191//17 193//17
f 182//17 181//17 196//17
f 182//17 196//17 193//17
f 158//17 156//17 197//17
f 197//17 156//17 154//17
f 197//18 154//18 198//18
f 198//18 154//18 152//18
f 198//19 152//19 199//19
f 199//19 152//19 150//19
f 199//20 150//20 200//20
f 200//20 150//20 148//20
f 200//22 148//21 146//23
f 159//15 201//15 157//15
f 157//15 201//15 202//15
f 157//15 202//15 203//15
f 203//17 202//17 204//17
f 203//17 204//17 177//17
f 177//18 204//18 175//18
f 159//17 161//17 201//17
f 201//17 161//17 205//17
f 201//17 205//17 202//17
f 202//17 205//17 204//17
f 179//15 157//15 203//15
f 177//17 179//17 203//17
f 135//17 185//17 137//17
f 137//18 185//18 206//18
f 137//18 206//18 139//18
f 139//19 206//19 207//19
f 139//19 207//19 141//19
f 141//20 207//20 208//20
f 141//20 208//20 143//20
f 143//22 208//21 128//23
f 206//18 185//18 186//18
f 138//18 140//18 195//18
f 195//18 140//18 209//18
f 195//18 209//18 192//18
f 192//18 209//18 194//18
f 183//18 182//18 193//18
f 158//17 197//17 160//17
f 160//18 197//18 210//18
f 160//18 210//18 162//18
f 162//19 210//19 211//19
f 162//19 211//19 164//19
f 164//20 211//20 212//20
f 164//20 212//20 166//20
f 166//21 212//22 146//23
f 210//18 197//18 198//18
f 161//18 163//18 205//18
f 205//18 163//18 213//18
f 205//18 213//18 204//18
f 204//18 213//18 175//18
f 206//19 186//19 214//19
f 214//19 186//19 187//19
f 214//20 187//20 215//20
f 215//20 187//20 188//20
f 215//23 188//23 128//23
f 140//19 142//19 209//19
f 209//19 142//19 216//19
f 209//19 216//19 194//19
f 194//19 216//19 184//19
f 210//19 198//19 217//19
f 217//19 198//19 199//19
f 217//20 199//20 218//20
f 218//20 199//20 200//20
f 218//21 200//22 146//23
f 173//19 175//19 213//19
f 173//19 213//19 165//19
f 165//19 213//19 163//19
f 206//19 214//19 207//19
f 207//20 214//20 219//20
f 207//20 219//20 208//20
f 208//21 219//21 128//23
f 219//20 214//20 215//20
f 145//20 184//20 216//20
f 145//20 216//20 144//20
f 144//20 216//20 142//20
f 210//19 217//19 211//19
f 211//20 217//20 220//20
f 211//20 220//20 212//20
f 212//22 220//24 146//23
f 220//20 217//20 218//20
f 167//20 173//20 165//20
f 128//23 219//21 215//23
f 146//23 220//24 218//21
f 157//26 221//26 126//26
f 126//26 221//26 222//26
f 126//26 222//26 223//26
f 224//26 225//26 157//26
f 157//26 225//26 226//26
f 157//26 226//26 227//26
f 228//26 229//26 224//26
f 224//26 229//26 230//26
f 224//26 230//26 231//26
f 232//26 233//26 228//26
f 228//26 233//26 234//26
f 228//26 234//26 235//26
f 235//26 229//26 228//26
f 231//26 236//26 224//26
f 224//26 236//26 237//26
f 224//26 237//26 238//26
f 238//26 239//26 224//26
f 224//26 239//26 240//26
f 224//26 240//26 241//26
f 241//26 242//26 224//26
f 224//26 242//26 225//26
f 227//26 243//26 157//26
f 157//26 243//26 244//26
f 157//26 244//26 245//26
f 245//26 246//26 157//26
f 157//26 246//26 247//26
f 157//26 247//26 248//26
f 248//26 249//26 157//26
f 157//26 249//26 221//26
f 223//26 250//26 126//26
f 126//26 250//26 127//26
f 251//27 252//27 121//27
f 121//27 252//27 253//27
f 121//27 253//27 254//28
f 254//29 253//29 255//29
f 254//29 255//29 256//29
f 256//30 255//30 257//30
f 256//30 257//30 258//30
f 258//31 257//31 259//31
f 258//31 259//31 260//31
f 260//32 259//32 261//32
f 260//32 261//32 262//32
f 262//33 261//34 263//35
f 262//33 263//35 264//36
f 264//36 263//35 265//35
f 264//36 265//35 266//33
f 266//33 265//35 267//33
f 266//32 267//32 268//32
f 268//32 267//32 269//32
f 268//31 269//31 270//31
f 270//31 269//31 271//31
f 270//30 271//30 272//30
f 272//30 271//30 273//30
f 272//29 273//29 274//29
f 274//29 273//29 275//29
f 274//27 275//28 110//27
f 110//27 275//28 276//27
f 110//27 276//27 277//27
f 277//29 276//29 278//29
f 277//29 278//29 279//29
f 279//30 278//30 280//30
f 279//30 280//30 281//30
f 281//31 280//31 282//31
f 281//31 282//31 283//31
f 283//32 282//32 284//32
f 283//32 284//32 285//32
f 285//35 284//33 265//35
f 285//35 265//35 286//35
f 252//29 251//29 287//29
f 287//29 251//29 288//29
f 287//30 288//30 289//30
f 289//30 288//30 290//30
f 289//31 290//31 291//31
f 291//31 290//31 292//31
f 291//32 292//37 293//32
f 293//32 292//37 294//37
f 293//35 294//35 263//35
f 285//32 286//32 295//32
f 295//32 286//32 296//32
f 295//31 296//31 297//31
f 297//31 296//31 298//31
f 297//30 298//30 299//30
f 299//30 298//30 300//30
f 299//29 300//29 301//29
f 301//29 300//29 302//29
f 301//27 302//27 110//27
f 110//27 121//27 274//27
f 274//27 121//27 303//27
f 274//29 303//29 272//29
f 272//29 303//29 304//29
f 272//30 304//30 270//30
f 270//30 304//30 305//30
f 270//31 305//31 268//31
f 268//31 305//31 306//31
f 268//32 306//32 266//32
f 266//32 306//32 264//32
f 253//29 252//29 307//29
f 307//29 252//29 287//29
f 307//30 287//30 308//30
f 308//30 287//30 289//30
f 308//31 289//31 309//31
f 309//31 289//31 291//31
f 309//32 291//32 310//32
f 310//32 291//32 293//32
f 310//35 293//35 263//35
f 254//28 311//27 121//27
f 121//27 311//27 312//27
f 121//27 312//27 313//27
f 313//29 312//29 314//29
f 313//29 314//29 315//29
f 315//30 314//30 316//30
f 315//30 316//30 305//30
f 305//31 316//31 306//31
f 254//29 256//29 311//29
f 311//29 256//29 317//29
f 311//29 317//29 312//29
f 312//29 317//29 314//29
f 303//27 121//27 318//28
f 318//28 121//27 313//27
f 318//29 313//29 315//29
f 304//29 303//29 318//29
f 304//29 318//29 315//29
f 276//29 275//29 319//29
f 319//29 275//29 273//29
f 319//30 273//30 320//30
f 320//30 273//30 271//30
f 320//31 271//31 321//31
f 321//31 271//31 269//31
f 321//32 269//32 322//32
f 322//32 269//32 267//32
f 322//34 267//33 265//35
f 277//27 323//27 110//27
f 110//27 323//27 324//27
f 110//27 324//27 325//27
f 325//29 324//29 326//29
f 325//29 326//29 299//29
f 299//30 326//30 297//30
f 277//29 279//29 323//29
f 323//29 279//29 327//29
f 323//29 327//29 324//29
f 324//29 327//29 326//29
f 301//27 110//27 325//27
f 299//29 301//29 325//29
f 253//29 307//29 255//29
f 255//30 307//30 328//30
f 255//30 328//30 257//30
f 257//31 328//31 329//31
f 257//31 329//31 259//31
f 259//32 329//32 330//32
f 259//32 330//32 261//32
f 261//34 330//33 263//35
f 328//30 307//30 308//30
f 256//30 258//30 317//30
f 317//30 258//30 331//30
f 317//30 331//30 314//30
f 314//30 331//30 316//30
f 305//30 304//30 315//30
f 276//29 319//29 278//29
f 278//30 319//30 332//30
f 278//30 332//30 280//30
f 280//31 332//31 333//31
f 280//31 333//31 282//31
f 282//32 333//32 334//32
f 282//32 334//32 284//32
f 284//33 334//34 265//35
f 332//30 319//30 320//30
f 279//30 281//30 327//30
f 327//30 281//30 335//30
f 327//30 335//30 326//30
f 326//30 335//30 297//30
f 328//31 308//31 336//31
f 336//31 308//31 309//31
f 336//32 309//32 337//32
f 337//32 309//32 310//32
f 337//35 310//35 263//35
f 258//31 260//31 331//31
f 331//31 260//31 338//31
f 331//31 338//31 316//31
f 316//31 338//31 306//31
f 332//31 320//31 339//31
f 339//31 320//31 321//31
f 339//32 321//32 340//32
f 340//32 321//32 322//32
f 340//33 322//34 265//35
f 295//31 297//31 335//31
f 295//31 335//31 283//31
f 283//31 335//31 281//31
f 328//31 336//31 329//31
f 329//32 336//32 341//32
f 329//32 341//32 330//32
f 330//33 341//33 263//35
f 341//32 336//32 337//32
f 264//32 306//32 338//32
f 264//32 338//32 262//32
f 262//32 338//32 260//32
f 332//31 339//31 333//31
f 333//32 339//32 342//32
f 333//32 342//32 334//32
f 334//34 342//36 265//35
f 342//32 339//32 340//32
f 285//32 295//32 283//32
f 263//35 341//33 337//35
f 265//35 342//36 340//33
f 263//38 343//38 265//38
f 265//38 343//38 344//38
f 294//13 292//13 263//13
f 263//13 292//13 290//13
f 263//13 290//13 288//13
f 288//13 251//13 263//13
f 263//13 251//13 121//13
f 263//13 121//13 228//13
f 228//13 121//13 232//13
f 232//13 121//13 125//13
f 263//13 228//13 343//13
f 343//13 228//13 345//13
f 343//13 345//13 346//13
f 346//13 347//13 343//13
f 343//13 347//13 348//13
f 343//13 348//13 349//39
f 349//40 350//40 343//40
f 343//40 350//40 351//41
f 343//40 351//41 352//42
f 352//43 351//43 353//43
f 352//43 353//43 354//43
f 354//44 353//44 355//44
f 354//44 355//44 356//44
f 356//45 355//45 357//45
f 356//45 357//45 358//45
f 358//46 357//46 359//46
f 358//46 359//46 360//46
f 360//47 359//48 228//48
f 360//47 228//48 361//48
f 361//48 228//48 224//48
f 361//48 224//48 362//48
f 362//48 224//48 363//47
f 362//46 363//46 364//46
f 364//46 363//46 365//46
f 364//45 365//45 366//45
f 366//45 365//45 367//45
f 366//44 367//44 368//44
f 368//44 367//44 369//44
f 368//43 369//43 370//43
f 370//43 369//43 371//43
f 370//41 371//49 344//40
f 344//40 371//49 372//42
f 344//40 372//42 373//41
f 373//43 372//43 374//43
f 373//43 374//43 375//43
f 375//44 374//44 376//44
f 375//44 376//44 377//44
f 377//45 376//45 378//45
f 377//45 378//45 379//45
f 379//46 378//46 380//46
f 379//46 380//46 381//46
f 381//48 380//48 224//48
f 381//48 224//48 382//48
f 350//43 349//43 383//43
f 383//43 349//43 348//43
f 383//44 348//44 384//44
f 384//44 348//44 347//44
f 384//45 347//45 385//45
f 385//45 347//45 346//45
f 385//46 346//46 386//46
f 386//46 346//46 345//46
f 386//48 345//48 228//48
f 381//46 382//46 387//46
f 387//46 382//46 388//46
f 387//45 388//45 389//45
f 389//45 388//45 390//45
f 389//44 390//44 391//44
f 391//44 390//44 392//44
f 391//43 392//50 393//43
f 393//43 392//50 394//50
f 393//40 394//40 344//40
f 344//40 343//40 370//41
f 370//41 343//40 395//49
f 370//43 395//43 368//43
f 368//43 395//43 396//43
f 368//44 396//44 366//44
f 366//44 396//44 397//44
f 366//45 397//45 364//45
f 364//45 397//45 398//45
f 364//46 398//46 362//46
f 362//46 398//46 361//46
f 351//43 350//43 399//43
f 399//43 350//43 383//43
f 399//44 383//44 400//44
f 400//44 383//44 384//44
f 400//45 384//45 401//45
f 401//45 384//45 385//45
f 401//46 385//46 402//46
f 402//46 385//46 386//46
f 402//48 386//48 228//48
f 352//42 403//41 343//40
f 343//40 403//41 404//41
f 343//40 404//41 405//42
f 405//43 404//43 406//43
f 405//43 406//43 407//43
f 407//44 406//44 408//44
f 407//44 408//44 397//44
f 397//45 408//45 398//45
f 352//43 354//43 403//43
f 403//43 354//43 409//43
f 403//43 409//43 404//43
f 404//43 409//43 406//43
f 395//49 343//40 410//49
f 410//49 343//40 405//42
f 410//43 405//43 407//43
f 396//43 395//43 410//43
f 396//43 410//43 407//43
f 372//43 371//43 411//43
f 411//43 371//43 369//43
f 411//44 369//44 412//44
f 412//44 369//44 367//44
f 412//45 367//45 413//45
f 413//45 367//45 365//45
f 413//46 365//46 414//46
f 414//46 365//46 363//46
f 414//48 363//47 224//48
f 373//41 415//49 344//40
f 344//40 415//49 416//40
f 344//40 416//40 417//41
f 417//43 416//43 418//43
f 417//43 418//43 391//43
f 391//44 418//44 389//44
f 373//43 375//43 415//43
f 415//43 375//43 419//43
f 415//43 419//43 416//43
f 416//43 419//43 418//43
f 393//40 344//40 417//41
f 391//43 393//43 417//43
f 351//43 399//43 353//43
f 353//44 399//44 420//44
f 353//44 420//44 355//44
f 355//45 420//45 421//45
f 355//45 421//45 357//45
f 357//46 421//46 422//46
f 357//46 422//46 359//46
f 359//48 422//48 228//48
f 420//44 399//44 400//44
f 354//44 356//44 409//44
f 409//44 356//44 423//44
f 409//44 423//44 406//44
f 406//44 423//44 408//44
f 397//44 396//44 407//44
f 372//43 411//43 374//43
f 374//44 411//44 424//44
f 374//44 424//44 376//44
f 376//45 424//45 425//45
f 376//45 425//45 378//45
f 378//46 425//46 426//46
f 378//46 426//46 380//46
f 380//48 426//48 224//48
f 424//44 411//44 412//44
f 375//44 377//44 419//44
f 419//44 377//44 427//44
f 419//44 427//44 418//44
f 418//44 427//44 389//44
f 420//45 400//45 428//45
f 428//45 400//45 401//45
f 428//46 401//46 429//46
f 429//46 401//46 402//46
f 429//48 402//48 228//48
f 356//45 358//45 423//45
f 423//45 358//45 430//45
f 423//45 430//45 408//45
f 408//45 430//45 398//45
f 424//45 412//45 431//45
f 431//45 412//45 413//45
f 431//46 413//46 432//46
f 432//46 413//46 414//46
f 432//48 414//48 224//48
f 387//45 389//45 427//45
f 387//45 427//45 379//45
f 379//45 427//45 377//45
f 420//45 428//45 421//45
f 421//46 428//46 433//46
f 421//46 433//46 422//46
f 422//48 433//47 228//48
f 433//46 428//46 429//46
f 361//46 398//46 430//46
f 361//46 430//46 360//46
f 360//46 430//46 358//46
f 424//45 431//45 425//45
f 425//46 431//46 434//46
f 425//46 434//46 426//46
f 426//48 434//48 224//48
f 434//46 431//46 432//46
f 381//46 387//46 379//46
f 228//48 433//47 429//48
f 224//48 434//48 432//48
f 435//51 436//52 437//53
f 437//53 436//52 438//54
f 438//54 436//52 439//55
f 438//54 439//55 440//56
f 440//56 439//55 441//57
f 440//56 441//57 442//58
f 442//58 441//57 443//58
f 442//59 443//59 444//59
f 444//59 443//59 445//59
f 444//60 445//60 446//60
f 446//60 445//60 447//60
f 446//61 447//61 448//61
f 448//61 447//61 449//61
f 448//62 449//62 450//62
f 451//63 452//64 450//63
f 450//63 452//64 453//64
f 450//62 453//62 448//62
f 452//65 451//65 454//65
f 454//65 451//65 455//65
f 454//66 455//66 456//66
f 457//67 458//67 456//67
f 456//67 458//67 459//67
f 456//66 459//66 454//66
f 458//68 457//68 460//68
f 460//68 457//68 461//68
f 460//69 461//69 462//69
f 463//70 464//70 462//70
f 462//70 464//70 465//70
f 462//69 465//69 460//69
f 464//71 463//71 466//71
f 466//71 463//71 467//71
f 466//72 467//72 468//72
f 468//72 467//72 469//72
f 468//73 469//73 470//73
f 470//73 469//73 471//73
f 470//74 471//74 472//74
f 473//75 474//75 472//75
f 472//75 474//75 475//75
f 472//74 475//74 470//74
f 474//76 473//76 476//76
f 476//76 473//76 477//76
f 476//77 477//77 478//77
f 479//78 480//78 478//78
f 478//78 480//78 481//78
f 478//77 481//77 476//77
f 480//79 479//80 482//79
f 482//79 479//80 483//80
f 482//81 483//81 484//81
f 485//82 486//82 484//82
f 484//82 486//82 487//82
f 484//81 487//81 482//81
f 486//83 485//83 488//83
f 488//83 485//83 489//83
f 488//84 489//84 490//84
f 490//84 489//84 491//84
f 490//85 491//85 492//86
f 492//86 491//85 493//87
f 492//86 493//87 494//88
f 494//88 493//87 495//89
f 494//88 495//89 496//90
f 496//90 495//89 497//91
f 496//90 497//91 498//92
f 499//93 500//94 501//95
f 501//95 500//94 502//96
f 501//95 502//96 503//97
f 503//98 502//99 504//100
f 503//101 504//102 505//103
f 505//104 504//104 506//104
f 505//105 506//105 507//105
f 500//94 499//93 508//106
f 508//106 499//93 509//107
f 508//106 509//107 510//108
f 510//108 509//107 511//108
f 510//109 511//109 512//109
f 512//109 511//109 513//109
f 512//110 513//110 514//110
f 514//110 513//110 515//110
f 514//111 515//111 516//111
f 516//111 515//111 517//111
f 516//112 517//112 518//112
f 519//113 520//113 518//113
f 518//113 520//113 521//113
f 518//112 521//112 516//112
f 520//114 519//115 522//114
f 522//114 519//115 523//115
f 522//116 523//116 524//116
f 525//117 526//117 524//117
f 524//117 526//117 527//117
f 524//116 527//116 522//116
f 526//118 525//118 528//118
f 528//118 525//118 529//118
f 528//119 529//119 530//119
f 531//120 532//120 530//120
f 530//120 532//120 533//120
f 530//119 533//119 528//119
f 531//121 534//121 532//121
f 532//121 534//121 535//121
f 535//122 534//122 536//122
f 536//122 534//122 537//122
f 536//123 537//123 538//123
f 538//123 537//123 539//123
f 538//124 539//124 540//124
f 541//125 542//125 540//125
f 540//125 542//125 543//125
f 540//124 543//124 538//124
f 541//126 544//126 542//126
f 542//126 544//126 545//126
f 545//127 544//127 546//127
f 546//127 544//127 547//127
f 546//128 547//128 548//128
f 548//128 547//128 549//128
f 548//129 549//129 550//129
f 551//130 552//131 550//130
f 550//130 552//131 553//131
f 550//129 553//129 548//129
f 552//132 551//132 554//132
f 554//132 551//132 555//132
f 554//133 555//133 556//133
f 557//134 558//134 556//134
f 556//134 558//134 559//134
f 556//133 559//133 554//133
f 558//135 557//135 560//135
f 560//135 557//135 561//135
f 560//136 561//136 562//136
f 562//136 561//136 563//136
f 562//137 563//137 564//138
f 564//138 563//137 565//139
f 564//138 565//139 566//140
f 566//140 565//139 567//141
f 566//140 567//141 568//142
f 568//142 567//141 569//143
f 568//142 569//143 570//144
f 570//144 569//143 571//145
f 570//144 571//145 572//146
f 572//146 571//145 573//147
f 573//147 571//145 574//139
f 574//139 571//145 575//138
f 574//139 575//138 576//137
f 576//137 575//138 577//137
f 576//136 577//136 578//136
f 578//136 577//136 579//136
f 578//135 579//135 580//135
f 580//135 579//135 581//135
f 580//134 581//134 582//134
f 582//134 581//134 583//134
f 582//133 583//133 584//133
f 585//132 586//132 584//132
f 584//132 586//132 587//132
f 584//133 587//133 582//133
f 586//130 585//131 588//130
f 588//130 585//131 589//131
f 588//129 589//129 590//129
f 591//128 592//128 590//128
f 590//128 592//128 593//128
f 590//129 593//129 588//129
f 592//127 591//127 594//127
f 594//127 591//127 595//127
f 594//126 595//126 596//126
f 597//125 598//125 596//125
f 596//125 598//125 599//125
f 596//126 599//126 594//126
f 597//124 600//124 598//124
f 598//124 600//124 601//124
f 601//123 600//123 602//123
f 602//123 600//123 603//123
f 602//122 603//122 604//122
f 604//122 603//122 605//122
f 604//121 605//121 606//121
f 607//120 608//120 606//120
f 606//120 608//120 609//120
f 606//121 609//121 604//121
f 607//119 610//119 608//119
f 608//119 610//119 611//119
f 611//118 610//118 612//118
f 612//118 610//118 613//118
f 612//117 613//117 614//117
f 614//117 613//117 615//117
f 614//116 615//116 616//116
f 617//114 618//115 616//114
f 616//114 618//115 619//115
f 616//116 619//116 614//116
f 618//113 617//113 620//113
f 620//113 617//113 621//113
f 620//112 621//112 622//112
f 623//111 624//111 622//111
f 622//111 624//111 625//111
f 622//112 625//112 620//112
f 624//110 623//110 626//110
f 626//110 623//110 627//110
f 626//109 627//109 628//109
f 628//109 627//109 629//109
f 628//108 629//108 630//107
f 630//107 629//108 631//106
f 630//107 631//106 632//148
f 632//148 631//106 633//94
f 632//148 633//94 634//149
f 634//149 633//94 501//95
f 634//149 501//95 503//97
f 635//150 636//94 637//151
f 637//151 636//94 638//152
f 637//151 638//152 639//97
f 639//97 638//152 503//97
f 639//153 503//101 640//153
f 640//153 503//101 505//103
f 640//154 505//154 641//154
f 641//154 505//154 642//155
f 641//156 642//156 643//156
f 643//156 642//156 644//156
f 643//157 644//158 645//157
f 645//157 644//158 646//158
f 645//159 646//160 647//159
f 647//159 646//160 648//160
f 647//161 648//162 649//161
f 649//161 648//162 650//162
f 649//163 650//164 651//165
f 651//165 650//164 652//165
f 651//166 652//166 653//166
f 636//94 635//150 654//106
f 654//106 635//150 655//107
f 654//106 655//107 656//108
f 656//108 655//107 657//108
f 656//109 657//109 658//109
f 658//109 657//109 659//109
f 658//110 659//110 660//110
f 660//110 659//110 661//110
f 660//111 661//111 662//111
f 662//111 661//111 663//111
f 662//112 663//112 664//112
f 665//113 666//113 664//113
f 664//113 666//113 667//113
f 664//112 667//112 662//112
f 666//114 665//115 668//114
f 668//114 665//115 669//115
f 668//116 669//116 670//116
f 671//117 672//117 670//117
f 670//117 672//117 673//117
f 670//116 673//116 668//116
f 672//118 671//118 674//118
f 674//118 671//118 675//118
f 674//119 675//119 676//119
f 677//120 678//120 676//120
f 676//120 678//120 679//120
f 676//119 679//119 674//119
f 677//121 680//121 678//121
f 678//121 680//121 681//121
f 681//122 680//122 682//122
f 682//122 680//122 683//122
f 682//123 683//123 684//123
f 684//123 683//123 685//123
f 684//124 685//124 686//124
f 687//125 688//125 686//125
f 686//125 688//125 689//125
f 686//124 689//124 684//124
f 687//126 690//126 688//126
f 688//126 690//126 691//126
f 691//127 690//127 692//127
f 692//127 690//127 693//127
f 692//128 693//128 694//128
f 694//128 693//128 695//128
f 694//129 695//129 696//129
f 697//130 698//131 696//130
f 696//130 698//131 699//131
f 696//129 699//129 694//129
f 698//132 697//132 700//132
f 700//132 697//132 701//132
f 700//133 701//133 702//133
f 703//134 704//134 702//134
f 702//134 704//134 705//134
f 702//133 705//133 700//133
f 704//135 703//135 706//135
f 706//135 703//135 707//135
f 706//136 707//136 708//136
f 708//136 707//136 709//136
f 708//137 709//137 710//138
f 710//138 709//137 711//167
f 710//138 711//167 712//168
f 712//168 711//167 713//141
f 712//168 713//141 572//146
f 572//146 713//141 714//169
f 572//146 714//169 715//170
f 715//170 714//169 716//171
f 715//170 716//171 717//172
f 717//172 716//171 718//173
f 717//172 718//173 719//169
f 716//171 714//169 720//141
f 720//141 714//169 721//168
f 720//141 721//168 722//139
f 722//139 721//168 723//138
f 722//139 723//138 724//137
f 724//137 723//138 725//137
f 724//136 725//136 726//136
f 726//136 725//136 727//136
f 726//135 727//135 728//135
f 728//135 727//135 729//135
f 728//134 729//134 730//134
f 730//134 729//134 731//134
f 730//133 731//133 732//133
f 733//132 734//132 732//132
f 732//132 734//132 735//132
f 732//133 735//133 730//133
f 734//130 733//131 736//130
f 736//130 733//131 737//131
f 736//129 737//129 738//129
f 739//128 740//128 738//128
f 738//128 740//128 741//128
f 738//129 741//129 736//129
f 740//127 739//127 742//127
f 742//127 739//127 743//127
f 742//126 743//126 744//126
f 745//125 746//125 744//125
f 744//125 746//125 747//125
f 744//126 747//126 742//126
f 745//124 748//124 746//124
f 746//124 748//124 749//124
f 749//123 748//123 750//123
f 750//123 748//123 751//123
f 750//122 751//122 752//122
f 752//122 751//122 753//122
f 752//121 753//121 754//121
f 755//120 756//120 754//120
f 754//120 756//120 757//120
f 754//121 757//121 752//121
f 755//119 758//119 756//119
f 756//119 758//119 759//119
f 759//118 758//118 760//118
f 760//118 758//118 761//118
f 760//117 761//117 762//117
f 762//117 761//117 763//117
f 762//116 763//116 764//116
f 765//114 766//115 764//114
f 764//114 766//115 767//115
f 764//116 767//116 762//116
f 766//113 765//113 768//113
f 768//113 765//113 769//113
f 768//112 769//112 770//112
f 771//111 772//111 770//111
f 770//111 772//111 773//111
f 770//112 773//112 768//112
f 772//110 771//110 774//110
f 774//110 771//110 775//110
f 774//109 775//109 776//109
f 776//109 775//109 777//109
f 776//108 777//108 778//107
f 778//107 777//108 779//174
f 778//107 779//174 780//150
f 780//150 779//174 781//94
f 780//150 781//94 782//175
f 782//175 781//94 637//151
f 782//175 637//151 639//97
f 783//148 784//176 785//175
f 785//175 784//176 786//97
f 785//175 786//97 787//177
f 787//178 786//179 788//180
f 787//181 788//182 789//183
f 790//107 791//106 783//148
f 783//148 791//106 792//94
f 783//148 792//94 784//176
f 784//176 792//94 782//175
f 784//176 782//175 786//97
f 786//97 782//175 639//97
f 786//184 639//153 793//153
f 793//153 639//153 640//153
f 793//154 640//154 794//185
f 794//185 640//154 641//154
f 794//156 641//156 795//156
f 795//156 641//156 643//156
f 795//186 643//157 796//186
f 796//186 643//157 645//157
f 796//187 645//159 797//187
f 797//187 645//159 647//159
f 797//188 647//161 798//188
f 798//188 647//161 649//161
f 798//164 649//163 799//165
f 799//165 649//163 800//165
f 800//165 649//163 801//165
f 800//189 801//190 802//191
f 802//191 801//190 803//192
f 802//193 803//193 804//193
f 804//194 803//195 805//196
f 804//194 805//196 806//197
f 806//198 805//198 807//198
f 806//199 807//200 808//201
f 808//201 807//200 809//202
f 808//203 809//204 810//205
f 810//205 809//204 811//206
f 791//106 790//107 812//108
f 812//108 790//107 813//108
f 812//109 813//109 814//109
f 814//109 813//109 815//109
f 814//110 815//110 816//110
f 816//110 815//110 817//110
f 816//111 817//111 818//111
f 818//111 817//111 819//111
f 818//112 819//112 820//112
f 821//113 822//113 820//113
f 820//113 822//113 823//113
f 820//112 823//112 818//112
f 822//114 821//115 824//114
f 824//114 821//115 825//115
f 824//116 825//116 826//116
f 827//117 828//117 826//117
f 826//117 828//117 829//117
f 826//116 829//116 824//116
f 828//118 827//118 830//118
f 830//118 827//118 831//118
f 830//119 831//119 832//119
f 833//120 834//120 832//120
f 832//120 834//120 835//120
f 832//119 835//119 830//119
f 833//121 836//121 834//121
f 834//121 836//121 837//121
f 837//122 836//122 838//122
f 838//122 836//122 839//122
f 838//123 839//123 840//123
f 840//123 839//123 841//123
f 840//124 841//124 842//124
f 843//125 844//125 842//125
f 842//125 844//125 845//125
f 842//124 845//124 840//124
f 843//126 846//126 844//126
f 844//126 846//126 847//126
f 847//127 846//127 848//127
f 848//127 846//127 849//127
f 848//128 849//128 850//128
f 850//128 849//128 851//128
f 850//129 851//129 852//129
f 853//130 854//131 852//130
f 852//130 854//131 855//131
f 852//129 855//129 850//129
f 854//132 853//132 856//132
f 856//132 853//132 857//132
f 856//133 857//133 858//133
f 859//134 860//134 858//134
f 858//134 860//134 861//134
f 858//133 861//133 856//133
f 860//135 859//135 862//135
f 862//135 859//135 863//135
f 862//136 863//136 864//136
f 864//136 863//136 865//136
f 864//137 865//137 866//138
f 866//138 865//137 867//139
f 866//138 867//139 868//140
f 868//140 867//139 718//173
f 868//140 718//173 716//171
f 869//140 870//141 719//169
f 719//169 870//141 871//207
f 719//169 871//207 717//172
f 717//208 871//209 872//210
f 717//211 872//211 873//211
f 873//212 872//213 874//214
f 873//212 874//214 875//215
f 875//216 874//216 876//216
f 875//217 876//217 877//217
f 870//141 869//140 878//139
f 878//139 869//140 879//138
f 878//139 879//138 880//137
f 880//137 879//138 881//137
f 880//136 881//136 882//136
f 882//136 881//136 883//136
f 882//135 883//135 884//135
f 884//135 883//135 885//135
f 884//134 885//134 886//134
f 886//134 885//134 887//134
f 886//133 887//133 888//133
f 889//132 890//132 888//132
f 888//132 890//132 891//132
f 888//133 891//133 886//133
f 890//130 889//131 892//130
f 892//130 889//131 893//131
f 892//129 893//129 894//129
f 895//128 896//128 894//128
f 894//128 896//128 897//128
f 894//129 897//129 892//129
f 896//127 895//127 898//127
f 898//127 895//127 899//127
f 898//126 899//126 900//126
f 901//125 902//125 900//125
f 900//125 902//125 903//125
f 900//126 903//126 898//126
f 901//124 904//124 902//124
f 902//124 904//124 905//124
f 905//123 904//123 906//123
f 906//123 904//123 907//123
f 906//122 907//122 908//122
f 908//122 907//122 909//122
f 908//121 909//121 910//121
f 911//120 912//120 910//120
f 910//120 912//120 913//120
f 910//121 913//121 908//121
f 911//119 914//119 912//119
f 912//119 914//119 915//119
f 915//118 914//118 916//118
f 916//118 914//118 917//118
f 916//117 917//117 918//117
f 918//117 917//117 919//117
f 918//116 919//116 920//116
f 921//114 922//115 920//114
f 920//114 922//115 923//115
f 920//116 923//116 918//116
f 922//113 921//113 924//113
f 924//113 921//113 925//113
f 924//112 925//112 926//112
f 927//111 928//111 926//111
f 926//111 928//111 929//111
f 926//112 929//112 924//112
f 928//110 927//110 930//110
f 930//110 927//110 931//110
f 930//109 931//109 932//109
f 932//109 931//109 933//109
f 932//108 933//108 934//107
f 934//107 933//108 935//106
f 934//107 935//106 936//93
f 936//93 935//106 937//94
f 936//93 937//94 787//177
f 787//177 937//94 785//175
f 875//218 877//219 938//218
f 938//220 877//220 939//220
f 938//221 939//221 940//221
f 938//222 940//223 941//222
f 941//224 940//224 942//224
f 941//225 942//226 943//225
f 943//227 942//227 944//227
f 943//228 944//229 945//228
f 945//230 944//230 946//230
f 945//231 946//232 947//233
f 947//233 946//232 948//234
f 947//235 948//236 949//237
f 949//237 948//236 950//238
f 949//239 950//239 951//239
f 951//240 950//241 952//242
f 951//240 952//242 953//243
f 953//244 952//244 954//244
f 953//245 954//246 955//247
f 955//247 954//246 956//248
f 955//249 956//249 957//249
f 957//250 956//250 958//250
f 958//250 956//250 959//250
f 960//251 961//251 946//251
f 946//232 961//234 962//234
f 946//232 962//234 963//252
f 963//253 962//253 964//253
f 963//253 964//253 965//253
f 965//254 964//254 966//254
f 965//254 966//254 967//254
f 967//255 966//255 968//255
f 967//255 968//255 969//255
f 969//250 968//250 970//250
f 970//250 968//250 971//250
f 961//256 960//256 972//256
f 972//257 960//258 973//259
f 972//257 973//259 974//260
f 974//261 973//262 975//263
f 974//261 975//263 976//264
f 976//265 975//266 977//267
f 976//265 977//267 978//250
f 963//252 948//234 946//232
f 950//241 954//268 952//242
f 957//269 953//245 955//247
f 951//270 979//271 949//237
f 949//237 979//271 947//235
f 947//233 979//231 945//231
f 945//231 979//231 980//272
f 945//231 980//272 981//231
f 981//253 980//253 982//253
f 981//253 982//253 983//253
f 983//254 982//254 984//254
f 983//254 984//254 985//254
f 985//255 984//255 986//255
f 985//255 986//255 987//255
f 987//250 986//250 988//250
f 988//250 986//250 989//250
f 945//231 981//231 990//272
f 990//272 981//231 991//231
f 990//272 991//231 992//272
f 992//235 991//273 993//274
f 992//235 993//274 994//275
f 994//275 993//274 995//276
f 995//239 993//239 996//239
f 995//240 996//277 997//278
f 997//278 996//277 998//279
f 997//244 998//244 999//244
f 999//280 998//281 1000//282
f 999//280 1000//282 1001//283
f 1001//284 1000//285 1002//286
f 1002//286 1000//285 1003//287
f 1002//286 1003//287 1004//250
f 991//273 996//288 993//274
f 998//281 1003//248 1000//282
f 999//289 995//240 997//278
f 992//272 994//231 990//272
f 990//272 994//231 1005//231
f 990//272 1005//231 1006//290
f 1006//290 1005//231 1007//272
f 1006//290 1007//272 1008//231
f 1005//253 1009//253 1007//253
f 1007//253 1009//253 1010//253
f 1010//254 1009//254 1011//254
f 1010//254 1011//254 1012//254
f 1012//255 1011//255 1013//255
f 1012//255 1013//255 1014//255
f 1014//250 1013//250 1015//250
f 1015//250 1013//250 1016//250
f 1017//291 1018//292 1008//293
f 1008//293 1018//292 1019//235
f 1008//231 1019//231 1006//290
f 1006//290 1019//231 1020//231
f 1006//290 1020//231 1021//272
f 1022//294 1023//295 1017//277
f 1017//277 1023//295 1024//296
f 1017//239 1024//239 1018//239
f 1018//292 1024//297 1020//298
f 1018//292 1020//298 1019//235
f 1025//299 1026//300 1022//246
f 1022//246 1026//300 1027//245
f 1022//244 1027//244 1023//244
f 1023//295 1027//301 1024//296
f 1028//250 1029//302 1025//303
f 1025//303 1029//302 1026//304
f 1029//302 1030//305 1026//304
f 1026//300 1030//283 1027//245
f 1006//290 1021//272 1031//306
f 1031//253 1021//253 1032//253
f 1031//253 1032//253 1033//253
f 1033//254 1032//254 1034//254
f 1033//254 1034//254 1035//254
f 1035//255 1034//255 1036//255
f 1035//255 1036//255 1037//255
f 1037//250 1036//250 1038//250
f 1038//250 1036//250 1039//250
f 1006//290 1031//306 1040//307
f 1040//307 1031//306 1041//234
f 1040//308 1041//308 1042//308
f 1042//309 1041//309 1043//309
f 1042//310 1043//311 1044//312
f 1044//312 1043//311 1045//313
f 1044//314 1045//315 1046//316
f 1046//316 1045//315 1047//317
f 1046//318 1047//319 1048//320
f 1048//320 1047//319 1049//250
f 1040//321 1050//321 1006//321
f 1006//322 1050//323 1051//322
f 1006//322 1051//322 1052//324
f 1052//325 1051//326 1053//325
f 1052//325 1053//325 941//225
f 941//222 1053//327 938//222
f 1050//328 1054//328 1051//328
f 1051//326 1054//329 1055//326
f 1051//326 1055//326 1053//325
f 1053//327 1055//330 1056//327
f 1053//327 1056//327 938//222
f 938//218 1056//331 875//218
f 1054//332 1057//332 1055//332
f 1055//330 1057//333 1058//330
f 1055//330 1058//330 1056//327
f 1056//331 1058//334 1059//331
f 1056//331 1059//331 875//218
f 875//215 1059//335 873//212
f 1060//336 1061//337 1057//338
f 1057//338 1061//337 1058//339
f 1058//334 1061//340 1062//334
f 1062//341 1061//341 1063//341
f 1062//216 1063//216 1064//216
f 1062//342 1064//343 1065//344
f 1065//344 1064//343 1066//213
f 1065//211 1066//211 570//345
f 570//345 1066//211 1067//346
f 570//345 1067//346 568//347
f 568//347 1067//346 1068//348
f 568//347 1068//348 1069//349
f 1069//350 1068//350 1070//350
f 1070//351 1068//351 1071//351
f 1071//136 1068//136 1072//136
f 1072//352 1068//352 1073//352
f 1073//353 1068//354 1074//355
f 1074//355 1068//354 1075//356
f 1074//357 1075//357 1076//357
f 1076//358 1075//358 1077//358
f 1077//359 1075//359 1078//359
f 1078//360 1075//360 1079//360
f 1078//361 1079//361 1080//361
f 1080//362 1079//362 1081//362
f 1081//363 1079//364 1082//365
f 1081//363 1082//365 1083//366
f 1083//367 1082//367 1084//367
f 1084//368 1082//369 1085//370
f 1085//370 1082//369 1086//371
f 1085//372 1086//372 1087//372
f 1087//373 1086//373 1088//373
f 1088//374 1086//374 1089//374
f 1088//375 1089//375 1090//375
f 1090//376 1089//376 1091//376
f 1091//377 1089//378 1092//379
f 1091//377 1092//379 1093//380
f 1093//381 1092//381 1094//381
f 1094//382 1092//383 1095//384
f 1094//382 1095//384 1096//385
f 1096//386 1095//386 1097//386
f 1097//387 1095//387 1098//387
f 1098//388 1095//388 1099//388
f 1098//389 1099//389 1100//389
f 1100//390 1099//390 1101//390
f 1101//391 1099//391 1102//391
f 1102//392 1099//393 1103//394
f 1102//392 1103//394 1104//395
f 1104//396 1103//396 1105//396
f 1105//109 1103//109 1106//109
f 1106//397 1103//397 1107//397
f 1107//398 1103//398 1108//398
f 1108//399 1103//400 504//100
f 1108//399 504//100 502//99
f 1103//400 1109//401 504//100
f 505//154 507//402 642//155
f 642//155 507//402 1110//403
f 642//156 1110//156 644//156
f 644//156 1110//156 1111//156
f 644//404 1111//404 1112//404
f 644//158 1112//405 646//158
f 646//406 1112//406 1113//406
f 646//160 1113//407 648//160
f 648//408 1113//408 1114//408
f 648//162 1114//409 650//162
f 650//410 1114//410 1115//410
f 650//164 1115//411 1116//412
f 1116//412 1115//411 1117//413
f 1117//413 1115//411 1118//414
f 1117//166 1118//166 1119//166
f 1118//414 1115//411 1120//414
f 1120//415 1115//415 1121//415
f 1120//416 1121//416 1122//416
f 1122//417 1121//418 1123//419
f 1122//417 1123//419 1124//420
f 1124//421 1123//422 1125//423
f 1124//421 1125//423 1126//424
f 1126//425 1125//426 1127//427
f 1126//425 1127//427 1128//206
f 1117//166 1119//166 1129//166
f 1129//428 1119//428 1130//428
f 1129//428 1130//428 1131//428
f 1131//429 1130//429 1132//429
f 1131//429 1132//429 1133//429
f 1133//206 1132//206 1134//206
f 1134//206 1132//206 1135//206
f 1136//430 1137//431 1116//432
f 1116//432 1137//431 1138//433
f 1116//412 1138//165 650//164
f 650//164 1138//165 652//165
f 1139//434 1140//435 1136//436
f 1136//436 1140//435 1141//194
f 1136//193 1141//193 1137//193
f 1137//431 1141//437 1138//433
f 1142//202 1143//438 1139//439
f 1139//439 1143//438 1144//440
f 1139//198 1144//198 1140//198
f 1140//435 1144//441 1141//194
f 1145//206 1146//206 1142//206
f 1142//206 1146//206 1147//206
f 1142//442 1147//442 1143//442
f 1143//438 1147//443 1144//440
f 651//166 653//166 1148//166
f 1148//428 653//428 1149//428
f 1148//428 1149//428 1150//428
f 1150//429 1149//429 1151//429
f 1150//429 1151//429 1152//429
f 1152//206 1151//206 1153//206
f 1153//206 1151//206 1154//206
f 651//165 801//165 649//163
f 803//195 807//444 805//196
f 810//205 1155//445 808//203
f 808//201 1155//446 806//199
f 804//447 800//189 802//191
f 798//164 799//165 1156//163
f 1156//166 799//166 1157//166
f 1156//166 1157//166 1158//166
f 1158//428 1157//428 1159//428
f 1158//428 1159//428 1160//428
f 1160//429 1159//429 1161//429
f 1160//429 1161//429 1162//429
f 1162//206 1161//206 1163//206
f 1163//206 1161//206 1164//206
f 1156//163 1165//165 798//164
f 798//164 1165//165 1166//412
f 798//164 1166//412 1167//411
f 1167//411 1166//412 1168//413
f 1167//411 1168//413 1169//414
f 1169//166 1168//166 1170//166
f 1169//166 1170//166 1171//166
f 1171//428 1170//428 1172//428
f 1171//428 1172//428 1173//428
f 1173//429 1172//429 1174//429
f 1173//429 1174//429 1175//429
f 1175//206 1174//206 1176//206
f 1176//206 1174//206 1177//206
f 1166//448 1165//449 1178//450
f 1178//450 1165//449 1179//451
f 1178//193 1179//193 1180//193
f 1180//452 1179//195 1181//453
f 1180//452 1181//453 1182//454
f 1182//198 1181//198 1183//198
f 1182//440 1183//439 1184//455
f 1184//455 1183//439 1185//456
f 1184//457 1185//458 1186//459
f 1186//459 1185//458 1187//206
f 1179//195 1183//460 1181//453
f 1186//459 1188//461 1184//457
f 1184//455 1188//446 1182//440
f 1180//462 1166//448 1178//450
f 1169//414 1189//414 1167//411
f 1167//463 1189//463 1190//463
f 1190//464 1189//464 1191//464
f 1190//465 1191//466 1192//467
f 1192//467 1191//466 1193//468
f 1192//469 1193//470 1194//471
f 1194//471 1193//470 1195//472
f 1194//473 1195//474 1196//475
f 1196//475 1195//474 1197//206
f 1167//476 1198//476 798//476
f 798//188 1198//477 797//188
f 1198//478 1199//478 797//478
f 797//187 1199//479 796//187
f 1199//480 1200//480 796//480
f 796//186 1200//481 795//186
f 1201//482 1202//483 1200//484
f 1200//484 1202//483 795//485
f 795//156 1202//156 794//156
f 794//185 1202//403 1203//402
f 794//185 1203//402 793//154
f 793//105 1203//105 1204//105
f 793//486 1204//486 1205//486
f 793//153 1205//487 786//184
f 786//179 1205//488 788//180
f 1206//489 1207//490 789//491
f 789//491 1207//490 1208//492
f 789//493 1208//493 1209//493
f 1210//494 1211//494 1206//494
f 1206//495 1211//495 1212//495
f 1206//496 1212//496 1213//496
f 1214//497 1215//498 1210//499
f 1210//499 1215//498 1216//500
f 1210//501 1216//501 1217//501
f 1218//502 1219//503 1214//504
f 1214//504 1219//503 1220//505
f 1214//506 1220//506 1215//506
f 1221//507 1222//507 1218//507
f 1218//508 1222//508 1223//508
f 1218//509 1223//509 1219//509
f 1224//510 1225//511 1221//512
f 1221//513 1225//513 1226//513
f 1221//514 1226//514 1222//514
f 1227//515 1228//516 1224//517
f 1224//518 1228//518 1229//518
f 1224//510 1229//519 1225//511
f 1230//520 1231//520 1227//520
f 1227//521 1231//521 1232//521
f 1227//522 1232//522 1233//522
f 1234//523 1235//524 1230//525
f 1230//526 1235//526 1236//526
f 1230//527 1236//527 1237//527
f 1238//528 872//210 1234//529
f 1234//529 872//210 871//209
f 1234//529 871//209 1239//530
f 1239//531 1240//531 1234//531
f 1234//532 1240//532 1241//532
f 1234//136 1241//136 1242//136
f 1242//533 1243//533 1234//533
f 1234//523 1243//534 1235//524
f 1237//535 1231//535 1230//535
f 1233//536 1228//516 1227//515
f 1217//537 1211//537 1210//537
f 1213//538 1207//538 1206//538
f 1209//109 1244//109 789//109
f 789//539 1244//539 1245//539
f 789//540 1245//540 1246//540
f 1246//541 787//181 789//183
f 503//97 638//152 634//149
f 634//149 638//152 632//148
f 1065//211 570//345 715//211
f 715//170 570//144 572//146
f 715//211 717//211 1247//211
f 1247//211 717//211 873//211
f 1247//335 873//212 1059//335
f 1247//335 1059//335 1062//342
f 1062//334 1059//331 1058//334
f 941//225 943//225 1052//325
f 1052//324 943//228 990//324
f 1052//324 990//324 1006//322
f 945//228 990//324 943//228
f 715//211 1247//211 1065//211
f 1065//344 1247//335 1062//342
f 1248//51 1249//52 1250//53
f 1250//53 1249//52 1251//542
f 1251//542 1249//52 1252//55
f 1251//542 1252//55 1253//543
f 1253//543 1252//55 1254//57
f 1253//543 1254//57 1255//58
f 1255//58 1254//57 1256//58
f 1255//59 1256//59 1257//59
f 1257//59 1256//59 1258//59
f 1257//60 1258//60 1259//60
f 1259//60 1258//60 1260//60
f 1259//61 1260//61 1261//61
f 1261//61 1260//61 1262//61
f 1261//62 1262//62 1263//62
f 1264//63 1265//64 1263//63
f 1263//63 1265//64 1266//64
f 1263//62 1266//62 1261//62
f 1265//65 1264//65 1267//65
f 1267//65 1264//65 1268//65
f 1267//66 1268//66 1269//66
f 1270//67 1271//67 1269//67
f 1269//67 1271//67 1272//67
f 1269//66 1272//66 1267//66
f 1271//68 1270//68 1273//68
f 1273//68 1270//68 1274//68
f 1273//69 1274//69 1275//69
f 1276//70 1277//70 1275//70
f 1275//70 1277//70 1278//70
f 1275//69 1278//69 1273//69
f 1277//71 1276//71 1279//71
f 1279//71 1276//71 1280//71
f 1279//72 1280//72 1281//72
f 1281//72 1280//72 1282//72
f 1281//73 1282//73 1283//73
f 1283//73 1282//73 1284//73
f 1283//74 1284//74 1285//74
f 1286//75 1287//75 1285//75
f 1285//75 1287//75 1288//75
f 1285//74 1288//74 1283//74
f 1287//76 1286//76 1289//76
f 1289//76 1286//76 1290//76
f 1289//77 1290//77 1291//77
f 1292//78 1293//78 1291//78
f 1291//78 1293//78 1294//78
f 1291//77 1294//77 1289//77
f 1293//80 1292//79 1295//80
f 1295//80 1292//79 1296//79
f 1295//81 1296//81 1297//81
f 1298//82 1299//82 1297//82
f 1297//82 1299//82 1300//82
f 1297//81 1300//81 1295//81
f 1299//83 1298//83 1301//83
f 1301//83 1298//83 1302//83
f 1301//84 1302//84 1303//84
f 1303//84 1302//84 1304//84
f 1303//85 1304//85 1305//86
f 1305//86 1304//85 1306//87
f 1305//86 1306//87 1307//88
f 1307//88 1306//87 1308//544
f 1307//88 1308//544 1309//90
f 1309//90 1308//544 1310//91
f 1309//90 1310//91 1311//92
f 1312//51 1313//52 1314//53
f 1314//53 1313//52 1315//542
f 1315//542 1313//52 1316//55
f 1315//542 1316//55 1317//56
f 1317//56 1316//55 1318//57
f 1317//56 1318//57 1319//58
f 1319//58 1318//57 1320//58
f 1319//59 1320//59 1321//59
f 1321//59 1320//59 1322//59
f 1321//60 1322//60 1323//60
f 1323//60 1322//60 1324//60
f 1323//61 1324//61 1325//61
f 1325//61 1324//61 1326//61
f 1325//62 1326//62 1327//62
f 1328//64 1329//63 1327//64
f 1327//64 1329//63 1330//63
f 1327//62 1330//62 1325//62
f 1329//65 1328//65 1331//65
f 1331//65 1328//65 1332//65
f 1331//66 1332//66 1333//66
f 1334//67 1335//67 1333//67
f 1333//67 1335//67 1336//67
f 1333//66 1336//66 1331//66
f 1335//68 1334//68 1337//68
f 1337//68 1334//68 1338//68
f 1337//69 1338//69 1339//69
f 1340//70 1341//70 1339//70
f 1339//70 1341//70 1342//70
f 1339//69 1342//69 1337//69
f 1341//71 1340//71 1343//71
f 1343//71 1340//71 1344//71
f 1343//72 1344//72 1345//72
f 1345//72 1344//72 1346//72
f 1345//73 1346//73 1347//73
f 1347//73 1346//73 1348//73
f 1347//74 1348//74 1349//74
f 1350//75 1351//75 1349//75
f 1349//75 1351//75 1352//75
f 1349//74 1352//74 1347//74
f 1351//76 1350//76 1353//76
f 1353//76 1350//76 1354//76
f 1353//77 1354//77 1355//77
f 1356//78 1357//78 1355//78
f 1355//78 1357//78 1358//78
f 1355//77 1358//77 1353//77
f 1357//79 1356//80 1359//79
f 1359//79 1356//80 1360//80
f 1359//81 1360//81 1361//81
f 1362//82 1363//82 1361//82
f 1361//82 1363//82 1364//82
f 1361//81 1364//81 1359//81
f 1363//83 1362//83 1365//83
f 1365//83 1362//83 1366//83
f 1365//84 1366//84 1367//84
f 1367//84 1366//84 1368//84
f 1367//85 1368//85 1369//86
f 1369//86 1368//85 1370//87
f 1369//86 1370//87 1371//88
f 1371//88 1370//87 1372//544
f 1371//88 1372//544 1373//90
f 1373//90 1372//544 1374//91
f 1373//90 1374//91 1375//92
f 1376//51 1377//52 1378//53
f 1378//53 1377//52 1379//54
f 1379//54 1377//52 1380//55
f 1379//54 1380//55 1381//56
f 1381//56 1380//55 1382//57
f 1381//56 1382//57 1383//58
f 1383//58 1382//57 1384//58
f 1383//59 1384//59 1385//59
f 1385//59 1384//59 1386//59
f 1385//60 1386//60 1387//60
f 1387//60 1386//60 1388//60
f 1387//61 1388//61 1389//61
f 1389//61 1388//61 1390//61
f 1389//62 1390//62 1391//62
f 1392//63 1393//64 1391//63
f 1391//63 1393//64 1394//64
f 1391//62 1394//62 1389//62
f 1393//65 1392//65 1395//65
f 1395//65 1392//65 1396//65
f 1395//66 1396//66 1397//66
f 1398//67 1399//67 1397//67
f 1397//67 1399//67 1400//67
f 1397//66 1400//66 1395//66
f 1399//68 1398//68 1401//68
f 1401//68 1398//68 1402//68
f 1401//69 1402//69 1403//69
f 1404//70 1405//70 1403//70
f 1403//70 1405//70 1406//70
f 1403//69 1406//69 1401//69
f 1405//71 1404//71 1407//71
f 1407//71 1404//71 1408//71
f 1407//72 1408//72 1409//72
f 1409//72 1408//72 1410//72
f 1409//73 1410//73 1411//73
f 1411//73 1410//73 1412//73
f 1411//74 1412//74 1413//74
f 1414//75 1415//75 1413//75
f 1413//75 1415//75 1416//75
f 1413//74 1416//74 1411//74
f 1415//76 1414//76 1417//76
f 1417//76 1414//76 1418//76
f 1417//77 1418//77 1419//77
f 1420//78 1421//78 1419//78
f 1419//78 1421//78 1422//78
f 1419//77 1422//77 1417//77
f 1421//79 1420//80 1423//79
f 1423//79 1420//80 1424//80
f 1423//81 1424//81 1425//81
f 1426//82 1427//82 1425//82
f 1425//82 1427//82 1428//82
f 1425//81 1428//81 1423//81
f 1427//83 1426//83 1429//83
f 1429//83 1426//83 1430//83
f 1429//84 1430//84 1431//84
f 1431//84 1430//84 1432//84
f 1431//85 1432//85 1433//86
f 1433//86 1432//85 1434//87
f 1433//86 1434//87 1435//88
f 1435//88 1434//87 1436//89
f 1435//88 1436//89 1437//90
f 1437//90 1436//89 1438//91
f 1437//90 1438//91 1439//92
f 1440//51 1441//52 1442//53
f 1442//53 1441//52 1443//542
f 1443//542 1441//52 1444//55
f 1443//542 1444//55 1445//56
f 1445//56 1444//55 1446//57
f 1445//56 1446//57 1447//58
f 1447//58 1446//57 1448//58
f 1447//59 1448//59 1449//59
f 1449//59 1448//59 1450//59
f 1449//60 1450//60 1451//60
f 1451//60 1450//60 1452//60
f 1451//61 1452//61 1453//61
f 1453//61 1452//61 1454//61
f 1453//62 1454//62 1455//62
f 1456//64 1457//64 1455//64
f 1455//64 1457//64 1458//64
f 1455//62 1458//62 1453//62
f 1457//65 1456//65 1459//65
f 1459//65 1456//65 1460//65
f 1459//66 1460//66 1461//66
f 1462//67 1463//67 1461//67
f 1461//67 1463//67 1464//67
f 1461//66 1464//66 1459//66
f 1463//68 1462//68 1465//68
f 1465//68 1462//68 1466//68
f 1465//69 1466//69 1467//69
f 1468//70 1469//70 1467//70
f 1467//70 1469//70 1470//70
f 1467//69 1470//69 1465//69
f 1469//71 1468//71 1471//71
f 1471//71 1468//71 1472//71
f 1471//72 1472//72 1473//72
f 1473//72 1472//72 1474//72
f 1473//73 1474//73 1475//73
f 1475//73 1474//73 1476//73
f 1475//74 1476//74 1477//74
f 1478//75 1479//75 1477//75
f 1477//75 1479//75 1480//75
f 1477//74 1480//74 1475//74
f 1479//76 1478//76 1481//76
f 1481//76 1478//76 1482//76
f 1481//77 1482//77 1483//77
f 1484//78 1485//78 1483//78
f 1483//78 1485//78 1486//78
f 1483//77 1486//77 1481//77
f 1485//80 1484//80 1487//80
f 1487//80 1484//80 1488//80
f 1487//81 1488//81 1489//81
f 1490//82 1491//82 1489//82
f 1489//82 1491//82 1492//82
f 1489//81 1492//81 1487//81
f 1491//83 1490//83 1493//83
f 1493//83 1490//83 1494//83
f 1493//84 1494//84 1495//84
f 1495//84 1494//84 1496//84
f 1495//85 1496//85 1497//86
f 1497//86 1496//85 1498//87
f 1497//86 1498//87 1499//88
f 1499//88 1498//87 1500//544
f 1499//88 1500//544 1501//90
f 1501//90 1500//544 1502//91
f 1501//90 1502//91 1503//92
f 1504//51 1505//52 1506//53
f 1506//53 1505//52 1507//542
f 1507//542 1505//52 1508//55
f 1507//542 1508//55 1509//56
f 1509//56 1508//55 1510//57
f 1509//56 1510//57 1511//58
f 1511//58 1510//57 1512//58
f 1511//59 1512//59 1513//59
f 1513//59 1512//59 1514//59
f 1513//60 1514//60 1515//60
f 1515//60 1514//60 1516//60
f 1515//61 1516//61 1517//61
f 1517//61 1516//61 1518//61
f 1517//62 1518//62 1519//62
f 1520//64 1521//64 1519//64
f 1519//64 1521//64 1522//64
f 1519//62 1522//62 1517//62
f 1521//65 1520//65 1523//65
f 1523//65 1520//65 1524//65
f 1523//66 1524//66 1525//66
f 1526//67 1527//67 1525//67
f 1525//67 1527//67 1528//67
f 1525//66 1528//66 1523//66
f 1527//68 1526//68 1529//68
f 1529//68 1526//68 1530//68
f 1529//69 1530//69 1531//69
f 1532//70 1533//70 1531//70
f 1531//70 1533//70 1534//70
f 1531//69 1534//69 1529//69
f 1533//71 1532//71 1535//71
f 1535//71 1532//71 1536//71
f 1535//72 1536//72 1537//72
f 1537//72 1536//72 1538//72
f 1537//73 1538//73 1539//73
f 1539//73 1538//73 1540//73
f 1539//74 1540//74 1541//74
f 1542//75 1543//75 1541//75
f 1541//75 1543//75 1544//75
f 1541//74 1544//74 1539//74
f 1543//76 1542//76 1545//76
f 1545//76 1542//76 1546//76
f 1545//77 1546//77 1547//77
f 1548//78 1549//78 1547//78
f 1547//78 1549//78 1550//78
f 1547//77 1550//77 1545//77
f 1549//80 1548//80 1551//80
f 1551//80 1548//80 1552//80
f 1551//81 1552//81 1553//81
f 1554//82 1555//82 1553//82
f 1553//82 1555//82 1556//82
f 1553//81 1556//81 1551//81
f 1555//83 1554//83 1557//83
f 1557//83 1554//83 1558//83
f 1557//84 1558//84 1559//84
f 1559//84 1558//84 1560//84
f 1559//85 1560//85 1561//86
f 1561//86 1560//85 1562//87
f 1561//86 1562//87 1563//88
f 1563//88 1562//87 1564//544
f 1563//88 1564//544 1565//90
f 1565//90 1564//544 1566//91
f 1565//90 1566//91 1567//92
f 1568//51 1569//52 1570//53
f 1570//53 1569//52 1571//542
f 1571//542 1569//52 1572//55
f 1571//542 1572//55 1573//56
f 1573//56 1572//55 1574//57
f 1573//56 1574//57 1575//58
f 1575//58 1574//57 1576//58
f 1575//59 1576//59 1577//59
f 1577//59 1576//59 1578//59
f 1577//60 1578//60 1579//60
f 1579//60 1578//60 1580//60
f 1579//61 1580//61 1581//61
f 1581//61 1580//61 1582//61
f 1581//62 1582//62 1583//62
f 1584//64 1585//64 1583//64
f 1583//64 1585//64 1586//64
f 1583//62 1586//62 1581//62
f 1585//65 1584//65 1587//65
f 1587//65 1584//65 1588//65
f 1587//66 1588//66 1589//66
f 1590//67 1591//67 1589//67
f 1589//67 1591//67 1592//67
f 1589//66 1592//66 1587//66
f 1591//68 1590//68 1593//68
f 1593//68 1590//68 1594//68
f 1593//69 1594//69 1595//69
f 1596//70 1597//70 1595//70
f 1595//70 1597//70 1598//70
f 1595//69 1598//69 1593//69
f 1597//71 1596//71 1599//71
f 1599//71 1596//71 1600//71
f 1599//72 1600//72 1601//72
f 1601//72 1600//72 1602//72
f 1601//73 1602//73 1603//73
f 1603//73 1602//73 1604//73
f 1603//74 1604//74 1605//74
f 1606//75 1607//75 1605//75
f 1605//75 1607//75 1608//75
f 1605//74 1608//74 1603//74
f 1607//76 1606//76 1609//76
f 1609//76 1606//76 1610//76
f 1609//77 1610//77 1611//77
f 1612//78 1613//78 1611//78
f 1611//78 1613//78 1614//78
f 1611//77 1614//77 1609//77
f 1613//80 1612//80 1615//80
f 1615//80 1612//80 1616//80
f 1615//81 1616//81 1617//81
f 1618//82 1619//82 1617//82
f 1617//82 1619//82 1620//82
f 1617//81 1620//81 1615//81
f 1619//83 1618//83 1621//83
f 1621//83 1618//83 1622//83
f 1621//84 1622//84 1623//84
f 1623//84 1622//84 1624//84
f 1623//85 1624//85 1625//86
f 1625//86 1624//85 1626//545
f 1625//86 1626//545 1627//88
f 1627//88 1626//545 1628//544
f 1627//88 1628//544 1629//90
f 1629//90 1628//544 1630//91
f 1629//90 1630//91 1631//92
f 1632//546 1633//546 1634//546
f 1634//546 1633//546 1635//546
f 1634//546 1635//546 1636//546
f 1633//546 1632//546 1637//546
f 1637//546 1632//546 1638//546
f 1637//546 1638//546 1639//546
f 1639//546 1638//546 1640//546
f 1639//546 1640//546 1641//546
f 1641//546 1640//546 1642//546
f 1641//546 1642//546 1643//546
f 1643//546 1642//546 1644//546
f 1643//546 1644//546 1645//546
f 1645//546 1644//546 1646//546
f 1645//546 1646//546 1647//546
f 1647//546 1646//546 1648//546
f 1647//546 1648//546 1649//546
f 1649//546 1648//546 1650//546
f 1649//546 1650//546 1651//546
f 1651//546 1650//546 1652//546
f 1651//546 1652//546 1653//546
f 1653//546 1652//546 1654//546
f 1654//546 1652//546 1655//546
f 1654//546 1655//546 1656//546
f 1656//546 1655//546 1657//546
f 1656//546 1657//546 1658//546
f 1658//546 1657//546 1659//546
f 1658//546 1659//546 1660//546
f 1660//546 1659//546 1661//546
f 1660//546 1661//546 1662//546
f 1662//546 1661//546 1663//546
f 1662//546 1663//546 1664//546
f 1664//546 1663//546 1665//546
f 1664//546 1665//546 1666//546
f 1666//546 1665//546 1667//546
f 1666//546 1667//546 1668//546
f 1668//546 1667//546 1669//546
f 1668//546 1669//546 1670//546
f 1670//546 1669//546 1671//546
f 1670//546 1671//546 1672//546
f 1672//546 1671//546 1673//546
f 1673//546 1671//546 1674//546
f 1673//546 1674//546 1675//546
f 1675//546 1674//546 1676//546
f 1675//546 1676//546 1677//546
f 1677//546 1676//546 1678//546
f 1677//546 1678//546 1679//546
f 1679//546 1678//546 1680//546
f 1679//546 1680//546 1681//546
f 1681//546 1680//546 1682//546
f 1681//546 1682//546 1683//546
f 1683//546 1682//546 1684//546
f 1683//546 1684//546 1685//546
f 1685//546 1684//546 1686//546
f 1685//546 1686//546 1687//546
f 1687//546 1686//546 1688//546
f 1687//546 1688//546 1689//546
f 1689//546 1688//546 1690//546
f 1689//546 1690//546 1691//546
f 1691//546 1690//546 1692//546
f 1692//546 1690//546 1693//546
f 1692//546 1693//546 1694//546
f 1694//546 1693//546 1695//546
f 1694//546 1695//546 1696//546
f 1696//546 1695//546 1697//546
f 1696//546 1697//546 1698//546
f 1698//546 1697//546 1699//546
f 1698//546 1699//546 1700//546
f 1700//546 1699//546 1701//546
f 1700//546 1701//546 1702//546
f 1702//546 1701//546 1703//546
f 1702//546 1703//546 1704//546
f 1704//546 1703//546 1705//546
f 1704//546 1705//546 1706//546
f 1706//546 1705//546 1707//546
f 1706//546 1707//546 1636//546
f 1636//546 1707//546 1634//546
f 1108//547 502//547 1672//547
f 1672//548 502//548 500//548
f 1672//549 500//549 1670//549
f 1670//550 500//550 508//550
f 1670//551 508//552 1668//553
f 1668//553 508//552 510//554
f 1668//555 510//555 512//555
f 1668//556 512//556 1666//556
f 1666//557 512//557 514//557
f 1666//558 514//559 516//560
f 1666//558 516//560 1664//561
f 1664//562 516//562 521//562
f 1664//563 521//563 1662//563
f 1662//564 521//564 520//564
f 1662//565 520//565 522//565
f 1662//566 522//566 1660//566
f 1660//567 522//567 527//567
f 1660//568 527//569 1658//570
f 1658//570 527//569 526//571
f 1658//572 526//572 528//572
f 1658//573 528//573 1656//573
f 1656//574 528//574 533//574
f 1656//575 533//576 532//577
f 1656//575 532//577 1654//578
f 1654//579 532//579 535//579
f 1654//580 535//580 1653//580
f 1653//581 535//581 536//581
f 1653//582 536//582 538//582
f 1653//583 538//583 1651//583
f 1651//584 538//584 543//584
f 1651//585 543//586 1649//587
f 1649//587 543//586 542//588
f 1649//589 542//589 545//589
f 1649//590 545//590 1647//590
f 1647//591 545//591 546//591
f 1647//592 546//593 548//594
f 1647//592 548//594 1645//595
f 1645//596 548//596 553//596
f 1645//597 553//597 1643//597
f 1643//598 553//598 552//598
f 1643//599 552//599 554//599
f 1643//600 554//600 1641//600
f 1641//601 554//601 559//601
f 1641//602 559//603 1639//604
f 1639//604 559//603 558//605
f 1639//606 558//606 560//606
f 1639//607 560//607 1637//607
f 1637//608 560//608 562//608
f 1637//609 562//610 564//611
f 1637//609 564//611 1633//612
f 1633//613 564//613 566//613
f 1633//614 566//614 1635//614
f 1635//615 566//615 568//615
f 1635//616 568//616 1069//616
f 1635//617 1069//617 1636//617
f 1636//618 1069//618 1070//618
f 1636//619 1070//620 1706//621
f 1706//621 1070//620 1071//622
f 1706//623 1071//623 1072//623
f 1706//624 1072//624 1704//624
f 1704//625 1072//625 1073//625
f 1704//626 1073//627 1074//628
f 1704//626 1074//628 1702//629
f 1702//630 1074//630 1076//630
f 1702//631 1076//631 1700//631
f 1700//632 1076//632 1077//632
f 1700//633 1077//633 1078//633
f 1700//634 1078//634 1698//634
f 1698//635 1078//635 1080//635
f 1698//636 1080//637 1696//638
f 1696//638 1080//637 1081//639
f 1696//640 1081//640 1083//640
f 1696//641 1083//641 1694//641
f 1694//642 1083//642 1084//642
f 1694//643 1084//644 1085//645
f 1694//643 1085//645 1692//646
f 1692//647 1085//647 1087//647
f 1692//648 1087//648 1691//648
f 1691//649 1087//649 1088//649
f 1691//650 1088//650 1090//650
f 1691//651 1090//651 1689//651
f 1689//652 1090//652 1091//652
f 1689//653 1091//654 1687//655
f 1687//655 1091//654 1093//656
f 1687//657 1093//657 1094//657
f 1687//658 1094//658 1685//658
f 1685//659 1094//659 1096//659
f 1685//660 1096//661 1097//662
f 1685//660 1097//662 1683//663
f 1683//664 1097//664 1098//664
f 1683//665 1098//665 1681//665
f 1681//666 1098//666 1100//666
f 1681//667 1100//667 1101//667
f 1681//668 1101//668 1679//668
f 1679//669 1101//669 1102//669
f 1679//670 1102//671 1677//672
f 1677//672 1102//671 1104//673
f 1677//674 1104//674 1105//674
f 1677//675 1105//675 1675//675
f 1675//676 1105//676 1106//676
f 1675//677 1106//678 1107//679
f 1675//677 1107//679 1673//680
f 1673//681 1107//681 1108//681
f 1673//682 1108//682 1672//682
f 436//683 435//683 1671//683
f 1671//684 435//684 437//684
f 1671//685 437//685 1674//685
f 1674//686 437//686 438//686
f 1674//687 438//687 440//687
f 1674//688 440//688 1676//688
f 1676//689 440//689 442//689
f 1676//690 442//691 1678//692
f 1678//692 442//691 444//693
f 1678//694 444//694 446//694
f 1678//695 446//695 1680//695
f 1680//696 446//696 448//696
f 1680//697 448//697 453//697
f 1680//698 453//698 1682//698
f 1682//699 453//699 452//699
f 1682//700 452//700 454//700
f 1682//701 454//701 1684//701
f 1684//702 454//702 459//702
f 1684//703 459//704 458//705
f 1684//703 458//705 1686//706
f 1686//707 458//707 460//707
f 1686//708 460//708 1688//708
f 1688//709 460//709 465//709
f 1688//710 465//710 464//710
f 1688//711 464//711 1690//711
f 1690//712 464//712 466//712
f 1690//713 466//713 468//713
f 1690//714 468//714 1693//714
f 1693//715 468//715 470//715
f 1693//716 470//716 475//716
f 1693//717 475//717 1695//717
f 1695//718 475//718 474//718
f 1695//719 474//720 1697//721
f 1697//721 474//720 476//722
f 1697//723 476//723 481//723
f 1697//724 481//724 1699//724
f 1699//725 481//725 480//725
f 1699//726 480//726 482//726
f 1699//727 482//727 1701//727
f 1701//728 482//728 487//728
f 1701//729 487//729 486//729
f 1701//730 486//730 1703//730
f 1703//731 486//731 488//731
f 1703//732 488//733 490//734
f 1703//732 490//734 1705//735
f 1705//736 490//736 492//736
f 1705//737 492//737 1707//737
f 1707//738 492//738 494//738
f 1707//739 494//739 496//739
f 1707//740 496//740 1634//740
f 1634//741 496//741 498//741
f 1634//742 498//742 497//742
f 1634//743 497//743 1632//743
f 1632//744 497//744 495//744
f 1632//745 495//745 493//745
f 1632//746 493//746 1638//746
f 1638//747 493//747 491//747
f 1638//748 491//749 1640//750
f 1640//750 491//749 489//751
f 1640//752 489//752 485//752
f 1640//753 485//753 1642//753
f 1642//754 485//754 484//754
f 1642//755 484//755 483//755
f 1642//756 483//756 1644//756
f 1644//757 483//757 479//757
f 1644//758 479//758 478//758
f 1644//759 478//759 1646//759
f 1646//760 478//760 477//760
f 1646//761 477//762 473//763
f 1646//761 473//763 1648//764
f 1648//765 473//765 472//765
f 1648//766 472//766 1650//766
f 1650//767 472//767 471//767
f 1650//768 471//768 469//768
f 1650//769 469//769 1652//769
f 1652//770 469//770 467//770
f 1652//771 467//771 463//771
f 1652//772 463//772 1655//772
f 1655//773 463//773 462//773
f 1655//774 462//774 461//774
f 1655//775 461//775 1657//775
f 1657//776 461//776 457//776
f 1657//777 457//778 1659//779
f 1659//779 457//778 456//780
f 1659//781 456//781 455//781
f 1659//782 455//782 1661//782
f 1661//783 455//783 451//783
f 1661//784 451//784 450//784
f 1661//785 450//785 1663//785
f 1663//786 450//786 449//786
f 1663//787 449//787 447//787
f 1663//788 447//788 1665//788
f 1665//789 447//789 445//789
f 1665//790 445//791 443//792
f 1665//790 443//792 1667//793
f 1667//794 443//794 441//794
f 1667//795 441//795 1669//795
f 1669//796 441//796 439//796
f 1669//797 439//797 436//797
f 1669//798 436//798 1671//798
f 1708//546 1709//546 1710//546
f 1710//546 1709//546 1711//546
f 1710//546 1711//546 1712//546
f 1709//546 1708//546 1713//546
f 1713//546 1708//546 1714//546
f 1713//546 1714//546 1715//546
f 1715//546 1714//546 1716//546
f 1715//546 1716//546 1717//546
f 1717//546 1716//546 1718//546
f 1717//546 1718//546 1719//546
f 1719//546 1718//546 1720//546
f 1719//546 1720//546 1721//546
f 1721//546 1720//546 1722//546
f 1721//546 1722//546 1723//546
f 1723//546 1722//546 1724//546
f 1723//546 1724//546 1725//546
f 1725//546 1724//546 1726//546
f 1725//546 1726//546 1727//546
f 1727//546 1726//546 1728//546
f 1727//546 1728//546 1729//546
f 1729//546 1728//546 1730//546
f 1730//546 1728//546 1731//546
f 1730//546 1731//546 1732//546
f 1732//546 1731//546 1733//546
f 1732//546 1733//546 1734//546
f 1734//546 1733//546 1735//546
f 1734//546 1735//546 1736//546
f 1736//546 1735//546 1737//546
f 1736//546 1737//546 1738//546
f 1738//546 1737//546 1739//546
f 1738//546 1739//546 1740//546
f 1740//546 1739//546 1741//546
f 1740//546 1741//546 1742//546
f 1742//546 1741//546 1743//546
f 1742//546 1743//546 1744//546
f 1744//546 1743//546 1745//546
f 1744//546 1745//546 1746//546
f 1746//546 1745//546 1747//546
f 1746//546 1747//546 1748//546
f 1748//546 1747//546 1749//546
f 1749//546 1747//546 1750//546
f 1749//546 1750//546 1751//546
f 1751//546 1750//546 1752//546
f 1751//546 1752//546 1753//546
f 1753//546 1752//546 1754//546
f 1753//546 1754//546 1755//546
f 1755//546 1754//546 1756//546
f 1755//546 1756//546 1757//546
f 1757//546 1756//546 1758//546
f 1757//546 1758//546 1759//546
f 1759//546 1758//546 1760//546
f 1759//546 1760//546 1761//546
f 1761//546 1760//546 1762//546
f 1761//546 1762//546 1763//546
f 1763//546 1762//546 1764//546
f 1763//546 1764//546 1765//546
f 1765//546 1764//546 1766//546
f 1765//546 1766//546 1767//546
f 1767//546 1766//546 1768//546
f 1768//546 1766//546 1769//546
f 1768//546 1769//546 1770//546
f 1770//546 1769//546 1771//546
f 1770//546 1771//546 1772//546
f 1772//546 1771//546 1773//546
f 1772//546 1773//546 1774//546
f 1774//546 1773//546 1775//546
f 1774//546 1775//546 1776//546
f 1776//546 1775//546 1777//546
f 1776//546 1777//546 1778//546
f 1778//546 1777//546 1779//546
f 1778//546 1779//546 1780//546
f 1780//546 1779//546 1781//546
f 1780//546 1781//546 1782//546
f 1782//546 1781//546 1783//546
f 1782//546 1783//546 1712//546
f 1712//546 1783//546 1710//546
f 632//547 638//547 1748//547
f 1748//548 638//548 636//548
f 1748//549 636//549 1746//549
f 1746//550 636//550 654//550
f 1746//551 654//552 1744//553
f 1744//553 654//552 656//554
f 1744//555 656//555 658//555
f 1744//556 658//556 1742//556
f 1742//557 658//557 660//557
f 1742//558 660//559 662//560
f 1742//558 662//560 1740//561
f 1740//562 662//562 667//562
f 1740//563 667//563 1738//563
f 1738//564 667//564 666//564
f 1738//565 666//565 668//565
f 1738//566 668//566 1736//566
f 1736//567 668//567 673//567
f 1736//568 673//569 1734//570
f 1734//570 673//569 672//571
f 1734//572 672//572 674//572
f 1734//573 674//573 1732//573
f 1732//574 674//574 679//574
f 1732//575 679//576 678//577
f 1732//575 678//577 1730//578
f 1730//579 678//579 681//579
f 1730//580 681//580 1729//580
f 1729//581 681//581 682//581
f 1729//582 682//582 684//582
f 1729//583 684//583 1727//583
f 1727//584 684//584 689//584
f 1727//585 689//586 1725//587
f 1725//587 689//586 688//588
f 1725//589 688//589 691//589
f 1725//590 691//590 1723//590
f 1723//591 691//591 692//591
f 1723//592 692//593 694//594
f 1723//592 694//594 1721//595
f 1721//596 694//596 699//596
f 1721//597 699//597 1719//597
f 1719//598 699//598 698//598
f 1719//599 698//599 700//599
f 1719//600 700//600 1717//600
f 1717//601 700//601 705//601
f 1717//602 705//603 1715//604
f 1715//604 705//603 704//605
f 1715//606 704//606 706//606
f 1715//607 706//607 1713//607
f 1713//608 706//608 708//608
f 1713//609 708//610 710//611
f 1713//609 710//611 1709//612
f 1709//613 710//613 712//613
f 1709//614 712//614 1711//614
f 1711//615 712//615 572//615
f 1711//616 572//616 573//616
f 1711//617 573//617 1712//617
f 1712//618 573//618 574//618
f 1712//619 574//620 1782//621
f 1782//621 574//620 576//622
f 1782//623 576//623 578//623
f 1782//624 578//624 1780//624
f 1780//625 578//625 580//625
f 1780//626 580//627 582//628
f 1780//626 582//628 1778//629
f 1778//630 582//630 587//630
f 1778//631 587//631 1776//631
f 1776//632 587//632 586//632
f 1776//633 586//633 588//633
f 1776//634 588//634 1774//634
f 1774//635 588//635 593//635
f 1774//636 593//799 1772//638
f 1772//638 593//799 592//639
f 1772//640 592//640 594//640
f 1772//641 594//641 1770//641
f 1770//642 594//642 599//642
f 1770//643 599//644 598//645
f 1770//643 598//645 1768//646
f 1768//647 598//647 601//647
f 1768//648 601//648 1767//648
f 1767//649 601//649 602//649
f 1767//650 602//650 604//650
f 1767//651 604//651 1765//651
f 1765//652 604//652 609//652
f 1765//653 609//654 1763//655
f 1763//655 609//654 608//656
f 1763//657 608//657 611//657
f 1763//658 611//658 1761//658
f 1761//659 611//659 612//659
f 1761//660 612//661 614//800
f 1761//660 614//800 1759//663
f 1759//664 614//664 619//664
f 1759//665 619//665 1757//665
f 1757//666 619//666 618//666
f 1757//667 618//667 620//667
f 1757//668 620//668 1755//668
f 1755//669 620//669 625//669
f 1755//670 625//671 1753//672
f 1753//672 625//671 624//673
f 1753//674 624//674 626//674
f 1753//675 626//675 1751//675
f 1751//676 626//676 628//676
f 1751//677 628//678 630//679
f 1751//677 630//679 1749//680
f 1749//681 630//681 632//681
f 1749//682 632//682 1748//682
f 1249//683 1248//683 1747//683
f 1747//684 1248//684 1250//684
f 1747//685 1250//685 1750//685
f 1750//686 1250//686 1251//686
f 1750//687 1251//687 1253//687
f 1750//688 1253//688 1752//688
f 1752//689 1253//689 1255//689
f 1752//690 1255//691 1754//692
f 1754//692 1255//691 1257//693
f 1754//694 1257//694 1259//694
f 1754//695 1259//695 1756//695
f 1756//696 1259//696 1261//696
f 1756//697 1261//697 1266//697
f 1756//698 1266//698 1758//698
f 1758//699 1266//699 1265//699
f 1758//700 1265//700 1267//700
f 1758//701 1267//701 1760//701
f 1760//702 1267//702 1272//702
f 1760//703 1272//704 1271//705
f 1760//703 1271//705 1762//706
f 1762//707 1271//707 1273//707
f 1762//708 1273//708 1764//708
f 1764//709 1273//709 1278//709
f 1764//710 1278//710 1277//710
f 1764//711 1277//711 1766//711
f 1766//712 1277//712 1279//712
f 1766//713 1279//713 1281//713
f 1766//714 1281//714 1769//714
f 1769//715 1281//715 1283//715
f 1769//716 1283//716 1288//716
f 1769//717 1288//717 1771//717
f 1771//718 1288//718 1287//718
f 1771//719 1287//720 1773//721
f 1773//721 1287//720 1289//722
f 1773//723 1289//723 1294//723
f 1773//724 1294//724 1775//724
f 1775//725 1294//725 1293//725
f 1775//726 1293//726 1295//726
f 1775//727 1295//727 1777//727
f 1777//728 1295//728 1300//728
f 1777//729 1300//729 1299//729
f 1777//730 1299//730 1779//730
f 1779//731 1299//731 1301//731
f 1779//732 1301//733 1303//734
f 1779//732 1303//734 1781//735
f 1781//736 1303//736 1305//736
f 1781//737 1305//737 1783//737
f 1783//738 1305//738 1307//738
f 1783//739 1307//739 1309//739
f 1783//740 1309//740 1710//740
f 1710//741 1309//741 1311//741
f 1710//742 1311//742 1310//742
f 1710//743 1310//743 1708//743
f 1708//744 1310//744 1308//744
f 1708//745 1308//745 1306//745
f 1708//746 1306//746 1714//746
f 1714//747 1306//747 1304//747
f 1714//748 1304//749 1716//750
f 1716//750 1304//749 1302//751
f 1716//752 1302//752 1298//752
f 1716//753 1298//753 1718//753
f 1718//754 1298//754 1297//754
f 1718//755 1297//755 1296//755
f 1718//756 1296//756 1720//756
f 1720//757 1296//757 1292//757
f 1720//758 1292//758 1291//758
f 1720//759 1291//759 1722//759
f 1722//760 1291//760 1290//760
f 1722//761 1290//762 1286//763
f 1722//761 1286//763 1724//764
f 1724//801 1286//801 1285//801
f 1724//766 1285//766 1726//766
f 1726//767 1285//767 1284//767
f 1726//768 1284//768 1282//768
f 1726//769 1282//769 1728//769
f 1728//770 1282//770 1280//770
f 1728//771 1280//771 1276//771
f 1728//772 1276//772 1731//772
f 1731//773 1276//773 1275//773
f 1731//774 1275//774 1274//774
f 1731//775 1274//775 1733//775
f 1733//802 1274//802 1270//802
f 1733//777 1270//778 1735//779
f 1735//779 1270//778 1269//780
f 1735//781 1269//781 1268//781
f 1735//782 1268//782 1737//782
f 1737//783 1268//783 1264//783
f 1737//784 1264//784 1263//784
f 1737//785 1263//785 1739//785
f 1739//786 1263//786 1262//786
f 1739//787 1262//787 1260//787
f 1739//788 1260//788 1741//788
f 1741//789 1260//789 1258//789
f 1741//790 1258//791 1256//792
f 1741//790 1256//792 1743//793
f 1743//794 1256//794 1254//794
f 1743//795 1254//795 1745//795
f 1745//796 1254//796 1252//796
f 1745//797 1252//797 1249//797
f 1745//798 1249//798 1747//798
f 1784//546 1785//546 1786//546
f 1786//546 1785//546 1787//546
f 1786//546 1787//546 1788//546
f 1785//546 1784//546 1789//546
f 1789//546 1784//546 1790//546
f 1789//546 1790//546 1791//546
f 1791//546 1790//546 1792//546
f 1791//546 1792//546 1793//546
f 1793//546 1792//546 1794//546
f 1793//546 1794//546 1795//546
f 1795//546 1794//546 1796//546
f 1795//546 1796//546 1797//546
f 1797//546 1796//546 1798//546
f 1797//546 1798//546 1799//546
f 1799//546 1798//546 1800//546
f 1799//546 1800//546 1801//546
f 1801//546 1800//546 1802//546
f 1801//546 1802//546 1803//546
f 1803//546 1802//546 1804//546
f 1803//546 1804//546 1805//546
f 1805//546 1804//546 1806//546
f 1806//546 1804//546 1807//546
f 1806//546 1807//546 1808//546
f 1808//546 1807//546 1809//546
f 1808//546 1809//546 1810//546
f 1810//546 1809//546 1811//546
f 1810//546 1811//546 1812//546
f 1812//546 1811//546 1813//546
f 1812//546 1813//546 1814//546
f 1814//546 1813//546 1815//546
f 1814//546 1815//546 1816//546
f 1816//546 1815//546 1817//546
f 1816//546 1817//546 1818//546
f 1818//546 1817//546 1819//546
f 1818//546 1819//546 1820//546
f 1820//546 1819//546 1821//546
f 1820//546 1821//546 1822//546
f 1822//546 1821//546 1823//546
f 1822//546 1823//546 1824//546
f 1824//546 1823//546 1825//546
f 1825//546 1823//546 1826//546
f 1825//546 1826//546 1827//546
f 1827//546 1826//546 1828//546
f 1827//546 1828//546 1829//546
f 1829//546 1828//546 1830//546
f 1829//546 1830//546 1831//546
f 1831//546 1830//546 1832//546
f 1831//546 1832//546 1833//546
f 1833//546 1832//546 1834//546
f 1833//546 1834//546 1835//546
f 1835//546 1834//546 1836//546
f 1835//546 1836//546 1837//546
f 1837//546 1836//546 1838//546
f 1837//546 1838//546 1839//546
f 1839//546 1838//546 1840//546
f 1839//546 1840//546 1841//546
f 1841//546 1840//546 1842//546
f 1841//546 1842//546 1843//546
f 1843//546 1842//546 1844//546
f 1844//546 1842//546 1845//546
f 1844//546 1845//546 1846//546
f 1846//546 1845//546 1847//546
f 1846//546 1847//546 1848//546
f 1848//546 1847//546 1849//546
f 1848//546 1849//546 1850//546
f 1850//546 1849//546 1851//546
f 1850//546 1851//546 1852//546
f 1852//546 1851//546 1853//546
f 1852//546 1853//546 1854//546
f 1854//546 1853//546 1855//546
f 1854//546 1855//546 1856//546
f 1856//546 1855//546 1857//546
f 1856//546 1857//546 1858//546
f 1858//546 1857//546 1859//546
f 1858//546 1859//546 1788//546
f 1788//546 1859//546 1786//546
f 780//547 782//547 1824//547
f 1824//548 782//548 792//548
f 1824//549 792//549 1822//549
f 1822//550 792//550 791//550
f 1822//551 791//552 1820//553
f 1820//553 791//552 812//554
f 1820//555 812//555 814//555
f 1820//556 814//556 1818//556
f 1818//557 814//557 816//557
f 1818//558 816//559 818//560
f 1818//558 818//560 1816//561
f 1816//562 818//562 823//562
f 1816//563 823//563 1814//563
f 1814//564 823//564 822//564
f 1814//565 822//565 824//565
f 1814//566 824//566 1812//566
f 1812//567 824//567 829//567
f 1812//568 829//803 1810//570
f 1810//570 829//803 828//571
f 1810//572 828//572 830//572
f 1810//573 830//573 1808//573
f 1808//574 830//574 835//574
f 1808//575 835//576 834//577
f 1808//575 834//577 1806//578
f 1806//579 834//579 837//579
f 1806//580 837//580 1805//580
f 1805//581 837//581 838//581
f 1805//582 838//582 840//582
f 1805//583 840//583 1803//583
f 1803//584 840//584 845//584
f 1803//585 845//586 1801//587
f 1801//587 845//586 844//588
f 1801//589 844//589 847//589
f 1801//590 847//590 1799//590
f 1799//591 847//591 848//591
f 1799//592 848//593 850//804
f 1799//592 850//804 1797//595
f 1797//596 850//596 855//596
f 1797//597 855//597 1795//597
f 1795//598 855//598 854//598
f 1795//599 854//599 856//599
f 1795//600 856//600 1793//600
f 1793//601 856//601 861//601
f 1793//602 861//603 1791//604
f 1791//604 861//603 860//605
f 1791//606 860//606 862//606
f 1791//607 862//607 1789//607
f 1789//608 862//608 864//608
f 1789//609 864//610 866//611
f 1789//609 866//611 1785//612
f 1785//613 866//613 868//613
f 1785//614 868//614 1787//614
f 1787//615 868//615 716//615
f 1787//616 716//616 720//616
f 1787//617 720//617 1788//617
f 1788//618 720//618 722//618
f 1788//619 722//620 1858//621
f 1858//621 722//620 724//622
f 1858//623 724//623 726//623
f 1858//624 726//624 1856//624
f 1856//625 726//625 728//625
f 1856//626 728//627 730//628
f 1856//626 730//628 1854//629
f 1854//630 730//630 735//630
f 1854//631 735//631 1852//631
f 1852//632 735//632 734//632
f 1852//633 734//633 736//633
f 1852//634 736//634 1850//634
f 1850//635 736//635 741//635
f 1850//636 741//637 1848//638
f 1848//638 741//637 740//639
f 1848//640 740//640 742//640
f 1848//641 742//641 1846//641
f 1846//642 742//642 747//642
f 1846//643 747//644 746//645
f 1846//643 746//645 1844//646
f 1844//647 746//647 749//647
f 1844//648 749//648 1843//648
f 1843//649 749//649 750//649
f 1843//650 750//650 752//650
f 1843//651 752//651 1841//651
f 1841//652 752//652 757//652
f 1841//653 757//654 1839//655
f 1839//655 757//654 756//656
f 1839//657 756//657 759//657
f 1839//658 759//658 1837//658
f 1837//659 759//659 760//659
f 1837//660 760//661 762//662
f 1837//660 762//662 1835//663
f 1835//664 762//664 767//664
f 1835//665 767//665 1833//665
f 1833//666 767//666 766//666
f 1833//667 766//667 768//667
f 1833//668 768//668 1831//668
f 1831//669 768//669 773//669
f 1831//670 773//671 1829//672
f 1829//672 773//671 772//673
f 1829//674 772//674 774//674
f 1829//675 774//675 1827//675
f 1827//676 774//676 776//676
f 1827//677 776//678 778//679
f 1827//677 778//679 1825//680
f 1825//681 778//681 780//681
f 1825//682 780//682 1824//682
f 1313//683 1312//683 1823//683
f 1823//684 1312//684 1314//684
f 1823//685 1314//685 1826//685
f 1826//686 1314//686 1315//686
f 1826//687 1315//687 1317//687
f 1826//688 1317//688 1828//688
f 1828//689 1317//689 1319//689
f 1828//690 1319//691 1830//692
f 1830//692 1319//691 1321//693
f 1830//694 1321//694 1323//694
f 1830//695 1323//695 1832//695
f 1832//696 1323//696 1325//696
f 1832//697 1325//697 1330//697
f 1832//698 1330//698 1834//698
f 1834//699 1330//699 1329//699
f 1834//700 1329//700 1331//700
f 1834//701 1331//701 1836//701
f 1836//702 1331//702 1336//702
f 1836//703 1336//704 1335//705
f 1836//703 1335//705 1838//706
f 1838//805 1335//805 1337//805
f 1838//708 1337//708 1840//708
f 1840//709 1337//709 1342//709
f 1840//710 1342//710 1341//710
f 1840//711 1341//711 1842//711
f 1842//712 1341//712 1343//712
f 1842//713 1343//713 1345//713
f 1842//714 1345//714 1845//714
f 1845//715 1345//715 1347//715
f 1845//716 1347//716 1352//716
f 1845//717 1352//717 1847//717
f 1847//806 1352//806 1351//806
f 1847//719 1351//720 1849//721
f 1849//721 1351//720 1353//722
f 1849//723 1353//723 1358//723
f 1849//724 1358//724 1851//724
f 1851//725 1358//725 1357//725
f 1851//726 1357//726 1359//726
f 1851//727 1359//727 1853//727
f 1853//728 1359//728 1364//728
f 1853//729 1364//729 1363//729
f 1853//730 1363//730 1855//730
f 1855//731 1363//731 1365//731
f 1855//732 1365//733 1367//734
f 1855//732 1367//734 1857//735
f 1857//736 1367//736 1369//736
f 1857//737 1369//737 1859//737
f 1859//738 1369//738 1371//738
f 1859//739 1371//739 1373//739
f 1859//740 1373//740 1786//740
f 1786//741 1373//741 1375//741
f 1786//742 1375//742 1374//742
f 1786//743 1374//743 1784//743
f 1784//744 1374//744 1372//744
f 1784//745 1372//745 1370//745
f 1784//746 1370//746 1790//746
f 1790//747 1370//747 1368//747
f 1790//748 1368//749 1792//750
f 1792//750 1368//749 1366//751
f 1792//752 1366//752 1362//752
f 1792//753 1362//753 1794//753
f 1794//754 1362//754 1361//754
f 1794//755 1361//755 1360//755
f 1794//756 1360//756 1796//756
f 1796//757 1360//757 1356//757
f 1796//758 1356//758 1355//758
f 1796//759 1355//759 1798//759
f 1798//760 1355//760 1354//760
f 1798//761 1354//762 1350//763
f 1798//761 1350//763 1800//764
f 1800//765 1350//765 1349//765
f 1800//766 1349//766 1802//766
f 1802//767 1349//767 1348//767
f 1802//768 1348//768 1346//768
f 1802//769 1346//769 1804//769
f 1804//770 1346//770 1344//770
f 1804//771 1344//771 1340//771
f 1804//772 1340//772 1807//772
f 1807//773 1340//773 1339//773
f 1807//774 1339//774 1338//774
f 1807//775 1338//775 1809//775
f 1809//776 1338//776 1334//776
f 1809//777 1334//778 1811//779
f 1811//779 1334//778 1333//780
f 1811//781 1333//781 1332//781
f 1811//782 1332//782 1813//782
f 1813//783 1332//783 1328//783
f 1813//784 1328//784 1327//784
f 1813//785 1327//785 1815//785
f 1815//786 1327//786 1326//786
f 1815//787 1326//787 1324//787
f 1815//788 1324//788 1817//788
f 1817//789 1324//789 1322//789
f 1817//790 1322//791 1320//792
f 1817//790 1320//792 1819//793
f 1819//794 1320//794 1318//794
f 1819//795 1318//795 1821//795
f 1821//796 1318//796 1316//796
f 1821//797 1316//797 1313//797
f 1821//798 1313//798 1823//798
f 1860//546 1861//546 1862//546
f 1862//546 1861//546 1863//546
f 1862//546 1863//546 1864//546
f 1861//546 1860//546 1865//546
f 1865//546 1860//546 1866//546
f 1865//546 1866//546 1867//546
f 1867//546 1866//546 1868//546
f 1867//546 1868//546 1869//546
f 1869//546 1868//546 1870//546
f 1869//546 1870//546 1871//546
f 1871//546 1870//546 1872//546
f 1871//546 1872//546 1873//546
f 1873//546 1872//546 1874//546
f 1873//546 1874//546 1875//546
f 1875//546 1874//546 1876//546
f 1875//546 1876//546 1877//546
f 1877//546 1876//546 1878//546
f 1877//546 1878//546 1879//546
f 1879//546 1878//546 1880//546
f 1879//546 1880//546 1881//546
f 1881//546 1880//546 1882//546
f 1882//546 1880//546 1883//546
f 1882//546 1883//546 1884//546
f 1884//546 1883//546 1885//546
f 1884//546 1885//546 1886//546
f 1886//546 1885//546 1887//546
f 1886//546 1887//546 1888//546
f 1888//546 1887//546 1889//546
f 1888//546 1889//546 1890//546
f 1890//546 1889//546 1891//546
f 1890//546 1891//546 1892//546
f 1892//546 1891//546 1893//546
f 1892//546 1893//546 1894//546
f 1894//546 1893//546 1895//546
f 1894//546 1895//546 1896//546
f 1896//546 1895//546 1897//546
f 1896//546 1897//546 1898//546
f 1898//546 1897//546 1899//546
f 1898//546 1899//546 1900//546
f 1900//546 1899//546 1901//546
f 1901//546 1899//546 1902//546
f 1901//546 1902//546 1903//546
f 1903//546 1902//546 1904//546
f 1903//546 1904//546 1905//546
f 1905//546 1904//546 1906//546
f 1905//546 1906//546 1907//546
f 1907//546 1906//546 1908//546
f 1907//546 1908//546 1909//546
f 1909//546 1908//546 1910//546
f 1909//546 1910//546 1911//546
f 1911//546 1910//546 1912//546
f 1911//546 1912//546 1913//546
f 1913//546 1912//546 1914//546
f 1913//546 1914//546 1915//546
f 1915//546 1914//546 1916//546
f 1915//546 1916//546 1917//546
f 1917//546 1916//546 1918//546
f 1917//546 1918//546 1919//546
f 1919//546 1918//546 1920//546
f 1920//546 1918//546 1921//546
f 1920//546 1921//546 1922//546
f 1922//546 1921//546 1923//546
f 1922//546 1923//546 1924//546
f 1924//546 1923//546 1925//546
f 1924//546 1925//546 1926//546
f 1926//546 1925//546 1927//546
f 1926//546 1927//546 1928//546
f 1928//546 1927//546 1929//546
f 1928//546 1929//546 1930//546
f 1930//546 1929//546 1931//546
f 1930//546 1931//546 1932//546
f 1932//546 1931//546 1933//546
f 1932//546 1933//546 1934//546
f 1934//546 1933//546 1935//546
f 1934//546 1935//546 1864//546
f 1864//546 1935//546 1862//546
f 936//547 787//547 1900//547
f 1900//548 787//548 1246//548
f 1900//549 1246//549 1898//549
f 1898//550 1246//550 1245//550
f 1898//551 1245//552 1896//553
f 1896//553 1245//552 1244//554
f 1896//555 1244//555 1209//555
f 1896//556 1209//556 1894//556
f 1894//557 1209//557 1208//557
f 1894//558 1208//559 1207//560
f 1894//558 1207//560 1892//561
f 1892//562 1207//562 1213//562
f 1892//563 1213//563 1890//563
f 1890//564 1213//564 1212//564
f 1890//565 1212//565 1211//565
f 1890//566 1211//566 1888//566
f 1888//567 1211//567 1217//567
f 1888//568 1217//569 1886//570
f 1886//570 1217//569 1216//571
f 1886//572 1216//572 1215//572
f 1886//573 1215//573 1884//573
f 1884//574 1215//574 1220//574
f 1884//575 1220//576 1219//577
f 1884//575 1219//577 1882//578
f 1882//579 1219//579 1223//579
f 1882//580 1223//580 1881//580
f 1881//581 1223//581 1222//581
f 1881//582 1222//582 1226//582
f 1881//583 1226//583 1879//583
f 1879//584 1226//584 1225//584
f 1879//585 1225//586 1877//587
f 1877//587 1225//586 1229//588
f 1877//589 1229//589 1228//589
f 1877//590 1228//590 1875//590
f 1875//591 1228//591 1233//591
f 1875//592 1233//593 1232//594
f 1875//592 1232//594 1873//595
f 1873//596 1232//596 1231//596
f 1873//597 1231//597 1871//597
f 1871//598 1231//598 1237//598
f 1871//599 1237//599 1236//599
f 1871//600 1236//600 1869//600
f 1869//601 1236//601 1235//601
f 1869//602 1235//603 1867//604
f 1867//604 1235//603 1243//605
f 1867//606 1243//606 1242//606
f 1867//607 1242//607 1865//607
f 1865//608 1242//608 1241//608
f 1865//609 1241//610 1240//611
f 1865//609 1240//611 1861//612
f 1861//613 1240//613 1239//613
f 1861//614 1239//614 1863//614
f 1863//615 1239//615 871//615
f 1863//616 871//616 870//616
f 1863//617 870//617 1864//617
f 1864//618 870//618 878//618
f 1864//619 878//620 1934//621
f 1934//621 878//620 880//622
f 1934//623 880//623 882//623
f 1934//624 882//624 1932//624
f 1932//625 882//625 884//625
f 1932//626 884//627 886//628
f 1932//626 886//628 1930//629
f 1930//630 886//630 891//630
f 1930//631 891//631 1928//631
f 1928//632 891//632 890//632
f 1928//633 890//633 892//633
f 1928//634 892//634 1926//634
f 1926//635 892//635 897//635
f 1926//636 897//637 1924//638
f 1924//638 897//637 896//639
f 1924//640 896//640 898//640
f 1924//641 898//641 1922//641
f 1922//642 898//642 903//642
f 1922//643 903//644 902//645
f 1922//643 902//645 1920//646
f 1920//647 902//647 905//647
f 1920//648 905//648 1919//648
f 1919//649 905//649 906//649
f 1919//650 906//650 908//650
f 1919//651 908//651 1917//651
f 1917//652 908//652 913//652
f 1917//653 913//654 1915//655
f 1915//655 913//654 912//656
f 1915//657 912//657 915//657
f 1915//658 915//658 1913//658
f 1913//659 915//659 916//659
f 1913//660 916//661 918//662
f 1913//660 918//662 1911//663
f 1911//664 918//664 923//664
f 1911//665 923//665 1909//665
f 1909//666 923//666 922//666
f 1909//667 922//667 924//667
f 1909//668 924//668 1907//668
f 1907//669 924//669 929//669
f 1907//670 929//671 1905//672
f 1905//672 929//671 928//673
f 1905//674 928//674 930//674
f 1905//675 930//675 1903//675
f 1903//676 930//676 932//676
f 1903//677 932//678 934//679
f 1903//677 934//679 1901//680
f 1901//681 934//681 936//681
f 1901//682 936//682 1900//682
f 1377//683 1376//683 1899//683
f 1899//684 1376//684 1378//684
f 1899//685 1378//685 1902//685
f 1902//686 1378//686 1379//686
f 1902//687 1379//687 1381//687
f 1902//688 1381//688 1904//688
f 1904//689 1381//689 1383//689
f 1904//690 1383//691 1906//692
f 1906//692 1383//691 1385//693
f 1906//694 1385//694 1387//694
f 1906//695 1387//695 1908//695
f 1908//696 1387//696 1389//696
f 1908//697 1389//697 1394//697
f 1908//698 1394//698 1910//698
f 1910//699 1394//699 1393//699
f 1910//700 1393//700 1395//700
f 1910//701 1395//701 1912//701
f 1912//702 1395//702 1400//702
f 1912//703 1400//704 1399//705
f 1912//703 1399//705 1914//706
f 1914//707 1399//707 1401//707
f 1914//708 1401//708 1916//708
f 1916//709 1401//709 1406//709
f 1916//710 1406//710 1405//710
f 1916//711 1405//711 1918//711
f 1918//712 1405//712 1407//712
f 1918//713 1407//713 1409//713
f 1918//714 1409//714 1921//714
f 1921//715 1409//715 1411//715
f 1921//716 1411//716 1416//716
f 1921//717 1416//717 1923//717
f 1923//718 1416//718 1415//718
f 1923//719 1415//720 1925//721
f 1925//721 1415//720 1417//722
f 1925//723 1417//723 1422//723
f 1925//724 1422//724 1927//724
f 1927//725 1422//725 1421//725
f 1927//726 1421//726 1423//726
f 1927//727 1423//727 1929//727
f 1929//728 1423//728 1428//728
f 1929//729 1428//729 1427//729
f 1929//730 1427//730 1931//730
f 1931//731 1427//731 1429//731
f 1931//732 1429//733 1431//734
f 1931//732 1431//734 1933//735
f 1933//736 1431//736 1433//736
f 1933//737 1433//737 1935//737
f 1935//738 1433//738 1435//738
f 1935//739 1435//739 1437//739
f 1935//740 1437//740 1862//740
f 1862//741 1437//741 1439//741
f 1862//742 1439//742 1438//742
f 1862//743 1438//743 1860//743
f 1860//744 1438//744 1436//744
f 1860//745 1436//745 1434//745
f 1860//746 1434//746 1866//746
f 1866//747 1434//747 1432//747
f 1866//748 1432//749 1868//750
f 1868//750 1432//749 1430//751
f 1868//752 1430//752 1426//752
f 1868//753 1426//753 1870//753
f 1870//754 1426//754 1425//754
f 1870//755 1425//755 1424//755
f 1870//756 1424//756 1872//756
f 1872//757 1424//757 1420//757
f 1872//758 1420//758 1419//758
f 1872//759 1419//759 1874//759
f 1874//760 1419//760 1418//760
f 1874//761 1418//762 1414//763
f 1874//761 1414//763 1876//764
f 1876//765 1414//765 1413//765
f 1876//766 1413//766 1878//766
f 1878//767 1413//767 1412//767
f 1878//768 1412//768 1410//768
f 1878//769 1410//769 1880//769
f 1880//770 1410//770 1408//770
f 1880//771 1408//771 1404//771
f 1880//772 1404//772 1883//772
f 1883//773 1404//773 1403//773
f 1883//774 1403//774 1402//774
f 1883//775 1402//775 1885//775
f 1885//776 1402//776 1398//776
f 1885//777 1398//778 1887//779
f 1887//779 1398//778 1397//780
f 1887//781 1397//781 1396//781
f 1887//782 1396//782 1889//782
f 1889//783 1396//783 1392//783
f 1889//784 1392//784 1391//784
f 1889//785 1391//785 1891//785
f 1891//786 1391//786 1390//786
f 1891//787 1390//787 1388//787
f 1891//788 1388//788 1893//788
f 1893//789 1388//789 1386//789
f 1893//790 1386//791 1384//792
f 1893//790 1384//792 1895//793
f 1895//794 1384//794 1382//794
f 1895//795 1382//795 1897//795
f 1897//796 1382//796 1380//796
f 1897//797 1380//797 1377//797
f 1897//798 1377//798 1899//798
f 1111//38 1110//38 1936//38
f 1936//38 1110//38 1937//38
f 1110//26 507//26 1937//26
f 1937//26 507//26 506//26
f 1937//26 506//26 1938//26
f 1938//26 506//26 504//26
f 504//807 1109//807 1938//807
f 1938//807 1109//807 1939//807
f 1109//26 1103//26 1939//26
f 1939//26 1103//26 1099//26
f 1939//26 1099//26 1095//26
f 1095//26 1092//26 1939//26
f 1939//26 1092//26 1089//26
f 1939//26 1089//26 1086//26
f 1939//26 1086//26 1940//26
f 1940//26 1086//26 1082//26
f 1940//26 1082//26 1079//26
f 1079//26 1075//26 1940//26
f 1940//26 1075//26 1068//26
f 1940//26 1068//26 1067//26
f 1067//38 1066//38 1940//38
f 1940//38 1066//38 1941//38
f 1066//26 1064//26 1941//26
f 1941//26 1064//26 1942//26
f 1942//26 1064//26 1063//26
f 1942//26 1063//26 1061//26
f 1061//807 1060//807 1942//807
f 1942//807 1060//807 1943//807
f 1060//26 1057//26 1943//26
f 1943//26 1057//26 1054//26
f 1943//26 1054//26 1944//26
f 1944//26 1054//26 1050//26
f 1944//26 1050//26 1040//26
f 1040//26 1042//26 1944//26
f 1944//26 1042//26 1044//26
f 1944//26 1044//26 1046//26
f 1048//26 1945//26 1046//26
f 1046//26 1945//26 1944//26
f 1048//546 1049//546 1945//546
f 1945//546 1049//546 1946//546
f 1049//12 1047//12 1946//12
f 1946//12 1047//12 1947//12
f 1947//12 1047//12 1045//12
f 1947//12 1045//12 1043//12
f 1041//12 1948//12 1043//12
f 1043//12 1948//12 1947//12
f 1041//38 1031//38 1948//38
f 1948//38 1031//38 1949//38
f 1031//26 1033//26 1949//26
f 1949//26 1033//26 1950//26
f 1950//26 1033//26 1035//26
f 1950//26 1035//26 1037//26
f 1038//26 1951//26 1037//26
f 1037//26 1951//26 1950//26
f 1038//546 1039//546 1951//546
f 1951//546 1039//546 1952//546
f 1039//12 1036//12 1952//12
f 1952//12 1036//12 1953//12
f 1953//12 1036//12 1034//12
f 1953//12 1034//12 1032//12
f 1021//12 1954//12 1032//12
f 1032//12 1954//12 1953//12
f 1021//38 1020//38 1954//38
f 1954//38 1020//38 1955//38
f 1020//26 1024//26 1955//26
f 1955//26 1024//26 1956//26
f 1956//26 1024//26 1027//26
f 1956//26 1027//26 1030//26
f 1029//26 1957//26 1030//26
f 1030//26 1957//26 1956//26
f 1029//546 1028//546 1957//546
f 1957//546 1028//546 1958//546
f 1028//12 1025//12 1958//12
f 1958//12 1025//12 1959//12
f 1959//12 1025//12 1022//12
f 1959//12 1022//12 1017//12
f 1008//12 1960//12 1017//12
f 1017//12 1960//12 1959//12
f 1008//38 1007//38 1960//38
f 1960//38 1007//38 1961//38
f 1007//26 1010//26 1961//26
f 1961//26 1010//26 1962//26
f 1962//26 1010//26 1012//26
f 1962//26 1012//26 1014//26
f 1015//26 1963//26 1014//26
f 1014//26 1963//26 1962//26
f 1015//546 1016//546 1963//546
f 1963//546 1016//546 1964//546
f 1016//12 1013//12 1964//12
f 1964//12 1013//12 1965//12
f 1965//12 1013//12 1011//12
f 1965//12 1011//12 1009//12
f 1005//12 1966//12 1009//12
f 1009//12 1966//12 1965//12
f 1005//38 994//38 1966//38
f 1966//38 994//38 1967//38
f 994//26 995//26 1967//26
f 1967//26 995//26 1968//26
f 1968//26 995//26 999//26
f 1968//26 999//26 1001//26
f 1002//26 1969//26 1001//26
f 1001//26 1969//26 1968//26
f 1002//546 1004//546 1969//546
f 1969//546 1004//546 1970//546
f 1004//12 1003//12 1970//12
f 1970//12 1003//12 1971//12
f 1971//12 1003//12 998//12
f 1971//12 998//12 996//12
f 991//12 1972//12 996//12
f 996//12 1972//12 1971//12
f 991//38 981//38 1972//38
f 1972//38 981//38 1973//38
f 981//26 983//26 1973//26
f 1973//26 983//26 1974//26
f 1974//26 983//26 985//26
f 1974//26 985//26 987//26
f 988//26 1975//26 987//26
f 987//26 1975//26 1974//26
f 988//546 989//546 1975//546
f 1975//546 989//546 1976//546
f 989//12 986//12 1976//12
f 1976//12 986//12 1977//12
f 1977//12 986//12 984//12
f 1977//12 984//12 982//12
f 980//12 1978//12 982//12
f 982//12 1978//12 1977//12
f 980//38 979//38 1978//38
f 1978//38 979//38 1979//38
f 979//26 951//26 1979//26
f 1979//26 951//26 1980//26
f 1980//26 951//26 953//26
f 1980//26 953//26 957//26
f 958//26 1981//26 957//26
f 957//26 1981//26 1980//26
f 958//546 959//546 1981//546
f 1981//546 959//546 1982//546
f 959//12 956//12 1982//12
f 1982//12 956//12 1983//12
f 1983//12 956//12 954//12
f 1983//12 954//12 950//12
f 948//12 1984//12 950//12
f 950//12 1984//12 1983//12
f 948//38 963//38 1984//38
f 1984//38 963//38 1985//38
f 963//26 965//26 1985//26
f 1985//26 965//26 1986//26
f 1986//26 965//26 967//26
f 1986//26 967//26 969//26
f 970//26 1987//26 969//26
f 969//26 1987//26 1986//26
f 970//546 971//546 1987//546
f 1987//546 971//546 1988//546
f 971//12 968//12 1988//12
f 1988//12 968//12 1989//12
f 1989//12 968//12 966//12
f 1989//12 966//12 964//12
f 962//12 1990//12 964//12
f 964//12 1990//12 1989//12
f 962//38 961//38 1990//38
f 1990//38 961//38 1991//38
f 961//26 972//26 1991//26
f 1991//26 972//26 1992//26
f 1992//26 972//26 974//26
f 1992//26 974//26 976//26
f 978//26 1993//26 976//26
f 976//26 1993//26 1992//26
f 978//546 977//546 1993//546
f 1993//546 977//546 1994//546
f 977//12 975//12 1994//12
f 1994//12 975//12 1995//12
f 1995//12 975//12 973//12
f 1995//12 973//12 960//12
f 960//12 946//12 1995//12
f 1995//12 946//12 944//12
f 1995//12 944//12 942//12
f 1995//12 942//12 1996//12
f 1996//12 942//12 940//12
f 1996//12 940//12 939//12
f 788//807 1205//807 1997//807
f 1997//807 1205//807 1998//807
f 1205//12 1204//12 1998//12
f 1998//12 1204//12 1999//12
f 1999//12 1204//12 1203//12
f 1999//12 1203//12 1202//12
f 1202//38 1201//38 1999//38
f 1999//38 1201//38 2000//38
f 1201//12 1200//12 2000//12
f 2000//12 1200//12 1199//12
f 2000//12 1199//12 2001//12
f 2001//12 1199//12 1198//12
f 2001//12 1198//12 1167//12
f 1167//12 1190//12 2001//12
f 2001//12 1190//12 1192//12
f 2001//12 1192//12 1194//12
f 1196//12 2002//12 1194//12
f 1194//12 2002//12 2001//12
f 1197//26 1195//26 2003//26
f 2003//26 1195//26 2004//26
f 2004//26 1195//26 1193//26
f 2004//26 1193//26 1191//26
f 1189//26 2005//26 1191//26
f 1191//26 2005//26 2004//26
f 1189//807 1169//807 2005//807
f 2005//807 1169//807 2006//807
f 1169//12 1171//12 2006//12
f 2006//12 1171//12 2007//12
f 2007//12 1171//12 1173//12
f 2007//12 1173//12 1175//12
f 1176//12 2008//12 1175//12
f 1175//12 2008//12 2007//12
f 1177//26 1174//26 2009//26
f 2009//26 1174//26 2010//26
f 2010//26 1174//26 1172//26
f 2010//26 1172//26 1170//26
f 1168//26 2011//26 1170//26
f 1170//26 2011//26 2010//26
f 1168//807 1166//807 2011//807
f 2011//807 1166//807 2012//807
f 1166//12 1180//12 2012//12
f 2012//12 1180//12 2013//12
f 2013//12 1180//12 1182//12
f 2013//12 1182//12 1188//12
f 1186//12 2014//12 1188//12
f 1188//12 2014//12 2013//12
f 1187//26 1185//26 2015//26
f 2015//26 1185//26 2016//26
f 2016//26 1185//26 1183//26
f 2016//26 1183//26 1179//26
f 1165//26 2017//26 1179//26
f 1179//26 2017//26 2016//26
f 1165//807 1156//807 2017//807
f 2017//807 1156//807 2018//807
f 1156//12 1158//12 2018//12
f 2018//12 1158//12 2019//12
f 2019//12 1158//12 1160//12
f 2019//12 1160//12 1162//12
f 1163//12 2020//12 1162//12
f 1162//12 2020//12 2019//12
f 1164//26 1161//26 2021//26
f 2021//26 1161//26 2022//26
f 2022//26 1161//26 1159//26
f 2022//26 1159//26 1157//26
f 799//26 2023//26 1157//26
f 1157//26 2023//26 2022//26
f 799//807 800//807 2023//807
f 2023//807 800//807 2024//807
f 800//12 804//12 2024//12
f 2024//12 804//12 2025//12
f 2025//12 804//12 806//12
f 2025//12 806//12 1155//12
f 810//12 2026//12 1155//12
f 1155//12 2026//12 2025//12
f 811//26 809//26 2027//26
f 2027//26 809//26 2028//26
f 2028//26 809//26 807//26
f 2028//26 807//26 803//26
f 801//26 2029//26 803//26
f 803//26 2029//26 2028//26
f 801//807 651//807 2029//807
f 2029//807 651//807 2030//807
f 651//12 1148//12 2030//12
f 2030//12 1148//12 2031//12
f 2031//12 1148//12 1150//12
f 2031//12 1150//12 1152//12
f 1153//12 2032//12 1152//12
f 1152//12 2032//12 2031//12
f 1154//26 1151//26 2033//26
f 2033//26 1151//26 2034//26
f 2034//26 1151//26 1149//26
f 2034//26 1149//26 653//26
f 652//26 2035//26 653//26
f 653//26 2035//26 2034//26
f 652//807 1138//807 2035//807
f 2035//807 1138//807 2036//807
f 1138//12 1141//12 2036//12
f 2036//12 1141//12 2037//12
f 2037//12 1141//12 1144//12
f 2037//12 1144//12 1147//12
f 1146//12 2038//12 1147//12
f 1147//12 2038//12 2037//12
f 1145//26 1142//26 2039//26
f 2039//26 1142//26 2040//26
f 2040//26 1142//26 1139//26
f 2040//26 1139//26 1136//26
f 1116//26 2041//26 1136//26
f 1136//26 2041//26 2040//26
f 1116//807 1117//807 2041//807
f 2041//807 1117//807 2042//807
f 1117//12 1129//12 2042//12
f 2042//12 1129//12 2043//12
f 2043//12 1129//12 1131//12
f 2043//12 1131//12 1133//12
f 1134//12 2044//12 1133//12
f 1133//12 2044//12 2043//12
f 1135//26 1132//26 2045//26
f 2045//26 1132//26 2046//26
f 2046//26 1132//26 1130//26
f 2046//26 1130//26 1119//26
f 1118//26 2047//26 1119//26
f 1119//26 2047//26 2046//26
f 1118//807 1120//807 2047//807
f 2047//807 1120//807 2048//807
f 1120//12 1122//12 2048//12
f 2048//12 1122//12 2049//12
f 2049//12 1122//12 1124//12
f 2049//12 1124//12 1126//12
f 1128//12 2050//12 1126//12
f 1126//12 2050//12 2049//12
f 1127//26 1125//26 2051//26
f 2051//26 1125//26 2052//26
f 2052//26 1125//26 1123//26
f 2052//26 1123//26 1121//26
f 1121//26 1115//26 2052//26
f 2052//26 1115//26 1114//26
f 2052//26 1114//26 1113//26
f 2052//26 1113//26 1936//26
f 1936//26 1113//26 1112//26
f 1936//26 1112//26 1111//26
f 1176//546 1177//546 2008//546
f 2008//546 1177//546 2009//546
f 1186//546 1187//546 2014//546
f 2014//546 1187//546 2015//546
f 1163//546 1164//546 2020//546
f 2020//546 1164//546 2021//546
f 810//546 811//546 2026//546
f 2026//546 811//546 2027//546
f 1153//546 1154//546 2032//546
f 2032//546 1154//546 2033//546
f 1146//546 1145//546 2038//546
f 2038//546 1145//546 2039//546
f 1134//546 1135//546 2044//546
f 2044//546 1135//546 2045//546
f 1128//546 1127//546 2050//546
f 2050//546 1127//546 2051//546
f 1196//546 1197//546 2002//546
f 2002//546 1197//546 2003//546
f 1238//12 1234//12 2053//12
f 2053//12 1234//12 1230//12
f 2053//12 1230//12 1227//12
f 1227//12 1224//12 2053//12
f 2053//12 1224//12 1221//12
f 2053//12 1221//12 1218//12
f 2053//12 1218//12 1997//12
f 1997//12 1218//12 1214//12
f 1997//12 1214//12 1210//12
f 1210//12 1206//12 1997//12
f 1997//12 1206//12 789//12
f 1997//12 789//12 788//12
f 939//807 877//807 1996//807
f 1996//807 877//807 2054//807
f 877//12 876//12 2054//12
f 2054//12 876//12 874//12
f 2054//12 874//12 2055//12
f 2055//12 874//12 872//12
f 872//38 1238//38 2055//38
f 2055//38 1238//38 2053//38
f 1993//38 1994//38 1992//38
f 1992//38 1994//38 1995//38
f 1989//38 1986//38 1988//38
f 1988//38 1986//38 1987//38
f 1983//38 1980//38 1982//38
f 1982//38 1980//38 1981//38
f 1977//38 1974//38 1976//38
f 1976//38 1974//38 1975//38
f 1971//38 1968//38 1970//38
f 1970//38 1968//38 1969//38
f 1965//38 1962//38 1964//38
f 1964//38 1962//38 1963//38
f 1959//38 1956//38 1958//38
f 1958//38 1956//38 1957//38
f 1953//38 1950//38 1952//38
f 1952//38 1950//38 1951//38
f 1947//38 1944//38 1946//38
f 1946//38 1944//38 1945//38
f 2008//807 2009//807 2007//807
f 2007//807 2009//807 2010//807
f 2004//807 2001//807 2003//807
f 2003//807 2001//807 2002//807
f 2014//807 2015//807 2013//807
f 2013//807 2015//807 2016//807
f 2020//807 2021//807 2019//807
f 2019//807 2021//807 2022//807
f 2026//807 2027//807 2025//807
f 2025//807 2027//807 2028//807
f 2032//807 2033//807 2031//807
f 2031//807 2033//807 2034//807
f 2038//807 2039//807 2037//807
f 2037//807 2039//807 2040//807
f 2044//807 2045//807 2043//807
f 2043//807 2045//807 2046//807
f 2050//807 2051//807 2049//807
f 2049//807 2051//807 2052//807
f 27//807 146//807 3//807
f 3//807 146//807 128//807
f 54//546 52//546 27//546
f 27//546 52//546 50//546
f 27//546 50//546 48//546
f 48//546 38//546 27//546
f 27//546 38//546 16//546
f 27//546 16//546 1947//546
f 1947//546 16//546 1944//546
f 1944//546 16//546 1943//546
f 1943//546 16//546 1940//546
f 1943//546 1940//546 1942//546
f 1942//546 1940//546 1941//546
f 16//546 110//546 1940//546
f 1940//546 110//546 1939//546
f 1939//546 110//546 1936//546
f 1939//546 1936//546 1938//546
f 1938//546 1936//546 1937//546
f 302//546 265//546 110//546
f 110//546 265//546 2049//546
f 110//546 2049//546 2052//546
f 302//546 300//546 265//546
f 265//546 300//546 298//546
f 265//546 298//546 296//546
f 296//546 286//546 265//546
f 344//546 2028//546 265//546
f 265//546 2028//546 2031//546
f 265//546 2031//546 2034//546
f 394//546 392//546 344//546
f 344//546 392//546 390//546
f 344//546 390//546 388//546
f 388//546 382//546 344//546
f 344//546 382//546 224//546
f 344//546 224//546 2004//546
f 2004//546 224//546 2001//546
f 2001//546 224//546 2000//546
f 2000//546 224//546 1997//546
f 2000//546 1997//546 1999//546
f 1999//546 1997//546 1998//546
f 224//546 157//546 1997//546
f 1997//546 157//546 2053//546
f 2053//546 157//546 1996//546
f 2053//546 1996//546 2055//546
f 2055//546 1996//546 2054//546
f 180//546 146//546 157//546
f 157//546 146//546 1992//546
f 157//546 1992//546 1995//546
f 180//546 178//546 146//546
f 146//546 178//546 176//546
f 146//546 176//546 174//546
f 174//546 168//546 146//546
f 27//546 1968//546 146//546
f 146//546 1968//546 1971//546
f 146//546 1971//546 1974//546
f 1974//546 1971//546 1972//546
f 1974//546 1972//546 1973//546
f 1995//546 1996//546 157//546
f 344//546 2004//546 2007//546
f 2007//546 2004//546 2005//546
f 2007//546 2005//546 2006//546
f 2007//546 2010//546 344//546
f 344//546 2010//546 2013//546
f 344//546 2013//546 2016//546
f 2010//546 2011//546 2013//546
f 2013//546 2011//546 2012//546
f 344//546 2016//546 2019//546
f 2019//546 2016//546 2017//546
f 2019//546 2017//546 2018//546
f 2019//546 2022//546 344//546
f 344//546 2022//546 2025//546
f 344//546 2025//546 2028//546
f 2022//546 2023//546 2025//546
f 2025//546 2023//546 2024//546
f 2028//546 2029//546 2031//546
f 2031//546 2029//546 2030//546
f 265//546 2034//546 2037//546
f 2037//546 2034//546 2035//546
f 2037//546 2035//546 2036//546
f 2037//546 2040//546 265//546
f 265//546 2040//546 2043//546
f 265//546 2043//546 2046//546
f 2040//546 2041//546 2043//546
f 2043//546 2041//546 2042//546
f 265//546 2046//546 2049//546
f 2049//546 2046//546 2047//546
f 2049//546 2047//546 2048//546
f 2052//546 1936//546 110//546
f 27//546 1947//546 1950//546
f 1950//546 1947//546 1948//546
f 1950//546 1948//546 1949//546
f 1950//546 1953//546 27//546
f 27//546 1953//546 1956//546
f 27//546 1956//546 1959//546
f 1953//546 1954//546 1956//546
f 1956//546 1954//546 1955//546
f 27//546 1959//546 1962//546
f 1962//546 1959//546 1960//546
f 1962//546 1960//546 1961//546
f 1962//546 1965//546 27//546
f 27//546 1965//546 1968//546
f 1965//546 1966//546 1968//546
f 1968//546 1966//546 1967//546
f 1974//546 1977//546 146//546
f 146//546 1977//546 1980//546
f 146//546 1980//546 1983//546
f 1977//546 1978//546 1980//546
f 1980//546 1978//546 1979//546
f 146//546 1983//546 1986//546
f 1986//546 1983//546 1984//546
f 1986//546 1984//546 1985//546
f 1986//546 1989//546 146//546
f 146//546 1989//546 1992//546
f 1989//546 1990//546 1992//546
f 1992//546 1990//546 1991//546
f 1441//683 1440//683 2056//683
f 2056//684 1440//684 1442//684
f 2056//685 1442//685 2057//685
f 2057//686 1442//686 1443//686
f 2057//687 1443//687 1445//687
f 2057//688 1445//688 2058//688
f 2058//689 1445//689 1447//689
f 2058//690 1447//691 2059//692
f 2059//692 1447//691 1449//693
f 2059//694 1449//694 1451//694
f 2059//695 1451//695 2060//695
f 2060//696 1451//696 1453//696
f 2060//697 1453//697 1458//697
f 2060//698 1458//698 2061//698
f 2061//699 1458//699 1457//699
f 2061//700 1457//700 1459//700
f 2061//701 1459//701 2062//701
f 2062//702 1459//702 1464//702
f 2062//703 1464//704 1463//705
f 2062//703 1463//705 2063//706
f 2063//707 1463//707 1465//707
f 2063//708 1465//708 2064//708
f 2064//709 1465//709 1470//709
f 2064//710 1470//710 1469//710
f 2064//711 1469//711 2065//711
f 2065//712 1469//712 1471//712
f 2065//713 1471//713 1473//713
f 2065//714 1473//714 2066//714
f 2066//715 1473//715 1475//715
f 2066//716 1475//716 1480//716
f 2066//717 1480//717 2067//717
f 2067//718 1480//718 1479//718
f 2067//719 1479//720 2068//721
f 2068//721 1479//720 1481//722
f 2068//723 1481//723 1486//723
f 2068//724 1486//724 2069//724
f 2069//725 1486//725 1485//725
f 2069//726 1485//726 1487//726
f 2069//727 1487//727 2070//727
f 2070//728 1487//728 1492//728
f 2070//729 1492//729 1491//729
f 2070//730 1491//730 2071//730
f 2071//731 1491//731 1493//731
f 2071//732 1493//733 1495//734
f 2071//732 1495//734 2072//735
f 2072//736 1495//736 1497//736
f 2072//737 1497//737 2073//737
f 2073//738 1497//738 1499//738
f 2073//739 1499//739 1501//739
f 2073//740 1501//740 2074//740
f 2074//741 1501//741 1503//741
f 2074//742 1503//742 1502//742
f 2074//743 1502//743 2075//743
f 2075//744 1502//744 1500//744
f 2075//745 1500//745 1498//745
f 2075//746 1498//746 2076//746
f 2076//747 1498//747 1496//747
f 2076//748 1496//749 2077//750
f 2077//750 1496//749 1494//751
f 2077//752 1494//752 1490//752
f 2077//753 1490//753 2078//753
f 2078//754 1490//754 1489//754
f 2078//755 1489//755 1488//755
f 2078//756 1488//756 2079//756
f 2079//757 1488//757 1484//757
f 2079//758 1484//758 1483//758
f 2079//759 1483//759 2080//759
f 2080//760 1483//760 1482//760
f 2080//761 1482//762 1478//763
f 2080//761 1478//763 2081//764
f 2081//765 1478//765 1477//765
f 2081//766 1477//766 2082//766
f 2082//767 1477//767 1476//767
f 2082//768 1476//768 1474//768
f 2082//769 1474//769 2083//769
f 2083//770 1474//770 1472//770
f 2083//771 1472//771 1468//771
f 2083//772 1468//772 2084//772
f 2084//773 1468//773 1467//773
f 2084//774 1467//774 1466//774
f 2084//775 1466//775 2085//775
f 2085//776 1466//776 1462//776
f 2085//777 1462//778 2086//779
f 2086//779 1462//778 1461//780
f 2086//781 1461//781 1460//781
f 2086//782 1460//782 2087//782
f 2087//783 1460//783 1456//783
f 2087//784 1456//784 1455//784
f 2087//785 1455//785 2088//785
f 2088//786 1455//786 1454//786
f 2088//787 1454//787 1452//787
f 2088//788 1452//788 2089//788
f 2089//789 1452//789 1450//789
f 2089//790 1450//791 1448//792
f 2089//790 1448//792 2090//793
f 2090//794 1448//794 1446//794
f 2090//795 1446//795 2091//795
f 2091//796 1446//796 1444//796
f 2091//797 1444//797 1441//797
f 2091//798 1441//798 2056//798
f 783//547 785//547 2092//547
f 2092//548 785//548 937//548
f 2092//549 937//549 2093//549
f 2093//550 937//550 935//550
f 2093//551 935//552 2094//553
f 2094//553 935//552 933//554
f 2094//555 933//555 931//555
f 2094//556 931//556 2095//556
f 2095//557 931//557 927//557
f 2095//558 927//559 926//560
f 2095//558 926//560 2096//561
f 2096//562 926//562 925//562
f 2096//563 925//563 2097//563
f 2097//564 925//564 921//564
f 2097//565 921//565 920//565
f 2097//566 920//566 2098//566
f 2098//567 920//567 919//567
f 2098//568 919//569 2099//570
f 2099//570 919//569 917//571
f 2099//572 917//572 914//572
f 2099//573 914//573 2100//573
f 2100//574 914//574 911//574
f 2100//575 911//576 910//577
f 2100//575 910//577 2101//578
f 2101//579 910//579 909//579
f 2101//580 909//580 2102//580
f 2102//581 909//581 907//581
f 2102//582 907//582 904//582
f 2102//583 904//583 2103//583
f 2103//584 904//584 901//584
f 2103//585 901//586 2104//587
f 2104//587 901//586 900//588
f 2104//589 900//589 899//589
f 2104//590 899//590 2105//590
f 2105//591 899//591 895//591
f 2105//592 895//593 894//594
f 2105//592 894//594 2106//595
f 2106//596 894//596 893//596
f 2106//597 893//597 2107//597
f 2107//598 893//598 889//598
f 2107//599 889//599 888//599
f 2107//600 888//600 2108//600
f 2108//601 888//601 887//601
f 2108//602 887//603 2109//604
f 2109//604 887//603 885//605
f 2109//606 885//606 883//606
f 2109//607 883//607 2110//607
f 2110//608 883//608 881//608
f 2110//609 881//610 879//611
f 2110//609 879//611 2111//612
f 2111//613 879//613 869//613
f 2111//614 869//614 2112//614
f 2112//615 869//615 719//615
f 2112//616 719//616 718//616
f 2112//617 718//617 2113//617
f 2113//618 718//618 867//618
f 2113//619 867//620 2114//621
f 2114//621 867//620 865//622
f 2114//623 865//623 863//623
f 2114//624 863//624 2115//624
f 2115//625 863//625 859//625
f 2115//626 859//627 858//628
f 2115//626 858//628 2116//629
f 2116//630 858//630 857//630
f 2116//631 857//631 2117//631
f 2117//632 857//632 853//632
f 2117//633 853//633 852//633
f 2117//634 852//634 2118//634
f 2118//635 852//635 851//635
f 2118//636 851//799 2119//638
f 2119//638 851//799 849//639
f 2119//640 849//640 846//640
f 2119//641 846//641 2120//641
f 2120//642 846//642 843//642
f 2120//643 843//644 842//645
f 2120//643 842//645 2121//646
f 2121//647 842//647 841//647
f 2121//648 841//648 2122//648
f 2122//649 841//649 839//649
f 2122//650 839//650 836//650
f 2122//651 836//651 2123//651
f 2123//652 836//652 833//652
f 2123//653 833//654 2124//655
f 2124//655 833//654 832//656
f 2124//657 832//657 831//657
f 2124//658 831//658 2125//658
f 2125//659 831//659 827//659
f 2125//660 827//661 826//800
f 2125//660 826//800 2126//663
f 2126//664 826//664 825//664
f 2126//665 825//665 2127//665
f 2127//666 825//666 821//666
f 2127//667 821//667 820//667
f 2127//668 820//668 2128//668
f 2128//669 820//669 819//669
f 2128//670 819//671 2129//672
f 2129//672 819//671 817//673
f 2129//674 817//674 815//674
f 2129//675 815//675 2130//675
f 2130//676 815//676 813//676
f 2130//677 813//678 790//679
f 2130//677 790//679 2131//680
f 2131//681 790//681 783//681
f 2131//682 783//682 2092//682
f 2075//546 2111//546 2074//546
f 2074//546 2111//546 2112//546
f 2074//546 2112//546 2113//546
f 2111//546 2075//546 2110//546
f 2110//546 2075//546 2076//546
f 2110//546 2076//546 2109//546
f 2109//546 2076//546 2077//546
f 2109//546 2077//546 2108//546
f 2108//546 2077//546 2078//546
f 2108//546 2078//546 2107//546
f 2107//546 2078//546 2079//546
f 2107//546 2079//546 2106//546
f 2106//546 2079//546 2080//546
f 2106//546 2080//546 2105//546
f 2105//546 2080//546 2081//546
f 2105//546 2081//546 2104//546
f 2104//546 2081//546 2082//546
f 2104//546 2082//546 2103//546
f 2103//546 2082//546 2083//546
f 2103//546 2083//546 2102//546
f 2102//546 2083//546 2101//546
f 2101//546 2083//546 2084//546
f 2101//546 2084//546 2100//546
f 2100//546 2084//546 2085//546
f 2100//546 2085//546 2099//546
f 2099//546 2085//546 2086//546
f 2099//546 2086//546 2098//546
f 2098//546 2086//546 2087//546
f 2098//546 2087//546 2097//546
f 2097//546 2087//546 2088//546
f 2097//546 2088//546 2096//546
f 2096//546 2088//546 2089//546
f 2096//546 2089//546 2095//546
f 2095//546 2089//546 2090//546
f 2095//546 2090//546 2094//546
f 2094//546 2090//546 2091//546
f 2094//546 2091//546 2093//546
f 2093//546 2091//546 2056//546
f 2093//546 2056//546 2092//546
f 2092//546 2056//546 2131//546
f 2131//546 2056//546 2057//546
f 2131//546 2057//546 2130//546
f 2130//546 2057//546 2058//546
f 2130//546 2058//546 2129//546
f 2129//546 2058//546 2059//546
f 2129//546 2059//546 2128//546
f 2128//546 2059//546 2060//546
f 2128//546 2060//546 2127//546
f 2127//546 2060//546 2061//546
f 2127//546 2061//546 2126//546
f 2126//546 2061//546 2062//546
f 2126//546 2062//546 2125//546
f 2125//546 2062//546 2063//546
f 2125//546 2063//546 2124//546
f 2124//546 2063//546 2064//546
f 2124//546 2064//546 2123//546
f 2123//546 2064//546 2065//546
f 2123//546 2065//546 2122//546
f 2122//546 2065//546 2121//546
f 2121//546 2065//546 2066//546
f 2121//546 2066//546 2120//546
f 2120//546 2066//546 2067//546
f 2120//546 2067//546 2119//546
f 2119//546 2067//546 2068//546
f 2119//546 2068//546 2118//546
f 2118//546 2068//546 2069//546
f 2118//546 2069//546 2117//546
f 2117//546 2069//546 2070//546
f 2117//546 2070//546 2116//546
f 2116//546 2070//546 2071//546
f 2116//546 2071//546 2115//546
f 2115//546 2071//546 2072//546
f 2115//546 2072//546 2114//546
f 2114//546 2072//546 2073//546
f 2114//546 2073//546 2113//546
f 2113//546 2073//546 2074//546
f 1505//683 1504//683 2132//683
f 2132//684 1504//684 1506//684
f 2132//685 1506//685 2133//685
f 2133//686 1506//686 1507//686
f 2133//687 1507//687 1509//687
f 2133//688 1509//688 2134//688
f 2134//689 1509//689 1511//689
f 2134//690 1511//691 2135//692
f 2135//692 1511//691 1513//693
f 2135//694 1513//694 1515//694
f 2135//695 1515//695 2136//695
f 2136//696 1515//696 1517//696
f 2136//697 1517//697 1522//697
f 2136//698 1522//698 2137//698
f 2137//699 1522//699 1521//699
f 2137//700 1521//700 1523//700
f 2137//701 1523//701 2138//701
f 2138//702 1523//702 1528//702
f 2138//703 1528//704 1527//705
f 2138//703 1527//705 2139//706
f 2139//805 1527//805 1529//805
f 2139//708 1529//708 2140//708
f 2140//709 1529//709 1534//709
f 2140//710 1534//710 1533//710
f 2140//711 1533//711 2141//711
f 2141//712 1533//712 1535//712
f 2141//713 1535//713 1537//713
f 2141//714 1537//714 2142//714
f 2142//715 1537//715 1539//715
f 2142//716 1539//716 1544//716
f 2142//717 1544//717 2143//717
f 2143//806 1544//806 1543//806
f 2143//719 1543//720 2144//721
f 2144//721 1543//720 1545//722
f 2144//723 1545//723 1550//723
f 2144//724 1550//724 2145//724
f 2145//725 1550//725 1549//725
f 2145//726 1549//726 1551//726
f 2145//727 1551//727 2146//727
f 2146//728 1551//728 1556//728
f 2146//729 1556//729 1555//729
f 2146//730 1555//730 2147//730
f 2147//731 1555//731 1557//731
f 2147//732 1557//733 1559//734
f 2147//732 1559//734 2148//735
f 2148//736 1559//736 1561//736
f 2148//737 1561//737 2149//737
f 2149//738 1561//738 1563//738
f 2149//739 1563//739 1565//739
f 2149//740 1565//740 2150//740
f 2150//741 1565//741 1567//741
f 2150//742 1567//742 1566//742
f 2150//743 1566//743 2151//743
f 2151//744 1566//744 1564//744
f 2151//745 1564//745 1562//745
f 2151//746 1562//746 2152//746
f 2152//747 1562//747 1560//747
f 2152//748 1560//749 2153//750
f 2153//750 1560//749 1558//751
f 2153//752 1558//752 1554//752
f 2153//753 1554//753 2154//753
f 2154//754 1554//754 1553//754
f 2154//755 1553//755 1552//755
f 2154//756 1552//756 2155//756
f 2155//757 1552//757 1548//757
f 2155//758 1548//758 1547//758
f 2155//759 1547//759 2156//759
f 2156//760 1547//760 1546//760
f 2156//761 1546//762 1542//763
f 2156//761 1542//763 2157//764
f 2157//801 1542//801 1541//801
f 2157//766 1541//766 2158//766
f 2158//767 1541//767 1540//767
f 2158//768 1540//768 1538//768
f 2158//769 1538//769 2159//769
f 2159//770 1538//770 1536//770
f 2159//771 1536//771 1532//771
f 2159//772 1532//772 2160//772
f 2160//773 1532//773 1531//773
f 2160//774 1531//774 1530//774
f 2160//775 1530//775 2161//775
f 2161//802 1530//802 1526//802
f 2161//777 1526//778 2162//779
f 2162//779 1526//778 1525//780
f 2162//781 1525//781 1524//781
f 2162//782 1524//782 2163//782
f 2163//783 1524//783 1520//783
f 2163//784 1520//784 1519//784
f 2163//785 1519//785 2164//785
f 2164//786 1519//786 1518//786
f 2164//787 1518//787 1516//787
f 2164//788 1516//788 2165//788
f 2165//789 1516//789 1514//789
f 2165//790 1514//791 1512//792
f 2165//790 1512//792 2166//793
f 2166//794 1512//794 1510//794
f 2166//795 1510//795 2167//795
f 2167//796 1510//796 1508//796
f 2167//797 1508//797 1505//797
f 2167//798 1505//798 2132//798
f 635//547 637//547 2168//547
f 2168//548 637//548 781//548
f 2168//549 781//549 2169//549
f 2169//550 781//550 779//550
f 2169//551 779//552 2170//553
f 2170//553 779//552 777//554
f 2170//555 777//555 775//555
f 2170//556 775//556 2171//556
f 2171//557 775//557 771//557
f 2171//558 771//559 770//560
f 2171//558 770//560 2172//561
f 2172//562 770//562 769//562
f 2172//563 769//563 2173//563
f 2173//564 769//564 765//564
f 2173//565 765//565 764//565
f 2173//566 764//566 2174//566
f 2174//567 764//567 763//567
f 2174//568 763//803 2175//570
f 2175//570 763//803 761//571
f 2175//572 761//572 758//572
f 2175//573 758//573 2176//573
f 2176//574 758//574 755//574
f 2176//575 755//576 754//577
f 2176//575 754//577 2177//578
f 2177//579 754//579 753//579
f 2177//580 753//580 2178//580
f 2178//581 753//581 751//581
f 2178//582 751//582 748//582
f 2178//583 748//583 2179//583
f 2179//584 748//584 745//584
f 2179//585 745//586 2180//587
f 2180//587 745//586 744//588
f 2180//589 744//589 743//589
f 2180//590 743//590 2181//590
f 2181//591 743//591 739//591
f 2181//592 739//593 738//804
f 2181//592 738//804 2182//595
f 2182//596 738//596 737//596
f 2182//597 737//597 2183//597
f 2183//598 737//598 733//598
f 2183//599 733//599 732//599
f 2183//600 732//600 2184//600
f 2184//601 732//601 731//601
f 2184//602 731//603 2185//604
f 2185//604 731//603 729//605
f 2185//606 729//606 727//606
f 2185//607 727//607 2186//607
f 2186//608 727//608 725//608
f 2186//609 725//610 723//611
f 2186//609 723//611 2187//612
f 2187//613 723//613 721//613
f 2187//614 721//614 2188//614
f 2188//615 721//615 714//615
f 2188//616 714//616 713//616
f 2188//617 713//617 2189//617
f 2189//618 713//618 711//618
f 2189//619 711//620 2190//621
f 2190//621 711//620 709//622
f 2190//623 709//623 707//623
f 2190//624 707//624 2191//624
f 2191//625 707//625 703//625
f 2191//626 703//627 702//628
f 2191//626 702//628 2192//629
f 2192//630 702//630 701//630
f 2192//631 701//631 2193//631
f 2193//632 701//632 697//632
f 2193//633 697//633 696//633
f 2193//634 696//634 2194//634
f 2194//635 696//635 695//635
f 2194//636 695//799 2195//638
f 2195//638 695//799 693//639
f 2195//640 693//640 690//640
f 2195//641 690//641 2196//641
f 2196//642 690//642 687//642
f 2196//643 687//644 686//645
f 2196//643 686//645 2197//646
f 2197//647 686//647 685//647
f 2197//648 685//648 2198//648
f 2198//649 685//649 683//649
f 2198//650 683//650 680//650
f 2198//651 680//651 2199//651
f 2199//652 680//652 677//652
f 2199//653 677//654 2200//655
f 2200//655 677//654 676//656
f 2200//657 676//657 675//657
f 2200//658 675//658 2201//658
f 2201//659 675//659 671//659
f 2201//660 671//661 670//800
f 2201//660 670//800 2202//663
f 2202//664 670//664 669//664
f 2202//665 669//665 2203//665
f 2203//666 669//666 665//666
f 2203//667 665//667 664//667
f 2203//668 664//668 2204//668
f 2204//669 664//669 663//669
f 2204//670 663//671 2205//672
f 2205//672 663//671 661//673
f 2205//674 661//674 659//674
f 2205//675 659//675 2206//675
f 2206//676 659//676 657//676
f 2206//677 657//678 655//679
f 2206//677 655//679 2207//680
f 2207//681 655//681 635//681
f 2207//682 635//682 2168//682
f 2151//546 2187//546 2150//546
f 2150//546 2187//546 2188//546
f 2150//546 2188//546 2189//546
f 2187//546 2151//546 2186//546
f 2186//546 2151//546 2152//546
f 2186//546 2152//546 2185//546
f 2185//546 2152//546 2153//546
f 2185//546 2153//546 2184//546
f 2184//546 2153//546 2154//546
f 2184//546 2154//546 2183//546
f 2183//546 2154//546 2155//546
f 2183//546 2155//546 2182//546
f 2182//546 2155//546 2156//546
f 2182//546 2156//546 2181//546
f 2181//546 2156//546 2157//546
f 2181//546 2157//546 2180//546
f 2180//546 2157//546 2158//546
f 2180//546 2158//546 2179//546
f 2179//546 2158//546 2159//546
f 2179//546 2159//546 2178//546
f 2178//546 2159//546 2177//546
f 2177//546 2159//546 2160//546
f 2177//546 2160//546 2176//546
f 2176//546 2160//546 2161//546
f 2176//546 2161//546 2175//546
f 2175//546 2161//546 2162//546
f 2175//546 2162//546 2174//546
f 2174//546 2162//546 2163//546
f 2174//546 2163//546 2173//546
f 2173//546 2163//546 2164//546
f 2173//546 2164//546 2172//546
f 2172//546 2164//546 2165//546
f 2172//546 2165//546 2171//546
f 2171//546 2165//546 2166//546
f 2171//546 2166//546 2170//546
f 2170//546 2166//546 2167//546
f 2170//546 2167//546 2169//546
f 2169//546 2167//546 2132//546
f 2169//546 2132//546 2168//546
f 2168//546 2132//546 2207//546
f 2207//546 2132//546 2133//546
f 2207//546 2133//546 2206//546
f 2206//546 2133//546 2134//546
f 2206//546 2134//546 2205//546
f 2205//546 2134//546 2135//546
f 2205//546 2135//546 2204//546
f 2204//546 2135//546 2136//546
f 2204//546 2136//546 2203//546
f 2203//546 2136//546 2137//546
f 2203//546 2137//546 2202//546
f 2202//546 2137//546 2138//546
f 2202//546 2138//546 2201//546
f 2201//546 2138//546 2139//546
f 2201//546 2139//546 2200//546
f 2200//546 2139//546 2140//546
f 2200//546 2140//546 2199//546
f 2199//546 2140//546 2141//546
f 2199//546 2141//546 2198//546
f 2198//546 2141//546 2197//546
f 2197//546 2141//546 2142//546
f 2197//546 2142//546 2196//546
f 2196//546 2142//546 2143//546
f 2196//546 2143//546 2195//546
f 2195//546 2143//546 2144//546
f 2195//546 2144//546 2194//546
f 2194//546 2144//546 2145//546
f 2194//546 2145//546 2193//546
f 2193//546 2145//546 2146//546
f 2193//546 2146//546 2192//546
f 2192//546 2146//546 2147//546
f 2192//546 2147//546 2191//546
f 2191//546 2147//546 2148//546
f 2191//546 2148//546 2190//546
f 2190//546 2148//546 2149//546
f 2190//546 2149//546 2189//546
f 2189//546 2149//546 2150//546
f 124//808 2208//808 125//808
f 125//808 2208//808 2209//808
f 125//808 2209//808 2210//808
f 2210//809 2209//809 2211//809
f 2210//809 2211//809 2212//809
f 2212//810 2211//810 2213//810
f 2212//810 2213//810 235//810
f 235//811 2213//811 229//811
f 229//811 2213//811 2214//811
f 229//812 2214//812 230//812
f 230//812 2214//812 2215//812
f 230//813 2215//813 231//813
f 231//813 2215//813 2216//813
f 231//814 2216//814 236//814
f 236//814 2216//814 2217//814
f 236//815 2217//815 237//815
f 237//815 2217//815 2218//815
f 237//816 2218//816 238//816
f 238//816 2218//816 2219//816
f 238//817 2219//817 239//817
f 239//817 2219//817 2220//817
f 239//818 2220//818 240//818
f 240//818 2220//818 2221//818
f 240//819 2221//819 241//819
f 241//819 2221//819 2222//819
f 241//820 2222//820 242//820
f 242//820 2222//820 2223//820
f 242//821 2223//821 225//821
f 225//821 2223//821 2224//821
f 225//822 2224//822 226//822
f 226//822 2224//822 2225//822
f 226//823 2225//823 227//823
f 227//823 2225//823 2226//823
f 227//824 2226//824 243//824
f 243//824 2226//824 2227//824
f 243//825 2227//825 244//825
f 244//825 2227//825 2228//825
f 244//826 2228//826 245//826
f 245//826 2228//826 2229//826
f 245//827 2229//827 246//827
f 246//827 2229//827 2230//827
f 246//828 2230//828 247//828
f 247//828 2230//828 2231//828
f 247//829 2231//829 248//829
f 248//829 2231//829 2232//829
f 248//830 2232//830 249//830
f 249//830 2232//830 2233//830
f 249//831 2233//831 221//831
f 221//831 2233//831 2234//831
f 221//832 2234//832 222//832
f 222//832 2234//832 2235//832
f 222//833 2235//833 223//833
f 223//833 2235//833 2236//833
f 223//834 2236//834 250//834
f 250//834 2236//834 2237//834
f 250//835 2237//835 127//835
f 127//835 2237//835 2238//835
f 127//835 2238//835 2239//835
f 2239//834 2238//834 2240//834
f 2239//834 2240//834 2241//834
f 2241//833 2240//833 2242//833
f 2241//833 2242//833 101//833
f 101//832 2242//832 95//832
f 95//832 2242//832 2243//832
f 95//831 2243//831 96//831
f 96//831 2243//831 2244//831
f 96//830 2244//830 97//830
f 97//830 2244//830 2245//830
f 97//829 2245//829 102//829
f 102//829 2245//829 2246//829
f 102//828 2246//828 103//828
f 103//828 2246//828 2247//828
f 103//827 2247//827 104//827
f 104//827 2247//827 2248//827
f 104//826 2248//826 105//826
f 105//826 2248//826 2249//826
f 105//825 2249//825 106//825
f 106//825 2249//825 2250//825
f 106//824 2250//824 107//824
f 107//824 2250//824 2251//824
f 107//823 2251//823 108//823
f 108//823 2251//823 2252//823
f 108//822 2252//822 109//822
f 109//822 2252//822 2253//822
f 109//821 2253//821 111//821
f 111//821 2253//821 2254//821
f 111//820 2254//820 112//820
f 112//820 2254//820 2255//820
f 112//819 2255//819 113//819
f 113//819 2255//819 2256//819
f 113//818 2256//818 114//818
f 114//818 2256//818 2257//818
f 114//817 2257//817 115//817
f 115//817 2257//817 2258//817
f 115//816 2258//816 116//816
f 116//816 2258//816 2259//816
f 116//815 2259//815 117//815
f 117//815 2259//815 2260//815
f 117//814 2260//814 118//814
f 118//814 2260//814 2261//814
f 118//813 2261//813 119//813
f 119//813 2261//813 2262//813
f 119//812 2262//812 120//812
f 120//812 2262//812 2263//812
f 120//811 2263//811 122//811
f 122//811 2263//811 2264//811
f 122//810 2264//810 123//810
f 123//810 2264//810 2265//810
f 123//809 2265//809 124//809
f 124//809 2265//809 2208//809
f 101//833 100//833 2241//833
f 2241//834 100//834 2266//834
f 2241//834 2266//834 2239//834
f 2239//835 2266//835 98//835
f 2239//835 98//835 127//835
f 100//834 99//834 2266//834
f 2266//835 99//835 98//835
f 235//810 234//810 2212//810
f 2212//809 234//809 2267//809
f 2212//809 2267//809 2210//809
f 2210//808 2267//808 232//808
f 2210//808 232//808 125//808
f 234//809 233//809 2267//809
f 2267//808 233//808 232//808
f 2209//809 2208//809 2268//809
f 2268//809 2208//809 2265//809
f 2268//810 2265//810 2269//810
f 2269//810 2265//810 2264//810
f 2269//811 2264//811 2270//811
f 2270//811 2264//811 2263//811
f 2270//812 2263//812 2271//812
f 2271//812 2263//812 2262//812
f 2271//813 2262//813 2272//813
f 2272//813 2262//813 2261//813
f 2272//814 2261//814 2273//814
f 2273//814 2261//814 2260//814
f 2273//815 2260//815 2274//815
f 2274//815 2260//815 2259//815
f 2274//816 2259//816 2275//816
f 2275//816 2259//816 2258//816
f 2275//817 2258//817 2276//817
f 2276//817 2258//817 2257//817
f 2276//818 2257//818 2277//818
f 2277//818 2257//818 2256//818
f 2277//819 2256//819 2278//819
f 2278//819 2256//819 2255//819
f 2278//820 2255//820 2279//820
f 2279//820 2255//820 2254//820
f 2279//821 2254//821 2280//821
f 2280//821 2254//821 2253//821
f 2280//822 2253//822 2281//822
f 2281//822 2253//822 2252//822
f 2281//823 2252//823 2282//823
f 2282//823 2252//823 2251//823
f 2282//824 2251//824 2283//824
f 2283//824 2251//824 2250//824
f 2283//825 2250//825 2284//825
f 2284//825 2250//825 2249//825
f 2284//826 2249//826 2285//826
f 2285//826 2249//826 2248//826
f 2285//827 2248//827 2286//827
f 2286//827 2248//827 2247//827
f 2286//828 2247//828 2287//828
f 2287//828 2247//828 2246//828
f 2287//829 2246//829 2288//829
f 2288//829 2246//829 2245//829
f 2288//830 2245//830 2289//830
f 2289//830 2245//830 2244//830
f 2289//831 2244//831 2290//831
f 2290//831 2244//831 2243//831
f 2290//832 2243//832 2291//832
f 2291//832 2243//832 2242//832
f 2291//833 2242//833 2240//833
f 2209//809 2268//809 2211//809
f 2211//810 2268//810 2292//810
f 2211//810 2292//810 2213//810
f 2213//811 2292//811 2214//811
f 2292//810 2268//810 2269//810
f 2292//811 2269//811 2293//811
f 2293//811 2269//811 2270//811
f 2293//812 2270//812 2294//812
f 2294//812 2270//812 2271//812
f 2294//813 2271//813 2295//813
f 2295//813 2271//813 2272//813
f 2295//814 2272//814 2296//814
f 2296//814 2272//814 2273//814
f 2296//815 2273//815 2297//815
f 2297//815 2273//815 2274//815
f 2297//816 2274//816 2298//816
f 2298//816 2274//816 2275//816
f 2298//817 2275//817 2299//817
f 2299//817 2275//817 2276//817
f 2299//818 2276//818 2300//818
f 2300//818 2276//818 2277//818
f 2300//819 2277//819 2301//819
f 2301//819 2277//819 2278//819
f 2301//820 2278//820 2302//820
f 2302//820 2278//820 2279//820
f 2302//821 2279//821 2303//821
f 2303//821 2279//821 2280//821
f 2303//822 2280//822 2304//822
f 2304//822 2280//822 2281//822
f 2304//823 2281//823 2305//823
f 2305//823 2281//823 2282//823
f 2305//824 2282//824 2306//824
f 2306//824 2282//824 2283//824
f 2306//825 2283//825 2307//825
f 2307//825 2283//825 2284//825
f 2307//826 2284//826 2308//826
f 2308//826 2284//826 2285//826
f 2308//827 2285//827 2309//827
f 2309//827 2285//827 2286//827
f 2309//828 2286//828 2310//828
f 2310//828 2286//828 2287//828
f 2310//829 2287//829 2311//829
f 2311//829 2287//829 2288//829
f 2311//830 2288//830 2312//830
f 2312//830 2288//830 2289//830
f 2312//831 2289//831 2313//831
f 2313//831 2289//831 2290//831
f 2313//832 2290//832 2314//832
f 2314//832 2290//832 2291//832
f 2314//833 2291//833 2315//833
f 2315//833 2291//833 2240//833
f 2315//834 2240//834 2238//834
f 2215//812 2214//812 2293//812
f 2293//811 2214//811 2292//811
f 2215//812 2293//812 2294//812
f 2216//813 2215//813 2294//813
f 2216//813 2294//813 2295//813
f 2217//814 2216//814 2295//814
f 2217//814 2295//814 2296//814
f 2218//815 2217//815 2296//815
f 2218//815 2296//815 2297//815
f 2219//816 2218//816 2297//816
f 2219//816 2297//816 2298//816
f 2220//817 2219//817 2298//817
f 2220//817 2298//817 2299//817
f 2221//818 2220//818 2299//818
f 2221//818 2299//818 2300//818
f 2222//819 2221//819 2300//819
f 2222//819 2300//819 2301//819
f 2223//820 2222//820 2301//820
f 2223//820 2301//820 2302//820
f 2224//821 2223//821 2302//821
f 2224//821 2302//821 2303//821
f 2225//822 2224//822 2303//822
f 2225//822 2303//822 2304//822
f 2226//823 2225//823 2304//823
f 2226//823 2304//823 2305//823
f 2227//824 2226//824 2305//824
f 2227//824 2305//824 2306//824
f 2228//825 2227//825 2306//825
f 2228//825 2306//825 2307//825
f 2229//826 2228//826 2307//826
f 2229//826 2307//826 2308//826
f 2230//827 2229//827 2308//827
f 2230//827 2308//827 2309//827
f 2231//828 2230//828 2309//828
f 2231//828 2309//828 2310//828
f 2232//829 2231//829 2310//829
f 2232//829 2310//829 2311//829
f 2233//830 2232//830 2311//830
f 2233//830 2311//830 2312//830
f 2234//831 2233//831 2312//831
f 2234//831 2312//831 2313//831
f 2235//832 2234//832 2313//832
f 2235//832 2313//832 2314//832
f 2236//833 2235//833 2314//833
f 2236//833 2314//833 2315//833
f 2237//834 2236//834 2315//834
f 2237//834 2315//834 2238//834
f 1569//683 1568//683 2316//683
f 2316//684 1568//684 1570//684
f 2316//685 1570//685 2317//685
f 2317//686 1570//686 1571//686
f 2317//687 1571//687 1573//687
f 2317//688 1573//688 2318//688
f 2318//689 1573//689 1575//689
f 2318//690 1575//691 2319//692
f 2319//692 1575//691 1577//693
f 2319//694 1577//694 1579//694
f 2319//695 1579//695 2320//695
f 2320//696 1579//696 1581//696
f 2320//697 1581//697 1586//697
f 2320//698 1586//698 2321//698
f 2321//699 1586//699 1585//699
f 2321//700 1585//700 1587//700
f 2321//701 1587//701 2322//701
f 2322//702 1587//702 1592//702
f 2322//703 1592//704 1591//705
f 2322//703 1591//705 2323//706
f 2323//707 1591//707 1593//707
f 2323//708 1593//708 2324//708
f 2324//709 1593//709 1598//709
f 2324//710 1598//710 1597//710
f 2324//711 1597//711 2325//711
f 2325//712 1597//712 1599//712
f 2325//713 1599//713 1601//713
f 2325//714 1601//714 2326//714
f 2326//715 1601//715 1603//715
f 2326//716 1603//716 1608//716
f 2326//717 1608//717 2327//717
f 2327//718 1608//718 1607//718
f 2327//719 1607//720 2328//721
f 2328//721 1607//720 1609//722
f 2328//723 1609//723 1614//723
f 2328//724 1614//724 2329//724
f 2329//725 1614//725 1613//725
f 2329//726 1613//726 1615//726
f 2329//727 1615//727 2330//727
f 2330//728 1615//728 1620//728
f 2330//729 1620//729 1619//729
f 2330//730 1619//730 2331//730
f 2331//731 1619//731 1621//731
f 2331//732 1621//733 1623//734
f 2331//732 1623//734 2332//735
f 2332//736 1623//736 1625//736
f 2332//737 1625//737 2333//737
f 2333//738 1625//738 1627//738
f 2333//739 1627//739 1629//739
f 2333//740 1629//740 2334//740
f 2334//741 1629//741 1631//741
f 2334//742 1631//742 1630//742
f 2334//743 1630//743 2335//743
f 2335//744 1630//744 1628//744
f 2335//745 1628//745 1626//745
f 2335//746 1626//746 2336//746
f 2336//747 1626//747 1624//747
f 2336//748 1624//749 2337//750
f 2337//750 1624//749 1622//751
f 2337//752 1622//752 1618//752
f 2337//753 1618//753 2338//753
f 2338//754 1618//754 1617//754
f 2338//755 1617//755 1616//755
f 2338//756 1616//756 2339//756
f 2339//757 1616//757 1612//757
f 2339//758 1612//758 1611//758
f 2339//759 1611//759 2340//759
f 2340//760 1611//760 1610//760
f 2340//761 1610//762 1606//763
f 2340//761 1606//763 2341//764
f 2341//765 1606//765 1605//765
f 2341//766 1605//766 2342//766
f 2342//767 1605//767 1604//767
f 2342//768 1604//768 1602//768
f 2342//769 1602//769 2343//769
f 2343//770 1602//770 1600//770
f 2343//771 1600//771 1596//771
f 2343//772 1596//772 2344//772
f 2344//773 1596//773 1595//773
f 2344//774 1595//774 1594//774
f 2344//775 1594//775 2345//775
f 2345//776 1594//776 1590//776
f 2345//777 1590//778 2346//779
f 2346//779 1590//778 1589//780
f 2346//781 1589//781 1588//781
f 2346//782 1588//782 2347//782
f 2347//783 1588//783 1584//783
f 2347//784 1584//784 1583//784
f 2347//785 1583//785 2348//785
f 2348//786 1583//786 1582//786
f 2348//787 1582//787 1580//787
f 2348//788 1580//788 2349//788
f 2349//789 1580//789 1578//789
f 2349//790 1578//791 1576//792
f 2349//790 1576//792 2350//793
f 2350//794 1576//794 1574//794
f 2350//795 1574//795 2351//795
f 2351//796 1574//796 1572//796
f 2351//797 1572//797 1569//797
f 2351//798 1569//798 2316//798
f 499//547 501//547 2352//547
f 2352//548 501//548 633//548
f 2352//549 633//549 2353//549
f 2353//550 633//550 631//550
f 2353//551 631//552 2354//553
f 2354//553 631//552 629//554
f 2354//555 629//555 627//555
f 2354//556 627//556 2355//556
f 2355//557 627//557 623//557
f 2355//558 623//559 622//560
f 2355//558 622//560 2356//561
f 2356//562 622//562 621//562
f 2356//563 621//563 2357//563
f 2357//564 621//564 617//564
f 2357//565 617//565 616//565
f 2357//566 616//566 2358//566
f 2358//567 616//567 615//567
f 2358//568 615//803 2359//570
f 2359//570 615//803 613//571
f 2359//572 613//572 610//572
f 2359//573 610//573 2360//573
f 2360//574 610//574 607//574
f 2360//575 607//576 606//577
f 2360//575 606//577 2361//578
f 2361//579 606//579 605//579
f 2361//580 605//580 2362//580
f 2362//581 605//581 603//581
f 2362//582 603//582 600//582
f 2362//583 600//583 2363//583
f 2363//584 600//584 597//584
f 2363//585 597//586 2364//587
f 2364//587 597//586 596//588
f 2364//589 596//589 595//589
f 2364//590 595//590 2365//590
f 2365//591 595//591 591//591
f 2365//592 591//593 590//804
f 2365//592 590//804 2366//595
f 2366//596 590//596 589//596
f 2366//597 589//597 2367//597
f 2367//598 589//598 585//598
f 2367//599 585//599 584//599
f 2367//600 584//600 2368//600
f 2368//601 584//601 583//601
f 2368//602 583//603 2369//604
f 2369//604 583//603 581//605
f 2369//606 581//606 579//606
f 2369//607 579//607 2370//607
f 2370//608 579//608 577//608
f 2370//609 577//610 575//611
f 2370//609 575//611 2371//612
f 2371//613 575//613 571//613
f 2371//614 571//614 2372//614
f 2372//615 571//615 569//615
f 2372//616 569//616 567//616
f 2372//617 567//617 2373//617
f 2373//618 567//618 565//618
f 2373//619 565//620 2374//621
f 2374//621 565//620 563//622
f 2374//623 563//623 561//623
f 2374//624 561//624 2375//624
f 2375//625 561//625 557//625
f 2375//626 557//627 556//628
f 2375//626 556//628 2376//629
f 2376//630 556//630 555//630
f 2376//631 555//631 2377//631
f 2377//632 555//632 551//632
f 2377//633 551//633 550//633
f 2377//634 550//634 2378//634
f 2378//635 550//635 549//635
f 2378//636 549//637 2379//638
f 2379//638 549//637 547//639
f 2379//640 547//640 544//640
f 2379//641 544//641 2380//641
f 2380//642 544//642 541//642
f 2380//643 541//644 540//645
f 2380//643 540//645 2381//646
f 2381//647 540//647 539//647
f 2381//648 539//648 2382//648
f 2382//649 539//649 537//649
f 2382//650 537//650 534//650
f 2382//651 534//651 2383//651
f 2383//652 534//652 531//652
f 2383//653 531//654 2384//655
f 2384//655 531//654 530//656
f 2384//657 530//657 529//657
f 2384//658 529//658 2385//658
f 2385//659 529//659 525//659
f 2385//660 525//661 524//662
f 2385//660 524//662 2386//663
f 2386//664 524//664 523//664
f 2386//665 523//665 2387//665
f 2387//666 523//666 519//666
f 2387//667 519//667 518//667
f 2387//668 518//668 2388//668
f 2388//669 518//669 517//669
f 2388//670 517//671 2389//672
f 2389//672 517//671 515//673
f 2389//674 515//674 513//674
f 2389//675 513//675 2390//675
f 2390//676 513//676 511//676
f 2390//677 511//678 509//679
f 2390//677 509//679 2391//680
f 2391//681 509//681 499//681
f 2391//682 499//682 2352//682
f 2335//546 2371//546 2334//546
f 2334//546 2371//546 2372//546
f 2334//546 2372//546 2373//546
f 2371//546 2335//546 2370//546
f 2370//546 2335//546 2336//546
f 2370//546 2336//546 2369//546
f 2369//546 2336//546 2337//546
f 2369//546 2337//546 2368//546
f 2368//546 2337//546 2338//546
f 2368//546 2338//546 2367//546
f 2367//546 2338//546 2339//546
f 2367//546 2339//546 2366//546
f 2366//546 2339//546 2340//546
f 2366//546 2340//546 2365//546
f 2365//546 2340//546 2341//546
f 2365//546 2341//546 2364//546
f 2364//546 2341//546 2342//546
f 2364//546 2342//546 2363//546
f 2363//546 2342//546 2343//546
f 2363//546 2343//546 2362//546
f 2362//546 2343//546 2361//546
f 2361//546 2343//546 2344//546
f 2361//546 2344//546 2360//546
f 2360//546 2344//546 2345//546
f 2360//546 2345//546 2359//546
f 2359//546 2345//546 2346//546
f 2359//546 2346//546 2358//546
f 2358//546 2346//546 2347//546
f 2358//546 2347//546 2357//546
f 2357//546 2347//546 2348//546
f 2357//546 2348//546 2356//546
f 2356//546 2348//546 2349//546
f 2356//546 2349//546 2355//546
f 2355//546 2349//546 2350//546
f 2355//546 2350//546 2354//546
f 2354//546 2350//546 2351//546
f 2354//546 2351//546 2353//546
f 2353//546 2351//546 2316//546
f 2353//546 2316//546 2352//546
f 2352//546 2316//546 2391//546
f 2391//546 2316//546 2317//546
f 2391//546 2317//546 2390//546
f 2390//546 2317//546 2318//546
f 2390//546 2318//546 2389//546
f 2389//546 2318//546 2319//546
f 2389//546 2319//546 2388//546
f 2388//546 2319//546 2320//546
f 2388//546 2320//546 2387//546
f 2387//546 2320//546 2321//546
f 2387//546 2321//546 2386//546
f 2386//546 2321//546 2322//546
f 2386//546 2322//546 2385//546
f 2385//546 2322//546 2323//546
f 2385//546 2323//546 2384//546
f 2384//546 2323//546 2324//546
f 2384//546 2324//546 2383//546
f 2383//546 2324//546 2325//546
f 2383//546 2325//546 2382//546
f 2382//546 2325//546 2381//546
f 2381//546 2325//546 2326//546
f 2381//546 2326//546 2380//546
f 2380//546 2326//546 2327//546
f 2380//546 2327//546 2379//546
f 2379//546 2327//546 2328//546
f 2379//546 2328//546 2378//546
f 2378//546 2328//546 2329//546
f 2378//546 2329//546 2377//546
f 2377//546 2329//546 2330//546
f 2377//546 2330//546 2376//546
f 2376//546 2330//546 2331//546
f 2376//546 2331//546 2375//546
f 2375//546 2331//546 2332//546
f 2375//546 2332//546 2374//546
f 2374//546 2332//546 2333//546
f 2374//546 2333//546 2373//546
f 2373//546 2333//546 2334//546
