# Blender 4.0.2
# www.blender.org
mtllib u_turn.mtl
o u_turn
v 0.546619 1.468488 0.779822
v 0.541519 1.476644 0.777701
v 0.501044 1.468488 0.775000
v 0.501044 1.476644 0.773926
v 0.460568 1.476644 0.777701
v 0.501044 1.484244 0.770777
v 0.459994 1.484244 0.774606
v 0.501044 1.490770 0.765768
v 0.459079 1.490770 0.769682
v 0.501044 1.495778 0.759239
v 0.457887 1.495778 0.763265
v 0.501044 1.498926 0.751637
v 0.456500 1.498926 0.755792
v 0.501044 1.500000 0.743478
v 0.452169 1.500000 0.748324
v 0.580616 1.476644 0.788899
v 0.590203 1.468488 0.794076
v 0.617003 1.476644 0.807137
v 0.629890 1.468488 0.817141
v 0.649441 1.476644 0.831795
v 0.663946 1.468488 0.848007
v 0.676826 1.476644 0.862032
v 0.690882 1.468488 0.885326
v 0.698225 1.476644 0.896820
v 0.709522 1.468488 0.927467
v 0.712909 1.476644 0.934974
v 0.719049 1.468488 0.972588
v 0.720378 1.476644 0.975194
v 0.719049 1.468488 1.018717
v 0.720378 1.476644 1.016111
v 0.712909 1.476644 1.056330
v 0.715917 1.484244 1.057192
v 0.701025 1.484244 1.095888
v 0.705480 1.490770 1.098121
v 0.683294 1.490770 1.134189
v 0.688469 1.495778 1.138123
v 0.659271 1.495778 1.170364
v 0.664359 1.498926 1.175982
v 0.628660 1.498926 1.203118
v 0.640226 1.500000 1.205327
v 0.596914 1.500000 1.228630
v 0.588615 1.498926 1.223190
v 0.549918 1.500000 1.242981
v 0.545588 1.498926 1.235513
v 0.501044 1.500000 1.247826
v 0.501044 1.498926 1.239668
v 0.456500 1.498926 1.235513
v 0.501044 1.495778 1.232065
v 0.457887 1.495778 1.228040
v 0.501044 1.490770 1.225537
v 0.459079 1.490770 1.221623
v 0.501044 1.484244 1.220527
v 0.459994 1.484244 1.216699
v 0.501044 1.476644 1.217378
v 0.460568 1.476644 1.213603
v 0.501044 1.468488 1.216304
v 0.455468 1.468487 1.211483
v 0.709522 1.468488 1.063837
v 0.698225 1.476644 1.094484
v 0.679322 1.484244 1.131170
v 0.654901 1.490770 1.165539
v 0.624684 1.495778 1.196655
v 0.690882 1.468488 1.105978
v 0.676826 1.476644 1.129272
v 0.651549 1.484244 1.161837
v 0.621270 1.490770 1.191104
v 0.585886 1.495778 1.216101
v 0.663946 1.468488 1.143297
v 0.649441 1.476644 1.159510
v 0.618650 1.484244 1.186845
v 0.583543 1.490770 1.210013
v 0.544200 1.495778 1.228040
v 0.629890 1.468488 1.174164
v 0.617003 1.476644 1.184168
v 0.581746 1.484244 1.205342
v 0.543008 1.490770 1.221623
v 0.590203 1.468488 1.197228
v 0.580616 1.476644 1.202406
v 0.542094 1.484244 1.216699
v 0.546619 1.468488 1.211483
v 0.541519 1.476644 1.213603
v 0.421472 1.476644 1.202406
v 0.411884 1.468487 1.197228
v 0.385084 1.476644 1.184168
v 0.372197 1.468487 1.174164
v 0.352646 1.476644 1.159510
v 0.338141 1.468487 1.143297
v 0.325261 1.476644 1.129272
v 0.311205 1.468487 1.105978
v 0.303863 1.476644 1.094484
v 0.292566 1.468487 1.063837
v 0.289179 1.476644 1.056330
v 0.283038 1.468487 1.018717
v 0.281710 1.476644 1.016111
v 0.283038 1.468487 0.972588
v 0.281710 1.476644 0.975194
v 0.289179 1.476644 0.934974
v 0.286170 1.484244 0.934112
v 0.301062 1.484244 0.895417
v 0.296607 1.490770 0.893184
v 0.318793 1.490770 0.857116
v 0.313618 1.495778 0.853181
v 0.342817 1.495778 0.820941
v 0.337728 1.498926 0.815323
v 0.373428 1.498926 0.788186
v 0.361861 1.500000 0.785977
v 0.405173 1.500000 0.762674
v 0.413473 1.498926 0.768115
v 0.292566 1.468487 0.927467
v 0.303863 1.476644 0.896820
v 0.322765 1.484244 0.860135
v 0.347186 1.490770 0.825765
v 0.377403 1.495778 0.794650
v 0.311205 1.468487 0.885326
v 0.325261 1.476644 0.862032
v 0.350539 1.484244 0.829467
v 0.380818 1.490770 0.800200
v 0.416201 1.495778 0.775204
v 0.338141 1.468487 0.848007
v 0.352646 1.476644 0.831795
v 0.383438 1.484244 0.804459
v 0.418544 1.490770 0.781291
v 0.372197 1.468487 0.817141
v 0.385084 1.476644 0.807137
v 0.420341 1.484244 0.785962
v 0.411884 1.468487 0.794076
v 0.421472 1.476644 0.788899
v 0.455468 1.468487 0.779822
v 0.323898 1.500000 0.817338
v 0.307591 1.498926 0.848600
v 0.290802 1.495778 0.890274
v 0.281383 1.490770 0.932741
v 0.278594 1.484244 0.974903
v 0.292742 1.500000 0.855552
v 0.284041 1.498926 0.886885
v 0.275145 1.495778 0.930955
v 0.273639 1.490770 0.974441
v 0.278594 1.484244 1.016401
v 0.269592 1.500000 0.899149
v 0.267881 1.498926 0.928874
v 0.267181 1.495778 0.973839
v 0.273639 1.490770 1.016863
v 0.286170 1.484244 1.057192
v 0.255335 1.500000 0.946456
v 0.259661 1.498926 0.973137
v 0.267181 1.495778 1.017466
v 0.281383 1.490770 1.058563
v 0.301062 1.484244 1.095888
v 0.250522 1.500000 0.995652
v 0.259661 1.498926 1.018167
v 0.275145 1.495778 1.060350
v 0.296607 1.490770 1.098121
v 0.322765 1.484244 1.131170
v 0.255335 1.500000 1.044849
v 0.267881 1.498926 1.062430
v 0.290802 1.495778 1.101031
v 0.318793 1.490770 1.134189
v 0.350539 1.484244 1.161837
v 0.269592 1.500000 1.092155
v 0.284041 1.498926 1.104419
v 0.313618 1.495778 1.138123
v 0.347186 1.490770 1.165539
v 0.383438 1.484244 1.186845
v 0.292742 1.500000 1.135753
v 0.307591 1.498926 1.142704
v 0.342817 1.495778 1.170364
v 0.380818 1.490770 1.191104
v 0.420341 1.484244 1.205342
v 0.323898 1.500000 1.173966
v 0.337728 1.498926 1.175982
v 0.377403 1.495778 1.196655
v 0.418544 1.490770 1.210013
v 0.361861 1.500000 1.205327
v 0.373428 1.498926 1.203118
v 0.416201 1.495778 1.216101
v 0.405173 1.500000 1.228630
v 0.413473 1.498926 1.223190
v 0.452169 1.500000 1.242981
v 0.678189 1.500000 1.173966
v 0.694496 1.498926 1.142704
v 0.711285 1.495778 1.101031
v 0.720704 1.490770 1.058563
v 0.723493 1.484244 1.016401
v 0.709345 1.500000 1.135753
v 0.718046 1.498926 1.104419
v 0.726942 1.495778 1.060350
v 0.728448 1.490770 1.016863
v 0.723493 1.484244 0.974903
v 0.732496 1.500000 1.092155
v 0.734206 1.498926 1.062430
v 0.734906 1.495778 1.017466
v 0.728448 1.490770 0.974441
v 0.715917 1.484244 0.934112
v 0.746752 1.500000 1.044849
v 0.742426 1.498926 1.018167
v 0.734906 1.495778 0.973839
v 0.720704 1.490770 0.932741
v 0.701025 1.484244 0.895417
v 0.751566 1.500000 0.995652
v 0.742426 1.498926 0.973137
v 0.726942 1.495778 0.930955
v 0.705480 1.490770 0.893184
v 0.679322 1.484244 0.860135
v 0.746752 1.500000 0.946456
v 0.734206 1.498926 0.928874
v 0.711285 1.495778 0.890274
v 0.683294 1.490770 0.857116
v 0.651549 1.484244 0.829467
v 0.732496 1.500000 0.899149
v 0.718046 1.498926 0.886885
v 0.688469 1.495778 0.853181
v 0.654901 1.490770 0.825765
v 0.618650 1.484244 0.804459
v 0.709345 1.500000 0.855552
v 0.694496 1.498926 0.848600
v 0.659271 1.495778 0.820941
v 0.621270 1.490770 0.800200
v 0.581746 1.484244 0.785962
v 0.678189 1.500000 0.817338
v 0.664359 1.498926 0.815323
v 0.624684 1.495778 0.794650
v 0.583543 1.490770 0.781291
v 0.542094 1.484244 0.774606
v 0.640226 1.500000 0.785977
v 0.628660 1.498926 0.788186
v 0.585886 1.495778 0.775204
v 0.543008 1.490770 0.769682
v 0.596914 1.500000 0.762674
v 0.588615 1.498926 0.768115
v 0.544200 1.495778 0.763265
v 0.549918 1.500000 0.748324
v 0.545588 1.498926 0.755792
v 0.551418 1.500000 0.732559
v 0.501044 1.500000 0.727717
v 0.450669 1.500000 0.732559
v 0.402115 1.500000 0.746910
v 0.357136 1.500000 0.770251
v 0.317359 1.500000 0.801739
v 0.284220 1.500000 0.840235
v 0.258918 1.500000 0.884348
v 0.242367 1.500000 0.932484
v 0.235166 1.500000 0.982903
v 0.237573 1.500000 1.033783
v 0.249504 1.500000 1.083285
v 0.270525 1.500000 1.129620
v 0.299879 1.500000 1.171112
v 0.336502 1.500000 1.206263
v 0.379073 1.500000 1.233802
v 0.426052 1.500000 1.252734
v 0.475742 1.500000 1.262374
v 0.526346 1.500000 1.262374
v 0.576035 1.500000 1.252734
v 0.623014 1.500000 1.233802
v 0.665585 1.500000 1.206263
v 0.702209 1.500000 1.171112
v 0.731562 1.500000 1.129620
v 0.752584 1.500000 1.083285
v 0.764514 1.500000 1.033783
v 0.766922 1.500000 0.982903
v 0.759720 1.500000 0.932484
v 0.743169 1.500000 0.884348
v 0.717867 1.500000 0.840235
v 0.684729 1.500000 0.801739
v 0.644951 1.500000 0.770251
v 0.599973 1.500000 0.746910
v 0.546619 1.210084 0.779822
v 0.501044 1.210084 0.775000
v 0.455468 1.210084 0.779822
v 0.411884 1.210084 0.794076
v 0.372197 1.210084 0.817141
v 0.338141 1.210084 0.848007
v 0.311205 1.210084 0.885326
v 0.292566 1.210084 0.927467
v 0.283038 1.210084 0.972588
v 0.283038 1.210084 1.018717
v 0.292566 1.210084 1.063837
v 0.311205 1.210084 1.105978
v 0.338141 1.210084 1.143297
v 0.372197 1.210084 1.174164
v 0.411884 1.210084 1.197228
v 0.455468 1.210084 1.211483
v 0.501044 1.210084 1.216304
v 0.546619 1.210084 1.211483
v 0.590203 1.210084 1.197228
v 0.629890 1.210084 1.174164
v 0.663946 1.210084 1.143297
v 0.690882 1.210084 1.105978
v 0.709522 1.210084 1.063837
v 0.719050 1.210084 1.018717
v 0.719050 1.210084 0.972588
v 0.709522 1.210084 0.927467
v 0.690882 1.210084 0.885326
v 0.663946 1.210084 0.848007
v 0.629890 1.210084 0.817141
v 0.590203 1.210084 0.794076
v 0.447924 1.468487 0.701008
v 0.474472 1.476644 0.698471
v 0.501044 1.468488 0.696196
v 0.527615 1.476644 0.698471
v 0.554163 1.468488 0.701008
v 0.579904 1.476644 0.708023
v 0.605576 1.468488 0.715291
v 0.629659 1.476644 0.726819
v 0.653628 1.468488 0.738584
v 0.675279 1.476644 0.754256
v 0.696777 1.468488 0.770140
v 0.715300 1.476644 0.789451
v 0.733634 1.468488 0.808944
v 0.748434 1.476644 0.831274
v 0.763016 1.468488 0.853749
v 0.773617 1.476644 0.878380
v 0.783978 1.468488 0.903115
v 0.790039 1.476644 0.929256
v 0.795846 1.468488 0.955455
v 0.797173 1.476644 0.982265
v 0.798239 1.468488 1.009087
v 0.794789 1.476644 1.035705
v 0.791080 1.468488 1.062288
v 0.782963 1.476644 1.087857
v 0.774598 1.468488 1.113346
v 0.762076 1.476644 1.137046
v 0.749325 1.468488 1.160622
v 0.732800 1.476644 1.181691
v 0.716071 1.468488 1.202595
v 0.696075 1.476644 1.220356
v 0.675907 1.468488 1.237918
v 0.653081 1.476644 1.251798
v 0.630122 1.468488 1.265453
v 0.605201 1.476644 1.275008
v 0.580188 1.468488 1.284317
v 0.553973 1.476644 1.289240
v 0.527711 1.468488 1.293903
v 0.501044 1.476644 1.294035
v 0.474376 1.468487 1.293903
v 0.448114 1.476644 1.289240
v 0.421899 1.468487 1.284317
v 0.396886 1.476644 1.275008
v 0.371965 1.468487 1.265453
v 0.349006 1.476644 1.251798
v 0.326181 1.468487 1.237918
v 0.306012 1.476644 1.220356
v 0.286016 1.468487 1.202595
v 0.269287 1.476644 1.181691
v 0.252762 1.468487 1.160622
v 0.240011 1.476644 1.137046
v 0.227489 1.468487 1.113346
v 0.219124 1.476644 1.087857
v 0.211008 1.468487 1.062288
v 0.207299 1.476644 1.035705
v 0.203848 1.468487 1.009087
v 0.204914 1.476644 0.982265
v 0.206241 1.468487 0.955455
v 0.212048 1.476644 0.929256
v 0.218109 1.468487 0.903115
v 0.228470 1.476644 0.878380
v 0.239071 1.468487 0.853749
v 0.253653 1.476644 0.831274
v 0.268453 1.468487 0.808944
v 0.286787 1.476644 0.789451
v 0.305310 1.468487 0.770140
v 0.326808 1.476644 0.754256
v 0.348459 1.468487 0.738584
v 0.372428 1.476644 0.726819
v 0.396511 1.468487 0.715291
v 0.422183 1.476644 0.708023
v 0.525630 1.498926 0.720670
v 0.476457 1.498926 0.720670
v 0.428074 1.498926 0.729509
v 0.382036 1.498926 0.746901
v 0.339823 1.498926 0.772288
v 0.302792 1.498926 0.804855
v 0.272133 1.498926 0.843553
v 0.248831 1.498926 0.887141
v 0.233636 1.498926 0.934216
v 0.227035 1.498926 0.983265
v 0.229241 1.498926 1.032713
v 0.219490 1.495778 0.982924
v 0.221757 1.495778 1.033734
v 0.213011 1.490770 0.982631
v 0.215330 1.490770 1.034610
v 0.208040 1.484244 0.982407
v 0.210399 1.484244 1.035282
v 0.574013 1.498926 0.729509
v 0.620051 1.498926 0.746901
v 0.662264 1.498926 0.772288
v 0.699295 1.498926 0.804855
v 0.729954 1.498926 0.843553
v 0.753256 1.498926 0.887141
v 0.768451 1.498926 0.934216
v 0.775052 1.498926 0.983265
v 0.772846 1.498926 1.032713
v 0.780330 1.495778 1.033734
v 0.769087 1.495778 1.083319
v 0.775255 1.490770 1.085336
v 0.754939 1.490770 1.133180
v 0.759322 1.484244 1.135554
v 0.730354 1.484244 1.179727
v 0.761904 1.498926 1.080970
v 0.749228 1.495778 1.130087
v 0.726463 1.490770 1.176604
v 0.694017 1.484244 1.217984
v 0.742577 1.498926 1.126484
v 0.721393 1.495778 1.172534
v 0.690742 1.490770 1.214212
v 0.651477 1.484244 1.249095
v 0.715488 1.498926 1.167794
v 0.686475 1.495778 1.209295
v 0.648924 1.490770 1.244795
v 0.604102 1.484244 1.272060
v 0.681506 1.498926 1.203570
v 0.645598 1.495778 1.239190
v 0.602353 1.490770 1.267370
v 0.553414 1.484244 1.286141
v 0.641724 1.498926 1.232664
v 0.600074 1.495778 1.261258
v 0.552526 1.490770 1.281212
v 0.501044 1.484244 1.290886
v 0.597420 1.498926 1.254140
v 0.551368 1.495778 1.274789
v 0.501044 1.490770 1.285876
v 0.448673 1.484244 1.286141
v 0.550019 1.498926 1.267308
v 0.501044 1.495778 1.279348
v 0.449562 1.490770 1.281212
v 0.397986 1.484244 1.272060
v 0.501044 1.498926 1.271745
v 0.450720 1.495778 1.274789
v 0.399734 1.490770 1.267370
v 0.350611 1.484244 1.249095
v 0.452068 1.498926 1.267308
v 0.402013 1.495778 1.261258
v 0.353163 1.490770 1.244795
v 0.308071 1.484244 1.217984
v 0.404667 1.498926 1.254140
v 0.356490 1.495778 1.239190
v 0.311345 1.490770 1.214212
v 0.271733 1.484244 1.179727
v 0.360363 1.498926 1.232664
v 0.315612 1.495778 1.209295
v 0.275624 1.490770 1.176604
v 0.242766 1.484244 1.135554
v 0.320581 1.498926 1.203570
v 0.280694 1.495778 1.172534
v 0.247148 1.490770 1.133180
v 0.222099 1.484244 1.086884
v 0.286599 1.498926 1.167794
v 0.252859 1.495778 1.130087
v 0.226832 1.490770 1.085336
v 0.259510 1.498926 1.126484
v 0.233001 1.495778 1.083319
v 0.240184 1.498926 1.080970
v 0.474752 1.484244 0.701607
v 0.527335 1.484244 0.701607
v 0.579072 1.484244 0.711058
v 0.628301 1.484244 0.729656
v 0.673441 1.484244 0.756803
v 0.713039 1.484244 0.791627
v 0.745823 1.484244 0.833009
v 0.770740 1.484244 0.879618
v 0.786989 1.484244 0.929957
v 0.794048 1.484244 0.982407
v 0.791689 1.484244 1.035282
v 0.779988 1.484244 1.086884
v 0.475199 1.490770 0.706597
v 0.526889 1.490770 0.706597
v 0.577748 1.490770 0.715887
v 0.626142 1.490770 0.734169
v 0.670515 1.490770 0.760856
v 0.709442 1.490770 0.795089
v 0.741670 1.490770 0.835769
v 0.766164 1.490770 0.881587
v 0.782138 1.490770 0.931071
v 0.789076 1.490770 0.982631
v 0.786757 1.490770 1.034610
v 0.423015 1.484244 0.711058
v 0.373786 1.484244 0.729656
v 0.328647 1.484244 0.756803
v 0.289048 1.484244 0.791627
v 0.256264 1.484244 0.833009
v 0.231347 1.484244 0.879618
v 0.215098 1.484244 0.929957
v 0.475780 1.495778 0.713099
v 0.526307 1.495778 0.713099
v 0.576023 1.495778 0.722180
v 0.623328 1.495778 0.740051
v 0.666703 1.495778 0.766138
v 0.704754 1.495778 0.799601
v 0.736257 1.495778 0.839365
v 0.760201 1.495778 0.884153
v 0.775815 1.495778 0.932524
v 0.782597 1.495778 0.982924
v 0.424339 1.490770 0.715887
v 0.375945 1.490770 0.734169
v 0.331572 1.490770 0.760856
v 0.292645 1.490770 0.795089
v 0.260417 1.490770 0.835769
v 0.235923 1.490770 0.881587
v 0.219950 1.490770 0.931071
v 0.426065 1.495778 0.722180
v 0.378759 1.495778 0.740051
v 0.335384 1.495778 0.766138
v 0.297333 1.495778 0.799601
v 0.265830 1.495778 0.839365
v 0.241887 1.495778 0.884153
v 0.226273 1.495778 0.932524
v 0.447924 1.210084 0.701008
v 0.501044 1.210084 0.696196
v 0.554163 1.210084 0.701008
v 0.605576 1.210084 0.715291
v 0.653629 1.210084 0.738584
v 0.696777 1.210084 0.770140
v 0.733634 1.210084 0.808944
v 0.763016 1.210084 0.853749
v 0.783978 1.210084 0.903115
v 0.795846 1.210084 0.955455
v 0.798239 1.210084 1.009087
v 0.791080 1.210084 1.062288
v 0.774598 1.210084 1.113346
v 0.749325 1.210084 1.160622
v 0.716071 1.210084 1.202595
v 0.675907 1.210084 1.237918
v 0.630122 1.210084 1.265453
v 0.580188 1.210084 1.284317
v 0.527711 1.210084 1.293903
v 0.474376 1.210084 1.293903
v 0.421899 1.210084 1.284317
v 0.371965 1.210084 1.265453
v 0.326181 1.210084 1.237918
v 0.286016 1.210084 1.202595
v 0.252762 1.210084 1.160622
v 0.227489 1.210084 1.113346
v 0.211008 1.210084 1.062288
v 0.203848 1.210084 1.009087
v 0.206241 1.210084 0.955455
v 0.218109 1.210084 0.903115
v 0.239071 1.210084 0.853749
v 0.268453 1.210084 0.808944
v 0.305310 1.210084 0.770140
v 0.348459 1.210084 0.738584
v 0.396511 1.210084 0.715291
v 0.447924 1.468487 1.709704
v 0.474472 1.476644 1.707167
v 0.501044 1.468488 1.704891
v 0.527615 1.476644 1.707167
v 0.554163 1.468488 1.709704
v 0.579904 1.476644 1.716718
v 0.605576 1.468488 1.723986
v 0.629659 1.476644 1.735515
v 0.653628 1.468488 1.747280
v 0.675279 1.476644 1.762951
v 0.696777 1.468488 1.778836
v 0.715300 1.476644 1.798147
v 0.733634 1.468488 1.817640
v 0.748434 1.476644 1.839970
v 0.763016 1.468488 1.862445
v 0.773617 1.476644 1.887076
v 0.783978 1.468488 1.911811
v 0.790039 1.476644 1.937951
v 0.795846 1.468488 1.964151
v 0.797173 1.476644 1.990961
v 0.798239 1.468488 2.017783
v 0.794789 1.476644 2.044401
v 0.791080 1.468488 2.070983
v 0.782963 1.476644 2.096553
v 0.774598 1.468488 2.122042
v 0.762076 1.476644 2.145742
v 0.749325 1.468488 2.169317
v 0.732800 1.476644 2.190386
v 0.716071 1.468488 2.211291
v 0.696075 1.476644 2.229051
v 0.675907 1.468488 2.246613
v 0.653081 1.476644 2.260494
v 0.630122 1.468488 2.274149
v 0.605201 1.476644 2.283704
v 0.580188 1.468488 2.293013
v 0.553973 1.476644 2.297935
v 0.527711 1.468488 2.302599
v 0.501044 1.476644 2.302730
v 0.474376 1.468487 2.302599
v 0.448114 1.476644 2.297935
v 0.421899 1.468487 2.293013
v 0.396886 1.476644 2.283704
v 0.371965 1.468487 2.274149
v 0.349006 1.476644 2.260494
v 0.326181 1.468487 2.246613
v 0.306012 1.476644 2.229051
v 0.286016 1.468487 2.211291
v 0.269287 1.476644 2.190386
v 0.252762 1.468487 2.169317
v 0.240011 1.476644 2.145742
v 0.227489 1.468487 2.122042
v 0.219124 1.476644 2.096553
v 0.211008 1.468487 2.070983
v 0.207299 1.476644 2.044401
v 0.203848 1.468487 2.017783
v 0.204914 1.476644 1.990961
v 0.206241 1.468487 1.964151
v 0.212048 1.476644 1.937951
v 0.218109 1.468487 1.911811
v 0.228470 1.476644 1.887076
v 0.239071 1.468487 1.862445
v 0.253653 1.476644 1.839970
v 0.268453 1.468487 1.817640
v 0.286787 1.476644 1.798147
v 0.305310 1.468487 1.778836
v 0.326808 1.476644 1.762951
v 0.348459 1.468487 1.747280
v 0.372428 1.476644 1.735515
v 0.396511 1.468487 1.723986
v 0.422183 1.476644 1.716718
v 0.551418 1.500000 1.741255
v 0.525630 1.498926 1.729366
v 0.501044 1.500000 1.736413
v 0.476457 1.498926 1.729366
v 0.450669 1.500000 1.741255
v 0.428074 1.498926 1.738204
v 0.402115 1.500000 1.755606
v 0.382036 1.498926 1.755596
v 0.357136 1.500000 1.778947
v 0.339823 1.498926 1.780984
v 0.317359 1.500000 1.810434
v 0.302792 1.498926 1.813550
v 0.284220 1.500000 1.848930
v 0.272133 1.498926 1.852249
v 0.258918 1.500000 1.893044
v 0.248831 1.498926 1.895836
v 0.242367 1.500000 1.941180
v 0.233636 1.498926 1.942911
v 0.235166 1.500000 1.991599
v 0.227035 1.498926 1.991961
v 0.229241 1.498926 2.041409
v 0.219490 1.495778 1.991620
v 0.221757 1.495778 2.042429
v 0.213011 1.490770 1.991327
v 0.215330 1.490770 2.043306
v 0.208040 1.484244 1.991102
v 0.210399 1.484244 2.043978
v 0.574013 1.498926 1.738204
v 0.599973 1.500000 1.755606
v 0.620051 1.498926 1.755596
v 0.644951 1.500000 1.778947
v 0.662264 1.498926 1.780984
v 0.684729 1.500000 1.810434
v 0.699295 1.498926 1.813550
v 0.717867 1.500000 1.848930
v 0.729954 1.498926 1.852249
v 0.743169 1.500000 1.893044
v 0.753256 1.498926 1.895836
v 0.759720 1.500000 1.941180
v 0.768451 1.498926 1.942911
v 0.766922 1.500000 1.991599
v 0.775052 1.498926 1.991961
v 0.772846 1.498926 2.041409
v 0.780330 1.495778 2.042429
v 0.769087 1.495778 2.092015
v 0.775255 1.490770 2.094032
v 0.754939 1.490770 2.141876
v 0.759322 1.484244 2.144250
v 0.730354 1.484244 2.188423
v 0.764514 1.500000 2.042479
v 0.761904 1.498926 2.089665
v 0.749228 1.495778 2.138782
v 0.726463 1.490770 2.185300
v 0.694017 1.484244 2.226680
v 0.752584 1.500000 2.091981
v 0.742577 1.498926 2.135180
v 0.721393 1.495778 2.181229
v 0.690742 1.490770 2.222907
v 0.651477 1.484244 2.257791
v 0.731562 1.500000 2.138315
v 0.715488 1.498926 2.176489
v 0.686475 1.495778 2.217991
v 0.648924 1.490770 2.253490
v 0.604102 1.484244 2.280756
v 0.702209 1.500000 2.179808
v 0.681506 1.498926 2.212266
v 0.645598 1.495778 2.247886
v 0.602353 1.490770 2.276066
v 0.553414 1.484244 2.294837
v 0.665585 1.500000 2.214959
v 0.641724 1.498926 2.241360
v 0.600074 1.495778 2.269954
v 0.552526 1.490770 2.289908
v 0.501044 1.484244 2.299581
v 0.623014 1.500000 2.242498
v 0.597420 1.498926 2.262836
v 0.551368 1.495778 2.283484
v 0.501044 1.490770 2.294572
v 0.448673 1.484244 2.294837
v 0.576035 1.500000 2.261429
v 0.550019 1.498926 2.276004
v 0.501044 1.495778 2.288043
v 0.449562 1.490770 2.289908
v 0.397986 1.484244 2.280756
v 0.526346 1.500000 2.271069
v 0.501044 1.498926 2.280441
v 0.450720 1.495778 2.283484
v 0.399734 1.490770 2.276066
v 0.350611 1.484244 2.257791
v 0.475742 1.500000 2.271069
v 0.452068 1.498926 2.276004
v 0.402013 1.495778 2.269954
v 0.353163 1.490770 2.253490
v 0.308071 1.484244 2.226680
v 0.426052 1.500000 2.261429
v 0.404667 1.498926 2.262836
v 0.356490 1.495778 2.247886
v 0.311345 1.490770 2.222907
v 0.271733 1.484244 2.188423
v 0.379073 1.500000 2.242498
v 0.360363 1.498926 2.241360
v 0.315612 1.495778 2.217991
v 0.275624 1.490770 2.185300
v 0.242766 1.484244 2.144250
v 0.336502 1.500000 2.214959
v 0.320581 1.498926 2.212266
v 0.280694 1.495778 2.181229
v 0.247148 1.490770 2.141876
v 0.222099 1.484244 2.095580
v 0.299879 1.500000 2.179808
v 0.286599 1.498926 2.176489
v 0.252859 1.495778 2.138782
v 0.226832 1.490770 2.094032
v 0.270525 1.500000 2.138315
v 0.259510 1.498926 2.135180
v 0.233001 1.495778 2.092015
v 0.249504 1.500000 2.091981
v 0.240184 1.498926 2.089665
v 0.237573 1.500000 2.042479
v 0.474752 1.484244 1.710303
v 0.527335 1.484244 1.710303
v 0.579072 1.484244 1.719754
v 0.628301 1.484244 1.738352
v 0.673441 1.484244 1.765499
v 0.713039 1.484244 1.800323
v 0.745823 1.484244 1.841705
v 0.770740 1.484244 1.888314
v 0.786989 1.484244 1.938652
v 0.794048 1.484244 1.991102
v 0.791689 1.484244 2.043978
v 0.779988 1.484244 2.095580
v 0.475199 1.490770 1.715292
v 0.526889 1.490770 1.715292
v 0.577748 1.490770 1.724583
v 0.626142 1.490770 1.742865
v 0.670515 1.490770 1.769552
v 0.709442 1.490770 1.803785
v 0.741670 1.490770 1.844464
v 0.766164 1.490770 1.890282
v 0.782138 1.490770 1.939767
v 0.789076 1.490770 1.991327
v 0.786757 1.490770 2.043306
v 0.423015 1.484244 1.719754
v 0.373786 1.484244 1.738352
v 0.328647 1.484244 1.765499
v 0.289048 1.484244 1.800323
v 0.256264 1.484244 1.841705
v 0.231347 1.484244 1.888314
v 0.215098 1.484244 1.938652
v 0.475780 1.495778 1.721794
v 0.526307 1.495778 1.721794
v 0.576023 1.495778 1.730876
v 0.623328 1.495778 1.748747
v 0.666703 1.495778 1.774833
v 0.704754 1.495778 1.808296
v 0.736257 1.495778 1.848061
v 0.760201 1.495778 1.892848
v 0.775815 1.495778 1.941220
v 0.782597 1.495778 1.991620
v 0.424339 1.490770 1.724583
v 0.375945 1.490770 1.742865
v 0.331572 1.490770 1.769552
v 0.292645 1.490770 1.803785
v 0.260417 1.490770 1.844464
v 0.235923 1.490770 1.890282
v 0.219950 1.490770 1.939767
v 0.426065 1.495778 1.730876
v 0.378759 1.495778 1.748747
v 0.335384 1.495778 1.774833
v 0.297333 1.495778 1.808296
v 0.265830 1.495778 1.848061
v 0.241887 1.495778 1.892848
v 0.226273 1.495778 1.941220
v 0.549918 1.500000 1.757019
v 0.501044 1.500000 1.752174
v 0.596914 1.500000 1.771370
v 0.640226 1.500000 1.794673
v 0.678189 1.500000 1.826034
v 0.709345 1.500000 1.864247
v 0.732496 1.500000 1.907845
v 0.746752 1.500000 1.955151
v 0.751566 1.500000 2.004348
v 0.746752 1.500000 2.053544
v 0.732496 1.500000 2.100851
v 0.709345 1.500000 2.144448
v 0.678189 1.500000 2.182662
v 0.640226 1.500000 2.214023
v 0.596914 1.500000 2.237326
v 0.549918 1.500000 2.251676
v 0.501044 1.500000 2.256522
v 0.452169 1.500000 2.251676
v 0.405173 1.500000 2.237326
v 0.361861 1.500000 2.214023
v 0.323898 1.500000 2.182662
v 0.292742 1.500000 2.144448
v 0.269592 1.500000 2.100851
v 0.255335 1.500000 2.053544
v 0.250522 1.500000 2.004348
v 0.255335 1.500000 1.955151
v 0.269592 1.500000 1.907845
v 0.292742 1.500000 1.864247
v 0.323898 1.500000 1.826034
v 0.361861 1.500000 1.794673
v 0.405173 1.500000 1.771370
v 0.452169 1.500000 1.757019
v 0.447924 1.210084 1.709704
v 0.501044 1.210084 1.704891
v 0.554163 1.210084 1.709704
v 0.605576 1.210084 1.723986
v 0.653629 1.210084 1.747280
v 0.696777 1.210084 1.778836
v 0.733634 1.210084 1.817640
v 0.763016 1.210084 1.862445
v 0.783978 1.210084 1.911811
v 0.795846 1.210084 1.964151
v 0.798239 1.210084 2.017783
v 0.791080 1.210084 2.070983
v 0.774598 1.210084 2.122042
v 0.749325 1.210084 2.169317
v 0.716071 1.210084 2.211291
v 0.675907 1.210084 2.246613
v 0.630122 1.210084 2.274149
v 0.580188 1.210084 2.293013
v 0.527711 1.210084 2.302599
v 0.474376 1.210084 2.302599
v 0.421899 1.210084 2.293013
v 0.371965 1.210084 2.274149
v 0.326181 1.210084 2.246613
v 0.286016 1.210084 2.211291
v 0.252762 1.210084 2.169317
v 0.227489 1.210084 2.122042
v 0.211008 1.210084 2.070983
v 0.203848 1.210084 2.017783
v 0.206241 1.210084 1.964151
v 0.218109 1.210084 1.911811
v 0.239071 1.210084 1.862445
v 0.268453 1.210084 1.817640
v 0.305310 1.210084 1.778836
v 0.348459 1.210084 1.747280
v 0.396511 1.210084 1.723986
v 0.546619 1.468488 1.788517
v 0.541519 1.476644 1.786397
v 0.501044 1.468488 1.783696
v 0.501044 1.476644 1.782622
v 0.460568 1.476644 1.786397
v 0.501044 1.484244 1.779473
v 0.459994 1.484244 1.783301
v 0.501044 1.490770 1.774463
v 0.459079 1.490770 1.778377
v 0.501044 1.495778 1.767935
v 0.457887 1.495778 1.771960
v 0.501044 1.498926 1.760332
v 0.456500 1.498926 1.764487
v 0.580616 1.476644 1.797594
v 0.590203 1.468488 1.802772
v 0.617003 1.476644 1.815832
v 0.629890 1.468488 1.825836
v 0.649441 1.476644 1.840490
v 0.663946 1.468488 1.856703
v 0.676826 1.476644 1.870728
v 0.690882 1.468488 1.894022
v 0.698225 1.476644 1.905516
v 0.709522 1.468488 1.936163
v 0.712909 1.476644 1.943670
v 0.719049 1.468488 1.981283
v 0.720378 1.476644 1.983889
v 0.719049 1.468488 2.027412
v 0.720378 1.476644 2.024806
v 0.712909 1.476644 2.065026
v 0.715917 1.484244 2.065888
v 0.701025 1.484244 2.104583
v 0.705480 1.490770 2.106816
v 0.683294 1.490770 2.142884
v 0.688469 1.495778 2.146819
v 0.659271 1.495778 2.179059
v 0.664359 1.498926 2.184677
v 0.628660 1.498926 2.211814
v 0.588615 1.498926 2.231885
v 0.545588 1.498926 2.244208
v 0.501044 1.498926 2.248363
v 0.456500 1.498926 2.244208
v 0.501044 1.495778 2.240761
v 0.457887 1.495778 2.236735
v 0.501044 1.490770 2.234232
v 0.459079 1.490770 2.230318
v 0.501044 1.484244 2.229223
v 0.459994 1.484244 2.225394
v 0.501044 1.476644 2.226074
v 0.460568 1.476644 2.222299
v 0.501044 1.468488 2.225000
v 0.455468 1.468487 2.220178
v 0.709522 1.468488 2.072533
v 0.698225 1.476644 2.103180
v 0.679322 1.484244 2.139865
v 0.654901 1.490770 2.174235
v 0.624684 1.495778 2.205350
v 0.690882 1.468488 2.114674
v 0.676826 1.476644 2.137968
v 0.651549 1.484244 2.170533
v 0.621270 1.490770 2.199800
v 0.585886 1.495778 2.224796
v 0.663946 1.468488 2.151993
v 0.649441 1.476644 2.168205
v 0.618650 1.484244 2.195541
v 0.583543 1.490770 2.218709
v 0.544200 1.495778 2.236735
v 0.629890 1.468488 2.182859
v 0.617003 1.476644 2.192863
v 0.581746 1.484244 2.214038
v 0.543008 1.490770 2.230318
v 0.590203 1.468488 2.205924
v 0.580616 1.476644 2.211101
v 0.542094 1.484244 2.225394
v 0.546619 1.468488 2.220178
v 0.541519 1.476644 2.222299
v 0.421472 1.476644 2.211101
v 0.411884 1.468487 2.205924
v 0.385084 1.476644 2.192863
v 0.372197 1.468487 2.182859
v 0.352646 1.476644 2.168205
v 0.338141 1.468487 2.151993
v 0.325261 1.476644 2.137968
v 0.311205 1.468487 2.114674
v 0.303863 1.476644 2.103180
v 0.292566 1.468487 2.072533
v 0.289179 1.476644 2.065026
v 0.283038 1.468487 2.027412
v 0.281710 1.476644 2.024806
v 0.283038 1.468487 1.981283
v 0.281710 1.476644 1.983889
v 0.289179 1.476644 1.943670
v 0.286170 1.484244 1.942808
v 0.301062 1.484244 1.904112
v 0.296607 1.490770 1.901879
v 0.318793 1.490770 1.865811
v 0.313618 1.495778 1.861877
v 0.342817 1.495778 1.829636
v 0.337728 1.498926 1.824018
v 0.373428 1.498926 1.796882
v 0.413473 1.498926 1.776810
v 0.292566 1.468487 1.936163
v 0.303863 1.476644 1.905516
v 0.322765 1.484244 1.868830
v 0.347186 1.490770 1.834461
v 0.377403 1.495778 1.803345
v 0.311205 1.468487 1.894022
v 0.325261 1.476644 1.870728
v 0.350539 1.484244 1.838163
v 0.380818 1.490770 1.808896
v 0.416201 1.495778 1.783899
v 0.338141 1.468487 1.856703
v 0.352646 1.476644 1.840490
v 0.383438 1.484244 1.813155
v 0.418544 1.490770 1.789987
v 0.372197 1.468487 1.825836
v 0.385084 1.476644 1.815832
v 0.420341 1.484244 1.794658
v 0.411884 1.468487 1.802772
v 0.421472 1.476644 1.797594
v 0.455468 1.468487 1.788517
v 0.307591 1.498926 1.857296
v 0.290802 1.495778 1.898969
v 0.281383 1.490770 1.941437
v 0.278594 1.484244 1.983599
v 0.284041 1.498926 1.895581
v 0.275145 1.495778 1.939650
v 0.273639 1.490770 1.983137
v 0.278594 1.484244 2.025097
v 0.267881 1.498926 1.937570
v 0.267181 1.495778 1.982534
v 0.273639 1.490770 2.025559
v 0.286170 1.484244 2.065888
v 0.259661 1.498926 1.981833
v 0.267181 1.495778 2.026161
v 0.281383 1.490770 2.067259
v 0.301062 1.484244 2.104583
v 0.259661 1.498926 2.026863
v 0.275145 1.495778 2.069045
v 0.296607 1.490770 2.106816
v 0.322765 1.484244 2.139865
v 0.267881 1.498926 2.071126
v 0.290802 1.495778 2.109726
v 0.318793 1.490770 2.142884
v 0.350539 1.484244 2.170533
v 0.284041 1.498926 2.113115
v 0.313618 1.495778 2.146819
v 0.347186 1.490770 2.174235
v 0.383438 1.484244 2.195541
v 0.307591 1.498926 2.151400
v 0.342817 1.495778 2.179059
v 0.380818 1.490770 2.199800
v 0.420341 1.484244 2.214038
v 0.337728 1.498926 2.184677
v 0.377403 1.495778 2.205350
v 0.418544 1.490770 2.218709
v 0.373428 1.498926 2.211814
v 0.416201 1.495778 2.224796
v 0.413473 1.498926 2.231885
v 0.694496 1.498926 2.151400
v 0.711285 1.495778 2.109726
v 0.720704 1.490770 2.067259
v 0.723493 1.484244 2.025097
v 0.718046 1.498926 2.113115
v 0.726942 1.495778 2.069045
v 0.728448 1.490770 2.025559
v 0.723493 1.484244 1.983599
v 0.734206 1.498926 2.071126
v 0.734906 1.495778 2.026161
v 0.728448 1.490770 1.983137
v 0.715917 1.484244 1.942808
v 0.742426 1.498926 2.026863
v 0.734906 1.495778 1.982534
v 0.720704 1.490770 1.941437
v 0.701025 1.484244 1.904112
v 0.742426 1.498926 1.981833
v 0.726942 1.495778 1.939650
v 0.705480 1.490770 1.901879
v 0.679322 1.484244 1.868830
v 0.734206 1.498926 1.937570
v 0.711285 1.495778 1.898969
v 0.683294 1.490770 1.865811
v 0.651549 1.484244 1.838163
v 0.718046 1.498926 1.895581
v 0.688469 1.495778 1.861877
v 0.654901 1.490770 1.834461
v 0.618650 1.484244 1.813155
v 0.694496 1.498926 1.857296
v 0.659271 1.495778 1.829636
v 0.621270 1.490770 1.808896
v 0.581746 1.484244 1.794658
v 0.664359 1.498926 1.824018
v 0.624684 1.495778 1.803345
v 0.583543 1.490770 1.789987
v 0.542094 1.484244 1.783301
v 0.628660 1.498926 1.796882
v 0.585886 1.495778 1.783899
v 0.543008 1.490770 1.778377
v 0.588615 1.498926 1.776810
v 0.544200 1.495778 1.771960
v 0.545588 1.498926 1.764487
v 0.546619 1.210084 1.788517
v 0.501044 1.210084 1.783696
v 0.455468 1.210084 1.788517
v 0.411884 1.210084 1.802772
v 0.372197 1.210084 1.825836
v 0.338141 1.210084 1.856703
v 0.311205 1.210084 1.894022
v 0.292566 1.210084 1.936163
v 0.283038 1.210084 1.981283
v 0.283038 1.210084 2.027412
v 0.292566 1.210084 2.072533
v 0.311205 1.210084 2.114674
v 0.338141 1.210084 2.151993
v 0.372197 1.210084 2.182859
v 0.411884 1.210084 2.205924
v 0.455468 1.210084 2.220178
v 0.501044 1.210084 2.225000
v 0.546619 1.210084 2.220178
v 0.590203 1.210084 2.205924
v 0.629890 1.210084 2.182859
v 0.663946 1.210084 2.151993
v 0.690882 1.210084 2.114674
v 0.709522 1.210084 2.072533
v 0.719050 1.210084 2.027412
v 0.719050 1.210084 1.981283
v 0.709522 1.210084 1.936163
v 0.690882 1.210084 1.894022
v 0.663946 1.210084 1.856703
v 0.629890 1.210084 1.825836
v 0.590203 1.210084 1.802772
v -0.455468 1.468487 1.788517
v -0.460569 1.476644 1.786397
v -0.501044 1.468487 1.783696
v -0.501044 1.476643 1.782622
v -0.541519 1.476643 1.786397
v -0.501044 1.484244 1.779473
v -0.542094 1.484244 1.783301
v -0.501044 1.490770 1.774463
v -0.543008 1.490770 1.778377
v -0.501044 1.495778 1.767935
v -0.544200 1.495778 1.771960
v -0.501044 1.498926 1.760332
v -0.545588 1.498926 1.764487
v -0.501044 1.500000 1.752174
v -0.549918 1.500000 1.757019
v -0.421472 1.476644 1.797594
v -0.411885 1.468487 1.802772
v -0.385085 1.476644 1.815832
v -0.372198 1.468487 1.825836
v -0.352647 1.476644 1.840490
v -0.338142 1.468487 1.856703
v -0.325262 1.476644 1.870728
v -0.311205 1.468487 1.894022
v -0.303863 1.476644 1.905516
v -0.292566 1.468487 1.936163
v -0.289179 1.476644 1.943670
v -0.283038 1.468487 1.981283
v -0.281710 1.476644 1.983889
v -0.283038 1.468487 2.027412
v -0.281710 1.476644 2.024806
v -0.289179 1.476644 2.065026
v -0.286170 1.484244 2.065888
v -0.301063 1.484244 2.104583
v -0.296608 1.490770 2.106816
v -0.318794 1.490770 2.142884
v -0.313618 1.495778 2.146819
v -0.342817 1.495778 2.179059
v -0.337729 1.498926 2.184677
v -0.373428 1.498926 2.211814
v -0.361861 1.500000 2.214023
v -0.405173 1.500000 2.237326
v -0.413473 1.498926 2.231885
v -0.452170 1.500000 2.251676
v -0.456500 1.498926 2.244208
v -0.501044 1.500000 2.256522
v -0.501044 1.498926 2.248363
v -0.545588 1.498926 2.244208
v -0.501044 1.495778 2.240761
v -0.544200 1.495778 2.236735
v -0.501044 1.490770 2.234232
v -0.543008 1.490770 2.230318
v -0.501044 1.484244 2.229223
v -0.542094 1.484244 2.225394
v -0.501044 1.476643 2.226074
v -0.541519 1.476643 2.222299
v -0.501044 1.468487 2.225000
v -0.546620 1.468487 2.220178
v -0.292566 1.468487 2.072533
v -0.303863 1.476644 2.103180
v -0.322765 1.484244 2.139865
v -0.347186 1.490770 2.174235
v -0.377404 1.495778 2.205350
v -0.311205 1.468487 2.114674
v -0.325262 1.476644 2.137968
v -0.350539 1.484244 2.170533
v -0.380818 1.490770 2.199800
v -0.416201 1.495778 2.224796
v -0.338142 1.468487 2.151993
v -0.352647 1.476644 2.168205
v -0.383438 1.484244 2.195541
v -0.418544 1.490770 2.218709
v -0.457888 1.495778 2.236735
v -0.372198 1.468487 2.182859
v -0.385085 1.476644 2.192863
v -0.420342 1.484244 2.214038
v -0.459080 1.490770 2.230318
v -0.411885 1.468487 2.205924
v -0.421472 1.476644 2.211101
v -0.459994 1.484244 2.225394
v -0.455468 1.468487 2.220178
v -0.460569 1.476644 2.222299
v -0.580616 1.476643 2.211101
v -0.590203 1.468487 2.205924
v -0.617003 1.476643 2.192863
v -0.629890 1.468487 2.182859
v -0.649441 1.476643 2.168205
v -0.663946 1.468487 2.151993
v -0.676826 1.476643 2.137968
v -0.690883 1.468487 2.114674
v -0.698225 1.476643 2.103180
v -0.709522 1.468487 2.072533
v -0.712909 1.476643 2.065026
v -0.719050 1.468487 2.027412
v -0.720378 1.476643 2.024806
v -0.719050 1.468487 1.981283
v -0.720378 1.476643 1.983889
v -0.712909 1.476643 1.943670
v -0.715918 1.484244 1.942808
v -0.701025 1.484244 1.904112
v -0.705480 1.490770 1.901879
v -0.683294 1.490770 1.865811
v -0.688470 1.495778 1.861877
v -0.659271 1.495778 1.829636
v -0.664359 1.498926 1.824018
v -0.628660 1.498926 1.796882
v -0.640226 1.500000 1.794673
v -0.596915 1.500000 1.771370
v -0.588615 1.498926 1.776810
v -0.709522 1.468487 1.936163
v -0.698225 1.476643 1.905516
v -0.679323 1.484244 1.868830
v -0.654902 1.490770 1.834461
v -0.624684 1.495778 1.803345
v -0.690883 1.468487 1.894022
v -0.676826 1.476643 1.870728
v -0.651549 1.484244 1.838163
v -0.621270 1.490770 1.808896
v -0.585887 1.495778 1.783899
v -0.663946 1.468487 1.856703
v -0.649441 1.476643 1.840490
v -0.618650 1.484244 1.813155
v -0.583544 1.490770 1.789987
v -0.629890 1.468487 1.825836
v -0.617003 1.476643 1.815832
v -0.581746 1.484244 1.794658
v -0.590203 1.468487 1.802772
v -0.580616 1.476643 1.797594
v -0.546620 1.468487 1.788517
v -0.678190 1.500000 1.826034
v -0.694497 1.498926 1.857296
v -0.711286 1.495778 1.898969
v -0.720704 1.490770 1.941437
v -0.723493 1.484244 1.983599
v -0.709345 1.500000 1.864247
v -0.718047 1.498926 1.895581
v -0.726942 1.495778 1.939650
v -0.728448 1.490770 1.983137
v -0.723493 1.484244 2.025097
v -0.732496 1.500000 1.907845
v -0.734207 1.498926 1.937570
v -0.734906 1.495778 1.982534
v -0.728448 1.490770 2.025559
v -0.715918 1.484244 2.065888
v -0.746752 1.500000 1.955151
v -0.742427 1.498926 1.981833
v -0.734906 1.495778 2.026161
v -0.720704 1.490770 2.067259
v -0.701025 1.484244 2.104583
v -0.751566 1.500000 2.004348
v -0.742427 1.498926 2.026863
v -0.726942 1.495778 2.069045
v -0.705480 1.490770 2.106816
v -0.679323 1.484244 2.139865
v -0.746752 1.500000 2.053544
v -0.734207 1.498926 2.071126
v -0.711286 1.495778 2.109726
v -0.683294 1.490770 2.142884
v -0.651549 1.484244 2.170533
v -0.732496 1.500000 2.100851
v -0.718047 1.498926 2.113115
v -0.688470 1.495778 2.146819
v -0.654902 1.490770 2.174235
v -0.618650 1.484244 2.195541
v -0.709345 1.500000 2.144448
v -0.694497 1.498926 2.151400
v -0.659271 1.495778 2.179059
v -0.621270 1.490770 2.199800
v -0.581746 1.484244 2.214038
v -0.678190 1.500000 2.182662
v -0.664359 1.498926 2.184677
v -0.624684 1.495778 2.205350
v -0.583544 1.490770 2.218709
v -0.640226 1.500000 2.214023
v -0.628660 1.498926 2.211814
v -0.585887 1.495778 2.224796
v -0.596915 1.500000 2.237326
v -0.588615 1.498926 2.231885
v -0.549918 1.500000 2.251676
v -0.323898 1.500000 2.182662
v -0.307591 1.498926 2.151400
v -0.290802 1.495778 2.109726
v -0.281383 1.490770 2.067259
v -0.278595 1.484244 2.025097
v -0.292743 1.500000 2.144448
v -0.284041 1.498926 2.113115
v -0.275145 1.495778 2.069045
v -0.273640 1.490770 2.025559
v -0.278595 1.484244 1.983599
v -0.269592 1.500000 2.100851
v -0.267881 1.498926 2.071126
v -0.267182 1.495778 2.026161
v -0.273640 1.490770 1.983137
v -0.286170 1.484244 1.942808
v -0.255336 1.500000 2.053544
v -0.259661 1.498926 2.026863
v -0.267182 1.495778 1.982534
v -0.281383 1.490770 1.941437
v -0.301063 1.484244 1.904112
v -0.250522 1.500000 2.004348
v -0.259661 1.498926 1.981833
v -0.275145 1.495778 1.939650
v -0.296608 1.490770 1.901879
v -0.322765 1.484244 1.868830
v -0.255336 1.500000 1.955151
v -0.267881 1.498926 1.937570
v -0.290802 1.495778 1.898969
v -0.318794 1.490770 1.865811
v -0.350539 1.484244 1.838163
v -0.269592 1.500000 1.907845
v -0.284041 1.498926 1.895581
v -0.313618 1.495778 1.861877
v -0.347186 1.490770 1.834461
v -0.383438 1.484244 1.813155
v -0.292743 1.500000 1.864247
v -0.307591 1.498926 1.857296
v -0.342817 1.495778 1.829636
v -0.380818 1.490770 1.808896
v -0.420342 1.484244 1.794658
v -0.323898 1.500000 1.826034
v -0.337729 1.498926 1.824018
v -0.377404 1.495778 1.803345
v -0.418544 1.490770 1.789987
v -0.459994 1.484244 1.783301
v -0.361861 1.500000 1.794673
v -0.373428 1.498926 1.796882
v -0.416201 1.495778 1.783899
v -0.459080 1.490770 1.778377
v -0.405173 1.500000 1.771370
v -0.413473 1.498926 1.776810
v -0.457888 1.495778 1.771960
v -0.452170 1.500000 1.757019
v -0.456500 1.498926 1.764487
v -0.450669 1.500000 1.741255
v -0.501044 1.500000 1.736413
v -0.551419 1.500000 1.741255
v -0.599973 1.500000 1.755606
v -0.644952 1.500000 1.778947
v -0.684729 1.500000 1.810434
v -0.717867 1.500000 1.848930
v -0.743169 1.500000 1.893044
v -0.759720 1.500000 1.941180
v -0.766922 1.500000 1.991599
v -0.764514 1.500000 2.042479
v -0.752584 1.500000 2.091981
v -0.731562 1.500000 2.138315
v -0.702209 1.500000 2.179808
v -0.665585 1.500000 2.214959
v -0.623015 1.500000 2.242498
v -0.576035 1.500000 2.261429
v -0.526346 1.500000 2.271069
v -0.475742 1.500000 2.271069
v -0.426053 1.500000 2.261429
v -0.379073 1.500000 2.242498
v -0.336503 1.500000 2.214959
v -0.299879 1.500000 2.179808
v -0.270526 1.500000 2.138315
v -0.249504 1.500000 2.091981
v -0.237574 1.500000 2.042479
v -0.235166 1.500000 1.991599
v -0.242368 1.500000 1.941180
v -0.258919 1.500000 1.893044
v -0.284221 1.500000 1.848930
v -0.317359 1.500000 1.810434
v -0.357136 1.500000 1.778947
v -0.402115 1.500000 1.755606
v -0.455468 1.210084 1.788517
v -0.501044 1.210084 1.783696
v -0.546620 1.210084 1.788517
v -0.590203 1.210084 1.802772
v -0.629890 1.210084 1.825836
v -0.663946 1.210084 1.856703
v -0.690882 1.210084 1.894022
v -0.709522 1.210084 1.936163
v -0.719050 1.210084 1.981283
v -0.719050 1.210084 2.027412
v -0.709522 1.210084 2.072533
v -0.690882 1.210084 2.114674
v -0.663946 1.210084 2.151993
v -0.629890 1.210084 2.182859
v -0.590203 1.210084 2.205924
v -0.546620 1.210084 2.220178
v -0.501044 1.210084 2.225000
v -0.455468 1.210084 2.220178
v -0.411885 1.210084 2.205924
v -0.372197 1.210084 2.182859
v -0.338142 1.210084 2.151993
v -0.311205 1.210084 2.114674
v -0.292566 1.210084 2.072533
v -0.283038 1.210084 2.027412
v -0.283038 1.210084 1.981283
v -0.292566 1.210084 1.936163
v -0.311205 1.210084 1.894022
v -0.338142 1.210084 1.856703
v -0.372197 1.210084 1.825836
v -0.411885 1.210084 1.802772
v -0.554164 1.468487 1.709704
v -0.527616 1.476643 1.707167
v -0.501044 1.468487 1.704891
v -0.474472 1.476644 1.707167
v -0.447924 1.468487 1.709704
v -0.422183 1.476644 1.716718
v -0.396512 1.468487 1.723986
v -0.372429 1.476644 1.735515
v -0.348459 1.468487 1.747280
v -0.326808 1.476644 1.762951
v -0.305311 1.468487 1.778836
v -0.286788 1.476644 1.798147
v -0.268453 1.468487 1.817640
v -0.253653 1.476644 1.839970
v -0.239071 1.468487 1.862445
v -0.228470 1.476644 1.887076
v -0.218110 1.468487 1.911811
v -0.212048 1.476644 1.937951
v -0.206242 1.468487 1.964151
v -0.204915 1.476644 1.990961
v -0.203849 1.468487 2.017783
v -0.207299 1.476644 2.044401
v -0.211008 1.468487 2.070983
v -0.219124 1.476644 2.096553
v -0.227489 1.468487 2.122042
v -0.240011 1.476644 2.145742
v -0.252763 1.468487 2.169317
v -0.269287 1.476644 2.190386
v -0.286016 1.468487 2.211291
v -0.306013 1.476644 2.229051
v -0.326181 1.468487 2.246613
v -0.349006 1.476644 2.260494
v -0.371966 1.468487 2.274149
v -0.396887 1.476644 2.283704
v -0.421899 1.468487 2.293013
v -0.448115 1.476644 2.297935
v -0.474377 1.468487 2.302599
v -0.501044 1.476643 2.302730
v -0.527711 1.468487 2.302599
v -0.553973 1.476643 2.297935
v -0.580189 1.468487 2.293013
v -0.605201 1.476643 2.283704
v -0.630122 1.468487 2.274149
v -0.653082 1.476643 2.260494
v -0.675907 1.468487 2.246613
v -0.696075 1.476643 2.229051
v -0.716072 1.468487 2.211291
v -0.732800 1.476643 2.190386
v -0.749325 1.468487 2.169317
v -0.762077 1.476643 2.145742
v -0.774599 1.468487 2.122042
v -0.782963 1.476643 2.096553
v -0.791080 1.468487 2.070983
v -0.794789 1.476643 2.044401
v -0.798239 1.468487 2.017783
v -0.797173 1.476643 1.990961
v -0.795846 1.468487 1.964151
v -0.790040 1.476643 1.937951
v -0.783978 1.468487 1.911811
v -0.773618 1.476643 1.887076
v -0.763017 1.468487 1.862445
v -0.748435 1.476643 1.839970
v -0.733635 1.468487 1.817640
v -0.715300 1.476643 1.798147
v -0.696777 1.468487 1.778836
v -0.675280 1.476643 1.762951
v -0.653629 1.468487 1.747280
v -0.629659 1.476643 1.735515
v -0.605576 1.468487 1.723986
v -0.579905 1.476643 1.716718
v -0.476457 1.498926 1.729366
v -0.525631 1.498926 1.729366
v -0.574014 1.498926 1.738204
v -0.620052 1.498926 1.755596
v -0.662264 1.498926 1.780984
v -0.699295 1.498926 1.813550
v -0.729954 1.498926 1.852249
v -0.753256 1.498926 1.895836
v -0.768452 1.498926 1.942911
v -0.775052 1.498926 1.991961
v -0.772846 1.498926 2.041409
v -0.782597 1.495778 1.991620
v -0.780330 1.495778 2.042429
v -0.789076 1.490770 1.991327
v -0.786757 1.490770 2.043306
v -0.794048 1.484244 1.991102
v -0.791689 1.484244 2.043978
v -0.428074 1.498926 1.738204
v -0.382036 1.498926 1.755596
v -0.339824 1.498926 1.780984
v -0.302793 1.498926 1.813550
v -0.272133 1.498926 1.852249
v -0.248832 1.498926 1.895836
v -0.233636 1.498926 1.942911
v -0.227036 1.498926 1.991961
v -0.229242 1.498926 2.041409
v -0.221758 1.495778 2.042429
v -0.233001 1.495778 2.092015
v -0.226833 1.490770 2.094032
v -0.247148 1.490770 2.141876
v -0.242766 1.484244 2.144250
v -0.271733 1.484244 2.188423
v -0.240184 1.498926 2.089665
v -0.252859 1.495778 2.138782
v -0.275624 1.490770 2.185300
v -0.308071 1.484244 2.226680
v -0.259510 1.498926 2.135180
v -0.280695 1.495778 2.181229
v -0.311345 1.490770 2.222907
v -0.350611 1.484244 2.257791
v -0.286600 1.498926 2.176489
v -0.315612 1.495778 2.217991
v -0.353163 1.490770 2.253490
v -0.397986 1.484244 2.280756
v -0.320582 1.498926 2.212266
v -0.356490 1.495778 2.247886
v -0.399735 1.490770 2.276066
v -0.448673 1.484244 2.294837
v -0.360364 1.498926 2.241360
v -0.402014 1.495778 2.269954
v -0.449562 1.490770 2.289908
v -0.501044 1.484244 2.299581
v -0.404667 1.498926 2.262836
v -0.450720 1.495778 2.283484
v -0.501044 1.490770 2.294572
v -0.553415 1.484244 2.294837
v -0.452069 1.498926 2.276004
v -0.501044 1.495778 2.288043
v -0.552526 1.490770 2.289908
v -0.604102 1.484244 2.280756
v -0.501044 1.498926 2.280441
v -0.551368 1.495778 2.283484
v -0.602353 1.490770 2.276066
v -0.651477 1.484244 2.257791
v -0.550019 1.498926 2.276004
v -0.600074 1.495778 2.269954
v -0.648925 1.490770 2.253490
v -0.694017 1.484244 2.226680
v -0.597421 1.498926 2.262836
v -0.645598 1.495778 2.247886
v -0.690743 1.490770 2.222907
v -0.730355 1.484244 2.188423
v -0.641724 1.498926 2.241360
v -0.686476 1.495778 2.217991
v -0.726464 1.490770 2.185300
v -0.759322 1.484244 2.144250
v -0.681506 1.498926 2.212266
v -0.721393 1.495778 2.181229
v -0.754940 1.490770 2.141876
v -0.779988 1.484244 2.095580
v -0.715488 1.498926 2.176489
v -0.749228 1.495778 2.138782
v -0.775255 1.490770 2.094032
v -0.742578 1.498926 2.135180
v -0.769087 1.495778 2.092015
v -0.761904 1.498926 2.089665
v -0.527335 1.484244 1.710303
v -0.474753 1.484244 1.710303
v -0.423016 1.484244 1.719754
v -0.373786 1.484244 1.738352
v -0.328647 1.484244 1.765499
v -0.289049 1.484244 1.800323
v -0.256264 1.484244 1.841705
v -0.231347 1.484244 1.888314
v -0.215098 1.484244 1.938652
v -0.208040 1.484244 1.991102
v -0.210399 1.484244 2.043978
v -0.222100 1.484244 2.095580
v -0.526889 1.490770 1.715292
v -0.475199 1.490770 1.715292
v -0.424340 1.490770 1.724583
v -0.375945 1.490770 1.742865
v -0.331572 1.490770 1.769552
v -0.292646 1.490770 1.803785
v -0.260418 1.490770 1.844464
v -0.235923 1.490770 1.890282
v -0.219950 1.490770 1.939767
v -0.213012 1.490770 1.991327
v -0.215331 1.490770 2.043306
v -0.579072 1.484244 1.719754
v -0.628302 1.484244 1.738352
v -0.673441 1.484244 1.765499
v -0.713039 1.484244 1.800323
v -0.745824 1.484244 1.841705
v -0.770741 1.484244 1.888314
v -0.786990 1.484244 1.938652
v -0.526308 1.495778 1.721794
v -0.475780 1.495778 1.721794
v -0.426065 1.495778 1.730876
v -0.378759 1.495778 1.748747
v -0.335384 1.495778 1.774833
v -0.297334 1.495778 1.808296
v -0.265830 1.495778 1.848061
v -0.241887 1.495778 1.892848
v -0.226273 1.495778 1.941220
v -0.219491 1.495778 1.991620
v -0.577748 1.490770 1.724583
v -0.626143 1.490770 1.742865
v -0.670516 1.490770 1.769552
v -0.709442 1.490770 1.803785
v -0.741670 1.490770 1.844464
v -0.766165 1.490770 1.890282
v -0.782138 1.490770 1.939767
v -0.576023 1.495778 1.730876
v -0.623329 1.495778 1.748747
v -0.666704 1.495778 1.774833
v -0.704754 1.495778 1.808296
v -0.736258 1.495778 1.848061
v -0.760201 1.495778 1.892848
v -0.775815 1.495778 1.941220
v -0.554164 1.210084 1.709704
v -0.501044 1.210084 1.704891
v -0.447924 1.210084 1.709704
v -0.396512 1.210084 1.723986
v -0.348459 1.210084 1.747280
v -0.305311 1.210084 1.778836
v -0.268453 1.210084 1.817640
v -0.239071 1.210084 1.862445
v -0.218110 1.210084 1.911811
v -0.206242 1.210084 1.964151
v -0.203849 1.210084 2.017783
v -0.211008 1.210084 2.070983
v -0.227489 1.210084 2.122042
v -0.252763 1.210084 2.169317
v -0.286016 1.210084 2.211291
v -0.326181 1.210084 2.246613
v -0.371966 1.210084 2.274149
v -0.421899 1.210084 2.293013
v -0.474377 1.210084 2.302599
v -0.527711 1.210084 2.302599
v -0.580188 1.210084 2.293013
v -0.630122 1.210084 2.274149
v -0.675907 1.210084 2.246613
v -0.716072 1.210084 2.211291
v -0.749325 1.210084 2.169317
v -0.774599 1.210084 2.122042
v -0.791080 1.210084 2.070983
v -0.798239 1.210084 2.017783
v -0.795846 1.210084 1.964151
v -0.783978 1.210084 1.911811
v -0.763016 1.210084 1.862445
v -0.733635 1.210084 1.817640
v -0.696777 1.210084 1.778836
v -0.653629 1.210084 1.747280
v -0.605576 1.210084 1.723986
v -0.455468 1.468487 0.779822
v -0.460569 1.476644 0.777701
v -0.501044 1.468487 0.775000
v -0.501044 1.476643 0.773926
v -0.541519 1.476643 0.777701
v -0.501044 1.484244 0.770777
v -0.542094 1.484244 0.774606
v -0.501044 1.490770 0.765768
v -0.543008 1.490770 0.769682
v -0.501044 1.495778 0.759239
v -0.544200 1.495778 0.763265
v -0.501044 1.498926 0.751637
v -0.545588 1.498926 0.755792
v -0.501044 1.500000 0.743478
v -0.549918 1.500000 0.748324
v -0.421472 1.476644 0.788899
v -0.411885 1.468487 0.794076
v -0.385085 1.476644 0.807137
v -0.372198 1.468487 0.817141
v -0.352647 1.476644 0.831795
v -0.338142 1.468487 0.848007
v -0.325262 1.476644 0.862032
v -0.311205 1.468487 0.885326
v -0.303863 1.476644 0.896820
v -0.292566 1.468487 0.927467
v -0.289179 1.476644 0.934974
v -0.283038 1.468487 0.972588
v -0.281710 1.476644 0.975194
v -0.283038 1.468487 1.018717
v -0.281710 1.476644 1.016111
v -0.289179 1.476644 1.056330
v -0.286170 1.484244 1.057192
v -0.301063 1.484244 1.095888
v -0.296608 1.490770 1.098121
v -0.318794 1.490770 1.134189
v -0.313618 1.495778 1.138123
v -0.342817 1.495778 1.170364
v -0.337729 1.498926 1.175982
v -0.373428 1.498926 1.203118
v -0.361861 1.500000 1.205327
v -0.405173 1.500000 1.228630
v -0.413473 1.498926 1.223190
v -0.452170 1.500000 1.242981
v -0.456500 1.498926 1.235513
v -0.501044 1.500000 1.247826
v -0.501044 1.498926 1.239668
v -0.545588 1.498926 1.235513
v -0.501044 1.495778 1.232065
v -0.544200 1.495778 1.228040
v -0.501044 1.490770 1.225537
v -0.543008 1.490770 1.221623
v -0.501044 1.484244 1.220527
v -0.542094 1.484244 1.216699
v -0.501044 1.476643 1.217378
v -0.541519 1.476643 1.213603
v -0.501044 1.468487 1.216304
v -0.546620 1.468487 1.211483
v -0.292566 1.468487 1.063837
v -0.303863 1.476644 1.094484
v -0.322765 1.484244 1.131170
v -0.347186 1.490770 1.165539
v -0.377404 1.495778 1.196655
v -0.311205 1.468487 1.105978
v -0.325262 1.476644 1.129272
v -0.350539 1.484244 1.161837
v -0.380818 1.490770 1.191104
v -0.416201 1.495778 1.216101
v -0.338142 1.468487 1.143297
v -0.352647 1.476644 1.159510
v -0.383438 1.484244 1.186845
v -0.418544 1.490770 1.210013
v -0.457888 1.495778 1.228040
v -0.372198 1.468487 1.174164
v -0.385085 1.476644 1.184168
v -0.420342 1.484244 1.205342
v -0.459080 1.490770 1.221623
v -0.411885 1.468487 1.197228
v -0.421472 1.476644 1.202406
v -0.459994 1.484244 1.216699
v -0.455468 1.468487 1.211483
v -0.460569 1.476644 1.213603
v -0.580616 1.476643 1.202406
v -0.590203 1.468487 1.197228
v -0.617003 1.476643 1.184168
v -0.629890 1.468487 1.174164
v -0.649441 1.476643 1.159510
v -0.663946 1.468487 1.143297
v -0.676826 1.476643 1.129272
v -0.690883 1.468487 1.105978
v -0.698225 1.476643 1.094484
v -0.709522 1.468487 1.063837
v -0.712909 1.476643 1.056330
v -0.719050 1.468487 1.018717
v -0.720378 1.476643 1.016111
v -0.719050 1.468487 0.972588
v -0.720378 1.476643 0.975194
v -0.712909 1.476643 0.934974
v -0.715918 1.484244 0.934112
v -0.701025 1.484244 0.895417
v -0.705480 1.490770 0.893184
v -0.683294 1.490770 0.857116
v -0.688470 1.495778 0.853181
v -0.659271 1.495778 0.820941
v -0.664359 1.498926 0.815323
v -0.628660 1.498926 0.788186
v -0.640226 1.500000 0.785977
v -0.596915 1.500000 0.762674
v -0.588615 1.498926 0.768115
v -0.709522 1.468487 0.927467
v -0.698225 1.476643 0.896820
v -0.679323 1.484244 0.860135
v -0.654902 1.490770 0.825765
v -0.624684 1.495778 0.794650
v -0.690883 1.468487 0.885326
v -0.676826 1.476643 0.862032
v -0.651549 1.484244 0.829467
v -0.621270 1.490770 0.800200
v -0.585887 1.495778 0.775204
v -0.663946 1.468487 0.848007
v -0.649441 1.476643 0.831795
v -0.618650 1.484244 0.804459
v -0.583544 1.490770 0.781291
v -0.629890 1.468487 0.817141
v -0.617003 1.476643 0.807137
v -0.581746 1.484244 0.785962
v -0.590203 1.468487 0.794076
v -0.580616 1.476643 0.788899
v -0.546620 1.468487 0.779822
v -0.678190 1.500000 0.817338
v -0.694497 1.498926 0.848600
v -0.711286 1.495778 0.890274
v -0.720704 1.490770 0.932741
v -0.723493 1.484244 0.974903
v -0.709345 1.500000 0.855552
v -0.718047 1.498926 0.886885
v -0.726942 1.495778 0.930955
v -0.728448 1.490770 0.974441
v -0.723493 1.484244 1.016401
v -0.732496 1.500000 0.899149
v -0.734207 1.498926 0.928874
v -0.734906 1.495778 0.973839
v -0.728448 1.490770 1.016863
v -0.715918 1.484244 1.057192
v -0.746752 1.500000 0.946456
v -0.742427 1.498926 0.973137
v -0.734906 1.495778 1.017466
v -0.720704 1.490770 1.058563
v -0.701025 1.484244 1.095888
v -0.751566 1.500000 0.995652
v -0.742427 1.498926 1.018167
v -0.726942 1.495778 1.060350
v -0.705480 1.490770 1.098121
v -0.679323 1.484244 1.131170
v -0.746752 1.500000 1.044849
v -0.734207 1.498926 1.062430
v -0.711286 1.495778 1.101031
v -0.683294 1.490770 1.134189
v -0.651549 1.484244 1.161837
v -0.732496 1.500000 1.092155
v -0.718047 1.498926 1.104419
v -0.688470 1.495778 1.138123
v -0.654902 1.490770 1.165539
v -0.618650 1.484244 1.186845
v -0.709345 1.500000 1.135753
v -0.694497 1.498926 1.142704
v -0.659271 1.495778 1.170364
v -0.621270 1.490770 1.191104
v -0.581746 1.484244 1.205342
v -0.678190 1.500000 1.173966
v -0.664359 1.498926 1.175982
v -0.624684 1.495778 1.196655
v -0.583544 1.490770 1.210013
v -0.640226 1.500000 1.205327
v -0.628660 1.498926 1.203118
v -0.585887 1.495778 1.216101
v -0.596915 1.500000 1.228630
v -0.588615 1.498926 1.223190
v -0.549918 1.500000 1.242981
v -0.323898 1.500000 1.173966
v -0.307591 1.498926 1.142704
v -0.290802 1.495778 1.101031
v -0.281383 1.490770 1.058563
v -0.278595 1.484244 1.016401
v -0.292743 1.500000 1.135753
v -0.284041 1.498926 1.104419
v -0.275145 1.495778 1.060350
v -0.273640 1.490770 1.016863
v -0.278595 1.484244 0.974903
v -0.269592 1.500000 1.092155
v -0.267881 1.498926 1.062430
v -0.267182 1.495778 1.017466
v -0.273640 1.490770 0.974441
v -0.286170 1.484244 0.934112
v -0.255336 1.500000 1.044849
v -0.259661 1.498926 1.018167
v -0.267182 1.495778 0.973839
v -0.281383 1.490770 0.932741
v -0.301063 1.484244 0.895417
v -0.250522 1.500000 0.995652
v -0.259661 1.498926 0.973137
v -0.275145 1.495778 0.930955
v -0.296608 1.490770 0.893184
v -0.322765 1.484244 0.860135
v -0.255336 1.500000 0.946456
v -0.267881 1.498926 0.928874
v -0.290802 1.495778 0.890274
v -0.318794 1.490770 0.857116
v -0.350539 1.484244 0.829467
v -0.269592 1.500000 0.899149
v -0.284041 1.498926 0.886885
v -0.313618 1.495778 0.853181
v -0.347186 1.490770 0.825765
v -0.383438 1.484244 0.804459
v -0.292743 1.500000 0.855552
v -0.307591 1.498926 0.848600
v -0.342817 1.495778 0.820941
v -0.380818 1.490770 0.800200
v -0.420342 1.484244 0.785962
v -0.323898 1.500000 0.817338
v -0.337729 1.498926 0.815323
v -0.377404 1.495778 0.794650
v -0.418544 1.490770 0.781291
v -0.459994 1.484244 0.774606
v -0.361861 1.500000 0.785977
v -0.373428 1.498926 0.788186
v -0.416201 1.495778 0.775204
v -0.459080 1.490770 0.769682
v -0.405173 1.500000 0.762674
v -0.413473 1.498926 0.768115
v -0.457888 1.495778 0.763265
v -0.452170 1.500000 0.748324
v -0.456500 1.498926 0.755792
v -0.450669 1.500000 0.732559
v -0.501044 1.500000 0.727717
v -0.551419 1.500000 0.732559
v -0.599973 1.500000 0.746910
v -0.644952 1.500000 0.770251
v -0.684729 1.500000 0.801739
v -0.717867 1.500000 0.840235
v -0.743169 1.500000 0.884348
v -0.759720 1.500000 0.932484
v -0.766922 1.500000 0.982903
v -0.764514 1.500000 1.033783
v -0.752584 1.500000 1.083285
v -0.731562 1.500000 1.129620
v -0.702209 1.500000 1.171112
v -0.665585 1.500000 1.206263
v -0.623015 1.500000 1.233802
v -0.576035 1.500000 1.252734
v -0.526346 1.500000 1.262374
v -0.475742 1.500000 1.262374
v -0.426053 1.500000 1.252734
v -0.379073 1.500000 1.233802
v -0.336503 1.500000 1.206263
v -0.299879 1.500000 1.171112
v -0.270526 1.500000 1.129620
v -0.249504 1.500000 1.083285
v -0.237574 1.500000 1.033783
v -0.235166 1.500000 0.982903
v -0.242368 1.500000 0.932484
v -0.258919 1.500000 0.884348
v -0.284221 1.500000 0.840235
v -0.317359 1.500000 0.801739
v -0.357136 1.500000 0.770251
v -0.402115 1.500000 0.746910
v -0.455468 1.210084 0.779822
v -0.501044 1.210084 0.775000
v -0.546620 1.210084 0.779822
v -0.590203 1.210084 0.794076
v -0.629890 1.210084 0.817141
v -0.663946 1.210084 0.848007
v -0.690882 1.210084 0.885326
v -0.709522 1.210084 0.927467
v -0.719050 1.210084 0.972588
v -0.719050 1.210084 1.018717
v -0.709522 1.210084 1.063837
v -0.690882 1.210084 1.105978
v -0.663946 1.210084 1.143297
v -0.629890 1.210084 1.174164
v -0.590203 1.210084 1.197228
v -0.546620 1.210084 1.211483
v -0.501044 1.210084 1.216304
v -0.455468 1.210084 1.211483
v -0.411885 1.210084 1.197228
v -0.372197 1.210084 1.174164
v -0.338142 1.210084 1.143297
v -0.311205 1.210084 1.105978
v -0.292566 1.210084 1.063837
v -0.283038 1.210084 1.018717
v -0.283038 1.210084 0.972588
v -0.292566 1.210084 0.927467
v -0.311205 1.210084 0.885326
v -0.338142 1.210084 0.848007
v -0.372197 1.210084 0.817141
v -0.411885 1.210084 0.794076
v -0.554164 1.468487 0.701008
v -0.527616 1.476643 0.698471
v -0.501044 1.468487 0.696196
v -0.474472 1.476644 0.698471
v -0.447924 1.468487 0.701008
v -0.422183 1.476644 0.708023
v -0.396512 1.468487 0.715291
v -0.372429 1.476644 0.726819
v -0.348459 1.468487 0.738584
v -0.326808 1.476644 0.754256
v -0.305311 1.468487 0.770140
v -0.286788 1.476644 0.789451
v -0.268453 1.468487 0.808944
v -0.253653 1.476644 0.831274
v -0.239071 1.468487 0.853749
v -0.228470 1.476644 0.878380
v -0.218110 1.468487 0.903115
v -0.212048 1.476644 0.929256
v -0.206242 1.468487 0.955455
v -0.204915 1.476644 0.982265
v -0.203849 1.468487 1.009087
v -0.207299 1.476644 1.035705
v -0.211008 1.468487 1.062288
v -0.219124 1.476644 1.087857
v -0.227489 1.468487 1.113346
v -0.240011 1.476644 1.137046
v -0.252763 1.468487 1.160622
v -0.269287 1.476644 1.181691
v -0.286016 1.468487 1.202595
v -0.306013 1.476644 1.220356
v -0.326181 1.468487 1.237918
v -0.349006 1.476644 1.251798
v -0.371966 1.468487 1.265453
v -0.396887 1.476644 1.275008
v -0.421899 1.468487 1.284317
v -0.448115 1.476644 1.289240
v -0.474377 1.468487 1.293903
v -0.501044 1.476643 1.294035
v -0.527711 1.468487 1.293903
v -0.553973 1.476643 1.289240
v -0.580189 1.468487 1.284317
v -0.605201 1.476643 1.275008
v -0.630122 1.468487 1.265453
v -0.653082 1.476643 1.251798
v -0.675907 1.468487 1.237918
v -0.696075 1.476643 1.220356
v -0.716072 1.468487 1.202595
v -0.732800 1.476643 1.181691
v -0.749325 1.468487 1.160622
v -0.762077 1.476643 1.137046
v -0.774599 1.468487 1.113346
v -0.782963 1.476643 1.087857
v -0.791080 1.468487 1.062288
v -0.794789 1.476643 1.035705
v -0.798239 1.468487 1.009087
v -0.797173 1.476643 0.982265
v -0.795846 1.468487 0.955455
v -0.790040 1.476643 0.929256
v -0.783978 1.468487 0.903115
v -0.773618 1.476643 0.878380
v -0.763017 1.468487 0.853749
v -0.748435 1.476643 0.831274
v -0.733635 1.468487 0.808944
v -0.715300 1.476643 0.789451
v -0.696777 1.468487 0.770140
v -0.675280 1.476643 0.754256
v -0.653629 1.468487 0.738584
v -0.629659 1.476643 0.726819
v -0.605576 1.468487 0.715291
v -0.579905 1.476643 0.708023
v -0.476457 1.498926 0.720670
v -0.525631 1.498926 0.720670
v -0.574014 1.498926 0.729509
v -0.620052 1.498926 0.746901
v -0.662264 1.498926 0.772288
v -0.699295 1.498926 0.804855
v -0.729954 1.498926 0.843553
v -0.753256 1.498926 0.887141
v -0.768452 1.498926 0.934216
v -0.775052 1.498926 0.983265
v -0.772846 1.498926 1.032713
v -0.782597 1.495778 0.982924
v -0.780330 1.495778 1.033734
v -0.789076 1.490770 0.982631
v -0.786757 1.490770 1.034610
v -0.794048 1.484244 0.982407
v -0.791689 1.484244 1.035282
v -0.428074 1.498926 0.729509
v -0.382036 1.498926 0.746901
v -0.339824 1.498926 0.772288
v -0.302793 1.498926 0.804855
v -0.272133 1.498926 0.843553
v -0.248832 1.498926 0.887141
v -0.233636 1.498926 0.934216
v -0.227036 1.498926 0.983265
v -0.229242 1.498926 1.032713
v -0.221758 1.495778 1.033734
v -0.233001 1.495778 1.083319
v -0.226833 1.490770 1.085336
v -0.247148 1.490770 1.133180
v -0.242766 1.484244 1.135554
v -0.271733 1.484244 1.179727
v -0.240184 1.498926 1.080970
v -0.252859 1.495778 1.130087
v -0.275624 1.490770 1.176604
v -0.308071 1.484244 1.217984
v -0.259510 1.498926 1.126484
v -0.280695 1.495778 1.172534
v -0.311345 1.490770 1.214212
v -0.350611 1.484244 1.249095
v -0.286600 1.498926 1.167794
v -0.315612 1.495778 1.209295
v -0.353163 1.490770 1.244795
v -0.397986 1.484244 1.272060
v -0.320582 1.498926 1.203570
v -0.356490 1.495778 1.239190
v -0.399735 1.490770 1.267370
v -0.448673 1.484244 1.286141
v -0.360364 1.498926 1.232664
v -0.402014 1.495778 1.261258
v -0.449562 1.490770 1.281212
v -0.501044 1.484244 1.290886
v -0.404667 1.498926 1.254140
v -0.450720 1.495778 1.274789
v -0.501044 1.490770 1.285876
v -0.553415 1.484244 1.286141
v -0.452069 1.498926 1.267308
v -0.501044 1.495778 1.279348
v -0.552526 1.490770 1.281212
v -0.604102 1.484244 1.272060
v -0.501044 1.498926 1.271745
v -0.551368 1.495778 1.274789
v -0.602353 1.490770 1.267370
v -0.651477 1.484244 1.249095
v -0.550019 1.498926 1.267308
v -0.600074 1.495778 1.261258
v -0.648925 1.490770 1.244795
v -0.694017 1.484244 1.217984
v -0.597421 1.498926 1.254140
v -0.645598 1.495778 1.239190
v -0.690743 1.490770 1.214212
v -0.730355 1.484244 1.179727
v -0.641724 1.498926 1.232664
v -0.686476 1.495778 1.209295
v -0.726464 1.490770 1.176604
v -0.759322 1.484244 1.135554
v -0.681506 1.498926 1.203570
v -0.721393 1.495778 1.172534
v -0.754940 1.490770 1.133180
v -0.779988 1.484244 1.086884
v -0.715488 1.498926 1.167794
v -0.749228 1.495778 1.130087
v -0.775255 1.490770 1.085336
v -0.742578 1.498926 1.126484
v -0.769087 1.495778 1.083319
v -0.761904 1.498926 1.080970
v -0.527335 1.484244 0.701607
v -0.474753 1.484244 0.701607
v -0.423016 1.484244 0.711058
v -0.373786 1.484244 0.729656
v -0.328647 1.484244 0.756803
v -0.289049 1.484244 0.791627
v -0.256264 1.484244 0.833009
v -0.231347 1.484244 0.879618
v -0.215098 1.484244 0.929957
v -0.208040 1.484244 0.982407
v -0.210399 1.484244 1.035282
v -0.222100 1.484244 1.086884
v -0.526889 1.490770 0.706597
v -0.475199 1.490770 0.706597
v -0.424340 1.490770 0.715887
v -0.375945 1.490770 0.734169
v -0.331572 1.490770 0.760856
v -0.292646 1.490770 0.795089
v -0.260418 1.490770 0.835769
v -0.235923 1.490770 0.881587
v -0.219950 1.490770 0.931071
v -0.213012 1.490770 0.982631
v -0.215331 1.490770 1.034610
v -0.579072 1.484244 0.711058
v -0.628302 1.484244 0.729656
v -0.673441 1.484244 0.756803
v -0.713039 1.484244 0.791627
v -0.745824 1.484244 0.833009
v -0.770741 1.484244 0.879618
v -0.786990 1.484244 0.929957
v -0.526308 1.495778 0.713099
v -0.475780 1.495778 0.713099
v -0.426065 1.495778 0.722180
v -0.378759 1.495778 0.740051
v -0.335384 1.495778 0.766138
v -0.297334 1.495778 0.799601
v -0.265830 1.495778 0.839365
v -0.241887 1.495778 0.884153
v -0.226273 1.495778 0.932524
v -0.219491 1.495778 0.982924
v -0.577748 1.490770 0.715887
v -0.626143 1.490770 0.734169
v -0.670516 1.490770 0.760856
v -0.709442 1.490770 0.795089
v -0.741670 1.490770 0.835769
v -0.766165 1.490770 0.881587
v -0.782138 1.490770 0.931071
v -0.576023 1.495778 0.722180
v -0.623329 1.495778 0.740051
v -0.666704 1.495778 0.766138
v -0.704754 1.495778 0.799601
v -0.736258 1.495778 0.839365
v -0.760201 1.495778 0.884153
v -0.775815 1.495778 0.932524
v -0.554164 1.210084 0.701008
v -0.501044 1.210084 0.696196
v -0.447924 1.210084 0.701008
v -0.396512 1.210084 0.715291
v -0.348459 1.210084 0.738584
v -0.305311 1.210084 0.770140
v -0.268453 1.210084 0.808944
v -0.239071 1.210084 0.853749
v -0.218110 1.210084 0.903115
v -0.206242 1.210084 0.955455
v -0.203849 1.210084 1.009087
v -0.211008 1.210084 1.062288
v -0.227489 1.210084 1.113346
v -0.252763 1.210084 1.160622
v -0.286016 1.210084 1.202595
v -0.326181 1.210084 1.237918
v -0.371966 1.210084 1.265453
v -0.421899 1.210084 1.284317
v -0.474377 1.210084 1.293903
v -0.527711 1.210084 1.293903
v -0.580188 1.210084 1.284317
v -0.630122 1.210084 1.265453
v -0.675907 1.210084 1.237918
v -0.716072 1.210084 1.202595
v -0.749325 1.210084 1.160622
v -0.774599 1.210084 1.113346
v -0.791080 1.210084 1.062288
v -0.798239 1.210084 1.009087
v -0.795846 1.210084 0.955455
v -0.783978 1.210084 0.903115
v -0.763016 1.210084 0.853749
v -0.733635 1.210084 0.808944
v -0.696777 1.210084 0.770140
v -0.653629 1.210084 0.738584
v -0.605576 1.210084 0.715291
v -1.196242 1.210084 2.502391
v -1.196242 1.210084 0.497609
v -1.102296 1.210084 0.497609
v 1.196242 1.210084 2.502391
v 1.102296 1.210084 0.497609
v -1.191427 1.210084 0.389671
v -1.097305 1.210084 0.392138
v -1.177018 1.210084 0.282603
v -1.082376 1.210084 0.287622
v -1.153133 1.210084 0.177266
v -1.057646 1.210084 0.185008
v -1.119964 1.210084 0.074508
v -1.023337 1.210084 0.085225
v -1.077777 1.210084 -0.024844
v -0.979760 1.210084 -0.010823
v -1.026913 1.210084 -0.119989
v -0.927311 1.210084 -0.102267
v -0.967780 1.210084 -0.210161
v -0.866464 1.210084 -0.188279
v -0.900856 1.210084 -0.294635
v -0.797770 1.210084 -0.268079
v -0.826678 1.210084 -0.372730
v -0.721851 1.210084 -0.340945
v -0.745845 1.210084 -0.443818
v -0.639395 1.210084 -0.406216
v -0.659006 1.210084 -0.507326
v -0.551148 1.210084 -0.463303
v -0.566862 1.210084 -0.562743
v -0.457911 1.210084 -0.511687
v -0.470153 1.210084 -0.609623
v -0.360526 1.210084 -0.550931
v -0.369659 1.210084 -0.647587
v -0.259876 1.210084 -0.580679
v -0.266189 1.210084 -0.676332
v -0.156873 1.210084 -0.600663
v -0.160576 1.210084 -0.695624
v -0.052450 1.210084 -0.610700
v -0.053669 1.210084 -0.705309
v 0.053669 1.210084 -0.705309
v 0.052449 1.210084 -0.610700
v 0.160575 1.210084 -0.695624
v 0.156873 1.210084 -0.600663
v 0.266189 1.210084 -0.676332
v 0.259876 1.210084 -0.580679
v 0.369659 1.210084 -0.647587
v 0.360526 1.210084 -0.550931
v 0.470153 1.210084 -0.609623
v 0.457910 1.210084 -0.511687
v 0.566862 1.210084 -0.562743
v 0.551148 1.210084 -0.463303
v 0.659006 1.210084 -0.507326
v 0.639395 1.210084 -0.406216
v 0.745845 1.210084 -0.443818
v 0.721850 1.210084 -0.340945
v 0.826678 1.210084 -0.372730
v 0.797769 1.210084 -0.268079
v 0.900856 1.210084 -0.294635
v 0.866463 1.210084 -0.188279
v 0.967780 1.210084 -0.210161
v 0.927311 1.210084 -0.102267
v 1.026912 1.210084 -0.119989
v 0.979760 1.210084 -0.010823
v 1.077777 1.210084 -0.024844
v 1.023336 1.210084 0.085225
v 1.119963 1.210084 0.074508
v 1.057645 1.210084 0.185008
v 1.153133 1.210084 0.177266
v 1.082376 1.210084 0.287622
v 1.177018 1.210084 0.282603
v 1.097305 1.210084 0.392138
v 1.191426 1.210084 0.389671
v 1.196242 1.210084 0.497609
v -1.665971 0.368750 1.500000
v -1.667594 0.368075 1.532783
v -1.667594 0.368075 1.467217
v -1.672464 0.366108 1.434083
v -1.672464 0.366108 1.565917
v -1.680579 0.362937 1.401204
v -1.680579 0.362937 1.598796
v -1.691936 0.358647 1.369184
v -1.691936 0.358647 1.630816
v -1.706458 0.353405 1.338585
v -1.706458 0.353405 1.661415
v -1.723767 0.347520 1.309822
v -1.723767 0.347520 1.690178
v -1.743417 0.341293 1.283280
v -1.743417 0.341293 1.716720
v -1.764960 0.335028 1.740655
v -1.788728 0.328811 1.762356
v -1.788728 0.328811 1.237644
v -1.764960 0.335028 1.259345
v -1.815103 0.322714 1.217839
v -1.815103 0.322714 1.782161
v -1.843697 0.317019 1.799614
v -1.874123 0.312006 1.814259
v -1.874123 0.312006 1.185741
v -1.843697 0.317019 1.200386
v -1.905966 0.307949 1.174289
v -1.905966 0.307949 1.825711
v -1.938660 0.304975 1.833891
v -1.971599 0.303145 1.838799
v -1.971599 0.303145 1.161201
v -1.938660 0.304975 1.166109
v -2.004175 0.302521 1.159565
v -2.004175 0.302521 1.840435
v -2.036752 0.303145 1.161201
v -2.036752 0.303145 1.838799
v -2.069690 0.304975 1.166109
v -2.069690 0.304975 1.833891
v -2.102384 0.307949 1.825711
v -2.134227 0.312006 1.814259
v -2.134227 0.312006 1.185741
v -2.102384 0.307949 1.174289
v -2.164654 0.317019 1.200386
v -2.164654 0.317019 1.799614
v -2.193248 0.322714 1.782161
v -2.219622 0.328811 1.762356
v -2.219622 0.328811 1.237644
v -2.193248 0.322714 1.217839
v -2.243390 0.335028 1.259345
v -2.243390 0.335028 1.740655
v -2.264934 0.341293 1.716720
v -2.284583 0.347520 1.690178
v -2.284583 0.347520 1.309822
v -2.264934 0.341293 1.283280
v -2.301893 0.353405 1.338585
v -2.301893 0.353405 1.661415
v -2.316414 0.358647 1.369184
v -2.316414 0.358647 1.630816
v -2.327771 0.362936 1.401204
v -2.327771 0.362936 1.598796
v -2.335886 0.366108 1.434083
v -2.335886 0.366108 1.565917
v -2.340756 0.368075 1.467217
v -2.340756 0.368075 1.532783
v -2.342380 0.368750 1.500000
v -1.534447 0.435335 2.407826
v -1.613334 0.392171 2.407826
v -1.534447 0.435335 2.294348
v -1.590814 0.403460 1.500000
v -1.534447 0.435335 0.705652
v -1.592816 0.402398 1.459742
v -1.613334 0.392171 0.592174
v -1.598809 0.399316 1.419138
v -1.608768 0.394371 1.378918
v -1.696095 0.357114 2.407826
v -1.661520 0.370608 1.732547
v -1.640411 0.379635 1.697500
v -1.622673 0.387717 1.660184
v -1.781910 0.330513 2.407826
v -1.740612 0.342161 1.820460
v -1.711684 0.351575 1.794016
v -1.685459 0.361101 1.764870
v -1.869929 0.312632 2.407826
v -1.807612 0.324362 1.865966
v -1.772741 0.332951 1.844631
v -1.959278 0.303646 2.407826
v -1.923752 0.306219 1.908019
v -1.883708 0.310700 1.897958
v -1.844766 0.316810 1.883902
v -2.049072 0.303646 2.407826
v -2.004175 0.302521 1.916087
v -1.964156 0.303461 1.914067
v -2.138422 0.312631 2.407826
v -2.084598 0.306219 1.908019
v -2.044195 0.303461 1.914067
v -2.226440 0.330513 2.407826
v -2.163584 0.316810 1.883902
v -2.124643 0.310700 1.897958
v -2.312256 0.357114 2.407826
v -2.267739 0.342161 1.820460
v -2.235610 0.332951 1.844631
v -2.200739 0.324361 1.865966
v -2.395017 0.392171 2.407826
v -2.346830 0.370608 1.732547
v -2.322891 0.361100 1.764870
v -2.296666 0.351575 1.794016
v -2.473904 0.435335 2.407826
v -2.473904 0.435335 2.294348
v -2.417536 0.403460 1.500000
v -2.415534 0.402398 1.540258
v -2.495167 0.448802 2.294348
v -2.495167 0.448802 0.705652
v -2.473904 0.435335 0.705652
v -2.473904 0.435335 0.592174
v -2.395017 0.392171 0.592174
v -2.516049 0.462861 0.705652
v -2.516049 0.462861 2.294348
v -2.536534 0.477499 2.294348
v -2.536534 0.477499 2.407826
v -2.609487 0.537302 2.407826
v -2.609487 0.537302 0.592174
v -2.536534 0.477499 0.705652
v -2.536534 0.477499 0.592174
v -2.675851 0.604429 2.407826
v -2.675851 0.604429 0.592174
v -2.734903 0.678148 2.407826
v -2.734903 0.678148 0.592174
v -2.786001 0.757658 2.407826
v -2.786001 0.757658 0.592174
v -2.793319 0.770712 1.027174
v -2.793319 0.770712 0.964130
v -2.828589 0.842092 2.407826
v -2.793319 0.770712 2.035870
v -2.793319 0.770712 1.972826
v -2.833055 0.852396 1.972826
v -2.833055 0.852396 1.027174
v -2.864468 0.937671 1.972826
v -2.864468 0.937671 1.027174
v -2.887242 1.025683 1.972826
v -2.887242 1.025683 1.027174
v -2.901148 1.115546 1.027174
v -2.901148 1.115546 1.972826
v -2.833055 0.852396 2.035870
v -2.862203 0.930533 2.407826
v -2.864468 0.937671 2.035870
v -2.886478 1.022016 2.407826
v -2.887242 1.025683 2.035870
v -2.901148 1.115546 2.407826
v -2.901148 1.115546 2.035870
v -2.828589 0.842092 0.592174
v -2.833055 0.852396 0.964130
v -2.862203 0.930533 0.592174
v -2.864468 0.937671 0.964130
v -2.886478 1.022016 0.592174
v -2.887242 1.025683 0.964130
v -2.901148 1.115546 0.592174
v -2.901148 1.115546 0.964130
v -2.312256 0.357114 0.592174
v -2.346830 0.370608 1.267453
v -2.367939 0.379635 1.302500
v -2.385677 0.387717 1.339816
v -2.226440 0.330513 0.592174
v -2.267739 0.342161 1.179540
v -2.296666 0.351575 1.205984
v -2.322891 0.361100 1.235130
v -2.138422 0.312631 0.592174
v -2.200739 0.324361 1.134034
v -2.235610 0.332951 1.155369
v -2.049072 0.303646 0.592174
v -2.084598 0.306219 1.091981
v -2.124643 0.310700 1.102042
v -2.163584 0.316810 1.116098
v -1.959278 0.303646 0.592174
v -2.004175 0.302521 1.083913
v -2.044195 0.303461 1.085933
v -1.869929 0.312632 0.592174
v -1.923752 0.306219 1.091981
v -1.964156 0.303461 1.085933
v -1.781910 0.330513 0.592174
v -1.844766 0.316810 1.116098
v -1.883708 0.310700 1.102042
v -1.696095 0.357114 0.592174
v -1.740612 0.342161 1.179540
v -1.772741 0.332951 1.155369
v -1.807612 0.324362 1.134034
v -1.661520 0.370608 1.267453
v -1.685459 0.361101 1.235130
v -1.711684 0.351575 1.205984
v -1.534447 0.435335 0.592174
v -1.513183 0.448803 2.294348
v -1.513183 0.448803 0.705652
v -1.492301 0.462861 2.294348
v -1.492301 0.462861 0.705652
v -1.471816 0.477499 0.705652
v -1.471816 0.477499 0.592174
v -1.415449 0.522560 1.500000
v -1.471816 0.477499 2.294348
v -1.398864 0.537302 0.592174
v -1.412066 0.525503 1.446945
v -1.401965 0.534487 1.394618
v -1.385620 0.549613 1.344809
v -1.364010 0.570858 1.299134
v -1.332500 0.604429 0.592174
v -1.338671 0.597660 1.258648
v -1.311473 0.628919 1.224080
v -1.273447 0.678148 0.592174
v -1.283365 0.664641 1.195133
v -1.254001 0.706305 1.170110
v -1.222349 0.757658 0.592174
v -1.225801 0.751717 1.150122
v -1.200825 0.797611 1.135159
v -1.179761 0.842093 0.592174
v -1.178432 0.845304 1.123676
v -1.158104 0.896086 1.114685
v -1.146147 0.930533 0.592174
v -1.140393 0.949244 1.107892
v -1.121873 1.022016 0.592174
v -1.125842 1.004066 1.102997
v -1.114761 1.059782 1.099662
v -1.107203 1.115546 0.592174
v -1.107203 1.115546 1.097591
v -1.398864 0.537302 2.407826
v -1.412066 0.525503 1.553055
v -1.401965 0.534487 1.605382
v -1.385620 0.549613 1.655191
v -1.364010 0.570858 1.700866
v -1.332500 0.604429 2.407826
v -1.338671 0.597660 1.741352
v -1.311473 0.628919 1.775920
v -1.273447 0.678148 2.407826
v -1.283365 0.664641 1.804867
v -1.254001 0.706305 1.829890
v -1.222349 0.757658 2.407826
v -1.225801 0.751717 1.849878
v -1.200825 0.797611 1.864841
v -1.179761 0.842093 2.407826
v -1.178432 0.845304 1.876324
v -1.158104 0.896086 1.885315
v -1.146147 0.930533 2.407826
v -1.140393 0.949244 1.892108
v -1.121873 1.022016 2.407826
v -1.125842 1.004066 1.897003
v -1.114761 1.059782 1.900338
v -1.107203 1.115546 1.902409
v -1.107203 1.115546 2.407826
v -1.471816 0.477499 2.407826
v -1.622673 0.387717 1.339816
v -1.640411 0.379635 1.302500
v -2.399582 0.394371 1.378918
v -2.409542 0.399316 1.419138
v -2.415534 0.402398 1.459742
v -2.409542 0.399316 1.580862
v -2.399582 0.394371 1.621082
v -2.385677 0.387717 1.660184
v -2.367939 0.379635 1.697500
v -1.608768 0.394371 1.621082
v -1.598809 0.399316 1.580862
v -1.592816 0.402398 1.540258
v -1.107203 1.115546 1.176426
v -1.107203 1.115546 1.823574
v -1.113256 1.069062 1.178478
v -1.113256 1.069062 1.821522
v -1.121750 1.022600 1.181586
v -1.121750 1.022600 1.818414
v -1.132648 0.976761 1.814050
v -1.145730 0.932094 1.808212
v -1.145730 0.932094 1.191788
v -1.132648 0.976761 1.185950
v -1.160643 0.889121 1.800710
v -1.160643 0.889121 1.199290
v -1.177031 0.848367 1.208648
v -1.177031 0.848367 1.791352
v -1.195056 0.809220 1.779579
v -1.215567 0.769743 1.764044
v -1.215567 0.769743 1.235956
v -1.195056 0.809220 1.220421
v -1.237330 0.732421 1.744564
v -1.237330 0.732421 1.255436
v -1.258604 0.699432 1.278134
v -1.258604 0.699432 1.721866
v -1.279156 0.670364 1.304872
v -1.279156 0.670364 1.695128
v -1.298795 0.644617 1.336725
v -1.298795 0.644617 1.663275
v -1.315940 0.623558 1.373157
v -1.315940 0.623558 1.626843
v -1.329167 0.608191 1.413422
v -1.329167 0.608191 1.586578
v -1.337476 0.598882 1.456208
v -1.337476 0.598882 1.543792
v -1.340292 0.595790 1.500000
v -1.947018 -0.000000 1.835538
v -1.941076 -0.000000 1.911211
v -2.004175 -0.000000 1.840435
v -2.004175 -0.000000 1.916087
v -2.067274 -0.000000 1.911211
v -1.879456 -0.000000 1.896696
v -1.891506 -0.000000 1.820988
v -1.820759 -0.000000 1.872883
v -1.839235 -0.000000 1.797204
v -1.766361 -0.000000 1.840330
v -1.791708 -0.000000 1.764870
v -1.717537 -0.000000 1.799800
v -1.750294 -0.000000 1.724917
v -1.675432 -0.000000 1.752242
v -1.716184 -0.000000 1.678492
v -1.641032 -0.000000 1.698773
v -1.690359 -0.000000 1.626933
v -1.615144 -0.000000 1.640644
v -1.673561 -0.000000 1.571723
v -1.598375 -0.000000 1.579219
v -1.666275 -0.000000 1.514448
v -1.591117 -0.000000 1.515937
v -1.593541 -0.000000 1.452282
v -1.668710 -0.000000 1.456759
v -1.605590 -0.000000 1.389745
v -1.680795 -0.000000 1.400313
v -1.626982 -0.000000 1.329792
v -1.702184 -0.000000 1.346735
v -1.657214 -0.000000 1.273829
v -1.732260 -0.000000 1.297566
v -1.695579 -0.000000 1.223167
v -1.770158 -0.000000 1.254221
v -1.741177 -0.000000 1.178993
v -1.814789 -0.000000 1.217946
v -1.792940 -0.000000 1.142344
v -1.864868 -0.000000 1.189786
v -1.849654 -0.000000 1.114078
v -1.918955 -0.000000 1.170550
v -1.909989 -0.000000 1.094858
v -1.975493 -0.000000 1.160792
v -1.972533 -0.000000 1.085134
v -2.035818 -0.000000 1.085134
v -2.032857 -0.000000 1.160792
v -2.098361 -0.000000 1.094858
v -2.089395 -0.000000 1.170550
v -2.158697 -0.000000 1.114078
v -2.143482 -0.000000 1.189786
v -2.215410 -0.000000 1.142344
v -2.193561 -0.000000 1.217946
v -2.267173 -0.000000 1.178993
v -2.238192 -0.000000 1.254221
v -2.312771 -0.000000 1.223167
v -2.276091 -0.000000 1.297566
v -2.351136 -0.000000 1.273829
v -2.306167 -0.000000 1.346735
v -2.381369 -0.000000 1.329792
v -2.327555 -0.000000 1.400313
v -2.402760 -0.000000 1.389745
v -2.339640 -0.000000 1.456759
v -2.414809 -0.000000 1.452282
v -2.342075 -0.000000 1.514448
v -2.417233 -0.000000 1.515937
v -2.409975 -0.000000 1.579219
v -2.334789 -0.000000 1.571723
v -2.393206 -0.000000 1.640644
v -2.317991 -0.000000 1.626933
v -2.367318 -0.000000 1.698773
v -2.292166 -0.000000 1.678492
v -2.332918 -0.000000 1.752242
v -2.258056 -0.000000 1.724917
v -2.290813 -0.000000 1.799800
v -2.216642 -0.000000 1.764870
v -2.241990 -0.000000 1.840330
v -2.169116 -0.000000 1.797204
v -2.187592 -0.000000 1.872883
v -2.116844 -0.000000 1.820988
v -2.128895 -0.000000 1.896696
v -2.061332 -0.000000 1.835538
v -1.059245 -0.000000 1.835538
v -1.050791 1.115546 1.836886
v -1.002088 -0.000000 1.840435
v -0.992950 1.115546 1.840310
v -0.944931 -0.000000 1.835538
v -0.935376 1.115546 1.833746
v -0.889418 -0.000000 1.820988
v -0.879761 1.115546 1.817386
v -0.837147 -0.000000 1.797204
v -0.827737 1.115546 1.791711
v -0.789621 -0.000000 1.764870
v -0.780829 1.115546 1.757474
v -0.748207 -0.000000 1.724917
v -0.740416 1.115546 1.715679
v -0.714097 -0.000000 1.678492
v -0.707683 1.115546 1.667555
v -0.688271 -0.000000 1.626933
v -0.683590 1.115546 1.614512
v -0.671474 -0.000000 1.571723
v -0.668846 1.115546 1.558109
v -0.664188 -0.000000 1.514448
v -0.663883 1.115546 1.500000
v -0.666622 -0.000000 1.456759
v -0.668846 1.115546 1.441891
v -0.678708 -0.000000 1.400313
v -0.683590 1.115546 1.385488
v -0.700096 -0.000000 1.346735
v -0.707683 1.115546 1.332445
v -0.730172 -0.000000 1.297566
v -0.740416 1.115546 1.284321
v -0.768071 -0.000000 1.254221
v -0.780829 1.115546 1.242526
v -0.812702 -0.000000 1.217946
v -0.827737 1.115546 1.208289
v -0.862781 -0.000000 1.189786
v -0.879761 1.115546 1.182614
v -0.916867 -0.000000 1.170550
v -0.935376 1.115546 1.166254
v -0.973406 -0.000000 1.160792
v -0.992950 1.115546 1.159690
v -1.030769 -0.000000 1.160792
v -1.050791 1.115546 1.163114
v -1.087308 -0.000000 1.170550
v -1.114757 -0.000000 1.820988
v -1.167028 -0.000000 1.797204
v -1.214554 -0.000000 1.764870
v -1.255968 -0.000000 1.724917
v -1.290079 -0.000000 1.678492
v -1.315904 -0.000000 1.626933
v -1.332701 -0.000000 1.571723
v -1.339987 -0.000000 1.514448
v -1.337553 -0.000000 1.456759
v -1.325467 -0.000000 1.400313
v -1.304079 -0.000000 1.346735
v -1.274003 -0.000000 1.297566
v -1.236104 -0.000000 1.254221
v -1.191474 -0.000000 1.217946
v -1.141394 -0.000000 1.189786
v -2.536534 -0.000000 0.592174
v -2.906054 -0.000000 0.592174
v -2.906054 1.115546 0.592174
v -2.906054 1.115546 0.964130
v -2.906054 -0.000000 0.964130
v -2.793319 -0.000000 0.964130
v -2.793319 -0.000000 1.027174
v -2.906054 -0.000000 1.027174
v -2.906054 1.115546 1.027174
v -2.906054 1.115546 1.972826
v -2.906054 -0.000000 1.972826
v -2.793319 -0.000000 1.972826
v -2.793319 -0.000000 2.035870
v -2.906054 -0.000000 2.035870
v -2.906054 1.115546 2.035870
v -2.906054 1.115546 2.407826
v -2.906054 -0.000000 2.407826
v -2.536534 -0.000000 2.407826
v -2.536534 -0.000000 2.294348
v -2.473904 -0.000000 2.294348
v -2.473904 -0.000000 2.407826
v -1.534447 -0.000000 2.407826
v 1.471816 0.477499 2.407826
v 1.415449 0.522560 1.500000
v 1.471816 0.477499 2.294348
v 1.471816 0.477499 0.705652
v 1.492301 0.462861 0.705652
v 1.398863 0.537303 2.407826
v 1.412066 0.525503 1.553055
v 1.401965 0.534487 1.605382
v 1.385619 0.549613 1.655191
v 1.364010 0.570859 1.700866
v 1.332500 0.604429 2.407826
v 1.338670 0.597660 1.741352
v 1.311473 0.628919 1.775920
v 1.273447 0.678149 2.407826
v 1.283365 0.664641 1.804867
v 1.254001 0.706305 1.829890
v 1.222349 0.757658 2.407826
v 1.225801 0.751717 1.849878
v 1.200825 0.797612 1.864841
v 1.179761 0.842093 2.407826
v 1.178431 0.845304 1.876324
v 1.158104 0.896086 1.885315
v 1.146147 0.930533 2.407826
v 1.140392 0.949245 1.892108
v 1.121873 1.022016 2.407826
v 1.125842 1.004066 1.897003
v 1.114761 1.059783 1.900338
v 1.107203 1.115546 2.407826
v 1.107203 1.115546 1.902409
v 1.412066 0.525503 1.446945
v 1.398863 0.537303 0.592174
v 1.471816 0.477499 0.592174
v 1.401965 0.534487 1.394618
v 1.385619 0.549613 1.344809
v 1.364010 0.570859 1.299134
v 1.332500 0.604429 0.592174
v 1.338670 0.597660 1.258648
v 1.311473 0.628919 1.224080
v 1.273447 0.678149 0.592174
v 1.283365 0.664641 1.195133
v 1.254001 0.706305 1.170110
v 1.222349 0.757658 0.592174
v 1.225801 0.751717 1.150122
v 1.200825 0.797612 1.135159
v 1.179761 0.842093 0.592174
v 1.178431 0.845304 1.123676
v 1.158104 0.896086 1.114685
v 1.146147 0.930533 0.592174
v 1.140392 0.949245 1.107892
v 1.121873 1.022016 0.592174
v 1.125842 1.004066 1.102997
v 1.114761 1.059783 1.099662
v 1.107203 1.115546 1.097591
v 1.107203 1.115546 0.592174
v 1.513183 0.448803 0.705652
v 1.513183 0.448803 2.294348
v 1.492301 0.462861 2.294348
v 1.534447 0.435335 2.294348
v 1.534447 0.435335 0.705652
v 1.590814 0.403460 1.500000
v 1.534447 0.435335 0.592174
v 1.613334 0.392171 0.592174
v 1.696095 0.357115 0.592174
v 1.661520 0.370609 1.267453
v 1.640411 0.379635 1.302500
v 1.622673 0.387718 1.339816
v 1.781910 0.330514 0.592174
v 1.740612 0.342162 1.179540
v 1.711684 0.351575 1.205984
v 1.685459 0.361101 1.235130
v 1.869929 0.312632 0.592174
v 1.807612 0.324362 1.134034
v 1.772741 0.332952 1.155369
v 1.959278 0.303647 0.592174
v 1.923752 0.306219 1.091981
v 1.883708 0.310700 1.102042
v 1.844766 0.316810 1.116098
v 2.049072 0.303647 0.592174
v 2.004175 0.302521 1.083913
v 1.964156 0.303461 1.085933
v 2.138422 0.312632 0.592174
v 2.084598 0.306219 1.091981
v 2.044195 0.303461 1.085933
v 2.226440 0.330514 0.592174
v 2.163584 0.316811 1.116098
v 2.124643 0.310700 1.102042
v 2.312256 0.357115 0.592174
v 2.267739 0.342162 1.179540
v 2.235610 0.332952 1.155369
v 2.200739 0.324362 1.134034
v 2.395017 0.392171 0.592174
v 2.346830 0.370609 1.267453
v 2.322891 0.361101 1.235130
v 2.296666 0.351575 1.205984
v 2.473904 0.435336 0.592174
v 2.415534 0.402398 1.459742
v 2.409542 0.399317 1.419138
v 2.399582 0.394371 1.378918
v 2.473904 0.435336 0.705652
v 2.417536 0.403460 1.500000
v 2.473904 0.435336 2.294348
v 2.395017 0.392171 2.407826
v 2.473904 0.435336 2.407826
v 2.495167 0.448803 2.294348
v 2.495167 0.448803 0.705652
v 2.516049 0.462861 2.294348
v 2.516049 0.462861 0.705652
v 2.536534 0.477499 0.705652
v 2.536534 0.477499 0.592174
v 2.609487 0.537303 0.592174
v 2.609487 0.537303 2.407826
v 2.536534 0.477499 2.294348
v 2.536534 0.477499 2.407826
v 2.675851 0.604429 0.592174
v 2.675851 0.604429 2.407826
v 2.734903 0.678149 0.592174
v 2.734903 0.678149 2.407826
v 2.786001 0.757659 0.592174
v 2.786001 0.757659 2.407826
v 2.793319 0.770712 1.972826
v 2.793319 0.770712 2.035870
v 2.828589 0.842093 0.592174
v 2.793319 0.770712 0.964130
v 2.793319 0.770712 1.027174
v 2.833055 0.852396 1.027174
v 2.833055 0.852396 1.972826
v 2.864468 0.937672 1.027174
v 2.864468 0.937672 1.972826
v 2.887241 1.025684 1.027174
v 2.887241 1.025684 1.972826
v 2.901148 1.115547 1.972826
v 2.901148 1.115547 1.027174
v 2.833055 0.852396 0.964130
v 2.862203 0.930533 0.592174
v 2.864468 0.937672 0.964130
v 2.886477 1.022016 0.592174
v 2.887241 1.025684 0.964130
v 2.901148 1.115547 0.592174
v 2.901148 1.115547 0.964130
v 2.828589 0.842093 2.407826
v 2.833055 0.852396 2.035870
v 2.862203 0.930533 2.407826
v 2.864468 0.937672 2.035870
v 2.886477 1.022016 2.407826
v 2.887241 1.025684 2.035870
v 2.901148 1.115547 2.407826
v 2.901148 1.115547 2.035870
v 2.312256 0.357115 2.407826
v 2.346830 0.370609 1.732547
v 2.367939 0.379635 1.697500
v 2.385677 0.387718 1.660184
v 2.226440 0.330514 2.407826
v 2.267739 0.342162 1.820460
v 2.296666 0.351575 1.794016
v 2.322891 0.361101 1.764870
v 2.138422 0.312632 2.407826
v 2.200739 0.324362 1.865966
v 2.235610 0.332952 1.844631
v 2.049072 0.303647 2.407826
v 2.084598 0.306219 1.908019
v 2.124643 0.310700 1.897958
v 2.163584 0.316811 1.883902
v 1.959278 0.303647 2.407826
v 2.004175 0.302521 1.916087
v 2.044195 0.303461 1.914067
v 1.869929 0.312632 2.407826
v 1.923752 0.306219 1.908019
v 1.964156 0.303461 1.914067
v 1.781910 0.330514 2.407826
v 1.844766 0.316810 1.883902
v 1.883708 0.310700 1.897958
v 1.696095 0.357115 2.407826
v 1.740612 0.342162 1.820460
v 1.772741 0.332952 1.844631
v 1.807612 0.324362 1.865966
v 1.613334 0.392171 2.407826
v 1.661520 0.370609 1.732547
v 1.685459 0.361101 1.764870
v 1.711684 0.351575 1.794016
v 1.534447 0.435335 2.407826
v 1.592816 0.402398 1.540258
v 2.385677 0.387718 1.339816
v 2.367939 0.379635 1.302500
v 1.608768 0.394371 1.378918
v 1.598809 0.399316 1.419138
v 1.592816 0.402398 1.459742
v 1.598809 0.399316 1.580862
v 1.608768 0.394371 1.621082
v 1.622673 0.387718 1.660184
v 1.640411 0.379635 1.697500
v 2.399582 0.394371 1.621082
v 2.409542 0.399317 1.580862
v 2.415534 0.402398 1.540258
v 2.342380 0.368751 1.500000
v 2.340756 0.368076 1.532783
v 2.340756 0.368076 1.467217
v 2.335886 0.366109 1.434083
v 2.335886 0.366109 1.565917
v 2.327771 0.362937 1.401204
v 2.327771 0.362937 1.598796
v 2.316414 0.358647 1.369184
v 2.316414 0.358647 1.630816
v 2.301893 0.353405 1.338585
v 2.301893 0.353405 1.661415
v 2.284583 0.347520 1.309822
v 2.284583 0.347520 1.690178
v 2.264934 0.341294 1.283280
v 2.264934 0.341294 1.716720
v 2.243390 0.335028 1.740655
v 2.219622 0.328811 1.762356
v 2.219622 0.328811 1.237644
v 2.243390 0.335028 1.259345
v 2.193248 0.322715 1.217839
v 2.193248 0.322715 1.782161
v 2.164654 0.317019 1.799614
v 2.134227 0.312007 1.814259
v 2.134227 0.312007 1.185741
v 2.164654 0.317019 1.200386
v 2.102384 0.307950 1.174289
v 2.102384 0.307950 1.825711
v 2.069690 0.304975 1.833891
v 2.036752 0.303145 1.838799
v 2.036752 0.303145 1.161201
v 2.069690 0.304975 1.166109
v 2.004175 0.302521 1.159565
v 2.004175 0.302521 1.840435
v 1.971599 0.303145 1.161201
v 1.971599 0.303145 1.838799
v 1.938660 0.304975 1.166109
v 1.938660 0.304975 1.833891
v 1.905966 0.307950 1.825711
v 1.874123 0.312007 1.814259
v 1.874123 0.312007 1.185741
v 1.905966 0.307950 1.174289
v 1.843697 0.317019 1.200386
v 1.843697 0.317019 1.799614
v 1.815103 0.322714 1.782161
v 1.788728 0.328811 1.762356
v 1.788728 0.328811 1.237644
v 1.815103 0.322714 1.217839
v 1.764960 0.335028 1.259345
v 1.764960 0.335028 1.740655
v 1.743417 0.341294 1.716720
v 1.723767 0.347520 1.690178
v 1.723767 0.347520 1.309822
v 1.743417 0.341294 1.283280
v 1.706458 0.353405 1.338585
v 1.706458 0.353405 1.661415
v 1.691936 0.358647 1.369184
v 1.691936 0.358647 1.630816
v 1.680579 0.362937 1.401204
v 1.680579 0.362937 1.598796
v 1.672464 0.366109 1.434083
v 1.672464 0.366109 1.565917
v 1.667594 0.368076 1.467217
v 1.667594 0.368076 1.532783
v 1.665971 0.368751 1.500000
v 1.107203 1.115546 1.823574
v 1.107203 1.115546 1.176426
v 1.113256 1.069062 1.821522
v 1.113256 1.069062 1.178478
v 1.121750 1.022601 1.818414
v 1.121750 1.022601 1.181586
v 1.132648 0.976761 1.185950
v 1.145730 0.932094 1.191788
v 1.145730 0.932094 1.808212
v 1.132648 0.976761 1.814050
v 1.160643 0.889122 1.199290
v 1.160643 0.889122 1.800710
v 1.177030 0.848367 1.791352
v 1.177030 0.848367 1.208648
v 1.195056 0.809220 1.220421
v 1.215566 0.769743 1.235956
v 1.215566 0.769743 1.764044
v 1.195056 0.809220 1.779579
v 1.237330 0.732421 1.255436
v 1.237330 0.732421 1.744564
v 1.258604 0.699433 1.721866
v 1.258604 0.699433 1.278134
v 1.279155 0.670365 1.695128
v 1.279155 0.670365 1.304872
v 1.298795 0.644618 1.663275
v 1.298795 0.644618 1.336725
v 1.315940 0.623558 1.626843
v 1.315940 0.623558 1.373157
v 1.329167 0.608192 1.586578
v 1.329167 0.608192 1.413422
v 1.337476 0.598883 1.543792
v 1.337476 0.598883 1.456208
v 1.340292 0.595791 1.500000
v 2.339640 0.000000 1.456759
v 2.342075 0.000000 1.514448
v 2.334789 0.000000 1.571723
v 2.317991 0.000000 1.626933
v 2.292166 0.000000 1.678492
v 2.258056 0.000000 1.724917
v 2.216642 0.000000 1.764870
v 2.169116 0.000000 1.797204
v 2.116844 0.000000 1.820988
v 2.061332 0.000000 1.835538
v 2.004175 0.000000 1.840435
v 1.947018 0.000000 1.835538
v 1.891506 0.000000 1.820988
v 1.839235 0.000000 1.797204
v 1.791708 0.000000 1.764870
v 1.750294 0.000000 1.724917
v 1.716184 0.000000 1.678492
v 1.690359 0.000000 1.626933
v 1.673561 0.000000 1.571723
v 1.666275 0.000000 1.514448
v 1.668710 0.000000 1.456759
v 1.680795 0.000000 1.400313
v 1.702184 0.000000 1.346735
v 1.732260 0.000000 1.297566
v 1.770158 0.000000 1.254221
v 1.814789 0.000000 1.217946
v 1.864868 0.000000 1.189786
v 1.918955 0.000000 1.170550
v 1.975493 0.000000 1.160792
v 2.032857 0.000000 1.160792
v 2.089395 0.000000 1.170550
v 2.143482 0.000000 1.189786
v 2.193561 0.000000 1.217946
v 2.238192 0.000000 1.254221
v 2.276091 0.000000 1.297566
v 2.306167 0.000000 1.346735
v 2.327555 0.000000 1.400313
v 2.417233 0.000000 1.515937
v 2.414809 0.000000 1.452282
v 2.402760 0.000000 1.389745
v 2.381369 0.000000 1.329792
v 2.351136 0.000000 1.273829
v 2.312771 0.000000 1.223167
v 2.267173 0.000000 1.178993
v 2.215410 0.000000 1.142344
v 2.158697 0.000000 1.114078
v 2.098361 0.000000 1.094858
v 2.035818 0.000000 1.085134
v 1.972533 0.000000 1.085134
v 1.909989 0.000000 1.094858
v 1.849654 0.000000 1.114078
v 1.792940 0.000000 1.142344
v 1.741177 0.000000 1.178993
v 1.695579 0.000000 1.223167
v 1.657214 0.000000 1.273829
v 1.626982 0.000000 1.329792
v 1.605590 0.000000 1.389745
v 1.593541 0.000000 1.452282
v 1.591117 0.000000 1.515937
v 1.598375 0.000000 1.579219
v 1.615144 0.000000 1.640644
v 1.641032 0.000000 1.698773
v 1.675432 0.000000 1.752242
v 1.717537 0.000000 1.799800
v 1.766361 0.000000 1.840330
v 1.820759 0.000000 1.872883
v 1.879456 0.000000 1.896696
v 1.941076 0.000000 1.911211
v 2.004175 0.000000 1.916087
v 2.067274 0.000000 1.911211
v 2.128895 0.000000 1.896696
v 2.187592 0.000000 1.872883
v 2.241990 0.000000 1.840330
v 2.290813 0.000000 1.799800
v 2.332918 0.000000 1.752242
v 2.367318 0.000000 1.698773
v 2.393206 0.000000 1.640644
v 2.409975 0.000000 1.579219
v 0.944931 0.000000 1.835538
v 0.992949 1.115546 1.840310
v 1.002088 0.000000 1.840435
v 1.050791 1.115546 1.836886
v 1.059245 0.000000 1.835538
v 1.114757 0.000000 1.820988
v 0.935376 1.115546 1.833746
v 0.889418 0.000000 1.820988
v 0.879761 1.115546 1.817386
v 0.837147 0.000000 1.797204
v 0.827736 1.115546 1.791711
v 0.789621 0.000000 1.764870
v 0.780829 1.115546 1.757474
v 0.748207 0.000000 1.724917
v 0.740416 1.115546 1.715679
v 0.714097 0.000000 1.678492
v 0.707682 1.115546 1.667555
v 0.688271 0.000000 1.626933
v 0.683590 1.115546 1.614512
v 0.671474 0.000000 1.571723
v 0.668846 1.115546 1.558109
v 0.664188 0.000000 1.514448
v 0.663883 1.115546 1.500000
v 0.666622 0.000000 1.456759
v 0.668846 1.115546 1.441891
v 0.678708 0.000000 1.400313
v 0.683590 1.115546 1.385488
v 0.700096 0.000000 1.346735
v 0.707682 1.115546 1.332445
v 0.730172 0.000000 1.297566
v 0.740416 1.115546 1.284321
v 0.768071 0.000000 1.254221
v 0.780829 1.115546 1.242526
v 0.812702 0.000000 1.217946
v 0.827736 1.115546 1.208289
v 0.862781 0.000000 1.189786
v 0.879761 1.115546 1.182614
v 0.916867 0.000000 1.170550
v 0.935376 1.115546 1.166254
v 0.973406 0.000000 1.160792
v 0.992949 1.115546 1.159690
v 1.030769 0.000000 1.160792
v 1.050791 1.115546 1.163114
v 1.087308 0.000000 1.170550
v 1.141394 0.000000 1.189786
v 1.191474 0.000000 1.217946
v 1.236104 0.000000 1.254221
v 1.274003 0.000000 1.297566
v 1.304079 0.000000 1.346735
v 1.325467 0.000000 1.400313
v 1.337553 0.000000 1.456759
v 1.339987 0.000000 1.514448
v 1.332701 0.000000 1.571723
v 1.315904 0.000000 1.626933
v 1.290079 0.000000 1.678492
v 1.255968 0.000000 1.724917
v 1.214554 0.000000 1.764870
v 1.167028 0.000000 1.797204
v 2.793319 0.000000 0.964130
v 2.906054 0.000000 0.964130
v 2.906054 1.115547 0.964130
v 2.906054 1.115547 0.592174
v 2.906054 0.000000 0.592174
v 2.536534 0.000000 0.592174
v 2.536534 0.000000 0.705652
v 2.473904 0.000000 0.705652
v 2.473904 0.000000 0.592174
v 1.534447 0.000000 0.592174
v 1.534447 0.000000 0.705652
v 1.471816 0.000000 0.705652
v 1.471816 0.000000 0.592174
v 0.532359 0.000000 0.592174
v 0.532359 1.115546 0.592174
v 1.065187 0.000000 1.911211
v 1.045325 1.115546 1.913804
v 1.002088 0.000000 1.916087
v 0.982446 1.115546 1.915617
v 0.938988 0.000000 1.911211
v 0.920022 1.115546 1.907804
v 0.877368 0.000000 1.896696
v 0.859498 1.115546 1.890548
v 0.818671 0.000000 1.872883
v 0.802276 1.115546 1.864247
v 0.764273 0.000000 1.840330
v 0.749682 1.115546 1.829510
v 0.715450 0.000000 1.799800
v 0.702933 1.115546 1.787143
v 0.673344 0.000000 1.752242
v 0.663112 1.115546 1.738125
v 0.638945 0.000000 1.698773
v 0.631141 1.115546 1.683594
v 0.613057 0.000000 1.640644
v 0.607761 1.115546 1.624810
v 0.596288 0.000000 1.579219
v 0.593513 1.115546 1.563136
v 0.589030 0.000000 1.515937
v 0.588726 1.115546 1.500000
v 0.591454 0.000000 1.452282
v 0.593513 1.115546 1.436864
v 0.603503 0.000000 1.389745
v 0.607761 1.115546 1.375190
v 0.624894 0.000000 1.329792
v 0.631141 1.115546 1.316406
v 0.655127 0.000000 1.273829
v 0.663112 1.115546 1.261875
v 0.693492 0.000000 1.223167
v 0.702933 1.115546 1.212857
v 0.739090 0.000000 1.178993
v 0.749682 1.115546 1.170490
v 0.790852 0.000000 1.142344
v 0.802276 1.115546 1.135753
v 0.847566 0.000000 1.114078
v 0.859498 1.115546 1.109452
v 0.907902 0.000000 1.094858
v 0.920022 1.115546 1.092196
v 0.970445 0.000000 1.085134
v 0.982446 1.115546 1.084383
v 1.033730 0.000000 1.085134
v 1.045325 1.115546 1.086196
v 1.096273 0.000000 1.094858
v 1.126807 0.000000 1.896696
v 1.185504 0.000000 1.872883
v 1.239902 0.000000 1.840330
v 1.288726 0.000000 1.799800
v 1.330831 0.000000 1.752242
v 1.365230 0.000000 1.698773
v 1.391118 0.000000 1.640644
v 1.407888 0.000000 1.579219
v 1.415145 0.000000 1.515937
v 1.412721 0.000000 1.452282
v 1.400672 0.000000 1.389745
v 1.379281 0.000000 1.329792
v 1.349049 0.000000 1.273829
v 1.310684 0.000000 1.223167
v 1.265085 0.000000 1.178993
v 1.213323 0.000000 1.142344
v 1.156609 0.000000 1.114078
v -1.045325 1.115546 1.086196
v -0.982446 1.115546 1.084383
v -0.920022 1.115546 1.092196
v -0.532359 1.115546 0.705652
v -0.859498 1.115546 1.109452
v -0.802277 1.115546 1.135753
v -0.749682 1.115546 1.170490
v -0.262998 1.115546 1.178993
v -0.702933 1.115546 1.212857
v -0.308596 1.115546 1.223167
v -0.663112 1.115546 1.261875
v -0.346961 1.115546 1.273829
v -0.631142 1.115546 1.316406
v -0.377194 1.115546 1.329792
v -0.607761 1.115546 1.375190
v -0.398585 1.115546 1.389745
v -0.593513 1.115546 1.436864
v -0.410634 1.115546 1.452282
v -0.588727 1.115546 1.500000
v -0.413058 1.115546 1.515937
v -0.593513 1.115546 1.563136
v -0.405800 1.115546 1.579219
v -0.607761 1.115546 1.624810
v -0.389031 1.115546 1.640644
v -0.631142 1.115546 1.683594
v -0.363143 1.115546 1.698773
v -0.663112 1.115546 1.738125
v -0.328743 1.115546 1.752242
v -0.702933 1.115546 1.787143
v -0.286638 1.115546 1.799800
v -0.749682 1.115546 1.829510
v -0.237815 1.115546 1.840330
v -0.469729 1.115546 2.294348
v -0.183417 1.115546 1.872883
v -0.124720 1.115546 1.896696
v -0.532359 1.115546 0.592174
v -0.469729 1.115546 0.705652
v -0.211235 1.115546 1.142344
v -0.154522 1.115546 1.114078
v -0.094186 1.115546 1.094858
v -0.031643 1.115546 1.085134
v 0.031642 1.115546 1.085134
v 0.469728 1.115546 0.705652
v 0.094186 1.115546 1.094858
v 0.154521 1.115546 1.114078
v 0.211235 1.115546 1.142344
v 0.262998 1.115546 1.178993
v 0.532359 1.115546 0.705652
v -0.469729 1.115546 0.592174
v 0.469728 1.115546 0.592174
v 0.308596 1.115546 1.223167
v 0.346961 1.115546 1.273829
v 0.377193 1.115546 1.329792
v 0.398585 1.115546 1.389745
v 0.410634 1.115546 1.452282
v 0.413058 1.115546 1.515937
v 0.405800 1.115546 1.579219
v 0.389031 1.115546 1.640644
v 0.363143 1.115546 1.698773
v 0.328743 1.115546 1.752242
v 0.286638 1.115546 1.799800
v 0.237814 1.115546 1.840330
v 0.469728 1.115546 2.294348
v 0.183416 1.115546 1.872883
v 0.124719 1.115546 1.896696
v 0.063099 1.115546 1.911211
v -0.000000 1.115546 1.916087
v -0.063099 1.115546 1.911211
v 0.532359 1.115546 2.294348
v 0.532359 1.115546 2.407826
v 0.469728 1.115546 2.407826
v -0.469729 1.115546 2.407826
v -0.532359 1.115546 2.294348
v -0.802277 1.115546 1.864247
v -0.859498 1.115546 1.890548
v -0.920022 1.115546 1.907804
v -0.982446 1.115546 1.915617
v -1.045325 1.115546 1.913804
v -0.532359 1.115546 2.407826
v 0.532359 0.000000 2.407826
v 1.471816 0.000000 2.407826
v -1.200978 1.122181 2.502391
v -1.200978 1.122181 0.497609
v -1.215131 1.035308 2.502391
v -1.215131 1.035308 0.497609
v -1.238535 0.950484 2.502391
v -1.238535 0.950484 0.497609
v -1.270915 0.868703 2.502391
v -1.270915 0.868703 0.497609
v -1.311892 0.790926 2.502391
v -1.311892 0.790926 0.497609
v -1.360985 0.718062 2.502391
v -1.360985 0.718062 0.497609
v -1.417620 0.650967 2.502391
v -1.417620 0.650967 0.497609
v -1.481130 0.590427 2.502391
v -1.481130 0.590427 0.497609
v -1.550774 0.537152 2.502391
v -1.550774 0.537152 0.497609
v -1.625733 0.491766 2.502391
v -1.625733 0.491766 0.497609
v -1.705128 0.454802 2.502391
v -1.705128 0.454802 0.497609
v -1.788030 0.426693 2.502391
v -1.788030 0.426693 0.497609
v -1.873466 0.407769 2.502391
v -1.873466 0.407769 0.497609
v -1.960435 0.398251 2.502391
v -1.960435 0.398251 0.497609
v -2.047916 0.398251 2.502391
v -2.047916 0.398251 0.497609
v -2.134884 0.407769 2.502391
v -2.134884 0.407769 0.497609
v -2.220320 0.426693 2.502391
v -2.220320 0.426693 0.497609
v -2.303222 0.454802 2.502391
v -2.303222 0.454802 0.497609
v -2.382618 0.491766 2.502391
v -2.382618 0.491766 0.497609
v -2.457577 0.537152 2.502391
v -2.457577 0.537152 0.497609
v -2.527220 0.590427 2.502391
v -2.527220 0.590427 0.497609
v -2.590731 0.650967 2.502391
v -2.590731 0.650967 0.497609
v -2.647365 0.718062 2.502391
v -2.647365 0.718062 0.497609
v -2.696459 0.790926 2.502391
v -2.696459 0.790926 0.497609
v -2.737435 0.868703 2.502391
v -2.737435 0.868703 0.497609
v -2.769816 0.950484 2.502391
v -2.769816 0.950484 0.497609
v -2.793219 1.035307 2.502391
v -2.793219 1.035307 0.497609
v -2.807372 1.122180 2.502391
v -2.807372 1.122180 0.497609
v -2.812109 1.210084 2.502391
v -2.812109 1.210084 0.497609
v 2.812108 1.210085 2.502391
v 2.812108 1.210085 0.497609
v 2.807372 1.122181 2.502391
v 2.807372 1.122181 0.497609
v 2.793219 1.035308 2.502391
v 2.793219 1.035308 0.497609
v 2.769816 0.950484 2.502391
v 2.769816 0.950484 0.497609
v 2.737435 0.868704 2.502391
v 2.737435 0.868704 0.497609
v 2.696459 0.790926 2.502391
v 2.696459 0.790926 0.497609
v 2.647365 0.718062 2.502391
v 2.647365 0.718062 0.497609
v 2.590731 0.650967 2.502391
v 2.590731 0.650967 0.497609
v 2.527220 0.590427 2.502391
v 2.527220 0.590427 0.497609
v 2.457577 0.537152 2.502391
v 2.457577 0.537152 0.497609
v 2.382618 0.491767 2.502391
v 2.382618 0.491767 0.497609
v 2.303222 0.454803 2.502391
v 2.303222 0.454803 0.497609
v 2.220320 0.426694 2.502391
v 2.220320 0.426694 0.497609
v 2.134884 0.407769 2.502391
v 2.134884 0.407769 0.497609
v 2.047916 0.398251 2.502391
v 2.047916 0.398251 0.497609
v 1.960435 0.398251 2.502391
v 1.960435 0.398251 0.497609
v 1.873466 0.407769 2.502391
v 1.873466 0.407769 0.497609
v 1.788030 0.426694 2.502391
v 1.788030 0.426694 0.497609
v 1.705128 0.454803 2.502391
v 1.705128 0.454803 0.497609
v 1.625733 0.491767 2.502391
v 1.625733 0.491767 0.497609
v 1.550774 0.537152 2.502391
v 1.550774 0.537152 0.497609
v 1.481130 0.590427 2.502391
v 1.481130 0.590427 0.497609
v 1.417619 0.650967 2.502391
v 1.417619 0.650967 0.497609
v 1.360985 0.718062 2.502391
v 1.360985 0.718062 0.497609
v 1.311892 0.790926 2.502391
v 1.311892 0.790926 0.497609
v 1.270915 0.868704 2.502391
v 1.270915 0.868704 0.497609
v 1.238535 0.950484 2.502391
v 1.238535 0.950484 0.497609
v 1.215131 1.035308 2.502391
v 1.215131 1.035308 0.497609
v 1.200978 1.122181 2.502391
v 1.200978 1.122181 0.497609
v -1.534447 -0.000000 0.592174
v -2.473904 -0.000000 0.592174
v -2.473904 -0.000000 0.705652
v -2.536534 -0.000000 0.705652
v 1.534447 0.000000 2.407826
v 2.473904 0.000000 2.407826
v 2.473904 0.000000 2.294348
v 2.536534 0.000000 2.294348
v 2.536534 0.000000 2.407826
v 2.906054 0.000000 2.407826
v 2.906054 1.115547 2.407826
v 2.906054 1.115547 2.035870
v 2.906054 0.000000 2.035870
v 2.793319 0.000000 2.035870
v 2.793319 0.000000 1.972826
v 2.906054 0.000000 1.972826
v 2.906054 1.115547 1.972826
v 2.906054 1.115547 1.027174
v 2.906054 0.000000 1.027174
v 2.793319 0.000000 1.027174
v 1.198869 1.122181 0.425993
v 1.212997 1.035308 0.425149
v 1.236359 0.950484 0.423753
v 1.268683 0.868704 0.421822
v 1.309588 0.790926 0.419379
v 1.358595 0.718062 0.416451
v 1.415130 0.650967 0.413074
v 1.478529 0.590427 0.409287
v 1.548050 0.537152 0.405134
v 1.622877 0.491767 0.400664
v 1.702134 0.454803 0.395930
v 1.784890 0.426694 0.390986
v 1.870176 0.407769 0.385892
v 1.956991 0.398251 0.380705
v 2.044319 0.398251 0.375489
v 2.131135 0.407769 0.370303
v 2.216421 0.426694 0.365208
v 2.299177 0.454803 0.360265
v 2.378433 0.491767 0.355530
v 2.453261 0.537152 0.351060
v 2.522781 0.590427 0.346907
v 2.586181 0.650967 0.343120
v 2.642715 0.718062 0.339743
v 2.691723 0.790926 0.336815
v 2.732628 0.868704 0.334372
v 2.764951 0.950484 0.332441
v 2.788313 1.035308 0.331046
v 2.802441 1.122181 0.330202
v 2.807169 1.210085 0.329919
v 2.787667 1.122181 0.163382
v 2.792370 1.210085 0.162819
v 2.763101 1.122181 -0.002263
v 2.767763 1.210085 -0.003106
v 2.728830 1.122181 -0.166152
v 2.733433 1.210085 -0.167272
v 2.684973 1.122181 -0.327710
v 2.689503 1.210085 -0.329102
v 2.631686 1.122181 -0.486369
v 2.636125 1.210085 -0.488029
v 2.569154 1.122181 -0.641572
v 2.573488 1.210085 -0.643493
v 2.497598 1.122181 -0.792773
v 2.501812 1.210085 -0.794950
v 2.417270 1.122181 -0.939441
v 2.421348 1.210084 -0.941866
v 2.328450 1.122181 -1.081063
v 2.332378 1.210084 -1.083726
v 2.231452 1.122181 -1.217139
v 2.235217 1.210084 -1.220031
v 2.126616 1.122181 -1.347191
v 2.130203 1.210084 -1.350303
v 2.014310 1.122181 -1.470764
v 2.017708 1.210084 -1.474085
v 1.894928 1.122181 -1.587423
v 1.898125 1.210084 -1.590940
v 1.768891 1.122181 -1.696758
v 1.771875 1.210084 -1.700460
v 1.636640 1.122181 -1.798386
v 1.639401 1.210084 -1.802259
v 1.498641 1.122181 -1.891948
v 1.501169 1.210084 -1.895979
v 1.355377 1.122181 -1.977117
v 1.357664 1.210084 -1.981292
v 1.207353 1.122181 -2.053594
v 1.209390 1.210084 -2.057898
v 1.055088 1.122181 -2.121109
v 1.056868 1.210084 -2.125527
v 0.899117 1.122181 -2.179426
v 0.900633 1.210084 -2.183942
v 0.739987 1.122181 -2.228340
v 0.741236 1.210084 -2.232939
v 0.578259 1.122181 -2.267679
v 0.579234 1.210084 -2.272344
v 0.414499 1.122181 -2.297305
v 0.415198 1.210084 -2.302020
v 0.249283 1.122181 -2.317113
v 0.249704 1.210084 -2.321862
v 0.083192 1.122181 -2.327035
v 0.083332 1.210084 -2.331800
v -0.083192 1.122181 -2.327035
v -0.083332 1.210084 -2.331800
v -0.249283 1.122181 -2.317113
v -0.249704 1.210084 -2.321862
v -0.414499 1.122181 -2.297305
v -0.415198 1.210084 -2.302020
v -0.578259 1.122181 -2.267679
v -0.579234 1.210084 -2.272344
v -0.739987 1.122181 -2.228340
v -0.741236 1.210084 -2.232939
v -0.899117 1.122181 -2.179426
v -0.900634 1.210084 -2.183942
v -1.055088 1.122181 -2.121109
v -1.056868 1.210084 -2.125527
v -1.207353 1.122181 -2.053594
v -1.209390 1.210084 -2.057898
v -1.355378 1.122181 -1.977117
v -1.357664 1.210084 -1.981292
v -1.498641 1.122181 -1.891948
v -1.501169 1.210084 -1.895979
v -1.636640 1.122180 -1.798386
v -1.639402 1.210084 -1.802259
v -1.768891 1.122180 -1.696758
v -1.771875 1.210084 -1.700460
v -1.894929 1.122180 -1.587423
v -1.898125 1.210084 -1.590940
v -2.014310 1.122180 -1.470764
v -2.017708 1.210084 -1.474085
v -2.126616 1.122180 -1.347191
v -2.130204 1.210084 -1.350303
v -2.231452 1.122180 -1.217139
v -2.235217 1.210084 -1.220031
v -2.328451 1.122180 -1.081063
v -2.332379 1.210084 -1.083726
v -2.417270 1.122180 -0.939441
v -2.421348 1.210084 -0.941866
v -2.497599 1.122180 -0.792773
v -2.501812 1.210084 -0.794950
v -2.569155 1.122180 -0.641572
v -2.573489 1.210084 -0.643493
v -2.631686 1.122180 -0.486369
v -2.636126 1.210084 -0.488029
v -2.684974 1.122180 -0.327710
v -2.689503 1.210084 -0.329102
v -2.728830 1.122180 -0.166152
v -2.733434 1.210084 -0.167272
v -2.763102 1.122180 -0.002263
v -2.767763 1.210084 -0.003106
v -2.787668 1.122180 0.163382
v -2.792371 1.210084 0.162819
v -2.802442 1.122180 0.330202
v -2.807170 1.210084 0.329919
v -2.788314 1.035307 0.331046
v -2.773614 1.035307 0.165067
v -2.749172 1.035307 0.000257
v -2.715073 1.035307 -0.162806
v -2.671438 1.035307 -0.323549
v -2.618419 1.035307 -0.481408
v -2.556202 1.035307 -0.635828
v -2.485008 1.035308 -0.786268
v -2.405084 1.035308 -0.932197
v -2.316712 1.035308 -1.073104
v -2.220203 1.035308 -1.208494
v -2.115895 1.035308 -1.337891
v -2.004155 1.035308 -1.460841
v -1.885376 1.035308 -1.576912
v -1.759974 1.035308 -1.685696
v -1.628390 1.035308 -1.786811
v -1.491086 1.035308 -1.879901
v -1.348545 1.035308 -1.964641
v -1.201267 1.035308 -2.040732
v -1.049769 1.035308 -2.107907
v -0.894584 1.035308 -2.165931
v -0.736257 1.035308 -2.214598
v -0.575344 1.035308 -2.253738
v -0.412409 1.035308 -2.283215
v -0.248027 1.035308 -2.302923
v -0.082773 1.035308 -2.312795
v 0.082772 1.035308 -2.312795
v 0.248026 1.035308 -2.302923
v 0.412409 1.035308 -2.283215
v 0.575343 1.035308 -2.253738
v 0.736257 1.035308 -2.214598
v 0.894584 1.035308 -2.165931
v 1.049769 1.035308 -2.107907
v 1.201266 1.035308 -2.040732
v 1.348544 1.035308 -1.964641
v 1.491086 1.035308 -1.879901
v 1.628389 1.035308 -1.786811
v 1.759973 1.035308 -1.685696
v 1.885375 1.035308 -1.576912
v 2.004155 1.035308 -1.460841
v 2.115895 1.035308 -1.337891
v 2.220203 1.035308 -1.208494
v 2.316712 1.035308 -1.073104
v 2.405083 1.035308 -0.932197
v 2.485007 1.035308 -0.786268
v 2.556202 1.035308 -0.635828
v 2.618418 1.035308 -0.481408
v 2.671437 1.035308 -0.323549
v 2.715073 1.035308 -0.162806
v 2.749172 1.035308 0.000257
v 2.773614 1.035308 0.165067
v -2.764951 0.950484 0.332441
v -2.750375 0.950484 0.167854
v -2.726137 0.950484 0.004424
v -2.692324 0.950484 -0.157272
v -2.649054 0.950484 -0.316669
v -2.596479 0.950484 -0.473205
v -2.534785 0.950484 -0.626332
v -2.464186 0.950484 -0.775510
v -2.384932 0.950484 -0.920217
v -2.297301 0.950484 -1.059943
v -2.201600 0.950484 -1.194199
v -2.098166 0.950484 -1.322512
v -1.987363 0.950484 -1.444432
v -1.869579 0.950484 -1.559530
v -1.745227 0.950484 -1.667402
v -1.614746 0.950484 -1.767670
v -1.478592 0.950484 -1.859981
v -1.337245 0.950484 -1.944011
v -1.191201 0.950484 -2.019464
v -1.040973 0.950484 -2.086076
v -0.887089 0.950484 -2.143613
v -0.730088 0.950484 -2.191873
v -0.570523 0.950484 -2.230685
v -0.408954 0.950484 -2.259915
v -0.245948 0.950484 -2.279458
v -0.082079 0.950484 -2.289247
v 0.082079 0.950484 -2.289247
v 0.245948 0.950484 -2.279458
v 0.408954 0.950484 -2.259915
v 0.570523 0.950484 -2.230685
v 0.730088 0.950484 -2.191873
v 0.887088 0.950484 -2.143613
v 1.040973 0.950484 -2.086076
v 1.191201 0.950484 -2.019464
v 1.337245 0.950484 -1.944011
v 1.478592 0.950484 -1.859981
v 1.614746 0.950484 -1.767670
v 1.745227 0.950484 -1.667402
v 1.869578 0.950484 -1.559530
v 1.987363 0.950484 -1.444432
v 2.098166 0.950484 -1.322512
v 2.201600 0.950484 -1.194199
v 2.297301 0.950484 -1.059943
v 2.384932 0.950484 -0.920217
v 2.464186 0.950484 -0.775510
v 2.534785 0.950484 -0.626332
v 2.596479 0.950484 -0.473205
v 2.649054 0.950484 -0.316669
v 2.692324 0.950484 -0.157272
v 2.726137 0.950484 0.004424
v 2.750375 0.950484 0.167854
v -2.732628 0.868703 0.334372
v -2.718222 0.868703 0.171709
v -2.694268 0.868703 0.010190
v -2.660850 0.868703 -0.149617
v -2.618086 0.868703 -0.307150
v -2.566126 0.868703 -0.461856
v -2.505152 0.868703 -0.613193
v -2.435379 0.868703 -0.760627
v -2.357051 0.868703 -0.903642
v -2.270445 0.868703 -1.041735
v -2.175863 0.868703 -1.174421
v -2.073638 0.868703 -1.301234
v -1.964130 0.868703 -1.421728
v -1.847723 0.868703 -1.535481
v -1.724825 0.868703 -1.642092
v -1.595869 0.868703 -1.741188
v -1.461307 0.868703 -1.832420
v -1.321613 0.868703 -1.915467
v -1.177276 0.868704 -1.990039
v -1.028804 0.868704 -2.055872
v -0.876718 0.868704 -2.112736
v -0.721553 0.868704 -2.160432
v -0.563853 0.868704 -2.198791
v -0.404173 0.868704 -2.227678
v -0.243073 0.868704 -2.246993
v -0.081119 0.868704 -2.256668
v 0.081119 0.868704 -2.256668
v 0.243073 0.868704 -2.246993
v 0.404173 0.868704 -2.227678
v 0.563853 0.868704 -2.198791
v 0.721553 0.868704 -2.160432
v 0.876718 0.868704 -2.112736
v 1.028804 0.868704 -2.055872
v 1.177276 0.868704 -1.990039
v 1.321612 0.868704 -1.915467
v 1.461307 0.868704 -1.832420
v 1.595869 0.868704 -1.741188
v 1.724825 0.868704 -1.642092
v 1.847722 0.868704 -1.535481
v 1.964130 0.868704 -1.421728
v 2.073638 0.868704 -1.301234
v 2.175863 0.868704 -1.174421
v 2.270445 0.868704 -1.041735
v 2.357051 0.868704 -0.903642
v 2.435379 0.868704 -0.760627
v 2.505152 0.868704 -0.613193
v 2.566126 0.868704 -0.461856
v 2.618086 0.868704 -0.307150
v 2.660850 0.868704 -0.149617
v 2.694268 0.868704 0.010190
v 2.718222 0.868704 0.171709
v -2.691723 0.790926 0.336815
v -2.677532 0.790926 0.176587
v -2.653937 0.790926 0.017486
v -2.621019 0.790926 -0.139928
v -2.578896 0.790926 -0.295103
v -2.527713 0.790926 -0.447494
v -2.467652 0.790926 -0.596565
v -2.398923 0.790926 -0.741792
v -2.321768 0.790926 -0.882666
v -2.236458 0.790926 -1.018692
v -2.143292 0.790926 -1.149392
v -2.042598 0.790926 -1.274307
v -1.934729 0.790926 -1.392998
v -1.820064 0.790926 -1.505048
v -1.699006 0.790926 -1.610063
v -1.571980 0.790926 -1.707675
v -1.439433 0.790926 -1.797541
v -1.301829 0.790926 -1.879346
v -1.159653 0.790926 -1.952801
v -1.013404 0.790926 -2.017649
v -0.863595 0.790926 -2.073662
v -0.710752 0.790926 -2.120643
v -0.555413 0.790926 -2.158428
v -0.398123 0.790926 -2.186883
v -0.239435 0.790926 -2.205909
v -0.079905 0.790926 -2.215439
v 0.079905 0.790926 -2.215439
v 0.239434 0.790926 -2.205909
v 0.398123 0.790926 -2.186883
v 0.555413 0.790926 -2.158428
v 0.710752 0.790926 -2.120643
v 0.863594 0.790926 -2.073662
v 1.013403 0.790926 -2.017649
v 1.159653 0.790926 -1.952801
v 1.301829 0.790926 -1.879346
v 1.439433 0.790926 -1.797541
v 1.571980 0.790926 -1.707675
v 1.699006 0.790926 -1.610063
v 1.820064 0.790926 -1.505048
v 1.934728 0.790926 -1.392998
v 2.042598 0.790926 -1.274307
v 2.143292 0.790926 -1.149392
v 2.236458 0.790926 -1.018692
v 2.321768 0.790926 -0.882666
v 2.398923 0.790926 -0.741792
v 2.467652 0.790926 -0.596565
v 2.527713 0.790926 -0.447494
v 2.578896 0.790926 -0.295103
v 2.621019 0.790926 -0.139928
v 2.653937 0.790926 0.017486
v 2.677532 0.790926 0.176587
v -2.642715 0.718062 0.339743
v -2.628784 0.718062 0.182432
v -2.605618 0.718062 0.026228
v -2.573300 0.718062 -0.128321
v -2.531943 0.718062 -0.280671
v -2.481692 0.718062 -0.430287
v -2.422724 0.718062 -0.576643
v -2.355247 0.718062 -0.719227
v -2.279497 0.718062 -0.857537
v -2.195740 0.718062 -0.991086
v -2.104270 0.718062 -1.119406
v -2.005409 0.718062 -1.242046
v -1.899504 0.718062 -1.358576
v -1.786927 0.718062 -1.468586
v -1.668073 0.718062 -1.571690
v -1.543360 0.718062 -1.667525
v -1.413226 0.718062 -1.755754
v -1.278127 0.718062 -1.836069
v -1.138540 0.718062 -1.908187
v -0.994953 0.718062 -1.971855
v -0.847871 0.718062 -2.026848
v -0.697812 0.718062 -2.072974
v -0.545301 0.718062 -2.110070
v -0.390874 0.718062 -2.138008
v -0.235075 0.718062 -2.156687
v -0.078450 0.718062 -2.166044
v 0.078450 0.718062 -2.166044
v 0.235075 0.718062 -2.156687
v 0.390874 0.718062 -2.138008
v 0.545301 0.718062 -2.110070
v 0.697811 0.718062 -2.072974
v 0.847871 0.718062 -2.026848
v 0.994953 0.718062 -1.971855
v 1.138540 0.718062 -1.908187
v 1.278127 0.718062 -1.836069
v 1.413225 0.718062 -1.755754
v 1.543359 0.718062 -1.667525
v 1.668072 0.718062 -1.571690
v 1.786926 0.718062 -1.468586
v 1.899504 0.718062 -1.358576
v 2.005409 0.718062 -1.242046
v 2.104270 0.718062 -1.119406
v 2.195740 0.718062 -0.991086
v 2.279497 0.718062 -0.857537
v 2.355247 0.718062 -0.719227
v 2.422724 0.718062 -0.576643
v 2.481692 0.718062 -0.430287
v 2.531943 0.718062 -0.280671
v 2.573300 0.718062 -0.128321
v 2.605618 0.718062 0.026228
v 2.628784 0.718062 0.182432
v -2.586181 0.650967 0.343120
v -2.572547 0.650967 0.189174
v -2.549877 0.650967 0.036312
v -2.518250 0.650967 -0.114931
v -2.477778 0.650967 -0.264021
v -2.428602 0.650967 -0.410437
v -2.370896 0.650967 -0.553663
v -2.304862 0.650967 -0.693196
v -2.230732 0.650967 -0.828546
v -2.148767 0.650967 -0.959239
v -2.059254 0.650967 -1.084814
v -1.962508 0.650967 -1.204830
v -1.858868 0.650967 -1.318867
v -1.748699 0.650967 -1.426524
v -1.632388 0.650967 -1.527422
v -1.510343 0.650967 -1.621207
v -1.382993 0.650967 -1.707549
v -1.250785 0.650967 -1.786146
v -1.114183 0.650967 -1.856721
v -0.973668 0.650967 -1.919026
v -0.829733 0.650967 -1.972843
v -0.682883 0.650967 -2.017982
v -0.533635 0.650967 -2.054285
v -0.382513 0.650967 -2.081625
v -0.230046 0.650967 -2.099905
v -0.076772 0.650967 -2.109061
v 0.076772 0.650967 -2.109061
v 0.230046 0.650967 -2.099905
v 0.382512 0.650967 -2.081625
v 0.533635 0.650967 -2.054285
v 0.682883 0.650967 -2.017982
v 0.829733 0.650967 -1.972843
v 0.973668 0.650967 -1.919026
v 1.114183 0.650967 -1.856721
v 1.250785 0.650967 -1.786146
v 1.382993 0.650967 -1.707549
v 1.510343 0.650967 -1.621207
v 1.632388 0.650967 -1.527422
v 1.748699 0.650967 -1.426524
v 1.858868 0.650967 -1.318867
v 1.962508 0.650967 -1.204830
v 2.059254 0.650967 -1.084814
v 2.148767 0.650967 -0.959239
v 2.230732 0.650967 -0.828546
v 2.304862 0.650967 -0.693196
v 2.370896 0.650967 -0.553663
v 2.428602 0.650967 -0.410437
v 2.477778 0.650967 -0.264021
v 2.518250 0.650967 -0.114931
v 2.549877 0.650967 0.036312
v 2.572547 0.650967 0.189174
v -2.522781 0.590427 0.346907
v -2.509482 0.590427 0.196735
v -2.487367 0.590427 0.047620
v -2.456516 0.590427 -0.099914
v -2.417036 0.590427 -0.245350
v -2.369066 0.590427 -0.388176
v -2.312774 0.590427 -0.527891
v -2.248359 0.590427 -0.664004
v -2.176047 0.590427 -0.796036
v -2.096091 0.590427 -0.923524
v -2.008772 0.590427 -1.046021
v -1.914398 0.590427 -1.163096
v -1.813299 0.590427 -1.274337
v -1.705831 0.590427 -1.379354
v -1.592371 0.590427 -1.477779
v -1.473318 0.590427 -1.569264
v -1.349089 0.590427 -1.653491
v -1.220122 0.590427 -1.730160
v -1.086870 0.590427 -1.799005
v -0.949799 0.590427 -1.859783
v -0.809392 0.590427 -1.912281
v -0.666143 0.590427 -1.956313
v -0.520553 0.590427 -1.991726
v -0.373135 0.590427 -2.018396
v -0.224407 0.590427 -2.036227
v -0.074890 0.590427 -2.045159
v 0.074890 0.590427 -2.045159
v 0.224407 0.590427 -2.036227
v 0.373135 0.590427 -2.018396
v 0.520553 0.590427 -1.991726
v 0.666143 0.590427 -1.956313
v 0.809392 0.590427 -1.912281
v 0.949799 0.590427 -1.859783
v 1.086869 0.590427 -1.799005
v 1.220122 0.590427 -1.730160
v 1.349089 0.590427 -1.653491
v 1.473317 0.590427 -1.569264
v 1.592371 0.590427 -1.477779
v 1.705830 0.590427 -1.379354
v 1.813299 0.590427 -1.274337
v 1.914397 0.590427 -1.163096
v 2.008772 0.590427 -1.046021
v 2.096091 0.590427 -0.923524
v 2.176047 0.590427 -0.796036
v 2.248359 0.590427 -0.664004
v 2.312774 0.590427 -0.527891
v 2.369066 0.590427 -0.388176
v 2.417036 0.590427 -0.245350
v 2.456516 0.590427 -0.099914
v 2.487367 0.590427 0.047620
v 2.509482 0.590427 0.196735
v -2.453261 0.537152 0.351060
v -2.440327 0.537152 0.205027
v -2.418822 0.537152 0.060021
v -2.388821 0.537152 -0.083448
v -2.350429 0.537152 -0.224876
v -2.303781 0.537152 -0.363766
v -2.249041 0.537152 -0.499631
v -2.186401 0.537152 -0.631993
v -2.116081 0.537152 -0.760387
v -2.038328 0.537152 -0.884362
v -1.953416 0.537152 -1.003483
v -1.861642 0.537152 -1.117331
v -1.763329 0.537152 -1.225507
v -1.658823 0.537152 -1.327630
v -1.548489 0.537152 -1.423342
v -1.432717 0.537152 -1.512307
v -1.311912 0.537152 -1.594212
v -1.186499 0.537152 -1.668769
v -1.056918 0.537152 -1.735717
v -0.923625 0.537152 -1.794820
v -0.787088 0.537152 -1.845871
v -0.647786 0.537152 -1.888690
v -0.506208 0.537152 -1.923127
v -0.362853 0.537152 -1.949062
v -0.218223 0.537152 -1.966402
v -0.072826 0.537152 -1.975088
v 0.072826 0.537152 -1.975088
v 0.218223 0.537152 -1.966402
v 0.362853 0.537152 -1.949062
v 0.506208 0.537152 -1.923127
v 0.647786 0.537152 -1.888690
v 0.787088 0.537152 -1.845871
v 0.923625 0.537152 -1.794820
v 1.056918 0.537152 -1.735717
v 1.186499 0.537152 -1.668769
v 1.311912 0.537152 -1.594212
v 1.432717 0.537152 -1.512307
v 1.548489 0.537152 -1.423342
v 1.658822 0.537152 -1.327630
v 1.763329 0.537152 -1.225507
v 1.861642 0.537152 -1.117331
v 1.953416 0.537152 -1.003483
v 2.038328 0.537152 -0.884362
v 2.116081 0.537152 -0.760387
v 2.186401 0.537152 -0.631993
v 2.249041 0.537152 -0.499631
v 2.303781 0.537152 -0.363766
v 2.350429 0.537152 -0.224876
v 2.388821 0.537152 -0.083448
v 2.418822 0.537152 0.060021
v 2.440327 0.537152 0.205027
v -2.378433 0.491766 0.355530
v -2.365895 0.491766 0.213951
v -2.345045 0.491766 0.073368
v -2.315959 0.491766 -0.065725
v -2.278738 0.491766 -0.202840
v -2.233513 0.491766 -0.337494
v -2.180442 0.491766 -0.469214
v -2.119713 0.491766 -0.597539
v -2.051538 0.491766 -0.722017
v -1.976157 0.491766 -0.842210
v -1.893834 0.491766 -0.957698
v -1.804860 0.491766 -1.068074
v -1.709546 0.491766 -1.172950
v -1.608227 0.491766 -1.271958
v -1.501258 0.491766 -1.364751
v -1.389017 0.491766 -1.451002
v -1.271897 0.491766 -1.530409
v -1.150309 0.491766 -1.602692
v -1.024681 0.491766 -1.667598
v -0.895454 0.491766 -1.724898
v -0.763081 0.491766 -1.774392
v -0.628028 0.491766 -1.815905
v -0.490768 0.491766 -1.849292
v -0.351785 0.491766 -1.874435
v -0.211567 0.491766 -1.891247
v -0.070605 0.491767 -1.899668
v 0.070605 0.491767 -1.899668
v 0.211567 0.491767 -1.891247
v 0.351785 0.491767 -1.874435
v 0.490768 0.491767 -1.849292
v 0.628027 0.491767 -1.815905
v 0.763081 0.491767 -1.774392
v 0.895453 0.491767 -1.724898
v 1.024681 0.491767 -1.667598
v 1.150309 0.491767 -1.602692
v 1.271897 0.491767 -1.530409
v 1.389017 0.491767 -1.451002
v 1.501258 0.491767 -1.364751
v 1.608227 0.491767 -1.271958
v 1.709546 0.491767 -1.172950
v 1.804860 0.491767 -1.068074
v 1.893834 0.491767 -0.957698
v 1.976157 0.491767 -0.842210
v 2.051538 0.491767 -0.722017
v 2.119713 0.491767 -0.597539
v 2.180442 0.491767 -0.469214
v 2.233513 0.491767 -0.337494
v 2.278738 0.491767 -0.202840
v 2.315959 0.491767 -0.065725
v 2.345045 0.491767 0.073368
v 2.365895 0.491767 0.213951
v -2.299177 0.454802 0.360265
v -2.287056 0.454802 0.223403
v -2.266902 0.454802 0.087505
v -2.238785 0.454802 -0.046953
v -2.202804 0.454802 -0.179499
v -2.159086 0.454802 -0.309665
v -2.107784 0.454802 -0.436997
v -2.049078 0.454802 -0.561045
v -1.983175 0.454802 -0.681375
v -1.910306 0.454802 -0.797564
v -1.830726 0.454802 -0.909203
v -1.744717 0.454802 -1.015901
v -1.652579 0.454802 -1.117282
v -1.554636 0.454802 -1.212991
v -1.451232 0.454802 -1.302692
v -1.342731 0.454802 -1.386069
v -1.229514 0.454802 -1.462830
v -1.111978 0.454802 -1.532704
v -0.990536 0.454802 -1.595447
v -0.865614 0.454802 -1.650838
v -0.737653 0.454802 -1.698682
v -0.607100 0.454803 -1.738812
v -0.474415 0.454803 -1.771087
v -0.340063 0.454803 -1.795392
v -0.204517 0.454803 -1.811643
v -0.068252 0.454803 -1.819783
v 0.068252 0.454803 -1.819783
v 0.204517 0.454803 -1.811643
v 0.340063 0.454803 -1.795392
v 0.474414 0.454803 -1.771087
v 0.607100 0.454803 -1.738812
v 0.737653 0.454803 -1.698682
v 0.865614 0.454803 -1.650838
v 0.990536 0.454803 -1.595447
v 1.111978 0.454803 -1.532704
v 1.229514 0.454803 -1.462830
v 1.342731 0.454803 -1.386069
v 1.451232 0.454803 -1.302692
v 1.554636 0.454803 -1.212991
v 1.652579 0.454803 -1.117282
v 1.744717 0.454803 -1.015901
v 1.830726 0.454803 -0.909203
v 1.910306 0.454803 -0.797564
v 1.983175 0.454803 -0.681375
v 2.049078 0.454803 -0.561045
v 2.107784 0.454803 -0.436997
v 2.159086 0.454803 -0.309665
v 2.202804 0.454803 -0.179499
v 2.238785 0.454803 -0.046953
v 2.266902 0.454803 0.087505
v 2.287056 0.454803 0.223403
v -2.216421 0.426693 0.365208
v -2.204736 0.426693 0.233273
v -2.185307 0.426693 0.102266
v -2.158202 0.426693 -0.027353
v -2.123517 0.426693 -0.155127
v -2.081372 0.426693 -0.280609
v -2.031916 0.426693 -0.403357
v -1.975324 0.426693 -0.522940
v -1.911793 0.426693 -0.638939
v -1.841546 0.426693 -0.750945
v -1.764831 0.426693 -0.858566
v -1.681917 0.426693 -0.961424
v -1.593096 0.426693 -1.059156
v -1.498678 0.426693 -1.151420
v -1.398997 0.426693 -1.237892
v -1.294401 0.426693 -1.318268
v -1.185259 0.426693 -1.392266
v -1.071953 0.426693 -1.459625
v -0.954883 0.426693 -1.520110
v -0.834458 0.426694 -1.573507
v -0.711102 0.426694 -1.619629
v -0.585248 0.426694 -1.658315
v -0.457339 0.426694 -1.689427
v -0.327823 0.426694 -1.712858
v -0.197155 0.426694 -1.728524
v -0.065796 0.426694 -1.736371
v 0.065795 0.426694 -1.736371
v 0.197155 0.426694 -1.728524
v 0.327823 0.426694 -1.712858
v 0.457338 0.426694 -1.689427
v 0.585248 0.426694 -1.658315
v 0.711102 0.426694 -1.619629
v 0.834458 0.426694 -1.573507
v 0.954882 0.426694 -1.520110
v 1.071953 0.426694 -1.459625
v 1.185259 0.426694 -1.392266
v 1.294401 0.426694 -1.318268
v 1.398997 0.426694 -1.237892
v 1.498678 0.426694 -1.151420
v 1.593096 0.426694 -1.059156
v 1.681917 0.426694 -0.961424
v 1.764831 0.426694 -0.858566
v 1.841546 0.426694 -0.750945
v 1.911793 0.426694 -0.638939
v 1.975324 0.426694 -0.522940
v 2.031916 0.426694 -0.403357
v 2.081372 0.426694 -0.280609
v 2.123517 0.426694 -0.155127
v 2.158202 0.426694 -0.027353
v 2.185307 0.426694 0.102266
v 2.204736 0.426694 0.233273
v -2.131135 0.407769 0.370303
v -2.119900 0.407769 0.243444
v -2.101218 0.407769 0.117478
v -2.075156 0.407769 -0.007152
v -2.041806 0.407769 -0.130010
v -2.001282 0.407769 -0.250663
v -1.953730 0.407769 -0.368688
v -1.899315 0.407769 -0.483670
v -1.838228 0.407769 -0.595206
v -1.770685 0.407769 -0.702902
v -1.696922 0.407769 -0.806382
v -1.617199 0.407769 -0.905281
v -1.531795 0.407769 -0.999253
v -1.441010 0.407769 -1.087967
v -1.345165 0.407769 -1.171112
v -1.244594 0.407769 -1.248395
v -1.139651 0.407769 -1.319545
v -1.030705 0.407769 -1.384313
v -0.918139 0.407769 -1.442470
v -0.802348 0.407769 -1.493812
v -0.683739 0.407769 -1.538160
v -0.562728 0.407769 -1.575356
v -0.439741 0.407769 -1.605272
v -0.315208 0.407769 -1.627801
v -0.189569 0.407769 -1.642864
v -0.063264 0.407769 -1.650410
v 0.063264 0.407769 -1.650410
v 0.189569 0.407769 -1.642864
v 0.315208 0.407769 -1.627801
v 0.439740 0.407769 -1.605272
v 0.562728 0.407769 -1.575356
v 0.683739 0.407769 -1.538160
v 0.802348 0.407769 -1.493812
v 0.918139 0.407769 -1.442470
v 1.030705 0.407769 -1.384313
v 1.139651 0.407769 -1.319545
v 1.244594 0.407769 -1.248395
v 1.345165 0.407769 -1.171112
v 1.441010 0.407769 -1.087967
v 1.531795 0.407769 -0.999253
v 1.617199 0.407769 -0.905281
v 1.696922 0.407769 -0.806382
v 1.770685 0.407769 -0.702902
v 1.838228 0.407769 -0.595206
v 1.899315 0.407769 -0.483670
v 1.953730 0.407769 -0.368688
v 2.001282 0.407769 -0.250663
v 2.041806 0.407769 -0.130010
v 2.075156 0.407769 -0.007152
v 2.101218 0.407769 0.117478
v 2.119900 0.407769 0.243444
v -2.044319 0.398251 0.375489
v -2.033542 0.398251 0.253798
v -2.015621 0.398251 0.132964
v -1.990621 0.398251 0.013410
v -1.958629 0.398251 -0.104443
v -1.919757 0.398251 -0.220181
v -1.874141 0.398251 -0.333398
v -1.821943 0.398251 -0.443696
v -1.763345 0.398251 -0.550688
v -1.698553 0.398251 -0.653997
v -1.627795 0.398251 -0.753261
v -1.551319 0.398251 -0.848132
v -1.469394 0.398251 -0.938276
v -1.382308 0.398251 -1.023376
v -1.290367 0.398251 -1.103133
v -1.193893 0.398251 -1.177268
v -1.093225 0.398251 -1.245520
v -0.988718 0.398251 -1.307649
v -0.880737 0.398251 -1.363437
v -0.769663 0.398251 -1.412688
v -0.655886 0.398251 -1.455229
v -0.539804 0.398251 -1.490911
v -0.421827 0.398251 -1.519608
v -0.302368 0.398251 -1.541219
v -0.181847 0.398251 -1.555669
v -0.060687 0.398251 -1.562906
v 0.060687 0.398251 -1.562906
v 0.181846 0.398251 -1.555669
v 0.302368 0.398251 -1.541219
v 0.421827 0.398251 -1.519608
v 0.539804 0.398251 -1.490911
v 0.655886 0.398251 -1.455229
v 0.769663 0.398251 -1.412688
v 0.880737 0.398251 -1.363437
v 0.988718 0.398251 -1.307649
v 1.093225 0.398251 -1.245520
v 1.193893 0.398251 -1.177268
v 1.290367 0.398251 -1.103133
v 1.382308 0.398251 -1.023376
v 1.469394 0.398251 -0.938276
v 1.551319 0.398251 -0.848132
v 1.627795 0.398251 -0.753261
v 1.698553 0.398251 -0.653997
v 1.763345 0.398251 -0.550688
v 1.821943 0.398251 -0.443696
v 1.874141 0.398251 -0.333398
v 1.919757 0.398251 -0.220181
v 1.958629 0.398251 -0.104443
v 1.990621 0.398251 0.013410
v 2.015621 0.398251 0.132964
v 2.033542 0.398251 0.253798
v -1.956991 0.398251 0.380705
v -1.946674 0.398251 0.264213
v -1.929520 0.398251 0.148540
v -1.905587 0.398251 0.034093
v -1.874962 0.398251 -0.078725
v -1.837750 0.398251 -0.189519
v -1.794083 0.398251 -0.297900
v -1.744115 0.398251 -0.403486
v -1.688020 0.398251 -0.505907
v -1.625996 0.398251 -0.604804
v -1.558260 0.398251 -0.699828
v -1.485051 0.398251 -0.790646
v -1.406626 0.398251 -0.876939
v -1.323260 0.398251 -0.958404
v -1.235246 0.398251 -1.034754
v -1.142893 0.398251 -1.105722
v -1.046526 0.398251 -1.171058
v -0.946483 0.398251 -1.230534
v -0.843115 0.398251 -1.283938
v -0.736785 0.398251 -1.331085
v -0.627868 0.398251 -1.371809
v -0.516745 0.398251 -1.405967
v -0.403808 0.398251 -1.433438
v -0.289451 0.398251 -1.454126
v -0.174079 0.398251 -1.467958
v -0.058094 0.398251 -1.474887
v 0.058094 0.398251 -1.474887
v 0.174078 0.398251 -1.467958
v 0.289451 0.398251 -1.454126
v 0.403808 0.398251 -1.433438
v 0.516745 0.398251 -1.405967
v 0.627868 0.398251 -1.371809
v 0.736785 0.398251 -1.331085
v 0.843115 0.398251 -1.283938
v 0.946482 0.398251 -1.230534
v 1.046526 0.398251 -1.171058
v 1.142893 0.398251 -1.105722
v 1.235246 0.398251 -1.034754
v 1.323260 0.398251 -0.958404
v 1.406626 0.398251 -0.876939
v 1.485051 0.398251 -0.790646
v 1.558260 0.398251 -0.699828
v 1.625996 0.398251 -0.604804
v 1.688020 0.398251 -0.505907
v 1.744115 0.398251 -0.403486
v 1.794083 0.398251 -0.297900
v 1.837750 0.398251 -0.189519
v 1.874962 0.398251 -0.078725
v 1.905587 0.398251 0.034093
v 1.929520 0.398251 0.148540
v 1.946674 0.398251 0.264213
v -1.870176 0.407769 0.385892
v -1.860317 0.407769 0.274567
v -1.843923 0.407769 0.164026
v -1.821052 0.407769 0.054656
v -1.791785 0.407769 -0.053158
v -1.756224 0.407769 -0.159037
v -1.714494 0.407769 -0.262609
v -1.666742 0.407769 -0.363512
v -1.613136 0.407769 -0.461390
v -1.553864 0.407769 -0.555899
v -1.489133 0.407769 -0.646707
v -1.419172 0.407769 -0.733496
v -1.344226 0.407769 -0.815961
v -1.264558 0.407769 -0.893812
v -1.180448 0.407769 -0.966776
v -1.092192 0.407769 -1.034595
v -1.000100 0.407769 -1.097033
v -0.904495 0.407769 -1.153870
v -0.805713 0.407769 -1.204906
v -0.704100 0.407769 -1.249961
v -0.600015 0.407769 -1.288878
v -0.493822 0.407769 -1.321521
v -0.385894 0.407769 -1.347773
v -0.276611 0.407769 -1.367543
v -0.166356 0.407769 -1.380762
v -0.055517 0.407769 -1.387383
v 0.055517 0.407769 -1.387383
v 0.166356 0.407769 -1.380762
v 0.276611 0.407769 -1.367543
v 0.385894 0.407769 -1.347773
v 0.493822 0.407769 -1.321521
v 0.600015 0.407769 -1.288878
v 0.704100 0.407769 -1.249961
v 0.805713 0.407769 -1.204906
v 0.904495 0.407769 -1.153870
v 1.000100 0.407769 -1.097033
v 1.092192 0.407769 -1.034595
v 1.180448 0.407769 -0.966776
v 1.264558 0.407769 -0.893812
v 1.344226 0.407769 -0.815961
v 1.419172 0.407769 -0.733496
v 1.489133 0.407769 -0.646707
v 1.553864 0.407769 -0.555899
v 1.613136 0.407769 -0.461390
v 1.666742 0.407769 -0.363512
v 1.714494 0.407769 -0.262609
v 1.756224 0.407769 -0.159037
v 1.791785 0.407769 -0.053158
v 1.821052 0.407769 0.054656
v 1.843923 0.407769 0.164026
v 1.860317 0.407769 0.274567
v -1.784890 0.426693 0.390986
v -1.775480 0.426693 0.284738
v -1.759834 0.426693 0.179238
v -1.738006 0.426693 0.074856
v -1.710074 0.426693 -0.028041
v -1.676135 0.426693 -0.129092
v -1.636308 0.426693 -0.227941
v -1.590734 0.426693 -0.324242
v -1.539572 0.426693 -0.417656
v -1.483002 0.426693 -0.507855
v -1.421224 0.426693 -0.594523
v -1.354453 0.426693 -0.677354
v -1.282925 0.426693 -0.756058
v -1.206890 0.426693 -0.830359
v -1.126616 0.426693 -0.899995
v -1.042385 0.426693 -0.964722
v -0.954492 0.426693 -1.024312
v -0.863247 0.426694 -1.078557
v -0.768970 0.426694 -1.127266
v -0.671991 0.426694 -1.170266
v -0.572652 0.426694 -1.207409
v -0.471302 0.426694 -1.238563
v -0.368296 0.426694 -1.263618
v -0.263997 0.426694 -1.282486
v -0.158770 0.426694 -1.295103
v -0.052985 0.426694 -1.301422
v 0.052985 0.426694 -1.301422
v 0.158770 0.426694 -1.295103
v 0.263996 0.426694 -1.282486
v 0.368296 0.426694 -1.263618
v 0.471302 0.426694 -1.238563
v 0.572652 0.426694 -1.207409
v 0.671991 0.426694 -1.170266
v 0.768969 0.426694 -1.127266
v 0.863247 0.426694 -1.078557
v 0.954492 0.426694 -1.024312
v 1.042385 0.426694 -0.964722
v 1.126616 0.426694 -0.899995
v 1.206890 0.426694 -0.830359
v 1.282925 0.426694 -0.756058
v 1.354453 0.426694 -0.677354
v 1.421224 0.426694 -0.594523
v 1.483002 0.426694 -0.507855
v 1.539572 0.426694 -0.417656
v 1.590734 0.426694 -0.324242
v 1.636308 0.426694 -0.227941
v 1.676135 0.426694 -0.129092
v 1.710074 0.426694 -0.028041
v 1.738006 0.426694 0.074856
v 1.759834 0.426694 0.179238
v 1.775480 0.426694 0.284738
v -1.702134 0.454802 0.395930
v -1.693160 0.454802 0.294608
v -1.678239 0.454802 0.193999
v -1.657424 0.454802 0.094457
v -1.630786 0.454802 -0.003669
v -1.598421 0.454802 -0.100035
v -1.560441 0.454802 -0.194301
v -1.516979 0.454802 -0.286137
v -1.468190 0.454802 -0.375220
v -1.414243 0.454802 -0.461237
v -1.355329 0.454802 -0.543886
v -1.291654 0.454802 -0.622877
v -1.223442 0.454802 -0.697932
v -1.150933 0.454802 -0.768788
v -1.074381 0.454802 -0.835195
v -0.994055 0.454802 -0.896921
v -0.910237 0.454802 -0.953749
v -0.823223 0.454802 -1.005478
v -0.733316 0.454802 -1.051929
v -0.640834 0.454802 -1.092936
v -0.546101 0.454803 -1.128356
v -0.449450 0.454803 -1.158065
v -0.351220 0.454803 -1.181958
v -0.251756 0.454803 -1.199953
v -0.151408 0.454803 -1.211984
v -0.050529 0.454803 -1.218010
v 0.050529 0.454803 -1.218010
v 0.151408 0.454803 -1.211984
v 0.251756 0.454803 -1.199953
v 0.351220 0.454803 -1.181958
v 0.449450 0.454803 -1.158065
v 0.546101 0.454803 -1.128356
v 0.640834 0.454803 -1.092936
v 0.733316 0.454803 -1.051929
v 0.823223 0.454803 -1.005478
v 0.910237 0.454803 -0.953749
v 0.994055 0.454803 -0.896921
v 1.074381 0.454803 -0.835195
v 1.150933 0.454803 -0.768788
v 1.223442 0.454803 -0.697932
v 1.291654 0.454803 -0.622877
v 1.355329 0.454803 -0.543886
v 1.414243 0.454803 -0.461237
v 1.468190 0.454803 -0.375220
v 1.516979 0.454803 -0.286137
v 1.560441 0.454803 -0.194301
v 1.598421 0.454803 -0.100035
v 1.630786 0.454803 -0.003669
v 1.657424 0.454803 0.094457
v 1.678239 0.454803 0.193999
v 1.693160 0.454803 0.294608
v -1.622877 0.491766 0.400664
v -1.614322 0.491766 0.304060
v -1.600096 0.491766 0.208136
v -1.580249 0.491766 0.113229
v -1.554852 0.491766 0.019672
v -1.523994 0.491766 -0.072207
v -1.487782 0.491766 -0.162084
v -1.446344 0.491766 -0.249644
v -1.399827 0.491766 -0.334579
v -1.348392 0.491766 -0.416590
v -1.292221 0.491766 -0.495391
v -1.231511 0.491766 -0.570704
v -1.166475 0.491766 -0.642264
v -1.097342 0.491766 -0.709821
v -1.024354 0.491766 -0.773136
v -0.947769 0.491766 -0.831988
v -0.867854 0.491766 -0.886169
v -0.784891 0.491766 -0.935490
v -0.699171 0.491766 -0.979778
v -0.610995 0.491766 -1.018875
v -0.520673 0.491766 -1.052646
v -0.428522 0.491766 -1.080972
v -0.334866 0.491766 -1.103753
v -0.240034 0.491766 -1.120909
v -0.144358 0.491766 -1.132380
v -0.048176 0.491767 -1.138125
v 0.048176 0.491767 -1.138125
v 0.144358 0.491767 -1.132380
v 0.240034 0.491767 -1.120909
v 0.334866 0.491767 -1.103753
v 0.428522 0.491767 -1.080972
v 0.520673 0.491767 -1.052646
v 0.610995 0.491767 -1.018875
v 0.699171 0.491767 -0.979778
v 0.784891 0.491767 -0.935490
v 0.867854 0.491767 -0.886169
v 0.947769 0.491767 -0.831988
v 1.024354 0.491767 -0.773136
v 1.097342 0.491767 -0.709821
v 1.166475 0.491767 -0.642264
v 1.231511 0.491767 -0.570704
v 1.292221 0.491767 -0.495391
v 1.348392 0.491767 -0.416590
v 1.399827 0.491767 -0.334579
v 1.446344 0.491767 -0.249644
v 1.487782 0.491767 -0.162084
v 1.523994 0.491767 -0.072207
v 1.554852 0.491767 0.019672
v 1.580249 0.491767 0.113229
v 1.600096 0.491767 0.208136
v 1.614322 0.491767 0.304060
v -1.548050 0.537152 0.405134
v -1.539889 0.537152 0.312984
v -1.526319 0.537152 0.221483
v -1.507388 0.537152 0.130952
v -1.483161 0.537152 0.041708
v -1.453726 0.537152 -0.045934
v -1.419184 0.537152 -0.131667
v -1.379657 0.537152 -0.215189
v -1.335284 0.537152 -0.296208
v -1.286220 0.537152 -0.374439
v -1.232639 0.537152 -0.449606
v -1.174729 0.537152 -0.521446
v -1.112691 0.537152 -0.589707
v -1.046746 0.537152 -0.654149
v -0.977124 0.537152 -0.714545
v -0.904069 0.537152 -0.770683
v -0.827839 0.537152 -0.822366
v -0.748701 0.537152 -0.869413
v -0.666934 0.537152 -0.911659
v -0.582824 0.537152 -0.948953
v -0.496666 0.537152 -0.981168
v -0.408764 0.537152 -1.008187
v -0.319426 0.537152 -1.029918
v -0.228966 0.537152 -1.046283
v -0.137702 0.537152 -1.057225
v -0.045955 0.537152 -1.062706
v 0.045955 0.537152 -1.062706
v 0.137702 0.537152 -1.057225
v 0.228966 0.537152 -1.046283
v 0.319426 0.537152 -1.029918
v 0.408764 0.537152 -1.008187
v 0.496666 0.537152 -0.981168
v 0.582823 0.537152 -0.948953
v 0.666934 0.537152 -0.911659
v 0.748701 0.537152 -0.869413
v 0.827839 0.537152 -0.822366
v 0.904069 0.537152 -0.770683
v 0.977123 0.537152 -0.714545
v 1.046746 0.537152 -0.654149
v 1.112691 0.537152 -0.589707
v 1.174728 0.537152 -0.521446
v 1.232639 0.537152 -0.449606
v 1.286220 0.537152 -0.374439
v 1.335284 0.537152 -0.296208
v 1.379657 0.537152 -0.215189
v 1.419183 0.537152 -0.131667
v 1.453726 0.537152 -0.045934
v 1.483161 0.537152 0.041708
v 1.507387 0.537152 0.130952
v 1.526319 0.537152 0.221483
v 1.539889 0.537152 0.312984
v -1.478529 0.590427 0.409287
v -1.470735 0.590427 0.321276
v -1.457774 0.590427 0.233884
v -1.439693 0.590427 0.147418
v -1.416555 0.590427 0.062182
v -1.388441 0.590427 -0.021524
v -1.355450 0.590427 -0.103407
v -1.317698 0.590427 -0.183179
v -1.275318 0.590427 -0.260559
v -1.228458 0.590427 -0.335276
v -1.177283 0.590427 -0.407068
v -1.121973 0.590427 -0.475682
v -1.062722 0.590427 -0.540877
v -0.999738 0.590427 -0.602425
v -0.933242 0.590427 -0.660109
v -0.863469 0.590427 -0.713726
v -0.790662 0.590427 -0.763088
v -0.715078 0.590427 -0.808022
v -0.636983 0.590427 -0.848370
v -0.556650 0.590427 -0.883990
v -0.474361 0.590427 -0.914757
v -0.390407 0.590427 -0.940564
v -0.305081 0.590427 -0.961318
v -0.218684 0.590427 -0.976948
v -0.131518 0.590427 -0.987399
v -0.043891 0.590427 -0.992634
v 0.043891 0.590427 -0.992634
v 0.131518 0.590427 -0.987399
v 0.218684 0.590427 -0.976948
v 0.305081 0.590427 -0.961318
v 0.390407 0.590427 -0.940564
v 0.474361 0.590427 -0.914757
v 0.556650 0.590427 -0.883990
v 0.636983 0.590427 -0.848370
v 0.715078 0.590427 -0.808022
v 0.790662 0.590427 -0.763088
v 0.863469 0.590427 -0.713726
v 0.933242 0.590427 -0.660109
v 0.999738 0.590427 -0.602425
v 1.062722 0.590427 -0.540877
v 1.121973 0.590427 -0.475682
v 1.177283 0.590427 -0.407068
v 1.228458 0.590427 -0.335276
v 1.275318 0.590427 -0.260559
v 1.317698 0.590427 -0.183179
v 1.355450 0.590427 -0.103407
v 1.388441 0.590427 -0.021524
v 1.416554 0.590427 0.062182
v 1.439692 0.590427 0.147418
v 1.457774 0.590427 0.233884
v 1.470734 0.590427 0.321276
v -1.415130 0.650967 0.413074
v -1.407669 0.650967 0.328837
v -1.395265 0.650967 0.245192
v -1.377959 0.650967 0.162434
v -1.355813 0.650967 0.080853
v -1.328904 0.650967 0.000736
v -1.297328 0.650967 -0.077635
v -1.261195 0.650967 -0.153986
v -1.220632 0.650967 -0.228049
v -1.175782 0.650967 -0.299562
v -1.126801 0.650967 -0.368275
v -1.073863 0.650967 -0.433947
v -1.017152 0.650967 -0.496347
v -0.956869 0.650967 -0.555255
v -0.893225 0.650967 -0.610466
v -0.826443 0.650967 -0.661784
v -0.756758 0.650967 -0.709029
v -0.684416 0.650967 -0.752037
v -0.609669 0.650967 -0.790654
v -0.532781 0.650967 -0.824747
v -0.454021 0.650967 -0.854195
v -0.373666 0.650967 -0.878895
v -0.291999 0.650967 -0.898760
v -0.209307 0.650967 -0.913719
v -0.125879 0.650967 -0.923722
v -0.042009 0.650967 -0.928732
v 0.042009 0.650967 -0.928732
v 0.125879 0.650967 -0.923722
v 0.209307 0.650967 -0.913719
v 0.291999 0.650967 -0.898760
v 0.373666 0.650967 -0.878895
v 0.454021 0.650967 -0.854195
v 0.532780 0.650967 -0.824747
v 0.609669 0.650967 -0.790654
v 0.684416 0.650967 -0.752037
v 0.756758 0.650967 -0.709029
v 0.826443 0.650967 -0.661784
v 0.893225 0.650967 -0.610466
v 0.956869 0.650967 -0.555255
v 1.017152 0.650967 -0.496347
v 1.073862 0.650967 -0.433947
v 1.126801 0.650967 -0.368275
v 1.175781 0.650967 -0.299562
v 1.220632 0.650967 -0.228049
v 1.261195 0.650967 -0.153986
v 1.297328 0.650967 -0.077635
v 1.328904 0.650967 0.000736
v 1.355813 0.650967 0.080853
v 1.377958 0.650967 0.162434
v 1.395264 0.650967 0.245192
v 1.407669 0.650967 0.328837
v -1.358595 0.718062 0.416451
v -1.351433 0.718062 0.335579
v -1.339523 0.718062 0.255276
v -1.322909 0.718062 0.175824
v -1.301648 0.718062 0.097503
v -1.275815 0.718062 0.020586
v -1.245500 0.718062 -0.054654
v -1.210810 0.718062 -0.127955
v -1.171868 0.718062 -0.199059
v -1.128809 0.718062 -0.267715
v -1.081785 0.718062 -0.333683
v -1.030962 0.718062 -0.396731
v -0.976517 0.718062 -0.456638
v -0.918642 0.718062 -0.513193
v -0.857540 0.718062 -0.566198
v -0.793427 0.718062 -0.615466
v -0.726526 0.718062 -0.660824
v -0.657073 0.718062 -0.702113
v -0.585312 0.718062 -0.739188
v -0.511496 0.718062 -0.771919
v -0.435883 0.718062 -0.800190
v -0.358738 0.718062 -0.823903
v -0.280334 0.718062 -0.842974
v -0.200945 0.718062 -0.857337
v -0.120850 0.718062 -0.866940
v -0.040331 0.718062 -0.871750
v 0.040330 0.718062 -0.871750
v 0.120850 0.718062 -0.866940
v 0.200945 0.718062 -0.857337
v 0.280334 0.718062 -0.842974
v 0.358738 0.718062 -0.823903
v 0.435882 0.718062 -0.800190
v 0.511496 0.718062 -0.771919
v 0.585312 0.718062 -0.739188
v 0.657073 0.718062 -0.702113
v 0.726526 0.718062 -0.660824
v 0.793426 0.718062 -0.615466
v 0.857540 0.718062 -0.566198
v 0.918642 0.718062 -0.513193
v 0.976517 0.718062 -0.456638
v 1.030962 0.718062 -0.396731
v 1.081785 0.718062 -0.333683
v 1.128809 0.718062 -0.267715
v 1.171867 0.718062 -0.199059
v 1.210810 0.718062 -0.127955
v 1.245500 0.718062 -0.054654
v 1.275814 0.718062 0.020586
v 1.301648 0.718062 0.097503
v 1.322909 0.718062 0.175824
v 1.339523 0.718062 0.255276
v 1.351432 0.718062 0.335579
v -1.309588 0.790926 0.419379
v -1.302684 0.790926 0.341424
v -1.291204 0.790926 0.264018
v -1.275189 0.790926 0.187432
v -1.254695 0.790926 0.111935
v -1.229793 0.790926 0.037794
v -1.200572 0.790926 -0.034733
v -1.167134 0.790926 -0.105390
v -1.129596 0.790926 -0.173928
v -1.088091 0.790926 -0.240108
v -1.042763 0.790926 -0.303697
v -0.993773 0.790926 -0.364471
v -0.941292 0.790926 -0.422217
v -0.885505 0.790926 -0.476732
v -0.826607 0.790926 -0.527824
v -0.764806 0.790926 -0.575315
v -0.700319 0.790926 -0.619037
v -0.633371 0.790926 -0.658837
v -0.564199 0.790926 -0.694575
v -0.493045 0.790926 -0.726125
v -0.420160 0.790926 -0.753376
v -0.345798 0.790926 -0.776234
v -0.270222 0.790926 -0.794617
v -0.193696 0.790926 -0.808461
v -0.116491 0.790926 -0.817718
v -0.038876 0.790926 -0.822354
v 0.038876 0.790926 -0.822354
v 0.116491 0.790926 -0.817718
v 0.193696 0.790926 -0.808461
v 0.270222 0.790926 -0.794617
v 0.345798 0.790926 -0.776234
v 0.420159 0.790926 -0.753376
v 0.493045 0.790926 -0.726125
v 0.564199 0.790926 -0.694575
v 0.633371 0.790926 -0.658837
v 0.700318 0.790926 -0.619037
v 0.764806 0.790926 -0.575315
v 0.826607 0.790926 -0.527824
v 0.885505 0.790926 -0.476732
v 0.941292 0.790926 -0.422217
v 0.993773 0.790926 -0.364471
v 1.042763 0.790926 -0.303697
v 1.088091 0.790926 -0.240108
v 1.129596 0.790926 -0.173928
v 1.167134 0.790926 -0.105390
v 1.200572 0.790926 -0.034733
v 1.229793 0.790926 0.037794
v 1.254695 0.790926 0.111935
v 1.275189 0.790926 0.187432
v 1.291204 0.790926 0.264018
v 1.302684 0.790926 0.341424
v -1.268683 0.868703 0.421822
v -1.261995 0.868703 0.346302
v -1.250874 0.868703 0.271314
v -1.235359 0.868704 0.197120
v -1.215505 0.868704 0.123982
v -1.191381 0.868704 0.052156
v -1.163072 0.868704 -0.018105
v -1.130679 0.868704 -0.086555
v -1.094313 0.868704 -0.152953
v -1.054104 0.868704 -0.217066
v -1.010193 0.868704 -0.278668
v -0.962732 0.868704 -0.337544
v -0.911891 0.868704 -0.393486
v -0.857846 0.868704 -0.446298
v -0.800788 0.868704 -0.495795
v -0.740917 0.868704 -0.541802
v -0.678444 0.868704 -0.584158
v -0.613588 0.868704 -0.622715
v -0.546576 0.868704 -0.657336
v -0.477645 0.868704 -0.687901
v -0.407036 0.868704 -0.714302
v -0.334997 0.868704 -0.736445
v -0.261781 0.868704 -0.754254
v -0.187646 0.868704 -0.767666
v -0.112852 0.868704 -0.776634
v -0.037662 0.868704 -0.781125
v 0.037661 0.868704 -0.781125
v 0.112852 0.868704 -0.776634
v 0.187646 0.868704 -0.767666
v 0.261781 0.868704 -0.754254
v 0.334997 0.868704 -0.736445
v 0.407036 0.868704 -0.714302
v 0.477645 0.868704 -0.687901
v 0.546576 0.868704 -0.657336
v 0.613588 0.868704 -0.622715
v 0.678444 0.868704 -0.584158
v 0.740917 0.868704 -0.541802
v 0.800788 0.868704 -0.495795
v 0.857846 0.868704 -0.446298
v 0.911891 0.868704 -0.393486
v 0.962732 0.868704 -0.337544
v 1.010192 0.868704 -0.278668
v 1.054104 0.868704 -0.217066
v 1.094313 0.868704 -0.152953
v 1.130678 0.868704 -0.086555
v 1.163072 0.868704 -0.018105
v 1.191381 0.868704 0.052156
v 1.215504 0.868704 0.123982
v 1.235358 0.868704 0.197120
v 1.250873 0.868704 0.271314
v 1.261994 0.868704 0.346302
v -1.236360 0.950484 0.423753
v -1.229842 0.950484 0.350157
v -1.219004 0.950484 0.277079
v -1.203884 0.950484 0.204776
v -1.184536 0.950484 0.133501
v -1.161027 0.950484 0.063505
v -1.133440 0.950484 -0.004966
v -1.101871 0.950484 -0.071672
v -1.066433 0.950484 -0.136378
v -1.027248 0.950484 -0.198857
v -0.984455 0.950484 -0.258890
v -0.938204 0.950484 -0.316266
v -0.888658 0.950484 -0.370783
v -0.835990 0.950484 -0.422250
v -0.780386 0.950484 -0.470485
v -0.722040 0.950484 -0.515320
v -0.661159 0.950484 -0.556597
v -0.597955 0.950484 -0.594172
v -0.532651 0.950484 -0.627911
v -0.465476 0.950484 -0.657697
v -0.396665 0.950484 -0.683425
v -0.326462 0.950484 -0.705004
v -0.255112 0.950484 -0.722360
v -0.182866 0.950484 -0.735430
v -0.109977 0.950484 -0.744169
v -0.036702 0.950484 -0.748546
v 0.036702 0.950484 -0.748546
v 0.109977 0.950484 -0.744169
v 0.182865 0.950484 -0.735430
v 0.255112 0.950484 -0.722360
v 0.326462 0.950484 -0.705004
v 0.396665 0.950484 -0.683425
v 0.465475 0.950484 -0.657697
v 0.532651 0.950484 -0.627911
v 0.597955 0.950484 -0.594172
v 0.661159 0.950484 -0.556597
v 0.722040 0.950484 -0.515320
v 0.780386 0.950484 -0.470485
v 0.835990 0.950484 -0.422250
v 0.888658 0.950484 -0.370783
v 0.938204 0.950484 -0.316266
v 0.984455 0.950484 -0.258890
v 1.027248 0.950484 -0.198857
v 1.066432 0.950484 -0.136378
v 1.101871 0.950484 -0.071672
v 1.133440 0.950484 -0.004966
v 1.161027 0.950484 0.063505
v 1.184536 0.950484 0.133501
v 1.203884 0.950484 0.204776
v 1.219004 0.950484 0.277079
v 1.229841 0.950484 0.350157
v -1.212997 1.035308 0.425149
v -1.206602 1.035308 0.352944
v -1.195969 1.035308 0.281247
v -1.181135 1.035308 0.210309
v -1.162153 1.035308 0.140381
v -1.139088 1.035308 0.071708
v -1.112022 1.035308 0.004531
v -1.081050 1.035308 -0.060915
v -1.046281 1.035308 -0.124398
v -1.007837 1.035308 -0.185697
v -0.965852 1.035308 -0.244595
v -0.920476 1.035308 -0.300887
v -0.871866 1.035308 -0.354373
v -0.820193 1.035308 -0.404868
v -0.765639 1.035308 -0.452192
v -0.708397 1.035308 -0.496180
v -0.648666 1.035308 -0.536677
v -0.586656 1.035308 -0.573541
v -0.522586 1.035308 -0.606643
v -0.456680 1.035308 -0.635866
v -0.389170 1.035308 -0.661108
v -0.320293 1.035308 -0.682279
v -0.250291 1.035308 -0.699307
v -0.179410 1.035308 -0.712130
v -0.107899 1.035308 -0.720704
v -0.036008 1.035308 -0.724998
v 0.036008 1.035308 -0.724998
v 0.107899 1.035308 -0.720704
v 0.179410 1.035308 -0.712130
v 0.250291 1.035308 -0.699307
v 0.320293 1.035308 -0.682279
v 0.389170 1.035308 -0.661108
v 0.456680 1.035308 -0.635866
v 0.522586 1.035308 -0.606643
v 0.586656 1.035308 -0.573541
v 0.648665 1.035308 -0.536677
v 0.708396 1.035308 -0.496180
v 0.765639 1.035308 -0.452192
v 0.820193 1.035308 -0.404868
v 0.871865 1.035308 -0.354373
v 0.920475 1.035308 -0.300887
v 0.965852 1.035308 -0.244595
v 1.007836 1.035308 -0.185697
v 1.046281 1.035308 -0.124398
v 1.081050 1.035308 -0.060915
v 1.112022 1.035308 0.004531
v 1.139088 1.035308 0.071708
v 1.162152 1.035308 0.140381
v 1.181135 1.035308 0.210309
v 1.195969 1.035308 0.281247
v 1.206602 1.035308 0.352944
v -1.198869 1.122181 0.425993
v -1.192549 1.122181 0.354629
v -1.182040 1.122181 0.283767
v -1.167379 1.122181 0.213656
v -1.148617 1.122181 0.144542
v -1.125821 1.122181 0.076669
v -1.099070 1.122181 0.010274
v -1.068459 1.122181 -0.054409
v -1.034095 1.122181 -0.117153
v -0.996098 1.122181 -0.177738
v -0.954603 1.122181 -0.235951
v -0.909755 1.122181 -0.291586
v -0.861711 1.122181 -0.344450
v -0.810640 1.122181 -0.394356
v -0.756722 1.122181 -0.441129
v -0.700146 1.122181 -0.484605
v -0.641110 1.122181 -0.524630
v -0.579823 1.122181 -0.561065
v -0.516499 1.122181 -0.593781
v -0.451361 1.122181 -0.622664
v -0.384637 1.122181 -0.647612
v -0.316563 1.122181 -0.668537
v -0.247376 1.122181 -0.685366
v -0.177320 1.122181 -0.698040
v -0.106642 1.122181 -0.706514
v -0.035589 1.122181 -0.710758
v 0.035589 1.122181 -0.710758
v 0.106642 1.122181 -0.706514
v 0.177320 1.122181 -0.698040
v 0.247376 1.122181 -0.685366
v 0.316562 1.122181 -0.668537
v 0.384637 1.122181 -0.647612
v 0.451361 1.122181 -0.622664
v 0.516499 1.122181 -0.593781
v 0.579823 1.122181 -0.561065
v 0.641110 1.122181 -0.524630
v 0.700146 1.122181 -0.484605
v 0.756722 1.122181 -0.441129
v 0.810640 1.122181 -0.394356
v 0.861710 1.122181 -0.344450
v 0.909754 1.122181 -0.291586
v 0.954603 1.122181 -0.235951
v 0.996098 1.122181 -0.177738
v 1.034094 1.122181 -0.117153
v 1.068459 1.122181 -0.054409
v 1.099070 1.122181 0.010274
v 1.125820 1.122181 0.076669
v 1.148617 1.122181 0.144542
v 1.167378 1.122181 0.213656
v 1.182039 1.122181 0.283767
v 1.192549 1.122181 0.354629
v 2.906054 1.210085 0.497609
v 2.901113 1.115218 0.497609
v 2.901137 1.210085 0.327523
v 2.896205 1.115218 0.327812
v 2.886404 1.210085 0.158012
v 2.881497 1.115218 0.158589
v 2.861904 1.210085 -0.010350
v 2.857039 1.115218 -0.009486
v 2.827721 1.210085 -0.176993
v 2.822913 1.115218 -0.175846
v 2.783969 1.210085 -0.341353
v 2.779236 1.115218 -0.339927
v 2.730797 1.210085 -0.502875
v 2.726155 1.115218 -0.501173
v 2.668386 1.210085 -0.661011
v 2.663849 1.115218 -0.659041
v 2.596944 1.210085 -0.815226
v 2.592530 1.115218 -0.812994
v 2.516716 1.210085 -0.965000
v 2.512438 1.115218 -0.962513
v 2.427973 1.210084 -1.109824
v 2.423845 1.115218 -1.107092
v 2.331013 1.210084 -1.249210
v 2.327050 1.115218 -1.246240
v 2.226166 1.210084 -1.382685
v 2.222382 1.115218 -1.379488
v 2.113787 1.210084 -1.509797
v 2.110193 1.115218 -1.506384
v 1.994255 1.210084 -1.630117
v 1.990865 1.115218 -1.626500
v 1.867975 1.210084 -1.743238
v 1.864800 1.115218 -1.739428
v 1.735375 1.210084 -1.848776
v 1.732425 1.115218 -1.844787
v 1.596903 1.210084 -1.946375
v 1.594188 1.115218 -1.942219
v 1.453027 1.210084 -2.035704
v 1.450557 1.115218 -2.031397
v 1.304235 1.210084 -2.116461
v 1.302017 1.115218 -2.112017
v 1.151029 1.210084 -2.188373
v 1.149072 1.115218 -2.183806
v 0.993929 1.210084 -2.251196
v 0.992239 1.115218 -2.246523
v 0.833466 1.210084 -2.304718
v 0.832049 1.115218 -2.299954
v 0.670182 1.210084 -2.348759
v 0.669043 1.115218 -2.343920
v 0.504631 1.210084 -2.383168
v 0.503773 1.115218 -2.378270
v 0.337372 1.210084 -2.407829
v 0.336799 1.115218 -2.402890
v 0.168972 1.210084 -2.422660
v 0.168685 1.115218 -2.417695
v -0.000000 1.210084 -2.427608
v -0.000000 1.115218 -2.422635
v -0.168972 1.210084 -2.422660
v -0.168685 1.115218 -2.417695
v -0.337372 1.210084 -2.407829
v -0.336799 1.115218 -2.402890
v -0.504631 1.210084 -2.383168
v -0.503773 1.115218 -2.378270
v -0.670182 1.210084 -2.348759
v -0.669043 1.115218 -2.343920
v -0.833466 1.210084 -2.304718
v -0.832049 1.115218 -2.299954
v -0.993929 1.210084 -2.251196
v -0.992239 1.115218 -2.246523
v -1.151029 1.210084 -2.188373
v -1.149073 1.115218 -2.183806
v -1.304235 1.210084 -2.116461
v -1.302017 1.115218 -2.112017
v -1.453027 1.210084 -2.035704
v -1.450557 1.115218 -2.031397
v -1.596903 1.210084 -1.946375
v -1.594188 1.115218 -1.942219
v -1.735375 1.210084 -1.848776
v -1.732425 1.115218 -1.844787
v -1.867976 1.210084 -1.743238
v -1.864800 1.115218 -1.739428
v -1.994255 1.210084 -1.630117
v -1.990865 1.115218 -1.626500
v -2.113787 1.210084 -1.509797
v -2.110193 1.115218 -1.506384
v -2.226167 1.210084 -1.382685
v -2.222382 1.115218 -1.379488
v -2.331014 1.210084 -1.249210
v -2.327050 1.115218 -1.246240
v -2.427973 1.210084 -1.109824
v -2.423845 1.115218 -1.107092
v -2.516717 1.210084 -0.965000
v -2.512438 1.115218 -0.962513
v -2.596945 1.210084 -0.815226
v -2.592530 1.115218 -0.812994
v -2.668386 1.210084 -0.661011
v -2.663849 1.115218 -0.659041
v -2.730798 1.210084 -0.502875
v -2.726155 1.115218 -0.501173
v -2.783970 1.210084 -0.341353
v -2.779236 1.115218 -0.339927
v -2.827721 1.210084 -0.176993
v -2.822914 1.115218 -0.175846
v -2.861905 1.210084 -0.010350
v -2.857039 1.115218 -0.009486
v -2.886405 1.210084 0.158012
v -2.881497 1.115218 0.158589
v -2.901138 1.210084 0.327523
v -2.896205 1.115218 0.327812
v -2.906054 1.210084 0.497609
v -2.901114 1.115218 0.497609
v -2.881463 1.021391 0.328676
v -2.886346 1.021391 0.497609
v -2.857071 0.929631 0.330106
v -2.861913 0.929631 0.497609
v -2.823298 0.840945 0.332086
v -2.828083 0.840945 0.497609
v -2.780513 0.756302 0.334594
v -2.785225 0.756302 0.497609
v -2.729185 0.676632 0.337604
v -2.733810 0.676632 0.497609
v -2.669877 0.602806 0.341081
v -2.674402 0.602806 0.497609
v -2.603238 0.535633 0.344988
v -2.607650 0.535633 0.497609
v -2.529999 0.475850 0.349281
v -2.534286 0.475850 0.497609
v -2.450961 0.424111 0.353915
v -2.455115 0.424111 0.497609
v -2.366991 0.380984 0.358838
v -2.371002 0.380984 0.497609
v -2.279009 0.346940 0.363996
v -2.282871 0.346940 0.497609
v -2.187978 0.322353 0.369333
v -2.191686 0.322353 0.497609
v -2.094897 0.307493 0.374790
v -2.098447 0.307493 0.497609
v -2.000784 0.302521 0.380308
v -2.004175 0.302521 0.497609
v -1.906672 0.307493 0.385825
v -1.909903 0.307493 0.497609
v -1.813591 0.322353 0.391283
v -1.816664 0.322353 0.497609
v -1.722560 0.346940 0.396619
v -1.725479 0.346940 0.497609
v -1.634578 0.380984 0.401778
v -1.637348 0.380984 0.497609
v -1.550608 0.424111 0.406701
v -1.553236 0.424111 0.497609
v -1.471570 0.475850 0.411334
v -1.474064 0.475850 0.497609
v -1.398331 0.535633 0.415628
v -1.400701 0.535633 0.497609
v -1.331692 0.602806 0.419535
v -1.333949 0.602806 0.497609
v -1.272384 0.676632 0.423012
v -1.274540 0.676632 0.497609
v -1.221056 0.756302 0.426021
v -1.223125 0.756302 0.497609
v -1.178271 0.840945 0.428530
v -1.180268 0.840945 0.497609
v -1.144498 0.929632 0.430510
v -1.146438 0.929632 0.497609
v -1.120106 1.021391 0.431940
v -1.122005 1.021391 0.497609
v -1.105364 1.115218 0.432804
v -1.107237 1.115218 0.497609
v -1.099750 1.115218 0.368219
v -1.090416 1.115218 0.304071
v -1.114418 1.021391 0.366493
v -1.104959 1.021391 0.301490
v -1.138686 0.929632 0.363638
v -1.129021 0.929632 0.297219
v -1.172287 0.840945 0.359684
v -1.162337 0.840945 0.291306
v -1.214855 0.756302 0.354676
v -1.204543 0.756302 0.283815
v -1.265922 0.676632 0.348668
v -1.255177 0.676632 0.274828
v -1.324929 0.602806 0.341726
v -1.313683 0.602806 0.264444
v -1.391230 0.535633 0.333925
v -1.379421 0.535633 0.252776
v -1.464097 0.475850 0.325352
v -1.451670 0.475850 0.239952
v -1.542733 0.424111 0.316100
v -1.529639 0.424111 0.226114
v -1.626277 0.380984 0.306271
v -1.612473 0.380984 0.211411
v -1.713812 0.346940 0.295972
v -1.699265 0.346940 0.196007
v -1.804380 0.322353 0.285316
v -1.789065 0.322353 0.180068
v -1.896989 0.307493 0.274420
v -1.880887 0.307493 0.163771
v -1.990624 0.302521 0.263404
v -1.973727 0.302521 0.147292
v -2.084258 0.307493 0.252388
v -2.066567 0.307493 0.130814
v -2.176867 0.322353 0.241492
v -2.158390 0.322353 0.114517
v -2.267435 0.346940 0.230836
v -2.248189 0.346940 0.098578
v -2.354970 0.380984 0.220537
v -2.334982 0.380984 0.083174
v -2.438514 0.424111 0.210708
v -2.417816 0.424111 0.068471
v -2.517150 0.475850 0.201456
v -2.495785 0.475850 0.054633
v -2.590018 0.535633 0.192883
v -2.568034 0.535633 0.041809
v -2.656318 0.602806 0.185082
v -2.633772 0.602806 0.030141
v -2.715325 0.676632 0.178140
v -2.692278 0.676632 0.019757
v -2.766392 0.756302 0.172132
v -2.742911 0.756302 0.010770
v -2.808960 0.840945 0.167123
v -2.785118 0.840945 0.003279
v -2.842562 0.929631 0.163170
v -2.818434 0.929631 -0.002634
v -2.866830 1.021391 0.160315
v -2.842496 1.021391 -0.006905
v 2.886346 1.021392 0.497609
v 2.881462 1.021392 0.328676
v 2.866829 1.021392 0.160315
v 2.842495 1.021392 -0.006905
v 2.808544 1.021392 -0.172418
v 2.765089 1.021392 -0.335663
v 2.712278 1.021392 -0.496089
v 2.650289 1.021392 -0.653153
v 2.579333 1.021392 -0.806323
v 2.499649 1.021391 -0.955081
v 2.411506 1.021391 -1.098923
v 2.315205 1.021391 -1.237363
v 2.211069 1.021391 -1.369933
v 2.099452 1.021391 -1.496183
v 1.980731 1.021391 -1.615687
v 1.855307 1.021391 -1.728041
v 1.723606 1.021391 -1.832863
v 1.586073 1.021391 -1.929800
v 1.443173 1.021391 -2.018523
v 1.295390 1.021391 -2.098733
v 1.143223 1.021391 -2.170157
v 0.987188 1.021391 -2.232554
v 0.827813 1.021391 -2.285714
v 0.665637 1.021391 -2.329455
v 0.501209 1.021391 -2.363631
v 0.335084 1.021391 -2.388125
v 0.167826 1.021391 -2.402855
v -0.000000 1.021391 -2.407770
v -0.167826 1.021391 -2.402855
v -0.335084 1.021391 -2.388125
v -0.501209 1.021391 -2.363631
v -0.665637 1.021391 -2.329455
v -0.827813 1.021391 -2.285714
v -0.987189 1.021391 -2.232554
v -1.143223 1.021391 -2.170157
v -1.295390 1.021391 -2.098733
v -1.443173 1.021391 -2.018523
v -1.586073 1.021391 -1.929800
v -1.723606 1.021391 -1.832863
v -1.855307 1.021391 -1.728041
v -1.980731 1.021391 -1.615687
v -2.099452 1.021391 -1.496183
v -2.211069 1.021391 -1.369933
v -2.315205 1.021391 -1.237363
v -2.411507 1.021391 -1.098923
v -2.499649 1.021391 -0.955081
v -2.579333 1.021391 -0.806323
v -2.650290 1.021391 -0.653153
v -2.712278 1.021391 -0.496089
v -2.765089 1.021391 -0.335663
v -2.808544 1.021391 -0.172418
v 2.861913 0.929632 0.497609
v 2.857071 0.929632 0.330106
v 2.842562 0.929632 0.163170
v 2.818434 0.929632 -0.002634
v 2.784770 0.929632 -0.166746
v 2.741683 0.929632 -0.328610
v 2.689319 0.929632 -0.487678
v 2.627855 0.929632 -0.643412
v 2.557499 0.929632 -0.795285
v 2.478489 0.929632 -0.942784
v 2.391093 0.929632 -1.085408
v 2.295607 0.929632 -1.222677
v 2.192353 0.929632 -1.354124
v 2.081680 0.929632 -1.479306
v 1.963964 0.929632 -1.597798
v 1.839602 0.929632 -1.709201
v 1.709016 0.929632 -1.813136
v 1.572647 0.929632 -1.909252
v 1.430956 0.929632 -1.997224
v 1.284424 0.929632 -2.076755
v 1.133546 0.929632 -2.147574
v 0.978832 0.929632 -2.209444
v 0.820806 0.929632 -2.262153
v 0.660002 0.929632 -2.305525
v 0.496966 0.929632 -2.339411
v 0.332248 0.929632 -2.363698
v 0.166405 0.929632 -2.378303
v -0.000000 0.929632 -2.383176
v -0.166406 0.929632 -2.378303
v -0.332248 0.929632 -2.363698
v -0.496966 0.929632 -2.339411
v -0.660003 0.929632 -2.305525
v -0.820806 0.929632 -2.262153
v -0.978832 0.929632 -2.209444
v -1.133546 0.929632 -2.147574
v -1.284424 0.929632 -2.076755
v -1.430957 0.929632 -1.997224
v -1.572647 0.929632 -1.909252
v -1.709016 0.929632 -1.813136
v -1.839602 0.929631 -1.709201
v -1.963964 0.929631 -1.597798
v -2.081680 0.929631 -1.479306
v -2.192353 0.929631 -1.354124
v -2.295607 0.929631 -1.222677
v -2.391093 0.929631 -1.085408
v -2.478489 0.929631 -0.942784
v -2.557499 0.929631 -0.795285
v -2.627855 0.929631 -0.643412
v -2.689319 0.929631 -0.487678
v -2.741683 0.929631 -0.328610
v -2.784770 0.929631 -0.166746
v 2.828083 0.840945 0.497609
v 2.823298 0.840945 0.332086
v 2.808960 0.840945 0.167123
v 2.785118 0.840945 0.003279
v 2.751851 0.840945 -0.158893
v 2.709273 0.840945 -0.318843
v 2.657528 0.840945 -0.476031
v 2.596791 0.840945 -0.629924
v 2.527267 0.840945 -0.780002
v 2.449191 0.840945 -0.925757
v 2.362828 0.840945 -1.066696
v 2.268471 0.840945 -1.202341
v 2.166437 0.840945 -1.332235
v 2.057073 0.840945 -1.455937
v 1.940748 0.840945 -1.573029
v 1.817856 0.840945 -1.683114
v 1.688814 0.840945 -1.785820
v 1.554057 0.840945 -1.880801
v 1.414041 0.840945 -1.967733
v 1.269241 0.840945 -2.046324
v 1.120146 0.840945 -2.116306
v 0.967261 0.840945 -2.177444
v 0.811103 0.840945 -2.229530
v 0.652201 0.840945 -2.272389
v 0.491091 0.840945 -2.305875
v 0.328320 0.840945 -2.329874
v 0.164438 0.840945 -2.344307
v -0.000000 0.840945 -2.349123
v -0.164438 0.840945 -2.344307
v -0.328320 0.840945 -2.329874
v -0.491091 0.840945 -2.305875
v -0.652201 0.840945 -2.272389
v -0.811103 0.840945 -2.229530
v -0.967261 0.840945 -2.177444
v -1.120146 0.840945 -2.116306
v -1.269241 0.840945 -2.046324
v -1.414041 0.840945 -1.967733
v -1.554057 0.840945 -1.880801
v -1.688814 0.840945 -1.785820
v -1.817857 0.840945 -1.683114
v -1.940748 0.840945 -1.573029
v -2.057073 0.840945 -1.455937
v -2.166437 0.840945 -1.332235
v -2.268471 0.840945 -1.202341
v -2.362828 0.840945 -1.066696
v -2.449191 0.840945 -0.925757
v -2.527267 0.840945 -0.780002
v -2.596791 0.840945 -0.629924
v -2.657528 0.840945 -0.476031
v -2.709273 0.840945 -0.318843
v -2.751851 0.840945 -0.158893
v 2.785225 0.756303 0.497609
v 2.780513 0.756303 0.334594
v 2.766392 0.756303 0.172132
v 2.742911 0.756303 0.010770
v 2.710149 0.756303 -0.148944
v 2.668216 0.756303 -0.306470
v 2.617255 0.756303 -0.461276
v 2.557439 0.756303 -0.612837
v 2.488968 0.756303 -0.760641
v 2.412076 0.756303 -0.904187
v 2.327022 0.756303 -1.042990
v 2.234094 0.756303 -1.176580
v 2.133606 0.756303 -1.304505
v 2.025899 0.756303 -1.426332
v 1.911337 0.756303 -1.541650
v 1.790308 0.756303 -1.650067
v 1.663221 0.756303 -1.751217
v 1.530506 0.756303 -1.844758
v 1.392612 0.756303 -1.930373
v 1.250007 0.756303 -2.007772
v 1.103171 0.756303 -2.076694
v 0.952603 0.756303 -2.136906
v 0.798811 0.756303 -2.188203
v 0.642317 0.756303 -2.230412
v 0.483649 0.756303 -2.263390
v 0.323345 0.756303 -2.287026
v 0.161946 0.756303 -2.301240
v -0.000000 0.756303 -2.305983
v -0.161947 0.756303 -2.301240
v -0.323345 0.756303 -2.287026
v -0.483649 0.756303 -2.263390
v -0.642317 0.756303 -2.230412
v -0.798812 0.756302 -2.188203
v -0.952603 0.756302 -2.136906
v -1.103171 0.756302 -2.076694
v -1.250007 0.756302 -2.007772
v -1.392613 0.756302 -1.930373
v -1.530506 0.756302 -1.844758
v -1.663221 0.756302 -1.751217
v -1.790308 0.756302 -1.650067
v -1.911338 0.756302 -1.541650
v -2.025899 0.756302 -1.426332
v -2.133606 0.756302 -1.304505
v -2.234094 0.756302 -1.176580
v -2.327022 0.756302 -1.042990
v -2.412076 0.756302 -0.904187
v -2.488968 0.756302 -0.760641
v -2.557439 0.756302 -0.612837
v -2.617255 0.756302 -0.461276
v -2.668216 0.756302 -0.306470
v -2.710149 0.756302 -0.148944
v 2.733810 0.676632 0.497609
v 2.729185 0.676632 0.337604
v 2.715325 0.676632 0.178140
v 2.692278 0.676632 0.019757
v 2.660120 0.676632 -0.137009
v 2.618962 0.676632 -0.291627
v 2.568942 0.676632 -0.443575
v 2.510229 0.676632 -0.592339
v 2.443022 0.676632 -0.737414
v 2.367549 0.676632 -0.878310
v 2.284065 0.676632 -1.014551
v 2.192853 0.676632 -1.145675
v 2.094220 0.676632 -1.271239
v 1.988502 0.676632 -1.390817
v 1.876054 0.676632 -1.504006
v 1.757259 0.676632 -1.610421
v 1.632518 0.676632 -1.709704
v 1.502253 0.676632 -1.801518
v 1.366905 0.676632 -1.885553
v 1.226932 0.676632 -1.961523
v 1.082807 0.676632 -2.029173
v 0.935018 0.676632 -2.088273
v 0.784066 0.676632 -2.138623
v 0.630460 0.676632 -2.180053
v 0.474721 0.676632 -2.212423
v 0.317376 0.676632 -2.235622
v 0.158957 0.676632 -2.249574
v -0.000000 0.676632 -2.254229
v -0.158957 0.676632 -2.249574
v -0.317376 0.676632 -2.235622
v -0.474721 0.676632 -2.212423
v -0.630460 0.676632 -2.180053
v -0.784066 0.676632 -2.138623
v -0.935018 0.676632 -2.088273
v -1.082807 0.676632 -2.029173
v -1.226932 0.676632 -1.961523
v -1.366905 0.676632 -1.885553
v -1.502254 0.676632 -1.801518
v -1.632519 0.676632 -1.709704
v -1.757260 0.676632 -1.610421
v -1.876055 0.676632 -1.504006
v -1.988502 0.676632 -1.390817
v -2.094220 0.676632 -1.271239
v -2.192853 0.676632 -1.145675
v -2.284065 0.676632 -1.014551
v -2.367549 0.676632 -0.878310
v -2.443022 0.676632 -0.737414
v -2.510229 0.676632 -0.592339
v -2.568942 0.676632 -0.443575
v -2.618962 0.676632 -0.291627
v -2.660120 0.676632 -0.137009
v 2.674402 0.602806 0.497609
v 2.669877 0.602806 0.341081
v 2.656318 0.602806 0.185082
v 2.633772 0.602806 0.030141
v 2.602313 0.602806 -0.123218
v 2.562049 0.602806 -0.274476
v 2.513116 0.602806 -0.423122
v 2.455679 0.602806 -0.568653
v 2.389933 0.602806 -0.710575
v 2.316100 0.602806 -0.848410
v 2.234430 0.602806 -0.981690
v 2.145200 0.602806 -1.109965
v 2.048711 0.602806 -1.232800
v 1.945289 0.602806 -1.349779
v 1.835286 0.602806 -1.460508
v 1.719072 0.602806 -1.564612
v 1.597042 0.602806 -1.661737
v 1.469608 0.602806 -1.751556
v 1.337201 0.602806 -1.833764
v 1.200269 0.602806 -1.908084
v 1.059276 0.602806 -1.974263
v 0.914699 0.602806 -2.032079
v 0.767027 0.602806 -2.081335
v 0.616759 0.602806 -2.121865
v 0.464405 0.602806 -2.153531
v 0.310479 0.602806 -2.176226
v 0.155503 0.602806 -2.189874
v -0.000000 0.602806 -2.194429
v -0.155503 0.602806 -2.189874
v -0.310479 0.602806 -2.176226
v -0.464405 0.602806 -2.153531
v -0.616760 0.602806 -2.121865
v -0.767027 0.602806 -2.081335
v -0.914699 0.602806 -2.032079
v -1.059276 0.602806 -1.974263
v -1.200269 0.602806 -1.908084
v -1.337201 0.602806 -1.833764
v -1.469608 0.602806 -1.751556
v -1.597042 0.602806 -1.661737
v -1.719072 0.602806 -1.564612
v -1.835286 0.602806 -1.460508
v -1.945289 0.602806 -1.349779
v -2.048711 0.602806 -1.232800
v -2.145200 0.602806 -1.109965
v -2.234430 0.602806 -0.981690
v -2.316100 0.602806 -0.848410
v -2.389933 0.602806 -0.710575
v -2.455679 0.602806 -0.568653
v -2.513116 0.602806 -0.423122
v -2.562049 0.602806 -0.274476
v -2.602313 0.602806 -0.123218
v 2.607650 0.535634 0.497609
v 2.603238 0.535634 0.344988
v 2.590018 0.535634 0.192883
v 2.568034 0.535634 0.041809
v 2.537360 0.535634 -0.107722
v 2.498101 0.535634 -0.255205
v 2.450389 0.535634 -0.400141
v 2.394386 0.535634 -0.542039
v 2.330281 0.535634 -0.680420
v 2.258291 0.535634 -0.814814
v 2.178660 0.535634 -0.944767
v 2.091656 0.535634 -1.069840
v 1.997576 0.535634 -1.189609
v 1.896736 0.535634 -1.303669
v 1.789478 0.535634 -1.411635
v 1.676165 0.535633 -1.513139
v 1.557181 0.535633 -1.607841
v 1.432927 0.535633 -1.695418
v 1.303825 0.535633 -1.775574
v 1.170311 0.535633 -1.848039
v 1.032837 0.535633 -1.912566
v 0.891869 0.535633 -1.968939
v 0.747882 0.535633 -2.016966
v 0.601365 0.535633 -2.056484
v 0.452814 0.535633 -2.087359
v 0.302730 0.535633 -2.109488
v 0.151621 0.535633 -2.122796
v -0.000000 0.535633 -2.127237
v -0.151621 0.535633 -2.122796
v -0.302730 0.535633 -2.109488
v -0.452814 0.535633 -2.087359
v -0.601366 0.535633 -2.056484
v -0.747882 0.535633 -2.016966
v -0.891869 0.535633 -1.968939
v -1.032837 0.535633 -1.912566
v -1.170311 0.535633 -1.848039
v -1.303825 0.535633 -1.775574
v -1.432927 0.535633 -1.695418
v -1.557181 0.535633 -1.607841
v -1.676165 0.535633 -1.513139
v -1.789478 0.535633 -1.411635
v -1.896736 0.535633 -1.303669
v -1.997576 0.535633 -1.189609
v -2.091656 0.535633 -1.069840
v -2.178660 0.535633 -0.944767
v -2.258291 0.535633 -0.814814
v -2.330281 0.535633 -0.680420
v -2.394386 0.535633 -0.542039
v -2.450389 0.535633 -0.400141
v -2.498101 0.535633 -0.255205
v -2.537360 0.535633 -0.107722
v 2.534286 0.475850 0.497609
v 2.529999 0.475850 0.349281
v 2.517150 0.475850 0.201456
v 2.495785 0.475850 0.054633
v 2.465974 0.475850 -0.090692
v 2.427820 0.475850 -0.234026
v 2.381450 0.475850 -0.374884
v 2.327023 0.475850 -0.512790
v 2.264721 0.475850 -0.647277
v 2.194756 0.475850 -0.777890
v 2.117365 0.475850 -0.904188
v 2.032810 0.475850 -1.025742
v 1.941376 0.475850 -1.142141
v 1.843373 0.475850 -1.252992
v 1.739133 0.475850 -1.357920
v 1.629008 0.475850 -1.456569
v 1.513371 0.475850 -1.548606
v 1.392613 0.475850 -1.633719
v 1.267143 0.475850 -1.711620
v 1.137386 0.475850 -1.782046
v 1.003780 0.475850 -1.844759
v 0.866777 0.475850 -1.899545
v 0.726841 0.475850 -1.946221
v 0.584447 0.475850 -1.984627
v 0.440074 0.475850 -2.014634
v 0.294213 0.475850 -2.036140
v 0.147356 0.475850 -2.049073
v -0.000000 0.475850 -2.053389
v -0.147356 0.475850 -2.049073
v -0.294213 0.475850 -2.036140
v -0.440074 0.475850 -2.014634
v -0.584447 0.475850 -1.984627
v -0.726842 0.475850 -1.946221
v -0.866777 0.475850 -1.899545
v -1.003780 0.475850 -1.844759
v -1.137386 0.475850 -1.782046
v -1.267143 0.475850 -1.711620
v -1.392613 0.475850 -1.633719
v -1.513371 0.475850 -1.548606
v -1.629008 0.475850 -1.456569
v -1.739133 0.475850 -1.357920
v -1.843373 0.475850 -1.252992
v -1.941376 0.475850 -1.142141
v -2.032810 0.475850 -1.025742
v -2.117365 0.475850 -0.904188
v -2.194756 0.475850 -0.777890
v -2.264721 0.475850 -0.647277
v -2.327023 0.475850 -0.512790
v -2.381450 0.475850 -0.374884
v -2.427820 0.475850 -0.234026
v -2.465974 0.475850 -0.090692
v 2.455115 0.424112 0.497609
v 2.450961 0.424112 0.353915
v 2.438514 0.424112 0.210708
v 2.417816 0.424112 0.068471
v 2.388937 0.424112 -0.072313
v 2.351974 0.424112 -0.211169
v 2.307053 0.424112 -0.347627
v 2.254326 0.424112 -0.481225
v 2.193970 0.424112 -0.611511
v 2.126192 0.424112 -0.738043
v 2.051218 0.424112 -0.860395
v 1.969304 0.424112 -0.978152
v 1.880727 0.424112 -1.090915
v 1.785786 0.424112 -1.198303
v 1.684802 0.424112 -1.299953
v 1.578117 0.424112 -1.395520
v 1.466093 0.424112 -1.484682
v 1.349108 0.424112 -1.567136
v 1.227557 0.424112 -1.642603
v 1.101853 0.424112 -1.710829
v 0.972421 0.424112 -1.771583
v 0.839699 0.424112 -1.824658
v 0.704135 0.424112 -1.869875
v 0.566188 0.424111 -1.907081
v 0.426326 0.424111 -1.936151
v 0.285021 0.424111 -1.956985
v 0.142752 0.424111 -1.969514
v -0.000000 0.424111 -1.973695
v -0.142752 0.424111 -1.969514
v -0.285021 0.424111 -1.956985
v -0.426326 0.424111 -1.936151
v -0.566188 0.424111 -1.907081
v -0.704135 0.424111 -1.869875
v -0.839699 0.424111 -1.824658
v -0.972421 0.424111 -1.771583
v -1.101853 0.424111 -1.710829
v -1.227557 0.424111 -1.642603
v -1.349108 0.424111 -1.567136
v -1.466093 0.424111 -1.484682
v -1.578117 0.424111 -1.395520
v -1.684802 0.424111 -1.299953
v -1.785786 0.424111 -1.198303
v -1.880727 0.424111 -1.090915
v -1.969304 0.424111 -0.978152
v -2.051218 0.424111 -0.860395
v -2.126192 0.424111 -0.738043
v -2.193970 0.424111 -0.611511
v -2.254326 0.424111 -0.481225
v -2.307053 0.424111 -0.347627
v -2.351974 0.424111 -0.211169
v -2.388937 0.424111 -0.072313
v 2.371002 0.380984 0.497609
v 2.366991 0.380984 0.358838
v 2.354970 0.380984 0.220537
v 2.334982 0.380984 0.083174
v 2.307092 0.380984 -0.052788
v 2.271395 0.380984 -0.186887
v 2.228014 0.380984 -0.318669
v 2.177093 0.380984 -0.447690
v 2.118805 0.380984 -0.573512
v 2.053348 0.380984 -0.695710
v 1.980944 0.380984 -0.813870
v 1.901836 0.380984 -0.927592
v 1.816293 0.380984 -1.036492
v 1.724605 0.380984 -1.140201
v 1.627081 0.380984 -1.238368
v 1.524051 0.380984 -1.330662
v 1.415864 0.380984 -1.416768
v 1.302887 0.380984 -1.496398
v 1.185501 0.380984 -1.569280
v 1.064104 0.380984 -1.635168
v 0.939106 0.380984 -1.693840
v 0.810930 0.380984 -1.745097
v 0.680011 0.380984 -1.788765
v 0.546791 0.380984 -1.824697
v 0.411720 0.380984 -1.852770
v 0.275257 0.380984 -1.872891
v 0.137861 0.380984 -1.884991
v -0.000000 0.380984 -1.889029
v -0.137862 0.380984 -1.884991
v -0.275257 0.380984 -1.872891
v -0.411720 0.380984 -1.852770
v -0.546791 0.380984 -1.824697
v -0.680011 0.380984 -1.788765
v -0.810931 0.380984 -1.745097
v -0.939106 0.380984 -1.693840
v -1.064104 0.380984 -1.635168
v -1.185501 0.380984 -1.569280
v -1.302887 0.380984 -1.496398
v -1.415864 0.380984 -1.416768
v -1.524051 0.380984 -1.330662
v -1.627081 0.380984 -1.238368
v -1.724605 0.380984 -1.140201
v -1.816293 0.380984 -1.036492
v -1.901836 0.380984 -0.927592
v -1.980944 0.380984 -0.813870
v -2.053348 0.380984 -0.695710
v -2.118805 0.380984 -0.573512
v -2.177093 0.380984 -0.447690
v -2.228014 0.380984 -0.318669
v -2.271395 0.380984 -0.186887
v -2.307092 0.380984 -0.052788
v 2.282871 0.346941 0.497609
v 2.279009 0.346941 0.363996
v 2.267435 0.346941 0.230836
v 2.248189 0.346941 0.098578
v 2.221336 0.346941 -0.032329
v 2.186966 0.346941 -0.161444
v 2.145197 0.346941 -0.288328
v 2.096169 0.346941 -0.412553
v 2.040048 0.346941 -0.533698
v 1.977024 0.346941 -0.651354
v 1.907311 0.346941 -0.765121
v 1.831144 0.346941 -0.874617
v 1.748781 0.346941 -0.979469
v 1.660500 0.346941 -1.079323
v 1.566601 0.346940 -1.173841
v 1.467401 0.346940 -1.262704
v 1.363236 0.346940 -1.345610
v 1.254458 0.346940 -1.422280
v 1.141436 0.346940 -1.492453
v 1.024551 0.346940 -1.555892
v 0.904199 0.346940 -1.612383
v 0.780788 0.346940 -1.661734
v 0.654735 0.346940 -1.703779
v 0.526466 0.346940 -1.738375
v 0.396416 0.346940 -1.765405
v 0.265025 0.346940 -1.784778
v 0.132737 0.346940 -1.796428
v -0.000000 0.346940 -1.800316
v -0.132737 0.346940 -1.796428
v -0.265025 0.346940 -1.784778
v -0.396416 0.346940 -1.765405
v -0.526466 0.346940 -1.738375
v -0.654735 0.346940 -1.703779
v -0.780788 0.346940 -1.661734
v -0.904199 0.346940 -1.612383
v -1.024551 0.346940 -1.555892
v -1.141436 0.346940 -1.492453
v -1.254458 0.346940 -1.422280
v -1.363236 0.346940 -1.345610
v -1.467401 0.346940 -1.262704
v -1.566601 0.346940 -1.173841
v -1.660500 0.346940 -1.079323
v -1.748781 0.346940 -0.979469
v -1.831144 0.346940 -0.874617
v -1.907311 0.346940 -0.765121
v -1.977024 0.346940 -0.651354
v -2.040048 0.346940 -0.533698
v -2.096169 0.346940 -0.412553
v -2.145197 0.346940 -0.288328
v -2.186966 0.346940 -0.161444
v -2.221336 0.346940 -0.032329
v 2.191686 0.322354 0.497609
v 2.187978 0.322354 0.369333
v 2.176867 0.322354 0.241492
v 2.158390 0.322354 0.114517
v 2.132609 0.322354 -0.011162
v 2.099612 0.322354 -0.135119
v 2.059512 0.322354 -0.256935
v 2.012442 0.322354 -0.376198
v 1.958562 0.322354 -0.492504
v 1.898056 0.322354 -0.605461
v 1.831127 0.322354 -0.714684
v 1.758002 0.322354 -0.819806
v 1.678929 0.322354 -0.920470
v 1.594175 0.322354 -1.016336
v 1.504026 0.322354 -1.107079
v 1.408789 0.322354 -1.192392
v 1.308784 0.322354 -1.271986
v 1.204351 0.322354 -1.345593
v 1.095843 0.322354 -1.412964
v 0.983627 0.322354 -1.473869
v 0.868083 0.322354 -1.528104
v 0.749601 0.322354 -1.575484
v 0.628583 0.322354 -1.615849
v 0.505438 0.322354 -1.649063
v 0.380582 0.322354 -1.675014
v 0.254439 0.322353 -1.693613
v 0.127435 0.322353 -1.704798
v -0.000000 0.322353 -1.708530
v -0.127435 0.322353 -1.704798
v -0.254439 0.322353 -1.693613
v -0.380582 0.322353 -1.675014
v -0.505438 0.322353 -1.649063
v -0.628583 0.322353 -1.615849
v -0.749601 0.322353 -1.575484
v -0.868083 0.322353 -1.528104
v -0.983627 0.322353 -1.473869
v -1.095843 0.322353 -1.412964
v -1.204351 0.322353 -1.345593
v -1.308784 0.322353 -1.271986
v -1.408789 0.322353 -1.192392
v -1.504026 0.322353 -1.107079
v -1.594175 0.322353 -1.016336
v -1.678929 0.322353 -0.920470
v -1.758002 0.322353 -0.819806
v -1.831127 0.322353 -0.714684
v -1.898056 0.322353 -0.605461
v -1.958562 0.322353 -0.492504
v -2.012442 0.322353 -0.376198
v -2.059512 0.322353 -0.256935
v -2.099612 0.322353 -0.135119
v -2.132609 0.322353 -0.011162
v 2.098447 0.307493 0.497609
v 2.094897 0.307493 0.374790
v 2.084258 0.307493 0.252388
v 2.066567 0.307493 0.130814
v 2.041883 0.307493 0.010482
v 2.010290 0.307493 -0.108201
v 1.971895 0.307493 -0.224835
v 1.926828 0.307493 -0.339025
v 1.875241 0.307493 -0.450383
v 1.817309 0.307493 -0.558534
v 1.753227 0.307493 -0.663111
v 1.683213 0.307493 -0.763760
v 1.607504 0.307493 -0.860142
v 1.526355 0.307493 -0.951929
v 1.440042 0.307493 -1.038811
v 1.348856 0.307493 -1.120495
v 1.253106 0.307493 -1.196704
v 1.153116 0.307493 -1.267180
v 1.049224 0.307493 -1.331684
v 0.941781 0.307493 -1.389998
v 0.831152 0.307493 -1.441925
v 0.717711 0.307493 -1.487290
v 0.601841 0.307493 -1.525938
v 0.483935 0.307493 -1.557739
v 0.364392 0.307493 -1.582586
v 0.243615 0.307493 -1.600394
v 0.122014 0.307493 -1.611103
v -0.000000 0.307493 -1.614676
v -0.122014 0.307493 -1.611103
v -0.243615 0.307493 -1.600394
v -0.364392 0.307493 -1.582586
v -0.483935 0.307493 -1.557739
v -0.601842 0.307493 -1.525938
v -0.717711 0.307493 -1.487290
v -0.831153 0.307493 -1.441925
v -0.941781 0.307493 -1.389998
v -1.049224 0.307493 -1.331684
v -1.153116 0.307493 -1.267180
v -1.253106 0.307493 -1.196704
v -1.348856 0.307493 -1.120495
v -1.440042 0.307493 -1.038811
v -1.526355 0.307493 -0.951929
v -1.607504 0.307493 -0.860142
v -1.683213 0.307493 -0.763760
v -1.753227 0.307493 -0.663111
v -1.817309 0.307493 -0.558534
v -1.875241 0.307493 -0.450383
v -1.926828 0.307493 -0.339025
v -1.971895 0.307493 -0.224835
v -2.010290 0.307493 -0.108201
v -2.041883 0.307493 0.010482
v 2.004175 0.302521 0.497609
v 2.000784 0.302521 0.380308
v 1.990624 0.302521 0.263404
v 1.973727 0.302521 0.147292
v 1.950152 0.302521 0.032366
v 1.919979 0.302521 -0.080986
v 1.883309 0.302521 -0.192380
v 1.840266 0.302521 -0.301439
v 1.790996 0.302521 -0.407795
v 1.735667 0.302521 -0.511087
v 1.674464 0.302521 -0.610966
v 1.607595 0.302521 -0.707094
v 1.535287 0.302521 -0.799145
v 1.457784 0.302521 -0.886809
v 1.375348 0.302521 -0.969789
v 1.288259 0.302521 -1.047802
v 1.196810 0.302521 -1.120588
v 1.101312 0.302521 -1.187897
v 1.002088 0.302521 -1.249503
v 0.899472 0.302521 -1.305198
v 0.793813 0.302521 -1.354792
v 0.685468 0.302521 -1.398119
v 0.574804 0.302521 -1.435031
v 0.462195 0.302521 -1.465404
v 0.348021 0.302521 -1.489134
v 0.232671 0.302521 -1.506142
v 0.116532 0.302521 -1.516369
v -0.000000 0.302521 -1.519783
v -0.116532 0.302521 -1.516369
v -0.232671 0.302521 -1.506142
v -0.348021 0.302521 -1.489134
v -0.462195 0.302521 -1.465404
v -0.574804 0.302521 -1.435031
v -0.685468 0.302521 -1.398119
v -0.793813 0.302521 -1.354792
v -0.899472 0.302521 -1.305198
v -1.002088 0.302521 -1.249503
v -1.101312 0.302521 -1.187897
v -1.196810 0.302521 -1.120588
v -1.288259 0.302521 -1.047802
v -1.375348 0.302521 -0.969789
v -1.457784 0.302521 -0.886809
v -1.535287 0.302521 -0.799145
v -1.607595 0.302521 -0.707094
v -1.674464 0.302521 -0.610966
v -1.735667 0.302521 -0.511087
v -1.790996 0.302521 -0.407795
v -1.840266 0.302521 -0.301439
v -1.883309 0.302521 -0.192380
v -1.919979 0.302521 -0.080986
v -1.950152 0.302521 0.032366
v 1.909903 0.307493 0.497609
v 1.906672 0.307493 0.385825
v 1.896989 0.307493 0.274420
v 1.880887 0.307493 0.163771
v 1.858422 0.307493 0.054250
v 1.829667 0.307493 -0.053770
v 1.794722 0.307493 -0.159924
v 1.753704 0.307493 -0.263854
v 1.706752 0.307493 -0.365207
v 1.654025 0.307493 -0.463640
v 1.595701 0.307493 -0.558821
v 1.531978 0.307493 -0.650427
v 1.463071 0.307493 -0.738149
v 1.389213 0.307493 -0.821689
v 1.310655 0.307493 -0.900765
v 1.227662 0.307493 -0.975110
v 1.140515 0.307493 -1.044471
v 1.049509 0.307493 -1.108614
v 0.954952 0.307493 -1.167323
v 0.857163 0.307493 -1.220398
v 0.756474 0.307493 -1.267659
v 0.653225 0.307493 -1.308948
v 0.547766 0.307493 -1.344124
v 0.440454 0.307493 -1.373068
v 0.331651 0.307493 -1.395682
v 0.221726 0.307493 -1.411890
v 0.111051 0.307493 -1.421636
v -0.000000 0.307493 -1.424889
v -0.111051 0.307493 -1.421636
v -0.221726 0.307493 -1.411890
v -0.331651 0.307493 -1.395682
v -0.440454 0.307493 -1.373068
v -0.547766 0.307493 -1.344124
v -0.653225 0.307493 -1.308948
v -0.756474 0.307493 -1.267659
v -0.857163 0.307493 -1.220398
v -0.954952 0.307493 -1.167323
v -1.049509 0.307493 -1.108614
v -1.140515 0.307493 -1.044471
v -1.227662 0.307493 -0.975110
v -1.310655 0.307493 -0.900765
v -1.389213 0.307493 -0.821689
v -1.463071 0.307493 -0.738149
v -1.531978 0.307493 -0.650427
v -1.595701 0.307493 -0.558821
v -1.654025 0.307493 -0.463640
v -1.706752 0.307493 -0.365207
v -1.753704 0.307493 -0.263854
v -1.794722 0.307493 -0.159924
v -1.829667 0.307493 -0.053770
v -1.858422 0.307493 0.054250
v 1.816664 0.322354 0.497609
v 1.813591 0.322354 0.391283
v 1.804380 0.322354 0.285316
v 1.789065 0.322354 0.180068
v 1.767696 0.322354 0.075895
v 1.740345 0.322354 -0.026852
v 1.707106 0.322354 -0.127824
v 1.668090 0.322354 -0.226680
v 1.623430 0.322354 -0.323085
v 1.573277 0.322354 -0.416713
v 1.517801 0.322354 -0.507247
v 1.457188 0.322354 -0.594382
v 1.391645 0.322354 -0.677821
v 1.321393 0.322354 -0.757283
v 1.246670 0.322354 -0.832499
v 1.167729 0.322354 -0.903214
v 1.084836 0.322354 -0.969189
v 0.998273 0.322354 -1.030201
v 0.908332 0.322354 -1.086043
v 0.815317 0.322354 -1.136527
v 0.719544 0.322354 -1.181481
v 0.621336 0.322354 -1.220754
v 0.521025 0.322354 -1.254213
v 0.418952 0.322354 -1.281744
v 0.315460 0.322353 -1.303254
v 0.210902 0.322353 -1.318670
v 0.105630 0.322353 -1.327941
v -0.000000 0.322353 -1.331035
v -0.105630 0.322353 -1.327941
v -0.210902 0.322353 -1.318670
v -0.315460 0.322353 -1.303254
v -0.418952 0.322353 -1.281744
v -0.521025 0.322353 -1.254213
v -0.621336 0.322353 -1.220754
v -0.719544 0.322353 -1.181481
v -0.815317 0.322353 -1.136527
v -0.908332 0.322353 -1.086043
v -0.998273 0.322353 -1.030201
v -1.084836 0.322353 -0.969189
v -1.167729 0.322353 -0.903214
v -1.246670 0.322353 -0.832499
v -1.321393 0.322353 -0.757283
v -1.391645 0.322353 -0.677821
v -1.457188 0.322353 -0.594382
v -1.517801 0.322353 -0.507247
v -1.573277 0.322353 -0.416713
v -1.623430 0.322353 -0.323085
v -1.668090 0.322353 -0.226680
v -1.707106 0.322353 -0.127824
v -1.740345 0.322353 -0.026852
v -1.767696 0.322353 0.075895
v 1.725479 0.346941 0.497609
v 1.722560 0.346941 0.396619
v 1.713812 0.346941 0.295972
v 1.699265 0.346941 0.196007
v 1.678969 0.346941 0.097062
v 1.652991 0.346941 -0.000528
v 1.621420 0.346940 -0.096431
v 1.584363 0.346940 -0.190325
v 1.541945 0.346940 -0.281891
v 1.494309 0.346940 -0.370820
v 1.441617 0.346940 -0.456810
v 1.384047 0.346940 -0.539571
v 1.321794 0.346940 -0.618822
v 1.255068 0.346940 -0.694295
v 1.184096 0.346940 -0.765736
v 1.109117 0.346940 -0.832901
v 1.030385 0.346940 -0.895565
v 0.948166 0.346940 -0.953515
v 0.862740 0.346940 -1.006554
v 0.774394 0.346940 -1.054504
v 0.683427 0.346940 -1.097202
v 0.590149 0.346940 -1.134503
v 0.494873 0.346940 -1.166282
v 0.397923 0.346940 -1.192432
v 0.299626 0.346940 -1.212862
v 0.200316 0.346940 -1.227505
v 0.100328 0.346940 -1.236310
v -0.000000 0.346940 -1.239249
v -0.100328 0.346940 -1.236310
v -0.200316 0.346940 -1.227505
v -0.299626 0.346940 -1.212862
v -0.397923 0.346940 -1.192432
v -0.494873 0.346940 -1.166282
v -0.590149 0.346940 -1.134503
v -0.683427 0.346940 -1.097202
v -0.774394 0.346940 -1.054504
v -0.862740 0.346940 -1.006554
v -0.948166 0.346940 -0.953515
v -1.030385 0.346940 -0.895565
v -1.109117 0.346940 -0.832901
v -1.184096 0.346940 -0.765736
v -1.255068 0.346940 -0.694295
v -1.321794 0.346940 -0.618822
v -1.384047 0.346940 -0.539571
v -1.441617 0.346940 -0.456810
v -1.494309 0.346940 -0.370820
v -1.541945 0.346940 -0.281891
v -1.584363 0.346940 -0.190325
v -1.621420 0.346940 -0.096431
v -1.652991 0.346940 -0.000528
v -1.678969 0.346940 0.097062
v 1.637348 0.380984 0.497609
v 1.634578 0.380984 0.401778
v 1.626277 0.380984 0.306271
v 1.612473 0.380984 0.211411
v 1.593213 0.380984 0.117520
v 1.568562 0.380984 0.024915
v 1.538604 0.380984 -0.066090
v 1.503439 0.380984 -0.155188
v 1.463188 0.380984 -0.242077
v 1.417985 0.380984 -0.326464
v 1.367984 0.380984 -0.408062
v 1.313355 0.380984 -0.486595
v 1.254281 0.380984 -0.561799
v 1.190964 0.380984 -0.633417
v 1.123616 0.380984 -0.701208
v 1.052467 0.380984 -0.764944
v 0.977756 0.380984 -0.824407
v 0.899737 0.380984 -0.879396
v 0.818674 0.380984 -0.929727
v 0.734840 0.380984 -0.975227
v 0.648520 0.380984 -1.015744
v 0.560006 0.380984 -1.051141
v 0.469597 0.380984 -1.081297
v 0.377598 0.380984 -1.106111
v 0.284322 0.380984 -1.125497
v 0.190084 0.380984 -1.139392
v 0.095203 0.380984 -1.147748
v -0.000000 0.380984 -1.150536
v -0.095203 0.380984 -1.147748
v -0.190085 0.380984 -1.139392
v -0.284323 0.380984 -1.125497
v -0.377598 0.380984 -1.106111
v -0.469597 0.380984 -1.081297
v -0.560006 0.380984 -1.051141
v -0.648520 0.380984 -1.015744
v -0.734840 0.380984 -0.975227
v -0.818674 0.380984 -0.929727
v -0.899738 0.380984 -0.879396
v -0.977757 0.380984 -0.824407
v -1.052467 0.380984 -0.764944
v -1.123616 0.380984 -0.701208
v -1.190964 0.380984 -0.633417
v -1.254281 0.380984 -0.561799
v -1.313355 0.380984 -0.486595
v -1.367984 0.380984 -0.408062
v -1.417985 0.380984 -0.326464
v -1.463188 0.380984 -0.242077
v -1.503439 0.380984 -0.155188
v -1.538604 0.380984 -0.066090
v -1.568562 0.380984 0.024915
v -1.593213 0.380984 0.117520
v 1.553236 0.424112 0.497609
v 1.550608 0.424112 0.406701
v 1.542733 0.424112 0.316100
v 1.529639 0.424112 0.226114
v 1.511368 0.424112 0.137046
v 1.487984 0.424112 0.049198
v 1.459564 0.424112 -0.037132
v 1.426206 0.424112 -0.121653
v 1.388022 0.424112 -0.204079
v 1.345142 0.424112 -0.284130
v 1.297710 0.424112 -0.361537
v 1.245886 0.424112 -0.436036
v 1.189848 0.424112 -0.507376
v 1.129783 0.424112 -0.575315
v 1.065895 0.424112 -0.639624
v 0.998401 0.424112 -0.700085
v 0.927528 0.424112 -0.756493
v 0.853517 0.424112 -0.808658
v 0.776618 0.424112 -0.856403
v 0.697091 0.424112 -0.899566
v 0.615205 0.424111 -0.938002
v 0.531238 0.424111 -0.971580
v 0.445473 0.424111 -1.000187
v 0.358201 0.424111 -1.023726
v 0.269717 0.424111 -1.042117
v 0.180320 0.424111 -1.055298
v 0.090313 0.424111 -1.063224
v -0.000000 0.424111 -1.065870
v -0.090313 0.424111 -1.063224
v -0.180320 0.424111 -1.055298
v -0.269717 0.424111 -1.042117
v -0.358201 0.424111 -1.023726
v -0.445473 0.424111 -1.000187
v -0.531238 0.424111 -0.971580
v -0.615205 0.424111 -0.938002
v -0.697091 0.424111 -0.899566
v -0.776618 0.424111 -0.856403
v -0.853517 0.424111 -0.808658
v -0.927528 0.424111 -0.756493
v -0.998401 0.424111 -0.700085
v -1.065895 0.424111 -0.639624
v -1.129783 0.424111 -0.575315
v -1.189848 0.424111 -0.507376
v -1.245886 0.424111 -0.436036
v -1.297710 0.424111 -0.361537
v -1.345142 0.424111 -0.284130
v -1.388022 0.424111 -0.204079
v -1.426206 0.424111 -0.121653
v -1.459564 0.424111 -0.037132
v -1.487984 0.424111 0.049198
v -1.511368 0.424111 0.137046
v 1.474064 0.475850 0.497609
v 1.471570 0.475850 0.411334
v 1.464097 0.475850 0.325352
v 1.451670 0.475850 0.239952
v 1.434331 0.475850 0.155424
v 1.412138 0.475850 0.072055
v 1.385167 0.475850 -0.009875
v 1.353509 0.475850 -0.090088
v 1.317272 0.475850 -0.168312
v 1.276577 0.475850 -0.244283
v 1.231563 0.475850 -0.317744
v 1.182381 0.475850 -0.388446
v 1.129199 0.475850 -0.456149
v 1.072195 0.475850 -0.520626
v 1.011564 0.475850 -0.581657
v 0.947510 0.475850 -0.639036
v 0.880250 0.475850 -0.692569
v 0.810011 0.475850 -0.742075
v 0.737032 0.475850 -0.787386
v 0.661559 0.475850 -0.828350
v 0.583847 0.475850 -0.864826
v 0.504160 0.475850 -0.896693
v 0.422766 0.475850 -0.923841
v 0.339943 0.475850 -0.946180
v 0.255968 0.475850 -0.963634
v 0.171128 0.475850 -0.976143
v 0.085709 0.475850 -0.983665
v -0.000000 0.475850 -0.986176
v -0.085709 0.475850 -0.983665
v -0.171128 0.475850 -0.976143
v -0.255969 0.475850 -0.963634
v -0.339943 0.475850 -0.946180
v -0.422766 0.475850 -0.923841
v -0.504160 0.475850 -0.896693
v -0.583847 0.475850 -0.864826
v -0.661559 0.475850 -0.828350
v -0.737032 0.475850 -0.787386
v -0.810012 0.475850 -0.742075
v -0.880250 0.475850 -0.692569
v -0.947510 0.475850 -0.639036
v -1.011564 0.475850 -0.581657
v -1.072195 0.475850 -0.520626
v -1.129199 0.475850 -0.456149
v -1.182381 0.475850 -0.388446
v -1.231563 0.475850 -0.317744
v -1.276577 0.475850 -0.244283
v -1.317272 0.475850 -0.168312
v -1.353509 0.475850 -0.090088
v -1.385167 0.475850 -0.009875
v -1.412138 0.475850 0.072055
v -1.434331 0.475850 0.155424
v 1.400700 0.535633 0.497609
v 1.398331 0.535633 0.415628
v 1.391229 0.535633 0.333925
v 1.379421 0.535633 0.252776
v 1.362944 0.535633 0.172455
v 1.341856 0.535633 0.093234
v 1.316228 0.535633 0.015382
v 1.286146 0.535633 -0.060839
v 1.251711 0.535633 -0.135170
v 1.213042 0.535633 -0.207360
v 1.170268 0.535633 -0.277164
v 1.123534 0.535633 -0.344347
v 1.072999 0.535633 -0.408681
v 1.018833 0.535633 -0.469949
v 0.961219 0.535633 -0.527942
v 0.900353 0.535633 -0.582466
v 0.836440 0.535633 -0.633334
v 0.769697 0.535633 -0.680376
v 0.700350 0.535633 -0.723433
v 0.628633 0.535633 -0.762357
v 0.554789 0.535633 -0.797018
v 0.479068 0.535633 -0.827299
v 0.401725 0.535633 -0.853096
v 0.323024 0.535633 -0.874323
v 0.243229 0.535633 -0.890908
v 0.162611 0.535633 -0.902795
v 0.081443 0.535633 -0.909943
v -0.000000 0.535633 -0.912328
v -0.081444 0.535633 -0.909943
v -0.162611 0.535633 -0.902795
v -0.243229 0.535633 -0.890908
v -0.323024 0.535633 -0.874323
v -0.401725 0.535633 -0.853096
v -0.479068 0.535633 -0.827299
v -0.554789 0.535633 -0.797018
v -0.628633 0.535633 -0.762357
v -0.700350 0.535633 -0.723433
v -0.769698 0.535633 -0.680376
v -0.836440 0.535633 -0.633334
v -0.900353 0.535633 -0.582466
v -0.961219 0.535633 -0.527942
v -1.018833 0.535633 -0.469949
v -1.072999 0.535633 -0.408681
v -1.123534 0.535633 -0.344347
v -1.170268 0.535633 -0.277164
v -1.213042 0.535633 -0.207360
v -1.251712 0.535633 -0.135170
v -1.286146 0.535633 -0.060839
v -1.316228 0.535633 0.015382
v -1.341856 0.535633 0.093234
v -1.362944 0.535633 0.172455
v 1.333948 0.602806 0.497609
v 1.331692 0.602806 0.419535
v 1.324929 0.602806 0.341726
v 1.313683 0.602806 0.264444
v 1.297992 0.602806 0.187950
v 1.277909 0.602806 0.112505
v 1.253502 0.602806 0.038363
v 1.224853 0.602806 -0.034225
v 1.192060 0.602806 -0.105014
v 1.155233 0.602806 -0.173764
v 1.114498 0.602806 -0.240242
v 1.069991 0.602806 -0.304223
v 1.021864 0.602806 -0.365491
v 0.970279 0.602806 -0.423839
v 0.915411 0.602806 -0.479069
v 0.857446 0.602806 -0.530994
v 0.796579 0.602806 -0.579438
v 0.733017 0.602806 -0.624238
v 0.666974 0.602806 -0.665242
v 0.598675 0.602806 -0.702312
v 0.528350 0.602806 -0.735321
v 0.456237 0.602806 -0.764159
v 0.382581 0.602806 -0.788727
v 0.307630 0.602806 -0.808942
v 0.231638 0.602806 -0.824737
v 0.154862 0.602806 -0.836057
v 0.077562 0.602806 -0.842865
v -0.000000 0.602806 -0.845136
v -0.077562 0.602806 -0.842865
v -0.154862 0.602806 -0.836057
v -0.231638 0.602806 -0.824737
v -0.307630 0.602806 -0.808942
v -0.382581 0.602806 -0.788727
v -0.456237 0.602806 -0.764159
v -0.528350 0.602806 -0.735321
v -0.598675 0.602806 -0.702312
v -0.666974 0.602806 -0.665242
v -0.733017 0.602806 -0.624238
v -0.796579 0.602806 -0.579438
v -0.857446 0.602806 -0.530994
v -0.915411 0.602806 -0.479069
v -0.970279 0.602806 -0.423839
v -1.021864 0.602806 -0.365491
v -1.069991 0.602806 -0.304223
v -1.114498 0.602806 -0.240242
v -1.155234 0.602806 -0.173764
v -1.192060 0.602806 -0.105014
v -1.224853 0.602806 -0.034225
v -1.253502 0.602806 0.038363
v -1.277909 0.602806 0.112505
v -1.297992 0.602806 0.187950
v 1.274540 0.676632 0.497609
v 1.272383 0.676632 0.423012
v 1.265922 0.676632 0.348668
v 1.255177 0.676632 0.274828
v 1.240184 0.676632 0.201741
v 1.220996 0.676632 0.129656
v 1.197676 0.676632 0.058816
v 1.170303 0.676632 -0.010540
v 1.138970 0.676632 -0.078176
v 1.103784 0.676632 -0.143863
v 1.064862 0.676632 -0.207381
v 1.022338 0.676632 -0.268513
v 0.976354 0.676632 -0.327052
v 0.927067 0.676632 -0.382801
v 0.874642 0.676632 -0.435571
v 0.819258 0.676632 -0.485184
v 0.761102 0.676632 -0.531471
v 0.700371 0.676632 -0.574276
v 0.637270 0.676632 -0.613454
v 0.572012 0.676632 -0.648872
v 0.504819 0.676632 -0.680412
v 0.435918 0.676632 -0.707965
v 0.365542 0.676632 -0.731439
v 0.293929 0.676632 -0.750754
v 0.221321 0.676632 -0.765845
v 0.147965 0.676632 -0.776661
v 0.074108 0.676632 -0.783165
v -0.000000 0.676632 -0.785336
v -0.074108 0.676632 -0.783165
v -0.147965 0.676632 -0.776661
v -0.221322 0.676632 -0.765845
v -0.293929 0.676632 -0.750754
v -0.365542 0.676632 -0.731439
v -0.435918 0.676632 -0.707965
v -0.504820 0.676632 -0.680412
v -0.572012 0.676632 -0.648872
v -0.637270 0.676632 -0.613454
v -0.700371 0.676632 -0.574276
v -0.761102 0.676632 -0.531471
v -0.819259 0.676632 -0.485184
v -0.874642 0.676632 -0.435571
v -0.927067 0.676632 -0.382801
v -0.976354 0.676632 -0.327052
v -1.022338 0.676632 -0.268513
v -1.064863 0.676632 -0.207381
v -1.103784 0.676632 -0.143863
v -1.138970 0.676632 -0.078176
v -1.170303 0.676632 -0.010540
v -1.197676 0.676632 0.058816
v -1.220996 0.676632 0.129656
v -1.240185 0.676632 0.201741
v 1.223125 0.756303 0.497609
v 1.221056 0.756303 0.426021
v 1.214855 0.756303 0.354676
v 1.204543 0.756303 0.283815
v 1.190156 0.756303 0.213677
v 1.171741 0.756303 0.144499
v 1.149362 0.756303 0.076517
v 1.123093 0.756303 0.009959
v 1.093024 0.756303 -0.054949
v 1.059257 0.756303 -0.117987
v 1.021906 0.756303 -0.178942
v 0.981097 0.756303 -0.237607
v 0.936968 0.756303 -0.293785
v 0.889669 0.756303 -0.347286
v 0.839359 0.756303 -0.397927
v 0.786210 0.756303 -0.445538
v 0.730400 0.756303 -0.489958
v 0.672118 0.756303 -0.531036
v 0.611562 0.756303 -0.568634
v 0.548937 0.756303 -0.602623
v 0.484455 0.756303 -0.632890
v 0.418333 0.756303 -0.659332
v 0.350796 0.756303 -0.681859
v 0.282072 0.756303 -0.700395
v 0.212393 0.756303 -0.714878
v 0.141996 0.756303 -0.725257
v 0.071118 0.756303 -0.731499
v -0.000000 0.756303 -0.733582
v -0.071118 0.756303 -0.731499
v -0.141996 0.756303 -0.725257
v -0.212394 0.756303 -0.714878
v -0.282072 0.756303 -0.700395
v -0.350796 0.756303 -0.681859
v -0.418334 0.756303 -0.659332
v -0.484455 0.756303 -0.632890
v -0.548938 0.756303 -0.602623
v -0.611563 0.756303 -0.568634
v -0.672118 0.756303 -0.531036
v -0.730400 0.756303 -0.489958
v -0.786210 0.756302 -0.445538
v -0.839360 0.756302 -0.397927
v -0.889669 0.756302 -0.347286
v -0.936968 0.756302 -0.293785
v -0.981097 0.756302 -0.237607
v -1.021906 0.756302 -0.178942
v -1.059258 0.756302 -0.117987
v -1.093025 0.756302 -0.054949
v -1.123093 0.756302 0.009959
v -1.149362 0.756302 0.076517
v -1.171741 0.756302 0.144499
v -1.190156 0.756302 0.213677
v 1.180268 0.840945 0.497609
v 1.178271 0.840945 0.428530
v 1.172287 0.840945 0.359684
v 1.162337 0.840945 0.291306
v 1.148453 0.840945 0.223625
v 1.130684 0.840945 0.156872
v 1.109089 0.840945 0.091272
v 1.083741 0.840945 0.027046
v 1.054726 0.840945 -0.035587
v 1.022142 0.840945 -0.096417
v 0.986099 0.840945 -0.155236
v 0.946720 0.840945 -0.211846
v 0.904138 0.840945 -0.266056
v 0.858496 0.840945 -0.317681
v 0.809949 0.840945 -0.366548
v 0.758661 0.840945 -0.412491
v 0.704807 0.840945 -0.455354
v 0.648568 0.840945 -0.494993
v 0.590134 0.840945 -0.531273
v 0.529703 0.840945 -0.564072
v 0.467480 0.840945 -0.593279
v 0.403675 0.840945 -0.618794
v 0.338505 0.840945 -0.640531
v 0.272188 0.840945 -0.658418
v 0.204951 0.840945 -0.672393
v 0.137021 0.840945 -0.682409
v 0.068626 0.840945 -0.688432
v -0.000000 0.840945 -0.690442
v -0.068627 0.840945 -0.688432
v -0.137021 0.840945 -0.682409
v -0.204951 0.840945 -0.672393
v -0.272189 0.840945 -0.658418
v -0.338505 0.840945 -0.640531
v -0.403675 0.840945 -0.618794
v -0.467480 0.840945 -0.593279
v -0.529703 0.840945 -0.564072
v -0.590134 0.840945 -0.531273
v -0.648568 0.840945 -0.494993
v -0.704807 0.840945 -0.455354
v -0.758662 0.840945 -0.412491
v -0.809949 0.840945 -0.366548
v -0.858496 0.840945 -0.317681
v -0.904138 0.840945 -0.266056
v -0.946720 0.840945 -0.211846
v -0.986100 0.840945 -0.155236
v -1.022142 0.840945 -0.096417
v -1.054726 0.840945 -0.035587
v -1.083741 0.840945 0.027046
v -1.109089 0.840945 0.091272
v -1.130684 0.840945 0.156872
v -1.148454 0.840945 0.223625
v 1.146437 0.929632 0.497609
v 1.144498 0.929632 0.430510
v 1.138685 0.929632 0.363638
v 1.129020 0.929632 0.297219
v 1.115535 0.929632 0.231479
v 1.098275 0.929632 0.166639
v 1.077299 0.929632 0.102918
v 1.052677 0.929632 0.040534
v 1.024494 0.929632 -0.020304
v 0.992844 0.929632 -0.079390
v 0.957834 0.929632 -0.136523
v 0.919584 0.929632 -0.191511
v 0.878222 0.929632 -0.244166
v 0.833888 0.929632 -0.294312
v 0.786733 0.929632 -0.341779
v 0.736916 0.929632 -0.386405
v 0.684605 0.929632 -0.428039
v 0.629978 0.929632 -0.466542
v 0.573219 0.929632 -0.501782
v 0.514520 0.929632 -0.533641
v 0.454081 0.929632 -0.562010
v 0.392105 0.929632 -0.586794
v 0.328802 0.929632 -0.607909
v 0.264387 0.929632 -0.625283
v 0.199077 0.929632 -0.638857
v 0.133093 0.929632 -0.648586
v 0.066659 0.929632 -0.654436
v -0.000000 0.929632 -0.656389
v -0.066660 0.929632 -0.654436
v -0.133093 0.929632 -0.648586
v -0.199077 0.929632 -0.638857
v -0.264387 0.929632 -0.625283
v -0.328802 0.929632 -0.607909
v -0.392105 0.929632 -0.586794
v -0.454081 0.929632 -0.562010
v -0.514520 0.929632 -0.533641
v -0.573219 0.929632 -0.501782
v -0.629978 0.929632 -0.466542
v -0.684605 0.929632 -0.428039
v -0.736916 0.929632 -0.386405
v -0.786733 0.929632 -0.341779
v -0.833888 0.929632 -0.294312
v -0.878222 0.929632 -0.244166
v -0.919584 0.929632 -0.191511
v -0.957835 0.929632 -0.136523
v -0.992844 0.929632 -0.079390
v -1.024494 0.929632 -0.020304
v -1.052677 0.929632 0.040534
v -1.077299 0.929632 0.102918
v -1.098275 0.929632 0.166639
v -1.115535 0.929632 0.231479
v 1.122005 1.021391 0.497609
v 1.120106 1.021391 0.431940
v 1.114418 1.021391 0.366493
v 1.104959 1.021391 0.301490
v 1.091761 1.021391 0.237150
v 1.074869 1.021391 0.173692
v 1.054339 1.021391 0.111330
v 1.030243 1.021391 0.050275
v 1.002660 1.021391 -0.009267
v 0.971684 1.021391 -0.067093
v 0.937421 1.021391 -0.123008
v 0.899986 1.021391 -0.176824
v 0.859505 1.021391 -0.228358
v 0.816116 1.021391 -0.277435
v 0.769966 1.021391 -0.323889
v 0.721211 1.021391 -0.367564
v 0.670015 1.021391 -0.408312
v 0.616551 1.021391 -0.445994
v 0.561002 1.021391 -0.480483
v 0.503555 1.021391 -0.511663
v 0.444403 1.021391 -0.539428
v 0.383748 1.021391 -0.563683
v 0.321794 1.021391 -0.584348
v 0.258752 1.021391 -0.601351
v 0.194834 1.021391 -0.614636
v 0.130257 1.021391 -0.624158
v 0.065239 1.021391 -0.629884
v -0.000000 1.021391 -0.631795
v -0.065239 1.021391 -0.629884
v -0.130257 1.021391 -0.624158
v -0.194834 1.021391 -0.614636
v -0.258752 1.021391 -0.601351
v -0.321795 1.021391 -0.584348
v -0.383748 1.021391 -0.563683
v -0.444403 1.021391 -0.539428
v -0.503555 1.021391 -0.511663
v -0.561002 1.021391 -0.480483
v -0.616552 1.021391 -0.445994
v -0.670015 1.021391 -0.408312
v -0.721211 1.021391 -0.367564
v -0.769966 1.021391 -0.323889
v -0.816117 1.021391 -0.277435
v -0.859506 1.021391 -0.228358
v -0.899986 1.021391 -0.176824
v -0.937421 1.021391 -0.123008
v -0.971685 1.021391 -0.067093
v -1.002660 1.021391 -0.009267
v -1.030243 1.021391 0.050275
v -1.054340 1.021391 0.111330
v -1.074869 1.021391 0.173692
v -1.091761 1.021391 0.237150
v 1.107237 1.115218 0.497609
v 1.105364 1.115218 0.432804
v 1.099750 1.115218 0.368219
v 1.090415 1.115218 0.304071
v 1.077391 1.115218 0.240579
v 1.060721 1.115218 0.177956
v 1.040462 1.115218 0.116414
v 1.016683 1.115218 0.056163
v 0.989463 1.115218 -0.002595
v 0.958895 1.115218 -0.059660
v 0.925083 1.115218 -0.114840
v 0.888140 1.115218 -0.167947
v 0.848193 1.115218 -0.218803
v 0.805375 1.115218 -0.267234
v 0.759832 1.115218 -0.313077
v 0.711718 1.115218 -0.356177
v 0.661196 1.115218 -0.396388
v 0.608436 1.115218 -0.433574
v 0.553618 1.115218 -0.467610
v 0.496927 1.115218 -0.498379
v 0.438554 1.115218 -0.525778
v 0.378697 1.115218 -0.549715
v 0.317559 1.115218 -0.570107
v 0.255346 1.115218 -0.586887
v 0.192270 1.115218 -0.599997
v 0.128542 1.115218 -0.609394
v 0.064380 1.115218 -0.615044
v -0.000000 1.115218 -0.616930
v -0.064380 1.115218 -0.615044
v -0.128542 1.115218 -0.609394
v -0.192270 1.115218 -0.599997
v -0.255347 1.115218 -0.586887
v -0.317559 1.115218 -0.570107
v -0.378697 1.115218 -0.549715
v -0.438554 1.115218 -0.525778
v -0.496927 1.115218 -0.498379
v -0.553619 1.115218 -0.467610
v -0.608437 1.115218 -0.433574
v -0.661196 1.115218 -0.396388
v -0.711718 1.115218 -0.356177
v -0.759832 1.115218 -0.313077
v -0.805375 1.115218 -0.267234
v -0.848193 1.115218 -0.218803
v -0.888140 1.115218 -0.167947
v -0.925083 1.115218 -0.114840
v -0.958895 1.115218 -0.059660
v -0.989463 1.115218 -0.002595
v -1.016683 1.115218 0.056163
v -1.040462 1.115218 0.116414
v -1.060722 1.115218 0.177956
v -1.077391 1.115218 0.240579
v -3.000000 1.210084 0.497609
v -3.000000 -0.000000 0.497609
v 3.000000 0.000000 0.497609
v 3.000000 1.210085 0.497609
v -0.057157 -0.000000 1.835538
v -0.057157 1.115546 1.835538
v 0.000000 0.000000 1.840435
v -0.000000 1.115546 1.840435
v 0.057157 0.000000 1.835538
v 0.057157 1.115546 1.835538
v 0.112669 0.000000 1.820988
v 0.112669 1.115546 1.820988
v 0.164941 0.000000 1.797204
v 0.164941 1.115546 1.797204
v 0.212467 0.000000 1.764870
v 0.212467 1.115546 1.764870
v 0.253881 0.000000 1.724917
v 0.253881 1.115546 1.724917
v 0.287991 0.000000 1.678492
v 0.287991 1.115546 1.678492
v 0.313816 0.000000 1.626933
v 0.313816 1.115546 1.626933
v 0.330614 0.000000 1.571723
v 0.330614 1.115546 1.571723
v 0.337900 0.000000 1.514448
v 0.337900 1.115546 1.514448
v 0.335465 0.000000 1.456759
v 0.335465 1.115546 1.456759
v 0.323380 0.000000 1.400313
v 0.323380 1.115546 1.400313
v 0.301992 0.000000 1.346735
v 0.301991 1.115546 1.346735
v 0.271915 0.000000 1.297566
v 0.271915 1.115546 1.297566
v 0.234017 0.000000 1.254221
v 0.234017 1.115546 1.254221
v 0.189386 0.000000 1.217946
v 0.189386 1.115546 1.217946
v 0.139307 0.000000 1.189786
v 0.139307 1.115546 1.189786
v 0.085220 0.000000 1.170550
v 0.085220 1.115546 1.170550
v 0.028682 0.000000 1.160792
v 0.028682 1.115546 1.160792
v -0.028682 -0.000000 1.160792
v -0.028682 1.115546 1.160792
v -0.085220 -0.000000 1.170550
v -0.085220 1.115546 1.170550
v -0.139307 -0.000000 1.189786
v -0.139307 1.115546 1.189786
v -0.189386 -0.000000 1.217946
v -0.189386 1.115546 1.217946
v -0.234017 -0.000000 1.254221
v -0.234017 1.115546 1.254221
v -0.271915 -0.000000 1.297566
v -0.271916 1.115546 1.297566
v -0.301992 -0.000000 1.346735
v -0.301992 1.115546 1.346735
v -0.323380 -0.000000 1.400313
v -0.323380 1.115546 1.400313
v -0.335465 -0.000000 1.456759
v -0.335465 1.115546 1.456759
v -0.337900 -0.000000 1.514448
v -0.337900 1.115546 1.514448
v -0.330614 -0.000000 1.571723
v -0.330614 1.115546 1.571723
v -0.313816 -0.000000 1.626933
v -0.313816 1.115546 1.626933
v -0.287991 -0.000000 1.678492
v -0.287991 1.115546 1.678492
v -0.253881 -0.000000 1.724917
v -0.253881 1.115546 1.724917
v -0.212467 -0.000000 1.764870
v -0.212467 1.115546 1.764870
v -0.164941 -0.000000 1.797204
v -0.164941 1.115546 1.797204
v -0.112669 -0.000000 1.820988
v -0.112670 1.115546 1.820988
v 0.063099 0.000000 1.911211
v 0.000000 0.000000 1.916087
v -0.063099 -0.000000 1.911211
v -0.124720 -0.000000 1.896696
v -0.183417 -0.000000 1.872883
v -0.237814 -0.000000 1.840330
v -0.286638 -0.000000 1.799800
v -0.328743 -0.000000 1.752242
v -0.363143 -0.000000 1.698773
v -0.389031 -0.000000 1.640644
v -0.405800 -0.000000 1.579219
v -0.413058 -0.000000 1.515937
v -0.410634 -0.000000 1.452282
v -0.398585 -0.000000 1.389745
v -0.377194 -0.000000 1.329792
v -0.346961 -0.000000 1.273829
v -0.308596 -0.000000 1.223167
v -0.262998 -0.000000 1.178993
v -0.211235 -0.000000 1.142344
v -0.154521 -0.000000 1.114078
v -0.094186 -0.000000 1.094858
v -0.031642 -0.000000 1.085134
v 0.031642 0.000000 1.085134
v 0.094186 0.000000 1.094858
v 0.154521 0.000000 1.114078
v 0.211235 0.000000 1.142344
v 0.262998 0.000000 1.178993
v 0.308596 0.000000 1.223167
v 0.346961 0.000000 1.273829
v 0.377194 0.000000 1.329792
v 0.398585 0.000000 1.389745
v 0.410634 0.000000 1.452282
v 0.413058 0.000000 1.515937
v 0.405800 0.000000 1.579219
v 0.389031 0.000000 1.640644
v 0.363143 0.000000 1.698773
v 0.328743 0.000000 1.752242
v 0.286638 0.000000 1.799800
v 0.237814 0.000000 1.840330
v 0.183417 0.000000 1.872883
v 0.124720 0.000000 1.896696
v -1.126807 -0.000000 1.896696
v -1.065187 -0.000000 1.911211
v -1.002088 -0.000000 1.916087
v -0.938988 -0.000000 1.911211
v -0.877368 -0.000000 1.896696
v -0.818671 -0.000000 1.872883
v -0.764273 -0.000000 1.840330
v -0.715450 -0.000000 1.799800
v -0.673344 -0.000000 1.752242
v -0.638945 -0.000000 1.698773
v -0.613057 -0.000000 1.640644
v -0.596288 -0.000000 1.579219
v -0.589030 -0.000000 1.515937
v -0.591454 -0.000000 1.452282
v -0.603503 -0.000000 1.389745
v -0.624894 -0.000000 1.329792
v -0.655127 -0.000000 1.273829
v -0.693492 -0.000000 1.223167
v -0.739090 -0.000000 1.178993
v -0.790852 -0.000000 1.142344
v -0.847566 -0.000000 1.114078
v -0.907902 -0.000000 1.094858
v -0.970445 -0.000000 1.085134
v -1.033730 -0.000000 1.085134
v -1.096273 -0.000000 1.094858
v -1.156609 -0.000000 1.114078
v -1.213323 -0.000000 1.142344
v -1.265085 -0.000000 1.178993
v -1.310684 -0.000000 1.223167
v -1.349049 -0.000000 1.273829
v -1.379281 -0.000000 1.329792
v -1.400672 -0.000000 1.389745
v -1.412721 -0.000000 1.452282
v -1.415145 -0.000000 1.515937
v -1.407888 -0.000000 1.579219
v -1.391118 -0.000000 1.640644
v -1.365230 -0.000000 1.698773
v -1.330831 -0.000000 1.752242
v -1.288726 -0.000000 1.799800
v -1.239902 -0.000000 1.840330
v -1.185504 -0.000000 1.872883
v 1.534447 0.000000 2.294348
v 1.471816 0.000000 2.294348
v 0.532359 0.000000 2.294348
v 0.469729 0.000000 2.407826
v 0.469729 0.000000 2.294348
v -0.469729 -0.000000 2.407826
v -0.469729 -0.000000 2.294348
v -0.532359 -0.000000 2.407826
v -0.532359 -0.000000 2.294348
v -1.471816 -0.000000 2.407826
v -1.471816 -0.000000 2.294348
v -1.534447 -0.000000 2.294348
v 0.532359 0.000000 0.705652
v 0.469729 0.000000 0.705652
v 0.469729 0.000000 0.592174
v -0.469729 -0.000000 0.592174
v -0.469729 -0.000000 0.705652
v -0.532359 -0.000000 0.705652
v -0.532359 -0.000000 0.592174
v -1.471816 -0.000000 0.592174
v -1.471816 -0.000000 0.705652
v -1.534447 -0.000000 0.705652
v 3.000000 0.000000 2.502391
v 3.000000 1.210085 2.502391
v -3.000000 1.210084 2.502391
v -3.000000 -0.000000 2.502391
vn -0.1033 0.1893 0.9765
vn -0.0921 0.1300 0.9872
vn 0.0921 0.1300 0.9872
vn 0.0859 0.3813 0.9204
vn 0.0858 0.3814 0.9204
vn 0.0738 0.6072 0.7911
vn 0.0567 0.7922 0.6077
vn 0.0567 0.7922 0.6076
vn 0.0357 0.9233 0.3823
vn 0.0357 0.9233 0.3824
vn 0.0125 0.9912 0.1316
vn 0.0122 0.9914 0.1305
vn 0.0131 0.9909 0.1337
vn 0.0134 0.9908 0.1347
vn -0.2745 0.0776 0.9584
vn -0.3024 0.2315 0.9247
vn -0.4477 0.0407 0.8932
vn -0.4855 0.2576 0.8354
vn -0.6050 0.0203 0.7959
vn -0.6469 0.2683 0.7138
vn -0.7411 0.0162 0.6712
vn -0.7820 0.2644 0.5644
vn -0.8514 0.0285 0.5237
vn -0.8865 0.2455 0.3921
vn -0.9318 0.0569 0.3586
vn -0.9563 0.2113 0.2019
vn -0.9781 0.1013 0.1816
vn -0.9870 0.1608 -0.0000
vn -0.9871 0.1603 -0.0000
vn -0.9781 0.1013 -0.1816
vn -0.9097 0.3793 -0.1690
vn -0.9097 0.3792 -0.1690
vn -0.8635 0.3795 -0.3323
vn -0.7430 0.6051 -0.2860
vn -0.6779 0.6054 -0.4170
vn -0.6779 0.6055 -0.4170
vn -0.5214 0.7907 -0.3207
vn -0.4534 0.7911 -0.4106
vn -0.4533 0.7911 -0.4106
vn -0.2855 0.9228 -0.2586
vn -0.2329 0.9230 -0.3063
vn -0.0737 0.9926 -0.0969
vn -0.0678 0.9897 -0.1261
vn -0.0556 0.9923 -0.1110
vn -0.0407 0.9902 -0.1334
vn -0.0365 0.9915 -0.1252
vn -0.0392 0.9907 -0.1305
vn -0.0350 0.9919 -0.1223
vn -0.0134 0.9908 -0.1347
vn -0.0125 0.9912 -0.1317
vn -0.0131 0.9909 -0.1336
vn -0.0122 0.9914 -0.1305
vn 0.0131 0.9910 -0.1336
vn 0.0122 0.9914 -0.1305
vn 0.0125 0.9912 -0.1316
vn 0.0357 0.9233 -0.3823
vn 0.0567 0.7922 -0.6077
vn 0.0567 0.7921 -0.6077
vn 0.0738 0.6073 -0.7911
vn 0.0858 0.3814 -0.9204
vn 0.0921 0.1301 -0.9872
vn 0.1033 0.1892 -0.9765
vn -0.9563 0.2113 -0.2019
vn -0.9318 0.0569 -0.3586
vn -0.7879 0.3798 -0.4847
vn -0.5896 0.6059 -0.5340
vn -0.5897 0.6059 -0.5340
vn -0.4533 0.7912 -0.4106
vn -0.3699 0.7915 -0.4866
vn -0.1723 0.9231 -0.3437
vn -0.1723 0.9232 -0.3437
vn -0.8865 0.2455 -0.3921
vn -0.8514 0.0285 -0.5237
vn -0.6856 0.3802 -0.6209
vn -0.6855 0.3802 -0.6209
vn -0.4812 0.6063 -0.6331
vn -0.4812 0.6064 -0.6331
vn -0.2737 0.7918 -0.5460
vn -0.1058 0.9233 -0.3693
vn -0.7820 0.2643 -0.5644
vn -0.7411 0.0162 -0.6712
vn -0.5596 0.3806 -0.7362
vn -0.3562 0.6068 -0.7106
vn -0.3562 0.6067 -0.7107
vn -0.1681 0.7920 -0.5869
vn -0.0357 0.9233 -0.3823
vn -0.6469 0.2683 -0.7138
vn -0.6050 0.0203 -0.7959
vn -0.4143 0.3809 -0.8266
vn -0.2188 0.6070 -0.7640
vn -0.2188 0.6071 -0.7639
vn -0.0567 0.7922 -0.6077
vn -0.0567 0.7921 -0.6077
vn -0.4855 0.2576 -0.8354
vn -0.4477 0.0408 -0.8932
vn -0.2546 0.3812 -0.8888
vn -0.2545 0.3813 -0.8887
vn -0.0738 0.6072 -0.7911
vn -0.0738 0.6073 -0.7911
vn -0.3024 0.2315 -0.9246
vn -0.2745 0.0775 -0.9585
vn -0.0858 0.3814 -0.9204
vn -0.1033 0.1892 -0.9765
vn -0.0921 0.1301 -0.9872
vn 0.2745 0.0775 -0.9585
vn 0.3024 0.2315 -0.9246
vn 0.4477 0.0408 -0.8933
vn 0.4855 0.2575 -0.8354
vn 0.6050 0.0203 -0.7959
vn 0.6469 0.2683 -0.7138
vn 0.7411 0.0162 -0.6712
vn 0.7820 0.2643 -0.5645
vn 0.8514 0.0284 -0.5237
vn 0.8866 0.2454 -0.3921
vn 0.9318 0.0569 -0.3586
vn 0.9563 0.2112 -0.2019
vn 0.9781 0.1012 -0.1816
vn 0.9870 0.1607 -0.0000
vn 0.9781 0.1012 0.1816
vn 0.9097 0.3794 0.1689
vn 0.9097 0.3793 0.1689
vn 0.8634 0.3795 0.3323
vn 0.8634 0.3796 0.3323
vn 0.7430 0.6051 0.2860
vn 0.6779 0.6054 0.4170
vn 0.6779 0.6055 0.4170
vn 0.5214 0.7907 0.3207
vn 0.5214 0.7908 0.3207
vn 0.4534 0.7911 0.4106
vn 0.2855 0.9228 0.2586
vn 0.2855 0.9229 0.2585
vn 0.2328 0.9230 0.3063
vn 0.2329 0.9230 0.3063
vn 0.0736 0.9926 0.0969
vn 0.0678 0.9897 0.1261
vn 0.0556 0.9923 0.1110
vn 0.0407 0.9902 0.1333
vn 0.0365 0.9915 0.1252
vn 0.0392 0.9907 0.1305
vn 0.0350 0.9919 0.1223
vn 0.9563 0.2112 0.2019
vn 0.9318 0.0569 0.3586
vn 0.7879 0.3799 0.4847
vn 0.7879 0.3798 0.4847
vn 0.7880 0.3798 0.4847
vn 0.5896 0.6059 0.5340
vn 0.5897 0.6059 0.5340
vn 0.3699 0.7914 0.4866
vn 0.3699 0.7915 0.4866
vn 0.1723 0.9232 0.3437
vn 0.1722 0.9232 0.3437
vn 0.8866 0.2454 0.3921
vn 0.8514 0.0284 0.5237
vn 0.6856 0.3801 0.6209
vn 0.6855 0.3802 0.6209
vn 0.4812 0.6064 0.6331
vn 0.4812 0.6063 0.6331
vn 0.2737 0.7918 0.5461
vn 0.1058 0.9233 0.3693
vn 0.7820 0.2643 0.5644
vn 0.7411 0.0162 0.6712
vn 0.5596 0.3806 0.7362
vn 0.3562 0.6068 0.7106
vn 0.3562 0.6067 0.7106
vn 0.1681 0.7920 0.5869
vn 0.6469 0.2683 0.7138
vn 0.6050 0.0203 0.7959
vn 0.4143 0.3810 0.8266
vn 0.4143 0.3810 0.8265
vn 0.2188 0.6071 0.7639
vn 0.4855 0.2575 0.8354
vn 0.4477 0.0407 0.8933
vn 0.4143 0.3811 0.8265
vn 0.2545 0.3813 0.8887
vn 0.2546 0.3812 0.8888
vn 0.3024 0.2314 0.9247
vn 0.2745 0.0776 0.9584
vn 0.1033 0.1893 0.9765
vn 0.0933 0.9892 0.1129
vn 0.0888 0.9928 0.0804
vn 0.3284 0.9227 0.2020
vn 0.5717 0.7904 0.2200
vn 0.5716 0.7905 0.2200
vn 0.7829 0.6049 0.1454
vn 0.7830 0.6048 0.1454
vn 0.9252 0.3794 -0.0000
vn 0.9253 0.3794 -0.0000
vn 0.1157 0.9888 0.0943
vn 0.1009 0.9930 0.0620
vn 0.3601 0.9226 0.1386
vn 0.3601 0.9225 0.1386
vn 0.6024 0.7903 0.1119
vn 0.7964 0.6047 -0.0000
vn 0.9097 0.3794 -0.1689
vn 0.9097 0.3793 -0.1690
vn 0.1337 0.9885 0.0710
vn 0.1096 0.9931 0.0422
vn 0.3796 0.9225 0.0705
vn 0.6128 0.7902 -0.0000
vn 0.7830 0.6048 -0.1454
vn 0.7829 0.6049 -0.1454
vn 0.8634 0.3795 -0.3323
vn 0.8634 0.3796 -0.3323
vn 0.1464 0.9882 0.0441
vn 0.1149 0.9931 0.0213
vn 0.3861 0.9224 -0.0000
vn 0.6024 0.7903 -0.1119
vn 0.7430 0.6051 -0.2860
vn 0.7879 0.3799 -0.4846
vn 0.7879 0.3798 -0.4847
vn 0.1530 0.9881 0.0150
vn 0.1167 0.9932 -0.0000
vn 0.3862 0.9224 -0.0000
vn 0.3796 0.9225 -0.0705
vn 0.5716 0.7905 -0.2200
vn 0.6779 0.6055 -0.4170
vn 0.6855 0.3802 -0.6209
vn 0.6856 0.3802 -0.6209
vn 0.1530 0.9881 -0.0150
vn 0.1149 0.9931 -0.0213
vn 0.3601 0.9225 -0.1386
vn 0.3601 0.9226 -0.1386
vn 0.5214 0.7907 -0.3207
vn 0.5897 0.6059 -0.5340
vn 0.5896 0.6059 -0.5340
vn 0.5596 0.3806 -0.7362
vn 0.5596 0.3805 -0.7362
vn 0.1464 0.9882 -0.0441
vn 0.1096 0.9931 -0.0422
vn 0.3284 0.9227 -0.2020
vn 0.4534 0.7911 -0.4106
vn 0.4812 0.6064 -0.6331
vn 0.4143 0.3809 -0.8266
vn 0.4143 0.3810 -0.8266
vn 0.1337 0.9885 -0.0710
vn 0.1009 0.9930 -0.0620
vn 0.2855 0.9228 -0.2586
vn 0.2855 0.9229 -0.2585
vn 0.3699 0.7915 -0.4866
vn 0.3698 0.7915 -0.4865
vn 0.3562 0.6068 -0.7106
vn 0.3562 0.6067 -0.7106
vn 0.2545 0.3812 -0.8887
vn 0.2545 0.3813 -0.8887
vn 0.1157 0.9888 -0.0943
vn 0.0888 0.9928 -0.0804
vn 0.2329 0.9230 -0.3063
vn 0.2329 0.9230 -0.3064
vn 0.2737 0.7918 -0.5460
vn 0.3562 0.6067 -0.7107
vn 0.2188 0.6070 -0.7639
vn 0.2188 0.6071 -0.7639
vn 0.0933 0.9892 -0.1129
vn 0.0737 0.9926 -0.0969
vn 0.1723 0.9231 -0.3437
vn 0.1723 0.9232 -0.3437
vn 0.1681 0.7921 -0.5868
vn 0.1681 0.7921 -0.5869
vn 0.1681 0.7920 -0.5869
vn 0.0678 0.9897 -0.1260
vn 0.0556 0.9923 -0.1110
vn 0.1058 0.9233 -0.3693
vn 0.0407 0.9902 -0.1334
vn 0.0392 0.9907 -0.1305
vn 0.0365 0.9915 -0.1252
vn 0.0350 0.9919 -0.1223
vn 0.0134 0.9908 -0.1347
vn -0.0933 0.9892 -0.1129
vn -0.0888 0.9928 -0.0804
vn -0.3284 0.9227 -0.2020
vn -0.5717 0.7905 -0.2200
vn -0.5716 0.7905 -0.2200
vn -0.7829 0.6049 -0.1454
vn -0.7830 0.6048 -0.1454
vn -0.9253 0.3793 -0.0000
vn -0.9253 0.3792 -0.0000
vn -0.1156 0.9888 -0.0943
vn -0.1009 0.9930 -0.0620
vn -0.3601 0.9225 -0.1386
vn -0.3601 0.9226 -0.1386
vn -0.6024 0.7903 -0.1119
vn -0.7964 0.6047 -0.0000
vn -0.9097 0.3793 0.1689
vn -0.9097 0.3792 0.1690
vn -0.1337 0.9885 -0.0710
vn -0.1096 0.9931 -0.0422
vn -0.3796 0.9225 -0.0705
vn -0.6128 0.7902 -0.0000
vn -0.7830 0.6048 0.1454
vn -0.7829 0.6049 0.1454
vn -0.8635 0.3795 0.3323
vn -0.1464 0.9882 -0.0441
vn -0.1149 0.9931 -0.0213
vn -0.3861 0.9224 -0.0000
vn -0.3862 0.9224 -0.0000
vn -0.6024 0.7903 0.1119
vn -0.7430 0.6051 0.2860
vn -0.7879 0.3798 0.4847
vn -0.7880 0.3798 0.4847
vn -0.1530 0.9881 -0.0150
vn -0.1167 0.9932 -0.0000
vn -0.3796 0.9225 0.0705
vn -0.5716 0.7905 0.2200
vn -0.6779 0.6054 0.4170
vn -0.6779 0.6055 0.4170
vn -0.7880 0.3797 0.4847
vn -0.6856 0.3801 0.6209
vn -0.6856 0.3802 0.6209
vn -0.6855 0.3803 0.6208
vn -0.1530 0.9881 0.0150
vn -0.1149 0.9931 0.0213
vn -0.3601 0.9226 0.1386
vn -0.5214 0.7907 0.3207
vn -0.5214 0.7908 0.3207
vn -0.5897 0.6059 0.5340
vn -0.5596 0.3807 0.7362
vn -0.1464 0.9882 0.0441
vn -0.1096 0.9931 0.0422
vn -0.3284 0.9227 0.2020
vn -0.4534 0.7911 0.4106
vn -0.5897 0.6058 0.5340
vn -0.4812 0.6063 0.6331
vn -0.4143 0.3810 0.8266
vn -0.1337 0.9885 0.0710
vn -0.1009 0.9930 0.0620
vn -0.2855 0.9228 0.2586
vn -0.3699 0.7915 0.4866
vn -0.3699 0.7914 0.4866
vn -0.3562 0.6068 0.7106
vn -0.3562 0.6067 0.7106
vn -0.4143 0.3810 0.8265
vn -0.2545 0.3813 0.8887
vn -0.2545 0.3812 0.8888
vn -0.1157 0.9888 0.0943
vn -0.0888 0.9928 0.0804
vn -0.2329 0.9230 0.3063
vn -0.2328 0.9230 0.3063
vn -0.2737 0.7918 0.5461
vn -0.3562 0.6067 0.7107
vn -0.2188 0.6070 0.7640
vn -0.2188 0.6071 0.7640
vn -0.2188 0.6071 0.7639
vn -0.0858 0.3813 0.9204
vn -0.0859 0.3814 0.9204
vn -0.0933 0.9892 0.1129
vn -0.0737 0.9926 0.0969
vn -0.1722 0.9232 0.3437
vn -0.1681 0.7920 0.5869
vn -0.0738 0.6072 0.7911
vn -0.0678 0.9897 0.1261
vn -0.0556 0.9923 0.1110
vn -0.1723 0.9232 0.3437
vn -0.1058 0.9233 0.3693
vn -0.0567 0.7922 0.6077
vn -0.0407 0.9902 0.1333
vn -0.0392 0.9907 0.1305
vn -0.0365 0.9915 0.1252
vn -0.0350 0.9919 0.1223
vn -0.0357 0.9233 0.3823
vn -0.0357 0.9233 0.3824
vn -0.0567 0.7922 0.6076
vn -0.0134 0.9908 0.1347
vn -0.0131 0.9910 0.1336
vn -0.0125 0.9912 0.1316
vn -0.0122 0.9914 0.1305
vn -0.0000 1.0000 -0.0000
vn -0.1052 -0.0000 0.9944
vn 0.1052 -0.0000 0.9944
vn 0.3108 -0.0000 0.9505
vn 0.5025 -0.0000 0.8646
vn 0.6716 -0.0000 0.7410
vn 0.8109 -0.0000 0.5853
vn 0.9145 -0.0000 0.4045
vn 0.9784 -0.0000 0.2066
vn 1.0000 -0.0000 -0.0000
vn 0.9784 -0.0000 -0.2066
vn 0.9145 -0.0000 -0.4045
vn 0.8108 -0.0000 -0.5853
vn 0.6716 -0.0000 -0.7409
vn 0.5025 -0.0000 -0.8646
vn 0.3109 -0.0000 -0.9505
vn 0.1052 -0.0000 -0.9945
vn -0.1052 -0.0000 -0.9945
vn -0.3109 -0.0000 -0.9505
vn -0.5025 -0.0000 -0.8646
vn -0.6716 -0.0000 -0.7409
vn -0.8108 -0.0000 -0.5853
vn -0.8109 -0.0000 -0.5853
vn -0.9145 -0.0000 -0.4045
vn -0.9784 -0.0000 -0.2066
vn -1.0000 -0.0000 -0.0000
vn -0.9784 -0.0000 0.2066
vn -0.9145 -0.0000 0.4045
vn -0.8109 -0.0000 0.5853
vn -0.8108 -0.0000 0.5853
vn -0.6716 -0.0000 0.7410
vn -0.5025 -0.0000 0.8646
vn -0.3108 -0.0000 0.9505
vn -0.0902 -0.0161 -0.9958
vn -0.0000 0.2687 -0.9632
vn 0.0902 -0.0161 -0.9958
vn 0.1731 0.2687 -0.9475
vn 0.2676 -0.0161 -0.9634
vn 0.3404 0.2685 -0.9011
vn 0.4361 -0.0161 -0.8997
vn 0.4965 0.2683 -0.8255
vn 0.5902 -0.0160 -0.8071
vn 0.6362 0.2680 -0.7235
vn 0.7250 -0.0161 -0.6886
vn 0.7552 0.2677 -0.5983
vn 0.8361 -0.0161 -0.5483
vn 0.8498 0.2674 -0.4543
vn 0.9203 -0.0160 -0.3908
vn 0.9170 0.2672 -0.2960
vn 0.9751 -0.0160 -0.2211
vn 0.9551 0.2671 -0.1285
vn 0.9989 -0.0160 -0.0446
vn 0.9627 0.2671 0.0429
vn 0.9909 -0.0160 0.1333
vn 0.9398 0.2672 0.2131
vn 0.9515 -0.0160 0.3072
vn 0.8870 0.2673 0.3766
vn 0.8818 -0.0160 0.4714
vn 0.8057 0.2676 0.5284
vn 0.7837 -0.0161 0.6209
vn 0.6986 0.2677 0.6635
vn 0.6603 -0.0161 0.7508
vn 0.5687 0.2682 0.7776
vn 0.5153 -0.0160 0.8569
vn 0.4202 0.2684 0.8668
vn 0.3534 -0.0161 0.9353
vn 0.2579 0.2685 0.9281
vn 0.1797 -0.0162 0.9836
vn 0.0869 0.2686 0.9593
vn -0.0000 -0.0161 0.9999
vn -0.0869 0.2686 0.9593
vn -0.1797 -0.0162 0.9836
vn -0.2579 0.2685 0.9281
vn -0.3534 -0.0161 0.9354
vn -0.4202 0.2684 0.8668
vn -0.5153 -0.0161 0.8569
vn -0.5687 0.2681 0.7776
vn -0.6603 -0.0161 0.7508
vn -0.6986 0.2677 0.6635
vn -0.7837 -0.0161 0.6209
vn -0.8057 0.2676 0.5284
vn -0.8818 -0.0160 0.4714
vn -0.8870 0.2673 0.3766
vn -0.9515 -0.0160 0.3071
vn -0.9398 0.2671 0.2131
vn -0.9909 -0.0160 0.1334
vn -0.9627 0.2671 0.0430
vn -0.9989 -0.0160 -0.0446
vn -0.9551 0.2671 -0.1285
vn -0.9751 -0.0160 -0.2211
vn -0.9170 0.2672 -0.2960
vn -0.9203 -0.0160 -0.3908
vn -0.8498 0.2674 -0.4543
vn -0.8361 -0.0160 -0.5483
vn -0.7552 0.2676 -0.5983
vn -0.7250 -0.0161 -0.6886
vn -0.6362 0.2680 -0.7235
vn -0.5902 -0.0160 -0.8071
vn -0.4965 0.2683 -0.8255
vn -0.4361 -0.0161 -0.8997
vn -0.3404 0.2685 -0.9011
vn -0.2676 -0.0161 -0.9634
vn -0.1731 0.2687 -0.9476
vn 0.0109 0.9935 -0.1134
vn -0.0000 0.9886 -0.1507
vn -0.0109 0.9935 -0.1134
vn -0.0270 0.9886 -0.1479
vn -0.0324 0.9934 -0.1097
vn -0.0528 0.9888 -0.1398
vn -0.0531 0.9933 -0.1023
vn -0.0763 0.9890 -0.1268
vn -0.0724 0.9932 -0.0914
vn -0.0964 0.9893 -0.1096
vn -0.0897 0.9930 -0.0772
vn -0.1124 0.9897 -0.0890
vn -0.1047 0.9927 -0.0600
vn -0.1238 0.9901 -0.0661
vn -0.1168 0.9923 -0.0402
vn -0.1266 0.9911 -0.0415
vn -0.1203 0.9919 -0.0406
vn -0.1302 0.9906 -0.0420
vn -0.1256 0.9919 -0.0179
vn -0.1301 0.9913 -0.0178
vn -0.1271 0.9917 -0.0179
vn -0.1317 0.9911 -0.0177
vn -0.1293 0.9916 0.0060
vn -0.1307 0.9914 0.0058
vn -0.1301 0.9915 0.0059
vn -0.3857 0.9225 0.0172
vn -0.3856 0.9225 0.0172
vn -0.6121 0.7903 0.0273
vn -0.7956 0.6048 0.0355
vn -0.9243 0.3793 0.0413
vn -0.9243 0.3794 0.0412
vn 0.0270 0.9886 -0.1479
vn 0.0324 0.9934 -0.1097
vn 0.0528 0.9888 -0.1398
vn 0.0531 0.9933 -0.1023
vn 0.0763 0.9890 -0.1268
vn 0.0724 0.9932 -0.0914
vn 0.0964 0.9893 -0.1096
vn 0.0897 0.9930 -0.0772
vn 0.1124 0.9897 -0.0890
vn 0.1047 0.9927 -0.0600
vn 0.1237 0.9901 -0.0661
vn 0.1266 0.9911 -0.0415
vn 0.1168 0.9923 -0.0402
vn 0.1203 0.9919 -0.0406
vn 0.1302 0.9906 -0.0420
vn 0.1301 0.9913 -0.0178
vn 0.1256 0.9919 -0.0179
vn 0.1271 0.9917 -0.0179
vn 0.1317 0.9911 -0.0177
vn 0.1307 0.9914 0.0058
vn 0.1293 0.9916 0.0060
vn 0.1301 0.9915 0.0059
vn 0.3857 0.9225 0.0172
vn 0.3764 0.9225 0.0853
vn 0.5974 0.7904 0.1355
vn 0.5975 0.7904 0.1355
vn 0.5637 0.7906 0.2393
vn 0.5636 0.7906 0.2393
vn 0.7327 0.6052 0.3111
vn 0.7327 0.6053 0.3111
vn 0.6654 0.6056 0.4364
vn 0.7735 0.3799 0.5073
vn 0.7735 0.3800 0.5072
vn 0.6705 0.3804 0.6369
vn 0.6706 0.3804 0.6369
vn 0.1286 0.9917 0.0061
vn 0.1316 0.9909 0.0298
vn 0.1242 0.9918 0.0294
vn 0.1289 0.9912 0.0297
vn 0.3550 0.9226 0.1508
vn 0.5118 0.7909 0.3356
vn 0.5117 0.7909 0.3356
vn 0.5768 0.6060 0.5478
vn 0.5767 0.6060 0.5478
vn 0.5458 0.3808 0.7464
vn 0.5459 0.3807 0.7464
vn 0.1216 0.9921 0.0293
vn 0.1276 0.9903 0.0542
vn 0.3223 0.9228 0.2113
vn 0.3223 0.9227 0.2113
vn 0.4434 0.7912 0.4212
vn 0.4434 0.7912 0.4211
vn 0.4694 0.6065 0.6418
vn 0.4033 0.3810 0.8320
vn 0.1111 0.9925 0.0504
vn 0.1187 0.9899 0.0778
vn 0.2792 0.9229 0.2652
vn 0.3607 0.7916 0.4932
vn 0.3467 0.6069 0.7152
vn 0.2475 0.3813 0.8907
vn 0.2474 0.3813 0.8907
vn 0.2474 0.3814 0.8907
vn 0.0975 0.9928 0.0690
vn 0.1049 0.9895 0.0997
vn 0.2271 0.9231 0.3105
vn 0.2664 0.7919 0.5495
vn 0.2127 0.6072 0.7656
vn 0.0834 0.3815 0.9206
vn 0.0834 0.3814 0.9206
vn 0.0813 0.9931 0.0847
vn 0.0868 0.9891 0.1187
vn 0.1677 0.9232 0.3458
vn 0.1676 0.9232 0.3458
vn 0.1634 0.7921 0.5881
vn 0.0717 0.6073 0.7912
vn 0.0717 0.6074 0.7912
vn -0.0834 0.3814 0.9206
vn -0.0834 0.3815 0.9206
vn 0.0629 0.9933 0.0973
vn 0.0649 0.9889 0.1339
vn 0.1028 0.9233 0.3700
vn 0.0551 0.7922 0.6078
vn 0.0551 0.7922 0.6077
vn -0.0717 0.6074 0.7912
vn -0.0717 0.6073 0.7912
vn -0.2474 0.3814 0.8907
vn -0.2474 0.3813 0.8907
vn 0.0429 0.9934 0.1064
vn 0.0401 0.9887 0.1445
vn 0.0346 0.9234 0.3823
vn -0.0551 0.7922 0.6077
vn -0.0551 0.7922 0.6078
vn -0.2127 0.6072 0.7656
vn -0.4033 0.3811 0.8320
vn -0.4033 0.3811 0.8319
vn 0.0217 0.9935 0.1120
vn 0.0136 0.9886 0.1500
vn -0.0346 0.9234 0.3823
vn -0.1634 0.7921 0.5881
vn -0.3467 0.6069 0.7152
vn -0.3467 0.6068 0.7152
vn -0.5458 0.3808 0.7464
vn -0.0000 0.9935 0.1139
vn -0.0136 0.9886 0.1500
vn -0.1028 0.9233 0.3700
vn -0.2664 0.7919 0.5495
vn -0.4694 0.6064 0.6418
vn -0.5458 0.3808 0.7463
vn -0.6705 0.3805 0.6369
vn -0.6705 0.3804 0.6369
vn -0.0217 0.9935 0.1120
vn -0.0402 0.9887 0.1445
vn -0.1676 0.9232 0.3458
vn -0.3607 0.7916 0.4932
vn -0.5768 0.6060 0.5478
vn -0.5767 0.6060 0.5478
vn -0.6706 0.3804 0.6369
vn -0.7735 0.3800 0.5072
vn -0.0429 0.9934 0.1064
vn -0.0649 0.9889 0.1339
vn -0.2271 0.9231 0.3105
vn -0.4434 0.7912 0.4211
vn -0.4434 0.7912 0.4212
vn -0.6655 0.6056 0.4364
vn -0.8515 0.3797 0.3616
vn -0.8515 0.3796 0.3616
vn -0.0629 0.9933 0.0973
vn -0.0868 0.9891 0.1187
vn -0.2792 0.9229 0.2652
vn -0.5118 0.7909 0.3356
vn -0.5117 0.7909 0.3356
vn -0.7328 0.6052 0.3112
vn -0.7327 0.6052 0.3112
vn -0.7327 0.6052 0.3111
vn -0.9023 0.3794 0.2046
vn -0.0813 0.9931 0.0847
vn -0.1049 0.9895 0.0997
vn -0.3223 0.9227 0.2113
vn -0.3223 0.9228 0.2113
vn -0.5637 0.7906 0.2393
vn -0.5636 0.7906 0.2393
vn -0.7765 0.6050 0.1761
vn -0.7766 0.6049 0.1761
vn -0.0975 0.9928 0.0690
vn -0.1187 0.9899 0.0778
vn -0.3550 0.9226 0.1507
vn -0.3550 0.9226 0.1508
vn -0.5974 0.7904 0.1355
vn -0.1111 0.9925 0.0504
vn -0.1271 0.9904 0.0543
vn -0.3764 0.9225 0.0854
vn -0.1216 0.9921 0.0293
vn -0.1242 0.9918 0.0294
vn -0.1289 0.9912 0.0297
vn -0.1316 0.9909 0.0298
vn -0.1286 0.9917 0.0061
vn -0.0000 0.3814 -0.9244
vn 0.1661 0.3813 -0.9094
vn 0.1661 0.3814 -0.9094
vn 0.3267 0.3811 -0.8649
vn 0.3267 0.3812 -0.8648
vn 0.4765 0.3809 -0.7924
vn 0.4766 0.3808 -0.7924
vn 0.6107 0.3804 -0.6945
vn 0.6107 0.3805 -0.6944
vn 0.7250 0.3801 -0.5744
vn 0.7250 0.3802 -0.5743
vn 0.8158 0.3798 -0.4361
vn 0.8158 0.3799 -0.4361
vn 0.8804 0.3796 -0.2842
vn 0.9170 0.3794 -0.1234
vn 0.9243 0.3793 0.0412
vn 0.9023 0.3794 0.2046
vn 0.8515 0.3796 0.3616
vn 0.8516 0.3796 0.3616
vn -0.0000 0.6074 -0.7944
vn 0.1428 0.6073 -0.7815
vn 0.2808 0.6071 -0.7434
vn 0.2808 0.6070 -0.7434
vn 0.4097 0.6067 -0.6813
vn 0.4097 0.6067 -0.6812
vn 0.5251 0.6063 -0.5972
vn 0.5252 0.6063 -0.5972
vn 0.6236 0.6058 -0.4940
vn 0.6236 0.6058 -0.4941
vn 0.7019 0.6054 -0.3752
vn 0.7577 0.6051 -0.2446
vn 0.7577 0.6050 -0.2446
vn 0.7893 0.6048 -0.1062
vn 0.7892 0.6049 -0.1062
vn 0.7955 0.6049 0.0355
vn 0.7765 0.6050 0.1761
vn -0.1661 0.3814 -0.9094
vn -0.1661 0.3813 -0.9094
vn -0.3267 0.3811 -0.8649
vn -0.3267 0.3812 -0.8648
vn -0.4765 0.3809 -0.7923
vn -0.4765 0.3809 -0.7924
vn -0.6107 0.3805 -0.6944
vn -0.7250 0.3801 -0.5743
vn -0.7250 0.3802 -0.5744
vn -0.8158 0.3798 -0.4361
vn -0.8158 0.3799 -0.4361
vn -0.8804 0.3796 -0.2842
vn -0.9170 0.3794 -0.1234
vn -0.9169 0.3795 -0.1234
vn -0.0000 0.7923 -0.6102
vn -0.0000 0.7922 -0.6102
vn 0.1097 0.7922 -0.6003
vn 0.1097 0.7922 -0.6004
vn 0.2158 0.7920 -0.5711
vn 0.3148 0.7917 -0.5235
vn 0.3148 0.7918 -0.5235
vn 0.4037 0.7914 -0.4590
vn 0.4795 0.7911 -0.3799
vn 0.5399 0.7907 -0.2886
vn 0.5829 0.7905 -0.1882
vn 0.5828 0.7905 -0.1881
vn 0.6072 0.7903 -0.0817
vn 0.6121 0.7903 0.0273
vn -0.1427 0.6073 -0.7815
vn -0.1428 0.6073 -0.7815
vn -0.1428 0.6073 -0.7816
vn -0.2808 0.6071 -0.7434
vn -0.2809 0.6070 -0.7434
vn -0.4097 0.6067 -0.6812
vn -0.5252 0.6063 -0.5972
vn -0.6236 0.6058 -0.4940
vn -0.6236 0.6058 -0.4941
vn -0.7019 0.6054 -0.3752
vn -0.7577 0.6051 -0.2446
vn -0.7892 0.6049 -0.1062
vn -0.7892 0.6048 -0.1062
vn -0.0000 0.9234 -0.3839
vn 0.0690 0.9233 -0.3778
vn 0.0690 0.9234 -0.3777
vn 0.1358 0.9233 -0.3594
vn 0.1982 0.9231 -0.3295
vn 0.2542 0.9230 -0.2890
vn 0.3020 0.9228 -0.2392
vn 0.3400 0.9227 -0.1818
vn 0.3672 0.9225 -0.1185
vn 0.3672 0.9226 -0.1185
vn 0.3671 0.9226 -0.1185
vn 0.3825 0.9225 -0.0515
vn 0.3826 0.9225 -0.0515
vn -0.1097 0.7922 -0.6004
vn -0.1097 0.7922 -0.6003
vn -0.2157 0.7920 -0.5711
vn -0.2158 0.7920 -0.5711
vn -0.3148 0.7917 -0.5235
vn -0.3148 0.7918 -0.5235
vn -0.4037 0.7914 -0.4590
vn -0.4795 0.7911 -0.3799
vn -0.5399 0.7907 -0.2886
vn -0.5398 0.7908 -0.2886
vn -0.5828 0.7905 -0.1881
vn -0.5829 0.7905 -0.1881
vn -0.6072 0.7903 -0.0817
vn -0.0690 0.9233 -0.3778
vn -0.0690 0.9233 -0.3777
vn -0.0690 0.9234 -0.3777
vn -0.1357 0.9233 -0.3594
vn -0.1358 0.9233 -0.3594
vn -0.1981 0.9231 -0.3295
vn -0.1982 0.9231 -0.3295
vn -0.2542 0.9230 -0.2890
vn -0.2541 0.9230 -0.2890
vn -0.3020 0.9228 -0.2392
vn -0.3401 0.9227 -0.1818
vn -0.3672 0.9225 -0.1185
vn -0.3672 0.9226 -0.1185
vn -0.3826 0.9225 -0.0515
vn -0.0902 -0.0000 -0.9959
vn 0.0902 -0.0000 -0.9959
vn 0.2677 -0.0000 -0.9635
vn 0.4362 -0.0000 -0.8999
vn 0.5903 -0.0000 -0.8072
vn 0.7251 -0.0000 -0.6887
vn 0.8362 -0.0000 -0.5484
vn 0.9205 -0.0000 -0.3908
vn 0.9752 -0.0000 -0.2211
vn 0.9990 -0.0000 -0.0446
vn 0.9911 -0.0000 0.1334
vn 0.9516 -0.0000 0.3072
vn 0.8819 -0.0000 0.4714
vn 0.7838 -0.0000 0.6210
vn 0.6604 -0.0000 0.7509
vn 0.5154 -0.0000 0.8570
vn 0.3534 -0.0000 0.9355
vn 0.1797 -0.0000 0.9837
vn -0.0000 -0.0000 1.0000
vn -0.1797 -0.0000 0.9837
vn -0.3534 -0.0000 0.9355
vn -0.5154 -0.0000 0.8570
vn -0.6604 -0.0000 0.7509
vn -0.7838 -0.0000 0.6210
vn -0.8819 -0.0000 0.4714
vn -0.9517 -0.0000 0.3072
vn -0.9911 -0.0000 0.1334
vn -0.9990 -0.0000 -0.0446
vn -0.9752 -0.0000 -0.2211
vn -0.9205 -0.0000 -0.3908
vn -0.8362 -0.0000 -0.5484
vn -0.7251 -0.0000 -0.6887
vn -0.5903 -0.0000 -0.8072
vn -0.4362 -0.0000 -0.8999
vn -0.2677 -0.0000 -0.9635
vn -0.0000 0.2688 -0.9632
vn 0.1731 0.2686 -0.9476
vn 0.2676 -0.0162 -0.9634
vn 0.5902 -0.0161 -0.8071
vn 0.8361 -0.0160 -0.5483
vn 0.7837 -0.0160 0.6209
vn 0.6986 0.2678 0.6635
vn 0.5153 -0.0161 0.8568
vn 0.2578 0.2686 0.9281
vn 0.1797 -0.0161 0.9836
vn 0.0869 0.2687 0.9593
vn -0.0869 0.2687 0.9593
vn -0.1797 -0.0161 0.9836
vn -0.2578 0.2686 0.9281
vn -0.5153 -0.0161 0.8568
vn -0.6986 0.2678 0.6635
vn -0.8057 0.2675 0.5284
vn -0.6362 0.2679 -0.7235
vn -0.5902 -0.0161 -0.8071
vn -0.4965 0.2682 -0.8256
vn -0.1731 0.2686 -0.9476
vn -0.1237 0.9901 -0.0661
vn -0.1168 0.9923 -0.0401
vn -0.1302 0.9915 0.0059
vn 0.1168 0.9923 -0.0401
vn 0.6655 0.6056 0.4364
vn 0.7735 0.3799 0.5072
vn 0.6706 0.3803 0.6369
vn 0.5767 0.6061 0.5478
vn 0.5459 0.3806 0.7464
vn 0.4693 0.6066 0.6417
vn 0.4693 0.6065 0.6417
vn 0.4033 0.3811 0.8320
vn 0.3607 0.7915 0.4933
vn 0.3607 0.7916 0.4933
vn 0.3467 0.6069 0.7151
vn 0.1050 0.9895 0.0997
vn 0.2127 0.6071 0.7656
vn 0.1028 0.9233 0.3701
vn 0.0551 0.7923 0.6077
vn 0.0550 0.7923 0.6077
vn 0.0717 0.6073 0.7913
vn -0.2475 0.3813 0.8907
vn 0.0402 0.9887 0.1445
vn 0.0346 0.9234 0.3824
vn -0.0551 0.7923 0.6077
vn -0.0346 0.9234 0.3824
vn -0.5459 0.3807 0.7464
vn -0.0000 0.9935 0.1138
vn -0.1028 0.9233 0.3701
vn -0.4693 0.6065 0.6418
vn -0.6706 0.3803 0.6369
vn -0.0401 0.9887 0.1445
vn -0.1677 0.9232 0.3458
vn -0.3607 0.7916 0.4933
vn -0.5767 0.6061 0.5478
vn -0.7735 0.3799 0.5072
vn -0.2271 0.9230 0.3105
vn -0.6654 0.6056 0.4364
vn -0.8516 0.3796 0.3616
vn -0.3223 0.9227 0.2114
vn -0.3551 0.9226 0.1508
vn -0.1273 0.9904 0.0542
vn -0.3764 0.9225 0.0853
vn 0.1661 0.3814 -0.9093
vn 0.1661 0.3815 -0.9093
vn 0.6107 0.3805 -0.6945
vn 0.7250 0.3802 -0.5744
vn 0.8804 0.3795 -0.2842
vn 0.9170 0.3793 -0.1234
vn 0.8515 0.3797 0.3616
vn -0.0000 0.6073 -0.7944
vn 0.1428 0.6073 -0.7816
vn 0.4097 0.6066 -0.6813
vn 0.7020 0.6053 -0.3753
vn 0.7019 0.6054 -0.3753
vn 0.7892 0.6048 -0.1062
vn -0.1661 0.3814 -0.9093
vn -0.1661 0.3815 -0.9093
vn -0.3267 0.3813 -0.8648
vn -0.6107 0.3806 -0.6944
vn -0.6107 0.3805 -0.6945
vn -0.7250 0.3801 -0.5744
vn -0.7249 0.3802 -0.5744
vn -0.8804 0.3795 -0.2842
vn -0.9169 0.3794 -0.1234
vn 0.4037 0.7914 -0.4591
vn 0.4795 0.7910 -0.3799
vn 0.5398 0.7908 -0.2886
vn 0.5398 0.7907 -0.2886
vn 0.5829 0.7904 -0.1882
vn 0.5829 0.7905 -0.1881
vn -0.4097 0.6066 -0.6813
vn -0.7020 0.6053 -0.3753
vn -0.7019 0.6054 -0.3753
vn -0.7577 0.6050 -0.2446
vn 0.0690 0.9233 -0.3777
vn 0.1981 0.9231 -0.3295
vn 0.2541 0.9230 -0.2890
vn 0.3019 0.9228 -0.2392
vn 0.3401 0.9227 -0.1818
vn -0.3149 0.7917 -0.5235
vn -0.4037 0.7914 -0.4591
vn -0.4795 0.7910 -0.3799
vn -0.3019 0.9228 -0.2392
vn -0.3400 0.9227 -0.1818
vn 0.4362 -0.0000 -0.8998
vn 0.8819 -0.0000 0.4715
vn -0.8819 -0.0000 0.4715
vn -0.4362 -0.0000 -0.8998
vn -0.1033 0.1892 0.9765
vn 0.0738 0.6073 0.7910
vn 0.0738 0.6073 0.7911
vn 0.0131 0.9909 0.1336
vn -0.2745 0.0775 0.9585
vn -0.3024 0.2315 0.9246
vn -0.4477 0.0409 0.8932
vn -0.7820 0.2643 0.5644
vn -0.9781 0.1014 -0.1816
vn -0.9097 0.3792 -0.1689
vn -0.8635 0.3794 -0.3323
vn -0.7431 0.6051 -0.2860
vn -0.5214 0.7908 -0.3207
vn -0.2328 0.9230 -0.3063
vn -0.0678 0.9897 -0.1260
vn -0.0407 0.9902 -0.1333
vn -0.0125 0.9912 -0.1316
vn -0.0131 0.9909 -0.1337
vn 0.0131 0.9909 -0.1336
vn 0.0357 0.9233 -0.3824
vn 0.0567 0.7922 -0.6076
vn 0.0738 0.6072 -0.7911
vn 0.0859 0.3814 -0.9204
vn 0.0921 0.1300 -0.9872
vn 0.1033 0.1893 -0.9765
vn -0.1722 0.9232 -0.3436
vn -0.1722 0.9232 -0.3437
vn -0.7880 0.3798 -0.4847
vn -0.6856 0.3801 -0.6209
vn -0.6855 0.3803 -0.6209
vn -0.5897 0.6058 -0.5340
vn -0.4813 0.6063 -0.6331
vn -0.2737 0.7918 -0.5461
vn -0.5596 0.3807 -0.7361
vn -0.5596 0.3807 -0.7362
vn -0.3562 0.6067 -0.7106
vn -0.0357 0.9233 -0.3824
vn -0.4143 0.3810 -0.8266
vn -0.4855 0.2575 -0.8354
vn -0.4477 0.0407 -0.8932
vn -0.2745 0.0776 -0.9584
vn -0.0859 0.3813 -0.9204
vn -0.1033 0.1893 -0.9765
vn -0.0921 0.1300 -0.9872
vn 0.2745 0.0776 -0.9584
vn 0.3024 0.2314 -0.9247
vn 0.4477 0.0407 -0.8933
vn 0.2329 0.9230 0.3064
vn 0.0737 0.9926 0.0969
vn 0.0678 0.9897 0.1260
vn 0.0407 0.9902 0.1334
vn 0.1723 0.9231 0.3437
vn 0.6856 0.3802 0.6209
vn 0.2737 0.7918 0.5460
vn 0.5596 0.3805 0.7362
vn 0.4143 0.3809 0.8266
vn 0.2188 0.6070 0.7640
vn 0.4477 0.0408 0.8933
vn 0.2546 0.3812 0.8887
vn 0.2545 0.3812 0.8887
vn 0.3024 0.2315 0.9246
vn 0.2745 0.0775 0.9585
vn 0.1033 0.1892 0.9765
vn 0.5717 0.7905 0.2200
vn 0.1156 0.9888 0.0943
vn 0.7879 0.3799 -0.4847
vn 0.5717 0.7904 -0.2200
vn 0.6856 0.3801 -0.6209
vn 0.5214 0.7908 -0.3207
vn 0.5596 0.3807 -0.7362
vn 0.4533 0.7911 -0.4106
vn 0.4812 0.6064 -0.6330
vn 0.4143 0.3810 -0.8265
vn 0.4812 0.6063 -0.6331
vn 0.2545 0.3812 -0.8888
vn 0.2737 0.7918 -0.5461
vn 0.2188 0.6070 -0.7640
vn 0.0736 0.9926 -0.0969
vn 0.1722 0.9232 -0.3437
vn 0.0407 0.9902 -0.1333
vn -0.1157 0.9888 -0.0943
vn -0.8635 0.3794 0.3323
vn -0.7430 0.6051 0.2859
vn -0.7879 0.3799 0.4847
vn -0.6855 0.3802 0.6209
vn -0.6855 0.3802 0.6208
vn -0.5897 0.6059 0.5341
vn -0.5596 0.3806 0.7362
vn -0.5897 0.6058 0.5341
vn -0.4812 0.6064 0.6331
vn -0.4143 0.3809 0.8266
vn -0.4812 0.6064 0.6330
vn -0.3698 0.7915 0.4866
vn -0.2737 0.7918 0.5460
vn -0.2188 0.6070 0.7639
vn -0.0858 0.3814 0.9204
vn -0.1723 0.9231 0.3437
vn -0.1681 0.7921 0.5868
vn -0.0738 0.6073 0.7911
vn -0.0567 0.7921 0.6077
vn -0.0407 0.9902 0.1334
vn -0.0131 0.9909 0.1336
vn -0.0125 0.9912 0.1317
vn -0.1052 -0.0000 0.9945
vn 0.1052 -0.0000 0.9945
vn 0.3109 -0.0000 0.9505
vn 0.6716 -0.0000 0.7409
vn 0.8108 -0.0000 0.5853
vn 0.6716 -0.0000 -0.7410
vn 0.3108 -0.0000 -0.9505
vn 0.1052 -0.0000 -0.9944
vn -0.1052 -0.0000 -0.9944
vn -0.3108 -0.0000 -0.9505
vn -0.6716 -0.0000 -0.7410
vn -0.6716 -0.0000 0.7409
vn -0.3109 -0.0000 0.9505
vn 0.0859 0.3813 0.9205
vn 0.0858 0.3813 0.9204
vn -0.4855 0.2575 0.8354
vn -0.7820 0.2643 0.5645
vn -0.8514 0.0284 0.5237
vn -0.8866 0.2454 0.3921
vn -0.9563 0.2112 0.2019
vn -0.9781 0.1012 0.1816
vn -0.9870 0.1607 -0.0000
vn -0.9781 0.1012 -0.1816
vn -0.9097 0.3793 -0.1689
vn -0.8634 0.3795 -0.3323
vn -0.5213 0.7908 -0.3207
vn -0.0736 0.9926 -0.0969
vn 0.0131 0.9909 -0.1337
vn 0.0860 0.3816 -0.9203
vn 0.0859 0.3813 -0.9204
vn 0.0858 0.3813 -0.9205
vn -0.9563 0.2112 -0.2019
vn -0.3699 0.7914 -0.4866
vn -0.8866 0.2454 -0.3921
vn -0.8514 0.0284 -0.5237
vn -0.4812 0.6064 -0.6330
vn -0.7820 0.2643 -0.5645
vn -0.6469 0.2682 -0.7138
vn -0.4143 0.3810 -0.8265
vn -0.0567 0.7922 -0.6076
vn -0.2545 0.3812 -0.8888
vn -0.3024 0.2315 -0.9247
vn -0.0859 0.3813 -0.9205
vn 0.2745 0.0775 -0.9584
vn 0.4477 0.0407 -0.8932
vn 0.4855 0.2576 -0.8354
vn 0.8866 0.2455 -0.3921
vn 0.9563 0.2113 -0.2019
vn 0.8635 0.3795 0.3323
vn 0.7431 0.6050 0.2860
vn 0.9563 0.2113 0.2019
vn 0.8866 0.2455 0.3921
vn 0.7820 0.2643 0.5645
vn 0.6469 0.2684 0.7138
vn 0.4855 0.2576 0.8354
vn 0.4477 0.0408 0.8932
vn 0.0932 0.9892 0.1129
vn 0.9253 0.3792 -0.0000
vn 0.9097 0.3793 -0.1689
vn 0.3795 0.9225 0.0705
vn 0.8635 0.3795 -0.3323
vn 0.8635 0.3794 -0.3323
vn 0.3861 0.9225 -0.0000
vn 0.7431 0.6050 -0.2860
vn 0.7880 0.3797 -0.4847
vn 0.3795 0.9225 -0.0705
vn 0.6779 0.6054 -0.4170
vn 0.5213 0.7908 -0.3207
vn 0.6855 0.3803 -0.6208
vn 0.4533 0.7912 -0.4106
vn 0.1338 0.9885 -0.0710
vn 0.3699 0.7914 -0.4866
vn 0.2328 0.9230 -0.3063
vn 0.0932 0.9892 -0.1129
vn 0.1722 0.9232 -0.3436
vn -0.7830 0.6049 -0.1454
vn -0.7830 0.6049 0.1454
vn -0.8634 0.3796 0.3323
vn -0.8634 0.3795 0.3323
vn -0.3861 0.9225 -0.0000
vn -0.7879 0.3799 0.4846
vn -0.6855 0.3803 0.6209
vn -0.0678 0.9897 0.1260
vn -0.0125 0.9912 0.1318
vn 0.8109 -0.0000 -0.5853
vn -0.5024 -0.0000 0.8646
vn 0.4361 -0.0160 -0.8997
vn 0.4965 0.2683 -0.8256
vn 0.6363 0.2679 -0.7235
vn 0.7250 -0.0160 -0.6886
vn 0.9203 -0.0161 -0.3908
vn 0.9171 0.2671 -0.2960
vn 0.9751 -0.0156 -0.2211
vn 0.9551 0.2670 -0.1285
vn 0.9627 0.2670 0.0429
vn 0.9398 0.2671 0.2131
vn 0.9515 -0.0160 0.3071
vn 0.8058 0.2675 0.5284
vn 0.5687 0.2681 0.7776
vn -0.1797 -0.0160 0.9836
vn -0.6986 0.2679 0.6635
vn -0.7837 -0.0160 0.6209
vn -0.8058 0.2675 0.5284
vn -0.8870 0.2674 0.3766
vn -0.9515 -0.0159 0.3071
vn -0.9398 0.2672 0.2131
vn -0.9909 -0.0160 0.1333
vn -0.9627 0.2671 0.0429
vn -0.9551 0.2670 -0.1285
vn -0.9751 -0.0161 -0.2211
vn -0.9171 0.2671 -0.2960
vn -0.9203 -0.0161 -0.3908
vn -0.8361 -0.0161 -0.5483
vn -0.7552 0.2677 -0.5983
vn -0.4965 0.2683 -0.8256
vn -0.4361 -0.0160 -0.8997
vn -0.1294 0.9916 0.0060
vn -0.7955 0.6049 0.0355
vn -0.9244 0.3793 0.0412
vn 0.7328 0.6052 0.3111
vn 0.1273 0.9904 0.0542
vn 0.3551 0.9226 0.1508
vn 0.3223 0.9227 0.2114
vn 0.4434 0.7913 0.4211
vn 0.4693 0.6065 0.6418
vn 0.3223 0.9228 0.2114
vn 0.2791 0.9229 0.2651
vn 0.2270 0.9231 0.3105
vn -0.0834 0.3814 0.9207
vn -0.2475 0.3812 0.8907
vn -0.4033 0.3810 0.8320
vn -0.5459 0.3806 0.7464
vn -0.6706 0.3802 0.6370
vn -0.7735 0.3799 0.5073
vn -0.2271 0.9231 0.3104
vn -0.4434 0.7913 0.4211
vn -0.7328 0.6052 0.3111
vn -0.1276 0.9903 0.0542
vn -0.0000 0.3815 -0.9244
vn 0.3267 0.3813 -0.8648
vn 0.4765 0.3809 -0.7923
vn 0.6107 0.3806 -0.6944
vn 0.9023 0.3795 0.2046
vn -0.0000 0.6073 -0.7945
vn -0.4765 0.3808 -0.7924
vn -0.6108 0.3805 -0.6944
vn -0.8805 0.3795 -0.2842
vn -0.9170 0.3793 -0.1234
vn 0.2157 0.7920 -0.5711
vn -0.5252 0.6062 -0.5972
vn -0.7020 0.6054 -0.3753
vn 0.1981 0.9231 -0.3294
vn 0.2541 0.9230 -0.2889
vn -0.1981 0.9232 -0.3294
vn 0.9517 -0.0000 0.3072
vn 0.0860 0.3816 0.9203
vn 0.0567 0.7921 0.6077
vn 0.0131 0.9910 0.1336
vn -0.3024 0.2314 0.9247
vn -0.4477 0.0407 0.8933
vn -0.0125 0.9912 -0.1318
vn 0.0125 0.9912 -0.1317
vn 0.0858 0.3813 -0.9204
vn -0.7879 0.3799 -0.4847
vn -0.6855 0.3803 -0.6208
vn -0.4477 0.0409 -0.8932
vn -0.2745 0.0774 -0.9585
vn 0.4477 0.0409 -0.8932
vn 0.6469 0.2684 -0.7138
vn 0.8635 0.3794 0.3323
vn 0.5213 0.7908 0.3207
vn 0.4533 0.7912 0.4106
vn 0.4533 0.7911 0.4106
vn 0.7880 0.3797 0.4847
vn 0.1722 0.9232 0.3436
vn 0.6855 0.3803 0.6209
vn 0.5596 0.3807 0.7362
vn 0.4477 0.0407 0.8932
vn 0.2545 0.3812 0.8888
vn 0.3024 0.2315 0.9247
vn 0.7879 0.3798 -0.4846
vn 0.2545 0.3811 -0.8888
vn 0.0678 0.9897 -0.1261
vn -0.0932 0.9892 -0.1129
vn -0.7879 0.3798 0.4846
vn -0.5213 0.7908 0.3207
vn -0.4533 0.7912 0.4106
vn -0.4533 0.7911 0.4106
vn -0.1338 0.9885 0.0710
vn -0.0859 0.3813 0.9204
vn -0.0932 0.9892 0.1129
vn -0.0736 0.9926 0.0969
vn -0.1722 0.9232 0.3436
vn -0.0131 0.9909 0.1337
vn -0.5024 -0.0000 -0.8646
vn 0.1731 0.2687 -0.9476
vn 0.3404 0.2684 -0.9011
vn 0.9751 -0.0161 -0.2211
vn 0.5153 -0.0161 0.8569
vn 0.2578 0.2685 0.9281
vn -0.8058 0.2676 0.5284
vn -0.7250 -0.0160 -0.6886
vn -0.6362 0.2680 -0.7234
vn -0.1731 0.2687 -0.9475
vn -0.1292 0.9916 0.0060
vn 0.1303 0.9915 0.0059
vn 0.4694 0.6064 0.6418
vn 0.3467 0.6068 0.7152
vn 0.2663 0.7919 0.5495
vn -0.2663 0.7919 0.5495
vn -0.7736 0.3799 0.5073
vn -0.2792 0.9229 0.2651
vn -0.9023 0.3793 0.2046
vn 0.6236 0.6059 -0.4940
vn 0.7019 0.6055 -0.3752
vn -0.3267 0.3812 -0.8649
vn -0.4766 0.3808 -0.7924
vn -0.1430 0.6069 -0.7818
vn -0.2808 0.6070 -0.7434
vn -0.6236 0.6059 -0.4940
vn -0.7019 0.6055 -0.3752
vn 0.3840 -0.9233 -0.0000
vn 0.3800 -0.9250 -0.0000
vn 0.3812 -0.9245 -0.0000
vn 0.3727 -0.9280 -0.0000
vn 0.3703 -0.9289 -0.0000
vn 0.3623 -0.9321 -0.0000
vn 0.3600 -0.9330 -0.0000
vn 0.3534 -0.9355 -0.0000
vn 0.3395 -0.9406 -0.0000
vn 0.3219 -0.9468 -0.0000
vn 0.3021 -0.9533 -0.0000
vn 0.2792 -0.9602 -0.0000
vn 0.2531 -0.9675 -0.0000
vn 0.2252 -0.9743 -0.0000
vn 0.1953 -0.9807 -0.0000
vn 0.1626 -0.9867 -0.0000
vn 0.1264 -0.9920 -0.0000
vn 0.0906 -0.9959 -0.0000
vn 0.0555 -0.9985 -0.0000
vn 0.0192 -0.9998 -0.0000
vn -0.0192 -0.9998 -0.0000
vn -0.0555 -0.9985 -0.0000
vn -0.0906 -0.9959 -0.0000
vn -0.1264 -0.9920 -0.0000
vn -0.1626 -0.9867 -0.0000
vn -0.1953 -0.9807 -0.0000
vn -0.2252 -0.9743 -0.0000
vn -0.2531 -0.9675 -0.0000
vn -0.2792 -0.9602 -0.0000
vn -0.3021 -0.9533 -0.0000
vn -0.3219 -0.9468 -0.0000
vn -0.3395 -0.9406 -0.0000
vn -0.3533 -0.9355 -0.0000
vn -0.3600 -0.9330 -0.0000
vn -0.3623 -0.9321 -0.0000
vn -0.3703 -0.9289 -0.0000
vn -0.3727 -0.9280 -0.0000
vn -0.3800 -0.9250 -0.0000
vn -0.3812 -0.9245 -0.0000
vn -0.3838 -0.9234 -0.0000
vn 0.4800 -0.8773 -0.0000
vn 0.4849 -0.8746 0.0010
vn 0.4876 -0.8731 -0.0001
vn 0.4844 -0.8748 0.0004
vn 0.4868 -0.8735 -0.0002
vn 0.4816 -0.8764 -0.0010
vn 0.4805 -0.8770 -0.0004
vn 0.4595 -0.8882 -0.0004
vn 0.4450 -0.8955 -0.0001
vn 0.3900 -0.9208 0.0016
vn 0.3914 -0.9202 0.0015
vn 0.3934 -0.9194 0.0013
vn 0.3948 -0.9188 0.0012
vn 0.4150 -0.9098 0.0002
vn 0.2961 -0.9552 0.0019
vn 0.3100 -0.9507 0.0007
vn 0.3412 -0.9400 -0.0002
vn 0.1997 -0.9799 0.0018
vn 0.1996 -0.9799 0.0017
vn 0.1991 -0.9800 0.0017
vn 0.2390 -0.9710 -0.0003
vn 0.2758 -0.9612 0.0003
vn 0.1001 -0.9950 0.0020
vn 0.1030 -0.9947 0.0017
vn 0.1082 -0.9941 0.0011
vn 0.1114 -0.9938 0.0008
vn 0.1548 -0.9879 -0.0004
vn -0.0000 -1.0000 0.0023
vn 0.0235 -0.9997 0.0001
vn 0.0681 -0.9977 -0.0003
vn -0.1082 -0.9941 0.0011
vn -0.1030 -0.9947 0.0017
vn -0.1001 -0.9950 0.0020
vn -0.0681 -0.9977 -0.0003
vn -0.0235 -0.9997 0.0001
vn -0.1995 -0.9799 0.0017
vn -0.1999 -0.9798 0.0017
vn -0.1991 -0.9800 0.0017
vn -0.1549 -0.9879 -0.0004
vn -0.1114 -0.9938 0.0008
vn -0.2961 -0.9552 0.0019
vn -0.2758 -0.9612 0.0003
vn -0.2390 -0.9710 -0.0003
vn -0.3934 -0.9194 0.0013
vn -0.3914 -0.9202 0.0015
vn -0.3900 -0.9208 0.0016
vn -0.3695 -0.9292 0.0004
vn -0.3412 -0.9400 -0.0002
vn -0.4800 -0.8773 -0.0000
vn -0.4876 -0.8731 -0.0001
vn -0.4849 -0.8746 0.0010
vn -0.4848 -0.8746 -0.0000
vn -0.4883 -0.8727 0.0013
vn -0.5351 -0.8448 -0.0000
vn -0.4922 -0.8705 -0.0000
vn -0.4888 -0.8724 -0.0003
vn -0.4857 -0.8741 -0.0012
vn -0.5585 -0.8295 -0.0000
vn -0.5814 -0.8136 -0.0000
vn -0.6340 -0.7734 -0.0000
vn -0.7111 -0.7031 -0.0000
vn -0.7805 -0.6252 -0.0000
vn -0.8413 -0.5406 -0.0000
vn -0.8723 -0.4890 -0.0000
vn -0.8929 -0.4503 0.0018
vn -0.8992 -0.4374 -0.0000
vn -0.9384 -0.3457 -0.0000
vn -0.9681 -0.2505 -0.0000
vn -0.9882 -0.1529 -0.0000
vn -0.8992 -0.4374 -0.0013
vn -0.9356 -0.3530 0.0008
vn -0.9348 -0.3553 0.0014
vn -0.9375 -0.3480 -0.0004
vn -0.9384 -0.3457 -0.0009
vn -0.9669 -0.2551 0.0006
vn -0.9666 -0.2565 0.0010
vn -0.9677 -0.2519 -0.0001
vn -0.9681 -0.2505 -0.0005
vn -0.9880 -0.1543 0.0004
vn -0.9879 -0.1550 0.0005
vn -0.9881 -0.1536 0.0001
vn -0.8929 -0.4503 -0.0018
vn -0.8992 -0.4374 0.0013
vn -0.9348 -0.3553 -0.0014
vn -0.9356 -0.3530 -0.0008
vn -0.9375 -0.3480 0.0004
vn -0.9384 -0.3457 0.0009
vn -0.9666 -0.2565 -0.0010
vn -0.9669 -0.2551 -0.0006
vn -0.9677 -0.2519 0.0001
vn -0.9681 -0.2505 0.0005
vn -0.9879 -0.1550 -0.0005
vn -0.9880 -0.1544 -0.0004
vn -0.9881 -0.1536 -0.0001
vn -0.3900 -0.9208 -0.0016
vn -0.3914 -0.9202 -0.0015
vn -0.3934 -0.9194 -0.0013
vn -0.3948 -0.9188 -0.0012
vn -0.4150 -0.9098 -0.0002
vn -0.2961 -0.9552 -0.0019
vn -0.3100 -0.9507 -0.0007
vn -0.3412 -0.9400 0.0002
vn -0.1995 -0.9799 -0.0018
vn -0.1992 -0.9800 -0.0017
vn -0.1991 -0.9800 -0.0017
vn -0.2390 -0.9710 0.0003
vn -0.2758 -0.9612 -0.0003
vn -0.1001 -0.9950 -0.0020
vn -0.1030 -0.9947 -0.0017
vn -0.1082 -0.9941 -0.0011
vn -0.1114 -0.9938 -0.0008
vn -0.1549 -0.9879 0.0004
vn -0.0000 -1.0000 -0.0023
vn -0.0235 -0.9997 -0.0001
vn -0.0681 -0.9977 0.0003
vn 0.1082 -0.9941 -0.0011
vn 0.1030 -0.9947 -0.0017
vn 0.1001 -0.9950 -0.0020
vn 0.0681 -0.9977 0.0003
vn 0.0235 -0.9997 -0.0001
vn 0.1995 -0.9799 -0.0017
vn 0.1999 -0.9798 -0.0016
vn 0.1991 -0.9800 -0.0017
vn 0.1548 -0.9879 0.0004
vn 0.1114 -0.9938 -0.0008
vn 0.2961 -0.9552 -0.0019
vn 0.2758 -0.9612 -0.0003
vn 0.2390 -0.9710 0.0003
vn 0.3934 -0.9194 -0.0013
vn 0.3914 -0.9202 -0.0015
vn 0.3900 -0.9208 -0.0016
vn 0.3695 -0.9292 -0.0004
vn 0.3412 -0.9400 0.0002
vn 0.5351 -0.8448 -0.0000
vn 0.5585 -0.8295 -0.0000
vn 0.5814 -0.8136 -0.0000
vn 0.6271 -0.7789 -0.0003
vn 0.6311 -0.7757 -0.0000
vn 0.6244 -0.7811 -0.0000
vn 0.6280 -0.7782 -0.0001
vn 0.6340 -0.7734 -0.0010
vn 0.6530 -0.7573 -0.0004
vn 0.6644 -0.7473 -0.0001
vn 0.6793 -0.7339 0.0001
vn 0.7004 -0.7138 -0.0006
vn 0.7111 -0.7031 -0.0017
vn 0.7265 -0.6872 -0.0003
vn 0.7546 -0.6562 0.0003
vn 0.7817 -0.6237 -0.0015
vn 0.7805 -0.6252 -0.0017
vn 0.7841 -0.6206 -0.0012
vn 0.7855 -0.6188 -0.0009
vn 0.8175 -0.5759 0.0005
vn 0.8413 -0.5406 -0.0020
vn 0.8495 -0.5277 -0.0004
vn 0.8784 -0.4779 0.0003
vn 0.8929 -0.4503 -0.0023
vn 0.9052 -0.4249 0.0003
vn 0.9284 -0.3716 -0.0001
vn 0.9348 -0.3553 -0.0020
vn 0.9488 -0.3160 0.0009
vn 0.9665 -0.2566 -0.0015
vn 0.9666 -0.2565 -0.0015
vn 0.9665 -0.2565 -0.0015
vn 0.9665 -0.2567 -0.0015
vn 0.9808 -0.1950 0.0008
vn 0.9879 -0.1550 -0.0023
vn 0.9909 -0.1343 -0.0000
vn 0.6336 -0.7737 0.0004
vn 0.6530 -0.7573 0.0004
vn 0.6644 -0.7473 0.0001
vn 0.6793 -0.7339 -0.0001
vn 0.7004 -0.7138 0.0006
vn 0.7111 -0.7031 0.0017
vn 0.7265 -0.6872 0.0003
vn 0.7546 -0.6562 -0.0003
vn 0.7805 -0.6252 0.0017
vn 0.7817 -0.6237 0.0015
vn 0.7841 -0.6206 0.0012
vn 0.7855 -0.6188 0.0009
vn 0.8175 -0.5759 -0.0005
vn 0.8413 -0.5406 0.0020
vn 0.8495 -0.5277 0.0004
vn 0.8784 -0.4779 -0.0003
vn 0.8929 -0.4503 0.0023
vn 0.9052 -0.4249 -0.0003
vn 0.9284 -0.3716 0.0001
vn 0.9348 -0.3553 0.0020
vn 0.9488 -0.3160 -0.0009
vn 0.9666 -0.2565 0.0015
vn 0.9665 -0.2566 0.0015
vn 0.9665 -0.2565 0.0015
vn 0.9665 -0.2567 0.0015
vn 0.9808 -0.1950 -0.0008
vn 0.9879 -0.1550 0.0023
vn 0.6340 -0.7734 -0.0000
vn 0.4316 -0.9021 -0.0000
vn 0.4150 -0.9098 -0.0002
vn 0.3948 -0.9188 -0.0012
vn 0.3100 -0.9507 -0.0007
vn -0.2000 -0.9798 -0.0018
vn -0.3695 -0.9292 -0.0004
vn -0.4316 -0.9021 -0.0000
vn -0.4449 -0.8956 -0.0001
vn -0.4595 -0.8882 -0.0004
vn -0.4883 -0.8727 -0.0013
vn -0.4595 -0.8882 0.0004
vn -0.4449 -0.8956 0.0001
vn -0.4150 -0.9098 0.0002
vn -0.3948 -0.9188 0.0012
vn -0.3100 -0.9507 0.0007
vn -0.1999 -0.9798 0.0016
vn 0.2000 -0.9798 0.0018
vn 0.3695 -0.9292 0.0004
vn 0.4450 -0.8955 0.0001
vn 0.4595 -0.8882 0.0004
vn 0.4883 -0.8727 0.0013
vn 0.9916 -0.1291 -0.0000
vn 0.9837 -0.1798 -0.0000
vn 0.9729 -0.2313 -0.0000
vn 0.9597 -0.2811 -0.0000
vn 0.9447 -0.3279 -0.0000
vn 0.9278 -0.3731 -0.0000
vn 0.9083 -0.4182 -0.0000
vn 0.8874 -0.4611 -0.0000
vn 0.8639 -0.5037 -0.0000
vn 0.8404 -0.5420 -0.0000
vn 0.8165 -0.5773 -0.0000
vn 0.7951 -0.6065 -0.0000
vn 0.7755 -0.6314 -0.0000
vn 0.7579 -0.6524 -0.0000
vn 0.7460 -0.6659 -0.0000
vn 0.7421 -0.6703 -0.0000
vn 0.7413 -0.6712 -0.0000
vn 0.7393 -0.6733 -0.0000
vn -0.0000 -1.0000 -0.0000
vn 0.9988 0.0012 0.0497
vn 0.9992 -0.0019 -0.0411
vn 0.9993 -0.0023 -0.0381
vn 0.9989 -0.0013 -0.0465
vn 0.9988 -0.0009 -0.0496
vn 0.9893 0.0009 -0.1461
vn 0.9819 -0.0027 -0.1892
vn 0.9707 0.0012 -0.2405
vn 0.9423 -0.0016 -0.3348
vn 0.9420 -0.0017 -0.3355
vn 0.9420 -0.0017 -0.3357
vn 0.9418 -0.0018 -0.3361
vn 0.9031 0.0011 -0.4295
vn 0.8798 -0.0030 -0.4753
vn 0.8565 0.0011 -0.5162
vn 0.8037 -0.0009 -0.5950
vn 0.8020 -0.0013 -0.5973
vn 0.7989 -0.0020 -0.6014
vn 0.7972 -0.0023 -0.6037
vn 0.7432 0.0013 -0.6691
vn 0.6958 -0.0032 -0.7182
vn 0.6747 0.0001 -0.7381
vn 0.6011 0.0003 -0.7991
vn 0.5778 -0.0031 -0.8161
vn 0.5216 0.0017 -0.8532
vn 0.4433 -0.0023 -0.8964
vn 0.4461 -0.0028 -0.8950
vn 0.4379 -0.0014 -0.8990
vn 0.4349 -0.0010 -0.9005
vn 0.3394 0.0008 -0.9406
vn 0.3035 -0.0036 -0.9528
vn 0.2435 0.0018 -0.9699
vn 0.1523 -0.0022 -0.9883
vn 0.1536 -0.0024 -0.9881
vn 0.1498 -0.0017 -0.9887
vn 0.1481 -0.0015 -0.9890
vn 0.0504 0.0012 -0.9987
vn -0.0000 -0.0040 -1.0000
vn -0.0504 0.0012 -0.9987
vn -0.1481 -0.0015 -0.9890
vn -0.1498 -0.0017 -0.9887
vn -0.1523 -0.0022 -0.9883
vn -0.1536 -0.0024 -0.9881
vn -0.2435 0.0018 -0.9699
vn -0.3035 -0.0036 -0.9528
vn -0.3394 0.0008 -0.9406
vn -0.4349 -0.0010 -0.9005
vn -0.4379 -0.0014 -0.8990
vn -0.4433 -0.0023 -0.8964
vn -0.4461 -0.0028 -0.8950
vn -0.5216 0.0017 -0.8532
vn -0.5778 -0.0031 -0.8161
vn -0.6011 0.0003 -0.7992
vn -0.6747 0.0001 -0.7381
vn -0.6958 -0.0032 -0.7182
vn -0.7432 0.0013 -0.6691
vn -0.7989 -0.0020 -0.6014
vn -0.7972 -0.0023 -0.6037
vn -0.8020 -0.0013 -0.5973
vn -0.8037 -0.0009 -0.5950
vn -0.8565 0.0011 -0.5162
vn -0.8798 -0.0030 -0.4753
vn -0.9031 0.0011 -0.4295
vn -0.9420 -0.0017 -0.3356
vn -0.9418 -0.0018 -0.3360
vn -0.9419 -0.0018 -0.3360
vn -0.9423 -0.0016 -0.3348
vn -0.9706 0.0012 -0.2405
vn -0.9819 -0.0028 -0.1892
vn -0.9893 0.0009 -0.1461
vn -0.9988 -0.0009 -0.0496
vn -0.9989 -0.0013 -0.0465
vn -0.9992 -0.0019 -0.0411
vn -0.9993 -0.0023 -0.0381
vn -0.9988 0.0012 0.0497
vn -0.9935 -0.0027 0.1139
vn -0.9893 0.0005 0.1460
vn -0.9707 0.0001 0.2404
vn -0.9647 -0.0025 0.2634
vn -0.9421 0.0014 0.3353
vn -0.9135 -0.0028 0.4068
vn -0.9032 -0.0000 0.4293
vn -0.8566 0.0003 0.5160
vn -0.8410 -0.0028 0.5411
vn -0.8034 0.0015 0.5954
vn -0.7474 -0.0021 0.6643
vn -0.7487 -0.0024 0.6629
vn -0.7450 -0.0017 0.6671
vn -0.7436 -0.0014 0.6686
vn -0.6746 0.0009 0.7382
vn -0.6387 -0.0034 0.7694
vn -0.6010 0.0012 0.7993
vn -0.5221 -0.0010 0.8529
vn -0.5198 -0.0014 0.8543
vn -0.5157 -0.0021 0.8568
vn -0.5135 -0.0025 0.8581
vn -0.4345 0.0016 0.9007
vn -0.3759 -0.0037 0.9266
vn -0.3394 0.0008 0.9406
vn -0.2437 -0.0006 0.9698
vn -0.2293 -0.0028 0.9734
vn -0.1479 0.0019 0.9890
vn -0.0770 -0.0035 0.9970
vn -0.0504 -0.0000 0.9987
vn 0.0504 -0.0000 0.9987
vn 0.0770 -0.0035 0.9970
vn 0.1479 0.0019 0.9890
vn 0.2293 -0.0028 0.9734
vn 0.2437 -0.0006 0.9698
vn 0.3394 0.0008 0.9406
vn 0.3759 -0.0037 0.9266
vn 0.4345 0.0016 0.9007
vn 0.5157 -0.0021 0.8568
vn 0.5135 -0.0025 0.8581
vn 0.5198 -0.0014 0.8543
vn 0.5221 -0.0010 0.8529
vn 0.6010 0.0012 0.7993
vn 0.6387 -0.0034 0.7694
vn 0.6745 0.0009 0.7382
vn 0.7436 -0.0014 0.6686
vn 0.7450 -0.0017 0.6671
vn 0.7475 -0.0021 0.6643
vn 0.7487 -0.0024 0.6629
vn 0.8034 0.0015 0.5954
vn 0.8410 -0.0028 0.5411
vn 0.8566 0.0003 0.5160
vn 0.9032 -0.0000 0.4293
vn 0.9135 -0.0028 0.4068
vn 0.9421 0.0014 0.3353
vn 0.9647 -0.0025 0.2634
vn 0.9707 0.0001 0.2404
vn 0.9893 0.0005 0.1461
vn 0.9935 -0.0027 0.1139
vn -0.9988 0.0016 0.0494
vn -0.9989 0.0019 0.0474
vn -0.9990 0.0023 0.0440
vn -0.9991 0.0025 0.0422
vn -0.9988 -0.0011 -0.0495
vn -0.9920 0.0027 -0.1262
vn -0.9894 0.0007 -0.1454
vn -0.9708 -0.0009 -0.2397
vn -0.9567 0.0032 -0.2911
vn -0.9424 -0.0005 -0.3344
vn -0.9035 0.0007 -0.4287
vn -0.8941 0.0030 -0.4478
vn -0.8567 -0.0013 -0.5158
vn -0.8054 0.0022 -0.5928
vn -0.8059 0.0023 -0.5921
vn -0.8044 0.0020 -0.5941
vn -0.8039 0.0019 -0.5947
vn -0.7431 -0.0011 -0.6692
vn -0.6943 0.0034 -0.7197
vn -0.6743 0.0005 -0.7384
vn -0.6004 -0.0007 -0.7997
vn -0.5625 0.0035 -0.8268
vn -0.5209 -0.0008 -0.8536
vn -0.4338 0.0007 -0.9010
vn -0.4142 0.0034 -0.9102
vn -0.3383 -0.0015 -0.9411
vn -0.2508 0.0026 -0.9680
vn -0.2535 0.0029 -0.9673
vn -0.2458 0.0018 -0.9693
vn -0.2428 0.0014 -0.9701
vn -0.1473 -0.0013 -0.9891
vn -0.0854 0.0038 -0.9963
vn -0.0502 -0.0000 -0.9987
vn 0.0502 -0.0000 -0.9987
vn 0.0854 0.0038 -0.9963
vn 0.1473 -0.0013 -0.9891
vn 0.2428 0.0014 -0.9701
vn 0.2457 0.0018 -0.9693
vn 0.2508 0.0026 -0.9680
vn 0.2535 0.0029 -0.9673
vn 0.3383 -0.0014 -0.9411
vn 0.4141 0.0034 -0.9102
vn 0.4338 0.0007 -0.9010
vn 0.5209 -0.0008 -0.8536
vn 0.5625 0.0035 -0.8268
vn 0.6004 -0.0007 -0.7997
vn 0.6743 0.0005 -0.7384
vn 0.6943 0.0034 -0.7197
vn 0.7431 -0.0011 -0.6692
vn 0.8039 0.0019 -0.5947
vn 0.8045 0.0020 -0.5939
vn 0.8054 0.0022 -0.5927
vn 0.8059 0.0023 -0.5921
vn 0.8567 -0.0013 -0.5158
vn 0.8941 0.0030 -0.4478
vn 0.9035 0.0007 -0.4286
vn 0.9425 -0.0005 -0.3343
vn 0.9567 0.0032 -0.2911
vn 0.9708 -0.0009 -0.2397
vn 0.9894 0.0007 -0.1454
vn 0.9920 0.0027 -0.1262
vn 0.9988 -0.0011 -0.0495
vn 0.9990 0.0023 0.0441
vn 0.9991 0.0025 0.0422
vn 0.9989 0.0019 0.0474
vn 0.9988 0.0016 0.0495
vn 0.9894 -0.0011 0.1455
vn 0.9778 0.0029 0.2094
vn 0.9709 -0.0000 0.2396
vn 0.9425 -0.0003 0.3343
vn 0.9287 0.0033 0.3707
vn 0.9034 -0.0010 0.4289
vn 0.8569 0.0015 0.5154
vn 0.8559 0.0018 0.5172
vn 0.8541 0.0022 0.5201
vn 0.8531 0.0024 0.5218
vn 0.8036 -0.0014 0.5952
vn 0.7528 0.0029 0.6582
vn 0.7434 0.0013 0.6688
vn 0.6742 -0.0008 0.7386
vn 0.6307 0.0035 0.7760
vn 0.6004 -0.0003 0.7997
vn 0.5210 -0.0002 0.8536
vn 0.4901 0.0036 0.8716
vn 0.4335 -0.0012 0.9011
vn 0.3387 0.0022 0.9409
vn 0.3377 0.0023 0.9412
vn 0.3360 0.0026 0.9419
vn 0.3351 0.0027 0.9422
vn 0.2426 -0.0015 0.9701
vn 0.1701 0.0034 0.9854
vn 0.1474 0.0006 0.9891
vn 0.0501 -0.0007 0.9987
vn -0.0000 0.0041 1.0000
vn -0.0501 -0.0007 0.9987
vn -0.1474 0.0006 0.9891
vn -0.1701 0.0034 0.9854
vn -0.2426 -0.0015 0.9701
vn -0.3361 0.0026 0.9418
vn -0.3351 0.0027 0.9422
vn -0.3377 0.0023 0.9413
vn -0.3387 0.0022 0.9409
vn -0.4336 -0.0012 0.9011
vn -0.4901 0.0036 0.8716
vn -0.5210 -0.0002 0.8536
vn -0.6004 -0.0003 0.7997
vn -0.6307 0.0035 0.7760
vn -0.6741 -0.0008 0.7386
vn -0.7434 0.0013 0.6688
vn -0.7528 0.0029 0.6582
vn -0.8036 -0.0014 0.5952
vn -0.8541 0.0022 0.5201
vn -0.8531 0.0024 0.5218
vn -0.8559 0.0018 0.5172
vn -0.8570 0.0015 0.5154
vn -0.9033 -0.0010 0.4289
vn -0.9287 0.0033 0.3708
vn -0.9425 -0.0003 0.3343
vn -0.9709 -0.0000 0.2396
vn -0.9778 0.0029 0.2093
vn -0.9894 -0.0011 0.1455
vn 0.0854 0.0006 -0.9963
vn 0.0591 -0.0006 -0.9983
vn -0.0854 0.0006 -0.9963
vn -0.1133 -0.0006 -0.9936
vn -0.2535 0.0006 -0.9673
vn -0.2822 -0.0007 -0.9594
vn -0.4142 0.0006 -0.9102
vn -0.4426 -0.0007 -0.8967
vn -0.5625 0.0007 -0.8268
vn -0.5895 -0.0007 -0.8077
vn -0.6943 0.0007 -0.7197
vn -0.7189 -0.0007 -0.6951
vn -0.8059 0.0007 -0.5921
vn -0.8269 -0.0008 -0.5624
vn -0.8941 0.0007 -0.4479
vn -0.9105 -0.0008 -0.4136
vn -0.9567 0.0008 -0.2911
vn -0.9675 -0.0008 -0.2529
vn -0.9920 0.0008 -0.1262
vn -0.9964 -0.0008 -0.0851
vn -0.9991 0.0008 0.0422
vn -0.9964 -0.0009 0.0851
vn -0.9778 0.0008 0.2094
vn -0.9675 -0.0009 0.2529
vn -0.9287 0.0009 0.3707
vn -0.9105 -0.0009 0.4136
vn -0.8531 0.0009 0.5218
vn -0.8269 -0.0009 0.5624
vn -0.7528 0.0009 0.6582
vn -0.7189 -0.0009 0.6951
vn -0.6307 0.0009 0.7760
vn -0.5895 -0.0010 0.8077
vn -0.4901 0.0009 0.8716
vn -0.4426 -0.0010 0.8967
vn -0.3351 0.0010 0.9422
vn -0.2822 -0.0010 0.9594
vn -0.1701 0.0010 0.9854
vn -0.1133 -0.0010 0.9936
vn -0.0000 0.0010 1.0000
vn 0.0591 -0.0010 0.9983
vn 0.1701 0.0010 0.9854
vn 0.2297 -0.0010 0.9733
vn 0.3166 0.0006 0.9486
vn 0.2297 -0.0006 -0.9733
vn 0.2535 0.0005 -0.9673
vn 0.3209 -0.0000 -0.9471
vn 0.3437 -0.0000 -0.9391
vn 0.3710 0.0002 -0.9286
vn 0.4049 0.0009 -0.9144
vn 0.4076 0.0010 -0.9132
vn 0.4115 0.0012 -0.9114
vn 0.4142 0.0013 -0.9102
vn 0.4487 0.0003 -0.8937
vn 0.4961 -0.0001 -0.8682
vn 0.5458 0.0007 -0.8379
vn 0.5625 0.0015 -0.8268
vn 0.6038 -0.0001 -0.7971
vn 0.6669 0.0001 -0.7452
vn 0.6943 0.0016 -0.7197
vn 0.7298 -0.0002 -0.6837
vn 0.7927 0.0003 -0.6096
vn 0.8059 0.0016 -0.5921
vn 0.8515 -0.0009 -0.5243
vn 0.8941 0.0015 -0.4478
vn 0.9048 -0.0000 -0.4258
vn 0.9501 -0.0000 -0.3121
vn 0.9567 0.0016 -0.2911
vn 0.9817 -0.0011 -0.1904
vn 0.9920 0.0020 -0.1262
vn 0.9979 -0.0010 -0.0641
vn 0.9991 0.0015 0.0422
vn 0.9979 -0.0001 0.0642
vn 0.9817 -0.0000 0.1907
vn 0.9778 0.0014 0.2094
vn 0.9502 -0.0009 0.3118
vn 0.9287 0.0020 0.3707
vn 0.9050 -0.0008 0.4254
vn 0.8525 0.0010 0.5228
vn 0.8531 0.0011 0.5218
vn 0.8516 0.0009 0.5243
vn 0.8509 0.0008 0.5253
vn 0.7931 -0.0005 0.6090
vn 0.7528 0.0017 0.6582
vn 0.7296 0.0001 0.6839
vn 0.6671 -0.0001 0.7450
vn 0.6307 0.0016 0.7760
vn 0.6035 0.0002 0.7974
vn 0.5471 -0.0001 0.8371
vn 0.4911 0.0013 0.8711
vn 0.4901 0.0012 0.8716
vn 0.4924 0.0013 0.8704
vn 0.4933 0.0014 0.8699
vn 0.4490 0.0002 0.8935
vn 0.4077 -0.0001 0.9131
vn 0.3705 0.0003 0.9288
vn 0.3358 0.0011 0.9419
vn 0.3351 0.0011 0.9422
vn 0.3370 0.0012 0.9415
vn 0.3377 0.0012 0.9412
vn -0.0000 -0.0000 -1.0000
vn -0.6271 -0.7789 0.0003
vn -0.6308 -0.7760 -0.0000
vn -0.6244 -0.7811 -0.0000
vn -0.6340 -0.7734 0.0010
vn -0.6530 -0.7573 0.0004
vn -0.6644 -0.7473 0.0001
vn -0.6793 -0.7339 -0.0001
vn -0.7004 -0.7138 0.0007
vn -0.7111 -0.7031 0.0017
vn -0.7264 -0.6872 0.0003
vn -0.7546 -0.6562 -0.0003
vn -0.7817 -0.6237 0.0015
vn -0.7805 -0.6252 0.0017
vn -0.7841 -0.6206 0.0012
vn -0.7855 -0.6188 0.0009
vn -0.8175 -0.5759 -0.0005
vn -0.8412 -0.5406 0.0020
vn -0.8495 -0.5277 0.0004
vn -0.8784 -0.4779 -0.0003
vn -0.8929 -0.4503 0.0023
vn -0.9052 -0.4250 -0.0003
vn -0.9284 -0.3716 0.0001
vn -0.9348 -0.3553 0.0020
vn -0.9488 -0.3160 -0.0009
vn -0.9665 -0.2566 0.0015
vn -0.9666 -0.2565 0.0015
vn -0.9665 -0.2565 0.0015
vn -0.9665 -0.2567 0.0015
vn -0.9808 -0.1950 -0.0008
vn -0.9879 -0.1550 0.0023
vn -0.9909 -0.1343 -0.0000
vn -0.6530 -0.7573 -0.0004
vn -0.6340 -0.7734 -0.0010
vn -0.6271 -0.7790 -0.0003
vn -0.6644 -0.7473 -0.0001
vn -0.6793 -0.7339 0.0001
vn -0.7004 -0.7138 -0.0007
vn -0.7111 -0.7031 -0.0017
vn -0.7264 -0.6872 -0.0003
vn -0.7546 -0.6562 0.0003
vn -0.7805 -0.6252 -0.0017
vn -0.7817 -0.6237 -0.0015
vn -0.7841 -0.6206 -0.0012
vn -0.7855 -0.6188 -0.0009
vn -0.8175 -0.5759 0.0005
vn -0.8412 -0.5406 -0.0020
vn -0.8495 -0.5277 -0.0004
vn -0.8784 -0.4779 0.0003
vn -0.8929 -0.4503 -0.0023
vn -0.9052 -0.4250 0.0003
vn -0.9284 -0.3716 -0.0001
vn -0.9348 -0.3553 -0.0020
vn -0.9488 -0.3160 0.0009
vn -0.9666 -0.2565 -0.0015
vn -0.9665 -0.2566 -0.0015
vn -0.9665 -0.2565 -0.0015
vn -0.9665 -0.2567 -0.0015
vn -0.9808 -0.1950 0.0008
vn -0.9879 -0.1550 -0.0023
vn -0.4151 -0.9098 -0.0002
vn -0.1999 -0.9798 -0.0018
vn -0.1548 -0.9879 0.0004
vn 0.1999 -0.9798 -0.0017
vn 0.1549 -0.9879 0.0004
vn 0.4883 -0.8727 -0.0003
vn 0.4879 -0.8729 -0.0002
vn 0.4800 -0.8773 -0.0010
vn 0.4594 -0.8882 -0.0004
vn 0.4863 -0.8738 -0.0006
vn 0.7111 -0.7031 -0.0000
vn 0.7805 -0.6252 -0.0000
vn 0.8413 -0.5406 -0.0000
vn 0.8723 -0.4890 -0.0000
vn 0.8929 -0.4503 -0.0018
vn 0.8992 -0.4374 -0.0000
vn 0.9384 -0.3457 -0.0000
vn 0.9681 -0.2505 -0.0000
vn 0.9882 -0.1529 -0.0000
vn 0.8992 -0.4374 0.0013
vn 0.9356 -0.3530 -0.0008
vn 0.9348 -0.3553 -0.0014
vn 0.9375 -0.3480 0.0004
vn 0.9384 -0.3457 0.0009
vn 0.9669 -0.2551 -0.0006
vn 0.9666 -0.2565 -0.0010
vn 0.9677 -0.2519 0.0001
vn 0.9681 -0.2505 0.0005
vn 0.9880 -0.1544 -0.0004
vn 0.9879 -0.1550 -0.0005
vn 0.9882 -0.1535 -0.0001
vn 0.8929 -0.4503 0.0018
vn 0.8992 -0.4374 -0.0013
vn 0.9348 -0.3553 0.0014
vn 0.9356 -0.3530 0.0008
vn 0.9375 -0.3480 -0.0004
vn 0.9384 -0.3457 -0.0009
vn 0.9666 -0.2565 0.0010
vn 0.9669 -0.2551 0.0006
vn 0.9677 -0.2519 -0.0001
vn 0.9681 -0.2505 -0.0005
vn 0.9879 -0.1550 0.0005
vn 0.9880 -0.1544 0.0004
vn 0.9882 -0.1535 0.0001
vn 0.4151 -0.9098 0.0002
vn 0.1996 -0.9799 0.0018
vn 0.1994 -0.9799 0.0017
vn 0.1549 -0.9879 -0.0004
vn -0.1548 -0.9879 -0.0004
vn 0.4151 -0.9098 -0.0002
vn -0.4450 -0.8955 -0.0001
vn -0.4450 -0.8955 0.0001
vn -0.4151 -0.9098 0.0002
vn 0.4594 -0.8882 0.0004
vn 0.4882 -0.8727 0.0013
vn 0.3838 -0.9234 -0.0000
vn 0.2793 -0.9602 -0.0000
vn 0.1954 -0.9807 -0.0000
vn 0.1625 -0.9867 -0.0000
vn -0.1625 -0.9867 -0.0000
vn -0.2793 -0.9602 -0.0000
vn -0.3020 -0.9533 -0.0000
vn -0.3534 -0.9355 -0.0000
vn -0.3840 -0.9233 -0.0000
vn -0.9916 -0.1291 -0.0000
vn -0.9837 -0.1798 -0.0000
vn -0.9729 -0.2313 -0.0000
vn -0.9597 -0.2811 -0.0000
vn -0.9447 -0.3279 -0.0000
vn -0.9278 -0.3731 -0.0000
vn -0.9083 -0.4183 -0.0000
vn -0.8874 -0.4610 -0.0000
vn -0.8639 -0.5037 -0.0000
vn -0.8404 -0.5420 -0.0000
vn -0.8165 -0.5773 -0.0000
vn -0.7951 -0.6065 -0.0000
vn -0.7755 -0.6313 -0.0000
vn -0.7579 -0.6524 -0.0000
vn -0.7460 -0.6659 -0.0000
vn -0.7421 -0.6703 -0.0000
vn -0.7413 -0.6712 -0.0000
vn -0.7393 -0.6733 -0.0000
vn -0.9990 0.0023 0.0441
vn -0.9425 -0.0005 -0.3343
vn -0.9035 0.0007 -0.4286
vn -0.8054 0.0022 -0.5927
vn -0.8045 0.0020 -0.5939
vn -0.4141 0.0034 -0.9102
vn -0.2457 0.0018 -0.9693
vn 0.2458 0.0018 -0.9693
vn 0.4142 0.0034 -0.9102
vn 0.8044 0.0020 -0.5941
vn 0.8054 0.0022 -0.5928
vn 0.9035 0.0007 -0.4287
vn 0.9424 -0.0005 -0.3344
vn 0.9990 0.0023 0.0440
vn 0.9988 0.0016 0.0494
vn 0.9287 0.0033 0.3708
vn 0.9033 -0.0010 0.4289
vn 0.8570 0.0015 0.5154
vn 0.6741 -0.0008 0.7386
vn 0.4336 -0.0012 0.9011
vn 0.3377 0.0023 0.9413
vn -0.3360 0.0026 0.9419
vn -0.3377 0.0023 0.9412
vn -0.4335 -0.0012 0.9011
vn -0.6742 -0.0008 0.7386
vn -0.8569 0.0015 0.5154
vn -0.9034 -0.0010 0.4289
vn -0.9287 0.0033 0.3707
vn 0.9819 -0.0028 -0.1892
vn 0.9706 0.0012 -0.2405
vn 0.9419 -0.0018 -0.3360
vn 0.9419 -0.0017 -0.3358
vn 0.9418 -0.0018 -0.3360
vn 0.6011 0.0003 -0.7992
vn -0.9418 -0.0018 -0.3361
vn -0.9420 -0.0017 -0.3355
vn -0.9707 0.0012 -0.2405
vn -0.9819 -0.0027 -0.1892
vn -0.9893 0.0005 0.1461
vn -0.7475 -0.0021 0.6643
vn -0.6745 0.0009 0.7382
vn 0.6746 0.0009 0.7382
vn 0.7474 -0.0021 0.6643
vn 0.9893 0.0005 0.1460
vn -0.0591 -0.0006 -0.9983
vn -0.2297 -0.0006 -0.9733
vn -0.2535 0.0005 -0.9673
vn -0.3209 -0.0000 -0.9471
vn -0.3437 -0.0000 -0.9391
vn 0.1133 -0.0006 -0.9936
vn 0.2535 0.0006 -0.9673
vn 0.2822 -0.0007 -0.9594
vn 0.4142 0.0006 -0.9102
vn 0.4426 -0.0007 -0.8967
vn 0.5625 0.0007 -0.8268
vn 0.5896 -0.0007 -0.8077
vn 0.6943 0.0007 -0.7197
vn 0.7189 -0.0007 -0.6951
vn 0.8059 0.0007 -0.5921
vn 0.8268 -0.0008 -0.5624
vn 0.8941 0.0008 -0.4479
vn 0.9105 -0.0008 -0.4135
vn 0.9567 0.0008 -0.2911
vn 0.9675 -0.0008 -0.2529
vn 0.9920 0.0008 -0.1262
vn 0.9964 -0.0008 -0.0851
vn 0.9991 0.0008 0.0422
vn 0.9964 -0.0009 0.0851
vn 0.9778 0.0008 0.2094
vn 0.9675 -0.0009 0.2529
vn 0.9287 0.0009 0.3707
vn 0.9105 -0.0009 0.4135
vn 0.8531 0.0009 0.5218
vn 0.8268 -0.0009 0.5624
vn 0.7528 0.0009 0.6582
vn 0.7189 -0.0009 0.6951
vn 0.6307 0.0009 0.7760
vn 0.5896 -0.0010 0.8077
vn 0.4901 0.0009 0.8716
vn 0.4426 -0.0010 0.8967
vn 0.3351 0.0010 0.9422
vn 0.2822 -0.0010 0.9594
vn 0.1133 -0.0010 0.9936
vn -0.0591 -0.0010 0.9983
vn -0.2297 -0.0010 0.9733
vn -0.3166 0.0006 0.9486
vn -0.3360 0.0011 0.9419
vn -0.3351 0.0011 0.9422
vn -0.3376 0.0011 0.9413
vn -0.3386 0.0010 0.9409
vn -0.3705 0.0003 0.9288
vn -0.4077 -0.0001 0.9131
vn -0.4490 0.0002 0.8935
vn -0.4910 0.0013 0.8712
vn -0.4901 0.0013 0.8716
vn -0.4927 0.0012 0.8702
vn -0.4938 0.0011 0.8696
vn -0.5470 -0.0001 0.8371
vn -0.6035 0.0002 0.7974
vn -0.6307 0.0016 0.7760
vn -0.6670 -0.0001 0.7450
vn -0.7296 0.0001 0.6839
vn -0.7528 0.0017 0.6582
vn -0.7931 -0.0005 0.6090
vn -0.8509 0.0008 0.5253
vn -0.8516 0.0009 0.5243
vn -0.8525 0.0010 0.5228
vn -0.8531 0.0011 0.5218
vn -0.9050 -0.0008 0.4254
vn -0.9287 0.0020 0.3707
vn -0.9502 -0.0009 0.3118
vn -0.9778 0.0014 0.2094
vn -0.9817 -0.0000 0.1906
vn -0.9979 -0.0001 0.0642
vn -0.9991 0.0015 0.0422
vn -0.9979 -0.0010 -0.0641
vn -0.9920 0.0020 -0.1262
vn -0.9817 -0.0011 -0.1904
vn -0.9567 0.0015 -0.2911
vn -0.9501 -0.0000 -0.3121
vn -0.9048 -0.0000 -0.4258
vn -0.8941 0.0015 -0.4478
vn -0.8515 -0.0009 -0.5243
vn -0.8059 0.0016 -0.5921
vn -0.7927 0.0003 -0.6096
vn -0.7298 -0.0002 -0.6837
vn -0.6943 0.0016 -0.7197
vn -0.6669 0.0001 -0.7452
vn -0.6039 -0.0001 -0.7971
vn -0.5625 0.0015 -0.8268
vn -0.5458 0.0007 -0.8379
vn -0.4962 -0.0001 -0.8682
vn -0.4487 0.0003 -0.8937
vn -0.4115 0.0012 -0.9114
vn -0.4142 0.0013 -0.9102
vn -0.4076 0.0010 -0.9132
vn -0.4049 0.0009 -0.9144
vn -0.3710 0.0002 -0.9286
vn 0.0770 -0.0009 0.9970
vn 0.0288 0.0009 0.9996
vn -0.0770 -0.0009 0.9970
vn -0.1242 0.0009 0.9923
vn -0.2293 -0.0009 0.9734
vn -0.2742 0.0009 0.9617
vn -0.3759 -0.0009 0.9266
vn -0.4176 0.0009 0.9086
vn -0.5135 -0.0009 0.8581
vn -0.5511 0.0009 0.8344
vn -0.6387 -0.0009 0.7694
vn -0.6715 0.0009 0.7410
vn -0.7487 -0.0009 0.6629
vn -0.7762 0.0009 0.6305
vn -0.8410 -0.0009 0.5410
vn -0.8627 0.0008 0.5058
vn -0.9135 -0.0009 0.4068
vn -0.9292 0.0008 0.3696
vn -0.9647 -0.0008 0.2634
vn -0.9743 0.0008 0.2251
vn -0.9935 -0.0008 0.1139
vn -0.9971 0.0008 0.0756
vn -0.9993 -0.0008 -0.0381
vn -0.9971 0.0008 -0.0756
vn -0.9819 -0.0008 -0.1892
vn -0.9743 0.0008 -0.2251
vn -0.9418 -0.0008 -0.3360
vn -0.9292 0.0008 -0.3696
vn -0.8798 -0.0008 -0.4753
vn -0.8627 0.0008 -0.5058
vn -0.7972 -0.0008 -0.6037
vn -0.7762 0.0007 -0.6305
vn -0.6958 -0.0007 -0.7182
vn -0.6715 0.0007 -0.7410
vn -0.5779 -0.0007 -0.8161
vn -0.5511 0.0007 -0.8344
vn -0.4461 -0.0007 -0.8950
vn -0.4176 0.0007 -0.9086
vn -0.3035 -0.0007 -0.9528
vn -0.2742 0.0007 -0.9617
vn -0.1536 -0.0007 -0.9881
vn -0.1242 0.0007 -0.9923
vn -0.0000 -0.0007 -1.0000
vn 0.0288 0.0007 -0.9996
vn 0.1536 -0.0007 -0.9881
vn 0.1811 0.0006 -0.9835
vn 0.2628 -0.0002 -0.9648
vn 0.2293 -0.0007 0.9734
vn 0.2516 -0.0018 0.9678
vn 0.1811 0.0009 0.9835
vn 0.3759 -0.0014 0.9266
vn 0.3566 -0.0006 0.9343
vn 0.3189 -0.0000 0.9478
vn 0.5135 -0.0013 0.8581
vn 0.5131 -0.0012 0.8583
vn 0.5126 -0.0012 0.8586
vn 0.5123 -0.0012 0.8588
vn 0.4566 0.0002 0.8897
vn 0.5788 0.0005 0.8155
vn 0.6411 -0.0012 0.7674
vn 0.6387 -0.0014 0.7694
vn 0.6455 -0.0008 0.7638
vn 0.6481 -0.0006 0.7615
vn 0.7177 0.0005 0.6963
vn 0.7487 -0.0019 0.6629
vn 0.7863 0.0009 0.6178
vn 0.8427 -0.0009 0.5384
vn 0.8410 -0.0012 0.5410
vn 0.8458 -0.0004 0.5335
vn 0.8476 -0.0001 0.5306
vn 0.9040 0.0004 0.4275
vn 0.9135 -0.0016 0.4068
vn 0.9503 0.0013 0.3115
vn 0.9647 -0.0022 0.2634
vn 0.9819 0.0016 0.1893
vn 0.9935 -0.0022 0.1139
vn 0.9980 0.0014 0.0636
vn 0.9993 -0.0017 -0.0381
vn 0.9980 0.0006 -0.0636
vn 0.9819 -0.0006 -0.1896
vn 0.9819 -0.0007 -0.1892
vn 0.9502 0.0005 -0.3117
vn 0.9418 -0.0017 -0.3360
vn 0.9042 0.0012 -0.4272
vn 0.8798 -0.0020 -0.4753
vn 0.8480 0.0013 -0.5299
vn 0.7972 -0.0015 -0.6037
vn 0.7859 -0.0001 -0.6184
vn 0.7175 0.0001 -0.6966
vn 0.6958 -0.0017 -0.7182
vn 0.6491 0.0006 -0.7607
vn 0.5770 -0.0012 -0.8168
vn 0.5776 -0.0012 -0.8164
vn 0.5771 -0.0012 -0.8167
vn 0.5779 -0.0011 -0.8161
vn 0.5144 0.0003 -0.8576
vn 0.4548 -0.0009 -0.8906
vn 0.4523 -0.0010 -0.8919
vn 0.4482 -0.0012 -0.8939
vn 0.4461 -0.0014 -0.8950
vn 0.4044 -0.0001 -0.9146
vn 0.3582 -0.0000 -0.9337
vn 0.3162 -0.0008 -0.9487
vn 0.3125 -0.0009 -0.9499
vn 0.3062 -0.0011 -0.9520
vn 0.3035 -0.0012 -0.9528
vn 0.2853 -0.0006 -0.9584
vn 0.4038 -0.0003 0.9149
vn 0.2881 -0.0000 0.9576
vn -0.9986 0.0538 -0.0000
vn -0.9640 0.2660 -0.0000
vn -0.9298 0.3681 -0.0000
vn -0.8847 0.4661 -0.0000
vn -0.8293 0.5588 -0.0000
vn -0.7642 0.6450 -0.0000
vn -0.6900 0.7238 -0.0000
vn -0.6076 0.7943 -0.0000
vn -0.5179 0.8554 -0.0000
vn -0.4221 0.9066 -0.0000
vn -0.4221 0.9065 -0.0063
vn -0.4221 0.9065 -0.0062
vn -0.3211 0.9470 -0.0000
vn -0.3211 0.9470 -0.0048
vn -0.3211 0.9470 -0.0047
vn -0.2163 0.9763 -0.0000
vn -0.2163 0.9763 -0.0032
vn -0.1088 0.9941 -0.0000
vn -0.1088 0.9941 -0.0016
vn 0.1088 0.9941 -0.0000
vn 0.1088 0.9941 0.0016
vn 0.2163 0.9763 -0.0000
vn 0.2163 0.9763 0.0032
vn 0.3211 0.9470 -0.0000
vn 0.3211 0.9470 0.0048
vn 0.3211 0.9470 0.0047
vn 0.4221 0.9066 -0.0000
vn 0.4221 0.9065 0.0063
vn 0.4221 0.9065 0.0062
vn 0.5179 0.8554 -0.0000
vn 0.6076 0.7943 -0.0000
vn 0.6900 0.7238 -0.0000
vn 0.7642 0.6450 -0.0000
vn 0.8293 0.5588 -0.0000
vn 0.8847 0.4661 -0.0000
vn 0.9298 0.3681 -0.0000
vn 0.9640 0.2660 -0.0000
vn 0.9870 0.1608 -0.0000
vn 0.9986 0.0538 -0.0000
vn -0.4221 0.9065 0.0062
vn -0.4221 0.9065 0.0063
vn -0.3211 0.9470 0.0047
vn -0.3211 0.9470 0.0048
vn -0.2163 0.9763 0.0032
vn -0.1088 0.9941 0.0016
vn 0.1088 0.9941 -0.0016
vn 0.2163 0.9763 -0.0032
vn 0.3211 0.9470 -0.0047
vn 0.3211 0.9470 -0.0048
vn 0.4221 0.9065 -0.0062
vn 0.4221 0.9065 -0.0063
vn 0.9968 0.0660 -0.0445
vn 0.9981 0.0538 -0.0294
vn 0.9866 0.1607 -0.0291
vn 0.9636 0.2659 -0.0284
vn 0.9294 0.3680 -0.0274
vn 0.8844 0.4660 -0.0260
vn 0.8291 0.5586 -0.0244
vn 0.7640 0.6449 -0.0225
vn 0.6898 0.7237 -0.0203
vn 0.6075 0.7941 -0.0179
vn 0.5179 0.8553 -0.0153
vn 0.4220 0.9065 -0.0124
vn 0.3211 0.9470 -0.0095
vn 0.2163 0.9763 -0.0064
vn 0.2155 0.9763 -0.0191
vn 0.1088 0.9941 -0.0032
vn 0.1084 0.9941 -0.0096
vn -0.1088 0.9941 0.0032
vn -0.1084 0.9941 0.0096
vn -0.2163 0.9763 0.0064
vn -0.2155 0.9763 0.0191
vn -0.3211 0.9470 0.0095
vn -0.4220 0.9065 0.0124
vn -0.5179 0.8553 0.0153
vn -0.6075 0.7941 0.0179
vn -0.6898 0.7237 0.0203
vn -0.7640 0.6449 0.0225
vn -0.8291 0.5586 0.0244
vn -0.8844 0.4660 0.0260
vn -0.8844 0.4659 0.0260
vn -0.9294 0.3680 0.0274
vn -0.9636 0.2659 0.0284
vn -0.9866 0.1607 0.0291
vn -0.9981 0.0538 0.0294
vn -0.9947 0.0538 0.0881
vn -0.9877 0.0538 0.1465
vn -0.9774 0.0538 0.2044
vn -0.9637 0.0538 0.2616
vn -0.9466 0.0538 0.3179
vn -0.9262 0.0538 0.3732
vn -0.9026 0.0538 0.4271
vn -0.8758 0.0539 0.4797
vn -0.8459 0.0539 0.5305
vn -0.8131 0.0539 0.5796
vn -0.7774 0.0539 0.6267
vn -0.7390 0.0539 0.6716
vn -0.6979 0.0540 0.7142
vn -0.6543 0.0540 0.7543
vn -0.6084 0.0540 0.7918
vn -0.5604 0.0540 0.8265
vn -0.5103 0.0540 0.8583
vn -0.4583 0.0541 0.8871
vn -0.4048 0.0541 0.9128
vn -0.3497 0.0541 0.9353
vn -0.2934 0.0541 0.9545
vn -0.2360 0.0541 0.9702
vn -0.1778 0.0541 0.9826
vn -0.1189 0.0541 0.9914
vn -0.0595 0.0541 0.9968
vn -0.0000 0.0541 0.9985
vn 0.0595 0.0541 0.9968
vn 0.1189 0.0541 0.9914
vn 0.1778 0.0541 0.9826
vn 0.2360 0.0541 0.9702
vn 0.2934 0.0541 0.9545
vn 0.3497 0.0541 0.9353
vn 0.4048 0.0541 0.9128
vn 0.4583 0.0541 0.8871
vn 0.5103 0.0540 0.8583
vn 0.5604 0.0540 0.8265
vn 0.5603 0.0540 0.8265
vn 0.6084 0.0540 0.7918
vn 0.6543 0.0540 0.7543
vn 0.6979 0.0540 0.7142
vn 0.7390 0.0539 0.6716
vn 0.7774 0.0539 0.6267
vn 0.8131 0.0539 0.5796
vn 0.8459 0.0539 0.5305
vn 0.8758 0.0539 0.4797
vn 0.9026 0.0538 0.4271
vn 0.9262 0.0538 0.3732
vn 0.9466 0.0538 0.3179
vn 0.9637 0.0538 0.2616
vn 0.9774 0.0538 0.2044
vn 0.9877 0.0538 0.1465
vn 0.9947 0.0538 0.0881
vn 0.9981 0.0538 0.0294
vn 0.9866 0.1607 0.0291
vn 0.9831 0.1607 0.0871
vn 0.9763 0.1608 0.1448
vn 0.9661 0.1608 0.2020
vn 0.9525 0.1608 0.2586
vn 0.9356 0.1608 0.3142
vn 0.9155 0.1609 0.3688
vn 0.8921 0.1609 0.4222
vn 0.8656 0.1610 0.4741
vn 0.8361 0.1610 0.5244
vn 0.8037 0.1611 0.5729
vn 0.7684 0.1611 0.6194
vn 0.7304 0.1612 0.6638
vn 0.6898 0.1613 0.7059
vn 0.6467 0.1613 0.7455
vn 0.6013 0.1614 0.7825
vn 0.5538 0.1614 0.8168
vn 0.5043 0.1615 0.8483
vn 0.4530 0.1615 0.8768
vn 0.4000 0.1616 0.9021
vn 0.3456 0.1616 0.9244
vn 0.2900 0.1617 0.9433
vn 0.2332 0.1617 0.9589
vn 0.1757 0.1617 0.9711
vn 0.1175 0.1617 0.9798
vn 0.0588 0.1617 0.9851
vn 0.0588 0.1618 0.9851
vn -0.0000 0.1618 0.9868
vn -0.0588 0.1618 0.9851
vn -0.1175 0.1617 0.9798
vn -0.1757 0.1617 0.9711
vn -0.2332 0.1617 0.9589
vn -0.2900 0.1617 0.9433
vn -0.3456 0.1616 0.9244
vn -0.4000 0.1616 0.9021
vn -0.4530 0.1616 0.8768
vn -0.4530 0.1615 0.8768
vn -0.5043 0.1615 0.8483
vn -0.5538 0.1614 0.8168
vn -0.6013 0.1614 0.7825
vn -0.6467 0.1613 0.7455
vn -0.6898 0.1613 0.7059
vn -0.7304 0.1612 0.6638
vn -0.7684 0.1611 0.6194
vn -0.8037 0.1611 0.5729
vn -0.8361 0.1610 0.5244
vn -0.8656 0.1610 0.4741
vn -0.8921 0.1609 0.4222
vn -0.9155 0.1609 0.3688
vn -0.9356 0.1608 0.3142
vn -0.9525 0.1608 0.2586
vn -0.9661 0.1608 0.2020
vn -0.9763 0.1607 0.1448
vn -0.9832 0.1607 0.0871
vn 0.9636 0.2659 0.0284
vn 0.9602 0.2659 0.0850
vn 0.9536 0.2659 0.1414
vn 0.9436 0.2659 0.1973
vn 0.9303 0.2660 0.2525
vn 0.9138 0.2660 0.3069
vn 0.8941 0.2661 0.3602
vn 0.8713 0.2662 0.4123
vn 0.8454 0.2662 0.4630
vn 0.8166 0.2663 0.5121
vn 0.7849 0.2664 0.5595
vn 0.7504 0.2665 0.6049
vn 0.7133 0.2666 0.6482
vn 0.6736 0.2667 0.6893
vn 0.6315 0.2668 0.7280
vn 0.5872 0.2669 0.7642
vn 0.5408 0.2670 0.7977
vn 0.4925 0.2671 0.8284
vn 0.4423 0.2671 0.8561
vn 0.3906 0.2672 0.8809
vn 0.3375 0.2673 0.9026
vn 0.2831 0.2674 0.9211
vn 0.2831 0.2673 0.9211
vn 0.2277 0.2674 0.9363
vn 0.1715 0.2674 0.9482
vn 0.1147 0.2675 0.9567
vn 0.0575 0.2675 0.9618
vn -0.0000 0.2675 0.9636
vn -0.0575 0.2675 0.9618
vn -0.1147 0.2675 0.9567
vn -0.1715 0.2674 0.9482
vn -0.2277 0.2674 0.9363
vn -0.2831 0.2673 0.9211
vn -0.2831 0.2674 0.9211
vn -0.3375 0.2673 0.9026
vn -0.3906 0.2672 0.8809
vn -0.4423 0.2671 0.8561
vn -0.4925 0.2671 0.8284
vn -0.5408 0.2670 0.7977
vn -0.5872 0.2669 0.7642
vn -0.6315 0.2668 0.7280
vn -0.6736 0.2667 0.6893
vn -0.7133 0.2666 0.6482
vn -0.7504 0.2665 0.6049
vn -0.7849 0.2664 0.5595
vn -0.8166 0.2663 0.5121
vn -0.8454 0.2662 0.4630
vn -0.8713 0.2662 0.4123
vn -0.8941 0.2661 0.3602
vn -0.9138 0.2660 0.3069
vn -0.9303 0.2660 0.2525
vn -0.9436 0.2659 0.1973
vn -0.9536 0.2659 0.1414
vn -0.9603 0.2659 0.0850
vn 0.9294 0.3680 0.0274
vn 0.9262 0.3680 0.0820
vn 0.9197 0.3680 0.1364
vn 0.9198 0.3680 0.1364
vn 0.9101 0.3681 0.1903
vn 0.8973 0.3681 0.2436
vn 0.8814 0.3682 0.2960
vn 0.8624 0.3683 0.3474
vn 0.8623 0.3683 0.3474
vn 0.8403 0.3684 0.3977
vn 0.8154 0.3685 0.4466
vn 0.7875 0.3686 0.4939
vn 0.7569 0.3687 0.5396
vn 0.7237 0.3688 0.5833
vn 0.6878 0.3689 0.6251
vn 0.6496 0.3691 0.6647
vn 0.6090 0.3692 0.7020
vn 0.5662 0.3693 0.7369
vn 0.5215 0.3694 0.7691
vn 0.4748 0.3695 0.7987
vn 0.4265 0.3697 0.8255
vn 0.4265 0.3696 0.8255
vn 0.3766 0.3697 0.8494
vn 0.3254 0.3698 0.8703
vn 0.2730 0.3699 0.8881
vn 0.2196 0.3700 0.9027
vn 0.1654 0.3700 0.9142
vn 0.1106 0.3701 0.9224
vn 0.0554 0.3701 0.9273
vn -0.0000 0.3701 0.9290
vn -0.0554 0.3701 0.9273
vn -0.1106 0.3701 0.9224
vn -0.1654 0.3700 0.9142
vn -0.2196 0.3700 0.9027
vn -0.2730 0.3699 0.8881
vn -0.3254 0.3698 0.8703
vn -0.3766 0.3697 0.8494
vn -0.4265 0.3696 0.8255
vn -0.4265 0.3697 0.8255
vn -0.4748 0.3695 0.7987
vn -0.5215 0.3694 0.7691
vn -0.5662 0.3693 0.7369
vn -0.6090 0.3692 0.7020
vn -0.6496 0.3691 0.6647
vn -0.6878 0.3690 0.6251
vn -0.6878 0.3689 0.6251
vn -0.7237 0.3688 0.5833
vn -0.7569 0.3687 0.5396
vn -0.7875 0.3686 0.4939
vn -0.8154 0.3685 0.4466
vn -0.8403 0.3684 0.3977
vn -0.8624 0.3683 0.3474
vn -0.8814 0.3682 0.2960
vn -0.8973 0.3681 0.2436
vn -0.9101 0.3681 0.1903
vn -0.9198 0.3680 0.1364
vn -0.9197 0.3680 0.1364
vn -0.9262 0.3680 0.0820
vn 0.8844 0.4660 0.0260
vn 0.8813 0.4660 0.0781
vn 0.8752 0.4660 0.1298
vn 0.8660 0.4661 0.1811
vn 0.8538 0.4661 0.2318
vn 0.8386 0.4662 0.2817
vn 0.8205 0.4663 0.3306
vn 0.7996 0.4664 0.3784
vn 0.7758 0.4665 0.4249
vn 0.7493 0.4666 0.4699
vn 0.7201 0.4668 0.5133
vn 0.6885 0.4669 0.5550
vn 0.6544 0.4670 0.5947
vn 0.6179 0.4672 0.6324
vn 0.5793 0.4673 0.6678
vn 0.5386 0.4675 0.7010
vn 0.4960 0.4676 0.7316
vn 0.4517 0.4677 0.7597
vn 0.4517 0.4677 0.7598
vn 0.4057 0.4679 0.7852
vn 0.4057 0.4678 0.7852
vn 0.3582 0.4680 0.8079
vn 0.3095 0.4681 0.8277
vn 0.2596 0.4681 0.8446
vn 0.2596 0.4682 0.8446
vn 0.2088 0.4682 0.8586
vn 0.1573 0.4683 0.8695
vn 0.1052 0.4683 0.8773
vn 0.0527 0.4683 0.8820
vn -0.0000 0.4684 0.8835
vn -0.0000 0.4683 0.8835
vn -0.0527 0.4683 0.8820
vn -0.1052 0.4683 0.8773
vn -0.1573 0.4683 0.8695
vn -0.2088 0.4682 0.8586
vn -0.2596 0.4682 0.8446
vn -0.2596 0.4681 0.8446
vn -0.2596 0.4681 0.8447
vn -0.3095 0.4681 0.8277
vn -0.3582 0.4680 0.8079
vn -0.4057 0.4679 0.7852
vn -0.4057 0.4678 0.7852
vn -0.4517 0.4677 0.7598
vn -0.4960 0.4676 0.7316
vn -0.5386 0.4675 0.7010
vn -0.5793 0.4673 0.6678
vn -0.6179 0.4672 0.6324
vn -0.6544 0.4670 0.5947
vn -0.6885 0.4669 0.5550
vn -0.7201 0.4668 0.5133
vn -0.7493 0.4666 0.4699
vn -0.7758 0.4665 0.4249
vn -0.7996 0.4664 0.3784
vn -0.8205 0.4663 0.3306
vn -0.8386 0.4662 0.2817
vn -0.8538 0.4661 0.2318
vn -0.8660 0.4661 0.1811
vn -0.8752 0.4660 0.1298
vn -0.8813 0.4660 0.0781
vn -0.8814 0.4660 0.0781
vn 0.8291 0.5586 0.0244
vn 0.8262 0.5586 0.0732
vn 0.8204 0.5587 0.1217
vn 0.8118 0.5587 0.1698
vn 0.8004 0.5588 0.2173
vn 0.7861 0.5589 0.2640
vn 0.7691 0.5590 0.3099
vn 0.7494 0.5591 0.3547
vn 0.7271 0.5592 0.3982
vn 0.7023 0.5593 0.4404
vn 0.6749 0.5595 0.4811
vn 0.6452 0.5596 0.5201
vn 0.6132 0.5598 0.5573
vn 0.5791 0.5599 0.5926
vn 0.5429 0.5600 0.6258
vn 0.5047 0.5602 0.6568
vn 0.4648 0.5603 0.6856
vn 0.4232 0.5605 0.7119
vn 0.3801 0.5606 0.7357
vn 0.3356 0.5607 0.7569
vn 0.2900 0.5608 0.7755
vn 0.2432 0.5609 0.7913
vn 0.1957 0.5610 0.8044
vn 0.1956 0.5610 0.8044
vn 0.1474 0.5611 0.8146
vn 0.1474 0.5610 0.8146
vn 0.0985 0.5611 0.8219
vn 0.0494 0.5611 0.8263
vn -0.0000 0.5611 0.8277
vn -0.0494 0.5611 0.8263
vn -0.0985 0.5611 0.8219
vn -0.1474 0.5610 0.8146
vn -0.1474 0.5611 0.8146
vn -0.1957 0.5610 0.8044
vn -0.2432 0.5609 0.7913
vn -0.2900 0.5608 0.7755
vn -0.3356 0.5607 0.7569
vn -0.3801 0.5606 0.7357
vn -0.4232 0.5605 0.7119
vn -0.4648 0.5603 0.6856
vn -0.5047 0.5602 0.6568
vn -0.5429 0.5600 0.6258
vn -0.5429 0.5601 0.6258
vn -0.5791 0.5599 0.5926
vn -0.6132 0.5597 0.5573
vn -0.6132 0.5598 0.5573
vn -0.6452 0.5596 0.5201
vn -0.6749 0.5595 0.4811
vn -0.7023 0.5593 0.4404
vn -0.7271 0.5592 0.3982
vn -0.7494 0.5591 0.3547
vn -0.7691 0.5590 0.3099
vn -0.7861 0.5589 0.2640
vn -0.8004 0.5588 0.2173
vn -0.8118 0.5587 0.1698
vn -0.8204 0.5587 0.1217
vn -0.8262 0.5586 0.0732
vn 0.7640 0.6449 0.0225
vn 0.7613 0.6449 0.0674
vn 0.7560 0.6449 0.1121
vn 0.7480 0.6450 0.1564
vn 0.7375 0.6450 0.2002
vn 0.7243 0.6451 0.2433
vn 0.7087 0.6452 0.2855
vn 0.6905 0.6453 0.3268
vn 0.6699 0.6454 0.3669
vn 0.6470 0.6456 0.4058
vn 0.6218 0.6457 0.4432
vn 0.5944 0.6458 0.4791
vn 0.5944 0.6458 0.4792
vn 0.5649 0.6460 0.5134
vn 0.5334 0.6461 0.5459
vn 0.5000 0.6463 0.5764
vn 0.4649 0.6464 0.6050
vn 0.4281 0.6466 0.6314
vn 0.3898 0.6467 0.6556
vn 0.3501 0.6468 0.6776
vn 0.3091 0.6469 0.6971
vn 0.2670 0.6470 0.7142
vn 0.2240 0.6471 0.7287
vn 0.1802 0.6472 0.7407
vn 0.1357 0.6473 0.7501
vn 0.0907 0.6473 0.7568
vn 0.0455 0.6473 0.7609
vn -0.0000 0.6473 0.7622
vn -0.0455 0.6473 0.7609
vn -0.0907 0.6473 0.7568
vn -0.1357 0.6473 0.7501
vn -0.1802 0.6472 0.7407
vn -0.2240 0.6471 0.7287
vn -0.2670 0.6470 0.7142
vn -0.3091 0.6469 0.6971
vn -0.3501 0.6468 0.6776
vn -0.3898 0.6467 0.6556
vn -0.4281 0.6466 0.6314
vn -0.4649 0.6464 0.6050
vn -0.5001 0.6463 0.5764
vn -0.5334 0.6461 0.5459
vn -0.5649 0.6460 0.5134
vn -0.5944 0.6458 0.4792
vn -0.5944 0.6458 0.4791
vn -0.6218 0.6457 0.4432
vn -0.6470 0.6456 0.4058
vn -0.6699 0.6454 0.3669
vn -0.6905 0.6453 0.3268
vn -0.7087 0.6452 0.2855
vn -0.7243 0.6451 0.2433
vn -0.7375 0.6450 0.2002
vn -0.7480 0.6450 0.1564
vn -0.7560 0.6449 0.1121
vn -0.7613 0.6449 0.0674
vn 0.6898 0.7237 0.0203
vn 0.6874 0.7237 0.0609
vn 0.6826 0.7237 0.1012
vn 0.6754 0.7238 0.1412
vn 0.6659 0.7238 0.1808
vn 0.6540 0.7239 0.2197
vn 0.6398 0.7240 0.2578
vn 0.6234 0.7241 0.2950
vn 0.6048 0.7242 0.3313
vn 0.6048 0.7242 0.3312
vn 0.5841 0.7243 0.3663
vn 0.5613 0.7245 0.4001
vn 0.5613 0.7244 0.4001
vn 0.5366 0.7246 0.4325
vn 0.5099 0.7247 0.4634
vn 0.4815 0.7248 0.4927
vn 0.4513 0.7250 0.5203
vn 0.4196 0.7251 0.5460
vn 0.3864 0.7252 0.5699
vn 0.3518 0.7254 0.5917
vn 0.3159 0.7255 0.6115
vn 0.2789 0.7256 0.6291
vn 0.2410 0.7257 0.6445
vn 0.2021 0.7257 0.6576
vn 0.1626 0.7258 0.6684
vn 0.1224 0.7259 0.6768
vn 0.0819 0.7259 0.6829
vn 0.0410 0.7259 0.6865
vn -0.0000 0.7259 0.6878
vn -0.0410 0.7259 0.6865
vn -0.0819 0.7259 0.6829
vn -0.1224 0.7259 0.6768
vn -0.1626 0.7258 0.6684
vn -0.2021 0.7258 0.6576
vn -0.2021 0.7257 0.6576
vn -0.2410 0.7257 0.6445
vn -0.2789 0.7256 0.6291
vn -0.3159 0.7255 0.6115
vn -0.3518 0.7254 0.5917
vn -0.3864 0.7252 0.5699
vn -0.4196 0.7251 0.5460
vn -0.4513 0.7250 0.5203
vn -0.4815 0.7248 0.4927
vn -0.5099 0.7247 0.4634
vn -0.5366 0.7246 0.4325
vn -0.5613 0.7245 0.4001
vn -0.5613 0.7244 0.4001
vn -0.5841 0.7243 0.3663
vn -0.6048 0.7242 0.3313
vn -0.6048 0.7242 0.3312
vn -0.6234 0.7241 0.2950
vn -0.6398 0.7240 0.2578
vn -0.6540 0.7239 0.2196
vn -0.6540 0.7239 0.2197
vn -0.6659 0.7238 0.1808
vn -0.6754 0.7238 0.1412
vn -0.6826 0.7237 0.1012
vn -0.6874 0.7237 0.0609
vn 0.6075 0.7941 0.0179
vn 0.6054 0.7941 0.0536
vn 0.6011 0.7942 0.0892
vn 0.6011 0.7942 0.0891
vn 0.5948 0.7942 0.1244
vn 0.5864 0.7943 0.1592
vn 0.5759 0.7943 0.1934
vn 0.5634 0.7944 0.2270
vn 0.5489 0.7945 0.2598
vn 0.5325 0.7946 0.2917
vn 0.5143 0.7947 0.3225
vn 0.4942 0.7948 0.3523
vn 0.4724 0.7949 0.3808
vn 0.4489 0.7950 0.4080
vn 0.4239 0.7951 0.4337
vn 0.3973 0.7952 0.4580
vn 0.3693 0.7953 0.4806
vn 0.3401 0.7954 0.5016
vn 0.3401 0.7955 0.5016
vn 0.3096 0.7956 0.5208
vn 0.2781 0.7956 0.5382
vn 0.2780 0.7956 0.5382
vn 0.2455 0.7957 0.5537
vn 0.2121 0.7958 0.5672
vn 0.1779 0.7959 0.5787
vn 0.1431 0.7959 0.5882
vn 0.1078 0.7960 0.5956
vn 0.0720 0.7960 0.6010
vn 0.0721 0.7960 0.6010
vn 0.0361 0.7960 0.6042
vn -0.0000 0.7960 0.6052
vn -0.0361 0.7960 0.6042
vn -0.0721 0.7960 0.6010
vn -0.1078 0.7960 0.5956
vn -0.1431 0.7959 0.5882
vn -0.1779 0.7959 0.5787
vn -0.2121 0.7958 0.5672
vn -0.2455 0.7957 0.5537
vn -0.2780 0.7956 0.5382
vn -0.3096 0.7956 0.5208
vn -0.3401 0.7955 0.5016
vn -0.3401 0.7954 0.5016
vn -0.3693 0.7953 0.4806
vn -0.3973 0.7952 0.4580
vn -0.4239 0.7951 0.4338
vn -0.4239 0.7951 0.4337
vn -0.4489 0.7950 0.4080
vn -0.4724 0.7949 0.3808
vn -0.4942 0.7948 0.3523
vn -0.5143 0.7947 0.3225
vn -0.5325 0.7946 0.2917
vn -0.5489 0.7945 0.2598
vn -0.5634 0.7944 0.2270
vn -0.5759 0.7943 0.1934
vn -0.5864 0.7943 0.1592
vn -0.5948 0.7942 0.1244
vn -0.6011 0.7942 0.0892
vn -0.6011 0.7942 0.0891
vn -0.6054 0.7941 0.0536
vn 0.5179 0.8553 0.0153
vn 0.5161 0.8553 0.0457
vn 0.5124 0.8553 0.0760
vn 0.5124 0.8554 0.0760
vn 0.5070 0.8554 0.1060
vn 0.4998 0.8554 0.1357
vn 0.4909 0.8555 0.1649
vn 0.4802 0.8555 0.1935
vn 0.4679 0.8556 0.2214
vn 0.4539 0.8557 0.2486
vn 0.4383 0.8557 0.2749
vn 0.4212 0.8558 0.3002
vn 0.4026 0.8559 0.3245
vn 0.3826 0.8560 0.3477
vn 0.3612 0.8561 0.3696
vn 0.3386 0.8562 0.3903
vn 0.3147 0.8563 0.4096
vn 0.2898 0.8564 0.4274
vn 0.2638 0.8564 0.4438
vn 0.2369 0.8565 0.4585
vn 0.2369 0.8565 0.4586
vn 0.2092 0.8566 0.4717
vn 0.1807 0.8566 0.4832
vn 0.1516 0.8567 0.4931
vn 0.1219 0.8567 0.5011
vn 0.0918 0.8568 0.5075
vn 0.0918 0.8568 0.5074
vn 0.0614 0.8568 0.5120
vn 0.0307 0.8568 0.5147
vn -0.0000 0.8568 0.5156
vn -0.0307 0.8568 0.5147
vn -0.0614 0.8568 0.5120
vn -0.0918 0.8568 0.5074
vn -0.1219 0.8567 0.5011
vn -0.1516 0.8567 0.4931
vn -0.1807 0.8566 0.4832
vn -0.2092 0.8566 0.4717
vn -0.2369 0.8565 0.4585
vn -0.2638 0.8564 0.4438
vn -0.2898 0.8564 0.4274
vn -0.3147 0.8563 0.4096
vn -0.3386 0.8562 0.3903
vn -0.3612 0.8561 0.3696
vn -0.3826 0.8560 0.3477
vn -0.4026 0.8559 0.3245
vn -0.4212 0.8558 0.3002
vn -0.4383 0.8557 0.2749
vn -0.4383 0.8558 0.2749
vn -0.4539 0.8557 0.2486
vn -0.4679 0.8556 0.2214
vn -0.4802 0.8555 0.1935
vn -0.4909 0.8555 0.1649
vn -0.4998 0.8554 0.1357
vn -0.5070 0.8554 0.1060
vn -0.5124 0.8554 0.0760
vn -0.5161 0.8553 0.0457
vn 0.4220 0.9065 0.0124
vn 0.4206 0.9065 0.0372
vn 0.4176 0.9065 0.0619
vn 0.4132 0.9065 0.0864
vn 0.4073 0.9066 0.1106
vn 0.4000 0.9066 0.1344
vn 0.3913 0.9066 0.1577
vn 0.3813 0.9067 0.1804
vn 0.3699 0.9067 0.2026
vn 0.3571 0.9068 0.2240
vn 0.3432 0.9069 0.2446
vn 0.3280 0.9069 0.2644
vn 0.3117 0.9070 0.2833
vn 0.2943 0.9070 0.3011
vn 0.2758 0.9071 0.3180
vn 0.2564 0.9072 0.3336
vn 0.2564 0.9072 0.3337
vn 0.2361 0.9072 0.3482
vn 0.2149 0.9073 0.3615
vn 0.1930 0.9073 0.3735
vn 0.1704 0.9074 0.3842
vn 0.1472 0.9074 0.3936
vn 0.1234 0.9075 0.4016
vn 0.0993 0.9075 0.4082
vn 0.0748 0.9075 0.4133
vn 0.0500 0.9075 0.4170
vn 0.0250 0.9076 0.4192
vn 0.0250 0.9075 0.4192
vn -0.0000 0.9076 0.4199
vn -0.0250 0.9075 0.4192
vn -0.0500 0.9075 0.4170
vn -0.0748 0.9075 0.4133
vn -0.0993 0.9075 0.4082
vn -0.1234 0.9075 0.4016
vn -0.1472 0.9074 0.3936
vn -0.1704 0.9074 0.3842
vn -0.1930 0.9073 0.3735
vn -0.2149 0.9073 0.3615
vn -0.2361 0.9072 0.3482
vn -0.2564 0.9072 0.3337
vn -0.2758 0.9071 0.3180
vn -0.2943 0.9070 0.3011
vn -0.3117 0.9070 0.2833
vn -0.3280 0.9069 0.2644
vn -0.3432 0.9069 0.2446
vn -0.3571 0.9068 0.2240
vn -0.3699 0.9067 0.2026
vn -0.3813 0.9067 0.1804
vn -0.3913 0.9066 0.1577
vn -0.4000 0.9066 0.1344
vn -0.4073 0.9066 0.1106
vn -0.4132 0.9065 0.0864
vn -0.4176 0.9065 0.0619
vn -0.4206 0.9065 0.0372
vn 0.3211 0.9470 0.0095
vn 0.3200 0.9470 0.0283
vn 0.3177 0.9470 0.0471
vn 0.3144 0.9470 0.0657
vn 0.3099 0.9470 0.0841
vn 0.3043 0.9471 0.1022
vn 0.2977 0.9471 0.1199
vn 0.2900 0.9471 0.1373
vn 0.2814 0.9471 0.1541
vn 0.2717 0.9472 0.1704
vn 0.2611 0.9472 0.1861
vn 0.2495 0.9473 0.2011
vn 0.2371 0.9473 0.2155
vn 0.2238 0.9473 0.2291
vn 0.2098 0.9474 0.2418
vn 0.1950 0.9474 0.2538
vn 0.1795 0.9474 0.2648
vn 0.1634 0.9475 0.2749
vn 0.1468 0.9475 0.2841
vn 0.1296 0.9475 0.2922
vn 0.1119 0.9476 0.2993
vn 0.0939 0.9476 0.3054
vn 0.0755 0.9476 0.3104
vn 0.0569 0.9476 0.3143
vn 0.0380 0.9476 0.3171
vn 0.0190 0.9476 0.3188
vn -0.0000 0.9476 0.3193
vn -0.0190 0.9476 0.3188
vn -0.0380 0.9476 0.3171
vn -0.0569 0.9476 0.3143
vn -0.0755 0.9476 0.3104
vn -0.0939 0.9476 0.3054
vn -0.1119 0.9476 0.2993
vn -0.1296 0.9475 0.2922
vn -0.1468 0.9475 0.2841
vn -0.1634 0.9475 0.2749
vn -0.1795 0.9474 0.2648
vn -0.1950 0.9474 0.2538
vn -0.2098 0.9474 0.2418
vn -0.2238 0.9473 0.2291
vn -0.2371 0.9473 0.2155
vn -0.2495 0.9473 0.2011
vn -0.2611 0.9472 0.1861
vn -0.2717 0.9472 0.1704
vn -0.2814 0.9471 0.1541
vn -0.2900 0.9471 0.1373
vn -0.2977 0.9471 0.1199
vn -0.2977 0.9471 0.1200
vn -0.3043 0.9471 0.1022
vn -0.3099 0.9470 0.0841
vn -0.3144 0.9470 0.0657
vn -0.3177 0.9470 0.0471
vn -0.3200 0.9470 0.0283
vn 0.2163 0.9763 0.0064
vn 0.2155 0.9763 0.0191
vn 0.2140 0.9763 0.0317
vn 0.2117 0.9763 0.0443
vn 0.2087 0.9763 0.0566
vn 0.2087 0.9763 0.0567
vn 0.2050 0.9763 0.0688
vn 0.2050 0.9763 0.0689
vn 0.2005 0.9764 0.0808
vn 0.1953 0.9764 0.0924
vn 0.1953 0.9764 0.0925
vn 0.1895 0.9764 0.1038
vn 0.1830 0.9764 0.1147
vn 0.1830 0.9764 0.1148
vn 0.1758 0.9764 0.1253
vn 0.1680 0.9764 0.1354
vn 0.1680 0.9764 0.1355
vn 0.1597 0.9764 0.1451
vn 0.1596 0.9765 0.1451
vn 0.1507 0.9765 0.1542
vn 0.1507 0.9765 0.1543
vn 0.1413 0.9765 0.1628
vn 0.1413 0.9765 0.1629
vn 0.1313 0.9765 0.1709
vn 0.1209 0.9765 0.1783
vn 0.1101 0.9765 0.1851
vn 0.1100 0.9765 0.1851
vn 0.0988 0.9765 0.1913
vn 0.0873 0.9766 0.1967
vn 0.0872 0.9766 0.1968
vn 0.0754 0.9766 0.2015
vn 0.0753 0.9766 0.2015
vn 0.0632 0.9766 0.2056
vn 0.0508 0.9766 0.2090
vn 0.0383 0.9766 0.2116
vn 0.0256 0.9766 0.2135
vn 0.0128 0.9766 0.2146
vn -0.0000 0.9766 0.2150
vn -0.0128 0.9766 0.2146
vn -0.0256 0.9766 0.2135
vn -0.0383 0.9766 0.2116
vn -0.0508 0.9766 0.2090
vn -0.0632 0.9766 0.2056
vn -0.0754 0.9766 0.2015
vn -0.0872 0.9766 0.1968
vn -0.0873 0.9766 0.1967
vn -0.0988 0.9765 0.1913
vn -0.1100 0.9765 0.1851
vn -0.1101 0.9765 0.1851
vn -0.1209 0.9765 0.1783
vn -0.1313 0.9765 0.1709
vn -0.1413 0.9765 0.1629
vn -0.1413 0.9765 0.1628
vn -0.1507 0.9765 0.1543
vn -0.1507 0.9765 0.1542
vn -0.1596 0.9765 0.1451
vn -0.1597 0.9764 0.1451
vn -0.1680 0.9764 0.1355
vn -0.1680 0.9764 0.1354
vn -0.1758 0.9764 0.1253
vn -0.1830 0.9764 0.1148
vn -0.1830 0.9764 0.1147
vn -0.1895 0.9764 0.1037
vn -0.1895 0.9764 0.1038
vn -0.1953 0.9764 0.0925
vn -0.1953 0.9764 0.0924
vn -0.2005 0.9764 0.0808
vn -0.2050 0.9763 0.0689
vn -0.2050 0.9763 0.0688
vn -0.2087 0.9763 0.0567
vn -0.2087 0.9763 0.0566
vn -0.2117 0.9763 0.0443
vn -0.2140 0.9763 0.0318
vn -0.2140 0.9763 0.0317
vn 0.1088 0.9941 0.0032
vn 0.1084 0.9941 0.0096
vn 0.1076 0.9941 0.0160
vn 0.1065 0.9941 0.0222
vn 0.1065 0.9941 0.0224
vn 0.1050 0.9941 0.0285
vn 0.1031 0.9941 0.0346
vn 0.1009 0.9941 0.0406
vn 0.1008 0.9941 0.0407
vn 0.0983 0.9941 0.0465
vn 0.0982 0.9941 0.0465
vn 0.0953 0.9941 0.0522
vn 0.0920 0.9941 0.0576
vn 0.0920 0.9941 0.0578
vn 0.0884 0.9941 0.0630
vn 0.0845 0.9941 0.0681
vn 0.0803 0.9941 0.0730
vn 0.0758 0.9941 0.0776
vn 0.0711 0.9941 0.0819
vn 0.0710 0.9941 0.0819
vn 0.0661 0.9941 0.0859
vn 0.0660 0.9941 0.0859
vn 0.0608 0.9941 0.0897
vn 0.0607 0.9941 0.0897
vn 0.0555 0.9941 0.0931
vn 0.0553 0.9941 0.0931
vn 0.0497 0.9941 0.0962
vn 0.0439 0.9941 0.0990
vn 0.0379 0.9941 0.1014
vn 0.0318 0.9941 0.1034
vn 0.0317 0.9941 0.1034
vn 0.0256 0.9941 0.1051
vn 0.0195 0.9941 0.1064
vn 0.0192 0.9941 0.1064
vn 0.0129 0.9941 0.1074
vn 0.0065 0.9941 0.1079
vn -0.0000 0.9941 0.1081
vn -0.0065 0.9941 0.1079
vn -0.0128 0.9941 0.1074
vn -0.0129 0.9941 0.1074
vn -0.0192 0.9941 0.1064
vn -0.0193 0.9941 0.1064
vn -0.0256 0.9941 0.1051
vn -0.0318 0.9941 0.1034
vn -0.0379 0.9941 0.1014
vn -0.0379 0.9941 0.1013
vn -0.0438 0.9941 0.0990
vn -0.0439 0.9941 0.0990
vn -0.0497 0.9941 0.0962
vn -0.0554 0.9941 0.0931
vn -0.0608 0.9941 0.0897
vn -0.0660 0.9941 0.0860
vn -0.0662 0.9941 0.0859
vn -0.0710 0.9941 0.0819
vn -0.0711 0.9941 0.0819
vn -0.0758 0.9941 0.0776
vn -0.0803 0.9941 0.0730
vn -0.0845 0.9941 0.0682
vn -0.0845 0.9941 0.0681
vn -0.0884 0.9941 0.0631
vn -0.0884 0.9941 0.0630
vn -0.0920 0.9941 0.0578
vn -0.0920 0.9941 0.0577
vn -0.0953 0.9941 0.0522
vn -0.0982 0.9941 0.0465
vn -0.0983 0.9941 0.0465
vn -0.1009 0.9941 0.0406
vn -0.1031 0.9941 0.0347
vn -0.1031 0.9941 0.0346
vn -0.1050 0.9941 0.0285
vn -0.1065 0.9941 0.0223
vn -0.1076 0.9941 0.0160
vn -0.1084 0.9941 0.0094
vn -0.1088 0.9941 -0.0032
vn -0.1084 0.9941 -0.0096
vn -0.1077 0.9941 -0.0159
vn -0.1076 0.9941 -0.0160
vn -0.1065 0.9941 -0.0222
vn -0.1065 0.9941 -0.0224
vn -0.1050 0.9941 -0.0285
vn -0.1031 0.9941 -0.0346
vn -0.1009 0.9941 -0.0406
vn -0.0983 0.9941 -0.0465
vn -0.0953 0.9941 -0.0522
vn -0.0921 0.9941 -0.0577
vn -0.0920 0.9941 -0.0578
vn -0.0885 0.9941 -0.0630
vn -0.0884 0.9941 -0.0630
vn -0.0845 0.9941 -0.0681
vn -0.0845 0.9941 -0.0682
vn -0.0803 0.9941 -0.0730
vn -0.0758 0.9941 -0.0776
vn -0.0711 0.9941 -0.0818
vn -0.0711 0.9941 -0.0819
vn -0.0660 0.9941 -0.0860
vn -0.0661 0.9941 -0.0859
vn -0.0608 0.9941 -0.0897
vn -0.0555 0.9941 -0.0931
vn -0.0553 0.9941 -0.0931
vn -0.0498 0.9941 -0.0962
vn -0.0497 0.9941 -0.0962
vn -0.0439 0.9941 -0.0990
vn -0.0379 0.9941 -0.1014
vn -0.0318 0.9941 -0.1034
vn -0.0256 0.9941 -0.1051
vn -0.0255 0.9941 -0.1051
vn -0.0193 0.9941 -0.1064
vn -0.0192 0.9941 -0.1064
vn -0.0129 0.9941 -0.1074
vn -0.0128 0.9941 -0.1074
vn -0.0065 0.9941 -0.1079
vn -0.0000 0.9941 -0.1081
vn 0.0064 0.9941 -0.1079
vn 0.0065 0.9941 -0.1079
vn 0.0128 0.9941 -0.1074
vn 0.0129 0.9941 -0.1074
vn 0.0192 0.9941 -0.1064
vn 0.0255 0.9941 -0.1051
vn 0.0256 0.9941 -0.1051
vn 0.0318 0.9941 -0.1034
vn 0.0379 0.9941 -0.1014
vn 0.0380 0.9941 -0.1014
vn 0.0439 0.9941 -0.0990
vn 0.0497 0.9941 -0.0962
vn 0.0554 0.9941 -0.0931
vn 0.0553 0.9941 -0.0930
vn 0.0608 0.9941 -0.0897
vn 0.0659 0.9941 -0.0860
vn 0.0661 0.9941 -0.0859
vn 0.0711 0.9941 -0.0819
vn 0.0710 0.9941 -0.0819
vn 0.0758 0.9941 -0.0776
vn 0.0803 0.9941 -0.0730
vn 0.0845 0.9941 -0.0682
vn 0.0845 0.9941 -0.0681
vn 0.0884 0.9941 -0.0630
vn 0.0885 0.9941 -0.0630
vn 0.0920 0.9941 -0.0578
vn 0.0920 0.9941 -0.0577
vn 0.0953 0.9941 -0.0522
vn 0.0983 0.9941 -0.0465
vn 0.1009 0.9941 -0.0406
vn 0.1031 0.9941 -0.0347
vn 0.1031 0.9941 -0.0346
vn 0.1050 0.9941 -0.0285
vn 0.1065 0.9941 -0.0223
vn 0.1076 0.9941 -0.0160
vn -0.2163 0.9763 -0.0064
vn -0.2155 0.9763 -0.0191
vn -0.2140 0.9763 -0.0317
vn -0.2117 0.9763 -0.0442
vn -0.2117 0.9763 -0.0443
vn -0.2087 0.9763 -0.0566
vn -0.2087 0.9763 -0.0567
vn -0.2050 0.9763 -0.0688
vn -0.2050 0.9763 -0.0689
vn -0.2005 0.9764 -0.0808
vn -0.1953 0.9764 -0.0925
vn -0.1895 0.9764 -0.1038
vn -0.1830 0.9764 -0.1147
vn -0.1829 0.9764 -0.1148
vn -0.1758 0.9764 -0.1253
vn -0.1680 0.9764 -0.1354
vn -0.1680 0.9764 -0.1355
vn -0.1597 0.9764 -0.1451
vn -0.1507 0.9765 -0.1542
vn -0.1413 0.9765 -0.1628
vn -0.1412 0.9765 -0.1629
vn -0.1313 0.9765 -0.1709
vn -0.1209 0.9765 -0.1783
vn -0.1100 0.9765 -0.1851
vn -0.1101 0.9765 -0.1851
vn -0.0988 0.9765 -0.1913
vn -0.0873 0.9766 -0.1967
vn -0.0872 0.9766 -0.1968
vn -0.0754 0.9766 -0.2015
vn -0.0753 0.9766 -0.2015
vn -0.0632 0.9766 -0.2056
vn -0.0509 0.9766 -0.2090
vn -0.0383 0.9766 -0.2116
vn -0.0256 0.9766 -0.2135
vn -0.0128 0.9766 -0.2146
vn -0.0000 0.9766 -0.2150
vn 0.0128 0.9766 -0.2146
vn 0.0256 0.9766 -0.2135
vn 0.0383 0.9766 -0.2116
vn 0.0508 0.9766 -0.2090
vn 0.0509 0.9766 -0.2090
vn 0.0632 0.9766 -0.2056
vn 0.0753 0.9766 -0.2015
vn 0.0754 0.9766 -0.2015
vn 0.0872 0.9766 -0.1968
vn 0.0873 0.9766 -0.1967
vn 0.0988 0.9765 -0.1913
vn 0.1100 0.9765 -0.1851
vn 0.1209 0.9765 -0.1783
vn 0.1313 0.9765 -0.1709
vn 0.1412 0.9765 -0.1629
vn 0.1507 0.9765 -0.1543
vn 0.1506 0.9765 -0.1541
vn 0.1597 0.9764 -0.1451
vn 0.1595 0.9765 -0.1450
vn 0.1680 0.9764 -0.1355
vn 0.1680 0.9764 -0.1354
vn 0.1758 0.9764 -0.1253
vn 0.1829 0.9764 -0.1148
vn 0.1830 0.9764 -0.1148
vn 0.1895 0.9764 -0.1038
vn 0.1953 0.9764 -0.0925
vn 0.1953 0.9764 -0.0924
vn 0.2005 0.9764 -0.0808
vn 0.2050 0.9763 -0.0689
vn 0.2087 0.9763 -0.0567
vn 0.2087 0.9763 -0.0566
vn 0.2117 0.9763 -0.0443
vn 0.2117 0.9763 -0.0442
vn 0.2140 0.9763 -0.0318
vn -0.3211 0.9470 -0.0095
vn -0.3200 0.9470 -0.0283
vn -0.3177 0.9470 -0.0471
vn -0.3144 0.9470 -0.0657
vn -0.3099 0.9470 -0.0841
vn -0.3043 0.9471 -0.1022
vn -0.2977 0.9471 -0.1200
vn -0.2977 0.9471 -0.1199
vn -0.2900 0.9471 -0.1373
vn -0.2814 0.9471 -0.1541
vn -0.2717 0.9472 -0.1704
vn -0.2611 0.9472 -0.1861
vn -0.2495 0.9473 -0.2011
vn -0.2371 0.9473 -0.2155
vn -0.2238 0.9473 -0.2291
vn -0.2098 0.9474 -0.2418
vn -0.1950 0.9474 -0.2538
vn -0.1795 0.9474 -0.2648
vn -0.1634 0.9475 -0.2749
vn -0.1468 0.9475 -0.2841
vn -0.1296 0.9475 -0.2922
vn -0.1119 0.9476 -0.2993
vn -0.0939 0.9476 -0.3054
vn -0.0755 0.9476 -0.3104
vn -0.0569 0.9476 -0.3143
vn -0.0380 0.9476 -0.3171
vn -0.0190 0.9476 -0.3188
vn -0.0000 0.9476 -0.3193
vn 0.0190 0.9476 -0.3188
vn 0.0380 0.9476 -0.3171
vn 0.0569 0.9476 -0.3143
vn 0.0755 0.9476 -0.3104
vn 0.0939 0.9476 -0.3054
vn 0.1119 0.9476 -0.2993
vn 0.1296 0.9475 -0.2922
vn 0.1468 0.9475 -0.2841
vn 0.1634 0.9475 -0.2749
vn 0.1795 0.9474 -0.2648
vn 0.1950 0.9474 -0.2538
vn 0.2098 0.9474 -0.2418
vn 0.2238 0.9473 -0.2291
vn 0.2371 0.9473 -0.2155
vn 0.2495 0.9473 -0.2011
vn 0.2611 0.9472 -0.1861
vn 0.2717 0.9472 -0.1704
vn 0.2814 0.9471 -0.1541
vn 0.2900 0.9471 -0.1373
vn 0.2977 0.9471 -0.1200
vn 0.2977 0.9471 -0.1199
vn 0.3043 0.9471 -0.1022
vn 0.3099 0.9470 -0.0841
vn 0.3144 0.9470 -0.0657
vn 0.3177 0.9470 -0.0471
vn 0.3200 0.9470 -0.0283
vn -0.4220 0.9065 -0.0124
vn -0.4206 0.9065 -0.0372
vn -0.4176 0.9065 -0.0619
vn -0.4132 0.9065 -0.0864
vn -0.4073 0.9066 -0.1106
vn -0.4000 0.9066 -0.1344
vn -0.3913 0.9066 -0.1577
vn -0.3813 0.9067 -0.1804
vn -0.3699 0.9067 -0.2026
vn -0.3571 0.9068 -0.2240
vn -0.3432 0.9069 -0.2446
vn -0.3280 0.9069 -0.2644
vn -0.3117 0.9070 -0.2833
vn -0.2943 0.9070 -0.3011
vn -0.2758 0.9071 -0.3180
vn -0.2564 0.9072 -0.3336
vn -0.2361 0.9072 -0.3482
vn -0.2149 0.9073 -0.3615
vn -0.1930 0.9073 -0.3735
vn -0.1704 0.9074 -0.3842
vn -0.1472 0.9074 -0.3936
vn -0.1234 0.9075 -0.4016
vn -0.0993 0.9075 -0.4082
vn -0.0748 0.9075 -0.4133
vn -0.0500 0.9075 -0.4170
vn -0.0250 0.9076 -0.4192
vn -0.0250 0.9075 -0.4192
vn -0.0000 0.9076 -0.4199
vn 0.0250 0.9075 -0.4192
vn 0.0500 0.9075 -0.4170
vn 0.0748 0.9075 -0.4133
vn 0.0993 0.9075 -0.4082
vn 0.1234 0.9075 -0.4016
vn 0.1472 0.9074 -0.3936
vn 0.1704 0.9074 -0.3842
vn 0.1930 0.9073 -0.3735
vn 0.2149 0.9073 -0.3615
vn 0.2361 0.9072 -0.3482
vn 0.2564 0.9072 -0.3337
vn 0.2564 0.9072 -0.3336
vn 0.2758 0.9071 -0.3180
vn 0.2943 0.9070 -0.3011
vn 0.3117 0.9070 -0.2833
vn 0.3280 0.9069 -0.2644
vn 0.3432 0.9069 -0.2446
vn 0.3571 0.9068 -0.2240
vn 0.3699 0.9067 -0.2026
vn 0.3813 0.9067 -0.1804
vn 0.3913 0.9066 -0.1577
vn 0.4000 0.9066 -0.1344
vn 0.4073 0.9066 -0.1106
vn 0.4132 0.9065 -0.0864
vn 0.4176 0.9065 -0.0619
vn 0.4206 0.9065 -0.0372
vn -0.5179 0.8553 -0.0153
vn -0.5161 0.8553 -0.0457
vn -0.5124 0.8554 -0.0760
vn -0.5070 0.8554 -0.1060
vn -0.4998 0.8554 -0.1357
vn -0.4909 0.8555 -0.1649
vn -0.4802 0.8555 -0.1935
vn -0.4679 0.8556 -0.2214
vn -0.4539 0.8557 -0.2486
vn -0.4383 0.8557 -0.2749
vn -0.4212 0.8558 -0.3002
vn -0.4026 0.8559 -0.3245
vn -0.3826 0.8560 -0.3477
vn -0.3612 0.8561 -0.3696
vn -0.3386 0.8562 -0.3903
vn -0.3147 0.8563 -0.4096
vn -0.2898 0.8564 -0.4274
vn -0.2638 0.8564 -0.4438
vn -0.2369 0.8565 -0.4585
vn -0.2092 0.8566 -0.4717
vn -0.1807 0.8566 -0.4832
vn -0.1516 0.8567 -0.4931
vn -0.1219 0.8567 -0.5011
vn -0.0918 0.8568 -0.5075
vn -0.0614 0.8568 -0.5120
vn -0.0308 0.8568 -0.5147
vn -0.0307 0.8568 -0.5147
vn -0.0000 0.8568 -0.5156
vn 0.0307 0.8568 -0.5147
vn 0.0614 0.8568 -0.5120
vn 0.0918 0.8568 -0.5074
vn 0.1219 0.8567 -0.5011
vn 0.1516 0.8567 -0.4931
vn 0.1807 0.8566 -0.4832
vn 0.2092 0.8566 -0.4717
vn 0.2369 0.8565 -0.4585
vn 0.2638 0.8564 -0.4438
vn 0.2898 0.8564 -0.4274
vn 0.3147 0.8563 -0.4096
vn 0.3386 0.8562 -0.3903
vn 0.3612 0.8561 -0.3696
vn 0.3826 0.8560 -0.3477
vn 0.4026 0.8559 -0.3245
vn 0.4212 0.8558 -0.3002
vn 0.4383 0.8558 -0.2749
vn 0.4539 0.8557 -0.2486
vn 0.4679 0.8556 -0.2214
vn 0.4802 0.8555 -0.1935
vn 0.4909 0.8555 -0.1649
vn 0.4998 0.8554 -0.1357
vn 0.5070 0.8554 -0.1060
vn 0.5124 0.8554 -0.0760
vn 0.5161 0.8553 -0.0457
vn -0.6075 0.7941 -0.0179
vn -0.6054 0.7941 -0.0536
vn -0.6011 0.7942 -0.0891
vn -0.6011 0.7942 -0.0892
vn -0.5948 0.7942 -0.1244
vn -0.5864 0.7943 -0.1592
vn -0.5759 0.7943 -0.1934
vn -0.5634 0.7944 -0.2270
vn -0.5489 0.7945 -0.2598
vn -0.5325 0.7946 -0.2917
vn -0.5143 0.7947 -0.3225
vn -0.4942 0.7948 -0.3523
vn -0.4724 0.7949 -0.3808
vn -0.4489 0.7950 -0.4080
vn -0.4239 0.7951 -0.4337
vn -0.3973 0.7952 -0.4580
vn -0.3693 0.7953 -0.4806
vn -0.3401 0.7954 -0.5016
vn -0.3096 0.7955 -0.5208
vn -0.3096 0.7956 -0.5208
vn -0.2781 0.7956 -0.5382
vn -0.2780 0.7956 -0.5382
vn -0.2455 0.7957 -0.5537
vn -0.2121 0.7958 -0.5672
vn -0.1779 0.7959 -0.5787
vn -0.1431 0.7959 -0.5882
vn -0.1078 0.7960 -0.5956
vn -0.0721 0.7960 -0.6010
vn -0.0361 0.7960 -0.6042
vn -0.0000 0.7961 -0.6052
vn 0.0361 0.7960 -0.6042
vn 0.0721 0.7960 -0.6010
vn 0.1078 0.7960 -0.5956
vn 0.1431 0.7959 -0.5882
vn 0.1779 0.7959 -0.5787
vn 0.2121 0.7958 -0.5672
vn 0.2455 0.7957 -0.5537
vn 0.2781 0.7957 -0.5382
vn 0.2781 0.7956 -0.5382
vn 0.3096 0.7955 -0.5208
vn 0.3096 0.7956 -0.5208
vn 0.3401 0.7954 -0.5016
vn 0.3693 0.7953 -0.4806
vn 0.3973 0.7952 -0.4580
vn 0.4239 0.7951 -0.4337
vn 0.4489 0.7950 -0.4080
vn 0.4724 0.7949 -0.3808
vn 0.4942 0.7948 -0.3523
vn 0.5143 0.7947 -0.3225
vn 0.5325 0.7946 -0.2917
vn 0.5489 0.7945 -0.2598
vn 0.5634 0.7944 -0.2270
vn 0.5759 0.7943 -0.1934
vn 0.5864 0.7943 -0.1592
vn 0.5948 0.7942 -0.1244
vn 0.6011 0.7942 -0.0891
vn 0.6054 0.7941 -0.0536
vn -0.6898 0.7237 -0.0203
vn -0.6874 0.7237 -0.0609
vn -0.6826 0.7237 -0.1012
vn -0.6754 0.7238 -0.1412
vn -0.6659 0.7238 -0.1808
vn -0.6540 0.7239 -0.2197
vn -0.6398 0.7240 -0.2578
vn -0.6234 0.7241 -0.2950
vn -0.6048 0.7242 -0.3312
vn -0.5841 0.7243 -0.3663
vn -0.5613 0.7244 -0.4001
vn -0.5613 0.7245 -0.4001
vn -0.5366 0.7246 -0.4325
vn -0.5099 0.7247 -0.4634
vn -0.4815 0.7248 -0.4927
vn -0.4513 0.7250 -0.5203
vn -0.4196 0.7251 -0.5460
vn -0.3864 0.7252 -0.5699
vn -0.3518 0.7254 -0.5917
vn -0.3159 0.7255 -0.6115
vn -0.2789 0.7256 -0.6291
vn -0.2410 0.7257 -0.6445
vn -0.2021 0.7257 -0.6576
vn -0.2021 0.7258 -0.6576
vn -0.1626 0.7258 -0.6684
vn -0.1224 0.7259 -0.6768
vn -0.0819 0.7259 -0.6829
vn -0.0410 0.7259 -0.6865
vn -0.0000 0.7259 -0.6878
vn 0.0410 0.7259 -0.6865
vn 0.0819 0.7259 -0.6829
vn 0.1224 0.7259 -0.6768
vn 0.1626 0.7258 -0.6684
vn 0.2021 0.7258 -0.6576
vn 0.2021 0.7257 -0.6576
vn 0.2410 0.7257 -0.6445
vn 0.2789 0.7256 -0.6291
vn 0.3159 0.7255 -0.6115
vn 0.3518 0.7254 -0.5917
vn 0.3864 0.7252 -0.5699
vn 0.4196 0.7251 -0.5460
vn 0.4513 0.7250 -0.5203
vn 0.4815 0.7248 -0.4927
vn 0.5099 0.7247 -0.4634
vn 0.5366 0.7246 -0.4325
vn 0.5613 0.7244 -0.4001
vn 0.5613 0.7245 -0.4001
vn 0.5841 0.7243 -0.3663
vn 0.6048 0.7242 -0.3312
vn 0.6234 0.7241 -0.2950
vn 0.6398 0.7240 -0.2578
vn 0.6540 0.7239 -0.2196
vn 0.6540 0.7239 -0.2197
vn 0.6659 0.7238 -0.1808
vn 0.6754 0.7238 -0.1412
vn 0.6826 0.7237 -0.1012
vn 0.6874 0.7237 -0.0609
vn -0.7640 0.6449 -0.0225
vn -0.7613 0.6449 -0.0674
vn -0.7560 0.6449 -0.1121
vn -0.7480 0.6450 -0.1564
vn -0.7375 0.6450 -0.2002
vn -0.7243 0.6451 -0.2433
vn -0.7087 0.6452 -0.2855
vn -0.6905 0.6453 -0.3268
vn -0.6699 0.6454 -0.3669
vn -0.6470 0.6456 -0.4058
vn -0.6218 0.6457 -0.4432
vn -0.5944 0.6458 -0.4791
vn -0.5649 0.6460 -0.5134
vn -0.5334 0.6461 -0.5459
vn -0.5001 0.6463 -0.5764
vn -0.4649 0.6464 -0.6050
vn -0.4281 0.6466 -0.6314
vn -0.3898 0.6467 -0.6556
vn -0.3501 0.6468 -0.6776
vn -0.3091 0.6469 -0.6971
vn -0.2670 0.6470 -0.7142
vn -0.2240 0.6471 -0.7287
vn -0.1802 0.6472 -0.7407
vn -0.1357 0.6473 -0.7501
vn -0.1357 0.6472 -0.7501
vn -0.0907 0.6473 -0.7568
vn -0.0454 0.6473 -0.7609
vn -0.0455 0.6473 -0.7609
vn -0.0000 0.6473 -0.7622
vn 0.0454 0.6473 -0.7609
vn 0.0455 0.6473 -0.7609
vn 0.0907 0.6473 -0.7568
vn 0.1357 0.6472 -0.7501
vn 0.1357 0.6473 -0.7501
vn 0.1802 0.6472 -0.7407
vn 0.2240 0.6471 -0.7287
vn 0.2670 0.6470 -0.7142
vn 0.3091 0.6469 -0.6971
vn 0.3501 0.6468 -0.6776
vn 0.3898 0.6467 -0.6556
vn 0.4281 0.6466 -0.6314
vn 0.4649 0.6464 -0.6050
vn 0.5001 0.6463 -0.5764
vn 0.5334 0.6461 -0.5459
vn 0.5649 0.6460 -0.5134
vn 0.5944 0.6458 -0.4792
vn 0.5944 0.6458 -0.4791
vn 0.6218 0.6457 -0.4432
vn 0.6470 0.6456 -0.4058
vn 0.6699 0.6454 -0.3669
vn 0.6905 0.6453 -0.3268
vn 0.7087 0.6452 -0.2855
vn 0.7243 0.6451 -0.2433
vn 0.7375 0.6450 -0.2002
vn 0.7480 0.6450 -0.1564
vn 0.7560 0.6449 -0.1121
vn 0.7613 0.6449 -0.0674
vn -0.8291 0.5586 -0.0244
vn -0.8262 0.5586 -0.0732
vn -0.8204 0.5587 -0.1217
vn -0.8118 0.5587 -0.1698
vn -0.8004 0.5588 -0.2173
vn -0.7861 0.5589 -0.2640
vn -0.7691 0.5590 -0.3099
vn -0.7494 0.5591 -0.3547
vn -0.7271 0.5592 -0.3982
vn -0.7023 0.5593 -0.4404
vn -0.6749 0.5595 -0.4811
vn -0.6452 0.5596 -0.5201
vn -0.6132 0.5597 -0.5573
vn -0.5791 0.5599 -0.5926
vn -0.5429 0.5600 -0.6258
vn -0.5047 0.5602 -0.6568
vn -0.4648 0.5603 -0.6856
vn -0.4232 0.5605 -0.7119
vn -0.3801 0.5606 -0.7357
vn -0.3356 0.5607 -0.7569
vn -0.2900 0.5608 -0.7755
vn -0.2432 0.5609 -0.7913
vn -0.1957 0.5610 -0.8044
vn -0.1474 0.5610 -0.8146
vn -0.1474 0.5611 -0.8146
vn -0.0985 0.5611 -0.8219
vn -0.0494 0.5611 -0.8263
vn -0.0000 0.5611 -0.8277
vn 0.0494 0.5611 -0.8263
vn 0.0985 0.5611 -0.8219
vn 0.1474 0.5611 -0.8146
vn 0.1474 0.5610 -0.8146
vn 0.1957 0.5610 -0.8044
vn 0.2432 0.5609 -0.7913
vn 0.2900 0.5608 -0.7755
vn 0.3356 0.5607 -0.7569
vn 0.3801 0.5606 -0.7357
vn 0.4232 0.5605 -0.7119
vn 0.4648 0.5603 -0.6856
vn 0.5047 0.5602 -0.6568
vn 0.5429 0.5600 -0.6258
vn 0.5791 0.5599 -0.5926
vn 0.6132 0.5597 -0.5573
vn 0.6452 0.5596 -0.5201
vn 0.6749 0.5595 -0.4811
vn 0.7023 0.5593 -0.4404
vn 0.7271 0.5592 -0.3982
vn 0.7494 0.5591 -0.3547
vn 0.7691 0.5590 -0.3099
vn 0.7861 0.5589 -0.2640
vn 0.8004 0.5588 -0.2173
vn 0.8118 0.5587 -0.1698
vn 0.8204 0.5587 -0.1217
vn 0.8262 0.5586 -0.0732
vn -0.8844 0.4660 -0.0260
vn -0.8813 0.4660 -0.0781
vn -0.8814 0.4660 -0.0781
vn -0.8752 0.4660 -0.1298
vn -0.8660 0.4661 -0.1811
vn -0.8660 0.4660 -0.1811
vn -0.8538 0.4661 -0.2318
vn -0.8386 0.4662 -0.2817
vn -0.8205 0.4663 -0.3306
vn -0.7996 0.4664 -0.3784
vn -0.7758 0.4665 -0.4249
vn -0.7493 0.4666 -0.4699
vn -0.7201 0.4668 -0.5133
vn -0.7202 0.4668 -0.5133
vn -0.6885 0.4669 -0.5550
vn -0.6544 0.4670 -0.5947
vn -0.6179 0.4672 -0.6324
vn -0.5793 0.4673 -0.6678
vn -0.5386 0.4675 -0.7010
vn -0.4960 0.4676 -0.7316
vn -0.4517 0.4677 -0.7598
vn -0.4057 0.4679 -0.7852
vn -0.3582 0.4680 -0.8079
vn -0.3095 0.4681 -0.8277
vn -0.2596 0.4681 -0.8446
vn -0.2596 0.4682 -0.8446
vn -0.2088 0.4682 -0.8586
vn -0.1573 0.4683 -0.8695
vn -0.1052 0.4683 -0.8773
vn -0.0527 0.4683 -0.8820
vn -0.0000 0.4684 -0.8835
vn 0.0527 0.4683 -0.8820
vn 0.1052 0.4683 -0.8773
vn 0.1573 0.4683 -0.8695
vn 0.2088 0.4682 -0.8586
vn 0.2596 0.4682 -0.8446
vn 0.2596 0.4681 -0.8446
vn 0.2596 0.4681 -0.8447
vn 0.3095 0.4681 -0.8277
vn 0.3582 0.4680 -0.8079
vn 0.4057 0.4679 -0.7852
vn 0.4517 0.4677 -0.7598
vn 0.4960 0.4676 -0.7316
vn 0.5386 0.4675 -0.7010
vn 0.5793 0.4673 -0.6678
vn 0.6179 0.4672 -0.6324
vn 0.6544 0.4670 -0.5947
vn 0.6885 0.4669 -0.5550
vn 0.7201 0.4668 -0.5133
vn 0.7493 0.4666 -0.4699
vn 0.7758 0.4665 -0.4249
vn 0.7996 0.4664 -0.3784
vn 0.8205 0.4663 -0.3306
vn 0.8386 0.4662 -0.2817
vn 0.8538 0.4661 -0.2318
vn 0.8660 0.4661 -0.1811
vn 0.8752 0.4660 -0.1298
vn 0.8813 0.4660 -0.0781
vn -0.9294 0.3680 -0.0274
vn -0.9262 0.3680 -0.0820
vn -0.9198 0.3680 -0.1364
vn -0.9101 0.3681 -0.1903
vn -0.8973 0.3681 -0.2436
vn -0.8814 0.3682 -0.2960
vn -0.8623 0.3683 -0.3474
vn -0.8624 0.3683 -0.3474
vn -0.8403 0.3684 -0.3977
vn -0.8154 0.3685 -0.4466
vn -0.7875 0.3686 -0.4939
vn -0.7569 0.3687 -0.5396
vn -0.7237 0.3688 -0.5833
vn -0.6878 0.3689 -0.6251
vn -0.6496 0.3691 -0.6647
vn -0.6090 0.3692 -0.7020
vn -0.5662 0.3693 -0.7369
vn -0.5215 0.3694 -0.7691
vn -0.4748 0.3695 -0.7987
vn -0.4265 0.3696 -0.8255
vn -0.3766 0.3697 -0.8494
vn -0.3254 0.3698 -0.8703
vn -0.2730 0.3699 -0.8881
vn -0.2196 0.3700 -0.9027
vn -0.1654 0.3700 -0.9142
vn -0.1106 0.3701 -0.9224
vn -0.0554 0.3701 -0.9273
vn -0.0000 0.3701 -0.9290
vn 0.0554 0.3701 -0.9273
vn 0.1106 0.3701 -0.9224
vn 0.1654 0.3700 -0.9142
vn 0.2196 0.3700 -0.9027
vn 0.2730 0.3699 -0.8881
vn 0.3254 0.3698 -0.8703
vn 0.3766 0.3697 -0.8494
vn 0.4265 0.3696 -0.8255
vn 0.4748 0.3695 -0.7987
vn 0.5215 0.3694 -0.7691
vn 0.5662 0.3693 -0.7369
vn 0.6090 0.3692 -0.7020
vn 0.6496 0.3691 -0.6647
vn 0.6878 0.3689 -0.6251
vn 0.7237 0.3688 -0.5833
vn 0.7569 0.3687 -0.5396
vn 0.7875 0.3686 -0.4939
vn 0.8154 0.3685 -0.4466
vn 0.8403 0.3684 -0.3977
vn 0.8623 0.3683 -0.3475
vn 0.8623 0.3683 -0.3474
vn 0.8814 0.3682 -0.2960
vn 0.8973 0.3681 -0.2436
vn 0.9101 0.3681 -0.1903
vn 0.9198 0.3680 -0.1364
vn 0.9262 0.3680 -0.0820
vn -0.9636 0.2659 -0.0284
vn -0.9602 0.2659 -0.0850
vn -0.9536 0.2659 -0.1414
vn -0.9436 0.2659 -0.1973
vn -0.9303 0.2660 -0.2525
vn -0.9138 0.2660 -0.3069
vn -0.8941 0.2661 -0.3602
vn -0.8713 0.2662 -0.4123
vn -0.8454 0.2662 -0.4630
vn -0.8166 0.2663 -0.5121
vn -0.7849 0.2664 -0.5595
vn -0.7504 0.2665 -0.6049
vn -0.7133 0.2666 -0.6482
vn -0.7132 0.2666 -0.6482
vn -0.6736 0.2667 -0.6893
vn -0.6315 0.2668 -0.7280
vn -0.5872 0.2669 -0.7642
vn -0.5408 0.2670 -0.7977
vn -0.4925 0.2671 -0.8284
vn -0.4924 0.2671 -0.8284
vn -0.4423 0.2672 -0.8561
vn -0.4423 0.2671 -0.8561
vn -0.3906 0.2672 -0.8809
vn -0.3375 0.2673 -0.9026
vn -0.2831 0.2673 -0.9211
vn -0.2831 0.2674 -0.9211
vn -0.2278 0.2674 -0.9363
vn -0.1715 0.2674 -0.9482
vn -0.1147 0.2675 -0.9567
vn -0.0575 0.2675 -0.9618
vn -0.0000 0.2675 -0.9636
vn 0.0575 0.2675 -0.9618
vn 0.1147 0.2675 -0.9567
vn 0.1715 0.2674 -0.9482
vn 0.2278 0.2674 -0.9363
vn 0.2831 0.2674 -0.9211
vn 0.2831 0.2673 -0.9211
vn 0.3375 0.2673 -0.9026
vn 0.3906 0.2672 -0.8809
vn 0.4423 0.2671 -0.8561
vn 0.4423 0.2672 -0.8561
vn 0.4925 0.2671 -0.8283
vn 0.4925 0.2671 -0.8284
vn 0.5408 0.2670 -0.7977
vn 0.5872 0.2669 -0.7642
vn 0.6315 0.2668 -0.7280
vn 0.6736 0.2667 -0.6893
vn 0.7133 0.2666 -0.6482
vn 0.7132 0.2666 -0.6482
vn 0.7504 0.2665 -0.6049
vn 0.7849 0.2664 -0.5595
vn 0.8166 0.2663 -0.5121
vn 0.8454 0.2662 -0.4630
vn 0.8713 0.2662 -0.4123
vn 0.8941 0.2661 -0.3602
vn 0.9138 0.2660 -0.3069
vn 0.9303 0.2660 -0.2525
vn 0.9436 0.2659 -0.1973
vn 0.9536 0.2659 -0.1414
vn 0.9602 0.2659 -0.0850
vn 0.9603 0.2659 -0.0850
vn -0.9866 0.1607 -0.0291
vn -0.9831 0.1607 -0.0871
vn -0.9832 0.1607 -0.0871
vn -0.9763 0.1607 -0.1448
vn -0.9661 0.1608 -0.2020
vn -0.9525 0.1608 -0.2586
vn -0.9356 0.1608 -0.3142
vn -0.9155 0.1609 -0.3688
vn -0.8921 0.1609 -0.4222
vn -0.8656 0.1610 -0.4741
vn -0.8361 0.1610 -0.5244
vn -0.8037 0.1611 -0.5729
vn -0.7684 0.1611 -0.6194
vn -0.7304 0.1612 -0.6638
vn -0.6898 0.1613 -0.7059
vn -0.6467 0.1613 -0.7455
vn -0.6013 0.1614 -0.7825
vn -0.5538 0.1614 -0.8168
vn -0.5043 0.1615 -0.8483
vn -0.4530 0.1615 -0.8768
vn -0.4000 0.1616 -0.9021
vn -0.3456 0.1616 -0.9244
vn -0.2899 0.1617 -0.9433
vn -0.2900 0.1617 -0.9433
vn -0.2332 0.1617 -0.9589
vn -0.1757 0.1617 -0.9711
vn -0.1175 0.1617 -0.9798
vn -0.0588 0.1618 -0.9851
vn -0.0000 0.1618 -0.9868
vn 0.0588 0.1618 -0.9851
vn 0.1175 0.1617 -0.9798
vn 0.1757 0.1617 -0.9711
vn 0.2332 0.1617 -0.9589
vn 0.2899 0.1617 -0.9433
vn 0.3456 0.1616 -0.9244
vn 0.4000 0.1616 -0.9021
vn 0.4530 0.1615 -0.8768
vn 0.5043 0.1615 -0.8483
vn 0.5538 0.1614 -0.8168
vn 0.6013 0.1614 -0.7825
vn 0.6467 0.1613 -0.7455
vn 0.6898 0.1613 -0.7058
vn 0.6898 0.1613 -0.7059
vn 0.7304 0.1612 -0.6638
vn 0.7684 0.1611 -0.6194
vn 0.8037 0.1611 -0.5729
vn 0.8361 0.1610 -0.5244
vn 0.8656 0.1610 -0.4741
vn 0.8921 0.1609 -0.4222
vn 0.9155 0.1609 -0.3688
vn 0.9356 0.1608 -0.3142
vn 0.9356 0.1608 -0.3143
vn 0.9525 0.1608 -0.2586
vn 0.9661 0.1608 -0.2020
vn 0.9763 0.1608 -0.1448
vn 0.9763 0.1607 -0.1448
vn 0.9832 0.1607 -0.0871
vn 0.9831 0.1607 -0.0871
vn -0.9981 0.0538 -0.0294
vn -0.9968 0.0660 -0.0445
vn -0.9950 0.0478 -0.0881
vn -0.9889 0.0657 -0.1331
vn -0.9877 0.0545 -0.1465
vn -0.9774 0.0531 -0.2044
vn -0.9731 0.0664 -0.2206
vn -0.9640 0.0479 -0.2617
vn -0.9496 0.0653 -0.3065
vn -0.9465 0.0553 -0.3179
vn -0.9263 0.0525 -0.3732
vn -0.9184 0.0667 -0.3900
vn -0.9028 0.0480 -0.4273
vn -0.8759 0.0566 -0.4791
vn -0.8800 0.0649 -0.4705
vn -0.8757 0.0561 -0.4796
vn -0.8460 0.0520 -0.5306
vn -0.8344 0.0670 -0.5471
vn -0.8134 0.0482 -0.5798
vn -0.7822 0.0646 -0.6197
vn -0.7776 0.0574 -0.6262
vn -0.7773 0.0570 -0.6266
vn -0.7391 0.0515 -0.6717
vn -0.7234 0.0672 -0.6871
vn -0.6981 0.0484 -0.7144
vn -0.6545 0.0582 -0.7538
vn -0.6590 0.0641 -0.7494
vn -0.6545 0.0583 -0.7538
vn -0.6542 0.0579 -0.7541
vn -0.6085 0.0511 -0.7919
vn -0.5890 0.0675 -0.8053
vn -0.5605 0.0486 -0.8267
vn -0.5143 0.0636 -0.8552
vn -0.5104 0.0591 -0.8579
vn -0.5101 0.0588 -0.8581
vn -0.4584 0.0507 -0.8873
vn -0.4352 0.0677 -0.8978
vn -0.4049 0.0489 -0.9131
vn -0.3498 0.0601 -0.9349
vn -0.3527 0.0631 -0.9336
vn -0.3496 0.0598 -0.9350
vn -0.2934 0.0503 -0.9547
vn -0.2671 0.0678 -0.9613
vn -0.2361 0.0492 -0.9705
vn -0.1793 0.0625 -0.9818
vn -0.1778 0.0609 -0.9822
vn -0.1777 0.0608 -0.9822
vn -0.1189 0.0499 -0.9917
vn -0.0900 0.0679 -0.9936
vn -0.0596 0.0496 -0.9970
vn -0.0000 0.0619 -0.9981
vn 0.0595 0.0496 -0.9970
vn 0.0900 0.0679 -0.9936
vn 0.1189 0.0499 -0.9917
vn 0.1794 0.0612 -0.9819
vn 0.1778 0.0627 -0.9821
vn 0.1779 0.0627 -0.9821
vn 0.1777 0.0629 -0.9821
vn 0.2361 0.0492 -0.9705
vn 0.2671 0.0678 -0.9613
vn 0.2934 0.0503 -0.9547
vn 0.3497 0.0637 -0.9347
vn 0.3528 0.0604 -0.9338
vn 0.3495 0.0640 -0.9348
vn 0.4049 0.0489 -0.9131
vn 0.4352 0.0677 -0.8978
vn 0.4584 0.0507 -0.8873
vn 0.5145 0.0595 -0.8554
vn 0.5102 0.0647 -0.8576
vn 0.5099 0.0650 -0.8578
vn 0.5605 0.0486 -0.8267
vn 0.5890 0.0675 -0.8053
vn 0.6085 0.0511 -0.7919
vn 0.6542 0.0657 -0.7535
vn 0.6593 0.0586 -0.7496
vn 0.6542 0.0656 -0.7535
vn 0.6538 0.0661 -0.7537
vn 0.6981 0.0484 -0.7144
vn 0.7234 0.0672 -0.6871
vn 0.7391 0.0515 -0.6717
vn 0.7825 0.0577 -0.6199
vn 0.7772 0.0666 -0.6257
vn 0.7771 0.0667 -0.6258
vn 0.7768 0.0673 -0.6262
vn 0.8134 0.0482 -0.5798
vn 0.8344 0.0670 -0.5471
vn 0.8460 0.0520 -0.5306
vn 0.8805 0.0568 -0.4707
vn 0.8750 0.0684 -0.4792
vn 0.9028 0.0480 -0.4273
vn 0.9184 0.0667 -0.3900
vn 0.9263 0.0525 -0.3732
vn 0.9502 0.0558 -0.3067
vn 0.9457 0.0697 -0.3176
vn 0.9640 0.0479 -0.2617
vn 0.9731 0.0663 -0.2207
vn 0.9774 0.0531 -0.2044
vn 0.9896 0.0548 -0.1332
vn 0.9867 0.0709 -0.1463
vn 0.9950 0.0478 -0.0881
vn 0.9982 -0.0520 -0.0289
vn 0.9949 -0.0520 -0.0865
vn 0.9882 -0.0520 -0.1438
vn 0.9783 -0.0520 -0.2007
vn 0.9650 -0.0520 -0.2569
vn 0.9486 -0.0520 -0.3123
vn 0.9289 -0.0520 -0.3666
vn 0.9061 -0.0521 -0.4198
vn 0.9061 -0.0520 -0.4198
vn 0.8803 -0.0521 -0.4715
vn 0.8515 -0.0521 -0.5218
vn 0.8198 -0.0521 -0.5703
vn 0.7853 -0.0521 -0.6169
vn 0.7482 -0.0521 -0.6615
vn 0.7085 -0.0522 -0.7038
vn 0.6663 -0.0522 -0.7438
vn 0.6219 -0.0522 -0.7814
vn 0.5753 -0.0522 -0.8163
vn 0.5268 -0.0522 -0.8484
vn 0.4764 -0.0523 -0.8777
vn 0.4243 -0.0523 -0.9040
vn 0.3708 -0.0523 -0.9272
vn 0.3160 -0.0523 -0.9473
vn 0.2601 -0.0523 -0.9642
vn 0.2032 -0.0523 -0.9777
vn 0.1457 -0.0523 -0.9879
vn 0.0876 -0.0523 -0.9948
vn 0.0292 -0.0523 -0.9982
vn -0.0292 -0.0523 -0.9982
vn -0.0876 -0.0523 -0.9948
vn -0.1457 -0.0523 -0.9879
vn -0.2032 -0.0523 -0.9777
vn -0.2601 -0.0523 -0.9642
vn -0.3160 -0.0523 -0.9473
vn -0.3708 -0.0523 -0.9272
vn -0.4243 -0.0523 -0.9040
vn -0.4764 -0.0523 -0.8777
vn -0.5268 -0.0522 -0.8484
vn -0.5753 -0.0522 -0.8163
vn -0.6219 -0.0522 -0.7814
vn -0.6663 -0.0522 -0.7438
vn -0.7085 -0.0522 -0.7038
vn -0.7482 -0.0521 -0.6615
vn -0.7853 -0.0521 -0.6169
vn -0.8198 -0.0521 -0.5703
vn -0.8515 -0.0521 -0.5218
vn -0.8803 -0.0521 -0.4715
vn -0.9061 -0.0520 -0.4198
vn -0.9061 -0.0521 -0.4198
vn -0.9289 -0.0520 -0.3666
vn -0.9486 -0.0520 -0.3123
vn -0.9650 -0.0520 -0.2569
vn -0.9783 -0.0520 -0.2007
vn -0.9882 -0.0520 -0.1438
vn -0.9949 -0.0520 -0.0865
vn -0.9982 -0.0520 -0.0289
vn -0.9874 -0.1554 -0.0285
vn -0.9660 -0.2572 -0.0279
vn -0.9340 -0.3563 -0.0270
vn -0.8919 -0.4516 -0.0258
vn -0.8400 -0.5421 -0.0243
vn -0.7789 -0.6268 -0.0225
vn -0.7092 -0.7047 -0.0205
vn -0.6316 -0.7751 -0.0183
vn -0.5470 -0.8370 -0.0158
vn -0.4562 -0.8898 -0.0132
vn -0.3603 -0.9328 -0.0104
vn -0.2603 -0.9655 -0.0075
vn -0.1574 -0.9875 -0.0045
vn -0.1569 -0.9875 -0.0136
vn -0.0527 -0.9986 -0.0015
vn -0.0525 -0.9986 -0.0044
vn -0.0527 -0.9986 -0.0018
vn 0.0527 -0.9986 0.0015
vn 0.0525 -0.9986 0.0045
vn 0.0527 -0.9986 0.0017
vn 0.1574 -0.9875 0.0045
vn 0.1569 -0.9875 0.0136
vn 0.1574 -0.9875 0.0046
vn 0.2603 -0.9655 0.0075
vn 0.3603 -0.9328 0.0104
vn 0.4562 -0.8898 0.0132
vn 0.5470 -0.8370 0.0158
vn 0.6316 -0.7751 0.0183
vn 0.7092 -0.7047 0.0205
vn 0.7789 -0.6268 0.0225
vn 0.8400 -0.5421 0.0243
vn 0.8919 -0.4516 0.0258
vn 0.9340 -0.3563 0.0270
vn 0.9660 -0.2572 0.0279
vn 0.9874 -0.1554 0.0285
vn 0.9874 -0.1554 0.0286
vn 0.9982 -0.0520 0.0289
vn 0.9968 -0.0645 0.0472
vn 0.9951 -0.0475 0.0865
vn 0.9877 -0.0615 0.1435
vn 0.9877 -0.0617 0.1437
vn 0.9880 -0.0604 0.1424
vn 0.9776 -0.1554 0.1422
vn 0.9563 -0.2572 0.1392
vn 0.9246 -0.3563 0.1345
vn 0.8829 -0.4516 0.1285
vn 0.8315 -0.5421 0.1210
vn 0.7710 -0.6268 0.1122
vn 0.7020 -0.7048 0.1022
vn 0.6252 -0.7751 0.0910
vn 0.5415 -0.8370 0.0788
vn 0.4516 -0.8898 0.0657
vn 0.3567 -0.9328 0.0519
vn 0.2577 -0.9655 0.0375
vn 0.1558 -0.9875 0.0227
vn 0.1542 -0.9875 0.0316
vn 0.0521 -0.9986 0.0077
vn 0.0525 -0.9986 0.0046
vn 0.0521 -0.9986 0.0074
vn 0.0516 -0.9986 0.0105
vn -0.0521 -0.9986 -0.0076
vn -0.0525 -0.9986 -0.0046
vn -0.0521 -0.9986 -0.0075
vn -0.0516 -0.9986 -0.0105
vn -0.1558 -0.9875 -0.0227
vn -0.1542 -0.9875 -0.0316
vn -0.2577 -0.9655 -0.0375
vn -0.3567 -0.9328 -0.0519
vn -0.4516 -0.8898 -0.0657
vn -0.5415 -0.8370 -0.0788
vn -0.6252 -0.7751 -0.0910
vn -0.7020 -0.7048 -0.1022
vn -0.7710 -0.6268 -0.1122
vn -0.8315 -0.5421 -0.1210
vn -0.8829 -0.4516 -0.1285
vn -0.9246 -0.3563 -0.1346
vn -0.9246 -0.3563 -0.1345
vn -0.9563 -0.2572 -0.1392
vn -0.9776 -0.1554 -0.1423
vn 0.9874 -0.1554 -0.0285
vn 0.9841 -0.1554 -0.0855
vn 0.9775 -0.1554 -0.1423
vn 0.9677 -0.1555 -0.1985
vn 0.9677 -0.1554 -0.1985
vn 0.9546 -0.1555 -0.2541
vn 0.9383 -0.1555 -0.3089
vn 0.9189 -0.1556 -0.3626
vn 0.8963 -0.1556 -0.4152
vn 0.8708 -0.1556 -0.4664
vn 0.8423 -0.1557 -0.5161
vn 0.8109 -0.1558 -0.5641
vn 0.8109 -0.1557 -0.5641
vn 0.7768 -0.1558 -0.6102
vn 0.7400 -0.1559 -0.6543
vn 0.7400 -0.1558 -0.6543
vn 0.7008 -0.1559 -0.6962
vn 0.6591 -0.1560 -0.7357
vn 0.6151 -0.1560 -0.7728
vn 0.5690 -0.1561 -0.8074
vn 0.5210 -0.1561 -0.8391
vn 0.4712 -0.1562 -0.8681
vn 0.4197 -0.1562 -0.8941
vn 0.3667 -0.1563 -0.9171
vn 0.3125 -0.1563 -0.9370
vn 0.2572 -0.1563 -0.9536
vn 0.2572 -0.1564 -0.9536
vn 0.2010 -0.1564 -0.9670
vn 0.1441 -0.1564 -0.9771
vn 0.0866 -0.1564 -0.9839
vn 0.0289 -0.1564 -0.9873
vn -0.0289 -0.1564 -0.9873
vn -0.0866 -0.1564 -0.9839
vn -0.1441 -0.1564 -0.9771
vn -0.2010 -0.1564 -0.9670
vn -0.2572 -0.1564 -0.9536
vn -0.2572 -0.1563 -0.9536
vn -0.3125 -0.1563 -0.9370
vn -0.3667 -0.1563 -0.9171
vn -0.4197 -0.1562 -0.8941
vn -0.4712 -0.1562 -0.8681
vn -0.5210 -0.1561 -0.8391
vn -0.5210 -0.1561 -0.8392
vn -0.5690 -0.1561 -0.8074
vn -0.6151 -0.1560 -0.7728
vn -0.6591 -0.1560 -0.7357
vn -0.7008 -0.1559 -0.6962
vn -0.7400 -0.1559 -0.6543
vn -0.7768 -0.1558 -0.6102
vn -0.8109 -0.1557 -0.5641
vn -0.8423 -0.1557 -0.5161
vn -0.8708 -0.1556 -0.4664
vn -0.8963 -0.1556 -0.4152
vn -0.9189 -0.1555 -0.3626
vn -0.9383 -0.1555 -0.3089
vn -0.9546 -0.1555 -0.2541
vn -0.9677 -0.1555 -0.1985
vn 0.9660 -0.2572 -0.0279
vn 0.9627 -0.2572 -0.0837
vn 0.9563 -0.2572 -0.1392
vn 0.9466 -0.2573 -0.1942
vn 0.9338 -0.2573 -0.2486
vn 0.9179 -0.2574 -0.3022
vn 0.8988 -0.2574 -0.3547
vn 0.8768 -0.2575 -0.4062
vn 0.8518 -0.2576 -0.4563
vn 0.8239 -0.2576 -0.5048
vn 0.7932 -0.2577 -0.5518
vn 0.7598 -0.2578 -0.5968
vn 0.7238 -0.2579 -0.6400
vn 0.6854 -0.2580 -0.6809
vn 0.6446 -0.2581 -0.7196
vn 0.6016 -0.2582 -0.7559
vn 0.5566 -0.2583 -0.7896
vn 0.5096 -0.2583 -0.8207
vn 0.5096 -0.2584 -0.8207
vn 0.4608 -0.2584 -0.8490
vn 0.4105 -0.2585 -0.8745
vn 0.3587 -0.2586 -0.8969
vn 0.3057 -0.2586 -0.9163
vn 0.3056 -0.2586 -0.9163
vn 0.2515 -0.2587 -0.9326
vn 0.2516 -0.2587 -0.9326
vn 0.1966 -0.2587 -0.9457
vn 0.1409 -0.2587 -0.9556
vn 0.1409 -0.2588 -0.9556
vn 0.0847 -0.2588 -0.9622
vn 0.0283 -0.2588 -0.9655
vn -0.0283 -0.2588 -0.9655
vn -0.0847 -0.2588 -0.9622
vn -0.1409 -0.2587 -0.9556
vn -0.1409 -0.2588 -0.9556
vn -0.1966 -0.2587 -0.9457
vn -0.2515 -0.2587 -0.9326
vn -0.2516 -0.2587 -0.9326
vn -0.3056 -0.2586 -0.9163
vn -0.3587 -0.2586 -0.8969
vn -0.4105 -0.2585 -0.8745
vn -0.4608 -0.2584 -0.8490
vn -0.5096 -0.2583 -0.8207
vn -0.5566 -0.2583 -0.7896
vn -0.6016 -0.2582 -0.7559
vn -0.6446 -0.2581 -0.7196
vn -0.6854 -0.2580 -0.6809
vn -0.7238 -0.2579 -0.6400
vn -0.7238 -0.2579 -0.6399
vn -0.7598 -0.2578 -0.5968
vn -0.7932 -0.2577 -0.5518
vn -0.7932 -0.2577 -0.5517
vn -0.8239 -0.2576 -0.5048
vn -0.8518 -0.2576 -0.4563
vn -0.8768 -0.2575 -0.4062
vn -0.8988 -0.2574 -0.3547
vn -0.9179 -0.2574 -0.3022
vn -0.9338 -0.2573 -0.2486
vn -0.9466 -0.2573 -0.1942
vn 0.9340 -0.3563 -0.0270
vn 0.9309 -0.3563 -0.0809
vn 0.9246 -0.3563 -0.1346
vn 0.9246 -0.3563 -0.1345
vn 0.9153 -0.3564 -0.1878
vn 0.9029 -0.3564 -0.2403
vn 0.8875 -0.3565 -0.2921
vn 0.8690 -0.3566 -0.3430
vn 0.8477 -0.3566 -0.3927
vn 0.8235 -0.3567 -0.4411
vn 0.7965 -0.3568 -0.4881
vn 0.7668 -0.3569 -0.5334
vn 0.7346 -0.3571 -0.5770
vn 0.6998 -0.3572 -0.6187
vn 0.6626 -0.3573 -0.6583
vn 0.6232 -0.3574 -0.6956
vn 0.6232 -0.3574 -0.6957
vn 0.5816 -0.3575 -0.7307
vn 0.5380 -0.3577 -0.7633
vn 0.5380 -0.3576 -0.7633
vn 0.4926 -0.3578 -0.7933
vn 0.4454 -0.3579 -0.8207
vn 0.3967 -0.3580 -0.8453
vn 0.3467 -0.3580 -0.8670
vn 0.2954 -0.3581 -0.8857
vn 0.2431 -0.3582 -0.9014
vn 0.1900 -0.3582 -0.9141
vn 0.1362 -0.3583 -0.9236
vn 0.0819 -0.3583 -0.9300
vn 0.0273 -0.3583 -0.9332
vn -0.0273 -0.3583 -0.9332
vn -0.0819 -0.3583 -0.9300
vn -0.1362 -0.3583 -0.9236
vn -0.1900 -0.3582 -0.9141
vn -0.2431 -0.3582 -0.9014
vn -0.2954 -0.3581 -0.8857
vn -0.3467 -0.3580 -0.8670
vn -0.3967 -0.3580 -0.8453
vn -0.3967 -0.3579 -0.8453
vn -0.4454 -0.3579 -0.8207
vn -0.4926 -0.3578 -0.7933
vn -0.5380 -0.3576 -0.7633
vn -0.5380 -0.3577 -0.7633
vn -0.5816 -0.3575 -0.7307
vn -0.6232 -0.3574 -0.6956
vn -0.6626 -0.3573 -0.6583
vn -0.6998 -0.3572 -0.6187
vn -0.7346 -0.3571 -0.5770
vn -0.7668 -0.3570 -0.5334
vn -0.7668 -0.3569 -0.5334
vn -0.7965 -0.3568 -0.4881
vn -0.8235 -0.3567 -0.4411
vn -0.8477 -0.3566 -0.3927
vn -0.8690 -0.3566 -0.3430
vn -0.8875 -0.3565 -0.2921
vn -0.9029 -0.3564 -0.2403
vn -0.9153 -0.3564 -0.1878
vn 0.8919 -0.4516 -0.0258
vn 0.8889 -0.4516 -0.0773
vn 0.8829 -0.4516 -0.1285
vn 0.8740 -0.4517 -0.1793
vn 0.8621 -0.4517 -0.2295
vn 0.8474 -0.4518 -0.2790
vn 0.8474 -0.4518 -0.2789
vn 0.8298 -0.4519 -0.3275
vn 0.8094 -0.4520 -0.3750
vn 0.7863 -0.4521 -0.4212
vn 0.7605 -0.4522 -0.4660
vn 0.7321 -0.4524 -0.5093
vn 0.7013 -0.4525 -0.5509
vn 0.6681 -0.4526 -0.5906
vn 0.6325 -0.4528 -0.6284
vn 0.6326 -0.4528 -0.6284
vn 0.5949 -0.4529 -0.6641
vn 0.5552 -0.4530 -0.6975
vn 0.5136 -0.4532 -0.7286
vn 0.4702 -0.4533 -0.7573
vn 0.4252 -0.4534 -0.7834
vn 0.3787 -0.4535 -0.8068
vn 0.3309 -0.4536 -0.8275
vn 0.2820 -0.4537 -0.8454
vn 0.2321 -0.4538 -0.8604
vn 0.1813 -0.4538 -0.8724
vn 0.1813 -0.4539 -0.8724
vn 0.1300 -0.4539 -0.8815
vn 0.0782 -0.4539 -0.8876
vn 0.0261 -0.4539 -0.8906
vn -0.0261 -0.4539 -0.8906
vn -0.0782 -0.4539 -0.8876
vn -0.1300 -0.4539 -0.8815
vn -0.1813 -0.4539 -0.8724
vn -0.1813 -0.4538 -0.8724
vn -0.2321 -0.4538 -0.8604
vn -0.2820 -0.4537 -0.8454
vn -0.3309 -0.4536 -0.8275
vn -0.3787 -0.4535 -0.8068
vn -0.4252 -0.4534 -0.7834
vn -0.4702 -0.4533 -0.7573
vn -0.5136 -0.4532 -0.7286
vn -0.5552 -0.4530 -0.6975
vn -0.5949 -0.4529 -0.6641
vn -0.6326 -0.4527 -0.6284
vn -0.6326 -0.4528 -0.6284
vn -0.6681 -0.4526 -0.5906
vn -0.7013 -0.4525 -0.5509
vn -0.7321 -0.4523 -0.5093
vn -0.7605 -0.4522 -0.4660
vn -0.7863 -0.4521 -0.4212
vn -0.8094 -0.4520 -0.3750
vn -0.8298 -0.4519 -0.3275
vn -0.8474 -0.4518 -0.2790
vn -0.8621 -0.4517 -0.2295
vn -0.8740 -0.4517 -0.1793
vn 0.8400 -0.5421 -0.0243
vn 0.8372 -0.5421 -0.0728
vn 0.8315 -0.5421 -0.1210
vn 0.8231 -0.5422 -0.1688
vn 0.8231 -0.5422 -0.1689
vn 0.8119 -0.5422 -0.2161
vn 0.8120 -0.5422 -0.2161
vn 0.7980 -0.5423 -0.2627
vn 0.7815 -0.5424 -0.3084
vn 0.7622 -0.5425 -0.3531
vn 0.7404 -0.5426 -0.3966
vn 0.7161 -0.5428 -0.4388
vn 0.6894 -0.5429 -0.4796
vn 0.6603 -0.5430 -0.5187
vn 0.6290 -0.5432 -0.5561
vn 0.5956 -0.5433 -0.5917
vn 0.5601 -0.5435 -0.6253
vn 0.5227 -0.5436 -0.6567
vn 0.4835 -0.5438 -0.6860
vn 0.4426 -0.5439 -0.7129
vn 0.4003 -0.5440 -0.7375
vn 0.3565 -0.5441 -0.7595
vn 0.3115 -0.5442 -0.7790
vn 0.2654 -0.5443 -0.7958
vn 0.2184 -0.5444 -0.8099
vn 0.1707 -0.5445 -0.8212
vn 0.1223 -0.5445 -0.8298
vn 0.0736 -0.5446 -0.8355
vn 0.0246 -0.5446 -0.8383
vn -0.0246 -0.5446 -0.8383
vn -0.0736 -0.5446 -0.8355
vn -0.1223 -0.5445 -0.8298
vn -0.1707 -0.5445 -0.8212
vn -0.2184 -0.5444 -0.8099
vn -0.2654 -0.5443 -0.7958
vn -0.3115 -0.5443 -0.7789
vn -0.3115 -0.5442 -0.7789
vn -0.3115 -0.5442 -0.7790
vn -0.3565 -0.5441 -0.7595
vn -0.4003 -0.5440 -0.7375
vn -0.4426 -0.5439 -0.7129
vn -0.4835 -0.5438 -0.6860
vn -0.5227 -0.5436 -0.6567
vn -0.5601 -0.5435 -0.6253
vn -0.5956 -0.5433 -0.5917
vn -0.6290 -0.5432 -0.5561
vn -0.6603 -0.5430 -0.5187
vn -0.6894 -0.5429 -0.4796
vn -0.7161 -0.5428 -0.4388
vn -0.7404 -0.5426 -0.3966
vn -0.7622 -0.5425 -0.3531
vn -0.7815 -0.5424 -0.3084
vn -0.7980 -0.5423 -0.2627
vn -0.8120 -0.5422 -0.2161
vn -0.8119 -0.5422 -0.2161
vn -0.8231 -0.5422 -0.1688
vn -0.8231 -0.5422 -0.1689
vn 0.7789 -0.6268 -0.0225
vn 0.7763 -0.6268 -0.0675
vn 0.7710 -0.6268 -0.1122
vn 0.7632 -0.6269 -0.1566
vn 0.7529 -0.6269 -0.2004
vn 0.7399 -0.6270 -0.2436
vn 0.7245 -0.6271 -0.2860
vn 0.7067 -0.6272 -0.3274
vn 0.6865 -0.6273 -0.3677
vn 0.6639 -0.6275 -0.4068
vn 0.6391 -0.6276 -0.4446
vn 0.6122 -0.6277 -0.4809
vn 0.5831 -0.6279 -0.5155
vn 0.5521 -0.6280 -0.5485
vn 0.5192 -0.6282 -0.5796
vn 0.4845 -0.6283 -0.6087
vn 0.4481 -0.6284 -0.6358
vn 0.4102 -0.6286 -0.6608
vn 0.3710 -0.6287 -0.6835
vn 0.3304 -0.6288 -0.7039
vn 0.2887 -0.6289 -0.7219
vn 0.2460 -0.6290 -0.7374
vn 0.2024 -0.6291 -0.7505
vn 0.1582 -0.6292 -0.7610
vn 0.1134 -0.6292 -0.7689
vn 0.0682 -0.6293 -0.7742
vn 0.0228 -0.6293 -0.7769
vn -0.0228 -0.6293 -0.7769
vn -0.0682 -0.6293 -0.7742
vn -0.1134 -0.6292 -0.7689
vn -0.1582 -0.6292 -0.7610
vn -0.2024 -0.6291 -0.7505
vn -0.2460 -0.6290 -0.7374
vn -0.2887 -0.6289 -0.7219
vn -0.3304 -0.6288 -0.7039
vn -0.3710 -0.6287 -0.6835
vn -0.4102 -0.6286 -0.6608
vn -0.4102 -0.6286 -0.6607
vn -0.4481 -0.6284 -0.6358
vn -0.4845 -0.6283 -0.6087
vn -0.5192 -0.6282 -0.5796
vn -0.5521 -0.6280 -0.5485
vn -0.5831 -0.6279 -0.5155
vn -0.6122 -0.6277 -0.4809
vn -0.6391 -0.6276 -0.4446
vn -0.6639 -0.6275 -0.4068
vn -0.6865 -0.6273 -0.3677
vn -0.7067 -0.6272 -0.3274
vn -0.7245 -0.6271 -0.2860
vn -0.7399 -0.6270 -0.2436
vn -0.7529 -0.6269 -0.2004
vn -0.7632 -0.6269 -0.1566
vn 0.7092 -0.7047 -0.0205
vn 0.7068 -0.7048 -0.0614
vn 0.7068 -0.7047 -0.0614
vn 0.7020 -0.7048 -0.1022
vn 0.6949 -0.7048 -0.1425
vn 0.6854 -0.7049 -0.1825
vn 0.6737 -0.7050 -0.2218
vn 0.6596 -0.7051 -0.2603
vn 0.6434 -0.7052 -0.2980
vn 0.6434 -0.7051 -0.2980
vn 0.6249 -0.7053 -0.3348
vn 0.6044 -0.7054 -0.3704
vn 0.5818 -0.7055 -0.4047
vn 0.5572 -0.7056 -0.4377
vn 0.5308 -0.7058 -0.4692
vn 0.5025 -0.7059 -0.4992
vn 0.4725 -0.7060 -0.5275
vn 0.4409 -0.7062 -0.5540
vn 0.4078 -0.7063 -0.5786
vn 0.3733 -0.7064 -0.6013
vn 0.3376 -0.7065 -0.6220
vn 0.3006 -0.7066 -0.6405
vn 0.2627 -0.7067 -0.6569
vn 0.2238 -0.7068 -0.6710
vn 0.1842 -0.7069 -0.6829
vn 0.1439 -0.7070 -0.6925
vn 0.1439 -0.7070 -0.6924
vn 0.1032 -0.7070 -0.6996
vn 0.0620 -0.7070 -0.7044
vn 0.0207 -0.7071 -0.7069
vn -0.0207 -0.7071 -0.7069
vn -0.0620 -0.7070 -0.7044
vn -0.1032 -0.7070 -0.6996
vn -0.1439 -0.7070 -0.6924
vn -0.1439 -0.7070 -0.6925
vn -0.1842 -0.7069 -0.6829
vn -0.2238 -0.7068 -0.6710
vn -0.2627 -0.7067 -0.6569
vn -0.3006 -0.7066 -0.6405
vn -0.3376 -0.7065 -0.6220
vn -0.3733 -0.7064 -0.6013
vn -0.4078 -0.7063 -0.5786
vn -0.4409 -0.7062 -0.5540
vn -0.4725 -0.7060 -0.5275
vn -0.5025 -0.7059 -0.4992
vn -0.5308 -0.7058 -0.4693
vn -0.5308 -0.7058 -0.4692
vn -0.5572 -0.7056 -0.4377
vn -0.5818 -0.7055 -0.4047
vn -0.6044 -0.7054 -0.3704
vn -0.6249 -0.7053 -0.3348
vn -0.6434 -0.7051 -0.2981
vn -0.6434 -0.7051 -0.2980
vn -0.6596 -0.7050 -0.2603
vn -0.6737 -0.7050 -0.2218
vn -0.6854 -0.7049 -0.1825
vn -0.6949 -0.7048 -0.1425
vn -0.6949 -0.7048 -0.1426
vn 0.6316 -0.7751 -0.0183
vn 0.6295 -0.7751 -0.0547
vn 0.6252 -0.7751 -0.0910
vn 0.6189 -0.7752 -0.1270
vn 0.6105 -0.7752 -0.1625
vn 0.6000 -0.7753 -0.1975
vn 0.5874 -0.7753 -0.2318
vn 0.5729 -0.7754 -0.2654
vn 0.5565 -0.7755 -0.2981
vn 0.5382 -0.7756 -0.3298
vn 0.5180 -0.7757 -0.3604
vn 0.4962 -0.7758 -0.3897
vn 0.4961 -0.7759 -0.3897
vn 0.4726 -0.7760 -0.4178
vn 0.4474 -0.7761 -0.4445
vn 0.4207 -0.7762 -0.4696
vn 0.3925 -0.7763 -0.4932
vn 0.3631 -0.7764 -0.5151
vn 0.3323 -0.7765 -0.5353
vn 0.3005 -0.7766 -0.5536
vn 0.2676 -0.7767 -0.5701
vn 0.2338 -0.7768 -0.5847
vn 0.1992 -0.7769 -0.5973
vn 0.1639 -0.7770 -0.6078
vn 0.1281 -0.7770 -0.6163
vn 0.0918 -0.7771 -0.6227
vn 0.0552 -0.7771 -0.6270
vn 0.0184 -0.7771 -0.6291
vn -0.0184 -0.7771 -0.6291
vn -0.0552 -0.7771 -0.6270
vn -0.0918 -0.7771 -0.6227
vn -0.1281 -0.7770 -0.6163
vn -0.1639 -0.7770 -0.6078
vn -0.1992 -0.7769 -0.5973
vn -0.2338 -0.7768 -0.5847
vn -0.2676 -0.7767 -0.5701
vn -0.3005 -0.7766 -0.5536
vn -0.3323 -0.7765 -0.5353
vn -0.3631 -0.7764 -0.5151
vn -0.3925 -0.7763 -0.4932
vn -0.4207 -0.7762 -0.4696
vn -0.4474 -0.7761 -0.4444
vn -0.4726 -0.7760 -0.4178
vn -0.4961 -0.7759 -0.3897
vn -0.5180 -0.7757 -0.3604
vn -0.5382 -0.7756 -0.3298
vn -0.5565 -0.7755 -0.2981
vn -0.5729 -0.7754 -0.2654
vn -0.5874 -0.7753 -0.2318
vn -0.5874 -0.7754 -0.2318
vn -0.6000 -0.7753 -0.1975
vn -0.6104 -0.7752 -0.1625
vn -0.6189 -0.7752 -0.1270
vn 0.5470 -0.8370 -0.0158
vn 0.5451 -0.8370 -0.0474
vn 0.5415 -0.8370 -0.0788
vn 0.5414 -0.8370 -0.0788
vn 0.5359 -0.8371 -0.1099
vn 0.5286 -0.8371 -0.1407
vn 0.5195 -0.8372 -0.1710
vn 0.5087 -0.8372 -0.2008
vn 0.4961 -0.8373 -0.2298
vn 0.4819 -0.8374 -0.2581
vn 0.4660 -0.8374 -0.2855
vn 0.4660 -0.8375 -0.2855
vn 0.4485 -0.8375 -0.3120
vn 0.4296 -0.8376 -0.3374
vn 0.4091 -0.8377 -0.3617
vn 0.3873 -0.8378 -0.3848
vn 0.3642 -0.8379 -0.4065
vn 0.3398 -0.8380 -0.4269
vn 0.3143 -0.8381 -0.4459
vn 0.2877 -0.8382 -0.4633
vn 0.2601 -0.8383 -0.4792
vn 0.2316 -0.8383 -0.4935
vn 0.2024 -0.8384 -0.5061
vn 0.1724 -0.8385 -0.5169
vn 0.1419 -0.8385 -0.5261
vn 0.1109 -0.8386 -0.5334
vn 0.0795 -0.8386 -0.5389
vn 0.0478 -0.8386 -0.5426
vn 0.0159 -0.8386 -0.5445
vn -0.0159 -0.8386 -0.5445
vn -0.0478 -0.8386 -0.5426
vn -0.0795 -0.8386 -0.5389
vn -0.1109 -0.8386 -0.5334
vn -0.1419 -0.8385 -0.5261
vn -0.1724 -0.8385 -0.5169
vn -0.2024 -0.8384 -0.5061
vn -0.2316 -0.8383 -0.4935
vn -0.2601 -0.8383 -0.4792
vn -0.2877 -0.8382 -0.4633
vn -0.2877 -0.8382 -0.4634
vn -0.3143 -0.8381 -0.4459
vn -0.3398 -0.8380 -0.4269
vn -0.3642 -0.8379 -0.4065
vn -0.3873 -0.8378 -0.3848
vn -0.4091 -0.8377 -0.3617
vn -0.4296 -0.8376 -0.3374
vn -0.4485 -0.8375 -0.3120
vn -0.4660 -0.8374 -0.2855
vn -0.4819 -0.8374 -0.2581
vn -0.4961 -0.8373 -0.2298
vn -0.5087 -0.8372 -0.2008
vn -0.5195 -0.8372 -0.1710
vn -0.5286 -0.8371 -0.1407
vn -0.5360 -0.8371 -0.1099
vn -0.5359 -0.8371 -0.1099
vn 0.4562 -0.8898 -0.0132
vn 0.4547 -0.8898 -0.0395
vn 0.4516 -0.8898 -0.0657
vn 0.4470 -0.8898 -0.0917
vn 0.4409 -0.8898 -0.1174
vn 0.4333 -0.8899 -0.1426
vn 0.4242 -0.8899 -0.1674
vn 0.4138 -0.8900 -0.1917
vn 0.4019 -0.8900 -0.2153
vn 0.3886 -0.8901 -0.2381
vn 0.3740 -0.8902 -0.2602
vn 0.3582 -0.8902 -0.2814
vn 0.3412 -0.8903 -0.3016
vn 0.3230 -0.8904 -0.3208
vn 0.3037 -0.8904 -0.3390
vn 0.2833 -0.8905 -0.3560
vn 0.2620 -0.8906 -0.3718
vn 0.2398 -0.8906 -0.3863
vn 0.2168 -0.8907 -0.3995
vn 0.1931 -0.8908 -0.4114
vn 0.1687 -0.8908 -0.4219
vn 0.1437 -0.8909 -0.4309
vn 0.1183 -0.8909 -0.4385
vn 0.0924 -0.8909 -0.4446
vn 0.0662 -0.8910 -0.4492
vn 0.0398 -0.8910 -0.4523
vn 0.0133 -0.8910 -0.4538
vn -0.0133 -0.8910 -0.4538
vn -0.0398 -0.8910 -0.4523
vn -0.0662 -0.8910 -0.4492
vn -0.0924 -0.8909 -0.4446
vn -0.1183 -0.8909 -0.4385
vn -0.1437 -0.8909 -0.4309
vn -0.1687 -0.8908 -0.4219
vn -0.1931 -0.8908 -0.4114
vn -0.2168 -0.8907 -0.3995
vn -0.2398 -0.8906 -0.3863
vn -0.2620 -0.8906 -0.3718
vn -0.2833 -0.8905 -0.3560
vn -0.3036 -0.8904 -0.3390
vn -0.3229 -0.8904 -0.3208
vn -0.3412 -0.8903 -0.3016
vn -0.3582 -0.8902 -0.2814
vn -0.3740 -0.8902 -0.2602
vn -0.3886 -0.8901 -0.2381
vn -0.4019 -0.8900 -0.2153
vn -0.4137 -0.8900 -0.1917
vn -0.4242 -0.8899 -0.1674
vn -0.4333 -0.8899 -0.1426
vn -0.4409 -0.8899 -0.1174
vn -0.4470 -0.8898 -0.0917
vn 0.3603 -0.9328 -0.0104
vn 0.3591 -0.9328 -0.0312
vn 0.3567 -0.9328 -0.0519
vn 0.3530 -0.9328 -0.0724
vn 0.3482 -0.9328 -0.0927
vn 0.3422 -0.9329 -0.1126
vn 0.3350 -0.9329 -0.1322
vn 0.3267 -0.9329 -0.1514
vn 0.3173 -0.9330 -0.1700
vn 0.3069 -0.9330 -0.1880
vn 0.2954 -0.9330 -0.2055
vn 0.2828 -0.9331 -0.2222
vn 0.2694 -0.9331 -0.2382
vn 0.2550 -0.9332 -0.2533
vn 0.2398 -0.9332 -0.2676
vn 0.2237 -0.9333 -0.2811
vn 0.2069 -0.9333 -0.2935
vn 0.1894 -0.9333 -0.3050
vn 0.1712 -0.9334 -0.3154
vn 0.1524 -0.9334 -0.3248
vn 0.1332 -0.9335 -0.3331
vn 0.1135 -0.9335 -0.3402
vn 0.0934 -0.9335 -0.3462
vn 0.0730 -0.9335 -0.3510
vn 0.0523 -0.9335 -0.3546
vn 0.0314 -0.9336 -0.3570
vn 0.0105 -0.9336 -0.3583
vn -0.0105 -0.9336 -0.3583
vn -0.0314 -0.9336 -0.3570
vn -0.0523 -0.9335 -0.3546
vn -0.0730 -0.9335 -0.3510
vn -0.0934 -0.9335 -0.3462
vn -0.1135 -0.9335 -0.3402
vn -0.1332 -0.9335 -0.3330
vn -0.1332 -0.9335 -0.3331
vn -0.1524 -0.9334 -0.3248
vn -0.1712 -0.9334 -0.3154
vn -0.1894 -0.9333 -0.3050
vn -0.2069 -0.9333 -0.2935
vn -0.2237 -0.9333 -0.2811
vn -0.2398 -0.9332 -0.2676
vn -0.2550 -0.9332 -0.2533
vn -0.2694 -0.9331 -0.2382
vn -0.2829 -0.9331 -0.2222
vn -0.2954 -0.9330 -0.2055
vn -0.3069 -0.9330 -0.1880
vn -0.3173 -0.9329 -0.1700
vn -0.3267 -0.9329 -0.1514
vn -0.3350 -0.9329 -0.1322
vn -0.3422 -0.9328 -0.1126
vn -0.3482 -0.9328 -0.0927
vn -0.3530 -0.9328 -0.0724
vn 0.2603 -0.9655 -0.0075
vn 0.2595 -0.9655 -0.0226
vn 0.2595 -0.9655 -0.0225
vn 0.2577 -0.9655 -0.0375
vn 0.2551 -0.9655 -0.0523
vn 0.2516 -0.9655 -0.0670
vn 0.2472 -0.9655 -0.0814
vn 0.2421 -0.9655 -0.0955
vn 0.2361 -0.9656 -0.1094
vn 0.2293 -0.9656 -0.1228
vn 0.2217 -0.9656 -0.1358
vn 0.2134 -0.9656 -0.1484
vn 0.2043 -0.9657 -0.1605
vn 0.1946 -0.9657 -0.1720
vn 0.1842 -0.9657 -0.1830
vn 0.1732 -0.9657 -0.1933
vn 0.1616 -0.9658 -0.2030
vn 0.1494 -0.9658 -0.2120
vn 0.1368 -0.9658 -0.2203
vn 0.1236 -0.9658 -0.2278
vn 0.1101 -0.9658 -0.2346
vn 0.0962 -0.9659 -0.2405
vn 0.0820 -0.9659 -0.2457
vn 0.0674 -0.9659 -0.2500
vn 0.0527 -0.9659 -0.2535
vn 0.0378 -0.9659 -0.2561
vn 0.0227 -0.9659 -0.2579
vn 0.0076 -0.9659 -0.2587
vn -0.0076 -0.9659 -0.2587
vn -0.0227 -0.9659 -0.2579
vn -0.0378 -0.9659 -0.2561
vn -0.0527 -0.9659 -0.2535
vn -0.0674 -0.9659 -0.2500
vn -0.0820 -0.9659 -0.2457
vn -0.0962 -0.9659 -0.2406
vn -0.1101 -0.9658 -0.2346
vn -0.1236 -0.9658 -0.2278
vn -0.1368 -0.9658 -0.2203
vn -0.1494 -0.9658 -0.2120
vn -0.1616 -0.9658 -0.2030
vn -0.1732 -0.9657 -0.1933
vn -0.1842 -0.9657 -0.1830
vn -0.1946 -0.9657 -0.1720
vn -0.2043 -0.9657 -0.1605
vn -0.2134 -0.9656 -0.1484
vn -0.2217 -0.9656 -0.1358
vn -0.2293 -0.9656 -0.1228
vn -0.2361 -0.9656 -0.1094
vn -0.2421 -0.9655 -0.0955
vn -0.2472 -0.9655 -0.0814
vn -0.2516 -0.9655 -0.0670
vn -0.2551 -0.9655 -0.0523
vn 0.1574 -0.9875 -0.0045
vn 0.1574 -0.9875 -0.0046
vn 0.1569 -0.9875 -0.0136
vn 0.1569 -0.9875 -0.0137
vn 0.1558 -0.9875 -0.0226
vn 0.1558 -0.9875 -0.0227
vn 0.1542 -0.9875 -0.0315
vn 0.1542 -0.9875 -0.0316
vn 0.1521 -0.9875 -0.0405
vn 0.1495 -0.9875 -0.0492
vn 0.1463 -0.9876 -0.0577
vn 0.1463 -0.9875 -0.0578
vn 0.1427 -0.9876 -0.0661
vn 0.1386 -0.9876 -0.0743
vn 0.1386 -0.9876 -0.0742
vn 0.1339 -0.9876 -0.0821
vn 0.1340 -0.9876 -0.0821
vn 0.1290 -0.9876 -0.0897
vn 0.1235 -0.9876 -0.0970
vn 0.1176 -0.9876 -0.1040
vn 0.1114 -0.9876 -0.1106
vn 0.1047 -0.9876 -0.1169
vn 0.0977 -0.9876 -0.1227
vn 0.0904 -0.9876 -0.1281
vn 0.0903 -0.9876 -0.1281
vn 0.0827 -0.9876 -0.1332
vn 0.0827 -0.9876 -0.1331
vn 0.0747 -0.9877 -0.1377
vn 0.0748 -0.9876 -0.1377
vn 0.0666 -0.9877 -0.1418
vn 0.0665 -0.9877 -0.1418
vn 0.0581 -0.9877 -0.1454
vn 0.0582 -0.9877 -0.1454
vn 0.0495 -0.9877 -0.1485
vn 0.0408 -0.9877 -0.1511
vn 0.0318 -0.9877 -0.1532
vn 0.0229 -0.9877 -0.1548
vn 0.0228 -0.9877 -0.1548
vn 0.0137 -0.9877 -0.1559
vn 0.0046 -0.9877 -0.1564
vn -0.0045 -0.9877 -0.1564
vn -0.0046 -0.9877 -0.1564
vn -0.0137 -0.9877 -0.1559
vn -0.0138 -0.9877 -0.1559
vn -0.0228 -0.9877 -0.1548
vn -0.0229 -0.9877 -0.1548
vn -0.0318 -0.9877 -0.1532
vn -0.0408 -0.9877 -0.1511
vn -0.0407 -0.9877 -0.1511
vn -0.0495 -0.9877 -0.1485
vn -0.0580 -0.9877 -0.1454
vn -0.0581 -0.9877 -0.1454
vn -0.0665 -0.9877 -0.1418
vn -0.0748 -0.9876 -0.1377
vn -0.0747 -0.9877 -0.1377
vn -0.0827 -0.9876 -0.1331
vn -0.0827 -0.9876 -0.1332
vn -0.0903 -0.9876 -0.1282
vn -0.0904 -0.9876 -0.1281
vn -0.0976 -0.9876 -0.1227
vn -0.0977 -0.9876 -0.1227
vn -0.1047 -0.9876 -0.1169
vn -0.1113 -0.9876 -0.1106
vn -0.1176 -0.9876 -0.1040
vn -0.1235 -0.9876 -0.0970
vn -0.1290 -0.9876 -0.0897
vn -0.1340 -0.9876 -0.0821
vn -0.1386 -0.9876 -0.0743
vn -0.1386 -0.9876 -0.0742
vn -0.1427 -0.9876 -0.0661
vn -0.1463 -0.9876 -0.0577
vn -0.1463 -0.9875 -0.0578
vn -0.1495 -0.9875 -0.0492
vn -0.1495 -0.9875 -0.0491
vn -0.1521 -0.9875 -0.0405
vn 0.0527 -0.9986 -0.0015
vn 0.0527 -0.9986 -0.0017
vn 0.0525 -0.9986 -0.0044
vn 0.0525 -0.9986 -0.0046
vn 0.0521 -0.9986 -0.0075
vn 0.0521 -0.9986 -0.0077
vn 0.0516 -0.9986 -0.0106
vn 0.0516 -0.9986 -0.0107
vn 0.0509 -0.9986 -0.0135
vn 0.0509 -0.9986 -0.0136
vn 0.0500 -0.9986 -0.0164
vn 0.0500 -0.9986 -0.0165
vn 0.0490 -0.9986 -0.0193
vn 0.0478 -0.9986 -0.0221
vn 0.0477 -0.9986 -0.0222
vn 0.0464 -0.9986 -0.0248
vn 0.0464 -0.9986 -0.0249
vn 0.0449 -0.9986 -0.0274
vn 0.0448 -0.9986 -0.0275
vn 0.0432 -0.9986 -0.0300
vn 0.0429 -0.9986 -0.0303
vn 0.0414 -0.9986 -0.0324
vn 0.0411 -0.9986 -0.0327
vn 0.0395 -0.9986 -0.0346
vn 0.0392 -0.9986 -0.0349
vn 0.0374 -0.9986 -0.0369
vn 0.0372 -0.9986 -0.0370
vn 0.0351 -0.9986 -0.0391
vn 0.0350 -0.9986 -0.0391
vn 0.0327 -0.9986 -0.0410
vn 0.0325 -0.9986 -0.0412
vn 0.0303 -0.9986 -0.0429
vn 0.0302 -0.9986 -0.0429
vn 0.0277 -0.9986 -0.0445
vn 0.0276 -0.9986 -0.0446
vn 0.0251 -0.9986 -0.0461
vn 0.0249 -0.9986 -0.0461
vn 0.0223 -0.9986 -0.0474
vn 0.0221 -0.9986 -0.0475
vn 0.0195 -0.9986 -0.0486
vn 0.0194 -0.9986 -0.0487
vn 0.0166 -0.9986 -0.0497
vn 0.0164 -0.9986 -0.0497
vn 0.0137 -0.9986 -0.0505
vn 0.0136 -0.9986 -0.0506
vn 0.0107 -0.9986 -0.0513
vn 0.0104 -0.9986 -0.0513
vn 0.0077 -0.9986 -0.0518
vn 0.0075 -0.9986 -0.0518
vn 0.0046 -0.9986 -0.0521
vn 0.0016 -0.9986 -0.0523
vn 0.0015 -0.9986 -0.0523
vn -0.0015 -0.9986 -0.0523
vn -0.0016 -0.9986 -0.0523
vn -0.0047 -0.9986 -0.0521
vn -0.0046 -0.9986 -0.0521
vn -0.0074 -0.9986 -0.0518
vn -0.0077 -0.9986 -0.0518
vn -0.0107 -0.9986 -0.0513
vn -0.0109 -0.9986 -0.0513
vn -0.0136 -0.9986 -0.0506
vn -0.0137 -0.9986 -0.0505
vn -0.0163 -0.9986 -0.0497
vn -0.0166 -0.9986 -0.0497
vn -0.0194 -0.9986 -0.0487
vn -0.0195 -0.9986 -0.0486
vn -0.0221 -0.9986 -0.0475
vn -0.0225 -0.9986 -0.0473
vn -0.0250 -0.9986 -0.0461
vn -0.0251 -0.9986 -0.0460
vn -0.0276 -0.9986 -0.0446
vn -0.0278 -0.9986 -0.0445
vn -0.0301 -0.9986 -0.0430
vn -0.0304 -0.9986 -0.0428
vn -0.0326 -0.9986 -0.0411
vn -0.0326 -0.9986 -0.0410
vn -0.0350 -0.9986 -0.0391
vn -0.0351 -0.9986 -0.0391
vn -0.0372 -0.9986 -0.0370
vn -0.0374 -0.9986 -0.0369
vn -0.0392 -0.9986 -0.0349
vn -0.0396 -0.9986 -0.0346
vn -0.0413 -0.9986 -0.0325
vn -0.0413 -0.9986 -0.0324
vn -0.0431 -0.9986 -0.0302
vn -0.0432 -0.9986 -0.0300
vn -0.0448 -0.9986 -0.0275
vn -0.0449 -0.9986 -0.0274
vn -0.0464 -0.9986 -0.0249
vn -0.0464 -0.9986 -0.0248
vn -0.0477 -0.9986 -0.0223
vn -0.0478 -0.9986 -0.0221
vn -0.0490 -0.9986 -0.0193
vn -0.0500 -0.9986 -0.0165
vn -0.0500 -0.9986 -0.0164
vn -0.0509 -0.9986 -0.0136
vn -0.0509 -0.9986 -0.0135
vn -0.0516 -0.9986 -0.0106
vn -0.0527 -0.9986 0.0015
vn -0.0527 -0.9986 0.0017
vn -0.0525 -0.9986 0.0044
vn -0.0525 -0.9986 0.0047
vn -0.0521 -0.9986 0.0075
vn -0.0521 -0.9986 0.0077
vn -0.0516 -0.9986 0.0105
vn -0.0516 -0.9986 0.0106
vn -0.0509 -0.9986 0.0135
vn -0.0509 -0.9986 0.0136
vn -0.0500 -0.9986 0.0164
vn -0.0500 -0.9986 0.0165
vn -0.0490 -0.9986 0.0193
vn -0.0489 -0.9986 0.0194
vn -0.0478 -0.9986 0.0221
vn -0.0477 -0.9986 0.0222
vn -0.0464 -0.9986 0.0248
vn -0.0464 -0.9986 0.0249
vn -0.0449 -0.9986 0.0274
vn -0.0446 -0.9986 0.0277
vn -0.0434 -0.9986 0.0298
vn -0.0430 -0.9986 0.0302
vn -0.0414 -0.9986 0.0324
vn -0.0412 -0.9986 0.0326
vn -0.0395 -0.9986 0.0346
vn -0.0392 -0.9986 0.0350
vn -0.0374 -0.9986 0.0369
vn -0.0372 -0.9986 0.0371
vn -0.0351 -0.9986 0.0391
vn -0.0350 -0.9986 0.0391
vn -0.0327 -0.9986 0.0410
vn -0.0326 -0.9986 0.0411
vn -0.0303 -0.9986 0.0429
vn -0.0302 -0.9986 0.0429
vn -0.0277 -0.9986 0.0445
vn -0.0276 -0.9986 0.0446
vn -0.0251 -0.9986 0.0461
vn -0.0249 -0.9986 0.0461
vn -0.0224 -0.9986 0.0474
vn -0.0221 -0.9986 0.0475
vn -0.0195 -0.9986 0.0486
vn -0.0194 -0.9986 0.0487
vn -0.0166 -0.9986 0.0497
vn -0.0164 -0.9986 0.0497
vn -0.0137 -0.9986 0.0505
vn -0.0135 -0.9986 0.0506
vn -0.0109 -0.9986 0.0513
vn -0.0104 -0.9986 0.0513
vn -0.0077 -0.9986 0.0518
vn -0.0075 -0.9986 0.0518
vn -0.0044 -0.9986 0.0521
vn -0.0046 -0.9986 0.0521
vn -0.0016 -0.9986 0.0523
vn -0.0015 -0.9986 0.0523
vn 0.0015 -0.9986 0.0523
vn 0.0017 -0.9986 0.0523
vn 0.0046 -0.9986 0.0521
vn 0.0075 -0.9986 0.0518
vn 0.0077 -0.9986 0.0518
vn 0.0105 -0.9986 0.0513
vn 0.0108 -0.9986 0.0513
vn 0.0136 -0.9986 0.0506
vn 0.0137 -0.9986 0.0505
vn 0.0164 -0.9986 0.0497
vn 0.0166 -0.9986 0.0497
vn 0.0194 -0.9986 0.0487
vn 0.0195 -0.9986 0.0486
vn 0.0220 -0.9986 0.0475
vn 0.0225 -0.9986 0.0472
vn 0.0250 -0.9986 0.0461
vn 0.0251 -0.9986 0.0461
vn 0.0277 -0.9986 0.0445
vn 0.0302 -0.9986 0.0429
vn 0.0303 -0.9986 0.0429
vn 0.0326 -0.9986 0.0411
vn 0.0327 -0.9986 0.0410
vn 0.0350 -0.9986 0.0391
vn 0.0351 -0.9986 0.0391
vn 0.0372 -0.9986 0.0370
vn 0.0373 -0.9986 0.0370
vn 0.0392 -0.9986 0.0350
vn 0.0395 -0.9986 0.0347
vn 0.0411 -0.9986 0.0327
vn 0.0414 -0.9986 0.0324
vn 0.0432 -0.9986 0.0301
vn 0.0432 -0.9986 0.0300
vn 0.0448 -0.9986 0.0275
vn 0.0464 -0.9986 0.0248
vn 0.0477 -0.9986 0.0223
vn 0.0478 -0.9986 0.0221
vn 0.0490 -0.9986 0.0194
vn 0.0490 -0.9986 0.0193
vn 0.0500 -0.9986 0.0165
vn 0.0500 -0.9986 0.0164
vn 0.0509 -0.9986 0.0136
vn 0.0509 -0.9986 0.0135
vn 0.0516 -0.9986 0.0107
vn -0.1574 -0.9875 0.0045
vn -0.1574 -0.9875 0.0047
vn -0.1569 -0.9875 0.0136
vn -0.1558 -0.9875 0.0227
vn -0.1542 -0.9875 0.0316
vn -0.1521 -0.9875 0.0405
vn -0.1495 -0.9875 0.0492
vn -0.1463 -0.9876 0.0577
vn -0.1463 -0.9875 0.0579
vn -0.1427 -0.9876 0.0661
vn -0.1386 -0.9876 0.0742
vn -0.1386 -0.9876 0.0743
vn -0.1340 -0.9876 0.0821
vn -0.1290 -0.9876 0.0897
vn -0.1235 -0.9876 0.0970
vn -0.1176 -0.9876 0.1040
vn -0.1114 -0.9876 0.1106
vn -0.1113 -0.9876 0.1106
vn -0.1047 -0.9876 0.1169
vn -0.0977 -0.9876 0.1227
vn -0.0903 -0.9876 0.1281
vn -0.0903 -0.9876 0.1282
vn -0.0827 -0.9876 0.1332
vn -0.0747 -0.9877 0.1377
vn -0.0666 -0.9877 0.1418
vn -0.0665 -0.9877 0.1418
vn -0.0581 -0.9877 0.1454
vn -0.0495 -0.9877 0.1485
vn -0.0408 -0.9877 0.1511
vn -0.0319 -0.9877 0.1532
vn -0.0318 -0.9877 0.1532
vn -0.0228 -0.9877 0.1548
vn -0.0137 -0.9877 0.1559
vn -0.0046 -0.9877 0.1564
vn 0.0046 -0.9877 0.1564
vn 0.0137 -0.9877 0.1559
vn 0.0228 -0.9877 0.1548
vn 0.0318 -0.9877 0.1532
vn 0.0319 -0.9877 0.1532
vn 0.0408 -0.9877 0.1511
vn 0.0495 -0.9877 0.1485
vn 0.0581 -0.9877 0.1454
vn 0.0665 -0.9877 0.1418
vn 0.0666 -0.9877 0.1418
vn 0.0747 -0.9877 0.1377
vn 0.0827 -0.9876 0.1332
vn 0.0828 -0.9876 0.1332
vn 0.0903 -0.9876 0.1282
vn 0.0903 -0.9876 0.1281
vn 0.0977 -0.9876 0.1227
vn 0.1047 -0.9876 0.1169
vn 0.1113 -0.9876 0.1106
vn 0.1114 -0.9876 0.1106
vn 0.1176 -0.9876 0.1040
vn 0.1235 -0.9876 0.0970
vn 0.1290 -0.9876 0.0897
vn 0.1340 -0.9876 0.0821
vn 0.1386 -0.9876 0.0743
vn 0.1386 -0.9876 0.0742
vn 0.1427 -0.9876 0.0661
vn 0.1463 -0.9875 0.0578
vn 0.1463 -0.9876 0.0577
vn 0.1495 -0.9875 0.0492
vn 0.1521 -0.9875 0.0405
vn -0.2603 -0.9655 0.0075
vn -0.2595 -0.9655 0.0226
vn -0.2577 -0.9655 0.0375
vn -0.2551 -0.9655 0.0523
vn -0.2516 -0.9655 0.0670
vn -0.2472 -0.9655 0.0814
vn -0.2420 -0.9656 0.0955
vn -0.2420 -0.9655 0.0955
vn -0.2361 -0.9656 0.1094
vn -0.2293 -0.9656 0.1228
vn -0.2217 -0.9656 0.1358
vn -0.2134 -0.9656 0.1484
vn -0.2043 -0.9657 0.1605
vn -0.1946 -0.9657 0.1720
vn -0.1842 -0.9657 0.1830
vn -0.1732 -0.9657 0.1933
vn -0.1616 -0.9658 0.2030
vn -0.1494 -0.9658 0.2120
vn -0.1368 -0.9658 0.2203
vn -0.1236 -0.9658 0.2278
vn -0.1101 -0.9658 0.2346
vn -0.0962 -0.9659 0.2405
vn -0.0820 -0.9659 0.2457
vn -0.0819 -0.9659 0.2457
vn -0.0674 -0.9659 0.2500
vn -0.0527 -0.9659 0.2535
vn -0.0378 -0.9659 0.2561
vn -0.0227 -0.9659 0.2579
vn -0.0076 -0.9659 0.2587
vn 0.0076 -0.9659 0.2587
vn 0.0227 -0.9659 0.2579
vn 0.0378 -0.9659 0.2561
vn 0.0527 -0.9659 0.2535
vn 0.0674 -0.9659 0.2500
vn 0.0820 -0.9659 0.2457
vn 0.0962 -0.9659 0.2405
vn 0.1101 -0.9658 0.2346
vn 0.1236 -0.9658 0.2278
vn 0.1368 -0.9658 0.2203
vn 0.1494 -0.9658 0.2120
vn 0.1616 -0.9658 0.2030
vn 0.1732 -0.9657 0.1933
vn 0.1842 -0.9657 0.1830
vn 0.1946 -0.9657 0.1720
vn 0.2043 -0.9657 0.1605
vn 0.2134 -0.9656 0.1484
vn 0.2217 -0.9656 0.1358
vn 0.2293 -0.9656 0.1228
vn 0.2361 -0.9656 0.1094
vn 0.2421 -0.9655 0.0955
vn 0.2472 -0.9655 0.0814
vn 0.2516 -0.9655 0.0670
vn 0.2551 -0.9655 0.0523
vn -0.3603 -0.9328 0.0104
vn -0.3591 -0.9328 0.0312
vn -0.3567 -0.9328 0.0519
vn -0.3530 -0.9328 0.0724
vn -0.3482 -0.9328 0.0927
vn -0.3422 -0.9329 0.1127
vn -0.3422 -0.9328 0.1126
vn -0.3350 -0.9329 0.1322
vn -0.3267 -0.9329 0.1514
vn -0.3173 -0.9329 0.1700
vn -0.3069 -0.9330 0.1880
vn -0.2954 -0.9330 0.2055
vn -0.2828 -0.9331 0.2222
vn -0.2829 -0.9331 0.2222
vn -0.2694 -0.9331 0.2382
vn -0.2550 -0.9332 0.2533
vn -0.2397 -0.9332 0.2676
vn -0.2398 -0.9332 0.2676
vn -0.2237 -0.9333 0.2811
vn -0.2069 -0.9333 0.2935
vn -0.1894 -0.9333 0.3050
vn -0.1712 -0.9334 0.3154
vn -0.1524 -0.9334 0.3248
vn -0.1332 -0.9335 0.3331
vn -0.1135 -0.9335 0.3402
vn -0.0934 -0.9335 0.3462
vn -0.0730 -0.9335 0.3510
vn -0.0729 -0.9335 0.3510
vn -0.0523 -0.9335 0.3546
vn -0.0314 -0.9336 0.3570
vn -0.0105 -0.9336 0.3583
vn 0.0105 -0.9336 0.3583
vn 0.0314 -0.9336 0.3570
vn 0.0523 -0.9335 0.3546
vn 0.0730 -0.9335 0.3510
vn 0.0729 -0.9335 0.3510
vn 0.0934 -0.9335 0.3462
vn 0.1135 -0.9335 0.3402
vn 0.1332 -0.9335 0.3331
vn 0.1332 -0.9335 0.3330
vn 0.1524 -0.9334 0.3248
vn 0.1712 -0.9334 0.3154
vn 0.1894 -0.9333 0.3050
vn 0.2069 -0.9333 0.2935
vn 0.2237 -0.9333 0.2811
vn 0.2398 -0.9332 0.2676
vn 0.2550 -0.9332 0.2533
vn 0.2694 -0.9331 0.2382
vn 0.2828 -0.9331 0.2222
vn 0.2829 -0.9331 0.2222
vn 0.2954 -0.9330 0.2055
vn 0.3069 -0.9330 0.1880
vn 0.3173 -0.9329 0.1700
vn 0.3267 -0.9329 0.1514
vn 0.3350 -0.9329 0.1322
vn 0.3422 -0.9328 0.1127
vn 0.3422 -0.9328 0.1126
vn 0.3482 -0.9328 0.0927
vn 0.3530 -0.9328 0.0724
vn -0.4562 -0.8898 0.0132
vn -0.4547 -0.8898 0.0395
vn -0.4516 -0.8898 0.0657
vn -0.4470 -0.8898 0.0917
vn -0.4409 -0.8898 0.1174
vn -0.4333 -0.8899 0.1426
vn -0.4242 -0.8899 0.1674
vn -0.4138 -0.8900 0.1917
vn -0.4019 -0.8900 0.2153
vn -0.3886 -0.8901 0.2381
vn -0.3740 -0.8902 0.2602
vn -0.3582 -0.8902 0.2814
vn -0.3412 -0.8903 0.3016
vn -0.3230 -0.8904 0.3208
vn -0.3037 -0.8904 0.3390
vn -0.2833 -0.8905 0.3560
vn -0.2620 -0.8906 0.3718
vn -0.2398 -0.8906 0.3863
vn -0.2168 -0.8907 0.3995
vn -0.1931 -0.8908 0.4114
vn -0.1687 -0.8908 0.4219
vn -0.1437 -0.8909 0.4309
vn -0.1183 -0.8909 0.4385
vn -0.0924 -0.8909 0.4446
vn -0.0662 -0.8910 0.4492
vn -0.0398 -0.8910 0.4523
vn -0.0133 -0.8910 0.4538
vn 0.0133 -0.8910 0.4538
vn 0.0398 -0.8910 0.4523
vn 0.0662 -0.8910 0.4492
vn 0.0924 -0.8909 0.4446
vn 0.1183 -0.8909 0.4385
vn 0.1437 -0.8909 0.4309
vn 0.1687 -0.8908 0.4219
vn 0.1931 -0.8908 0.4114
vn 0.2168 -0.8907 0.3995
vn 0.2398 -0.8906 0.3863
vn 0.2398 -0.8907 0.3863
vn 0.2620 -0.8906 0.3718
vn 0.2833 -0.8905 0.3560
vn 0.3037 -0.8904 0.3390
vn 0.3229 -0.8904 0.3208
vn 0.3412 -0.8903 0.3016
vn 0.3582 -0.8902 0.2814
vn 0.3740 -0.8902 0.2602
vn 0.3886 -0.8901 0.2381
vn 0.4019 -0.8900 0.2153
vn 0.4137 -0.8900 0.1917
vn 0.4242 -0.8899 0.1674
vn 0.4333 -0.8899 0.1426
vn 0.4409 -0.8899 0.1174
vn 0.4470 -0.8898 0.0917
vn -0.5470 -0.8370 0.0158
vn -0.5451 -0.8370 0.0474
vn -0.5415 -0.8370 0.0788
vn -0.5414 -0.8370 0.0788
vn -0.5359 -0.8371 0.1099
vn -0.5286 -0.8371 0.1407
vn -0.5195 -0.8372 0.1710
vn -0.5087 -0.8372 0.2008
vn -0.4961 -0.8373 0.2298
vn -0.4819 -0.8374 0.2581
vn -0.4660 -0.8375 0.2855
vn -0.4485 -0.8375 0.3120
vn -0.4296 -0.8376 0.3374
vn -0.4091 -0.8377 0.3617
vn -0.3873 -0.8378 0.3848
vn -0.3642 -0.8379 0.4065
vn -0.3398 -0.8380 0.4269
vn -0.3143 -0.8381 0.4459
vn -0.2877 -0.8382 0.4633
vn -0.2601 -0.8383 0.4792
vn -0.2316 -0.8383 0.4935
vn -0.2024 -0.8384 0.5061
vn -0.1724 -0.8385 0.5169
vn -0.1419 -0.8385 0.5261
vn -0.1109 -0.8386 0.5334
vn -0.0795 -0.8386 0.5389
vn -0.0478 -0.8386 0.5426
vn -0.0160 -0.8386 0.5445
vn 0.0160 -0.8386 0.5445
vn 0.0478 -0.8386 0.5426
vn 0.0795 -0.8386 0.5389
vn 0.1109 -0.8386 0.5334
vn 0.1419 -0.8385 0.5261
vn 0.1724 -0.8385 0.5169
vn 0.2024 -0.8384 0.5061
vn 0.2316 -0.8383 0.4935
vn 0.2601 -0.8383 0.4792
vn 0.2877 -0.8382 0.4633
vn 0.3143 -0.8381 0.4459
vn 0.3398 -0.8380 0.4269
vn 0.3642 -0.8379 0.4065
vn 0.3873 -0.8378 0.3848
vn 0.4091 -0.8377 0.3617
vn 0.4296 -0.8376 0.3374
vn 0.4485 -0.8375 0.3120
vn 0.4660 -0.8374 0.2855
vn 0.4819 -0.8374 0.2581
vn 0.4961 -0.8373 0.2298
vn 0.5087 -0.8372 0.2008
vn 0.5195 -0.8372 0.1710
vn 0.5286 -0.8371 0.1407
vn 0.5360 -0.8371 0.1099
vn 0.5359 -0.8371 0.1099
vn -0.6316 -0.7751 0.0183
vn -0.6295 -0.7751 0.0547
vn -0.6252 -0.7751 0.0910
vn -0.6189 -0.7752 0.1269
vn -0.6189 -0.7752 0.1270
vn -0.6104 -0.7752 0.1625
vn -0.5999 -0.7753 0.1975
vn -0.6000 -0.7753 0.1975
vn -0.5874 -0.7754 0.2318
vn -0.5874 -0.7753 0.2318
vn -0.5729 -0.7754 0.2654
vn -0.5565 -0.7755 0.2981
vn -0.5382 -0.7756 0.3298
vn -0.5180 -0.7757 0.3604
vn -0.4961 -0.7759 0.3897
vn -0.4726 -0.7760 0.4178
vn -0.4474 -0.7761 0.4445
vn -0.4207 -0.7762 0.4696
vn -0.3925 -0.7763 0.4932
vn -0.3631 -0.7764 0.5151
vn -0.3323 -0.7765 0.5353
vn -0.3324 -0.7765 0.5353
vn -0.3005 -0.7766 0.5536
vn -0.3005 -0.7767 0.5536
vn -0.2676 -0.7767 0.5701
vn -0.2338 -0.7768 0.5847
vn -0.1992 -0.7769 0.5973
vn -0.1639 -0.7770 0.6078
vn -0.1281 -0.7770 0.6163
vn -0.0918 -0.7771 0.6227
vn -0.0552 -0.7771 0.6270
vn -0.0184 -0.7771 0.6291
vn 0.0184 -0.7771 0.6291
vn 0.0552 -0.7771 0.6270
vn 0.0918 -0.7771 0.6227
vn 0.1281 -0.7770 0.6163
vn 0.1639 -0.7770 0.6078
vn 0.1992 -0.7769 0.5973
vn 0.2338 -0.7768 0.5847
vn 0.2676 -0.7767 0.5701
vn 0.3005 -0.7766 0.5536
vn 0.3005 -0.7766 0.5537
vn 0.3323 -0.7765 0.5353
vn 0.3631 -0.7764 0.5151
vn 0.3925 -0.7763 0.4932
vn 0.4207 -0.7762 0.4696
vn 0.4474 -0.7761 0.4444
vn 0.4474 -0.7761 0.4445
vn 0.4726 -0.7760 0.4178
vn 0.4961 -0.7759 0.3897
vn 0.5180 -0.7757 0.3604
vn 0.5382 -0.7756 0.3298
vn 0.5565 -0.7755 0.2981
vn 0.5729 -0.7754 0.2654
vn 0.5874 -0.7753 0.2318
vn 0.5874 -0.7754 0.2318
vn 0.6000 -0.7753 0.1975
vn 0.5999 -0.7753 0.1975
vn 0.6104 -0.7752 0.1625
vn 0.6189 -0.7752 0.1269
vn 0.6189 -0.7752 0.1270
vn -0.7092 -0.7047 0.0205
vn -0.7068 -0.7047 0.0614
vn -0.7020 -0.7048 0.1022
vn -0.6949 -0.7048 0.1426
vn -0.6949 -0.7048 0.1425
vn -0.6855 -0.7049 0.1825
vn -0.6737 -0.7050 0.2218
vn -0.6596 -0.7050 0.2603
vn -0.6434 -0.7051 0.2981
vn -0.6434 -0.7051 0.2980
vn -0.6249 -0.7052 0.3348
vn -0.6249 -0.7053 0.3348
vn -0.6044 -0.7054 0.3704
vn -0.6044 -0.7054 0.3703
vn -0.5818 -0.7055 0.4047
vn -0.5572 -0.7056 0.4377
vn -0.5308 -0.7058 0.4692
vn -0.5025 -0.7059 0.4992
vn -0.4725 -0.7060 0.5275
vn -0.4409 -0.7062 0.5540
vn -0.4078 -0.7063 0.5786
vn -0.3734 -0.7064 0.6013
vn -0.3733 -0.7064 0.6013
vn -0.3376 -0.7065 0.6220
vn -0.3006 -0.7066 0.6405
vn -0.2627 -0.7067 0.6569
vn -0.2238 -0.7068 0.6710
vn -0.1842 -0.7069 0.6829
vn -0.1439 -0.7070 0.6925
vn -0.1032 -0.7070 0.6996
vn -0.0620 -0.7070 0.7044
vn -0.0207 -0.7071 0.7069
vn 0.0207 -0.7071 0.7069
vn 0.0620 -0.7070 0.7044
vn 0.1032 -0.7070 0.6996
vn 0.1439 -0.7070 0.6925
vn 0.1842 -0.7069 0.6829
vn 0.2238 -0.7068 0.6710
vn 0.2627 -0.7067 0.6569
vn 0.3006 -0.7066 0.6405
vn 0.3376 -0.7065 0.6220
vn 0.3733 -0.7064 0.6013
vn 0.4078 -0.7063 0.5786
vn 0.4409 -0.7062 0.5540
vn 0.4725 -0.7060 0.5275
vn 0.5025 -0.7059 0.4992
vn 0.5308 -0.7058 0.4692
vn 0.5572 -0.7056 0.4377
vn 0.5818 -0.7055 0.4047
vn 0.6044 -0.7054 0.3704
vn 0.6249 -0.7052 0.3348
vn 0.6249 -0.7053 0.3348
vn 0.6434 -0.7051 0.2981
vn 0.6434 -0.7051 0.2980
vn 0.6596 -0.7050 0.2603
vn 0.6737 -0.7050 0.2218
vn 0.6855 -0.7049 0.1825
vn 0.6949 -0.7048 0.1426
vn 0.6949 -0.7048 0.1425
vn -0.7789 -0.6268 0.0225
vn -0.7763 -0.6268 0.0675
vn -0.7710 -0.6268 0.1122
vn -0.7632 -0.6269 0.1566
vn -0.7529 -0.6269 0.2004
vn -0.7399 -0.6270 0.2436
vn -0.7245 -0.6271 0.2860
vn -0.7067 -0.6272 0.3274
vn -0.6865 -0.6273 0.3677
vn -0.6639 -0.6275 0.4068
vn -0.6391 -0.6276 0.4446
vn -0.6122 -0.6277 0.4809
vn -0.5831 -0.6279 0.5155
vn -0.5521 -0.6280 0.5485
vn -0.5192 -0.6282 0.5796
vn -0.4845 -0.6283 0.6087
vn -0.4481 -0.6284 0.6358
vn -0.4102 -0.6286 0.6608
vn -0.3710 -0.6287 0.6835
vn -0.3709 -0.6287 0.6835
vn -0.3304 -0.6288 0.7039
vn -0.2887 -0.6289 0.7219
vn -0.2460 -0.6290 0.7374
vn -0.2024 -0.6291 0.7505
vn -0.1582 -0.6292 0.7610
vn -0.1134 -0.6292 0.7689
vn -0.0682 -0.6293 0.7742
vn -0.0227 -0.6293 0.7769
vn -0.0228 -0.6293 0.7769
vn 0.0227 -0.6293 0.7769
vn 0.0228 -0.6293 0.7769
vn 0.0682 -0.6293 0.7742
vn 0.1134 -0.6292 0.7689
vn 0.1582 -0.6292 0.7610
vn 0.2024 -0.6291 0.7505
vn 0.2460 -0.6290 0.7374
vn 0.2887 -0.6289 0.7219
vn 0.3304 -0.6288 0.7039
vn 0.3710 -0.6287 0.6835
vn 0.3709 -0.6287 0.6835
vn 0.4102 -0.6286 0.6608
vn 0.4481 -0.6284 0.6358
vn 0.4845 -0.6283 0.6087
vn 0.5192 -0.6282 0.5796
vn 0.5192 -0.6282 0.5795
vn 0.5521 -0.6280 0.5485
vn 0.5831 -0.6279 0.5155
vn 0.6122 -0.6277 0.4809
vn 0.6391 -0.6276 0.4446
vn 0.6639 -0.6275 0.4068
vn 0.6865 -0.6273 0.3677
vn 0.7067 -0.6272 0.3274
vn 0.7245 -0.6271 0.2860
vn 0.7399 -0.6270 0.2436
vn 0.7529 -0.6269 0.2004
vn 0.7632 -0.6269 0.1566
vn -0.8400 -0.5421 0.0243
vn -0.8372 -0.5421 0.0728
vn -0.8315 -0.5421 0.1210
vn -0.8231 -0.5422 0.1689
vn -0.8231 -0.5422 0.1688
vn -0.8120 -0.5422 0.2161
vn -0.8119 -0.5422 0.2161
vn -0.7980 -0.5423 0.2627
vn -0.7815 -0.5424 0.3084
vn -0.7622 -0.5425 0.3531
vn -0.7404 -0.5426 0.3966
vn -0.7161 -0.5428 0.4388
vn -0.6894 -0.5429 0.4796
vn -0.6603 -0.5430 0.5187
vn -0.6290 -0.5432 0.5561
vn -0.5956 -0.5433 0.5917
vn -0.5601 -0.5435 0.6252
vn -0.5227 -0.5436 0.6567
vn -0.4835 -0.5438 0.6860
vn -0.4426 -0.5439 0.7129
vn -0.4002 -0.5440 0.7375
vn -0.3565 -0.5441 0.7595
vn -0.3115 -0.5442 0.7790
vn -0.2654 -0.5443 0.7958
vn -0.2184 -0.5444 0.8099
vn -0.1707 -0.5445 0.8212
vn -0.1223 -0.5445 0.8298
vn -0.0736 -0.5446 0.8355
vn -0.0246 -0.5446 0.8383
vn 0.0246 -0.5446 0.8383
vn 0.0736 -0.5446 0.8355
vn 0.1223 -0.5445 0.8298
vn 0.1707 -0.5445 0.8212
vn 0.2184 -0.5444 0.8099
vn 0.2654 -0.5443 0.7958
vn 0.3115 -0.5442 0.7790
vn 0.3115 -0.5442 0.7789
vn 0.3565 -0.5441 0.7595
vn 0.4002 -0.5440 0.7375
vn 0.4426 -0.5439 0.7129
vn 0.4835 -0.5438 0.6860
vn 0.5227 -0.5436 0.6567
vn 0.5601 -0.5435 0.6252
vn 0.5601 -0.5435 0.6253
vn 0.5956 -0.5433 0.5917
vn 0.6290 -0.5432 0.5561
vn 0.6603 -0.5430 0.5187
vn 0.6894 -0.5429 0.4796
vn 0.7161 -0.5428 0.4388
vn 0.7404 -0.5426 0.3966
vn 0.7622 -0.5425 0.3531
vn 0.7814 -0.5424 0.3084
vn 0.7980 -0.5423 0.2627
vn 0.8119 -0.5422 0.2161
vn 0.8231 -0.5422 0.1688
vn -0.8919 -0.4516 0.0258
vn -0.8889 -0.4516 0.0773
vn -0.8829 -0.4516 0.1285
vn -0.8740 -0.4517 0.1793
vn -0.8621 -0.4517 0.2295
vn -0.8474 -0.4518 0.2789
vn -0.8298 -0.4519 0.3275
vn -0.8094 -0.4520 0.3750
vn -0.7863 -0.4521 0.4212
vn -0.7605 -0.4522 0.4660
vn -0.7321 -0.4524 0.5093
vn -0.7013 -0.4525 0.5509
vn -0.6681 -0.4526 0.5906
vn -0.6325 -0.4528 0.6284
vn -0.5949 -0.4529 0.6641
vn -0.5552 -0.4530 0.6975
vn -0.5136 -0.4532 0.7286
vn -0.4702 -0.4533 0.7573
vn -0.4252 -0.4534 0.7834
vn -0.3787 -0.4535 0.8068
vn -0.3309 -0.4536 0.8275
vn -0.2820 -0.4537 0.8454
vn -0.2321 -0.4538 0.8604
vn -0.1813 -0.4538 0.8724
vn -0.1813 -0.4539 0.8724
vn -0.1300 -0.4539 0.8815
vn -0.0782 -0.4539 0.8876
vn -0.0261 -0.4539 0.8906
vn 0.0261 -0.4539 0.8906
vn 0.0782 -0.4539 0.8876
vn 0.1300 -0.4539 0.8815
vn 0.1813 -0.4539 0.8724
vn 0.1813 -0.4538 0.8724
vn 0.2321 -0.4538 0.8604
vn 0.2820 -0.4537 0.8454
vn 0.3309 -0.4536 0.8275
vn 0.3787 -0.4535 0.8068
vn 0.4252 -0.4534 0.7834
vn 0.4702 -0.4533 0.7573
vn 0.5136 -0.4532 0.7286
vn 0.5552 -0.4530 0.6975
vn 0.5949 -0.4529 0.6641
vn 0.6326 -0.4528 0.6284
vn 0.6325 -0.4528 0.6284
vn 0.6681 -0.4526 0.5906
vn 0.7013 -0.4525 0.5509
vn 0.7321 -0.4523 0.5093
vn 0.7605 -0.4522 0.4660
vn 0.7863 -0.4521 0.4212
vn 0.8094 -0.4520 0.3749
vn 0.8094 -0.4520 0.3750
vn 0.8298 -0.4519 0.3275
vn 0.8474 -0.4518 0.2789
vn 0.8474 -0.4518 0.2790
vn 0.8621 -0.4517 0.2295
vn 0.8740 -0.4517 0.1793
vn -0.9340 -0.3563 0.0270
vn -0.9309 -0.3563 0.0809
vn -0.9246 -0.3563 0.1345
vn -0.9153 -0.3564 0.1878
vn -0.9153 -0.3564 0.1877
vn -0.9029 -0.3564 0.2403
vn -0.8875 -0.3565 0.2921
vn -0.8690 -0.3565 0.3430
vn -0.8690 -0.3566 0.3430
vn -0.8477 -0.3566 0.3927
vn -0.8235 -0.3567 0.4411
vn -0.7965 -0.3568 0.4881
vn -0.7668 -0.3569 0.5334
vn -0.7346 -0.3571 0.5770
vn -0.6998 -0.3572 0.6187
vn -0.6626 -0.3573 0.6583
vn -0.6232 -0.3574 0.6957
vn -0.6232 -0.3574 0.6956
vn -0.5816 -0.3575 0.7307
vn -0.5380 -0.3576 0.7633
vn -0.4926 -0.3578 0.7933
vn -0.4454 -0.3579 0.8207
vn -0.3968 -0.3580 0.8453
vn -0.3967 -0.3580 0.8453
vn -0.3467 -0.3580 0.8670
vn -0.2954 -0.3581 0.8857
vn -0.2431 -0.3582 0.9014
vn -0.1900 -0.3582 0.9141
vn -0.1362 -0.3583 0.9236
vn -0.0819 -0.3583 0.9300
vn -0.0273 -0.3583 0.9332
vn 0.0273 -0.3583 0.9332
vn 0.0819 -0.3583 0.9300
vn 0.1362 -0.3583 0.9236
vn 0.1900 -0.3582 0.9141
vn 0.2431 -0.3582 0.9014
vn 0.2954 -0.3581 0.8857
vn 0.3467 -0.3580 0.8670
vn 0.3968 -0.3580 0.8453
vn 0.3967 -0.3580 0.8453
vn 0.4454 -0.3579 0.8207
vn 0.4926 -0.3578 0.7933
vn 0.5380 -0.3576 0.7633
vn 0.5816 -0.3575 0.7307
vn 0.6232 -0.3574 0.6956
vn 0.6626 -0.3573 0.6583
vn 0.6626 -0.3573 0.6582
vn 0.6998 -0.3572 0.6187
vn 0.7346 -0.3571 0.5770
vn 0.7668 -0.3569 0.5334
vn 0.7965 -0.3568 0.4881
vn 0.8235 -0.3567 0.4411
vn 0.8477 -0.3566 0.3927
vn 0.8690 -0.3566 0.3430
vn 0.8690 -0.3565 0.3430
vn 0.8875 -0.3565 0.2921
vn 0.9029 -0.3564 0.2403
vn 0.9153 -0.3564 0.1877
vn 0.9153 -0.3564 0.1878
vn -0.9660 -0.2572 0.0279
vn -0.9627 -0.2572 0.0837
vn -0.9563 -0.2572 0.1392
vn -0.9466 -0.2573 0.1942
vn -0.9338 -0.2573 0.2486
vn -0.9179 -0.2574 0.3021
vn -0.9179 -0.2574 0.3022
vn -0.8988 -0.2574 0.3548
vn -0.8988 -0.2574 0.3547
vn -0.8768 -0.2575 0.4062
vn -0.8518 -0.2576 0.4563
vn -0.8239 -0.2576 0.5048
vn -0.7932 -0.2577 0.5518
vn -0.7932 -0.2577 0.5517
vn -0.7598 -0.2578 0.5968
vn -0.7238 -0.2579 0.6399
vn -0.7238 -0.2579 0.6400
vn -0.6854 -0.2580 0.6809
vn -0.6446 -0.2581 0.7196
vn -0.6016 -0.2582 0.7559
vn -0.5566 -0.2583 0.7896
vn -0.5096 -0.2584 0.8207
vn -0.4608 -0.2584 0.8490
vn -0.4105 -0.2585 0.8745
vn -0.3587 -0.2586 0.8969
vn -0.3057 -0.2586 0.9163
vn -0.2516 -0.2587 0.9326
vn -0.2515 -0.2587 0.9326
vn -0.1966 -0.2587 0.9457
vn -0.1409 -0.2588 0.9556
vn -0.0847 -0.2588 0.9622
vn -0.0283 -0.2588 0.9655
vn 0.0283 -0.2588 0.9655
vn 0.0847 -0.2588 0.9622
vn 0.1409 -0.2588 0.9556
vn 0.1966 -0.2587 0.9457
vn 0.2515 -0.2587 0.9326
vn 0.3057 -0.2586 0.9163
vn 0.3587 -0.2586 0.8969
vn 0.4105 -0.2585 0.8745
vn 0.4608 -0.2584 0.8490
vn 0.5096 -0.2584 0.8207
vn 0.5096 -0.2583 0.8207
vn 0.5566 -0.2583 0.7896
vn 0.6016 -0.2582 0.7559
vn 0.6446 -0.2581 0.7196
vn 0.6854 -0.2580 0.6809
vn 0.7238 -0.2579 0.6400
vn 0.7598 -0.2578 0.5968
vn 0.7932 -0.2577 0.5518
vn 0.8239 -0.2576 0.5048
vn 0.8239 -0.2576 0.5049
vn 0.8518 -0.2576 0.4563
vn 0.8768 -0.2575 0.4062
vn 0.8988 -0.2574 0.3548
vn 0.8988 -0.2574 0.3547
vn 0.9179 -0.2574 0.3021
vn 0.9338 -0.2573 0.2486
vn 0.9466 -0.2573 0.1942
vn -0.9874 -0.1554 0.0286
vn -0.9874 -0.1554 0.0285
vn -0.9841 -0.1554 0.0855
vn -0.9776 -0.1554 0.1422
vn -0.9775 -0.1554 0.1423
vn -0.9677 -0.1555 0.1985
vn -0.9546 -0.1555 0.2541
vn -0.9383 -0.1555 0.3089
vn -0.9189 -0.1555 0.3626
vn -0.9189 -0.1556 0.3626
vn -0.8963 -0.1556 0.4152
vn -0.8708 -0.1556 0.4664
vn -0.8423 -0.1557 0.5161
vn -0.8109 -0.1557 0.5641
vn -0.7768 -0.1558 0.6102
vn -0.7400 -0.1558 0.6543
vn -0.7007 -0.1559 0.6962
vn -0.6591 -0.1560 0.7357
vn -0.6151 -0.1560 0.7728
vn -0.5690 -0.1561 0.8074
vn -0.5210 -0.1561 0.8391
vn -0.4712 -0.1562 0.8681
vn -0.4197 -0.1562 0.8941
vn -0.3667 -0.1563 0.9171
vn -0.3668 -0.1563 0.9171
vn -0.3125 -0.1563 0.9370
vn -0.2572 -0.1563 0.9536
vn -0.2010 -0.1564 0.9670
vn -0.1441 -0.1564 0.9771
vn -0.0866 -0.1564 0.9839
vn -0.0289 -0.1564 0.9873
vn 0.0289 -0.1564 0.9873
vn 0.0866 -0.1564 0.9839
vn 0.1441 -0.1564 0.9771
vn 0.2010 -0.1564 0.9670
vn 0.2572 -0.1563 0.9536
vn 0.2572 -0.1564 0.9536
vn 0.3125 -0.1563 0.9370
vn 0.3667 -0.1563 0.9171
vn 0.3668 -0.1563 0.9171
vn 0.4197 -0.1562 0.8941
vn 0.4712 -0.1562 0.8681
vn 0.5210 -0.1561 0.8392
vn 0.5210 -0.1561 0.8391
vn 0.5690 -0.1561 0.8074
vn 0.6151 -0.1560 0.7728
vn 0.6591 -0.1560 0.7357
vn 0.7007 -0.1559 0.6962
vn 0.7400 -0.1559 0.6543
vn 0.7768 -0.1558 0.6102
vn 0.8109 -0.1557 0.5641
vn 0.8422 -0.1557 0.5161
vn 0.8423 -0.1557 0.5161
vn 0.8708 -0.1556 0.4664
vn 0.8963 -0.1556 0.4152
vn 0.9189 -0.1556 0.3626
vn 0.9383 -0.1555 0.3089
vn 0.9546 -0.1555 0.2541
vn 0.9677 -0.1555 0.1985
vn -0.9982 -0.0520 0.0289
vn -0.9968 -0.0645 0.0472
vn -0.9951 -0.0475 0.0865
vn -0.9880 -0.0600 0.1424
vn -0.9881 -0.0611 0.1411
vn -0.9879 -0.0590 0.1435
vn -0.9879 -0.0588 0.1438
vn -0.9785 -0.0481 0.2007
vn -0.9701 -0.0650 0.2338
vn -0.9651 -0.0504 0.2569
vn -0.9442 -0.0548 0.3247
vn -0.9476 -0.0685 0.3119
vn -0.9291 -0.0472 0.3667
vn -0.9060 -0.0564 0.4195
vn -0.9089 -0.0626 0.4123
vn -0.9062 -0.0569 0.4189
vn -0.9059 -0.0563 0.4197
vn -0.8804 -0.0491 0.4716
vn -0.8656 -0.0652 0.4965
vn -0.8516 -0.0492 0.5218
vn -0.8150 -0.0573 0.5766
vn -0.8187 -0.0642 0.5706
vn -0.8190 -0.0648 0.5701
vn -0.8192 -0.0651 0.5698
vn -0.7855 -0.0473 0.6170
vn -0.7563 -0.0638 0.6511
vn -0.7481 -0.0541 0.6614
vn -0.7085 -0.0505 0.7039
vn -0.6910 -0.0652 0.7199
vn -0.6665 -0.0483 0.7440
vn -0.6196 -0.0595 0.7827
vn -0.6214 -0.0617 0.7811
vn -0.6205 -0.0606 0.7819
vn -0.6215 -0.0619 0.7809
vn -0.5754 -0.0477 0.8164
vn -0.5420 -0.0647 0.8379
vn -0.5268 -0.0522 0.8484
vn -0.4764 -0.0523 0.8777
vn -0.4596 -0.0648 0.8857
vn -0.4244 -0.0477 0.9042
vn -0.3731 -0.0614 0.9258
vn -0.3709 -0.0594 0.9268
vn -0.3719 -0.0603 0.9263
vn -0.3707 -0.0591 0.9269
vn -0.3160 -0.0484 0.9475
vn -0.2828 -0.0653 0.9569
vn -0.2601 -0.0507 0.9643
vn -0.1902 -0.0551 0.9802
vn -0.2030 -0.0689 0.9767
vn -0.1457 -0.0474 0.9882
vn -0.0955 -0.0629 0.9934
vn -0.0884 -0.0572 0.9944
vn -0.0878 -0.0567 0.9945
vn -0.0876 -0.0566 0.9946
vn -0.0292 -0.0494 0.9984
vn -0.0000 -0.0655 0.9979
vn 0.0292 -0.0494 0.9984
vn 0.0878 -0.0651 0.9940
vn 0.0955 -0.0575 0.9938
vn 0.0884 -0.0645 0.9940
vn 0.0875 -0.0653 0.9940
vn 0.1457 -0.0474 0.9882
vn 0.1901 -0.0640 0.9797
vn 0.2032 -0.0543 0.9776
vn 0.2601 -0.0507 0.9643
vn 0.2828 -0.0653 0.9569
vn 0.3160 -0.0484 0.9475
vn 0.3719 -0.0607 0.9263
vn 0.3731 -0.0596 0.9259
vn 0.3709 -0.0617 0.9266
vn 0.3706 -0.0620 0.9267
vn 0.4244 -0.0477 0.9042
vn 0.4596 -0.0648 0.8857
vn 0.4764 -0.0523 0.8777
vn 0.5268 -0.0522 0.8484
vn 0.5420 -0.0648 0.8379
vn 0.5755 -0.0477 0.8164
vn 0.6205 -0.0602 0.7819
vn 0.6195 -0.0613 0.7826
vn 0.6214 -0.0593 0.7812
vn 0.6217 -0.0590 0.7811
vn 0.6665 -0.0483 0.7440
vn 0.6910 -0.0652 0.7199
vn 0.7085 -0.0505 0.7039
vn 0.7567 -0.0549 0.6514
vn 0.7474 -0.0687 0.6608
vn 0.7855 -0.0472 0.6170
vn 0.8195 -0.0564 0.5703
vn 0.8148 -0.0626 0.5764
vn 0.8191 -0.0570 0.5708
vn 0.8196 -0.0563 0.5701
vn 0.8516 -0.0492 0.5218
vn 0.8656 -0.0652 0.4965
vn 0.8804 -0.0491 0.4716
vn 0.9092 -0.0572 0.4125
vn 0.9059 -0.0641 0.4187
vn 0.9056 -0.0647 0.4192
vn 0.9054 -0.0650 0.4195
vn 0.9291 -0.0472 0.3667
vn 0.9437 -0.0637 0.3245
vn 0.9485 -0.0540 0.3122
vn 0.9651 -0.0504 0.2569
vn 0.9701 -0.0650 0.2338
vn 0.9785 -0.0481 0.2007
vn 0.9882 -0.0593 0.1412
vn 0.9841 -0.1554 0.0855
vn 0.9627 -0.2572 0.0837
vn 0.9309 -0.3563 0.0809
vn 0.8889 -0.4516 0.0773
vn 0.8372 -0.5421 0.0728
vn 0.7763 -0.6268 0.0675
vn 0.7068 -0.7048 0.0614
vn 0.7068 -0.7047 0.0614
vn 0.6295 -0.7751 0.0547
vn 0.5451 -0.8370 0.0474
vn 0.4547 -0.8898 0.0395
vn 0.3591 -0.9328 0.0312
vn 0.2595 -0.9655 0.0226
vn -0.2595 -0.9655 -0.0226
vn -0.2595 -0.9655 -0.0225
vn -0.3591 -0.9328 -0.0312
vn -0.4547 -0.8898 -0.0395
vn -0.5451 -0.8370 -0.0474
vn -0.6295 -0.7751 -0.0547
vn -0.7068 -0.7047 -0.0614
vn -0.7763 -0.6268 -0.0675
vn -0.8372 -0.5421 -0.0728
vn -0.8889 -0.4516 -0.0773
vn -0.9309 -0.3563 -0.0809
vn -0.9627 -0.2572 -0.0837
vn -0.9841 -0.1554 -0.0855
vn 0.0854 -0.0000 -0.9963
vn -0.0854 -0.0000 -0.9963
vn -0.2535 -0.0000 -0.9673
vn -0.4141 -0.0000 -0.9102
vn -0.5625 -0.0000 -0.8268
vn -0.6943 -0.0000 -0.7197
vn -0.8059 -0.0000 -0.5921
vn -0.8941 -0.0000 -0.4478
vn -0.9567 -0.0000 -0.2911
vn -0.9920 -0.0000 -0.1262
vn -0.9991 -0.0000 0.0422
vn -0.9778 -0.0000 0.2094
vn -0.9287 -0.0000 0.3707
vn -0.9287 -0.0000 0.3708
vn -0.8531 -0.0000 0.5218
vn -0.7528 -0.0000 0.6582
vn -0.6307 -0.0000 0.7760
vn -0.4901 -0.0000 0.8716
vn -0.3351 -0.0000 0.9422
vn -0.1701 -0.0000 0.9854
vn 0.1701 -0.0000 0.9854
vn 0.3351 -0.0000 0.9422
vn 0.4901 -0.0000 0.8716
vn 0.6307 -0.0000 0.7760
vn 0.7528 -0.0000 0.6582
vn 0.8531 -0.0000 0.5218
vn 0.9287 -0.0000 0.3707
vn 0.9778 -0.0000 0.2094
vn 0.9991 -0.0000 0.0422
vn 0.9920 -0.0000 -0.1262
vn 0.9567 -0.0000 -0.2911
vn 0.8941 -0.0000 -0.4478
vn 0.8059 -0.0000 -0.5921
vn 0.6943 -0.0000 -0.7197
vn 0.5625 -0.0000 -0.8268
vn 0.4141 -0.0000 -0.9102
vn 0.4142 -0.0000 -0.9102
vn 0.2535 -0.0000 -0.9673
vn 0.0770 -0.0000 0.9970
vn -0.0770 -0.0000 0.9970
vn -0.2293 -0.0000 0.9734
vn -0.3759 -0.0000 0.9266
vn -0.5135 -0.0000 0.8581
vn -0.6387 -0.0000 0.7694
vn -0.7487 -0.0000 0.6629
vn -0.8410 -0.0000 0.5411
vn -0.9135 -0.0000 0.4068
vn -0.9647 -0.0000 0.2634
vn -0.9935 -0.0000 0.1139
vn -0.9993 -0.0000 -0.0381
vn -0.9819 -0.0000 -0.1892
vn -0.9418 -0.0000 -0.3360
vn -0.8798 -0.0000 -0.4753
vn -0.7972 -0.0000 -0.6037
vn -0.6958 -0.0000 -0.7182
vn -0.5778 -0.0000 -0.8161
vn -0.4461 -0.0000 -0.8950
vn -0.3035 -0.0000 -0.9528
vn -0.1536 -0.0000 -0.9881
vn 0.1536 -0.0000 -0.9881
vn 0.3035 -0.0000 -0.9528
vn 0.4461 -0.0000 -0.8950
vn 0.5778 -0.0000 -0.8161
vn 0.6958 -0.0000 -0.7182
vn 0.7972 -0.0000 -0.6037
vn 0.8798 -0.0000 -0.4753
vn 0.9418 -0.0000 -0.3360
vn 0.9418 -0.0000 -0.3361
vn 0.9819 -0.0000 -0.1892
vn 0.9993 -0.0000 -0.0381
vn 0.9935 -0.0000 0.1139
vn 0.9647 -0.0000 0.2634
vn 0.9135 -0.0000 0.4068
vn 0.8410 -0.0000 0.5411
vn 0.7487 -0.0000 0.6629
vn 0.6387 -0.0000 0.7694
vn 0.5135 -0.0000 0.8581
vn 0.3759 -0.0000 0.9266
vn 0.2293 -0.0000 0.9734
vn -0.2619 -0.0003 0.9651
vn -0.2293 -0.0010 0.9734
vn -0.1811 0.0009 0.9835
vn -0.0288 0.0009 0.9996
vn 0.1242 0.0009 0.9923
vn 0.2293 -0.0009 0.9734
vn 0.2742 0.0009 0.9617
vn 0.3759 -0.0009 0.9266
vn 0.4176 0.0009 0.9086
vn 0.5135 -0.0009 0.8581
vn 0.5511 0.0009 0.8344
vn 0.6387 -0.0009 0.7694
vn 0.6715 0.0009 0.7410
vn 0.7487 -0.0009 0.6629
vn 0.7762 0.0009 0.6305
vn 0.8410 -0.0009 0.5410
vn 0.8627 0.0008 0.5058
vn 0.9135 -0.0009 0.4068
vn 0.9292 0.0008 0.3696
vn 0.9647 -0.0008 0.2634
vn 0.9743 0.0008 0.2251
vn 0.9935 -0.0008 0.1139
vn 0.9971 0.0008 0.0756
vn 0.9993 -0.0008 -0.0381
vn 0.9971 0.0008 -0.0756
vn 0.9819 -0.0008 -0.1892
vn 0.9743 0.0008 -0.2251
vn 0.9418 -0.0008 -0.3360
vn 0.9292 0.0008 -0.3696
vn 0.8798 -0.0008 -0.4753
vn 0.8627 0.0008 -0.5058
vn 0.7972 -0.0008 -0.6037
vn 0.7762 0.0007 -0.6305
vn 0.6958 -0.0007 -0.7182
vn 0.6715 0.0007 -0.7410
vn 0.5779 -0.0007 -0.8161
vn 0.5511 0.0007 -0.8344
vn 0.4461 -0.0007 -0.8950
vn 0.4176 0.0007 -0.9086
vn 0.3035 -0.0007 -0.9528
vn 0.2742 0.0007 -0.9617
vn 0.1242 0.0007 -0.9923
vn -0.0288 0.0007 -0.9996
vn -0.1811 0.0006 -0.9835
vn -0.2628 -0.0002 -0.9648
vn -0.2853 -0.0006 -0.9584
vn -0.3136 -0.0015 -0.9495
vn -0.3107 -0.0014 -0.9505
vn -0.3064 -0.0012 -0.9519
vn -0.3035 -0.0010 -0.9528
vn -0.3582 -0.0000 -0.9336
vn -0.4044 -0.0001 -0.9146
vn -0.4482 -0.0012 -0.8939
vn -0.4461 -0.0014 -0.8950
vn -0.4523 -0.0010 -0.8919
vn -0.4548 -0.0009 -0.8906
vn -0.5144 0.0003 -0.8576
vn -0.5771 -0.0011 -0.8167
vn -0.5778 -0.0012 -0.8162
vn -0.5775 -0.0012 -0.8164
vn -0.5779 -0.0012 -0.8161
vn -0.6491 0.0006 -0.7607
vn -0.6958 -0.0017 -0.7182
vn -0.7175 0.0001 -0.6966
vn -0.7859 -0.0001 -0.6184
vn -0.7972 -0.0015 -0.6037
vn -0.8480 0.0013 -0.5299
vn -0.8798 -0.0020 -0.4753
vn -0.9042 0.0012 -0.4272
vn -0.9418 -0.0017 -0.3360
vn -0.9502 0.0005 -0.3116
vn -0.9819 -0.0006 -0.1896
vn -0.9819 -0.0007 -0.1892
vn -0.9980 0.0006 -0.0636
vn -0.9993 -0.0017 -0.0380
vn -0.9980 0.0014 0.0636
vn -0.9935 -0.0022 0.1139
vn -0.9819 0.0016 0.1893
vn -0.9647 -0.0022 0.2634
vn -0.9503 0.0013 0.3114
vn -0.9135 -0.0016 0.4068
vn -0.9040 0.0004 0.4275
vn -0.8476 -0.0001 0.5306
vn -0.8458 -0.0004 0.5335
vn -0.8427 -0.0009 0.5384
vn -0.8410 -0.0012 0.5410
vn -0.7863 0.0009 0.6178
vn -0.7487 -0.0019 0.6629
vn -0.7177 0.0005 0.6963
vn -0.6481 -0.0006 0.7615
vn -0.6455 -0.0008 0.7638
vn -0.6411 -0.0012 0.7674
vn -0.6387 -0.0014 0.7694
vn -0.5788 0.0005 0.8155
vn -0.5122 -0.0013 0.8589
vn -0.5126 -0.0013 0.8586
vn -0.5131 -0.0012 0.8583
vn -0.5135 -0.0012 0.8581
vn -0.4566 0.0002 0.8897
vn -0.4038 -0.0003 0.9149
vn -0.3759 -0.0014 0.9266
vn -0.3566 -0.0006 0.9343
vn -0.3189 -0.0000 0.9478
vn -0.2881 -0.0000 0.9576
s 1
f 1//1 2//1 3//1
f 3//2 2//2 4//2
f 3//3 4//3 5//3
f 5//4 4//5 6//5
f 5//4 6//5 7//4
f 7//6 6//6 8//6
f 7//6 8//6 9//6
f 9//7 8//8 10//8
f 9//7 10//8 11//7
f 11//9 10//10 12//10
f 11//9 12//10 13//9
f 13//11 12//12 14//13
f 13//11 14//13 15//14
f 2//15 1//15 16//15
f 16//16 1//16 17//16
f 16//17 17//17 18//17
f 18//18 17//18 19//18
f 18//19 19//19 20//19
f 20//20 19//20 21//20
f 20//21 21//21 22//21
f 22//22 21//22 23//22
f 22//23 23//23 24//23
f 24//24 23//24 25//24
f 24//25 25//25 26//25
f 26//26 25//26 27//26
f 26//27 27//27 28//27
f 28//28 27//28 29//29
f 28//28 29//29 30//28
f 30//30 29//30 31//30
f 30//31 31//32 32//31
f 32//33 31//33 33//33
f 32//34 33//34 34//34
f 34//35 33//36 35//36
f 34//37 35//37 36//37
f 36//38 35//38 37//39
f 36//40 37//40 38//40
f 38//41 37//41 39//41
f 38//42 39//42 40//42
f 40//43 39//43 41//43
f 41//44 39//44 42//44
f 41//45 42//46 43//47
f 43//47 42//46 44//48
f 43//49 44//50 45//51
f 45//51 44//50 46//52
f 45//53 46//54 47//55
f 47//56 46//56 48//56
f 47//56 48//56 49//56
f 49//57 48//58 50//58
f 49//57 50//58 51//57
f 51//59 50//59 52//59
f 51//59 52//59 53//59
f 53//60 52//60 54//60
f 53//60 54//60 55//60
f 55//61 54//61 56//61
f 55//62 56//62 57//62
f 29//63 58//63 31//63
f 31//64 58//64 59//64
f 31//33 59//33 33//33
f 33//65 59//65 60//65
f 33//36 60//36 35//36
f 35//66 60//67 61//67
f 35//38 61//68 37//39
f 37//69 61//69 62//69
f 37//41 62//41 39//41
f 39//70 62//71 42//71
f 58//72 63//72 59//72
f 59//73 63//73 64//73
f 59//65 64//65 60//65
f 60//74 64//74 65//75
f 60//67 65//67 61//67
f 61//76 65//76 66//77
f 61//69 66//69 62//69
f 62//78 66//78 67//78
f 62//71 67//71 42//71
f 42//79 67//79 44//79
f 63//80 68//80 64//80
f 64//81 68//81 69//81
f 64//74 69//75 65//75
f 65//82 69//82 70//82
f 65//76 70//77 66//77
f 66//83 70//83 71//84
f 66//78 71//78 67//78
f 67//85 71//85 72//85
f 67//79 72//79 44//79
f 44//86 72//86 46//86
f 68//87 73//87 69//87
f 69//88 73//88 74//88
f 69//82 74//82 70//82
f 70//89 74//89 75//89
f 70//83 75//84 71//84
f 71//90 75//90 76//91
f 71//85 76//85 72//85
f 72//92 76//92 48//93
f 72//86 48//86 46//86
f 73//94 77//94 74//94
f 74//95 77//95 78//95
f 74//89 78//89 75//89
f 75//96 78//96 79//97
f 75//90 79//91 76//91
f 76//98 79//98 50//99
f 76//92 50//93 48//93
f 77//100 80//100 78//100
f 78//101 80//101 81//101
f 78//96 81//97 79//97
f 79//102 81//102 52//102
f 79//98 52//99 50//99
f 80//103 56//103 81//103
f 81//104 56//104 54//104
f 81//102 54//102 52//102
f 55//105 57//105 82//105
f 82//106 57//106 83//106
f 82//107 83//107 84//107
f 84//108 83//108 85//108
f 84//109 85//109 86//109
f 86//110 85//110 87//110
f 86//111 87//111 88//111
f 88//112 87//112 89//112
f 88//113 89//113 90//113
f 90//114 89//114 91//114
f 90//115 91//115 92//115
f 92//116 91//116 93//116
f 92//117 93//117 94//117
f 94//118 93//118 95//118
f 94//118 95//118 96//118
f 96//119 95//119 97//119
f 96//120 97//121 98//121
f 98//122 97//122 99//123
f 98//124 99//124 100//124
f 100//125 99//126 101//126
f 100//127 101//128 102//128
f 102//129 101//129 103//129
f 102//130 103//131 104//131
f 104//132 103//132 105//133
f 104//134 105//134 106//134
f 106//135 105//135 107//135
f 107//136 105//136 108//136
f 107//137 108//138 15//139
f 15//139 108//138 13//140
f 95//141 109//141 97//141
f 97//142 109//142 110//142
f 97//122 110//123 99//123
f 99//143 110//144 111//145
f 99//126 111//126 101//126
f 101//146 111//146 112//147
f 101//129 112//129 103//129
f 103//148 112//148 113//149
f 103//132 113//133 105//133
f 105//150 113//150 108//151
f 109//152 114//152 110//152
f 110//153 114//153 115//153
f 110//144 115//145 111//145
f 111//154 115//154 116//155
f 111//146 116//147 112//147
f 112//156 116//156 117//157
f 112//148 117//149 113//149
f 113//158 117//158 118//158
f 113//150 118//151 108//151
f 108//159 118//159 13//159
f 114//160 119//160 115//160
f 115//161 119//161 120//161
f 115//154 120//155 116//155
f 116//162 120//162 121//162
f 116//156 121//157 117//157
f 117//163 121//163 122//164
f 117//158 122//158 118//158
f 118//165 122//165 11//165
f 118//159 11//159 13//159
f 119//166 123//166 120//166
f 120//167 123//167 124//167
f 120//162 124//162 121//162
f 121//168 124//168 125//169
f 121//163 125//164 122//164
f 122//170 125//170 9//170
f 122//165 9//165 11//165
f 123//171 126//171 124//171
f 124//172 126//172 127//172
f 124//168 127//173 125//169
f 125//174 127//174 7//175
f 125//170 7//170 9//170
f 126//176 128//176 127//176
f 127//177 128//177 5//177
f 127//174 5//175 7//175
f 128//178 3//178 5//178
f 106//179 129//179 104//179
f 104//180 129//180 130//180
f 104//131 130//130 102//130
f 102//181 130//181 131//181
f 102//128 131//127 100//127
f 100//182 131//182 132//183
f 100//124 132//124 98//124
f 98//184 132//184 133//185
f 98//121 133//120 96//120
f 96//186 133//187 94//187
f 129//188 134//188 130//188
f 130//189 134//189 135//189
f 130//181 135//181 131//181
f 131//190 135//190 136//191
f 131//182 136//183 132//183
f 132//192 136//192 137//192
f 132//184 137//185 133//185
f 133//193 137//193 138//193
f 133//187 138//187 94//187
f 94//194 138//194 92//195
f 134//196 139//196 135//196
f 135//197 139//197 140//197
f 135//190 140//191 136//191
f 136//198 140//198 141//198
f 136//192 141//192 137//192
f 137//199 141//199 142//199
f 137//193 142//193 138//193
f 138//200 142//200 143//201
f 138//194 143//195 92//195
f 92//202 143//203 90//203
f 139//204 144//204 140//204
f 140//205 144//205 145//205
f 140//198 145//198 141//198
f 141//206 145//206 146//206
f 141//199 146//199 142//199
f 142//207 146//207 147//207
f 142//200 147//201 143//201
f 143//208 147//208 148//208
f 143//203 148//203 90//203
f 90//209 148//209 88//210
f 144//211 149//211 145//211
f 145//212 149//212 150//212
f 145//206 150//213 146//206
f 146//214 150//214 151//214
f 146//207 151//207 147//207
f 147//215 151//215 152//215
f 147//208 152//208 148//208
f 148//216 152//216 153//216
f 148//209 153//210 88//210
f 88//217 153//217 86//218
f 149//219 154//219 150//219
f 150//220 154//220 155//220
f 150//214 155//214 151//214
f 151//221 155//221 156//222
f 151//215 156//215 152//215
f 152//223 156//223 157//223
f 152//216 157//216 153//216
f 153//224 157//224 158//225
f 153//217 158//218 86//218
f 86//226 158//226 84//227
f 154//228 159//228 155//228
f 155//229 159//229 160//229
f 155//221 160//222 156//222
f 156//230 160//230 161//230
f 156//223 161//223 157//223
f 157//231 161//231 162//231
f 157//224 162//225 158//225
f 158//232 162//232 163//232
f 158//226 163//227 84//227
f 84//233 163//233 82//234
f 159//235 164//235 160//235
f 160//236 164//236 165//236
f 160//230 165//230 161//230
f 161//237 165//237 166//238
f 161//231 166//231 162//231
f 162//239 166//239 167//240
f 162//232 167//232 163//232
f 163//241 167//241 168//242
f 163//233 168//234 82//234
f 82//243 168//243 55//244
f 164//245 169//245 165//245
f 165//246 169//246 170//246
f 165//237 170//238 166//238
f 166//247 170//247 171//248
f 166//239 171//240 167//240
f 167//249 171//249 172//249
f 167//241 172//250 168//242
f 168//251 172//252 53//252
f 168//243 53//244 55//244
f 169//253 173//253 170//253
f 170//254 173//254 174//254
f 170//247 174//248 171//248
f 171//255 174//255 175//256
f 171//249 175//249 172//249
f 172//257 175//258 51//259
f 172//252 51//252 53//252
f 173//260 176//260 174//260
f 174//261 176//261 177//261
f 174//255 177//256 175//256
f 175//262 177//262 49//262
f 175//258 49//259 51//259
f 176//263 178//264 177//265
f 177//265 178//264 47//266
f 177//262 47//262 49//262
f 178//267 45//53 47//55
f 40//268 179//268 38//268
f 38//269 179//269 180//269
f 38//40 180//40 36//40
f 36//270 180//270 181//270
f 36//37 181//37 34//37
f 34//271 181//272 182//272
f 34//34 182//34 32//34
f 32//273 182//274 183//274
f 32//31 183//31 30//31
f 30//275 183//275 28//276
f 179//277 184//277 180//277
f 180//278 184//278 185//278
f 180//270 185//270 181//270
f 181//279 185//279 186//280
f 181//272 186//272 182//272
f 182//281 186//281 187//281
f 182//274 187//274 183//274
f 183//282 187//282 188//282
f 183//275 188//276 28//276
f 28//283 188//283 26//284
f 184//285 189//285 185//285
f 185//286 189//286 190//286
f 185//279 190//280 186//280
f 186//287 190//287 191//287
f 186//281 191//281 187//281
f 187//288 191//288 192//288
f 187//282 192//282 188//282
f 188//289 192//289 193//290
f 188//283 193//284 26//284
f 26//291 193//291 24//291
f 189//292 194//292 190//292
f 190//293 194//293 195//293
f 190//287 195//287 191//287
f 191//294 195//294 196//295
f 191//288 196//288 192//288
f 192//296 196//296 197//296
f 192//289 197//290 193//290
f 193//297 197//297 198//297
f 193//291 198//291 24//291
f 24//298 198//298 22//299
f 194//300 199//300 195//300
f 195//301 199//301 200//301
f 195//294 200//295 196//295
f 196//302 200//302 201//302
f 196//296 201//296 197//296
f 197//303 201//303 202//303
f 197//297 202//297 198//297
f 198//304 202//305 203//305
f 198//298 203//306 22//299
f 22//307 203//308 20//309
f 199//310 204//310 200//310
f 200//311 204//311 205//311
f 200//302 205//302 201//302
f 201//312 205//312 206//312
f 201//303 206//303 202//303
f 202//313 206//314 207//314
f 202//305 207//305 203//305
f 203//315 207//315 208//315
f 203//308 208//309 20//309
f 20//316 208//316 18//316
f 204//317 209//317 205//317
f 205//318 209//318 210//318
f 205//312 210//312 206//312
f 206//319 210//319 211//319
f 206//314 211//314 207//314
f 207//320 211//320 212//320
f 207//315 212//321 208//315
f 208//322 212//322 213//322
f 208//316 213//316 18//316
f 18//323 213//323 16//323
f 209//324 214//324 210//324
f 210//325 214//325 215//325
f 210//319 215//319 211//319
f 211//326 215//326 216//326
f 211//320 216//320 212//320
f 212//327 216//327 217//328
f 212//322 217//322 213//322
f 213//329 217//329 218//330
f 213//323 218//331 16//323
f 16//332 218//332 2//333
f 214//334 219//334 215//334
f 215//335 219//335 220//335
f 215//326 220//326 216//326
f 216//336 220//336 221//337
f 216//327 221//328 217//328
f 217//338 221//338 222//338
f 217//329 222//339 218//330
f 218//340 222//341 223//342
f 218//332 223//333 2//333
f 2//343 223//343 4//344
f 219//345 224//345 220//345
f 220//346 224//346 225//346
f 220//336 225//337 221//337
f 221//347 225//347 226//347
f 221//338 226//338 222//338
f 222//348 226//348 227//348
f 222//341 227//342 223//342
f 223//349 227//349 6//349
f 223//343 6//344 4//344
f 224//350 228//350 225//350
f 225//351 228//351 229//351
f 225//347 229//352 226//347
f 226//353 229//353 230//353
f 226//348 230//348 227//348
f 227//354 230//354 8//354
f 227//349 8//349 6//349
f 228//355 231//356 229//357
f 229//357 231//356 232//358
f 229//353 232//353 230//353
f 230//359 232//359 10//360
f 230//354 10//361 8//354
f 231//362 14//363 232//364
f 232//364 14//363 12//365
f 232//359 12//360 10//360
f 233//366 234//366 14//366
f 14//366 234//366 235//366
f 14//366 235//366 15//366
f 15//366 235//366 236//366
f 15//366 236//366 107//366
f 107//366 236//366 237//366
f 107//366 237//366 106//366
f 106//366 237//366 238//366
f 106//366 238//366 129//366
f 129//366 238//366 239//366
f 129//366 239//366 134//366
f 134//366 239//366 240//366
f 134//366 240//366 139//366
f 139//366 240//366 241//366
f 139//366 241//366 144//366
f 144//366 241//366 242//366
f 144//366 242//366 149//366
f 149//366 242//366 243//366
f 149//366 243//366 154//366
f 154//366 243//366 244//366
f 154//366 244//366 159//366
f 159//366 244//366 245//366
f 159//366 245//366 164//366
f 164//366 245//366 246//366
f 164//366 246//366 169//366
f 169//366 246//366 247//366
f 169//366 247//366 173//366
f 173//366 247//366 248//366
f 173//366 248//366 176//366
f 176//366 248//366 249//366
f 176//366 249//366 178//366
f 178//366 249//366 250//366
f 178//366 250//366 45//366
f 45//366 250//366 251//366
f 45//366 251//366 43//366
f 43//366 251//366 252//366
f 43//366 252//366 41//366
f 41//366 252//366 253//366
f 41//366 253//366 40//366
f 40//366 253//366 254//366
f 40//366 254//366 179//366
f 179//366 254//366 255//366
f 179//366 255//366 184//366
f 184//366 255//366 256//366
f 184//366 256//366 189//366
f 189//366 256//366 257//366
f 189//366 257//366 194//366
f 194//366 257//366 258//366
f 194//366 258//366 199//366
f 199//366 258//366 259//366
f 199//366 259//366 204//366
f 204//366 259//366 260//366
f 204//366 260//366 209//366
f 209//366 260//366 261//366
f 209//366 261//366 214//366
f 214//366 261//366 262//366
f 214//366 262//366 219//366
f 219//366 262//366 263//366
f 219//366 263//366 224//366
f 224//366 263//366 264//366
f 224//366 264//366 228//366
f 228//366 264//366 265//366
f 228//366 265//366 231//366
f 231//366 265//366 233//366
f 231//366 233//366 14//366
f 266//367 1//367 267//367
f 267//367 1//367 3//367
f 267//368 3//368 268//368
f 268//368 3//368 128//368
f 268//369 128//369 269//369
f 269//369 128//369 126//369
f 269//370 126//370 270//370
f 270//370 126//370 123//370
f 270//371 123//371 271//371
f 271//371 123//371 119//371
f 271//372 119//372 272//372
f 272//372 119//372 114//372
f 272//373 114//373 273//373
f 273//373 114//373 109//373
f 273//374 109//374 274//374
f 274//374 109//374 95//374
f 274//375 95//375 275//375
f 275//375 95//375 93//375
f 275//376 93//376 276//376
f 276//376 93//376 91//376
f 276//377 91//377 277//377
f 277//377 91//377 89//377
f 277//378 89//378 278//378
f 278//378 89//378 87//378
f 278//379 87//379 279//379
f 279//379 87//379 85//379
f 279//380 85//380 280//380
f 280//380 85//380 83//380
f 280//381 83//381 281//381
f 281//381 83//381 57//381
f 281//382 57//382 282//382
f 282//382 57//382 56//382
f 282//383 56//383 283//383
f 283//383 56//383 80//383
f 283//384 80//384 284//384
f 284//384 80//384 77//384
f 284//385 77//385 285//385
f 285//385 77//385 73//385
f 285//386 73//386 286//386
f 286//386 73//386 68//386
f 286//387 68//388 287//387
f 287//387 68//388 63//388
f 287//389 63//389 288//389
f 288//389 63//389 58//389
f 288//390 58//390 289//390
f 289//390 58//390 29//390
f 289//391 29//391 290//391
f 290//391 29//391 27//391
f 290//392 27//392 291//392
f 291//392 27//392 25//392
f 291//393 25//393 292//393
f 292//393 25//393 23//393
f 292//394 23//395 293//394
f 293//394 23//395 21//395
f 293//396 21//396 294//396
f 294//396 21//396 19//396
f 294//397 19//397 295//397
f 295//397 19//397 17//397
f 295//398 17//398 266//398
f 266//398 17//398 1//398
f 296//399 297//399 298//399
f 298//400 297//400 299//400
f 298//401 299//401 300//401
f 300//402 299//402 301//402
f 300//403 301//403 302//403
f 302//404 301//404 303//404
f 302//405 303//405 304//405
f 304//406 303//406 305//406
f 304//407 305//407 306//407
f 306//408 305//408 307//408
f 306//409 307//409 308//409
f 308//410 307//410 309//410
f 308//411 309//411 310//411
f 310//412 309//412 311//412
f 310//413 311//413 312//413
f 312//414 311//414 313//414
f 312//415 313//415 314//415
f 314//416 313//416 315//416
f 314//417 315//417 316//417
f 316//418 315//418 317//418
f 316//419 317//419 318//419
f 318//420 317//420 319//420
f 318//421 319//421 320//421
f 320//422 319//422 321//422
f 320//423 321//423 322//423
f 322//424 321//424 323//424
f 322//425 323//425 324//425
f 324//426 323//426 325//426
f 324//427 325//427 326//427
f 326//428 325//428 327//428
f 326//429 327//429 328//429
f 328//430 327//430 329//430
f 328//431 329//431 330//431
f 330//432 329//432 331//432
f 330//433 331//433 332//433
f 332//434 331//434 333//434
f 332//435 333//435 334//435
f 334//436 333//436 335//436
f 334//437 335//437 336//437
f 336//438 335//438 337//438
f 336//439 337//439 338//439
f 338//440 337//440 339//440
f 338//441 339//441 340//441
f 340//442 339//442 341//442
f 340//443 341//443 342//443
f 342//444 341//444 343//444
f 342//445 343//445 344//445
f 344//446 343//446 345//446
f 344//447 345//447 346//447
f 346//448 345//448 347//448
f 346//449 347//449 348//449
f 348//450 347//450 349//450
f 348//451 349//451 350//451
f 350//452 349//452 351//452
f 350//453 351//453 352//453
f 352//454 351//454 353//454
f 352//455 353//455 354//455
f 354//456 353//456 355//456
f 354//457 355//457 356//457
f 356//458 355//458 357//458
f 356//459 357//459 358//459
f 358//460 357//460 359//460
f 358//461 359//461 360//461
f 360//462 359//462 361//462
f 360//463 361//463 362//463
f 362//464 361//464 363//464
f 362//465 363//465 364//465
f 364//466 363//466 365//466
f 364//467 365//467 296//467
f 296//468 365//468 297//468
f 233//469 366//469 234//469
f 234//470 366//470 367//470
f 234//471 367//471 235//471
f 235//472 367//472 368//472
f 235//473 368//473 236//473
f 236//474 368//474 369//474
f 236//475 369//475 237//475
f 237//476 369//476 370//476
f 237//477 370//477 238//477
f 238//478 370//478 371//478
f 238//479 371//479 239//479
f 239//480 371//480 372//480
f 239//481 372//481 240//481
f 240//482 372//482 373//482
f 240//483 373//484 241//485
f 241//485 373//484 374//486
f 241//487 374//488 242//489
f 242//489 374//488 375//490
f 242//491 375//492 376//493
f 376//494 375//495 377//494
f 376//494 377//494 378//494
f 378//496 377//496 379//496
f 378//496 379//496 380//496
f 380//497 379//497 381//497
f 380//497 381//497 382//497
f 382//498 381//499 351//499
f 382//498 351//499 349//498
f 366//500 233//500 383//500
f 383//501 233//501 265//501
f 383//502 265//502 384//502
f 384//503 265//503 264//503
f 384//504 264//504 385//504
f 385//505 264//505 263//505
f 385//506 263//506 386//506
f 386//507 263//507 262//507
f 386//508 262//508 387//508
f 387//509 262//509 261//509
f 387//510 261//510 388//510
f 388//511 261//512 260//513
f 388//511 260//513 389//514
f 389//515 260//516 259//517
f 389//515 259//517 390//518
f 390//519 259//520 391//521
f 390//522 391//522 392//522
f 392//523 391//523 393//523
f 392//524 393//525 394//525
f 394//526 393//526 395//527
f 394//528 395//529 396//529
f 396//530 395//530 397//530
f 396//531 397//532 323//532
f 323//533 397//533 325//534
f 259//520 258//535 391//521
f 391//536 258//537 398//538
f 391//523 398//523 393//523
f 393//539 398//539 399//539
f 393//526 399//527 395//527
f 395//540 399//540 400//541
f 395//530 400//530 397//530
f 397//542 400//542 401//543
f 397//533 401//534 325//534
f 325//544 401//544 327//545
f 258//537 257//546 398//538
f 398//547 257//547 402//547
f 398//539 402//539 399//539
f 399//548 402//548 403//549
f 399//540 403//541 400//541
f 400//550 403//550 404//551
f 400//542 404//543 401//543
f 401//552 404//552 405//552
f 401//544 405//545 327//545
f 327//553 405//553 329//553
f 257//554 256//554 402//554
f 402//555 256//555 406//555
f 402//548 406//549 403//549
f 403//556 406//556 407//556
f 403//550 407//551 404//551
f 404//557 407//557 408//557
f 404//552 408//552 405//552
f 405//558 408//558 409//558
f 405//553 409//553 329//553
f 329//559 409//560 331//561
f 256//562 255//562 406//562
f 406//563 255//563 410//563
f 406//556 410//556 407//556
f 407//564 410//564 411//564
f 407//557 411//557 408//557
f 408//565 411//565 412//565
f 408//558 412//558 409//558
f 409//566 412//566 413//566
f 409//560 413//561 331//561
f 331//567 413//567 333//568
f 255//569 254//569 410//569
f 410//570 254//570 414//570
f 410//564 414//564 411//564
f 411//571 414//571 415//572
f 411//565 415//565 412//565
f 412//573 415//573 416//573
f 412//566 416//566 413//566
f 413//574 416//574 417//575
f 413//567 417//568 333//568
f 333//576 417//576 335//577
f 254//578 253//578 414//578
f 414//579 253//579 418//579
f 414//571 418//572 415//572
f 415//580 418//580 419//580
f 415//573 419//573 416//573
f 416//581 419//581 420//582
f 416//574 420//575 417//575
f 417//583 420//583 421//584
f 417//576 421//577 335//577
f 335//585 421//585 337//586
f 253//587 252//587 418//587
f 418//588 252//588 422//588
f 418//580 422//580 419//580
f 419//589 422//589 423//589
f 419//581 423//582 420//582
f 420//590 423//590 424//591
f 420//583 424//584 421//584
f 421//592 424//592 425//592
f 421//585 425//586 337//586
f 337//593 425//593 339//594
f 252//595 251//595 422//595
f 422//596 251//596 426//596
f 422//589 426//589 423//589
f 423//597 426//597 427//597
f 423//590 427//591 424//591
f 424//598 427//598 428//598
f 424//592 428//592 425//592
f 425//599 428//599 429//600
f 425//593 429//594 339//594
f 339//601 429//601 341//601
f 251//602 250//602 426//602
f 426//603 250//603 430//603
f 426//597 430//597 427//597
f 427//604 430//604 431//604
f 427//598 431//598 428//598
f 428//605 431//605 432//605
f 428//599 432//600 429//600
f 429//606 432//606 433//606
f 429//601 433//607 341//601
f 341//608 433//608 343//609
f 250//610 249//610 430//610
f 430//611 249//611 434//611
f 430//604 434//604 431//604
f 431//612 434//612 435//612
f 431//605 435//605 432//605
f 432//613 435//613 436//613
f 432//606 436//606 433//606
f 433//614 436//614 437//615
f 433//608 437//616 343//609
f 343//617 437//617 345//617
f 249//618 248//618 434//618
f 434//619 248//619 438//619
f 434//612 438//612 435//612
f 435//620 438//620 439//620
f 435//613 439//613 436//613
f 436//621 439//621 440//622
f 436//614 440//615 437//615
f 437//623 440//623 441//623
f 437//617 441//617 345//617
f 345//624 441//624 347//625
f 248//626 247//626 438//626
f 438//627 247//627 442//627
f 438//620 442//620 439//620
f 439//628 442//628 443//628
f 439//621 443//622 440//622
f 440//629 443//629 444//630
f 440//623 444//623 441//623
f 441//631 444//632 445//633
f 441//624 445//625 347//625
f 347//634 445//634 349//634
f 247//635 246//635 442//635
f 442//636 246//636 446//636
f 442//628 446//628 443//628
f 443//637 446//637 447//638
f 443//629 447//630 444//630
f 444//639 447//639 448//640
f 444//632 448//633 445//633
f 445//641 448//641 382//642
f 445//634 382//634 349//634
f 246//643 245//643 446//643
f 446//644 245//644 449//644
f 446//637 449//638 447//638
f 447//645 449//645 450//646
f 447//639 450//640 448//640
f 448//647 450//647 380//647
f 448//641 380//642 382//642
f 245//648 244//648 449//648
f 449//649 244//649 451//649
f 449//645 451//646 450//646
f 450//650 451//650 378//650
f 450//647 378//647 380//647
f 244//651 243//652 451//653
f 451//653 243//652 376//654
f 451//650 376//650 378//650
f 243//655 242//491 376//493
f 297//656 452//656 299//656
f 299//656 452//656 453//656
f 299//657 453//658 301//658
f 301//658 453//658 454//658
f 301//659 454//659 303//660
f 303//660 454//659 455//660
f 303//661 455//661 305//662
f 305//662 455//661 456//662
f 305//663 456//663 307//664
f 307//664 456//663 457//664
f 307//665 457//665 309//666
f 309//666 457//665 458//666
f 309//667 458//667 311//668
f 311//668 458//667 459//668
f 311//669 459//669 313//669
f 313//669 459//669 460//669
f 313//670 460//670 315//670
f 315//670 460//670 461//670
f 315//671 461//671 317//671
f 317//671 461//671 462//671
f 317//672 462//672 319//672
f 319//672 462//672 463//672
f 319//673 463//673 321//674
f 321//674 463//673 396//674
f 321//531 396//531 323//532
f 452//675 464//675 453//675
f 453//675 464//675 465//675
f 453//676 465//676 454//676
f 454//676 465//676 466//676
f 454//677 466//677 455//678
f 455//678 466//677 467//678
f 455//679 467//679 456//680
f 456//680 467//679 468//680
f 456//681 468//682 457//682
f 457//682 468//682 469//682
f 457//683 469//683 458//684
f 458//684 469//683 470//684
f 458//685 470//685 459//685
f 459//685 470//685 471//685
f 459//686 471//686 460//687
f 460//687 471//686 472//687
f 460//688 472//688 461//689
f 461//689 472//688 473//689
f 461//690 473//690 462//690
f 462//690 473//690 474//690
f 462//691 474//691 463//691
f 463//691 474//691 394//691
f 463//528 394//528 396//529
f 452//692 297//692 475//693
f 475//693 297//692 365//693
f 475//694 365//694 476//695
f 476//695 365//694 363//695
f 476//696 363//696 477//697
f 477//697 363//696 361//697
f 477//698 361//698 478//698
f 478//698 361//698 359//698
f 478//699 359//699 479//700
f 479//700 359//699 357//700
f 479//701 357//701 480//702
f 480//702 357//701 355//702
f 480//703 355//703 481//703
f 481//703 355//703 353//703
f 481//704 353//704 381//705
f 381//705 353//704 351//705
f 464//706 482//707 465//707
f 465//707 482//707 483//707
f 465//708 483//708 466//709
f 466//709 483//708 484//709
f 466//710 484//710 467//710
f 467//710 484//710 485//710
f 467//711 485//711 468//712
f 468//712 485//711 486//712
f 468//713 486//713 469//713
f 469//713 486//713 487//713
f 469//714 487//714 470//714
f 470//714 487//714 488//714
f 470//715 488//715 471//715
f 471//715 488//715 489//715
f 471//716 489//716 472//717
f 472//717 489//716 490//717
f 472//718 490//718 473//718
f 473//718 490//718 491//718
f 473//719 491//719 474//719
f 474//719 491//719 392//719
f 474//524 392//524 394//525
f 464//720 452//720 492//721
f 492//721 452//720 475//722
f 492//723 475//723 493//724
f 493//724 475//723 476//724
f 493//725 476//725 494//725
f 494//725 476//725 477//725
f 494//726 477//726 495//726
f 495//726 477//726 478//726
f 495//727 478//728 496//728
f 496//728 478//728 479//728
f 496//729 479//729 497//729
f 497//729 479//729 480//729
f 497//730 480//730 498//730
f 498//730 480//730 481//730
f 498//731 481//731 379//732
f 379//732 481//731 381//732
f 482//733 367//733 483//733
f 483//733 367//733 366//733
f 483//734 366//734 484//735
f 484//735 366//734 383//735
f 484//736 383//736 485//736
f 485//736 383//736 384//736
f 485//737 384//737 486//737
f 486//737 384//737 385//737
f 486//738 385//738 487//738
f 487//738 385//738 386//738
f 487//739 386//739 488//739
f 488//739 386//739 387//739
f 488//740 387//740 489//740
f 489//740 387//740 388//740
f 489//741 388//742 490//743
f 490//743 388//742 389//743
f 490//744 389//744 491//745
f 491//745 389//744 390//745
f 491//522 390//522 392//522
f 482//746 464//746 499//747
f 499//747 464//746 492//747
f 499//748 492//748 500//749
f 500//749 492//748 493//749
f 500//750 493//750 501//751
f 501//751 493//750 494//751
f 501//752 494//752 502//752
f 502//752 494//752 495//752
f 502//753 495//753 503//753
f 503//753 495//753 496//753
f 503//754 496//754 504//755
f 504//755 496//754 497//755
f 504//756 497//756 505//757
f 505//757 497//756 498//757
f 505//758 498//758 377//758
f 377//758 498//758 379//758
f 367//759 482//759 368//760
f 368//760 482//759 499//761
f 368//762 499//763 369//763
f 369//763 499//763 500//763
f 369//764 500//764 370//765
f 370//765 500//764 501//765
f 370//766 501//766 371//767
f 371//767 501//766 502//767
f 371//768 502//768 372//768
f 372//768 502//768 503//768
f 372//769 503//769 373//769
f 373//769 503//769 504//769
f 373//770 504//770 374//771
f 374//771 504//770 505//771
f 374//772 505//772 375//772
f 375//772 505//772 377//772
f 506//773 296//773 507//773
f 507//773 296//773 298//773
f 507//774 298//774 508//774
f 508//774 298//774 300//774
f 508//775 300//775 509//775
f 509//775 300//775 302//775
f 509//776 302//776 510//776
f 510//776 302//776 304//776
f 510//777 304//777 511//777
f 511//777 304//777 306//777
f 511//778 306//778 512//778
f 512//778 306//778 308//778
f 512//779 308//779 513//779
f 513//779 308//779 310//779
f 513//780 310//780 514//780
f 514//780 310//780 312//780
f 514//781 312//781 515//781
f 515//781 312//781 314//781
f 515//782 314//782 516//782
f 516//782 314//782 316//782
f 516//783 316//783 517//783
f 517//783 316//783 318//783
f 517//784 318//784 518//784
f 518//784 318//784 320//784
f 518//785 320//785 519//785
f 519//785 320//785 322//785
f 519//786 322//786 520//786
f 520//786 322//786 324//786
f 520//787 324//787 521//787
f 521//787 324//787 326//787
f 521//788 326//788 522//788
f 522//788 326//788 328//788
f 522//789 328//789 523//789
f 523//789 328//789 330//789
f 523//790 330//790 524//790
f 524//790 330//790 332//790
f 524//791 332//791 525//791
f 525//791 332//791 334//791
f 525//792 334//792 526//792
f 526//792 334//792 336//792
f 526//793 336//793 527//793
f 527//793 336//793 338//793
f 527//794 338//794 528//794
f 528//794 338//794 340//794
f 528//795 340//795 529//795
f 529//795 340//795 342//795
f 529//796 342//796 530//796
f 530//796 342//796 344//796
f 530//797 344//797 531//797
f 531//797 344//797 346//797
f 531//798 346//798 532//798
f 532//798 346//798 348//798
f 532//799 348//799 533//799
f 533//799 348//799 350//799
f 533//800 350//800 534//800
f 534//800 350//800 352//800
f 534//801 352//801 535//801
f 535//801 352//801 354//801
f 535//802 354//802 536//802
f 536//802 354//802 356//802
f 536//803 356//803 537//803
f 537//803 356//803 358//803
f 537//804 358//804 538//804
f 538//804 358//804 360//804
f 538//805 360//805 539//805
f 539//805 360//805 362//805
f 539//806 362//806 540//806
f 540//806 362//806 364//806
f 540//807 364//807 506//807
f 506//807 364//807 296//807
f 541//399 542//399 543//399
f 543//808 542//808 544//808
f 543//401 544//401 545//401
f 545//809 544//809 546//809
f 545//810 546//810 547//810
f 547//404 546//404 548//404
f 547//405 548//405 549//405
f 549//406 548//406 550//406
f 549//811 550//811 551//811
f 551//408 550//408 552//408
f 551//409 552//409 553//409
f 553//410 552//410 554//410
f 553//812 554//812 555//812
f 555//412 554//412 556//412
f 555//413 556//413 557//413
f 557//414 556//414 558//414
f 557//415 558//415 559//415
f 559//416 558//416 560//416
f 559//417 560//417 561//417
f 561//418 560//418 562//418
f 561//419 562//419 563//419
f 563//420 562//420 564//420
f 563//421 564//421 565//421
f 565//422 564//422 566//422
f 565//423 566//423 567//423
f 567//424 566//424 568//424
f 567//813 568//813 569//813
f 569//814 568//814 570//814
f 569//427 570//427 571//427
f 571//428 570//428 572//428
f 571//815 572//815 573//815
f 573//430 572//430 574//430
f 573//431 574//431 575//431
f 575//816 574//816 576//816
f 575//817 576//817 577//817
f 577//818 576//818 578//818
f 577//435 578//435 579//435
f 579//819 578//819 580//819
f 579//820 580//820 581//820
f 581//821 580//821 582//821
f 581//439 582//439 583//439
f 583//440 582//440 584//440
f 583//822 584//822 585//822
f 585//442 584//442 586//442
f 585//443 586//443 587//443
f 587//823 586//823 588//823
f 587//445 588//445 589//445
f 589//824 588//824 590//824
f 589//447 590//447 591//447
f 591//448 590//448 592//448
f 591//449 592//449 593//449
f 593//450 592//450 594//450
f 593//451 594//451 595//451
f 595//452 594//452 596//452
f 595//453 596//453 597//453
f 597//454 596//454 598//454
f 597//455 598//455 599//455
f 599//456 598//456 600//456
f 599//457 600//457 601//457
f 601//458 600//458 602//458
f 601//459 602//459 603//459
f 603//460 602//460 604//460
f 603//461 604//461 605//461
f 605//825 604//825 606//825
f 605//826 606//826 607//826
f 607//827 606//827 608//827
f 607//465 608//465 609//465
f 609//466 608//466 610//466
f 609//467 610//467 541//467
f 541//828 610//828 542//828
f 611//469 612//469 613//469
f 613//470 612//470 614//470
f 613//471 614//471 615//471
f 615//472 614//472 616//472
f 615//473 616//473 617//473
f 617//474 616//474 618//474
f 617//475 618//475 619//475
f 619//476 618//476 620//476
f 619//477 620//477 621//477
f 621//478 620//478 622//478
f 621//479 622//479 623//479
f 623//480 622//480 624//480
f 623//481 624//481 625//481
f 625//829 624//829 626//829
f 625//830 626//484 627//485
f 627//485 626//484 628//486
f 627//487 628//488 629//489
f 629//489 628//488 630//490
f 629//491 630//492 631//831
f 631//494 630//495 632//494
f 631//494 632//494 633//494
f 633//496 632//496 634//496
f 633//496 634//496 635//496
f 635//497 634//497 636//497
f 635//497 636//497 637//497
f 637//498 636//499 596//499
f 637//498 596//499 594//498
f 612//500 611//500 638//500
f 638//501 611//501 639//501
f 638//502 639//502 640//502
f 640//503 639//503 641//503
f 640//504 641//504 642//504
f 642//505 641//505 643//505
f 642//506 643//506 644//506
f 644//507 643//507 645//507
f 644//508 645//508 646//508
f 646//509 645//509 647//509
f 646//510 647//510 648//510
f 648//511 647//832 649//513
f 648//511 649//513 650//514
f 650//515 649//516 651//517
f 650//515 651//517 652//518
f 652//519 651//520 653//521
f 652//522 653//522 654//522
f 654//523 653//523 655//523
f 654//524 655//524 656//524
f 656//526 655//527 657//527
f 656//528 657//529 658//529
f 658//530 657//530 659//833
f 658//531 659//532 568//834
f 568//534 659//534 570//835
f 651//520 660//535 653//521
f 653//536 660//537 661//538
f 653//523 661//523 655//523
f 655//539 661//539 662//539
f 655//527 662//527 657//527
f 657//541 662//541 663//541
f 657//530 663//833 659//833
f 659//543 663//543 664//836
f 659//534 664//835 570//835
f 570//545 664//545 572//837
f 660//537 665//546 661//538
f 661//547 665//547 666//547
f 661//539 666//539 662//539
f 662//549 666//549 667//549
f 662//541 667//541 663//541
f 663//550 667//550 668//550
f 663//543 668//836 664//836
f 664//838 668//838 669//839
f 664//545 669//837 572//837
f 572//553 669//553 574//840
f 665//554 670//554 666//554
f 666//555 670//555 671//555
f 666//549 671//549 667//549
f 667//556 671//556 672//556
f 667//550 672//550 668//550
f 668//841 672//842 673//842
f 668//838 673//839 669//839
f 669//843 673//843 674//558
f 669//553 674//840 574//840
f 574//560 674//560 576//560
f 670//562 675//562 671//562
f 671//844 675//844 676//844
f 671//556 676//556 672//556
f 672//564 676//564 677//564
f 672//842 677//842 673//842
f 673//565 677//565 678//565
f 673//843 678//558 674//558
f 674//566 678//566 679//845
f 674//560 679//559 576//560
f 576//568 679//568 578//567
f 675//569 680//569 676//569
f 676//570 680//570 681//570
f 676//564 681//564 677//564
f 677//571 681//572 682//572
f 677//565 682//565 678//565
f 678//573 682//573 683//573
f 678//566 683//845 679//845
f 679//574 683//574 684//574
f 679//568 684//567 578//567
f 578//576 684//576 580//576
f 680//578 685//578 681//578
f 681//579 685//579 686//579
f 681//572 686//572 682//572
f 682//580 686//580 687//846
f 682//573 687//573 683//573
f 683//847 687//847 688//848
f 683//574 688//849 684//574
f 684//584 688//584 689//584
f 684//576 689//576 580//576
f 580//586 689//586 582//850
f 685//587 690//587 686//587
f 686//851 690//851 691//851
f 686//580 691//846 687//846
f 687//852 691//852 692//852
f 687//847 692//848 688//848
f 688//853 692//853 693//853
f 688//584 693//584 689//584
f 689//592 693//592 694//592
f 689//586 694//850 582//850
f 582//593 694//593 584//593
f 690//595 695//595 691//595
f 691//596 695//596 696//596
f 691//852 696//852 692//852
f 692//854 696//854 697//854
f 692//853 697//590 693//853
f 693//598 697//598 698//598
f 693//592 698//592 694//592
f 694//600 698//600 699//599
f 694//593 699//593 584//593
f 584//855 699//855 586//855
f 695//856 700//856 696//856
f 696//603 700//603 701//603
f 696//854 701//854 697//854
f 697//857 701//857 702//604
f 697//598 702//598 698//598
f 698//605 702//605 703//605
f 698//600 703//599 699//599
f 699//858 703//858 704//858
f 699//855 704//855 586//855
f 586//609 704//609 588//859
f 700//610 705//610 701//610
f 701//860 705//860 706//860
f 701//857 706//604 702//604
f 702//861 706//861 707//612
f 702//605 707//605 703//605
f 703//613 707//613 708//862
f 703//858 708//858 704//858
f 704//615 708//615 709//863
f 704//609 709//859 588//859
f 588//617 709//617 590//864
f 705//618 710//618 706//618
f 706//619 710//619 711//619
f 706//861 711//612 707//612
f 707//865 711//865 712//620
f 707//613 712//862 708//862
f 708//622 712//622 713//622
f 708//615 713//863 709//863
f 709//866 713//866 714//623
f 709//617 714//864 590//864
f 590//624 714//624 592//625
f 710//626 715//626 711//626
f 711//627 715//627 716//627
f 711//865 716//620 712//620
f 712//628 716//628 717//628
f 712//622 717//622 713//622
f 713//630 717//630 718//630
f 713//866 718//623 714//623
f 714//631 718//632 719//633
f 714//624 719//867 592//625
f 592//634 719//634 594//634
f 715//635 720//635 716//635
f 716//636 720//636 721//636
f 716//628 721//628 717//628
f 717//637 721//637 722//868
f 717//630 722//630 718//630
f 718//640 722//640 723//640
f 718//632 723//633 719//633
f 719//641 723//641 637//642
f 719//634 637//634 594//634
f 720//643 724//643 721//643
f 721//644 724//644 725//644
f 721//637 725//868 722//868
f 722//869 725//869 726//646
f 722//640 726//640 723//640
f 723//647 726//647 635//647
f 723//641 635//642 637//642
f 724//648 727//648 725//648
f 725//870 727//870 728//870
f 725//869 728//646 726//646
f 726//871 728//650 633//650
f 726//647 633//647 635//647
f 727//651 729//652 728//653
f 728//653 729//652 631//654
f 728//650 631//650 633//650
f 729//655 629//491 631//831
f 542//656 730//656 544//656
f 544//656 730//656 731//656
f 544//658 731//658 546//872
f 546//872 731//658 732//873
f 546//660 732//660 548//660
f 548//660 732//660 733//660
f 548//661 733//661 550//661
f 550//661 733//661 734//661
f 550//874 734//664 552//664
f 552//664 734//664 735//664
f 552//875 735//875 554//666
f 554//666 735//875 736//666
f 554//667 736//667 556//668
f 556//668 736//667 737//668
f 556//669 737//669 558//669
f 558//669 737//669 738//876
f 558//670 738//670 560//877
f 560//877 738//670 739//877
f 560//671 739//671 562//671
f 562//671 739//671 740//671
f 562//672 740//672 564//672
f 564//672 740//672 741//672
f 564//878 741//673 566//674
f 566//674 741//673 658//674
f 566//531 658//531 568//834
f 730//879 742//879 731//675
f 731//675 742//879 743//675
f 731//880 743//880 732//676
f 732//676 743//880 744//676
f 732//677 744//678 733//678
f 733//678 744//678 745//678
f 733//881 745//679 734//680
f 734//680 745//679 746//680
f 734//682 746//682 735//682
f 735//682 746//682 747//682
f 735//683 747//684 736//684
f 736//684 747//684 748//684
f 736//882 748//882 737//883
f 737//883 748//882 749//883
f 737//687 749//687 738//687
f 738//687 749//687 750//687
f 738//884 750//884 739//689
f 739//689 750//884 751//689
f 739//690 751//690 740//690
f 740//690 751//690 752//690
f 740//691 752//691 741//691
f 741//691 752//691 656//691
f 741//528 656//528 658//529
f 730//692 542//692 753//885
f 753//885 542//692 610//886
f 753//887 610//887 754//695
f 754//695 610//887 608//695
f 754//697 608//697 755//697
f 755//697 608//697 606//697
f 755//888 606//888 756//698
f 756//698 606//888 604//889
f 756//890 604//890 757//700
f 757//700 604//890 602//891
f 757//701 602//701 758//702
f 758//702 602//701 600//702
f 758//703 600//703 759//703
f 759//703 600//703 598//892
f 759//704 598//704 636//893
f 636//893 598//704 596//705
f 742//706 760//707 743//707
f 743//707 760//707 761//707
f 743//709 761//709 744//709
f 744//709 761//709 762//709
f 744//710 762//710 745//710
f 745//710 762//710 763//710
f 745//712 763//711 746//711
f 746//711 763//711 764//711
f 746//894 764//894 747//713
f 747//713 764//894 765//713
f 747//895 765//714 748//714
f 748//714 765//714 766//714
f 748//896 766//896 749//897
f 749//897 766//896 767//897
f 749//898 767//898 750//899
f 750//899 767//898 768//899
f 750//718 768//718 751//718
f 751//718 768//718 769//718
f 751//719 769//719 752//719
f 752//719 769//719 654//719
f 752//524 654//524 656//524
f 742//722 730//722 770//722
f 770//722 730//722 753//722
f 770//723 753//723 771//724
f 771//724 753//723 754//724
f 771//900 754//900 772//725
f 772//725 754//900 755//725
f 772//726 755//726 773//726
f 773//726 755//726 756//726
f 773//728 756//728 774//728
f 774//728 756//728 757//728
f 774//901 757//901 775//902
f 775//902 757//901 758//902
f 775//903 758//730 776//730
f 776//730 758//730 759//730
f 776//731 759//731 634//731
f 634//731 759//731 636//732
f 760//733 614//733 761//733
f 761//733 614//733 612//733
f 761//904 612//904 762//904
f 762//904 612//904 638//904
f 762//736 638//736 763//736
f 763//736 638//736 640//736
f 763//737 640//737 764//905
f 764//905 640//737 642//905
f 764//906 642//906 765//738
f 765//738 642//906 644//738
f 765//907 644//907 766//739
f 766//739 644//907 646//739
f 766//908 646//908 767//740
f 767//740 646//908 648//740
f 767//742 648//742 768//742
f 768//742 648//742 650//742
f 768//744 650//744 769//745
f 769//745 650//744 652//745
f 769//522 652//522 654//522
f 760//746 742//746 777//747
f 777//747 742//746 770//747
f 777//748 770//748 778//749
f 778//749 770//748 771//749
f 778//751 771//751 779//750
f 779//750 771//751 772//909
f 779//910 772//910 780//752
f 780//752 772//910 773//752
f 780//911 773//911 781//753
f 781//753 773//911 774//753
f 781//755 774//755 782//755
f 782//755 774//755 775//755
f 782//756 775//757 783//757
f 783//757 775//757 776//757
f 783//758 776//758 632//758
f 632//758 776//758 634//758
f 614//760 760//760 616//760
f 616//760 760//760 777//760
f 616//763 777//763 618//763
f 618//763 777//763 778//763
f 618//765 778//765 620//764
f 620//764 778//765 779//764
f 620//766 779//766 622//767
f 622//767 779//766 780//767
f 622//912 780//912 624//768
f 624//768 780//912 781//768
f 624//913 781//913 626//769
f 626//769 781//913 782//769
f 626//770 782//770 628//771
f 628//771 782//770 783//771
f 628//772 783//772 630//772
f 630//772 783//772 632//772
f 784//366 611//366 785//366
f 785//366 611//366 613//366
f 785//366 613//366 615//366
f 611//366 784//366 639//366
f 639//366 784//366 786//366
f 639//366 786//366 641//366
f 641//366 786//366 787//366
f 641//366 787//366 643//366
f 643//366 787//366 788//366
f 643//366 788//366 645//366
f 645//366 788//366 789//366
f 645//366 789//366 647//366
f 647//366 789//366 790//366
f 647//366 790//366 649//366
f 649//366 790//366 791//366
f 649//366 791//366 651//366
f 651//366 791//366 792//366
f 651//366 792//366 660//366
f 660//366 792//366 793//366
f 660//366 793//366 665//366
f 665//366 793//366 794//366
f 665//366 794//366 670//366
f 670//366 794//366 795//366
f 670//366 795//366 675//366
f 675//366 795//366 796//366
f 675//366 796//366 680//366
f 680//366 796//366 797//366
f 680//366 797//366 685//366
f 685//366 797//366 798//366
f 685//366 798//366 690//366
f 690//366 798//366 799//366
f 690//366 799//366 695//366
f 695//366 799//366 800//366
f 695//366 800//366 700//366
f 700//366 800//366 801//366
f 700//366 801//366 705//366
f 705//366 801//366 802//366
f 705//366 802//366 710//366
f 710//366 802//366 803//366
f 710//366 803//366 715//366
f 715//366 803//366 804//366
f 715//366 804//366 720//366
f 720//366 804//366 805//366
f 720//366 805//366 724//366
f 724//366 805//366 806//366
f 724//366 806//366 727//366
f 727//366 806//366 807//366
f 727//366 807//366 729//366
f 729//366 807//366 808//366
f 729//366 808//366 629//366
f 629//366 808//366 809//366
f 629//366 809//366 627//366
f 627//366 809//366 810//366
f 627//366 810//366 625//366
f 625//366 810//366 811//366
f 625//366 811//366 623//366
f 623//366 811//366 812//366
f 623//366 812//366 621//366
f 621//366 812//366 813//366
f 621//366 813//366 619//366
f 619//366 813//366 814//366
f 619//366 814//366 617//366
f 617//366 814//366 815//366
f 617//366 815//366 615//366
f 615//366 815//366 785//366
f 816//773 541//773 817//773
f 817//773 541//773 543//773
f 817//774 543//774 818//774
f 818//774 543//774 545//774
f 818//775 545//775 819//775
f 819//775 545//775 547//775
f 819//914 547//914 820//914
f 820//914 547//914 549//914
f 820//777 549//777 821//777
f 821//777 549//777 551//777
f 821//778 551//778 822//778
f 822//778 551//778 553//778
f 822//779 553//779 823//779
f 823//779 553//779 555//779
f 823//780 555//780 824//780
f 824//780 555//780 557//780
f 824//781 557//781 825//781
f 825//781 557//781 559//781
f 825//782 559//782 826//782
f 826//782 559//782 561//782
f 826//783 561//783 827//783
f 827//783 561//783 563//783
f 827//784 563//784 828//784
f 828//784 563//784 565//784
f 828//915 565//915 829//915
f 829//915 565//915 567//915
f 829//786 567//786 830//786
f 830//786 567//786 569//786
f 830//787 569//787 831//787
f 831//787 569//787 571//787
f 831//788 571//788 832//788
f 832//788 571//788 573//788
f 832//789 573//789 833//789
f 833//789 573//789 575//789
f 833//790 575//790 834//790
f 834//790 575//790 577//790
f 834//791 577//791 835//791
f 835//791 577//791 579//791
f 835//792 579//792 836//792
f 836//792 579//792 581//792
f 836//793 581//793 837//793
f 837//793 581//793 583//793
f 837//794 583//794 838//794
f 838//794 583//794 585//794
f 838//795 585//795 839//795
f 839//795 585//795 587//795
f 839//796 587//796 840//796
f 840//796 587//796 589//796
f 840//916 589//916 841//916
f 841//916 589//916 591//916
f 841//798 591//798 842//798
f 842//798 591//798 593//798
f 842//799 593//799 843//799
f 843//799 593//799 595//799
f 843//800 595//800 844//800
f 844//800 595//800 597//800
f 844//801 597//801 845//801
f 845//801 597//801 599//801
f 845//802 599//802 846//802
f 846//802 599//802 601//802
f 846//803 601//803 847//803
f 847//803 601//803 603//803
f 847//804 603//804 848//804
f 848//804 603//804 605//804
f 848//805 605//805 849//805
f 849//805 605//805 607//805
f 849//917 607//917 850//917
f 850//917 607//917 609//917
f 850//807 609//807 816//807
f 816//807 609//807 541//807
f 851//918 852//918 853//918
f 853//2 852//2 854//2
f 853//3 854//3 855//3
f 855//5 854//5 856//5
f 855//5 856//5 857//5
f 857//6 856//919 858//920
f 857//6 858//920 859//6
f 859//7 858//7 860//7
f 859//7 860//7 861//7
f 861//9 860//9 862//9
f 861//9 862//9 863//10
f 863//11 862//12 785//921
f 863//11 785//921 815//14
f 852//922 851//922 864//922
f 864//923 851//923 865//923
f 864//924 865//924 866//924
f 866//18 865//18 867//18
f 866//19 867//19 868//19
f 868//20 867//20 869//20
f 868//21 869//21 870//21
f 870//925 869//925 871//925
f 870//23 871//23 872//23
f 872//24 871//24 873//24
f 872//25 873//25 874//25
f 874//26 873//26 875//26
f 874//27 875//27 876//27
f 876//28 875//28 877//28
f 876//28 877//28 878//29
f 878//926 877//926 879//926
f 878//31 879//927 880//927
f 880//928 879//928 881//33
f 880//34 881//929 882//34
f 882//36 881//36 883//36
f 882//37 883//930 884//930
f 884//38 883//38 885//38
f 884//40 885//40 886//40
f 886//41 885//41 887//931
f 886//42 887//42 797//42
f 797//932 887//932 798//932
f 798//44 887//44 888//44
f 798//933 888//46 799//47
f 799//47 888//46 889//48
f 799//49 889//934 800//935
f 800//935 889//934 890//52
f 800//936 890//54 891//55
f 891//56 890//937 892//937
f 891//56 892//937 893//56
f 893//57 892//938 894//938
f 893//57 894//938 895//57
f 895//939 894//939 896//939
f 895//939 896//939 897//939
f 897//60 896//940 898//940
f 897//60 898//940 899//60
f 899//941 898//941 900//941
f 899//942 900//942 901//942
f 877//63 902//63 879//63
f 879//64 902//64 903//64
f 879//928 903//33 881//33
f 881//65 903//65 904//65
f 881//36 904//36 883//36
f 883//67 904//67 905//67
f 883//38 905//38 885//38
f 885//69 905//69 906//69
f 885//41 906//931 887//931
f 887//943 906//943 888//944
f 902//72 907//72 903//72
f 903//73 907//73 908//73
f 903//65 908//945 904//65
f 904//946 908//74 909//947
f 904//67 909//948 905//67
f 905//949 909//76 910//77
f 905//69 910//69 906//69
f 906//950 910//950 911//950
f 906//943 911//944 888//944
f 888//79 911//79 889//79
f 907//80 912//80 908//80
f 908//81 912//81 913//81
f 908//74 913//947 909//947
f 909//951 913//951 914//952
f 909//76 914//77 910//77
f 910//83 914//83 915//953
f 910//950 915//950 911//950
f 911//85 915//85 916//85
f 911//79 916//79 889//79
f 889//86 916//86 890//954
f 912//87 917//87 913//87
f 913//88 917//88 918//88
f 913//951 918//952 914//952
f 914//955 918//955 919//955
f 914//83 919//953 915//953
f 915//91 919//91 920//90
f 915//85 920//85 916//85
f 916//92 920//92 892//92
f 916//86 892//954 890//954
f 917//956 921//956 918//956
f 918//957 921//957 922//957
f 918//955 922//955 919//955
f 919//97 922//97 923//96
f 919//91 923//90 920//90
f 920//98 923//98 894//98
f 920//92 894//92 892//92
f 921//100 924//100 922//100
f 922//958 924//958 925//958
f 922//97 925//96 923//96
f 923//959 925//959 896//102
f 923//98 896//98 894//98
f 924//960 900//960 925//960
f 925//961 900//961 898//961
f 925//959 898//102 896//102
f 899//962 901//962 926//962
f 926//963 901//963 927//963
f 926//964 927//964 928//964
f 928//108 927//108 929//108
f 928//109 929//109 930//109
f 930//110 929//110 931//110
f 930//111 931//111 932//111
f 932//112 931//112 933//112
f 932//113 933//113 934//113
f 934//114 933//114 935//114
f 934//115 935//115 936//115
f 936//116 935//116 937//116
f 936//117 937//117 938//117
f 938//118 937//118 939//118
f 938//118 939//118 940//118
f 940//119 939//119 941//119
f 940//120 941//121 942//121
f 942//122 941//123 943//123
f 942//124 943//124 944//124
f 944//126 943//126 945//126
f 944//127 945//127 946//127
f 946//129 945//129 947//129
f 946//130 947//131 948//131
f 948//132 947//132 949//965
f 948//966 949//966 813//966
f 813//967 949//967 814//967
f 814//136 949//136 950//136
f 814//968 950//138 815//139
f 815//139 950//138 863//140
f 939//141 951//141 941//141
f 941//142 951//142 952//142
f 941//123 952//123 943//123
f 943//143 952//143 953//144
f 943//126 953//126 945//126
f 945//147 953//147 954//146
f 945//129 954//129 947//129
f 947//149 954//149 955//149
f 947//132 955//965 949//965
f 949//969 955//969 950//150
f 951//152 956//152 952//152
f 952//153 956//153 957//153
f 952//143 957//144 953//144
f 953//155 957//155 958//970
f 953//147 958//146 954//146
f 954//156 958//156 959//157
f 954//149 959//149 955//149
f 955//971 959//971 960//971
f 955//969 960//150 950//150
f 950//159 960//159 863//159
f 956//160 961//160 957//160
f 957//161 961//161 962//161
f 957//155 962//970 958//970
f 958//162 962//162 963//972
f 958//156 963//157 959//157
f 959//164 963//164 964//164
f 959//971 964//971 960//971
f 960//165 964//165 861//165
f 960//159 861//159 863//159
f 961//166 965//166 962//166
f 962//167 965//167 966//167
f 962//162 966//972 963//972
f 963//973 966//973 967//168
f 963//164 967//164 964//164
f 964//974 967//974 859//170
f 964//165 859//165 861//165
f 965//171 968//171 966//171
f 966//975 968//975 969//975
f 966//973 969//168 967//168
f 967//976 969//977 857//174
f 967//974 857//170 859//170
f 968//978 970//978 969//978
f 969//979 970//979 855//979
f 969//977 855//174 857//174
f 970//980 853//980 855//980
f 813//179 812//179 948//179
f 948//180 812//180 971//180
f 948//131 971//130 946//130
f 946//181 971//181 972//181
f 946//127 972//127 944//127
f 944//981 972//183 973//183
f 944//124 973//124 942//124
f 942//185 973//185 974//185
f 942//121 974//120 940//120
f 940//187 974//187 938//187
f 812//982 811//982 971//982
f 971//189 811//189 975//189
f 971//181 975//181 972//181
f 972//190 975//190 976//190
f 972//183 976//183 973//183
f 973//192 976//192 977//192
f 973//185 977//185 974//185
f 974//193 977//193 978//193
f 974//187 978//187 938//187
f 938//194 978//194 936//195
f 811//196 810//196 975//196
f 975//197 810//197 979//197
f 975//190 979//190 976//190
f 976//198 979//198 980//198
f 976//192 980//192 977//192
f 977//199 980//199 981//199
f 977//193 981//193 978//193
f 978//200 981//200 982//201
f 978//194 982//195 936//195
f 936//202 982//202 934//203
f 810//204 809//204 979//204
f 979//205 809//205 983//205
f 979//198 983//198 980//198
f 980//206 983//206 984//213
f 980//199 984//199 981//199
f 981//207 984//207 985//207
f 981//200 985//201 982//201
f 982//208 985//208 986//208
f 982//202 986//203 934//203
f 934//983 986//983 932//210
f 809//211 808//211 983//211
f 983//212 808//212 987//212
f 983//206 987//213 984//213
f 984//214 987//214 988//214
f 984//207 988//207 985//207
f 985//215 988//215 989//984
f 985//208 989//208 986//208
f 986//216 989//216 990//216
f 986//983 990//210 932//210
f 932//985 990//985 930//217
f 808//219 807//219 987//219
f 987//220 807//220 991//220
f 987//214 991//214 988//214
f 988//222 991//222 992//222
f 988//215 992//984 989//984
f 989//223 992//986 993//986
f 989//216 993//216 990//216
f 990//224 993//224 994//224
f 990//985 994//217 930//217
f 930//987 994//987 928//226
f 807//228 806//228 991//228
f 991//229 806//229 995//229
f 991//222 995//222 992//222
f 992//230 995//230 996//230
f 992//986 996//986 993//986
f 993//988 996//988 997//231
f 993//224 997//224 994//224
f 994//989 997//989 998//232
f 994//987 998//226 928//226
f 928//234 998//234 926//990
f 806//235 805//235 995//235
f 995//236 805//236 999//236
f 995//230 999//230 996//230
f 996//237 999//237 1000//238
f 996//988 1000//231 997//231
f 997//239 1000//239 1001//239
f 997//989 1001//991 998//232
f 998//241 1001//241 1002//242
f 998//234 1002//990 926//990
f 926//244 1002//244 899//992
f 805//245 804//245 999//245
f 999//246 804//246 1003//246
f 999//237 1003//238 1000//238
f 1000//247 1003//247 1004//247
f 1000//239 1004//239 1001//239
f 1001//249 1004//249 1005//993
f 1001//241 1005//242 1002//242
f 1002//994 1005//994 897//252
f 1002//244 897//992 899//992
f 804//253 803//253 1003//253
f 1003//995 803//995 1006//995
f 1003//247 1006//247 1004//247
f 1004//996 1006//996 1007//256
f 1004//249 1007//993 1005//993
f 1005//259 1007//259 895//259
f 1005//994 895//252 897//252
f 803//260 802//260 1006//260
f 1006//261 802//261 1008//261
f 1006//996 1008//256 1007//256
f 1007//262 1008//262 893//262
f 1007//259 893//259 895//259
f 802//997 801//264 1008//265
f 1008//265 801//264 891//266
f 1008//262 891//262 893//262
f 801//267 800//936 891//55
f 797//268 796//268 886//268
f 886//269 796//269 1009//269
f 886//40 1009//40 884//40
f 884//270 1009//270 1010//270
f 884//930 1010//37 882//37
f 882//272 1010//272 1011//272
f 882//34 1011//34 880//34
f 880//273 1011//274 1012//274
f 880//927 1012//31 878//31
f 878//275 1012//275 876//276
f 796//998 795//998 1009//998
f 1009//278 795//278 1013//278
f 1009//270 1013//270 1010//270
f 1010//280 1013//280 1014//280
f 1010//272 1014//272 1011//272
f 1011//281 1014//281 1015//281
f 1011//274 1015//274 1012//274
f 1012//282 1015//282 1016//282
f 1012//275 1016//276 876//276
f 876//283 1016//283 874//284
f 795//285 794//285 1013//285
f 1013//286 794//286 1017//286
f 1013//280 1017//279 1014//280
f 1014//287 1017//287 1018//287
f 1014//281 1018//281 1015//281
f 1015//288 1018//288 1019//288
f 1015//282 1019//282 1016//282
f 1016//289 1019//289 1020//290
f 1016//283 1020//284 874//284
f 874//999 1020//999 872//291
f 794//292 793//292 1017//292
f 1017//293 793//293 1021//293
f 1017//287 1021//287 1018//287
f 1018//295 1021//295 1022//295
f 1018//288 1022//288 1019//288
f 1019//296 1022//296 1023//296
f 1019//289 1023//290 1020//290
f 1020//1000 1023//1000 1024//297
f 1020//999 1024//291 872//291
f 872//1001 1024//1001 870//298
f 793//300 792//300 1021//300
f 1021//301 792//301 1025//301
f 1021//295 1025//295 1022//295
f 1022//302 1025//302 1026//302
f 1022//296 1026//296 1023//296
f 1023//303 1026//303 1027//303
f 1023//1000 1027//297 1024//297
f 1024//305 1027//305 1028//305
f 1024//1001 1028//298 870//298
f 870//1002 1028//1002 868//1003
f 792//310 791//310 1025//310
f 1025//311 791//311 1029//311
f 1025//302 1029//302 1026//302
f 1026//312 1029//312 1030//312
f 1026//303 1030//303 1027//303
f 1027//313 1030//313 1031//313
f 1027//305 1031//305 1028//305
f 1028//315 1031//315 1032//1004
f 1028//1002 1032//1003 868//1003
f 868//1005 1032//1005 866//1005
f 791//317 790//317 1029//317
f 1029//318 790//318 1033//318
f 1029//312 1033//312 1030//312
f 1030//319 1033//319 1034//319
f 1030//313 1034//313 1031//313
f 1031//320 1034//320 1035//320
f 1031//315 1035//1006 1032//1004
f 1032//322 1035//322 1036//1007
f 1032//1005 1036//1005 866//1005
f 866//1008 1036//1008 864//1008
f 790//324 789//324 1033//324
f 1033//325 789//325 1037//325
f 1033//319 1037//319 1034//319
f 1034//326 1037//326 1038//326
f 1034//320 1038//320 1035//320
f 1035//327 1038//327 1039//327
f 1035//322 1039//1009 1036//1007
f 1036//329 1039//329 1040//330
f 1036//1008 1040//1008 864//1008
f 864//333 1040//333 852//332
f 789//334 788//334 1037//334
f 1037//335 788//335 1041//335
f 1037//326 1041//326 1038//326
f 1038//336 1041//336 1042//336
f 1038//327 1042//1010 1039//327
f 1039//1011 1042//1011 1043//1011
f 1039//329 1043//339 1040//330
f 1040//1012 1043//1012 1044//342
f 1040//333 1044//332 852//332
f 852//1013 1044//1013 854//1013
f 788//345 787//345 1041//345
f 1041//346 787//346 1045//346
f 1041//336 1045//337 1042//336
f 1042//1014 1045//352 1046//352
f 1042//1011 1046//1011 1043//1011
f 1043//1015 1046//1015 1047//348
f 1043//1012 1047//342 1044//342
f 1044//349 1047//349 856//1016
f 1044//1013 856//1013 854//1013
f 787//350 786//350 1045//350
f 1045//351 786//351 1048//351
f 1045//352 1048//352 1046//352
f 1046//353 1048//353 1049//353
f 1046//1015 1049//348 1047//348
f 1047//354 1049//354 858//1017
f 1047//349 858//1016 856//1016
f 786//1018 784//356 1048//357
f 1048//357 784//356 1050//358
f 1048//353 1050//353 1049//353
f 1049//359 1050//359 860//359
f 1049//354 860//1017 858//1017
f 784//362 785//1019 1050//1020
f 1050//1020 785//1019 862//365
f 1050//359 862//359 860//359
f 1051//1021 851//1021 1052//1021
f 1052//1021 851//1021 853//1021
f 1052//1022 853//1022 1053//1022
f 1053//1022 853//1022 970//1022
f 1053//1023 970//1023 1054//1023
f 1054//1023 970//1023 968//1023
f 1054//370 968//370 1055//370
f 1055//370 968//370 965//370
f 1055//1024 965//1024 1056//1024
f 1056//1024 965//1024 961//1024
f 1056//372 961//1025 1057//1025
f 1057//1025 961//1025 956//372
f 1057//373 956//373 1058//373
f 1058//373 956//373 951//373
f 1058//374 951//374 1059//374
f 1059//374 951//374 939//374
f 1059//375 939//375 1060//375
f 1060//375 939//375 937//375
f 1060//376 937//376 1061//376
f 1061//376 937//376 935//376
f 1061//377 935//377 1062//377
f 1062//377 935//377 933//377
f 1062//378 933//378 1063//378
f 1063//378 933//378 931//378
f 1063//1026 931//1026 1064//1026
f 1064//1026 931//1026 929//1026
f 1064//380 929//380 1065//380
f 1065//380 929//380 927//380
f 1065//1027 927//1027 1066//1027
f 1066//1027 927//1027 901//1027
f 1066//1028 901//1028 1067//1028
f 1067//1028 901//1028 900//1028
f 1067//1029 900//1029 1068//1029
f 1068//1029 900//1029 924//1029
f 1068//1030 924//1030 1069//1030
f 1069//1030 924//1030 921//1030
f 1069//385 921//385 1070//385
f 1070//385 921//385 917//385
f 1070//1031 917//1031 1071//1031
f 1071//1031 917//1031 912//1031
f 1071//387 912//388 1072//387
f 1072//387 912//388 907//388
f 1072//389 907//389 1073//389
f 1073//389 907//389 902//389
f 1073//390 902//390 1074//390
f 1074//390 902//390 877//390
f 1074//391 877//391 1075//391
f 1075//391 877//391 875//391
f 1075//392 875//392 1076//392
f 1076//392 875//392 873//392
f 1076//393 873//393 1077//393
f 1077//393 873//393 871//393
f 1077//394 871//395 1078//394
f 1078//394 871//395 869//395
f 1078//1032 869//1032 1079//1032
f 1079//1032 869//1032 867//1032
f 1079//397 867//397 1080//397
f 1080//397 867//397 865//397
f 1080//1033 865//1033 1051//1033
f 1051//1033 865//1033 851//1033
f 1081//918 1082//918 1083//918
f 1083//2 1082//2 1084//2
f 1083//3 1084//3 1085//3
f 1085//5 1084//1034 1086//1035
f 1085//5 1086//1035 1087//5
f 1087//6 1086//920 1088//920
f 1087//6 1088//920 1089//6
f 1089//7 1088//7 1090//7
f 1089//7 1090//7 1091//7
f 1091//9 1090//9 1092//9
f 1091//9 1092//9 1093//9
f 1093//11 1092//12 1094//921
f 1093//11 1094//921 1095//14
f 1082//922 1081//922 1096//922
f 1096//923 1081//923 1097//923
f 1096//924 1097//924 1098//924
f 1098//1036 1097//1036 1099//1036
f 1098//19 1099//19 1100//19
f 1100//20 1099//20 1101//20
f 1100//21 1101//21 1102//21
f 1102//1037 1101//1037 1103//1037
f 1102//1038 1103//1038 1104//1038
f 1104//1039 1103//1039 1105//1039
f 1104//25 1105//25 1106//25
f 1106//1040 1105//1040 1107//1040
f 1106//1041 1107//1041 1108//1041
f 1108//1042 1107//1042 1109//1042
f 1108//1042 1109//1042 1110//1042
f 1110//1043 1109//1043 1111//1043
f 1110//1044 1111//1044 1112//1044
f 1112//1045 1111//1045 1113//33
f 1112//34 1113//34 1114//34
f 1114//36 1113//36 1115//35
f 1114//930 1115//1046 1116//1046
f 1116//39 1115//39 1117//38
f 1116//40 1117//40 1118//40
f 1118//41 1117//41 1119//931
f 1118//1047 1119//1047 1120//1047
f 1120//932 1119//932 1121//932
f 1121//44 1119//44 1122//44
f 1121//933 1122//46 1123//47
f 1123//47 1122//46 1124//48
f 1123//49 1124//934 1125//935
f 1125//935 1124//934 1126//52
f 1125//1048 1126//54 1127//55
f 1127//56 1126//937 1128//937
f 1127//56 1128//937 1129//56
f 1129//57 1128//57 1130//57
f 1129//57 1130//57 1131//57
f 1131//59 1130//939 1132//939
f 1131//59 1132//939 1133//59
f 1133//1049 1132//1050 1134//1050
f 1133//1049 1134//1050 1135//1051
f 1135//941 1134//941 1136//941
f 1135//942 1136//942 1137//942
f 1109//1052 1138//1052 1111//1052
f 1111//64 1138//64 1139//64
f 1111//1045 1139//33 1113//33
f 1113//945 1139//945 1140//65
f 1113//36 1140//35 1115//35
f 1115//67 1140//67 1141//67
f 1115//39 1141//38 1117//38
f 1117//1053 1141//1053 1142//1053
f 1117//41 1142//931 1119//931
f 1119//943 1142//943 1122//944
f 1138//1054 1143//1054 1139//1054
f 1139//1055 1143//1055 1144//1055
f 1139//945 1144//65 1140//65
f 1140//75 1144//75 1145//947
f 1140//67 1145//67 1141//67
f 1141//1056 1145//1056 1146//77
f 1141//1053 1146//69 1142//1053
f 1142//950 1146//950 1147//950
f 1142//943 1147//944 1122//944
f 1122//79 1147//79 1124//79
f 1143//1057 1148//1057 1144//1057
f 1144//81 1148//81 1149//81
f 1144//75 1149//947 1145//947
f 1145//951 1149//952 1150//952
f 1145//1056 1150//77 1146//77
f 1146//83 1150//83 1151//83
f 1146//950 1151//950 1147//950
f 1147//85 1151//85 1152//85
f 1147//79 1152//79 1124//79
f 1124//86 1152//86 1126//954
f 1148//1058 1153//1058 1149//1058
f 1149//88 1153//88 1154//88
f 1149//952 1154//952 1150//952
f 1150//1059 1154//1059 1155//955
f 1150//83 1155//83 1151//83
f 1151//91 1155//91 1156//90
f 1151//85 1156//85 1152//85
f 1152//92 1156//92 1128//1060
f 1152//86 1128//954 1126//954
f 1153//956 1157//956 1154//956
f 1154//957 1157//957 1158//957
f 1154//1059 1158//955 1155//955
f 1155//97 1158//97 1159//1061
f 1155//91 1159//90 1156//90
f 1156//98 1159//98 1130//98
f 1156//92 1130//1060 1128//1060
f 1157//1062 1160//1062 1158//1062
f 1158//101 1160//101 1161//101
f 1158//97 1161//96 1159//1061
f 1159//959 1161//959 1132//959
f 1159//98 1132//98 1130//98
f 1160//960 1136//960 1161//960
f 1161//961 1136//961 1134//961
f 1161//959 1134//1063 1132//959
f 1135//1064 1137//1064 1162//1064
f 1162//106 1137//106 1163//106
f 1162//1065 1163//1065 1164//1065
f 1164//1066 1163//1066 1165//1066
f 1164//109 1165//109 1166//109
f 1166//110 1165//110 1167//110
f 1166//111 1167//111 1168//111
f 1168//112 1167//112 1169//112
f 1168//113 1169//113 1170//113
f 1170//1067 1169//1067 1171//1067
f 1170//115 1171//115 1172//115
f 1172//1068 1171//1068 1173//1068
f 1172//117 1173//117 1174//117
f 1174//118 1173//118 1175//118
f 1174//118 1175//118 1176//118
f 1176//119 1175//119 1177//119
f 1176//121 1177//121 1178//121
f 1178//122 1177//122 1179//1069
f 1178//1070 1179//124 1180//124
f 1180//126 1179//126 1181//125
f 1180//128 1181//128 1182//128
f 1182//129 1181//129 1183//129
f 1182//130 1183//130 1184//130
f 1184//133 1183//133 1185//133
f 1184//966 1185//966 1186//966
f 1186//135 1185//135 1187//135
f 1187//136 1185//136 1188//136
f 1187//968 1188//138 1095//139
f 1095//139 1188//138 1093//140
f 1175//1071 1189//1071 1177//1071
f 1177//142 1189//142 1190//142
f 1177//122 1190//1069 1179//1069
f 1179//145 1190//144 1191//143
f 1179//126 1191//125 1181//125
f 1181//147 1191//147 1192//147
f 1181//129 1192//129 1183//129
f 1183//149 1192//149 1193//149
f 1183//133 1193//133 1185//133
f 1185//969 1193//969 1188//150
f 1189//1072 1194//1072 1190//1072
f 1190//153 1194//153 1195//153
f 1190//144 1195//143 1191//143
f 1191//155 1195//155 1196//970
f 1191//147 1196//146 1192//147
f 1192//156 1196//156 1197//156
f 1192//149 1197//149 1193//149
f 1193//971 1197//971 1198//971
f 1193//969 1198//150 1188//150
f 1188//159 1198//159 1093//159
f 1194//1073 1199//1073 1195//1073
f 1195//161 1199//161 1200//161
f 1195//155 1200//970 1196//970
f 1196//162 1200//162 1201//972
f 1196//156 1201//156 1197//156
f 1197//164 1201//164 1202//164
f 1197//971 1202//971 1198//971
f 1198//165 1202//165 1091//165
f 1198//159 1091//159 1093//159
f 1199//1074 1203//1074 1200//1074
f 1200//167 1203//167 1204//167
f 1200//162 1204//972 1201//972
f 1201//973 1204//973 1205//973
f 1201//164 1205//164 1202//164
f 1202//170 1205//170 1089//170
f 1202//165 1089//165 1091//165
f 1203//1075 1206//1075 1204//1075
f 1204//1076 1206//1076 1207//1076
f 1204//973 1207//973 1205//973
f 1205//175 1207//175 1087//977
f 1205//170 1087//170 1089//170
f 1206//978 1208//978 1207//978
f 1207//979 1208//979 1085//979
f 1207//175 1085//174 1087//977
f 1208//980 1083//980 1085//980
f 1186//1077 1209//1077 1184//1077
f 1184//180 1209//180 1210//180
f 1184//130 1210//130 1182//130
f 1182//181 1210//181 1211//181
f 1182//128 1211//128 1180//128
f 1180//183 1211//183 1212//183
f 1180//124 1212//1070 1178//1070
f 1178//185 1212//185 1213//185
f 1178//121 1213//121 1176//121
f 1176//1078 1213//1078 1174//1078
f 1209//188 1214//188 1210//188
f 1210//189 1214//189 1215//189
f 1210//181 1215//181 1211//181
f 1211//191 1215//190 1216//190
f 1211//183 1216//183 1212//183
f 1212//192 1216//192 1217//192
f 1212//185 1217//185 1213//185
f 1213//193 1217//193 1218//193
f 1213//1078 1218//1078 1174//1078
f 1174//1079 1218//1079 1172//1079
f 1214//196 1219//196 1215//196
f 1215//197 1219//197 1220//197
f 1215//190 1220//190 1216//190
f 1216//1080 1220//1080 1221//198
f 1216//192 1221//192 1217//192
f 1217//199 1221//199 1222//199
f 1217//193 1222//193 1218//193
f 1218//200 1222//200 1223//200
f 1218//1079 1223//1079 1172//1079
f 1172//1081 1223//1081 1170//1082
f 1219//204 1224//204 1220//204
f 1220//205 1224//205 1225//205
f 1220//1080 1225//198 1221//198
f 1221//1083 1225//1083 1226//206
f 1221//199 1226//199 1222//199
f 1222//207 1226//207 1227//207
f 1222//200 1227//200 1223//200
f 1223//1084 1227//1084 1228//208
f 1223//1081 1228//1082 1170//1082
f 1170//1085 1228//1085 1168//210
f 1224//211 1229//211 1225//211
f 1225//212 1229//212 1230//212
f 1225//1083 1230//206 1226//206
f 1226//1086 1230//1086 1231//214
f 1226//207 1231//207 1227//207
f 1227//215 1231//215 1232//215
f 1227//1084 1232//208 1228//208
f 1228//216 1232//216 1233//1087
f 1228//1085 1233//210 1168//210
f 1168//217 1233//217 1166//217
f 1229//219 1234//219 1230//219
f 1230//220 1234//220 1235//220
f 1230//1086 1235//214 1231//214
f 1231//222 1235//222 1236//222
f 1231//215 1236//215 1232//215
f 1232//1088 1236//1088 1237//986
f 1232//216 1237//1087 1233//1087
f 1233//224 1237//224 1238//224
f 1233//217 1238//1089 1166//217
f 1166//987 1238//987 1164//226
f 1234//228 1239//228 1235//228
f 1235//229 1239//229 1240//229
f 1235//222 1240//222 1236//222
f 1236//230 1240//230 1241//230
f 1236//1088 1241//986 1237//986
f 1237//1090 1241//1090 1242//231
f 1237//224 1242//224 1238//224
f 1238//232 1242//232 1243//991
f 1238//987 1243//226 1164//226
f 1164//234 1243//234 1162//234
f 1239//1091 1244//1091 1240//1091
f 1240//236 1244//236 1245//236
f 1240//230 1245//230 1241//230
f 1241//237 1245//237 1246//237
f 1241//1090 1246//231 1242//231
f 1242//239 1246//239 1247//1092
f 1242//232 1247//991 1243//991
f 1243//241 1247//241 1248//241
f 1243//234 1248//234 1162//234
f 1162//243 1248//243 1135//992
f 1244//245 1249//245 1245//245
f 1245//246 1249//246 1250//246
f 1245//237 1250//237 1246//237
f 1246//247 1250//247 1251//1093
f 1246//239 1251//1092 1247//1092
f 1247//993 1251//993 1252//993
f 1247//241 1252//242 1248//241
f 1248//252 1252//252 1133//994
f 1248//243 1133//992 1135//992
f 1249//1094 1253//1094 1250//1094
f 1250//254 1253//254 1254//254
f 1250//247 1254//1093 1251//1093
f 1251//1095 1254//1095 1255//256
f 1251//993 1255//993 1252//993
f 1252//259 1255//259 1131//259
f 1252//252 1131//994 1133//994
f 1253//260 1256//260 1254//260
f 1254//261 1256//261 1257//261
f 1254//1095 1257//256 1255//256
f 1255//262 1257//262 1129//262
f 1255//259 1129//259 1131//259
f 1256//997 1258//264 1257//265
f 1257//265 1258//264 1127//266
f 1257//262 1127//262 1129//262
f 1258//267 1125//1048 1127//55
f 1120//268 1259//268 1118//268
f 1118//269 1259//269 1260//269
f 1118//40 1260//40 1116//40
f 1116//270 1260//270 1261//270
f 1116//1046 1261//930 1114//930
f 1114//272 1261//272 1262//272
f 1114//34 1262//34 1112//34
f 1112//1096 1262//274 1263//274
f 1112//1044 1263//1044 1110//1044
f 1110//275 1263//275 1108//276
f 1259//998 1264//998 1260//998
f 1260//278 1264//278 1265//278
f 1260//270 1265//270 1261//270
f 1261//280 1265//280 1266//279
f 1261//272 1266//272 1262//272
f 1262//281 1266//281 1267//281
f 1262//274 1267//274 1263//274
f 1263//282 1267//282 1268//282
f 1263//275 1268//276 1108//276
f 1108//283 1268//283 1106//283
f 1264//285 1269//285 1265//285
f 1265//286 1269//286 1270//286
f 1265//280 1270//279 1266//279
f 1266//287 1270//287 1271//287
f 1266//281 1271//281 1267//281
f 1267//288 1271//288 1272//288
f 1267//282 1272//282 1268//282
f 1268//289 1272//289 1273//1097
f 1268//283 1273//283 1106//283
f 1106//1098 1273//1099 1104//291
f 1269//292 1274//292 1270//292
f 1270//293 1274//293 1275//293
f 1270//287 1275//287 1271//287
f 1271//1100 1275//1100 1276//1100
f 1271//288 1276//288 1272//288
f 1272//296 1276//296 1277//296
f 1272//289 1277//290 1273//1097
f 1273//297 1277//297 1278//297
f 1273//1099 1278//291 1104//291
f 1104//1001 1278//1001 1102//1101
f 1274//300 1279//300 1275//300
f 1275//301 1279//301 1280//301
f 1275//1100 1280//1100 1276//1100
f 1276//302 1280//302 1281//302
f 1276//296 1281//296 1277//296
f 1277//303 1281//303 1282//303
f 1277//297 1282//297 1278//297
f 1278//304 1282//304 1283//304
f 1278//1001 1283//1101 1102//1101
f 1102//1102 1283//1102 1100//1002
f 1279//310 1284//310 1280//310
f 1280//311 1284//311 1285//311
f 1280//302 1285//302 1281//302
f 1281//312 1285//312 1286//312
f 1281//303 1286//303 1282//303
f 1282//314 1286//314 1287//314
f 1282//304 1287//304 1283//304
f 1283//315 1287//315 1288//315
f 1283//1102 1288//1002 1100//1002
f 1100//1005 1288//1005 1098//1005
f 1284//317 1289//317 1285//317
f 1285//318 1289//318 1290//318
f 1285//312 1290//312 1286//312
f 1286//319 1290//319 1291//319
f 1286//314 1291//314 1287//314
f 1287//320 1291//320 1292//320
f 1287//315 1292//315 1288//315
f 1288//1007 1292//1007 1293//1007
f 1288//1005 1293//1005 1098//1005
f 1098//1008 1293//1008 1096//1008
f 1289//324 1294//324 1290//324
f 1290//325 1294//325 1295//325
f 1290//319 1295//319 1291//319
f 1291//326 1295//326 1296//326
f 1291//320 1296//320 1292//320
f 1292//327 1296//327 1297//327
f 1292//1007 1297//322 1293//1007
f 1293//329 1297//329 1298//330
f 1293//1008 1298//1008 1096//1008
f 1096//333 1298//333 1082//332
f 1294//334 1299//334 1295//334
f 1295//335 1299//335 1300//335
f 1295//326 1300//326 1296//326
f 1296//336 1300//336 1301//336
f 1296//327 1301//327 1297//327
f 1297//1011 1301//1011 1302//1011
f 1297//329 1302//330 1298//330
f 1298//342 1302//342 1303//340
f 1298//333 1303//332 1082//332
f 1082//344 1303//1013 1084//343
f 1299//345 1304//345 1300//345
f 1300//346 1304//346 1305//346
f 1300//336 1305//336 1301//336
f 1301//1014 1305//1014 1306//352
f 1301//1011 1306//1011 1302//1011
f 1302//1015 1306//1015 1307//348
f 1302//342 1307//340 1303//340
f 1303//349 1307//349 1086//1016
f 1303//1013 1086//343 1084//343
f 1304//1103 1308//1103 1305//1103
f 1305//351 1308//351 1309//351
f 1305//1014 1309//352 1306//352
f 1306//353 1309//353 1310//353
f 1306//1015 1310//348 1307//348
f 1307//354 1310//354 1088//1017
f 1307//349 1088//1016 1086//1016
f 1308//1018 1311//356 1309//357
f 1309//357 1311//356 1312//358
f 1309//353 1312//353 1310//353
f 1310//359 1312//359 1090//359
f 1310//354 1090//1017 1088//1017
f 1311//362 1094//363 1312//1104
f 1312//1104 1094//363 1092//365
f 1312//359 1092//359 1090//359
f 1313//366 1314//366 1094//366
f 1094//366 1314//366 1315//366
f 1094//366 1315//366 1095//366
f 1095//366 1315//366 1316//366
f 1095//366 1316//366 1187//366
f 1187//366 1316//366 1317//366
f 1187//366 1317//366 1186//366
f 1186//366 1317//366 1318//366
f 1186//366 1318//366 1209//366
f 1209//366 1318//366 1319//366
f 1209//366 1319//366 1214//366
f 1214//366 1319//366 1320//366
f 1214//366 1320//366 1219//366
f 1219//366 1320//366 1321//366
f 1219//366 1321//366 1224//366
f 1224//366 1321//366 1322//366
f 1224//366 1322//366 1229//366
f 1229//366 1322//366 1323//366
f 1229//366 1323//366 1234//366
f 1234//366 1323//366 1324//366
f 1234//366 1324//366 1239//366
f 1239//366 1324//366 1325//366
f 1239//366 1325//366 1244//366
f 1244//366 1325//366 1326//366
f 1244//366 1326//366 1249//366
f 1249//366 1326//366 1327//366
f 1249//366 1327//366 1253//366
f 1253//366 1327//366 1328//366
f 1253//366 1328//366 1256//366
f 1256//366 1328//366 1329//366
f 1256//366 1329//366 1258//366
f 1258//366 1329//366 1330//366
f 1258//366 1330//366 1125//366
f 1125//366 1330//366 1331//366
f 1125//366 1331//366 1123//366
f 1123//366 1331//366 1332//366
f 1123//366 1332//366 1121//366
f 1121//366 1332//366 1333//366
f 1121//366 1333//366 1120//366
f 1120//366 1333//366 1334//366
f 1120//366 1334//366 1259//366
f 1259//366 1334//366 1335//366
f 1259//366 1335//366 1264//366
f 1264//366 1335//366 1336//366
f 1264//366 1336//366 1269//366
f 1269//366 1336//366 1337//366
f 1269//366 1337//366 1274//366
f 1274//366 1337//366 1338//366
f 1274//366 1338//366 1279//366
f 1279//366 1338//366 1339//366
f 1279//366 1339//366 1284//366
f 1284//366 1339//366 1340//366
f 1284//366 1340//366 1289//366
f 1289//366 1340//366 1341//366
f 1289//366 1341//366 1294//366
f 1294//366 1341//366 1342//366
f 1294//366 1342//366 1299//366
f 1299//366 1342//366 1343//366
f 1299//366 1343//366 1304//366
f 1304//366 1343//366 1344//366
f 1304//366 1344//366 1308//366
f 1308//366 1344//366 1345//366
f 1308//366 1345//366 1311//366
f 1311//366 1345//366 1313//366
f 1311//366 1313//366 1094//366
f 1346//1021 1081//1021 1347//1021
f 1347//1021 1081//1021 1083//1021
f 1347//1022 1083//1022 1348//1022
f 1348//1022 1083//1022 1208//1022
f 1348//1023 1208//1023 1349//1023
f 1349//1023 1208//1023 1206//1023
f 1349//370 1206//370 1350//370
f 1350//370 1206//370 1203//370
f 1350//1024 1203//1024 1351//1024
f 1351//1024 1203//1024 1199//1024
f 1351//1025 1199//1025 1352//1025
f 1352//1025 1199//1025 1194//1025
f 1352//373 1194//373 1353//373
f 1353//373 1194//373 1189//373
f 1353//374 1189//374 1354//374
f 1354//374 1189//374 1175//374
f 1354//375 1175//375 1355//375
f 1355//375 1175//375 1173//375
f 1355//376 1173//376 1356//376
f 1356//376 1173//376 1171//376
f 1356//377 1171//377 1357//377
f 1357//377 1171//377 1169//377
f 1357//1105 1169//378 1358//378
f 1358//378 1169//378 1167//378
f 1358//1026 1167//1026 1359//1026
f 1359//1026 1167//1026 1165//1026
f 1359//380 1165//380 1360//380
f 1360//380 1165//380 1163//380
f 1360//1027 1163//1027 1361//1027
f 1361//1027 1163//1027 1137//1027
f 1361//1028 1137//1028 1362//1028
f 1362//1028 1137//1028 1136//1028
f 1362//1029 1136//1029 1363//1029
f 1363//1029 1136//1029 1160//1029
f 1363//1030 1160//1030 1364//1030
f 1364//1030 1160//1030 1157//1030
f 1364//385 1157//385 1365//385
f 1365//385 1157//385 1153//385
f 1365//386 1153//1031 1366//386
f 1366//386 1153//1031 1148//1031
f 1366//387 1148//387 1367//387
f 1367//387 1148//387 1143//387
f 1367//389 1143//389 1368//389
f 1368//389 1143//389 1138//389
f 1368//390 1138//390 1369//390
f 1369//390 1138//390 1109//390
f 1369//391 1109//391 1370//391
f 1370//391 1109//391 1107//391
f 1370//392 1107//392 1371//392
f 1371//392 1107//392 1105//392
f 1371//393 1105//393 1372//393
f 1372//393 1105//393 1103//393
f 1372//395 1103//395 1373//395
f 1373//395 1103//395 1101//395
f 1373//1032 1101//1032 1374//1032
f 1374//1032 1101//1032 1099//1032
f 1374//1106 1099//397 1375//397
f 1375//397 1099//397 1097//397
f 1375//1033 1097//1033 1346//1033
f 1346//1033 1097//1033 1081//1033
f 1376//399 1377//399 1378//399
f 1378//808 1377//808 1379//808
f 1378//401 1379//401 1380//401
f 1380//809 1379//809 1381//809
f 1380//403 1381//403 1382//403
f 1382//404 1381//404 1383//404
f 1382//1107 1383//1107 1384//1107
f 1384//1108 1383//1108 1385//1108
f 1384//811 1385//811 1386//811
f 1386//1109 1385//1109 1387//1109
f 1386//1110 1387//1110 1388//1110
f 1388//410 1387//410 1389//410
f 1388//812 1389//812 1390//812
f 1390//412 1389//412 1391//412
f 1390//1111 1391//1111 1392//1111
f 1392//1112 1391//1112 1393//1112
f 1392//1113 1393//1113 1394//1113
f 1394//1114 1393//1114 1395//1114
f 1394//417 1395//417 1396//417
f 1396//1115 1395//1115 1397//1115
f 1396//419 1397//419 1398//419
f 1398//1116 1397//1116 1399//1116
f 1398//1117 1399//1117 1400//1117
f 1400//422 1399//422 1401//422
f 1400//423 1401//423 1402//423
f 1402//1118 1401//1118 1403//1118
f 1402//425 1403//425 1404//425
f 1404//814 1403//814 1405//814
f 1404//427 1405//427 1406//427
f 1406//1119 1405//1119 1407//1119
f 1406//815 1407//815 1408//815
f 1408//430 1407//430 1409//430
f 1408//431 1409//431 1410//431
f 1410//816 1409//816 1411//816
f 1410//817 1411//817 1412//817
f 1412//818 1411//818 1413//818
f 1412//435 1413//435 1414//435
f 1414//819 1413//819 1415//819
f 1414//1120 1415//1120 1416//1120
f 1416//821 1415//821 1417//821
f 1416//439 1417//439 1418//439
f 1418//440 1417//440 1419//440
f 1418//822 1419//822 1420//822
f 1420//442 1419//442 1421//442
f 1420//443 1421//443 1422//443
f 1422//1121 1421//1121 1423//1121
f 1422//1122 1423//1122 1424//1122
f 1424//1123 1423//1123 1425//1123
f 1424//447 1425//447 1426//447
f 1426//1124 1425//1124 1427//1124
f 1426//1125 1427//1125 1428//1125
f 1428//1126 1427//1126 1429//1126
f 1428//1127 1429//1127 1430//1127
f 1430//1128 1429//1128 1431//1128
f 1430//453 1431//453 1432//453
f 1432//1129 1431//1129 1433//1129
f 1432//1130 1433//1130 1434//1130
f 1434//1131 1433//1131 1435//1131
f 1434//1132 1435//1132 1436//1132
f 1436//458 1435//458 1437//458
f 1436//1133 1437//1133 1438//1133
f 1438//1134 1437//1134 1439//1134
f 1438//461 1439//461 1440//461
f 1440//462 1439//462 1441//462
f 1440//826 1441//826 1442//826
f 1442//1135 1441//1135 1443//1135
f 1442//1136 1443//1136 1444//1136
f 1444//466 1443//466 1445//466
f 1444//467 1445//467 1376//467
f 1376//828 1445//828 1377//828
f 1313//469 1446//469 1314//469
f 1314//470 1446//470 1447//470
f 1314//471 1447//471 1315//471
f 1315//472 1447//472 1448//472
f 1315//473 1448//473 1316//473
f 1316//474 1448//474 1449//474
f 1316//475 1449//475 1317//475
f 1317//476 1449//476 1450//476
f 1317//477 1450//477 1318//477
f 1318//478 1450//478 1451//478
f 1318//479 1451//479 1319//479
f 1319//480 1451//480 1452//480
f 1319//481 1452//481 1320//481
f 1320//829 1452//829 1453//829
f 1320//830 1453//484 1321//485
f 1321//485 1453//484 1454//486
f 1321//487 1454//488 1322//489
f 1322//489 1454//488 1455//490
f 1322//1137 1455//492 1456//493
f 1456//494 1455//495 1457//494
f 1456//494 1457//494 1458//494
f 1458//496 1457//496 1459//496
f 1458//496 1459//496 1460//496
f 1460//1138 1459//1138 1461//1138
f 1460//1138 1461//1138 1462//1138
f 1462//1139 1461//1139 1431//1139
f 1462//1139 1431//1139 1429//1139
f 1446//500 1313//500 1463//500
f 1463//501 1313//501 1345//501
f 1463//502 1345//502 1464//502
f 1464//503 1345//503 1344//503
f 1464//504 1344//504 1465//504
f 1465//505 1344//505 1343//505
f 1465//506 1343//506 1466//506
f 1466//507 1343//507 1342//507
f 1466//508 1342//508 1467//508
f 1467//509 1342//509 1341//509
f 1467//510 1341//510 1468//510
f 1468//511 1341//832 1340//513
f 1468//511 1340//513 1469//514
f 1469//515 1340//516 1339//517
f 1469//515 1339//517 1470//518
f 1470//519 1339//520 1471//521
f 1470//522 1471//522 1472//522
f 1472//523 1471//523 1473//523
f 1472//524 1473//524 1474//524
f 1474//526 1473//526 1475//527
f 1474//528 1475//1140 1476//1140
f 1476//833 1475//833 1477//833
f 1476//532 1477//834 1403//834
f 1403//534 1477//534 1405//835
f 1339//520 1338//535 1471//521
f 1471//536 1338//537 1478//538
f 1471//523 1478//523 1473//523
f 1473//539 1478//539 1479//539
f 1473//526 1479//527 1475//527
f 1475//541 1479//541 1480//541
f 1475//833 1480//833 1477//833
f 1477//542 1480//542 1481//836
f 1477//534 1481//835 1405//835
f 1405//545 1481//545 1407//545
f 1338//537 1337//546 1478//538
f 1478//547 1337//1141 1482//1141
f 1478//539 1482//1142 1479//539
f 1479//1143 1482//1143 1483//1143
f 1479//541 1483//541 1480//541
f 1480//1144 1483//1144 1484//550
f 1480//542 1484//836 1481//836
f 1481//1145 1484//1145 1485//552
f 1481//545 1485//545 1407//545
f 1407//840 1485//840 1409//840
f 1337//554 1336//554 1482//554
f 1482//555 1336//555 1486//555
f 1482//1143 1486//1146 1483//1143
f 1483//556 1486//556 1487//1147
f 1483//1144 1487//550 1484//550
f 1484//841 1487//842 1488//557
f 1484//1145 1488//552 1485//552
f 1485//558 1488//558 1489//558
f 1485//840 1489//840 1409//840
f 1409//560 1489//560 1411//559
f 1336//562 1335//562 1486//562
f 1486//844 1335//844 1490//844
f 1486//556 1490//1147 1487//1147
f 1487//1148 1490//1148 1491//564
f 1487//842 1491//557 1488//557
f 1488//565 1491//565 1492//565
f 1488//558 1492//558 1489//558
f 1489//566 1492//566 1493//566
f 1489//560 1493//559 1411//559
f 1411//568 1493//568 1413//568
f 1335//569 1334//569 1490//569
f 1490//570 1334//570 1494//570
f 1490//1148 1494//564 1491//564
f 1491//571 1494//571 1495//571
f 1491//565 1495//565 1492//565
f 1492//573 1495//573 1496//573
f 1492//566 1496//566 1493//566
f 1493//575 1496//575 1497//574
f 1493//568 1497//568 1413//568
f 1413//576 1497//576 1415//1149
f 1334//578 1333//578 1494//578
f 1494//579 1333//579 1498//579
f 1494//571 1498//571 1495//571
f 1495//580 1498//580 1499//846
f 1495//573 1499//573 1496//573
f 1496//847 1499//847 1500//848
f 1496//575 1500//849 1497//574
f 1497//584 1500//584 1501//584
f 1497//576 1501//1149 1415//1149
f 1415//586 1501//586 1417//1150
f 1333//587 1332//587 1498//587
f 1498//851 1332//851 1502//851
f 1498//580 1502//846 1499//846
f 1499//852 1502//852 1503//852
f 1499//847 1503//848 1500//848
f 1500//853 1503//853 1504//853
f 1500//584 1504//584 1501//584
f 1501//592 1504//592 1505//592
f 1501//586 1505//1150 1417//1150
f 1417//1151 1505//1151 1419//1151
f 1332//595 1331//595 1502//595
f 1502//596 1331//596 1506//596
f 1502//852 1506//852 1503//852
f 1503//854 1506//854 1507//854
f 1503//853 1507//853 1504//853
f 1504//598 1507//598 1508//598
f 1504//592 1508//592 1505//592
f 1505//599 1508//599 1509//599
f 1505//1151 1509//1151 1419//1151
f 1419//1152 1509//1152 1421//1152
f 1331//856 1330//856 1506//856
f 1506//603 1330//603 1510//603
f 1506//854 1510//854 1507//854
f 1507//857 1510//857 1511//857
f 1507//598 1511//598 1508//598
f 1508//605 1511//605 1512//605
f 1508//599 1512//599 1509//599
f 1509//858 1512//858 1513//858
f 1509//1152 1513//1152 1421//1152
f 1421//859 1513//859 1423//1153
f 1330//610 1329//610 1510//610
f 1510//860 1329//860 1514//860
f 1510//857 1514//857 1511//857
f 1511//861 1514//861 1515//612
f 1511//605 1515//605 1512//605
f 1512//613 1515//613 1516//862
f 1512//858 1516//858 1513//858
f 1513//615 1516//615 1517//863
f 1513//859 1517//1153 1423//1153
f 1423//1154 1517//1154 1425//1154
f 1329//618 1328//618 1514//618
f 1514//619 1328//619 1518//619
f 1514//861 1518//612 1515//612
f 1515//620 1518//620 1519//620
f 1515//613 1519//862 1516//862
f 1516//622 1519//622 1520//621
f 1516//615 1520//863 1517//863
f 1517//866 1520//866 1521//623
f 1517//1154 1521//1154 1425//1154
f 1425//867 1521//867 1427//867
f 1328//626 1327//626 1518//626
f 1518//627 1327//627 1522//627
f 1518//620 1522//1155 1519//620
f 1519//628 1522//628 1523//628
f 1519//622 1523//1156 1520//621
f 1520//630 1523//630 1524//630
f 1520//866 1524//623 1521//623
f 1521//1157 1524//1157 1525//633
f 1521//867 1525//867 1427//867
f 1427//634 1525//634 1429//634
f 1327//635 1326//635 1522//635
f 1522//636 1326//636 1526//636
f 1522//628 1526//628 1523//628
f 1523//637 1526//868 1527//868
f 1523//630 1527//630 1524//630
f 1524//640 1527//640 1528//640
f 1524//1157 1528//633 1525//633
f 1525//641 1528//641 1462//641
f 1525//634 1462//634 1429//634
f 1326//643 1325//643 1526//643
f 1526//644 1325//644 1529//644
f 1526//868 1529//868 1527//868
f 1527//869 1529//869 1530//646
f 1527//640 1530//640 1528//640
f 1528//647 1530//647 1460//647
f 1528//641 1460//641 1462//641
f 1325//648 1324//648 1529//648
f 1529//1158 1324//1158 1531//1158
f 1529//869 1531//646 1530//646
f 1530//871 1531//871 1458//650
f 1530//647 1458//647 1460//647
f 1324//651 1323//652 1531//653
f 1531//653 1323//652 1456//654
f 1531//871 1456//650 1458//650
f 1323//655 1322//1137 1456//493
f 1377//656 1532//656 1379//1159
f 1379//1159 1532//656 1533//1159
f 1379//658 1533//658 1381//872
f 1381//872 1533//658 1534//873
f 1381//1160 1534//660 1383//660
f 1383//660 1534//660 1535//660
f 1383//661 1535//661 1385//1161
f 1385//1161 1535//661 1536//1161
f 1385//1162 1536//1162 1387//664
f 1387//664 1536//1162 1537//664
f 1387//665 1537//875 1389//875
f 1389//875 1537//875 1538//875
f 1389//667 1538//667 1391//668
f 1391//668 1538//667 1539//668
f 1391//669 1539//669 1393//669
f 1393//669 1539//669 1540//669
f 1393//670 1540//670 1395//877
f 1395//877 1540//670 1541//877
f 1395//671 1541//671 1397//671
f 1397//671 1541//671 1542//671
f 1397//672 1542//672 1399//1163
f 1399//1163 1542//672 1543//1163
f 1399//878 1543//878 1401//878
f 1401//878 1543//878 1476//878
f 1401//532 1476//532 1403//834
f 1532//1164 1544//1164 1533//675
f 1533//675 1544//1164 1545//675
f 1533//880 1545//880 1534//880
f 1534//880 1545//880 1546//880
f 1534//678 1546//678 1535//678
f 1535//678 1546//678 1547//678
f 1535//679 1547//679 1536//680
f 1536//680 1547//679 1548//680
f 1536//682 1548//682 1537//682
f 1537//682 1548//682 1549//682
f 1537//683 1549//683 1538//684
f 1538//684 1549//683 1550//684
f 1538//685 1550//685 1539//883
f 1539//883 1550//685 1551//883
f 1539//687 1551//686 1540//686
f 1540//686 1551//686 1552//686
f 1540//689 1552//689 1541//689
f 1541//689 1552//689 1553//689
f 1541//690 1553//690 1542//690
f 1542//690 1553//690 1554//690
f 1542//691 1554//691 1543//691
f 1543//691 1554//691 1474//691
f 1543//528 1474//528 1476//1140
f 1532//693 1377//692 1555//692
f 1555//692 1377//692 1445//692
f 1555//695 1445//695 1556//694
f 1556//694 1445//695 1443//694
f 1556//1165 1443//1165 1557//697
f 1557//697 1443//1165 1441//697
f 1557//698 1441//698 1558//698
f 1558//698 1441//698 1439//1166
f 1558//890 1439//890 1559//890
f 1559//890 1439//890 1437//700
f 1559//701 1437//701 1560//701
f 1560//701 1437//701 1435//701
f 1560//892 1435//892 1561//1167
f 1561//1167 1435//892 1433//1167
f 1561//1168 1433//1168 1461//1168
f 1461//1168 1433//1168 1431//1168
f 1544//706 1562//707 1545//707
f 1545//707 1562//707 1563//707
f 1545//709 1563//709 1546//709
f 1546//709 1563//709 1564//709
f 1546//710 1564//710 1547//1169
f 1547//1169 1564//710 1565//1169
f 1547//712 1565//711 1548//711
f 1548//711 1565//711 1566//711
f 1548//894 1566//894 1549//713
f 1549//713 1566//894 1567//713
f 1549//895 1567//895 1550//895
f 1550//895 1567//895 1568//895
f 1550//715 1568//715 1551//896
f 1551//896 1568//715 1569//896
f 1551//899 1569//899 1552//899
f 1552//899 1569//899 1570//899
f 1552//718 1570//718 1553//718
f 1553//718 1570//718 1571//718
f 1553//719 1571//719 1554//719
f 1554//719 1571//719 1472//719
f 1554//524 1472//524 1474//524
f 1544//722 1532//722 1572//722
f 1572//722 1532//722 1555//722
f 1572//723 1555//723 1573//724
f 1573//724 1555//723 1556//724
f 1573//900 1556//900 1574//725
f 1574//725 1556//900 1557//725
f 1574//726 1557//726 1575//726
f 1575//726 1557//726 1558//1170
f 1575//728 1558//728 1576//728
f 1576//728 1558//728 1559//728
f 1576//729 1559//729 1577//1171
f 1577//1171 1559//729 1560//901
f 1577//903 1560//903 1578//730
f 1578//730 1560//903 1561//730
f 1578//731 1561//731 1459//731
f 1459//731 1561//731 1461//731
f 1562//733 1447//733 1563//733
f 1563//733 1447//733 1446//733
f 1563//904 1446//904 1564//904
f 1564//904 1446//904 1463//904
f 1564//736 1463//736 1565//736
f 1565//736 1463//736 1464//736
f 1565//737 1464//905 1566//905
f 1566//905 1464//905 1465//1172
f 1566//1173 1465//906 1567//738
f 1567//738 1465//906 1466//738
f 1567//907 1466//907 1568//739
f 1568//739 1466//907 1467//739
f 1568//908 1467//908 1569//740
f 1569//740 1467//908 1468//740
f 1569//742 1468//742 1570//742
f 1570//742 1468//742 1469//742
f 1570//745 1469//745 1571//745
f 1571//745 1469//745 1470//745
f 1571//522 1470//522 1472//522
f 1562//746 1544//746 1579//746
f 1579//746 1544//746 1572//746
f 1579//749 1572//749 1580//748
f 1580//748 1572//749 1573//748
f 1580//750 1573//750 1581//750
f 1581//750 1573//750 1574//750
f 1581//910 1574//910 1582//752
f 1582//752 1574//910 1575//752
f 1582//753 1575//753 1583//911
f 1583//911 1575//753 1576//911
f 1583//754 1576//754 1584//755
f 1584//755 1576//754 1577//755
f 1584//756 1577//756 1585//757
f 1585//757 1577//756 1578//757
f 1585//758 1578//758 1457//758
f 1457//758 1578//758 1459//758
f 1447//760 1562//760 1448//760
f 1448//760 1562//760 1579//760
f 1448//763 1579//763 1449//763
f 1449//763 1579//763 1580//763
f 1449//765 1580//765 1450//1174
f 1450//1174 1580//765 1581//1174
f 1450//767 1581//767 1451//767
f 1451//767 1581//767 1582//767
f 1451//912 1582//912 1452//912
f 1452//912 1582//912 1583//912
f 1452//913 1583//913 1453//913
f 1453//913 1583//913 1584//913
f 1453//771 1584//771 1454//771
f 1454//771 1584//771 1585//771
f 1454//772 1585//772 1455//772
f 1455//772 1585//772 1457//772
f 1586//773 1376//773 1587//773
f 1587//773 1376//773 1378//773
f 1587//774 1378//774 1588//774
f 1588//774 1378//774 1380//774
f 1588//775 1380//775 1589//775
f 1589//775 1380//775 1382//775
f 1589//914 1382//914 1590//914
f 1590//914 1382//914 1384//914
f 1590//777 1384//777 1591//777
f 1591//777 1384//777 1386//777
f 1591//778 1386//778 1592//778
f 1592//778 1386//778 1388//778
f 1592//779 1388//779 1593//779
f 1593//779 1388//779 1390//779
f 1593//780 1390//780 1594//780
f 1594//780 1390//780 1392//780
f 1594//781 1392//781 1595//781
f 1595//781 1392//781 1394//781
f 1595//782 1394//782 1596//782
f 1596//782 1394//782 1396//782
f 1596//783 1396//783 1597//783
f 1597//783 1396//783 1398//783
f 1597//1175 1398//1175 1598//1175
f 1598//1175 1398//1175 1400//1175
f 1598//915 1400//915 1599//915
f 1599//915 1400//915 1402//915
f 1599//786 1402//786 1600//786
f 1600//786 1402//786 1404//786
f 1600//787 1404//787 1601//787
f 1601//787 1404//787 1406//787
f 1601//788 1406//788 1602//788
f 1602//788 1406//788 1408//788
f 1602//789 1408//789 1603//789
f 1603//789 1408//789 1410//789
f 1603//790 1410//790 1604//790
f 1604//790 1410//790 1412//790
f 1604//791 1412//791 1605//791
f 1605//791 1412//791 1414//791
f 1605//792 1414//792 1606//792
f 1606//792 1414//792 1416//792
f 1606//793 1416//793 1607//793
f 1607//793 1416//793 1418//793
f 1607//794 1418//794 1608//794
f 1608//794 1418//794 1420//794
f 1608//795 1420//795 1609//795
f 1609//795 1420//795 1422//795
f 1609//796 1422//796 1610//796
f 1610//796 1422//796 1424//796
f 1610//916 1424//916 1611//916
f 1611//916 1424//916 1426//916
f 1611//798 1426//798 1612//798
f 1612//798 1426//798 1428//798
f 1612//799 1428//799 1613//799
f 1613//799 1428//799 1430//799
f 1613//800 1430//800 1614//800
f 1614//800 1430//800 1432//800
f 1614//801 1432//801 1615//801
f 1615//801 1432//801 1434//801
f 1615//802 1434//802 1616//802
f 1616//802 1434//802 1436//802
f 1616//803 1436//803 1617//803
f 1617//803 1436//803 1438//803
f 1617//804 1438//804 1618//804
f 1618//804 1438//804 1440//804
f 1618//805 1440//805 1619//805
f 1619//805 1440//805 1442//805
f 1619//917 1442//917 1620//917
f 1620//917 1442//917 1444//917
f 1620//807 1444//807 1586//807
f 1586//807 1444//807 1376//807
f 1621//1 1622//1 1623//1
f 1623//2 1622//2 1624//2
f 1623//3 1624//3 1625//3
f 1625//1176 1624//4 1626//4
f 1625//1176 1626//4 1627//1034
f 1627//6 1626//6 1628//6
f 1627//6 1628//6 1629//6
f 1629//1177 1628//8 1630//8
f 1629//1177 1630//8 1631//1177
f 1631//9 1630//10 1632//10
f 1631//9 1632//10 1633//9
f 1633//11 1632//12 1634//1178
f 1633//11 1634//1178 1635//14
f 1622//922 1621//922 1636//922
f 1636//1179 1621//1179 1637//1179
f 1636//1180 1637//1180 1638//1180
f 1638//1036 1637//1036 1639//1036
f 1638//19 1639//19 1640//19
f 1640//20 1639//20 1641//20
f 1640//21 1641//21 1642//21
f 1642//1037 1641//1037 1643//1037
f 1642//1038 1643//1038 1644//1038
f 1644//1039 1643//1039 1645//1039
f 1644//25 1645//25 1646//25
f 1646//1040 1645//1040 1647//1040
f 1646//1041 1647//1041 1648//1041
f 1648//1042 1647//1042 1649//1042
f 1648//1042 1649//1042 1650//1042
f 1650//1043 1649//1043 1651//1043
f 1650//1044 1651//1044 1652//1044
f 1652//1045 1651//1045 1653//1045
f 1652//34 1653//34 1654//34
f 1654//36 1653//36 1655//35
f 1654//930 1655//1046 1656//930
f 1656//38 1655//38 1657//38
f 1656//40 1657//40 1658//40
f 1658//41 1657//41 1659//41
f 1658//42 1659//42 1660//42
f 1660//932 1659//932 1661//932
f 1661//44 1659//44 1662//44
f 1661//45 1662//46 1663//47
f 1663//47 1662//46 1664//48
f 1663//49 1664//1181 1665//51
f 1665//51 1664//1181 1666//52
f 1665//936 1666//54 1667//1182
f 1667//56 1666//56 1668//56
f 1667//56 1668//56 1669//56
f 1669//57 1668//58 1670//58
f 1669//57 1670//58 1671//57
f 1671//939 1670//59 1672//59
f 1671//939 1672//59 1673//939
f 1673//60 1672//1183 1674//1183
f 1673//60 1674//1183 1675//60
f 1675//61 1674//61 1676//61
f 1675//62 1676//62 1677//62
f 1649//1052 1678//1052 1651//1052
f 1651//64 1678//64 1679//64
f 1651//1045 1679//33 1653//1045
f 1653//65 1679//65 1680//1184
f 1653//36 1680//35 1655//35
f 1655//67 1680//67 1681//67
f 1655//38 1681//38 1657//38
f 1657//69 1681//69 1682//69
f 1657//41 1682//41 1659//41
f 1659//70 1682//70 1662//71
f 1678//1054 1683//1054 1679//1054
f 1679//1055 1683//1055 1684//1055
f 1679//65 1684//1184 1680//1184
f 1680//1185 1684//1185 1685//75
f 1680//67 1685//66 1681//67
f 1681//77 1685//77 1686//76
f 1681//69 1686//69 1682//69
f 1682//78 1686//78 1687//78
f 1682//70 1687//71 1662//71
f 1662//79 1687//79 1664//79
f 1683//1057 1688//1057 1684//1057
f 1684//81 1688//81 1689//81
f 1684//1185 1689//75 1685//75
f 1685//82 1689//82 1690//82
f 1685//77 1690//76 1686//76
f 1686//83 1690//83 1691//83
f 1686//78 1691//78 1687//78
f 1687//85 1691//85 1692//85
f 1687//79 1692//79 1664//79
f 1664//86 1692//86 1666//86
f 1688//87 1693//87 1689//87
f 1689//88 1693//88 1694//88
f 1689//82 1694//82 1690//82
f 1690//89 1694//89 1695//89
f 1690//83 1695//953 1691//83
f 1691//91 1695//91 1696//91
f 1691//85 1696//85 1692//85
f 1692//92 1696//92 1668//93
f 1692//86 1668//86 1666//86
f 1693//956 1697//956 1694//956
f 1694//1186 1697//1186 1698//1186
f 1694//89 1698//89 1695//89
f 1695//96 1698//96 1699//97
f 1695//91 1699//91 1696//91
f 1696//98 1699//98 1670//99
f 1696//92 1670//93 1668//93
f 1697//100 1700//100 1698//100
f 1698//1187 1700//1187 1701//1187
f 1698//96 1701//97 1699//97
f 1699//102 1701//102 1672//959
f 1699//98 1672//99 1670//99
f 1700//103 1676//103 1701//103
f 1701//961 1676//961 1674//961
f 1701//102 1674//959 1672//959
f 1675//105 1677//105 1702//105
f 1702//106 1677//106 1703//106
f 1702//1188 1703//1188 1704//1188
f 1704//1066 1703//1066 1705//1066
f 1704//109 1705//109 1706//109
f 1706//1189 1705//1189 1707//1189
f 1706//111 1707//111 1708//111
f 1708//112 1707//112 1709//112
f 1708//113 1709//113 1710//113
f 1710//1067 1709//1067 1711//1067
f 1710//115 1711//115 1712//115
f 1712//1068 1711//1068 1713//1068
f 1712//117 1713//117 1714//117
f 1714//118 1713//118 1715//118
f 1714//118 1715//118 1716//118
f 1716//119 1715//119 1717//119
f 1716//121 1717//121 1718//121
f 1718//122 1717//1069 1719//1190
f 1718//1070 1719//124 1720//124
f 1720//125 1719//125 1721//125
f 1720//128 1721//1191 1722//1191
f 1722//1192 1721//1193 1723//129
f 1722//130 1723//130 1724//130
f 1724//133 1723//133 1725//132
f 1724//966 1725//966 1726//966
f 1726//135 1725//135 1727//135
f 1727//136 1725//136 1728//136
f 1727//137 1728//138 1635//139
f 1635//139 1728//138 1633//140
f 1715//1071 1729//1071 1717//1071
f 1717//142 1729//142 1730//142
f 1717//1069 1730//1190 1719//1190
f 1719//1194 1730//1194 1731//144
f 1719//125 1731//125 1721//125
f 1721//147 1731//147 1732//147
f 1721//1193 1732//129 1723//129
f 1723//148 1732//148 1733//148
f 1723//133 1733//132 1725//132
f 1725//1195 1733//151 1728//151
f 1729//1072 1734//1072 1730//1072
f 1730//153 1734//153 1735//153
f 1730//1194 1735//144 1731//144
f 1731//970 1735//970 1736//155
f 1731//147 1736//147 1732//147
f 1732//156 1736//156 1737//157
f 1732//148 1737//148 1733//148
f 1733//158 1737//158 1738//158
f 1733//151 1738//151 1728//151
f 1728//159 1738//159 1633//159
f 1734//1073 1739//1073 1735//1073
f 1735//161 1739//161 1740//161
f 1735//970 1740//1196 1736//155
f 1736//1197 1740//1197 1741//162
f 1736//156 1741//157 1737//157
f 1737//163 1741//163 1742//163
f 1737//158 1742//158 1738//158
f 1738//165 1742//165 1631//165
f 1738//159 1631//159 1633//159
f 1739//166 1743//166 1740//166
f 1740//167 1743//167 1744//167
f 1740//1197 1744//162 1741//162
f 1741//168 1744//168 1745//168
f 1741//163 1745//163 1742//163
f 1742//170 1745//170 1629//170
f 1742//165 1629//165 1631//165
f 1743//1075 1746//1075 1744//1075
f 1744//1198 1746//1198 1747//1198
f 1744//168 1747//168 1745//168
f 1745//977 1747//1199 1627//1199
f 1745//170 1627//170 1629//170
f 1746//1200 1748//1200 1747//1200
f 1747//177 1748//177 1625//177
f 1747//1199 1625//175 1627//1199
f 1748//178 1623//178 1625//178
f 1726//179 1749//179 1724//179
f 1724//180 1749//180 1750//180
f 1724//130 1750//130 1722//130
f 1722//181 1750//181 1751//181
f 1722//1191 1751//128 1720//128
f 1720//183 1751//183 1752//183
f 1720//124 1752//1070 1718//1070
f 1718//185 1752//185 1753//185
f 1718//121 1753//121 1716//121
f 1716//1078 1753//1078 1714//1078
f 1749//188 1754//188 1750//188
f 1750//189 1754//189 1755//189
f 1750//181 1755//181 1751//181
f 1751//190 1755//190 1756//190
f 1751//183 1756//183 1752//183
f 1752//192 1756//192 1757//192
f 1752//185 1757//185 1753//185
f 1753//193 1757//193 1758//193
f 1753//1078 1758//1078 1714//1078
f 1714//1079 1758//1079 1712//1079
f 1754//196 1759//196 1755//196
f 1755//197 1759//197 1760//197
f 1755//190 1760//190 1756//190
f 1756//1080 1760//198 1761//198
f 1756//192 1761//192 1757//192
f 1757//199 1761//199 1762//199
f 1757//193 1762//193 1758//193
f 1758//200 1762//200 1763//200
f 1758//1079 1763//1079 1712//1079
f 1712//1081 1763//1081 1710//1081
f 1759//204 1764//204 1760//204
f 1760//205 1764//205 1765//205
f 1760//198 1765//198 1761//198
f 1761//1083 1765//1083 1766//1083
f 1761//199 1766//199 1762//199
f 1762//207 1766//207 1767//207
f 1762//200 1767//200 1763//200
f 1763//1084 1767//1084 1768//208
f 1763//1081 1768//1081 1710//1081
f 1710//210 1768//210 1708//210
f 1764//211 1769//211 1765//211
f 1765//212 1769//212 1770//212
f 1765//1083 1770//1083 1766//1083
f 1766//214 1770//214 1771//214
f 1766//207 1771//207 1767//207
f 1767//215 1771//215 1772//215
f 1767//1084 1772//208 1768//208
f 1768//216 1772//216 1773//1087
f 1768//210 1773//1201 1708//210
f 1708//217 1773//217 1706//217
f 1769//219 1774//219 1770//219
f 1770//220 1774//220 1775//220
f 1770//214 1775//214 1771//214
f 1771//222 1775//222 1776//222
f 1771//215 1776//215 1772//215
f 1772//986 1776//986 1777//986
f 1772//216 1777//1087 1773//1087
f 1773//224 1777//224 1778//224
f 1773//217 1778//217 1706//217
f 1706//226 1778//226 1704//227
f 1774//228 1779//228 1775//228
f 1775//229 1779//229 1780//229
f 1775//222 1780//222 1776//222
f 1776//230 1780//230 1781//230
f 1776//986 1781//986 1777//986
f 1777//231 1781//231 1782//231
f 1777//224 1782//224 1778//224
f 1778//232 1782//232 1783//232
f 1778//226 1783//227 1704//227
f 1704//233 1783//233 1702//233
f 1779//235 1784//235 1780//235
f 1780//236 1784//236 1785//236
f 1780//230 1785//230 1781//230
f 1781//237 1785//237 1786//237
f 1781//231 1786//231 1782//231
f 1782//239 1786//239 1787//239
f 1782//232 1787//991 1783//232
f 1783//241 1787//241 1788//241
f 1783//233 1788//233 1702//233
f 1702//1202 1788//992 1675//243
f 1784//245 1789//245 1785//245
f 1785//246 1789//246 1790//246
f 1785//237 1790//237 1786//237
f 1786//247 1790//247 1791//247
f 1786//239 1791//239 1787//239
f 1787//249 1791//249 1792//249
f 1787//241 1792//241 1788//241
f 1788//252 1792//252 1673//252
f 1788//992 1673//243 1675//243
f 1789//253 1793//253 1790//253
f 1790//254 1793//254 1794//254
f 1790//247 1794//247 1791//247
f 1791//256 1794//256 1795//256
f 1791//249 1795//249 1792//249
f 1792//257 1795//258 1671//259
f 1792//252 1671//994 1673//252
f 1793//1203 1796//1203 1794//1203
f 1794//261 1796//261 1797//261
f 1794//256 1797//256 1795//256
f 1795//262 1797//262 1669//262
f 1795//258 1669//259 1671//259
f 1796//263 1798//264 1797//265
f 1797//265 1798//264 1667//266
f 1797//262 1667//262 1669//262
f 1798//267 1665//936 1667//1182
f 1660//1204 1799//1204 1658//1204
f 1658//269 1799//269 1800//269
f 1658//40 1800//40 1656//40
f 1656//270 1800//270 1801//270
f 1656//930 1801//930 1654//930
f 1654//272 1801//272 1802//272
f 1654//34 1802//34 1652//34
f 1652//274 1802//274 1803//274
f 1652//1044 1803//1044 1650//1044
f 1650//275 1803//275 1648//276
f 1799//998 1804//998 1800//998
f 1800//278 1804//278 1805//278
f 1800//270 1805//270 1801//270
f 1801//279 1805//279 1806//280
f 1801//272 1806//272 1802//272
f 1802//281 1806//281 1807//281
f 1802//274 1807//274 1803//274
f 1803//282 1807//282 1808//282
f 1803//275 1808//276 1648//276
f 1648//283 1808//283 1646//283
f 1804//285 1809//285 1805//285
f 1805//286 1809//286 1810//286
f 1805//279 1810//280 1806//280
f 1806//287 1810//287 1811//287
f 1806//281 1811//281 1807//281
f 1807//288 1811//288 1812//288
f 1807//282 1812//282 1808//282
f 1808//289 1812//289 1813//1097
f 1808//283 1813//283 1646//283
f 1646//1098 1813//1099 1644//291
f 1809//292 1814//292 1810//292
f 1810//293 1814//293 1815//293
f 1810//287 1815//287 1811//287
f 1811//1100 1815//1100 1816//1100
f 1811//288 1816//288 1812//288
f 1812//296 1816//296 1817//296
f 1812//289 1817//290 1813//1097
f 1813//297 1817//297 1818//297
f 1813//1099 1818//291 1644//291
f 1644//298 1818//298 1642//298
f 1814//300 1819//300 1815//300
f 1815//301 1819//301 1820//301
f 1815//1100 1820//294 1816//1100
f 1816//302 1820//302 1821//302
f 1816//296 1821//296 1817//296
f 1817//303 1821//303 1822//303
f 1817//297 1822//297 1818//297
f 1818//305 1822//304 1823//304
f 1818//298 1823//1205 1642//298
f 1642//1002 1823//1002 1640//309
f 1819//310 1824//310 1820//310
f 1820//311 1824//311 1825//311
f 1820//302 1825//302 1821//302
f 1821//312 1825//312 1826//312
f 1821//303 1826//303 1822//303
f 1822//314 1826//314 1827//1206
f 1822//304 1827//304 1823//304
f 1823//315 1827//315 1828//315
f 1823//1002 1828//309 1640//309
f 1640//316 1828//316 1638//316
f 1824//317 1829//317 1825//317
f 1825//318 1829//318 1830//318
f 1825//312 1830//312 1826//312
f 1826//319 1830//319 1831//319
f 1826//314 1831//1206 1827//1206
f 1827//1207 1831//1208 1832//320
f 1827//315 1832//315 1828//315
f 1828//1007 1832//1007 1833//322
f 1828//316 1833//316 1638//316
f 1638//323 1833//323 1636//331
f 1829//1209 1834//1209 1830//1209
f 1830//325 1834//325 1835//325
f 1830//319 1835//319 1831//319
f 1831//326 1835//326 1836//326
f 1831//1208 1836//320 1832//320
f 1832//328 1836//328 1837//328
f 1832//1007 1837//322 1833//322
f 1833//329 1837//329 1838//329
f 1833//323 1838//331 1636//331
f 1636//332 1838//332 1622//333
f 1834//334 1839//334 1835//334
f 1835//335 1839//335 1840//335
f 1835//326 1840//326 1836//326
f 1836//336 1840//336 1841//337
f 1836//328 1841//328 1837//328
f 1837//338 1841//338 1842//338
f 1837//329 1842//329 1838//329
f 1838//342 1842//342 1843//342
f 1838//332 1843//333 1622//333
f 1622//1210 1843//1210 1624//1210
f 1839//1211 1844//1211 1840//1211
f 1840//1212 1844//1212 1845//1212
f 1840//336 1845//337 1841//337
f 1841//1213 1845//1213 1846//352
f 1841//338 1846//338 1842//338
f 1842//348 1846//348 1847//348
f 1842//342 1847//342 1843//342
f 1843//349 1847//349 1626//349
f 1843//1210 1626//1210 1624//1210
f 1844//350 1848//350 1845//350
f 1845//351 1848//351 1849//351
f 1845//1213 1849//352 1846//352
f 1846//353 1849//353 1850//353
f 1846//348 1850//348 1847//348
f 1847//354 1850//354 1628//354
f 1847//349 1628//349 1626//349
f 1848//355 1851//356 1849//357
f 1849//357 1851//356 1852//358
f 1849//353 1852//353 1850//353
f 1850//359 1852//359 1630//360
f 1850//354 1630//361 1628//354
f 1851//362 1634//1214 1852//364
f 1852//364 1634//1214 1632//365
f 1852//359 1632//360 1630//360
f 1853//366 1854//366 1634//366
f 1634//366 1854//366 1855//366
f 1634//366 1855//366 1635//366
f 1635//366 1855//366 1856//366
f 1635//366 1856//366 1727//366
f 1727//366 1856//366 1857//366
f 1727//366 1857//366 1726//366
f 1726//366 1857//366 1858//366
f 1726//366 1858//366 1749//366
f 1749//366 1858//366 1859//366
f 1749//366 1859//366 1754//366
f 1754//366 1859//366 1860//366
f 1754//366 1860//366 1759//366
f 1759//366 1860//366 1861//366
f 1759//366 1861//366 1764//366
f 1764//366 1861//366 1862//366
f 1764//366 1862//366 1769//366
f 1769//366 1862//366 1863//366
f 1769//366 1863//366 1774//366
f 1774//366 1863//366 1864//366
f 1774//366 1864//366 1779//366
f 1779//366 1864//366 1865//366
f 1779//366 1865//366 1784//366
f 1784//366 1865//366 1866//366
f 1784//366 1866//366 1789//366
f 1789//366 1866//366 1867//366
f 1789//366 1867//366 1793//366
f 1793//366 1867//366 1868//366
f 1793//366 1868//366 1796//366
f 1796//366 1868//366 1869//366
f 1796//366 1869//366 1798//366
f 1798//366 1869//366 1870//366
f 1798//366 1870//366 1665//366
f 1665//366 1870//366 1871//366
f 1665//366 1871//366 1663//366
f 1663//366 1871//366 1872//366
f 1663//366 1872//366 1661//366
f 1661//366 1872//366 1873//366
f 1661//366 1873//366 1660//366
f 1660//366 1873//366 1874//366
f 1660//366 1874//366 1799//366
f 1799//366 1874//366 1875//366
f 1799//366 1875//366 1804//366
f 1804//366 1875//366 1876//366
f 1804//366 1876//366 1809//366
f 1809//366 1876//366 1877//366
f 1809//366 1877//366 1814//366
f 1814//366 1877//366 1878//366
f 1814//366 1878//366 1819//366
f 1819//366 1878//366 1879//366
f 1819//366 1879//366 1824//366
f 1824//366 1879//366 1880//366
f 1824//366 1880//366 1829//366
f 1829//366 1880//366 1881//366
f 1829//366 1881//366 1834//366
f 1834//366 1881//366 1882//366
f 1834//366 1882//366 1839//366
f 1839//366 1882//366 1883//366
f 1839//366 1883//366 1844//366
f 1844//366 1883//366 1884//366
f 1844//366 1884//366 1848//366
f 1848//366 1884//366 1885//366
f 1848//366 1885//366 1851//366
f 1851//366 1885//366 1853//366
f 1851//366 1853//366 1634//366
f 1886//367 1621//367 1887//367
f 1887//367 1621//367 1623//367
f 1887//368 1623//368 1888//368
f 1888//368 1623//368 1748//368
f 1888//1023 1748//1023 1889//1023
f 1889//1023 1748//1023 1746//1023
f 1889//370 1746//370 1890//370
f 1890//370 1746//370 1743//370
f 1890//371 1743//371 1891//371
f 1891//371 1743//371 1739//371
f 1891//1025 1739//1025 1892//1025
f 1892//1025 1739//1025 1734//1025
f 1892//373 1734//373 1893//373
f 1893//373 1734//373 1729//373
f 1893//374 1729//374 1894//374
f 1894//374 1729//374 1715//374
f 1894//375 1715//375 1895//375
f 1895//375 1715//375 1713//375
f 1895//376 1713//376 1896//376
f 1896//376 1713//376 1711//376
f 1896//377 1711//377 1897//377
f 1897//377 1711//377 1709//377
f 1897//1105 1709//378 1898//378
f 1898//378 1709//378 1707//378
f 1898//379 1707//379 1899//379
f 1899//379 1707//379 1705//379
f 1899//380 1705//380 1900//380
f 1900//380 1705//380 1703//380
f 1900//381 1703//381 1901//381
f 1901//381 1703//381 1677//381
f 1901//382 1677//382 1902//382
f 1902//382 1677//382 1676//382
f 1902//383 1676//383 1903//383
f 1903//383 1676//383 1700//383
f 1903//384 1700//384 1904//384
f 1904//384 1700//384 1697//384
f 1904//1215 1697//385 1905//385
f 1905//385 1697//385 1693//385
f 1905//386 1693//386 1906//386
f 1906//386 1693//386 1688//386
f 1906//387 1688//387 1907//387
f 1907//387 1688//387 1683//387
f 1907//389 1683//389 1908//389
f 1908//389 1683//389 1678//389
f 1908//390 1678//390 1909//390
f 1909//390 1678//390 1649//390
f 1909//391 1649//391 1910//391
f 1910//391 1649//391 1647//391
f 1910//392 1647//392 1911//392
f 1911//392 1647//392 1645//392
f 1911//393 1645//393 1912//393
f 1912//393 1645//393 1643//393
f 1912//395 1643//395 1913//395
f 1913//395 1643//395 1641//395
f 1913//1032 1641//396 1914//1032
f 1914//1032 1641//396 1639//396
f 1914//397 1639//397 1915//397
f 1915//397 1639//397 1637//397
f 1915//1033 1637//1033 1886//1033
f 1886//1033 1637//1033 1621//1033
f 1916//399 1917//399 1918//399
f 1918//400 1917//400 1919//400
f 1918//401 1919//401 1920//401
f 1920//1216 1919//1216 1921//1216
f 1920//403 1921//403 1922//403
f 1922//1217 1921//1217 1923//1217
f 1922//405 1923//405 1924//405
f 1924//406 1923//406 1925//406
f 1924//811 1925//811 1926//811
f 1926//408 1925//408 1927//408
f 1926//1110 1927//1110 1928//1110
f 1928//410 1927//410 1929//410
f 1928//812 1929//812 1930//812
f 1930//412 1929//412 1931//412
f 1930//1111 1931//1111 1932//1111
f 1932//1112 1931//1112 1933//1112
f 1932//1218 1933//1218 1934//1218
f 1934//1114 1933//1114 1935//1114
f 1934//417 1935//417 1936//417
f 1936//1115 1935//1115 1937//1115
f 1936//419 1937//419 1938//419
f 1938//1116 1937//1116 1939//1116
f 1938//1117 1939//1117 1940//1117
f 1940//422 1939//422 1941//422
f 1940//423 1941//423 1942//423
f 1942//1118 1941//1118 1943//1118
f 1942//425 1943//425 1944//425
f 1944//814 1943//814 1945//814
f 1944//427 1945//427 1946//427
f 1946//1119 1945//1119 1947//1119
f 1946//1219 1947//1219 1948//1219
f 1948//430 1947//430 1949//430
f 1948//431 1949//431 1950//431
f 1950//1220 1949//1220 1951//1220
f 1950//433 1951//433 1952//433
f 1952//434 1951//434 1953//434
f 1952//435 1953//435 1954//435
f 1954//819 1953//819 1955//819
f 1954//437 1955//437 1956//437
f 1956//821 1955//821 1957//821
f 1956//439 1957//439 1958//439
f 1958//440 1957//440 1959//440
f 1958//441 1959//441 1960//441
f 1960//442 1959//442 1961//442
f 1960//443 1961//443 1962//443
f 1962//823 1961//823 1963//823
f 1962//1122 1963//1122 1964//1122
f 1964//1221 1963//1221 1965//1221
f 1964//447 1965//447 1966//447
f 1966//1124 1965//1124 1967//1124
f 1966//1125 1967//1125 1968//1125
f 1968//1126 1967//1126 1969//1126
f 1968//1127 1969//1127 1970//1127
f 1970//1128 1969//1128 1971//1128
f 1970//453 1971//453 1972//453
f 1972//1129 1971//1129 1973//1129
f 1972//1130 1973//1130 1974//1130
f 1974//1131 1973//1131 1975//1131
f 1974//1132 1975//1132 1976//1132
f 1976//458 1975//458 1977//458
f 1976//1133 1977//1133 1978//1133
f 1978//1134 1977//1134 1979//1134
f 1978//1222 1979//1222 1980//1222
f 1980//1223 1979//1223 1981//1223
f 1980//826 1981//826 1982//826
f 1982//464 1981//464 1983//464
f 1982//465 1983//465 1984//465
f 1984//466 1983//466 1985//466
f 1984//467 1985//467 1916//467
f 1916//1224 1985//1224 1917//1224
f 1853//469 1986//469 1854//469
f 1854//470 1986//470 1987//470
f 1854//471 1987//471 1855//471
f 1855//472 1987//472 1988//472
f 1855//473 1988//473 1856//473
f 1856//474 1988//474 1989//474
f 1856//475 1989//475 1857//475
f 1857//476 1989//476 1990//476
f 1857//477 1990//477 1858//477
f 1858//478 1990//478 1991//478
f 1858//479 1991//479 1859//479
f 1859//480 1991//480 1992//480
f 1859//481 1992//481 1860//481
f 1860//482 1992//482 1993//482
f 1860//483 1993//484 1861//485
f 1861//485 1993//484 1994//486
f 1861//487 1994//488 1862//489
f 1862//489 1994//488 1995//490
f 1862//1225 1995//492 1996//493
f 1996//494 1995//495 1997//494
f 1996//494 1997//494 1998//494
f 1998//496 1997//496 1999//496
f 1998//496 1999//496 2000//496
f 2000//1138 1999//1138 2001//1138
f 2000//1138 2001//1138 2002//1138
f 2002//1139 2001//1139 1971//1139
f 2002//1139 1971//1139 1969//1139
f 1986//500 1853//500 2003//500
f 2003//501 1853//501 1885//501
f 2003//502 1885//502 2004//502
f 2004//503 1885//503 1884//503
f 2004//504 1884//504 2005//504
f 2005//505 1884//505 1883//505
f 2005//506 1883//506 2006//506
f 2006//507 1883//507 1882//507
f 2006//508 1882//508 2007//508
f 2007//509 1882//509 1881//509
f 2007//510 1881//510 2008//510
f 2008//511 1881//512 1880//513
f 2008//511 1880//513 2009//514
f 2009//515 1880//516 1879//517
f 2009//515 1879//517 2010//518
f 2010//519 1879//520 2011//1226
f 2010//522 2011//522 2012//522
f 2012//523 2011//523 2013//523
f 2012//524 2013//525 2014//525
f 2014//526 2013//526 2015//526
f 2014//528 2015//1140 2016//1140
f 2016//833 2015//833 2017//833
f 2016//532 2017//532 1943//532
f 1943//533 2017//533 1945//534
f 1879//520 1878//535 2011//1226
f 2011//536 1878//537 2018//538
f 2011//523 2018//523 2013//523
f 2013//539 2018//539 2019//539
f 2013//526 2019//526 2015//526
f 2015//540 2019//540 2020//541
f 2015//833 2020//530 2017//833
f 2017//542 2020//542 2021//542
f 2017//533 2021//534 1945//534
f 1945//544 2021//544 1947//545
f 1878//537 1877//546 2018//538
f 2018//547 1877//547 2022//547
f 2018//539 2022//539 2019//539
f 2019//548 2022//548 2023//549
f 2019//540 2023//541 2020//541
f 2020//551 2023//551 2024//551
f 2020//542 2024//542 2021//542
f 2021//1227 2024//1227 2025//1227
f 2021//544 2025//545 1947//545
f 1947//840 2025//840 1949//553
f 1877//554 1876//554 2022//554
f 2022//555 1876//555 2026//555
f 2022//548 2026//549 2023//549
f 2023//556 2026//556 2027//556
f 2023//551 2027//551 2024//551
f 2024//557 2027//557 2028//557
f 2024//1227 2028//1227 2025//1227
f 2025//1228 2028//1228 2029//558
f 2025//840 2029//553 1949//553
f 1949//559 2029//560 1951//560
f 1876//562 1875//562 2026//562
f 2026//563 1875//563 2030//563
f 2026//556 2030//556 2027//556
f 2027//1148 2030//1148 2031//564
f 2027//557 2031//557 2028//557
f 2028//1229 2031//1229 2032//565
f 2028//1228 2032//558 2029//558
f 2029//566 2032//566 2033//566
f 2029//560 2033//560 1951//560
f 1951//567 2033//567 1953//568
f 1875//569 1874//569 2030//569
f 2030//570 1874//570 2034//570
f 2030//1148 2034//564 2031//564
f 2031//571 2034//571 2035//572
f 2031//1229 2035//565 2032//565
f 2032//573 2035//573 2036//573
f 2032//566 2036//566 2033//566
f 2033//575 2036//575 2037//575
f 2033//567 2037//568 1953//568
f 1953//576 2037//576 1955//577
f 1874//578 1873//578 2034//578
f 2034//579 1873//579 2038//579
f 2034//571 2038//572 2035//572
f 2035//580 2038//580 2039//580
f 2035//573 2039//573 2036//573
f 2036//582 2039//582 2040//581
f 2036//575 2040//575 2037//575
f 2037//583 2040//583 2041//583
f 2037//576 2041//577 1955//577
f 1955//850 2041//850 1957//850
f 1873//587 1872//587 2038//587
f 2038//588 1872//588 2042//588
f 2038//580 2042//580 2039//580
f 2039//589 2042//589 2043//589
f 2039//582 2043//581 2040//581
f 2040//590 2043//590 2044//591
f 2040//583 2044//583 2041//583
f 2041//592 2044//592 2045//592
f 2041//850 2045//850 1957//850
f 1957//1151 2045//1151 1959//1151
f 1872//595 1871//595 2042//595
f 2042//596 1871//596 2046//596
f 2042//589 2046//589 2043//589
f 2043//597 2046//597 2047//597
f 2043//590 2047//591 2044//591
f 2044//598 2047//598 2048//598
f 2044//592 2048//592 2045//592
f 2045//599 2048//599 2049//600
f 2045//1151 2049//1151 1959//1151
f 1959//855 2049//855 1961//855
f 1871//602 1870//602 2046//602
f 2046//603 1870//603 2050//603
f 2046//597 2050//597 2047//597
f 2047//604 2050//604 2051//604
f 2047//598 2051//598 2048//598
f 2048//605 2051//605 2052//605
f 2048//599 2052//600 2049//600
f 2049//606 2052//606 2053//606
f 2049//855 2053//855 1961//855
f 1961//859 2053//859 1963//859
f 1870//610 1869//610 2050//610
f 2050//860 1869//860 2054//860
f 2050//604 2054//604 2051//604
f 2051//861 2054//612 2055//612
f 2051//605 2055//1230 2052//605
f 2052//613 2055//613 2056//613
f 2052//606 2056//606 2053//606
f 2053//614 2056//614 2057//615
f 2053//859 2057//859 1963//859
f 1963//1231 2057//1154 1965//1154
f 1869//618 1868//618 2054//618
f 2054//619 1868//619 2058//619
f 2054//612 2058//612 2055//612
f 2055//620 2058//620 2059//620
f 2055//613 2059//613 2056//613
f 2056//1156 2059//1156 2060//621
f 2056//614 2060//615 2057//615
f 2057//623 2060//623 2061//623
f 2057//1154 2061//1154 1965//1154
f 1965//867 2061//867 1967//867
f 1868//626 1867//626 2058//626
f 2058//627 1867//627 2062//627
f 2058//620 2062//620 2059//620
f 2059//1232 2062//628 2063//628
f 2059//1156 2063//621 2060//621
f 2060//630 2063//630 2064//630
f 2060//623 2064//623 2061//623
f 2061//1157 2064//1157 2065//633
f 2061//867 2065//867 1967//867
f 1967//1233 2065//634 1969//634
f 1867//635 1866//635 2062//635
f 2062//636 1866//636 2066//636
f 2062//628 2066//628 2063//628
f 2063//637 2066//637 2067//868
f 2063//630 2067//630 2064//630
f 2064//640 2067//640 2068//640
f 2064//1157 2068//633 2065//633
f 2065//641 2068//641 2002//641
f 2065//634 2002//634 1969//634
f 1866//643 1865//643 2066//643
f 2066//644 1865//644 2069//644
f 2066//637 2069//868 2067//868
f 2067//869 2069//869 2070//646
f 2067//640 2070//640 2068//640
f 2068//647 2070//647 2000//647
f 2068//641 2000//641 2002//641
f 1865//648 1864//648 2069//648
f 2069//1158 1864//1158 2071//1158
f 2069//869 2071//646 2070//646
f 2070//871 2071//871 1998//871
f 2070//647 1998//647 2000//647
f 1864//651 1863//652 2071//653
f 2071//653 1863//652 1996//654
f 2071//871 1996//871 1998//871
f 1863//655 1862//1225 1996//493
f 1917//656 2072//656 1919//656
f 1919//656 2072//656 2073//656
f 1919//658 2073//658 1921//658
f 1921//658 2073//658 2074//658
f 1921//660 2074//660 1923//660
f 1923//660 2074//660 2075//660
f 1923//661 2075//661 1925//661
f 1925//661 2075//661 2076//661
f 1925//664 2076//664 1927//664
f 1927//664 2076//664 2077//664
f 1927//665 2077//665 1929//875
f 1929//875 2077//665 2078//875
f 1929//667 2078//667 1931//668
f 1931//668 2078//667 2079//668
f 1931//669 2079//669 1933//669
f 1933//669 2079//669 2080//669
f 1933//670 2080//670 1935//670
f 1935//670 2080//670 2081//670
f 1935//671 2081//671 1937//671
f 1937//671 2081//671 2082//671
f 1937//672 2082//1163 1939//1163
f 1939//1163 2082//1163 2083//1163
f 1939//878 2083//878 1941//878
f 1941//878 2083//878 2016//878
f 1941//532 2016//532 1943//532
f 2072//675 2084//675 2073//675
f 2073//675 2084//675 2085//675
f 2073//676 2085//676 2074//880
f 2074//880 2085//676 2086//880
f 2074//677 2086//677 2075//678
f 2075//678 2086//677 2087//678
f 2075//679 2087//679 2076//680
f 2076//680 2087//679 2088//680
f 2076//682 2088//682 2077//682
f 2077//682 2088//682 2089//682
f 2077//684 2089//684 2078//1234
f 2078//1234 2089//684 2090//1234
f 2078//1235 2090//685 2079//685
f 2079//685 2090//685 2091//883
f 2079//686 2091//686 2080//686
f 2080//686 2091//686 2092//686
f 2080//689 2092//689 2081//689
f 2081//689 2092//689 2093//689
f 2081//690 2093//690 2082//690
f 2082//690 2093//690 2094//690
f 2082//691 2094//691 2083//691
f 2083//691 2094//691 2014//691
f 2083//528 2014//528 2016//1140
f 2072//693 1917//693 2095//693
f 2095//693 1917//693 1985//693
f 2095//694 1985//694 2096//1236
f 2096//1236 1985//694 1983//1236
f 2096//1237 1983//1237 2097//1237
f 2097//1237 1983//1237 1981//1237
f 2097//889 1981//889 2098//698
f 2098//698 1981//889 1979//698
f 2098//890 1979//890 2099//890
f 2099//890 1979//890 1977//890
f 2099//701 1977//701 2100//701
f 2100//701 1977//701 1975//701
f 2100//892 1975//892 2101//1167
f 2101//1167 1975//892 1973//1167
f 2101//1168 1973//1168 2001//1168
f 2001//1168 1973//1168 1971//1168
f 2084//706 2102//706 2085//707
f 2085//707 2102//706 2103//707
f 2085//708 2103//708 2086//709
f 2086//709 2103//708 2104//709
f 2086//710 2104//710 2087//1169
f 2087//1169 2104//710 2105//1169
f 2087//711 2105//711 2088//712
f 2088//712 2105//711 2106//712
f 2088//713 2106//713 2089//713
f 2089//713 2106//713 2107//713
f 2089//714 2107//714 2090//895
f 2090//895 2107//714 2108//895
f 2090//715 2108//715 2091//896
f 2091//896 2108//715 2109//896
f 2091//899 2109//899 2092//717
f 2092//717 2109//899 2110//717
f 2092//718 2110//718 2093//718
f 2093//718 2110//718 2111//718
f 2093//719 2111//719 2094//719
f 2094//719 2111//719 2012//719
f 2094//524 2012//524 2014//525
f 2084//1238 2072//721 2112//721
f 2112//721 2072//721 2095//722
f 2112//723 2095//1239 2113//1239
f 2113//1239 2095//1239 2096//724
f 2113//725 2096//725 2114//725
f 2114//725 2096//725 2097//725
f 2114//726 2097//726 2115//726
f 2115//726 2097//726 2098//726
f 2115//728 2098//728 2116//1240
f 2116//1240 2098//728 2099//1240
f 2116//1241 2099//1241 2117//729
f 2117//729 2099//1241 2100//729
f 2117//730 2100//730 2118//730
f 2118//730 2100//730 2101//730
f 2118//731 2101//731 1999//731
f 1999//731 2101//731 2001//731
f 2102//733 1987//733 2103//733
f 2103//733 1987//733 1986//733
f 2103//734 1986//734 2104//904
f 2104//904 1986//734 2003//735
f 2104//736 2003//736 2105//736
f 2105//736 2003//736 2004//736
f 2105//737 2004//737 2106//737
f 2106//737 2004//737 2005//737
f 2106//906 2005//906 2107//738
f 2107//738 2005//906 2006//738
f 2107//907 2006//907 2108//739
f 2108//739 2006//907 2007//739
f 2108//740 2007//740 2109//740
f 2109//740 2007//740 2008//740
f 2109//742 2008//742 2110//742
f 2110//742 2008//742 2009//742
f 2110//745 2009//745 2111//745
f 2111//745 2009//745 2010//745
f 2111//522 2010//522 2012//522
f 2102//746 2084//746 2119//746
f 2119//746 2084//746 2112//746
f 2119//749 2112//749 2120//749
f 2120//749 2112//749 2113//749
f 2120//750 2113//750 2121//751
f 2121//751 2113//750 2114//751
f 2121//752 2114//752 2122//752
f 2122//752 2114//752 2115//752
f 2122//753 2115//753 2123//911
f 2123//911 2115//753 2116//911
f 2123//754 2116//754 2124//755
f 2124//755 2116//754 2117//755
f 2124//756 2117//756 2125//757
f 2125//757 2117//756 2118//757
f 2125//758 2118//758 1997//758
f 1997//758 2118//758 1999//758
f 1987//759 2102//759 1988//760
f 1988//760 2102//759 2119//760
f 1988//762 2119//763 1989//763
f 1989//763 2119//763 2120//763
f 1989//764 2120//764 1990//764
f 1990//764 2120//764 2121//764
f 1990//766 2121//766 1991//767
f 1991//767 2121//766 2122//767
f 1991//768 2122//768 1992//912
f 1992//912 2122//768 2123//912
f 1992//913 2123//913 1993//913
f 1993//913 2123//913 2124//913
f 1993//771 2124//771 1994//771
f 1994//771 2124//771 2125//771
f 1994//772 2125//772 1995//772
f 1995//772 2125//772 1997//772
f 2126//773 1916//773 2127//773
f 2127//773 1916//773 1918//773
f 2127//774 1918//774 2128//774
f 2128//774 1918//774 1920//774
f 2128//775 1920//775 2129//775
f 2129//775 1920//775 1922//775
f 2129//776 1922//776 2130//776
f 2130//776 1922//776 1924//776
f 2130//777 1924//777 2131//777
f 2131//777 1924//777 1926//777
f 2131//778 1926//778 2132//778
f 2132//778 1926//778 1928//778
f 2132//779 1928//779 2133//779
f 2133//779 1928//779 1930//779
f 2133//780 1930//780 2134//780
f 2134//780 1930//780 1932//780
f 2134//781 1932//781 2135//781
f 2135//781 1932//781 1934//781
f 2135//782 1934//782 2136//782
f 2136//782 1934//782 1936//782
f 2136//783 1936//783 2137//783
f 2137//783 1936//783 1938//783
f 2137//1175 1938//1175 2138//1175
f 2138//1175 1938//1175 1940//1175
f 2138//915 1940//915 2139//915
f 2139//915 1940//915 1942//915
f 2139//786 1942//786 2140//786
f 2140//786 1942//786 1944//786
f 2140//787 1944//787 2141//787
f 2141//787 1944//787 1946//787
f 2141//788 1946//788 2142//788
f 2142//788 1946//788 1948//788
f 2142//789 1948//789 2143//789
f 2143//789 1948//789 1950//789
f 2143//790 1950//790 2144//790
f 2144//790 1950//790 1952//790
f 2144//791 1952//791 2145//791
f 2145//791 1952//791 1954//791
f 2145//792 1954//792 2146//792
f 2146//792 1954//792 1956//792
f 2146//793 1956//793 2147//793
f 2147//793 1956//793 1958//793
f 2147//794 1958//794 2148//794
f 2148//794 1958//794 1960//794
f 2148//795 1960//795 2149//795
f 2149//795 1960//795 1962//795
f 2149//796 1962//796 2150//796
f 2150//796 1962//796 1964//796
f 2150//916 1964//916 2151//916
f 2151//916 1964//916 1966//916
f 2151//798 1966//798 2152//798
f 2152//798 1966//798 1968//798
f 2152//799 1968//799 2153//799
f 2153//799 1968//799 1970//799
f 2153//800 1970//800 2154//800
f 2154//800 1970//800 1972//800
f 2154//801 1972//801 2155//801
f 2155//801 1972//801 1974//801
f 2155//802 1974//802 2156//802
f 2156//802 1974//802 1976//802
f 2156//803 1976//803 2157//803
f 2157//803 1976//803 1978//803
f 2157//804 1978//804 2158//804
f 2158//804 1978//804 1980//804
f 2158//805 1980//805 2159//805
f 2159//805 1980//805 1982//805
f 2159//806 1982//806 2160//806
f 2160//806 1982//806 1984//806
f 2160//807 1984//807 2126//807
f 2126//807 1984//807 1916//807
f 1588//366 2144//366 1587//366
f 1587//366 2144//366 2145//366
f 1587//366 2145//366 1586//366
f 1586//366 2145//366 2146//366
f 1586//366 2146//366 1620//366
f 1620//366 2146//366 2147//366
f 1620//366 2147//366 1619//366
f 1619//366 2147//366 2148//366
f 1619//366 2148//366 1618//366
f 1618//366 2148//366 2149//366
f 1618//366 2149//366 1617//366
f 1617//366 2149//366 2150//366
f 1617//366 2150//366 1616//366
f 1616//366 2150//366 2151//366
f 1616//366 2151//366 1615//366
f 1615//366 2151//366 2152//366
f 1615//366 2152//366 2161//366
f 2161//366 2152//366 2162//366
f 2162//366 2152//366 2153//366
f 2162//366 2153//366 2163//366
f 2163//366 2153//366 2154//366
f 2163//366 2154//366 2155//366
f 2144//366 1588//366 2143//366
f 2143//366 1588//366 1589//366
f 2143//366 1589//366 2142//366
f 2142//366 1589//366 1590//366
f 2142//366 1590//366 2141//366
f 2141//366 1590//366 1591//366
f 2141//366 1591//366 2140//366
f 2140//366 1591//366 1592//366
f 2140//366 1592//366 2139//366
f 2139//366 1592//366 530//366
f 2139//366 530//366 2138//366
f 2138//366 530//366 531//366
f 2138//366 531//366 2137//366
f 2137//366 531//366 532//366
f 2137//366 532//366 2136//366
f 2136//366 532//366 533//366
f 2136//366 533//366 534//366
f 530//366 1592//366 847//366
f 847//366 1592//366 1593//366
f 847//366 1593//366 846//366
f 846//366 1593//366 1594//366
f 846//366 1594//366 845//366
f 845//366 1594//366 1595//366
f 845//366 1595//366 844//366
f 844//366 1595//366 1596//366
f 844//366 1596//366 843//366
f 843//366 1596//366 842//366
f 842//366 1596//366 1597//366
f 842//366 1597//366 841//366
f 841//366 1597//366 1598//366
f 841//366 1598//366 840//366
f 840//366 1598//366 1599//366
f 840//366 1599//366 839//366
f 839//366 1599//366 1600//366
f 839//366 1600//366 838//366
f 838//366 1600//366 1601//366
f 838//366 1601//366 837//366
f 837//366 1601//366 1602//366
f 837//366 1602//366 836//366
f 836//366 1602//366 1603//366
f 836//366 1603//366 1604//366
f 1605//366 2161//366 1604//366
f 1604//366 2161//366 2164//366
f 1604//366 2164//366 835//366
f 835//366 2164//366 834//366
f 834//366 2164//366 833//366
f 833//366 2164//366 832//366
f 832//366 2164//366 831//366
f 831//366 2164//366 830//366
f 830//366 2164//366 829//366
f 829//366 2164//366 828//366
f 828//366 2164//366 827//366
f 827//366 2164//366 826//366
f 826//366 2164//366 825//366
f 825//366 2164//366 824//366
f 824//366 2164//366 517//366
f 824//366 517//366 518//366
f 1605//366 1606//366 2161//366
f 2161//366 1606//366 1607//366
f 2161//366 1607//366 1608//366
f 1608//366 1609//366 2161//366
f 2161//366 1609//366 1610//366
f 2161//366 1610//366 1611//366
f 1611//366 1612//366 2161//366
f 2161//366 1612//366 1613//366
f 2161//366 1613//366 1614//366
f 1614//366 1615//366 2161//366
f 2126//366 2127//366 2163//366
f 2163//366 2127//366 2128//366
f 2163//366 2128//366 2165//366
f 2165//366 2128//366 506//366
f 2165//366 506//366 507//366
f 506//366 2128//366 540//366
f 540//366 2128//366 2129//366
f 540//366 2129//366 2130//366
f 540//366 2130//366 539//366
f 539//366 2130//366 2131//366
f 539//366 2131//366 538//366
f 538//366 2131//366 2132//366
f 538//366 2132//366 537//366
f 537//366 2132//366 2133//366
f 537//366 2133//366 536//366
f 536//366 2133//366 2134//366
f 536//366 2134//366 535//366
f 535//366 2134//366 2135//366
f 535//366 2135//366 534//366
f 534//366 2135//366 2136//366
f 2155//366 2156//366 2163//366
f 2163//366 2156//366 2157//366
f 2163//366 2157//366 2158//366
f 2158//366 2159//366 2163//366
f 2163//366 2159//366 2160//366
f 2163//366 2160//366 2126//366
f 2162//366 2163//366 2166//366
f 2166//366 2163//366 2167//366
f 2166//366 2167//366 2168//366
f 2168//366 2167//366 2169//366
f 2168//366 2169//366 2170//366
f 2170//366 2169//366 2171//366
f 2170//366 2171//366 2172//366
f 2172//366 2171//366 2173//366
f 2172//366 2173//366 2174//366
f 2174//366 2173//366 2175//366
f 2174//366 2175//366 2176//366
f 2176//366 2175//366 2177//366
f 2176//366 2177//366 2178//366
f 2178//366 2177//366 2179//366
f 2178//366 2179//366 2180//366
f 2180//366 2179//366 2181//366
f 2180//366 2181//366 2182//366
f 2182//366 2181//366 2183//366
f 2182//366 2183//366 2184//366
f 2184//366 2183//366 2185//366
f 2184//366 2185//366 2186//366
f 2186//366 2185//366 2187//366
f 2186//366 2187//366 2188//366
f 2188//366 2187//366 2189//366
f 2188//366 2189//366 2190//366
f 2190//366 2189//366 2191//366
f 2190//366 2191//366 2192//366
f 2192//366 2191//366 2193//366
f 2192//366 2193//366 2194//366
f 2194//366 2193//366 2195//366
f 2194//366 2195//366 2196//366
f 2196//366 2195//366 2197//366
f 2196//366 2197//366 2198//366
f 2198//366 2197//366 2199//366
f 2199//366 2197//366 2200//366
f 2199//366 2200//366 2201//366
f 2201//366 2200//366 2202//366
f 2201//366 2202//366 2203//366
f 2203//366 2202//366 2204//366
f 2203//366 2204//366 2205//366
f 2205//366 2204//366 2206//366
f 2205//366 2206//366 2207//366
f 2207//366 2206//366 2208//366
f 2207//366 2208//366 2209//366
f 2209//366 2208//366 2210//366
f 2209//366 2210//366 2211//366
f 2211//366 2210//366 2212//366
f 2211//366 2212//366 2213//366
f 2213//366 2212//366 2214//366
f 2213//366 2214//366 2215//366
f 2215//366 2214//366 2216//366
f 2215//366 2216//366 2217//366
f 2217//366 2216//366 2218//366
f 2217//366 2218//366 2219//366
f 2219//366 2218//366 2220//366
f 2219//366 2220//366 2221//366
f 2221//366 2220//366 2222//366
f 2221//366 2222//366 2223//366
f 2223//366 2222//366 2224//366
f 2223//366 2224//366 2225//366
f 2225//366 2224//366 2226//366
f 2225//366 2226//366 2227//366
f 2227//366 2226//366 2228//366
f 2227//366 2228//366 2229//366
f 2229//366 2228//366 2230//366
f 2229//366 2230//366 2231//366
f 2231//366 2230//366 2165//366
f 2231//366 2165//366 2232//366
f 2232//366 2165//366 516//366
f 2232//366 516//366 517//366
f 2164//366 2232//366 517//366
f 507//366 508//366 2165//366
f 2165//366 508//366 509//366
f 2165//366 509//366 510//366
f 510//366 511//366 2165//366
f 2165//366 511//366 512//366
f 2165//366 512//366 513//366
f 513//366 514//366 2165//366
f 2165//366 514//366 515//366
f 2165//366 515//366 516//366
f 824//366 518//366 823//366
f 823//366 518//366 519//366
f 823//366 519//366 822//366
f 822//366 519//366 520//366
f 822//366 520//366 821//366
f 821//366 520//366 521//366
f 821//366 521//366 820//366
f 820//366 521//366 522//366
f 820//366 522//366 819//366
f 819//366 522//366 523//366
f 819//366 523//366 818//366
f 818//366 523//366 524//366
f 818//366 524//366 817//366
f 817//366 524//366 525//366
f 817//366 525//366 816//366
f 816//366 525//366 526//366
f 816//366 526//366 850//366
f 850//366 526//366 527//366
f 850//366 527//366 849//366
f 849//366 527//366 528//366
f 849//366 528//366 848//366
f 848//366 528//366 529//366
f 848//366 529//366 847//366
f 847//366 529//366 530//366
f 835//366 836//366 1604//366
f 1053//366 1066//366 1052//366
f 1052//366 1066//366 1067//366
f 1052//366 1067//366 1051//366
f 1051//366 1067//366 1068//366
f 1051//366 1068//366 1080//366
f 1080//366 1068//366 1069//366
f 1080//366 1069//366 1079//366
f 1079//366 1069//366 1070//366
f 1079//366 1070//366 1078//366
f 1078//366 1070//366 1071//366
f 1078//366 1071//366 1077//366
f 1077//366 1071//366 1072//366
f 1077//366 1072//366 1076//366
f 1076//366 1072//366 1073//366
f 1076//366 1073//366 1075//366
f 1075//366 1073//366 1074//366
f 1066//366 1053//366 1065//366
f 1065//366 1053//366 1054//366
f 1065//366 1054//366 1064//366
f 1064//366 1054//366 1055//366
f 1064//366 1055//366 1063//366
f 1063//366 1055//366 1056//366
f 1063//366 1056//366 1062//366
f 1062//366 1056//366 1057//366
f 1062//366 1057//366 1061//366
f 1061//366 1057//366 1058//366
f 1061//366 1058//366 1060//366
f 1060//366 1058//366 1059//366
f 1348//366 1361//366 1347//366
f 1347//366 1361//366 1362//366
f 1347//366 1362//366 1346//366
f 1346//366 1362//366 1363//366
f 1346//366 1363//366 1375//366
f 1375//366 1363//366 1364//366
f 1375//366 1364//366 1374//366
f 1374//366 1364//366 1365//366
f 1374//366 1365//366 1373//366
f 1373//366 1365//366 1366//366
f 1373//366 1366//366 1372//366
f 1372//366 1366//366 1367//366
f 1372//366 1367//366 1371//366
f 1371//366 1367//366 1368//366
f 1371//366 1368//366 1370//366
f 1370//366 1368//366 1369//366
f 1361//366 1348//366 1360//366
f 1360//366 1348//366 1349//366
f 1360//366 1349//366 1359//366
f 1359//366 1349//366 1350//366
f 1359//366 1350//366 1358//366
f 1358//366 1350//366 1351//366
f 1358//366 1351//366 1357//366
f 1357//366 1351//366 1352//366
f 1357//366 1352//366 1356//366
f 1356//366 1352//366 1353//366
f 1356//366 1353//366 1355//366
f 1355//366 1353//366 1354//366
f 268//366 281//366 267//366
f 267//366 281//366 282//366
f 267//366 282//366 266//366
f 266//366 282//366 283//366
f 266//366 283//366 295//366
f 295//366 283//366 284//366
f 295//366 284//366 294//366
f 294//366 284//366 285//366
f 294//366 285//366 293//366
f 293//366 285//366 286//366
f 293//366 286//366 292//366
f 292//366 286//366 287//366
f 292//366 287//366 291//366
f 291//366 287//366 288//366
f 291//366 288//366 290//366
f 290//366 288//366 289//366
f 281//366 268//366 280//366
f 280//366 268//366 269//366
f 280//366 269//366 279//366
f 279//366 269//366 270//366
f 279//366 270//366 278//366
f 278//366 270//366 271//366
f 278//366 271//366 277//366
f 277//366 271//366 272//366
f 277//366 272//366 276//366
f 276//366 272//366 273//366
f 276//366 273//366 275//366
f 275//366 273//366 274//366
f 2233//1242 2234//1243 2235//1244
f 2235//1244 2234//1243 2236//1245
f 2236//1245 2234//1243 2237//1246
f 2236//1245 2237//1246 2238//1247
f 2238//1247 2237//1246 2239//1248
f 2238//1247 2239//1248 2240//1249
f 2240//1249 2239//1248 2241//1249
f 2240//1250 2241//1250 2242//1250
f 2242//1250 2241//1250 2243//1250
f 2242//1251 2243//1251 2244//1251
f 2244//1251 2243//1251 2245//1251
f 2244//1252 2245//1252 2246//1252
f 2246//1252 2245//1252 2247//1252
f 2246//1253 2247//1253 2248//1253
f 2249//1254 2250//1254 2248//1254
f 2248//1254 2250//1254 2251//1254
f 2248//1253 2251//1253 2246//1253
f 2250//1255 2249//1255 2252//1255
f 2252//1255 2249//1255 2253//1255
f 2252//1256 2253//1256 2254//1256
f 2255//1257 2256//1257 2254//1257
f 2254//1257 2256//1257 2257//1257
f 2254//1256 2257//1256 2252//1256
f 2256//1258 2255//1258 2258//1258
f 2258//1258 2255//1258 2259//1258
f 2258//1259 2259//1259 2260//1259
f 2261//1260 2262//1260 2260//1260
f 2260//1260 2262//1260 2263//1260
f 2260//1259 2263//1259 2258//1259
f 2262//1261 2261//1261 2264//1261
f 2264//1261 2261//1261 2265//1261
f 2264//1262 2265//1262 2266//1262
f 2266//1262 2265//1262 2267//1262
f 2266//1263 2267//1263 2268//1263
f 2268//1263 2267//1263 2269//1263
f 2268//1264 2269//1264 2270//1264
f 2271//1265 2272//1265 2270//1265
f 2270//1265 2272//1265 2273//1265
f 2270//1264 2273//1264 2268//1264
f 2272//1266 2271//1266 2274//1266
f 2274//1266 2271//1266 2275//1266
f 2274//1267 2275//1267 2276//1267
f 2277//1268 2278//1268 2276//1268
f 2276//1268 2278//1268 2279//1268
f 2276//1267 2279//1267 2274//1267
f 2278//1269 2277//1269 2280//1269
f 2280//1269 2277//1269 2281//1269
f 2280//1270 2281//1270 2282//1270
f 2283//1271 2284//1271 2282//1271
f 2282//1271 2284//1271 2285//1271
f 2282//1270 2285//1270 2280//1270
f 2284//1272 2283//1272 2286//1272
f 2286//1272 2283//1272 2287//1272
f 2286//1273 2287//1273 2288//1273
f 2288//1273 2287//1273 2289//1273
f 2288//1274 2289//1274 2290//1275
f 2290//1275 2289//1274 2291//1276
f 2290//1275 2291//1276 2292//1277
f 2292//1277 2291//1276 2293//1278
f 2292//1277 2293//1278 2294//1279
f 2294//1279 2293//1278 2295//1280
f 2294//1279 2295//1280 2296//1281
f 2297//1282 2298//1283 2299//1284
f 2299//1284 2298//1283 2300//1285
f 2299//1284 2300//1285 2301//1286
f 2301//1286 2300//1285 2302//1287
f 2301//1286 2302//1287 2303//1288
f 2303//1289 2302//1289 2304//1289
f 2303//1290 2304//1290 2305//1290
f 2306//1291 2307//1292 2298//1293
f 2298//1293 2307//1292 2308//1294
f 2298//1295 2308//1295 2309//1295
f 2310//1296 2311//1296 2306//1296
f 2306//1297 2311//1297 2312//1297
f 2306//1298 2312//1298 2313//1298
f 2314//1299 2315//1300 2310//1301
f 2310//1302 2315//1302 2316//1302
f 2310//1303 2316//1303 2311//1303
f 2317//1304 2318//1305 2314//1306
f 2314//1306 2318//1305 2319//1307
f 2314//1308 2319//1308 2320//1308
f 2321//1309 2322//1309 2317//1309
f 2317//1310 2322//1310 2323//1310
f 2317//1311 2323//1311 2318//1311
f 2324//1312 2325//1313 2321//1314
f 2321//1315 2325//1315 2326//1315
f 2321//1316 2326//1316 2322//1316
f 2327//1317 2328//1318 2324//1319
f 2324//1320 2328//1320 2329//1320
f 2324//1312 2329//1321 2325//1313
f 2330//1322 2331//1322 2327//1322
f 2327//1323 2331//1323 2332//1323
f 2327//1324 2332//1324 2333//1324
f 2334//1325 2335//1326 2330//1327
f 2330//1328 2335//1328 2336//1328
f 2330//1329 2336//1329 2337//1329
f 2338//1330 2339//1331 2334//1332
f 2334//1332 2339//1331 2340//1333
f 2334//1332 2340//1333 2341//1334
f 2342//1335 2343//1335 2339//1335
f 2339//1335 2343//1335 2344//1335
f 2339//1331 2344//1336 2340//1333
f 2340//1333 2344//1336 2345//1337
f 2340//1333 2345//1337 2346//1338
f 2343//1339 2342//1339 2347//1339
f 2347//1339 2342//1339 2348//1339
f 2347//1340 2348//1340 2349//1340
f 2350//1341 2351//1341 2349//1341
f 2349//1341 2351//1341 2352//1341
f 2349//1341 2352//1341 2353//1341
f 2353//1341 2352//1341 2354//1341
f 2351//1342 2355//1342 2352//1342
f 2352//1342 2355//1342 2356//1342
f 2356//1343 2355//1343 2357//1343
f 2356//1343 2357//1343 2358//1343
f 2358//1344 2357//1344 2359//1344
f 2358//1344 2359//1344 2360//1344
f 2360//1345 2359//1345 2361//1345
f 2360//1345 2361//1345 2362//1345
f 2363//1346 2364//1346 2359//1346
f 2359//1345 2364//1345 2365//1345
f 2359//1345 2365//1345 2361//1345
f 2361//1347 2365//1347 2366//1347
f 2361//1347 2366//1347 2367//1347
f 2367//1348 2366//1348 2368//1348
f 2367//1348 2368//1348 2369//1348
f 2369//1349 2368//1349 2370//1349
f 2369//1349 2370//1349 2371//1349
f 2371//1350 2370//1350 2372//1350
f 2372//1350 2370//1350 2373//1350
f 2364//1351 2363//1351 2374//1351
f 2374//1352 2363//1353 2375//1354
f 2374//1352 2375//1354 2376//1355
f 2376//1356 2375//1357 2377//1358
f 2376//1356 2377//1358 2378//1359
f 2378//1360 2377//1361 2379//1362
f 2378//1360 2379//1362 2380//1350
f 2360//1363 2362//1363 2381//1363
f 2381//1364 2362//1364 2382//1364
f 2381//1365 2382//1366 2383//1367
f 2383//1367 2382//1366 2384//1368
f 2383//1369 2384//1370 2385//1371
f 2385//1371 2384//1370 2386//1372
f 2385//1373 2386//1374 2387//1375
f 2387//1375 2386//1374 2388//1350
f 2353//1340 2347//1340 2349//1340
f 2389//1376 2390//1377 2346//1378
f 2346//1378 2390//1377 2391//1379
f 2346//1380 2391//1380 2392//1380
f 2393//1381 2394//1381 2389//1381
f 2389//1382 2394//1382 2395//1382
f 2389//1383 2395//1383 2396//1383
f 2397//1384 2398//1385 2393//1386
f 2393//1387 2398//1387 2399//1387
f 2393//1388 2399//1388 2394//1388
f 2400//1389 2401//1390 2397//1391
f 2397//1391 2401//1390 2402//1392
f 2397//1393 2402//1393 2403//1393
f 2404//1394 2405//1394 2400//1394
f 2400//1395 2405//1395 2406//1395
f 2400//1396 2406//1396 2401//1396
f 2407//1397 2408//1398 2404//1399
f 2404//1400 2408//1400 2409//1400
f 2404//1401 2409//1401 2405//1401
f 2410//1402 2411//1403 2407//1404
f 2407//1405 2411//1405 2412//1405
f 2407//1397 2412//1406 2408//1398
f 2413//1407 2414//1407 2410//1407
f 2410//1408 2414//1408 2415//1408
f 2410//1409 2415//1409 2416//1409
f 2303//1410 2417//1411 2413//1412
f 2413//1413 2417//1413 2418//1413
f 2413//1414 2418//1414 2419//1414
f 2303//1288 2420//1282 2301//1286
f 2299//1415 2301//1415 2421//1415
f 2421//1415 2301//1415 2422//1415
f 2421//1416 2422//1416 2423//1416
f 2423//1416 2422//1416 2424//1416
f 2423//1417 2424//1417 2425//1417
f 2426//1418 2427//1419 2425//1420
f 2425//1420 2427//1419 2428//1421
f 2425//1417 2428//1417 2423//1417
f 2426//1418 2429//1422 2427//1419
f 2427//1423 2429//1423 2430//1423
f 2430//1424 2429//1424 2431//1424
f 2431//1425 2429//1425 2432//1425
f 2432//1426 2429//1426 2433//1426
f 2433//1427 2429//1427 2434//1427
f 2433//1428 2434//1428 2435//1428
f 2435//1429 2434//1429 2436//1429
f 2436//1430 2434//1431 2437//1432
f 2436//1430 2437//1432 2438//1433
f 2438//1434 2437//1434 2439//1434
f 2439//1435 2437//1435 2440//1435
f 2439//1436 2440//1436 2441//1436
f 2441//1437 2440//1437 2442//1437
f 2442//1438 2440//1438 2443//1438
f 2442//1439 2443//1439 2444//1439
f 2444//1440 2443//1440 2445//1440
f 2445//1441 2443//1441 2446//1441
f 2445//1442 2446//1442 2447//1442
f 2447//1443 2446//1444 2448//1445
f 2447//1443 2448//1445 2449//1446
f 2449//1447 2448//1447 2450//1447
f 2450//1448 2448//1448 2451//1448
f 2450//1449 2451//1449 2452//1449
f 2428//1421 2427//1419 2453//1450
f 2453//1451 2427//1451 2454//1451
f 2453//1452 2454//1452 2455//1452
f 2455//1453 2456//1453 2453//1453
f 2453//1454 2456//1454 2457//1454
f 2453//1455 2457//1455 2458//1455
f 2458//1456 2457//1456 2459//1456
f 2458//1457 2459//1457 2460//1457
f 2458//1458 2460//1459 2461//1460
f 2461//1460 2460//1459 2462//1461
f 2461//1462 2462//1462 2463//1462
f 2461//1463 2463//1463 2464//1463
f 2464//1464 2463//1464 2465//1464
f 2464//1465 2465//1465 2466//1465
f 2464//1466 2466//1466 2467//1466
f 2467//1467 2466//1467 2468//1467
f 2467//1468 2468//1468 2469//1468
f 2467//1469 2469//1469 2470//1469
f 2470//1470 2469//1470 2471//1470
f 2470//1471 2471//1472 2472//1473
f 2472//1473 2471//1472 2473//1474
f 2472//1475 2473//1475 2474//1475
f 2475//1449 2476//1449 2474//1449
f 2474//1476 2476//1476 2472//1476
f 2453//1450 2477//1477 2428//1421
f 2305//1478 2478//1478 2303//1478
f 2303//1479 2478//1479 2479//1479
f 2303//1410 2479//1480 2417//1411
f 2419//1481 2414//1481 2413//1481
f 2416//1403 2411//1403 2410//1402
f 2403//1482 2398//1385 2397//1384
f 2396//1483 2390//1483 2389//1483
f 2392//1484 2480//1484 2346//1484
f 2346//1485 2480//1485 2481//1485
f 2346//1486 2481//1486 2482//1486
f 2482//1487 2340//1333 2346//1338
f 2341//1488 2483//1488 2334//1488
f 2334//1489 2483//1489 2484//1489
f 2334//1484 2484//1484 2485//1484
f 2485//1490 2486//1490 2334//1490
f 2334//1325 2486//1491 2335//1326
f 2337//1492 2331//1492 2330//1492
f 2333//1493 2328//1318 2327//1317
f 2320//1494 2315//1300 2314//1299
f 2313//1495 2307//1495 2306//1495
f 2309//1478 2487//1478 2298//1478
f 2298//1496 2487//1496 2488//1496
f 2298//1497 2488//1497 2489//1497
f 2489//1498 2300//1285 2298//1283
f 2490//1499 2491//1499 2492//1499
f 2492//1499 2491//1499 2493//1499
f 2492//1500 2493//1500 2494//1500
f 2494//1500 2493//1500 2495//1500
f 2494//1501 2495//1501 2496//1501
f 2497//1502 2498//1502 2496//1502
f 2496//1502 2498//1502 2499//1502
f 2496//1501 2499//1501 2494//1501
f 2497//1503 2500//1503 2498//1503
f 2498//1503 2500//1503 2501//1503
f 2501//1504 2500//1504 2502//1504
f 2502//1504 2500//1504 2503//1504
f 2502//1505 2503//1505 2504//1505
f 2505//1506 2506//1506 2504//1506
f 2504//1506 2506//1506 2507//1506
f 2504//1505 2507//1505 2502//1505
f 2505//1507 2508//1507 2506//1507
f 2506//1507 2508//1507 2509//1507
f 2509//1508 2508//1508 2510//1508
f 2510//1508 2508//1508 2511//1508
f 2510//1509 2511//1509 2512//1509
f 2512//1509 2511//1509 2513//1509
f 2512//1510 2513//1510 2514//1510
f 2514//1510 2513//1510 2515//1510
f 2514//1511 2515//1511 2516//1511
f 2516//1511 2515//1511 2517//1511
f 2516//1512 2517//1512 2518//1512
f 2518//1512 2517//1512 2519//1512
f 2518//1513 2519//1513 2520//1514
f 2520//1514 2519//1513 2521//1515
f 2520//1514 2521//1515 2522//1516
f 2523//1517 2524//1517 2525//1517
f 2525//1517 2524//1517 2526//1517
f 2525//1517 2526//1517 2527//1517
f 2524//1517 2523//1517 2528//1517
f 2528//1517 2523//1517 2529//1517
f 2528//1517 2529//1517 2530//1517
f 2530//1517 2529//1517 2531//1517
f 2530//1517 2531//1517 2532//1517
f 2532//1517 2531//1517 2533//1517
f 2532//1517 2533//1517 2534//1517
f 2534//1517 2533//1517 2535//1517
f 2534//1517 2535//1517 2536//1517
f 2536//1517 2535//1517 2537//1517
f 2536//1517 2537//1517 2538//1517
f 2538//1517 2537//1517 2539//1517
f 2538//1517 2539//1517 2540//1517
f 2540//1517 2539//1517 2541//1517
f 2540//1517 2541//1517 2542//1517
f 2542//1517 2541//1517 2543//1517
f 2542//1517 2543//1517 2544//1517
f 2544//1517 2543//1517 2545//1517
f 2545//1517 2543//1517 2546//1517
f 2545//1517 2546//1517 2547//1517
f 2547//1517 2546//1517 2548//1517
f 2547//1517 2548//1517 2549//1517
f 2549//1517 2548//1517 2550//1517
f 2549//1517 2550//1517 2551//1517
f 2551//1517 2550//1517 2552//1517
f 2551//1517 2552//1517 2553//1517
f 2553//1517 2552//1517 2554//1517
f 2553//1517 2554//1517 2555//1517
f 2555//1517 2554//1517 2556//1517
f 2555//1517 2556//1517 2557//1517
f 2557//1517 2556//1517 2558//1517
f 2557//1517 2558//1517 2559//1517
f 2559//1517 2558//1517 2560//1517
f 2559//1517 2560//1517 2561//1517
f 2561//1517 2560//1517 2562//1517
f 2561//1517 2562//1517 2563//1517
f 2563//1517 2562//1517 2564//1517
f 2564//1517 2562//1517 2565//1517
f 2564//1517 2565//1517 2566//1517
f 2566//1517 2565//1517 2567//1517
f 2566//1517 2567//1517 2568//1517
f 2568//1517 2567//1517 2569//1517
f 2568//1517 2569//1517 2570//1517
f 2570//1517 2569//1517 2571//1517
f 2570//1517 2571//1517 2572//1517
f 2572//1517 2571//1517 2573//1517
f 2572//1517 2573//1517 2574//1517
f 2574//1517 2573//1517 2575//1517
f 2574//1517 2575//1517 2576//1517
f 2576//1517 2575//1517 2577//1517
f 2576//1517 2577//1517 2578//1517
f 2578//1517 2577//1517 2579//1517
f 2578//1517 2579//1517 2580//1517
f 2580//1517 2579//1517 2581//1517
f 2580//1517 2581//1517 2582//1517
f 2582//1517 2581//1517 2583//1517
f 2582//1517 2583//1517 2584//1517
f 2584//1517 2583//1517 2585//1517
f 2585//1517 2583//1517 2586//1517
f 2585//1517 2586//1517 2587//1517
f 2587//1517 2586//1517 2588//1517
f 2587//1517 2588//1517 2589//1517
f 2589//1517 2588//1517 2590//1517
f 2589//1517 2590//1517 2591//1517
f 2591//1517 2590//1517 2592//1517
f 2591//1517 2592//1517 2593//1517
f 2593//1517 2592//1517 2594//1517
f 2593//1517 2594//1517 2595//1517
f 2595//1517 2594//1517 2596//1517
f 2595//1517 2596//1517 2597//1517
f 2597//1517 2596//1517 2598//1517
f 2597//1517 2598//1517 2599//1517
f 2599//1517 2598//1517 2600//1517
f 2599//1517 2600//1517 2527//1517
f 2527//1517 2600//1517 2525//1517
f 2489//1518 2544//1518 2300//1518
f 2300//1519 2544//1520 2545//1521
f 2300//1519 2545//1521 2302//1522
f 2302//1523 2545//1523 2304//1523
f 2304//1524 2545//1524 2547//1524
f 2304//1525 2547//1525 2305//1525
f 2305//1526 2547//1527 2478//1528
f 2478//1528 2547//1527 2549//1529
f 2478//1530 2549//1530 2479//1530
f 2479//1531 2549//1531 2551//1531
f 2479//1532 2551//1532 2417//1532
f 2417//1533 2551//1534 2418//1535
f 2418//1535 2551//1534 2553//1536
f 2418//1537 2553//1537 2419//1537
f 2419//1538 2553//1538 2555//1538
f 2419//1539 2555//1539 2414//1539
f 2414//1540 2555//1540 2415//1540
f 2415//1541 2555//1541 2557//1541
f 2415//1542 2557//1542 2416//1542
f 2416//1543 2557//1544 2559//1545
f 2416//1543 2559//1545 2411//1546
f 2411//1547 2559//1547 2412//1547
f 2412//1548 2559//1548 2561//1548
f 2412//1549 2561//1549 2408//1549
f 2408//1550 2561//1551 2563//1552
f 2408//1550 2563//1552 2409//1553
f 2409//1554 2563//1554 2405//1554
f 2405//1555 2563//1555 2564//1555
f 2405//1556 2564//1556 2406//1556
f 2406//1557 2564//1558 2401//1559
f 2401//1559 2564//1558 2566//1560
f 2401//1561 2566//1561 2402//1561
f 2402//1562 2566//1562 2568//1562
f 2402//1563 2568//1563 2403//1563
f 2403//1564 2568//1565 2398//1566
f 2398//1566 2568//1565 2570//1567
f 2398//1568 2570//1568 2399//1568
f 2399//1569 2570//1569 2572//1569
f 2399//1570 2572//1570 2394//1570
f 2394//1571 2572//1571 2395//1571
f 2395//1572 2572//1572 2574//1572
f 2395//1573 2574//1573 2396//1573
f 2396//1574 2574//1575 2576//1576
f 2396//1574 2576//1576 2390//1577
f 2390//1578 2576//1578 2391//1578
f 2391//1579 2576//1579 2578//1579
f 2391//1580 2578//1580 2392//1580
f 2392//1581 2578//1582 2580//1583
f 2392//1581 2580//1583 2480//1584
f 2480//1585 2580//1585 2481//1585
f 2481//1586 2580//1586 2582//1586
f 2481//1587 2582//1587 2482//1587
f 2482//1588 2582//1589 2340//1590
f 2340//1590 2582//1589 2584//1591
f 2340//1592 2584//1592 2341//1592
f 2341//1593 2584//1593 2585//1593
f 2341//1594 2585//1594 2483//1594
f 2483//1595 2585//1595 2484//1595
f 2484//1596 2585//1596 2587//1596
f 2484//1597 2587//1597 2485//1597
f 2485//1598 2587//1598 2589//1598
f 2485//1599 2589//1599 2486//1599
f 2486//1600 2589//1600 2335//1600
f 2335//1601 2589//1601 2591//1601
f 2335//1602 2591//1602 2336//1602
f 2336//1603 2591//1604 2593//1605
f 2336//1603 2593//1605 2337//1606
f 2337//1607 2593//1607 2331//1607
f 2331//1608 2593//1608 2595//1608
f 2331//1609 2595//1609 2332//1609
f 2332//1610 2595//1611 2333//1612
f 2333//1612 2595//1611 2597//1613
f 2333//1614 2597//1614 2328//1614
f 2328//1615 2597//1615 2599//1615
f 2328//1616 2599//1616 2329//1616
f 2329//1617 2599//1617 2325//1617
f 2325//1618 2599//1618 2527//1618
f 2325//1619 2527//1619 2326//1619
f 2326//1620 2527//1620 2526//1620
f 2326//1621 2526//1621 2322//1621
f 2322//1622 2526//1622 2323//1622
f 2323//1623 2526//1623 2524//1623
f 2323//1624 2524//1624 2318//1624
f 2318//1625 2524//1625 2528//1625
f 2318//1626 2528//1626 2319//1626
f 2319//1627 2528//1627 2320//1627
f 2320//1628 2528//1628 2530//1628
f 2320//1629 2530//1629 2315//1629
f 2315//1630 2530//1631 2532//1632
f 2315//1630 2532//1632 2316//1633
f 2316//1634 2532//1634 2311//1634
f 2311//1635 2532//1635 2534//1635
f 2311//1636 2534//1636 2312//1636
f 2312//1637 2534//1638 2313//1639
f 2313//1639 2534//1638 2536//1640
f 2313//1641 2536//1641 2307//1641
f 2307//1642 2536//1642 2538//1642
f 2307//1643 2538//1643 2308//1643
f 2308//1644 2538//1644 2309//1644
f 2309//1645 2538//1645 2540//1645
f 2309//1646 2540//1646 2487//1646
f 2487//1647 2540//1647 2542//1647
f 2487//1648 2542//1648 2488//1648
f 2488//1649 2542//1649 2489//1649
f 2489//1650 2542//1650 2544//1650
f 2235//1651 2546//1652 2233//1653
f 2233//1653 2546//1652 2543//1654
f 2233//1655 2543//1655 2234//1655
f 2234//1656 2543//1656 2541//1656
f 2234//1657 2541//1657 2237//1657
f 2237//1658 2541//1658 2239//1658
f 2239//1659 2541//1659 2539//1659
f 2239//1660 2539//1660 2241//1660
f 2241//1661 2539//1661 2243//1661
f 2243//1662 2539//1662 2537//1662
f 2243//1663 2537//1663 2245//1663
f 2245//1664 2537//1665 2535//1666
f 2245//1664 2535//1666 2247//1667
f 2247//1668 2535//1668 2248//1668
f 2248//1669 2535//1669 2533//1669
f 2248//1670 2533//1670 2249//1670
f 2249//1671 2533//1671 2253//1671
f 2253//1672 2533//1672 2531//1672
f 2253//1673 2531//1673 2254//1673
f 2254//1674 2531//1674 2255//1674
f 2255//1675 2531//1675 2529//1675
f 2255//1676 2529//1676 2259//1676
f 2259//1677 2529//1678 2523//1679
f 2259//1677 2523//1679 2260//1680
f 2260//1681 2523//1681 2261//1681
f 2261//1682 2523//1682 2525//1682
f 2261//1683 2525//1683 2265//1683
f 2265//1684 2525//1684 2267//1684
f 2267//1685 2525//1685 2600//1685
f 2267//1686 2600//1686 2269//1686
f 2269//1687 2600//1688 2270//1689
f 2270//1689 2600//1688 2598//1690
f 2270//1691 2598//1691 2271//1691
f 2271//1692 2598//1692 2596//1692
f 2271//1693 2596//1693 2275//1693
f 2275//1694 2596//1694 2276//1694
f 2276//1695 2596//1695 2594//1695
f 2276//1696 2594//1696 2277//1696
f 2277//1697 2594//1697 2281//1697
f 2281//1698 2594//1698 2592//1698
f 2281//1699 2592//1699 2282//1699
f 2282//1700 2592//1701 2283//1702
f 2283//1702 2592//1701 2590//1703
f 2283//1704 2590//1704 2287//1704
f 2287//1705 2590//1705 2588//1705
f 2287//1706 2588//1706 2289//1706
f 2289//1707 2588//1707 2291//1707
f 2291//1708 2588//1708 2586//1708
f 2291//1709 2586//1709 2293//1709
f 2293//1710 2586//1710 2295//1710
f 2295//1711 2586//1711 2583//1711
f 2295//1712 2583//1712 2296//1712
f 2296//1713 2583//1714 2581//1715
f 2296//1713 2581//1715 2294//1716
f 2294//1717 2581//1717 2292//1717
f 2292//1718 2581//1718 2579//1718
f 2292//1719 2579//1719 2290//1719
f 2290//1720 2579//1720 2288//1720
f 2288//1721 2579//1721 2577//1721
f 2288//1722 2577//1722 2286//1722
f 2286//1723 2577//1724 2284//1725
f 2284//1725 2577//1724 2575//1726
f 2284//1727 2575//1727 2285//1727
f 2285//1728 2575//1728 2573//1728
f 2285//1729 2573//1729 2280//1729
f 2280//1730 2573//1730 2278//1730
f 2278//1731 2573//1731 2571//1731
f 2278//1732 2571//1732 2279//1732
f 2279//1733 2571//1733 2274//1733
f 2274//1734 2571//1734 2569//1734
f 2274//1735 2569//1735 2272//1735
f 2272//1736 2569//1737 2273//1738
f 2273//1738 2569//1737 2567//1739
f 2273//1740 2567//1740 2268//1740
f 2268//1741 2567//1741 2565//1741
f 2268//1742 2565//1742 2266//1742
f 2266//1743 2565//1743 2264//1743
f 2264//1744 2565//1744 2562//1744
f 2264//1745 2562//1745 2262//1745
f 2262//1746 2562//1746 2263//1746
f 2263//1747 2562//1747 2560//1747
f 2263//1748 2560//1748 2258//1748
f 2258//1749 2560//1750 2558//1751
f 2258//1749 2558//1751 2256//1752
f 2256//1753 2558//1753 2257//1753
f 2257//1754 2558//1754 2556//1754
f 2257//1755 2556//1755 2252//1755
f 2252//1756 2556//1756 2250//1756
f 2250//1757 2556//1757 2554//1757
f 2250//1758 2554//1758 2251//1758
f 2251//1759 2554//1759 2246//1759
f 2246//1760 2554//1760 2552//1760
f 2246//1761 2552//1761 2244//1761
f 2244//1762 2552//1763 2550//1764
f 2244//1762 2550//1764 2242//1765
f 2242//1766 2550//1766 2240//1766
f 2240//1767 2550//1767 2548//1767
f 2240//1768 2548//1768 2238//1768
f 2238//1769 2548//1769 2236//1769
f 2236//1770 2548//1770 2546//1770
f 2236//1771 2546//1771 2235//1771
f 1888//366 1901//366 1887//366
f 1887//366 1901//366 1902//366
f 1887//366 1902//366 1886//366
f 1886//366 1902//366 1903//366
f 1886//366 1903//366 1915//366
f 1915//366 1903//366 1904//366
f 1915//366 1904//366 1914//366
f 1914//366 1904//366 1905//366
f 1914//366 1905//366 1913//366
f 1913//366 1905//366 1906//366
f 1913//366 1906//366 1912//366
f 1912//366 1906//366 1907//366
f 1912//366 1907//366 1911//366
f 1911//366 1907//366 1908//366
f 1911//366 1908//366 1910//366
f 1910//366 1908//366 1909//366
f 1901//366 1888//366 1900//366
f 1900//366 1888//366 1889//366
f 1900//366 1889//366 1899//366
f 1899//366 1889//366 1890//366
f 1899//366 1890//366 1898//366
f 1898//366 1890//366 1891//366
f 1898//366 1891//366 1897//366
f 1897//366 1891//366 1892//366
f 1897//366 1892//366 1896//366
f 1896//366 1892//366 1893//366
f 1896//366 1893//366 1895//366
f 1895//366 1893//366 1894//366
f 2601//1772 2602//1772 2603//1772
f 2603//1773 2602//1773 2604//1773
f 2603//1774 2604//1774 2605//1774
f 2605//1775 2604//1775 2606//1775
f 2605//1776 2606//1776 2607//1776
f 2607//1777 2606//1777 2608//1777
f 2607//1778 2608//1778 2609//1778
f 2609//1779 2608//1779 2610//1779
f 2609//1780 2610//1780 2611//1780
f 2611//1781 2610//1781 2612//1781
f 2611//1782 2612//1782 2613//1782
f 2613//1783 2612//1783 2614//1783
f 2613//1784 2614//1784 2615//1784
f 2615//1785 2614//1785 2616//1785
f 2615//1786 2616//1786 2617//1786
f 2617//1787 2616//1787 2618//1787
f 2617//1788 2618//1788 2619//1788
f 2619//1789 2618//1789 2620//1789
f 2619//1790 2620//1790 2621//1790
f 2621//1791 2620//1791 2622//1791
f 2621//1792 2622//1792 2623//1792
f 2623//1793 2622//1793 2624//1793
f 2623//1794 2624//1794 2625//1794
f 2625//1795 2624//1795 2626//1795
f 2625//1796 2626//1796 2627//1796
f 2627//1797 2626//1797 2628//1797
f 2627//1798 2628//1798 2629//1798
f 2629//1799 2628//1799 2630//1799
f 2629//1800 2630//1800 2631//1800
f 2631//1801 2630//1801 2632//1801
f 2631//1802 2632//1802 2633//1802
f 2633//1803 2632//1803 2634//1803
f 2633//1804 2634//1804 2635//1804
f 2635//1805 2634//1805 2636//1805
f 2635//1806 2636//1806 2637//1806
f 2637//1807 2636//1807 2638//1807
f 2637//1808 2638//1808 2639//1808
f 2639//1809 2638//1809 2640//1809
f 2639//1810 2640//1810 2641//1810
f 2641//1811 2640//1811 2642//1811
f 2641//1812 2642//1812 2643//1812
f 2643//1813 2642//1813 2490//1813
f 2643//1814 2490//1814 2492//1814
f 2602//1815 2601//1815 2491//1815
f 2491//1816 2601//1816 2644//1816
f 2491//1817 2644//1817 2493//1817
f 2493//1818 2644//1818 2495//1818
f 2495//1819 2644//1819 2496//1819
f 2496//1820 2644//1821 2497//1822
f 2497//1822 2644//1821 2645//1823
f 2497//1824 2645//1824 2500//1824
f 2500//1825 2645//1825 2503//1825
f 2503//1826 2645//1826 2504//1826
f 2504//1827 2645//1827 2646//1827
f 2504//1828 2646//1828 2505//1828
f 2505//1829 2646//1829 2508//1829
f 2508//1830 2646//1830 2647//1830
f 2508//1831 2647//1831 2511//1831
f 2511//1832 2647//1832 2513//1832
f 2513//1833 2647//1833 2648//1833
f 2513//1834 2648//1834 2515//1834
f 2515//1835 2648//1835 2649//1835
f 2515//1836 2649//1836 2517//1836
f 2517//1837 2649//1837 2519//1837
f 2519//1838 2649//1838 2650//1838
f 2519//1839 2650//1839 2521//1839
f 2521//1840 2650//1840 2651//1840
f 2521//1841 2651//1841 2522//1841
f 2522//1842 2651//1842 2652//1842
f 2522//1843 2652//1843 2520//1843
f 2520//1844 2652//1844 2518//1844
f 2518//1845 2652//1845 2653//1845
f 2518//1846 2653//1846 2516//1846
f 2516//1847 2653//1847 2654//1847
f 2516//1848 2654//1848 2514//1848
f 2514//1849 2654//1850 2655//1851
f 2514//1849 2655//1851 2512//1852
f 2512//1853 2655//1853 2510//1853
f 2510//1854 2655//1854 2656//1854
f 2510//1855 2656//1855 2509//1855
f 2509//1856 2656//1856 2506//1856
f 2506//1857 2656//1857 2657//1857
f 2506//1858 2657//1858 2507//1858
f 2507//1859 2657//1859 2502//1859
f 2502//1860 2657//1861 2658//1862
f 2502//1860 2658//1862 2501//1863
f 2501//1864 2658//1864 2498//1864
f 2498//1865 2658//1865 2499//1865
f 2499//1866 2658//1866 2494//1866
f 2494//1867 2658//1868 2643//1869
f 2494//1867 2643//1869 2492//1870
f 2354//791 2352//791 2659//791
f 2659//791 2352//791 2356//791
f 2659//791 2356//791 2660//791
f 2660//791 2356//791 2358//791
f 2660//791 2358//791 2360//791
f 2360//791 2381//791 2660//791
f 2660//791 2381//791 2383//791
f 2660//791 2383//791 2385//791
f 2387//791 2661//791 2385//791
f 2385//791 2661//791 2660//791
f 2387//1517 2388//1517 2661//1517
f 2661//1517 2388//1517 2662//1517
f 2388//1871 2386//1871 2662//1871
f 2662//1871 2386//1871 2663//1871
f 2663//1871 2386//1871 2384//1871
f 2663//1871 2384//1871 2382//1871
f 2362//1871 2664//1871 2382//1871
f 2382//1871 2664//1871 2663//1871
f 2362//375 2361//375 2664//375
f 2664//375 2361//375 2665//375
f 2361//791 2367//791 2665//791
f 2665//791 2367//791 2666//791
f 2666//791 2367//791 2369//791
f 2666//791 2369//791 2371//791
f 2372//791 2667//791 2371//791
f 2371//791 2667//791 2666//791
f 2372//1517 2373//1517 2667//1517
f 2667//1517 2373//1517 2668//1517
f 2373//1871 2370//1871 2668//1871
f 2668//1871 2370//1871 2669//1871
f 2669//1871 2370//1871 2368//1871
f 2669//1871 2368//1871 2366//1871
f 2365//1871 2670//1871 2366//1871
f 2366//1871 2670//1871 2669//1871
f 2365//375 2364//375 2670//375
f 2670//375 2364//375 2671//375
f 2364//791 2374//791 2671//791
f 2671//791 2374//791 2672//791
f 2672//791 2374//791 2376//791
f 2672//791 2376//791 2378//791
f 2380//791 2673//791 2378//791
f 2378//791 2673//791 2672//791
f 2380//1517 2379//1517 2673//1517
f 2673//1517 2379//1517 2674//1517
f 2379//1871 2377//1871 2674//1871
f 2674//1871 2377//1871 2675//1871
f 2675//1871 2377//1871 2375//1871
f 2675//1871 2375//1871 2363//1871
f 2363//1871 2359//1871 2675//1871
f 2675//1871 2359//1871 2357//1871
f 2675//1871 2357//1871 2355//1871
f 2675//1871 2355//1871 2676//1871
f 2676//1871 2355//1871 2351//1871
f 2676//1871 2351//1871 2350//1871
f 2350//391 2349//391 2676//391
f 2676//391 2349//391 2677//391
f 2349//1871 2348//1871 2677//1871
f 2677//1871 2348//1871 2342//1871
f 2677//1871 2342//1871 2678//1871
f 2678//1871 2342//1871 2339//1871
f 2339//375 2338//375 2678//375
f 2678//375 2338//375 2679//375
f 2338//1871 2334//1871 2679//1871
f 2679//1871 2334//1871 2330//1871
f 2679//1871 2330//1871 2327//1871
f 2327//1871 2324//1871 2679//1871
f 2679//1871 2324//1871 2321//1871
f 2679//1871 2321//1871 2317//1871
f 2679//1871 2317//1871 2680//1871
f 2680//1871 2317//1871 2314//1871
f 2680//1871 2314//1871 2310//1871
f 2310//1871 2306//1871 2680//1871
f 2680//1871 2306//1871 2298//1871
f 2680//1871 2298//1871 2297//1871
f 2681//1872 2682//1873 2683//1874
f 2683//1874 2682//1873 2684//1874
f 2683//1340 2684//1340 2685//1340
f 2681//1872 2686//1875 2682//1873
f 2682//1876 2686//1876 2687//1876
f 2687//1877 2686//1877 2688//1877
f 2688//1878 2686//1878 2689//1878
f 2689//1879 2686//1879 2690//1879
f 2690//1880 2686//1880 2691//1880
f 2690//1881 2691//1881 2692//1881
f 2692//1882 2691//1882 2693//1882
f 2693//1883 2691//1884 2694//1885
f 2693//1883 2694//1885 2695//1886
f 2695//1887 2694//1887 2696//1887
f 2696//1888 2694//1888 2697//1888
f 2696//1889 2697//1889 2698//1889
f 2698//1890 2697//1890 2699//1890
f 2699//1891 2697//1891 2700//1891
f 2699//1892 2700//1892 2701//1892
f 2701//1893 2700//1893 2702//1893
f 2702//1894 2700//1894 2703//1894
f 2702//1895 2703//1895 2704//1895
f 2704//1896 2703//1897 2705//1898
f 2704//1896 2705//1898 2706//1899
f 2706//1900 2705//1900 2707//1900
f 2707//1901 2705//1901 2708//1901
f 2707//1902 2708//1902 2709//1902
f 2710//1903 2711//1903 2682//1903
f 2682//1873 2711//1904 2712//1905
f 2682//1873 2712//1905 2684//1874
f 2710//1906 2713//1906 2711//1906
f 2711//1907 2713//1907 2714//1907
f 2711//1908 2714//1908 2715//1908
f 2711//1909 2715//1909 2716//1909
f 2716//1910 2715//1910 2717//1910
f 2716//1911 2717//1911 2718//1911
f 2716//1912 2718//1913 2719//1914
f 2719//1914 2718//1913 2720//1915
f 2719//1916 2720//1916 2721//1916
f 2719//1917 2721//1917 2722//1917
f 2722//1918 2721//1918 2723//1918
f 2722//1919 2723//1919 2724//1919
f 2722//1920 2724//1920 2725//1920
f 2725//1921 2724//1921 2726//1921
f 2725//1922 2726//1922 2727//1922
f 2725//1923 2727//1923 2728//1923
f 2728//1924 2727//1924 2729//1924
f 2728//1925 2729//1926 2730//1927
f 2730//1927 2729//1926 2731//1928
f 2730//1929 2731//1929 2732//1929
f 2733//1902 2734//1902 2732//1902
f 2732//1930 2734//1930 2730//1930
f 2735//1339 2736//1339 2685//1339
f 2685//1339 2736//1339 2737//1339
f 2685//1340 2737//1340 2683//1340
f 2736//1335 2735//1335 2738//1335
f 2738//1335 2735//1335 2739//1335
f 2738//1331 2739//1336 2740//1333
f 2740//1333 2739//1336 2741//1337
f 2740//1333 2741//1337 2742//1338
f 2743//1376 2744//1377 2742//1378
f 2742//1378 2744//1377 2745//1379
f 2742//1931 2745//1931 2746//1931
f 2747//1381 2748//1381 2743//1381
f 2743//1382 2748//1382 2749//1382
f 2743//1383 2749//1383 2750//1383
f 2751//1386 2752//1932 2747//1386
f 2747//1387 2752//1387 2753//1387
f 2747//1388 2753//1388 2748//1388
f 2754//1389 2755//1390 2751//1391
f 2751//1391 2755//1390 2756//1392
f 2751//1933 2756//1933 2757//1933
f 2758//1394 2759//1394 2754//1394
f 2754//1395 2759//1395 2760//1395
f 2754//1396 2760//1396 2755//1396
f 2761//1397 2762//1398 2758//1399
f 2758//1400 2762//1400 2763//1400
f 2758//1401 2763//1401 2759//1401
f 2764//1404 2765//1934 2761//1404
f 2761//1935 2765//1935 2766//1935
f 2761//1397 2766//1406 2762//1398
f 2767//1407 2768//1407 2764//1407
f 2764//1408 2768//1408 2769//1408
f 2764//1409 2769//1409 2770//1409
f 2771//1410 2772//1411 2767//1412
f 2767//1413 2772//1413 2773//1413
f 2767//1414 2773//1414 2774//1414
f 2775//1936 2776//1937 2771//1938
f 2771//1939 2776//1939 2777//1939
f 2771//1290 2777//1290 2778//1290
f 2775//1936 2779//1940 2776//1937
f 2776//1937 2779//1940 2780//1285
f 2780//1285 2779//1940 2781//1284
f 2780//1285 2781//1284 2782//1283
f 2782//1283 2781//1284 2783//1282
f 2781//1415 2779//1415 2784//1415
f 2784//1415 2779//1415 2785//1415
f 2784//1416 2785//1416 2786//1416
f 2786//1416 2785//1416 2787//1416
f 2786//1417 2787//1417 2788//1417
f 2789//1477 2790//1477 2788//1477
f 2788//1477 2790//1477 2791//1477
f 2788//1477 2791//1477 2792//1477
f 2792//1477 2791//1477 2793//1477
f 2790//1941 2794//1941 2791//1941
f 2791//1941 2794//1941 2795//1941
f 2795//1942 2794//1942 2796//1942
f 2795//1942 2796//1942 2797//1942
f 2797//1943 2796//1943 2798//1943
f 2797//1943 2798//1943 2799//1943
f 2799//1944 2798//1944 2800//1944
f 2799//1944 2800//1944 2801//1944
f 2802//1945 2803//1945 2798//1945
f 2798//1944 2803//1944 2804//1944
f 2798//1944 2804//1944 2800//1944
f 2800//1946 2804//1946 2805//1946
f 2800//1946 2805//1946 2806//1946
f 2806//1947 2805//1947 2807//1947
f 2806//1947 2807//1947 2808//1947
f 2808//1948 2807//1948 2809//1948
f 2808//1948 2809//1948 2810//1948
f 2810//1949 2809//1949 2811//1949
f 2811//1949 2809//1949 2812//1949
f 2803//1950 2802//1950 2813//1950
f 2813//1951 2802//1952 2814//1953
f 2813//1951 2814//1953 2815//1954
f 2815//1955 2814//1956 2816//1957
f 2815//1955 2816//1957 2817//1958
f 2817//1959 2816//1960 2818//1961
f 2817//1959 2818//1961 2819//1949
f 2799//1962 2801//1962 2820//1962
f 2820//1963 2801//1963 2821//1963
f 2820//1964 2821//1965 2822//1966
f 2822//1966 2821//1965 2823//1967
f 2822//1968 2823//1969 2824//1970
f 2824//1970 2823//1969 2825//1971
f 2824//1972 2825//1973 2826//1974
f 2826//1974 2825//1973 2827//1949
f 2792//1417 2786//1417 2788//1417
f 2828//1291 2829//1292 2782//1293
f 2782//1293 2829//1292 2830//1294
f 2782//1975 2830//1975 2831//1975
f 2832//1296 2833//1296 2828//1296
f 2828//1297 2833//1297 2834//1297
f 2828//1298 2834//1298 2835//1298
f 2836//1976 2837//1977 2832//1301
f 2832//1302 2837//1302 2838//1302
f 2832//1303 2838//1303 2833//1303
f 2839//1304 2840//1305 2836//1306
f 2836//1306 2840//1305 2841//1307
f 2836//1978 2841//1978 2842//1978
f 2843//1309 2844//1309 2839//1309
f 2839//1310 2844//1310 2845//1310
f 2839//1311 2845//1311 2840//1311
f 2846//1312 2847//1313 2843//1314
f 2843//1315 2847//1315 2848//1315
f 2843//1316 2848//1316 2844//1316
f 2849//1319 2850//1317 2846//1319
f 2846//1979 2850//1979 2851//1979
f 2846//1312 2851//1321 2847//1313
f 2852//1322 2853//1322 2849//1322
f 2849//1323 2853//1323 2854//1323
f 2849//1324 2854//1324 2855//1324
f 2856//1325 2857//1326 2852//1327
f 2852//1328 2857//1328 2858//1328
f 2852//1329 2858//1329 2859//1329
f 2860//1330 2738//1331 2856//1332
f 2856//1332 2738//1331 2740//1333
f 2856//1332 2740//1333 2861//1334
f 2778//1478 2862//1478 2771//1478
f 2771//1980 2862//1980 2863//1980
f 2771//1410 2863//1480 2772//1411
f 2774//1481 2768//1481 2767//1481
f 2770//1403 2765//1934 2764//1404
f 2757//1482 2752//1932 2751//1386
f 2750//1483 2744//1483 2743//1483
f 2746//1484 2864//1484 2742//1484
f 2742//1981 2864//1981 2865//1981
f 2742//1486 2865//1486 2866//1486
f 2866//1487 2740//1333 2742//1338
f 2861//1488 2867//1488 2856//1488
f 2856//1982 2867//1982 2868//1982
f 2856//1484 2868//1484 2869//1484
f 2869//1983 2870//1983 2856//1983
f 2856//1325 2870//1491 2857//1326
f 2859//1492 2853//1492 2852//1492
f 2855//1493 2850//1317 2849//1319
f 2842//1494 2837//1977 2836//1976
f 2835//1495 2829//1495 2828//1495
f 2831//1478 2871//1478 2782//1478
f 2782//1496 2871//1496 2872//1496
f 2782//1984 2872//1984 2873//1984
f 2873//1985 2780//1285 2782//1283
f 2874//1986 2875//1243 2876//1244
f 2876//1244 2875//1243 2877//1245
f 2877//1245 2875//1243 2878//1246
f 2877//1245 2878//1246 2879//1247
f 2879//1247 2878//1246 2880//1248
f 2879//1247 2880//1248 2881//1249
f 2881//1249 2880//1248 2882//1249
f 2881//1250 2882//1250 2883//1250
f 2883//1250 2882//1250 2884//1250
f 2883//1251 2884//1251 2885//1251
f 2885//1251 2884//1251 2886//1251
f 2885//1252 2886//1252 2887//1252
f 2887//1252 2886//1252 2888//1252
f 2887//1987 2888//1987 2889//1987
f 2890//1254 2891//1254 2889//1254
f 2889//1254 2891//1254 2892//1254
f 2889//1987 2892//1987 2887//1987
f 2891//1255 2890//1255 2893//1255
f 2893//1255 2890//1255 2894//1255
f 2893//1988 2894//1988 2895//1988
f 2896//1989 2897//1989 2895//1989
f 2895//1989 2897//1989 2898//1989
f 2895//1988 2898//1988 2893//1988
f 2897//1258 2896//1258 2899//1258
f 2899//1258 2896//1258 2900//1258
f 2899//1259 2900//1259 2901//1259
f 2902//1260 2903//1260 2901//1260
f 2901//1260 2903//1260 2904//1260
f 2901//1259 2904//1259 2899//1259
f 2903//1261 2902//1261 2905//1261
f 2905//1261 2902//1261 2906//1261
f 2905//1262 2906//1262 2907//1262
f 2907//1262 2906//1262 2908//1262
f 2907//1263 2908//1263 2909//1263
f 2909//1263 2908//1263 2910//1263
f 2909//1264 2910//1264 2911//1264
f 2912//1265 2913//1265 2911//1265
f 2911//1265 2913//1265 2914//1265
f 2911//1264 2914//1264 2909//1264
f 2913//1990 2912//1990 2915//1990
f 2915//1990 2912//1990 2916//1990
f 2915//1267 2916//1267 2917//1267
f 2918//1268 2919//1268 2917//1268
f 2917//1268 2919//1268 2920//1268
f 2917//1267 2920//1267 2915//1267
f 2919//1269 2918//1269 2921//1269
f 2921//1269 2918//1269 2922//1269
f 2921//1991 2922//1991 2923//1991
f 2924//1992 2925//1992 2923//1992
f 2923//1992 2925//1992 2926//1992
f 2923//1991 2926//1991 2921//1991
f 2925//1272 2924//1272 2927//1272
f 2927//1272 2924//1272 2928//1272
f 2927//1273 2928//1273 2929//1273
f 2929//1273 2928//1273 2930//1273
f 2929//1993 2930//1993 2931//1275
f 2931//1275 2930//1993 2932//1276
f 2931//1275 2932//1276 2933//1277
f 2933//1277 2932//1276 2934//1278
f 2933//1277 2934//1278 2935//1279
f 2935//1279 2934//1278 2936//1280
f 2935//1279 2936//1280 2937//1994
f 2938//1995 2939//1995 2940//1995
f 2940//1995 2939//1995 2941//1995
f 2940//1996 2941//1996 2942//1996
f 2942//1996 2941//1996 2943//1996
f 2942//1997 2943//1997 2944//1997
f 2945//1998 2946//1998 2944//1998
f 2944//1998 2946//1998 2947//1998
f 2944//1997 2947//1997 2942//1997
f 2945//1999 2948//1999 2946//1999
f 2946//1999 2948//1999 2949//1999
f 2949//2000 2948//2000 2950//2000
f 2950//2000 2948//2000 2951//2000
f 2950//2001 2951//2001 2952//2001
f 2953//2002 2954//2002 2952//2002
f 2952//2002 2954//2002 2955//2002
f 2952//2001 2955//2001 2950//2001
f 2953//2003 2956//2003 2954//2003
f 2954//2003 2956//2003 2957//2003
f 2957//2004 2956//2004 2958//2004
f 2958//2004 2956//2004 2959//2004
f 2958//2005 2959//2005 2960//2005
f 2960//2005 2959//2005 2961//2005
f 2960//2006 2961//2006 2962//2006
f 2962//2006 2961//2006 2963//2006
f 2962//2007 2963//2007 2964//2007
f 2964//2007 2963//2007 2965//2007
f 2964//2008 2965//2008 2966//2008
f 2966//2008 2965//2008 2967//2008
f 2966//2009 2967//2009 2968//2010
f 2968//2010 2967//2009 2969//2011
f 2968//2010 2969//2011 2970//2012
f 2876//1651 2971//1652 2874//2013
f 2874//2013 2971//1652 2972//1654
f 2874//1655 2972//1655 2875//1655
f 2875//1656 2972//1656 2973//1656
f 2875//1657 2973//1657 2878//1657
f 2878//1658 2973//1658 2880//1658
f 2880//1659 2973//1659 2974//1659
f 2880//2014 2974//2014 2882//2014
f 2882//2015 2974//2015 2884//2015
f 2884//1662 2974//1662 2975//1662
f 2884//1663 2975//1663 2886//1663
f 2886//2016 2975//1665 2976//2017
f 2886//2016 2976//2017 2888//1667
f 2888//1668 2976//1668 2889//1668
f 2889//1669 2976//1669 2977//1669
f 2889//1670 2977//1670 2890//1670
f 2890//1671 2977//1671 2894//1671
f 2894//1672 2977//1672 2978//1672
f 2894//1673 2978//1673 2895//1673
f 2895//1674 2978//1674 2896//1674
f 2896//2018 2978//2018 2979//2018
f 2896//1676 2979//1676 2900//1676
f 2900//1677 2979//1678 2980//2019
f 2900//1677 2980//2019 2901//1680
f 2901//1681 2980//1681 2902//1681
f 2902//1682 2980//1682 2981//1682
f 2902//1683 2981//1683 2906//1683
f 2906//1684 2981//1684 2908//1684
f 2908//1685 2981//1685 2982//1685
f 2908//1686 2982//1686 2910//1686
f 2910//1687 2982//2020 2911//1689
f 2911//1689 2982//2020 2983//1690
f 2911//1691 2983//1691 2912//1691
f 2912//2021 2983//2021 2984//2021
f 2912//1693 2984//1693 2916//1693
f 2916//1694 2984//1694 2917//1694
f 2917//1695 2984//1695 2985//1695
f 2917//1696 2985//1696 2918//1696
f 2918//1697 2985//1697 2922//1697
f 2922//1698 2985//1698 2986//1698
f 2922//1699 2986//1699 2923//1699
f 2923//1700 2986//2022 2924//2023
f 2924//2023 2986//2022 2987//1703
f 2924//1704 2987//1704 2928//1704
f 2928//1705 2987//1705 2988//1705
f 2928//2024 2988//2024 2930//2024
f 2930//2025 2988//2025 2932//2025
f 2932//1708 2988//1708 2989//1708
f 2932//1709 2989//1709 2934//1709
f 2934//1710 2989//1710 2936//1710
f 2936//1711 2989//1711 2990//1711
f 2936//1712 2990//1712 2937//1712
f 2937//2026 2990//1714 2991//1715
f 2937//2026 2991//1715 2935//2027
f 2935//1717 2991//1717 2933//1717
f 2933//1718 2991//1718 2992//1718
f 2933//1719 2992//1719 2931//1719
f 2931//1720 2992//1720 2929//1720
f 2929//2028 2992//2028 2993//2028
f 2929//2029 2993//2029 2927//2029
f 2927//2030 2993//1724 2925//1725
f 2925//1725 2993//1724 2994//1726
f 2925//1727 2994//1727 2926//1727
f 2926//1728 2994//1728 2995//1728
f 2926//1729 2995//1729 2921//1729
f 2921//2031 2995//2031 2919//2031
f 2919//1731 2995//1731 2996//1731
f 2919//1732 2996//1732 2920//1732
f 2920//1733 2996//1733 2915//1733
f 2915//1734 2996//1734 2997//1734
f 2915//2032 2997//2032 2913//2032
f 2913//1736 2997//2033 2914//1738
f 2914//1738 2997//2033 2998//1739
f 2914//1740 2998//1740 2909//1740
f 2909//1741 2998//1741 2999//1741
f 2909//1742 2999//1742 2907//1742
f 2907//1743 2999//1743 2905//1743
f 2905//1744 2999//1744 3000//1744
f 2905//1745 3000//1745 2903//1745
f 2903//1746 3000//1746 2904//1746
f 2904//1747 3000//1747 3001//1747
f 2904//1748 3001//1748 2899//1748
f 2899//2034 3001//1750 3002//2035
f 2899//2034 3002//2035 2897//1752
f 2897//2036 3002//2036 2898//2036
f 2898//1754 3002//1754 3003//1754
f 2898//1755 3003//1755 2893//1755
f 2893//1756 3003//1756 2891//1756
f 2891//1757 3003//1757 3004//1757
f 2891//2037 3004//2037 2892//2037
f 2892//1759 3004//1759 2887//1759
f 2887//1760 3004//1760 3005//1760
f 2887//1761 3005//1761 2885//1761
f 2885//1762 3005//1763 3006//1764
f 2885//1762 3006//1764 2883//2038
f 2883//2039 3006//2039 2881//2039
f 2881//2040 3006//2040 3007//2040
f 2881//1768 3007//1768 2879//1768
f 2879//1769 3007//1769 2877//1769
f 2877//1770 3007//1770 2971//1770
f 2877//1771 2971//1771 2876//1771
f 2873//1518 3008//1518 2780//1518
f 2780//1519 3008//1520 3009//1521
f 2780//1519 3009//1521 2776//1522
f 2776//1523 3009//1523 2777//1523
f 2777//2041 3009//2041 3010//2041
f 2777//2042 3010//2042 2778//2042
f 2778//1526 3010//2043 2862//2044
f 2862//2044 3010//2043 3011//2045
f 2862//1530 3011//1530 2863//1530
f 2863//1531 3011//1531 3012//1531
f 2863//1532 3012//1532 2772//1532
f 2772//1533 3012//1534 2773//1535
f 2773//1535 3012//1534 3013//1536
f 2773//1537 3013//1537 2774//1537
f 2774//1538 3013//1538 3014//1538
f 2774//1539 3014//1539 2768//1539
f 2768//2046 3014//2046 2769//2046
f 2769//1541 3014//1541 3015//1541
f 2769//1542 3015//1542 2770//1542
f 2770//1543 3015//1544 3016//1545
f 2770//1543 3016//1545 2765//1546
f 2765//1547 3016//1547 2766//1547
f 2766//1548 3016//1548 3017//1548
f 2766//1549 3017//1549 2762//1549
f 2762//1550 3017//1551 3018//1552
f 2762//1550 3018//1552 2763//1553
f 2763//1554 3018//1554 2759//1554
f 2759//1555 3018//1555 3019//1555
f 2759//1556 3019//1556 2760//1556
f 2760//1557 3019//1558 2755//1559
f 2755//1559 3019//1558 3020//1560
f 2755//1561 3020//1561 2756//1561
f 2756//1562 3020//1562 3021//1562
f 2756//1563 3021//1563 2757//1563
f 2757//1564 3021//1565 2752//1566
f 2752//1566 3021//1565 3022//1567
f 2752//1568 3022//1568 2753//1568
f 2753//1569 3022//1569 3023//1569
f 2753//1570 3023//1570 2748//1570
f 2748//1571 3023//1571 2749//1571
f 2749//1572 3023//1572 3024//1572
f 2749//1573 3024//1573 2750//1573
f 2750//1574 3024//1575 3025//1576
f 2750//1574 3025//1576 2744//1577
f 2744//1578 3025//1578 2745//1578
f 2745//1579 3025//1579 3026//1579
f 2745//1580 3026//1580 2746//1580
f 2746//1581 3026//2047 3027//2048
f 2746//1581 3027//2048 2864//1584
f 2864//2049 3027//2049 2865//2049
f 2865//2050 3027//2050 3028//2050
f 2865//1587 3028//1587 2866//1587
f 2866//1588 3028//1589 2740//1590
f 2740//1590 3028//1589 3029//1591
f 2740//1592 3029//1592 2861//1592
f 2861//1593 3029//1593 3030//1593
f 2861//2051 3030//2051 2867//2051
f 2867//1595 3030//1595 2868//1595
f 2868//1596 3030//1596 3031//1596
f 2868//1597 3031//1597 2869//1597
f 2869//1598 3031//1598 3032//1598
f 2869//1599 3032//1599 2870//1599
f 2870//1600 3032//1600 2857//1600
f 2857//1601 3032//1601 3033//1601
f 2857//1602 3033//1602 2858//1602
f 2858//2052 3033//1604 3034//1605
f 2858//2052 3034//1605 2859//1606
f 2859//2053 3034//2053 2853//2053
f 2853//1608 3034//1608 3035//1608
f 2853//1609 3035//1609 2854//1609
f 2854//1610 3035//1611 2855//1612
f 2855//1612 3035//1611 3036//1613
f 2855//1614 3036//1614 2850//1614
f 2850//1615 3036//1615 3037//1615
f 2850//1616 3037//1616 2851//1616
f 2851//1617 3037//1617 2847//1617
f 2847//1618 3037//1618 3038//1618
f 2847//1619 3038//1619 2848//1619
f 2848//1620 3038//1620 3039//1620
f 2848//1621 3039//1621 2844//1621
f 2844//1622 3039//1622 2845//1622
f 2845//1623 3039//1623 3040//1623
f 2845//1624 3040//1624 2840//1624
f 2840//1625 3040//1625 3041//1625
f 2840//1626 3041//1626 2841//1626
f 2841//1627 3041//1627 2842//1627
f 2842//1628 3041//1628 3042//1628
f 2842//1629 3042//1629 2837//1629
f 2837//1630 3042//1631 3043//1632
f 2837//1630 3043//1632 2838//1633
f 2838//1634 3043//1634 2833//1634
f 2833//1635 3043//1635 3044//1635
f 2833//2054 3044//2054 2834//2054
f 2834//1637 3044//1638 2835//2055
f 2835//2055 3044//1638 3045//1640
f 2835//1641 3045//1641 2829//1641
f 2829//1642 3045//1642 3046//1642
f 2829//1643 3046//1643 2830//1643
f 2830//1644 3046//1644 2831//1644
f 2831//1645 3046//1645 3047//1645
f 2831//1646 3047//1646 2871//1646
f 2871//1647 3047//1647 3048//1647
f 2871//1648 3048//1648 2872//1648
f 2872//2056 3048//2056 2873//2056
f 2873//1650 3048//1650 3008//1650
f 2980//1517 3040//1517 2981//1517
f 2981//1517 3040//1517 3039//1517
f 2981//1517 3039//1517 3038//1517
f 3040//1517 2980//1517 3041//1517
f 3041//1517 2980//1517 2979//1517
f 3041//1517 2979//1517 3042//1517
f 3042//1517 2979//1517 2978//1517
f 3042//1517 2978//1517 3043//1517
f 3043//1517 2978//1517 2977//1517
f 3043//1517 2977//1517 3044//1517
f 3044//1517 2977//1517 2976//1517
f 3044//1517 2976//1517 3045//1517
f 3045//1517 2976//1517 2975//1517
f 3045//1517 2975//1517 3046//1517
f 3046//1517 2975//1517 2974//1517
f 3046//1517 2974//1517 3047//1517
f 3047//1517 2974//1517 2973//1517
f 3047//1517 2973//1517 3048//1517
f 3048//1517 2973//1517 2972//1517
f 3048//1517 2972//1517 3008//1517
f 3008//1517 2972//1517 3009//1517
f 3009//1517 2972//1517 2971//1517
f 3009//1517 2971//1517 3010//1517
f 3010//1517 2971//1517 3007//1517
f 3010//1517 3007//1517 3011//1517
f 3011//1517 3007//1517 3006//1517
f 3011//1517 3006//1517 3012//1517
f 3012//1517 3006//1517 3005//1517
f 3012//1517 3005//1517 3013//1517
f 3013//1517 3005//1517 3004//1517
f 3013//1517 3004//1517 3014//1517
f 3014//1517 3004//1517 3003//1517
f 3014//1517 3003//1517 3015//1517
f 3015//1517 3003//1517 3002//1517
f 3015//1517 3002//1517 3016//1517
f 3016//1517 3002//1517 3001//1517
f 3016//1517 3001//1517 3017//1517
f 3017//1517 3001//1517 3000//1517
f 3017//1517 3000//1517 3018//1517
f 3018//1517 3000//1517 3019//1517
f 3019//1517 3000//1517 2999//1517
f 3019//1517 2999//1517 3020//1517
f 3020//1517 2999//1517 2998//1517
f 3020//1517 2998//1517 3021//1517
f 3021//1517 2998//1517 2997//1517
f 3021//1517 2997//1517 3022//1517
f 3022//1517 2997//1517 2996//1517
f 3022//1517 2996//1517 3023//1517
f 3023//1517 2996//1517 2995//1517
f 3023//1517 2995//1517 3024//1517
f 3024//1517 2995//1517 2994//1517
f 3024//1517 2994//1517 3025//1517
f 3025//1517 2994//1517 2993//1517
f 3025//1517 2993//1517 3026//1517
f 3026//1517 2993//1517 2992//1517
f 3026//1517 2992//1517 3027//1517
f 3027//1517 2992//1517 2991//1517
f 3027//1517 2991//1517 3028//1517
f 3028//1517 2991//1517 2990//1517
f 3028//1517 2990//1517 3029//1517
f 3029//1517 2990//1517 3030//1517
f 3030//1517 2990//1517 2989//1517
f 3030//1517 2989//1517 3031//1517
f 3031//1517 2989//1517 2988//1517
f 3031//1517 2988//1517 3032//1517
f 3032//1517 2988//1517 2987//1517
f 3032//1517 2987//1517 3033//1517
f 3033//1517 2987//1517 2986//1517
f 3033//1517 2986//1517 3034//1517
f 3034//1517 2986//1517 2985//1517
f 3034//1517 2985//1517 3035//1517
f 3035//1517 2985//1517 2984//1517
f 3035//1517 2984//1517 3036//1517
f 3036//1517 2984//1517 2983//1517
f 3036//1517 2983//1517 3037//1517
f 3037//1517 2983//1517 2982//1517
f 3037//1517 2982//1517 3038//1517
f 3038//1517 2982//1517 2981//1517
f 3049//1772 3050//1772 3051//1772
f 3051//2057 3050//2057 3052//2057
f 3051//1774 3052//1774 3053//1774
f 3053//2058 3052//2058 2938//2058
f 3053//2059 2938//2059 3054//2059
f 3054//2060 2938//2060 2940//2060
f 3054//2061 2940//2061 2942//2061
f 3050//2062 3049//2062 3055//2062
f 3055//2063 3049//2063 3056//2063
f 3055//2064 3056//2064 3057//2064
f 3057//2065 3056//2065 3058//2065
f 3057//2066 3058//2066 3059//2066
f 3059//2067 3058//2067 3060//2067
f 3059//2068 3060//2068 3061//2068
f 3061//2069 3060//2069 3062//2069
f 3061//2070 3062//2070 3063//2070
f 3063//2071 3062//2071 3064//2071
f 3063//2072 3064//2072 3065//2072
f 3065//2073 3064//2073 3066//2073
f 3065//2074 3066//2074 3067//2074
f 3067//2075 3066//2075 3068//2075
f 3067//2076 3068//2076 3069//2076
f 3069//2077 3068//2077 3070//2077
f 3069//2078 3070//2078 3071//2078
f 3071//2079 3070//2079 3072//2079
f 3071//2080 3072//2080 3073//2080
f 3073//2081 3072//2081 3074//2081
f 3073//2082 3074//2082 3075//2082
f 3075//2083 3074//2083 3076//2083
f 3075//2084 3076//2084 3077//2084
f 3077//2085 3076//2085 3078//2085
f 3077//2086 3078//2086 3079//2086
f 3079//2087 3078//2087 3080//2087
f 3079//2088 3080//2088 3081//2088
f 3081//2089 3080//2089 3082//2089
f 3081//2090 3082//2090 3083//2090
f 3083//2091 3082//2091 3084//2091
f 3083//2092 3084//2092 3085//2092
f 3085//2093 3084//2093 3086//2093
f 3085//2094 3086//2094 3087//2094
f 3087//1812 3086//1812 3088//1812
f 3087//2095 3088//2095 3089//2095
f 3089//1810 3088//1810 3090//1810
f 3089//2096 3090//2096 3091//2096
f 3091//1808 3090//1808 3092//1808
f 3091//2097 3092//2097 2939//2097
f 2939//2098 3092//2098 2941//2098
f 2941//2099 3092//2100 3093//2101
f 2941//2099 3093//2101 2943//2102
f 2943//2103 3093//2103 2944//2103
f 2944//2104 3093//2104 2945//2104
f 2945//2105 3093//2105 2948//2105
f 2948//2106 3093//2107 3094//2108
f 2948//2106 3094//2108 2951//2109
f 2951//2110 3094//2110 2952//2110
f 2952//2111 3094//2111 2953//2111
f 2953//2112 3094//2112 3095//2112
f 2953//2113 3095//2113 2956//2113
f 2956//2114 3095//2114 2959//2114
f 2959//2115 3095//2115 3096//2115
f 2959//2116 3096//2116 2961//2116
f 2961//2117 3096//2118 2963//2119
f 2963//2119 3096//2118 3097//2120
f 2963//2121 3097//2121 2965//2121
f 2965//2122 3097//2122 3098//2122
f 2965//2123 3098//2123 2967//2123
f 2967//2124 3098//2124 3099//2124
f 2967//2125 3099//2125 2969//2125
f 2969//2126 3099//2126 2970//2126
f 2970//2127 3099//2127 3100//2127
f 2970//2128 3100//2128 2968//2128
f 2968//2129 3100//2129 3101//2129
f 2968//2130 3101//2130 2966//2130
f 2966//2131 3101//2131 3102//2131
f 2966//2132 3102//2132 2964//2132
f 2964//2133 3102//2133 2962//2133
f 2962//2134 3102//2134 3103//2134
f 2962//2135 3103//2135 2960//2135
f 2960//2136 3103//2136 3104//2136
f 2960//2137 3104//2137 2958//2137
f 2958//2138 3104//2138 2957//2138
f 2957//2139 3104//2139 3105//2139
f 2957//2140 3105//2140 2954//2140
f 2954//2141 3105//2141 2955//2141
f 2955//2142 3105//2142 3106//2142
f 2955//2143 3106//2143 2950//2143
f 2950//2144 3106//2144 2949//2144
f 2949//2145 3106//2145 2946//2145
f 2946//2146 3106//2147 3054//2148
f 2946//2146 3054//2148 2947//2149
f 2947//2150 3054//2150 2942//2150
f 2803//1871 2813//1871 3107//1871
f 3107//1871 2813//1871 3108//1871
f 3108//1871 2813//1871 2815//1871
f 3108//1871 2815//1871 2817//1871
f 2819//1871 3109//1871 2817//1871
f 2817//1871 3109//1871 3108//1871
f 2819//1517 2818//1517 3109//1517
f 3109//1517 2818//1517 3110//1517
f 2818//791 2816//791 3110//791
f 3110//791 2816//791 3111//791
f 3111//791 2816//791 2814//791
f 3111//791 2814//791 2802//791
f 2802//791 2798//791 3111//791
f 3111//791 2798//791 2796//791
f 3111//791 2796//791 2794//791
f 3111//791 2794//791 3112//791
f 3112//791 2794//791 2790//791
f 3112//791 2790//791 2789//791
f 2789//375 2788//375 3112//375
f 3112//375 2788//375 3113//375
f 2788//791 2787//791 3113//791
f 3113//791 2787//791 2785//791
f 3113//791 2785//791 3114//791
f 3114//791 2785//791 2779//791
f 2779//391 2775//391 3114//391
f 3114//391 2775//391 3115//391
f 2775//791 2771//791 3115//791
f 3115//791 2771//791 2767//791
f 3115//791 2767//791 2764//791
f 2764//791 2761//791 3115//791
f 3115//791 2761//791 2758//791
f 3115//791 2758//791 2754//791
f 3115//791 2754//791 3116//791
f 3116//791 2754//791 2751//791
f 3116//791 2751//791 2747//791
f 2747//791 2743//791 3116//791
f 3116//791 2743//791 2742//791
f 3116//791 2742//791 2741//791
f 2741//375 2739//375 3116//375
f 3116//375 2739//375 3117//375
f 2739//791 2735//791 3117//791
f 3117//791 2735//791 3118//791
f 3118//791 2735//791 2685//791
f 3118//791 2685//791 2684//791
f 2684//391 2712//391 3118//391
f 3118//391 2712//391 3119//391
f 2712//791 2711//791 3119//791
f 3119//791 2711//791 2716//791
f 3119//791 2716//791 3120//791
f 3120//791 2716//791 2719//791
f 3120//791 2719//791 2722//791
f 2722//791 2725//791 3120//791
f 3120//791 2725//791 3121//791
f 3121//791 2725//791 2728//791
f 3121//791 2728//791 2730//791
f 2730//791 2734//791 3121//791
f 3122//2151 3123//2151 3124//2151
f 3124//2152 3123//2152 3125//2152
f 3124//2153 3125//2153 3126//2153
f 3126//2154 3125//2154 3127//2154
f 3126//2155 3127//2155 3128//2155
f 3128//2156 3127//2156 3129//2156
f 3128//2157 3129//2157 3130//2157
f 3130//2158 3129//2158 3131//2158
f 3130//2159 3131//2159 3132//2159
f 3132//2160 3131//2160 3133//2160
f 3132//2161 3133//2161 3134//2161
f 3134//2162 3133//2162 3135//2162
f 3134//2163 3135//2163 3136//2163
f 3136//2164 3135//2164 3137//2164
f 3136//2165 3137//2165 3138//2165
f 3138//2166 3137//2166 3139//2166
f 3138//2167 3139//2167 3140//2167
f 3140//2168 3139//2168 3141//2168
f 3140//2169 3141//2169 3142//2169
f 3142//2170 3141//2170 3143//2170
f 3142//2171 3143//2171 3144//2171
f 3144//2172 3143//2172 3145//2172
f 3144//2173 3145//2173 3146//2173
f 3146//2174 3145//2174 3147//2174
f 3146//2175 3147//2175 3148//2175
f 3148//2176 3147//2176 3149//2176
f 3148//2177 3149//2177 3150//2177
f 3150//2178 3149//2178 3151//2178
f 3150//2179 3151//2179 3152//2179
f 3152//2180 3151//2180 3153//2180
f 3152//2181 3153//2181 3154//2181
f 3154//2182 3153//2182 3155//2182
f 3154//2183 3155//2183 3156//2183
f 3156//2184 3155//2184 3157//2184
f 3156//2185 3157//2185 3158//2185
f 3158//2186 3157//2186 3159//2186
f 3158//2187 3159//2187 3160//2187
f 3160//2188 3159//2188 3161//2188
f 3160//2189 3161//2189 3162//2189
f 3162//2190 3161//2190 3163//2190
f 3162//2191 3163//2191 3164//2191
f 3164//2192 3163//2192 3165//2192
f 3164//2193 3165//2193 3166//2193
f 3166//2194 3165//2194 3167//2194
f 3166//2195 3167//2195 3168//2195
f 3168//2196 3167//2196 2733//2196
f 3168//2197 2733//2197 2732//2197
f 3169//2198 2707//2198 3122//2198
f 3122//2199 2707//2199 2709//2199
f 3122//2200 2709//2200 3123//2200
f 3170//2201 2702//2201 3169//2201
f 3169//2202 2702//2202 2704//2202
f 3169//2203 2704//2203 2706//2203
f 3171//2204 2698//2205 3170//2206
f 3170//2206 2698//2205 2699//2207
f 3170//2208 2699//2208 2701//2208
f 2698//2209 3171//2209 2696//2209
f 2696//2210 3171//2211 3172//2212
f 2696//2210 3172//2212 2695//2213
f 2695//2214 3172//2214 2693//2214
f 2693//2215 3172//2215 3173//2215
f 2693//2216 3173//2216 2692//2216
f 2692//2217 3173//2218 3174//2219
f 2692//2217 3174//2219 2690//2220
f 2690//2221 3174//2221 2689//2221
f 2689//2222 3174//2222 3175//2222
f 2689//2223 3175//2223 2688//2223
f 2688//2224 3175//2224 3176//2224
f 2688//2225 3176//2225 2687//2225
f 2687//2226 3176//2226 3177//2226
f 2687//2227 3177//2227 2682//2227
f 2682//2228 3177//2228 3178//2228
f 2682//2229 3178//2229 2710//2229
f 2710//2230 3178//2231 3179//2231
f 2710//2230 3179//2231 2713//2230
f 2713//2232 3179//2232 2714//2232
f 2714//2233 3179//2233 3180//2233
f 2714//2234 3180//2234 2715//2234
f 2715//2235 3180//2235 3181//2235
f 2715//2236 3181//2236 2717//2236
f 2717//2237 3181//2237 3182//2237
f 2717//2238 3182//2238 2718//2238
f 2718//2239 3182//2239 2720//2239
f 2720//2240 3182//2240 3183//2240
f 2720//2241 3183//2241 2721//2241
f 2721//2242 3183//2243 2723//2244
f 2723//2244 3183//2243 3184//2245
f 2723//2246 3184//2246 2724//2246
f 2724//2247 3184//2248 2726//2249
f 2726//2249 3184//2248 3185//2250
f 2726//2251 3185//2251 2727//2251
f 2727//2252 3185//2252 2729//2252
f 2729//2253 3185//2254 2731//2255
f 2731//2255 3185//2254 3168//2256
f 2731//2257 3168//2257 2732//2257
f 2701//2258 2702//2258 3170//2258
f 2706//2259 2707//2259 3169//2259
f 2452//1517 2451//1517 3186//1517
f 3186//1517 2451//1517 3187//1517
f 3187//1517 2451//1517 3188//1517
f 3188//1517 2451//1517 3189//1517
f 3188//1517 3189//1517 3190//1517
f 3190//1517 3189//1517 3191//1517
f 3191//1517 3189//1517 3192//1517
f 3192//1517 3189//1517 3193//1517
f 3192//1517 3193//1517 3194//1517
f 3194//1517 3193//1517 3195//1517
f 3194//1517 3195//1517 3196//1517
f 3196//1517 3195//1517 3197//1517
f 3196//1517 3197//1517 3198//1517
f 3198//1517 3197//1517 3199//1517
f 3198//1517 3199//1517 3200//1517
f 3200//1517 3199//1517 3201//1517
f 3200//1517 3201//1517 3202//1517
f 3202//1517 3201//1517 3203//1517
f 3202//1517 3203//1517 3204//1517
f 3204//1517 3203//1517 3205//1517
f 3204//1517 3205//1517 3206//1517
f 3206//1517 3205//1517 3207//1517
f 3206//1517 3207//1517 3208//1517
f 3208//1517 3207//1517 3209//1517
f 3208//1517 3209//1517 3210//1517
f 3210//1517 3209//1517 3211//1517
f 3210//1517 3211//1517 3212//1517
f 3212//1517 3211//1517 3213//1517
f 3212//1517 3213//1517 3214//1517
f 3214//1517 3213//1517 3215//1517
f 3214//1517 3215//1517 3216//1517
f 3216//1517 3215//1517 3217//1517
f 3216//1517 3217//1517 3218//1517
f 3218//1517 3217//1517 3219//1517
f 3218//1517 3219//1517 3220//1517
f 2451//1517 3221//1517 3189//1517
f 3189//1517 3222//1517 3193//1517
f 3193//1517 3222//1517 3223//1517
f 3223//1517 3222//1517 3224//1517
f 3224//1517 3222//1517 3225//1517
f 3225//1517 3222//1517 3226//1517
f 3226//1517 3222//1517 3227//1517
f 3227//1517 3222//1517 3228//1517
f 3227//1517 3228//1517 3229//1517
f 3229//1517 3228//1517 3230//1517
f 3230//1517 3228//1517 3231//1517
f 3231//1517 3228//1517 3232//1517
f 3232//1517 3228//1517 3233//1517
f 3232//1517 3233//1517 3157//1517
f 3157//1517 3233//1517 3159//1517
f 3159//1517 3233//1517 3161//1517
f 3161//1517 3233//1517 3163//1517
f 3163//1517 3233//1517 2734//1517
f 3163//1517 2734//1517 3165//1517
f 3165//1517 2734//1517 3167//1517
f 3167//1517 2734//1517 2733//1517
f 3234//1517 3235//1517 3222//1517
f 3222//1517 3235//1517 3228//1517
f 3233//1517 3121//1517 2734//1517
f 3157//1517 3155//1517 3232//1517
f 3232//1517 3155//1517 3236//1517
f 3236//1517 3155//1517 3153//1517
f 3236//1517 3153//1517 3237//1517
f 3237//1517 3153//1517 3151//1517
f 3237//1517 3151//1517 3238//1517
f 3238//1517 3151//1517 3149//1517
f 3238//1517 3149//1517 3239//1517
f 3239//1517 3149//1517 3147//1517
f 3239//1517 3147//1517 3240//1517
f 3240//1517 3147//1517 3145//1517
f 3240//1517 3145//1517 3241//1517
f 3241//1517 3145//1517 3143//1517
f 3241//1517 3143//1517 3242//1517
f 3242//1517 3143//1517 3141//1517
f 3242//1517 3141//1517 3243//1517
f 3243//1517 3141//1517 3139//1517
f 3243//1517 3139//1517 3244//1517
f 3244//1517 3139//1517 3137//1517
f 3244//1517 3137//1517 3245//1517
f 3245//1517 3137//1517 3135//1517
f 3245//1517 3135//1517 3246//1517
f 3246//1517 3135//1517 3133//1517
f 3246//1517 3133//1517 3247//1517
f 3247//1517 3133//1517 3248//1517
f 3247//1517 3248//1517 3249//1517
f 3249//1517 3248//1517 3250//1517
f 3250//1517 3248//1517 3251//1517
f 3251//1517 3248//1517 3252//1517
f 3252//1517 3248//1517 3218//1517
f 3252//1517 3218//1517 3253//1517
f 3253//1517 3218//1517 3220//1517
f 3248//1517 3133//1517 3254//1517
f 3254//1517 3133//1517 3131//1517
f 3254//1517 3131//1517 3129//1517
f 3129//1517 3127//1517 3254//1517
f 3254//1517 3127//1517 2708//1517
f 3254//1517 2708//1517 3255//1517
f 3127//1517 3125//1517 2708//1517
f 2708//1517 3125//1517 3123//1517
f 2708//1517 3123//1517 2709//1517
f 3256//1517 3257//1517 3248//1517
f 3248//1517 3257//1517 3218//1517
f 3218//1517 3258//1517 3216//1517
f 3216//1517 3258//1517 3259//1517
f 3259//1517 3258//1517 3260//1517
f 3260//1517 3258//1517 3261//1517
f 3261//1517 3258//1517 2476//1517
f 3261//1517 2476//1517 3262//1517
f 3262//1517 2476//1517 3263//1517
f 3263//1517 2476//1517 2475//1517
f 3258//1517 3264//1517 2476//1517
f 2708//1871 2705//1871 3255//1871
f 3255//1871 2705//1871 2703//1871
f 3255//1871 2703//1871 2700//1871
f 3255//1871 2700//1871 3265//1871
f 3265//1871 2700//1871 2697//1871
f 3265//1871 2697//1871 2694//1871
f 2694//1871 2691//1871 3265//1871
f 3265//1871 2691//1871 3266//1871
f 3266//1871 2691//1871 2686//1871
f 3266//1871 2686//1871 2681//1871
f 2161//2260 2162//2260 3267//2260
f 3267//2260 2162//2260 3268//2260
f 3267//28 3268//28 3269//28
f 3269//28 3268//28 3270//28
f 3269//2261 3270//2261 3271//2261
f 3271//2261 3270//2261 3272//2261
f 3271//2262 3272//2262 3273//2262
f 3273//2262 3272//2262 3274//2262
f 3273//2263 3274//2263 3275//2263
f 3275//2263 3274//2263 3276//2263
f 3275//2264 3276//2264 3277//2264
f 3277//2264 3276//2264 3278//2264
f 3277//2265 3278//2265 3279//2265
f 3279//2265 3278//2265 3280//2265
f 3279//2266 3280//2266 3281//2266
f 3281//2266 3280//2266 3282//2266
f 3281//2267 3282//2267 3283//2267
f 3283//2267 3282//2267 3284//2267
f 3283//2268 3284//2268 3285//2268
f 3285//2268 3284//2268 3286//2268
f 3285//2269 3286//2270 3287//2269
f 3287//2269 3286//2270 3288//2271
f 3287//2272 3288//2273 3289//2272
f 3289//2272 3288//2273 3290//2274
f 3289//2275 3290//2276 3291//2275
f 3291//2275 3290//2276 3292//2276
f 3291//2277 3292//2278 3293//2277
f 3293//2277 3292//2278 3294//2278
f 3293//366 3294//366 3295//366
f 3295//366 3294//366 3296//366
f 3295//2279 3296//2280 3297//2279
f 3297//2279 3296//2280 3298//2280
f 3297//2281 3298//2282 3299//2281
f 3299//2281 3298//2282 3300//2282
f 3299//2283 3300//2284 3301//2283
f 3301//2283 3300//2284 3302//2285
f 3301//2286 3302//2287 3303//2286
f 3303//2286 3302//2287 3304//2288
f 3303//2289 3304//2289 3305//2289
f 3305//2289 3304//2289 3306//2289
f 3305//2290 3306//2290 3307//2290
f 3307//2290 3306//2290 3308//2290
f 3307//2291 3308//2291 3309//2291
f 3309//2291 3308//2291 3310//2291
f 3309//2292 3310//2292 3311//2292
f 3311//2292 3310//2292 3312//2292
f 3311//2293 3312//2293 3313//2293
f 3313//2293 3312//2293 3314//2293
f 3313//2294 3314//2294 3315//2294
f 3315//2294 3314//2294 3316//2294
f 3315//2295 3316//2295 3317//2295
f 3317//2295 3316//2295 3318//2295
f 3317//2296 3318//2296 3319//2296
f 3319//2296 3318//2296 3320//2296
f 3319//2297 3320//2297 3321//2297
f 3321//2297 3320//2297 3322//2297
f 3321//2298 3322//2298 3323//2298
f 3323//2298 3322//2298 3324//2298
f 3325//2260 3326//2260 3327//2260
f 3327//2260 3326//2260 3328//2260
f 3327//28 3328//28 3329//28
f 3329//28 3328//28 3330//28
f 3329//2261 3330//2261 3331//2261
f 3331//2261 3330//2261 3332//2261
f 3331//2262 3332//2262 3333//2262
f 3333//2262 3332//2262 3334//2262
f 3333//2263 3334//2263 3335//2263
f 3335//2263 3334//2263 3336//2263
f 3335//2264 3336//2264 3337//2264
f 3337//2264 3336//2264 3338//2264
f 3337//2265 3338//2265 3339//2265
f 3339//2265 3338//2265 3340//2265
f 3339//2266 3340//2266 3341//2266
f 3341//2266 3340//2266 3342//2266
f 3341//2267 3342//2267 3343//2267
f 3343//2267 3342//2267 3344//2267
f 3343//2268 3344//2268 3345//2268
f 3345//2268 3344//2268 3346//2268
f 3345//2269 3346//2299 3347//2269
f 3347//2269 3346//2299 3348//2300
f 3347//2272 3348//2301 3349//2272
f 3349//2272 3348//2301 3350//2302
f 3349//2275 3350//2303 3351//2275
f 3351//2275 3350//2303 3352//2303
f 3351//2277 3352//2304 3353//2277
f 3353//2277 3352//2304 3354//2304
f 3353//366 3354//366 3355//366
f 3355//366 3354//366 3356//366
f 3355//2279 3356//2305 3357//2279
f 3357//2279 3356//2305 3358//2305
f 3357//2281 3358//2306 3359//2281
f 3359//2281 3358//2306 3360//2306
f 3359//2283 3360//2307 3361//2283
f 3361//2283 3360//2307 3362//2308
f 3361//2286 3362//2309 3363//2286
f 3363//2286 3362//2309 3364//2310
f 3363//2289 3364//2289 3365//2289
f 3365//2289 3364//2289 3366//2289
f 3365//2290 3366//2290 3367//2290
f 3367//2290 3366//2290 3368//2290
f 3367//2291 3368//2291 3369//2291
f 3369//2291 3368//2291 3370//2291
f 3369//2292 3370//2292 3371//2292
f 3371//2292 3370//2292 3372//2292
f 3371//2293 3372//2293 3373//2293
f 3373//2293 3372//2293 3374//2293
f 3373//2294 3374//2294 3375//2294
f 3375//2294 3374//2294 3376//2294
f 3375//2295 3376//2295 3377//2295
f 3377//2295 3376//2295 3378//2295
f 3377//2296 3378//2296 3379//2296
f 3379//2296 3378//2296 3380//2296
f 3379//2297 3380//2297 3381//2297
f 3381//2297 3380//2297 3382//2297
f 3381//2298 3382//2298 2164//2298
f 2164//2298 3382//2298 2232//2298
f 2491//1517 2490//1517 2602//1517
f 2602//1517 2490//1517 2642//1517
f 2602//1517 2642//1517 2604//1517
f 2604//1517 2642//1517 2640//1517
f 2604//1517 2640//1517 2606//1517
f 2606//1517 2640//1517 2638//1517
f 2606//1517 2638//1517 2608//1517
f 2608//1517 2638//1517 2636//1517
f 2608//1517 2636//1517 2610//1517
f 2610//1517 2636//1517 2634//1517
f 2610//1517 2634//1517 2612//1517
f 2612//1517 2634//1517 2632//1517
f 2612//1517 2632//1517 2614//1517
f 2614//1517 2632//1517 2630//1517
f 2614//1517 2630//1517 2616//1517
f 2616//1517 2630//1517 2628//1517
f 2616//1517 2628//1517 2618//1517
f 2618//1517 2628//1517 2626//1517
f 2618//1517 2626//1517 2620//1517
f 2620//1517 2626//1517 2624//1517
f 2620//1517 2624//1517 2622//1517
f 2420//791 2303//791 3383//791
f 3383//791 2303//791 2413//791
f 3383//791 2413//791 2410//791
f 2410//791 2407//791 3383//791
f 3383//791 2407//791 2404//791
f 3383//791 2404//791 2400//791
f 3383//791 2400//791 3384//791
f 3384//791 2400//791 2397//791
f 3384//791 2397//791 2393//791
f 2393//791 2389//791 3384//791
f 3384//791 2389//791 2346//791
f 3384//791 2346//791 2345//791
f 2345//375 2344//375 3384//375
f 3384//375 2344//375 3385//375
f 2344//791 2343//791 3385//791
f 3385//791 2343//791 3386//791
f 3386//791 2343//791 2347//791
f 3386//791 2347//791 2353//791
f 2353//391 2354//391 3386//391
f 3386//391 2354//391 2659//391
f 2939//1517 2938//1517 3091//1517
f 3091//1517 2938//1517 3052//1517
f 3091//1517 3052//1517 3089//1517
f 3089//1517 3052//1517 3050//1517
f 3089//1517 3050//1517 3087//1517
f 3087//1517 3050//1517 3055//1517
f 3087//1517 3055//1517 3085//1517
f 3085//1517 3055//1517 3057//1517
f 3085//1517 3057//1517 3083//1517
f 3083//1517 3057//1517 3059//1517
f 3083//1517 3059//1517 3081//1517
f 3081//1517 3059//1517 3061//1517
f 3081//1517 3061//1517 3079//1517
f 3079//1517 3061//1517 3063//1517
f 3079//1517 3063//1517 3077//1517
f 3077//1517 3063//1517 3065//1517
f 3077//1517 3065//1517 3075//1517
f 3075//1517 3065//1517 3067//1517
f 3075//1517 3067//1517 3073//1517
f 3073//1517 3067//1517 3069//1517
f 3073//1517 3069//1517 3071//1517
f 2860//1871 2856//1871 3387//1871
f 3387//1871 2856//1871 2852//1871
f 3387//1871 2852//1871 2849//1871
f 2849//1871 2846//1871 3387//1871
f 3387//1871 2846//1871 2843//1871
f 3387//1871 2843//1871 2839//1871
f 3387//1871 2839//1871 3388//1871
f 3388//1871 2839//1871 2836//1871
f 3388//1871 2836//1871 2832//1871
f 2832//1871 2828//1871 3388//1871
f 3388//1871 2828//1871 2782//1871
f 3388//1871 2782//1871 2783//1871
f 2783//391 2781//391 3388//391
f 3388//391 2781//391 3389//391
f 2781//1871 2784//1871 3389//1871
f 3389//1871 2784//1871 3390//1871
f 3390//1871 2784//1871 2786//1871
f 3390//1871 2786//1871 2792//1871
f 2792//375 2793//375 3390//375
f 3390//375 2793//375 3391//375
f 2793//1871 2791//1871 3391//1871
f 3391//1871 2791//1871 2795//1871
f 3391//1871 2795//1871 3392//1871
f 3392//1871 2795//1871 2797//1871
f 3392//1871 2797//1871 2799//1871
f 2799//1871 2820//1871 3392//1871
f 3392//1871 2820//1871 2822//1871
f 3392//1871 2822//1871 2824//1871
f 2826//1871 3393//1871 2824//1871
f 2824//1871 3393//1871 3392//1871
f 2827//791 2825//791 3394//791
f 3394//791 2825//791 3395//791
f 3395//791 2825//791 2823//791
f 3395//791 2823//791 2821//791
f 2801//791 3396//791 2821//791
f 2821//791 3396//791 3395//791
f 2801//391 2800//391 3396//391
f 3396//391 2800//391 3397//391
f 2800//1871 2806//1871 3397//1871
f 3397//1871 2806//1871 3398//1871
f 3398//1871 2806//1871 2808//1871
f 3398//1871 2808//1871 2810//1871
f 2811//1871 3399//1871 2810//1871
f 2810//1871 3399//1871 3398//1871
f 2812//791 2809//791 3400//791
f 3400//791 2809//791 3401//791
f 3401//791 2809//791 2807//791
f 3401//791 2807//791 2805//791
f 2804//791 3402//791 2805//791
f 2805//791 3402//791 3401//791
f 2804//391 2803//391 3402//391
f 3402//391 2803//391 3107//391
f 2811//1517 2812//1517 3399//1517
f 3399//1517 2812//1517 3400//1517
f 2826//1517 2827//1517 3393//1517
f 3393//1517 2827//1517 3394//1517
f 2231//2311 2232//2311 3403//2311
f 3403//2312 2232//2312 3382//2312
f 3403//2313 3382//2313 3380//2313
f 3403//2313 3380//2313 3404//2313
f 3404//2314 3380//2314 3378//2314
f 3404//2314 3378//2314 3405//2314
f 3405//2315 3378//2315 3376//2315
f 3405//2315 3376//2315 3406//2315
f 3406//2316 3376//2316 3374//2316
f 3406//2316 3374//2316 3407//2316
f 3407//2317 3374//2317 3372//2317
f 3407//2317 3372//2317 3408//2317
f 3408//2318 3372//2318 3370//2318
f 3408//2318 3370//2318 3409//2318
f 3409//2319 3370//2319 3368//2319
f 3409//2319 3368//2319 3410//2319
f 3410//2320 3368//2320 3366//2320
f 3410//2320 3366//2320 3411//2320
f 3411//2321 3366//2321 3364//2321
f 3411//2321 3364//2321 3412//2321
f 3412//2322 3364//2310 3362//2309
f 3412//2322 3362//2309 3413//2322
f 3413//2323 3362//2308 3360//2307
f 3413//2323 3360//2307 3414//2323
f 3414//2324 3360//2306 3358//2306
f 3414//2324 3358//2306 3415//2325
f 3415//2326 3358//2305 3356//2305
f 3415//2326 3356//2305 3416//2327
f 3416//366 3356//366 3354//366
f 3416//366 3354//366 3417//366
f 3417//2328 3354//2304 3352//2304
f 3417//2328 3352//2304 3418//2329
f 3418//2330 3352//2303 3350//2303
f 3418//2330 3350//2303 3419//2331
f 3419//2332 3350//2302 3348//2301
f 3419//2332 3348//2301 3420//2332
f 3420//2333 3348//2300 3346//2299
f 3420//2333 3346//2299 3421//2333
f 3421//2334 3346//2334 3344//2334
f 3421//2334 3344//2334 3422//2334
f 3422//2335 3344//2335 3342//2335
f 3422//2335 3342//2335 3423//2335
f 3423//2336 3342//2336 3340//2336
f 3423//2336 3340//2336 3424//2336
f 3424//2337 3340//2337 3338//2337
f 3424//2337 3338//2337 3425//2337
f 3425//2338 3338//2338 3336//2338
f 3425//2338 3336//2338 3426//2338
f 3426//2339 3336//2340 3334//2340
f 3426//2339 3334//2340 3427//2339
f 3427//2341 3334//2341 3332//2341
f 3427//2341 3332//2341 3428//2341
f 3428//2342 3332//2342 3330//2342
f 3428//2342 3330//2342 3429//2342
f 3429//2343 3330//2343 3328//2343
f 3429//2343 3328//2343 3430//2343
f 3430//2344 3328//2344 3326//2344
f 3430//2344 3326//2344 3431//2344
f 3430//2345 3431//2345 3432//2345
f 3432//2345 3431//2345 3433//2345
f 3432//2346 3433//2346 3434//2346
f 3434//2346 3433//2346 3435//2346
f 3434//2347 3435//2347 3436//2347
f 3436//2347 3435//2347 3437//2347
f 3436//2348 3437//2348 3438//2348
f 3438//2348 3437//2348 3439//2348
f 3438//2349 3439//2349 3440//2349
f 3440//2349 3439//2349 3441//2349
f 3440//2350 3441//2350 3442//2350
f 3442//2350 3441//2350 3443//2350
f 3442//2351 3443//2351 3444//2351
f 3444//2351 3443//2351 3445//2351
f 3444//2352 3445//2352 3446//2352
f 3446//2352 3445//2352 3447//2352
f 3446//2353 3447//2353 3448//2353
f 3448//2353 3447//2353 3449//2353
f 3448//2354 3449//2354 3450//2354
f 3450//2354 3449//2354 3451//2354
f 3450//2355 3451//2355 3452//2355
f 3452//2355 3451//2355 3453//2355
f 3452//2356 3453//2356 3454//2356
f 3454//2356 3453//2356 3455//2356
f 3454//2357 3455//2357 3456//2357
f 3456//2357 3455//2357 3457//2357
f 3456//2358 3457//2358 3458//2358
f 3458//2358 3457//2358 3459//2358
f 3458//2359 3459//2359 3460//2359
f 3460//2359 3459//2359 3461//2359
f 3460//2360 3461//2360 3462//2360
f 3462//2360 3461//2360 3463//2360
f 3462//2361 3463//2361 3464//2361
f 3464//2361 3463//2361 3465//2361
f 3464//2362 3465//2362 3466//2362
f 3466//2362 3465//2362 3467//2362
f 3466//2363 3467//2363 3468//2363
f 3468//2363 3467//2363 3469//2363
f 3468//2364 3469//2364 3470//2364
f 3470//2364 3469//2364 3471//2364
f 3470//2365 3471//2365 3472//2365
f 3472//2365 3471//2365 3473//2365
f 3472//2366 3473//2366 3474//2366
f 3474//2366 3473//2366 3475//2366
f 3474//2367 3475//2367 3476//2367
f 3476//2367 3475//2367 3477//2367
f 3476//2368 3477//2368 3478//2368
f 3478//2368 3477//2368 3479//2368
f 3478//2369 3479//2369 3480//2369
f 3480//2369 3479//2369 3481//2369
f 3480//2370 3481//2370 3482//2370
f 3482//2370 3481//2370 3483//2370
f 3482//2371 3483//2371 3484//2371
f 3484//2371 3483//2371 3485//2371
f 3484//2372 3485//2372 3486//2372
f 3486//2372 3485//2372 3487//2372
f 3486//2373 3487//2373 3488//2373
f 3488//2373 3487//2373 3489//2373
f 3488//2374 3489//2374 3490//2374
f 3490//2374 3489//2374 3491//2374
f 3490//2375 3491//2375 3492//2375
f 3492//2375 3491//2375 3493//2375
f 3492//2376 3493//2376 3494//2376
f 3494//2376 3493//2376 3495//2376
f 3494//2377 3495//2377 3496//2377
f 3496//2377 3495//2377 3497//2377
f 3496//2378 3497//2378 3498//2378
f 3498//2378 3497//2378 3499//2378
f 3498//2379 3499//2379 3500//2379
f 3500//2379 3499//2379 3501//2379
f 3500//2380 3501//2380 3502//2380
f 3502//2380 3501//2380 3503//2381
f 3502//2382 3503//2382 3504//2382
f 3504//2382 3503//2382 3505//2382
f 3504//2383 3505//2383 3506//2383
f 3506//2383 3505//2383 3507//2383
f 3506//2384 3507//2384 3508//2384
f 3508//2384 3507//2384 3509//2384
f 3508//2385 3509//2385 3510//2385
f 3510//2385 3509//2385 3511//2385
f 3510//2386 3511//2386 3512//2386
f 3512//2386 3511//2386 3513//2386
f 3512//2387 3513//2387 3514//2387
f 3514//2387 3513//2387 3515//2387
f 3514//2388 3515//2388 3516//2388
f 3516//2388 3515//2388 3517//2388
f 3516//2389 3517//2389 3518//2389
f 3518//2389 3517//2389 3519//2389
f 3518//2390 3519//2390 3520//2390
f 3520//2390 3519//2390 3521//2390
f 3520//2391 3521//2391 3522//2391
f 3522//2391 3521//2391 3523//2391
f 3522//2392 3523//2392 3524//2392
f 3524//2392 3523//2392 3525//2392
f 3524//2393 3525//2393 3526//2393
f 3526//2393 3525//2393 3527//2393
f 3526//2394 3527//2394 3528//2394
f 3528//2394 3527//2394 3529//2394
f 3528//2395 3529//2395 3530//2395
f 3530//2395 3529//2395 3531//2395
f 3530//2396 3531//2396 3532//2396
f 3532//2396 3531//2396 3533//2396
f 3532//2397 3533//2397 3322//2397
f 3322//2397 3533//2397 3324//2397
f 3322//2398 3320//2398 3532//2398
f 3532//2398 3320//2398 3534//2398
f 3532//2399 3534//2399 3530//2399
f 3530//2399 3534//2399 3535//2399
f 3530//2400 3535//2400 3528//2400
f 3528//2400 3535//2400 3536//2400
f 3528//2401 3536//2401 3526//2401
f 3526//2401 3536//2401 3537//2401
f 3526//2402 3537//2402 3524//2402
f 3524//2402 3537//2402 3538//2402
f 3524//2403 3538//2403 3522//2403
f 3522//2403 3538//2403 3539//2403
f 3522//2404 3539//2404 3520//2404
f 3520//2404 3539//2404 3540//2404
f 3520//2405 3540//2405 3518//2405
f 3518//2405 3540//2405 3541//2405
f 3518//2406 3541//2406 3516//2406
f 3516//2406 3541//2406 3542//2406
f 3516//2407 3542//2407 3514//2407
f 3514//2407 3542//2407 3543//2407
f 3514//2408 3543//2408 3512//2408
f 3512//2408 3543//2408 3544//2408
f 3512//2409 3544//2409 3510//2409
f 3510//2409 3544//2409 3545//2409
f 3510//2410 3545//2410 3508//2410
f 3508//2410 3545//2410 3546//2410
f 3508//2411 3546//2411 3506//2411
f 3506//2411 3546//2411 3547//2411
f 3506//2412 3547//2412 3504//2412
f 3504//2412 3547//2412 3548//2412
f 3504//2413 3548//2413 3502//2413
f 3502//2413 3548//2413 3549//2413
f 3502//2414 3549//2414 3500//2414
f 3500//2414 3549//2414 3550//2414
f 3500//2415 3550//2415 3498//2415
f 3498//2415 3550//2415 3551//2415
f 3498//2416 3551//2416 3496//2416
f 3496//2416 3551//2416 3552//2416
f 3496//2417 3552//2417 3494//2417
f 3494//2417 3552//2417 3553//2417
f 3494//2418 3553//2418 3492//2418
f 3492//2418 3553//2418 3554//2418
f 3492//2419 3554//2419 3490//2419
f 3490//2419 3554//2419 3555//2419
f 3490//2420 3555//2420 3488//2420
f 3488//2420 3555//2420 3556//2420
f 3488//2421 3556//2421 3486//2421
f 3486//2421 3556//2421 3557//2421
f 3486//2422 3557//2422 3484//2422
f 3484//2422 3557//2422 3558//2422
f 3484//2423 3558//2424 3482//2424
f 3482//2424 3558//2424 3559//2424
f 3482//2425 3559//2425 3480//2425
f 3480//2425 3559//2425 3560//2425
f 3480//2426 3560//2426 3478//2426
f 3478//2426 3560//2426 3561//2426
f 3478//2427 3561//2427 3476//2427
f 3476//2427 3561//2427 3562//2427
f 3476//2428 3562//2428 3474//2428
f 3474//2428 3562//2428 3563//2428
f 3474//2429 3563//2429 3472//2429
f 3472//2429 3563//2429 3564//2429
f 3472//2430 3564//2430 3470//2430
f 3470//2430 3564//2430 3565//2430
f 3470//2431 3565//2431 3468//2431
f 3468//2431 3565//2431 3566//2431
f 3468//2432 3566//2432 3466//2432
f 3466//2432 3566//2432 3567//2432
f 3466//2433 3567//2434 3464//2434
f 3464//2434 3567//2434 3568//2434
f 3464//2435 3568//2435 3462//2435
f 3462//2435 3568//2435 3569//2435
f 3462//2436 3569//2436 3460//2436
f 3460//2436 3569//2436 3570//2436
f 3460//2437 3570//2437 3458//2437
f 3458//2437 3570//2437 3571//2437
f 3458//2438 3571//2438 3456//2438
f 3456//2438 3571//2438 3572//2438
f 3456//2439 3572//2439 3454//2439
f 3454//2439 3572//2439 3573//2439
f 3454//2440 3573//2440 3452//2440
f 3452//2440 3573//2440 3574//2440
f 3452//2441 3574//2441 3450//2441
f 3450//2441 3574//2441 3575//2441
f 3450//2442 3575//2442 3448//2442
f 3448//2442 3575//2442 3576//2442
f 3448//2443 3576//2443 3446//2443
f 3446//2443 3576//2443 3577//2443
f 3446//2444 3577//2444 3444//2444
f 3444//2444 3577//2444 3578//2444
f 3444//2445 3578//2445 3442//2445
f 3442//2445 3578//2445 3579//2445
f 3442//2446 3579//2446 3440//2446
f 3440//2446 3579//2446 3580//2446
f 3440//2447 3580//2447 3438//2447
f 3438//2447 3580//2447 3581//2447
f 3438//2448 3581//2448 3436//2448
f 3436//2448 3581//2448 3582//2448
f 3436//2449 3582//2449 3434//2449
f 3434//2449 3582//2449 3583//2449
f 3434//2450 3583//2450 3432//2450
f 3432//2450 3583//2450 3584//2450
f 3432//2451 3584//2451 3430//2451
f 3430//2451 3584//2451 3429//2451
f 3320//2452 3318//2452 3534//2452
f 3534//2452 3318//2452 3585//2452
f 3534//2453 3585//2453 3535//2453
f 3535//2453 3585//2453 3586//2453
f 3535//2454 3586//2454 3536//2454
f 3536//2454 3586//2454 3587//2454
f 3536//2455 3587//2455 3537//2455
f 3537//2455 3587//2455 3588//2455
f 3537//2456 3588//2456 3538//2456
f 3538//2456 3588//2456 3589//2456
f 3538//2457 3589//2457 3539//2457
f 3539//2457 3589//2457 3590//2457
f 3539//2458 3590//2458 3540//2458
f 3540//2458 3590//2458 3591//2458
f 3540//2459 3591//2459 3541//2459
f 3541//2459 3591//2459 3592//2459
f 3541//2460 3592//2460 3542//2460
f 3542//2460 3592//2460 3593//2460
f 3542//2461 3593//2461 3543//2461
f 3543//2461 3593//2461 3594//2461
f 3543//2462 3594//2462 3544//2462
f 3544//2462 3594//2462 3595//2462
f 3544//2463 3595//2463 3545//2463
f 3545//2463 3595//2463 3596//2463
f 3545//2464 3596//2464 3546//2464
f 3546//2464 3596//2464 3597//2464
f 3546//2465 3597//2465 3547//2465
f 3547//2465 3597//2465 3598//2465
f 3547//2466 3598//2466 3548//2466
f 3548//2466 3598//2466 3599//2466
f 3548//2467 3599//2467 3549//2467
f 3549//2467 3599//2467 3600//2467
f 3549//2468 3600//2468 3550//2468
f 3550//2468 3600//2468 3601//2468
f 3550//2469 3601//2469 3551//2469
f 3551//2469 3601//2469 3602//2469
f 3551//2470 3602//2470 3552//2470
f 3552//2470 3602//2470 3603//2470
f 3552//2471 3603//2471 3553//2471
f 3553//2471 3603//2471 3604//2471
f 3553//2472 3604//2472 3554//2472
f 3554//2472 3604//2472 3605//2472
f 3554//2473 3605//2473 3555//2474
f 3555//2474 3605//2473 3606//2474
f 3555//2475 3606//2475 3556//2475
f 3556//2475 3606//2475 3607//2475
f 3556//2476 3607//2476 3557//2476
f 3557//2476 3607//2476 3608//2476
f 3557//2477 3608//2477 3558//2477
f 3558//2477 3608//2477 3609//2477
f 3558//2478 3609//2478 3559//2478
f 3559//2478 3609//2478 3610//2478
f 3559//2479 3610//2479 3560//2479
f 3560//2479 3610//2479 3611//2479
f 3560//2480 3611//2480 3561//2480
f 3561//2480 3611//2480 3612//2480
f 3561//2481 3612//2481 3562//2481
f 3562//2481 3612//2481 3613//2481
f 3562//2482 3613//2482 3563//2482
f 3563//2482 3613//2482 3614//2482
f 3563//2483 3614//2483 3564//2483
f 3564//2483 3614//2483 3615//2483
f 3564//2484 3615//2485 3565//2485
f 3565//2485 3615//2485 3616//2485
f 3565//2486 3616//2486 3566//2486
f 3566//2486 3616//2486 3617//2486
f 3566//2487 3617//2487 3567//2487
f 3567//2487 3617//2487 3618//2487
f 3567//2488 3618//2488 3568//2488
f 3568//2488 3618//2488 3619//2488
f 3568//2489 3619//2489 3569//2489
f 3569//2489 3619//2489 3620//2489
f 3569//2490 3620//2490 3570//2490
f 3570//2490 3620//2490 3621//2490
f 3570//2491 3621//2491 3571//2491
f 3571//2491 3621//2491 3622//2491
f 3571//2492 3622//2492 3572//2492
f 3572//2492 3622//2492 3623//2492
f 3572//2493 3623//2493 3573//2493
f 3573//2493 3623//2493 3624//2493
f 3573//2494 3624//2494 3574//2494
f 3574//2494 3624//2494 3625//2494
f 3574//2495 3625//2495 3575//2495
f 3575//2495 3625//2495 3626//2495
f 3575//2496 3626//2496 3576//2496
f 3576//2496 3626//2496 3627//2496
f 3576//2497 3627//2497 3577//2497
f 3577//2497 3627//2497 3628//2497
f 3577//2498 3628//2498 3578//2498
f 3578//2498 3628//2498 3629//2498
f 3578//2499 3629//2499 3579//2499
f 3579//2499 3629//2499 3630//2499
f 3579//2500 3630//2500 3580//2500
f 3580//2500 3630//2500 3631//2500
f 3580//2501 3631//2501 3581//2501
f 3581//2501 3631//2501 3632//2501
f 3581//2502 3632//2502 3582//2502
f 3582//2502 3632//2502 3633//2502
f 3582//2503 3633//2503 3583//2503
f 3583//2503 3633//2503 3634//2503
f 3583//2504 3634//2504 3584//2504
f 3584//2504 3634//2504 3635//2504
f 3584//2505 3635//2505 3429//2505
f 3429//2505 3635//2505 3428//2505
f 3318//2506 3316//2506 3585//2506
f 3585//2506 3316//2506 3636//2506
f 3585//2507 3636//2507 3586//2507
f 3586//2507 3636//2507 3637//2507
f 3586//2508 3637//2509 3587//2509
f 3587//2509 3637//2509 3638//2509
f 3587//2510 3638//2510 3588//2510
f 3588//2510 3638//2510 3639//2510
f 3588//2511 3639//2511 3589//2511
f 3589//2511 3639//2511 3640//2511
f 3589//2512 3640//2512 3590//2512
f 3590//2512 3640//2512 3641//2512
f 3590//2513 3641//2513 3591//2513
f 3591//2513 3641//2513 3642//2514
f 3591//2515 3642//2515 3592//2515
f 3592//2515 3642//2515 3643//2515
f 3592//2516 3643//2516 3593//2516
f 3593//2516 3643//2516 3644//2516
f 3593//2517 3644//2517 3594//2517
f 3594//2517 3644//2517 3645//2517
f 3594//2518 3645//2518 3595//2518
f 3595//2518 3645//2518 3646//2518
f 3595//2519 3646//2519 3596//2519
f 3596//2519 3646//2519 3647//2519
f 3596//2520 3647//2520 3597//2520
f 3597//2520 3647//2520 3648//2520
f 3597//2521 3648//2521 3598//2521
f 3598//2521 3648//2521 3649//2521
f 3598//2522 3649//2522 3599//2522
f 3599//2522 3649//2522 3650//2522
f 3599//2523 3650//2523 3600//2523
f 3600//2523 3650//2523 3651//2523
f 3600//2524 3651//2524 3601//2524
f 3601//2524 3651//2524 3652//2524
f 3601//2525 3652//2525 3602//2525
f 3602//2525 3652//2525 3653//2525
f 3602//2526 3653//2527 3603//2527
f 3603//2527 3653//2527 3654//2527
f 3603//2528 3654//2528 3604//2528
f 3604//2528 3654//2528 3655//2528
f 3604//2529 3655//2529 3605//2529
f 3605//2529 3655//2529 3656//2529
f 3605//2530 3656//2530 3606//2530
f 3606//2530 3656//2530 3657//2530
f 3606//2531 3657//2531 3607//2531
f 3607//2531 3657//2531 3658//2531
f 3607//2532 3658//2532 3608//2532
f 3608//2532 3658//2532 3659//2532
f 3608//2533 3659//2533 3609//2533
f 3609//2533 3659//2533 3660//2533
f 3609//2534 3660//2534 3610//2534
f 3610//2534 3660//2534 3661//2534
f 3610//2535 3661//2535 3611//2535
f 3611//2535 3661//2535 3662//2535
f 3611//2536 3662//2536 3612//2536
f 3612//2536 3662//2536 3663//2536
f 3612//2537 3663//2537 3613//2537
f 3613//2537 3663//2537 3664//2537
f 3613//2538 3664//2538 3614//2538
f 3614//2538 3664//2538 3665//2538
f 3614//2539 3665//2539 3615//2539
f 3615//2539 3665//2539 3666//2539
f 3615//2540 3666//2540 3616//2540
f 3616//2540 3666//2540 3667//2540
f 3616//2541 3667//2541 3617//2541
f 3617//2541 3667//2541 3668//2541
f 3617//2542 3668//2542 3618//2542
f 3618//2542 3668//2542 3669//2542
f 3618//2543 3669//2543 3619//2544
f 3619//2544 3669//2543 3670//2544
f 3619//2545 3670//2545 3620//2545
f 3620//2545 3670//2545 3671//2545
f 3620//2546 3671//2546 3621//2546
f 3621//2546 3671//2546 3672//2546
f 3621//2547 3672//2547 3622//2547
f 3622//2547 3672//2547 3673//2547
f 3622//2548 3673//2548 3623//2548
f 3623//2548 3673//2548 3674//2548
f 3623//2549 3674//2549 3624//2549
f 3624//2549 3674//2549 3675//2549
f 3624//2550 3675//2551 3625//2551
f 3625//2551 3675//2551 3676//2551
f 3625//2552 3676//2552 3626//2552
f 3626//2552 3676//2552 3677//2552
f 3626//2553 3677//2553 3627//2553
f 3627//2553 3677//2553 3678//2553
f 3627//2554 3678//2554 3628//2554
f 3628//2554 3678//2554 3679//2554
f 3628//2555 3679//2555 3629//2555
f 3629//2555 3679//2555 3680//2555
f 3629//2556 3680//2556 3630//2556
f 3630//2556 3680//2556 3681//2556
f 3630//2557 3681//2557 3631//2557
f 3631//2557 3681//2557 3682//2557
f 3631//2558 3682//2558 3632//2558
f 3632//2558 3682//2558 3683//2558
f 3632//2559 3683//2559 3633//2559
f 3633//2559 3683//2559 3684//2559
f 3633//2560 3684//2560 3634//2560
f 3634//2560 3684//2560 3685//2560
f 3634//2561 3685//2561 3635//2562
f 3635//2562 3685//2561 3686//2562
f 3635//2563 3686//2563 3428//2563
f 3428//2563 3686//2563 3427//2563
f 3316//2564 3314//2564 3636//2564
f 3636//2564 3314//2564 3687//2564
f 3636//2565 3687//2565 3637//2565
f 3637//2565 3687//2565 3688//2565
f 3637//2566 3688//2566 3638//2566
f 3638//2566 3688//2566 3689//2566
f 3638//2567 3689//2567 3639//2567
f 3639//2567 3689//2567 3690//2567
f 3639//2568 3690//2568 3640//2568
f 3640//2568 3690//2568 3691//2568
f 3640//2569 3691//2569 3641//2569
f 3641//2569 3691//2569 3692//2569
f 3641//2570 3692//2570 3642//2570
f 3642//2570 3692//2570 3693//2570
f 3642//2571 3693//2571 3643//2571
f 3643//2571 3693//2571 3694//2571
f 3643//2572 3694//2572 3644//2572
f 3644//2572 3694//2572 3695//2572
f 3644//2573 3695//2573 3645//2573
f 3645//2573 3695//2573 3696//2573
f 3645//2574 3696//2574 3646//2574
f 3646//2574 3696//2574 3697//2574
f 3646//2575 3697//2575 3647//2575
f 3647//2575 3697//2575 3698//2575
f 3647//2576 3698//2576 3648//2576
f 3648//2576 3698//2576 3699//2576
f 3648//2577 3699//2577 3649//2577
f 3649//2577 3699//2577 3700//2577
f 3649//2578 3700//2578 3650//2578
f 3650//2578 3700//2578 3701//2578
f 3650//2579 3701//2579 3651//2579
f 3651//2579 3701//2579 3702//2579
f 3651//2580 3702//2580 3652//2580
f 3652//2580 3702//2580 3703//2580
f 3652//2581 3703//2582 3653//2582
f 3653//2582 3703//2582 3704//2582
f 3653//2583 3704//2583 3654//2583
f 3654//2583 3704//2583 3705//2584
f 3654//2585 3705//2585 3655//2585
f 3655//2585 3705//2585 3706//2585
f 3655//2586 3706//2586 3656//2586
f 3656//2586 3706//2586 3707//2586
f 3656//2587 3707//2587 3657//2587
f 3657//2587 3707//2587 3708//2588
f 3657//2589 3708//2589 3658//2589
f 3658//2589 3708//2589 3709//2589
f 3658//2590 3709//2590 3659//2590
f 3659//2590 3709//2590 3710//2590
f 3659//2591 3710//2591 3660//2591
f 3660//2591 3710//2591 3711//2591
f 3660//2592 3711//2592 3661//2592
f 3661//2592 3711//2592 3712//2592
f 3661//2593 3712//2593 3662//2593
f 3662//2593 3712//2593 3713//2594
f 3662//2595 3713//2595 3663//2595
f 3663//2595 3713//2595 3714//2595
f 3663//2596 3714//2596 3664//2596
f 3664//2596 3714//2596 3715//2596
f 3664//2597 3715//2597 3665//2597
f 3665//2597 3715//2597 3716//2597
f 3665//2598 3716//2598 3666//2598
f 3666//2598 3716//2598 3717//2598
f 3666//2599 3717//2600 3667//2600
f 3667//2600 3717//2600 3718//2601
f 3667//2602 3718//2602 3668//2602
f 3668//2602 3718//2602 3719//2602
f 3668//2603 3719//2603 3669//2603
f 3669//2603 3719//2603 3720//2603
f 3669//2604 3720//2605 3670//2605
f 3670//2605 3720//2605 3721//2605
f 3670//2606 3721//2606 3671//2606
f 3671//2606 3721//2606 3722//2606
f 3671//2607 3722//2607 3672//2607
f 3672//2607 3722//2607 3723//2607
f 3672//2608 3723//2608 3673//2608
f 3673//2608 3723//2608 3724//2608
f 3673//2609 3724//2609 3674//2609
f 3674//2609 3724//2609 3725//2609
f 3674//2610 3725//2610 3675//2610
f 3675//2610 3725//2610 3726//2610
f 3675//2611 3726//2611 3676//2611
f 3676//2611 3726//2611 3727//2611
f 3676//2612 3727//2612 3677//2612
f 3677//2612 3727//2612 3728//2612
f 3677//2613 3728//2613 3678//2613
f 3678//2613 3728//2613 3729//2613
f 3678//2614 3729//2614 3679//2614
f 3679//2614 3729//2614 3730//2614
f 3679//2615 3730//2615 3680//2615
f 3680//2615 3730//2615 3731//2615
f 3680//2616 3731//2616 3681//2616
f 3681//2616 3731//2616 3732//2616
f 3681//2617 3732//2617 3682//2617
f 3682//2617 3732//2617 3733//2617
f 3682//2618 3733//2618 3683//2618
f 3683//2618 3733//2618 3734//2618
f 3683//2619 3734//2619 3684//2619
f 3684//2619 3734//2619 3735//2619
f 3684//2620 3735//2620 3685//2620
f 3685//2620 3735//2620 3736//2620
f 3685//2621 3736//2621 3686//2621
f 3686//2621 3736//2621 3737//2621
f 3686//2622 3737//2622 3427//2622
f 3427//2622 3737//2622 3426//2623
f 3314//2624 3312//2624 3687//2624
f 3687//2624 3312//2624 3738//2624
f 3687//2625 3738//2625 3688//2625
f 3688//2625 3738//2625 3739//2625
f 3688//2626 3739//2626 3689//2626
f 3689//2626 3739//2626 3740//2626
f 3689//2627 3740//2627 3690//2627
f 3690//2627 3740//2627 3741//2627
f 3690//2628 3741//2628 3691//2628
f 3691//2628 3741//2628 3742//2628
f 3691//2629 3742//2629 3692//2629
f 3692//2629 3742//2629 3743//2629
f 3692//2630 3743//2630 3693//2630
f 3693//2630 3743//2630 3744//2630
f 3693//2631 3744//2631 3694//2631
f 3694//2631 3744//2631 3745//2631
f 3694//2632 3745//2632 3695//2632
f 3695//2632 3745//2632 3746//2632
f 3695//2633 3746//2633 3696//2633
f 3696//2633 3746//2633 3747//2633
f 3696//2634 3747//2634 3697//2634
f 3697//2634 3747//2634 3748//2634
f 3697//2635 3748//2635 3698//2635
f 3698//2635 3748//2635 3749//2635
f 3698//2636 3749//2636 3699//2636
f 3699//2636 3749//2636 3750//2636
f 3699//2637 3750//2637 3700//2637
f 3700//2637 3750//2637 3751//2637
f 3700//2638 3751//2638 3701//2638
f 3701//2638 3751//2638 3752//2638
f 3701//2639 3752//2639 3702//2639
f 3702//2639 3752//2639 3753//2639
f 3702//2640 3753//2640 3703//2640
f 3703//2640 3753//2640 3754//2640
f 3703//2641 3754//2641 3704//2641
f 3704//2641 3754//2641 3755//2641
f 3704//2642 3755//2642 3705//2642
f 3705//2642 3755//2642 3756//2642
f 3705//2643 3756//2643 3706//2643
f 3706//2643 3756//2643 3757//2643
f 3706//2644 3757//2644 3707//2644
f 3707//2644 3757//2644 3758//2644
f 3707//2645 3758//2645 3708//2645
f 3708//2645 3758//2645 3759//2645
f 3708//2646 3759//2646 3709//2646
f 3709//2646 3759//2646 3760//2647
f 3709//2648 3760//2648 3710//2649
f 3710//2649 3760//2648 3761//2649
f 3710//2650 3761//2650 3711//2650
f 3711//2650 3761//2650 3762//2650
f 3711//2651 3762//2651 3712//2651
f 3712//2651 3762//2651 3763//2651
f 3712//2652 3763//2652 3713//2652
f 3713//2652 3763//2652 3764//2652
f 3713//2653 3764//2653 3714//2653
f 3714//2653 3764//2653 3765//2653
f 3714//2654 3765//2654 3715//2654
f 3715//2654 3765//2654 3766//2654
f 3715//2655 3766//2655 3716//2656
f 3716//2656 3766//2655 3767//2656
f 3716//2657 3767//2657 3717//2657
f 3717//2657 3767//2657 3768//2657
f 3717//2658 3768//2658 3718//2658
f 3718//2658 3768//2658 3769//2658
f 3718//2659 3769//2659 3719//2659
f 3719//2659 3769//2659 3770//2659
f 3719//2660 3770//2660 3720//2660
f 3720//2660 3770//2660 3771//2660
f 3720//2661 3771//2661 3721//2661
f 3721//2661 3771//2661 3772//2661
f 3721//2662 3772//2662 3722//2662
f 3722//2662 3772//2662 3773//2662
f 3722//2663 3773//2663 3723//2663
f 3723//2663 3773//2663 3774//2663
f 3723//2664 3774//2664 3724//2664
f 3724//2664 3774//2664 3775//2664
f 3724//2665 3775//2665 3725//2666
f 3725//2666 3775//2665 3776//2666
f 3725//2667 3776//2667 3726//2667
f 3726//2667 3776//2667 3777//2667
f 3726//2668 3777//2668 3727//2668
f 3727//2668 3777//2668 3778//2669
f 3727//2670 3778//2670 3728//2670
f 3728//2670 3778//2670 3779//2670
f 3728//2671 3779//2671 3729//2671
f 3729//2671 3779//2671 3780//2671
f 3729//2672 3780//2672 3730//2672
f 3730//2672 3780//2672 3781//2672
f 3730//2673 3781//2673 3731//2673
f 3731//2673 3781//2673 3782//2673
f 3731//2674 3782//2674 3732//2674
f 3732//2674 3782//2674 3783//2674
f 3732//2675 3783//2675 3733//2675
f 3733//2675 3783//2675 3784//2675
f 3733//2676 3784//2676 3734//2676
f 3734//2676 3784//2676 3785//2676
f 3734//2677 3785//2677 3735//2677
f 3735//2677 3785//2677 3786//2677
f 3735//2678 3786//2678 3736//2678
f 3736//2678 3786//2678 3787//2678
f 3736//2679 3787//2679 3737//2679
f 3737//2679 3787//2679 3788//2679
f 3737//2680 3788//2680 3426//2680
f 3426//2680 3788//2680 3425//2680
f 3312//2681 3310//2681 3738//2681
f 3738//2681 3310//2681 3789//2681
f 3738//2682 3789//2682 3739//2682
f 3739//2682 3789//2682 3790//2682
f 3739//2683 3790//2683 3740//2683
f 3740//2683 3790//2683 3791//2683
f 3740//2684 3791//2684 3741//2684
f 3741//2684 3791//2684 3792//2684
f 3741//2685 3792//2685 3742//2685
f 3742//2685 3792//2685 3793//2685
f 3742//2686 3793//2686 3743//2686
f 3743//2686 3793//2686 3794//2686
f 3743//2687 3794//2687 3744//2687
f 3744//2687 3794//2687 3795//2687
f 3744//2688 3795//2688 3745//2688
f 3745//2688 3795//2688 3796//2688
f 3745//2689 3796//2689 3746//2689
f 3746//2689 3796//2689 3797//2689
f 3746//2690 3797//2690 3747//2690
f 3747//2690 3797//2690 3798//2690
f 3747//2691 3798//2691 3748//2691
f 3748//2691 3798//2691 3799//2691
f 3748//2692 3799//2692 3749//2693
f 3749//2693 3799//2692 3800//2693
f 3749//2694 3800//2694 3750//2694
f 3750//2694 3800//2694 3801//2694
f 3750//2695 3801//2695 3751//2695
f 3751//2695 3801//2695 3802//2695
f 3751//2696 3802//2696 3752//2696
f 3752//2696 3802//2696 3803//2696
f 3752//2697 3803//2697 3753//2697
f 3753//2697 3803//2697 3804//2697
f 3753//2698 3804//2698 3754//2698
f 3754//2698 3804//2698 3805//2698
f 3754//2699 3805//2699 3755//2699
f 3755//2699 3805//2699 3806//2699
f 3755//2700 3806//2700 3756//2700
f 3756//2700 3806//2700 3807//2700
f 3756//2701 3807//2701 3757//2701
f 3757//2701 3807//2701 3808//2701
f 3757//2702 3808//2702 3758//2702
f 3758//2702 3808//2702 3809//2702
f 3758//2703 3809//2703 3759//2703
f 3759//2703 3809//2703 3810//2703
f 3759//2704 3810//2704 3760//2704
f 3760//2704 3810//2704 3811//2704
f 3760//2705 3811//2705 3761//2705
f 3761//2705 3811//2705 3812//2705
f 3761//2706 3812//2706 3762//2706
f 3762//2706 3812//2706 3813//2706
f 3762//2707 3813//2707 3763//2707
f 3763//2707 3813//2707 3814//2707
f 3763//2708 3814//2708 3764//2708
f 3764//2708 3814//2708 3815//2708
f 3764//2709 3815//2709 3765//2709
f 3765//2709 3815//2709 3816//2709
f 3765//2710 3816//2710 3766//2710
f 3766//2710 3816//2710 3817//2710
f 3766//2711 3817//2711 3767//2711
f 3767//2711 3817//2711 3818//2711
f 3767//2712 3818//2712 3768//2712
f 3768//2712 3818//2712 3819//2712
f 3768//2713 3819//2713 3769//2713
f 3769//2713 3819//2713 3820//2713
f 3769//2714 3820//2714 3770//2714
f 3770//2714 3820//2714 3821//2714
f 3770//2715 3821//2715 3771//2715
f 3771//2715 3821//2715 3822//2715
f 3771//2716 3822//2716 3772//2716
f 3772//2716 3822//2716 3823//2716
f 3772//2717 3823//2717 3773//2717
f 3773//2717 3823//2717 3824//2717
f 3773//2718 3824//2718 3774//2718
f 3774//2718 3824//2718 3825//2718
f 3774//2719 3825//2719 3775//2719
f 3775//2719 3825//2719 3826//2719
f 3775//2720 3826//2720 3776//2720
f 3776//2720 3826//2720 3827//2720
f 3776//2721 3827//2721 3777//2721
f 3777//2721 3827//2721 3828//2721
f 3777//2722 3828//2722 3778//2722
f 3778//2722 3828//2722 3829//2722
f 3778//2723 3829//2723 3779//2724
f 3779//2724 3829//2723 3830//2724
f 3779//2725 3830//2725 3780//2725
f 3780//2725 3830//2725 3831//2725
f 3780//2726 3831//2726 3781//2726
f 3781//2726 3831//2726 3832//2726
f 3781//2727 3832//2727 3782//2727
f 3782//2727 3832//2727 3833//2727
f 3782//2728 3833//2728 3783//2728
f 3783//2728 3833//2728 3834//2728
f 3783//2729 3834//2729 3784//2729
f 3784//2729 3834//2729 3835//2729
f 3784//2730 3835//2730 3785//2730
f 3785//2730 3835//2730 3836//2730
f 3785//2731 3836//2731 3786//2731
f 3786//2731 3836//2731 3837//2731
f 3786//2732 3837//2732 3787//2732
f 3787//2732 3837//2732 3838//2732
f 3787//2733 3838//2733 3788//2733
f 3788//2733 3838//2733 3839//2733
f 3788//2734 3839//2734 3425//2734
f 3425//2734 3839//2734 3424//2734
f 3310//2735 3308//2735 3789//2735
f 3789//2735 3308//2735 3840//2735
f 3789//2736 3840//2736 3790//2736
f 3790//2736 3840//2736 3841//2736
f 3790//2737 3841//2737 3791//2737
f 3791//2737 3841//2737 3842//2737
f 3791//2738 3842//2738 3792//2738
f 3792//2738 3842//2738 3843//2738
f 3792//2739 3843//2739 3793//2739
f 3793//2739 3843//2739 3844//2739
f 3793//2740 3844//2740 3794//2740
f 3794//2740 3844//2740 3845//2740
f 3794//2741 3845//2741 3795//2741
f 3795//2741 3845//2741 3846//2741
f 3795//2742 3846//2742 3796//2742
f 3796//2742 3846//2742 3847//2742
f 3796//2743 3847//2744 3797//2744
f 3797//2744 3847//2744 3848//2744
f 3797//2745 3848//2745 3798//2745
f 3798//2745 3848//2745 3849//2745
f 3798//2746 3849//2746 3799//2747
f 3799//2747 3849//2746 3850//2747
f 3799//2748 3850//2748 3800//2748
f 3800//2748 3850//2748 3851//2748
f 3800//2749 3851//2749 3801//2749
f 3801//2749 3851//2749 3852//2749
f 3801//2750 3852//2750 3802//2750
f 3802//2750 3852//2750 3853//2750
f 3802//2751 3853//2751 3803//2751
f 3803//2751 3853//2751 3854//2751
f 3803//2752 3854//2752 3804//2752
f 3804//2752 3854//2752 3855//2752
f 3804//2753 3855//2753 3805//2753
f 3805//2753 3855//2753 3856//2753
f 3805//2754 3856//2754 3806//2754
f 3806//2754 3856//2754 3857//2754
f 3806//2755 3857//2755 3807//2755
f 3807//2755 3857//2755 3858//2755
f 3807//2756 3858//2756 3808//2756
f 3808//2756 3858//2756 3859//2756
f 3808//2757 3859//2757 3809//2757
f 3809//2757 3859//2757 3860//2757
f 3809//2758 3860//2758 3810//2758
f 3810//2758 3860//2758 3861//2758
f 3810//2759 3861//2759 3811//2759
f 3811//2759 3861//2759 3862//2759
f 3811//2760 3862//2760 3812//2760
f 3812//2760 3862//2760 3863//2760
f 3812//2761 3863//2761 3813//2761
f 3813//2761 3863//2761 3864//2761
f 3813//2762 3864//2762 3814//2762
f 3814//2762 3864//2762 3865//2762
f 3814//2763 3865//2763 3815//2763
f 3815//2763 3865//2763 3866//2763
f 3815//2764 3866//2764 3816//2764
f 3816//2764 3866//2764 3867//2764
f 3816//2765 3867//2765 3817//2765
f 3817//2765 3867//2765 3868//2765
f 3817//2766 3868//2766 3818//2766
f 3818//2766 3868//2766 3869//2766
f 3818//2767 3869//2767 3819//2767
f 3819//2767 3869//2767 3870//2767
f 3819//2768 3870//2769 3820//2769
f 3820//2769 3870//2769 3871//2769
f 3820//2770 3871//2770 3821//2770
f 3821//2770 3871//2770 3872//2770
f 3821//2771 3872//2771 3822//2771
f 3822//2771 3872//2771 3873//2771
f 3822//2772 3873//2772 3823//2772
f 3823//2772 3873//2772 3874//2772
f 3823//2773 3874//2773 3824//2773
f 3824//2773 3874//2773 3875//2773
f 3824//2774 3875//2774 3825//2774
f 3825//2774 3875//2774 3876//2774
f 3825//2775 3876//2775 3826//2775
f 3826//2775 3876//2775 3877//2775
f 3826//2776 3877//2776 3827//2776
f 3827//2776 3877//2776 3878//2776
f 3827//2777 3878//2777 3828//2777
f 3828//2777 3878//2777 3879//2777
f 3828//2778 3879//2778 3829//2778
f 3829//2778 3879//2778 3880//2778
f 3829//2779 3880//2779 3830//2779
f 3830//2779 3880//2779 3881//2779
f 3830//2780 3881//2780 3831//2780
f 3831//2780 3881//2780 3882//2781
f 3831//2782 3882//2782 3832//2782
f 3832//2782 3882//2782 3883//2782
f 3832//2783 3883//2784 3833//2784
f 3833//2784 3883//2784 3884//2784
f 3833//2785 3884//2785 3834//2785
f 3834//2785 3884//2785 3885//2785
f 3834//2786 3885//2786 3835//2786
f 3835//2786 3885//2786 3886//2786
f 3835//2787 3886//2788 3836//2788
f 3836//2788 3886//2788 3887//2788
f 3836//2789 3887//2789 3837//2789
f 3837//2789 3887//2789 3888//2789
f 3837//2790 3888//2790 3838//2790
f 3838//2790 3888//2790 3889//2790
f 3838//2791 3889//2791 3839//2791
f 3839//2791 3889//2791 3890//2791
f 3839//2792 3890//2792 3424//2792
f 3424//2792 3890//2792 3423//2792
f 3308//2793 3306//2793 3840//2793
f 3840//2793 3306//2793 3891//2793
f 3840//2794 3891//2794 3841//2794
f 3841//2794 3891//2794 3892//2794
f 3841//2795 3892//2795 3842//2795
f 3842//2795 3892//2795 3893//2796
f 3842//2797 3893//2797 3843//2797
f 3843//2797 3893//2797 3894//2797
f 3843//2798 3894//2798 3844//2798
f 3844//2798 3894//2798 3895//2798
f 3844//2799 3895//2799 3845//2799
f 3845//2799 3895//2799 3896//2799
f 3845//2800 3896//2800 3846//2800
f 3846//2800 3896//2800 3897//2800
f 3846//2801 3897//2801 3847//2801
f 3847//2801 3897//2801 3898//2801
f 3847//2802 3898//2802 3848//2802
f 3848//2802 3898//2802 3899//2802
f 3848//2803 3899//2803 3849//2803
f 3849//2803 3899//2803 3900//2803
f 3849//2804 3900//2804 3850//2804
f 3850//2804 3900//2804 3901//2804
f 3850//2805 3901//2805 3851//2805
f 3851//2805 3901//2805 3902//2805
f 3851//2806 3902//2806 3852//2806
f 3852//2806 3902//2806 3903//2806
f 3852//2807 3903//2807 3853//2807
f 3853//2807 3903//2807 3904//2807
f 3853//2808 3904//2808 3854//2808
f 3854//2808 3904//2808 3905//2808
f 3854//2809 3905//2809 3855//2809
f 3855//2809 3905//2809 3906//2809
f 3855//2810 3906//2810 3856//2810
f 3856//2810 3906//2810 3907//2811
f 3856//2812 3907//2812 3857//2812
f 3857//2812 3907//2812 3908//2812
f 3857//2813 3908//2814 3858//2814
f 3858//2814 3908//2814 3909//2814
f 3858//2815 3909//2815 3859//2815
f 3859//2815 3909//2815 3910//2815
f 3859//2816 3910//2816 3860//2816
f 3860//2816 3910//2816 3911//2816
f 3860//2817 3911//2817 3861//2817
f 3861//2817 3911//2817 3912//2817
f 3861//2818 3912//2818 3862//2818
f 3862//2818 3912//2818 3913//2818
f 3862//2819 3913//2819 3863//2819
f 3863//2819 3913//2819 3914//2819
f 3863//2820 3914//2821 3864//2821
f 3864//2821 3914//2821 3915//2821
f 3864//2822 3915//2822 3865//2822
f 3865//2822 3915//2822 3916//2822
f 3865//2823 3916//2823 3866//2823
f 3866//2823 3916//2823 3917//2823
f 3866//2824 3917//2824 3867//2824
f 3867//2824 3917//2824 3918//2824
f 3867//2825 3918//2825 3868//2825
f 3868//2825 3918//2825 3919//2825
f 3868//2826 3919//2826 3869//2826
f 3869//2826 3919//2826 3920//2826
f 3869//2827 3920//2827 3870//2827
f 3870//2827 3920//2827 3921//2827
f 3870//2828 3921//2828 3871//2828
f 3871//2828 3921//2828 3922//2828
f 3871//2829 3922//2829 3872//2829
f 3872//2829 3922//2829 3923//2829
f 3872//2830 3923//2830 3873//2830
f 3873//2830 3923//2830 3924//2830
f 3873//2831 3924//2831 3874//2831
f 3874//2831 3924//2831 3925//2831
f 3874//2832 3925//2832 3875//2832
f 3875//2832 3925//2832 3926//2832
f 3875//2833 3926//2834 3876//2834
f 3876//2834 3926//2834 3927//2834
f 3876//2835 3927//2835 3877//2835
f 3877//2835 3927//2835 3928//2835
f 3877//2836 3928//2836 3878//2836
f 3878//2836 3928//2836 3929//2836
f 3878//2837 3929//2838 3879//2838
f 3879//2838 3929//2838 3930//2838
f 3879//2839 3930//2839 3880//2839
f 3880//2839 3930//2839 3931//2839
f 3880//2840 3931//2840 3881//2840
f 3881//2840 3931//2840 3932//2840
f 3881//2841 3932//2841 3882//2841
f 3882//2841 3932//2841 3933//2841
f 3882//2842 3933//2842 3883//2842
f 3883//2842 3933//2842 3934//2842
f 3883//2843 3934//2843 3884//2843
f 3884//2843 3934//2843 3935//2843
f 3884//2844 3935//2844 3885//2844
f 3885//2844 3935//2844 3936//2844
f 3885//2845 3936//2845 3886//2845
f 3886//2845 3936//2845 3937//2845
f 3886//2846 3937//2846 3887//2846
f 3887//2846 3937//2846 3938//2846
f 3887//2847 3938//2847 3888//2847
f 3888//2847 3938//2847 3939//2847
f 3888//2848 3939//2848 3889//2848
f 3889//2848 3939//2848 3940//2848
f 3889//2849 3940//2849 3890//2849
f 3890//2849 3940//2849 3941//2850
f 3890//2851 3941//2851 3423//2851
f 3423//2851 3941//2851 3422//2851
f 3306//2852 3304//2852 3891//2852
f 3891//2852 3304//2852 3942//2852
f 3891//2853 3942//2853 3892//2853
f 3892//2853 3942//2853 3943//2853
f 3892//2854 3943//2854 3893//2854
f 3893//2854 3943//2854 3944//2855
f 3893//2856 3944//2856 3894//2856
f 3894//2856 3944//2856 3945//2856
f 3894//2857 3945//2857 3895//2857
f 3895//2857 3945//2857 3946//2857
f 3895//2858 3946//2858 3896//2858
f 3896//2858 3946//2858 3947//2858
f 3896//2859 3947//2859 3897//2859
f 3897//2859 3947//2859 3948//2859
f 3897//2860 3948//2860 3898//2860
f 3898//2860 3948//2860 3949//2860
f 3898//2861 3949//2861 3899//2861
f 3899//2861 3949//2861 3950//2861
f 3899//2862 3950//2862 3900//2862
f 3900//2862 3950//2862 3951//2862
f 3900//2863 3951//2863 3901//2863
f 3901//2863 3951//2863 3952//2863
f 3901//2864 3952//2864 3902//2864
f 3902//2864 3952//2864 3953//2864
f 3902//2865 3953//2865 3903//2865
f 3903//2865 3953//2865 3954//2865
f 3903//2866 3954//2866 3904//2866
f 3904//2866 3954//2866 3955//2866
f 3904//2867 3955//2867 3905//2867
f 3905//2867 3955//2867 3956//2867
f 3905//2868 3956//2868 3906//2868
f 3906//2868 3956//2868 3957//2868
f 3906//2869 3957//2869 3907//2869
f 3907//2869 3957//2869 3958//2869
f 3907//2870 3958//2870 3908//2870
f 3908//2870 3958//2870 3959//2870
f 3908//2871 3959//2872 3909//2872
f 3909//2872 3959//2872 3960//2872
f 3909//2873 3960//2873 3910//2873
f 3910//2873 3960//2873 3961//2873
f 3910//2874 3961//2874 3911//2874
f 3911//2874 3961//2874 3962//2874
f 3911//2875 3962//2875 3912//2875
f 3912//2875 3962//2875 3963//2875
f 3912//2876 3963//2876 3913//2876
f 3913//2876 3963//2876 3964//2876
f 3913//2877 3964//2877 3914//2877
f 3914//2877 3964//2877 3965//2878
f 3914//2879 3965//2879 3915//2879
f 3915//2879 3965//2879 3966//2879
f 3915//2880 3966//2880 3916//2880
f 3916//2880 3966//2880 3967//2880
f 3916//2881 3967//2881 3917//2881
f 3917//2881 3967//2881 3968//2881
f 3917//2882 3968//2882 3918//2882
f 3918//2882 3968//2882 3969//2882
f 3918//2883 3969//2883 3919//2883
f 3919//2883 3969//2883 3970//2883
f 3919//2884 3970//2884 3920//2884
f 3920//2884 3970//2884 3971//2884
f 3920//2885 3971//2885 3921//2885
f 3921//2885 3971//2885 3972//2885
f 3921//2886 3972//2886 3922//2886
f 3922//2886 3972//2886 3973//2886
f 3922//2887 3973//2887 3923//2887
f 3923//2887 3973//2887 3974//2887
f 3923//2888 3974//2888 3924//2888
f 3924//2888 3974//2888 3975//2888
f 3924//2889 3975//2889 3925//2889
f 3925//2889 3975//2889 3976//2889
f 3925//2890 3976//2890 3926//2890
f 3926//2890 3976//2890 3977//2890
f 3926//2891 3977//2891 3927//2891
f 3927//2891 3977//2891 3978//2891
f 3927//2892 3978//2892 3928//2892
f 3928//2892 3978//2892 3979//2892
f 3928//2893 3979//2893 3929//2893
f 3929//2893 3979//2893 3980//2893
f 3929//2894 3980//2894 3930//2894
f 3930//2894 3980//2894 3981//2894
f 3930//2895 3981//2895 3931//2895
f 3931//2895 3981//2895 3982//2895
f 3931//2896 3982//2896 3932//2896
f 3932//2896 3982//2896 3983//2896
f 3932//2897 3983//2897 3933//2897
f 3933//2897 3983//2897 3984//2897
f 3933//2898 3984//2898 3934//2898
f 3934//2898 3984//2898 3985//2899
f 3934//2900 3985//2900 3935//2900
f 3935//2900 3985//2900 3986//2900
f 3935//2901 3986//2901 3936//2901
f 3936//2901 3986//2901 3987//2901
f 3936//2902 3987//2902 3937//2902
f 3937//2902 3987//2902 3988//2902
f 3937//2903 3988//2903 3938//2903
f 3938//2903 3988//2903 3989//2903
f 3938//2904 3989//2904 3939//2904
f 3939//2904 3989//2904 3990//2904
f 3939//2905 3990//2905 3940//2905
f 3940//2905 3990//2905 3991//2905
f 3940//2906 3991//2906 3941//2906
f 3941//2906 3991//2906 3992//2906
f 3941//2907 3992//2907 3422//2907
f 3422//2907 3992//2907 3421//2907
f 3304//2288 3302//2287 3942//2908
f 3942//2908 3302//2287 3993//2908
f 3942//2909 3993//2909 3943//2909
f 3943//2909 3993//2909 3994//2909
f 3943//2910 3994//2910 3944//2910
f 3944//2910 3994//2910 3995//2910
f 3944//2911 3995//2911 3945//2911
f 3945//2911 3995//2911 3996//2911
f 3945//2912 3996//2912 3946//2912
f 3946//2912 3996//2912 3997//2912
f 3946//2913 3997//2913 3947//2913
f 3947//2913 3997//2913 3998//2913
f 3947//2914 3998//2914 3948//2914
f 3948//2914 3998//2914 3999//2914
f 3948//2915 3999//2915 3949//2915
f 3949//2915 3999//2915 4000//2915
f 3949//2916 4000//2916 3950//2916
f 3950//2916 4000//2916 4001//2916
f 3950//2917 4001//2917 3951//2917
f 3951//2917 4001//2917 4002//2917
f 3951//2918 4002//2918 3952//2918
f 3952//2918 4002//2918 4003//2918
f 3952//2919 4003//2919 3953//2919
f 3953//2919 4003//2919 4004//2919
f 3953//2920 4004//2920 3954//2920
f 3954//2920 4004//2920 4005//2920
f 3954//2921 4005//2921 3955//2921
f 3955//2921 4005//2921 4006//2921
f 3955//2922 4006//2922 3956//2922
f 3956//2922 4006//2922 4007//2922
f 3956//2923 4007//2924 3957//2924
f 3957//2924 4007//2924 4008//2924
f 3957//2925 4008//2925 3958//2925
f 3958//2925 4008//2925 4009//2925
f 3958//2926 4009//2926 3959//2926
f 3959//2926 4009//2926 4010//2926
f 3959//2927 4010//2927 3960//2927
f 3960//2927 4010//2927 4011//2927
f 3960//2928 4011//2928 3961//2928
f 3961//2928 4011//2928 4012//2928
f 3961//2929 4012//2929 3962//2929
f 3962//2929 4012//2929 4013//2929
f 3962//2930 4013//2930 3963//2930
f 3963//2930 4013//2930 4014//2930
f 3963//2931 4014//2931 3964//2931
f 3964//2931 4014//2931 4015//2931
f 3964//2932 4015//2932 3965//2932
f 3965//2932 4015//2932 4016//2932
f 3965//2933 4016//2933 3966//2933
f 3966//2933 4016//2933 4017//2933
f 3966//2934 4017//2934 3967//2934
f 3967//2934 4017//2934 4018//2935
f 3967//2936 4018//2936 3968//2936
f 3968//2936 4018//2936 4019//2936
f 3968//2937 4019//2937 3969//2937
f 3969//2937 4019//2937 4020//2937
f 3969//2938 4020//2938 3970//2938
f 3970//2938 4020//2938 4021//2938
f 3970//2939 4021//2939 3971//2939
f 3971//2939 4021//2939 4022//2939
f 3971//2940 4022//2940 3972//2940
f 3972//2940 4022//2940 4023//2940
f 3972//2941 4023//2941 3973//2941
f 3973//2941 4023//2941 4024//2941
f 3973//2942 4024//2942 3974//2942
f 3974//2942 4024//2942 4025//2942
f 3974//2943 4025//2943 3975//2943
f 3975//2943 4025//2943 4026//2943
f 3975//2944 4026//2944 3976//2944
f 3976//2944 4026//2944 4027//2944
f 3976//2945 4027//2945 3977//2945
f 3977//2945 4027//2945 4028//2945
f 3977//2946 4028//2946 3978//2946
f 3978//2946 4028//2946 4029//2946
f 3978//2947 4029//2947 3979//2947
f 3979//2947 4029//2947 4030//2947
f 3979//2948 4030//2948 3980//2948
f 3980//2948 4030//2948 4031//2948
f 3980//2949 4031//2949 3981//2949
f 3981//2949 4031//2949 4032//2949
f 3981//2950 4032//2950 3982//2950
f 3982//2950 4032//2950 4033//2950
f 3982//2951 4033//2951 3983//2951
f 3983//2951 4033//2951 4034//2951
f 3983//2952 4034//2952 3984//2952
f 3984//2952 4034//2952 4035//2952
f 3984//2953 4035//2953 3985//2953
f 3985//2953 4035//2953 4036//2953
f 3985//2954 4036//2954 3986//2954
f 3986//2954 4036//2954 4037//2954
f 3986//2955 4037//2955 3987//2955
f 3987//2955 4037//2955 4038//2955
f 3987//2956 4038//2956 3988//2956
f 3988//2956 4038//2956 4039//2956
f 3988//2957 4039//2957 3989//2957
f 3989//2957 4039//2957 4040//2957
f 3989//2958 4040//2958 3990//2958
f 3990//2958 4040//2958 4041//2958
f 3990//2959 4041//2959 3991//2959
f 3991//2959 4041//2959 4042//2959
f 3991//2960 4042//2960 3992//2960
f 3992//2960 4042//2960 4043//2960
f 3992//2961 4043//2961 3421//2961
f 3421//2961 4043//2961 3420//2961
f 3302//2285 3300//2284 3993//2962
f 3993//2962 3300//2284 4044//2962
f 3993//2963 4044//2963 3994//2963
f 3994//2963 4044//2963 4045//2963
f 3994//2964 4045//2964 3995//2964
f 3995//2964 4045//2964 4046//2964
f 3995//2965 4046//2965 3996//2965
f 3996//2965 4046//2965 4047//2965
f 3996//2966 4047//2966 3997//2966
f 3997//2966 4047//2966 4048//2966
f 3997//2967 4048//2967 3998//2967
f 3998//2967 4048//2967 4049//2967
f 3998//2968 4049//2968 3999//2968
f 3999//2968 4049//2968 4050//2968
f 3999//2969 4050//2969 4000//2969
f 4000//2969 4050//2969 4051//2969
f 4000//2970 4051//2970 4001//2970
f 4001//2970 4051//2970 4052//2970
f 4001//2971 4052//2971 4002//2971
f 4002//2971 4052//2971 4053//2971
f 4002//2972 4053//2972 4003//2972
f 4003//2972 4053//2972 4054//2972
f 4003//2973 4054//2973 4004//2973
f 4004//2973 4054//2973 4055//2973
f 4004//2974 4055//2974 4005//2974
f 4005//2974 4055//2974 4056//2974
f 4005//2975 4056//2975 4006//2975
f 4006//2975 4056//2975 4057//2975
f 4006//2976 4057//2976 4007//2976
f 4007//2976 4057//2976 4058//2976
f 4007//2977 4058//2977 4008//2977
f 4008//2977 4058//2977 4059//2977
f 4008//2978 4059//2978 4009//2978
f 4009//2978 4059//2978 4060//2978
f 4009//2979 4060//2979 4010//2979
f 4010//2979 4060//2979 4061//2979
f 4010//2980 4061//2980 4011//2980
f 4011//2980 4061//2980 4062//2980
f 4011//2981 4062//2981 4012//2981
f 4012//2981 4062//2981 4063//2981
f 4012//2982 4063//2982 4013//2982
f 4013//2982 4063//2982 4064//2982
f 4013//2983 4064//2983 4014//2983
f 4014//2983 4064//2983 4065//2983
f 4014//2984 4065//2984 4015//2984
f 4015//2984 4065//2984 4066//2984
f 4015//2985 4066//2985 4016//2985
f 4016//2985 4066//2985 4067//2985
f 4016//2986 4067//2986 4017//2986
f 4017//2986 4067//2986 4068//2986
f 4017//2987 4068//2987 4018//2987
f 4018//2987 4068//2987 4069//2987
f 4018//2988 4069//2988 4019//2988
f 4019//2988 4069//2988 4070//2988
f 4019//2989 4070//2989 4020//2989
f 4020//2989 4070//2989 4071//2989
f 4020//2990 4071//2990 4021//2990
f 4021//2990 4071//2990 4072//2990
f 4021//2991 4072//2991 4022//2991
f 4022//2991 4072//2991 4073//2991
f 4022//2992 4073//2992 4023//2992
f 4023//2992 4073//2992 4074//2992
f 4023//2993 4074//2993 4024//2993
f 4024//2993 4074//2993 4075//2993
f 4024//2994 4075//2994 4025//2994
f 4025//2994 4075//2994 4076//2994
f 4025//2995 4076//2995 4026//2995
f 4026//2995 4076//2995 4077//2995
f 4026//2996 4077//2996 4027//2996
f 4027//2996 4077//2996 4078//2996
f 4027//2997 4078//2997 4028//2997
f 4028//2997 4078//2997 4079//2997
f 4028//2998 4079//2998 4029//2998
f 4029//2998 4079//2998 4080//2998
f 4029//2999 4080//2999 4030//2999
f 4030//2999 4080//2999 4081//2999
f 4030//3000 4081//3000 4031//3000
f 4031//3000 4081//3000 4082//3000
f 4031//3001 4082//3001 4032//3001
f 4032//3001 4082//3001 4083//3001
f 4032//3002 4083//3002 4033//3002
f 4033//3002 4083//3002 4084//3002
f 4033//3003 4084//3003 4034//3003
f 4034//3003 4084//3003 4085//3003
f 4034//3004 4085//3004 4035//3004
f 4035//3004 4085//3004 4086//3004
f 4035//3005 4086//3005 4036//3005
f 4036//3005 4086//3005 4087//3005
f 4036//3006 4087//3006 4037//3006
f 4037//3006 4087//3006 4088//3006
f 4037//3007 4088//3007 4038//3007
f 4038//3007 4088//3007 4089//3007
f 4038//3008 4089//3008 4039//3008
f 4039//3008 4089//3008 4090//3009
f 4039//3010 4090//3010 4040//3010
f 4040//3010 4090//3010 4091//3010
f 4040//3011 4091//3011 4041//3011
f 4041//3011 4091//3011 4092//3011
f 4041//3012 4092//3012 4042//3012
f 4042//3012 4092//3012 4093//3012
f 4042//3013 4093//3013 4043//3013
f 4043//3013 4093//3013 4094//3013
f 4043//3014 4094//3014 3420//3014
f 3420//3014 4094//3014 3419//3014
f 3300//2282 3298//2282 4044//3015
f 4044//3015 3298//2282 4095//3016
f 4044//3015 4095//3016 4045//3016
f 4045//3016 4095//3016 4096//3017
f 4045//3016 4096//3017 4046//3017
f 4046//3017 4096//3017 4097//3018
f 4046//3017 4097//3018 4047//3018
f 4047//3018 4097//3018 4098//3019
f 4047//3018 4098//3019 4048//3020
f 4048//3020 4098//3019 4099//3021
f 4048//3020 4099//3021 4049//3022
f 4049//3022 4099//3021 4100//3023
f 4049//3022 4100//3023 4050//3023
f 4050//3023 4100//3023 4101//3024
f 4050//3023 4101//3024 4051//3025
f 4051//3025 4101//3024 4102//3026
f 4051//3025 4102//3026 4052//3026
f 4052//3026 4102//3026 4103//3027
f 4052//3026 4103//3027 4053//3028
f 4053//3028 4103//3027 4104//3029
f 4053//3028 4104//3029 4054//3029
f 4054//3029 4104//3029 4105//3030
f 4054//3029 4105//3030 4055//3031
f 4055//3031 4105//3030 4106//3032
f 4055//3031 4106//3032 4056//3033
f 4056//3033 4106//3032 4107//3034
f 4056//3033 4107//3034 4057//3035
f 4057//3035 4107//3034 4108//3036
f 4057//3035 4108//3036 4058//3037
f 4058//3037 4108//3036 4109//3038
f 4058//3037 4109//3038 4059//3038
f 4059//3038 4109//3038 4110//3039
f 4059//3038 4110//3039 4060//3039
f 4060//3039 4110//3039 4111//3040
f 4060//3039 4111//3040 4061//3041
f 4061//3041 4111//3040 4112//3042
f 4061//3041 4112//3042 4062//3042
f 4062//3042 4112//3042 4113//3043
f 4062//3042 4113//3043 4063//3044
f 4063//3044 4113//3043 4114//3045
f 4063//3044 4114//3045 4064//3046
f 4064//3046 4114//3045 4115//3047
f 4064//3046 4115//3047 4065//3047
f 4065//3047 4115//3047 4116//3048
f 4065//3047 4116//3048 4066//3048
f 4066//3048 4116//3048 4117//3049
f 4066//3048 4117//3049 4067//3049
f 4067//3049 4117//3049 4118//3050
f 4067//3049 4118//3050 4068//3050
f 4068//3050 4118//3050 4119//3051
f 4068//3050 4119//3051 4069//3051
f 4069//3051 4119//3051 4120//3052
f 4069//3051 4120//3052 4070//3052
f 4070//3052 4120//3052 4121//3053
f 4070//3052 4121//3053 4071//3053
f 4071//3053 4121//3053 4122//3054
f 4071//3053 4122//3054 4072//3054
f 4072//3054 4122//3054 4123//3055
f 4072//3054 4123//3055 4073//3055
f 4073//3055 4123//3055 4124//3056
f 4073//3055 4124//3056 4074//3056
f 4074//3056 4124//3056 4125//3057
f 4074//3056 4125//3057 4075//3057
f 4075//3057 4125//3057 4126//3058
f 4075//3057 4126//3058 4076//3058
f 4076//3058 4126//3058 4127//3059
f 4076//3058 4127//3059 4077//3060
f 4077//3060 4127//3059 4128//3061
f 4077//3060 4128//3061 4078//3061
f 4078//3061 4128//3061 4129//3062
f 4078//3061 4129//3062 4079//3063
f 4079//3063 4129//3062 4130//3064
f 4079//3063 4130//3064 4080//3064
f 4080//3064 4130//3064 4131//3065
f 4080//3064 4131//3065 4081//3065
f 4081//3065 4131//3065 4132//3066
f 4081//3065 4132//3066 4082//3067
f 4082//3067 4132//3066 4133//3068
f 4082//3067 4133//3068 4083//3069
f 4083//3069 4133//3068 4134//3070
f 4083//3069 4134//3070 4084//3071
f 4084//3071 4134//3070 4135//3072
f 4084//3071 4135//3072 4085//3073
f 4085//3073 4135//3072 4136//3074
f 4085//3073 4136//3074 4086//3074
f 4086//3074 4136//3074 4137//3075
f 4086//3074 4137//3075 4087//3076
f 4087//3076 4137//3075 4138//3077
f 4087//3076 4138//3077 4088//3078
f 4088//3078 4138//3077 4139//3079
f 4088//3078 4139//3079 4089//3080
f 4089//3080 4139//3079 4140//3081
f 4089//3080 4140//3081 4090//3081
f 4090//3081 4140//3081 4141//3082
f 4090//3081 4141//3082 4091//3083
f 4091//3083 4141//3082 4142//3084
f 4091//3083 4142//3084 4092//3085
f 4092//3085 4142//3084 4143//3086
f 4092//3085 4143//3086 4093//3086
f 4093//3086 4143//3086 4144//3087
f 4093//3086 4144//3087 4094//3088
f 4094//3088 4144//3087 4145//2331
f 4094//3088 4145//2331 3419//2331
f 3419//2331 4145//2331 3418//2330
f 3298//2280 3296//2280 4095//3089
f 4095//3089 3296//2280 4146//3090
f 4095//3089 4146//3090 4096//3090
f 4096//3090 4146//3090 4147//3091
f 4096//3090 4147//3091 4097//3091
f 4097//3091 4147//3091 4148//3092
f 4097//3091 4148//3092 4098//3093
f 4098//3093 4148//3092 4149//3094
f 4098//3093 4149//3094 4099//3094
f 4099//3094 4149//3094 4150//3095
f 4099//3094 4150//3095 4100//3095
f 4100//3095 4150//3095 4151//3096
f 4100//3095 4151//3096 4101//3097
f 4101//3097 4151//3096 4152//3098
f 4101//3097 4152//3098 4102//3099
f 4102//3099 4152//3098 4153//3100
f 4102//3099 4153//3100 4103//3100
f 4103//3100 4153//3100 4154//3101
f 4103//3100 4154//3101 4104//3102
f 4104//3102 4154//3101 4155//3103
f 4104//3102 4155//3103 4105//3103
f 4105//3103 4155//3103 4156//3104
f 4105//3103 4156//3104 4106//3104
f 4106//3104 4156//3104 4157//3105
f 4106//3104 4157//3105 4107//3105
f 4107//3105 4157//3105 4158//3106
f 4107//3105 4158//3106 4108//3106
f 4108//3106 4158//3106 4159//3107
f 4108//3106 4159//3107 4109//3108
f 4109//3108 4159//3107 4160//3109
f 4109//3108 4160//3109 4110//3110
f 4110//3110 4160//3109 4161//3111
f 4110//3110 4161//3111 4111//3112
f 4111//3112 4161//3111 4162//3113
f 4111//3112 4162//3113 4112//3114
f 4112//3114 4162//3113 4163//3115
f 4112//3114 4163//3115 4113//3115
f 4113//3115 4163//3115 4164//3116
f 4113//3115 4164//3116 4114//3116
f 4114//3116 4164//3116 4165//3117
f 4114//3116 4165//3117 4115//3117
f 4115//3117 4165//3117 4166//3118
f 4115//3117 4166//3118 4116//3119
f 4116//3119 4166//3118 4167//3120
f 4116//3119 4167//3120 4117//3120
f 4117//3120 4167//3120 4168//3121
f 4117//3120 4168//3121 4118//3122
f 4118//3122 4168//3121 4169//3123
f 4118//3122 4169//3123 4119//3123
f 4119//3123 4169//3123 4170//3124
f 4119//3123 4170//3124 4120//3124
f 4120//3124 4170//3124 4171//3125
f 4120//3124 4171//3125 4121//3125
f 4121//3125 4171//3125 4172//3126
f 4121//3125 4172//3126 4122//3126
f 4122//3126 4172//3126 4173//3127
f 4122//3126 4173//3127 4123//3128
f 4123//3128 4173//3127 4174//3129
f 4123//3128 4174//3129 4124//3130
f 4124//3130 4174//3129 4175//3131
f 4124//3130 4175//3131 4125//3131
f 4125//3131 4175//3131 4176//3132
f 4125//3131 4176//3132 4126//3132
f 4126//3132 4176//3132 4177//3133
f 4126//3132 4177//3133 4127//3134
f 4127//3134 4177//3133 4178//3135
f 4127//3134 4178//3135 4128//3136
f 4128//3136 4178//3135 4179//3137
f 4128//3136 4179//3137 4129//3137
f 4129//3137 4179//3137 4180//3138
f 4129//3137 4180//3138 4130//3138
f 4130//3138 4180//3138 4181//3139
f 4130//3138 4181//3139 4131//3139
f 4131//3139 4181//3139 4182//3140
f 4131//3139 4182//3140 4132//3141
f 4132//3141 4182//3140 4183//3142
f 4132//3141 4183//3142 4133//3143
f 4133//3143 4183//3142 4184//3144
f 4133//3143 4184//3144 4134//3144
f 4134//3144 4184//3144 4185//3145
f 4134//3144 4185//3145 4135//3145
f 4135//3145 4185//3145 4186//3146
f 4135//3145 4186//3146 4136//3147
f 4136//3147 4186//3146 4187//3148
f 4136//3147 4187//3148 4137//3149
f 4137//3149 4187//3148 4188//3150
f 4137//3149 4188//3150 4138//3151
f 4138//3151 4188//3150 4189//3152
f 4138//3151 4189//3152 4139//3152
f 4139//3152 4189//3152 4190//3153
f 4139//3152 4190//3153 4140//3154
f 4140//3154 4190//3153 4191//3155
f 4140//3154 4191//3155 4141//3155
f 4141//3155 4191//3155 4192//3156
f 4141//3155 4192//3156 4142//3157
f 4142//3157 4192//3156 4193//3158
f 4142//3157 4193//3158 4143//3158
f 4143//3158 4193//3158 4194//3159
f 4143//3158 4194//3159 4144//3159
f 4144//3159 4194//3159 4195//3160
f 4144//3159 4195//3160 4145//3160
f 4145//3160 4195//3160 4196//3161
f 4145//3160 4196//3161 3418//2329
f 3418//2329 4196//3161 3417//2328
f 3296//366 3294//366 4146//366
f 4146//366 3294//366 4197//366
f 4146//366 4197//366 4147//366
f 4147//366 4197//366 4198//366
f 4147//366 4198//366 4148//366
f 4148//366 4198//366 4199//366
f 4148//366 4199//366 4149//366
f 4149//366 4199//366 4200//366
f 4149//366 4200//366 4150//366
f 4150//366 4200//366 4201//366
f 4150//366 4201//366 4151//366
f 4151//366 4201//366 4202//366
f 4151//366 4202//366 4152//366
f 4152//366 4202//366 4203//366
f 4152//366 4203//366 4153//366
f 4153//366 4203//366 4204//366
f 4153//366 4204//366 4154//366
f 4154//366 4204//366 4205//366
f 4154//366 4205//366 4155//366
f 4155//366 4205//366 4206//366
f 4155//366 4206//366 4156//366
f 4156//366 4206//366 4207//366
f 4156//366 4207//366 4157//366
f 4157//366 4207//366 4208//366
f 4157//366 4208//366 4158//366
f 4158//366 4208//366 4209//366
f 4158//366 4209//366 4159//366
f 4159//366 4209//366 4210//366
f 4159//366 4210//366 4160//366
f 4160//366 4210//366 4211//366
f 4160//366 4211//366 4161//366
f 4161//366 4211//366 4212//366
f 4161//366 4212//366 4162//366
f 4162//366 4212//366 4213//366
f 4162//366 4213//366 4163//366
f 4163//366 4213//366 4214//366
f 4163//366 4214//366 4164//366
f 4164//366 4214//366 4215//366
f 4164//366 4215//366 4165//366
f 4165//366 4215//366 4216//366
f 4165//366 4216//366 4166//366
f 4166//366 4216//366 4217//366
f 4166//366 4217//366 4167//366
f 4167//366 4217//366 4218//366
f 4167//366 4218//366 4168//366
f 4168//366 4218//366 4219//366
f 4168//366 4219//366 4169//366
f 4169//366 4219//366 4220//366
f 4169//366 4220//366 4170//366
f 4170//366 4220//366 4221//366
f 4170//366 4221//366 4171//366
f 4171//366 4221//366 4222//366
f 4171//366 4222//366 4172//366
f 4172//366 4222//366 4223//366
f 4172//366 4223//366 4173//366
f 4173//366 4223//366 4224//366
f 4173//366 4224//366 4174//366
f 4174//366 4224//366 4225//366
f 4174//366 4225//366 4175//366
f 4175//366 4225//366 4226//366
f 4175//366 4226//366 4176//366
f 4176//366 4226//366 4227//366
f 4176//366 4227//366 4177//366
f 4177//366 4227//366 4228//366
f 4177//366 4228//366 4178//366
f 4178//366 4228//366 4229//366
f 4178//366 4229//366 4179//366
f 4179//366 4229//366 4230//366
f 4179//366 4230//366 4180//366
f 4180//366 4230//366 4231//366
f 4180//366 4231//366 4181//366
f 4181//366 4231//366 4232//366
f 4181//366 4232//366 4182//366
f 4182//366 4232//366 4233//366
f 4182//366 4233//366 4183//366
f 4183//366 4233//366 4234//366
f 4183//366 4234//366 4184//366
f 4184//366 4234//366 4235//366
f 4184//366 4235//366 4185//366
f 4185//366 4235//366 4236//366
f 4185//366 4236//366 4186//366
f 4186//366 4236//366 4237//366
f 4186//366 4237//366 4187//366
f 4187//366 4237//366 4238//366
f 4187//366 4238//366 4188//366
f 4188//366 4238//366 4239//366
f 4188//366 4239//366 4189//366
f 4189//366 4239//366 4240//366
f 4189//366 4240//366 4190//366
f 4190//366 4240//366 4241//366
f 4190//366 4241//366 4191//366
f 4191//366 4241//366 4242//366
f 4191//366 4242//366 4192//366
f 4192//366 4242//366 4243//366
f 4192//366 4243//366 4193//366
f 4193//366 4243//366 4244//366
f 4193//366 4244//366 4194//366
f 4194//366 4244//366 4245//366
f 4194//366 4245//366 4195//366
f 4195//366 4245//366 4246//366
f 4195//366 4246//366 4196//366
f 4196//366 4246//366 4247//366
f 4196//366 4247//366 3417//366
f 3417//366 4247//366 3416//366
f 3294//2278 3292//2278 4197//3162
f 4197//3162 3292//2278 4248//3163
f 4197//3162 4248//3163 4198//3163
f 4198//3163 4248//3163 4249//3164
f 4198//3163 4249//3164 4199//3165
f 4199//3165 4249//3164 4250//3166
f 4199//3165 4250//3166 4200//3167
f 4200//3167 4250//3166 4251//3168
f 4200//3167 4251//3168 4201//3168
f 4201//3168 4251//3168 4252//3169
f 4201//3168 4252//3169 4202//3169
f 4202//3169 4252//3169 4253//3170
f 4202//3169 4253//3170 4203//3170
f 4203//3170 4253//3170 4254//3171
f 4203//3170 4254//3171 4204//3171
f 4204//3171 4254//3171 4255//3172
f 4204//3171 4255//3172 4205//3172
f 4205//3172 4255//3172 4256//3173
f 4205//3172 4256//3173 4206//3174
f 4206//3174 4256//3173 4257//3175
f 4206//3174 4257//3175 4207//3176
f 4207//3176 4257//3175 4258//3177
f 4207//3176 4258//3177 4208//3178
f 4208//3178 4258//3177 4259//3179
f 4208//3178 4259//3179 4209//3179
f 4209//3179 4259//3179 4260//3180
f 4209//3179 4260//3180 4210//3180
f 4210//3180 4260//3180 4261//3181
f 4210//3180 4261//3181 4211//3182
f 4211//3182 4261//3181 4262//3183
f 4211//3182 4262//3183 4212//3184
f 4212//3184 4262//3183 4263//3185
f 4212//3184 4263//3185 4213//3185
f 4213//3185 4263//3185 4264//3186
f 4213//3185 4264//3186 4214//3187
f 4214//3187 4264//3186 4265//3188
f 4214//3187 4265//3188 4215//3189
f 4215//3189 4265//3188 4266//3190
f 4215//3189 4266//3190 4216//3190
f 4216//3190 4266//3190 4267//3191
f 4216//3190 4267//3191 4217//3191
f 4217//3191 4267//3191 4268//3192
f 4217//3191 4268//3192 4218//3192
f 4218//3192 4268//3192 4269//3193
f 4218//3192 4269//3193 4219//3194
f 4219//3194 4269//3193 4270//3195
f 4219//3194 4270//3195 4220//3196
f 4220//3196 4270//3195 4271//3197
f 4220//3196 4271//3197 4221//3198
f 4221//3198 4271//3197 4272//3199
f 4221//3198 4272//3199 4222//3199
f 4222//3199 4272//3199 4273//3200
f 4222//3199 4273//3200 4223//3200
f 4223//3200 4273//3200 4274//3201
f 4223//3200 4274//3201 4224//3202
f 4224//3202 4274//3201 4275//3203
f 4224//3202 4275//3203 4225//3204
f 4225//3204 4275//3203 4276//3205
f 4225//3204 4276//3205 4226//3205
f 4226//3205 4276//3205 4277//3206
f 4226//3205 4277//3206 4227//3207
f 4227//3207 4277//3206 4278//3208
f 4227//3207 4278//3208 4228//3208
f 4228//3208 4278//3208 4279//3209
f 4228//3208 4279//3209 4229//3210
f 4229//3210 4279//3209 4280//3211
f 4229//3210 4280//3211 4230//3211
f 4230//3211 4280//3211 4281//3212
f 4230//3211 4281//3212 4231//3212
f 4231//3212 4281//3212 4282//3213
f 4231//3212 4282//3213 4232//3214
f 4232//3214 4282//3213 4283//3215
f 4232//3214 4283//3215 4233//3215
f 4233//3215 4283//3215 4284//3216
f 4233//3215 4284//3216 4234//3217
f 4234//3217 4284//3216 4285//3218
f 4234//3217 4285//3218 4235//3219
f 4235//3219 4285//3218 4286//3220
f 4235//3219 4286//3220 4236//3220
f 4236//3220 4286//3220 4287//3221
f 4236//3220 4287//3221 4237//3221
f 4237//3221 4287//3221 4288//3222
f 4237//3221 4288//3222 4238//3223
f 4238//3223 4288//3222 4289//3224
f 4238//3223 4289//3224 4239//3225
f 4239//3225 4289//3224 4290//3226
f 4239//3225 4290//3226 4240//3227
f 4240//3227 4290//3226 4291//3228
f 4240//3227 4291//3228 4241//3228
f 4241//3228 4291//3228 4292//3229
f 4241//3228 4292//3229 4242//3229
f 4242//3229 4292//3229 4293//3230
f 4242//3229 4293//3230 4243//3230
f 4243//3230 4293//3230 4294//3231
f 4243//3230 4294//3231 4244//3232
f 4244//3232 4294//3231 4295//3233
f 4244//3232 4295//3233 4245//3233
f 4245//3233 4295//3233 4296//3234
f 4245//3233 4296//3234 4246//3234
f 4246//3234 4296//3234 4297//3235
f 4246//3234 4297//3235 4247//3235
f 4247//3235 4297//3235 4298//2327
f 4247//3235 4298//2327 3416//2327
f 3416//2327 4298//2327 3415//2326
f 3292//2276 3290//2276 4248//3236
f 4248//3236 3290//2276 4299//3237
f 4248//3236 4299//3237 4249//3237
f 4249//3237 4299//3237 4300//3238
f 4249//3237 4300//3238 4250//3238
f 4250//3238 4300//3238 4301//3239
f 4250//3238 4301//3239 4251//3240
f 4251//3240 4301//3239 4302//3241
f 4251//3240 4302//3241 4252//3242
f 4252//3242 4302//3241 4303//3243
f 4252//3242 4303//3243 4253//3244
f 4253//3244 4303//3243 4304//3245
f 4253//3244 4304//3245 4254//3245
f 4254//3245 4304//3245 4305//3246
f 4254//3245 4305//3246 4255//3246
f 4255//3246 4305//3246 4306//3247
f 4255//3246 4306//3247 4256//3247
f 4256//3247 4306//3247 4307//3248
f 4256//3247 4307//3248 4257//3249
f 4257//3249 4307//3248 4308//3250
f 4257//3249 4308//3250 4258//3250
f 4258//3250 4308//3250 4309//3251
f 4258//3250 4309//3251 4259//3252
f 4259//3252 4309//3251 4310//3253
f 4259//3252 4310//3253 4260//3253
f 4260//3253 4310//3253 4311//3254
f 4260//3253 4311//3254 4261//3254
f 4261//3254 4311//3254 4312//3255
f 4261//3254 4312//3255 4262//3256
f 4262//3256 4312//3255 4313//3257
f 4262//3256 4313//3257 4263//3257
f 4263//3257 4313//3257 4314//3258
f 4263//3257 4314//3258 4264//3258
f 4264//3258 4314//3258 4315//3259
f 4264//3258 4315//3259 4265//3260
f 4265//3260 4315//3259 4316//3261
f 4265//3260 4316//3261 4266//3261
f 4266//3261 4316//3261 4317//3262
f 4266//3261 4317//3262 4267//3263
f 4267//3263 4317//3262 4318//3264
f 4267//3263 4318//3264 4268//3265
f 4268//3265 4318//3264 4319//3266
f 4268//3265 4319//3266 4269//3266
f 4269//3266 4319//3266 4320//3267
f 4269//3266 4320//3267 4270//3267
f 4270//3267 4320//3267 4321//3268
f 4270//3267 4321//3268 4271//3268
f 4271//3268 4321//3268 4322//3269
f 4271//3268 4322//3269 4272//3269
f 4272//3269 4322//3269 4323//3270
f 4272//3269 4323//3270 4273//3270
f 4273//3270 4323//3270 4324//3271
f 4273//3270 4324//3271 4274//3271
f 4274//3271 4324//3271 4325//3272
f 4274//3271 4325//3272 4275//3272
f 4275//3272 4325//3272 4326//3273
f 4275//3272 4326//3273 4276//3273
f 4276//3273 4326//3273 4327//3274
f 4276//3273 4327//3274 4277//3274
f 4277//3274 4327//3274 4328//3275
f 4277//3274 4328//3275 4278//3276
f 4278//3276 4328//3275 4329//3277
f 4278//3276 4329//3277 4279//3277
f 4279//3277 4329//3277 4330//3278
f 4279//3277 4330//3278 4280//3279
f 4280//3279 4330//3278 4331//3280
f 4280//3279 4331//3280 4281//3281
f 4281//3281 4331//3280 4332//3282
f 4281//3281 4332//3282 4282//3282
f 4282//3282 4332//3282 4333//3283
f 4282//3282 4333//3283 4283//3283
f 4283//3283 4333//3283 4334//3284
f 4283//3283 4334//3284 4284//3284
f 4284//3284 4334//3284 4335//3285
f 4284//3284 4335//3285 4285//3285
f 4285//3285 4335//3285 4336//3286
f 4285//3285 4336//3286 4286//3286
f 4286//3286 4336//3286 4337//3287
f 4286//3286 4337//3287 4287//3288
f 4287//3288 4337//3287 4338//3289
f 4287//3288 4338//3289 4288//3290
f 4288//3290 4338//3289 4339//3291
f 4288//3290 4339//3291 4289//3292
f 4289//3292 4339//3291 4340//3293
f 4289//3292 4340//3293 4290//3293
f 4290//3293 4340//3293 4341//3294
f 4290//3293 4341//3294 4291//3295
f 4291//3295 4341//3294 4342//3296
f 4291//3295 4342//3296 4292//3296
f 4292//3296 4342//3296 4343//3297
f 4292//3296 4343//3297 4293//3298
f 4293//3298 4343//3297 4344//3299
f 4293//3298 4344//3299 4294//3299
f 4294//3299 4344//3299 4345//3300
f 4294//3299 4345//3300 4295//3300
f 4295//3300 4345//3300 4346//3301
f 4295//3300 4346//3301 4296//3302
f 4296//3302 4346//3301 4347//3303
f 4296//3302 4347//3303 4297//3304
f 4297//3304 4347//3303 4348//3305
f 4297//3304 4348//3305 4298//3305
f 4298//3305 4348//3305 4349//2325
f 4298//3305 4349//2325 3415//2325
f 3415//2325 4349//2325 3414//2324
f 3290//2274 3288//2273 4299//3306
f 4299//3306 3288//2273 4350//3306
f 4299//3307 4350//3307 4300//3307
f 4300//3307 4350//3307 4351//3307
f 4300//3308 4351//3308 4301//3308
f 4301//3308 4351//3308 4352//3308
f 4301//3309 4352//3309 4302//3309
f 4302//3309 4352//3309 4353//3309
f 4302//3310 4353//3310 4303//3310
f 4303//3310 4353//3310 4354//3310
f 4303//3311 4354//3311 4304//3311
f 4304//3311 4354//3311 4355//3311
f 4304//3312 4355//3312 4305//3312
f 4305//3312 4355//3312 4356//3313
f 4305//3314 4356//3314 4306//3314
f 4306//3314 4356//3314 4357//3314
f 4306//3315 4357//3315 4307//3315
f 4307//3315 4357//3315 4358//3315
f 4307//3316 4358//3316 4308//3316
f 4308//3316 4358//3316 4359//3316
f 4308//3317 4359//3317 4309//3317
f 4309//3317 4359//3317 4360//3317
f 4309//3318 4360//3318 4310//3318
f 4310//3318 4360//3318 4361//3318
f 4310//3319 4361//3319 4311//3319
f 4311//3319 4361//3319 4362//3319
f 4311//3320 4362//3320 4312//3320
f 4312//3320 4362//3320 4363//3320
f 4312//3321 4363//3321 4313//3321
f 4313//3321 4363//3321 4364//3321
f 4313//3322 4364//3322 4314//3322
f 4314//3322 4364//3322 4365//3322
f 4314//3323 4365//3323 4315//3323
f 4315//3323 4365//3323 4366//3323
f 4315//3324 4366//3324 4316//3324
f 4316//3324 4366//3324 4367//3324
f 4316//3325 4367//3325 4317//3325
f 4317//3325 4367//3325 4368//3325
f 4317//3326 4368//3326 4318//3326
f 4318//3326 4368//3326 4369//3326
f 4318//3327 4369//3327 4319//3327
f 4319//3327 4369//3327 4370//3327
f 4319//3328 4370//3328 4320//3328
f 4320//3328 4370//3328 4371//3328
f 4320//3329 4371//3329 4321//3329
f 4321//3329 4371//3329 4372//3329
f 4321//3330 4372//3330 4322//3330
f 4322//3330 4372//3330 4373//3330
f 4322//3331 4373//3331 4323//3331
f 4323//3331 4373//3331 4374//3331
f 4323//3332 4374//3332 4324//3332
f 4324//3332 4374//3332 4375//3332
f 4324//3333 4375//3333 4325//3333
f 4325//3333 4375//3333 4376//3333
f 4325//3334 4376//3334 4326//3334
f 4326//3334 4376//3334 4377//3334
f 4326//3335 4377//3335 4327//3335
f 4327//3335 4377//3335 4378//3335
f 4327//3336 4378//3336 4328//3336
f 4328//3336 4378//3336 4379//3336
f 4328//3337 4379//3337 4329//3337
f 4329//3337 4379//3337 4380//3337
f 4329//3338 4380//3338 4330//3338
f 4330//3338 4380//3338 4381//3338
f 4330//3339 4381//3339 4331//3339
f 4331//3339 4381//3339 4382//3339
f 4331//3340 4382//3340 4332//3340
f 4332//3340 4382//3340 4383//3340
f 4332//3341 4383//3341 4333//3341
f 4333//3341 4383//3341 4384//3341
f 4333//3342 4384//3342 4334//3342
f 4334//3342 4384//3342 4385//3342
f 4334//3343 4385//3343 4335//3343
f 4335//3343 4385//3343 4386//3343
f 4335//3344 4386//3344 4336//3344
f 4336//3344 4386//3344 4387//3344
f 4336//3345 4387//3345 4337//3345
f 4337//3345 4387//3345 4388//3345
f 4337//3346 4388//3346 4338//3346
f 4338//3346 4388//3346 4389//3346
f 4338//3347 4389//3347 4339//3347
f 4339//3347 4389//3347 4390//3347
f 4339//3348 4390//3348 4340//3348
f 4340//3348 4390//3348 4391//3348
f 4340//3349 4391//3349 4341//3349
f 4341//3349 4391//3349 4392//3349
f 4341//3350 4392//3350 4342//3350
f 4342//3350 4392//3350 4393//3350
f 4342//3351 4393//3351 4343//3351
f 4343//3351 4393//3351 4394//3351
f 4343//3352 4394//3352 4344//3352
f 4344//3352 4394//3352 4395//3352
f 4344//3353 4395//3354 4345//3354
f 4345//3354 4395//3354 4396//3354
f 4345//3355 4396//3355 4346//3355
f 4346//3355 4396//3355 4397//3355
f 4346//3356 4397//3356 4347//3356
f 4347//3356 4397//3356 4398//3356
f 4347//3357 4398//3357 4348//3357
f 4348//3357 4398//3357 4399//3357
f 4348//3358 4399//3358 4349//3358
f 4349//3358 4399//3358 4400//3358
f 4349//3359 4400//3359 3414//3359
f 3414//3359 4400//3359 3413//3359
f 3288//2271 3286//2270 4350//3360
f 4350//3360 3286//2270 4401//3360
f 4350//3361 4401//3361 4351//3361
f 4351//3361 4401//3361 4402//3361
f 4351//3362 4402//3362 4352//3362
f 4352//3362 4402//3362 4403//3362
f 4352//3363 4403//3363 4353//3363
f 4353//3363 4403//3363 4404//3363
f 4353//3364 4404//3364 4354//3364
f 4354//3364 4404//3364 4405//3364
f 4354//3365 4405//3365 4355//3365
f 4355//3365 4405//3365 4406//3365
f 4355//3366 4406//3366 4356//3366
f 4356//3366 4406//3366 4407//3366
f 4356//3367 4407//3367 4357//3367
f 4357//3367 4407//3367 4408//3367
f 4357//3368 4408//3368 4358//3368
f 4358//3368 4408//3368 4409//3368
f 4358//3369 4409//3369 4359//3369
f 4359//3369 4409//3369 4410//3369
f 4359//3370 4410//3370 4360//3370
f 4360//3370 4410//3370 4411//3370
f 4360//3371 4411//3371 4361//3371
f 4361//3371 4411//3371 4412//3371
f 4361//3372 4412//3372 4362//3372
f 4362//3372 4412//3372 4413//3372
f 4362//3373 4413//3373 4363//3373
f 4363//3373 4413//3373 4414//3373
f 4363//3374 4414//3374 4364//3374
f 4364//3374 4414//3374 4415//3374
f 4364//3375 4415//3375 4365//3375
f 4365//3375 4415//3375 4416//3375
f 4365//3376 4416//3376 4366//3376
f 4366//3376 4416//3376 4417//3376
f 4366//3377 4417//3377 4367//3377
f 4367//3377 4417//3377 4418//3377
f 4367//3378 4418//3378 4368//3378
f 4368//3378 4418//3378 4419//3378
f 4368//3379 4419//3379 4369//3379
f 4369//3379 4419//3379 4420//3379
f 4369//3380 4420//3380 4370//3380
f 4370//3380 4420//3380 4421//3380
f 4370//3381 4421//3381 4371//3381
f 4371//3381 4421//3381 4422//3381
f 4371//3382 4422//3382 4372//3382
f 4372//3382 4422//3382 4423//3382
f 4372//3383 4423//3383 4373//3383
f 4373//3383 4423//3383 4424//3383
f 4373//3384 4424//3384 4374//3384
f 4374//3384 4424//3384 4425//3384
f 4374//3385 4425//3385 4375//3385
f 4375//3385 4425//3385 4426//3386
f 4375//3387 4426//3387 4376//3387
f 4376//3387 4426//3387 4427//3387
f 4376//3388 4427//3388 4377//3388
f 4377//3388 4427//3388 4428//3388
f 4377//3389 4428//3389 4378//3389
f 4378//3389 4428//3389 4429//3389
f 4378//3390 4429//3390 4379//3390
f 4379//3390 4429//3390 4430//3390
f 4379//3391 4430//3391 4380//3391
f 4380//3391 4430//3391 4431//3391
f 4380//3392 4431//3392 4381//3392
f 4381//3392 4431//3392 4432//3392
f 4381//3393 4432//3393 4382//3393
f 4382//3393 4432//3393 4433//3393
f 4382//3394 4433//3394 4383//3394
f 4383//3394 4433//3394 4434//3394
f 4383//3395 4434//3395 4384//3395
f 4384//3395 4434//3395 4435//3395
f 4384//3396 4435//3396 4385//3396
f 4385//3396 4435//3396 4436//3396
f 4385//3397 4436//3397 4386//3397
f 4386//3397 4436//3397 4437//3397
f 4386//3398 4437//3399 4387//3399
f 4387//3399 4437//3399 4438//3399
f 4387//3400 4438//3400 4388//3400
f 4388//3400 4438//3400 4439//3400
f 4388//3401 4439//3401 4389//3401
f 4389//3401 4439//3401 4440//3401
f 4389//3402 4440//3402 4390//3402
f 4390//3402 4440//3402 4441//3402
f 4390//3403 4441//3403 4391//3403
f 4391//3403 4441//3403 4442//3403
f 4391//3404 4442//3404 4392//3404
f 4392//3404 4442//3404 4443//3404
f 4392//3405 4443//3405 4393//3405
f 4393//3405 4443//3405 4444//3405
f 4393//3406 4444//3406 4394//3406
f 4394//3406 4444//3406 4445//3406
f 4394//3407 4445//3407 4395//3407
f 4395//3407 4445//3407 4446//3407
f 4395//3408 4446//3408 4396//3408
f 4396//3408 4446//3408 4447//3408
f 4396//3409 4447//3409 4397//3409
f 4397//3409 4447//3409 4448//3409
f 4397//3410 4448//3410 4398//3410
f 4398//3410 4448//3410 4449//3410
f 4398//3411 4449//3411 4399//3411
f 4399//3411 4449//3411 4450//3411
f 4399//3412 4450//3412 4400//3412
f 4400//3412 4450//3412 4451//3412
f 4400//3413 4451//3413 3413//3413
f 3413//3413 4451//3413 3412//3413
f 3286//3414 3284//3414 4401//3414
f 4401//3414 3284//3414 4452//3414
f 4401//3415 4452//3415 4402//3415
f 4402//3415 4452//3415 4453//3415
f 4402//3416 4453//3416 4403//3416
f 4403//3416 4453//3416 4454//3416
f 4403//3417 4454//3417 4404//3417
f 4404//3417 4454//3417 4455//3417
f 4404//3418 4455//3418 4405//3418
f 4405//3418 4455//3418 4456//3418
f 4405//3419 4456//3419 4406//3419
f 4406//3419 4456//3419 4457//3419
f 4406//3420 4457//3420 4407//3420
f 4407//3420 4457//3420 4458//3420
f 4407//3421 4458//3421 4408//3421
f 4408//3421 4458//3421 4459//3421
f 4408//3422 4459//3422 4409//3422
f 4409//3422 4459//3422 4460//3422
f 4409//3423 4460//3423 4410//3423
f 4410//3423 4460//3423 4461//3423
f 4410//3424 4461//3424 4411//3424
f 4411//3424 4461//3424 4462//3424
f 4411//3425 4462//3425 4412//3425
f 4412//3425 4462//3425 4463//3425
f 4412//3426 4463//3426 4413//3426
f 4413//3426 4463//3426 4464//3426
f 4413//3427 4464//3427 4414//3427
f 4414//3427 4464//3427 4465//3427
f 4414//3428 4465//3428 4415//3428
f 4415//3428 4465//3428 4466//3428
f 4415//3429 4466//3429 4416//3429
f 4416//3429 4466//3429 4467//3429
f 4416//3430 4467//3430 4417//3430
f 4417//3430 4467//3430 4468//3430
f 4417//3431 4468//3431 4418//3431
f 4418//3431 4468//3431 4469//3431
f 4418//3432 4469//3432 4419//3432
f 4419//3432 4469//3432 4470//3432
f 4419//3433 4470//3433 4420//3433
f 4420//3433 4470//3433 4471//3433
f 4420//3434 4471//3434 4421//3434
f 4421//3434 4471//3434 4472//3434
f 4421//3435 4472//3435 4422//3435
f 4422//3435 4472//3435 4473//3435
f 4422//3436 4473//3436 4423//3436
f 4423//3436 4473//3436 4474//3436
f 4423//3437 4474//3437 4424//3437
f 4424//3437 4474//3437 4475//3437
f 4424//3438 4475//3438 4425//3438
f 4425//3438 4475//3438 4476//3438
f 4425//3439 4476//3439 4426//3439
f 4426//3439 4476//3439 4477//3440
f 4426//3441 4477//3441 4427//3441
f 4427//3441 4477//3441 4478//3441
f 4427//3442 4478//3442 4428//3442
f 4428//3442 4478//3442 4479//3442
f 4428//3443 4479//3443 4429//3443
f 4429//3443 4479//3443 4480//3443
f 4429//3444 4480//3444 4430//3444
f 4430//3444 4480//3444 4481//3444
f 4430//3445 4481//3445 4431//3445
f 4431//3445 4481//3445 4482//3445
f 4431//3446 4482//3446 4432//3446
f 4432//3446 4482//3446 4483//3446
f 4432//3447 4483//3447 4433//3447
f 4433//3447 4483//3447 4484//3447
f 4433//3448 4484//3448 4434//3448
f 4434//3448 4484//3448 4485//3448
f 4434//3449 4485//3449 4435//3449
f 4435//3449 4485//3449 4486//3449
f 4435//3450 4486//3450 4436//3450
f 4436//3450 4486//3450 4487//3450
f 4436//3451 4487//3451 4437//3451
f 4437//3451 4487//3451 4488//3451
f 4437//3452 4488//3452 4438//3452
f 4438//3452 4488//3452 4489//3452
f 4438//3453 4489//3453 4439//3453
f 4439//3453 4489//3453 4490//3453
f 4439//3454 4490//3454 4440//3454
f 4440//3454 4490//3454 4491//3454
f 4440//3455 4491//3455 4441//3455
f 4441//3455 4491//3455 4492//3455
f 4441//3456 4492//3456 4442//3456
f 4442//3456 4492//3456 4493//3456
f 4442//3457 4493//3457 4443//3457
f 4443//3457 4493//3457 4494//3457
f 4443//3458 4494//3458 4444//3458
f 4444//3458 4494//3458 4495//3458
f 4444//3459 4495//3459 4445//3459
f 4445//3459 4495//3459 4496//3459
f 4445//3460 4496//3460 4446//3460
f 4446//3460 4496//3460 4497//3460
f 4446//3461 4497//3461 4447//3461
f 4447//3461 4497//3461 4498//3461
f 4447//3462 4498//3462 4448//3462
f 4448//3462 4498//3462 4499//3462
f 4448//3463 4499//3463 4449//3463
f 4449//3463 4499//3463 4500//3463
f 4449//3464 4500//3464 4450//3464
f 4450//3464 4500//3464 4501//3464
f 4450//3465 4501//3465 4451//3465
f 4451//3465 4501//3465 4502//3465
f 4451//3466 4502//3466 3412//3466
f 3412//3466 4502//3466 3411//3466
f 3284//3467 3282//3467 4452//3467
f 4452//3467 3282//3467 4503//3467
f 4452//3468 4503//3468 4453//3468
f 4453//3468 4503//3468 4504//3468
f 4453//3469 4504//3469 4454//3469
f 4454//3469 4504//3469 4505//3470
f 4454//3471 4505//3471 4455//3471
f 4455//3471 4505//3471 4506//3471
f 4455//3472 4506//3472 4456//3472
f 4456//3472 4506//3472 4507//3472
f 4456//3473 4507//3473 4457//3473
f 4457//3473 4507//3473 4508//3473
f 4457//3474 4508//3474 4458//3474
f 4458//3474 4508//3474 4509//3474
f 4458//3475 4509//3475 4459//3475
f 4459//3475 4509//3475 4510//3475
f 4459//3476 4510//3476 4460//3476
f 4460//3476 4510//3476 4511//3476
f 4460//3477 4511//3477 4461//3477
f 4461//3477 4511//3477 4512//3477
f 4461//3478 4512//3478 4462//3478
f 4462//3478 4512//3478 4513//3478
f 4462//3479 4513//3479 4463//3479
f 4463//3479 4513//3479 4514//3479
f 4463//3480 4514//3480 4464//3480
f 4464//3480 4514//3480 4515//3480
f 4464//3481 4515//3481 4465//3481
f 4465//3481 4515//3481 4516//3481
f 4465//3482 4516//3482 4466//3482
f 4466//3482 4516//3482 4517//3482
f 4466//3483 4517//3483 4467//3483
f 4467//3483 4517//3483 4518//3483
f 4467//3484 4518//3484 4468//3484
f 4468//3484 4518//3484 4519//3484
f 4468//3485 4519//3485 4469//3486
f 4469//3486 4519//3485 4520//3486
f 4469//3487 4520//3487 4470//3487
f 4470//3487 4520//3487 4521//3488
f 4470//3489 4521//3489 4471//3489
f 4471//3489 4521//3489 4522//3489
f 4471//3490 4522//3490 4472//3490
f 4472//3490 4522//3490 4523//3490
f 4472//3491 4523//3491 4473//3491
f 4473//3491 4523//3491 4524//3491
f 4473//3492 4524//3492 4474//3492
f 4474//3492 4524//3492 4525//3492
f 4474//3493 4525//3493 4475//3493
f 4475//3493 4525//3493 4526//3493
f 4475//3494 4526//3494 4476//3494
f 4476//3494 4526//3494 4527//3494
f 4476//3495 4527//3495 4477//3495
f 4477//3495 4527//3495 4528//3495
f 4477//3496 4528//3496 4478//3496
f 4478//3496 4528//3496 4529//3496
f 4478//3497 4529//3497 4479//3497
f 4479//3497 4529//3497 4530//3497
f 4479//3498 4530//3498 4480//3498
f 4480//3498 4530//3498 4531//3498
f 4480//3499 4531//3499 4481//3499
f 4481//3499 4531//3499 4532//3499
f 4481//3500 4532//3500 4482//3500
f 4482//3500 4532//3500 4533//3500
f 4482//3501 4533//3501 4483//3501
f 4483//3501 4533//3501 4534//3501
f 4483//3502 4534//3502 4484//3502
f 4484//3502 4534//3502 4535//3502
f 4484//3503 4535//3503 4485//3503
f 4485//3503 4535//3503 4536//3503
f 4485//3504 4536//3505 4486//3505
f 4486//3505 4536//3505 4537//3505
f 4486//3506 4537//3506 4487//3506
f 4487//3506 4537//3506 4538//3507
f 4487//3508 4538//3508 4488//3508
f 4488//3508 4538//3508 4539//3508
f 4488//3509 4539//3509 4489//3509
f 4489//3509 4539//3509 4540//3509
f 4489//3510 4540//3510 4490//3510
f 4490//3510 4540//3510 4541//3510
f 4490//3511 4541//3511 4491//3511
f 4491//3511 4541//3511 4542//3511
f 4491//3512 4542//3512 4492//3512
f 4492//3512 4542//3512 4543//3512
f 4492//3513 4543//3513 4493//3513
f 4493//3513 4543//3513 4544//3513
f 4493//3514 4544//3514 4494//3514
f 4494//3514 4544//3514 4545//3514
f 4494//3515 4545//3515 4495//3515
f 4495//3515 4545//3515 4546//3515
f 4495//3516 4546//3516 4496//3516
f 4496//3516 4546//3516 4547//3516
f 4496//3517 4547//3517 4497//3517
f 4497//3517 4547//3517 4548//3517
f 4497//3518 4548//3518 4498//3518
f 4498//3518 4548//3518 4549//3518
f 4498//3519 4549//3519 4499//3519
f 4499//3519 4549//3519 4550//3519
f 4499//3520 4550//3520 4500//3520
f 4500//3520 4550//3520 4551//3520
f 4500//3521 4551//3521 4501//3521
f 4501//3521 4551//3521 4552//3521
f 4501//3522 4552//3522 4502//3522
f 4502//3522 4552//3522 4553//3522
f 4502//3523 4553//3523 3411//3523
f 3411//3523 4553//3523 3410//3523
f 3282//3524 3280//3524 4503//3524
f 4503//3524 3280//3524 4554//3524
f 4503//3525 4554//3525 4504//3525
f 4504//3525 4554//3525 4555//3525
f 4504//3526 4555//3526 4505//3526
f 4505//3526 4555//3526 4556//3526
f 4505//3527 4556//3527 4506//3527
f 4506//3527 4556//3527 4557//3527
f 4506//3528 4557//3528 4507//3528
f 4507//3528 4557//3528 4558//3528
f 4507//3529 4558//3529 4508//3529
f 4508//3529 4558//3529 4559//3529
f 4508//3530 4559//3530 4509//3530
f 4509//3530 4559//3530 4560//3530
f 4509//3531 4560//3531 4510//3531
f 4510//3531 4560//3531 4561//3531
f 4510//3532 4561//3532 4511//3532
f 4511//3532 4561//3532 4562//3532
f 4511//3533 4562//3533 4512//3533
f 4512//3533 4562//3533 4563//3533
f 4512//3534 4563//3534 4513//3534
f 4513//3534 4563//3534 4564//3535
f 4513//3536 4564//3536 4514//3536
f 4514//3536 4564//3536 4565//3536
f 4514//3537 4565//3537 4515//3537
f 4515//3537 4565//3537 4566//3537
f 4515//3538 4566//3538 4516//3538
f 4516//3538 4566//3538 4567//3538
f 4516//3539 4567//3539 4517//3539
f 4517//3539 4567//3539 4568//3539
f 4517//3540 4568//3540 4518//3540
f 4518//3540 4568//3540 4569//3540
f 4518//3541 4569//3541 4519//3541
f 4519//3541 4569//3541 4570//3541
f 4519//3542 4570//3542 4520//3542
f 4520//3542 4570//3542 4571//3542
f 4520//3543 4571//3543 4521//3543
f 4521//3543 4571//3543 4572//3543
f 4521//3544 4572//3544 4522//3544
f 4522//3544 4572//3544 4573//3544
f 4522//3545 4573//3545 4523//3545
f 4523//3545 4573//3545 4574//3545
f 4523//3546 4574//3546 4524//3546
f 4524//3546 4574//3546 4575//3547
f 4524//3548 4575//3548 4525//3548
f 4525//3548 4575//3548 4576//3548
f 4525//3549 4576//3549 4526//3549
f 4526//3549 4576//3549 4577//3549
f 4526//3550 4577//3550 4527//3550
f 4527//3550 4577//3550 4578//3550
f 4527//3551 4578//3551 4528//3551
f 4528//3551 4578//3551 4579//3551
f 4528//3552 4579//3552 4529//3552
f 4529//3552 4579//3552 4580//3552
f 4529//3553 4580//3553 4530//3553
f 4530//3553 4580//3553 4581//3553
f 4530//3554 4581//3554 4531//3554
f 4531//3554 4581//3554 4582//3554
f 4531//3555 4582//3555 4532//3555
f 4532//3555 4582//3555 4583//3555
f 4532//3556 4583//3556 4533//3556
f 4533//3556 4583//3556 4584//3556
f 4533//3557 4584//3558 4534//3558
f 4534//3558 4584//3558 4585//3558
f 4534//3559 4585//3559 4535//3559
f 4535//3559 4585//3559 4586//3559
f 4535//3560 4586//3560 4536//3560
f 4536//3560 4586//3560 4587//3560
f 4536//3561 4587//3561 4537//3561
f 4537//3561 4587//3561 4588//3561
f 4537//3562 4588//3562 4538//3562
f 4538//3562 4588//3562 4589//3562
f 4538//3563 4589//3563 4539//3563
f 4539//3563 4589//3563 4590//3563
f 4539//3564 4590//3564 4540//3564
f 4540//3564 4590//3564 4591//3564
f 4540//3565 4591//3565 4541//3565
f 4541//3565 4591//3565 4592//3565
f 4541//3566 4592//3566 4542//3566
f 4542//3566 4592//3566 4593//3566
f 4542//3567 4593//3567 4543//3567
f 4543//3567 4593//3567 4594//3567
f 4543//3568 4594//3568 4544//3568
f 4544//3568 4594//3568 4595//3568
f 4544//3569 4595//3570 4545//3570
f 4545//3570 4595//3570 4596//3570
f 4545//3571 4596//3571 4546//3571
f 4546//3571 4596//3571 4597//3571
f 4546//3572 4597//3572 4547//3572
f 4547//3572 4597//3572 4598//3572
f 4547//3573 4598//3573 4548//3573
f 4548//3573 4598//3573 4599//3573
f 4548//3574 4599//3574 4549//3574
f 4549//3574 4599//3574 4600//3574
f 4549//3575 4600//3576 4550//3576
f 4550//3576 4600//3576 4601//3576
f 4550//3577 4601//3577 4551//3577
f 4551//3577 4601//3577 4602//3577
f 4551//3578 4602//3578 4552//3578
f 4552//3578 4602//3578 4603//3578
f 4552//3579 4603//3579 4553//3579
f 4553//3579 4603//3579 4604//3579
f 4553//3580 4604//3580 3410//3580
f 3410//3580 4604//3580 3409//3580
f 3280//3581 3278//3581 4554//3581
f 4554//3581 3278//3581 4605//3581
f 4554//3582 4605//3582 4555//3582
f 4555//3582 4605//3582 4606//3582
f 4555//3583 4606//3583 4556//3583
f 4556//3583 4606//3583 4607//3583
f 4556//3584 4607//3584 4557//3584
f 4557//3584 4607//3584 4608//3584
f 4557//3585 4608//3585 4558//3585
f 4558//3585 4608//3585 4609//3585
f 4558//3586 4609//3586 4559//3586
f 4559//3586 4609//3586 4610//3586
f 4559//3587 4610//3587 4560//3587
f 4560//3587 4610//3587 4611//3587
f 4560//3588 4611//3588 4561//3588
f 4561//3588 4611//3588 4612//3588
f 4561//3589 4612//3589 4562//3589
f 4562//3589 4612//3589 4613//3589
f 4562//3590 4613//3590 4563//3590
f 4563//3590 4613//3590 4614//3590
f 4563//3591 4614//3591 4564//3591
f 4564//3591 4614//3591 4615//3591
f 4564//3592 4615//3592 4565//3592
f 4565//3592 4615//3592 4616//3592
f 4565//3593 4616//3593 4566//3593
f 4566//3593 4616//3593 4617//3593
f 4566//3594 4617//3594 4567//3594
f 4567//3594 4617//3594 4618//3594
f 4567//3595 4618//3595 4568//3595
f 4568//3595 4618//3595 4619//3595
f 4568//3596 4619//3596 4569//3596
f 4569//3596 4619//3596 4620//3596
f 4569//3597 4620//3597 4570//3597
f 4570//3597 4620//3597 4621//3597
f 4570//3598 4621//3598 4571//3598
f 4571//3598 4621//3598 4622//3598
f 4571//3599 4622//3599 4572//3599
f 4572//3599 4622//3599 4623//3599
f 4572//3600 4623//3600 4573//3600
f 4573//3600 4623//3600 4624//3600
f 4573//3601 4624//3601 4574//3601
f 4574//3601 4624//3601 4625//3601
f 4574//3602 4625//3602 4575//3602
f 4575//3602 4625//3602 4626//3602
f 4575//3603 4626//3603 4576//3603
f 4576//3603 4626//3603 4627//3603
f 4576//3604 4627//3604 4577//3604
f 4577//3604 4627//3604 4628//3605
f 4577//3606 4628//3606 4578//3606
f 4578//3606 4628//3606 4629//3606
f 4578//3607 4629//3608 4579//3608
f 4579//3608 4629//3608 4630//3608
f 4579//3609 4630//3609 4580//3609
f 4580//3609 4630//3609 4631//3609
f 4580//3610 4631//3611 4581//3611
f 4581//3611 4631//3611 4632//3611
f 4581//3612 4632//3612 4582//3612
f 4582//3612 4632//3612 4633//3612
f 4582//3613 4633//3614 4583//3614
f 4583//3614 4633//3614 4634//3614
f 4583//3615 4634//3615 4584//3615
f 4584//3615 4634//3615 4635//3615
f 4584//3616 4635//3616 4585//3616
f 4585//3616 4635//3616 4636//3616
f 4585//3617 4636//3617 4586//3617
f 4586//3617 4636//3617 4637//3617
f 4586//3618 4637//3618 4587//3618
f 4587//3618 4637//3618 4638//3618
f 4587//3619 4638//3619 4588//3619
f 4588//3619 4638//3619 4639//3619
f 4588//3620 4639//3620 4589//3620
f 4589//3620 4639//3620 4640//3620
f 4589//3621 4640//3621 4590//3621
f 4590//3621 4640//3621 4641//3621
f 4590//3622 4641//3622 4591//3622
f 4591//3622 4641//3622 4642//3622
f 4591//3623 4642//3623 4592//3623
f 4592//3623 4642//3623 4643//3623
f 4592//3624 4643//3624 4593//3624
f 4593//3624 4643//3624 4644//3624
f 4593//3625 4644//3625 4594//3625
f 4594//3625 4644//3625 4645//3625
f 4594//3626 4645//3626 4595//3626
f 4595//3626 4645//3626 4646//3627
f 4595//3628 4646//3628 4596//3628
f 4596//3628 4646//3628 4647//3628
f 4596//3629 4647//3629 4597//3629
f 4597//3629 4647//3629 4648//3629
f 4597//3630 4648//3630 4598//3630
f 4598//3630 4648//3630 4649//3630
f 4598//3631 4649//3631 4599//3631
f 4599//3631 4649//3631 4650//3631
f 4599//3632 4650//3632 4600//3632
f 4600//3632 4650//3632 4651//3632
f 4600//3633 4651//3633 4601//3633
f 4601//3633 4651//3633 4652//3633
f 4601//3634 4652//3634 4602//3634
f 4602//3634 4652//3634 4653//3634
f 4602//3635 4653//3635 4603//3635
f 4603//3635 4653//3635 4654//3635
f 4603//3636 4654//3636 4604//3636
f 4604//3636 4654//3636 4655//3636
f 4604//3637 4655//3637 3409//3637
f 3409//3637 4655//3637 3408//3637
f 3278//3638 3276//3638 4605//3638
f 4605//3638 3276//3638 4656//3638
f 4605//3639 4656//3639 4606//3639
f 4606//3639 4656//3639 4657//3639
f 4606//3640 4657//3640 4607//3640
f 4607//3640 4657//3640 4658//3640
f 4607//3641 4658//3641 4608//3641
f 4608//3641 4658//3641 4659//3641
f 4608//3642 4659//3642 4609//3642
f 4609//3642 4659//3642 4660//3642
f 4609//3643 4660//3643 4610//3643
f 4610//3643 4660//3643 4661//3643
f 4610//3644 4661//3644 4611//3644
f 4611//3644 4661//3644 4662//3644
f 4611//3645 4662//3645 4612//3645
f 4612//3645 4662//3645 4663//3645
f 4612//3646 4663//3646 4613//3646
f 4613//3646 4663//3646 4664//3646
f 4613//3647 4664//3647 4614//3647
f 4614//3647 4664//3647 4665//3647
f 4614//3648 4665//3648 4615//3648
f 4615//3648 4665//3648 4666//3648
f 4615//3649 4666//3649 4616//3649
f 4616//3649 4666//3649 4667//3649
f 4616//3650 4667//3650 4617//3650
f 4617//3650 4667//3650 4668//3650
f 4617//3651 4668//3651 4618//3651
f 4618//3651 4668//3651 4669//3651
f 4618//3652 4669//3652 4619//3652
f 4619//3652 4669//3652 4670//3652
f 4619//3653 4670//3653 4620//3653
f 4620//3653 4670//3653 4671//3653
f 4620//3654 4671//3654 4621//3654
f 4621//3654 4671//3654 4672//3654
f 4621//3655 4672//3655 4622//3655
f 4622//3655 4672//3655 4673//3655
f 4622//3656 4673//3656 4623//3656
f 4623//3656 4673//3656 4674//3656
f 4623//3657 4674//3657 4624//3657
f 4624//3657 4674//3657 4675//3657
f 4624//3658 4675//3658 4625//3658
f 4625//3658 4675//3658 4676//3658
f 4625//3659 4676//3659 4626//3659
f 4626//3659 4676//3659 4677//3659
f 4626//3660 4677//3660 4627//3660
f 4627//3660 4677//3660 4678//3660
f 4627//3661 4678//3661 4628//3661
f 4628//3661 4678//3661 4679//3662
f 4628//3663 4679//3663 4629//3663
f 4629//3663 4679//3663 4680//3663
f 4629//3664 4680//3664 4630//3664
f 4630//3664 4680//3664 4681//3664
f 4630//3665 4681//3665 4631//3665
f 4631//3665 4681//3665 4682//3665
f 4631//3666 4682//3666 4632//3666
f 4632//3666 4682//3666 4683//3666
f 4632//3667 4683//3667 4633//3667
f 4633//3667 4683//3667 4684//3667
f 4633//3668 4684//3669 4634//3669
f 4634//3669 4684//3669 4685//3669
f 4634//3670 4685//3670 4635//3670
f 4635//3670 4685//3670 4686//3670
f 4635//3671 4686//3671 4636//3671
f 4636//3671 4686//3671 4687//3671
f 4636//3672 4687//3672 4637//3672
f 4637//3672 4687//3672 4688//3672
f 4637//3673 4688//3673 4638//3673
f 4638//3673 4688//3673 4689//3673
f 4638//3674 4689//3674 4639//3674
f 4639//3674 4689//3674 4690//3674
f 4639//3675 4690//3675 4640//3675
f 4640//3675 4690//3675 4691//3675
f 4640//3676 4691//3676 4641//3676
f 4641//3676 4691//3676 4692//3676
f 4641//3677 4692//3677 4642//3677
f 4642//3677 4692//3677 4693//3677
f 4642//3678 4693//3678 4643//3678
f 4643//3678 4693//3678 4694//3678
f 4643//3679 4694//3679 4644//3679
f 4644//3679 4694//3679 4695//3679
f 4644//3680 4695//3680 4645//3680
f 4645//3680 4695//3680 4696//3680
f 4645//3681 4696//3681 4646//3681
f 4646//3681 4696//3681 4697//3681
f 4646//3682 4697//3682 4647//3682
f 4647//3682 4697//3682 4698//3682
f 4647//3683 4698//3683 4648//3683
f 4648//3683 4698//3683 4699//3683
f 4648//3684 4699//3684 4649//3684
f 4649//3684 4699//3684 4700//3684
f 4649//3685 4700//3685 4650//3685
f 4650//3685 4700//3685 4701//3685
f 4650//3686 4701//3686 4651//3686
f 4651//3686 4701//3686 4702//3686
f 4651//3687 4702//3687 4652//3687
f 4652//3687 4702//3687 4703//3687
f 4652//3688 4703//3688 4653//3688
f 4653//3688 4703//3688 4704//3688
f 4653//3689 4704//3689 4654//3689
f 4654//3689 4704//3689 4705//3689
f 4654//3690 4705//3690 4655//3690
f 4655//3690 4705//3690 4706//3690
f 4655//3691 4706//3691 3408//3691
f 3408//3691 4706//3691 3407//3691
f 3276//3692 3274//3692 4656//3692
f 4656//3692 3274//3692 4707//3692
f 4656//3693 4707//3693 4657//3693
f 4657//3693 4707//3693 4708//3694
f 4657//3695 4708//3695 4658//3695
f 4658//3695 4708//3695 4709//3695
f 4658//3696 4709//3697 4659//3697
f 4659//3697 4709//3697 4710//3697
f 4659//3698 4710//3698 4660//3698
f 4660//3698 4710//3698 4711//3698
f 4660//3699 4711//3699 4661//3699
f 4661//3699 4711//3699 4712//3699
f 4661//3700 4712//3700 4662//3700
f 4662//3700 4712//3700 4713//3700
f 4662//3701 4713//3701 4663//3701
f 4663//3701 4713//3701 4714//3701
f 4663//3702 4714//3702 4664//3702
f 4664//3702 4714//3702 4715//3702
f 4664//3703 4715//3703 4665//3703
f 4665//3703 4715//3703 4716//3703
f 4665//3704 4716//3705 4666//3704
f 4666//3704 4716//3705 4717//3705
f 4666//3706 4717//3706 4667//3706
f 4667//3706 4717//3706 4718//3706
f 4667//3707 4718//3707 4668//3707
f 4668//3707 4718//3707 4719//3707
f 4668//3708 4719//3708 4669//3708
f 4669//3708 4719//3708 4720//3708
f 4669//3709 4720//3709 4670//3709
f 4670//3709 4720//3709 4721//3709
f 4670//3710 4721//3710 4671//3710
f 4671//3710 4721//3710 4722//3710
f 4671//3711 4722//3711 4672//3711
f 4672//3711 4722//3711 4723//3711
f 4672//3712 4723//3712 4673//3712
f 4673//3712 4723//3712 4724//3712
f 4673//3713 4724//3713 4674//3713
f 4674//3713 4724//3713 4725//3713
f 4674//3714 4725//3714 4675//3714
f 4675//3714 4725//3714 4726//3714
f 4675//3715 4726//3715 4676//3715
f 4676//3715 4726//3715 4727//3715
f 4676//3716 4727//3716 4677//3716
f 4677//3716 4727//3716 4728//3717
f 4677//3718 4728//3718 4678//3718
f 4678//3718 4728//3718 4729//3718
f 4678//3719 4729//3719 4679//3719
f 4679//3719 4729//3719 4730//3719
f 4679//3720 4730//3720 4680//3720
f 4680//3720 4730//3720 4731//3720
f 4680//3721 4731//3721 4681//3721
f 4681//3721 4731//3721 4732//3721
f 4681//3722 4732//3722 4682//3722
f 4682//3722 4732//3722 4733//3722
f 4682//3723 4733//3723 4683//3723
f 4683//3723 4733//3723 4734//3723
f 4683//3724 4734//3724 4684//3724
f 4684//3724 4734//3724 4735//3724
f 4684//3725 4735//3725 4685//3725
f 4685//3725 4735//3725 4736//3725
f 4685//3726 4736//3726 4686//3726
f 4686//3726 4736//3726 4737//3726
f 4686//3727 4737//3728 4687//3728
f 4687//3728 4737//3728 4738//3729
f 4687//3730 4738//3730 4688//3730
f 4688//3730 4738//3730 4739//3730
f 4688//3731 4739//3731 4689//3731
f 4689//3731 4739//3731 4740//3731
f 4689//3732 4740//3732 4690//3732
f 4690//3732 4740//3732 4741//3732
f 4690//3733 4741//3733 4691//3733
f 4691//3733 4741//3733 4742//3733
f 4691//3734 4742//3734 4692//3734
f 4692//3734 4742//3734 4743//3734
f 4692//3735 4743//3735 4693//3735
f 4693//3735 4743//3735 4744//3735
f 4693//3736 4744//3736 4694//3736
f 4694//3736 4744//3736 4745//3736
f 4694//3737 4745//3737 4695//3737
f 4695//3737 4745//3737 4746//3737
f 4695//3738 4746//3738 4696//3738
f 4696//3738 4746//3738 4747//3738
f 4696//3739 4747//3739 4697//3739
f 4697//3739 4747//3739 4748//3739
f 4697//3740 4748//3740 4698//3740
f 4698//3740 4748//3740 4749//3740
f 4698//3741 4749//3741 4699//3741
f 4699//3741 4749//3741 4750//3741
f 4699//3742 4750//3742 4700//3742
f 4700//3742 4750//3742 4751//3742
f 4700//3743 4751//3743 4701//3743
f 4701//3743 4751//3743 4752//3743
f 4701//3744 4752//3744 4702//3744
f 4702//3744 4752//3744 4753//3744
f 4702//3745 4753//3745 4703//3745
f 4703//3745 4753//3745 4754//3745
f 4703//3746 4754//3746 4704//3746
f 4704//3746 4754//3746 4755//3746
f 4704//3747 4755//3747 4705//3747
f 4705//3747 4755//3747 4756//3747
f 4705//3748 4756//3748 4706//3748
f 4706//3748 4756//3748 4757//3748
f 4706//3749 4757//3749 3407//3749
f 3407//3749 4757//3749 3406//3749
f 3274//3750 3272//3750 4707//3750
f 4707//3750 3272//3750 4758//3750
f 4707//3751 4758//3751 4708//3751
f 4708//3751 4758//3751 4759//3751
f 4708//3752 4759//3752 4709//3752
f 4709//3752 4759//3752 4760//3752
f 4709//3753 4760//3753 4710//3753
f 4710//3753 4760//3753 4761//3753
f 4710//3754 4761//3754 4711//3754
f 4711//3754 4761//3754 4762//3754
f 4711//3755 4762//3755 4712//3755
f 4712//3755 4762//3755 4763//3755
f 4712//3756 4763//3756 4713//3756
f 4713//3756 4763//3756 4764//3757
f 4713//3758 4764//3758 4714//3758
f 4714//3758 4764//3758 4765//3758
f 4714//3759 4765//3759 4715//3759
f 4715//3759 4765//3759 4766//3759
f 4715//3760 4766//3760 4716//3760
f 4716//3760 4766//3760 4767//3760
f 4716//3761 4767//3761 4717//3761
f 4717//3761 4767//3761 4768//3761
f 4717//3762 4768//3762 4718//3762
f 4718//3762 4768//3762 4769//3762
f 4718//3763 4769//3763 4719//3763
f 4719//3763 4769//3763 4770//3763
f 4719//3764 4770//3764 4720//3764
f 4720//3764 4770//3764 4771//3764
f 4720//3765 4771//3765 4721//3765
f 4721//3765 4771//3765 4772//3765
f 4721//3766 4772//3766 4722//3766
f 4722//3766 4772//3766 4773//3766
f 4722//3767 4773//3767 4723//3767
f 4723//3767 4773//3767 4774//3767
f 4723//3768 4774//3768 4724//3768
f 4724//3768 4774//3768 4775//3768
f 4724//3769 4775//3769 4725//3769
f 4725//3769 4775//3769 4776//3769
f 4725//3770 4776//3770 4726//3770
f 4726//3770 4776//3770 4777//3770
f 4726//3771 4777//3771 4727//3771
f 4727//3771 4777//3771 4778//3771
f 4727//3772 4778//3772 4728//3772
f 4728//3772 4778//3772 4779//3772
f 4728//3773 4779//3773 4729//3773
f 4729//3773 4779//3773 4780//3773
f 4729//3774 4780//3774 4730//3774
f 4730//3774 4780//3774 4781//3774
f 4730//3775 4781//3775 4731//3775
f 4731//3775 4781//3775 4782//3775
f 4731//3776 4782//3776 4732//3776
f 4732//3776 4782//3776 4783//3776
f 4732//3777 4783//3777 4733//3777
f 4733//3777 4783//3777 4784//3777
f 4733//3778 4784//3778 4734//3778
f 4734//3778 4784//3778 4785//3778
f 4734//3779 4785//3779 4735//3779
f 4735//3779 4785//3779 4786//3779
f 4735//3780 4786//3780 4736//3780
f 4736//3780 4786//3780 4787//3780
f 4736//3781 4787//3781 4737//3781
f 4737//3781 4787//3781 4788//3781
f 4737//3782 4788//3782 4738//3782
f 4738//3782 4788//3782 4789//3782
f 4738//3783 4789//3783 4739//3783
f 4739//3783 4789//3783 4790//3783
f 4739//3784 4790//3784 4740//3784
f 4740//3784 4790//3784 4791//3784
f 4740//3785 4791//3785 4741//3785
f 4741//3785 4791//3785 4792//3785
f 4741//3786 4792//3786 4742//3786
f 4742//3786 4792//3786 4793//3786
f 4742//3787 4793//3787 4743//3787
f 4743//3787 4793//3787 4794//3787
f 4743//3788 4794//3788 4744//3788
f 4744//3788 4794//3788 4795//3788
f 4744//3789 4795//3789 4745//3789
f 4745//3789 4795//3789 4796//3789
f 4745//3790 4796//3790 4746//3790
f 4746//3790 4796//3790 4797//3790
f 4746//3791 4797//3791 4747//3791
f 4747//3791 4797//3791 4798//3791
f 4747//3792 4798//3792 4748//3792
f 4748//3792 4798//3792 4799//3792
f 4748//3793 4799//3793 4749//3793
f 4749//3793 4799//3793 4800//3793
f 4749//3794 4800//3794 4750//3794
f 4750//3794 4800//3794 4801//3794
f 4750//3795 4801//3795 4751//3795
f 4751//3795 4801//3795 4802//3795
f 4751//3796 4802//3796 4752//3796
f 4752//3796 4802//3796 4803//3796
f 4752//3797 4803//3798 4753//3798
f 4753//3798 4803//3798 4804//3798
f 4753//3799 4804//3799 4754//3799
f 4754//3799 4804//3799 4805//3799
f 4754//3800 4805//3800 4755//3800
f 4755//3800 4805//3800 4806//3800
f 4755//3801 4806//3801 4756//3801
f 4756//3801 4806//3801 4807//3801
f 4756//3802 4807//3802 4757//3802
f 4757//3802 4807//3802 4808//3802
f 4757//3803 4808//3803 3406//3803
f 3406//3803 4808//3803 3405//3803
f 3272//3804 3270//3804 4758//3804
f 4758//3804 3270//3804 4809//3804
f 4758//3805 4809//3805 4759//3805
f 4759//3805 4809//3805 4810//3805
f 4759//3806 4810//3806 4760//3806
f 4760//3806 4810//3806 4811//3806
f 4760//3807 4811//3807 4761//3807
f 4761//3807 4811//3807 4812//3807
f 4761//3808 4812//3808 4762//3808
f 4762//3808 4812//3808 4813//3808
f 4762//3809 4813//3809 4763//3809
f 4763//3809 4813//3809 4814//3809
f 4763//3810 4814//3810 4764//3810
f 4764//3810 4814//3810 4815//3810
f 4764//3811 4815//3811 4765//3811
f 4765//3811 4815//3811 4816//3811
f 4765//3812 4816//3812 4766//3812
f 4766//3812 4816//3812 4817//3812
f 4766//3813 4817//3813 4767//3813
f 4767//3813 4817//3813 4818//3813
f 4767//3814 4818//3814 4768//3814
f 4768//3814 4818//3814 4819//3814
f 4768//3815 4819//3815 4769//3815
f 4769//3815 4819//3815 4820//3815
f 4769//3816 4820//3816 4770//3816
f 4770//3816 4820//3816 4821//3817
f 4770//3818 4821//3818 4771//3818
f 4771//3818 4821//3818 4822//3818
f 4771//3819 4822//3819 4772//3819
f 4772//3819 4822//3819 4823//3819
f 4772//3820 4823//3820 4773//3820
f 4773//3820 4823//3820 4824//3820
f 4773//3821 4824//3821 4774//3821
f 4774//3821 4824//3821 4825//3821
f 4774//3822 4825//3822 4775//3822
f 4775//3822 4825//3822 4826//3823
f 4775//3824 4826//3825 4776//3824
f 4776//3824 4826//3825 4827//3825
f 4776//3826 4827//3826 4777//3826
f 4777//3826 4827//3826 4828//3826
f 4777//3827 4828//3827 4778//3827
f 4778//3827 4828//3827 4829//3827
f 4778//3828 4829//3828 4779//3828
f 4779//3828 4829//3828 4830//3829
f 4779//3830 4830//3830 4780//3830
f 4780//3830 4830//3830 4831//3830
f 4780//3831 4831//3831 4781//3831
f 4781//3831 4831//3831 4832//3831
f 4781//3832 4832//3832 4782//3832
f 4782//3832 4832//3832 4833//3832
f 4782//3833 4833//3833 4783//3833
f 4783//3833 4833//3833 4834//3833
f 4783//3834 4834//3834 4784//3834
f 4784//3834 4834//3834 4835//3834
f 4784//3835 4835//3835 4785//3835
f 4785//3835 4835//3835 4836//3835
f 4785//3836 4836//3836 4786//3836
f 4786//3836 4836//3836 4837//3836
f 4786//3837 4837//3837 4787//3837
f 4787//3837 4837//3837 4838//3837
f 4787//3838 4838//3838 4788//3838
f 4788//3838 4838//3838 4839//3838
f 4788//3839 4839//3840 4789//3840
f 4789//3840 4839//3840 4840//3840
f 4789//3841 4840//3841 4790//3841
f 4790//3841 4840//3841 4841//3841
f 4790//3842 4841//3842 4791//3842
f 4791//3842 4841//3842 4842//3842
f 4791//3843 4842//3844 4792//3843
f 4792//3843 4842//3844 4843//3844
f 4792//3845 4843//3846 4793//3846
f 4793//3846 4843//3846 4844//3846
f 4793//3847 4844//3847 4794//3847
f 4794//3847 4844//3847 4845//3847
f 4794//3848 4845//3848 4795//3848
f 4795//3848 4845//3848 4846//3848
f 4795//3849 4846//3849 4796//3849
f 4796//3849 4846//3849 4847//3849
f 4796//3850 4847//3850 4797//3850
f 4797//3850 4847//3850 4848//3850
f 4797//3851 4848//3851 4798//3851
f 4798//3851 4848//3851 4849//3852
f 4798//3853 4849//3853 4799//3853
f 4799//3853 4849//3853 4850//3853
f 4799//3854 4850//3854 4800//3854
f 4800//3854 4850//3854 4851//3854
f 4800//3855 4851//3855 4801//3855
f 4801//3855 4851//3855 4852//3855
f 4801//3856 4852//3856 4802//3856
f 4802//3856 4852//3856 4853//3856
f 4802//3857 4853//3857 4803//3857
f 4803//3857 4853//3857 4854//3857
f 4803//3858 4854//3858 4804//3858
f 4804//3858 4854//3858 4855//3858
f 4804//3859 4855//3859 4805//3859
f 4805//3859 4855//3859 4856//3859
f 4805//3860 4856//3860 4806//3860
f 4806//3860 4856//3860 4857//3860
f 4806//3861 4857//3861 4807//3861
f 4807//3861 4857//3861 4858//3861
f 4807//3862 4858//3862 4808//3862
f 4808//3862 4858//3862 4859//3862
f 4808//3863 4859//3864 3405//3863
f 3405//3863 4859//3864 3404//3864
f 3270//3865 3268//3865 4809//3865
f 4809//3865 3268//3865 4860//3865
f 4809//3866 4860//3867 4810//3867
f 4810//3867 4860//3867 4861//3867
f 4810//3868 4861//3868 4811//3868
f 4811//3868 4861//3868 4862//3868
f 4811//3869 4862//3869 4812//3869
f 4812//3869 4862//3869 4863//3869
f 4812//3870 4863//3870 4813//3870
f 4813//3870 4863//3870 4864//3870
f 4813//3871 4864//3871 4814//3871
f 4814//3871 4864//3871 4865//3871
f 4814//3872 4865//3872 4815//3872
f 4815//3872 4865//3872 4866//3872
f 4815//3873 4866//3873 4816//3873
f 4816//3873 4866//3873 4867//3873
f 4816//3874 4867//3874 4817//3874
f 4817//3874 4867//3874 4868//3874
f 4817//3875 4868//3875 4818//3875
f 4818//3875 4868//3875 4869//3875
f 4818//3876 4869//3876 4819//3876
f 4819//3876 4869//3876 4870//3876
f 4819//3877 4870//3877 4820//3877
f 4820//3877 4870//3877 4871//3877
f 4820//3878 4871//3878 4821//3878
f 4821//3878 4871//3878 4872//3878
f 4821//3879 4872//3879 4822//3879
f 4822//3879 4872//3879 4873//3879
f 4822//3880 4873//3880 4823//3880
f 4823//3880 4873//3880 4874//3880
f 4823//3881 4874//3881 4824//3881
f 4824//3881 4874//3881 4875//3881
f 4824//3882 4875//3882 4825//3882
f 4825//3882 4875//3882 4876//3882
f 4825//3883 4876//3883 4826//3883
f 4826//3883 4876//3883 4877//3883
f 4826//3884 4877//3884 4827//3884
f 4827//3884 4877//3884 4878//3884
f 4827//3885 4878//3885 4828//3885
f 4828//3885 4878//3885 4879//3885
f 4828//3886 4879//3886 4829//3886
f 4829//3886 4879//3886 4880//3886
f 4829//3887 4880//3887 4830//3887
f 4830//3887 4880//3887 4881//3888
f 4830//3889 4881//3889 4831//3889
f 4831//3889 4881//3889 4882//3889
f 4831//3890 4882//3890 4832//3890
f 4832//3890 4882//3890 4883//3890
f 4832//3891 4883//3891 4833//3891
f 4833//3891 4883//3891 4884//3891
f 4833//3892 4884//3892 4834//3892
f 4834//3892 4884//3892 4885//3892
f 4834//3893 4885//3893 4835//3893
f 4835//3893 4885//3893 4886//3893
f 4835//3894 4886//3894 4836//3894
f 4836//3894 4886//3894 4887//3894
f 4836//3895 4887//3895 4837//3895
f 4837//3895 4887//3895 4888//3895
f 4837//3896 4888//3896 4838//3896
f 4838//3896 4888//3896 4889//3896
f 4838//3897 4889//3897 4839//3897
f 4839//3897 4889//3897 4890//3897
f 4839//3898 4890//3898 4840//3898
f 4840//3898 4890//3898 4891//3898
f 4840//3899 4891//3899 4841//3899
f 4841//3899 4891//3899 4892//3899
f 4841//3900 4892//3900 4842//3900
f 4842//3900 4892//3900 4893//3900
f 4842//3901 4893//3901 4843//3901
f 4843//3901 4893//3901 4894//3901
f 4843//3902 4894//3902 4844//3902
f 4844//3902 4894//3902 4895//3902
f 4844//3903 4895//3903 4845//3903
f 4845//3903 4895//3903 4896//3903
f 4845//3904 4896//3904 4846//3904
f 4846//3904 4896//3904 4897//3904
f 4846//3905 4897//3905 4847//3905
f 4847//3905 4897//3905 4898//3905
f 4847//3906 4898//3906 4848//3906
f 4848//3906 4898//3906 4899//3907
f 4848//3908 4899//3908 4849//3908
f 4849//3908 4899//3908 4900//3908
f 4849//3909 4900//3909 4850//3909
f 4850//3909 4900//3909 4901//3909
f 4850//3910 4901//3910 4851//3910
f 4851//3910 4901//3910 4902//3910
f 4851//3911 4902//3911 4852//3911
f 4852//3911 4902//3911 4903//3911
f 4852//3912 4903//3912 4853//3912
f 4853//3912 4903//3912 4904//3912
f 4853//3913 4904//3913 4854//3913
f 4854//3913 4904//3913 4905//3913
f 4854//3914 4905//3914 4855//3914
f 4855//3914 4905//3914 4906//3914
f 4855//3915 4906//3915 4856//3915
f 4856//3915 4906//3915 4907//3916
f 4856//3917 4907//3917 4857//3917
f 4857//3917 4907//3917 4908//3917
f 4857//3918 4908//3918 4858//3918
f 4858//3918 4908//3918 4909//3918
f 4858//3919 4909//3920 4859//3920
f 4859//3920 4909//3920 4910//3920
f 4859//3921 4910//3921 3404//3921
f 3404//3921 4910//3921 3403//3922
f 3268//3923 2162//3923 4860//3923
f 4860//3924 2162//3924 2166//3924
f 4860//3925 2166//3925 4861//3925
f 4861//3926 2166//3926 2168//3926
f 4861//3927 2168//3927 4862//3927
f 4862//3928 2168//3928 4863//3928
f 2168//3929 2170//3929 4863//3929
f 4863//3930 2170//3930 4864//3930
f 2170//3931 2172//3931 4864//3931
f 4864//3932 2172//3932 4865//3932
f 4865//3933 2172//3933 4866//3933
f 4866//3934 2172//3934 2174//3934
f 4866//3935 2174//3935 4867//3935
f 4867//3936 2174//3937 2176//3936
f 4867//3936 2176//3936 4868//3938
f 4868//3939 2176//3939 4869//3939
f 2176//3940 2178//3940 4869//3940
f 4869//3941 2178//3941 4870//3941
f 2178//3942 2180//3943 4870//3943
f 4870//3943 2180//3943 4871//3944
f 4871//3945 2180//3945 4872//3945
f 4872//3946 2180//3946 2182//3946
f 4872//3947 2182//3947 4873//3947
f 4873//3948 2182//3949 2184//3950
f 4873//3948 2184//3950 4874//3951
f 4874//3952 2184//3952 4875//3952
f 2184//3953 2186//3953 4875//3953
f 4875//3954 2186//3954 4876//3954
f 2186//3955 2188//3956 4876//3956
f 4876//3956 2188//3956 4877//3957
f 4877//3958 2188//3958 4878//3958
f 4878//3959 2188//3959 2190//3959
f 4878//3960 2190//3960 4879//3960
f 4879//3961 2190//3962 2192//3961
f 4879//3961 2192//3961 4880//3963
f 4880//3964 2192//3964 4881//3964
f 2192//3965 2194//3965 4881//3965
f 4881//3966 2194//3966 4882//3966
f 2194//3967 2196//3968 4882//3969
f 4882//3969 2196//3968 4883//3969
f 4883//3970 2196//3970 4884//3970
f 4884//3971 2196//3971 2198//3971
f 4884//3972 2198//3972 4885//3972
f 4885//3973 2198//3973 2199//3973
f 4885//3973 2199//3973 4886//3973
f 4886//3974 2199//3974 4887//3974
f 2199//3975 2201//3975 4887//3975
f 4887//3976 2201//3976 4888//3976
f 2201//3977 2203//3978 4888//3979
f 4888//3979 2203//3978 4889//3980
f 4889//3981 2203//3981 4890//3981
f 4890//3982 2203//3982 2205//3982
f 4890//3983 2205//3983 4891//3983
f 4891//3984 2205//3985 2207//3984
f 4891//3984 2207//3984 4892//3986
f 4892//3987 2207//3987 4893//3987
f 2207//3988 2209//3988 4893//3988
f 4893//3989 2209//3989 4894//3989
f 2209//3990 2211//3991 4894//3991
f 4894//3991 2211//3991 4895//3992
f 4895//3993 2211//3993 4896//3993
f 4896//3994 2211//3994 2213//3994
f 4896//3995 2213//3995 4897//3995
f 4897//3996 2213//3997 2215//3998
f 4897//3996 2215//3998 4898//3999
f 4898//4000 2215//4000 4899//4000
f 2215//4001 2217//4001 4899//4001
f 4899//4002 2217//4002 4900//4002
f 2217//4003 2219//4004 4900//4005
f 4900//4005 2219//4004 4901//4006
f 4901//4007 2219//4007 4902//4007
f 4902//4008 2219//4008 2221//4008
f 4902//4009 2221//4009 4903//4009
f 4903//4010 2221//4010 2223//4010
f 4903//4011 2223//4011 4904//4011
f 4904//4012 2223//4012 4905//4012
f 2223//4013 2225//4013 4905//4013
f 4905//4014 2225//4014 4906//4014
f 2225//4015 2227//4015 4906//4015
f 4906//4016 2227//4016 4907//4016
f 4907//4017 2227//4017 4908//4017
f 4908//4018 2227//4018 2229//4018
f 4908//4019 2229//4019 4909//4019
f 4909//4020 2229//4020 2231//4020
f 4909//4021 2231//4021 4910//4021
f 4910//4022 2231//4022 3403//4022
f 4911//4023 4912//4023 4913//4023
f 4913//4023 4912//4023 4914//4023
f 4913//4024 4914//4024 4915//4024
f 4915//4024 4914//4024 4916//4024
f 4915//4025 4916//4025 4917//4025
f 4917//4025 4916//4025 4918//4025
f 4917//4026 4918//4026 4919//4026
f 4919//4026 4918//4026 4920//4026
f 4919//4027 4920//4027 4921//4027
f 4921//4027 4920//4027 4922//4027
f 4921//4028 4922//4028 4923//4028
f 4923//4028 4922//4028 4924//4028
f 4923//4029 4924//4029 4925//4029
f 4925//4029 4924//4029 4926//4029
f 4925//4030 4926//4031 4927//4031
f 4927//4031 4926//4031 4928//4031
f 4927//4032 4928//4032 4929//4032
f 4929//4032 4928//4032 4930//4032
f 4929//4033 4930//4033 4931//4033
f 4931//4033 4930//4033 4932//4033
f 4931//4034 4932//4034 4933//4034
f 4933//4034 4932//4034 4934//4034
f 4933//4035 4934//4035 4935//4035
f 4935//4035 4934//4035 4936//4035
f 4935//4036 4936//4036 4937//4036
f 4937//4036 4936//4036 4938//4036
f 4937//4037 4938//4037 4939//4037
f 4939//4037 4938//4037 4940//4037
f 4939//4038 4940//4038 4941//4038
f 4941//4038 4940//4038 4942//4038
f 4941//4039 4942//4039 4943//4039
f 4943//4039 4942//4039 4944//4039
f 4943//4040 4944//4040 4945//4040
f 4945//4040 4944//4040 4946//4040
f 4945//4041 4946//4041 4947//4041
f 4947//4041 4946//4041 4948//4041
f 4947//4042 4948//4042 4949//4042
f 4949//4042 4948//4042 4950//4042
f 4949//4043 4950//4043 4951//4043
f 4951//4043 4950//4043 4952//4043
f 4951//4044 4952//4044 4953//4044
f 4953//4044 4952//4044 4954//4044
f 4953//4045 4954//4045 4955//4045
f 4955//4045 4954//4045 4956//4045
f 4955//4046 4956//4046 4957//4046
f 4957//4046 4956//4046 4958//4046
f 4957//4047 4958//4047 4959//4047
f 4959//4047 4958//4047 4960//4047
f 4959//4048 4960//4048 4961//4048
f 4961//4048 4960//4048 4962//4048
f 4961//4049 4962//4049 4963//4049
f 4963//4049 4962//4049 4964//4049
f 4963//4050 4964//4050 4965//4050
f 4965//4050 4964//4050 4966//4050
f 4965//4051 4966//4051 4967//4051
f 4967//4051 4966//4051 4968//4051
f 4967//4052 4968//4052 4969//4052
f 4969//4052 4968//4052 4970//4052
f 4969//4053 4970//4053 4971//4053
f 4971//4053 4970//4053 4972//4053
f 4971//4054 4972//4054 4973//4054
f 4973//4054 4972//4054 4974//4054
f 4973//4055 4974//4055 4975//4055
f 4975//4055 4974//4055 4976//4055
f 4975//4056 4976//4056 4977//4056
f 4977//4056 4976//4056 4978//4056
f 4977//4057 4978//4057 4979//4057
f 4979//4057 4978//4057 4980//4057
f 4979//4058 4980//4058 4981//4058
f 4981//4058 4980//4058 4982//4058
f 4981//4059 4982//4059 4983//4059
f 4983//4059 4982//4059 4984//4059
f 4983//4060 4984//4060 4985//4060
f 4985//4060 4984//4060 4986//4060
f 4985//4061 4986//4061 4987//4061
f 4987//4061 4986//4061 4988//4061
f 4987//4062 4988//4062 4989//4062
f 4989//4062 4988//4062 4990//4062
f 4989//4063 4990//4063 4991//4063
f 4991//4063 4990//4063 4992//4063
f 4991//4064 4992//4064 4993//4064
f 4993//4064 4992//4064 4994//4064
f 4993//4065 4994//4065 4995//4065
f 4995//4065 4994//4065 4996//4065
f 4995//4066 4996//4066 4997//4066
f 4997//4066 4996//4066 4998//4066
f 4997//4067 4998//4067 4999//4067
f 4999//4067 4998//4067 5000//4067
f 4999//4068 5000//4068 5001//4068
f 5001//4068 5000//4068 5002//4068
f 5001//4069 5002//4069 5003//4069
f 5003//4069 5002//4069 5004//4069
f 5003//4070 5004//4070 5005//4071
f 5005//4071 5004//4070 5006//4071
f 5005//4072 5006//4072 5007//4072
f 5007//4072 5006//4072 5008//4072
f 5007//4073 5008//4073 5009//4073
f 5009//4073 5008//4073 5010//4073
f 5009//4074 5010//4074 5011//4074
f 5011//4074 5010//4074 5012//4074
f 5011//4075 5012//4075 5013//4075
f 5013//4075 5012//4075 5014//4075
f 5013//4076 5014//4076 5015//4076
f 5015//4076 5014//4076 5016//4076
f 5015//4077 5016//4077 5017//4077
f 5017//4077 5016//4077 5018//4077
f 5017//4078 5018//4078 5019//4078
f 5019//4078 5018//4078 5020//4078
f 5020//4079 5018//4079 5021//4079
f 5020//4079 5021//4079 5022//4079
f 5022//4080 5021//4080 5023//4080
f 5022//4080 5023//4080 5024//4080
f 5024//4081 5023//4081 5025//4081
f 5024//4081 5025//4081 5026//4081
f 5026//4082 5025//4082 5027//4082
f 5026//4082 5027//4082 5028//4082
f 5028//4083 5027//4083 5029//4083
f 5028//4083 5029//4083 5030//4083
f 5030//4084 5029//4084 5031//4084
f 5030//4084 5031//4084 5032//4084
f 5032//4085 5031//4085 5033//4085
f 5032//4085 5033//4085 5034//4085
f 5034//4086 5033//4086 5035//4086
f 5034//4086 5035//4086 5036//4086
f 5036//4087 5035//4087 5037//4087
f 5036//4087 5037//4087 5038//4087
f 5038//4088 5037//4088 5039//4088
f 5038//4088 5039//4088 5040//4088
f 5040//4089 5039//4089 5041//4089
f 5040//4089 5041//4089 5042//4089
f 5042//4090 5041//4090 5043//4090
f 5042//4090 5043//4090 5044//4090
f 5044//4091 5043//4092 5045//4091
f 5044//4091 5045//4091 5046//4091
f 5046//4093 5045//4094 5047//4095
f 5046//4093 5047//4095 5048//4093
f 5048//4096 5047//4097 5049//4098
f 5048//4096 5049//4098 5050//4096
f 5050//4099 5049//4100 5051//4101
f 5050//4099 5051//4101 5052//4099
f 5052//4102 5051//4102 5053//4102
f 5052//4102 5053//4102 5054//4102
f 5054//4103 5053//4103 5055//4103
f 5054//4103 5055//4103 5056//4103
f 5056//4104 5055//4104 5057//4104
f 5056//4104 5057//4104 5058//4104
f 5058//4105 5057//4105 5059//4105
f 5058//4105 5059//4105 5060//4105
f 5060//4106 5059//4106 5061//4106
f 5060//4106 5061//4106 5062//4106
f 5062//4107 5061//4107 5063//4107
f 5062//4107 5063//4107 5064//4107
f 5064//4108 5063//4108 5065//4108
f 5064//4108 5065//4108 5066//4108
f 5066//4109 5065//4109 5067//4109
f 5066//4109 5067//4109 5068//4109
f 5068//4110 5067//4110 5069//4110
f 5068//4110 5069//4110 5070//4110
f 5070//4111 5069//4111 5071//4111
f 5070//4111 5071//4111 5072//4111
f 5072//4112 5071//4112 5073//4112
f 5072//4112 5073//4112 5074//4112
f 5074//4113 5073//4114 5075//4113
f 5074//4113 5075//4113 5076//4113
f 5076//4115 5075//4115 2163//4115
f 2163//4116 5075//4116 2167//4116
f 2167//4117 5075//4117 5077//4117
f 2167//4118 5077//4119 5078//4120
f 5078//4121 5077//4121 5079//4121
f 5078//4121 5079//4121 5080//4121
f 5080//4122 5079//4122 5081//4122
f 5080//4122 5081//4122 5082//4122
f 5082//4123 5081//4123 5083//4123
f 5082//4123 5083//4123 5084//4123
f 5084//4124 5083//4124 5085//4124
f 5084//4124 5085//4124 5086//4124
f 5086//4125 5085//4125 5087//4125
f 5086//4125 5087//4125 5088//4125
f 5088//4126 5087//4126 5089//4126
f 5088//4126 5089//4126 5090//4126
f 5090//4127 5089//4127 5091//4127
f 5090//4127 5091//4127 5092//4127
f 5092//4128 5091//4128 5093//4128
f 5092//4128 5093//4128 5094//4128
f 5094//4129 5093//4129 5095//4129
f 5094//4129 5095//4129 5096//4129
f 5096//4130 5095//4130 5097//4130
f 5096//4130 5097//4130 5098//4130
f 5098//4131 5097//4131 5099//4131
f 5098//4131 5099//4131 5100//4131
f 5100//4132 5099//4132 5101//4132
f 5100//4132 5101//4132 5102//4132
f 5102//4133 5101//4100 5103//4133
f 5102//4133 5103//4133 5104//4134
f 5104//4135 5103//4136 5105//4137
f 5104//4135 5105//4137 5106//4138
f 5106//4139 5105//4140 5107//4141
f 5106//4139 5107//4141 5108//4142
f 5108//4143 5107//4092 5109//4143
f 5108//4143 5109//4143 5110//4144
f 5110//4145 5109//4145 5111//4145
f 5110//4145 5111//4145 5112//4145
f 5112//4146 5111//4146 5113//4146
f 5112//4146 5113//4146 5114//4146
f 5114//4147 5113//4147 5115//4147
f 5114//4147 5115//4147 5116//4147
f 5116//4148 5115//4148 5117//4148
f 5116//4148 5117//4148 5118//4148
f 5118//4149 5117//4149 5119//4149
f 5118//4149 5119//4149 5120//4149
f 5120//4150 5119//4150 5121//4150
f 5120//4150 5121//4150 5122//4150
f 5122//4151 5121//4151 5123//4151
f 5122//4151 5123//4151 5124//4151
f 5124//4152 5123//4152 5125//4152
f 5124//4152 5125//4152 5126//4152
f 5126//4153 5125//4153 5127//4153
f 5126//4153 5127//4153 5128//4153
f 5128//4154 5127//4155 5129//4155
f 5128//4154 5129//4155 5130//4154
f 5130//4156 5129//4156 5131//4156
f 5130//4156 5131//4156 5132//4156
f 5132//4157 5131//4157 5016//4157
f 5132//4157 5016//4157 5014//4157
f 4912//4158 5133//4158 4914//4158
f 4914//4158 5133//4158 5134//4158
f 4914//4159 5134//4159 4916//4159
f 4916//4159 5134//4159 5135//4159
f 4916//4160 5135//4160 4918//4160
f 4918//4160 5135//4160 5136//4160
f 4918//4161 5136//4161 4920//4161
f 4920//4161 5136//4161 5137//4162
f 4920//4163 5137//4163 4922//4163
f 4922//4163 5137//4163 5138//4163
f 4922//4164 5138//4164 4924//4164
f 4924//4164 5138//4164 5139//4164
f 4924//4165 5139//4165 4926//4165
f 4926//4165 5139//4165 5140//4165
f 4926//4166 5140//4166 4928//4166
f 4928//4166 5140//4166 5141//4166
f 4928//4167 5141//4167 4930//4167
f 4930//4167 5141//4167 5142//4167
f 4930//4168 5142//4168 4932//4168
f 4932//4168 5142//4168 5143//4168
f 4932//4169 5143//4170 4934//4170
f 4934//4170 5143//4170 5144//4170
f 4934//4171 5144//4171 4936//4171
f 4936//4171 5144//4171 5145//4171
f 4936//4172 5145//4172 4938//4172
f 4938//4172 5145//4172 5146//4173
f 4938//4174 5146//4174 4940//4174
f 4940//4174 5146//4174 5147//4174
f 4940//4175 5147//4175 4942//4175
f 4942//4175 5147//4175 5148//4175
f 4942//4176 5148//4176 4944//4176
f 4944//4176 5148//4176 5149//4176
f 4944//4177 5149//4177 4946//4177
f 4946//4177 5149//4177 5150//4177
f 4946//4178 5150//4178 4948//4178
f 4948//4178 5150//4178 5151//4178
f 4948//4179 5151//4179 4950//4179
f 4950//4179 5151//4179 5152//4179
f 4950//4180 5152//4180 4952//4180
f 4952//4180 5152//4180 5153//4180
f 4952//4181 5153//4181 4954//4181
f 4954//4181 5153//4181 5154//4181
f 4954//4182 5154//4182 4956//4182
f 4956//4182 5154//4182 5155//4182
f 4956//4183 5155//4184 4958//4184
f 4958//4184 5155//4184 5156//4184
f 4958//4185 5156//4185 4960//4185
f 4960//4185 5156//4185 5157//4185
f 4960//4186 5157//4186 4962//4186
f 4962//4186 5157//4186 5158//4186
f 4962//4187 5158//4187 4964//4187
f 4964//4187 5158//4187 5159//4187
f 4964//4188 5159//4188 4966//4188
f 4966//4188 5159//4188 5160//4188
f 4966//4189 5160//4189 4968//4189
f 4968//4189 5160//4189 5161//4189
f 4968//4190 5161//4190 4970//4190
f 4970//4190 5161//4190 5162//4190
f 4970//4191 5162//4191 4972//4191
f 4972//4191 5162//4191 5163//4191
f 4972//4192 5163//4192 4974//4192
f 4974//4192 5163//4192 5164//4192
f 4974//4193 5164//4193 4976//4194
f 4976//4194 5164//4193 5165//4194
f 4976//4195 5165//4195 4978//4195
f 4978//4195 5165//4195 5166//4195
f 4978//4196 5166//4196 4980//4196
f 4980//4196 5166//4196 5167//4196
f 4980//4197 5167//4197 4982//4197
f 4982//4197 5167//4197 5168//4197
f 4982//4198 5168//4198 4984//4198
f 4984//4198 5168//4198 5169//4198
f 4984//4199 5169//4199 4986//4199
f 4986//4199 5169//4199 5170//4200
f 4986//4201 5170//4201 4988//4201
f 4988//4201 5170//4201 5171//4201
f 4988//4202 5171//4202 4990//4202
f 4990//4202 5171//4202 5172//4202
f 4990//4203 5172//4203 4992//4203
f 4992//4203 5172//4203 5173//4203
f 4992//4204 5173//4204 4994//4204
f 4994//4204 5173//4204 5174//4204
f 4994//4205 5174//4205 4996//4205
f 4996//4205 5174//4205 5175//4205
f 4996//4206 5175//4206 4998//4206
f 4998//4206 5175//4206 5176//4206
f 4998//4207 5176//4207 5000//4207
f 5000//4207 5176//4207 5177//4207
f 5000//4208 5177//4208 5002//4208
f 5002//4208 5177//4208 5178//4208
f 5002//4209 5178//4209 5004//4209
f 5004//4209 5178//4209 5179//4209
f 5004//4210 5179//4210 5006//4210
f 5006//4210 5179//4210 5180//4210
f 5006//4211 5180//4211 5008//4211
f 5008//4211 5180//4211 5181//4211
f 5008//4212 5181//4212 5010//4212
f 5010//4212 5181//4212 5182//4212
f 5010//4213 5182//4213 5012//4213
f 5012//4213 5182//4213 5183//4213
f 5012//4214 5183//4214 5014//4214
f 5014//4214 5183//4214 5132//4214
f 5133//4215 5184//4215 5134//4215
f 5134//4215 5184//4215 5185//4215
f 5134//4216 5185//4216 5135//4216
f 5135//4216 5185//4216 5186//4216
f 5135//4217 5186//4217 5136//4217
f 5136//4217 5186//4217 5187//4217
f 5136//4218 5187//4218 5137//4218
f 5137//4218 5187//4218 5188//4218
f 5137//4219 5188//4219 5138//4219
f 5138//4219 5188//4219 5189//4219
f 5138//4220 5189//4220 5139//4220
f 5139//4220 5189//4220 5190//4220
f 5139//4221 5190//4221 5140//4221
f 5140//4221 5190//4221 5191//4221
f 5140//4222 5191//4222 5141//4222
f 5141//4222 5191//4222 5192//4222
f 5141//4223 5192//4223 5142//4223
f 5142//4223 5192//4223 5193//4223
f 5142//4224 5193//4224 5143//4224
f 5143//4224 5193//4224 5194//4224
f 5143//4225 5194//4225 5144//4225
f 5144//4225 5194//4225 5195//4225
f 5144//4226 5195//4226 5145//4226
f 5145//4226 5195//4226 5196//4226
f 5145//4227 5196//4227 5146//4227
f 5146//4227 5196//4227 5197//4227
f 5146//4228 5197//4228 5147//4228
f 5147//4228 5197//4228 5198//4228
f 5147//4229 5198//4229 5148//4229
f 5148//4229 5198//4229 5199//4229
f 5148//4230 5199//4230 5149//4230
f 5149//4230 5199//4230 5200//4230
f 5149//4231 5200//4231 5150//4231
f 5150//4231 5200//4231 5201//4231
f 5150//4232 5201//4232 5151//4233
f 5151//4233 5201//4232 5202//4233
f 5151//4234 5202//4234 5152//4234
f 5152//4234 5202//4234 5203//4234
f 5152//4235 5203//4235 5153//4235
f 5153//4235 5203//4235 5204//4235
f 5153//4236 5204//4236 5154//4236
f 5154//4236 5204//4236 5205//4236
f 5154//4237 5205//4238 5155//4238
f 5155//4238 5205//4238 5206//4238
f 5155//4239 5206//4239 5156//4239
f 5156//4239 5206//4239 5207//4240
f 5156//4241 5207//4241 5157//4241
f 5157//4241 5207//4241 5208//4241
f 5157//4242 5208//4242 5158//4242
f 5158//4242 5208//4242 5209//4243
f 5158//4244 5209//4244 5159//4244
f 5159//4244 5209//4244 5210//4244
f 5159//4245 5210//4245 5160//4245
f 5160//4245 5210//4245 5211//4245
f 5160//4246 5211//4246 5161//4246
f 5161//4246 5211//4246 5212//4246
f 5161//4247 5212//4247 5162//4247
f 5162//4247 5212//4247 5213//4247
f 5162//4248 5213//4248 5163//4249
f 5163//4249 5213//4248 5214//4249
f 5163//4250 5214//4250 5164//4250
f 5164//4250 5214//4250 5215//4250
f 5164//4251 5215//4251 5165//4251
f 5165//4251 5215//4251 5216//4252
f 5165//4253 5216//4253 5166//4253
f 5166//4253 5216//4253 5217//4253
f 5166//4254 5217//4254 5167//4254
f 5167//4254 5217//4254 5218//4254
f 5167//4255 5218//4255 5168//4255
f 5168//4255 5218//4255 5219//4255
f 5168//4256 5219//4256 5169//4256
f 5169//4256 5219//4256 5220//4256
f 5169//4257 5220//4257 5170//4257
f 5170//4257 5220//4257 5221//4257
f 5170//4258 5221//4258 5171//4258
f 5171//4258 5221//4258 5222//4258
f 5171//4259 5222//4259 5172//4259
f 5172//4259 5222//4259 5223//4259
f 5172//4260 5223//4260 5173//4260
f 5173//4260 5223//4260 5224//4260
f 5173//4261 5224//4261 5174//4261
f 5174//4261 5224//4261 5225//4261
f 5174//4262 5225//4262 5175//4262
f 5175//4262 5225//4262 5226//4263
f 5175//4264 5226//4264 5176//4264
f 5176//4264 5226//4264 5227//4264
f 5176//4265 5227//4265 5177//4265
f 5177//4265 5227//4265 5228//4266
f 5177//4267 5228//4267 5178//4267
f 5178//4267 5228//4267 5229//4267
f 5178//4268 5229//4268 5179//4268
f 5179//4268 5229//4268 5230//4268
f 5179//4269 5230//4269 5180//4269
f 5180//4269 5230//4269 5231//4269
f 5180//4270 5231//4270 5181//4270
f 5181//4270 5231//4270 5232//4270
f 5181//4271 5232//4271 5182//4271
f 5182//4271 5232//4271 5233//4271
f 5182//4272 5233//4272 5183//4272
f 5183//4272 5233//4272 5234//4272
f 5183//4273 5234//4273 5132//4273
f 5132//4273 5234//4273 5130//4273
f 5184//4274 5235//4274 5185//4274
f 5185//4274 5235//4274 5236//4274
f 5185//4275 5236//4275 5186//4275
f 5186//4275 5236//4275 5237//4275
f 5186//4276 5237//4276 5187//4277
f 5187//4277 5237//4276 5238//4277
f 5187//4278 5238//4278 5188//4278
f 5188//4278 5238//4278 5239//4278
f 5188//4279 5239//4279 5189//4279
f 5189//4279 5239//4279 5240//4279
f 5189//4280 5240//4280 5190//4280
f 5190//4280 5240//4280 5241//4280
f 5190//4281 5241//4281 5191//4281
f 5191//4281 5241//4281 5242//4281
f 5191//4282 5242//4282 5192//4282
f 5192//4282 5242//4282 5243//4282
f 5192//4283 5243//4283 5193//4283
f 5193//4283 5243//4283 5244//4283
f 5193//4284 5244//4284 5194//4284
f 5194//4284 5244//4284 5245//4284
f 5194//4285 5245//4285 5195//4285
f 5195//4285 5245//4285 5246//4285
f 5195//4286 5246//4286 5196//4286
f 5196//4286 5246//4286 5247//4286
f 5196//4287 5247//4287 5197//4287
f 5197//4287 5247//4287 5248//4287
f 5197//4288 5248//4288 5198//4288
f 5198//4288 5248//4288 5249//4288
f 5198//4289 5249//4289 5199//4289
f 5199//4289 5249//4289 5250//4290
f 5199//4291 5250//4291 5200//4291
f 5200//4291 5250//4291 5251//4291
f 5200//4292 5251//4292 5201//4293
f 5201//4293 5251//4292 5252//4293
f 5201//4294 5252//4294 5202//4294
f 5202//4294 5252//4294 5253//4294
f 5202//4295 5253//4295 5203//4295
f 5203//4295 5253//4295 5254//4295
f 5203//4296 5254//4296 5204//4296
f 5204//4296 5254//4296 5255//4296
f 5204//4297 5255//4297 5205//4297
f 5205//4297 5255//4297 5256//4297
f 5205//4298 5256//4298 5206//4298
f 5206//4298 5256//4298 5257//4298
f 5206//4299 5257//4299 5207//4299
f 5207//4299 5257//4299 5258//4299
f 5207//4300 5258//4300 5208//4300
f 5208//4300 5258//4300 5259//4300
f 5208//4301 5259//4301 5209//4301
f 5209//4301 5259//4301 5260//4301
f 5209//4302 5260//4302 5210//4302
f 5210//4302 5260//4302 5261//4302
f 5210//4303 5261//4303 5211//4303
f 5211//4303 5261//4303 5262//4303
f 5211//4304 5262//4304 5212//4304
f 5212//4304 5262//4304 5263//4304
f 5212//4305 5263//4305 5213//4305
f 5213//4305 5263//4305 5264//4305
f 5213//4306 5264//4306 5214//4306
f 5214//4306 5264//4306 5265//4306
f 5214//4307 5265//4307 5215//4307
f 5215//4307 5265//4307 5266//4307
f 5215//4308 5266//4308 5216//4308
f 5216//4308 5266//4308 5267//4308
f 5216//4309 5267//4309 5217//4309
f 5217//4309 5267//4309 5268//4309
f 5217//4310 5268//4310 5218//4310
f 5218//4310 5268//4310 5269//4310
f 5218//4311 5269//4311 5219//4311
f 5219//4311 5269//4311 5270//4312
f 5219//4313 5270//4313 5220//4313
f 5220//4313 5270//4313 5271//4313
f 5220//4314 5271//4314 5221//4314
f 5221//4314 5271//4314 5272//4314
f 5221//4315 5272//4315 5222//4316
f 5222//4316 5272//4315 5273//4316
f 5222//4317 5273//4317 5223//4317
f 5223//4317 5273//4317 5274//4317
f 5223//4318 5274//4318 5224//4318
f 5224//4318 5274//4318 5275//4318
f 5224//4319 5275//4319 5225//4319
f 5225//4319 5275//4319 5276//4319
f 5225//4320 5276//4320 5226//4320
f 5226//4320 5276//4320 5277//4320
f 5226//4321 5277//4321 5227//4321
f 5227//4321 5277//4321 5278//4321
f 5227//4322 5278//4322 5228//4323
f 5228//4323 5278//4322 5279//4323
f 5228//4324 5279//4324 5229//4324
f 5229//4324 5279//4324 5280//4324
f 5229//4325 5280//4325 5230//4325
f 5230//4325 5280//4325 5281//4325
f 5230//4326 5281//4326 5231//4326
f 5231//4326 5281//4326 5282//4326
f 5231//4327 5282//4327 5232//4327
f 5232//4327 5282//4327 5283//4327
f 5232//4328 5283//4328 5233//4328
f 5233//4328 5283//4328 5284//4328
f 5233//4329 5284//4329 5234//4329
f 5234//4329 5284//4329 5285//4329
f 5234//4330 5285//4330 5130//4330
f 5130//4330 5285//4330 5128//4330
f 5235//4331 5286//4331 5236//4331
f 5236//4331 5286//4331 5287//4331
f 5236//4332 5287//4332 5237//4332
f 5237//4332 5287//4332 5288//4332
f 5237//4333 5288//4333 5238//4333
f 5238//4333 5288//4333 5289//4333
f 5238//4334 5289//4334 5239//4334
f 5239//4334 5289//4334 5290//4334
f 5239//4335 5290//4335 5240//4335
f 5240//4335 5290//4335 5291//4335
f 5240//4336 5291//4336 5241//4336
f 5241//4336 5291//4336 5292//4337
f 5241//4338 5292//4338 5242//4338
f 5242//4338 5292//4338 5293//4338
f 5242//4339 5293//4339 5243//4339
f 5243//4339 5293//4339 5294//4339
f 5243//4340 5294//4340 5244//4340
f 5244//4340 5294//4340 5295//4340
f 5244//4341 5295//4341 5245//4341
f 5245//4341 5295//4341 5296//4341
f 5245//4342 5296//4342 5246//4342
f 5246//4342 5296//4342 5297//4342
f 5246//4343 5297//4343 5247//4343
f 5247//4343 5297//4343 5298//4343
f 5247//4344 5298//4344 5248//4344
f 5248//4344 5298//4344 5299//4344
f 5248//4345 5299//4345 5249//4345
f 5249//4345 5299//4345 5300//4346
f 5249//4347 5300//4347 5250//4347
f 5250//4347 5300//4347 5301//4347
f 5250//4348 5301//4348 5251//4348
f 5251//4348 5301//4348 5302//4348
f 5251//4349 5302//4349 5252//4349
f 5252//4349 5302//4349 5303//4349
f 5252//4350 5303//4350 5253//4350
f 5253//4350 5303//4350 5304//4350
f 5253//4351 5304//4351 5254//4351
f 5254//4351 5304//4351 5305//4351
f 5254//4352 5305//4352 5255//4352
f 5255//4352 5305//4352 5306//4352
f 5255//4353 5306//4353 5256//4353
f 5256//4353 5306//4353 5307//4353
f 5256//4354 5307//4354 5257//4354
f 5257//4354 5307//4354 5308//4354
f 5257//4355 5308//4355 5258//4355
f 5258//4355 5308//4355 5309//4355
f 5258//4356 5309//4356 5259//4356
f 5259//4356 5309//4356 5310//4357
f 5259//4358 5310//4358 5260//4358
f 5260//4358 5310//4358 5311//4358
f 5260//4359 5311//4359 5261//4359
f 5261//4359 5311//4359 5312//4359
f 5261//4360 5312//4360 5262//4360
f 5262//4360 5312//4360 5313//4360
f 5262//4361 5313//4361 5263//4361
f 5263//4361 5313//4361 5314//4361
f 5263//4362 5314//4362 5264//4362
f 5264//4362 5314//4362 5315//4362
f 5264//4363 5315//4363 5265//4363
f 5265//4363 5315//4363 5316//4363
f 5265//4364 5316//4364 5266//4365
f 5266//4365 5316//4364 5317//4365
f 5266//4366 5317//4366 5267//4366
f 5267//4366 5317//4366 5318//4366
f 5267//4367 5318//4367 5268//4367
f 5268//4367 5318//4367 5319//4367
f 5268//4368 5319//4368 5269//4368
f 5269//4368 5319//4368 5320//4368
f 5269//4369 5320//4369 5270//4369
f 5270//4369 5320//4369 5321//4369
f 5270//4370 5321//4370 5271//4370
f 5271//4370 5321//4370 5322//4370
f 5271//4371 5322//4371 5272//4371
f 5272//4371 5322//4371 5323//4371
f 5272//4372 5323//4372 5273//4372
f 5273//4372 5323//4372 5324//4372
f 5273//4373 5324//4373 5274//4373
f 5274//4373 5324//4373 5325//4373
f 5274//4374 5325//4374 5275//4374
f 5275//4374 5325//4374 5326//4374
f 5275//4375 5326//4376 5276//4376
f 5276//4376 5326//4376 5327//4376
f 5276//4377 5327//4377 5277//4377
f 5277//4377 5327//4377 5328//4377
f 5277//4378 5328//4378 5278//4378
f 5278//4378 5328//4378 5329//4378
f 5278//4379 5329//4379 5279//4379
f 5279//4379 5329//4379 5330//4379
f 5279//4380 5330//4380 5280//4380
f 5280//4380 5330//4380 5331//4380
f 5280//4381 5331//4381 5281//4381
f 5281//4381 5331//4381 5332//4381
f 5281//4382 5332//4382 5282//4382
f 5282//4382 5332//4382 5333//4382
f 5282//4383 5333//4383 5283//4383
f 5283//4383 5333//4383 5334//4383
f 5283//4384 5334//4384 5284//4384
f 5284//4384 5334//4384 5335//4384
f 5284//4385 5335//4385 5285//4385
f 5285//4385 5335//4385 5336//4385
f 5285//4386 5336//4386 5128//4386
f 5128//4386 5336//4386 5126//4386
f 5286//4387 5337//4387 5287//4387
f 5287//4387 5337//4387 5338//4387
f 5287//4388 5338//4388 5288//4388
f 5288//4388 5338//4388 5339//4388
f 5288//4389 5339//4389 5289//4389
f 5289//4389 5339//4389 5340//4389
f 5289//4390 5340//4390 5290//4391
f 5290//4391 5340//4390 5341//4391
f 5290//4392 5341//4393 5291//4393
f 5291//4393 5341//4393 5342//4393
f 5291//4394 5342//4394 5292//4394
f 5292//4394 5342//4394 5343//4394
f 5292//4395 5343//4395 5293//4395
f 5293//4395 5343//4395 5344//4395
f 5293//4396 5344//4396 5294//4396
f 5294//4396 5344//4396 5345//4396
f 5294//4397 5345//4397 5295//4397
f 5295//4397 5345//4397 5346//4397
f 5295//4398 5346//4398 5296//4398
f 5296//4398 5346//4398 5347//4398
f 5296//4399 5347//4399 5297//4399
f 5297//4399 5347//4399 5348//4399
f 5297//4400 5348//4400 5298//4400
f 5298//4400 5348//4400 5349//4400
f 5298//4401 5349//4401 5299//4401
f 5299//4401 5349//4401 5350//4401
f 5299//4402 5350//4402 5300//4402
f 5300//4402 5350//4402 5351//4402
f 5300//4403 5351//4403 5301//4403
f 5301//4403 5351//4403 5352//4403
f 5301//4404 5352//4404 5302//4404
f 5302//4404 5352//4404 5353//4404
f 5302//4405 5353//4405 5303//4405
f 5303//4405 5353//4405 5354//4405
f 5303//4406 5354//4406 5304//4406
f 5304//4406 5354//4406 5355//4406
f 5304//4407 5355//4407 5305//4407
f 5305//4407 5355//4407 5356//4407
f 5305//4408 5356//4408 5306//4408
f 5306//4408 5356//4408 5357//4408
f 5306//4409 5357//4409 5307//4409
f 5307//4409 5357//4409 5358//4409
f 5307//4410 5358//4410 5308//4410
f 5308//4410 5358//4410 5359//4410
f 5308//4411 5359//4411 5309//4411
f 5309//4411 5359//4411 5360//4411
f 5309//4412 5360//4412 5310//4412
f 5310//4412 5360//4412 5361//4412
f 5310//4413 5361//4413 5311//4413
f 5311//4413 5361//4413 5362//4413
f 5311//4414 5362//4414 5312//4414
f 5312//4414 5362//4414 5363//4414
f 5312//4415 5363//4415 5313//4415
f 5313//4415 5363//4415 5364//4415
f 5313//4416 5364//4416 5314//4416
f 5314//4416 5364//4416 5365//4416
f 5314//4417 5365//4417 5315//4417
f 5315//4417 5365//4417 5366//4417
f 5315//4418 5366//4418 5316//4418
f 5316//4418 5366//4418 5367//4418
f 5316//4419 5367//4419 5317//4419
f 5317//4419 5367//4419 5368//4419
f 5317//4420 5368//4420 5318//4420
f 5318//4420 5368//4420 5369//4420
f 5318//4421 5369//4421 5319//4421
f 5319//4421 5369//4421 5370//4421
f 5319//4422 5370//4423 5320//4424
f 5320//4424 5370//4423 5371//4424
f 5320//4425 5371//4425 5321//4425
f 5321//4425 5371//4425 5372//4425
f 5321//4426 5372//4426 5322//4426
f 5322//4426 5372//4426 5373//4426
f 5322//4427 5373//4427 5323//4427
f 5323//4427 5373//4427 5374//4427
f 5323//4428 5374//4428 5324//4428
f 5324//4428 5374//4428 5375//4428
f 5324//4429 5375//4429 5325//4429
f 5325//4429 5375//4429 5376//4429
f 5325//4430 5376//4430 5326//4430
f 5326//4430 5376//4430 5377//4430
f 5326//4431 5377//4431 5327//4431
f 5327//4431 5377//4431 5378//4431
f 5327//4432 5378//4432 5328//4432
f 5328//4432 5378//4432 5379//4432
f 5328//4433 5379//4433 5329//4433
f 5329//4433 5379//4433 5380//4433
f 5329//4434 5380//4434 5330//4434
f 5330//4434 5380//4434 5381//4434
f 5330//4435 5381//4435 5331//4435
f 5331//4435 5381//4435 5382//4435
f 5331//4436 5382//4436 5332//4436
f 5332//4436 5382//4436 5383//4436
f 5332//4437 5383//4437 5333//4437
f 5333//4437 5383//4437 5384//4437
f 5333//4438 5384//4438 5334//4438
f 5334//4438 5384//4438 5385//4438
f 5334//4439 5385//4439 5335//4439
f 5335//4439 5385//4439 5386//4439
f 5335//4440 5386//4441 5336//4441
f 5336//4441 5386//4441 5387//4441
f 5336//4442 5387//4442 5126//4443
f 5126//4443 5387//4442 5124//4443
f 5337//4444 5388//4444 5338//4444
f 5338//4444 5388//4444 5389//4444
f 5338//4445 5389//4445 5339//4445
f 5339//4445 5389//4445 5390//4445
f 5339//4446 5390//4446 5340//4446
f 5340//4446 5390//4446 5391//4446
f 5340//4447 5391//4447 5341//4447
f 5341//4447 5391//4447 5392//4447
f 5341//4448 5392//4448 5342//4448
f 5342//4448 5392//4448 5393//4448
f 5342//4449 5393//4449 5343//4449
f 5343//4449 5393//4449 5394//4449
f 5343//4450 5394//4450 5344//4450
f 5344//4450 5394//4450 5395//4450
f 5344//4451 5395//4451 5345//4451
f 5345//4451 5395//4451 5396//4451
f 5345//4452 5396//4452 5346//4452
f 5346//4452 5396//4452 5397//4452
f 5346//4453 5397//4453 5347//4453
f 5347//4453 5397//4453 5398//4453
f 5347//4454 5398//4454 5348//4454
f 5348//4454 5398//4454 5399//4454
f 5348//4455 5399//4455 5349//4455
f 5349//4455 5399//4455 5400//4455
f 5349//4456 5400//4456 5350//4456
f 5350//4456 5400//4456 5401//4456
f 5350//4457 5401//4457 5351//4457
f 5351//4457 5401//4457 5402//4457
f 5351//4458 5402//4458 5352//4458
f 5352//4458 5402//4458 5403//4458
f 5352//4459 5403//4459 5353//4459
f 5353//4459 5403//4459 5404//4459
f 5353//4460 5404//4460 5354//4460
f 5354//4460 5404//4460 5405//4460
f 5354//4461 5405//4461 5355//4461
f 5355//4461 5405//4461 5406//4461
f 5355//4462 5406//4462 5356//4462
f 5356//4462 5406//4462 5407//4462
f 5356//4463 5407//4463 5357//4463
f 5357//4463 5407//4463 5408//4463
f 5357//4464 5408//4464 5358//4464
f 5358//4464 5408//4464 5409//4464
f 5358//4465 5409//4465 5359//4465
f 5359//4465 5409//4465 5410//4465
f 5359//4466 5410//4466 5360//4466
f 5360//4466 5410//4466 5411//4466
f 5360//4467 5411//4467 5361//4467
f 5361//4467 5411//4467 5412//4467
f 5361//4468 5412//4468 5362//4468
f 5362//4468 5412//4468 5413//4468
f 5362//4469 5413//4469 5363//4469
f 5363//4469 5413//4469 5414//4469
f 5363//4470 5414//4470 5364//4470
f 5364//4470 5414//4470 5415//4470
f 5364//4471 5415//4471 5365//4471
f 5365//4471 5415//4471 5416//4471
f 5365//4472 5416//4472 5366//4472
f 5366//4472 5416//4472 5417//4472
f 5366//4473 5417//4473 5367//4473
f 5367//4473 5417//4473 5418//4473
f 5367//4474 5418//4474 5368//4474
f 5368//4474 5418//4474 5419//4474
f 5368//4475 5419//4475 5369//4475
f 5369//4475 5419//4475 5420//4475
f 5369//4476 5420//4476 5370//4476
f 5370//4476 5420//4476 5421//4476
f 5370//4477 5421//4477 5371//4477
f 5371//4477 5421//4477 5422//4477
f 5371//4478 5422//4478 5372//4478
f 5372//4478 5422//4478 5423//4478
f 5372//4479 5423//4479 5373//4479
f 5373//4479 5423//4479 5424//4479
f 5373//4480 5424//4480 5374//4480
f 5374//4480 5424//4480 5425//4481
f 5374//4482 5425//4482 5375//4482
f 5375//4482 5425//4482 5426//4482
f 5375//4483 5426//4483 5376//4483
f 5376//4483 5426//4483 5427//4483
f 5376//4484 5427//4484 5377//4484
f 5377//4484 5427//4484 5428//4484
f 5377//4485 5428//4485 5378//4485
f 5378//4485 5428//4485 5429//4485
f 5378//4486 5429//4486 5379//4486
f 5379//4486 5429//4486 5430//4486
f 5379//4487 5430//4487 5380//4487
f 5380//4487 5430//4487 5431//4487
f 5380//4488 5431//4488 5381//4488
f 5381//4488 5431//4488 5432//4488
f 5381//4489 5432//4489 5382//4489
f 5382//4489 5432//4489 5433//4489
f 5382//4490 5433//4490 5383//4490
f 5383//4490 5433//4490 5434//4490
f 5383//4491 5434//4491 5384//4491
f 5384//4491 5434//4491 5435//4491
f 5384//4492 5435//4492 5385//4492
f 5385//4492 5435//4492 5436//4492
f 5385//4493 5436//4493 5386//4493
f 5386//4493 5436//4493 5437//4493
f 5386//4494 5437//4494 5387//4494
f 5387//4494 5437//4494 5438//4494
f 5387//4495 5438//4495 5124//4495
f 5124//4495 5438//4495 5122//4495
f 5388//4496 5439//4496 5389//4496
f 5389//4496 5439//4496 5440//4496
f 5389//4497 5440//4497 5390//4497
f 5390//4497 5440//4497 5441//4498
f 5390//4499 5441//4499 5391//4499
f 5391//4499 5441//4499 5442//4499
f 5391//4500 5442//4500 5392//4500
f 5392//4500 5442//4500 5443//4500
f 5392//4501 5443//4501 5393//4501
f 5393//4501 5443//4501 5444//4501
f 5393//4502 5444//4502 5394//4502
f 5394//4502 5444//4502 5445//4502
f 5394//4503 5445//4503 5395//4503
f 5395//4503 5445//4503 5446//4503
f 5395//4504 5446//4504 5396//4504
f 5396//4504 5446//4504 5447//4505
f 5396//4506 5447//4506 5397//4506
f 5397//4506 5447//4506 5448//4506
f 5397//4507 5448//4507 5398//4507
f 5398//4507 5448//4507 5449//4507
f 5398//4508 5449//4508 5399//4508
f 5399//4508 5449//4508 5450//4508
f 5399//4509 5450//4509 5400//4509
f 5400//4509 5450//4509 5451//4509
f 5400//4510 5451//4510 5401//4510
f 5401//4510 5451//4510 5452//4510
f 5401//4511 5452//4511 5402//4511
f 5402//4511 5452//4511 5453//4511
f 5402//4512 5453//4512 5403//4512
f 5403//4512 5453//4512 5454//4512
f 5403//4513 5454//4513 5404//4513
f 5404//4513 5454//4513 5455//4513
f 5404//4514 5455//4514 5405//4514
f 5405//4514 5455//4514 5456//4514
f 5405//4515 5456//4515 5406//4515
f 5406//4515 5456//4515 5457//4515
f 5406//4516 5457//4516 5407//4516
f 5407//4516 5457//4516 5458//4516
f 5407//4517 5458//4517 5408//4517
f 5408//4517 5458//4517 5459//4517
f 5408//4518 5459//4518 5409//4518
f 5409//4518 5459//4518 5460//4518
f 5409//4519 5460//4519 5410//4519
f 5410//4519 5460//4519 5461//4519
f 5410//4520 5461//4520 5411//4520
f 5411//4520 5461//4520 5462//4520
f 5411//4521 5462//4522 5412//4522
f 5412//4522 5462//4522 5463//4522
f 5412//4523 5463//4523 5413//4523
f 5413//4523 5463//4523 5464//4523
f 5413//4524 5464//4524 5414//4524
f 5414//4524 5464//4524 5465//4524
f 5414//4525 5465//4525 5415//4525
f 5415//4525 5465//4525 5466//4525
f 5415//4526 5466//4526 5416//4526
f 5416//4526 5466//4526 5467//4526
f 5416//4527 5467//4527 5417//4527
f 5417//4527 5467//4527 5468//4527
f 5417//4528 5468//4528 5418//4528
f 5418//4528 5468//4528 5469//4528
f 5418//4529 5469//4529 5419//4529
f 5419//4529 5469//4529 5470//4530
f 5419//4531 5470//4531 5420//4531
f 5420//4531 5470//4531 5471//4531
f 5420//4532 5471//4532 5421//4532
f 5421//4532 5471//4532 5472//4532
f 5421//4533 5472//4533 5422//4533
f 5422//4533 5472//4533 5473//4533
f 5422//4534 5473//4534 5423//4534
f 5423//4534 5473//4534 5474//4534
f 5423//4535 5474//4535 5424//4535
f 5424//4535 5474//4535 5475//4535
f 5424//4536 5475//4536 5425//4536
f 5425//4536 5475//4536 5476//4536
f 5425//4537 5476//4537 5426//4537
f 5426//4537 5476//4537 5477//4537
f 5426//4538 5477//4538 5427//4538
f 5427//4538 5477//4538 5478//4538
f 5427//4539 5478//4539 5428//4539
f 5428//4539 5478//4539 5479//4539
f 5428//4540 5479//4540 5429//4540
f 5429//4540 5479//4540 5480//4540
f 5429//4541 5480//4541 5430//4541
f 5430//4541 5480//4541 5481//4542
f 5430//4543 5481//4543 5431//4543
f 5431//4543 5481//4543 5482//4543
f 5431//4544 5482//4544 5432//4544
f 5432//4544 5482//4544 5483//4544
f 5432//4545 5483//4545 5433//4545
f 5433//4545 5483//4545 5484//4545
f 5433//4546 5484//4546 5434//4546
f 5434//4546 5484//4546 5485//4546
f 5434//4547 5485//4548 5435//4548
f 5435//4548 5485//4548 5486//4548
f 5435//4549 5486//4549 5436//4549
f 5436//4549 5486//4549 5487//4549
f 5436//4550 5487//4550 5437//4550
f 5437//4550 5487//4550 5488//4550
f 5437//4551 5488//4551 5438//4551
f 5438//4551 5488//4551 5489//4551
f 5438//4552 5489//4552 5122//4553
f 5122//4553 5489//4552 5120//4553
f 5439//4554 5490//4554 5440//4554
f 5440//4554 5490//4554 5491//4554
f 5440//4555 5491//4555 5441//4555
f 5441//4555 5491//4555 5492//4555
f 5441//4556 5492//4556 5442//4556
f 5442//4556 5492//4556 5493//4556
f 5442//4557 5493//4557 5443//4557
f 5443//4557 5493//4557 5494//4557
f 5443//4558 5494//4558 5444//4558
f 5444//4558 5494//4558 5495//4558
f 5444//4559 5495//4559 5445//4559
f 5445//4559 5495//4559 5496//4559
f 5445//4560 5496//4560 5446//4560
f 5446//4560 5496//4560 5497//4560
f 5446//4561 5497//4561 5447//4561
f 5447//4561 5497//4561 5498//4561
f 5447//4562 5498//4562 5448//4562
f 5448//4562 5498//4562 5499//4562
f 5448//4563 5499//4563 5449//4563
f 5449//4563 5499//4563 5500//4563
f 5449//4564 5500//4564 5450//4564
f 5450//4564 5500//4564 5501//4564
f 5450//4565 5501//4565 5451//4565
f 5451//4565 5501//4565 5502//4566
f 5451//4567 5502//4567 5452//4567
f 5452//4567 5502//4567 5503//4567
f 5452//4568 5503//4568 5453//4568
f 5453//4568 5503//4568 5504//4568
f 5453//4569 5504//4569 5454//4569
f 5454//4569 5504//4569 5505//4569
f 5454//4570 5505//4570 5455//4570
f 5455//4570 5505//4570 5506//4570
f 5455//4571 5506//4571 5456//4571
f 5456//4571 5506//4571 5507//4571
f 5456//4572 5507//4572 5457//4572
f 5457//4572 5507//4572 5508//4572
f 5457//4573 5508//4573 5458//4573
f 5458//4573 5508//4573 5509//4573
f 5458//4574 5509//4574 5459//4574
f 5459//4574 5509//4574 5510//4574
f 5459//4575 5510//4575 5460//4575
f 5460//4575 5510//4575 5511//4575
f 5460//4576 5511//4576 5461//4576
f 5461//4576 5511//4576 5512//4576
f 5461//4577 5512//4577 5462//4577
f 5462//4577 5512//4577 5513//4577
f 5462//4578 5513//4578 5463//4578
f 5463//4578 5513//4578 5514//4578
f 5463//4579 5514//4579 5464//4579
f 5464//4579 5514//4579 5515//4579
f 5464//4580 5515//4580 5465//4580
f 5465//4580 5515//4580 5516//4580
f 5465//4581 5516//4581 5466//4581
f 5466//4581 5516//4581 5517//4581
f 5466//4582 5517//4582 5467//4582
f 5467//4582 5517//4582 5518//4582
f 5467//4583 5518//4583 5468//4583
f 5468//4583 5518//4583 5519//4583
f 5468//4584 5519//4584 5469//4584
f 5469//4584 5519//4584 5520//4584
f 5469//4585 5520//4585 5470//4585
f 5470//4585 5520//4585 5521//4585
f 5470//4586 5521//4586 5471//4586
f 5471//4586 5521//4586 5522//4586
f 5471//4587 5522//4587 5472//4587
f 5472//4587 5522//4587 5523//4587
f 5472//4588 5523//4588 5473//4588
f 5473//4588 5523//4588 5524//4588
f 5473//4589 5524//4589 5474//4589
f 5474//4589 5524//4589 5525//4589
f 5474//4590 5525//4590 5475//4590
f 5475//4590 5525//4590 5526//4590
f 5475//4591 5526//4591 5476//4591
f 5476//4591 5526//4591 5527//4591
f 5476//4592 5527//4592 5477//4592
f 5477//4592 5527//4592 5528//4592
f 5477//4593 5528//4593 5478//4593
f 5478//4593 5528//4593 5529//4593
f 5478//4594 5529//4594 5479//4594
f 5479//4594 5529//4594 5530//4594
f 5479//4595 5530//4595 5480//4595
f 5480//4595 5530//4595 5531//4595
f 5480//4596 5531//4596 5481//4596
f 5481//4596 5531//4596 5532//4596
f 5481//4597 5532//4597 5482//4597
f 5482//4597 5532//4597 5533//4597
f 5482//4598 5533//4598 5483//4598
f 5483//4598 5533//4598 5534//4598
f 5483//4599 5534//4599 5484//4599
f 5484//4599 5534//4599 5535//4599
f 5484//4600 5535//4600 5485//4600
f 5485//4600 5535//4600 5536//4600
f 5485//4601 5536//4601 5486//4601
f 5486//4601 5536//4601 5537//4601
f 5486//4602 5537//4602 5487//4603
f 5487//4603 5537//4602 5538//4603
f 5487//4604 5538//4604 5488//4604
f 5488//4604 5538//4604 5539//4604
f 5488//4605 5539//4605 5489//4605
f 5489//4605 5539//4605 5540//4605
f 5489//4606 5540//4606 5120//4606
f 5120//4606 5540//4606 5118//4606
f 5490//4607 5541//4607 5491//4607
f 5491//4607 5541//4607 5542//4607
f 5491//4608 5542//4608 5492//4608
f 5492//4608 5542//4608 5543//4608
f 5492//4609 5543//4610 5493//4610
f 5493//4610 5543//4610 5544//4610
f 5493//4611 5544//4611 5494//4611
f 5494//4611 5544//4611 5545//4611
f 5494//4612 5545//4612 5495//4612
f 5495//4612 5545//4612 5546//4612
f 5495//4613 5546//4613 5496//4613
f 5496//4613 5546//4613 5547//4613
f 5496//4614 5547//4614 5497//4614
f 5497//4614 5547//4614 5548//4614
f 5497//4615 5548//4615 5498//4615
f 5498//4615 5548//4615 5549//4615
f 5498//4616 5549//4616 5499//4616
f 5499//4616 5549//4616 5550//4616
f 5499//4617 5550//4618 5500//4618
f 5500//4618 5550//4618 5551//4618
f 5500//4619 5551//4619 5501//4619
f 5501//4619 5551//4619 5552//4619
f 5501//4620 5552//4620 5502//4620
f 5502//4620 5552//4620 5553//4620
f 5502//4621 5553//4621 5503//4621
f 5503//4621 5553//4621 5554//4621
f 5503//4622 5554//4622 5504//4622
f 5504//4622 5554//4622 5555//4622
f 5504//4623 5555//4623 5505//4623
f 5505//4623 5555//4623 5556//4623
f 5505//4624 5556//4624 5506//4624
f 5506//4624 5556//4624 5557//4624
f 5506//4625 5557//4625 5507//4625
f 5507//4625 5557//4625 5558//4625
f 5507//4626 5558//4626 5508//4626
f 5508//4626 5558//4626 5559//4626
f 5508//4627 5559//4627 5509//4627
f 5509//4627 5559//4627 5560//4627
f 5509//4628 5560//4628 5510//4628
f 5510//4628 5560//4628 5561//4628
f 5510//4629 5561//4629 5511//4629
f 5511//4629 5561//4629 5562//4629
f 5511//4630 5562//4630 5512//4630
f 5512//4630 5562//4630 5563//4630
f 5512//4631 5563//4631 5513//4631
f 5513//4631 5563//4631 5564//4631
f 5513//4632 5564//4632 5514//4632
f 5514//4632 5564//4632 5565//4632
f 5514//4633 5565//4633 5515//4633
f 5515//4633 5565//4633 5566//4633
f 5515//4634 5566//4634 5516//4634
f 5516//4634 5566//4634 5567//4634
f 5516//4635 5567//4635 5517//4635
f 5517//4635 5567//4635 5568//4635
f 5517//4636 5568//4636 5518//4636
f 5518//4636 5568//4636 5569//4636
f 5518//4637 5569//4637 5519//4637
f 5519//4637 5569//4637 5570//4637
f 5519//4638 5570//4638 5520//4638
f 5520//4638 5570//4638 5571//4638
f 5520//4639 5571//4639 5521//4639
f 5521//4639 5571//4639 5572//4639
f 5521//4640 5572//4640 5522//4640
f 5522//4640 5572//4640 5573//4640
f 5522//4641 5573//4641 5523//4641
f 5523//4641 5573//4641 5574//4641
f 5523//4642 5574//4642 5524//4642
f 5524//4642 5574//4642 5575//4642
f 5524//4643 5575//4643 5525//4643
f 5525//4643 5575//4643 5576//4643
f 5525//4644 5576//4644 5526//4644
f 5526//4644 5576//4644 5577//4644
f 5526//4645 5577//4645 5527//4645
f 5527//4645 5577//4645 5578//4646
f 5527//4647 5578//4647 5528//4647
f 5528//4647 5578//4647 5579//4647
f 5528//4648 5579//4648 5529//4648
f 5529//4648 5579//4648 5580//4648
f 5529//4649 5580//4649 5530//4649
f 5530//4649 5580//4649 5581//4649
f 5530//4650 5581//4650 5531//4650
f 5531//4650 5581//4650 5582//4650
f 5531//4651 5582//4651 5532//4651
f 5532//4651 5582//4651 5583//4651
f 5532//4652 5583//4652 5533//4652
f 5533//4652 5583//4652 5584//4652
f 5533//4653 5584//4653 5534//4653
f 5534//4653 5584//4653 5585//4653
f 5534//4654 5585//4654 5535//4654
f 5535//4654 5585//4654 5586//4654
f 5535//4655 5586//4655 5536//4655
f 5536//4655 5586//4655 5587//4655
f 5536//4656 5587//4656 5537//4656
f 5537//4656 5587//4656 5588//4656
f 5537//4657 5588//4657 5538//4657
f 5538//4657 5588//4657 5589//4657
f 5538//4658 5589//4658 5539//4658
f 5539//4658 5589//4658 5590//4658
f 5539//4659 5590//4659 5540//4659
f 5540//4659 5590//4659 5591//4659
f 5540//4660 5591//4661 5118//4661
f 5118//4661 5591//4661 5116//4661
f 5541//4662 5592//4662 5542//4662
f 5542//4662 5592//4662 5593//4662
f 5542//4663 5593//4663 5543//4663
f 5543//4663 5593//4663 5594//4663
f 5543//4664 5594//4664 5544//4664
f 5544//4664 5594//4664 5595//4664
f 5544//4665 5595//4665 5545//4665
f 5545//4665 5595//4665 5596//4665
f 5545//4666 5596//4666 5546//4666
f 5546//4666 5596//4666 5597//4666
f 5546//4667 5597//4667 5547//4667
f 5547//4667 5597//4667 5598//4667
f 5547//4668 5598//4668 5548//4668
f 5548//4668 5598//4668 5599//4668
f 5548//4669 5599//4669 5549//4669
f 5549//4669 5599//4669 5600//4669
f 5549//4670 5600//4670 5550//4670
f 5550//4670 5600//4670 5601//4670
f 5550//4671 5601//4671 5551//4671
f 5551//4671 5601//4671 5602//4671
f 5551//4672 5602//4672 5552//4672
f 5552//4672 5602//4672 5603//4672
f 5552//4673 5603//4673 5553//4673
f 5553//4673 5603//4673 5604//4673
f 5553//4674 5604//4674 5554//4674
f 5554//4674 5604//4674 5605//4674
f 5554//4675 5605//4675 5555//4675
f 5555//4675 5605//4675 5606//4675
f 5555//4676 5606//4676 5556//4676
f 5556//4676 5606//4676 5607//4676
f 5556//4677 5607//4677 5557//4677
f 5557//4677 5607//4677 5608//4677
f 5557//4678 5608//4678 5558//4678
f 5558//4678 5608//4678 5609//4678
f 5558//4679 5609//4679 5559//4679
f 5559//4679 5609//4679 5610//4679
f 5559//4680 5610//4680 5560//4680
f 5560//4680 5610//4680 5611//4680
f 5560//4681 5611//4681 5561//4681
f 5561//4681 5611//4681 5612//4681
f 5561//4682 5612//4682 5562//4682
f 5562//4682 5612//4682 5613//4682
f 5562//4683 5613//4683 5563//4683
f 5563//4683 5613//4683 5614//4683
f 5563//4684 5614//4684 5564//4684
f 5564//4684 5614//4684 5615//4684
f 5564//4685 5615//4685 5565//4685
f 5565//4685 5615//4685 5616//4685
f 5565//4686 5616//4686 5566//4686
f 5566//4686 5616//4686 5617//4686
f 5566//4687 5617//4687 5567//4687
f 5567//4687 5617//4687 5618//4687
f 5567//4688 5618//4688 5568//4688
f 5568//4688 5618//4688 5619//4688
f 5568//4689 5619//4689 5569//4689
f 5569//4689 5619//4689 5620//4689
f 5569//4690 5620//4690 5570//4690
f 5570//4690 5620//4690 5621//4690
f 5570//4691 5621//4691 5571//4691
f 5571//4691 5621//4691 5622//4691
f 5571//4692 5622//4692 5572//4692
f 5572//4692 5622//4692 5623//4692
f 5572//4693 5623//4693 5573//4693
f 5573//4693 5623//4693 5624//4693
f 5573//4694 5624//4694 5574//4694
f 5574//4694 5624//4694 5625//4694
f 5574//4695 5625//4695 5575//4695
f 5575//4695 5625//4695 5626//4695
f 5575//4696 5626//4696 5576//4696
f 5576//4696 5626//4696 5627//4696
f 5576//4697 5627//4697 5577//4697
f 5577//4697 5627//4697 5628//4697
f 5577//4698 5628//4698 5578//4698
f 5578//4698 5628//4698 5629//4698
f 5578//4699 5629//4699 5579//4699
f 5579//4699 5629//4699 5630//4699
f 5579//4700 5630//4700 5580//4700
f 5580//4700 5630//4700 5631//4700
f 5580//4701 5631//4701 5581//4701
f 5581//4701 5631//4701 5632//4701
f 5581//4702 5632//4702 5582//4702
f 5582//4702 5632//4702 5633//4702
f 5582//4703 5633//4703 5583//4703
f 5583//4703 5633//4703 5634//4703
f 5583//4704 5634//4704 5584//4704
f 5584//4704 5634//4704 5635//4704
f 5584//4705 5635//4705 5585//4705
f 5585//4705 5635//4705 5636//4705
f 5585//4706 5636//4706 5586//4706
f 5586//4706 5636//4706 5637//4706
f 5586//4707 5637//4707 5587//4707
f 5587//4707 5637//4707 5638//4707
f 5587//4708 5638//4708 5588//4708
f 5588//4708 5638//4708 5639//4708
f 5588//4709 5639//4709 5589//4709
f 5589//4709 5639//4709 5640//4709
f 5589//4710 5640//4710 5590//4710
f 5590//4710 5640//4710 5641//4710
f 5590//4711 5641//4711 5591//4711
f 5591//4711 5641//4711 5642//4711
f 5591//4712 5642//4712 5116//4712
f 5116//4712 5642//4712 5114//4712
f 5592//4713 5643//4713 5593//4713
f 5593//4713 5643//4713 5644//4713
f 5593//4714 5644//4714 5594//4714
f 5594//4714 5644//4714 5645//4714
f 5594//4715 5645//4715 5595//4715
f 5595//4715 5645//4715 5646//4715
f 5595//4716 5646//4716 5596//4716
f 5596//4716 5646//4716 5647//4716
f 5596//4717 5647//4717 5597//4717
f 5597//4717 5647//4717 5648//4717
f 5597//4718 5648//4718 5598//4718
f 5598//4718 5648//4718 5649//4718
f 5598//4719 5649//4719 5599//4719
f 5599//4719 5649//4719 5650//4719
f 5599//4720 5650//4720 5600//4720
f 5600//4720 5650//4720 5651//4720
f 5600//4721 5651//4721 5601//4721
f 5601//4721 5651//4721 5652//4721
f 5601//4722 5652//4722 5602//4722
f 5602//4722 5652//4722 5653//4722
f 5602//4723 5653//4723 5603//4723
f 5603//4723 5653//4723 5654//4723
f 5603//4724 5654//4724 5604//4724
f 5604//4724 5654//4724 5655//4724
f 5604//4725 5655//4725 5605//4725
f 5605//4725 5655//4725 5656//4725
f 5605//4726 5656//4726 5606//4726
f 5606//4726 5656//4726 5657//4726
f 5606//4727 5657//4727 5607//4727
f 5607//4727 5657//4727 5658//4727
f 5607//4728 5658//4728 5608//4728
f 5608//4728 5658//4728 5659//4728
f 5608//4729 5659//4729 5609//4729
f 5609//4729 5659//4729 5660//4729
f 5609//4730 5660//4730 5610//4730
f 5610//4730 5660//4730 5661//4730
f 5610//4731 5661//4731 5611//4731
f 5611//4731 5661//4731 5662//4731
f 5611//4732 5662//4732 5612//4732
f 5612//4732 5662//4732 5663//4732
f 5612//4733 5663//4733 5613//4733
f 5613//4733 5663//4733 5664//4733
f 5613//4734 5664//4734 5614//4734
f 5614//4734 5664//4734 5665//4734
f 5614//4735 5665//4735 5615//4735
f 5615//4735 5665//4735 5666//4735
f 5615//4736 5666//4736 5616//4736
f 5616//4736 5666//4736 5667//4736
f 5616//4737 5667//4737 5617//4737
f 5617//4737 5667//4737 5668//4737
f 5617//4738 5668//4738 5618//4738
f 5618//4738 5668//4738 5669//4738
f 5618//4739 5669//4739 5619//4739
f 5619//4739 5669//4739 5670//4739
f 5619//4740 5670//4740 5620//4740
f 5620//4740 5670//4740 5671//4740
f 5620//4741 5671//4741 5621//4741
f 5621//4741 5671//4741 5672//4741
f 5621//4742 5672//4742 5622//4742
f 5622//4742 5672//4742 5673//4742
f 5622//4743 5673//4743 5623//4743
f 5623//4743 5673//4743 5674//4743
f 5623//4744 5674//4744 5624//4744
f 5624//4744 5674//4744 5675//4744
f 5624//4745 5675//4745 5625//4745
f 5625//4745 5675//4745 5676//4745
f 5625//4746 5676//4746 5626//4747
f 5626//4747 5676//4746 5677//4747
f 5626//4748 5677//4748 5627//4748
f 5627//4748 5677//4748 5678//4748
f 5627//4749 5678//4749 5628//4749
f 5628//4749 5678//4749 5679//4749
f 5628//4750 5679//4750 5629//4750
f 5629//4750 5679//4750 5680//4750
f 5629//4751 5680//4751 5630//4751
f 5630//4751 5680//4751 5681//4751
f 5630//4752 5681//4752 5631//4752
f 5631//4752 5681//4752 5682//4752
f 5631//4753 5682//4753 5632//4753
f 5632//4753 5682//4753 5683//4753
f 5632//4754 5683//4754 5633//4754
f 5633//4754 5683//4754 5684//4754
f 5633//4755 5684//4755 5634//4755
f 5634//4755 5684//4755 5685//4755
f 5634//4756 5685//4756 5635//4756
f 5635//4756 5685//4756 5686//4756
f 5635//4757 5686//4757 5636//4757
f 5636//4757 5686//4757 5687//4757
f 5636//4758 5687//4758 5637//4758
f 5637//4758 5687//4758 5688//4758
f 5637//4759 5688//4759 5638//4759
f 5638//4759 5688//4759 5689//4759
f 5638//4760 5689//4760 5639//4760
f 5639//4760 5689//4760 5690//4760
f 5639//4761 5690//4761 5640//4761
f 5640//4761 5690//4761 5691//4761
f 5640//4762 5691//4762 5641//4762
f 5641//4762 5691//4762 5692//4762
f 5641//4763 5692//4763 5642//4763
f 5642//4763 5692//4763 5693//4763
f 5642//4764 5693//4764 5114//4764
f 5114//4764 5693//4764 5112//4764
f 5643//4765 5694//4765 5644//4765
f 5644//4765 5694//4765 5695//4765
f 5644//4766 5695//4766 5645//4766
f 5645//4766 5695//4766 5696//4767
f 5645//4768 5696//4768 5646//4768
f 5646//4768 5696//4768 5697//4768
f 5646//4769 5697//4769 5647//4769
f 5647//4769 5697//4769 5698//4769
f 5647//4770 5698//4770 5648//4770
f 5648//4770 5698//4770 5699//4770
f 5648//4771 5699//4771 5649//4771
f 5649//4771 5699//4771 5700//4771
f 5649//4772 5700//4772 5650//4772
f 5650//4772 5700//4772 5701//4772
f 5650//4773 5701//4773 5651//4773
f 5651//4773 5701//4773 5702//4773
f 5651//4774 5702//4774 5652//4774
f 5652//4774 5702//4774 5703//4774
f 5652//4775 5703//4775 5653//4775
f 5653//4775 5703//4775 5704//4775
f 5653//4776 5704//4776 5654//4776
f 5654//4776 5704//4776 5705//4776
f 5654//4777 5705//4777 5655//4777
f 5655//4777 5705//4777 5706//4777
f 5655//4778 5706//4778 5656//4778
f 5656//4778 5706//4778 5707//4778
f 5656//4779 5707//4779 5657//4779
f 5657//4779 5707//4779 5708//4779
f 5657//4780 5708//4780 5658//4780
f 5658//4780 5708//4780 5709//4780
f 5658//4781 5709//4781 5659//4781
f 5659//4781 5709//4781 5710//4781
f 5659//4782 5710//4782 5660//4782
f 5660//4782 5710//4782 5711//4782
f 5660//4783 5711//4783 5661//4783
f 5661//4783 5711//4783 5712//4783
f 5661//4784 5712//4784 5662//4784
f 5662//4784 5712//4784 5713//4784
f 5662//4785 5713//4785 5663//4785
f 5663//4785 5713//4785 5714//4785
f 5663//4786 5714//4786 5664//4786
f 5664//4786 5714//4786 5715//4786
f 5664//4787 5715//4787 5665//4787
f 5665//4787 5715//4787 5716//4787
f 5665//4788 5716//4788 5666//4788
f 5666//4788 5716//4788 5717//4788
f 5666//4789 5717//4789 5667//4789
f 5667//4789 5717//4789 5718//4789
f 5667//4790 5718//4790 5668//4790
f 5668//4790 5718//4790 5719//4790
f 5668//4791 5719//4791 5669//4791
f 5669//4791 5719//4791 5720//4791
f 5669//4792 5720//4792 5670//4792
f 5670//4792 5720//4792 5721//4792
f 5670//4793 5721//4793 5671//4793
f 5671//4793 5721//4793 5722//4793
f 5671//4794 5722//4794 5672//4794
f 5672//4794 5722//4794 5723//4794
f 5672//4795 5723//4795 5673//4795
f 5673//4795 5723//4795 5724//4795
f 5673//4796 5724//4796 5674//4796
f 5674//4796 5724//4796 5725//4796
f 5674//4797 5725//4797 5675//4797
f 5675//4797 5725//4797 5726//4797
f 5675//4798 5726//4798 5676//4798
f 5676//4798 5726//4798 5727//4798
f 5676//4799 5727//4799 5677//4799
f 5677//4799 5727//4799 5728//4799
f 5677//4800 5728//4800 5678//4800
f 5678//4800 5728//4800 5729//4800
f 5678//4801 5729//4801 5679//4801
f 5679//4801 5729//4801 5730//4801
f 5679//4802 5730//4802 5680//4802
f 5680//4802 5730//4802 5731//4802
f 5680//4803 5731//4803 5681//4803
f 5681//4803 5731//4803 5732//4803
f 5681//4804 5732//4804 5682//4804
f 5682//4804 5732//4804 5733//4804
f 5682//4805 5733//4805 5683//4805
f 5683//4805 5733//4805 5734//4805
f 5683//4806 5734//4806 5684//4806
f 5684//4806 5734//4806 5735//4806
f 5684//4807 5735//4807 5685//4807
f 5685//4807 5735//4807 5736//4807
f 5685//4808 5736//4808 5686//4808
f 5686//4808 5736//4808 5737//4808
f 5686//4809 5737//4809 5687//4809
f 5687//4809 5737//4809 5738//4809
f 5687//4810 5738//4810 5688//4810
f 5688//4810 5738//4810 5739//4810
f 5688//4811 5739//4811 5689//4811
f 5689//4811 5739//4811 5740//4811
f 5689//4812 5740//4812 5690//4812
f 5690//4812 5740//4812 5741//4812
f 5690//4813 5741//4813 5691//4813
f 5691//4813 5741//4813 5742//4813
f 5691//4814 5742//4814 5692//4814
f 5692//4814 5742//4814 5743//4814
f 5692//4815 5743//4815 5693//4815
f 5693//4815 5743//4815 5744//4815
f 5693//4816 5744//4816 5112//4816
f 5112//4816 5744//4816 5110//4816
f 5694//4817 5745//4817 5695//4818
f 5695//4818 5745//4817 5746//4819
f 5695//4818 5746//4819 5696//4820
f 5696//4820 5746//4819 5747//4821
f 5696//4820 5747//4821 5697//4822
f 5697//4822 5747//4821 5748//4823
f 5697//4822 5748//4823 5698//4824
f 5698//4824 5748//4823 5749//4825
f 5698//4824 5749//4825 5699//4825
f 5699//4825 5749//4825 5750//4826
f 5699//4825 5750//4826 5700//4826
f 5700//4826 5750//4826 5751//4827
f 5700//4826 5751//4827 5701//4828
f 5701//4828 5751//4827 5752//4829
f 5701//4828 5752//4829 5702//4829
f 5702//4829 5752//4829 5753//4830
f 5702//4829 5753//4830 5703//4831
f 5703//4831 5753//4830 5754//4832
f 5703//4831 5754//4832 5704//4833
f 5704//4833 5754//4832 5755//4834
f 5704//4833 5755//4834 5705//4834
f 5705//4834 5755//4834 5756//4835
f 5705//4834 5756//4835 5706//4835
f 5706//4835 5756//4835 5757//4836
f 5706//4835 5757//4836 5707//4836
f 5707//4836 5757//4836 5758//4837
f 5707//4836 5758//4837 5708//4837
f 5708//4837 5758//4837 5759//4838
f 5708//4837 5759//4838 5709//4838
f 5709//4838 5759//4838 5760//4839
f 5709//4838 5760//4839 5710//4839
f 5710//4839 5760//4839 5761//4840
f 5710//4839 5761//4840 5711//4841
f 5711//4841 5761//4840 5762//4842
f 5711//4841 5762//4842 5712//4843
f 5712//4843 5762//4842 5763//4844
f 5712//4843 5763//4844 5713//4845
f 5713//4845 5763//4844 5764//4846
f 5713//4845 5764//4846 5714//4847
f 5714//4847 5764//4846 5765//4848
f 5714//4847 5765//4848 5715//4849
f 5715//4849 5765//4848 5766//4850
f 5715//4849 5766//4850 5716//4850
f 5716//4850 5766//4850 5767//4851
f 5716//4850 5767//4851 5717//4851
f 5717//4851 5767//4851 5768//4852
f 5717//4851 5768//4852 5718//4852
f 5718//4852 5768//4852 5769//4853
f 5718//4852 5769//4853 5719//4854
f 5719//4854 5769//4853 5770//4855
f 5719//4854 5770//4855 5720//4855
f 5720//4855 5770//4855 5771//4856
f 5720//4855 5771//4856 5721//4856
f 5721//4856 5771//4856 5772//4857
f 5721//4856 5772//4857 5722//4858
f 5722//4858 5772//4857 5773//4859
f 5722//4858 5773//4859 5723//4860
f 5723//4860 5773//4859 5774//4861
f 5723//4860 5774//4861 5724//4862
f 5724//4862 5774//4861 5775//4863
f 5724//4862 5775//4863 5725//4863
f 5725//4863 5775//4863 5776//4864
f 5725//4863 5776//4864 5726//4865
f 5726//4865 5776//4864 5777//4866
f 5726//4865 5777//4866 5727//4866
f 5727//4866 5777//4866 5778//4867
f 5727//4866 5778//4867 5728//4868
f 5728//4868 5778//4867 5779//4869
f 5728//4868 5779//4869 5729//4869
f 5729//4869 5779//4869 5780//4870
f 5729//4869 5780//4870 5730//4871
f 5730//4871 5780//4870 5781//4872
f 5730//4871 5781//4872 5731//4873
f 5731//4873 5781//4872 5782//4874
f 5731//4873 5782//4874 5732//4875
f 5732//4875 5782//4874 5783//4876
f 5732//4875 5783//4876 5733//4877
f 5733//4877 5783//4876 5784//4878
f 5733//4877 5784//4878 5734//4878
f 5734//4878 5784//4878 5785//4879
f 5734//4878 5785//4879 5735//4879
f 5735//4879 5785//4879 5786//4880
f 5735//4879 5786//4880 5736//4880
f 5736//4880 5786//4880 5787//4881
f 5736//4880 5787//4881 5737//4881
f 5737//4881 5787//4881 5788//4882
f 5737//4881 5788//4882 5738//4882
f 5738//4882 5788//4882 5789//4883
f 5738//4882 5789//4883 5739//4883
f 5739//4883 5789//4883 5790//4884
f 5739//4883 5790//4884 5740//4885
f 5740//4885 5790//4884 5791//4886
f 5740//4885 5791//4886 5741//4886
f 5741//4886 5791//4886 5792//4887
f 5741//4886 5792//4887 5742//4888
f 5742//4888 5792//4887 5793//4889
f 5742//4888 5793//4889 5743//4890
f 5743//4890 5793//4889 5794//4891
f 5743//4890 5794//4891 5744//4891
f 5744//4891 5794//4891 5795//4144
f 5744//4891 5795//4144 5110//4144
f 5110//4144 5795//4144 5108//4143
f 5745//4892 5796//4892 5746//4893
f 5746//4893 5796//4892 5797//4894
f 5746//4893 5797//4894 5747//4895
f 5747//4895 5797//4894 5798//4896
f 5747//4895 5798//4896 5748//4897
f 5748//4897 5798//4896 5799//4898
f 5748//4897 5799//4898 5749//4899
f 5749//4899 5799//4898 5800//4900
f 5749//4899 5800//4900 5750//4901
f 5750//4901 5800//4900 5801//4902
f 5750//4901 5801//4902 5751//4903
f 5751//4903 5801//4902 5802//4904
f 5751//4903 5802//4904 5752//4904
f 5752//4904 5802//4904 5803//4905
f 5752//4904 5803//4905 5753//4906
f 5753//4906 5803//4905 5804//4907
f 5753//4906 5804//4907 5754//4908
f 5754//4908 5804//4907 5805//4909
f 5754//4908 5805//4909 5755//4910
f 5755//4910 5805//4909 5806//4911
f 5755//4910 5806//4911 5756//4912
f 5756//4912 5806//4911 5807//4913
f 5756//4912 5807//4913 5757//4914
f 5757//4914 5807//4913 5808//4915
f 5757//4914 5808//4915 5758//4916
f 5758//4916 5808//4915 5809//4917
f 5758//4916 5809//4917 5759//4918
f 5759//4918 5809//4917 5810//4919
f 5759//4918 5810//4919 5760//4920
f 5760//4920 5810//4919 5811//4921
f 5760//4920 5811//4921 5761//4922
f 5761//4922 5811//4921 5812//4923
f 5761//4922 5812//4923 5762//4924
f 5762//4924 5812//4923 5813//4925
f 5762//4924 5813//4925 5763//4926
f 5763//4926 5813//4925 5814//4927
f 5763//4926 5814//4927 5764//4928
f 5764//4928 5814//4927 5815//4929
f 5764//4928 5815//4929 5765//4930
f 5765//4930 5815//4929 5816//4931
f 5765//4930 5816//4931 5766//4932
f 5766//4932 5816//4931 5817//4933
f 5766//4932 5817//4933 5767//4934
f 5767//4934 5817//4933 5818//4935
f 5767//4934 5818//4935 5768//4936
f 5768//4936 5818//4935 5819//4937
f 5768//4936 5819//4937 5769//4938
f 5769//4938 5819//4937 5820//4939
f 5769//4938 5820//4939 5770//4940
f 5770//4940 5820//4939 5821//4941
f 5770//4940 5821//4941 5771//4941
f 5771//4941 5821//4941 5822//4942
f 5771//4941 5822//4942 5772//4943
f 5772//4943 5822//4942 5823//4944
f 5772//4943 5823//4944 5773//4945
f 5773//4945 5823//4944 5824//4946
f 5773//4945 5824//4946 5774//4947
f 5774//4947 5824//4946 5825//4948
f 5774//4947 5825//4948 5775//4949
f 5775//4949 5825//4948 5826//4950
f 5775//4949 5826//4950 5776//4951
f 5776//4951 5826//4950 5827//4952
f 5776//4951 5827//4952 5777//4953
f 5777//4953 5827//4952 5828//4954
f 5777//4953 5828//4954 5778//4955
f 5778//4955 5828//4954 5829//4956
f 5778//4955 5829//4956 5779//4957
f 5779//4957 5829//4956 5830//4958
f 5779//4957 5830//4958 5780//4959
f 5780//4959 5830//4958 5831//4960
f 5780//4959 5831//4960 5781//4961
f 5781//4961 5831//4960 5832//4962
f 5781//4961 5832//4962 5782//4963
f 5782//4963 5832//4962 5833//4964
f 5782//4963 5833//4964 5783//4965
f 5783//4965 5833//4964 5834//4966
f 5783//4965 5834//4966 5784//4967
f 5784//4967 5834//4966 5835//4968
f 5784//4967 5835//4968 5785//4969
f 5785//4969 5835//4968 5836//4970
f 5785//4969 5836//4970 5786//4971
f 5786//4971 5836//4970 5837//4972
f 5786//4971 5837//4972 5787//4973
f 5787//4973 5837//4972 5838//4974
f 5787//4973 5838//4974 5788//4975
f 5788//4975 5838//4974 5839//4976
f 5788//4975 5839//4976 5789//4977
f 5789//4977 5839//4976 5840//4978
f 5789//4977 5840//4978 5790//4979
f 5790//4979 5840//4978 5841//4980
f 5790//4979 5841//4980 5791//4981
f 5791//4981 5841//4980 5842//4982
f 5791//4981 5842//4982 5792//4983
f 5792//4983 5842//4982 5843//4984
f 5792//4983 5843//4984 5793//4984
f 5793//4984 5843//4984 5844//4985
f 5793//4984 5844//4985 5794//4986
f 5794//4986 5844//4985 5845//4987
f 5794//4986 5845//4987 5795//4988
f 5795//4988 5845//4987 5846//4989
f 5795//4988 5846//4989 5108//4142
f 5108//4142 5846//4989 5106//4139
f 5796//4990 5847//4990 5797//4991
f 5797//4991 5847//4990 5848//4992
f 5797//4991 5848//4992 5798//4993
f 5798//4993 5848//4992 5849//4994
f 5798//4993 5849//4994 5799//4995
f 5799//4995 5849//4994 5850//4996
f 5799//4995 5850//4996 5800//4997
f 5800//4997 5850//4996 5851//4998
f 5800//4997 5851//4998 5801//4999
f 5801//4999 5851//4998 5852//5000
f 5801//4999 5852//5000 5802//5001
f 5802//5001 5852//5000 5853//5002
f 5802//5001 5853//5002 5803//5003
f 5803//5003 5853//5002 5854//5004
f 5803//5003 5854//5004 5804//5005
f 5804//5005 5854//5004 5855//5006
f 5804//5005 5855//5006 5805//5007
f 5805//5007 5855//5006 5856//5008
f 5805//5007 5856//5008 5806//5009
f 5806//5009 5856//5008 5857//5010
f 5806//5009 5857//5010 5807//5011
f 5807//5011 5857//5010 5858//5012
f 5807//5011 5858//5012 5808//5013
f 5808//5013 5858//5012 5859//5014
f 5808//5013 5859//5014 5809//5015
f 5809//5015 5859//5014 5860//5016
f 5809//5015 5860//5016 5810//5017
f 5810//5017 5860//5016 5861//5018
f 5810//5017 5861//5018 5811//5019
f 5811//5019 5861//5018 5862//5020
f 5811//5019 5862//5020 5812//5021
f 5812//5021 5862//5020 5863//5022
f 5812//5021 5863//5022 5813//5023
f 5813//5023 5863//5022 5864//5024
f 5813//5023 5864//5024 5814//5025
f 5814//5025 5864//5024 5865//5026
f 5814//5025 5865//5026 5815//5027
f 5815//5027 5865//5026 5866//5028
f 5815//5027 5866//5028 5816//5029
f 5816//5029 5866//5028 5867//5030
f 5816//5029 5867//5030 5817//5031
f 5817//5031 5867//5030 5868//5032
f 5817//5031 5868//5032 5818//5033
f 5818//5033 5868//5032 5869//5034
f 5818//5033 5869//5034 5819//5035
f 5819//5035 5869//5034 5870//5036
f 5819//5035 5870//5036 5820//5037
f 5820//5037 5870//5036 5871//5038
f 5820//5037 5871//5038 5821//5039
f 5821//5039 5871//5038 5872//5040
f 5821//5039 5872//5040 5822//5041
f 5822//5041 5872//5040 5873//5042
f 5822//5041 5873//5042 5823//5043
f 5823//5043 5873//5042 5874//5044
f 5823//5043 5874//5044 5824//5045
f 5824//5045 5874//5044 5875//5046
f 5824//5045 5875//5046 5825//5046
f 5825//5046 5875//5046 5876//5047
f 5825//5046 5876//5047 5826//5048
f 5826//5048 5876//5047 5877//5049
f 5826//5048 5877//5049 5827//5050
f 5827//5050 5877//5049 5878//5051
f 5827//5050 5878//5051 5828//5052
f 5828//5052 5878//5051 5879//5053
f 5828//5052 5879//5053 5829//5054
f 5829//5054 5879//5053 5880//5055
f 5829//5054 5880//5055 5830//5056
f 5830//5056 5880//5055 5881//5057
f 5830//5056 5881//5057 5831//5058
f 5831//5058 5881//5057 5882//5059
f 5831//5058 5882//5059 5832//5060
f 5832//5060 5882//5059 5883//5061
f 5832//5060 5883//5061 5833//5061
f 5833//5061 5883//5061 5884//5062
f 5833//5061 5884//5062 5834//5063
f 5834//5063 5884//5062 5885//5064
f 5834//5063 5885//5064 5835//5065
f 5835//5065 5885//5064 5886//5066
f 5835//5065 5886//5066 5836//5067
f 5836//5067 5886//5066 5887//5068
f 5836//5067 5887//5068 5837//5069
f 5837//5069 5887//5068 5888//5070
f 5837//5069 5888//5070 5838//5071
f 5838//5071 5888//5070 5889//5072
f 5838//5071 5889//5072 5839//5073
f 5839//5073 5889//5072 5890//5074
f 5839//5073 5890//5074 5840//5075
f 5840//5075 5890//5074 5891//5076
f 5840//5075 5891//5076 5841//5076
f 5841//5076 5891//5076 5892//5077
f 5841//5076 5892//5077 5842//5077
f 5842//5077 5892//5077 5893//5078
f 5842//5077 5893//5078 5843//5079
f 5843//5079 5893//5078 5894//5080
f 5843//5079 5894//5080 5844//5081
f 5844//5081 5894//5080 5895//5082
f 5844//5081 5895//5082 5845//5083
f 5845//5083 5895//5082 5896//5084
f 5845//5083 5896//5084 5846//5085
f 5846//5085 5896//5084 5897//5086
f 5846//5085 5897//5086 5106//4138
f 5106//4138 5897//5086 5104//4135
f 5847//5087 5898//5087 5848//5088
f 5848//5088 5898//5087 5899//5089
f 5848//5088 5899//5089 5849//5089
f 5849//5089 5899//5089 5900//5090
f 5849//5089 5900//5090 5850//5090
f 5850//5090 5900//5090 5901//5091
f 5850//5090 5901//5091 5851//5091
f 5851//5091 5901//5091 5902//5092
f 5851//5091 5902//5092 5852//5092
f 5852//5092 5902//5092 5903//5093
f 5852//5092 5903//5093 5853//5093
f 5853//5093 5903//5093 5904//5094
f 5853//5093 5904//5094 5854//5095
f 5854//5095 5904//5094 5905//5096
f 5854//5095 5905//5096 5855//5096
f 5855//5096 5905//5096 5906//5097
f 5855//5096 5906//5097 5856//5098
f 5856//5098 5906//5097 5907//5099
f 5856//5098 5907//5099 5857//5099
f 5857//5099 5907//5099 5908//5100
f 5857//5099 5908//5100 5858//5100
f 5858//5100 5908//5100 5909//5101
f 5858//5100 5909//5101 5859//5101
f 5859//5101 5909//5101 5910//5102
f 5859//5101 5910//5102 5860//5102
f 5860//5102 5910//5102 5911//5103
f 5860//5102 5911//5103 5861//5104
f 5861//5104 5911//5103 5912//5105
f 5861//5104 5912//5105 5862//5105
f 5862//5105 5912//5105 5913//5106
f 5862//5105 5913//5106 5863//5106
f 5863//5106 5913//5106 5914//5107
f 5863//5106 5914//5107 5864//5108
f 5864//5108 5914//5107 5915//5109
f 5864//5108 5915//5109 5865//5109
f 5865//5109 5915//5109 5916//5110
f 5865//5109 5916//5110 5866//5110
f 5866//5110 5916//5110 5917//5111
f 5866//5110 5917//5111 5867//5112
f 5867//5112 5917//5111 5918//5113
f 5867//5112 5918//5113 5868//5113
f 5868//5113 5918//5113 5919//5114
f 5868//5113 5919//5114 5869//5114
f 5869//5114 5919//5114 5920//5115
f 5869//5114 5920//5115 5870//5115
f 5870//5115 5920//5115 5921//5116
f 5870//5115 5921//5116 5871//5117
f 5871//5117 5921//5116 5922//5118
f 5871//5117 5922//5118 5872//5118
f 5872//5118 5922//5118 5923//5119
f 5872//5118 5923//5119 5873//5119
f 5873//5119 5923//5119 5924//5120
f 5873//5119 5924//5120 5874//5120
f 5874//5120 5924//5120 5925//5121
f 5874//5120 5925//5121 5875//5121
f 5875//5121 5925//5121 5926//5122
f 5875//5121 5926//5122 5876//5122
f 5876//5122 5926//5122 5927//5123
f 5876//5122 5927//5123 5877//5123
f 5877//5123 5927//5123 5928//5124
f 5877//5123 5928//5124 5878//5125
f 5878//5125 5928//5124 5929//5126
f 5878//5125 5929//5126 5879//5126
f 5879//5126 5929//5126 5930//5127
f 5879//5126 5930//5127 5880//5127
f 5880//5127 5930//5127 5931//5128
f 5880//5127 5931//5128 5881//5128
f 5881//5128 5931//5128 5932//5129
f 5881//5128 5932//5129 5882//5130
f 5882//5130 5932//5129 5933//5131
f 5882//5130 5933//5131 5883//5131
f 5883//5131 5933//5131 5934//5132
f 5883//5131 5934//5132 5884//5133
f 5884//5133 5934//5132 5935//5134
f 5884//5133 5935//5134 5885//5135
f 5885//5135 5935//5134 5936//5136
f 5885//5135 5936//5136 5886//5136
f 5886//5136 5936//5136 5937//5137
f 5886//5136 5937//5137 5887//5137
f 5887//5137 5937//5137 5938//5138
f 5887//5137 5938//5138 5888//5139
f 5888//5139 5938//5138 5939//5140
f 5888//5139 5939//5140 5889//5140
f 5889//5140 5939//5140 5940//5141
f 5889//5140 5940//5141 5890//5141
f 5890//5141 5940//5141 5941//5142
f 5890//5141 5941//5142 5891//5142
f 5891//5142 5941//5142 5942//5143
f 5891//5142 5942//5143 5892//5143
f 5892//5143 5942//5143 5943//5144
f 5892//5143 5943//5144 5893//5145
f 5893//5145 5943//5144 5944//5146
f 5893//5145 5944//5146 5894//5146
f 5894//5146 5944//5146 5945//5147
f 5894//5146 5945//5147 5895//5148
f 5895//5148 5945//5147 5946//5149
f 5895//5148 5946//5149 5896//5149
f 5896//5149 5946//5149 5947//5150
f 5896//5149 5947//5150 5897//5150
f 5897//5150 5947//5150 5948//4134
f 5897//5150 5948//4134 5104//4134
f 5104//4134 5948//4134 5102//4133
f 5898//5151 5949//5151 5899//5151
f 5899//5151 5949//5151 5950//5151
f 5899//5152 5950//5152 5900//5152
f 5900//5152 5950//5152 5951//5152
f 5900//5153 5951//5153 5901//5153
f 5901//5153 5951//5153 5952//5153
f 5901//5154 5952//5154 5902//5154
f 5902//5154 5952//5154 5953//5154
f 5902//5155 5953//5155 5903//5155
f 5903//5155 5953//5155 5954//5155
f 5903//5156 5954//5156 5904//5156
f 5904//5156 5954//5156 5955//5156
f 5904//5157 5955//5157 5905//5157
f 5905//5157 5955//5157 5956//5158
f 5905//5159 5956//5159 5906//5159
f 5906//5159 5956//5159 5957//5159
f 5906//5160 5957//5160 5907//5160
f 5907//5160 5957//5160 5958//5160
f 5907//5161 5958//5161 5908//5161
f 5908//5161 5958//5161 5959//5161
f 5908//5162 5959//5162 5909//5162
f 5909//5162 5959//5162 5960//5162
f 5909//5163 5960//5163 5910//5163
f 5910//5163 5960//5163 5961//5163
f 5910//5164 5961//5164 5911//5164
f 5911//5164 5961//5164 5962//5164
f 5911//5165 5962//5165 5912//5165
f 5912//5165 5962//5165 5963//5165
f 5912//5166 5963//5166 5913//5166
f 5913//5166 5963//5166 5964//5166
f 5913//5167 5964//5167 5914//5167
f 5914//5167 5964//5167 5965//5167
f 5914//5168 5965//5168 5915//5168
f 5915//5168 5965//5168 5966//5168
f 5915//5169 5966//5169 5916//5169
f 5916//5169 5966//5169 5967//5169
f 5916//5170 5967//5170 5917//5170
f 5917//5170 5967//5170 5968//5170
f 5917//5171 5968//5171 5918//5171
f 5918//5171 5968//5171 5969//5171
f 5918//5172 5969//5172 5919//5172
f 5919//5172 5969//5172 5970//5172
f 5919//5173 5970//5173 5920//5173
f 5920//5173 5970//5173 5971//5174
f 5920//5175 5971//5175 5921//5175
f 5921//5175 5971//5175 5972//5175
f 5921//5176 5972//5176 5922//5176
f 5922//5176 5972//5176 5973//5176
f 5922//5177 5973//5177 5923//5177
f 5923//5177 5973//5177 5974//5177
f 5923//5178 5974//5178 5924//5178
f 5924//5178 5974//5178 5975//5178
f 5924//5179 5975//5179 5925//5179
f 5925//5179 5975//5179 5976//5179
f 5925//5180 5976//5180 5926//5180
f 5926//5180 5976//5180 5977//5180
f 5926//5181 5977//5181 5927//5181
f 5927//5181 5977//5181 5978//5181
f 5927//5182 5978//5182 5928//5182
f 5928//5182 5978//5182 5979//5182
f 5928//5183 5979//5183 5929//5183
f 5929//5183 5979//5183 5980//5183
f 5929//5184 5980//5184 5930//5184
f 5930//5184 5980//5184 5981//5184
f 5930//5185 5981//5185 5931//5185
f 5931//5185 5981//5185 5982//5185
f 5931//5186 5982//5186 5932//5186
f 5932//5186 5982//5186 5983//5186
f 5932//5187 5983//5187 5933//5187
f 5933//5187 5983//5187 5984//5187
f 5933//5188 5984//5188 5934//5188
f 5934//5188 5984//5188 5985//5188
f 5934//5189 5985//5189 5935//5189
f 5935//5189 5985//5189 5986//5189
f 5935//5190 5986//5190 5936//5190
f 5936//5190 5986//5190 5987//5190
f 5936//5191 5987//5191 5937//5191
f 5937//5191 5987//5191 5988//5191
f 5937//5192 5988//5192 5938//5192
f 5938//5192 5988//5192 5989//5192
f 5938//5193 5989//5193 5939//5193
f 5939//5193 5989//5193 5990//5193
f 5939//5194 5990//5194 5940//5194
f 5940//5194 5990//5194 5991//5194
f 5940//5195 5991//5195 5941//5195
f 5941//5195 5991//5195 5992//5195
f 5941//5196 5992//5196 5942//5196
f 5942//5196 5992//5196 5993//5196
f 5942//5197 5993//5197 5943//5197
f 5943//5197 5993//5197 5994//5197
f 5943//5198 5994//5198 5944//5198
f 5944//5198 5994//5198 5995//5198
f 5944//5199 5995//5199 5945//5199
f 5945//5199 5995//5199 5996//5199
f 5945//5200 5996//5200 5946//5200
f 5946//5200 5996//5200 5997//5200
f 5946//5201 5997//5201 5947//5201
f 5947//5201 5997//5201 5998//5201
f 5947//5202 5998//5202 5948//5202
f 5948//5202 5998//5202 5999//5202
f 5948//5203 5999//5203 5102//5203
f 5102//5203 5999//5203 5100//5203
f 5949//5204 6000//5204 5950//5204
f 5950//5204 6000//5204 6001//5204
f 5950//5205 6001//5205 5951//5205
f 5951//5205 6001//5205 6002//5205
f 5951//5206 6002//5206 5952//5206
f 5952//5206 6002//5206 6003//5206
f 5952//5207 6003//5207 5953//5207
f 5953//5207 6003//5207 6004//5207
f 5953//5208 6004//5208 5954//5208
f 5954//5208 6004//5208 6005//5208
f 5954//5209 6005//5209 5955//5209
f 5955//5209 6005//5209 6006//5210
f 5955//5211 6006//5211 5956//5211
f 5956//5211 6006//5211 6007//5211
f 5956//5212 6007//5212 5957//5212
f 5957//5212 6007//5212 6008//5212
f 5957//5213 6008//5213 5958//5213
f 5958//5213 6008//5213 6009//5213
f 5958//5214 6009//5214 5959//5214
f 5959//5214 6009//5214 6010//5214
f 5959//5215 6010//5215 5960//5215
f 5960//5215 6010//5215 6011//5215
f 5960//5216 6011//5216 5961//5216
f 5961//5216 6011//5216 6012//5217
f 5961//5218 6012//5218 5962//5218
f 5962//5218 6012//5218 6013//5218
f 5962//5219 6013//5219 5963//5219
f 5963//5219 6013//5219 6014//5219
f 5963//5220 6014//5221 5964//5221
f 5964//5221 6014//5221 6015//5221
f 5964//5222 6015//5222 5965//5222
f 5965//5222 6015//5222 6016//5222
f 5965//5223 6016//5223 5966//5223
f 5966//5223 6016//5223 6017//5223
f 5966//5224 6017//5224 5967//5224
f 5967//5224 6017//5224 6018//5224
f 5967//5225 6018//5225 5968//5225
f 5968//5225 6018//5225 6019//5225
f 5968//5226 6019//5226 5969//5226
f 5969//5226 6019//5226 6020//5226
f 5969//5227 6020//5227 5970//5227
f 5970//5227 6020//5227 6021//5227
f 5970//5228 6021//5228 5971//5228
f 5971//5228 6021//5228 6022//5228
f 5971//5229 6022//5229 5972//5229
f 5972//5229 6022//5229 6023//5229
f 5972//5230 6023//5231 5973//5231
f 5973//5231 6023//5231 6024//5231
f 5973//5232 6024//5232 5974//5232
f 5974//5232 6024//5232 6025//5232
f 5974//5233 6025//5233 5975//5233
f 5975//5233 6025//5233 6026//5233
f 5975//5234 6026//5234 5976//5234
f 5976//5234 6026//5234 6027//5234
f 5976//5235 6027//5235 5977//5235
f 5977//5235 6027//5235 6028//5235
f 5977//5236 6028//5236 5978//5236
f 5978//5236 6028//5236 6029//5236
f 5978//5237 6029//5237 5979//5237
f 5979//5237 6029//5237 6030//5237
f 5979//5238 6030//5238 5980//5238
f 5980//5238 6030//5238 6031//5239
f 5980//5240 6031//5240 5981//5240
f 5981//5240 6031//5240 6032//5240
f 5981//5241 6032//5241 5982//5241
f 5982//5241 6032//5241 6033//5241
f 5982//5242 6033//5242 5983//5242
f 5983//5242 6033//5242 6034//5243
f 5983//5244 6034//5244 5984//5244
f 5984//5244 6034//5244 6035//5244
f 5984//5245 6035//5245 5985//5245
f 5985//5245 6035//5245 6036//5245
f 5985//5246 6036//5246 5986//5246
f 5986//5246 6036//5246 6037//5246
f 5986//5247 6037//5247 5987//5247
f 5987//5247 6037//5247 6038//5247
f 5987//5248 6038//5248 5988//5248
f 5988//5248 6038//5248 6039//5248
f 5988//5249 6039//5249 5989//5249
f 5989//5249 6039//5249 6040//5249
f 5989//5250 6040//5250 5990//5250
f 5990//5250 6040//5250 6041//5250
f 5990//5251 6041//5251 5991//5251
f 5991//5251 6041//5251 6042//5251
f 5991//5252 6042//5253 5992//5253
f 5992//5253 6042//5253 6043//5253
f 5992//5254 6043//5254 5993//5254
f 5993//5254 6043//5254 6044//5254
f 5993//5255 6044//5255 5994//5255
f 5994//5255 6044//5255 6045//5255
f 5994//5256 6045//5256 5995//5256
f 5995//5256 6045//5256 6046//5256
f 5995//5257 6046//5257 5996//5257
f 5996//5257 6046//5257 6047//5257
f 5996//5258 6047//5258 5997//5258
f 5997//5258 6047//5258 6048//5258
f 5997//5259 6048//5259 5998//5259
f 5998//5259 6048//5259 6049//5260
f 5998//5261 6049//5261 5999//5261
f 5999//5261 6049//5261 6050//5261
f 5999//5262 6050//5262 5100//5262
f 5100//5262 6050//5262 5098//5262
f 6000//5263 6051//5263 6001//5263
f 6001//5263 6051//5263 6052//5263
f 6001//5264 6052//5264 6002//5264
f 6002//5264 6052//5264 6053//5264
f 6002//5265 6053//5265 6003//5265
f 6003//5265 6053//5265 6054//5265
f 6003//5266 6054//5266 6004//5266
f 6004//5266 6054//5266 6055//5266
f 6004//5267 6055//5267 6005//5267
f 6005//5267 6055//5267 6056//5267
f 6005//5268 6056//5268 6006//5268
f 6006//5268 6056//5268 6057//5268
f 6006//5269 6057//5269 6007//5269
f 6007//5269 6057//5269 6058//5269
f 6007//5270 6058//5270 6008//5270
f 6008//5270 6058//5270 6059//5270
f 6008//5271 6059//5271 6009//5271
f 6009//5271 6059//5271 6060//5271
f 6009//5272 6060//5272 6010//5272
f 6010//5272 6060//5272 6061//5272
f 6010//5273 6061//5273 6011//5273
f 6011//5273 6061//5273 6062//5273
f 6011//5274 6062//5274 6012//5274
f 6012//5274 6062//5274 6063//5274
f 6012//5275 6063//5275 6013//5275
f 6013//5275 6063//5275 6064//5275
f 6013//5276 6064//5276 6014//5276
f 6014//5276 6064//5276 6065//5276
f 6014//5277 6065//5277 6015//5277
f 6015//5277 6065//5277 6066//5277
f 6015//5278 6066//5278 6016//5278
f 6016//5278 6066//5278 6067//5278
f 6016//5279 6067//5279 6017//5279
f 6017//5279 6067//5279 6068//5279
f 6017//5280 6068//5280 6018//5280
f 6018//5280 6068//5280 6069//5280
f 6018//5281 6069//5281 6019//5281
f 6019//5281 6069//5281 6070//5281
f 6019//5282 6070//5282 6020//5282
f 6020//5282 6070//5282 6071//5282
f 6020//5283 6071//5283 6021//5283
f 6021//5283 6071//5283 6072//5283
f 6021//5284 6072//5284 6022//5284
f 6022//5284 6072//5284 6073//5284
f 6022//5285 6073//5285 6023//5285
f 6023//5285 6073//5285 6074//5285
f 6023//5286 6074//5286 6024//5286
f 6024//5286 6074//5286 6075//5286
f 6024//5287 6075//5287 6025//5287
f 6025//5287 6075//5287 6076//5287
f 6025//5288 6076//5288 6026//5288
f 6026//5288 6076//5288 6077//5288
f 6026//5289 6077//5289 6027//5289
f 6027//5289 6077//5289 6078//5289
f 6027//5290 6078//5290 6028//5290
f 6028//5290 6078//5290 6079//5290
f 6028//5291 6079//5291 6029//5291
f 6029//5291 6079//5291 6080//5291
f 6029//5292 6080//5292 6030//5292
f 6030//5292 6080//5292 6081//5292
f 6030//5293 6081//5293 6031//5293
f 6031//5293 6081//5293 6082//5293
f 6031//5294 6082//5294 6032//5294
f 6032//5294 6082//5294 6083//5294
f 6032//5295 6083//5295 6033//5295
f 6033//5295 6083//5295 6084//5295
f 6033//5296 6084//5296 6034//5296
f 6034//5296 6084//5296 6085//5296
f 6034//5297 6085//5297 6035//5297
f 6035//5297 6085//5297 6086//5297
f 6035//5298 6086//5298 6036//5298
f 6036//5298 6086//5298 6087//5298
f 6036//5299 6087//5300 6037//5300
f 6037//5300 6087//5300 6088//5300
f 6037//5301 6088//5301 6038//5301
f 6038//5301 6088//5301 6089//5301
f 6038//5302 6089//5302 6039//5302
f 6039//5302 6089//5302 6090//5302
f 6039//5303 6090//5303 6040//5303
f 6040//5303 6090//5303 6091//5303
f 6040//5304 6091//5304 6041//5304
f 6041//5304 6091//5304 6092//5304
f 6041//5305 6092//5305 6042//5305
f 6042//5305 6092//5305 6093//5305
f 6042//5306 6093//5306 6043//5306
f 6043//5306 6093//5306 6094//5306
f 6043//5307 6094//5307 6044//5307
f 6044//5307 6094//5307 6095//5307
f 6044//5308 6095//5308 6045//5308
f 6045//5308 6095//5308 6096//5308
f 6045//5309 6096//5309 6046//5309
f 6046//5309 6096//5309 6097//5309
f 6046//5310 6097//5310 6047//5310
f 6047//5310 6097//5310 6098//5310
f 6047//5311 6098//5311 6048//5311
f 6048//5311 6098//5311 6099//5311
f 6048//5312 6099//5312 6049//5312
f 6049//5312 6099//5312 6100//5312
f 6049//5313 6100//5313 6050//5313
f 6050//5313 6100//5313 6101//5313
f 6050//5314 6101//5314 5098//5314
f 5098//5314 6101//5314 5096//5314
f 6051//5315 6102//5315 6052//5315
f 6052//5315 6102//5315 6103//5315
f 6052//5316 6103//5316 6053//5316
f 6053//5316 6103//5316 6104//5316
f 6053//5317 6104//5318 6054//5318
f 6054//5318 6104//5318 6105//5318
f 6054//5319 6105//5319 6055//5319
f 6055//5319 6105//5319 6106//5319
f 6055//5320 6106//5320 6056//5320
f 6056//5320 6106//5320 6107//5320
f 6056//5321 6107//5321 6057//5321
f 6057//5321 6107//5321 6108//5321
f 6057//5322 6108//5322 6058//5322
f 6058//5322 6108//5322 6109//5322
f 6058//5323 6109//5323 6059//5323
f 6059//5323 6109//5323 6110//5323
f 6059//5324 6110//5324 6060//5324
f 6060//5324 6110//5324 6111//5324
f 6060//5325 6111//5325 6061//5325
f 6061//5325 6111//5325 6112//5325
f 6061//5326 6112//5326 6062//5326
f 6062//5326 6112//5326 6113//5326
f 6062//5327 6113//5327 6063//5327
f 6063//5327 6113//5327 6114//5327
f 6063//5328 6114//5328 6064//5328
f 6064//5328 6114//5328 6115//5328
f 6064//5329 6115//5329 6065//5329
f 6065//5329 6115//5329 6116//5329
f 6065//5330 6116//5330 6066//5330
f 6066//5330 6116//5330 6117//5330
f 6066//5331 6117//5331 6067//5331
f 6067//5331 6117//5331 6118//5331
f 6067//5332 6118//5332 6068//5332
f 6068//5332 6118//5332 6119//5332
f 6068//5333 6119//5333 6069//5333
f 6069//5333 6119//5333 6120//5333
f 6069//5334 6120//5334 6070//5334
f 6070//5334 6120//5334 6121//5334
f 6070//5335 6121//5335 6071//5335
f 6071//5335 6121//5335 6122//5335
f 6071//5336 6122//5336 6072//5336
f 6072//5336 6122//5336 6123//5336
f 6072//5337 6123//5337 6073//5337
f 6073//5337 6123//5337 6124//5337
f 6073//5338 6124//5338 6074//5338
f 6074//5338 6124//5338 6125//5338
f 6074//5339 6125//5339 6075//5339
f 6075//5339 6125//5339 6126//5339
f 6075//5340 6126//5340 6076//5340
f 6076//5340 6126//5340 6127//5340
f 6076//5341 6127//5341 6077//5341
f 6077//5341 6127//5341 6128//5341
f 6077//5342 6128//5342 6078//5342
f 6078//5342 6128//5342 6129//5342
f 6078//5343 6129//5343 6079//5343
f 6079//5343 6129//5343 6130//5343
f 6079//5344 6130//5344 6080//5344
f 6080//5344 6130//5344 6131//5344
f 6080//5345 6131//5345 6081//5345
f 6081//5345 6131//5345 6132//5345
f 6081//5346 6132//5346 6082//5346
f 6082//5346 6132//5346 6133//5346
f 6082//5347 6133//5347 6083//5347
f 6083//5347 6133//5347 6134//5347
f 6083//5348 6134//5348 6084//5348
f 6084//5348 6134//5348 6135//5348
f 6084//5349 6135//5349 6085//5349
f 6085//5349 6135//5349 6136//5349
f 6085//5350 6136//5350 6086//5350
f 6086//5350 6136//5350 6137//5350
f 6086//5351 6137//5351 6087//5351
f 6087//5351 6137//5351 6138//5351
f 6087//5352 6138//5352 6088//5352
f 6088//5352 6138//5352 6139//5352
f 6088//5353 6139//5353 6089//5353
f 6089//5353 6139//5353 6140//5353
f 6089//5354 6140//5354 6090//5354
f 6090//5354 6140//5354 6141//5354
f 6090//5355 6141//5355 6091//5355
f 6091//5355 6141//5355 6142//5355
f 6091//5356 6142//5356 6092//5356
f 6092//5356 6142//5356 6143//5356
f 6092//5357 6143//5357 6093//5357
f 6093//5357 6143//5357 6144//5357
f 6093//5358 6144//5358 6094//5358
f 6094//5358 6144//5358 6145//5358
f 6094//5359 6145//5359 6095//5359
f 6095//5359 6145//5359 6146//5359
f 6095//5360 6146//5360 6096//5360
f 6096//5360 6146//5360 6147//5360
f 6096//5361 6147//5361 6097//5361
f 6097//5361 6147//5361 6148//5361
f 6097//5362 6148//5362 6098//5362
f 6098//5362 6148//5362 6149//5362
f 6098//5363 6149//5363 6099//5363
f 6099//5363 6149//5363 6150//5363
f 6099//5364 6150//5364 6100//5364
f 6100//5364 6150//5364 6151//5364
f 6100//5365 6151//5365 6101//5365
f 6101//5365 6151//5365 6152//5365
f 6101//5366 6152//5366 5096//5366
f 5096//5366 6152//5366 5094//5367
f 6102//5368 6153//5368 6103//5368
f 6103//5368 6153//5368 6154//5368
f 6103//5369 6154//5369 6104//5369
f 6104//5369 6154//5369 6155//5369
f 6104//5370 6155//5370 6105//5370
f 6105//5370 6155//5370 6156//5370
f 6105//5371 6156//5372 6106//5372
f 6106//5372 6156//5372 6157//5372
f 6106//5373 6157//5373 6107//5373
f 6107//5373 6157//5373 6158//5373
f 6107//5374 6158//5375 6108//5375
f 6108//5375 6158//5375 6159//5375
f 6108//5376 6159//5377 6109//5377
f 6109//5377 6159//5377 6160//5377
f 6109//5378 6160//5378 6110//5378
f 6110//5378 6160//5378 6161//5378
f 6110//5379 6161//5379 6111//5379
f 6111//5379 6161//5379 6162//5379
f 6111//5380 6162//5380 6112//5380
f 6112//5380 6162//5380 6163//5380
f 6112//5381 6163//5381 6113//5381
f 6113//5381 6163//5381 6164//5381
f 6113//5382 6164//5382 6114//5382
f 6114//5382 6164//5382 6165//5382
f 6114//5383 6165//5383 6115//5383
f 6115//5383 6165//5383 6166//5383
f 6115//5384 6166//5384 6116//5384
f 6116//5384 6166//5384 6167//5384
f 6116//5385 6167//5385 6117//5385
f 6117//5385 6167//5385 6168//5385
f 6117//5386 6168//5386 6118//5386
f 6118//5386 6168//5386 6169//5386
f 6118//5387 6169//5387 6119//5387
f 6119//5387 6169//5387 6170//5387
f 6119//5388 6170//5388 6120//5388
f 6120//5388 6170//5388 6171//5389
f 6120//5390 6171//5390 6121//5390
f 6121//5390 6171//5390 6172//5391
f 6121//5392 6172//5392 6122//5392
f 6122//5392 6172//5392 6173//5392
f 6122//5393 6173//5393 6123//5393
f 6123//5393 6173//5393 6174//5393
f 6123//5394 6174//5394 6124//5394
f 6124//5394 6174//5394 6175//5394
f 6124//5395 6175//5395 6125//5395
f 6125//5395 6175//5395 6176//5395
f 6125//5396 6176//5396 6126//5396
f 6126//5396 6176//5396 6177//5396
f 6126//5397 6177//5397 6127//5397
f 6127//5397 6177//5397 6178//5397
f 6127//5398 6178//5398 6128//5398
f 6128//5398 6178//5398 6179//5398
f 6128//5399 6179//5399 6129//5399
f 6129//5399 6179//5399 6180//5399
f 6129//5400 6180//5400 6130//5400
f 6130//5400 6180//5400 6181//5400
f 6130//5401 6181//5401 6131//5401
f 6131//5401 6181//5401 6182//5401
f 6131//5402 6182//5402 6132//5402
f 6132//5402 6182//5402 6183//5402
f 6132//5403 6183//5403 6133//5403
f 6133//5403 6183//5403 6184//5403
f 6133//5404 6184//5404 6134//5404
f 6134//5404 6184//5404 6185//5404
f 6134//5405 6185//5405 6135//5405
f 6135//5405 6185//5405 6186//5405
f 6135//5406 6186//5406 6136//5406
f 6136//5406 6186//5406 6187//5406
f 6136//5407 6187//5407 6137//5407
f 6137//5407 6187//5407 6188//5407
f 6137//5408 6188//5408 6138//5408
f 6138//5408 6188//5408 6189//5409
f 6138//5410 6189//5410 6139//5410
f 6139//5410 6189//5410 6190//5410
f 6139//5411 6190//5411 6140//5411
f 6140//5411 6190//5411 6191//5411
f 6140//5412 6191//5412 6141//5412
f 6141//5412 6191//5412 6192//5412
f 6141//5413 6192//5413 6142//5413
f 6142//5413 6192//5413 6193//5413
f 6142//5414 6193//5415 6143//5415
f 6143//5415 6193//5415 6194//5415
f 6143//5416 6194//5416 6144//5416
f 6144//5416 6194//5416 6195//5416
f 6144//5417 6195//5417 6145//5417
f 6145//5417 6195//5417 6196//5417
f 6145//5418 6196//5418 6146//5418
f 6146//5418 6196//5418 6197//5418
f 6146//5419 6197//5419 6147//5419
f 6147//5419 6197//5419 6198//5419
f 6147//5420 6198//5420 6148//5420
f 6148//5420 6198//5420 6199//5420
f 6148//5421 6199//5421 6149//5421
f 6149//5421 6199//5421 6200//5421
f 6149//5422 6200//5422 6150//5422
f 6150//5422 6200//5422 6201//5423
f 6150//5424 6201//5424 6151//5424
f 6151//5424 6201//5424 6202//5425
f 6151//5426 6202//5426 6152//5426
f 6152//5426 6202//5426 6203//5426
f 6152//5427 6203//5428 5094//5428
f 5094//5428 6203//5428 5092//5428
f 6153//5429 6204//5429 6154//5429
f 6154//5429 6204//5429 6205//5429
f 6154//5430 6205//5430 6155//5430
f 6155//5430 6205//5430 6206//5430
f 6155//5431 6206//5431 6156//5431
f 6156//5431 6206//5431 6207//5431
f 6156//5432 6207//5432 6157//5432
f 6157//5432 6207//5432 6208//5433
f 6157//5434 6208//5434 6158//5434
f 6158//5434 6208//5434 6209//5434
f 6158//5435 6209//5435 6159//5435
f 6159//5435 6209//5435 6210//5435
f 6159//5436 6210//5436 6160//5436
f 6160//5436 6210//5436 6211//5436
f 6160//5437 6211//5437 6161//5437
f 6161//5437 6211//5437 6212//5438
f 6161//5439 6212//5440 6162//5440
f 6162//5440 6212//5440 6213//5440
f 6162//5441 6213//5441 6163//5441
f 6163//5441 6213//5441 6214//5442
f 6163//5443 6214//5443 6164//5443
f 6164//5443 6214//5443 6215//5443
f 6164//5444 6215//5444 6165//5444
f 6165//5444 6215//5444 6216//5444
f 6165//5445 6216//5445 6166//5445
f 6166//5445 6216//5445 6217//5445
f 6166//5446 6217//5446 6167//5446
f 6167//5446 6217//5446 6218//5446
f 6167//5447 6218//5447 6168//5447
f 6168//5447 6218//5447 6219//5447
f 6168//5448 6219//5448 6169//5448
f 6169//5448 6219//5448 6220//5448
f 6169//5449 6220//5449 6170//5449
f 6170//5449 6220//5449 6221//5449
f 6170//5450 6221//5451 6171//5451
f 6171//5451 6221//5451 6222//5451
f 6171//5452 6222//5452 6172//5452
f 6172//5452 6222//5452 6223//5452
f 6172//5453 6223//5453 6173//5453
f 6173//5453 6223//5453 6224//5453
f 6173//5454 6224//5454 6174//5454
f 6174//5454 6224//5454 6225//5454
f 6174//5455 6225//5455 6175//5455
f 6175//5455 6225//5455 6226//5455
f 6175//5456 6226//5456 6176//5456
f 6176//5456 6226//5456 6227//5456
f 6176//5457 6227//5457 6177//5457
f 6177//5457 6227//5457 6228//5457
f 6177//5458 6228//5458 6178//5458
f 6178//5458 6228//5458 6229//5458
f 6178//5459 6229//5459 6179//5459
f 6179//5459 6229//5459 6230//5459
f 6179//5460 6230//5460 6180//5460
f 6180//5460 6230//5460 6231//5460
f 6180//5461 6231//5461 6181//5461
f 6181//5461 6231//5461 6232//5461
f 6181//5462 6232//5462 6182//5462
f 6182//5462 6232//5462 6233//5462
f 6182//5463 6233//5463 6183//5463
f 6183//5463 6233//5463 6234//5463
f 6183//5464 6234//5464 6184//5464
f 6184//5464 6234//5464 6235//5464
f 6184//5465 6235//5465 6185//5465
f 6185//5465 6235//5465 6236//5465
f 6185//5466 6236//5466 6186//5466
f 6186//5466 6236//5466 6237//5466
f 6186//5467 6237//5467 6187//5467
f 6187//5467 6237//5467 6238//5467
f 6187//5468 6238//5468 6188//5468
f 6188//5468 6238//5468 6239//5468
f 6188//5469 6239//5469 6189//5469
f 6189//5469 6239//5469 6240//5469
f 6189//5470 6240//5470 6190//5470
f 6190//5470 6240//5470 6241//5470
f 6190//5471 6241//5471 6191//5471
f 6191//5471 6241//5471 6242//5471
f 6191//5472 6242//5472 6192//5472
f 6192//5472 6242//5472 6243//5472
f 6192//5473 6243//5473 6193//5473
f 6193//5473 6243//5473 6244//5473
f 6193//5474 6244//5474 6194//5474
f 6194//5474 6244//5474 6245//5474
f 6194//5475 6245//5475 6195//5475
f 6195//5475 6245//5475 6246//5475
f 6195//5476 6246//5476 6196//5476
f 6196//5476 6246//5476 6247//5476
f 6196//5477 6247//5477 6197//5477
f 6197//5477 6247//5477 6248//5477
f 6197//5478 6248//5478 6198//5478
f 6198//5478 6248//5478 6249//5478
f 6198//5479 6249//5480 6199//5480
f 6199//5480 6249//5480 6250//5480
f 6199//5481 6250//5482 6200//5482
f 6200//5482 6250//5482 6251//5482
f 6200//5483 6251//5483 6201//5483
f 6201//5483 6251//5483 6252//5483
f 6201//5484 6252//5484 6202//5484
f 6202//5484 6252//5484 6253//5484
f 6202//5485 6253//5485 6203//5485
f 6203//5485 6253//5485 6254//5485
f 6203//5486 6254//5486 5092//5486
f 5092//5486 6254//5486 5090//5487
f 6204//5488 6255//5488 6205//5488
f 6205//5488 6255//5488 6256//5488
f 6205//5489 6256//5489 6206//5489
f 6206//5489 6256//5489 6257//5489
f 6206//5490 6257//5490 6207//5490
f 6207//5490 6257//5490 6258//5490
f 6207//5491 6258//5491 6208//5491
f 6208//5491 6258//5491 6259//5491
f 6208//5492 6259//5492 6209//5492
f 6209//5492 6259//5492 6260//5492
f 6209//5493 6260//5493 6210//5493
f 6210//5493 6260//5493 6261//5493
f 6210//5494 6261//5494 6211//5494
f 6211//5494 6261//5494 6262//5494
f 6211//5495 6262//5495 6212//5495
f 6212//5495 6262//5495 6263//5495
f 6212//5496 6263//5496 6213//5496
f 6213//5496 6263//5496 6264//5496
f 6213//5497 6264//5497 6214//5497
f 6214//5497 6264//5497 6265//5497
f 6214//5498 6265//5498 6215//5498
f 6215//5498 6265//5498 6266//5498
f 6215//5499 6266//5499 6216//5499
f 6216//5499 6266//5499 6267//5499
f 6216//5500 6267//5500 6217//5500
f 6217//5500 6267//5500 6268//5500
f 6217//5501 6268//5501 6218//5501
f 6218//5501 6268//5501 6269//5501
f 6218//5502 6269//5502 6219//5502
f 6219//5502 6269//5502 6270//5502
f 6219//5503 6270//5503 6220//5503
f 6220//5503 6270//5503 6271//5503
f 6220//5504 6271//5504 6221//5504
f 6221//5504 6271//5504 6272//5504
f 6221//5505 6272//5505 6222//5505
f 6222//5505 6272//5505 6273//5505
f 6222//5506 6273//5506 6223//5506
f 6223//5506 6273//5506 6274//5507
f 6223//5508 6274//5508 6224//5508
f 6224//5508 6274//5508 6275//5508
f 6224//5509 6275//5509 6225//5509
f 6225//5509 6275//5509 6276//5509
f 6225//5510 6276//5510 6226//5510
f 6226//5510 6276//5510 6277//5510
f 6226//5511 6277//5511 6227//5511
f 6227//5511 6277//5511 6278//5511
f 6227//5512 6278//5512 6228//5512
f 6228//5512 6278//5512 6279//5512
f 6228//5513 6279//5513 6229//5513
f 6229//5513 6279//5513 6280//5513
f 6229//5514 6280//5514 6230//5514
f 6230//5514 6280//5514 6281//5514
f 6230//5515 6281//5516 6231//5516
f 6231//5516 6281//5516 6282//5516
f 6231//5517 6282//5518 6232//5518
f 6232//5518 6282//5518 6283//5518
f 6232//5519 6283//5519 6233//5519
f 6233//5519 6283//5519 6284//5519
f 6233//5520 6284//5520 6234//5520
f 6234//5520 6284//5520 6285//5520
f 6234//5521 6285//5521 6235//5521
f 6235//5521 6285//5521 6286//5521
f 6235//5522 6286//5522 6236//5522
f 6236//5522 6286//5522 6287//5522
f 6236//5523 6287//5523 6237//5523
f 6237//5523 6287//5523 6288//5523
f 6237//5524 6288//5524 6238//5524
f 6238//5524 6288//5524 6289//5524
f 6238//5525 6289//5525 6239//5525
f 6239//5525 6289//5525 6290//5525
f 6239//5526 6290//5526 6240//5526
f 6240//5526 6290//5526 6291//5527
f 6240//5528 6291//5528 6241//5528
f 6241//5528 6291//5528 6292//5528
f 6241//5529 6292//5529 6242//5529
f 6242//5529 6292//5529 6293//5529
f 6242//5530 6293//5530 6243//5530
f 6243//5530 6293//5530 6294//5530
f 6243//5531 6294//5532 6244//5531
f 6244//5531 6294//5532 6295//5532
f 6244//5533 6295//5533 6245//5533
f 6245//5533 6295//5533 6296//5533
f 6245//5534 6296//5534 6246//5534
f 6246//5534 6296//5534 6297//5534
f 6246//5535 6297//5535 6247//5535
f 6247//5535 6297//5535 6298//5535
f 6247//5536 6298//5536 6248//5536
f 6248//5536 6298//5536 6299//5536
f 6248//5537 6299//5537 6249//5537
f 6249//5537 6299//5537 6300//5537
f 6249//5538 6300//5538 6250//5538
f 6250//5538 6300//5538 6301//5538
f 6250//5539 6301//5539 6251//5539
f 6251//5539 6301//5539 6302//5539
f 6251//5540 6302//5540 6252//5540
f 6252//5540 6302//5540 6303//5540
f 6252//5541 6303//5541 6253//5541
f 6253//5541 6303//5541 6304//5541
f 6253//5542 6304//5542 6254//5542
f 6254//5542 6304//5542 6305//5542
f 6254//5543 6305//5543 5090//5543
f 5090//5543 6305//5543 5088//5543
f 6255//5544 6306//5544 6256//5544
f 6256//5544 6306//5544 6307//5544
f 6256//5545 6307//5545 6257//5545
f 6257//5545 6307//5545 6308//5545
f 6257//5546 6308//5546 6258//5546
f 6258//5546 6308//5546 6309//5546
f 6258//5547 6309//5548 6259//5547
f 6259//5547 6309//5548 6310//5548
f 6259//5549 6310//5549 6260//5549
f 6260//5549 6310//5549 6311//5550
f 6260//5551 6311//5551 6261//5551
f 6261//5551 6311//5551 6312//5551
f 6261//5552 6312//5552 6262//5552
f 6262//5552 6312//5552 6313//5552
f 6262//5553 6313//5553 6263//5553
f 6263//5553 6313//5553 6314//5553
f 6263//5554 6314//5554 6264//5554
f 6264//5554 6314//5554 6315//5554
f 6264//5555 6315//5555 6265//5555
f 6265//5555 6315//5555 6316//5555
f 6265//5556 6316//5556 6266//5556
f 6266//5556 6316//5556 6317//5556
f 6266//5557 6317//5557 6267//5557
f 6267//5557 6317//5557 6318//5557
f 6267//5558 6318//5558 6268//5558
f 6268//5558 6318//5558 6319//5558
f 6268//5559 6319//5559 6269//5559
f 6269//5559 6319//5559 6320//5559
f 6269//5560 6320//5560 6270//5560
f 6270//5560 6320//5560 6321//5560
f 6270//5561 6321//5561 6271//5561
f 6271//5561 6321//5561 6322//5561
f 6271//5562 6322//5562 6272//5562
f 6272//5562 6322//5562 6323//5562
f 6272//5563 6323//5563 6273//5563
f 6273//5563 6323//5563 6324//5563
f 6273//5564 6324//5564 6274//5564
f 6274//5564 6324//5564 6325//5564
f 6274//5565 6325//5565 6275//5565
f 6275//5565 6325//5565 6326//5565
f 6275//5566 6326//5566 6276//5566
f 6276//5566 6326//5566 6327//5566
f 6276//5567 6327//5567 6277//5567
f 6277//5567 6327//5567 6328//5567
f 6277//5568 6328//5568 6278//5568
f 6278//5568 6328//5568 6329//5568
f 6278//5569 6329//5569 6279//5569
f 6279//5569 6329//5569 6330//5569
f 6279//5570 6330//5570 6280//5570
f 6280//5570 6330//5570 6331//5570
f 6280//5571 6331//5571 6281//5571
f 6281//5571 6331//5571 6332//5571
f 6281//5572 6332//5572 6282//5572
f 6282//5572 6332//5572 6333//5572
f 6282//5573 6333//5573 6283//5573
f 6283//5573 6333//5573 6334//5573
f 6283//5574 6334//5574 6284//5574
f 6284//5574 6334//5574 6335//5574
f 6284//5575 6335//5575 6285//5575
f 6285//5575 6335//5575 6336//5575
f 6285//5576 6336//5576 6286//5576
f 6286//5576 6336//5576 6337//5576
f 6286//5577 6337//5577 6287//5577
f 6287//5577 6337//5577 6338//5577
f 6287//5578 6338//5578 6288//5578
f 6288//5578 6338//5578 6339//5578
f 6288//5579 6339//5579 6289//5579
f 6289//5579 6339//5579 6340//5580
f 6289//5581 6340//5581 6290//5581
f 6290//5581 6340//5581 6341//5581
f 6290//5582 6341//5582 6291//5582
f 6291//5582 6341//5582 6342//5582
f 6291//5583 6342//5583 6292//5583
f 6292//5583 6342//5583 6343//5583
f 6292//5584 6343//5584 6293//5584
f 6293//5584 6343//5584 6344//5584
f 6293//5585 6344//5585 6294//5585
f 6294//5585 6344//5585 6345//5585
f 6294//5586 6345//5586 6295//5586
f 6295//5586 6345//5586 6346//5587
f 6295//5588 6346//5588 6296//5588
f 6296//5588 6346//5588 6347//5588
f 6296//5589 6347//5589 6297//5589
f 6297//5589 6347//5589 6348//5589
f 6297//5590 6348//5590 6298//5590
f 6298//5590 6348//5590 6349//5590
f 6298//5591 6349//5591 6299//5591
f 6299//5591 6349//5591 6350//5591
f 6299//5592 6350//5592 6300//5592
f 6300//5592 6350//5592 6351//5592
f 6300//5593 6351//5593 6301//5593
f 6301//5593 6351//5593 6352//5593
f 6301//5594 6352//5594 6302//5594
f 6302//5594 6352//5594 6353//5594
f 6302//5595 6353//5595 6303//5595
f 6303//5595 6353//5595 6354//5595
f 6303//5596 6354//5596 6304//5596
f 6304//5596 6354//5596 6355//5596
f 6304//5597 6355//5597 6305//5597
f 6305//5597 6355//5597 6356//5597
f 6305//5598 6356//5598 5088//5598
f 5088//5598 6356//5598 5086//5598
f 6306//5599 6357//5599 6307//5599
f 6307//5599 6357//5599 6358//5599
f 6307//5600 6358//5600 6308//5600
f 6308//5600 6358//5600 6359//5600
f 6308//5601 6359//5601 6309//5601
f 6309//5601 6359//5601 6360//5601
f 6309//5602 6360//5602 6310//5602
f 6310//5602 6360//5602 6361//5602
f 6310//5603 6361//5603 6311//5603
f 6311//5603 6361//5603 6362//5603
f 6311//5604 6362//5604 6312//5604
f 6312//5604 6362//5604 6363//5604
f 6312//5605 6363//5605 6313//5605
f 6313//5605 6363//5605 6364//5605
f 6313//5606 6364//5606 6314//5606
f 6314//5606 6364//5606 6365//5606
f 6314//5607 6365//5607 6315//5607
f 6315//5607 6365//5607 6366//5607
f 6315//5608 6366//5608 6316//5608
f 6316//5608 6366//5608 6367//5608
f 6316//5609 6367//5609 6317//5609
f 6317//5609 6367//5609 6368//5609
f 6317//5610 6368//5610 6318//5610
f 6318//5610 6368//5610 6369//5610
f 6318//5611 6369//5611 6319//5611
f 6319//5611 6369//5611 6370//5611
f 6319//5612 6370//5612 6320//5612
f 6320//5612 6370//5612 6371//5612
f 6320//5613 6371//5613 6321//5613
f 6321//5613 6371//5613 6372//5613
f 6321//5614 6372//5614 6322//5614
f 6322//5614 6372//5614 6373//5614
f 6322//5615 6373//5615 6323//5615
f 6323//5615 6373//5615 6374//5615
f 6323//5616 6374//5616 6324//5616
f 6324//5616 6374//5616 6375//5616
f 6324//5617 6375//5617 6325//5617
f 6325//5617 6375//5617 6376//5617
f 6325//5618 6376//5618 6326//5618
f 6326//5618 6376//5618 6377//5618
f 6326//5619 6377//5619 6327//5619
f 6327//5619 6377//5619 6378//5619
f 6327//5620 6378//5620 6328//5620
f 6328//5620 6378//5620 6379//5620
f 6328//5621 6379//5621 6329//5621
f 6329//5621 6379//5621 6380//5621
f 6329//5622 6380//5622 6330//5622
f 6330//5622 6380//5622 6381//5623
f 6330//5624 6381//5624 6331//5624
f 6331//5624 6381//5624 6382//5624
f 6331//5625 6382//5625 6332//5625
f 6332//5625 6382//5625 6383//5625
f 6332//5626 6383//5626 6333//5626
f 6333//5626 6383//5626 6384//5626
f 6333//5627 6384//5627 6334//5627
f 6334//5627 6384//5627 6385//5627
f 6334//5628 6385//5628 6335//5628
f 6335//5628 6385//5628 6386//5628
f 6335//5629 6386//5629 6336//5629
f 6336//5629 6386//5629 6387//5629
f 6336//5630 6387//5631 6337//5631
f 6337//5631 6387//5631 6388//5631
f 6337//5632 6388//5632 6338//5632
f 6338//5632 6388//5632 6389//5632
f 6338//5633 6389//5633 6339//5633
f 6339//5633 6389//5633 6390//5633
f 6339//5634 6390//5634 6340//5634
f 6340//5634 6390//5634 6391//5634
f 6340//5635 6391//5635 6341//5635
f 6341//5635 6391//5635 6392//5635
f 6341//5636 6392//5636 6342//5636
f 6342//5636 6392//5636 6393//5636
f 6342//5637 6393//5637 6343//5637
f 6343//5637 6393//5637 6394//5637
f 6343//5638 6394//5638 6344//5638
f 6344//5638 6394//5638 6395//5638
f 6344//5639 6395//5639 6345//5639
f 6345//5639 6395//5639 6396//5639
f 6345//5640 6396//5640 6346//5640
f 6346//5640 6396//5640 6397//5640
f 6346//5641 6397//5642 6347//5641
f 6347//5641 6397//5642 6398//5642
f 6347//5643 6398//5643 6348//5643
f 6348//5643 6398//5643 6399//5643
f 6348//5644 6399//5644 6349//5644
f 6349//5644 6399//5644 6400//5644
f 6349//5645 6400//5645 6350//5645
f 6350//5645 6400//5645 6401//5645
f 6350//5646 6401//5646 6351//5646
f 6351//5646 6401//5646 6402//5646
f 6351//5647 6402//5647 6352//5647
f 6352//5647 6402//5647 6403//5647
f 6352//5648 6403//5648 6353//5648
f 6353//5648 6403//5648 6404//5649
f 6353//5650 6404//5650 6354//5650
f 6354//5650 6404//5650 6405//5650
f 6354//5651 6405//5652 6355//5651
f 6355//5651 6405//5652 6406//5652
f 6355//5653 6406//5653 6356//5653
f 6356//5653 6406//5653 6407//5653
f 6356//5654 6407//5654 5086//5654
f 5086//5654 6407//5654 5084//5654
f 6357//5655 6408//5655 6358//5655
f 6358//5655 6408//5655 6409//5655
f 6358//5656 6409//5656 6359//5656
f 6359//5656 6409//5656 6410//5656
f 6359//5657 6410//5657 6360//5657
f 6360//5657 6410//5657 6411//5657
f 6360//5658 6411//5658 6361//5658
f 6361//5658 6411//5658 6412//5659
f 6361//5660 6412//5660 6362//5660
f 6362//5660 6412//5660 6413//5660
f 6362//5661 6413//5661 6363//5661
f 6363//5661 6413//5661 6414//5661
f 6363//5662 6414//5663 6364//5663
f 6364//5663 6414//5663 6415//5663
f 6364//5664 6415//5664 6365//5664
f 6365//5664 6415//5664 6416//5664
f 6365//5665 6416//5665 6366//5665
f 6366//5665 6416//5665 6417//5665
f 6366//5666 6417//5666 6367//5666
f 6367//5666 6417//5666 6418//5666
f 6367//5667 6418//5667 6368//5667
f 6368//5667 6418//5667 6419//5667
f 6368//5668 6419//5668 6369//5668
f 6369//5668 6419//5668 6420//5668
f 6369//5669 6420//5669 6370//5669
f 6370//5669 6420//5669 6421//5669
f 6370//5670 6421//5670 6371//5670
f 6371//5670 6421//5670 6422//5670
f 6371//5671 6422//5671 6372//5671
f 6372//5671 6422//5671 6423//5672
f 6372//5673 6423//5673 6373//5673
f 6373//5673 6423//5673 6424//5673
f 6373//5674 6424//5674 6374//5674
f 6374//5674 6424//5674 6425//5674
f 6374//5675 6425//5675 6375//5675
f 6375//5675 6425//5675 6426//5675
f 6375//5676 6426//5676 6376//5676
f 6376//5676 6426//5676 6427//5676
f 6376//5677 6427//5677 6377//5677
f 6377//5677 6427//5677 6428//5678
f 6377//5679 6428//5679 6378//5679
f 6378//5679 6428//5679 6429//5679
f 6378//5680 6429//5680 6379//5680
f 6379//5680 6429//5680 6430//5680
f 6379//5681 6430//5681 6380//5681
f 6380//5681 6430//5681 6431//5681
f 6380//5682 6431//5682 6381//5682
f 6381//5682 6431//5682 6432//5682
f 6381//5683 6432//5683 6382//5683
f 6382//5683 6432//5683 6433//5683
f 6382//5684 6433//5684 6383//5684
f 6383//5684 6433//5684 6434//5684
f 6383//5685 6434//5685 6384//5685
f 6384//5685 6434//5685 6435//5685
f 6384//5686 6435//5686 6385//5686
f 6385//5686 6435//5686 6436//5686
f 6385//5687 6436//5687 6386//5687
f 6386//5687 6436//5687 6437//5687
f 6386//5688 6437//5688 6387//5688
f 6387//5688 6437//5688 6438//5688
f 6387//5689 6438//5689 6388//5689
f 6388//5689 6438//5689 6439//5689
f 6388//5690 6439//5690 6389//5690
f 6389//5690 6439//5690 6440//5690
f 6389//5691 6440//5691 6390//5691
f 6390//5691 6440//5691 6441//5691
f 6390//5692 6441//5692 6391//5692
f 6391//5692 6441//5692 6442//5692
f 6391//5693 6442//5693 6392//5693
f 6392//5693 6442//5693 6443//5694
f 6392//5695 6443//5695 6393//5695
f 6393//5695 6443//5695 6444//5695
f 6393//5696 6444//5696 6394//5696
f 6394//5696 6444//5696 6445//5696
f 6394//5697 6445//5697 6395//5697
f 6395//5697 6445//5697 6446//5697
f 6395//5698 6446//5698 6396//5698
f 6396//5698 6446//5698 6447//5698
f 6396//5699 6447//5699 6397//5699
f 6397//5699 6447//5699 6448//5699
f 6397//5700 6448//5700 6398//5700
f 6398//5700 6448//5700 6449//5701
f 6398//5702 6449//5702 6399//5702
f 6399//5702 6449//5702 6450//5702
f 6399//5703 6450//5703 6400//5703
f 6400//5703 6450//5703 6451//5703
f 6400//5704 6451//5704 6401//5704
f 6401//5704 6451//5704 6452//5704
f 6401//5705 6452//5705 6402//5705
f 6402//5705 6452//5705 6453//5705
f 6402//5706 6453//5706 6403//5706
f 6403//5706 6453//5706 6454//5706
f 6403//5707 6454//5707 6404//5707
f 6404//5707 6454//5707 6455//5707
f 6404//5708 6455//5708 6405//5708
f 6405//5708 6455//5708 6456//5709
f 6405//5710 6456//5710 6406//5710
f 6406//5710 6456//5710 6457//5710
f 6406//5711 6457//5711 6407//5711
f 6407//5711 6457//5711 6458//5711
f 6407//5712 6458//5713 5084//5713
f 5084//5713 6458//5713 5082//5713
f 6408//5714 6459//5714 6409//5714
f 6409//5714 6459//5714 6460//5714
f 6409//5715 6460//5715 6410//5715
f 6410//5715 6460//5715 6461//5715
f 6410//5716 6461//5716 6411//5716
f 6411//5716 6461//5716 6462//5716
f 6411//5717 6462//5717 6412//5717
f 6412//5717 6462//5717 6463//5717
f 6412//5718 6463//5718 6413//5718
f 6413//5718 6463//5718 6464//5718
f 6413//5719 6464//5720 6414//5720
f 6414//5720 6464//5720 6465//5720
f 6414//5721 6465//5722 6415//5722
f 6415//5722 6465//5722 6466//5722
f 6415//5723 6466//5723 6416//5723
f 6416//5723 6466//5723 6467//5723
f 6416//5724 6467//5724 6417//5724
f 6417//5724 6467//5724 6468//5724
f 6417//5725 6468//5725 6418//5725
f 6418//5725 6468//5725 6469//5725
f 6418//5726 6469//5727 6419//5727
f 6419//5727 6469//5727 6470//5727
f 6419//5728 6470//5728 6420//5728
f 6420//5728 6470//5728 6471//5728
f 6420//5729 6471//5730 6421//5730
f 6421//5730 6471//5730 6472//5730
f 6421//5731 6472//5731 6422//5731
f 6422//5731 6472//5731 6473//5731
f 6422//5732 6473//5732 6423//5732
f 6423//5732 6473//5732 6474//5732
f 6423//5733 6474//5733 6424//5733
f 6424//5733 6474//5733 6475//5733
f 6424//5734 6475//5734 6425//5734
f 6425//5734 6475//5734 6476//5734
f 6425//5735 6476//5735 6426//5735
f 6426//5735 6476//5735 6477//5735
f 6426//5736 6477//5736 6427//5736
f 6427//5736 6477//5736 6478//5736
f 6427//5737 6478//5737 6428//5737
f 6428//5737 6478//5737 6479//5737
f 6428//5738 6479//5738 6429//5738
f 6429//5738 6479//5738 6480//5738
f 6429//5739 6480//5739 6430//5739
f 6430//5739 6480//5739 6481//5739
f 6430//5740 6481//5741 6431//5741
f 6431//5741 6481//5741 6482//5741
f 6431//5742 6482//5742 6432//5742
f 6432//5742 6482//5742 6483//5742
f 6432//5743 6483//5743 6433//5743
f 6433//5743 6483//5743 6484//5743
f 6433//5744 6484//5744 6434//5744
f 6434//5744 6484//5744 6485//5744
f 6434//5745 6485//5745 6435//5745
f 6435//5745 6485//5745 6486//5745
f 6435//5746 6486//5746 6436//5746
f 6436//5746 6486//5746 6487//5746
f 6436//5747 6487//5747 6437//5747
f 6437//5747 6487//5747 6488//5747
f 6437//5748 6488//5748 6438//5748
f 6438//5748 6488//5748 6489//5748
f 6438//5749 6489//5749 6439//5749
f 6439//5749 6489//5749 6490//5749
f 6439//5750 6490//5750 6440//5750
f 6440//5750 6490//5750 6491//5750
f 6440//5751 6491//5751 6441//5751
f 6441//5751 6491//5751 6492//5751
f 6441//5752 6492//5752 6442//5752
f 6442//5752 6492//5752 6493//5752
f 6442//5753 6493//5753 6443//5753
f 6443//5753 6493//5753 6494//5753
f 6443//5754 6494//5754 6444//5754
f 6444//5754 6494//5754 6495//5754
f 6444//5755 6495//5756 6445//5755
f 6445//5755 6495//5756 6496//5756
f 6445//5757 6496//5757 6446//5757
f 6446//5757 6496//5757 6497//5757
f 6446//5758 6497//5758 6447//5758
f 6447//5758 6497//5758 6498//5758
f 6447//5759 6498//5759 6448//5759
f 6448//5759 6498//5759 6499//5759
f 6448//5760 6499//5760 6449//5760
f 6449//5760 6499//5760 6500//5760
f 6449//5761 6500//5761 6450//5761
f 6450//5761 6500//5761 6501//5761
f 6450//5762 6501//5762 6451//5762
f 6451//5762 6501//5762 6502//5762
f 6451//5763 6502//5763 6452//5763
f 6452//5763 6502//5763 6503//5763
f 6452//5764 6503//5764 6453//5764
f 6453//5764 6503//5764 6504//5765
f 6453//5766 6504//5766 6454//5766
f 6454//5766 6504//5766 6505//5766
f 6454//5767 6505//5767 6455//5767
f 6455//5767 6505//5767 6506//5767
f 6455//5768 6506//5769 6456//5769
f 6456//5769 6506//5769 6507//5769
f 6456//5770 6507//5770 6457//5770
f 6457//5770 6507//5770 6508//5770
f 6457//5771 6508//5771 6458//5771
f 6458//5771 6508//5771 6509//5771
f 6458//5772 6509//5772 5082//5772
f 5082//5772 6509//5772 5080//5772
f 6459//5773 6510//5774 6460//5774
f 6460//5774 6510//5774 6511//5774
f 6460//5775 6511//5775 6461//5775
f 6461//5775 6511//5775 6512//5775
f 6461//5776 6512//5777 6462//5777
f 6462//5777 6512//5777 6513//5777
f 6462//5778 6513//5778 6463//5778
f 6463//5778 6513//5778 6514//5778
f 6463//5779 6514//5779 6464//5779
f 6464//5779 6514//5779 6515//5779
f 6464//5780 6515//5780 6465//5780
f 6465//5780 6515//5780 6516//5780
f 6465//5781 6516//5782 6466//5782
f 6466//5782 6516//5782 6517//5782
f 6466//5783 6517//5783 6467//5783
f 6467//5783 6517//5783 6518//5783
f 6467//5784 6518//5784 6468//5784
f 6468//5784 6518//5784 6519//5784
f 6468//5785 6519//5785 6469//5785
f 6469//5785 6519//5785 6520//5785
f 6469//5786 6520//5786 6470//5786
f 6470//5786 6520//5786 6521//5786
f 6470//5787 6521//5787 6471//5787
f 6471//5787 6521//5787 6522//5787
f 6471//5788 6522//5788 6472//5788
f 6472//5788 6522//5788 6523//5788
f 6472//5789 6523//5789 6473//5789
f 6473//5789 6523//5789 6524//5789
f 6473//5790 6524//5790 6474//5790
f 6474//5790 6524//5790 6525//5790
f 6474//5791 6525//5791 6475//5791
f 6475//5791 6525//5791 6526//5791
f 6475//5792 6526//5792 6476//5792
f 6476//5792 6526//5792 6527//5792
f 6476//5793 6527//5793 6477//5793
f 6477//5793 6527//5793 6528//5793
f 6477//5794 6528//5794 6478//5794
f 6478//5794 6528//5794 6529//5794
f 6478//5795 6529//5795 6479//5795
f 6479//5795 6529//5795 6530//5795
f 6479//5796 6530//5796 6480//5796
f 6480//5796 6530//5796 6531//5797
f 6480//5798 6531//5798 6481//5798
f 6481//5798 6531//5798 6532//5798
f 6481//5799 6532//5799 6482//5799
f 6482//5799 6532//5799 6533//5799
f 6482//5800 6533//5800 6483//5800
f 6483//5800 6533//5800 6534//5800
f 6483//5801 6534//5801 6484//5801
f 6484//5801 6534//5801 6535//5801
f 6484//5802 6535//5802 6485//5802
f 6485//5802 6535//5802 6536//5802
f 6485//5803 6536//5803 6486//5803
f 6486//5803 6536//5803 6537//5803
f 6486//5804 6537//5804 6487//5804
f 6487//5804 6537//5804 6538//5804
f 6487//5805 6538//5805 6488//5805
f 6488//5805 6538//5805 6539//5805
f 6488//5806 6539//5806 6489//5806
f 6489//5806 6539//5806 6540//5806
f 6489//5807 6540//5807 6490//5807
f 6490//5807 6540//5807 6541//5807
f 6490//5808 6541//5808 6491//5808
f 6491//5808 6541//5808 6542//5809
f 6491//5810 6542//5810 6492//5810
f 6492//5810 6542//5810 6543//5810
f 6492//5811 6543//5811 6493//5811
f 6493//5811 6543//5811 6544//5812
f 6493//5813 6544//5813 6494//5813
f 6494//5813 6544//5813 6545//5813
f 6494//5814 6545//5814 6495//5814
f 6495//5814 6545//5814 6546//5814
f 6495//5815 6546//5816 6496//5815
f 6496//5815 6546//5816 6547//5816
f 6496//5817 6547//5817 6497//5817
f 6497//5817 6547//5817 6548//5817
f 6497//5818 6548//5818 6498//5818
f 6498//5818 6548//5818 6549//5818
f 6498//5819 6549//5819 6499//5819
f 6499//5819 6549//5819 6550//5819
f 6499//5820 6550//5820 6500//5820
f 6500//5820 6550//5820 6551//5820
f 6500//5821 6551//5821 6501//5821
f 6501//5821 6551//5821 6552//5821
f 6501//5822 6552//5822 6502//5822
f 6502//5822 6552//5822 6553//5822
f 6502//5823 6553//5823 6503//5823
f 6503//5823 6553//5823 6554//5823
f 6503//5824 6554//5825 6504//5825
f 6504//5825 6554//5825 6555//5825
f 6504//5826 6555//5826 6505//5826
f 6505//5826 6555//5826 6556//5826
f 6505//5827 6556//5827 6506//5827
f 6506//5827 6556//5827 6557//5827
f 6506//5828 6557//5828 6507//5828
f 6507//5828 6557//5828 6558//5828
f 6507//5829 6558//5829 6508//5829
f 6508//5829 6558//5829 6559//5829
f 6508//5830 6559//5830 6509//5830
f 6509//5830 6559//5830 6560//5830
f 6509//5831 6560//5831 5080//5831
f 5080//5831 6560//5831 5078//5831
f 6510//5832 2165//5832 6511//5832
f 6511//5833 2165//5833 2230//5833
f 6511//5834 2230//5834 6512//5834
f 6512//5835 2230//5836 2228//5837
f 6512//5835 2228//5837 6513//5838
f 6513//5839 2228//5839 6514//5839
f 2228//5840 2226//5840 6514//5840
f 6514//5841 2226//5841 6515//5841
f 2226//5842 2224//5842 6515//5842
f 6515//5843 2224//5843 6516//5843
f 6516//5844 2224//5844 6517//5844
f 6517//5845 2224//5846 2222//5847
f 6517//5845 2222//5847 6518//5848
f 6518//5849 2222//5849 6519//5849
f 2222//5850 2220//5850 6519//5850
f 6519//5851 2220//5851 6520//5851
f 2220//5852 2218//5853 6520//5854
f 6520//5854 2218//5853 6521//5855
f 6521//5856 2218//5856 6522//5856
f 6522//5857 2218//5857 2216//5857
f 6522//5858 2216//5858 6523//5858
f 6523//5859 2216//5859 6524//5859
f 2216//5860 2214//5860 6524//5860
f 6524//5861 2214//5861 6525//5861
f 2214//5862 2212//5863 6525//5864
f 6525//5864 2212//5863 6526//5865
f 6526//5866 2212//5866 6527//5866
f 6527//5867 2212//5867 2210//5867
f 6527//5868 2210//5868 6528//5868
f 6528//5869 2210//5869 6529//5869
f 2210//5870 2208//5870 6529//5870
f 6529//5871 2208//5871 6530//5871
f 2208//5872 2206//5873 6530//5874
f 6530//5874 2206//5873 6531//5875
f 6531//5876 2206//5876 6532//5876
f 6532//5877 2206//5877 2204//5877
f 6532//5878 2204//5878 6533//5878
f 6533//5879 2204//5879 2202//5879
f 6533//5880 2202//5880 6534//5880
f 6534//5881 2202//5881 6535//5881
f 2202//5882 2200//5883 6535//5884
f 6535//5884 2200//5883 6536//5885
f 6536//5886 2200//5886 6537//5886
f 6537//5887 2200//5887 2197//5887
f 6537//5888 2197//5888 6538//5888
f 6538//5889 2197//5890 2195//5891
f 6538//5889 2195//5891 6539//5892
f 6539//5893 2195//5893 6540//5893
f 2195//5894 2193//5894 6540//5894
f 6540//5895 2193//5895 6541//5895
f 6541//5896 2193//5896 6542//5896
f 6542//5897 2193//5897 2191//5897
f 6542//5898 2191//5898 6543//5898
f 6543//5899 2191//5900 2189//5901
f 6543//5899 2189//5901 6544//5902
f 6544//5903 2189//5903 6545//5903
f 2189//5904 2187//5904 6545//5904
f 6545//5905 2187//5905 6546//5905
f 6546//5906 2187//5906 6547//5906
f 6547//5907 2187//5907 2185//5907
f 6547//5908 2185//5908 6548//5908
f 6548//5909 2185//5910 2183//5911
f 6548//5909 2183//5911 6549//5912
f 6549//5913 2183//5913 6550//5913
f 2183//5914 2181//5914 6550//5914
f 6550//5915 2181//5915 6551//5915
f 2181//5916 2179//5916 6551//5916
f 6551//5917 2179//5917 6552//5917
f 6552//5918 2179//5918 6553//5918
f 6553//5919 2179//5920 2177//5921
f 6553//5919 2177//5921 6554//5922
f 6554//5923 2177//5923 6555//5923
f 2177//5924 2175//5924 6555//5924
f 6555//5925 2175//5925 6556//5925
f 2175//5926 2173//5927 6556//5928
f 6556//5928 2173//5927 6557//5929
f 6557//5930 2173//5930 6558//5930
f 6558//5931 2173//5931 2171//5931
f 6558//5932 2171//5932 6559//5932
f 6559//5933 2171//5933 6560//5933
f 2171//5934 2169//5934 6560//5934
f 6560//5935 2169//5935 5078//5935
f 2169//5936 2167//4118 5078//4120
f 5079//5937 5077//5937 5073//5937
f 5073//5937 5077//5937 5075//5937
f 5081//5938 5079//5938 5071//5938
f 5071//5938 5079//5938 5073//5938
f 5083//5939 5081//5939 5069//5939
f 5069//5939 5081//5939 5071//5939
f 5085//5940 5083//5940 5067//5940
f 5067//5940 5083//5940 5069//5940
f 5087//5941 5085//5941 5065//5941
f 5065//5941 5085//5941 5067//5941
f 5089//5942 5087//5942 5063//5942
f 5063//5942 5087//5942 5065//5942
f 5091//5943 5089//5944 5061//5944
f 5061//5944 5089//5944 5063//5944
f 5093//5945 5091//5945 5059//5945
f 5059//5945 5091//5945 5061//5945
f 5095//5946 5093//5946 5057//5946
f 5057//5946 5093//5946 5059//5946
f 5097//5947 5095//5947 5055//5947
f 5055//5947 5095//5947 5057//5947
f 5099//5948 5097//5948 5053//5948
f 5053//5948 5097//5948 5055//5948
f 5101//5949 5099//5949 5051//5949
f 5051//5949 5099//5949 5053//5949
f 5103//4133 5101//4100 5049//4100
f 5049//4100 5101//4100 5051//4101
f 5105//4137 5103//4136 5047//4097
f 5047//4097 5103//4136 5049//4098
f 5107//4141 5105//4140 5045//4094
f 5045//4094 5105//4140 5047//4095
f 5109//4143 5107//4092 5043//4092
f 5043//4092 5107//4092 5045//4091
f 5111//5950 5109//5950 5041//5950
f 5041//5950 5109//5950 5043//5951
f 5113//5952 5111//5952 5039//5952
f 5039//5952 5111//5952 5041//5952
f 5115//5953 5113//5953 5037//5953
f 5037//5953 5113//5953 5039//5953
f 5117//5954 5115//5954 5035//5954
f 5035//5954 5115//5954 5037//5954
f 5119//5955 5117//5955 5033//5955
f 5033//5955 5117//5955 5035//5955
f 5121//5956 5119//5956 5031//5956
f 5031//5956 5119//5956 5033//5956
f 5123//5957 5121//5957 5029//5957
f 5029//5957 5121//5957 5031//5957
f 5125//5958 5123//5958 5027//5958
f 5027//5958 5123//5958 5029//5958
f 5127//5959 5125//5959 5025//5959
f 5025//5959 5125//5959 5027//5959
f 5129//5960 5127//5960 5023//5960
f 5023//5960 5127//5960 5025//5960
f 5131//5961 5129//5961 5021//5961
f 5021//5961 5129//5961 5023//5961
f 5016//5962 5131//5962 5018//5962
f 5018//5962 5131//5962 5021//5962
f 5019//1871 5020//1871 6561//1871
f 6561//1871 5020//1871 5022//1871
f 6561//1871 5022//1871 5024//1871
f 6561//1871 5024//1871 6562//1871
f 6562//1871 5024//1871 5026//1871
f 6562//1871 5026//1871 5028//1871
f 5028//1871 5030//1871 6562//1871
f 6562//1871 5030//1871 5032//1871
f 6562//1871 5032//1871 5034//1871
f 5034//1871 5036//1871 6562//1871
f 6562//1871 5036//1871 5038//1871
f 6562//1871 5038//1871 5040//1871
f 5040//1871 5042//1871 6562//1871
f 6562//1871 5042//1871 5044//1871
f 6562//1871 5044//1871 5046//1871
f 5046//1871 5048//1871 6562//1871
f 6562//1871 5048//1871 5050//1871
f 6562//1871 5050//1871 5847//1871
f 5847//1871 5050//1871 5898//1871
f 5898//1871 5050//1871 5052//1871
f 5898//1871 5052//1871 5949//1871
f 5949//1871 5052//1871 5054//1871
f 5949//1871 5054//1871 6000//1871
f 6000//1871 5054//1871 5056//1871
f 6000//1871 5056//1871 6051//1871
f 6051//1871 5056//1871 5058//1871
f 6051//1871 5058//1871 6102//1871
f 6102//1871 5058//1871 5060//1871
f 6102//1871 5060//1871 6153//1871
f 6153//1871 5060//1871 5062//1871
f 6153//1871 5062//1871 6204//1871
f 6204//1871 5062//1871 5064//1871
f 6204//1871 5064//1871 6255//1871
f 6255//1871 5064//1871 5066//1871
f 6255//1871 5066//1871 6306//1871
f 6306//1871 5066//1871 5068//1871
f 6306//1871 5068//1871 6357//1871
f 6357//1871 5068//1871 5070//1871
f 6357//1871 5070//1871 6408//1871
f 6408//1871 5070//1871 5072//1871
f 6408//1871 5072//1871 6459//1871
f 6459//1871 5072//1871 5074//1871
f 6459//1871 5074//1871 6510//1871
f 6510//1871 5074//1871 5076//1871
f 6510//1871 5076//1871 2165//1871
f 2165//1871 5076//1871 2163//1871
f 6562//1871 5847//1871 6563//1871
f 6563//1871 5847//1871 5796//1871
f 6563//1871 5796//1871 5745//1871
f 5745//1871 5694//1871 6563//1871
f 6563//1871 5694//1871 5643//1871
f 6563//1871 5643//1871 5592//1871
f 5592//1871 5541//1871 6563//1871
f 6563//1871 5541//1871 5490//1871
f 6563//1871 5490//1871 5439//1871
f 5439//1871 5388//1871 6563//1871
f 6563//1871 5388//1871 5337//1871
f 6563//1871 5337//1871 5286//1871
f 5286//1871 5235//1871 6563//1871
f 6563//1871 5235//1871 5184//1871
f 6563//1871 5184//1871 6564//1871
f 6564//1871 5184//1871 5133//1871
f 6564//1871 5133//1871 4912//1871
f 4912//1871 4911//1871 6564//1871
f 3053//1517 3122//1517 3051//1517
f 3051//1517 3122//1517 3124//1517
f 3051//1517 3124//1517 3126//1517
f 3122//1517 3053//1517 3169//1517
f 3169//1517 3053//1517 3054//1517
f 3169//1517 3054//1517 3170//1517
f 3170//1517 3054//1517 3106//1517
f 3170//1517 3106//1517 3171//1517
f 3171//1517 3106//1517 3105//1517
f 3171//1517 3105//1517 3172//1517
f 3172//1517 3105//1517 3104//1517
f 3172//1517 3104//1517 3173//1517
f 3173//1517 3104//1517 3103//1517
f 3173//1517 3103//1517 3174//1517
f 3174//1517 3103//1517 3102//1517
f 3174//1517 3102//1517 3175//1517
f 3175//1517 3102//1517 3101//1517
f 3175//1517 3101//1517 3176//1517
f 3176//1517 3101//1517 3100//1517
f 3176//1517 3100//1517 3177//1517
f 3177//1517 3100//1517 3178//1517
f 3178//1517 3100//1517 3099//1517
f 3178//1517 3099//1517 3179//1517
f 3179//1517 3099//1517 3098//1517
f 3179//1517 3098//1517 3180//1517
f 3180//1517 3098//1517 3097//1517
f 3180//1517 3097//1517 3181//1517
f 3181//1517 3097//1517 3096//1517
f 3181//1517 3096//1517 3182//1517
f 3182//1517 3096//1517 3095//1517
f 3182//1517 3095//1517 3183//1517
f 3183//1517 3095//1517 3094//1517
f 3183//1517 3094//1517 3184//1517
f 3184//1517 3094//1517 3093//1517
f 3184//1517 3093//1517 3185//1517
f 3185//1517 3093//1517 3092//1517
f 3185//1517 3092//1517 3168//1517
f 3168//1517 3092//1517 3090//1517
f 3168//1517 3090//1517 3166//1517
f 3166//1517 3090//1517 3164//1517
f 3164//1517 3090//1517 3088//1517
f 3164//1517 3088//1517 3162//1517
f 3162//1517 3088//1517 3086//1517
f 3162//1517 3086//1517 3160//1517
f 3160//1517 3086//1517 3084//1517
f 3160//1517 3084//1517 3158//1517
f 3158//1517 3084//1517 3082//1517
f 3158//1517 3082//1517 3156//1517
f 3156//1517 3082//1517 3080//1517
f 3156//1517 3080//1517 3154//1517
f 3154//1517 3080//1517 3078//1517
f 3154//1517 3078//1517 3152//1517
f 3152//1517 3078//1517 3076//1517
f 3152//1517 3076//1517 3150//1517
f 3150//1517 3076//1517 3074//1517
f 3150//1517 3074//1517 3148//1517
f 3148//1517 3074//1517 3072//1517
f 3148//1517 3072//1517 3146//1517
f 3146//1517 3072//1517 3070//1517
f 3146//1517 3070//1517 3144//1517
f 3144//1517 3070//1517 3142//1517
f 3142//1517 3070//1517 3068//1517
f 3142//1517 3068//1517 3140//1517
f 3140//1517 3068//1517 3066//1517
f 3140//1517 3066//1517 3138//1517
f 3138//1517 3066//1517 3064//1517
f 3138//1517 3064//1517 3136//1517
f 3136//1517 3064//1517 3062//1517
f 3136//1517 3062//1517 3134//1517
f 3134//1517 3062//1517 3060//1517
f 3134//1517 3060//1517 3132//1517
f 3132//1517 3060//1517 3058//1517
f 3132//1517 3058//1517 3130//1517
f 3130//1517 3058//1517 3056//1517
f 3130//1517 3056//1517 3128//1517
f 3128//1517 3056//1517 3049//1517
f 3128//1517 3049//1517 3126//1517
f 3126//1517 3049//1517 3051//1517
f 6565//5963 6566//5963 6567//5963
f 6567//5963 6566//5963 6568//5963
f 6567//5964 6568//5964 6569//5964
f 6569//5964 6568//5964 6570//5964
f 6569//5965 6570//5965 6571//5965
f 6571//5965 6570//5965 6572//5965
f 6571//5966 6572//5966 6573//5966
f 6573//5966 6572//5966 6574//5966
f 6573//5967 6574//5967 6575//5967
f 6575//5967 6574//5967 6576//5967
f 6575//5968 6576//5968 6577//5968
f 6577//5968 6576//5968 6578//5968
f 6577//5969 6578//5969 6579//5969
f 6579//5969 6578//5969 6580//5969
f 6579//5970 6580//5970 6581//5970
f 6581//5970 6580//5970 6582//5970
f 6581//5971 6582//5971 6583//5971
f 6583//5971 6582//5971 6584//5971
f 6583//5972 6584//5972 6585//5972
f 6585//5972 6584//5972 6586//5972
f 6585//5973 6586//5973 6587//5973
f 6587//5973 6586//5973 6588//5973
f 6587//5974 6588//5974 6589//5974
f 6589//5974 6588//5974 6590//5974
f 6589//5975 6590//5976 6591//5975
f 6591//5975 6590//5976 6592//5976
f 6591//5977 6592//5977 6593//5977
f 6593//5977 6592//5977 6594//5977
f 6593//5978 6594//5978 6595//5978
f 6595//5978 6594//5978 6596//5978
f 6595//5979 6596//5979 6597//5979
f 6597//5979 6596//5979 6598//5979
f 6597//5980 6598//5980 6599//5980
f 6599//5980 6598//5980 6600//5980
f 6599//5981 6600//5981 6601//5981
f 6601//5981 6600//5981 6602//5981
f 6601//5982 6602//5982 6603//5982
f 6603//5982 6602//5982 6604//5982
f 6603//791 6604//791 6605//791
f 6605//791 6604//791 6606//791
f 6605//5983 6606//5983 6607//5983
f 6607//5983 6606//5983 6608//5983
f 6607//5984 6608//5984 6609//5984
f 6609//5984 6608//5984 6610//5984
f 6609//5985 6610//5985 6611//5985
f 6611//5985 6610//5985 6612//5985
f 6611//5986 6612//5986 6613//5986
f 6613//5986 6612//5986 6614//5986
f 6613//5987 6614//5987 6615//5987
f 6615//5987 6614//5987 6616//5987
f 6615//5988 6616//5988 6617//5988
f 6617//5988 6616//5988 6618//5988
f 6617//5989 6618//5989 6619//5989
f 6619//5989 6618//5989 6620//5989
f 6619//5990 6620//5990 6621//5990
f 6621//5990 6620//5990 6622//5990
f 6621//5991 6622//5991 6623//5991
f 6623//5991 6622//5991 6624//5991
f 6623//5992 6624//5992 6625//5992
f 6625//5992 6624//5992 6626//5992
f 6625//5993 6626//5993 6627//5993
f 6627//5993 6626//5993 6628//5993
f 6627//5994 6628//5994 6629//5994
f 6629//5994 6628//5994 6630//5994
f 6629//5995 6630//5995 6631//5995
f 6631//5995 6630//5995 6632//5995
f 6631//5996 6632//5996 6633//5996
f 6633//5996 6632//5996 6634//5996
f 6633//5997 6634//5997 6635//5997
f 6635//5997 6634//5997 6636//5997
f 6635//5998 6636//5999 6637//5999
f 6637//5999 6636//5999 6638//5999
f 6637//6000 6638//6000 6565//6000
f 6565//6000 6638//6000 6566//6000
f 6639//6001 3251//6001 6640//6001
f 6640//6001 3251//6001 3252//6001
f 6640//6002 3252//6002 6641//6002
f 6641//6002 3252//6002 3253//6002
f 6641//6003 3253//6003 6642//6003
f 6642//6003 3253//6003 3220//6003
f 6642//6004 3220//6004 6643//6004
f 6643//6004 3220//6004 3219//6004
f 6643//6005 3219//6005 6644//6005
f 6644//6005 3219//6005 3217//6005
f 6644//6006 3217//6006 6645//6006
f 6645//6006 3217//6006 3215//6006
f 6645//6007 3215//6007 6646//6007
f 6646//6007 3215//6007 3213//6007
f 6646//6008 3213//6008 6647//6008
f 6647//6008 3213//6008 3211//6008
f 6647//6009 3211//6009 6648//6009
f 6648//6009 3211//6009 3209//6009
f 6648//6010 3209//6010 6649//6010
f 6649//6010 3209//6010 3207//6010
f 6649//6011 3207//6011 6650//6011
f 6650//6011 3207//6011 3205//6011
f 6650//6012 3205//6012 6651//6012
f 6651//6012 3205//6012 3203//6012
f 6651//6013 3203//6013 6652//6013
f 6652//6013 3203//6013 3201//6013
f 6652//6014 3201//6014 6653//6014
f 6653//6014 3201//6014 3199//6014
f 6653//6015 3199//6015 6654//6015
f 6654//6015 3199//6015 3197//6015
f 6654//6016 3197//6016 6655//6016
f 6655//6016 3197//6016 3195//6016
f 6655//6017 3195//6017 6656//6017
f 6656//6017 3195//6017 3193//6017
f 6656//6018 3193//6018 6657//6018
f 6657//6018 3193//6018 3223//6018
f 6657//6019 3223//6019 6658//6019
f 6658//6019 3223//6019 3224//6019
f 6658//6020 3224//6020 6659//6020
f 6659//6020 3224//6020 3225//6020
f 6659//6021 3225//6021 6660//6021
f 6660//6021 3225//6021 3226//6021
f 6660//1871 3226//1871 6661//1871
f 6661//1871 3226//1871 3227//1871
f 6661//6022 3227//6022 6662//6022
f 6662//6022 3227//6022 3229//6022
f 6662//6023 3229//6023 6663//6023
f 6663//6023 3229//6023 3230//6023
f 6663//6024 3230//6024 6664//6024
f 6664//6024 3230//6024 3231//6024
f 6664//6025 3231//6025 6665//6025
f 6665//6025 3231//6025 3232//6025
f 6665//6026 3232//6026 6666//6026
f 6666//6026 3232//6026 3236//6026
f 6666//6027 3236//6027 6667//6027
f 6667//6027 3236//6027 3237//6027
f 6667//6028 3237//6028 6668//6028
f 6668//6028 3237//6028 3238//6028
f 6668//6029 3238//6030 6669//6029
f 6669//6029 3238//6030 3239//6030
f 6669//6031 3239//6031 6670//6031
f 6670//6031 3239//6031 3240//6031
f 6670//6032 3240//6032 6671//6032
f 6671//6032 3240//6032 3241//6032
f 6671//6033 3241//6033 6672//6033
f 6672//6033 3241//6033 3242//6033
f 6672//6034 3242//6034 6673//6034
f 6673//6034 3242//6034 3243//6034
f 6673//6035 3243//6035 6674//6035
f 6674//6035 3243//6035 3244//6035
f 6674//6036 3244//6036 6675//6036
f 6675//6036 3244//6036 3245//6036
f 6675//6037 3245//6037 6676//6037
f 6676//6037 3245//6037 3246//6037
f 6676//6038 3246//6038 6677//6038
f 6677//6038 3246//6038 3247//6038
f 6677//6039 3247//6039 6678//6039
f 6678//6039 3247//6039 3249//6039
f 6678//6040 3249//6040 6679//6040
f 6679//6040 3249//6040 3250//6040
f 6679//6041 3250//6041 6639//6041
f 6639//6041 3250//6041 3251//6041
f 6569//1517 6639//1517 6567//1517
f 6567//1517 6639//1517 6640//1517
f 6567//1517 6640//1517 6641//1517
f 6639//1517 6569//1517 6679//1517
f 6679//1517 6569//1517 6571//1517
f 6679//1517 6571//1517 6678//1517
f 6678//1517 6571//1517 6573//1517
f 6678//1517 6573//1517 6677//1517
f 6677//1517 6573//1517 6575//1517
f 6677//1517 6575//1517 6676//1517
f 6676//1517 6575//1517 6577//1517
f 6676//1517 6577//1517 6675//1517
f 6675//1517 6577//1517 6579//1517
f 6675//1517 6579//1517 6674//1517
f 6674//1517 6579//1517 6581//1517
f 6674//1517 6581//1517 6673//1517
f 6673//1517 6581//1517 6583//1517
f 6673//1517 6583//1517 6672//1517
f 6672//1517 6583//1517 6585//1517
f 6672//1517 6585//1517 6671//1517
f 6671//1517 6585//1517 6670//1517
f 6670//1517 6585//1517 6587//1517
f 6670//1517 6587//1517 6669//1517
f 6669//1517 6587//1517 6589//1517
f 6669//1517 6589//1517 6668//1517
f 6668//1517 6589//1517 6591//1517
f 6668//1517 6591//1517 6667//1517
f 6667//1517 6591//1517 6593//1517
f 6667//1517 6593//1517 6666//1517
f 6666//1517 6593//1517 6595//1517
f 6666//1517 6595//1517 6665//1517
f 6665//1517 6595//1517 6597//1517
f 6665//1517 6597//1517 6664//1517
f 6664//1517 6597//1517 6599//1517
f 6664//1517 6599//1517 6663//1517
f 6663//1517 6599//1517 6601//1517
f 6663//1517 6601//1517 6662//1517
f 6662//1517 6601//1517 6603//1517
f 6662//1517 6603//1517 6661//1517
f 6661//1517 6603//1517 6660//1517
f 6660//1517 6603//1517 6605//1517
f 6660//1517 6605//1517 6659//1517
f 6659//1517 6605//1517 6607//1517
f 6659//1517 6607//1517 6658//1517
f 6658//1517 6607//1517 6609//1517
f 6658//1517 6609//1517 6657//1517
f 6657//1517 6609//1517 6611//1517
f 6657//1517 6611//1517 6656//1517
f 6656//1517 6611//1517 6613//1517
f 6656//1517 6613//1517 6655//1517
f 6655//1517 6613//1517 6615//1517
f 6655//1517 6615//1517 6654//1517
f 6654//1517 6615//1517 6617//1517
f 6654//1517 6617//1517 6653//1517
f 6653//1517 6617//1517 6619//1517
f 6653//1517 6619//1517 6652//1517
f 6652//1517 6619//1517 6621//1517
f 6652//1517 6621//1517 6651//1517
f 6651//1517 6621//1517 6623//1517
f 6651//1517 6623//1517 6650//1517
f 6650//1517 6623//1517 6649//1517
f 6649//1517 6623//1517 6625//1517
f 6649//1517 6625//1517 6648//1517
f 6648//1517 6625//1517 6627//1517
f 6648//1517 6627//1517 6647//1517
f 6647//1517 6627//1517 6629//1517
f 6647//1517 6629//1517 6646//1517
f 6646//1517 6629//1517 6631//1517
f 6646//1517 6631//1517 6645//1517
f 6645//1517 6631//1517 6633//1517
f 6645//1517 6633//1517 6644//1517
f 6644//1517 6633//1517 6635//1517
f 6644//1517 6635//1517 6643//1517
f 6643//1517 6635//1517 6637//1517
f 6643//1517 6637//1517 6642//1517
f 6642//1517 6637//1517 6565//1517
f 6642//1517 6565//1517 6641//1517
f 6641//1517 6565//1517 6567//1517
f 2474//6042 6680//6042 2475//6042
f 2475//6043 6680//6043 6681//6043
f 2475//6044 6681//6044 3263//6044
f 3263//2153 6681//2153 6682//2153
f 3263//6045 6682//6045 3262//6045
f 3262//2151 6682//2151 6683//2151
f 3262//6046 6683//6046 3261//6046
f 3261//6047 6683//6047 6684//6047
f 3261//6048 6684//6048 3260//6048
f 3260//6049 6684//6049 6685//6049
f 3260//6050 6685//6050 3259//6050
f 3259//6051 6685//6051 6686//6051
f 3259//6052 6686//6052 3216//6052
f 3216//6053 6686//6053 6687//6053
f 3216//6054 6687//6054 3214//6054
f 3214//6055 6687//6055 6688//6055
f 3214//6056 6688//6056 3212//6056
f 3212//6057 6688//6057 6689//6057
f 3212//6058 6689//6058 3210//6058
f 3210//6059 6689//6059 6690//6059
f 3210//6060 6690//6060 3208//6060
f 3208//6061 6690//6061 6691//6061
f 3208//6062 6691//6062 3206//6062
f 3206//6063 6691//6063 6692//6063
f 3206//6064 6692//6064 3204//6064
f 3204//6065 6692//6065 6693//6065
f 3204//6066 6693//6066 3202//6066
f 3202//6067 6693//6067 6694//6067
f 3202//6068 6694//6068 3200//6068
f 3200//6069 6694//6069 6695//6069
f 3200//6070 6695//6070 3198//6070
f 3198//6071 6695//6071 6696//6071
f 3198//6072 6696//6072 3196//6072
f 3196//6073 6696//6073 6697//6073
f 3196//6074 6697//6074 3194//6074
f 3194//6075 6697//6075 6698//6075
f 3194//6076 6698//6076 3192//6076
f 3192//6077 6698//6077 6699//6077
f 3192//6078 6699//6078 3191//6078
f 3191//6079 6699//6079 6700//6079
f 3191//6080 6700//6080 3190//6080
f 3190//6081 6700//6081 6701//6081
f 3190//6082 6701//6082 3188//6082
f 3188//2195 6701//2195 6702//2195
f 3188//6083 6702//6083 3187//6083
f 3187//2193 6702//2193 6703//2193
f 3187//6084 6703//6084 3186//6084
f 3186//2191 6703//2191 6704//2191
f 3186//6085 6704//6085 2452//6085
f 2452//6086 6704//6086 2450//6086
f 2450//6087 6704//6087 2449//6087
f 2449//6088 6704//6089 2447//6090
f 2447//6090 6704//6089 6705//6091
f 2447//6092 6705//6092 2445//6092
f 2445//6093 6705//6093 2444//6093
f 2444//6094 6705//6095 6706//6096
f 2444//6094 6706//6096 2442//6097
f 2442//6098 6706//6098 2441//6098
f 2441//6099 6706//6100 2439//6101
f 2439//6101 6706//6100 6707//6102
f 2439//6103 6707//6103 2438//6103
f 2438//6104 6707//6104 6708//6104
f 2438//6105 6708//6105 2436//6105
f 2436//6106 6708//6106 2435//6106
f 2435//6107 6708//6107 6709//6107
f 2435//6108 6709//6108 2433//6108
f 2433//6109 6709//6109 6710//6109
f 2433//6110 6710//6110 2432//6110
f 2432//6111 6710//6111 6711//6111
f 2432//6112 6711//6112 2431//6112
f 2431//6113 6711//6114 2430//6113
f 2430//6113 6711//6114 6712//6114
f 2430//6115 6712//6115 2427//6115
f 2427//6116 6712//6116 6713//6116
f 2427//6117 6713//6117 2454//6117
f 2454//6118 6713//6118 6714//6118
f 2454//6119 6714//6119 2455//6119
f 2455//6120 6714//6120 6715//6120
f 2455//6121 6715//6121 2456//6121
f 2456//6122 6715//6122 6716//6122
f 2456//6123 6716//6123 2457//6123
f 2457//6124 6716//6125 2459//6126
f 2459//6126 6716//6125 6717//6127
f 2459//6128 6717//6128 2460//6128
f 2460//6129 6717//6129 6718//6129
f 2460//6130 6718//6130 2462//6130
f 2462//6131 6718//6132 2463//6133
f 2463//6133 6718//6132 6719//6134
f 2463//6135 6719//6135 2465//6135
f 2465//6136 6719//6137 2466//6138
f 2466//6138 6719//6137 6720//6139
f 2466//6140 6720//6140 2468//6140
f 2468//6141 6720//6141 2469//6141
f 2469//6142 6720//6142 6680//6142
f 2469//6143 6680//6143 2471//6143
f 2471//6144 6680//6144 2473//6144
f 2473//6145 6680//6145 2474//6145
f 2605//1517 6683//1517 2603//1517
f 2603//1517 6683//1517 6682//1517
f 2603//1517 6682//1517 6681//1517
f 6683//1517 2605//1517 6684//1517
f 6684//1517 2605//1517 2607//1517
f 6684//1517 2607//1517 6685//1517
f 6685//1517 2607//1517 2609//1517
f 6685//1517 2609//1517 6686//1517
f 6686//1517 2609//1517 2611//1517
f 6686//1517 2611//1517 6687//1517
f 6687//1517 2611//1517 2613//1517
f 6687//1517 2613//1517 6688//1517
f 6688//1517 2613//1517 2615//1517
f 6688//1517 2615//1517 6689//1517
f 6689//1517 2615//1517 2617//1517
f 6689//1517 2617//1517 6690//1517
f 6690//1517 2617//1517 2619//1517
f 6690//1517 2619//1517 6691//1517
f 6691//1517 2619//1517 2621//1517
f 6691//1517 2621//1517 6692//1517
f 6692//1517 2621//1517 6693//1517
f 6693//1517 2621//1517 2623//1517
f 6693//1517 2623//1517 6694//1517
f 6694//1517 2623//1517 2625//1517
f 6694//1517 2625//1517 6695//1517
f 6695//1517 2625//1517 2627//1517
f 6695//1517 2627//1517 6696//1517
f 6696//1517 2627//1517 2629//1517
f 6696//1517 2629//1517 6697//1517
f 6697//1517 2629//1517 2631//1517
f 6697//1517 2631//1517 6698//1517
f 6698//1517 2631//1517 2633//1517
f 6698//1517 2633//1517 6699//1517
f 6699//1517 2633//1517 2635//1517
f 6699//1517 2635//1517 6700//1517
f 6700//1517 2635//1517 2637//1517
f 6700//1517 2637//1517 6701//1517
f 6701//1517 2637//1517 2639//1517
f 6701//1517 2639//1517 6702//1517
f 6702//1517 2639//1517 6703//1517
f 6703//1517 2639//1517 2641//1517
f 6703//1517 2641//1517 6704//1517
f 6704//1517 2641//1517 2643//1517
f 6704//1517 2643//1517 6705//1517
f 6705//1517 2643//1517 2658//1517
f 6705//1517 2658//1517 6706//1517
f 6706//1517 2658//1517 2657//1517
f 6706//1517 2657//1517 6707//1517
f 6707//1517 2657//1517 2656//1517
f 6707//1517 2656//1517 6708//1517
f 6708//1517 2656//1517 2655//1517
f 6708//1517 2655//1517 6709//1517
f 6709//1517 2655//1517 2654//1517
f 6709//1517 2654//1517 6710//1517
f 6710//1517 2654//1517 2653//1517
f 6710//1517 2653//1517 6711//1517
f 6711//1517 2653//1517 2652//1517
f 6711//1517 2652//1517 6712//1517
f 6712//1517 2652//1517 2651//1517
f 6712//1517 2651//1517 6713//1517
f 6713//1517 2651//1517 6714//1517
f 6714//1517 2651//1517 2650//1517
f 6714//1517 2650//1517 6715//1517
f 6715//1517 2650//1517 2649//1517
f 6715//1517 2649//1517 6716//1517
f 6716//1517 2649//1517 2648//1517
f 6716//1517 2648//1517 6717//1517
f 6717//1517 2648//1517 2647//1517
f 6717//1517 2647//1517 6718//1517
f 6718//1517 2647//1517 2646//1517
f 6718//1517 2646//1517 6719//1517
f 6719//1517 2646//1517 2645//1517
f 6719//1517 2645//1517 6720//1517
f 6720//1517 2645//1517 2644//1517
f 6720//1517 2644//1517 6680//1517
f 6680//1517 2644//1517 2601//1517
f 6680//1517 2601//1517 6681//1517
f 6681//1517 2601//1517 2603//1517
f 6570//1517 6568//1517 6598//1517
f 6598//1517 6568//1517 6566//1517
f 6598//1517 6566//1517 6638//1517
f 6638//1517 6636//1517 6598//1517
f 6598//1517 6636//1517 6634//1517
f 6598//1517 6634//1517 6632//1517
f 6632//1517 6630//1517 6598//1517
f 6598//1517 6630//1517 6628//1517
f 6598//1517 6628//1517 6626//1517
f 6626//1517 6624//1517 6598//1517
f 6598//1517 6624//1517 6622//1517
f 6598//1517 6622//1517 6620//1517
f 6620//1517 6618//1517 6598//1517
f 6598//1517 6618//1517 6616//1517
f 6598//1517 6616//1517 6614//1517
f 6614//1517 6612//1517 6598//1517
f 6598//1517 6612//1517 6600//1517
f 6600//1517 6612//1517 6610//1517
f 6600//1517 6610//1517 6602//1517
f 6602//1517 6610//1517 6608//1517
f 6602//1517 6608//1517 6604//1517
f 6604//1517 6608//1517 6606//1517
f 6596//1517 6576//1517 6598//1517
f 6598//1517 6576//1517 6574//1517
f 6598//1517 6574//1517 6572//1517
f 6576//1517 6596//1517 6578//1517
f 6578//1517 6596//1517 6594//1517
f 6578//1517 6594//1517 6580//1517
f 6580//1517 6594//1517 6592//1517
f 6580//1517 6592//1517 6582//1517
f 6582//1517 6592//1517 6590//1517
f 6582//1517 6590//1517 6584//1517
f 6584//1517 6590//1517 6588//1517
f 6584//1517 6588//1517 6586//1517
f 6572//1517 6570//1517 6598//1517
f 3401//391 3398//391 3400//391
f 3400//391 3398//391 3399//391
f 3395//391 3392//391 3394//391
f 3394//391 3392//391 3393//391
f 2663//375 2660//375 2662//375
f 2662//375 2660//375 2661//375
f 2667//375 2668//375 2666//375
f 2666//375 2668//375 2669//375
f 2738//375 2860//375 6721//375
f 6721//375 2860//375 3387//375
f 2681//391 2683//391 3266//391
f 3266//391 2683//391 6722//391
f 2683//1871 2737//1871 6722//1871
f 6722//1871 2737//1871 2736//1871
f 6722//1871 2736//1871 6721//1871
f 6721//1871 2736//1871 2738//1871
f 3254//375 3255//375 6723//375
f 6723//375 3255//375 3265//375
f 3256//391 3248//391 6724//391
f 6724//391 3248//391 6725//391
f 3248//1871 3254//1871 6725//1871
f 6725//1871 3254//1871 6723//1871
f 6724//1871 6726//1871 3256//1871
f 3256//1871 6726//1871 3257//1871
f 3218//375 3257//375 6727//375
f 6727//375 3257//375 6726//375
f 3264//391 3258//391 6728//391
f 6728//391 3258//391 6729//391
f 3258//1871 3218//1871 6729//1871
f 6729//1871 3218//1871 6727//1871
f 2477//1871 2453//1871 6730//1871
f 6730//1871 2453//1871 2458//1871
f 6730//1871 2458//1871 6728//1871
f 6728//1871 2458//1871 2461//1871
f 6728//1871 2461//1871 2464//1871
f 2464//1871 2467//1871 6728//1871
f 6728//1871 2467//1871 3264//1871
f 3264//1871 2467//1871 2470//1871
f 3264//1871 2470//1871 2472//1871
f 2472//1871 2476//1871 3264//1871
f 2428//375 2477//375 6731//375
f 6731//375 2477//375 6730//375
f 2297//391 2299//391 2680//391
f 2680//391 2299//391 6732//391
f 2299//1871 2421//1871 6732//1871
f 6732//1871 2421//1871 6731//1871
f 6731//1871 2421//1871 2423//1871
f 6731//1871 2423//1871 2428//1871
f 3121//375 3233//375 3120//375
f 3120//375 3233//375 6733//375
f 3233//791 3228//791 6733//791
f 6733//791 3228//791 6734//791
f 3228//391 3235//391 6734//391
f 6734//391 3235//391 6735//391
f 3235//791 3234//791 6735//791
f 6735//791 3234//791 6736//791
f 3234//375 3222//375 6736//375
f 6736//375 3222//375 6737//375
f 3222//791 3189//791 6737//791
f 6737//791 3189//791 6738//791
f 3189//391 3221//391 6738//391
f 6738//391 3221//391 6739//391
f 2451//791 2448//791 3221//791
f 3221//791 2448//791 2446//791
f 3221//791 2446//791 2443//791
f 3221//791 2443//791 6739//791
f 6739//791 2443//791 2440//791
f 6739//791 2440//791 2437//791
f 2437//791 2434//791 6739//791
f 6739//791 2434//791 6740//791
f 6740//791 2434//791 2429//791
f 6740//791 2429//791 2426//791
f 2426//375 2425//375 6740//375
f 6740//375 2425//375 6741//375
f 2425//791 2424//791 6741//791
f 6741//791 2424//791 2422//791
f 6741//791 2422//791 6742//791
f 6742//791 2422//791 2301//791
f 2301//391 2420//391 6742//391
f 6742//391 2420//391 3383//391
f 3109//391 3110//391 3108//391
f 3108//391 3110//391 3111//391
f 2673//375 2674//375 2672//375
f 2672//375 2674//375 2675//375
f 6743//375 6563//375 6744//375
f 6744//375 6563//375 6564//375
f 3323//791 6745//791 3321//791
f 3321//791 6745//791 3319//791
f 3319//791 6745//791 3317//791
f 3317//791 6745//791 3315//791
f 3315//791 6745//791 6746//791
f 3315//791 6746//791 3313//791
f 3313//791 6746//791 3311//791
f 3311//791 6746//791 3309//791
f 3309//791 6746//791 3307//791
f 3307//791 6746//791 3305//791
f 3305//791 6746//791 3303//791
f 3303//791 6746//791 3301//791
f 3301//791 6746//791 3299//791
f 3299//791 6746//791 3297//791
f 3297//791 6746//791 3295//791
f 3295//791 6746//791 3293//791
f 3293//791 6746//791 3291//791
f 3291//791 6746//791 6743//791
f 3291//791 6743//791 3357//791
f 3357//791 6743//791 3355//791
f 3355//791 6743//791 3353//791
f 3353//791 6743//791 3351//791
f 3351//791 6743//791 3349//791
f 3349//791 6743//791 3347//791
f 3347//791 6743//791 3345//791
f 3345//791 6743//791 3343//791
f 3343//791 6743//791 3341//791
f 3341//791 6743//791 3339//791
f 3339//791 6743//791 3337//791
f 3337//791 6743//791 3335//791
f 3335//791 6743//791 3333//791
f 3333//791 6743//791 6744//791
f 3333//791 6744//791 3331//791
f 3331//791 6744//791 3329//791
f 3329//791 6744//791 3327//791
f 3327//791 6744//791 3325//791
f 3291//791 3357//791 3289//791
f 3289//791 3357//791 3359//791
f 3289//791 3359//791 3287//791
f 3287//791 3359//791 3361//791
f 3287//791 3361//791 3285//791
f 3285//791 3361//791 3363//791
f 3285//791 3363//791 3283//791
f 3283//791 3363//791 3365//791
f 3283//791 3365//791 3281//791
f 3281//791 3365//791 3367//791
f 3281//791 3367//791 3279//791
f 3279//791 3367//791 3369//791
f 3279//791 3369//791 3277//791
f 3277//791 3369//791 3371//791
f 3277//791 3371//791 3275//791
f 3275//791 3371//791 3373//791
f 3275//791 3373//791 3273//791
f 3273//791 3373//791 3375//791
f 3273//791 3375//791 3271//791
f 3271//791 3375//791 3377//791
f 3271//791 3377//791 3269//791
f 3269//791 3377//791 3379//791
f 3269//791 3379//791 3267//791
f 3267//791 3379//791 3381//791
f 3267//791 3381//791 2161//791
f 2161//791 3381//791 2164//791
f 6562//391 6746//391 6561//391
f 6561//391 6746//391 6745//391
f 3533//366 5017//366 3324//366
f 3324//366 5017//366 5019//366
f 3324//366 5019//366 3323//366
f 3323//366 5019//366 6745//366
f 6745//366 5019//366 6561//366
f 5017//366 3533//366 5015//366
f 5015//366 3533//366 3531//366
f 5015//366 3531//366 5013//366
f 5013//366 3531//366 3529//366
f 5013//366 3529//366 5011//366
f 5011//366 3529//366 3527//366
f 5011//366 3527//366 5009//366
f 5009//366 3527//366 3525//366
f 5009//366 3525//366 5007//366
f 5007//366 3525//366 3523//366
f 5007//366 3523//366 5005//366
f 5005//366 3523//366 3521//366
f 5005//366 3521//366 5003//366
f 5003//366 3521//366 3519//366
f 5003//366 3519//366 5001//366
f 5001//366 3519//366 3517//366
f 5001//366 3517//366 4999//366
f 4999//366 3517//366 3515//366
f 4999//366 3515//366 4997//366
f 4997//366 3515//366 3513//366
f 4997//366 3513//366 4995//366
f 4995//366 3513//366 3511//366
f 4995//366 3511//366 4993//366
f 4993//366 3511//366 3509//366
f 4993//366 3509//366 4991//366
f 4991//366 3509//366 3507//366
f 4991//366 3507//366 4989//366
f 4989//366 3507//366 3505//366
f 4989//366 3505//366 4987//366
f 4987//366 3505//366 3503//366
f 4987//366 3503//366 4985//366
f 4985//366 3503//366 3501//366
f 4985//366 3501//366 4983//366
f 4983//366 3501//366 3499//366
f 4983//366 3499//366 4981//366
f 4981//366 3499//366 3497//366
f 4981//366 3497//366 4979//366
f 4979//366 3497//366 3495//366
f 4979//366 3495//366 4977//366
f 4977//366 3495//366 3493//366
f 4977//366 3493//366 4975//366
f 4975//366 3493//366 3491//366
f 4975//366 3491//366 4973//366
f 4973//366 3491//366 3489//366
f 4973//366 3489//366 4971//366
f 4971//366 3489//366 3487//366
f 4971//366 3487//366 4969//366
f 4969//366 3487//366 3485//366
f 4969//366 3485//366 4967//366
f 4967//366 3485//366 3483//366
f 4967//366 3483//366 4965//366
f 4965//366 3483//366 3481//366
f 4965//366 3481//366 4963//366
f 4963//366 3481//366 3479//366
f 4963//366 3479//366 4961//366
f 4961//366 3479//366 3477//366
f 4961//366 3477//366 4959//366
f 4959//366 3477//366 3475//366
f 4959//366 3475//366 4957//366
f 4957//366 3475//366 3473//366
f 4957//366 3473//366 4955//366
f 4955//366 3473//366 3471//366
f 4955//366 3471//366 4953//366
f 4953//366 3471//366 3469//366
f 4953//366 3469//366 4951//366
f 4951//366 3469//366 3467//366
f 4951//366 3467//366 4949//366
f 4949//366 3467//366 3465//366
f 4949//366 3465//366 4947//366
f 4947//366 3465//366 3463//366
f 4947//366 3463//366 4945//366
f 4945//366 3463//366 3461//366
f 4945//366 3461//366 4943//366
f 4943//366 3461//366 3459//366
f 4943//366 3459//366 4941//366
f 4941//366 3459//366 3457//366
f 4941//366 3457//366 4939//366
f 4939//366 3457//366 3455//366
f 4939//366 3455//366 4937//366
f 4937//366 3455//366 3453//366
f 4937//366 3453//366 4935//366
f 4935//366 3453//366 3451//366
f 4935//366 3451//366 4933//366
f 4933//366 3451//366 3449//366
f 4933//366 3449//366 4931//366
f 4931//366 3449//366 3447//366
f 4931//366 3447//366 4929//366
f 4929//366 3447//366 3445//366
f 4929//366 3445//366 4927//366
f 4927//366 3445//366 3443//366
f 4927//366 3443//366 4925//366
f 4925//366 3443//366 3441//366
f 4925//366 3441//366 4923//366
f 4923//366 3441//366 3439//366
f 4923//366 3439//366 4921//366
f 4921//366 3439//366 3437//366
f 4921//366 3437//366 4919//366
f 4919//366 3437//366 3435//366
f 4919//366 3435//366 4917//366
f 4917//366 3435//366 3433//366
f 4917//366 3433//366 4915//366
f 4915//366 3433//366 3431//366
f 4915//366 3431//366 4913//366
f 4913//366 3431//366 3326//366
f 4913//366 3326//366 4911//366
f 4911//366 3326//366 3325//366
f 4911//366 3325//366 6744//366
f 6744//366 6564//366 4911//366
f 3391//1517 3392//1517 6743//1517
f 6743//1517 3392//1517 3395//1517
f 6743//1517 3395//1517 3398//1517
f 3398//1517 3395//1517 3397//1517
f 3397//1517 3395//1517 3396//1517
f 3398//1517 3401//1517 6743//1517
f 6743//1517 3401//1517 6563//1517
f 6563//1517 3401//1517 3108//1517
f 6563//1517 3108//1517 3111//1517
f 3402//1517 3107//1517 3401//1517
f 3401//1517 3107//1517 3108//1517
f 3111//1517 3112//1517 6563//1517
f 6563//1517 3112//1517 3115//1517
f 6563//1517 3115//1517 3116//1517
f 3112//1517 3113//1517 3115//1517
f 3115//1517 3113//1517 3114//1517
f 6563//1517 3116//1517 3119//1517
f 3119//1517 3116//1517 3117//1517
f 3119//1517 3117//1517 3118//1517
f 3119//1517 3120//1517 6563//1517
f 6563//1517 3120//1517 6735//1517
f 6563//1517 6735//1517 6736//1517
f 3120//1517 6733//1517 6735//1517
f 6735//1517 6733//1517 6734//1517
f 6737//1517 6739//1517 6736//1517
f 6736//1517 6739//1517 6562//1517
f 6736//1517 6562//1517 6563//1517
f 6737//1517 6738//1517 6739//1517
f 6739//1517 6740//1517 6562//1517
f 6562//1517 6740//1517 3383//1517
f 6562//1517 3383//1517 3384//1517
f 6740//1517 6741//1517 3383//1517
f 3383//1517 6741//1517 6742//1517
f 6562//1517 3384//1517 2659//1517
f 2659//1517 3384//1517 3385//1517
f 2659//1517 3385//1517 3386//1517
f 2659//1517 2660//1517 6562//1517
f 6562//1517 2660//1517 2663//1517
f 6562//1517 2663//1517 2666//1517
f 2666//1517 2663//1517 2665//1517
f 2665//1517 2663//1517 2664//1517
f 2666//1517 2669//1517 6562//1517
f 6562//1517 2669//1517 6746//1517
f 6746//1517 2669//1517 2672//1517
f 6746//1517 2672//1517 2675//1517
f 2670//1517 2671//1517 2669//1517
f 2669//1517 2671//1517 2672//1517
f 2675//1517 2676//1517 6746//1517
f 6746//1517 2676//1517 2679//1517
f 6746//1517 2679//1517 2680//1517
f 2676//1517 2677//1517 2679//1517
f 2679//1517 2677//1517 2678//1517
f 6746//1517 2680//1517 6730//1517
f 6730//1517 2680//1517 6732//1517
f 6730//1517 6732//1517 6731//1517
f 6730//1517 6728//1517 6746//1517
f 6746//1517 6728//1517 6726//1517
f 6746//1517 6726//1517 6743//1517
f 6743//1517 6726//1517 6724//1517
f 6743//1517 6724//1517 3265//1517
f 3265//1517 6724//1517 6725//1517
f 3265//1517 6725//1517 6723//1517
f 6728//1517 6729//1517 6726//1517
f 6726//1517 6729//1517 6727//1517
f 3265//1517 3266//1517 6743//1517
f 6743//1517 3266//1517 3387//1517
f 6743//1517 3387//1517 3388//1517
f 3266//1517 6722//1517 3387//1517
f 3387//1517 6722//1517 6721//1517
f 6743//1517 3388//1517 3391//1517
f 3391//1517 3388//1517 3389//1517
f 3391//1517 3389//1517 3390//1517
